scenario,strategy,seed,round,param_i,param_j,is_diagonal,cov_scaled,corr,estimate_i_natural,sigma_i_scaled,bound_active_i
S3_transport,A,7,1,k1_ref,k1_ref,1,64082253207.55465,1.0000000000000002,0.00036133233922784624,253144.7277893708,0
S3_transport,A,7,1,k1_ref,Ea1_J,0,2779291987196.911,0.9999999999796303,0.00036133233922784624,253144.7277893708,0
S3_transport,A,7,1,k1_ref,k2_ref,0,140079.45767450242,2.181555810172028e-06,0.00036133233922784624,253144.7277893708,0
S3_transport,A,7,1,k1_ref,Ea2_J,0,52558.35112464195,1.8910697793231088e-08,0.00036133233922784624,253144.7277893708,0
S3_transport,A,7,1,k1_ref,K1_ref,0,-12976276.687201515,-4.667673943771946e-06,0.00036133233922784624,253144.7277893708,0
S3_transport,A,7,1,k1_ref,K2_ref,0,-99.5656977299595,-3.5814604157290906e-11,0.00036133233922784624,253144.7277893708,0
S3_transport,A,7,1,Ea1_J,Ea1_J,1,120539830667205.84,1.0,56932.0157598681,10979063.287330383,0
S3_transport,A,7,1,Ea1_J,k2_ref,0,5964083.549453502,2.141604118079518e-06,56932.0157598681,10979063.287330383,0
S3_transport,A,7,1,Ea1_J,Ea2_J,0,-138799.23247064376,-1.1514802283804685e-09,56932.0157598681,10979063.287330383,0
S3_transport,A,7,1,Ea1_J,K1_ref,0,299194.2197635956,2.4814596130654833e-09,56932.0157598681,10979063.287330383,0
S3_transport,A,7,1,Ea1_J,K2_ref,0,2.8654442663861697,2.376544649206649e-14,56932.0157598681,10979063.287330383,0
S3_transport,A,7,1,k2_ref,k2_ref,1,64339617383.71381,0.9999999999999999,3.862368334658547e-05,253652.5524880714,0
S3_transport,A,7,1,k2_ref,Ea2_J,0,2779261711818.9927,0.99798707493067,3.862368334658547e-05,253652.5524880714,0
S3_transport,A,7,1,k2_ref,K1_ref,0,6909853.275882845,2.4805551634282824e-06,3.862368334658547e-05,253652.5524880714,0
S3_transport,A,7,1,k2_ref,K2_ref,0,-11509023.47219128,-4.131602576802001e-06,3.862368334658547e-05,253652.5524880714,0
S3_transport,A,7,1,Ea2_J,Ea2_J,1,120539831926500.73,1.0,119898.80984847856,10979063.344680216,0
S3_transport,A,7,1,Ea2_J,K1_ref,0,-159319.32938192936,-1.321364027985581e-09,119898.80984847856,10979063.344680216,0
S3_transport,A,7,1,Ea2_J,K2_ref,0,265361.7628597369,2.2008596772656672e-09,119898.80984847856,10979063.344680216,0
S3_transport,A,7,1,K1_ref,K1_ref,1,120603912920409.3,1.0,0.7768512465388725,10981981.283921827,0
S3_transport,A,7,1,K1_ref,K2_ref,0,0.6138956225414433,5.090179975724111e-15,0.7768512465388725,10981981.283921827,0
S3_transport,A,7,1,K2_ref,K2_ref,1,120603912920409.89,0.9999999999999999,0.015525059271108985,10981981.283921855,0
S3_transport,A,7,2,k1_ref,k1_ref,1,2.2791085443070607,1.0000000000000002,0.0010172734091952592,1.5096716677168782,0
S3_transport,A,7,2,k1_ref,Ea1_J,0,97.73820504714182,0.804686490453732,0.0010172734091952592,1.5096716677168782,0
S3_transport,A,7,2,k1_ref,k2_ref,0,-0.585787055244475,-0.0033306646131437325,0.0010172734091952592,1.5096716677168782,0
S3_transport,A,7,2,k1_ref,Ea2_J,0,-9.510408324177007,-8.990833142782425e-06,0.0010172734091952592,1.5096716677168782,0
S3_transport,A,7,2,k1_ref,K1_ref,0,-1874843.5845492815,-0.9965378485422812,0.0010172734091952592,1.5096716677168782,0
S3_transport,A,7,2,k1_ref,K2_ref,0,-2.0351850959775453,-1.0817644853887057e-06,0.0010172734091952592,1.5096716677168782,0
S3_transport,A,7,2,Ea1_J,Ea1_J,1,6473.069773099466,1.0000000000000002,101824.59380886446,80.45538995679199,0
S3_transport,A,7,2,Ea1_J,k2_ref,0,-24.87119624339774,-0.0026534760204997374,101824.59380886446,80.45538995679199,0
S3_transport,A,7,2,Ea1_J,Ea2_J,0,2406953.1029839325,0.04269684288747382,101824.59380886446,80.45538995679199,0
S3_transport,A,7,2,Ea1_J,K1_ref,0,-80395198.11035892,-0.8018372485086276,101824.59380886446,80.45538995679199,0
S3_transport,A,7,2,Ea1_J,K2_ref,0,1286.928297165733,1.2835432778797488e-05,101824.59380886446,80.45538995679199,0
S3_transport,A,7,2,k2_ref,k2_ref,1,13572.277344989721,1.0,3.8549116512509404e-05,116.50011736041179,1
S3_transport,A,7,2,k2_ref,Ea2_J,0,584730.5789111545,0.007163293112295674,3.8549116512509404e-05,116.50011736041179,1
S3_transport,A,7,2,k2_ref,K1_ref,0,925208.1902576109,0.006372713104559452,3.8549116512509404e-05,116.50011736041179,1
S3_transport,A,7,2,k2_ref,K2_ref,0,-20844111.878406696,-0.1435715348009262,3.8549116512509404e-05,116.50011736041179,1
S3_transport,A,7,2,Ea2_J,Ea2_J,1,490945679117.31805,0.9999999999999999,119999.99998258775,700675.1594835642,1
S3_transport,A,7,2,Ea2_J,K1_ref,0,26959479.054819953,3.0874933893468806e-05,119999.99998258775,700675.1594835642,1
S3_transport,A,7,2,Ea2_J,K2_ref,0,-613601688.78419,-0.0007027180931046471,119999.99998258775,700675.1594835642,1
S3_transport,A,7,2,K1_ref,K1_ref,1,1553021531789.771,0.9999999999999999,6.135222627309968,1246202.8453625722,0
S3_transport,A,7,2,K1_ref,K2_ref,0,15587.931120883713,1.0037164687009574e-08,6.135222627309968,1246202.8453625722,0
S3_transport,A,7,2,K2_ref,K2_ref,1,1553021181857.8828,1.0000000000000002,0.015450292924807431,1246202.7049633148,1
S3_transport,A,7,3,k1_ref,k1_ref,1,0.15187275036975445,1.0,0.0007793598985748776,0.3897085454153584,0
S3_transport,A,7,3,k1_ref,Ea1_J,0,8.61787673673663,0.8040628269548704,0.0007793598985748776,0.3897085454153584,0
S3_transport,A,7,3,k1_ref,k2_ref,0,1.2521200164732573,0.02585542700650441,0.0007793598985748776,0.3897085454153584,0
S3_transport,A,7,3,k1_ref,Ea2_J,0,-24.530396117661116,-0.004897179343039817,0.0007793598985748776,0.3897085454153584,0
S3_transport,A,7,3,k1_ref,K1_ref,0,-140027.0806211472,-0.9587052273629714,0.0007793598985748776,0.3897085454153584,0
S3_transport,A,7,3,k1_ref,K2_ref,0,-59104.33526132383,-0.17816552312892148,0.0007793598985748776,0.3897085454153584,0
S3_transport,A,7,3,Ea1_J,Ea1_J,1,756.3812056060121,1.0000000000000002,47762.310987785204,27.50238545301138,0
S3_transport,A,7,3,Ea1_J,k2_ref,0,-34.75350532182529,-0.010168899048746549,47762.310987785204,27.50238545301138,0
S3_transport,A,7,3,Ea1_J,Ea2_J,0,7708.85605706616,0.02180725231639029,47762.310987785204,27.50238545301138,0
S3_transport,A,7,3,Ea1_J,K1_ref,0,-9425041.907091063,-0.9143783093782064,47762.310987785204,27.50238545301138,0
S3_transport,A,7,3,Ea1_J,K2_ref,0,-2091711.2441965688,-0.08934610524157523,47762.310987785204,27.50238545301138,0
S3_transport,A,7,3,k2_ref,k2_ref,1,15442.1806718008,1.0,3.855205751396631e-05,124.26657101489845,0
S3_transport,A,7,3,k2_ref,Ea2_J,0,-1342174.2729018135,-0.8403031118778878,3.855205751396631e-05,124.26657101489845,0
S3_transport,A,7,3,k2_ref,K1_ref,0,-448390.4008112211,-0.009627532244700764,3.855205751396631e-05,124.26657101489845,0
S3_transport,A,7,3,k2_ref,K2_ref,0,-7559470.002900004,-0.07146300800064756,3.855205751396631e-05,124.26657101489845,0
S3_transport,A,7,3,Ea2_J,Ea2_J,1,165210348.28272462,1.0,25275.419644093578,12853.41776659907,0
S3_transport,A,7,3,Ea2_J,K1_ref,0,-14326260.781604443,-0.0029739058754534326,25275.419644093578,12853.41776659907,0
S3_transport,A,7,3,Ea2_J,K2_ref,0,-654466937.0262014,-0.05981544624348221,25275.419644093578,12853.41776659907,0
S3_transport,A,7,3,K1_ref,K1_ref,1,140466907179.21872,1.0000000000000002,6.090641330307977,374789.1502954944,0
S3_transport,A,7,3,K1_ref,K2_ref,0,44775171021.469604,0.14034421069012476,6.090641330307977,374789.1502954944,0
S3_transport,A,7,3,K2_ref,K2_ref,1,724621944016.8317,0.9999999999999998,0.015450354806014744,851247.2872302335,1
S3_transport,A,7,4,k1_ref,k1_ref,1,0.010721373023479504,1.0000000000000002,0.0007847108448876649,0.10354406319765273,0
S3_transport,A,7,4,k1_ref,Ea1_J,0,-0.11362689501990604,-0.08245272719825779,0.0007847108448876649,0.10354406319765273,0
S3_transport,A,7,4,k1_ref,k2_ref,0,0.10928337590809521,0.03923809318179546,0.0007847108448876649,0.10354406319765273,0
S3_transport,A,7,4,k1_ref,Ea2_J,0,-3.82432906695339,-0.03760890143292022,0.0007847108448876649,0.10354406319765273,0
S3_transport,A,7,4,k1_ref,K1_ref,0,-9.626020340424908,-0.18611590170992148,0.0007847108448876649,0.10354406319765273,0
S3_transport,A,7,4,k1_ref,K2_ref,0,30.174071120166428,0.0006221222481226409,0.0007847108448876649,0.10354406319765273,0
S3_transport,A,7,4,Ea1_J,Ea1_J,1,177.13395610519422,1.0,44730.11570757723,13.309168122207872,0
S3_transport,A,7,4,Ea1_J,k2_ref,0,7.117853862923698,0.019882782011205097,44730.11570757723,13.309168122207872,0
S3_transport,A,7,4,Ea1_J,Ea2_J,0,-322.5101477303617,-0.024674767527202164,44730.11570757723,13.309168122207872,0
S3_transport,A,7,4,Ea1_J,K1_ref,0,-6345.33011842984,-0.9544764539044126,44730.11570757723,13.309168122207872,0
S3_transport,A,7,4,Ea1_J,K2_ref,0,-5238.300725975464,-0.0008402461716965918,44730.11570757723,13.309168122207872,0
S3_transport,A,7,4,k2_ref,k2_ref,1,723.5057884617603,1.0,5.9936515075620546e-05,26.89806291281512,0
S3_transport,A,7,4,k2_ref,Ea2_J,0,-25311.423692713724,-0.9581999970613099,5.9936515075620546e-05,26.89806291281512,0
S3_transport,A,7,4,k2_ref,K1_ref,0,-393.7348592911913,-0.029305205464395596,5.9936515075620546e-05,26.89806291281512,0
S3_transport,A,7,4,k2_ref,K2_ref,0,1715072.6144465057,0.1361220665108435,5.9936515075620546e-05,26.89806291281512,0
S3_transport,A,7,4,Ea2_J,Ea2_J,1,964447.9777397079,0.9999999999999999,119999.99883780871,982.0631230932704,1
S3_transport,A,7,4,Ea2_J,K1_ref,0,16631.880726450632,0.03390500926620142,119999.99883780871,982.0631230932704,1
S3_transport,A,7,4,Ea2_J,K2_ref,0,-189541731.09278178,-0.4120334414359172,119999.99883780871,982.0631230932704,1
S3_transport,A,7,4,K1_ref,K1_ref,1,249503.23564628963,1.0,0.061801161827296315,499.50298862598373,1
S3_transport,A,7,4,K1_ref,K2_ref,0,123170.85856467484,0.0005264254826224184,0.061801161827296315,499.50298862598373,1
S3_transport,A,7,4,K2_ref,K2_ref,1,219414814680.29425,1.0000000000000002,1.5450287532521323,468417.3509599044,1
S3_transport,A,7,5,k1_ref,k1_ref,1,0.010148879345858858,0.9999999999999998,0.0007829099042642393,0.10074164653140656,0
S3_transport,A,7,5,k1_ref,Ea1_J,0,-0.4245308204208093,-0.8225887841410945,0.0007829099042642393,0.10074164653140656,0
S3_transport,A,7,5,k1_ref,k2_ref,0,0.0487250068124544,0.03374522656975633,0.0007829099042642393,0.10074164653140656,0
S3_transport,A,7,5,k1_ref,Ea2_J,0,-1.792654923354508,-0.03322563040043247,0.0007829099042642393,0.10074164653140656,0
S3_transport,A,7,5,k1_ref,K1_ref,0,2.8523945752933484,0.5523050765491074,0.0007829099042642393,0.10074164653140656,0
S3_transport,A,7,5,k1_ref,K2_ref,0,4.391491720175896,0.03638528005906906,0.0007829099042642393,0.10074164653140656,0
S3_transport,A,7,5,Ea1_J,Ea1_J,1,26.24428788787977,0.9999999999999999,44832.735850895595,5.122917907587411,0
S3_transport,A,7,5,Ea1_J,k2_ref,0,-1.7790173858238232,-0.02422882094257041,44832.735850895595,5.122917907587411,0
S3_transport,A,7,5,Ea1_J,Ea2_J,0,71.90210758466556,0.026206546913147985,44832.735850895595,5.122917907587411,0
S3_transport,A,7,5,Ea1_J,K1_ref,0,-240.05394534557723,-0.9140499506222076,44832.735850895595,5.122917907587411,0
S3_transport,A,7,5,Ea1_J,K2_ref,0,-217.95801776358712,-0.03551224690118167,44832.735850895595,5.122917907587411,0
S3_transport,A,7,5,k2_ref,k2_ref,1,205.4286588105431,1.0,0.00017842285663358104,14.332782661107476,0
S3_transport,A,7,5,k2_ref,Ea2_J,0,-7637.030356056699,-0.9949003363903239,0.00017842285663358104,14.332782661107476,0
S3_transport,A,7,5,k2_ref,K1_ref,0,9.022892717367272,0.012279869633002026,0.00017842285663358104,14.332782661107476,0
S3_transport,A,7,5,k2_ref,K2_ref,0,16704.112306239687,0.9727821307558523,0.00017842285663358104,14.332782661107476,0
S3_transport,A,7,5,Ea2_J,Ea2_J,1,286832.8231958758,0.9999999999999998,72737.63545287015,535.5677578008929,0
S3_transport,A,7,5,Ea2_J,K1_ref,0,-416.9877203076587,-0.015187535987653723,72737.63545287015,535.5677578008929,0
S3_transport,A,7,5,Ea2_J,K2_ref,0,-635918.6101737004,-0.9910825043233471,72737.63545287015,535.5677578008929,0
S3_transport,A,7,5,K1_ref,K1_ref,1,2628.107006253887,1.0,0.06180116726167395,51.265066139174024,1
S3_transport,A,7,5,K1_ref,K2_ref,0,1622.7230876400183,0.02642077738001672,0.06180116726167395,51.265066139174024,1
S3_transport,A,7,5,K2_ref,K2_ref,1,1435339.3886626086,1.0,0.015450290723067892,1198.0565047870691,1
S3_transport,A,7,6,k1_ref,k1_ref,1,0.007504901650768462,0.9999999999999999,0.0008147096644592248,0.08663083545002012,0
S3_transport,A,7,6,k1_ref,Ea1_J,0,-0.21069883357733177,-0.9082333822926429,0.0008147096644592248,0.08663083545002012,0
S3_transport,A,7,6,k1_ref,k2_ref,0,0.005811357790348381,0.022337297970806736,0.0008147096644592248,0.08663083545002012,0
S3_transport,A,7,6,k1_ref,Ea2_J,0,-0.12415651113568915,-0.020253064057845317,0.0008147096644592248,0.08663083545002012,0
S3_transport,A,7,6,k1_ref,K1_ref,0,0.5111616923635489,0.6353076927857502,0.0008147096644592248,0.08663083545002012,0
S3_transport,A,7,6,k1_ref,K2_ref,0,0.106799701810863,0.037763216537658705,0.0008147096644592248,0.08663083545002012,0
S3_transport,A,7,6,Ea1_J,Ea1_J,1,7.17107618670027,1.0000000000000002,43490.937270857554,2.6778865149031743,0
S3_transport,A,7,6,Ea1_J,k2_ref,0,-0.08654453526952825,-0.010761504892847794,43490.937270857554,2.6778865149031743,0
S3_transport,A,7,6,Ea1_J,Ea2_J,0,1.4686171750151804,0.007750151164566734,43490.937270857554,2.6778865149031743,0
S3_transport,A,7,6,Ea1_J,K1_ref,0,-21.889322226103474,-0.8801130560963466,43490.937270857554,2.6778865149031743,0
S3_transport,A,7,6,Ea1_J,K2_ref,0,-2.8018703568299546,-0.03204994655562012,43490.937270857554,2.6778865149031743,0
S3_transport,A,7,6,k2_ref,k2_ref,1,9.018804001468132,1.0,0.00031148206042069506,3.0031323649596486,0
S3_transport,A,7,6,k2_ref,Ea2_J,0,-211.49682005887868,-0.9952291922846398,0.00031148206042069506,3.0031323649596486,0
S3_transport,A,7,6,k2_ref,K1_ref,0,-0.01759691639645603,-0.0006308998348592766,0.00031148206042069506,3.0031323649596486,0
S3_transport,A,7,6,k2_ref,K2_ref,0,93.43372383141927,0.9530169504933022,0.00031148206042069506,3.0031323649596486,0
S3_transport,A,7,6,Ea2_J,Ea2_J,1,5007.402736859516,1.0,60341.60939365813,70.76300401240408,0
S3_transport,A,7,6,Ea2_J,K1_ref,0,2.659101421196708,0.004046010061396043,60341.60939365813,70.76300401240408,0
S3_transport,A,7,6,Ea2_J,K2_ref,0,-2257.5774458032615,-0.9772548576660759,60341.60939365813,70.76300401240408,0
S3_transport,A,7,6,K1_ref,K1_ref,1,86.25879065905531,0.9999999999999999,0.061801161827279766,9.287561071619143,1
S3_transport,A,7,6,K1_ref,K2_ref,0,6.783767838993918,0.02237385068908147,0.061801161827279766,9.287561071619143,1
S3_transport,A,7,6,K2_ref,K2_ref,1,1065.754357914454,0.9999999999999998,0.015450290456821008,32.64589343109565,1
S3_transport,A,7,7,k1_ref,k1_ref,1,0.005972140090757045,1.0000000000000002,0.0008573903612962656,0.07727962273948447,0
S3_transport,A,7,7,k1_ref,Ea1_J,0,-0.14720259592568502,-0.9161137901661879,0.0008573903612962656,0.07727962273948447,0
S3_transport,A,7,7,k1_ref,k2_ref,0,-0.0003654473376971076,-0.003963401820712723,0.0008573903612962656,0.07727962273948447,0
S3_transport,A,7,7,k1_ref,Ea2_J,0,0.020460281962270326,0.011839248059036769,0.0008573903612962656,0.07727962273948447,0
S3_transport,A,7,7,k1_ref,K1_ref,0,0.2563464104875936,0.6391949161476476,0.0008573903612962656,0.07727962273948447,0
S3_transport,A,7,7,k1_ref,K2_ref,0,0.012449120429420181,0.037726226882585444,0.0008573903612962656,0.07727962273948447,0
S3_transport,A,7,7,Ea1_J,Ea1_J,1,4.323167973042505,1.0,42073.88100429726,2.079222925287836,0
S3_transport,A,7,7,Ea1_J,k2_ref,0,0.03273438313181456,0.013195060981490061,42073.88100429726,2.079222925287836,0
S3_transport,A,7,7,Ea1_J,Ea2_J,0,-1.157983148500661,-0.024904549110759792,42073.88100429726,2.079222925287836,0
S3_transport,A,7,7,Ea1_J,K1_ref,0,-9.457510794612814,-0.8764897779832441,42073.88100429726,2.079222925287836,0
S3_transport,A,7,7,Ea1_J,K2_ref,0,-0.35856739607618954,-0.04038679962295291,42073.88100429726,2.079222925287836,0
S3_transport,A,7,7,k2_ref,k2_ref,1,1.4235850189227517,1.0,0.0003178649315589937,1.1931408210780283,0
S3_transport,A,7,7,k2_ref,Ea2_J,0,-26.483009438110827,-0.992551682216851,0.0003178649315589937,1.1931408210780283,0
S3_transport,A,7,7,k2_ref,K1_ref,0,-0.1078630295333806,-0.017420153375326063,0.0003178649315589937,1.1931408210780283,0
S3_transport,A,7,7,k2_ref,K2_ref,0,4.361560855108993,0.8560909956493381,0.0003178649315589937,1.1931408210780283,0
S3_transport,A,7,7,Ea2_J,Ea2_J,1,500.08635173375313,1.0000000000000002,60121.27963642237,22.362610575103997,0
S3_transport,A,7,7,Ea2_J,K1_ref,0,3.550804914290339,0.030596755505068594,60121.27963642237,22.362610575103997,0
S3_transport,A,7,7,Ea2_J,K2_ref,0,-86.73857545696855,-0.908363095417436,60121.27963642237,22.362610575103997,0
S3_transport,A,7,7,K1_ref,K1_ref,1,26.931334263577714,0.9999999999999999,0.06180116182738337,5.189540852867209,1
S3_transport,A,7,7,K1_ref,K2_ref,0,0.9015434288151971,0.04068435305414818,0.06180116182738337,5.189540852867209,1
S3_transport,A,7,7,K2_ref,K2_ref,1,18.233103841197057,1.0,0.015450290456825798,4.270023868925917,1
S3_transport,A,7,8,k1_ref,k1_ref,1,0.004398235396355282,0.9999999999999998,0.0008773819259214003,0.06631919327280213,0
S3_transport,A,7,8,k1_ref,Ea1_J,0,-0.08619412817871282,-0.9426675132357136,0.0008773819259214003,0.06631919327280213,0
S3_transport,A,7,8,k1_ref,k2_ref,0,-0.0004063086532013634,-0.00875141466402159,0.0008773819259214003,0.06631919327280213,0
S3_transport,A,7,8,k1_ref,Ea2_J,0,0.012704112240731409,0.01728870144751164,0.0008773819259214003,0.06631919327280213,0
S3_transport,A,7,8,k1_ref,K1_ref,0,0.06841692849260526,0.6410333680422952,0.0008773819259214003,0.06631919327280213,0
S3_transport,A,7,8,k1_ref,K2_ref,0,0.0030838414210106924,0.062286079437779515,0.0008773819259214003,0.06631919327280213,0
S3_transport,A,7,8,Ea1_J,Ea1_J,1,1.9009023709678958,1.0,41574.59784493762,1.3787321607070373,0
S3_transport,A,7,8,Ea1_J,k2_ref,0,0.008022199798542507,0.008311415489588272,41574.59784493762,1.3787321607070373,0
S3_transport,A,7,8,Ea1_J,Ea2_J,0,-0.3158818312025405,-0.020677690380987095,41574.59784493762,1.3787321607070373,0
S3_transport,A,7,8,Ea1_J,K1_ref,0,-1.8455002016685913,-0.8317455558912135,41574.59784493762,1.3787321607070373,0
S3_transport,A,7,8,Ea1_J,K2_ref,0,-0.08011329170282556,-0.0778328373744135,41574.59784493762,1.3787321607070373,0
S3_transport,A,7,8,k2_ref,k2_ref,1,0.49009147633914707,0.9999999999999999,0.0003390995241781193,0.7000653371929988,0
S3_transport,A,7,8,k2_ref,Ea2_J,0,-7.725170583143824,-0.9959253586159103,0.0003390995241781193,0.7000653371929988,0
S3_transport,A,7,8,k2_ref,K1_ref,0,0.00810109270881664,0.007190537008305476,0.0003390995241781193,0.7000653371929988,0
S3_transport,A,7,8,k2_ref,K2_ref,0,0.46257368759060613,0.8850759567622424,0.0003390995241781193,0.7000653371929988,0
S3_transport,A,7,8,Ea2_J,Ea2_J,1,122.76806913916576,1.0,58842.74128555978,11.0800753219085,0
S3_transport,A,7,8,Ea2_J,K1_ref,0,0.12300906088703847,0.006898436777285703,58842.74128555978,11.0800753219085,0
S3_transport,A,7,8,Ea2_J,K2_ref,0,-7.55523244132912,-0.9133627803312498,58842.74128555978,11.0800753219085,0
S3_transport,A,7,8,K1_ref,K1_ref,1,2.5899262861792405,1.0,0.061801161827279766,1.6093247920103761,1
S3_transport,A,7,8,K1_ref,K2_ref,0,0.1291393750630683,0.10748631431073961,0.061801161827279766,1.6093247920103761,1
S3_transport,A,7,8,K2_ref,K2_ref,1,0.5573443653621525,1.0,0.022189087880445674,0.7465549982165764,0
S3_transport,B,7,1,k1_ref,k1_ref,1,5802766405.533525,1.0,0.0008431059133081223,76175.89123557089,0
S3_transport,B,7,1,k1_ref,Ea1_J,0,251670022303.59048,0.9999999999899132,0.0008431059133081223,76175.89123557089,0
S3_transport,B,7,1,k1_ref,k2_ref,0,612.0821875708073,1.0516157359712327e-07,0.0008431059133081223,76175.89123557089,0
S3_transport,B,7,1,k1_ref,Ea2_J,0,5176.234453296198,2.0567544730283448e-08,0.0008431059133081223,76175.89123557089,0
S3_transport,B,7,1,k1_ref,K1_ref,0,-284728.89847604034,-1.1310574108858598e-06,0.0008431059133081223,76175.89123557089,0
S3_transport,B,7,1,k1_ref,K2_ref,0,4.173671047632901,1.657949577388514e-11,0.0008431059133081223,76175.89123557089,0
S3_transport,B,7,1,Ea1_J,Ea1_J,1,10915104228074.47,1.0,70660.38476344553,3303801.4813354737,0
S3_transport,B,7,1,Ea1_J,k2_ref,0,16492.187692993943,6.53324890281494e-08,70660.38476344553,3303801.4813354737,0
S3_transport,B,7,1,Ea1_J,Ea2_J,0,-499.93405218006734,-4.5802040965554385e-11,70660.38476344553,3303801.4813354737,0
S3_transport,B,7,1,Ea1_J,K1_ref,0,6564.939625988122,6.012947869404442e-10,70660.38476344553,3303801.4813354737,0
S3_transport,B,7,1,Ea1_J,K2_ref,0,-0.09394343368149728,-8.604450331256046e-15,70660.38476344553,3303801.4813354737,0
S3_transport,B,7,1,k2_ref,k2_ref,1,5838082689.475224,1.0000000000000002,3.855982507009699e-05,76407.34709093899,0
S3_transport,B,7,1,k2_ref,Ea2_J,0,251668495425.1033,0.9969647134312754,3.855982507009699e-05,76407.34709093899,0
S3_transport,B,7,1,k2_ref,K1_ref,0,44095875.95107653,0.00017463588881920535,3.855982507009699e-05,76407.34709093899,0
S3_transport,B,7,1,k2_ref,K2_ref,0,-1513688.3968798313,-5.994762840759946e-06,3.855982507009699e-05,76407.34709093899,0
S3_transport,B,7,1,Ea2_J,Ea2_J,1,10915104279709.922,1.0,119832.07112790534,3303801.489150025,0
S3_transport,B,7,1,Ea2_J,K1_ref,0,-1016717.6133530773,-9.312301926336248e-08,119832.07112790534,3303801.489150025,0
S3_transport,B,7,1,Ea2_J,K2_ref,0,34901.07890935377,3.1966534275360687e-09,119832.07112790534,3303801.489150025,0
S3_transport,B,7,1,K1_ref,K1_ref,1,10920906994301.72,0.9999999999999998,6.092294760820657,3304679.560003015,0
S3_transport,B,7,1,K1_ref,K2_ref,0,6.1151625589258405,5.599500629450255e-13,6.092294760820657,3304679.560003015,0
S3_transport,B,7,1,K2_ref,K2_ref,1,10920906994479.674,1.0,0.015570899868493334,3304679.5600299393,0
S3_transport,B,7,2,k1_ref,k1_ref,1,0.06545112828032223,0.9999999999999998,0.000586627186304646,0.25583418121963736,0
S3_transport,B,7,2,k1_ref,Ea1_J,0,2.614766146012637,0.5796875589613054,0.000586627186304646,0.25583418121963736,0
S3_transport,B,7,2,k1_ref,k2_ref,0,0.070600757576931,0.0022753850483425886,0.000586627186304646,0.25583418121963736,0
S3_transport,B,7,2,k1_ref,Ea2_J,0,36.28022331506827,0.0005763459169383318,0.000586627186304646,0.25583418121963736,0
S3_transport,B,7,2,k1_ref,K1_ref,0,-117424.18052084441,-0.9098223535353941,0.000586627186304646,0.25583418121963736,0
S3_transport,B,7,2,k1_ref,K2_ref,0,-9846.899242024652,-0.039264844365304315,0.000586627186304646,0.25583418121963736,0
S3_transport,B,7,2,Ea1_J,Ea1_J,1,310.8569701210621,1.0000000000000002,54932.434002133625,17.63113638201072,0
S3_transport,B,7,2,Ea1_J,k2_ref,0,6.0146544225545275,0.002812771689717312,54932.434002133625,17.63113638201072,0
S3_transport,B,7,2,Ea1_J,Ea2_J,0,204232.92985296645,0.04707792370525763,54932.434002133625,17.63113638201072,0
S3_transport,B,7,2,Ea1_J,K1_ref,0,-4607512.253624492,-0.5180167796327217,54932.434002133625,17.63113638201072,0
S3_transport,B,7,2,Ea1_J,K2_ref,0,-490823.2459118998,-0.02839930902254224,54932.434002133625,17.63113638201072,0
S3_transport,B,7,2,k2_ref,k2_ref,1,14709.292527089508,1.0,3.854936545200177e-05,121.28187221134702,1
S3_transport,B,7,2,k2_ref,Ea2_J,0,637495.7437628342,0.021362557024959962,3.854936545200177e-05,121.28187221134702,1
S3_transport,B,7,2,k2_ref,K1_ref,0,1543720.7670224681,0.025230769016136474,3.854936545200177e-05,121.28187221134702,1
S3_transport,B,7,2,k2_ref,K2_ref,0,2509942.7346179252,0.021112072840210282,3.854936545200177e-05,121.28187221134702,1
S3_transport,B,7,2,Ea2_J,Ea2_J,1,60541938709.12699,1.0,117751.53172652175,246052.71530533247,0
S3_transport,B,7,2,Ea2_J,K1_ref,0,-4617246.97867863,-3.71973993541381e-05,117751.53172652175,246052.71530533247,0
S3_transport,B,7,2,Ea2_J,K2_ref,0,110830514.03314924,0.0004595091255024254,117751.53172652175,246052.71530533247,0
S3_transport,B,7,2,K1_ref,K1_ref,1,254498210393.5865,0.9999999999999999,3.614379806298935,504478.15650787746,0
S3_transport,B,7,2,K1_ref,K2_ref,0,-33450695951.820183,-0.06764344950969839,3.614379806298935,504478.15650787746,0
S3_transport,B,7,2,K2_ref,K2_ref,1,960890920638.0635,1.0000000000000002,0.49486266315713745,980250.4377137831,0
S3_transport,B,7,3,k1_ref,k1_ref,1,0.01314281348843905,1.0,0.0005455510314319259,0.11464211045003947,0
S3_transport,B,7,3,k1_ref,Ea1_J,0,0.11766422058313782,0.11130486404680583,0.0005455510314319259,0.11464211045003947,0
S3_transport,B,7,3,k1_ref,k2_ref,0,0.0022576614276137007,0.007840577949715464,0.0005455510314319259,0.11464211045003947,0
S3_transport,B,7,3,k1_ref,Ea2_J,0,-0.489109593541466,-0.015605433656896787,0.0005455510314319259,0.11464211045003947,0
S3_transport,B,7,3,k1_ref,K1_ref,0,-15439.705299319208,-0.7590814723325993,0.0005455510314319259,0.11464211045003947,0
S3_transport,B,7,3,k1_ref,K2_ref,0,-60.31177944560702,-0.02324052677826106,0.0005455510314319259,0.11464211045003947,0
S3_transport,B,7,3,Ea1_J,Ea1_J,1,85.03000661764958,0.9999999999999998,44675.41123202219,9.221171651024049,0
S3_transport,B,7,3,Ea1_J,k2_ref,0,-0.33198761604612914,-0.014334059850709869,44675.41123202219,9.221171651024049,0
S3_transport,B,7,3,Ea1_J,Ea2_J,0,16.128089828492485,0.006397505383909159,44675.41123202219,9.221171651024049,0
S3_transport,B,7,3,Ea1_J,K1_ref,0,-938290.730169606,-0.5735151257702186,44675.41123202219,9.221171651024049,0
S3_transport,B,7,3,Ea1_J,K2_ref,0,-4513.789792440907,-0.021624357947721363,44675.41123202219,9.221171651024049,0
S3_transport,B,7,3,k2_ref,k2_ref,1,6.308601975832772,1.0000000000000002,0.00211624882384479,2.51169304968437,0
S3_transport,B,7,3,k2_ref,Ea2_J,0,-555.2997156022483,-0.8086763087392822,0.00211624882384479,2.51169304968437,0
S3_transport,B,7,3,k2_ref,K1_ref,0,3033.698895969381,0.006807685228505548,0.00211624882384479,2.51169304968437,0
S3_transport,B,7,3,k2_ref,K2_ref,0,-6503.272322753264,-0.11438086446142398,0.00211624882384479,2.51169304968437,0
S3_transport,B,7,3,Ea2_J,Ea2_J,1,74743.31132895709,1.0,119999.99891691202,273.3922298254965,1
S3_transport,B,7,3,Ea2_J,K1_ref,0,246474.98206540654,0.005081363147986839,119999.99891691202,273.3922298254965,1
S3_transport,B,7,3,Ea2_J,K2_ref,0,-2853608.873883504,-0.46110122676054976,119999.99891691202,273.3922298254965,1
S3_transport,B,7,3,K1_ref,K1_ref,1,31478417115.251434,1.0000000000000002,3.760477166449339,177421.58018474368,0
S3_transport,B,7,3,K1_ref,K2_ref,0,105628521.27617334,0.026300424308171606,3.760477166449339,177421.58018474368,0
S3_transport,B,7,3,K2_ref,K2_ref,1,512417559.8984528,1.0000000000000002,0.40092907212607903,22636.64197487014,0
S3_transport,B,7,4,k1_ref,k1_ref,1,0.005387170622437649,1.0,0.000522516750080695,0.07339734751636226,0
S3_transport,B,7,4,k1_ref,Ea1_J,0,-0.19399182925951106,-0.768522672404486,0.000522516750080695,0.07339734751636226,0
S3_transport,B,7,4,k1_ref,k2_ref,0,0.002088306334203649,0.022479438705790694,0.000522516750080695,0.07339734751636226,0
S3_transport,B,7,4,k1_ref,Ea2_J,0,-0.07472442994521811,-0.018785604408324653,0.000522516750080695,0.07339734751636226,0
S3_transport,B,7,4,k1_ref,K1_ref,0,61.41229597296315,0.052631204288358414,0.000522516750080695,0.07339734751636226,0
S3_transport,B,7,4,k1_ref,K2_ref,0,0.09498708992063952,0.0038682336820193217,0.000522516750080695,0.07339734751636226,0
S3_transport,B,7,4,Ea1_J,Ea1_J,1,11.827495112720134,1.0,53645.5809336337,3.43911254725985,0
S3_transport,B,7,4,Ea1_J,k2_ref,0,-0.05623063541232876,-0.01291808759577897,53645.5809336337,3.43911254725985,0
S3_transport,B,7,4,Ea1_J,Ea2_J,0,4.371824048407413,0.023456284118392144,53645.5809336337,3.43911254725985,0
S3_transport,B,7,4,Ea1_J,K1_ref,0,-33516.74923399705,-0.6130329809216121,53645.5809336337,3.43911254725985,0
S3_transport,B,7,4,Ea1_J,K2_ref,0,-49.58878124542924,-0.04309883500326349,53645.5809336337,3.43911254725985,0
S3_transport,B,7,4,k2_ref,k2_ref,1,1.6019787640392937,1.0000000000000002,0.0026289713969913893,1.2656929975469144,0
S3_transport,B,7,4,k2_ref,Ea2_J,0,-54.561032648479745,-0.7954211442451817,0.0026289713969913893,1.2656929975469144,0
S3_transport,B,7,4,k2_ref,K1_ref,0,-95.038659846878,-0.004723242730475613,0.0026289713969913893,1.2656929975469144,0
S3_transport,B,7,4,k2_ref,K2_ref,0,-1.513405757994381,-0.0035740077470650974,0.0026289713969913893,1.2656929975469144,0
S3_transport,B,7,4,Ea2_J,Ea2_J,1,2937.0689714045425,0.9999999999999999,20000.000001408116,54.19473195251124,1
S3_transport,B,7,4,Ea2_J,K1_ref,0,-8667.219433020015,-0.010059839642011821,20000.000001408116,54.19473195251124,1
S3_transport,B,7,4,Ea2_J,K2_ref,0,-10371.069522899694,-0.5719985895836083,20000.000001408116,54.19473195251124,1
S3_transport,B,7,4,K1_ref,K1_ref,1,252733797.43675268,1.0,6.180116182726373,15897.60351237735,1
S3_transport,B,7,4,K1_ref,K2_ref,0,297891.14498271485,0.05600856132414747,6.180116182726373,15897.60351237735,1
S3_transport,B,7,4,K2_ref,K2_ref,1,111929.10474428421,0.9999999999999999,0.015450290555951379,334.5580737992796,1
S3_transport,B,7,5,k1_ref,k1_ref,1,0.0028135864735411016,1.0,0.0005793972186977787,0.0530432509707041,0
S3_transport,B,7,5,k1_ref,Ea1_J,0,-0.0721558559431267,-0.8920042122158172,0.0005793972186977787,0.0530432509707041,0
S3_transport,B,7,5,k1_ref,k2_ref,0,0.0004414155424890875,0.011599013375162365,0.0005793972186977787,0.0530432509707041,0
S3_transport,B,7,5,k1_ref,Ea2_J,0,-0.01176932999110341,-0.011850663325658284,0.0005793972186977787,0.0530432509707041,0
S3_transport,B,7,5,k1_ref,K1_ref,0,27.158223384970423,0.24853778544997862,0.0005793972186977787,0.0530432509707041,0
S3_transport,B,7,5,k1_ref,K2_ref,0,0.0385556800546319,0.019762174690036164,0.0005793972186977787,0.0530432509707041,0
S3_transport,B,7,5,Ea1_J,Ea1_J,1,2.325675339663639,0.9999999999999998,48424.16248800935,1.5250165047184372,0
S3_transport,B,7,5,Ea1_J,k2_ref,0,-0.010548502813682694,-0.0096409502375606,48424.16248800935,1.5250165047184372,0
S3_transport,B,7,5,Ea1_J,Ea2_J,0,0.32216732295829725,0.011283088598445184,48424.16248800935,1.5250165047184372,0
S3_transport,B,7,5,Ea1_J,K1_ref,0,-1888.0741390052822,-0.6009878632144116,48424.16248800935,1.5250165047184372,0
S3_transport,B,7,5,Ea1_J,K2_ref,0,-2.331656140178478,-0.04156870159716736,48424.16248800935,1.5250165047184372,0
S3_transport,B,7,5,k2_ref,k2_ref,1,0.5147458759434553,0.9999999999999998,0.00237680147491164,0.7174579262531395,0
S3_transport,B,7,5,k2_ref,Ea2_J,0,-12.496490504014579,-0.9302778479903225,0.00237680147491164,0.7174579262531395,0
S3_transport,B,7,5,k2_ref,K1_ref,0,-1.5771168251686172,-0.0010670594808230792,0.00237680147491164,0.7174579262531395,0
S3_transport,B,7,5,k2_ref,K2_ref,0,6.760871798917579,0.25620214583779627,0.00237680147491164,0.7174579262531395,0
S3_transport,B,7,5,Ea2_J,Ea2_J,1,350.55639338492557,1.0000000000000002,24915.03099595309,18.72315126747967,0
S3_transport,B,7,5,Ea2_J,K1_ref,0,47.64800617311423,0.0012353413770433842,24915.03099595309,18.72315126747967,0
S3_transport,B,7,5,Ea2_J,K2_ref,0,-392.9628438271246,-0.5706226968543268,24915.03099595309,18.72315126747967,0
S3_transport,B,7,5,K1_ref,K1_ref,1,4243826.265400368,1.0,6.180116182727476,2060.05491805446,1
S3_transport,B,7,5,K1_ref,K2_ref,0,3667.199570503978,0.04839853844427585,6.180116182727476,2060.05491805446,1
S3_transport,B,7,5,K2_ref,K2_ref,1,1352.8417579001457,1.0000000000000002,0.015450290852192718,36.78099723906552,1
S3_transport,B,7,6,k1_ref,k1_ref,1,0.0015910478550800542,1.0,0.0006218741812677648,0.03988794122388437,0
S3_transport,B,7,6,k1_ref,Ea1_J,0,-0.031507658883499205,-0.9341453065083472,0.0006218741812677648,0.03988794122388437,0
S3_transport,B,7,6,k1_ref,k2_ref,0,-4.16327128116355e-05,-0.002501450891091502,0.0006218741812677648,0.03988794122388437,0
S3_transport,B,7,6,k1_ref,Ea2_J,0,0.0013603063337334742,0.0043859730738182,0.0006218741812677648,0.03988794122388437,0
S3_transport,B,7,6,k1_ref,K1_ref,0,5.250169148845271,0.3404764554932578,0.0006218741812677648,0.03988794122388437,0
S3_transport,B,7,6,k1_ref,K2_ref,0,0.004186954823251866,0.027917288777369886,0.0006218741812677648,0.03988794122388437,0
S3_transport,B,7,6,Ea1_J,Ea1_J,1,0.7150232361088527,1.0000000000000002,46275.57895491486,0.8455904659519599,0
S3_transport,B,7,6,Ea1_J,k2_ref,0,0.0014535608314658827,0.0041197610353392545,46275.57895491486,0.8455904659519599,0
S3_transport,B,7,6,Ea1_J,Ea2_J,0,-0.053312296975185594,-0.008108456275800827,46275.57895491486,0.8455904659519599,0
S3_transport,B,7,6,Ea1_J,K1_ref,0,-195.1025850338876,-0.5968405978145908,46275.57895491486,0.8455904659519599,0
S3_transport,B,7,6,Ea1_J,K2_ref,0,-0.14354573313521699,-0.04514886066125088,46275.57895491486,0.8455904659519599,0
S3_transport,B,7,6,k2_ref,k2_ref,1,0.17410138124231778,1.0,0.0013758988467617197,0.4172545760591701,0
S3_transport,B,7,6,k2_ref,Ea2_J,0,-3.159956091365443,-0.9739817107563832,0.0013758988467617197,0.4172545760591701,0
S3_transport,B,7,6,k2_ref,K1_ref,0,-0.7891778086157238,-0.00489248121603485,0.0013758988467617197,0.4172545760591701,0
S3_transport,B,7,6,k2_ref,K2_ref,0,0.6159360358151909,0.39260071887357334,0.0013758988467617197,0.4172545760591701,0
S3_transport,B,7,6,Ea2_J,Ea2_J,1,60.45862636137046,0.9999999999999999,37733.958606213986,7.775514539975504,0
S3_transport,B,7,6,Ea2_J,K1_ref,0,31.417026412333712,0.010451806240207017,37733.958606213986,7.775514539975504,0
S3_transport,B,7,6,Ea2_J,K2_ref,0,-16.70208588252071,-0.5712920228659656,37733.958606213986,7.775514539975504,0
S3_transport,B,7,6,K1_ref,K1_ref,1,149447.6803845077,1.0,6.1801161827141335,386.5846354739253,1
S3_transport,B,7,6,K1_ref,K2_ref,0,95.61462481299738,0.06578037138914676,6.1801161827141335,386.5846354739253,1
S3_transport,B,7,6,K2_ref,K2_ref,1,14.137311573028017,1.0,0.015450291244649257,3.759961645153846,1
S3_transport,B,7,7,k1_ref,k1_ref,1,0.0011763963068127804,0.9999999999999998,0.0006535757995849282,0.0342986341829056,0
S3_transport,B,7,7,k1_ref,Ea1_J,0,-0.020457211499794476,-0.9476536878197012,0.0006535757995849282,0.0342986341829056,0
S3_transport,B,7,7,k1_ref,k2_ref,0,-6.294591381009219e-05,-0.005789945456239255,0.0006535757995849282,0.0342986341829056,0
S3_transport,B,7,7,k1_ref,Ea2_J,0,0.0013775645889072478,0.0077533457864217255,0.0006535757995849282,0.0342986341829056,0
S3_transport,B,7,7,k1_ref,K1_ref,0,2.033046421705208,0.32170474468769134,0.0006535757995849282,0.0342986341829056,0
S3_transport,B,7,7,k1_ref,K2_ref,0,0.0013130651890715423,0.031539572934229786,0.0006535757995849282,0.0342986341829056,0
S3_transport,B,7,7,Ea1_J,Ea1_J,1,0.3961319793282679,1.0000000000000002,45060.53892431337,0.6293901646262577,0
S3_transport,B,7,7,Ea1_J,k2_ref,0,0.0011966064245312888,0.00599811978013482,45060.53892431337,0.6293901646262577,0
S3_transport,B,7,7,Ea1_J,Ea2_J,0,-0.034483242706275764,-0.01057650443564931,45060.53892431337,0.6293901646262577,0
S3_transport,B,7,7,Ea1_J,K1_ref,0,-64.34604142701083,-0.5548669781657004,45060.53892431337,0.6293901646262577,0
S3_transport,B,7,7,Ea1_J,K2_ref,0,-0.03745482713522617,-0.04902687272772553,45060.53892431337,0.6293901646262577,0
S3_transport,B,7,7,k2_ref,k2_ref,1,0.10046909449256473,0.9999999999999999,0.0010147089140158435,0.31696860174560626,0
S3_transport,B,7,7,k2_ref,Ea2_J,0,-1.6172458422391516,-0.9849491465403692,0.0010147089140158435,0.31696860174560626,0
S3_transport,B,7,7,k2_ref,K1_ref,0,-0.28700204783210054,-0.004914233052965429,0.0010147089140158435,0.31696860174560626,0
S3_transport,B,7,7,k2_ref,K2_ref,0,0.15469855975647512,0.402083612532633,0.0010147089140158435,0.31696860174560626,0
S3_transport,B,7,7,Ea2_J,Ea2_J,1,26.83440573977486,1.0000000000000002,43270.51454883177,5.180193600607496,0
S3_transport,B,7,7,Ea2_J,K1_ref,0,12.175582236139082,0.012756476826318265,43270.51454883177,5.180193600607496,0
S3_transport,B,7,7,Ea2_J,K2_ref,0,-3.36602075685214,-0.5353245314124281,43270.51454883177,5.180193600607496,0
S3_transport,B,7,7,K1_ref,K1_ref,1,33948.92335226891,1.0,6.180116182727899,184.25233608361364,1
S3_transport,B,7,7,K1_ref,K2_ref,0,16.310827399096496,0.07293052434187813,6.180116182727899,184.25233608361364,1
S3_transport,B,7,7,K2_ref,K2_ref,1,1.473354678189738,1.0000000000000002,0.015450290461757788,1.213818222877601,1
S3_transport,B,7,8,k1_ref,k1_ref,1,0.0007603744884406334,1.0,0.000687198221289662,0.027574888729433405,0
S3_transport,B,7,8,k1_ref,Ea1_J,0,-0.01164241797039738,-0.9598399572775158,0.000687198221289662,0.027574888729433405,0
S3_transport,B,7,8,k1_ref,k2_ref,0,-0.00013693700343878312,-0.0295721373805297,0.000687198221289662,0.027574888729433405,0
S3_transport,B,7,8,k1_ref,Ea2_J,0,0.0021986488941992347,0.0333773193714412,0.000687198221289662,0.027574888729433405,0
S3_transport,B,7,8,k1_ref,K1_ref,0,0.6670409294067798,0.4016889687788219,0.000687198221289662,0.027574888729433405,0
S3_transport,B,7,8,k1_ref,K2_ref,0,0.0004584959623251185,0.04784138890466517,0.000687198221289662,0.027574888729433405,0
S3_transport,B,7,8,Ea1_J,Ea1_J,1,0.19349118552325892,0.9999999999999999,44091.77379630044,0.43987632980561586,0
S3_transport,B,7,8,Ea1_J,k2_ref,0,0.002080565800725006,0.028166087647463475,44091.77379630044,0.43987632980561586,0
S3_transport,B,7,8,Ea1_J,Ea2_J,0,-0.03723528217278286,-0.03543507838450321,44091.77379630044,0.43987632980561586,0
S3_transport,B,7,8,Ea1_J,K1_ref,0,-15.460653038182587,-0.5836445469783359,44091.77379630044,0.43987632980561586,0
S3_transport,B,7,8,Ea1_J,K2_ref,0,-0.01065928848609913,-0.06972357644675332,44091.77379630044,0.43987632980561586,0
S3_transport,B,7,8,k2_ref,k2_ref,1,0.028199971711616086,1.0000000000000002,0.0008557320802022349,0.16792847201000813,0
S3_transport,B,7,8,k2_ref,Ea2_J,0,-0.39585074576292795,-0.9867712152960724,0.0008557320802022349,0.16792847201000813,0
S3_transport,B,7,8,k2_ref,K1_ref,0,-0.09590662000282835,-0.009483648309413372,0.0008557320802022349,0.16792847201000813,0
S3_transport,B,7,8,k2_ref,K2_ref,0,0.02895137238631464,0.4960515964606066,0.0008557320802022349,0.16792847201000813,0
S3_transport,B,7,8,Ea2_J,Ea2_J,1,5.706651054930767,1.0,45719.84199523053,2.388859781345646,0
S3_transport,B,7,8,Ea2_J,K1_ref,0,2.751409459917041,0.019125630379838925,45719.84199523053,2.388859781345646,0
S3_transport,B,7,8,Ea2_J,K2_ref,0,-0.4974969026068755,-0.5992137286357206,45719.84199523053,2.388859781345646,0
S3_transport,B,7,8,K1_ref,K1_ref,1,3626.582971365665,1.0000000000000002,6.180116086345472,60.221117320800886,1
S3_transport,B,7,8,K1_ref,K2_ref,0,2.7940073313657656,0.1334936982989854,6.180116086345472,60.221117320800886,1
S3_transport,B,7,8,K2_ref,K2_ref,1,0.12079137776924072,0.9999999999999999,0.024847382496148412,0.34755053987764245,0
S3_transport,C,7,1,k1_ref,k1_ref,1,64082253207.55465,1.0000000000000002,0.00036133233922784624,253144.7277893708,0
S3_transport,C,7,1,k1_ref,Ea1_J,0,2779291987196.911,0.9999999999796303,0.00036133233922784624,253144.7277893708,0
S3_transport,C,7,1,k1_ref,k2_ref,0,140079.45767450242,2.181555810172028e-06,0.00036133233922784624,253144.7277893708,0
S3_transport,C,7,1,k1_ref,Ea2_J,0,52558.35112464195,1.8910697793231088e-08,0.00036133233922784624,253144.7277893708,0
S3_transport,C,7,1,k1_ref,K1_ref,0,-12976276.687201515,-4.667673943771946e-06,0.00036133233922784624,253144.7277893708,0
S3_transport,C,7,1,k1_ref,K2_ref,0,-99.5656977299595,-3.5814604157290906e-11,0.00036133233922784624,253144.7277893708,0
S3_transport,C,7,1,Ea1_J,Ea1_J,1,120539830667205.84,1.0,56932.0157598681,10979063.287330383,0
S3_transport,C,7,1,Ea1_J,k2_ref,0,5964083.549453502,2.141604118079518e-06,56932.0157598681,10979063.287330383,0
S3_transport,C,7,1,Ea1_J,Ea2_J,0,-138799.23247064376,-1.1514802283804685e-09,56932.0157598681,10979063.287330383,0
S3_transport,C,7,1,Ea1_J,K1_ref,0,299194.2197635956,2.4814596130654833e-09,56932.0157598681,10979063.287330383,0
S3_transport,C,7,1,Ea1_J,K2_ref,0,2.8654442663861697,2.376544649206649e-14,56932.0157598681,10979063.287330383,0
S3_transport,C,7,1,k2_ref,k2_ref,1,64339617383.71381,0.9999999999999999,3.862368334658547e-05,253652.5524880714,0
S3_transport,C,7,1,k2_ref,Ea2_J,0,2779261711818.9927,0.99798707493067,3.862368334658547e-05,253652.5524880714,0
S3_transport,C,7,1,k2_ref,K1_ref,0,6909853.275882845,2.4805551634282824e-06,3.862368334658547e-05,253652.5524880714,0
S3_transport,C,7,1,k2_ref,K2_ref,0,-11509023.47219128,-4.131602576802001e-06,3.862368334658547e-05,253652.5524880714,0
S3_transport,C,7,1,Ea2_J,Ea2_J,1,120539831926500.73,1.0,119898.80984847856,10979063.344680216,0
S3_transport,C,7,1,Ea2_J,K1_ref,0,-159319.32938192936,-1.321364027985581e-09,119898.80984847856,10979063.344680216,0
S3_transport,C,7,1,Ea2_J,K2_ref,0,265361.7628597369,2.2008596772656672e-09,119898.80984847856,10979063.344680216,0
S3_transport,C,7,1,K1_ref,K1_ref,1,120603912920409.3,1.0,0.7768512465388725,10981981.283921827,0
S3_transport,C,7,1,K1_ref,K2_ref,0,0.6138956225414433,5.090179975724111e-15,0.7768512465388725,10981981.283921827,0
S3_transport,C,7,1,K2_ref,K2_ref,1,120603912920409.89,0.9999999999999999,0.015525059271108985,10981981.283921855,0
S3_transport,C,7,2,k1_ref,k1_ref,1,31903.89867154367,1.0000000000000002,0.0003323206296096276,178.61662484646737,0
S3_transport,C,7,2,k1_ref,Ea1_J,0,1383458.022585133,0.9999809890122745,0.0003323206296096276,178.61662484646737,0
S3_transport,C,7,2,k1_ref,k2_ref,0,7146.540354831631,0.004389184856156105,0.0003323206296096276,178.61662484646737,0
S3_transport,C,7,2,k1_ref,Ea2_J,0,218903.32331486198,0.004949190221546858,0.0003323206296096276,178.61662484646737,0
S3_transport,C,7,2,k1_ref,K1_ref,0,-45223157.135184154,-0.9999698789075964,0.0003323206296096276,178.61662484646737,0
S3_transport,C,7,2,k1_ref,K2_ref,0,-228157.4191926021,-0.023251394585025044,0.0003323206296096276,178.61662484646737,0
S3_transport,C,7,2,Ea1_J,Ea1_J,1,59993573.024650015,0.9999999999999999,53301.91937552897,7745.551821829741,0
S3_transport,C,7,2,Ea1_J,k2_ref,0,285531.22052790254,0.004043999918360022,53301.91937552897,7745.551821829741,0
S3_transport,C,7,2,Ea1_J,Ea2_J,0,9504927.188664993,0.004955644000306648,53301.91937552897,7745.551821829741,0
S3_transport,C,7,2,Ea1_J,K1_ref,0,-1961084600.4426372,-0.9999813129913093,53301.91937552897,7745.551821829741,0
S3_transport,C,7,2,Ea1_J,K2_ref,0,-9846833.94127316,-0.0231409156523514,53301.91937552897,7745.551821829741,0
S3_transport,C,7,2,k2_ref,k2_ref,1,83096015.44470838,1.0,3.8549773787228234e-05,9115.70158817786,0
S3_transport,C,7,2,k2_ref,Ea2_J,0,1391363450.3267357,0.616387979811713,3.8549773787228234e-05,9115.70158817786,0
S3_transport,C,7,2,k2_ref,K1_ref,0,1583553.32522846,0.0006861048854153399,3.8549773787228234e-05,9115.70158817786,0
S3_transport,C,7,2,k2_ref,K2_ref,0,-401675380.5836088,-0.8020868634147664,3.8549773787228234e-05,9115.70158817786,0
S3_transport,C,7,2,Ea2_J,Ea2_J,1,61318660643.62717,1.0,84818.12633512435,247626.05001014567,0
S3_transport,C,7,2,Ea2_J,K1_ref,0,51617750.08978686,0.0008232858655710692,84818.12633512435,247626.05001014567,0
S3_transport,C,7,2,Ea2_J,K2_ref,0,-13120163535.101463,-0.9644488676944424,84818.12633512435,247626.05001014567,0
S3_transport,C,7,2,K1_ref,K1_ref,1,64106809366.26093,0.9999999999999999,0.8441696781639193,253193.2253561713,0
S3_transport,C,7,2,K1_ref,K2_ref,0,238920147.8944391,0.01717659133621696,0.8441696781639193,253193.2253561713,0
S3_transport,C,7,2,K2_ref,K2_ref,1,3018056885.877305,1.0,0.01571529234517306,54936.84452057021,0
S3_transport,C,7,3,k1_ref,k1_ref,1,0.7443308219184227,1.0,0.00033255627592984746,0.8627460935399376,0
S3_transport,C,7,3,k1_ref,Ea1_J,0,-8.928317030102084,-0.9994113564171616,0.00033255627592984746,0.8627460935399376,0
S3_transport,C,7,3,k1_ref,k2_ref,0,322.1977463034191,0.07197419538675875,0.00033255627592984746,0.8627460935399376,0
S3_transport,C,7,3,k1_ref,Ea2_J,0,-3865.7711266671236,-0.07197420423089476,0.00033255627592984746,0.8627460935399376,0
S3_transport,C,7,3,k1_ref,K1_ref,0,-0.005456086871104715,-0.0036597504762634196,0.00033255627592984746,0.8627460935399376,0
S3_transport,C,7,3,k1_ref,K2_ref,0,0.0022873513719485015,0.024446951184854224,0.00033255627592984746,0.8627460935399376,0
S3_transport,C,7,3,Ea1_J,Ea1_J,1,107.22218243925849,1.0,53334.02178777904,10.354814457017493,0
S3_transport,C,7,3,Ea1_J,k2_ref,0,-3865.6888290736624,-0.07194852461041447,53334.02178777904,10.354814457017493,0
S3_transport,C,7,3,Ea1_J,Ea2_J,0,46381.01791394539,0.0719484910012865,53334.02178777904,10.354814457017493,0
S3_transport,C,7,3,Ea1_J,K1_ref,0,-0.25031422041879314,-0.013989313484131578,53334.02178777904,10.354814457017493,0
S3_transport,C,7,3,Ea1_J,K2_ref,0,-0.03210014373578411,-0.02858508438101863,53334.02178777904,10.354814457017493,0
S3_transport,C,7,3,k2_ref,k2_ref,1,26923118.118375167,1.0000000000000002,3.8549117007199895e-05,5188.749186304457,1
S3_transport,C,7,3,k2_ref,Ea2_J,0,-323027088.3711515,-0.9999999999555983,3.8549117007199895e-05,5188.749186304457,1
S3_transport,C,7,3,k2_ref,K1_ref,0,4.162353580440467,0.00046422603405471037,3.8549117007199895e-05,5188.749186304457,1
S3_transport,C,7,3,k2_ref,K2_ref,0,198.17369381738507,0.35217469649096783,3.8549117007199895e-05,5188.749186304457,1
S3_transport,C,7,3,Ea2_J,Ea2_J,1,3875721206.2889943,1.0,81328.88914075776,62255.2905887443,0
S3_transport,C,7,3,Ea2_J,K1_ref,0,-49.83322675124623,-0.0004632292189930542,81328.88914075776,62255.2905887443,0
S3_transport,C,7,3,Ea2_J,K2_ref,0,-2377.727009386259,-0.3521766429881263,81328.88914075776,62255.2905887443,0
S3_transport,C,7,3,K1_ref,K1_ref,1,2.9860260900215274,1.0,0.41811885613911376,1.728012178782756,0
S3_transport,C,7,3,K1_ref,K2_ref,0,0.03638310707017406,0.19414571442923365,0.41811885613911376,1.728012178782756,0
S3_transport,C,7,3,K2_ref,K2_ref,1,0.011761165309140367,1.0,0.0820873305892628,0.10844890644511067,0
S3_transport,C,7,4,k1_ref,k1_ref,1,0.008498448337385943,1.0,0.0010405146209776712,0.09218702911682285,0
S3_transport,C,7,4,k1_ref,Ea1_J,0,-0.10682530617601822,-0.9581074730556264,0.0010405146209776712,0.09218702911682285,0
S3_transport,C,7,4,k1_ref,k2_ref,0,-0.001737132894937772,-0.11537638984317948,0.0010405146209776712,0.09218702911682285,0
S3_transport,C,7,4,k1_ref,Ea2_J,0,0.020388516134980668,0.09534504961187601,0.0010405146209776712,0.09218702911682285,0
S3_transport,C,7,4,k1_ref,K1_ref,0,-0.9121953535328964,-0.3989469117088244,0.0010405146209776712,0.09218702911682285,0
S3_transport,C,7,4,k1_ref,K2_ref,0,-0.000736643510565846,-0.07936683365049726,0.0010405146209776712,0.09218702911682285,0
S3_transport,C,7,4,Ea1_J,Ea1_J,1,1.4627839908385034,1.0,39788.979162554366,1.2094560723062675,0
S3_transport,C,7,4,Ea1_J,k2_ref,0,0.019441793904839202,0.09842376098964113,39788.979162554366,1.2094560723062675,0
S3_transport,C,7,4,Ea1_J,Ea2_J,0,-0.25448045705466926,-0.09070822861628447,39788.979162554366,1.2094560723062675,0
S3_transport,C,7,4,Ea1_J,K1_ref,0,6.1809308867783725,0.20604442075441817,39788.979162554366,1.2094560723062675,0
S3_transport,C,7,4,Ea1_J,K2_ref,0,0.0037298695425318166,0.030630567921278138,39788.979162554366,1.2094560723062675,0
S3_transport,C,7,4,k2_ref,k2_ref,1,0.026674270972923953,1.0,0.0004502585853357595,0.1633225978636268,0
S3_transport,C,7,4,k2_ref,Ea2_J,0,-0.3702026328070188,-0.9771822572869159,0.0004502585853357595,0.1633225978636268,0
S3_transport,C,7,4,k2_ref,K1_ref,0,0.457960698078644,0.11305219539382219,0.0004502585853357595,0.1633225978636268,0
S3_transport,C,7,4,k2_ref,K2_ref,0,0.0008580556346794615,0.052181994500374064,0.0004502585853357595,0.1633225978636268,0
S3_transport,C,7,4,Ea2_J,Ea2_J,1,5.380656921055989,1.0,51834.07919118092,2.3196243060150903,0
S3_transport,C,7,4,Ea2_J,K1_ref,0,-3.8704536928931366,-0.06727307758388201,51834.07919118092,2.3196243060150903,0
S3_transport,C,7,4,Ea2_J,K2_ref,0,-0.022795888638632356,-0.09760911661667963,51834.07919118092,2.3196243060150903,0
S3_transport,C,7,4,K1_ref,K1_ref,1,615.1851703468651,1.0,6.180116182727698,24.802926648822414,1
S3_transport,C,7,4,K1_ref,K2_ref,0,0.5649333341736815,0.22622769928235467,6.180116182727698,24.802926648822414,1
S3_transport,C,7,4,K2_ref,K2_ref,1,0.010136709185949782,1.0,0.08296781446751739,0.10068122558823855,0
S3_transport,C,7,5,k1_ref,k1_ref,1,0.001783836752404511,0.9999999999999999,0.000995620092002895,0.04223549162025359,0
S3_transport,C,7,5,k1_ref,Ea1_J,0,-0.026118888375976028,-0.8809516723039482,0.000995620092002895,0.04223549162025359,0
S3_transport,C,7,5,k1_ref,k2_ref,0,-0.00033309092457735394,-0.06629967042137921,0.000995620092002895,0.04223549162025359,0
S3_transport,C,7,5,k1_ref,Ea2_J,0,0.004617433375056704,0.061934980724447544,0.000995620092002895,0.04223549162025359,0
S3_transport,C,7,5,k1_ref,K1_ref,0,-0.08486204807321729,-0.08827811108620477,0.000995620092002895,0.04223549162025359,0
S3_transport,C,7,5,k1_ref,K2_ref,0,-2.898930628970535e-05,-0.0068181266891077655,0.000995620092002895,0.04223549162025359,0
S3_transport,C,7,5,Ea1_J,Ea1_J,1,0.49277662937774463,0.9999999999999999,40370.93719403657,0.701980504984109,0
S3_transport,C,7,5,Ea1_J,k2_ref,0,0.003681356026496529,0.04408683199667515,40370.93719403657,0.701980504984109,0
S3_transport,C,7,5,Ea1_J,Ea2_J,0,-0.07922485178714969,-0.06393656600345711,40370.93719403657,0.701980504984109,0
S3_transport,C,7,5,Ea1_J,K1_ref,0,-3.786195975954491,-0.23697095292317205,40370.93719403657,0.701980504984109,0
S3_transport,C,7,5,Ea1_J,K2_ref,0,-0.004878039418075671,-0.06902796204600972,40370.93719403657,0.701980504984109,0
S3_transport,C,7,5,k2_ref,k2_ref,1,0.014149716990068891,0.9999999999999999,0.000525223400617693,0.11895258294828613,0
S3_transport,C,7,5,k2_ref,Ea2_J,0,-0.20184396809862082,-0.9612908786733037,0.000525223400617693,0.11895258294828613,0
S3_transport,C,7,5,k2_ref,K1_ref,0,0.13959660646573444,0.0515606116710813,0.000525223400617693,0.11895258294828613,0
S3_transport,C,7,5,k2_ref,K2_ref,0,0.000599362931879512,0.05005192681517363,0.000525223400617693,0.11895258294828613,0
S3_transport,C,7,5,Ea2_J,Ea2_J,1,3.1158328694926203,1.0,49760.104766397184,1.7651721925898958,0
S3_transport,C,7,5,Ea2_J,K1_ref,0,0.0010263996808391857,2.5547388230443573e-05,49760.104766397184,1.7651721925898958,0
S3_transport,C,7,5,Ea2_J,K2_ref,0,-0.020034517301748295,-0.11274482156558584,49760.104766397184,1.7651721925898958,0
S3_transport,C,7,5,K1_ref,K1_ref,1,518.0430439913534,1.0,6.180116182718258,22.760558956039578,1
S3_transport,C,7,5,K1_ref,K2_ref,0,0.4859027984093004,0.21206611217723784,6.180116182718258,22.760558956039578,1
S3_transport,C,7,5,K2_ref,K2_ref,1,0.010134221794765638,1.0000000000000002,0.0828229765679631,0.10066887202489971,0
S3_transport,C,7,6,k1_ref,k1_ref,1,0.001633812798382132,1.0000000000000002,0.0009955703709686246,0.04042045024962156,0
S3_transport,C,7,6,k1_ref,Ea1_J,0,-0.02156602127495981,-0.8955333472908426,0.0009955703709686246,0.04042045024962156,0
S3_transport,C,7,6,k1_ref,k2_ref,0,-0.0003182672158278058,-0.07032397122473558,0.0009955703709686246,0.04042045024962156,0
S3_transport,C,7,6,k1_ref,Ea2_J,0,0.003933704156486163,0.06317507588529611,0.0009955703709686246,0.04042045024962156,0
S3_transport,C,7,6,k1_ref,K1_ref,0,-0.13828177682862225,-0.1526634109301678,0.0009955703709686246,0.04042045024962156,0
S3_transport,C,7,6,k1_ref,K2_ref,0,-0.00010138776314206913,-0.02526565341109224,0.0009955703709686246,0.04042045024962156,0
S3_transport,C,7,6,Ea1_J,Ea1_J,1,0.3549557697282811,1.0,40371.92405091692,0.5957816460149482,0
S3_transport,C,7,6,Ea1_J,k2_ref,0,0.003196651119970639,0.04792043478551261,40371.92405091692,0.5957816460149482,0
S3_transport,C,7,6,Ea1_J,Ea2_J,0,-0.057494343097883156,-0.06264453946032832,40371.92405091692,0.5957816460149482,0
S3_transport,C,7,6,Ea1_J,K1_ref,0,-2.198004581050091,-0.1646313844548159,40371.92405091692,0.5957816460149482,0
S3_transport,C,7,6,Ea1_J,K2_ref,0,-0.0027329820684763397,-0.046205726365145174,40371.92405091692,0.5957816460149482,0
S3_transport,C,7,6,k2_ref,k2_ref,1,0.012536454855536023,1.0000000000000002,0.0005158618943013819,0.11196631125269789,0
S3_transport,C,7,6,k2_ref,Ea2_J,0,-0.16714408449595342,-0.9690559773747462,0.0005158618943013819,0.11196631125269789,0
S3_transport,C,7,6,k2_ref,K1_ref,0,0.1538969519814251,0.06133576764114752,0.0005158618943013819,0.11196631125269789,0
S3_transport,C,7,6,k2_ref,K2_ref,0,0.00015060672075972346,0.013548871427439338,0.0005158618943013819,0.11196631125269789,0
S3_transport,C,7,6,Ea2_J,Ea2_J,1,2.373064546624142,0.9999999999999998,50137.44292792894,1.5404754287635172,0
S3_transport,C,7,6,Ea2_J,K1_ref,0,-0.429617279054517,-0.012445092295517025,50137.44292792894,1.5404754287635172,0
S3_transport,C,7,6,Ea2_J,K2_ref,0,-0.010680288875652404,-0.06983519714690861,50137.44292792894,1.5404754287635172,0
S3_transport,C,7,6,K1_ref,K1_ref,1,502.1780035836217,1.0,6.180116182727975,22.40932849470554,1
S3_transport,C,7,6,K1_ref,K2_ref,0,0.4656017732929315,0.20928202187133693,6.180116182727975,22.40932849470554,1
S3_transport,C,7,6,K2_ref,K2_ref,1,0.009856159451533454,1.0,0.08244163026511435,0.09927819222534955,0
S3_transport,C,7,7,k1_ref,k1_ref,1,0.0016275905948619585,1.0,0.0009992092586944786,0.04034340831984772,0
S3_transport,C,7,7,k1_ref,Ea1_J,0,-0.022043693318272026,-0.9121697169800376,0.0009992092586944786,0.04034340831984772,0
S3_transport,C,7,7,k1_ref,k2_ref,0,-0.0003110045707573508,-0.06879992810237111,0.0009992092586944786,0.04034340831984772,0
S3_transport,C,7,7,k1_ref,Ea2_J,0,0.004079373503311861,0.06553316819146987,0.0009992092586944786,0.04034340831984772,0
S3_transport,C,7,7,k1_ref,K1_ref,0,-0.004918941361760325,-0.09242709898614344,0.0009992092586944786,0.04034340831984772,0
S3_transport,C,7,7,k1_ref,K2_ref,0,-2.5773191096514967e-05,-0.009107860096867778,0.0009992092586944786,0.04034340831984772,0
S3_transport,C,7,7,Ea1_J,Ea1_J,1,0.35881637049459064,0.9999999999999999,40402.51113185659,0.5990128299916377,0
S3_transport,C,7,7,Ea1_J,k2_ref,0,0.003585073387088425,0.053414076504484057,40402.51113185659,0.5990128299916377,0
S3_transport,C,7,7,Ea1_J,Ea2_J,0,-0.06162519012551682,-0.06667490831763953,40402.51113185659,0.5990128299916377,0
S3_transport,C,7,7,Ea1_J,K1_ref,0,-0.12902772929022346,-0.16328533903747883,40402.51113185659,0.5990128299916377,0
S3_transport,C,7,7,Ea1_J,K2_ref,0,-0.002083052164773623,-0.04957751610637187,40402.51113185659,0.5990128299916377,0
S3_transport,C,7,7,k2_ref,k2_ref,1,0.012554875292352007,1.0,0.0005150282151640208,0.11204853989388709,0
S3_transport,C,7,7,k2_ref,Ea2_J,0,-0.16769664842095297,-0.9699703539539143,0.0005150282151640208,0.11204853989388709,0
S3_transport,C,7,7,k2_ref,K1_ref,0,0.006724876426742693,0.0454965399189635,0.0005150282151640208,0.11204853989388709,0
S3_transport,C,7,7,k2_ref,K2_ref,0,0.00028536444819826374,0.03630900997475843,0.0005150282151640208,0.11204853989388709,0
S3_transport,C,7,7,Ea2_J,Ea2_J,1,2.380780962273497,1.0,50132.71928937691,1.5429779526206773,0
S3_transport,C,7,7,Ea2_J,K1_ref,0,-0.0158421366918235,-0.007783130244837749,50132.71928937691,1.5429779526206773,0
S3_transport,C,7,7,Ea2_J,K2_ref,0,-0.009786914569815312,-0.09042881081560196,50132.71928937691,1.5429779526206773,0
S3_transport,C,7,7,K1_ref,K1_ref,1,1.740201245548265,0.9999999999999999,0.4847547520911575,1.3191668755499681,0
S3_transport,C,7,7,K1_ref,K2_ref,0,0.01860069095467993,0.20102500537839163,0.4847547520911575,1.3191668755499681,0
S3_transport,C,7,7,K2_ref,K2_ref,1,0.004919925361512928,1.0000000000000002,0.08054759589710542,0.07014217961763754,0
S3_transport,C,7,8,k1_ref,k1_ref,1,0.0010948229951659382,1.0,0.0009679694731759337,0.03308810957377194,0
S3_transport,C,7,8,k1_ref,Ea1_J,0,-0.015996737088551632,-0.8979557364804732,0.0009679694731759337,0.03308810957377194,0
S3_transport,C,7,8,k1_ref,k2_ref,0,-0.0002175774341556236,-0.0767185440060364,0.0009679694731759337,0.03308810957377194,0
S3_transport,C,7,8,k1_ref,Ea2_J,0,0.0030588829815661627,0.07393921237936239,0.0009679694731759337,0.03308810957377194,0
S3_transport,C,7,8,k1_ref,K1_ref,0,-0.0025924629578395007,-0.05206929775518074,0.0009679694731759337,0.03308810957377194,0
S3_transport,C,7,8,k1_ref,K2_ref,0,2.7938042280025385e-06,0.0012042427880121628,0.0009679694731759337,0.03308810957377194,0
S3_transport,C,7,8,Ea1_J,Ea1_J,1,0.2898738543193416,0.9999999999999998,40766.3713983387,0.538399344649807,0
S3_transport,C,7,8,Ea1_J,k2_ref,0,0.002770098610726797,0.06002734891017896,40766.3713983387,0.538399344649807,0
S3_transport,C,7,8,Ea1_J,Ea2_J,0,-0.05281214279927896,-0.07845365447297395,40766.3713983387,0.538399344649807,0
S3_transport,C,7,8,Ea1_J,K1_ref,0,-0.18149227257841397,-0.22402409533734677,40766.3713983387,0.538399344649807,0
S3_transport,C,7,8,Ea1_J,K2_ref,0,-0.00244749029083058,-0.06483454899929093,40766.3713983387,0.538399344649807,0
S3_transport,C,7,8,k2_ref,k2_ref,1,0.007346544053579823,1.0000000000000002,0.0005942597707794301,0.08571198313876434,0
S3_transport,C,7,8,k2_ref,Ea2_J,0,-0.10243951422159112,-0.9558943151803017,0.0005942597707794301,0.08571198313876434,0
S3_transport,C,7,8,k2_ref,K1_ref,0,0.004198487872270946,0.03255310923193834,0.0005942597707794301,0.08571198313876434,0
S3_transport,C,7,8,k2_ref,K2_ref,0,0.00030727693657926606,0.051130314017707235,0.0005942597707794301,0.08571198313876434,0
S3_transport,C,7,8,Ea2_J,Ea2_J,1,1.563263456849787,1.0,48353.21172714913,1.2503053454455784,0
S3_transport,C,7,8,Ea2_J,K1_ref,0,0.023657884593426964,0.012574795675039848,48353.21172714913,1.2503053454455784,0
S3_transport,C,7,8,Ea2_J,K2_ref,0,-0.010135328233805708,-0.11561435725596012,48353.21172714913,1.2503053454455784,0
S3_transport,C,7,8,K1_ref,K1_ref,1,2.264215545924711,1.0,0.5537409662726424,1.5047310543498167,0
S3_transport,C,7,8,K1_ref,K2_ref,0,0.02159660052376442,0.20469939085672456,0.5537409662726424,1.5047310543498167,0
S3_transport,C,7,8,K2_ref,K2_ref,1,0.004916091095343296,0.9999999999999998,0.08045190388938224,0.07011484219010478,0
S3_transport,D,7,1,k1_ref,k1_ref,1,5802766405.533525,1.0,0.0008431059133081223,76175.89123557089,0
S3_transport,D,7,1,k1_ref,Ea1_J,0,251670022303.59048,0.9999999999899132,0.0008431059133081223,76175.89123557089,0
S3_transport,D,7,1,k1_ref,k2_ref,0,612.0821875708073,1.0516157359712327e-07,0.0008431059133081223,76175.89123557089,0
S3_transport,D,7,1,k1_ref,Ea2_J,0,5176.234453296198,2.0567544730283448e-08,0.0008431059133081223,76175.89123557089,0
S3_transport,D,7,1,k1_ref,K1_ref,0,-284728.89847604034,-1.1310574108858598e-06,0.0008431059133081223,76175.89123557089,0
S3_transport,D,7,1,k1_ref,K2_ref,0,4.173671047632901,1.657949577388514e-11,0.0008431059133081223,76175.89123557089,0
S3_transport,D,7,1,Ea1_J,Ea1_J,1,10915104228074.47,1.0,70660.38476344553,3303801.4813354737,0
S3_transport,D,7,1,Ea1_J,k2_ref,0,16492.187692993943,6.53324890281494e-08,70660.38476344553,3303801.4813354737,0
S3_transport,D,7,1,Ea1_J,Ea2_J,0,-499.93405218006734,-4.5802040965554385e-11,70660.38476344553,3303801.4813354737,0
S3_transport,D,7,1,Ea1_J,K1_ref,0,6564.939625988122,6.012947869404442e-10,70660.38476344553,3303801.4813354737,0
S3_transport,D,7,1,Ea1_J,K2_ref,0,-0.09394343368149728,-8.604450331256046e-15,70660.38476344553,3303801.4813354737,0
S3_transport,D,7,1,k2_ref,k2_ref,1,5838082689.475224,1.0000000000000002,3.855982507009699e-05,76407.34709093899,0
S3_transport,D,7,1,k2_ref,Ea2_J,0,251668495425.1033,0.9969647134312754,3.855982507009699e-05,76407.34709093899,0
S3_transport,D,7,1,k2_ref,K1_ref,0,44095875.95107653,0.00017463588881920535,3.855982507009699e-05,76407.34709093899,0
S3_transport,D,7,1,k2_ref,K2_ref,0,-1513688.3968798313,-5.994762840759946e-06,3.855982507009699e-05,76407.34709093899,0
S3_transport,D,7,1,Ea2_J,Ea2_J,1,10915104279709.922,1.0,119832.07112790534,3303801.489150025,0
S3_transport,D,7,1,Ea2_J,K1_ref,0,-1016717.6133530773,-9.312301926336248e-08,119832.07112790534,3303801.489150025,0
S3_transport,D,7,1,Ea2_J,K2_ref,0,34901.07890935377,3.1966534275360687e-09,119832.07112790534,3303801.489150025,0
S3_transport,D,7,1,K1_ref,K1_ref,1,10920906994301.72,0.9999999999999998,6.092294760820657,3304679.560003015,0
S3_transport,D,7,1,K1_ref,K2_ref,0,6.1151625589258405,5.599500629450255e-13,6.092294760820657,3304679.560003015,0
S3_transport,D,7,1,K2_ref,K2_ref,1,10920906994479.674,1.0,0.015570899868493334,3304679.5600299393,0
S3_transport,D,7,2,k1_ref,k1_ref,1,0.062038253668460844,1.0000000000000002,0.00050986449560603,0.24907479532955726,0
S3_transport,D,7,2,k1_ref,Ea1_J,0,-0.8858858335498739,-0.9964219069813176,0.00050986449560603,0.24907479532955726,0
S3_transport,D,7,2,k1_ref,k2_ref,0,31.70337833835597,0.057341201358678894,0.00050986449560603,0.24907479532955726,0
S3_transport,D,7,2,k1_ref,Ea2_J,0,-453.5210641214938,-0.057341250528410825,0.00050986449560603,0.24907479532955726,0
S3_transport,D,7,2,k1_ref,K1_ref,0,-0.9552923860375329,-0.01819092158837824,0.00050986449560603,0.24907479532955726,0
S3_transport,D,7,2,k1_ref,K2_ref,0,-0.001168483151263925,-0.0033071707529763105,0.00050986449560603,0.24907479532955726,0
S3_transport,D,7,2,Ea1_J,Ea1_J,1,12.741173068810452,1.0,48854.18256469441,3.5694779826762417,0
S3_transport,D,7,2,Ea1_J,k2_ref,0,-453.7000830433875,-0.057260505484321565,48854.18256469441,3.5694779826762417,0
S3_transport,D,7,2,Ea1_J,Ea2_J,0,6490.217882971279,0.0572603566099273,48854.18256469441,3.5694779826762417,0
S3_transport,D,7,2,Ea1_J,K1_ref,0,-41.36197798841276,-0.05495975136655089,48854.18256469441,3.5694779826762417,0
S3_transport,D,7,2,Ea1_J,K2_ref,0,-0.01107804342599491,-0.002187873973123141,48854.18256469441,3.5694779826762417,0
S3_transport,D,7,2,k2_ref,k2_ref,1,4927401.455066042,1.0,3.8551374751840586e-05,2219.775091099556,0
S3_transport,D,7,2,k2_ref,Ea2_J,0,-70487075.84047382,-0.9999999992405042,3.8551374751840586e-05,2219.775091099556,0
S3_transport,D,7,2,k2_ref,K1_ref,0,67.52779414427555,0.0001442851905316712,3.8551374751840586e-05,2219.775091099556,0
S3_transport,D,7,2,k2_ref,K2_ref,0,-106.58304333303691,-0.033848785383230474,3.8551374751840586e-05,2219.775091099556,0
S3_transport,D,7,2,Ea2_J,Ea2_J,1,1008326176.26061,0.9999999999999999,89423.95943315276,31754.15211056044,0
S3_transport,D,7,2,Ea2_J,K1_ref,0,-951.880983931752,-0.0001421773114978265,89423.95943315276,31754.15211056044,0
S3_transport,D,7,2,Ea2_J,K2_ref,0,1523.0966509985528,0.03381355933508186,89423.95943315276,31754.15211056044,0
S3_transport,D,7,2,K1_ref,K1_ref,1,44453.265017450634,1.0,6.180116182700917,210.83942946576818,1
S3_transport,D,7,2,K1_ref,K2_ref,0,21.647228365916614,0.07237930566106988,6.180116182700917,210.83942946576818,1
S3_transport,D,7,2,K2_ref,K2_ref,1,2.0122044616433366,1.0,0.015450290456834978,1.418521928502812,1
S3_transport,D,7,3,k1_ref,k1_ref,1,0.007820156234916888,0.9999999999999998,0.000698832219496409,0.08843164724756002,0
S3_transport,D,7,3,k1_ref,Ea1_J,0,-0.10509833475841267,-0.9945780011675233,0.000698832219496409,0.08843164724756002,0
S3_transport,D,7,3,k1_ref,k2_ref,0,-0.0019690838995411633,-0.08886935112509892,0.000698832219496409,0.08843164724756002,0
S3_transport,D,7,3,k1_ref,Ea2_J,0,0.026390165485913285,0.09333638975997274,0.000698832219496409,0.08843164724756002,0
S3_transport,D,7,3,k1_ref,K1_ref,0,0.025296368393517465,0.4193093388162401,0.000698832219496409,0.08843164724756002,0
S3_transport,D,7,3,k1_ref,K2_ref,0,0.0004607668172174889,0.09145183766027924,0.000698832219496409,0.08843164724756002,0
S3_transport,D,7,3,Ea1_J,Ea1_J,1,1.4279024610707196,1.0,44268.476146089706,1.1949487273815222,0
S3_transport,D,7,3,Ea1_J,k2_ref,0,0.02628001935486141,0.08777521715787238,44268.476146089706,1.1949487273815222,0
S3_transport,D,7,3,Ea1_J,Ea2_J,0,-0.3564338619348208,-0.09329240410438881,44268.476146089706,1.1949487273815222,0
S3_transport,D,7,3,Ea1_J,K1_ref,0,-0.3806794302769582,-0.46697562520757213,44268.476146089706,1.1949487273815222,0
S3_transport,D,7,3,Ea1_J,K2_ref,0,-0.0069173536659027385,-0.10160373331220356,44268.476146089706,1.1949487273815222,0
S3_transport,D,7,3,k2_ref,k2_ref,1,0.0627782194966051,0.9999999999999998,0.000837893180335382,0.2505558211189776,0
S3_transport,D,7,3,k2_ref,Ea2_J,0,-0.7982180649938693,-0.9963998533978061,0.000837893180335382,0.2505558211189776,0
S3_transport,D,7,3,k2_ref,K1_ref,0,-0.008888315985162173,-0.05199948724509731,0.000837893180335382,0.2505558211189776,0
S3_transport,D,7,3,k2_ref,K2_ref,0,0.0038201146952003594,0.2676029284233882,0.000837893180335382,0.2505558211189776,0
S3_transport,D,7,3,Ea2_J,Ea2_J,1,10.222727885015395,1.0,44748.448454659134,3.1973000930496647,0
S3_transport,D,7,3,Ea2_J,K1_ref,0,0.13393982721347,0.061405943214142826,44748.448454659134,3.1973000930496647,0
S3_transport,D,7,3,Ea2_J,K2_ref,0,-0.05497995194199341,-0.30181436887695745,44748.448454659134,3.1973000930496647,0
S3_transport,D,7,3,K1_ref,K1_ref,1,0.46540586805193535,0.9999999999999999,0.3677556516822604,0.6822066168338852,0
S3_transport,D,7,3,K1_ref,K2_ref,0,0.007664303845755478,0.19718584810529563,0.3677556516822604,0.6822066168338852,0
S3_transport,D,7,3,K2_ref,K2_ref,1,0.0032461014393287894,1.0,0.08055388916445944,0.056974568355791774,0
S3_transport,D,7,4,k1_ref,k1_ref,1,0.0004667821755203936,1.0000000000000002,0.0009025235233962831,0.021605142339739248,0
S3_transport,D,7,4,k1_ref,Ea1_J,0,-0.007194455639506596,-0.9457698647301936,0.0009025235233962831,0.021605142339739248,0
S3_transport,D,7,4,k1_ref,k2_ref,0,-0.0001065064426911947,-0.07643489098554762,0.0009025235233962831,0.021605142339739248,0
S3_transport,D,7,4,k1_ref,Ea2_J,0,0.0016338650449411417,0.08086087905706592,0.0009025235233962831,0.021605142339739248,0
S3_transport,D,7,4,k1_ref,K1_ref,0,0.019292931878403047,0.21509653746090063,0.0009025235233962831,0.021605142339739248,0
S3_transport,D,7,4,k1_ref,K2_ref,0,5.710094980534237e-05,0.04782774995248359,0.0009025235233962831,0.021605142339739248,0
S3_transport,D,7,4,Ea1_J,Ea1_J,1,0.12396830713175534,1.0000000000000002,40868.876677077315,0.3520913335084454,0
S3_transport,D,7,4,Ea1_J,k2_ref,0,0.0016130012207532854,0.0710317089727109,40868.876677077315,0.3520913335084454,0
S3_transport,D,7,4,Ea1_J,Ea2_J,0,-0.028199360475546838,-0.08563737222876959,40868.876677077315,0.3520913335084454,0
S3_transport,D,7,4,Ea1_J,K1_ref,0,-0.5495295748136029,-0.3759482395328144,40868.876677077315,0.3520913335084454,0
S3_transport,D,7,4,Ea1_J,K2_ref,0,-0.0015971803634884899,-0.08209040087241445,40868.876677077315,0.3520913335084454,0
S3_transport,D,7,4,k2_ref,k2_ref,1,0.0041596251390956735,1.0000000000000002,0.0007264791879064497,0.06449515593512177,0
S3_transport,D,7,4,k2_ref,Ea2_J,0,-0.05796669659216992,-0.9610165415692493,0.0007264791879064497,0.06449515593512177,0
S3_transport,D,7,4,k2_ref,K1_ref,0,-0.006794645845449494,-0.025376519026664626,0.0007264791879064497,0.06449515593512177,0
S3_transport,D,7,4,k2_ref,K2_ref,0,0.000667870366756725,0.1873953572209827,0.0007264791879064497,0.06449515593512177,0
S3_transport,D,7,4,Ea2_J,Ea2_J,1,0.8746638604381227,0.9999999999999999,46591.824118667726,0.9352346552807604,0
S3_transport,D,7,4,Ea2_J,K1_ref,0,0.20793734945381412,0.05355551906126911,46591.824118667726,0.9352346552807604,0
S3_transport,D,7,4,Ea2_J,K2_ref,0,-0.01522961710015367,-0.29468779074010615,46591.824118667726,0.9352346552807604,0
S3_transport,D,7,4,K1_ref,K1_ref,1,17.23516157809495,1.0,2.3878906013518018,4.151525211063393,0
S3_transport,D,7,4,K1_ref,K2_ref,0,0.04740350313916587,0.2066314900466119,2.3878906013518018,4.151525211063393,0
S3_transport,D,7,4,K2_ref,K2_ref,1,0.0030536024870536607,1.0,0.08146421445764968,0.055259410846060064,0
S3_transport,D,7,5,k1_ref,k1_ref,1,0.0004184170879279772,1.0,0.0009063046278230085,0.02045524597573877,0
S3_transport,D,7,5,k1_ref,Ea1_J,0,-0.006081857000352422,-0.9496195608952214,0.0009063046278230085,0.02045524597573877,0
S3_transport,D,7,5,k1_ref,k2_ref,0,-9.60722946105743e-05,-0.07590638390395242,0.0009063046278230085,0.02045524597573877,0
S3_transport,D,7,5,k1_ref,Ea2_J,0,0.0013861314030349941,0.08051931104786418,0.0009063046278230085,0.02045524597573877,0
S3_transport,D,7,5,k1_ref,K1_ref,0,0.008809904861805627,0.21975359416743523,0.0009063046278230085,0.02045524597573877,0
S3_transport,D,7,5,k1_ref,K2_ref,0,3.993603326004884e-05,0.050435735053436875,0.0009063046278230085,0.02045524597573877,0
S3_transport,D,7,5,Ea1_J,Ea1_J,1,0.09803105866608462,0.9999999999999999,40779.30457509308,0.3130991195549496,0
S3_transport,D,7,5,Ea1_J,k2_ref,0,0.0013647769155018005,0.0704473509626516,40779.30457509308,0.3130991195549496,0
S3_transport,D,7,5,Ea1_J,Ea2_J,0,-0.02212625910871547,-0.0839704540234609,40779.30457509308,0.3130991195549496,0
S3_transport,D,7,5,Ea1_J,K1_ref,0,-0.23816577848711462,-0.3881208618838875,40779.30457509308,0.3130991195549496,0
S3_transport,D,7,5,Ea1_J,K2_ref,0,-0.0010653233115512294,-0.08789774219574123,40779.30457509308,0.3130991195549496,0
S3_transport,D,7,5,k2_ref,k2_ref,1,0.00382851461590849,1.0,0.0007136353725201954,0.06187499184572463,0
S3_transport,D,7,5,k2_ref,Ea2_J,0,-0.05052889556825027,-0.9703423916767189,0.0007136353725201954,0.06187499184572463,0
S3_transport,D,7,5,k2_ref,K1_ref,0,-0.0026676768953679134,-0.021998220321168622,0.0007136353725201954,0.06187499184572463,0
S3_transport,D,7,5,k2_ref,K2_ref,0,0.00036455657429233714,0.1522046481324006,0.0007136353725201954,0.06187499184572463,0
S3_transport,D,7,5,Ea2_J,Ea2_J,1,0.708270726254595,1.0000000000000002,46988.90287458756,0.8415882165611606,0
S3_transport,D,7,5,Ea2_J,K1_ref,0,0.0795923309348802,0.04825485913524111,46988.90287458756,0.8415882165611606,0
S3_transport,D,7,5,Ea2_J,K2_ref,0,-0.00826970727027664,-0.25384500742405447,46988.90287458756,0.8415882165611606,0
S3_transport,D,7,5,K1_ref,K1_ref,1,3.8411480859905813,0.9999999999999999,1.5210468020748649,1.9598847124233052,0
S3_transport,D,7,5,K1_ref,K2_ref,0,0.01638438564170624,0.21596221429819573,1.5210468020748649,1.9598847124233052,0
S3_transport,D,7,5,K2_ref,K2_ref,1,0.0014984550816030538,1.0000000000000002,0.07926182343774535,0.03870988351316823,0
S3_transport,D,7,6,k1_ref,k1_ref,1,0.0003956542257424874,1.0,0.0009040839241387459,0.019891058939696685,0
S3_transport,D,7,6,k1_ref,Ea1_J,0,-0.005546930434296824,-0.9541806672150307,0.0009040839241387459,0.019891058939696685,0
S3_transport,D,7,6,k1_ref,k2_ref,0,-9.164094881562528e-05,-0.075716324081435,0.0009040839241387459,0.019891058939696685,0
S3_transport,D,7,6,k1_ref,Ea2_J,0,0.0012744461971929367,0.07983639045085564,0.0009040839241387459,0.019891058939696685,0
S3_transport,D,7,6,k1_ref,K1_ref,0,0.004051820175053166,0.2076090592531876,0.0009040839241387459,0.019891058939696685,0
S3_transport,D,7,6,k1_ref,K2_ref,0,3.052546712997447e-05,0.04847211364822357,0.0009040839241387459,0.019891058939696685,0
S3_transport,D,7,6,Ea1_J,Ea1_J,1,0.08541387085964322,1.0,40841.104119348915,0.2922565155127311,0
S3_transport,D,7,6,Ea1_J,k2_ref,0,0.0012555349980599528,0.07060288859032575,40841.104119348915,0.2922565155127311,0
S3_transport,D,7,6,Ea1_J,Ea2_J,0,-0.01935184685832455,-0.08250789524670583,40841.104119348915,0.2922565155127311,0
S3_transport,D,7,6,Ea1_J,K1_ref,0,-0.10774358763082452,-0.37573467201767696,40841.104119348915,0.2922565155127311,0
S3_transport,D,7,6,Ea1_J,K2_ref,0,-0.0008002325244304137,-0.08648475113955152,40841.104119348915,0.2922565155127311,0
S3_transport,D,7,6,k2_ref,k2_ref,1,0.0037024082306729334,1.0,0.0007070950699768963,0.06084741761712598,0
S3_transport,D,7,6,k2_ref,Ea2_J,0,-0.0476720129633145,-0.9762445696529201,0.0007070950699768963,0.06084741761712598,0
S3_transport,D,7,6,k2_ref,K1_ref,0,-0.001127942725717289,-0.01889291360456802,0.0007070950699768963,0.06084741761712598,0
S3_transport,D,7,6,k2_ref,K2_ref,0,0.00025509276633073753,0.1324169362926292,0.0007070950699768963,0.06084741761712598,0
S3_transport,D,7,6,Ea2_J,Ea2_J,1,0.6440586479884792,0.9999999999999998,47186.42916474824,0.8025326460577659,0
S3_transport,D,7,6,Ea2_J,K1_ref,0,0.033680797237940305,0.04277339251023115,47186.42916474824,0.8025326460577659,0
S3_transport,D,7,6,Ea2_J,K2_ref,0,-0.005768064516404392,-0.22701520416631477,47186.42916474824,0.8025326460577659,0
S3_transport,D,7,6,K1_ref,K1_ref,1,0.9627020920725068,1.0,0.9109379040927287,0.9811738337687704,0
S3_transport,D,7,6,K1_ref,K2_ref,0,0.006757303628413272,0.21752792604991064,0.9109379040927287,0.9811738337687704,0
S3_transport,D,7,6,K2_ref,K2_ref,1,0.001002362736985507,1.0,0.07918976733382212,0.03166011271277326,0
S3_transport,D,7,7,k1_ref,k1_ref,1,0.00022262885638511533,1.0,0.0008963935011010172,0.014920752540844424,0
S3_transport,D,7,7,k1_ref,Ea1_J,0,-0.003355041772497814,-0.9367166245303086,0.0008963935011010172,0.014920752540844424,0
S3_transport,D,7,7,k1_ref,k2_ref,0,-4.9988372012244546e-05,-0.07476347783703086,0.0008963935011010172,0.014920752540844424,0
S3_transport,D,7,7,k1_ref,Ea2_J,0,0.0007481706290858542,0.08040309727297403,0.0008963935011010172,0.014920752540844424,0
S3_transport,D,7,7,k1_ref,K1_ref,0,0.004673864892678999,0.23073897971701846,0.0008963935011010172,0.014920752540844424,0
S3_transport,D,7,7,k1_ref,K2_ref,0,2.5525226161047e-05,0.054072417636862276,0.0008963935011010172,0.014920752540844424,0
S3_transport,D,7,7,Ea1_J,Ea1_J,1,0.05762327692843453,1.0,40930.46652305066,0.24004848870266718,0
S3_transport,D,7,7,Ea1_J,k2_ref,0,0.0007336573693337958,0.06820332354282872,40930.46652305066,0.24004848870266718,0
S3_transport,D,7,7,Ea1_J,Ea2_J,0,-0.012739146817936592,-0.08509503441248545,40930.46652305066,0.24004848870266718,0
S3_transport,D,7,7,Ea1_J,K1_ref,0,-0.13732739907445196,-0.4213992518493382,40930.46652305066,0.24004848870266718,0
S3_transport,D,7,7,Ea1_J,K2_ref,0,-0.000739202712826467,-0.0973333100192489,40930.46652305066,0.24004848870266718,0
S3_transport,D,7,7,k2_ref,k2_ref,1,0.002008063950899866,1.0,0.0007087284210709636,0.04481142656622154,0
S3_transport,D,7,7,k2_ref,Ea2_J,0,-0.026881913214477447,-0.961909593868551,0.0007087284210709636,0.04481142656622154,0
S3_transport,D,7,7,k2_ref,K1_ref,0,-0.0013146894139155142,-0.0216107548924905,0.0007087284210709636,0.04481142656622154,0
S3_transport,D,7,7,k2_ref,K2_ref,0,0.00021770565052532388,0.15355990972947497,0.0007087284210709636,0.04481142656622154,0
S3_transport,D,7,7,Ea2_J,Ea2_J,1,0.3889325553922398,0.9999999999999999,47165.08040908544,0.6236445745713177,0
S3_transport,D,7,7,Ea2_J,K1_ref,0,0.04363490919690754,0.05153858248444279,47165.08040908544,0.6236445745713177,0
S3_transport,D,7,7,Ea2_J,K2_ref,0,-0.005306849583686556,-0.2689654811123186,47165.08040908544,0.6236445745713177,0
S3_transport,D,7,7,K1_ref,K1_ref,1,1.843015199620077,1.0,1.263673606404185,1.357576959004563,0
S3_transport,D,7,7,K1_ref,K2_ref,0,0.009411473576371725,0.21912406981867685,1.263673606404185,1.357576959004563,0
S3_transport,D,7,7,K2_ref,K2_ref,1,0.0010009356704519896,0.9999999999999998,0.079316774737471,0.031637567391504515,0
S3_transport,D,7,8,k1_ref,k1_ref,1,0.00021101595578566283,0.9999999999999999,0.0009044346830649225,0.014526388256743754,0
S3_transport,D,7,8,k1_ref,Ea1_J,0,-0.0030729809386359206,-0.9400527135582987,0.0009044346830649225,0.014526388256743754,0
S3_transport,D,7,8,k1_ref,k2_ref,0,-4.712331575877354e-05,-0.07333339447276249,0.0009044346830649225,0.014526388256743754,0
S3_transport,D,7,8,k1_ref,Ea2_J,0,0.000678449805189508,0.077922144371963,0.0009044346830649225,0.014526388256743754,0
S3_transport,D,7,8,k1_ref,K1_ref,0,0.010727225734517625,0.21860551428401856,0.0009044346830649225,0.014526388256743754,0
S3_transport,D,7,8,k1_ref,K2_ref,0,2.0499988616679617e-05,0.05246497018747542,0.0009044346830649225,0.014526388256743754,0
S3_transport,D,7,8,Ea1_J,Ea1_J,1,0.05064073759317775,1.0000000000000002,40709.40095950444,0.22503496971177112,0
S3_transport,D,7,8,Ea1_J,k2_ref,0,0.0006650569694616048,0.06680860941184683,40709.40095950444,0.22503496971177112,0
S3_transport,D,7,8,Ea1_J,Ea2_J,0,-0.01098857268477918,-0.08146894549830778,40709.40095950444,0.22503496971177112,0
S3_transport,D,7,8,Ea1_J,K1_ref,0,-0.3128483420013522,-0.4115429697200668,40709.40095950444,0.22503496971177112,0
S3_transport,D,7,8,Ea1_J,K2_ref,0,-0.0005917765563222315,-0.0977645044191392,40709.40095950444,0.22503496971177112,0
S3_transport,D,7,8,k2_ref,k2_ref,1,0.0019568287070448383,1.0,0.000696523381708771,0.04423605663985928,0
S3_transport,D,7,8,k2_ref,Ea2_J,0,-0.025644958878561767,-0.9672225711570608,0.000696523381708771,0.04423605663985928,0
S3_transport,D,7,8,k2_ref,K1_ref,0,-0.002814600644830992,-0.01883526427670948,0.000696523381708771,0.04423605663985928,0
S3_transport,D,7,8,k2_ref,K2_ref,0,0.000162203020146622,0.13631887365325723,0.000696523381708771,0.04423605663985928,0
S3_transport,D,7,8,Ea2_J,Ea2_J,1,0.35925130774859537,1.0,47583.79836099347,0.5993757650661189,0
S3_transport,D,7,8,Ea2_J,K1_ref,0,0.09435165041358513,0.0465995436037151,47583.79836099347,0.5993757650661189,0
S3_transport,D,7,8,Ea2_J,K2_ref,0,-0.0039465300962184206,-0.24478776010960163,47583.79836099347,0.5993757650661189,0
S3_transport,D,7,8,K1_ref,K1_ref,1,11.411357686335947,1.0,3.5600419597781063,3.378070112702806,0
S3_transport,D,7,8,K1_ref,K2_ref,0,0.02086849187135061,0.2296655541698657,3.5600419597781063,3.378070112702806,0
S3_transport,D,7,8,K2_ref,K2_ref,1,0.0007235242365073545,1.0000000000000002,0.07788372997518539,0.026898405835799163,0
S3_transport,E,7,1,k1_ref,k1_ref,1,32348057172.370663,1.0000000000000002,0.0008339062774513109,179855.65649256256,0
S3_transport,E,7,1,k1_ref,Ea1_J,0,1402957779267.7588,0.9999999999895062,0.0008339062774513109,179855.65649256256,0
S3_transport,E,7,1,k1_ref,k2_ref,0,20.35838875072272,6.293543101128291e-10,0.0008339062774513109,179855.65649256256,0
S3_transport,E,7,1,k1_ref,Ea2_J,0,2.1070829522946886,1.5018862173794522e-12,0.0008339062774513109,179855.65649256256,0
S3_transport,E,7,1,k1_ref,K1_ref,0,-687831.8289145568,-4.901423812460242e-07,0.0008339062774513109,179855.65649256256,0
S3_transport,E,7,1,k1_ref,K2_ref,0,-35549.481528784796,-1.4973593382909971e-05,0.0008339062774513109,179855.65649256256,0
S3_transport,E,7,1,Ea1_J,Ea1_J,1,60847256450702.72,1.0,90507.03485383872,7800465.143227211,0
S3_transport,E,7,1,Ea1_J,k2_ref,0,891.6370763924052,6.355409332086331e-10,90507.03485383872,7800465.143227211,0
S3_transport,E,7,1,Ea1_J,Ea2_J,0,-22.05653124712208,-3.6249015211934294e-13,90507.03485383872,7800465.143227211,0
S3_transport,E,7,1,Ea1_J,K1_ref,0,15857.011732881723,2.6053431704284884e-10,90507.03485383872,7800465.143227211,0
S3_transport,E,7,1,Ea1_J,K2_ref,0,-1525904.2690857127,-1.4819162243857577e-05,90507.03485383872,7800465.143227211,0
S3_transport,E,7,1,k2_ref,k2_ref,1,32348055728.080997,1.0,0.020439292354120692,179855.652477427,0
S3_transport,E,7,1,k2_ref,Ea2_J,0,1402957746742.2488,0.9999999991183026,0.020439292354120692,179855.652477427,0
S3_transport,E,7,1,k2_ref,K1_ref,0,404727.19012813515,2.884047303626606e-07,0.020439292354120692,179855.652477427,0
S3_transport,E,7,1,k2_ref,K2_ref,0,-1418824.17388783,-0.0005976148124329984,0.020439292354120692,179855.652477427,0
S3_transport,E,7,1,Ea2_J,Ea2_J,1,60847256452149.29,1.0,25369.675485175398,7800465.143319935,0
S3_transport,E,7,1,Ea2_J,K1_ref,0,-9420.393725645425,-1.5477921609070813e-10,25369.675485175398,7800465.143319935,0
S3_transport,E,7,1,Ea2_J,K2_ref,0,-57367631.05979424,-0.0005571386419412362,25369.675485175398,7800465.143319935,0
S3_transport,E,7,1,K1_ref,K1_ref,1,60879604507729.484,1.0000000000000002,6.18005172351793,7802538.337472587,0
S3_transport,E,7,1,K1_ref,K2_ref,0,-93946869.38003296,-0.0009121437077925187,6.18005172351793,7802538.337472587,0
S3_transport,E,7,1,K2_ref,K2_ref,1,174247385.0995708,0.9999999999999998,0.015450291517036394,13200.279735656015,1
S3_transport,E,7,2,k1_ref,k1_ref,1,0.37863601077263986,0.9999999999999999,0.0003569530717050017,0.6153340643688109,0
S3_transport,E,7,2,k1_ref,Ea1_J,0,-6.008643774059755,-0.9903069869699348,0.0003569530717050017,0.6153340643688109,0
S3_transport,E,7,2,k1_ref,k2_ref,0,0.22973163155828918,0.07719514682459926,0.0003569530717050017,0.6153340643688109,0
S3_transport,E,7,2,k1_ref,Ea2_J,0,-3.654426337445307,-0.07659946749480462,0.0003569530717050017,0.6153340643688109,0
S3_transport,E,7,2,k1_ref,K1_ref,0,-142.6820480369169,-0.03569284650771015,0.0003569530717050017,0.6153340643688109,0
S3_transport,E,7,2,k1_ref,K2_ref,0,-0.26820719985582436,-0.0037020612928562913,0.0003569530717050017,0.6153340643688109,0
S3_transport,E,7,2,Ea1_J,Ea1_J,1,97.22799110227244,1.0000000000000002,54872.740180107045,9.86042550310444,0
S3_transport,E,7,2,Ea1_J,k2_ref,0,-3.6533718652189044,-0.07660875106233186,54872.740180107045,9.86042550310444,0
S3_transport,E,7,2,Ea1_J,Ea2_J,0,58.729865704799664,0.07682115769690083,54872.740180107045,9.86042550310444,0
S3_transport,E,7,2,Ea1_J,K1_ref,0,-6166.801256377139,-0.09626914255990796,54872.740180107045,9.86042550310444,0
S3_transport,E,7,2,Ea1_J,K2_ref,0,-11.538815758239238,-0.009939160720976822,54872.740180107045,9.86042550310444,0
S3_transport,E,7,2,k2_ref,k2_ref,1,23.390509557537996,1.0,0.004219928696819389,4.836373595736582,0
S3_transport,E,7,2,k2_ref,Ea2_J,0,-370.7952044172088,-0.9888530637486345,0.004219928696819389,4.836373595736582,0
S3_transport,E,7,2,k2_ref,K1_ref,0,-51.978419333811395,-0.0016543448155146385,0.004219928696819389,4.836373595736582,0
S3_transport,E,7,2,k2_ref,K2_ref,0,-23.757586490604545,-0.04172214309663208,0.004219928696819389,4.836373595736582,0
S3_transport,E,7,2,Ea2_J,Ea2_J,1,6011.253009825102,1.0000000000000002,20000.000000367574,77.53227076401865,1
S3_transport,E,7,2,Ea2_J,K1_ref,0,-1933.7156723568974,-0.003839130908233499,20000.000000367574,77.53227076401865,1
S3_transport,E,7,2,Ea2_J,K2_ref,0,-967.414543585308,-0.10597763876957514,20000.000000367574,77.53227076401865,1
S3_transport,E,7,2,K1_ref,K1_ref,1,42204074.83533291,1.0,6.180116182688614,6496.466334503159,1
S3_transport,E,7,2,K1_ref,K2_ref,0,73126.44438697657,0.09560517390783127,6.180116182688614,6496.466334503159,1
S3_transport,E,7,2,K2_ref,K2_ref,1,13862.186533962975,1.0,0.015450290456819952,117.73778719664718,1
S3_transport,E,7,3,k1_ref,k1_ref,1,0.012247475975131438,1.0,0.000633090136686771,0.11066831513640857,0
S3_transport,E,7,3,k1_ref,Ea1_J,0,-0.15324459200187382,-0.993351709965307,0.000633090136686771,0.11066831513640857,0
S3_transport,E,7,3,k1_ref,k2_ref,0,-0.004597584341989749,-0.10739265266108809,0.000633090136686771,0.11066831513640857,0
S3_transport,E,7,3,k1_ref,Ea2_J,0,0.06135815560606494,0.11853322689066395,0.000633090136686771,0.11066831513640857,0
S3_transport,E,7,3,k1_ref,K1_ref,0,0.010208719726163771,0.157304036835738,0.000633090136686771,0.11066831513640857,0
S3_transport,E,7,3,k1_ref,K2_ref,0,-0.00043273324076029227,-0.08106213230528339,0.000633090136686771,0.11066831513640857,0
S3_transport,E,7,3,Ea1_J,Ea1_J,1,1.9432005771987975,1.0000000000000002,45483.36655639506,1.39398729448973,0
S3_transport,E,7,3,Ea1_J,k2_ref,0,0.06199982224646893,0.11497403995846289,45483.36655639506,1.39398729448973,0
S3_transport,E,7,3,Ea1_J,Ea2_J,0,-0.8467245804147172,-0.12985971976537114,45483.36655639506,1.39398729448973,0
S3_transport,E,7,3,Ea1_J,K1_ref,0,-0.17070041274443448,-0.20881786019129345,45483.36655639506,1.39398729448973,0
S3_transport,E,7,3,Ea1_J,K2_ref,0,0.0072569253774494285,0.10792322293912553,45483.36655639506,1.39398729448973,0
S3_transport,E,7,3,k2_ref,k2_ref,1,0.14964550432147977,1.0,0.0010112526097213934,0.3868404119549556,0
S3_transport,E,7,3,k2_ref,Ea2_J,0,-1.807444651058454,-0.9989052115937805,0.0010112526097213934,0.3868404119549556,0
S3_transport,E,7,3,k2_ref,K1_ref,0,-0.009687066682394071,-0.042702405225582926,0.0010112526097213934,0.3868404119549556,0
S3_transport,E,7,3,k2_ref,K2_ref,0,0.0007066484456037591,0.037869767195878215,0.0010112526097213934,0.3868404119549556,0
S3_transport,E,7,3,Ea2_J,Ea2_J,1,21.87851200577438,0.9999999999999999,42806.71739252167,4.677447167609099,0
S3_transport,E,7,3,Ea2_J,K1_ref,0,0.15786369116099658,0.057552639707868246,42806.71739252167,4.677447167609099,0
S3_transport,E,7,3,Ea2_J,K2_ref,0,-0.011453512056224845,-0.05076341737446919,42806.71739252167,4.677447167609099,0
S3_transport,E,7,3,K1_ref,K1_ref,1,0.3438873729020652,1.0,0.26125512696492875,0.5864191102804079,0
S3_transport,E,7,3,K1_ref,K2_ref,0,-0.01895883869961418,-0.6702312625312377,0.26125512696492875,0.5864191102804079,0
S3_transport,E,7,3,K2_ref,K2_ref,1,0.0023267936566633445,1.0,0.0718396034987404,0.04823684957232743,0
S3_transport,E,7,4,k1_ref,k1_ref,1,0.0004375338795169045,1.0,0.000938174460413694,0.020917310523031026,0
S3_transport,E,7,4,k1_ref,Ea1_J,0,-0.00686767563017362,-0.9182094570305414,0.000938174460413694,0.020917310523031026,0
S3_transport,E,7,4,k1_ref,k2_ref,0,-0.0003803016494637455,-0.6017192742662056,0.000938174460413694,0.020917310523031026,0
S3_transport,E,7,4,k1_ref,Ea2_J,0,0.006226048400358387,0.5875328931927917,0.000938174460413694,0.020917310523031026,0
S3_transport,E,7,4,k1_ref,K1_ref,0,0.00038911325684122663,0.021664571825563635,0.000938174460413694,0.020917310523031026,0
S3_transport,E,7,4,k1_ref,K2_ref,0,3.1650891188000265e-05,0.03218762783705521,0.000938174460413694,0.020917310523031026,0
S3_transport,E,7,4,Ea1_J,Ea1_J,1,0.12785694966203653,1.0,40609.35277135203,0.3575709015874146,0
S3_transport,E,7,4,Ea1_J,k2_ref,0,0.006312985852482591,0.5843111909629455,40609.35277135203,0.3575709015874146,0
S3_transport,E,7,4,Ea1_J,Ea2_J,0,-0.1216318996312456,-0.671445638154365,40609.35277135203,0.3575709015874146,0
S3_transport,E,7,4,Ea1_J,K1_ref,0,-0.06784954883405676,-0.2209859797992316,40609.35277135203,0.3575709015874146,0
S3_transport,E,7,4,Ea1_J,K2_ref,0,0.0012868310522220882,0.0765540611495154,40609.35277135203,0.3575709015874146,0
S3_transport,E,7,4,k2_ref,k2_ref,1,0.000912970794148055,1.0,0.0006918347438145048,0.030215406569299295,0
S3_transport,E,7,4,k2_ref,Ea2_J,0,-0.014221596017076791,-0.9290635726838162,0.0006918347438145048,0.030215406569299295,0
S3_transport,E,7,4,k2_ref,K1_ref,0,-0.0013276381751239868,-0.05117186152157772,0.0006918347438145048,0.030215406569299295,0
S3_transport,E,7,4,k2_ref,K2_ref,0,5.347754349243505e-05,0.037648864238653997,0.0006918347438145048,0.030215406569299295,0
S3_transport,E,7,4,Ea2_J,Ea2_J,1,0.2566545253730336,1.0000000000000002,47519.865667762206,0.5066108224002263,0
S3_transport,E,7,4,Ea2_J,K1_ref,0,0.07108047667436661,0.1634014082409545,47519.865667762206,0.5066108224002263,0
S3_transport,E,7,4,Ea2_J,K2_ref,0,-0.003263947058814701,-0.1370495187408436,47519.865667762206,0.5066108224002263,0
S3_transport,E,7,4,K1_ref,K1_ref,1,0.7372930613044159,1.0,0.3968733260802736,0.8586577090461692,0
S3_transport,E,7,4,K1_ref,K2_ref,0,-0.026450340845603035,-0.6552696774723985,0.3968733260802736,0.8586577090461692,0
S3_transport,E,7,4,K2_ref,K2_ref,1,0.002209949023041301,0.9999999999999998,0.07066782389675931,0.047010094905682774,0
S3_transport,E,7,5,k1_ref,k1_ref,1,0.0003857957732838078,1.0000000000000002,0.0009377430639236785,0.01964168458365544,0
S3_transport,E,7,5,k1_ref,Ea1_J,0,-0.00557617512856115,-0.9299777743941394,0.0009377430639236785,0.01964168458365544,0
S3_transport,E,7,5,k1_ref,k2_ref,0,-0.00032672841688198643,-0.5844204197084232,0.0009377430639236785,0.01964168458365544,0
S3_transport,E,7,5,k1_ref,Ea2_J,0,0.004890666265542055,0.5741094105568855,0.0009377430639236785,0.01964168458365544,0
S3_transport,E,7,5,k1_ref,K1_ref,0,0.00042620825239612567,0.036987571375120466,0.0009377430639236785,0.01964168458365544,0
S3_transport,E,7,5,k1_ref,K2_ref,0,1.0877492523005335e-05,0.017098455939774524,0.0009377430639236785,0.01964168458365544,0
S3_transport,E,7,5,Ea1_J,Ea1_J,1,0.0931901918585123,1.0000000000000002,40620.8296567207,0.3052706862089976,0
S3_transport,E,7,5,Ea1_J,k2_ref,0,0.004938329121434769,0.5683451179258673,40620.8296567207,0.3052706862089976,0
S3_transport,E,7,5,Ea1_J,Ea2_J,0,-0.08578251746429509,-0.6479165221379529,40620.8296567207,0.3052706862089976,0
S3_transport,E,7,5,Ea1_J,K1_ref,0,-0.03786468468839294,-0.21142772473105179,40620.8296567207,0.3052706862089976,0
S3_transport,E,7,5,Ea1_J,K2_ref,0,0.0007099654633020125,0.07180570534023444,40620.8296567207,0.3052706862089976,0
S3_transport,E,7,5,k2_ref,k2_ref,1,0.0008101502829011175,1.0,0.000696509128904664,0.02846313902051419,0
S3_transport,E,7,5,k2_ref,Ea2_J,0,-0.011589877423432506,-0.9388612598303644,0.000696509128904664,0.02846313902051419,0
S3_transport,E,7,5,k2_ref,K1_ref,0,-0.0008641530397052159,-0.051751216417805335,0.000696509128904664,0.02846313902051419,0
S3_transport,E,7,5,k2_ref,K2_ref,0,3.303374960276809e-05,0.03583289618229675,0.000696509128904664,0.02846313902051419,0
S3_transport,E,7,5,Ea2_J,Ea2_J,1,0.1881002008603684,1.0,47342.1244115829,0.43370520040733707,0
S3_transport,E,7,5,Ea2_J,K1_ref,0,0.03933439448547614,0.1545932522770284,47342.1244115829,0.43370520040733707,0
S3_transport,E,7,5,Ea2_J,K2_ref,0,-0.0017362042764721922,-0.12359845008023684,47342.1244115829,0.43370520040733707,0
S3_transport,E,7,5,K1_ref,K1_ref,1,0.3441712674043442,1.0,0.3957508386057902,0.5866611180267056,0
S3_transport,E,7,5,K1_ref,K2_ref,0,-0.012464198931919617,-0.6559698809608344,0.3957508386057902,0.5866611180267056,0
S3_transport,E,7,5,K2_ref,K2_ref,1,0.001049026198380624,1.0000000000000002,0.07147458716442785,0.03238867392130502,0
S3_transport,E,7,6,k1_ref,k1_ref,1,0.0003656153461636482,1.0,0.0009364201908350447,0.019121070737896668,0
S3_transport,E,7,6,k1_ref,Ea1_J,0,-0.005059282839542764,-0.9394174880361983,0.0009364201908350447,0.019121070737896668,0
S3_transport,E,7,6,k1_ref,k2_ref,0,-0.0003059901276157065,-0.5765489351887341,0.0009364201908350447,0.019121070737896668,0
S3_transport,E,7,6,k1_ref,Ea2_J,0,0.004365448087987099,0.5680972000722976,0.0009364201908350447,0.019121070737896668,0
S3_transport,E,7,6,k1_ref,K1_ref,0,0.0003276913300478545,0.040605186906378724,0.0009364201908350447,0.019121070737896668,0
S3_transport,E,7,6,k1_ref,K2_ref,0,4.910221421998171e-06,0.009884482257007542,0.0009364201908350447,0.019121070737896668,0
S3_transport,E,7,6,Ea1_J,Ea1_J,1,0.07932977472973403,0.9999999999999998,40666.74146492928,0.281655418427791,0
S3_transport,E,7,6,Ea1_J,k2_ref,0,0.004399706817596207,0.5627902886136426,40666.74146492928,0.281655418427791,0
S3_transport,E,7,6,Ea1_J,Ea2_J,0,-0.07173783935184061,-0.6337766147979926,40666.74146492928,0.281655418427791,0
S3_transport,E,7,6,Ea1_J,K1_ref,0,-0.024127179385580493,-0.2029631589193009,40666.74146492928,0.281655418427791,0
S3_transport,E,7,6,Ea1_J,K2_ref,0,0.0005214900846810936,0.07126774256185357,40666.74146492928,0.281655418427791,0
S3_transport,E,7,6,k2_ref,k2_ref,1,0.0007704031758092202,1.0,0.0006917990943362952,0.027756137624122348,0
S3_transport,E,7,6,k2_ref,Ea2_J,0,-0.010567599879078099,-0.9473781364043146,0.0006917990943362952,0.027756137624122348,0
S3_transport,E,7,6,k2_ref,K1_ref,0,-0.000590674477211342,-0.05042175343221847,0.0006917990943362952,0.027756137624122348,0
S3_transport,E,7,6,k2_ref,K2_ref,0,2.5301826020547613e-05,0.035087941525544626,0.0006917990943362952,0.027756137624122348,0
S3_transport,E,7,6,Ea2_J,Ea2_J,1,0.1615057326914667,1.0,47513.12813278607,0.40187775839360246,0
S3_transport,E,7,6,Ea2_J,K1_ref,0,0.025128913653530847,0.14815233947230713,47513.12813278607,0.40187775839360246,0
S3_transport,E,7,6,Ea2_J,K2_ref,0,-0.001225395190287596,-0.11736733890854323,47513.12813278607,0.40187775839360246,0
S3_transport,E,7,6,K1_ref,K1_ref,1,0.17813221086021042,1.0,0.3499426399626322,0.42205711800680534,0
S3_transport,E,7,6,K1_ref,K2_ref,0,-0.00722691884570769,-0.6590934663278284,0.3499426399626322,0.42205711800680534,0
S3_transport,E,7,6,K2_ref,K2_ref,1,0.0006749473316075429,0.9999999999999999,0.07142640171476178,0.025979748490074783,0
S3_transport,E,7,7,k1_ref,k1_ref,1,0.00035613577906950877,1.0,0.0009339280932961439,0.018871560059240167,0
S3_transport,E,7,7,k1_ref,Ea1_J,0,-0.004822719379518574,-0.9462260632807955,0.0009339280932961439,0.018871560059240167,0
S3_transport,E,7,7,k1_ref,k2_ref,0,-0.000296244423535053,-0.5720130367865073,0.0009339280932961439,0.018871560059240167,0
S3_transport,E,7,7,k1_ref,Ea2_J,0,0.0041219241692809295,0.5647084125971984,0.0009339280932961439,0.018871560059240167,0
S3_transport,E,7,7,k1_ref,K1_ref,0,0.00031241456731328967,0.04417794336556994,0.0009339280932961439,0.018871560059240167,0
S3_transport,E,7,7,k1_ref,K2_ref,0,2.9147125552542112e-06,0.007189960118437053,0.0009339280932961439,0.018871560059240167,0
S3_transport,E,7,7,Ea1_J,Ea1_J,1,0.07294215078933707,1.0,40728.449448521205,0.2700780457374073,0
S3_transport,E,7,7,Ea1_J,k2_ref,0,0.0041481905293567515,0.5596712006263052,40728.449448521205,0.2700780457374073,0
S3_transport,E,7,7,Ea1_J,Ea2_J,0,-0.06514767273383418,-0.6236510917060554,40728.449448521205,0.2700780457374073,0
S3_transport,E,7,7,Ea1_J,K1_ref,0,-0.019597833449974112,-0.1936425538795807,40728.449448521205,0.2700780457374073,0
S3_transport,E,7,7,Ea1_J,K2_ref,0,0.0003673179792278057,0.06331279077088553,40728.449448521205,0.2700780457374073,0
S3_transport,E,7,7,k2_ref,k2_ref,1,0.0007531351321462108,0.9999999999999999,0.0006908092921757309,0.02744330760214976,0
S3_transport,E,7,7,k2_ref,Ea2_J,0,-0.010116085611248993,-0.9530333664160711,0.0006908092921757309,0.02744330760214976,0
S3_transport,E,7,7,k2_ref,K1_ref,0,-0.0005114195579712886,-0.04973050858179103,0.0006908092921757309,0.02744330760214976,0
S3_transport,E,7,7,k2_ref,K2_ref,0,1.948100721032558e-05,0.033045589745349525,0.0006908092921757309,0.02744330760214976,0
S3_transport,E,7,7,Ea2_J,Ea2_J,1,0.14960147427901044,1.0,47564.50917292034,0.38678349794039873,0
S3_transport,E,7,7,Ea2_J,K1_ref,0,0.020483054734037436,0.14132168614066273,47564.50917292034,0.38678349794039873,0
S3_transport,E,7,7,Ea2_J,K2_ref,0,-0.0008985929930189733,-0.10815177321064375,47564.50917292034,0.38678349794039873,0
S3_transport,E,7,7,K1_ref,K1_ref,1,0.14042225944242456,0.9999999999999998,0.3726057875769359,0.3747295817551966,0
S3_transport,E,7,7,K1_ref,K2_ref,0,-0.005263135568500627,-0.6538304336638053,0.3726057875769359,0.3747295817551966,0
S3_transport,E,7,7,K2_ref,K2_ref,1,0.0004614481332705749,1.0,0.06965785681483255,0.02148134384228731,0
S3_transport,E,7,8,k1_ref,k1_ref,1,0.0003480757152349724,1.0000000000000002,0.000935197382597147,0.01865678737711754,0
S3_transport,E,7,8,k1_ref,Ea1_J,0,-0.004620286606027233,-0.9523601830550623,0.000935197382597147,0.01865678737711754,0
S3_transport,E,7,8,k1_ref,k2_ref,0,-0.00028803845362000013,-0.5681630438362908,0.000935197382597147,0.01865678737711754,0
S3_transport,E,7,8,k1_ref,Ea2_J,0,0.00391664013377419,0.5614693329442695,0.000935197382597147,0.01865678737711754,0
S3_transport,E,7,8,k1_ref,K1_ref,0,0.00027762005505488927,0.04216154737614092,0.000935197382597147,0.01865678737711754,0
S3_transport,E,7,8,k1_ref,K2_ref,0,2.0227355829437343e-06,0.005662604350681346,0.000935197382597147,0.01865678737711754,0
S3_transport,E,7,8,Ea1_J,Ea1_J,1,0.06761789540692209,1.0000000000000002,40690.26351578309,0.26003441196680505,0
S3_transport,E,7,8,Ea1_J,k2_ref,0,0.003938376315938999,0.5573727849905412,40690.26351578309,0.26003441196680505,0
S3_transport,E,7,8,Ea1_J,Ea2_J,0,-0.05974224450541592,-0.614468951009836,40690.26351578309,0.26003441196680505,0
S3_transport,E,7,8,Ea1_J,K1_ref,0,-0.016863016934941574,-0.18374139918556634,40690.26351578309,0.26003441196680505,0
S3_transport,E,7,8,Ea1_J,K2_ref,0,0.0002991043895778525,0.060076680500519446,40690.26351578309,0.26003441196680505,0
S3_transport,E,7,8,k2_ref,k2_ref,1,0.0007383822598208949,1.0,0.0006890071095485724,0.027173190092826698,0
S3_transport,E,7,8,k2_ref,Ea2_J,0,-0.009737649174550554,-0.95843514286502,0.0006890071095485724,0.027173190092826698,0
S3_transport,E,7,8,k2_ref,K1_ref,0,-0.00045028540877121797,-0.0469515371114674,0.0006890071095485724,0.027173190092826698,0
S3_transport,E,7,8,k2_ref,K2_ref,0,1.61146446015434e-05,0.03097377012638288,0.0006890071095485724,0.027173190092826698,0
S3_transport,E,7,8,Ea2_J,Ea2_J,1,0.13979818552636986,1.0,47634.429081329785,0.3738959554827651,0
S3_transport,E,7,8,Ea2_J,K1_ref,0,0.017740679530586143,0.13443800255045485,47634.429081329785,0.3738959554827651,0
S3_transport,E,7,8,Ea2_J,K2_ref,0,-0.0007307739551379748,-0.10208131579116116,47634.429081329785,0.3738959554827651,0
S3_transport,E,7,8,K1_ref,K1_ref,1,0.12456466506961683,0.9999999999999999,0.39263344744581785,0.3529371970614841,0
S3_transport,E,7,8,K1_ref,K2_ref,0,-0.004406381973950432,-0.6520766899610339,0.39263344744581785,0.3529371970614841,0
S3_transport,E,7,8,K2_ref,K2_ref,1,0.0003665827864657814,1.0000000000000002,0.06937889263139352,0.019146351779537045,0
S3_transport,F,7,1,k1_ref,k1_ref,1,0.7969384825051148,1.0000000000000002,0.00044766255312115124,0.8927141101747607,0
S3_transport,F,7,1,k1_ref,Ea1_J,0,8.12183202713419,0.4634895825498158,0.00044766255312115124,0.8927141101747607,0
S3_transport,F,7,1,k1_ref,k2_ref,0,0.011548681739336037,0.005623828601939208,0.00044766255312115124,0.8927141101747607,0
S3_transport,F,7,1,k1_ref,Ea2_J,0,-0.021469540127035742,-0.0012025403972942311,0.00044766255312115124,0.8927141101747607,0
S3_transport,F,7,1,k1_ref,K1_ref,0,-1.6094710298327477e-07,-1.641066998690627e-07,0.00044766255312115124,0.8927141101747607,0
S3_transport,F,7,1,k1_ref,K2_ref,0,3.65725339559982e-09,3.729049943814e-09,0.00044766255312115124,0.8927141101747607,0
S3_transport,F,7,1,Ea1_J,Ea1_J,1,385.3037656386548,1.0,58050.09577985225,19.629156009330988,0
S3_transport,F,7,1,Ea1_J,k2_ref,0,-0.021002131941505933,-0.00046512942860167325,58050.09577985225,19.629156009330988,0
S3_transport,F,7,1,Ea1_J,Ea2_J,0,0.039123119121007806,9.966006753005082e-05,58050.09577985225,19.629156009330988,0
S3_transport,F,7,1,Ea1_J,K1_ref,0,2.761626260139089e-07,1.2806157076068088e-08,58050.09577985225,19.629156009330988,0
S3_transport,F,7,1,Ea1_J,K2_ref,0,-6.418288881304122e-09,-2.976275854554692e-10,58050.09577985225,19.629156009330988,0
S3_transport,F,7,1,k2_ref,k2_ref,1,5.291464361234287,1.0,0.0012203219967421607,2.300318317371378,0
S3_transport,F,7,1,k2_ref,Ea2_J,0,0.019270935792149432,0.0004188940566741195,0.0012203219967421607,2.300318317371378,0
S3_transport,F,7,1,k2_ref,K1_ref,0,8.103068488621302e-10,3.206395714318093e-10,0.0012203219967421607,2.300318317371378,0
S3_transport,F,7,1,k2_ref,K2_ref,0,-3.7414612400068194e-09,-1.4805015287839709e-09,0.0012203219967421607,2.300318317371378,0
S3_transport,F,7,1,Ea2_J,Ea2_J,1,399.9643989178394,1.0,56903.71644039127,19.9991099531414,0
S3_transport,F,7,1,Ea2_J,K1_ref,0,-1.447574072399146e-09,-6.588486723823914e-11,56903.71644039127,19.9991099531414,0
S3_transport,F,7,1,Ea2_J,K2_ref,0,6.8828511135532294e-09,3.1326599480014695e-10,56903.71644039127,19.9991099531414,0
S3_transport,F,7,1,K1_ref,K1_ref,1,1.2069489608125679,0.9999999999999998,0.6180095476617675,1.0986122886681033,0
S3_transport,F,7,1,K1_ref,K2_ref,0,4.617937791407619e-16,3.826125164645411e-16,0.6180095476617675,1.0986122886681033,0
S3_transport,F,7,1,K2_ref,K2_ref,1,1.206948960812581,0.9999999999999998,0.15450235460582834,1.0986122886681093,0
S3_transport,F,7,2,k1_ref,k1_ref,1,0.38797814243310974,1.0,0.0003575401921645696,0.6228789147443584,0
S3_transport,F,7,2,k1_ref,Ea1_J,0,-4.6589412528395675,-0.9997239977983577,0.0003575401921645696,0.6228789147443584,0
S3_transport,F,7,2,k1_ref,k2_ref,0,0.0021843298331108148,0.0026060457508269913,0.0003575401921645696,0.6228789147443584,0
S3_transport,F,7,2,k1_ref,Ea2_J,0,-0.021829037615447237,-0.0021669980368917994,0.0003575401921645696,0.6228789147443584,0
S3_transport,F,7,2,k1_ref,K1_ref,0,0.0030099227614648664,0.005576033153664349,0.0003575401921645696,0.6228789147443584,0
S3_transport,F,7,2,k1_ref,K2_ref,0,3.801229575987184e-05,0.00117506307438784,0.0003575401921645696,0.6228789147443584,0
S3_transport,F,7,2,Ea1_J,Ea1_J,1,55.9766591076713,0.9999999999999999,51749.58126892057,7.481755082042669,0
S3_transport,F,7,2,Ea1_J,k2_ref,0,-0.02644045015562693,-0.0026262302880038775,51749.58126892057,7.481755082042669,0
S3_transport,F,7,2,Ea1_J,Ea2_J,0,0.23395254131324986,0.0019335341106186876,51749.58126892057,7.481755082042669,0
S3_transport,F,7,2,Ea1_J,K1_ref,0,-0.08062760049904609,-0.012435231473243605,51749.58126892057,7.481755082042669,0
S3_transport,F,7,2,Ea1_J,K2_ref,0,-0.0003066131038811658,-0.0007890925321874397,51749.58126892057,7.481755082042669,0
S3_transport,F,7,2,k2_ref,k2_ref,1,1.8107775592947541,1.0,0.0005073272912456268,1.3456513513145796,0
S3_transport,F,7,2,k2_ref,Ea2_J,0,-21.759338460314396,-0.9998634523339137,0.0005073272912456268,1.3456513513145796,0
S3_transport,F,7,2,k2_ref,K1_ref,0,0.0024390693949305864,0.0020915354537879996,0.0005073272912456268,1.3456513513145796,0
S3_transport,F,7,2,k2_ref,K2_ref,0,0.0027060601664357217,0.03872091448654645,0.0005073272912456268,1.3456513513145796,0
S3_transport,F,7,2,Ea2_J,Ea2_J,1,261.5440733789801,1.0,50992.4875009268,16.172324303543387,0
S3_transport,F,7,2,Ea2_J,K1_ref,0,0.007692806757525492,0.0005488908704101053,50992.4875009268,16.172324303543387,0
S3_transport,F,7,2,Ea2_J,K2_ref,0,-0.0349551571585747,-0.04161783906453771,50992.4875009268,16.172324303543387,0
S3_transport,F,7,2,K1_ref,K1_ref,1,0.7510221542536974,1.0,0.5351577064915558,0.8666153438831425,0
S3_transport,F,7,2,K1_ref,K2_ref,0,-0.020443454465734954,-0.4542224737173035,0.5351577064915558,0.8666153438831425,0
S3_transport,F,7,2,K2_ref,K2_ref,1,0.002697233728918417,1.0,0.07310050054101513,0.0519348989497276,0
S3_transport,F,7,3,k1_ref,k1_ref,1,0.0031196214578274183,1.0,0.0010311911946089191,0.05585357157628703,0
S3_transport,F,7,3,k1_ref,Ea1_J,0,-0.043273187840131136,-0.984326392573147,0.0010311911946089191,0.05585357157628703,0
S3_transport,F,7,3,k1_ref,k2_ref,0,-0.0032281690024836027,-0.695471966605683,0.0010311911946089191,0.05585357157628703,0
S3_transport,F,7,3,k1_ref,Ea2_J,0,0.04487128973295203,0.6669121117794824,0.0010311911946089191,0.05585357157628703,0
S3_transport,F,7,3,k1_ref,K1_ref,0,-0.012334754720931585,-0.26959997062543767,0.0010311911946089191,0.05585357157628703,0
S3_transport,F,7,3,k1_ref,K2_ref,0,0.0005388909518075627,0.1929701127810279,0.0010311911946089191,0.05585357157628703,0
S3_transport,F,7,3,Ea1_J,Ea1_J,1,0.6195232663122648,1.0,39163.45725508158,0.7870980029909013,0
S3_transport,F,7,3,Ea1_J,k2_ref,0,0.045139319739072606,0.6900817064424101,39163.45725508158,0.7870980029909013,0
S3_transport,F,7,3,Ea1_J,Ea2_J,0,-0.6454076720655307,-0.6807008840786412,39163.45725508158,0.7870980029909013,0
S3_transport,F,7,3,Ea1_J,K1_ref,0,0.10490481807885636,0.1627072468802312,39163.45725508158,0.7870980029909013,0
S3_transport,F,7,3,Ea1_J,K2_ref,0,-0.006144057074041632,-0.1561228746606875,39163.45725508158,0.7870980029909013,0
S3_transport,F,7,3,k2_ref,k2_ref,1,0.006906394296253436,0.9999999999999999,0.0007371939984202929,0.08310471885671376,0
S3_transport,F,7,3,k2_ref,Ea2_J,0,-0.0989407535952093,-0.9883267061066042,0.0007371939984202929,0.08310471885671376,0
S3_transport,F,7,3,k2_ref,K1_ref,0,0.009258560367841432,0.1360059943982567,0.0007371939984202929,0.08310471885671376,0
S3_transport,F,7,3,k2_ref,K2_ref,0,-0.0006094234603280809,-0.14666739978802043,0.0007371939984202929,0.08310471885671376,0
S3_transport,F,7,3,Ea2_J,Ea2_J,1,1.451102187887616,1.0,46390.362858170694,1.2046170295523868,0
S3_transport,F,7,3,Ea2_J,K1_ref,0,-0.0749531811683924,-0.07595936816599258,46390.362858170694,1.2046170295523868,0
S3_transport,F,7,3,Ea2_J,K2_ref,0,0.004845400130266271,0.08044901973682744,46390.362858170694,1.2046170295523868,0
S3_transport,F,7,3,K1_ref,K1_ref,1,0.6709952654036205,1.0,0.5273126586464374,0.819143006686635,0
S3_transport,F,7,3,K1_ref,K2_ref,0,-0.01898723126310592,-0.4635984984550147,0.5273126586464374,0.819143006686635,0
S3_transport,F,7,3,K2_ref,K2_ref,1,0.0024998835750621538,1.0,0.07221647790516096,0.049998835737066455,0
S3_transport,F,7,4,k1_ref,k1_ref,1,0.0003258411737357736,1.0000000000000002,0.0009461038666888395,0.01805107126283018,0
S3_transport,F,7,4,k1_ref,Ea1_J,0,-0.004949179054698748,-0.9091122543460458,0.0009461038666888395,0.01805107126283018,0
S3_transport,F,7,4,k1_ref,k2_ref,0,-0.00023030269271132194,-0.32559500851135664,0.0009461038666888395,0.01805107126283018,0
S3_transport,F,7,4,k1_ref,Ea2_J,0,0.0035385272282303297,0.32028416749763244,0.0009461038666888395,0.01805107126283018,0
S3_transport,F,7,4,k1_ref,K1_ref,0,-0.00021593215065951758,-0.013063943624718272,0.0009461038666888395,0.01805107126283018,0
S3_transport,F,7,4,k1_ref,K2_ref,0,2.855265522041644e-05,0.033775912668385984,0.0009461038666888395,0.01805107126283018,0
S3_transport,F,7,4,Ea1_J,Ea1_J,1,0.09095474222753211,1.0,40351.12689390734,0.30158703922339253,0
S3_transport,F,7,4,Ea1_J,k2_ref,0,0.0036659428274877443,0.31020923109393,40351.12689390734,0.30158703922339253,0
S3_transport,F,7,4,Ea1_J,Ea2_J,0,-0.07120747700795953,-0.3857703405832515,40351.12689390734,0.30158703922339253,0
S3_transport,F,7,4,Ea1_J,K1_ref,0,-0.055140311177915825,-0.19967169609315044,40351.12689390734,0.30158703922339253,0
S3_transport,F,7,4,Ea1_J,K2_ref,0,0.00020546587517857463,0.014547574880049916,40351.12689390734,0.30158703922339253,0
S3_transport,F,7,4,k2_ref,k2_ref,1,0.0015354532335118702,1.0,0.0007589421601419588,0.03918485974852877,0
S3_transport,F,7,4,k2_ref,Ea2_J,0,-0.022990692284371894,-0.9586270111328131,0.0007589421601419588,0.03918485974852877,0
S3_transport,F,7,4,k2_ref,K1_ref,0,-0.0011264620320985824,-0.03139483678494222,0.0007589421601419588,0.03918485974852877,0
S3_transport,F,7,4,k2_ref,K2_ref,0,-1.942170767157296e-05,-0.010583582242526323,0.0007589421601419588,0.03918485974852877,0
S3_transport,F,7,4,Ea2_J,Ea2_J,1,0.3746003512999997,0.9999999999999999,46031.34968951387,0.6120460369122569,0
S3_transport,F,7,4,Ea2_J,K1_ref,0,0.062218652880392314,0.11101878797128803,46031.34968951387,0.6120460369122569,0
S3_transport,F,7,4,Ea2_J,K2_ref,0,-0.002796497585481898,-0.09756497355182386,46031.34968951387,0.6120460369122569,0
S3_transport,F,7,4,K1_ref,K1_ref,1,0.8384555888145068,1.0,0.7805091334893516,0.9156722059855845,0
S3_transport,F,7,4,K1_ref,K2_ref,0,-0.015523077262680143,-0.3619939896177066,0.7805091334893516,0.9156722059855845,0
S3_transport,F,7,4,K2_ref,K2_ref,1,0.002193172818573183,1.0000000000000002,0.07146067550007573,0.04683132304956996,0
S3_transport,F,7,5,k1_ref,k1_ref,1,0.0002866018284403442,1.0,0.0009413884385765463,0.01692931860531735,0
S3_transport,F,7,5,k1_ref,Ea1_J,0,-0.003885266818405656,-0.9236127179096997,0.0009413884385765463,0.01692931860531735,0
S3_transport,F,7,5,k1_ref,k2_ref,0,-0.00022941430611252942,-0.3963975953391295,0.0009413884385765463,0.01692931860531735,0
S3_transport,F,7,5,k1_ref,Ea2_J,0,0.0031361586227165576,0.384982631011353,0.0009413884385765463,0.01692931860531735,0
S3_transport,F,7,5,k1_ref,K1_ref,0,-0.0008078783698677696,-0.0555550552500873,0.0009413884385765463,0.01692931860531735,0
S3_transport,F,7,5,k1_ref,K2_ref,0,2.5680168253183705e-05,0.03573725906227305,0.0009413884385765463,0.01692931860531735,0
S3_transport,F,7,5,Ea1_J,Ea1_J,1,0.06174231833568892,0.9999999999999999,40452.508369035924,0.2484800159684656,0
S3_transport,F,7,5,Ea1_J,k2_ref,0,0.003272959109204746,0.3853000861487706,40452.508369035924,0.2484800159684656,0
S3_transport,F,7,5,Ea1_J,Ea2_J,0,-0.05339127627797358,-0.4465410920392885,40452.508369035924,0.2484800159684656,0
S3_transport,F,7,5,Ea1_J,K1_ref,0,-0.03435580958978161,-0.16096290540129055,40452.508369035924,0.2484800159684656,0
S3_transport,F,7,5,Ea1_J,K2_ref,0,0.00022016161228620359,0.020874351135107914,40452.508369035924,0.2484800159684656,0
S3_transport,F,7,5,k2_ref,k2_ref,1,0.0011686918464323217,0.9999999999999998,0.0007338921535539458,0.03418613529535507,0
S3_transport,F,7,5,k2_ref,Ea2_J,0,-0.01583435729067451,-0.962571562715078,0.0007338921535539458,0.03418613529535507,0
S3_transport,F,7,5,k2_ref,K1_ref,0,-0.0009839824559861397,-0.03350845699983776,0.0007338921535539458,0.03418613529535507,0
S3_transport,F,7,5,k2_ref,K2_ref,0,-7.617123439867682e-05,-0.05249329575535869,0.0007338921535539458,0.03418613529535507,0
S3_transport,F,7,5,Ea2_J,Ea2_J,1,0.23154468268178127,1.0,46631.90891392966,0.48119090045613006,0
S3_transport,F,7,5,Ea2_J,K1_ref,0,0.05098587803463216,0.1233529608745297,46631.90891392966,0.48119090045613006,0
S3_transport,F,7,5,Ea2_J,K2_ref,0,-0.0012400477015905452,-0.06071330007476982,46631.90891392966,0.48119090045613006,0
S3_transport,F,7,5,K1_ref,K1_ref,1,0.7378461857217503,0.9999999999999999,0.7558584067948024,0.8589797353382386,0
S3_transport,F,7,5,K1_ref,K2_ref,0,-0.014548064388778984,-0.39901125876246024,0.7558584067948024,0.8589797353382386,0
S3_transport,F,7,5,K2_ref,K2_ref,1,0.001801666038514582,0.9999999999999999,0.07078954848591672,0.04244603678218477,0
S3_transport,F,7,6,k1_ref,k1_ref,1,0.0001763049281114571,1.0,0.0009464462689711139,0.013277986598556918,0
S3_transport,F,7,6,k1_ref,Ea1_J,0,-0.0026067637473577683,-0.9067478850866614,0.0009464462689711139,0.013277986598556918,0
S3_transport,F,7,6,k1_ref,k2_ref,0,-0.00014558308907531688,-0.48743147474717236,0.0009464462689711139,0.013277986598556918,0
S3_transport,F,7,6,k1_ref,Ea2_J,0,0.0022034088389136747,0.4668914760812433,0.0009464462689711139,0.013277986598556918,0
S3_transport,F,7,6,k1_ref,K1_ref,0,-0.0001515853566782589,-0.013276866203013922,0.0009464462689711139,0.013277986598556918,0
S3_transport,F,7,6,k1_ref,K2_ref,0,1.9645612387587223e-05,0.03491688258438998,0.0009464462689711139,0.013277986598556918,0
S3_transport,F,7,6,Ea1_J,Ea1_J,1,0.04687764551272128,1.0,40389.33380714914,0.2165124604098371,0
S3_transport,F,7,6,Ea1_J,k2_ref,0,0.0022915873027659164,0.4705311469352182,40389.33380714914,0.2165124604098371,0
S3_transport,F,7,6,Ea1_J,Ea2_J,0,-0.042408859054627226,-0.5510953888788712,40389.33380714914,0.2165124604098371,0
S3_transport,F,7,6,Ea1_J,K1_ref,0,-0.04177949728961829,-0.2244144767862667,40389.33380714914,0.2165124604098371,0
S3_transport,F,7,6,Ea1_J,K2_ref,0,0.00027842491519866717,0.030347807329725536,40389.33380714914,0.2165124604098371,0
S3_transport,F,7,6,k2_ref,k2_ref,1,0.0005059764107878735,1.0,0.0007070612422685187,0.022493919418097717,0
S3_transport,F,7,6,k2_ref,Ea2_J,0,-0.007492974199532242,-0.9372213776426668,0.0007070612422685187,0.022493919418097717,0
S3_transport,F,7,6,k2_ref,K1_ref,0,-0.0007936087339349773,-0.04103097702279915,0.0007070612422685187,0.022493919418097717,0
S3_transport,F,7,6,k2_ref,K2_ref,0,2.3181093071712745e-05,0.02432041005343734,0.0007070612422685187,0.022493919418097717,0
S3_transport,F,7,6,Ea2_J,Ea2_J,1,0.12632631628570826,1.0,47100.77240315341,0.3554241357669851,0
S3_transport,F,7,6,Ea2_J,K1_ref,0,0.04749810312675955,0.15541749497634116,47100.77240315341,0.3554241357669851,0
S3_transport,F,7,6,Ea2_J,K2_ref,0,-0.002486697069534657,-0.1651117893218844,47100.77240315341,0.3554241357669851,0
S3_transport,F,7,6,K1_ref,K1_ref,1,0.7393650041963685,1.0000000000000002,0.7660058932170447,0.859863363678421,0
S3_transport,F,7,6,K1_ref,K2_ref,0,-0.014592968435084213,-0.4005127215457742,0.7660058932170447,0.859863363678421,0
S3_transport,F,7,6,K2_ref,K2_ref,1,0.0017955428140374343,0.9999999999999999,0.07117251754620858,0.04237384587263038,0
S3_transport,F,7,7,k1_ref,k1_ref,1,0.00016469009451995891,1.0,0.0009457355580137901,0.012833163854636896,0
S3_transport,F,7,7,k1_ref,Ea1_J,0,-0.002299670391179234,-0.9118632868186346,0.0009457355580137901,0.012833163854636896,0
S3_transport,F,7,7,k1_ref,k2_ref,0,-0.00013641936506123228,-0.49324658952074535,0.0009457355580137901,0.012833163854636896,0
S3_transport,F,7,7,k1_ref,Ea2_J,0,0.001941098833669093,0.47006955952307944,0.0009457355580137901,0.012833163854636896,0
S3_transport,F,7,7,k1_ref,K1_ref,0,-0.00017967288907874503,-0.017582405973402077,0.0009457355580137901,0.012833163854636896,0
S3_transport,F,7,7,k1_ref,K2_ref,0,1.7445090681046568e-05,0.03544648828743861,0.0009457355580137901,0.012833163854636896,0
S3_transport,F,7,7,Ea1_J,Ea1_J,1,0.0386192866191841,1.0,40416.48841426533,0.1965179040677569,0
S3_transport,F,7,7,Ea1_J,k2_ref,0,0.0020210884837965188,0.4772050275485237,40416.48841426533,0.1965179040677569,0
S3_transport,F,7,7,Ea1_J,Ea2_J,0,-0.034820288433382016,-0.5506535707308909,40416.48841426533,0.1965179040677569,0
S3_transport,F,7,7,Ea1_J,K1_ref,0,-0.03666961861602939,-0.23433316661640996,40416.48841426533,0.1965179040677569,0
S3_transport,F,7,7,Ea1_J,K2_ref,0,0.0003143553536004087,0.041711178570475176,40416.48841426533,0.1965179040677569,0
S3_transport,F,7,7,k2_ref,k2_ref,1,0.0004644686294666243,1.0000000000000002,0.0007093089387642165,0.02155153427175486,0
S3_transport,F,7,7,k2_ref,Ea2_J,0,-0.00653121532217715,-0.9418115834660777,0.0007093089387642165,0.02155153427175486,0
S3_transport,F,7,7,k2_ref,K1_ref,0,-0.0007353912620400278,-0.04285186851667821,0.0007093089387642165,0.02155153427175486,0
S3_transport,F,7,7,k2_ref,K2_ref,0,2.1121369188115558e-05,0.02555510079721556,0.0007093089387642165,0.02155153427175486,0
S3_transport,F,7,7,Ea2_J,Ea2_J,1,0.10353890360529767,1.0,47050.470315367864,0.3217746161605941,0
S3_transport,F,7,7,Ea2_J,K1_ref,0,0.043452950366254545,0.16958872707273262,47050.470315367864,0.3217746161605941,0
S3_transport,F,7,7,Ea2_J,K2_ref,0,-0.002151879050422513,-0.17438125561934983,47050.470315367864,0.3217746161605941,0
S3_transport,F,7,7,K1_ref,K1_ref,1,0.6340755635457552,1.0,0.7270371639139971,0.7962886182445127,0
S3_transport,F,7,7,K1_ref,K2_ref,0,-0.013212800803747479,-0.43267131474507836,0.7270371639139971,0.7962886182445127,0
S3_transport,F,7,7,K2_ref,K2_ref,1,0.0014707286488999092,0.9999999999999999,0.06945755173012921,0.03835008016810277,0
S3_transport,F,7,8,k1_ref,k1_ref,1,0.0001640338918462652,1.0,0.0009457727251057566,0.012807571660789769,0
S3_transport,F,7,8,k1_ref,Ea1_J,0,-0.002292516708205897,-0.9200403638722816,0.0009457727251057566,0.012807571660789769,0
S3_transport,F,7,8,k1_ref,k2_ref,0,-0.00013604296796819362,-0.49340599549952946,0.0009457727251057566,0.012807571660789769,0
S3_transport,F,7,8,k1_ref,Ea2_J,0,0.0019382527905086424,0.47470568508634947,0.0009457727251057566,0.012807571660789769,0
S3_transport,F,7,8,k1_ref,K1_ref,0,4.079357408544878e-05,0.004408878620882846,0.0009457727251057566,0.012807571660789769,0
S3_transport,F,7,8,k1_ref,K2_ref,0,9.197849588031979e-06,0.025760173360990003,0.0009457727251057566,0.012807571660789769,0
S3_transport,F,7,8,Ea1_J,Ea1_J,1,0.0378510270332167,1.0,40407.453185983264,0.19455340406483948,0
S3_transport,F,7,8,Ea1_J,k2_ref,0,0.0020020484118816037,0.4780032614661109,40407.453185983264,0.19455340406483948,0
S3_transport,F,7,8,Ea1_J,Ea2_J,0,-0.03403300900421144,-0.5487093038978148,40407.453185983264,0.19455340406483948,0
S3_transport,F,7,8,Ea1_J,K1_ref,0,-0.03303409384875437,-0.2350318635986632,40407.453185983264,0.19455340406483948,0
S3_transport,F,7,8,Ea1_J,K2_ref,0,0.00025421241933878036,0.04686916349953081,40407.453185983264,0.19455340406483948,0
S3_transport,F,7,8,k2_ref,k2_ref,1,0.0004634573375336135,0.9999999999999999,0.0007091059197868674,0.02152805930718358,0
S3_transport,F,7,8,k2_ref,Ea2_J,0,-0.006496750643270451,-0.9466122632471643,0.0007091059197868674,0.02152805930718358,0
S3_transport,F,7,8,k2_ref,K1_ref,0,-0.0007356818006503963,-0.047302959296367006,0.0007091059197868674,0.02152805930718358,0
S3_transport,F,7,8,k2_ref,K2_ref,0,2.1052600888893572e-05,0.035077622398589345,0.0007091059197868674,0.02152805930718358,0
S3_transport,F,7,8,Ea2_J,Ea2_J,1,0.1016338508399285,0.9999999999999999,47055.87627685939,0.31880064435306354,0
S3_transport,F,7,8,Ea2_J,K1_ref,0,0.038761267606055624,0.16829916476819978,47055.87627685939,0.31880064435306354,0
S3_transport,F,7,8,Ea2_J,K2_ref,0,-0.0014676032323826013,-0.16512724750440175,47055.87627685939,0.31880064435306354,0
S3_transport,F,7,8,K1_ref,K1_ref,1,0.5219076230163159,1.0,0.8314630274376159,0.7224317428078004,0
S3_transport,F,7,8,K1_ref,K2_ref,0,-0.009676868869559431,-0.48047114229827487,0.8314630274376159,0.7224317428078004,0
S3_transport,F,7,8,K2_ref,K2_ref,1,0.0007772155028553092,0.9999999999999999,0.0698860502601943,0.027878585022473958,0
