scenario,strategy,seed,round,candidate_rank,candidate_selected,governor_state,design_mode,spatial_mode,T_C,Q_total_mL_min,C_EGDA_M,C_cat_M,n_positions_selected,row_kind,z_m,z_over_L,marginal_gain_nats,is_selected_position,selection_order,realized_gain_nats
S3_transport,E,7,1,1,1,,fim,optimized,40.0,1.0,1.0,0.5,10,candidate_z,0.004,0.02,29.68187356040673,0,-1,nan
S3_transport,E,7,1,1,1,,fim,optimized,40.0,1.0,1.0,0.5,10,candidate_z,0.00596,0.0298,32.075521621948155,0,-1,nan
S3_transport,E,7,1,1,1,,fim,optimized,40.0,1.0,1.0,0.5,10,candidate_z,0.00792,0.039599999999999996,33.7782988153466,0,-1,nan
S3_transport,E,7,1,1,1,,fim,optimized,40.0,1.0,1.0,0.5,10,candidate_z,0.00988,0.0494,35.1012839679523,0,-1,nan
S3_transport,E,7,1,1,1,,fim,optimized,40.0,1.0,1.0,0.5,10,candidate_z,0.01184,0.059199999999999996,36.18314093131721,0,-1,nan
S3_transport,E,7,1,1,1,,fim,optimized,40.0,1.0,1.0,0.5,10,candidate_z,0.0138,0.06899999999999999,37.0982664624226,0,-1,nan
S3_transport,E,7,1,1,1,,fim,optimized,40.0,1.0,1.0,0.5,10,candidate_z,0.01576,0.0788,37.89115470499658,0,-1,nan
S3_transport,E,7,1,1,1,,fim,optimized,40.0,1.0,1.0,0.5,10,candidate_z,0.01772,0.0886,38.590560551910386,0,-1,nan
S3_transport,E,7,1,1,1,,fim,optimized,40.0,1.0,1.0,0.5,10,candidate_z,0.01968,0.09839999999999999,39.216149149052356,0,-1,nan
S3_transport,E,7,1,1,1,,fim,optimized,40.0,1.0,1.0,0.5,10,candidate_z,0.02164,0.10819999999999999,39.78196540454945,0,-1,nan
S3_transport,E,7,1,1,1,,fim,optimized,40.0,1.0,1.0,0.5,10,candidate_z,0.0236,0.118,40.298391020648054,0,-1,nan
S3_transport,E,7,1,1,1,,fim,optimized,40.0,1.0,1.0,0.5,10,candidate_z,0.02556,0.1278,40.77331740317668,0,-1,nan
S3_transport,E,7,1,1,1,,fim,optimized,40.0,1.0,1.0,0.5,10,candidate_z,0.02752,0.1376,41.21288361211509,0,-1,nan
S3_transport,E,7,1,1,1,,fim,optimized,40.0,1.0,1.0,0.5,10,candidate_z,0.02948,0.14739999999999998,41.62195968440048,0,-1,nan
S3_transport,E,7,1,1,1,,fim,optimized,40.0,1.0,1.0,0.5,10,candidate_z,0.031439999999999996,0.15719999999999998,42.00447402965011,0,-1,nan
S3_transport,E,7,1,1,1,,fim,optimized,40.0,1.0,1.0,0.5,10,candidate_z,0.0334,0.16699999999999998,42.363641557029354,0,-1,nan
S3_transport,E,7,1,1,1,,fim,optimized,40.0,1.0,1.0,0.5,10,candidate_z,0.03536,0.1768,42.70212666969999,0,-1,nan
S3_transport,E,7,1,1,1,,fim,optimized,40.0,1.0,1.0,0.5,10,candidate_z,0.037320000000000006,0.18660000000000002,43.02216220569966,0,-1,nan
S3_transport,E,7,1,1,1,,fim,optimized,40.0,1.0,1.0,0.5,10,candidate_z,0.039279999999999995,0.19639999999999996,43.3256378891016,0,-1,nan
S3_transport,E,7,1,1,1,,fim,optimized,40.0,1.0,1.0,0.5,10,candidate_z,0.04124,0.2062,43.61416722771787,0,-1,nan
S3_transport,E,7,1,1,1,,fim,optimized,40.0,1.0,1.0,0.5,10,candidate_z,0.0432,0.216,43.88913885119574,0,-1,nan
S3_transport,E,7,1,1,1,,fim,optimized,40.0,1.0,1.0,0.5,10,candidate_z,0.045160000000000006,0.22580000000000003,44.151756456304824,0,-1,nan
S3_transport,E,7,1,1,1,,fim,optimized,40.0,1.0,1.0,0.5,10,candidate_z,0.047119999999999995,0.23559999999999998,44.403070257233324,0,-1,nan
S3_transport,E,7,1,1,1,,fim,optimized,40.0,1.0,1.0,0.5,10,candidate_z,0.04908,0.24539999999999998,44.64400201715392,0,-1,nan
S3_transport,E,7,1,1,1,,fim,optimized,40.0,1.0,1.0,0.5,10,candidate_z,0.05104,0.2552,44.875365180698296,0,-1,nan
S3_transport,E,7,1,1,1,,fim,optimized,40.0,1.0,1.0,0.5,10,candidate_z,0.053000000000000005,0.265,45.09788120728487,0,-1,nan
S3_transport,E,7,1,1,1,,fim,optimized,40.0,1.0,1.0,0.5,10,candidate_z,0.054959999999999995,0.27479999999999993,45.31219294052181,0,-1,nan
S3_transport,E,7,1,1,1,,fim,optimized,40.0,1.0,1.0,0.5,10,candidate_z,0.05692,0.28459999999999996,45.51887562769416,0,-1,nan
S3_transport,E,7,1,1,1,,fim,optimized,40.0,1.0,1.0,0.5,10,candidate_z,0.05888,0.2944,45.71844608023076,0,-1,nan
S3_transport,E,7,1,1,1,,fim,optimized,40.0,1.0,1.0,0.5,10,candidate_z,0.060840000000000005,0.3042,45.91137033006315,0,-1,nan
S3_transport,E,7,1,1,1,,fim,optimized,40.0,1.0,1.0,0.5,10,candidate_z,0.0628,0.31399999999999995,46.09807006998879,0,-1,nan
S3_transport,E,7,1,1,1,,fim,optimized,40.0,1.0,1.0,0.5,10,candidate_z,0.06476,0.3238,46.2789281066875,0,-1,nan
S3_transport,E,7,1,1,1,,fim,optimized,40.0,1.0,1.0,0.5,10,candidate_z,0.06672,0.3336,46.45429300069601,0,-1,nan
S3_transport,E,7,1,1,1,,fim,optimized,40.0,1.0,1.0,0.5,10,candidate_z,0.06868,0.3434,46.62448303194431,0,-1,nan
S3_transport,E,7,1,1,1,,fim,optimized,40.0,1.0,1.0,0.5,10,candidate_z,0.07064000000000001,0.3532,46.78978960954001,0,-1,nan
S3_transport,E,7,1,1,1,,fim,optimized,40.0,1.0,1.0,0.5,10,candidate_z,0.0726,0.363,46.9504802139558,0,-1,nan
S3_transport,E,7,1,1,1,,fim,optimized,40.0,1.0,1.0,0.5,10,candidate_z,0.07456,0.37279999999999996,47.10680094690798,0,-1,nan
S3_transport,E,7,1,1,1,,fim,optimized,40.0,1.0,1.0,0.5,10,candidate_z,0.07652,0.3826,47.25897875042128,0,-1,nan
S3_transport,E,7,1,1,1,,fim,optimized,40.0,1.0,1.0,0.5,10,candidate_z,0.07848,0.39239999999999997,47.407223345452394,0,-1,nan
S3_transport,E,7,1,1,1,,fim,optimized,40.0,1.0,1.0,0.5,10,candidate_z,0.08044,0.40219999999999995,47.55172893302171,0,-1,nan
S3_transport,E,7,1,1,1,,fim,optimized,40.0,1.0,1.0,0.5,10,candidate_z,0.0824,0.412,47.6926756862084,0,-1,nan
S3_transport,E,7,1,1,1,,fim,optimized,40.0,1.0,1.0,0.5,10,candidate_z,0.08436,0.4218,47.83023106960951,0,-1,nan
S3_transport,E,7,1,1,1,,fim,optimized,40.0,1.0,1.0,0.5,10,candidate_z,0.08632000000000001,0.43160000000000004,47.96455100919711,0,-1,nan
S3_transport,E,7,1,1,1,,fim,optimized,40.0,1.0,1.0,0.5,10,candidate_z,0.08828,0.44139999999999996,48.095780929199094,0,-1,nan
S3_transport,E,7,1,1,1,,fim,optimized,40.0,1.0,1.0,0.5,10,candidate_z,0.09024,0.4512,48.224056671814566,0,-1,nan
S3_transport,E,7,1,1,1,,fim,optimized,40.0,1.0,1.0,0.5,10,candidate_z,0.0922,0.461,48.349505321368994,0,-1,nan
S3_transport,E,7,1,1,1,,fim,optimized,40.0,1.0,1.0,0.5,10,candidate_z,0.09416,0.47079999999999994,48.47224594264708,0,-1,nan
S3_transport,E,7,1,1,1,,fim,optimized,40.0,1.0,1.0,0.5,10,candidate_z,0.09612,0.48059999999999997,48.592390240341246,0,-1,nan
S3_transport,E,7,1,1,1,,fim,optimized,40.0,1.0,1.0,0.5,10,candidate_z,0.09808,0.4904,48.71004315457243,0,-1,nan
S3_transport,E,7,1,1,1,,fim,optimized,40.0,1.0,1.0,0.5,10,candidate_z,0.10004,0.5002,48.8253033957827,0,-1,nan
S3_transport,E,7,1,1,1,,fim,optimized,40.0,1.0,1.0,0.5,10,candidate_z,0.10200000000000001,0.51,48.93826392842338,0,-1,nan
S3_transport,E,7,1,1,1,,fim,optimized,40.0,1.0,1.0,0.5,10,candidate_z,0.10396,0.5197999999999999,49.04904086345884,1,-1,nan
S3_transport,E,7,1,1,1,,fim,optimized,40.0,1.0,1.0,0.5,10,candidate_z,0.10592,0.5296,49.157686360345096,0,-1,nan
S3_transport,E,7,1,1,1,,fim,optimized,40.0,1.0,1.0,0.5,10,candidate_z,0.10788,0.5394,49.264278784425926,0,-1,nan
S3_transport,E,7,1,1,1,,fim,optimized,40.0,1.0,1.0,0.5,10,candidate_z,0.10984,0.5491999999999999,49.36889226104495,1,-1,nan
S3_transport,E,7,1,1,1,,fim,optimized,40.0,1.0,1.0,0.5,10,candidate_z,0.1118,0.5589999999999999,49.47159697541298,0,-1,nan
S3_transport,E,7,1,1,1,,fim,optimized,40.0,1.0,1.0,0.5,10,candidate_z,0.11376,0.5688,49.57245944816066,0,-1,nan
S3_transport,E,7,1,1,1,,fim,optimized,40.0,1.0,1.0,0.5,10,candidate_z,0.11572,0.5786,49.671542784995026,1,-1,nan
S3_transport,E,7,1,1,1,,fim,optimized,40.0,1.0,1.0,0.5,10,candidate_z,0.11768,0.5884,49.76890690721123,0,-1,nan
S3_transport,E,7,1,1,1,,fim,optimized,40.0,1.0,1.0,0.5,10,candidate_z,0.11964,0.5982,49.86460876266014,0,-1,nan
S3_transport,E,7,1,1,1,,fim,optimized,40.0,1.0,1.0,0.5,10,candidate_z,0.1216,0.608,49.95870251865615,1,-1,nan
S3_transport,E,7,1,1,1,,fim,optimized,40.0,1.0,1.0,0.5,10,candidate_z,0.12356,0.6178,50.05123974095261,0,-1,nan
S3_transport,E,7,1,1,1,,fim,optimized,40.0,1.0,1.0,0.5,10,candidate_z,0.12552,0.6275999999999999,50.14226955735252,0,-1,nan
S3_transport,E,7,1,1,1,,fim,optimized,40.0,1.0,1.0,0.5,10,candidate_z,0.12747999999999998,0.6373999999999999,50.23183880889562,1,-1,nan
S3_transport,E,7,1,1,1,,fim,optimized,40.0,1.0,1.0,0.5,10,candidate_z,0.12944,0.6472,50.319992186947005,0,-1,nan
S3_transport,E,7,1,1,1,,fim,optimized,40.0,1.0,1.0,0.5,10,candidate_z,0.1314,0.6569999999999999,50.40677236980993,0,-1,nan
S3_transport,E,7,1,1,1,,fim,optimized,40.0,1.0,1.0,0.5,10,candidate_z,0.13336,0.6668,50.492220137310866,0,-1,nan
S3_transport,E,7,1,1,1,,fim,optimized,40.0,1.0,1.0,0.5,10,candidate_z,0.13532,0.6766,50.57637448150666,0,-1,nan
S3_transport,E,7,1,1,1,,fim,optimized,40.0,1.0,1.0,0.5,10,candidate_z,0.13728,0.6864,50.6592727100556,0,-1,nan
S3_transport,E,7,1,1,1,,fim,optimized,40.0,1.0,1.0,0.5,10,candidate_z,0.13924,0.6961999999999999,50.74095054217524,0,-1,nan
S3_transport,E,7,1,1,1,,fim,optimized,40.0,1.0,1.0,0.5,10,candidate_z,0.1412,0.706,50.821442197921485,0,-1,nan
S3_transport,E,7,1,1,1,,fim,optimized,40.0,1.0,1.0,0.5,10,candidate_z,0.14316,0.7158,50.90078048030739,0,-1,nan
S3_transport,E,7,1,1,1,,fim,optimized,40.0,1.0,1.0,0.5,10,candidate_z,0.14512,0.7255999999999999,50.97899685292782,0,-1,nan
S3_transport,E,7,1,1,1,,fim,optimized,40.0,1.0,1.0,0.5,10,candidate_z,0.14708,0.7353999999999999,51.0561215117408,0,-1,nan
S3_transport,E,7,1,1,1,,fim,optimized,40.0,1.0,1.0,0.5,10,candidate_z,0.14904,0.7452,51.13218345221537,0,-1,nan
S3_transport,E,7,1,1,1,,fim,optimized,40.0,1.0,1.0,0.5,10,candidate_z,0.151,0.7549999999999999,51.20721053221288,0,-1,nan
S3_transport,E,7,1,1,1,,fim,optimized,40.0,1.0,1.0,0.5,10,candidate_z,0.15295999999999998,0.7647999999999999,51.28122953078868,0,-1,nan
S3_transport,E,7,1,1,1,,fim,optimized,40.0,1.0,1.0,0.5,10,candidate_z,0.15492,0.7746,51.35426620309997,0,-1,nan
S3_transport,E,7,1,1,1,,fim,optimized,40.0,1.0,1.0,0.5,10,candidate_z,0.15688,0.7843999999999999,51.42634533218484,0,-1,nan
S3_transport,E,7,1,1,1,,fim,optimized,40.0,1.0,1.0,0.5,10,candidate_z,0.15884,0.7942,51.4974907767958,0,-1,nan
S3_transport,E,7,1,1,1,,fim,optimized,40.0,1.0,1.0,0.5,10,candidate_z,0.1608,0.8039999999999999,51.56772551713594,0,-1,nan
S3_transport,E,7,1,1,1,,fim,optimized,40.0,1.0,1.0,0.5,10,candidate_z,0.16276,0.8137999999999999,51.63707169757174,0,-1,nan
S3_transport,E,7,1,1,1,,fim,optimized,40.0,1.0,1.0,0.5,10,candidate_z,0.16472,0.8236,51.705550666359684,0,-1,nan
S3_transport,E,7,1,1,1,,fim,optimized,40.0,1.0,1.0,0.5,10,candidate_z,0.16668,0.8333999999999999,51.77318301360131,0,-1,nan
S3_transport,E,7,1,1,1,,fim,optimized,40.0,1.0,1.0,0.5,10,candidate_z,0.16864,0.8432000000000001,51.83998860670265,0,-1,nan
S3_transport,E,7,1,1,1,,fim,optimized,40.0,1.0,1.0,0.5,10,candidate_z,0.1706,0.853,51.90598662356106,0,-1,nan
S3_transport,E,7,1,1,1,,fim,optimized,40.0,1.0,1.0,0.5,10,candidate_z,0.17256,0.8627999999999999,51.971195584214385,0,-1,nan
S3_transport,E,7,1,1,1,,fim,optimized,40.0,1.0,1.0,0.5,10,candidate_z,0.17452,0.8726,52.03563337988396,0,-1,nan
S3_transport,E,7,1,1,1,,fim,optimized,40.0,1.0,1.0,0.5,10,candidate_z,0.17648,0.8824,52.09931730287957,1,-1,nan
S3_transport,E,7,1,1,1,,fim,optimized,40.0,1.0,1.0,0.5,10,candidate_z,0.17844,0.8921999999999999,52.16226407242593,0,-1,nan
S3_transport,E,7,1,1,1,,fim,optimized,40.0,1.0,1.0,0.5,10,candidate_z,0.1804,0.902,52.22448985903323,0,-1,nan
S3_transport,E,7,1,1,1,,fim,optimized,40.0,1.0,1.0,0.5,10,candidate_z,0.18236,0.9117999999999999,52.286010308364226,1,-1,nan
S3_transport,E,7,1,1,1,,fim,optimized,40.0,1.0,1.0,0.5,10,candidate_z,0.18431999999999998,0.9215999999999999,52.346840563885266,0,-1,nan
S3_transport,E,7,1,1,1,,fim,optimized,40.0,1.0,1.0,0.5,10,candidate_z,0.18628,0.9314,52.40699528823356,0,-1,nan
S3_transport,E,7,1,1,1,,fim,optimized,40.0,1.0,1.0,0.5,10,candidate_z,0.18824,0.9411999999999999,52.46648868307848,1,-1,nan
S3_transport,E,7,1,1,1,,fim,optimized,40.0,1.0,1.0,0.5,10,candidate_z,0.1902,0.951,52.52533450865961,0,-1,nan
S3_transport,E,7,1,1,1,,fim,optimized,40.0,1.0,1.0,0.5,10,candidate_z,0.19216,0.9608,52.583546101353264,0,-1,nan
S3_transport,E,7,1,1,1,,fim,optimized,40.0,1.0,1.0,0.5,10,candidate_z,0.19412,0.9705999999999999,52.64113639141631,1,-1,nan
S3_transport,E,7,1,1,1,,fim,optimized,40.0,1.0,1.0,0.5,10,candidate_z,0.19608,0.9803999999999999,52.69811791904753,0,-1,nan
S3_transport,E,7,1,1,1,,fim,optimized,40.0,1.0,1.0,0.5,10,candidate_z,0.19804,0.9902,52.75450284975109,0,-1,nan
S3_transport,E,7,1,1,1,,fim,optimized,40.0,1.0,1.0,0.5,10,candidate_z,0.2,1.0,52.81030298957461,1,-1,nan
S3_transport,E,7,1,1,1,,fim,optimized,40.0,1.0,1.0,0.5,10,selected_z,0.2,1.0,nan,1,1,52.81030298957461
S3_transport,E,7,1,1,1,,fim,optimized,40.0,1.0,1.0,0.5,10,selected_z,0.1216,0.608,nan,1,2,5.505918224149752
S3_transport,E,7,1,1,1,,fim,optimized,40.0,1.0,1.0,0.5,10,selected_z,0.19412,0.9705999999999999,nan,1,3,1.1645023779152837
S3_transport,E,7,1,1,1,,fim,optimized,40.0,1.0,1.0,0.5,10,selected_z,0.11572,0.5786,nan,1,4,0.7544651773744846
S3_transport,E,7,1,1,1,,fim,optimized,40.0,1.0,1.0,0.5,10,selected_z,0.18824,0.9411999999999999,nan,1,5,0.6229347292437097
S3_transport,E,7,1,1,1,,fim,optimized,40.0,1.0,1.0,0.5,10,selected_z,0.12747999999999998,0.6373999999999999,nan,1,6,0.43852292631814294
S3_transport,E,7,1,1,1,,fim,optimized,40.0,1.0,1.0,0.5,10,selected_z,0.18236,0.9117999999999999,nan,1,7,0.4002142455119895
S3_transport,E,7,1,1,1,,fim,optimized,40.0,1.0,1.0,0.5,10,selected_z,0.10984,0.5491999999999999,nan,1,8,0.315530879048012
S3_transport,E,7,1,1,1,,fim,optimized,40.0,1.0,1.0,0.5,10,selected_z,0.17648,0.8824,nan,1,9,0.2893982481293591
S3_transport,E,7,1,1,1,,fim,optimized,40.0,1.0,1.0,0.5,10,selected_z,0.10396,0.5197999999999999,nan,1,10,0.23751079906261907
S3_transport,E,7,1,1,1,,fim,optimized,40.0,1.0,1.0,0.5,10,final_z,0.107096,0.53548,nan,1,-1,nan
S3_transport,E,7,1,1,1,,fim,optimized,40.0,1.0,1.0,0.5,10,final_z,0.111408,0.55704,nan,1,-1,nan
S3_transport,E,7,1,1,1,,fim,optimized,40.0,1.0,1.0,0.5,10,final_z,0.11572,0.5786,nan,1,-1,nan
S3_transport,E,7,1,1,1,,fim,optimized,40.0,1.0,1.0,0.5,10,final_z,0.120032,0.6001599999999999,nan,1,-1,nan
S3_transport,E,7,1,1,1,,fim,optimized,40.0,1.0,1.0,0.5,10,final_z,0.124344,0.6217199999999999,nan,1,-1,nan
S3_transport,E,7,1,1,1,,fim,optimized,40.0,1.0,1.0,0.5,10,final_z,0.18039999999999998,0.9019999999999998,nan,1,-1,nan
S3_transport,E,7,1,1,1,,fim,optimized,40.0,1.0,1.0,0.5,10,final_z,0.18627999999999997,0.9313999999999998,nan,1,-1,nan
S3_transport,E,7,1,1,1,,fim,optimized,40.0,1.0,1.0,0.5,10,final_z,0.191376,0.95688,nan,1,-1,nan
S3_transport,E,7,1,1,1,,fim,optimized,40.0,1.0,1.0,0.5,10,final_z,0.19568799999999997,0.9784399999999999,nan,1,-1,nan
S3_transport,E,7,1,1,1,,fim,optimized,40.0,1.0,1.0,0.5,10,final_z,0.2,1.0,nan,1,-1,nan
S3_transport,E,7,2,1,1,,fim,optimized,130.0,0.5,1.0,0.1,10,candidate_z,0.004,0.02,48.12425221183693,0,-1,nan
S3_transport,E,7,2,1,1,,fim,optimized,130.0,0.5,1.0,0.1,10,candidate_z,0.00596,0.0298,50.158714155478776,0,-1,nan
S3_transport,E,7,2,1,1,,fim,optimized,130.0,0.5,1.0,0.1,10,candidate_z,0.00792,0.039599999999999996,51.533072896813124,0,-1,nan
S3_transport,E,7,2,1,1,,fim,optimized,130.0,0.5,1.0,0.1,10,candidate_z,0.00988,0.0494,52.551894562427094,0,-1,nan
S3_transport,E,7,2,1,1,,fim,optimized,130.0,0.5,1.0,0.1,10,candidate_z,0.01184,0.059199999999999996,53.34955813342184,0,-1,nan
S3_transport,E,7,2,1,1,,fim,optimized,130.0,0.5,1.0,0.1,10,candidate_z,0.0138,0.06899999999999999,53.996952125591946,0,-1,nan
S3_transport,E,7,2,1,1,,fim,optimized,130.0,0.5,1.0,0.1,10,candidate_z,0.01576,0.0788,54.53588472298703,0,-1,nan
S3_transport,E,7,2,1,1,,fim,optimized,130.0,0.5,1.0,0.1,10,candidate_z,0.01772,0.0886,54.99299620968986,0,-1,nan
S3_transport,E,7,2,1,1,,fim,optimized,130.0,0.5,1.0,0.1,10,candidate_z,0.01968,0.09839999999999999,55.38626150553422,0,-1,nan
S3_transport,E,7,2,1,1,,fim,optimized,130.0,0.5,1.0,0.1,10,candidate_z,0.02164,0.10819999999999999,55.728357334126905,0,-1,nan
S3_transport,E,7,2,1,1,,fim,optimized,130.0,0.5,1.0,0.1,10,candidate_z,0.0236,0.118,56.02854442849673,0,-1,nan
S3_transport,E,7,2,1,1,,fim,optimized,130.0,0.5,1.0,0.1,10,candidate_z,0.02556,0.1278,56.29378587657462,0,-1,nan
S3_transport,E,7,2,1,1,,fim,optimized,130.0,0.5,1.0,0.1,10,candidate_z,0.02752,0.1376,56.52944377834013,0,-1,nan
S3_transport,E,7,2,1,1,,fim,optimized,130.0,0.5,1.0,0.1,10,candidate_z,0.02948,0.14739999999999998,56.739731493235496,0,-1,nan
S3_transport,E,7,2,1,1,,fim,optimized,130.0,0.5,1.0,0.1,10,candidate_z,0.031439999999999996,0.15719999999999998,56.92801724952531,0,-1,nan
S3_transport,E,7,2,1,1,,fim,optimized,130.0,0.5,1.0,0.1,10,candidate_z,0.0334,0.16699999999999998,57.09703399362043,0,-1,nan
S3_transport,E,7,2,1,1,,fim,optimized,130.0,0.5,1.0,0.1,10,candidate_z,0.03536,0.1768,57.24902811304863,0,-1,nan
S3_transport,E,7,2,1,1,,fim,optimized,130.0,0.5,1.0,0.1,10,candidate_z,0.037320000000000006,0.18660000000000002,57.38586722121003,0,-1,nan
S3_transport,E,7,2,1,1,,fim,optimized,130.0,0.5,1.0,0.1,10,candidate_z,0.039279999999999995,0.19639999999999996,57.50911967766807,0,-1,nan
S3_transport,E,7,2,1,1,,fim,optimized,130.0,0.5,1.0,0.1,10,candidate_z,0.04124,0.2062,57.6201145575937,0,-1,nan
S3_transport,E,7,2,1,1,,fim,optimized,130.0,0.5,1.0,0.1,10,candidate_z,0.0432,0.216,57.71998741954979,0,-1,nan
S3_transport,E,7,2,1,1,,fim,optimized,130.0,0.5,1.0,0.1,10,candidate_z,0.045160000000000006,0.22580000000000003,57.80971554770237,0,-1,nan
S3_transport,E,7,2,1,1,,fim,optimized,130.0,0.5,1.0,0.1,10,candidate_z,0.047119999999999995,0.23559999999999998,57.89014553823608,0,-1,nan
S3_transport,E,7,2,1,1,,fim,optimized,130.0,0.5,1.0,0.1,10,candidate_z,0.04908,0.24539999999999998,57.96201580848793,0,-1,nan
S3_transport,E,7,2,1,1,,fim,optimized,130.0,0.5,1.0,0.1,10,candidate_z,0.05104,0.2552,58.02597347195638,1,-1,nan
S3_transport,E,7,2,1,1,,fim,optimized,130.0,0.5,1.0,0.1,10,candidate_z,0.053000000000000005,0.265,58.08258919390508,0,-1,nan
S3_transport,E,7,2,1,1,,fim,optimized,130.0,0.5,1.0,0.1,10,candidate_z,0.054959999999999995,0.27479999999999993,58.1323683521141,0,-1,nan
S3_transport,E,7,2,1,1,,fim,optimized,130.0,0.5,1.0,0.1,10,candidate_z,0.05692,0.28459999999999996,58.17576083895328,1,-1,nan
S3_transport,E,7,2,1,1,,fim,optimized,130.0,0.5,1.0,0.1,10,candidate_z,0.05888,0.2944,58.21316878881704,0,-1,nan
S3_transport,E,7,2,1,1,,fim,optimized,130.0,0.5,1.0,0.1,10,candidate_z,0.060840000000000005,0.3042,58.244953136926384,0,-1,nan
S3_transport,E,7,2,1,1,,fim,optimized,130.0,0.5,1.0,0.1,10,candidate_z,0.0628,0.31399999999999995,58.271439403106854,1,-1,nan
S3_transport,E,7,2,1,1,,fim,optimized,130.0,0.5,1.0,0.1,10,candidate_z,0.06476,0.3238,58.29292149223998,0,-1,nan
S3_transport,E,7,2,1,1,,fim,optimized,130.0,0.5,1.0,0.1,10,candidate_z,0.06672,0.3336,58.30966683991983,0,-1,nan
S3_transport,E,7,2,1,1,,fim,optimized,130.0,0.5,1.0,0.1,10,candidate_z,0.06868,0.3434,58.32191916848285,1,-1,nan
S3_transport,E,7,2,1,1,,fim,optimized,130.0,0.5,1.0,0.1,10,candidate_z,0.07064000000000001,0.3532,58.329900182218346,0,-1,nan
S3_transport,E,7,2,1,1,,fim,optimized,130.0,0.5,1.0,0.1,10,candidate_z,0.0726,0.363,58.33381438902269,0,-1,nan
S3_transport,E,7,2,1,1,,fim,optimized,130.0,0.5,1.0,0.1,10,candidate_z,0.07456,0.37279999999999996,58.33384961749875,1,-1,nan
S3_transport,E,7,2,1,1,,fim,optimized,130.0,0.5,1.0,0.1,10,candidate_z,0.07652,0.3826,58.330178420434386,0,-1,nan
S3_transport,E,7,2,1,1,,fim,optimized,130.0,0.5,1.0,0.1,10,candidate_z,0.07848,0.39239999999999997,58.32296076776597,0,-1,nan
S3_transport,E,7,2,1,1,,fim,optimized,130.0,0.5,1.0,0.1,10,candidate_z,0.08044,0.40219999999999995,58.31234618206158,0,-1,nan
S3_transport,E,7,2,1,1,,fim,optimized,130.0,0.5,1.0,0.1,10,candidate_z,0.0824,0.412,58.29847182527574,0,-1,nan
S3_transport,E,7,2,1,1,,fim,optimized,130.0,0.5,1.0,0.1,10,candidate_z,0.08436,0.4218,58.28146707238606,0,-1,nan
S3_transport,E,7,2,1,1,,fim,optimized,130.0,0.5,1.0,0.1,10,candidate_z,0.08632000000000001,0.43160000000000004,58.26145097732673,0,-1,nan
S3_transport,E,7,2,1,1,,fim,optimized,130.0,0.5,1.0,0.1,10,candidate_z,0.08828,0.44139999999999996,58.23853791848408,0,-1,nan
S3_transport,E,7,2,1,1,,fim,optimized,130.0,0.5,1.0,0.1,10,candidate_z,0.09024,0.4512,58.21283272678381,0,-1,nan
S3_transport,E,7,2,1,1,,fim,optimized,130.0,0.5,1.0,0.1,10,candidate_z,0.0922,0.461,58.18443541536692,0,-1,nan
S3_transport,E,7,2,1,1,,fim,optimized,130.0,0.5,1.0,0.1,10,candidate_z,0.09416,0.47079999999999994,58.153439931657964,0,-1,nan
S3_transport,E,7,2,1,1,,fim,optimized,130.0,0.5,1.0,0.1,10,candidate_z,0.09612,0.48059999999999997,58.1199333718574,0,-1,nan
S3_transport,E,7,2,1,1,,fim,optimized,130.0,0.5,1.0,0.1,10,candidate_z,0.09808,0.4904,58.084003273383715,0,-1,nan
S3_transport,E,7,2,1,1,,fim,optimized,130.0,0.5,1.0,0.1,10,candidate_z,0.10004,0.5002,58.045725694393596,0,-1,nan
S3_transport,E,7,2,1,1,,fim,optimized,130.0,0.5,1.0,0.1,10,candidate_z,0.10200000000000001,0.51,58.00517783396248,0,-1,nan
S3_transport,E,7,2,1,1,,fim,optimized,130.0,0.5,1.0,0.1,10,candidate_z,0.10396,0.5197999999999999,57.962402382593645,0,-1,nan
S3_transport,E,7,2,1,1,,fim,optimized,130.0,0.5,1.0,0.1,10,candidate_z,0.10592,0.5296,57.917501693261464,0,-1,nan
S3_transport,E,7,2,1,1,,fim,optimized,130.0,0.5,1.0,0.1,10,candidate_z,0.10788,0.5394,57.87054164162276,0,-1,nan
S3_transport,E,7,2,1,1,,fim,optimized,130.0,0.5,1.0,0.1,10,candidate_z,0.10984,0.5491999999999999,57.82158288463317,0,-1,nan
S3_transport,E,7,2,1,1,,fim,optimized,130.0,0.5,1.0,0.1,10,candidate_z,0.1118,0.5589999999999999,57.77068577214538,0,-1,nan
S3_transport,E,7,2,1,1,,fim,optimized,130.0,0.5,1.0,0.1,10,candidate_z,0.11376,0.5688,57.717908176933804,0,-1,nan
S3_transport,E,7,2,1,1,,fim,optimized,130.0,0.5,1.0,0.1,10,candidate_z,0.11572,0.5786,57.66330344570448,0,-1,nan
S3_transport,E,7,2,1,1,,fim,optimized,130.0,0.5,1.0,0.1,10,candidate_z,0.11768,0.5884,57.60692713801039,0,-1,nan
S3_transport,E,7,2,1,1,,fim,optimized,130.0,0.5,1.0,0.1,10,candidate_z,0.11964,0.5982,57.54882539837124,0,-1,nan
S3_transport,E,7,2,1,1,,fim,optimized,130.0,0.5,1.0,0.1,10,candidate_z,0.1216,0.608,57.489046885841354,0,-1,nan
S3_transport,E,7,2,1,1,,fim,optimized,130.0,0.5,1.0,0.1,10,candidate_z,0.12356,0.6178,57.42764420631942,0,-1,nan
S3_transport,E,7,2,1,1,,fim,optimized,130.0,0.5,1.0,0.1,10,candidate_z,0.12552,0.6275999999999999,57.36465943417431,0,-1,nan
S3_transport,E,7,2,1,1,,fim,optimized,130.0,0.5,1.0,0.1,10,candidate_z,0.12747999999999998,0.6373999999999999,57.30013030713018,0,-1,nan
S3_transport,E,7,2,1,1,,fim,optimized,130.0,0.5,1.0,0.1,10,candidate_z,0.12944,0.6472,57.23410669338749,0,-1,nan
S3_transport,E,7,2,1,1,,fim,optimized,130.0,0.5,1.0,0.1,10,candidate_z,0.1314,0.6569999999999999,57.16662804307767,0,-1,nan
S3_transport,E,7,2,1,1,,fim,optimized,130.0,0.5,1.0,0.1,10,candidate_z,0.13336,0.6668,57.09773202110907,0,-1,nan
S3_transport,E,7,2,1,1,,fim,optimized,130.0,0.5,1.0,0.1,10,candidate_z,0.13532,0.6766,57.027456959260086,0,-1,nan
S3_transport,E,7,2,1,1,,fim,optimized,130.0,0.5,1.0,0.1,10,candidate_z,0.13728,0.6864,56.955840584711716,0,-1,nan
S3_transport,E,7,2,1,1,,fim,optimized,130.0,0.5,1.0,0.1,10,candidate_z,0.13924,0.6961999999999999,56.88291765237866,0,-1,nan
S3_transport,E,7,2,1,1,,fim,optimized,130.0,0.5,1.0,0.1,10,candidate_z,0.1412,0.706,56.80871990471437,0,-1,nan
S3_transport,E,7,2,1,1,,fim,optimized,130.0,0.5,1.0,0.1,10,candidate_z,0.14316,0.7158,56.733288095099745,0,-1,nan
S3_transport,E,7,2,1,1,,fim,optimized,130.0,0.5,1.0,0.1,10,candidate_z,0.14512,0.7255999999999999,56.65665104359103,0,-1,nan
S3_transport,E,7,2,1,1,,fim,optimized,130.0,0.5,1.0,0.1,10,candidate_z,0.14708,0.7353999999999999,56.578840142369785,0,-1,nan
S3_transport,E,7,2,1,1,,fim,optimized,130.0,0.5,1.0,0.1,10,candidate_z,0.14904,0.7452,56.499885853766926,0,-1,nan
S3_transport,E,7,2,1,1,,fim,optimized,130.0,0.5,1.0,0.1,10,candidate_z,0.151,0.7549999999999999,56.41982232444818,0,-1,nan
S3_transport,E,7,2,1,1,,fim,optimized,130.0,0.5,1.0,0.1,10,candidate_z,0.15295999999999998,0.7647999999999999,56.33867264723077,0,-1,nan
S3_transport,E,7,2,1,1,,fim,optimized,130.0,0.5,1.0,0.1,10,candidate_z,0.15492,0.7746,56.256471010229674,0,-1,nan
S3_transport,E,7,2,1,1,,fim,optimized,130.0,0.5,1.0,0.1,10,candidate_z,0.15688,0.7843999999999999,56.17324234084683,0,-1,nan
S3_transport,E,7,2,1,1,,fim,optimized,130.0,0.5,1.0,0.1,10,candidate_z,0.15884,0.7942,56.08901246504915,0,-1,nan
S3_transport,E,7,2,1,1,,fim,optimized,130.0,0.5,1.0,0.1,10,candidate_z,0.1608,0.8039999999999999,56.00381228558641,0,-1,nan
S3_transport,E,7,2,1,1,,fim,optimized,130.0,0.5,1.0,0.1,10,candidate_z,0.16276,0.8137999999999999,55.91767256192997,0,-1,nan
S3_transport,E,7,2,1,1,,fim,optimized,130.0,0.5,1.0,0.1,10,candidate_z,0.16472,0.8236,55.83060679371875,0,-1,nan
S3_transport,E,7,2,1,1,,fim,optimized,130.0,0.5,1.0,0.1,10,candidate_z,0.16668,0.8333999999999999,55.74264977999711,0,-1,nan
S3_transport,E,7,2,1,1,,fim,optimized,130.0,0.5,1.0,0.1,10,candidate_z,0.16864,0.8432000000000001,55.65381836647692,0,-1,nan
S3_transport,E,7,2,1,1,,fim,optimized,130.0,0.5,1.0,0.1,10,candidate_z,0.1706,0.853,55.56414341057634,0,-1,nan
S3_transport,E,7,2,1,1,,fim,optimized,130.0,0.5,1.0,0.1,10,candidate_z,0.17256,0.8627999999999999,55.47364733479599,0,-1,nan
S3_transport,E,7,2,1,1,,fim,optimized,130.0,0.5,1.0,0.1,10,candidate_z,0.17452,0.8726,55.38235197015979,0,-1,nan
S3_transport,E,7,2,1,1,,fim,optimized,130.0,0.5,1.0,0.1,10,candidate_z,0.17648,0.8824,55.29027966672364,1,-1,nan
S3_transport,E,7,2,1,1,,fim,optimized,130.0,0.5,1.0,0.1,10,candidate_z,0.17844,0.8921999999999999,55.197457401477585,0,-1,nan
S3_transport,E,7,2,1,1,,fim,optimized,130.0,0.5,1.0,0.1,10,candidate_z,0.1804,0.902,55.103899061327326,0,-1,nan
S3_transport,E,7,2,1,1,,fim,optimized,130.0,0.5,1.0,0.1,10,candidate_z,0.18236,0.9117999999999999,55.00963928670883,1,-1,nan
S3_transport,E,7,2,1,1,,fim,optimized,130.0,0.5,1.0,0.1,10,candidate_z,0.18431999999999998,0.9215999999999999,54.914690294558966,0,-1,nan
S3_transport,E,7,2,1,1,,fim,optimized,130.0,0.5,1.0,0.1,10,candidate_z,0.18628,0.9314,54.81908491573666,0,-1,nan
S3_transport,E,7,2,1,1,,fim,optimized,130.0,0.5,1.0,0.1,10,candidate_z,0.18824,0.9411999999999999,54.72282513149841,1,-1,nan
S3_transport,E,7,2,1,1,,fim,optimized,130.0,0.5,1.0,0.1,10,candidate_z,0.1902,0.951,54.625951469435044,0,-1,nan
S3_transport,E,7,2,1,1,,fim,optimized,130.0,0.5,1.0,0.1,10,candidate_z,0.19216,0.9608,54.528486701510154,0,-1,nan
S3_transport,E,7,2,1,1,,fim,optimized,130.0,0.5,1.0,0.1,10,candidate_z,0.19412,0.9705999999999999,54.43043615716836,1,-1,nan
S3_transport,E,7,2,1,1,,fim,optimized,130.0,0.5,1.0,0.1,10,candidate_z,0.19608,0.9803999999999999,54.33182854213978,0,-1,nan
S3_transport,E,7,2,1,1,,fim,optimized,130.0,0.5,1.0,0.1,10,candidate_z,0.19804,0.9902,54.23269311495582,0,-1,nan
S3_transport,E,7,2,1,1,,fim,optimized,130.0,0.5,1.0,0.1,10,candidate_z,0.2,1.0,54.13304714760842,1,-1,nan
S3_transport,E,7,2,1,1,,fim,optimized,130.0,0.5,1.0,0.1,10,selected_z,0.07456,0.37279999999999996,nan,1,1,58.33384961749875
S3_transport,E,7,2,1,1,,fim,optimized,130.0,0.5,1.0,0.1,10,selected_z,0.2,1.0,nan,1,2,46.935309964030736
S3_transport,E,7,2,1,1,,fim,optimized,130.0,0.5,1.0,0.1,10,selected_z,0.0628,0.31399999999999995,nan,1,3,1.423570315940748
S3_transport,E,7,2,1,1,,fim,optimized,130.0,0.5,1.0,0.1,10,selected_z,0.19412,0.9705999999999999,nan,1,4,1.328633353582859
S3_transport,E,7,2,1,1,,fim,optimized,130.0,0.5,1.0,0.1,10,selected_z,0.06868,0.3434,nan,1,5,0.8169547207258532
S3_transport,E,7,2,1,1,,fim,optimized,130.0,0.5,1.0,0.1,10,selected_z,0.18824,0.9411999999999999,nan,1,6,0.7541922455185279
S3_transport,E,7,2,1,1,,fim,optimized,130.0,0.5,1.0,0.1,10,selected_z,0.05692,0.28459999999999996,nan,1,7,0.5758801651209691
S3_transport,E,7,2,1,1,,fim,optimized,130.0,0.5,1.0,0.1,10,selected_z,0.18236,0.9117999999999999,nan,1,8,0.5182238753647308
S3_transport,E,7,2,1,1,,fim,optimized,130.0,0.5,1.0,0.1,10,selected_z,0.05104,0.2552,nan,1,9,0.4312849519839972
S3_transport,E,7,2,1,1,,fim,optimized,130.0,0.5,1.0,0.1,10,selected_z,0.17648,0.8824,nan,1,10,0.38908531125199985
S3_transport,E,7,2,1,1,,fim,optimized,130.0,0.5,1.0,0.1,10,final_z,0.05496000000000001,0.27480000000000004,nan,1,-1,nan
S3_transport,E,7,2,1,1,,fim,optimized,130.0,0.5,1.0,0.1,10,final_z,0.060056000000000005,0.30028,nan,1,-1,nan
S3_transport,E,7,2,1,1,,fim,optimized,130.0,0.5,1.0,0.1,10,final_z,0.064368,0.32183999999999996,nan,1,-1,nan
S3_transport,E,7,2,1,1,,fim,optimized,130.0,0.5,1.0,0.1,10,final_z,0.06868,0.3434,nan,1,-1,nan
S3_transport,E,7,2,1,1,,fim,optimized,130.0,0.5,1.0,0.1,10,final_z,0.072992,0.36496,nan,1,-1,nan
S3_transport,E,7,2,1,1,,fim,optimized,130.0,0.5,1.0,0.1,10,final_z,0.18039999999999998,0.9019999999999998,nan,1,-1,nan
S3_transport,E,7,2,1,1,,fim,optimized,130.0,0.5,1.0,0.1,10,final_z,0.18627999999999997,0.9313999999999998,nan,1,-1,nan
S3_transport,E,7,2,1,1,,fim,optimized,130.0,0.5,1.0,0.1,10,final_z,0.191376,0.95688,nan,1,-1,nan
S3_transport,E,7,2,1,1,,fim,optimized,130.0,0.5,1.0,0.1,10,final_z,0.19568799999999997,0.9784399999999999,nan,1,-1,nan
S3_transport,E,7,2,1,1,,fim,optimized,130.0,0.5,1.0,0.1,10,final_z,0.2,1.0,nan,1,-1,nan
S3_transport,E,7,3,1,1,,fim,optimized,160.0,0.5,1.0,1.0,10,candidate_z,0.004,0.02,3.722958384500341,0,-1,nan
S3_transport,E,7,3,1,1,,fim,optimized,160.0,0.5,1.0,1.0,10,candidate_z,0.00596,0.0298,5.178733387526947,0,-1,nan
S3_transport,E,7,3,1,1,,fim,optimized,160.0,0.5,1.0,1.0,10,candidate_z,0.00792,0.039599999999999996,6.288689799802569,0,-1,nan
S3_transport,E,7,3,1,1,,fim,optimized,160.0,0.5,1.0,1.0,10,candidate_z,0.00988,0.0494,7.307936930855842,0,-1,nan
S3_transport,E,7,3,1,1,,fim,optimized,160.0,0.5,1.0,1.0,10,candidate_z,0.01184,0.059199999999999996,8.38044651341804,0,-1,nan
S3_transport,E,7,3,1,1,,fim,optimized,160.0,0.5,1.0,1.0,10,candidate_z,0.0138,0.06899999999999999,9.510418505207909,0,-1,nan
S3_transport,E,7,3,1,1,,fim,optimized,160.0,0.5,1.0,1.0,10,candidate_z,0.01576,0.0788,10.664006123486736,0,-1,nan
S3_transport,E,7,3,1,1,,fim,optimized,160.0,0.5,1.0,1.0,10,candidate_z,0.01772,0.0886,11.804472746178437,0,-1,nan
S3_transport,E,7,3,1,1,,fim,optimized,160.0,0.5,1.0,1.0,10,candidate_z,0.01968,0.09839999999999999,12.897003501112831,0,-1,nan
S3_transport,E,7,3,1,1,,fim,optimized,160.0,0.5,1.0,1.0,10,candidate_z,0.02164,0.10819999999999999,13.918800060451124,0,-1,nan
S3_transport,E,7,3,1,1,,fim,optimized,160.0,0.5,1.0,1.0,10,candidate_z,0.0236,0.118,14.861318619690815,0,-1,nan
S3_transport,E,7,3,1,1,,fim,optimized,160.0,0.5,1.0,1.0,10,candidate_z,0.02556,0.1278,15.725536620663817,0,-1,nan
S3_transport,E,7,3,1,1,,fim,optimized,160.0,0.5,1.0,1.0,10,candidate_z,0.02752,0.1376,16.51696333163209,0,-1,nan
S3_transport,E,7,3,1,1,,fim,optimized,160.0,0.5,1.0,1.0,10,candidate_z,0.02948,0.14739999999999998,17.24261438693115,0,-1,nan
S3_transport,E,7,3,1,1,,fim,optimized,160.0,0.5,1.0,1.0,10,candidate_z,0.031439999999999996,0.15719999999999998,17.90953938443829,0,-1,nan
S3_transport,E,7,3,1,1,,fim,optimized,160.0,0.5,1.0,1.0,10,candidate_z,0.0334,0.16699999999999998,18.52422231265571,1,-1,nan
S3_transport,E,7,3,1,1,,fim,optimized,160.0,0.5,1.0,1.0,10,candidate_z,0.03536,0.1768,19.09240289567825,0,-1,nan
S3_transport,E,7,3,1,1,,fim,optimized,160.0,0.5,1.0,1.0,10,candidate_z,0.037320000000000006,0.18660000000000002,19.61907427517895,0,-1,nan
S3_transport,E,7,3,1,1,,fim,optimized,160.0,0.5,1.0,1.0,10,candidate_z,0.039279999999999995,0.19639999999999996,20.10853561617901,1,-1,nan
S3_transport,E,7,3,1,1,,fim,optimized,160.0,0.5,1.0,1.0,10,candidate_z,0.04124,0.2062,20.564502250269946,0,-1,nan
S3_transport,E,7,3,1,1,,fim,optimized,160.0,0.5,1.0,1.0,10,candidate_z,0.0432,0.216,20.990192544487787,0,-1,nan
S3_transport,E,7,3,1,1,,fim,optimized,160.0,0.5,1.0,1.0,10,candidate_z,0.045160000000000006,0.22580000000000003,21.388385398618688,1,-1,nan
S3_transport,E,7,3,1,1,,fim,optimized,160.0,0.5,1.0,1.0,10,candidate_z,0.047119999999999995,0.23559999999999998,21.761512502109415,0,-1,nan
S3_transport,E,7,3,1,1,,fim,optimized,160.0,0.5,1.0,1.0,10,candidate_z,0.04908,0.24539999999999998,22.111696709352103,0,-1,nan
S3_transport,E,7,3,1,1,,fim,optimized,160.0,0.5,1.0,1.0,10,candidate_z,0.05104,0.2552,22.44080609027916,1,-1,nan
S3_transport,E,7,3,1,1,,fim,optimized,160.0,0.5,1.0,1.0,10,candidate_z,0.053000000000000005,0.265,22.750497396857618,0,-1,nan
S3_transport,E,7,3,1,1,,fim,optimized,160.0,0.5,1.0,1.0,10,candidate_z,0.054959999999999995,0.27479999999999993,23.042234426957872,0,-1,nan
S3_transport,E,7,3,1,1,,fim,optimized,160.0,0.5,1.0,1.0,10,candidate_z,0.05692,0.28459999999999996,23.31732025848109,1,-1,nan
S3_transport,E,7,3,1,1,,fim,optimized,160.0,0.5,1.0,1.0,10,candidate_z,0.05888,0.2944,23.576939136270468,0,-1,nan
S3_transport,E,7,3,1,1,,fim,optimized,160.0,0.5,1.0,1.0,10,candidate_z,0.060840000000000005,0.3042,23.822164129857946,0,-1,nan
S3_transport,E,7,3,1,1,,fim,optimized,160.0,0.5,1.0,1.0,10,candidate_z,0.0628,0.31399999999999995,24.0539541416155,0,-1,nan
S3_transport,E,7,3,1,1,,fim,optimized,160.0,0.5,1.0,1.0,10,candidate_z,0.06476,0.3238,24.273177822793443,0,-1,nan
S3_transport,E,7,3,1,1,,fim,optimized,160.0,0.5,1.0,1.0,10,candidate_z,0.06672,0.3336,24.48061901433187,0,-1,nan
S3_transport,E,7,3,1,1,,fim,optimized,160.0,0.5,1.0,1.0,10,candidate_z,0.06868,0.3434,24.67698846113172,0,-1,nan
S3_transport,E,7,3,1,1,,fim,optimized,160.0,0.5,1.0,1.0,10,candidate_z,0.07064000000000001,0.3532,24.862960870079878,0,-1,nan
S3_transport,E,7,3,1,1,,fim,optimized,160.0,0.5,1.0,1.0,10,candidate_z,0.0726,0.363,25.039162089159333,0,-1,nan
S3_transport,E,7,3,1,1,,fim,optimized,160.0,0.5,1.0,1.0,10,candidate_z,0.07456,0.37279999999999996,25.206151465200982,0,-1,nan
S3_transport,E,7,3,1,1,,fim,optimized,160.0,0.5,1.0,1.0,10,candidate_z,0.07652,0.3826,25.36446688676139,0,-1,nan
S3_transport,E,7,3,1,1,,fim,optimized,160.0,0.5,1.0,1.0,10,candidate_z,0.07848,0.39239999999999997,25.514585651583825,0,-1,nan
S3_transport,E,7,3,1,1,,fim,optimized,160.0,0.5,1.0,1.0,10,candidate_z,0.08044,0.40219999999999995,25.65697161756129,0,-1,nan
S3_transport,E,7,3,1,1,,fim,optimized,160.0,0.5,1.0,1.0,10,candidate_z,0.0824,0.412,25.792041002031922,0,-1,nan
S3_transport,E,7,3,1,1,,fim,optimized,160.0,0.5,1.0,1.0,10,candidate_z,0.08436,0.4218,25.920194622547626,0,-1,nan
S3_transport,E,7,3,1,1,,fim,optimized,160.0,0.5,1.0,1.0,10,candidate_z,0.08632000000000001,0.43160000000000004,26.04180033934764,0,-1,nan
S3_transport,E,7,3,1,1,,fim,optimized,160.0,0.5,1.0,1.0,10,candidate_z,0.08828,0.44139999999999996,26.15720663057824,0,-1,nan
S3_transport,E,7,3,1,1,,fim,optimized,160.0,0.5,1.0,1.0,10,candidate_z,0.09024,0.4512,26.266739361683733,0,-1,nan
S3_transport,E,7,3,1,1,,fim,optimized,160.0,0.5,1.0,1.0,10,candidate_z,0.0922,0.461,26.370706596538987,0,-1,nan
S3_transport,E,7,3,1,1,,fim,optimized,160.0,0.5,1.0,1.0,10,candidate_z,0.09416,0.47079999999999994,26.46939832061777,0,-1,nan
S3_transport,E,7,3,1,1,,fim,optimized,160.0,0.5,1.0,1.0,10,candidate_z,0.09612,0.48059999999999997,26.563086909791153,0,-1,nan
S3_transport,E,7,3,1,1,,fim,optimized,160.0,0.5,1.0,1.0,10,candidate_z,0.09808,0.4904,26.652030268934233,0,-1,nan
S3_transport,E,7,3,1,1,,fim,optimized,160.0,0.5,1.0,1.0,10,candidate_z,0.10004,0.5002,26.73647071124762,0,-1,nan
S3_transport,E,7,3,1,1,,fim,optimized,160.0,0.5,1.0,1.0,10,candidate_z,0.10200000000000001,0.51,26.816638481392204,0,-1,nan
S3_transport,E,7,3,1,1,,fim,optimized,160.0,0.5,1.0,1.0,10,candidate_z,0.10396,0.5197999999999999,26.892696006312995,0,-1,nan
S3_transport,E,7,3,1,1,,fim,optimized,160.0,0.5,1.0,1.0,10,candidate_z,0.10592,0.5296,26.964907591980587,0,-1,nan
S3_transport,E,7,3,1,1,,fim,optimized,160.0,0.5,1.0,1.0,10,candidate_z,0.10788,0.5394,27.03346812282732,0,-1,nan
S3_transport,E,7,3,1,1,,fim,optimized,160.0,0.5,1.0,1.0,10,candidate_z,0.10984,0.5491999999999999,27.098561892911302,0,-1,nan
S3_transport,E,7,3,1,1,,fim,optimized,160.0,0.5,1.0,1.0,10,candidate_z,0.1118,0.5589999999999999,27.16036411789775,0,-1,nan
S3_transport,E,7,3,1,1,,fim,optimized,160.0,0.5,1.0,1.0,10,candidate_z,0.11376,0.5688,27.21904078018486,0,-1,nan
S3_transport,E,7,3,1,1,,fim,optimized,160.0,0.5,1.0,1.0,10,candidate_z,0.11572,0.5786,27.274749182852556,0,-1,nan
S3_transport,E,7,3,1,1,,fim,optimized,160.0,0.5,1.0,1.0,10,candidate_z,0.11768,0.5884,27.32763867232717,0,-1,nan
S3_transport,E,7,3,1,1,,fim,optimized,160.0,0.5,1.0,1.0,10,candidate_z,0.11964,0.5982,27.3778507298494,0,-1,nan
S3_transport,E,7,3,1,1,,fim,optimized,160.0,0.5,1.0,1.0,10,candidate_z,0.1216,0.608,27.425519846146408,0,-1,nan
S3_transport,E,7,3,1,1,,fim,optimized,160.0,0.5,1.0,1.0,10,candidate_z,0.12356,0.6178,27.470773456762835,0,-1,nan
S3_transport,E,7,3,1,1,,fim,optimized,160.0,0.5,1.0,1.0,10,candidate_z,0.12552,0.6275999999999999,27.513732886167627,0,-1,nan
S3_transport,E,7,3,1,1,,fim,optimized,160.0,0.5,1.0,1.0,10,candidate_z,0.12747999999999998,0.6373999999999999,27.55451314096937,0,-1,nan
S3_transport,E,7,3,1,1,,fim,optimized,160.0,0.5,1.0,1.0,10,candidate_z,0.12944,0.6472,27.593223523141223,0,-1,nan
S3_transport,E,7,3,1,1,,fim,optimized,160.0,0.5,1.0,1.0,10,candidate_z,0.1314,0.6569999999999999,27.62996773708936,0,-1,nan
S3_transport,E,7,3,1,1,,fim,optimized,160.0,0.5,1.0,1.0,10,candidate_z,0.13336,0.6668,27.66484437071282,0,-1,nan
S3_transport,E,7,3,1,1,,fim,optimized,160.0,0.5,1.0,1.0,10,candidate_z,0.13532,0.6766,27.697947103491668,0,-1,nan
S3_transport,E,7,3,1,1,,fim,optimized,160.0,0.5,1.0,1.0,10,candidate_z,0.13728,0.6864,27.72936476900766,0,-1,nan
S3_transport,E,7,3,1,1,,fim,optimized,160.0,0.5,1.0,1.0,10,candidate_z,0.13924,0.6961999999999999,27.7591821067594,0,-1,nan
S3_transport,E,7,3,1,1,,fim,optimized,160.0,0.5,1.0,1.0,10,candidate_z,0.1412,0.706,27.787479758693113,0,-1,nan
S3_transport,E,7,3,1,1,,fim,optimized,160.0,0.5,1.0,1.0,10,candidate_z,0.14316,0.7158,27.814333899199305,0,-1,nan
S3_transport,E,7,3,1,1,,fim,optimized,160.0,0.5,1.0,1.0,10,candidate_z,0.14512,0.7255999999999999,27.83981675099333,0,-1,nan
S3_transport,E,7,3,1,1,,fim,optimized,160.0,0.5,1.0,1.0,10,candidate_z,0.14708,0.7353999999999999,27.863997233131695,0,-1,nan
S3_transport,E,7,3,1,1,,fim,optimized,160.0,0.5,1.0,1.0,10,candidate_z,0.14904,0.7452,27.886940970053686,0,-1,nan
S3_transport,E,7,3,1,1,,fim,optimized,160.0,0.5,1.0,1.0,10,candidate_z,0.151,0.7549999999999999,27.9087103260231,0,-1,nan
S3_transport,E,7,3,1,1,,fim,optimized,160.0,0.5,1.0,1.0,10,candidate_z,0.15295999999999998,0.7647999999999999,27.92936446368217,0,-1,nan
S3_transport,E,7,3,1,1,,fim,optimized,160.0,0.5,1.0,1.0,10,candidate_z,0.15492,0.7746,27.948959509686738,0,-1,nan
S3_transport,E,7,3,1,1,,fim,optimized,160.0,0.5,1.0,1.0,10,candidate_z,0.15688,0.7843999999999999,27.967548887223185,0,-1,nan
S3_transport,E,7,3,1,1,,fim,optimized,160.0,0.5,1.0,1.0,10,candidate_z,0.15884,0.7942,27.98518334306263,0,-1,nan
S3_transport,E,7,3,1,1,,fim,optimized,160.0,0.5,1.0,1.0,10,candidate_z,0.1608,0.8039999999999999,28.001911036304456,0,-1,nan
S3_transport,E,7,3,1,1,,fim,optimized,160.0,0.5,1.0,1.0,10,candidate_z,0.16276,0.8137999999999999,28.01777782216223,0,-1,nan
S3_transport,E,7,3,1,1,,fim,optimized,160.0,0.5,1.0,1.0,10,candidate_z,0.16472,0.8236,28.032827348510978,0,-1,nan
S3_transport,E,7,3,1,1,,fim,optimized,160.0,0.5,1.0,1.0,10,candidate_z,0.16668,0.8333999999999999,28.047101075992696,0,-1,nan
S3_transport,E,7,3,1,1,,fim,optimized,160.0,0.5,1.0,1.0,10,candidate_z,0.16864,0.8432000000000001,28.060638250581896,0,-1,nan
S3_transport,E,7,3,1,1,,fim,optimized,160.0,0.5,1.0,1.0,10,candidate_z,0.1706,0.853,28.073476110668345,0,-1,nan
S3_transport,E,7,3,1,1,,fim,optimized,160.0,0.5,1.0,1.0,10,candidate_z,0.17256,0.8627999999999999,28.08565014703042,0,-1,nan
S3_transport,E,7,3,1,1,,fim,optimized,160.0,0.5,1.0,1.0,10,candidate_z,0.17452,0.8726,28.09719416123739,0,-1,nan
S3_transport,E,7,3,1,1,,fim,optimized,160.0,0.5,1.0,1.0,10,candidate_z,0.17648,0.8824,28.10814023739801,1,-1,nan
S3_transport,E,7,3,1,1,,fim,optimized,160.0,0.5,1.0,1.0,10,candidate_z,0.17844,0.8921999999999999,28.11851879325447,0,-1,nan
S3_transport,E,7,3,1,1,,fim,optimized,160.0,0.5,1.0,1.0,10,candidate_z,0.1804,0.902,28.128358731665475,0,-1,nan
S3_transport,E,7,3,1,1,,fim,optimized,160.0,0.5,1.0,1.0,10,candidate_z,0.18236,0.9117999999999999,28.137687507677413,1,-1,nan
S3_transport,E,7,3,1,1,,fim,optimized,160.0,0.5,1.0,1.0,10,candidate_z,0.18431999999999998,0.9215999999999999,28.146531210335137,0,-1,nan
S3_transport,E,7,3,1,1,,fim,optimized,160.0,0.5,1.0,1.0,10,candidate_z,0.18628,0.9314,28.154914577668606,0,-1,nan
S3_transport,E,7,3,1,1,,fim,optimized,160.0,0.5,1.0,1.0,10,candidate_z,0.18824,0.9411999999999999,28.162861169951668,1,-1,nan
S3_transport,E,7,3,1,1,,fim,optimized,160.0,0.5,1.0,1.0,10,candidate_z,0.1902,0.951,28.170393413755566,0,-1,nan
S3_transport,E,7,3,1,1,,fim,optimized,160.0,0.5,1.0,1.0,10,candidate_z,0.19216,0.9608,28.177532548734575,0,-1,nan
S3_transport,E,7,3,1,1,,fim,optimized,160.0,0.5,1.0,1.0,10,candidate_z,0.19412,0.9705999999999999,28.1842987152553,1,-1,nan
S3_transport,E,7,3,1,1,,fim,optimized,160.0,0.5,1.0,1.0,10,candidate_z,0.19608,0.9803999999999999,28.190710988821262,0,-1,nan
S3_transport,E,7,3,1,1,,fim,optimized,160.0,0.5,1.0,1.0,10,candidate_z,0.19804,0.9902,28.19678757953593,0,-1,nan
S3_transport,E,7,3,1,1,,fim,optimized,160.0,0.5,1.0,1.0,10,candidate_z,0.2,1.0,28.202545805531308,1,-1,nan
S3_transport,E,7,3,1,1,,fim,optimized,160.0,0.5,1.0,1.0,10,selected_z,0.2,1.0,nan,1,1,28.202545805531308
S3_transport,E,7,3,1,1,,fim,optimized,160.0,0.5,1.0,1.0,10,selected_z,0.045160000000000006,0.22580000000000003,nan,1,2,10.747485737400034
S3_transport,E,7,3,1,1,,fim,optimized,160.0,0.5,1.0,1.0,10,selected_z,0.19412,0.9705999999999999,nan,1,3,1.3731515135842276
S3_transport,E,7,3,1,1,,fim,optimized,160.0,0.5,1.0,1.0,10,selected_z,0.039279999999999995,0.19639999999999996,nan,1,4,1.3583643996215091
S3_transport,E,7,3,1,1,,fim,optimized,160.0,0.5,1.0,1.0,10,selected_z,0.05104,0.2552,nan,1,5,0.805660655934421
S3_transport,E,7,3,1,1,,fim,optimized,160.0,0.5,1.0,1.0,10,selected_z,0.18824,0.9411999999999999,nan,1,6,0.7945920297418354
S3_transport,E,7,3,1,1,,fim,optimized,160.0,0.5,1.0,1.0,10,selected_z,0.18236,0.9117999999999999,nan,1,7,0.5587264837881065
S3_transport,E,7,3,1,1,,fim,optimized,160.0,0.5,1.0,1.0,10,selected_z,0.05692,0.28459999999999996,nan,1,8,0.5458316847744911
S3_transport,E,7,3,1,1,,fim,optimized,160.0,0.5,1.0,1.0,10,selected_z,0.0334,0.16699999999999998,nan,1,9,0.4294025699676496
S3_transport,E,7,3,1,1,,fim,optimized,160.0,0.5,1.0,1.0,10,selected_z,0.17648,0.8824,nan,1,10,0.4259226590862717
S3_transport,E,7,3,1,1,,fim,optimized,160.0,0.5,1.0,1.0,10,final_z,0.036536000000000006,0.18268,nan,1,-1,nan
S3_transport,E,7,3,1,1,,fim,optimized,160.0,0.5,1.0,1.0,10,final_z,0.040847999999999995,0.20423999999999998,nan,1,-1,nan
S3_transport,E,7,3,1,1,,fim,optimized,160.0,0.5,1.0,1.0,10,final_z,0.045160000000000006,0.22580000000000003,nan,1,-1,nan
S3_transport,E,7,3,1,1,,fim,optimized,160.0,0.5,1.0,1.0,10,final_z,0.049472,0.24736,nan,1,-1,nan
S3_transport,E,7,3,1,1,,fim,optimized,160.0,0.5,1.0,1.0,10,final_z,0.053784,0.26892,nan,1,-1,nan
S3_transport,E,7,3,1,1,,fim,optimized,160.0,0.5,1.0,1.0,10,final_z,0.18039999999999998,0.9019999999999998,nan,1,-1,nan
S3_transport,E,7,3,1,1,,fim,optimized,160.0,0.5,1.0,1.0,10,final_z,0.18627999999999997,0.9313999999999998,nan,1,-1,nan
S3_transport,E,7,3,1,1,,fim,optimized,160.0,0.5,1.0,1.0,10,final_z,0.191376,0.95688,nan,1,-1,nan
S3_transport,E,7,3,1,1,,fim,optimized,160.0,0.5,1.0,1.0,10,final_z,0.19568799999999997,0.9784399999999999,nan,1,-1,nan
S3_transport,E,7,3,1,1,,fim,optimized,160.0,0.5,1.0,1.0,10,final_z,0.2,1.0,nan,1,-1,nan
S3_transport,E,7,4,1,1,,fim,optimized,100.0,0.5,1.0,1.0,10,candidate_z,0.004,0.02,0.018915925865172767,0,-1,nan
S3_transport,E,7,4,1,1,,fim,optimized,100.0,0.5,1.0,1.0,10,candidate_z,0.00596,0.0298,0.039988879668982236,0,-1,nan
S3_transport,E,7,4,1,1,,fim,optimized,100.0,0.5,1.0,1.0,10,candidate_z,0.00792,0.039599999999999996,0.06714122731952443,0,-1,nan
S3_transport,E,7,4,1,1,,fim,optimized,100.0,0.5,1.0,1.0,10,candidate_z,0.00988,0.0494,0.09925414766568963,0,-1,nan
S3_transport,E,7,4,1,1,,fim,optimized,100.0,0.5,1.0,1.0,10,candidate_z,0.01184,0.059199999999999996,0.1353544065565373,0,-1,nan
S3_transport,E,7,4,1,1,,fim,optimized,100.0,0.5,1.0,1.0,10,candidate_z,0.0138,0.06899999999999999,0.17462586105141042,0,-1,nan
S3_transport,E,7,4,1,1,,fim,optimized,100.0,0.5,1.0,1.0,10,candidate_z,0.01576,0.0788,0.21640695991308334,0,-1,nan
S3_transport,E,7,4,1,1,,fim,optimized,100.0,0.5,1.0,1.0,10,candidate_z,0.01772,0.0886,0.26017897971847503,0,-1,nan
S3_transport,E,7,4,1,1,,fim,optimized,100.0,0.5,1.0,1.0,10,candidate_z,0.01968,0.09839999999999999,0.3055489980310995,0,-1,nan
S3_transport,E,7,4,1,1,,fim,optimized,100.0,0.5,1.0,1.0,10,candidate_z,0.02164,0.10819999999999999,0.35223058838401755,0,-1,nan
S3_transport,E,7,4,1,1,,fim,optimized,100.0,0.5,1.0,1.0,10,candidate_z,0.0236,0.118,0.4000242901007738,0,-1,nan
S3_transport,E,7,4,1,1,,fim,optimized,100.0,0.5,1.0,1.0,10,candidate_z,0.02556,0.1278,0.4487991100088635,0,-1,nan
S3_transport,E,7,4,1,1,,fim,optimized,100.0,0.5,1.0,1.0,10,candidate_z,0.02752,0.1376,0.4984757543081386,0,-1,nan
S3_transport,E,7,4,1,1,,fim,optimized,100.0,0.5,1.0,1.0,10,candidate_z,0.02948,0.14739999999999998,0.5490119255906976,0,-1,nan
S3_transport,E,7,4,1,1,,fim,optimized,100.0,0.5,1.0,1.0,10,candidate_z,0.031439999999999996,0.15719999999999998,0.6003897733257517,0,-1,nan
S3_transport,E,7,4,1,1,,fim,optimized,100.0,0.5,1.0,1.0,10,candidate_z,0.0334,0.16699999999999998,0.6526054662358405,0,-1,nan
S3_transport,E,7,4,1,1,,fim,optimized,100.0,0.5,1.0,1.0,10,candidate_z,0.03536,0.1768,0.7056607690249734,0,-1,nan
S3_transport,E,7,4,1,1,,fim,optimized,100.0,0.5,1.0,1.0,10,candidate_z,0.037320000000000006,0.18660000000000002,0.7595564786188795,0,-1,nan
S3_transport,E,7,4,1,1,,fim,optimized,100.0,0.5,1.0,1.0,10,candidate_z,0.039279999999999995,0.19639999999999996,0.8142875472452005,0,-1,nan
S3_transport,E,7,4,1,1,,fim,optimized,100.0,0.5,1.0,1.0,10,candidate_z,0.04124,0.2062,0.8698397084219849,0,-1,nan
S3_transport,E,7,4,1,1,,fim,optimized,100.0,0.5,1.0,1.0,10,candidate_z,0.0432,0.216,0.9261874229214335,0,-1,nan
S3_transport,E,7,4,1,1,,fim,optimized,100.0,0.5,1.0,1.0,10,candidate_z,0.045160000000000006,0.22580000000000003,0.9832929483388178,0,-1,nan
S3_transport,E,7,4,1,1,,fim,optimized,100.0,0.5,1.0,1.0,10,candidate_z,0.047119999999999995,0.23559999999999998,1.041106335568415,0,-1,nan
S3_transport,E,7,4,1,1,,fim,optimized,100.0,0.5,1.0,1.0,10,candidate_z,0.04908,0.24539999999999998,1.0995661467332951,0,-1,nan
S3_transport,E,7,4,1,1,,fim,optimized,100.0,0.5,1.0,1.0,10,candidate_z,0.05104,0.2552,1.1586007272564842,0,-1,nan
S3_transport,E,7,4,1,1,,fim,optimized,100.0,0.5,1.0,1.0,10,candidate_z,0.053000000000000005,0.265,1.2181298532071345,0,-1,nan
S3_transport,E,7,4,1,1,,fim,optimized,100.0,0.5,1.0,1.0,10,candidate_z,0.054959999999999995,0.27479999999999993,1.2780665811872218,0,-1,nan
S3_transport,E,7,4,1,1,,fim,optimized,100.0,0.5,1.0,1.0,10,candidate_z,0.05692,0.28459999999999996,1.3383192083575466,0,-1,nan
S3_transport,E,7,4,1,1,,fim,optimized,100.0,0.5,1.0,1.0,10,candidate_z,0.05888,0.2944,1.3987932026197427,0,-1,nan
S3_transport,E,7,4,1,1,,fim,optimized,100.0,0.5,1.0,1.0,10,candidate_z,0.060840000000000005,0.3042,1.459393003652167,0,-1,nan
S3_transport,E,7,4,1,1,,fim,optimized,100.0,0.5,1.0,1.0,10,candidate_z,0.0628,0.31399999999999995,1.5200236651352412,0,-1,nan
S3_transport,E,7,4,1,1,,fim,optimized,100.0,0.5,1.0,1.0,10,candidate_z,0.06476,0.3238,1.5805922939997217,0,-1,nan
S3_transport,E,7,4,1,1,,fim,optimized,100.0,0.5,1.0,1.0,10,candidate_z,0.06672,0.3336,1.641009267729288,0,-1,nan
S3_transport,E,7,4,1,1,,fim,optimized,100.0,0.5,1.0,1.0,10,candidate_z,0.06868,0.3434,1.7011891968014403,0,-1,nan
S3_transport,E,7,4,1,1,,fim,optimized,100.0,0.5,1.0,1.0,10,candidate_z,0.07064000000000001,0.3532,1.7610516725837755,0,-1,nan
S3_transport,E,7,4,1,1,,fim,optimized,100.0,0.5,1.0,1.0,10,candidate_z,0.0726,0.363,1.8205218030318697,0,-1,nan
S3_transport,E,7,4,1,1,,fim,optimized,100.0,0.5,1.0,1.0,10,candidate_z,0.07456,0.37279999999999996,1.8795305624796441,0,-1,nan
S3_transport,E,7,4,1,1,,fim,optimized,100.0,0.5,1.0,1.0,10,candidate_z,0.07652,0.3826,1.9380149720746402,0,-1,nan
S3_transport,E,7,4,1,1,,fim,optimized,100.0,0.5,1.0,1.0,10,candidate_z,0.07848,0.39239999999999997,1.9959181403334512,0,-1,nan
S3_transport,E,7,4,1,1,,fim,optimized,100.0,0.5,1.0,1.0,10,candidate_z,0.08044,0.40219999999999995,2.0531891901185944,0,-1,nan
S3_transport,E,7,4,1,1,,fim,optimized,100.0,0.5,1.0,1.0,10,candidate_z,0.0824,0.412,2.109783096786444,0,-1,nan
S3_transport,E,7,4,1,1,,fim,optimized,100.0,0.5,1.0,1.0,10,candidate_z,0.08436,0.4218,2.1656604566834545,0,-1,nan
S3_transport,E,7,4,1,1,,fim,optimized,100.0,0.5,1.0,1.0,10,candidate_z,0.08632000000000001,0.43160000000000004,2.2207872005652973,0,-1,nan
S3_transport,E,7,4,1,1,,fim,optimized,100.0,0.5,1.0,1.0,10,candidate_z,0.08828,0.44139999999999996,2.275134274947682,0,-1,nan
S3_transport,E,7,4,1,1,,fim,optimized,100.0,0.5,1.0,1.0,10,candidate_z,0.09024,0.4512,2.3286773020508207,0,-1,nan
S3_transport,E,7,4,1,1,,fim,optimized,100.0,0.5,1.0,1.0,10,candidate_z,0.0922,0.461,2.3813962336680987,0,-1,nan
S3_transport,E,7,4,1,1,,fim,optimized,100.0,0.5,1.0,1.0,10,candidate_z,0.09416,0.47079999999999994,2.433274996435138,0,-1,nan
S3_transport,E,7,4,1,1,,fim,optimized,100.0,0.5,1.0,1.0,10,candidate_z,0.09612,0.48059999999999997,2.4843011463487983,0,-1,nan
S3_transport,E,7,4,1,1,,fim,optimized,100.0,0.5,1.0,1.0,10,candidate_z,0.09808,0.4904,2.534465530420416,0,-1,nan
S3_transport,E,7,4,1,1,,fim,optimized,100.0,0.5,1.0,1.0,10,candidate_z,0.10004,0.5002,2.5837619797572273,0,-1,nan
S3_transport,E,7,4,1,1,,fim,optimized,100.0,0.5,1.0,1.0,10,candidate_z,0.10200000000000001,0.51,2.6321869943030762,0,-1,nan
S3_transport,E,7,4,1,1,,fim,optimized,100.0,0.5,1.0,1.0,10,candidate_z,0.10396,0.5197999999999999,2.679737912960526,0,-1,nan
S3_transport,E,7,4,1,1,,fim,optimized,100.0,0.5,1.0,1.0,10,candidate_z,0.10592,0.5296,2.726416718215088,0,-1,nan
S3_transport,E,7,4,1,1,,fim,optimized,100.0,0.5,1.0,1.0,10,candidate_z,0.10788,0.5394,2.7722263465265016,0,-1,nan
S3_transport,E,7,4,1,1,,fim,optimized,100.0,0.5,1.0,1.0,10,candidate_z,0.10984,0.5491999999999999,2.817171385680126,0,-1,nan
S3_transport,E,7,4,1,1,,fim,optimized,100.0,0.5,1.0,1.0,10,candidate_z,0.1118,0.5589999999999999,2.861257839971998,0,-1,nan
S3_transport,E,7,4,1,1,,fim,optimized,100.0,0.5,1.0,1.0,10,candidate_z,0.11376,0.5688,2.9044930050074953,0,-1,nan
S3_transport,E,7,4,1,1,,fim,optimized,100.0,0.5,1.0,1.0,10,candidate_z,0.11572,0.5786,2.946885254004208,0,-1,nan
S3_transport,E,7,4,1,1,,fim,optimized,100.0,0.5,1.0,1.0,10,candidate_z,0.11768,0.5884,2.9884438882705098,0,-1,nan
S3_transport,E,7,4,1,1,,fim,optimized,100.0,0.5,1.0,1.0,10,candidate_z,0.11964,0.5982,3.0291790006495987,0,-1,nan
S3_transport,E,7,4,1,1,,fim,optimized,100.0,0.5,1.0,1.0,10,candidate_z,0.1216,0.608,3.0691013507022546,0,-1,nan
S3_transport,E,7,4,1,1,,fim,optimized,100.0,0.5,1.0,1.0,10,candidate_z,0.12356,0.6178,3.108222252690773,0,-1,nan
S3_transport,E,7,4,1,1,,fim,optimized,100.0,0.5,1.0,1.0,10,candidate_z,0.12552,0.6275999999999999,3.1465534584154113,0,-1,nan
S3_transport,E,7,4,1,1,,fim,optimized,100.0,0.5,1.0,1.0,10,candidate_z,0.12747999999999998,0.6373999999999999,3.1841070945935783,0,-1,nan
S3_transport,E,7,4,1,1,,fim,optimized,100.0,0.5,1.0,1.0,10,candidate_z,0.12944,0.6472,3.220895582458052,0,-1,nan
S3_transport,E,7,4,1,1,,fim,optimized,100.0,0.5,1.0,1.0,10,candidate_z,0.1314,0.6569999999999999,3.2569315546549973,0,-1,nan
S3_transport,E,7,4,1,1,,fim,optimized,100.0,0.5,1.0,1.0,10,candidate_z,0.13336,0.6668,3.2922277951545027,0,-1,nan
S3_transport,E,7,4,1,1,,fim,optimized,100.0,0.5,1.0,1.0,10,candidate_z,0.13532,0.6766,3.3267971863443506,0,-1,nan
S3_transport,E,7,4,1,1,,fim,optimized,100.0,0.5,1.0,1.0,10,candidate_z,0.13728,0.6864,3.360652660930981,0,-1,nan
S3_transport,E,7,4,1,1,,fim,optimized,100.0,0.5,1.0,1.0,10,candidate_z,0.13924,0.6961999999999999,3.39380715347,0,-1,nan
S3_transport,E,7,4,1,1,,fim,optimized,100.0,0.5,1.0,1.0,10,candidate_z,0.1412,0.706,3.4262735657071275,0,-1,nan
S3_transport,E,7,4,1,1,,fim,optimized,100.0,0.5,1.0,1.0,10,candidate_z,0.14316,0.7158,3.4580647480897326,0,-1,nan
S3_transport,E,7,4,1,1,,fim,optimized,100.0,0.5,1.0,1.0,10,candidate_z,0.14512,0.7255999999999999,3.4891934634552975,0,-1,nan
S3_transport,E,7,4,1,1,,fim,optimized,100.0,0.5,1.0,1.0,10,candidate_z,0.14708,0.7353999999999999,3.51967235860576,1,-1,nan
S3_transport,E,7,4,1,1,,fim,optimized,100.0,0.5,1.0,1.0,10,candidate_z,0.14904,0.7452,3.549513947206247,0,-1,nan
S3_transport,E,7,4,1,1,,fim,optimized,100.0,0.5,1.0,1.0,10,candidate_z,0.151,0.7549999999999999,3.578730592375571,0,-1,nan
S3_transport,E,7,4,1,1,,fim,optimized,100.0,0.5,1.0,1.0,10,candidate_z,0.15295999999999998,0.7647999999999999,3.60733449037091,1,-1,nan
S3_transport,E,7,4,1,1,,fim,optimized,100.0,0.5,1.0,1.0,10,candidate_z,0.15492,0.7746,3.6353376537111934,0,-1,nan
S3_transport,E,7,4,1,1,,fim,optimized,100.0,0.5,1.0,1.0,10,candidate_z,0.15688,0.7843999999999999,3.6627519107217026,0,-1,nan
S3_transport,E,7,4,1,1,,fim,optimized,100.0,0.5,1.0,1.0,10,candidate_z,0.15884,0.7942,3.689588899460446,1,-1,nan
S3_transport,E,7,4,1,1,,fim,optimized,100.0,0.5,1.0,1.0,10,candidate_z,0.1608,0.8039999999999999,3.7158600507539603,0,-1,nan
S3_transport,E,7,4,1,1,,fim,optimized,100.0,0.5,1.0,1.0,10,candidate_z,0.16276,0.8137999999999999,3.7415765872348743,0,-1,nan
S3_transport,E,7,4,1,1,,fim,optimized,100.0,0.5,1.0,1.0,10,candidate_z,0.16472,0.8236,3.7667495194800082,1,-1,nan
S3_transport,E,7,4,1,1,,fim,optimized,100.0,0.5,1.0,1.0,10,candidate_z,0.16668,0.8333999999999999,3.791389643277803,0,-1,nan
S3_transport,E,7,4,1,1,,fim,optimized,100.0,0.5,1.0,1.0,10,candidate_z,0.16864,0.8432000000000001,3.815507534239927,0,-1,nan
S3_transport,E,7,4,1,1,,fim,optimized,100.0,0.5,1.0,1.0,10,candidate_z,0.1706,0.853,3.8391135484113192,1,-1,nan
S3_transport,E,7,4,1,1,,fim,optimized,100.0,0.5,1.0,1.0,10,candidate_z,0.17256,0.8627999999999999,3.862217832627657,0,-1,nan
S3_transport,E,7,4,1,1,,fim,optimized,100.0,0.5,1.0,1.0,10,candidate_z,0.17452,0.8726,3.8848303125470736,0,-1,nan
S3_transport,E,7,4,1,1,,fim,optimized,100.0,0.5,1.0,1.0,10,candidate_z,0.17648,0.8824,3.906960697841015,1,-1,nan
S3_transport,E,7,4,1,1,,fim,optimized,100.0,0.5,1.0,1.0,10,candidate_z,0.17844,0.8921999999999999,3.92861848381699,0,-1,nan
S3_transport,E,7,4,1,1,,fim,optimized,100.0,0.5,1.0,1.0,10,candidate_z,0.1804,0.902,3.949812953487541,0,-1,nan
S3_transport,E,7,4,1,1,,fim,optimized,100.0,0.5,1.0,1.0,10,candidate_z,0.18236,0.9117999999999999,3.9705531790967754,1,-1,nan
S3_transport,E,7,4,1,1,,fim,optimized,100.0,0.5,1.0,1.0,10,candidate_z,0.18431999999999998,0.9215999999999999,3.9908480227820533,0,-1,nan
S3_transport,E,7,4,1,1,,fim,optimized,100.0,0.5,1.0,1.0,10,candidate_z,0.18628,0.9314,4.010706146306237,0,-1,nan
S3_transport,E,7,4,1,1,,fim,optimized,100.0,0.5,1.0,1.0,10,candidate_z,0.18824,0.9411999999999999,4.0301360103227495,1,-1,nan
S3_transport,E,7,4,1,1,,fim,optimized,100.0,0.5,1.0,1.0,10,candidate_z,0.1902,0.951,4.049145876919518,0,-1,nan
S3_transport,E,7,4,1,1,,fim,optimized,100.0,0.5,1.0,1.0,10,candidate_z,0.19216,0.9608,4.067743814018833,0,-1,nan
S3_transport,E,7,4,1,1,,fim,optimized,100.0,0.5,1.0,1.0,10,candidate_z,0.19412,0.9705999999999999,4.085937699003768,1,-1,nan
S3_transport,E,7,4,1,1,,fim,optimized,100.0,0.5,1.0,1.0,10,candidate_z,0.19608,0.9803999999999999,4.103735222449309,0,-1,nan
S3_transport,E,7,4,1,1,,fim,optimized,100.0,0.5,1.0,1.0,10,candidate_z,0.19804,0.9902,4.1211438911805445,0,-1,nan
S3_transport,E,7,4,1,1,,fim,optimized,100.0,0.5,1.0,1.0,10,candidate_z,0.2,1.0,4.138171031381624,1,-1,nan
S3_transport,E,7,4,1,1,,fim,optimized,100.0,0.5,1.0,1.0,10,selected_z,0.2,1.0,nan,1,1,4.138171031381624
S3_transport,E,7,4,1,1,,fim,optimized,100.0,0.5,1.0,1.0,10,selected_z,0.19412,0.9705999999999999,nan,1,2,1.2194527494563587
S3_transport,E,7,4,1,1,,fim,optimized,100.0,0.5,1.0,1.0,10,selected_z,0.18824,0.9411999999999999,nan,1,3,0.7323110770585721
S3_transport,E,7,4,1,1,,fim,optimized,100.0,0.5,1.0,1.0,10,selected_z,0.18236,0.9117999999999999,nan,1,4,0.5192695177928321
S3_transport,E,7,4,1,1,,fim,optimized,100.0,0.5,1.0,1.0,10,selected_z,0.17648,0.8824,nan,1,5,0.3987130410964568
S3_transport,E,7,4,1,1,,fim,optimized,100.0,0.5,1.0,1.0,10,selected_z,0.1706,0.853,nan,1,6,0.3207785590956078
S3_transport,E,7,4,1,1,,fim,optimized,100.0,0.5,1.0,1.0,10,selected_z,0.16472,0.8236,nan,1,7,0.26604011096938507
S3_transport,E,7,4,1,1,,fim,optimized,100.0,0.5,1.0,1.0,10,selected_z,0.15884,0.7942,nan,1,8,0.2253314555498278
S3_transport,E,7,4,1,1,,fim,optimized,100.0,0.5,1.0,1.0,10,selected_z,0.15295999999999998,0.7647999999999999,nan,1,9,0.19375668471820262
S3_transport,E,7,4,1,1,,fim,optimized,100.0,0.5,1.0,1.0,10,selected_z,0.14708,0.7353999999999999,nan,1,10,0.16846155642093663
S3_transport,E,7,4,1,1,,fim,optimized,100.0,0.5,1.0,1.0,10,final_z,0.15099999999999997,0.7549999999999998,nan,1,-1,nan
S3_transport,E,7,4,1,1,,fim,optimized,100.0,0.5,1.0,1.0,10,final_z,0.15687999999999996,0.7843999999999998,nan,1,-1,nan
S3_transport,E,7,4,1,1,,fim,optimized,100.0,0.5,1.0,1.0,10,final_z,0.16276,0.8137999999999999,nan,1,-1,nan
S3_transport,E,7,4,1,1,,fim,optimized,100.0,0.5,1.0,1.0,10,final_z,0.16863999999999998,0.8431999999999998,nan,1,-1,nan
S3_transport,E,7,4,1,1,,fim,optimized,100.0,0.5,1.0,1.0,10,final_z,0.17451999999999998,0.8725999999999998,nan,1,-1,nan
S3_transport,E,7,4,1,1,,fim,optimized,100.0,0.5,1.0,1.0,10,final_z,0.18039999999999998,0.9019999999999998,nan,1,-1,nan
S3_transport,E,7,4,1,1,,fim,optimized,100.0,0.5,1.0,1.0,10,final_z,0.18627999999999997,0.9313999999999998,nan,1,-1,nan
S3_transport,E,7,4,1,1,,fim,optimized,100.0,0.5,1.0,1.0,10,final_z,0.191376,0.95688,nan,1,-1,nan
S3_transport,E,7,4,1,1,,fim,optimized,100.0,0.5,1.0,1.0,10,final_z,0.19568799999999997,0.9784399999999999,nan,1,-1,nan
S3_transport,E,7,4,1,1,,fim,optimized,100.0,0.5,1.0,1.0,10,final_z,0.2,1.0,nan,1,-1,nan
S3_transport,E,7,5,1,1,,fim,optimized,160.0,0.5,1.0,1.0,10,candidate_z,0.004,0.02,0.03526681909220386,0,-1,nan
S3_transport,E,7,5,1,1,,fim,optimized,160.0,0.5,1.0,1.0,10,candidate_z,0.00596,0.0298,0.06161697522837528,0,-1,nan
S3_transport,E,7,5,1,1,,fim,optimized,160.0,0.5,1.0,1.0,10,candidate_z,0.00792,0.039599999999999996,0.08764483577982674,0,-1,nan
S3_transport,E,7,5,1,1,,fim,optimized,160.0,0.5,1.0,1.0,10,candidate_z,0.00988,0.0494,0.11210209293041018,0,-1,nan
S3_transport,E,7,5,1,1,,fim,optimized,160.0,0.5,1.0,1.0,10,candidate_z,0.01184,0.059199999999999996,0.1346281148189803,0,-1,nan
S3_transport,E,7,5,1,1,,fim,optimized,160.0,0.5,1.0,1.0,10,candidate_z,0.0138,0.06899999999999999,0.1552042968624079,0,-1,nan
S3_transport,E,7,5,1,1,,fim,optimized,160.0,0.5,1.0,1.0,10,candidate_z,0.01576,0.0788,0.173922673495575,0,-1,nan
S3_transport,E,7,5,1,1,,fim,optimized,160.0,0.5,1.0,1.0,10,candidate_z,0.01772,0.0886,0.19089480294205785,0,-1,nan
S3_transport,E,7,5,1,1,,fim,optimized,160.0,0.5,1.0,1.0,10,candidate_z,0.01968,0.09839999999999999,0.20622176438880402,0,-1,nan
S3_transport,E,7,5,1,1,,fim,optimized,160.0,0.5,1.0,1.0,10,candidate_z,0.02164,0.10819999999999999,0.219989151736808,0,-1,nan
S3_transport,E,7,5,1,1,,fim,optimized,160.0,0.5,1.0,1.0,10,candidate_z,0.0236,0.118,0.23227084908724294,0,-1,nan
S3_transport,E,7,5,1,1,,fim,optimized,160.0,0.5,1.0,1.0,10,candidate_z,0.02556,0.1278,0.24313465844822701,0,-1,nan
S3_transport,E,7,5,1,1,,fim,optimized,160.0,0.5,1.0,1.0,10,candidate_z,0.02752,0.1376,0.2526471484917252,0,-1,nan
S3_transport,E,7,5,1,1,,fim,optimized,160.0,0.5,1.0,1.0,10,candidate_z,0.02948,0.14739999999999998,0.26087700257339463,0,-1,nan
S3_transport,E,7,5,1,1,,fim,optimized,160.0,0.5,1.0,1.0,10,candidate_z,0.031439999999999996,0.15719999999999998,0.2678969330835663,0,-1,nan
S3_transport,E,7,5,1,1,,fim,optimized,160.0,0.5,1.0,1.0,10,candidate_z,0.0334,0.16699999999999998,0.2737844371998861,0,-1,nan
S3_transport,E,7,5,1,1,,fim,optimized,160.0,0.5,1.0,1.0,10,candidate_z,0.03536,0.1768,0.2786217910583666,1,-1,nan
S3_transport,E,7,5,1,1,,fim,optimized,160.0,0.5,1.0,1.0,10,candidate_z,0.037320000000000006,0.18660000000000002,0.2824954923044771,0,-1,nan
S3_transport,E,7,5,1,1,,fim,optimized,160.0,0.5,1.0,1.0,10,candidate_z,0.039279999999999995,0.19639999999999996,0.28549541741244155,0,-1,nan
S3_transport,E,7,5,1,1,,fim,optimized,160.0,0.5,1.0,1.0,10,candidate_z,0.04124,0.2062,0.28771383288176366,1,-1,nan
S3_transport,E,7,5,1,1,,fim,optimized,160.0,0.5,1.0,1.0,10,candidate_z,0.0432,0.216,0.28924431863768874,0,-1,nan
S3_transport,E,7,5,1,1,,fim,optimized,160.0,0.5,1.0,1.0,10,candidate_z,0.045160000000000006,0.22580000000000003,0.2901807098240283,0,-1,nan
S3_transport,E,7,5,1,1,,fim,optimized,160.0,0.5,1.0,1.0,10,candidate_z,0.047119999999999995,0.23559999999999998,0.2906160840676719,1,-1,nan
S3_transport,E,7,5,1,1,,fim,optimized,160.0,0.5,1.0,1.0,10,candidate_z,0.04908,0.24539999999999998,0.29064178382360595,0,-1,nan
S3_transport,E,7,5,1,1,,fim,optimized,160.0,0.5,1.0,1.0,10,candidate_z,0.05104,0.2552,0.29034652557759344,0,-1,nan
S3_transport,E,7,5,1,1,,fim,optimized,160.0,0.5,1.0,1.0,10,candidate_z,0.053000000000000005,0.265,0.2898156205271505,1,-1,nan
S3_transport,E,7,5,1,1,,fim,optimized,160.0,0.5,1.0,1.0,10,candidate_z,0.054959999999999995,0.27479999999999993,0.28913023566016705,0,-1,nan
S3_transport,E,7,5,1,1,,fim,optimized,160.0,0.5,1.0,1.0,10,candidate_z,0.05692,0.28459999999999996,0.28836672460609947,0,-1,nan
S3_transport,E,7,5,1,1,,fim,optimized,160.0,0.5,1.0,1.0,10,candidate_z,0.05888,0.2944,0.2875961383968857,0,-1,nan
S3_transport,E,7,5,1,1,,fim,optimized,160.0,0.5,1.0,1.0,10,candidate_z,0.060840000000000005,0.3042,0.28688380370385147,0,-1,nan
S3_transport,E,7,5,1,1,,fim,optimized,160.0,0.5,1.0,1.0,10,candidate_z,0.0628,0.31399999999999995,0.2862889407585989,0,-1,nan
S3_transport,E,7,5,1,1,,fim,optimized,160.0,0.5,1.0,1.0,10,candidate_z,0.06476,0.3238,0.2858644385013349,0,-1,nan
S3_transport,E,7,5,1,1,,fim,optimized,160.0,0.5,1.0,1.0,10,candidate_z,0.06672,0.3336,0.2856567093283857,0,-1,nan
S3_transport,E,7,5,1,1,,fim,optimized,160.0,0.5,1.0,1.0,10,candidate_z,0.06868,0.3434,0.2857056210305302,0,-1,nan
S3_transport,E,7,5,1,1,,fim,optimized,160.0,0.5,1.0,1.0,10,candidate_z,0.07064000000000001,0.3532,0.2860445516028314,0,-1,nan
S3_transport,E,7,5,1,1,,fim,optimized,160.0,0.5,1.0,1.0,10,candidate_z,0.0726,0.363,0.2867005094376296,0,-1,nan
S3_transport,E,7,5,1,1,,fim,optimized,160.0,0.5,1.0,1.0,10,candidate_z,0.07456,0.37279999999999996,0.28769433524250587,0,-1,nan
S3_transport,E,7,5,1,1,,fim,optimized,160.0,0.5,1.0,1.0,10,candidate_z,0.07652,0.3826,0.2890409625909278,0,-1,nan
S3_transport,E,7,5,1,1,,fim,optimized,160.0,0.5,1.0,1.0,10,candidate_z,0.07848,0.39239999999999997,0.29074975054757246,0,-1,nan
S3_transport,E,7,5,1,1,,fim,optimized,160.0,0.5,1.0,1.0,10,candidate_z,0.08044,0.40219999999999995,0.2928248648483702,0,-1,nan
S3_transport,E,7,5,1,1,,fim,optimized,160.0,0.5,1.0,1.0,10,candidate_z,0.0824,0.412,0.29526569888041365,0,-1,nan
S3_transport,E,7,5,1,1,,fim,optimized,160.0,0.5,1.0,1.0,10,candidate_z,0.08436,0.4218,0.2980673070886013,0,-1,nan
S3_transport,E,7,5,1,1,,fim,optimized,160.0,0.5,1.0,1.0,10,candidate_z,0.08632000000000001,0.43160000000000004,0.30122089018742315,0,-1,nan
S3_transport,E,7,5,1,1,,fim,optimized,160.0,0.5,1.0,1.0,10,candidate_z,0.08828,0.44139999999999996,0.30471422911615065,0,-1,nan
S3_transport,E,7,5,1,1,,fim,optimized,160.0,0.5,1.0,1.0,10,candidate_z,0.09024,0.4512,0.30853221933596586,0,-1,nan
S3_transport,E,7,5,1,1,,fim,optimized,160.0,0.5,1.0,1.0,10,candidate_z,0.0922,0.461,0.31265728735593257,0,-1,nan
S3_transport,E,7,5,1,1,,fim,optimized,160.0,0.5,1.0,1.0,10,candidate_z,0.09416,0.47079999999999994,0.31706983546517975,0,-1,nan
S3_transport,E,7,5,1,1,,fim,optimized,160.0,0.5,1.0,1.0,10,candidate_z,0.09612,0.48059999999999997,0.32174873731294085,0,-1,nan
S3_transport,E,7,5,1,1,,fim,optimized,160.0,0.5,1.0,1.0,10,candidate_z,0.09808,0.4904,0.32667163168424196,0,-1,nan
S3_transport,E,7,5,1,1,,fim,optimized,160.0,0.5,1.0,1.0,10,candidate_z,0.10004,0.5002,0.33181540743693105,0,-1,nan
S3_transport,E,7,5,1,1,,fim,optimized,160.0,0.5,1.0,1.0,10,candidate_z,0.10200000000000001,0.51,0.3371564710482815,0,-1,nan
S3_transport,E,7,5,1,1,,fim,optimized,160.0,0.5,1.0,1.0,10,candidate_z,0.10396,0.5197999999999999,0.3426630474422403,0,-1,nan
S3_transport,E,7,5,1,1,,fim,optimized,160.0,0.5,1.0,1.0,10,candidate_z,0.10592,0.5296,0.3483196605725212,0,-1,nan
S3_transport,E,7,5,1,1,,fim,optimized,160.0,0.5,1.0,1.0,10,candidate_z,0.10788,0.5394,0.3541030337086255,0,-1,nan
S3_transport,E,7,5,1,1,,fim,optimized,160.0,0.5,1.0,1.0,10,candidate_z,0.10984,0.5491999999999999,0.3599905057419086,0,-1,nan
S3_transport,E,7,5,1,1,,fim,optimized,160.0,0.5,1.0,1.0,10,candidate_z,0.1118,0.5589999999999999,0.365960129178319,0,-1,nan
S3_transport,E,7,5,1,1,,fim,optimized,160.0,0.5,1.0,1.0,10,candidate_z,0.11376,0.5688,0.3719908313503879,0,-1,nan
S3_transport,E,7,5,1,1,,fim,optimized,160.0,0.5,1.0,1.0,10,candidate_z,0.11572,0.5786,0.3780625635790784,0,-1,nan
S3_transport,E,7,5,1,1,,fim,optimized,160.0,0.5,1.0,1.0,10,candidate_z,0.11768,0.5884,0.3841563221187059,0,-1,nan
S3_transport,E,7,5,1,1,,fim,optimized,160.0,0.5,1.0,1.0,10,candidate_z,0.11964,0.5982,0.3902542779536162,0,-1,nan
S3_transport,E,7,5,1,1,,fim,optimized,160.0,0.5,1.0,1.0,10,candidate_z,0.1216,0.608,0.3963397738171963,0,-1,nan
S3_transport,E,7,5,1,1,,fim,optimized,160.0,0.5,1.0,1.0,10,candidate_z,0.12356,0.6178,0.4023973630432991,0,-1,nan
S3_transport,E,7,5,1,1,,fim,optimized,160.0,0.5,1.0,1.0,10,candidate_z,0.12552,0.6275999999999999,0.40841283302546927,0,-1,nan
S3_transport,E,7,5,1,1,,fim,optimized,160.0,0.5,1.0,1.0,10,candidate_z,0.12747999999999998,0.6373999999999999,0.4143731673165476,0,-1,nan
S3_transport,E,7,5,1,1,,fim,optimized,160.0,0.5,1.0,1.0,10,candidate_z,0.12944,0.6472,0.42026655756836817,0,-1,nan
S3_transport,E,7,5,1,1,,fim,optimized,160.0,0.5,1.0,1.0,10,candidate_z,0.1314,0.6569999999999999,0.4260823534592788,0,-1,nan
S3_transport,E,7,5,1,1,,fim,optimized,160.0,0.5,1.0,1.0,10,candidate_z,0.13336,0.6668,0.43181103173610325,0,-1,nan
S3_transport,E,7,5,1,1,,fim,optimized,160.0,0.5,1.0,1.0,10,candidate_z,0.13532,0.6766,0.4374441607684929,0,-1,nan
S3_transport,E,7,5,1,1,,fim,optimized,160.0,0.5,1.0,1.0,10,candidate_z,0.13728,0.6864,0.4429743389348566,0,-1,nan
S3_transport,E,7,5,1,1,,fim,optimized,160.0,0.5,1.0,1.0,10,candidate_z,0.13924,0.6961999999999999,0.4483951518620124,0,-1,nan
S3_transport,E,7,5,1,1,,fim,optimized,160.0,0.5,1.0,1.0,10,candidate_z,0.1412,0.706,0.45370111243674316,0,-1,nan
S3_transport,E,7,5,1,1,,fim,optimized,160.0,0.5,1.0,1.0,10,candidate_z,0.14316,0.7158,0.45888760568761455,0,-1,nan
S3_transport,E,7,5,1,1,,fim,optimized,160.0,0.5,1.0,1.0,10,candidate_z,0.14512,0.7255999999999999,0.4639508331161366,0,-1,nan
S3_transport,E,7,5,1,1,,fim,optimized,160.0,0.5,1.0,1.0,10,candidate_z,0.14708,0.7353999999999999,0.46888774976605063,0,-1,nan
S3_transport,E,7,5,1,1,,fim,optimized,160.0,0.5,1.0,1.0,10,candidate_z,0.14904,0.7452,0.47369601302118625,0,-1,nan
S3_transport,E,7,5,1,1,,fim,optimized,160.0,0.5,1.0,1.0,10,candidate_z,0.151,0.7549999999999999,0.4783739251554273,0,-1,nan
S3_transport,E,7,5,1,1,,fim,optimized,160.0,0.5,1.0,1.0,10,candidate_z,0.15295999999999998,0.7647999999999999,0.48292037811476973,0,-1,nan
S3_transport,E,7,5,1,1,,fim,optimized,160.0,0.5,1.0,1.0,10,candidate_z,0.15492,0.7746,0.4873348047442079,0,-1,nan
S3_transport,E,7,5,1,1,,fim,optimized,160.0,0.5,1.0,1.0,10,candidate_z,0.15688,0.7843999999999999,0.49161712523909173,0,-1,nan
S3_transport,E,7,5,1,1,,fim,optimized,160.0,0.5,1.0,1.0,10,candidate_z,0.15884,0.7942,0.4957677015988864,0,-1,nan
S3_transport,E,7,5,1,1,,fim,optimized,160.0,0.5,1.0,1.0,10,candidate_z,0.1608,0.8039999999999999,0.49978729296662294,0,-1,nan
S3_transport,E,7,5,1,1,,fim,optimized,160.0,0.5,1.0,1.0,10,candidate_z,0.16276,0.8137999999999999,0.5036770100739787,0,-1,nan
S3_transport,E,7,5,1,1,,fim,optimized,160.0,0.5,1.0,1.0,10,candidate_z,0.16472,0.8236,0.5074382793209153,0,-1,nan
S3_transport,E,7,5,1,1,,fim,optimized,160.0,0.5,1.0,1.0,10,candidate_z,0.16668,0.8333999999999999,0.511072803282655,0,-1,nan
S3_transport,E,7,5,1,1,,fim,optimized,160.0,0.5,1.0,1.0,10,candidate_z,0.16864,0.8432000000000001,0.5145825258350598,0,-1,nan
S3_transport,E,7,5,1,1,,fim,optimized,160.0,0.5,1.0,1.0,10,candidate_z,0.1706,0.853,0.5179696017353592,1,-1,nan
S3_transport,E,7,5,1,1,,fim,optimized,160.0,0.5,1.0,1.0,10,candidate_z,0.17256,0.8627999999999999,0.5212363630871266,0,-1,nan
S3_transport,E,7,5,1,1,,fim,optimized,160.0,0.5,1.0,1.0,10,candidate_z,0.17452,0.8726,0.524385295705116,0,-1,nan
S3_transport,E,7,5,1,1,,fim,optimized,160.0,0.5,1.0,1.0,10,candidate_z,0.17648,0.8824,0.5274190122951339,1,-1,nan
S3_transport,E,7,5,1,1,,fim,optimized,160.0,0.5,1.0,1.0,10,candidate_z,0.17844,0.8921999999999999,0.5303402285318306,0,-1,nan
S3_transport,E,7,5,1,1,,fim,optimized,160.0,0.5,1.0,1.0,10,candidate_z,0.1804,0.902,0.5331517447537308,0,-1,nan
S3_transport,E,7,5,1,1,,fim,optimized,160.0,0.5,1.0,1.0,10,candidate_z,0.18236,0.9117999999999999,0.5358564232809968,1,-1,nan
S3_transport,E,7,5,1,1,,fim,optimized,160.0,0.5,1.0,1.0,10,candidate_z,0.18431999999999998,0.9215999999999999,0.538457174248439,0,-1,nan
S3_transport,E,7,5,1,1,,fim,optimized,160.0,0.5,1.0,1.0,10,candidate_z,0.18628,0.9314,0.5409569381577626,0,-1,nan
S3_transport,E,7,5,1,1,,fim,optimized,160.0,0.5,1.0,1.0,10,candidate_z,0.18824,0.9411999999999999,0.5433586721234249,1,-1,nan
S3_transport,E,7,5,1,1,,fim,optimized,160.0,0.5,1.0,1.0,10,candidate_z,0.1902,0.951,0.5456653391759758,0,-1,nan
S3_transport,E,7,5,1,1,,fim,optimized,160.0,0.5,1.0,1.0,10,candidate_z,0.19216,0.9608,0.5478798940837919,0,-1,nan
S3_transport,E,7,5,1,1,,fim,optimized,160.0,0.5,1.0,1.0,10,candidate_z,0.19412,0.9705999999999999,0.5500052769138897,1,-1,nan
S3_transport,E,7,5,1,1,,fim,optimized,160.0,0.5,1.0,1.0,10,candidate_z,0.19608,0.9803999999999999,0.5520444010518517,0,-1,nan
S3_transport,E,7,5,1,1,,fim,optimized,160.0,0.5,1.0,1.0,10,candidate_z,0.19804,0.9902,0.5540001474201119,0,-1,nan
S3_transport,E,7,5,1,1,,fim,optimized,160.0,0.5,1.0,1.0,10,candidate_z,0.2,1.0,0.5558753589017087,1,-1,nan
S3_transport,E,7,5,1,1,,fim,optimized,160.0,0.5,1.0,1.0,10,selected_z,0.2,1.0,nan,1,1,0.5558753589017087
S3_transport,E,7,5,1,1,,fim,optimized,160.0,0.5,1.0,1.0,10,selected_z,0.19412,0.9705999999999999,nan,1,2,0.3890570383931937
S3_transport,E,7,5,1,1,,fim,optimized,160.0,0.5,1.0,1.0,10,selected_z,0.18824,0.9411999999999999,nan,1,3,0.30267140817985805
S3_transport,E,7,5,1,1,,fim,optimized,160.0,0.5,1.0,1.0,10,selected_z,0.047119999999999995,0.23559999999999998,nan,1,4,0.2901705570925728
S3_transport,E,7,5,1,1,,fim,optimized,160.0,0.5,1.0,1.0,10,selected_z,0.18236,0.9117999999999999,nan,1,5,0.24856802338685924
S3_transport,E,7,5,1,1,,fim,optimized,160.0,0.5,1.0,1.0,10,selected_z,0.04124,0.2062,nan,1,6,0.23746742980974034
S3_transport,E,7,5,1,1,,fim,optimized,160.0,0.5,1.0,1.0,10,selected_z,0.17648,0.8824,nan,1,7,0.21110778882128756
S3_transport,E,7,5,1,1,,fim,optimized,160.0,0.5,1.0,1.0,10,selected_z,0.053000000000000005,0.265,nan,1,8,0.20281332519996909
S3_transport,E,7,5,1,1,,fim,optimized,160.0,0.5,1.0,1.0,10,selected_z,0.1706,0.853,nan,1,9,0.18267013421934308
S3_transport,E,7,5,1,1,,fim,optimized,160.0,0.5,1.0,1.0,10,selected_z,0.03536,0.1768,nan,1,10,0.17284293633092318
S3_transport,E,7,5,1,1,,fim,optimized,160.0,0.5,1.0,1.0,10,final_z,0.03849600000000001,0.19248000000000004,nan,1,-1,nan
S3_transport,E,7,5,1,1,,fim,optimized,160.0,0.5,1.0,1.0,10,final_z,0.042808,0.21403999999999998,nan,1,-1,nan
S3_transport,E,7,5,1,1,,fim,optimized,160.0,0.5,1.0,1.0,10,final_z,0.047119999999999995,0.23559999999999998,nan,1,-1,nan
S3_transport,E,7,5,1,1,,fim,optimized,160.0,0.5,1.0,1.0,10,final_z,0.051432000000000005,0.25716,nan,1,-1,nan
S3_transport,E,7,5,1,1,,fim,optimized,160.0,0.5,1.0,1.0,10,final_z,0.17451999999999998,0.8725999999999998,nan,1,-1,nan
S3_transport,E,7,5,1,1,,fim,optimized,160.0,0.5,1.0,1.0,10,final_z,0.18039999999999998,0.9019999999999998,nan,1,-1,nan
S3_transport,E,7,5,1,1,,fim,optimized,160.0,0.5,1.0,1.0,10,final_z,0.18627999999999997,0.9313999999999998,nan,1,-1,nan
S3_transport,E,7,5,1,1,,fim,optimized,160.0,0.5,1.0,1.0,10,final_z,0.191376,0.95688,nan,1,-1,nan
S3_transport,E,7,5,1,1,,fim,optimized,160.0,0.5,1.0,1.0,10,final_z,0.19568799999999997,0.9784399999999999,nan,1,-1,nan
S3_transport,E,7,5,1,1,,fim,optimized,160.0,0.5,1.0,1.0,10,final_z,0.2,1.0,nan,1,-1,nan
S3_transport,E,7,6,1,1,,fim,optimized,160.0,0.5,1.0,1.0,10,candidate_z,0.004,0.02,0.020372901111933572,0,-1,nan
S3_transport,E,7,6,1,1,,fim,optimized,160.0,0.5,1.0,1.0,10,candidate_z,0.00596,0.0298,0.035786719206434725,0,-1,nan
S3_transport,E,7,6,1,1,,fim,optimized,160.0,0.5,1.0,1.0,10,candidate_z,0.00792,0.039599999999999996,0.051165324655684685,0,-1,nan
S3_transport,E,7,6,1,1,,fim,optimized,160.0,0.5,1.0,1.0,10,candidate_z,0.00988,0.0494,0.06574500902621594,0,-1,nan
S3_transport,E,7,6,1,1,,fim,optimized,160.0,0.5,1.0,1.0,10,candidate_z,0.01184,0.059199999999999996,0.07927431360365489,0,-1,nan
S3_transport,E,7,6,1,1,,fim,optimized,160.0,0.5,1.0,1.0,10,candidate_z,0.0138,0.06899999999999999,0.09170930946126532,0,-1,nan
S3_transport,E,7,6,1,1,,fim,optimized,160.0,0.5,1.0,1.0,10,candidate_z,0.01576,0.0788,0.10308030972579729,0,-1,nan
S3_transport,E,7,6,1,1,,fim,optimized,160.0,0.5,1.0,1.0,10,candidate_z,0.01772,0.0886,0.11343665244100265,0,-1,nan
S3_transport,E,7,6,1,1,,fim,optimized,160.0,0.5,1.0,1.0,10,candidate_z,0.01968,0.09839999999999999,0.12282659624198544,0,-1,nan
S3_transport,E,7,6,1,1,,fim,optimized,160.0,0.5,1.0,1.0,10,candidate_z,0.02164,0.10819999999999999,0.131292299954481,0,-1,nan
S3_transport,E,7,6,1,1,,fim,optimized,160.0,0.5,1.0,1.0,10,candidate_z,0.0236,0.118,0.13887061161454284,0,-1,nan
S3_transport,E,7,6,1,1,,fim,optimized,160.0,0.5,1.0,1.0,10,candidate_z,0.02556,0.1278,0.14559552117336239,0,-1,nan
S3_transport,E,7,6,1,1,,fim,optimized,160.0,0.5,1.0,1.0,10,candidate_z,0.02752,0.1376,0.15150057387631932,0,-1,nan
S3_transport,E,7,6,1,1,,fim,optimized,160.0,0.5,1.0,1.0,10,candidate_z,0.02948,0.14739999999999998,0.15662067101398947,0,-1,nan
S3_transport,E,7,6,1,1,,fim,optimized,160.0,0.5,1.0,1.0,10,candidate_z,0.031439999999999996,0.15719999999999998,0.1609931809906584,0,-1,nan
S3_transport,E,7,6,1,1,,fim,optimized,160.0,0.5,1.0,1.0,10,candidate_z,0.0334,0.16699999999999998,0.16465845128355028,0,-1,nan
S3_transport,E,7,6,1,1,,fim,optimized,160.0,0.5,1.0,1.0,10,candidate_z,0.03536,0.1768,0.1676598912618772,0,-1,nan
S3_transport,E,7,6,1,1,,fim,optimized,160.0,0.5,1.0,1.0,10,candidate_z,0.037320000000000006,0.18660000000000002,0.17004373858877386,0,-1,nan
S3_transport,E,7,6,1,1,,fim,optimized,160.0,0.5,1.0,1.0,10,candidate_z,0.039279999999999995,0.19639999999999996,0.17185864739098378,1,-1,nan
S3_transport,E,7,6,1,1,,fim,optimized,160.0,0.5,1.0,1.0,10,candidate_z,0.04124,0.2062,0.17315516312745416,0,-1,nan
S3_transport,E,7,6,1,1,,fim,optimized,160.0,0.5,1.0,1.0,10,candidate_z,0.0432,0.216,0.17398513648643643,0,-1,nan
S3_transport,E,7,6,1,1,,fim,optimized,160.0,0.5,1.0,1.0,10,candidate_z,0.045160000000000006,0.22580000000000003,0.17440113606726015,1,-1,nan
S3_transport,E,7,6,1,1,,fim,optimized,160.0,0.5,1.0,1.0,10,candidate_z,0.047119999999999995,0.23559999999999998,0.17445586496741328,0,-1,nan
S3_transport,E,7,6,1,1,,fim,optimized,160.0,0.5,1.0,1.0,10,candidate_z,0.04908,0.24539999999999998,0.17420159556527892,0,-1,nan
S3_transport,E,7,6,1,1,,fim,optimized,160.0,0.5,1.0,1.0,10,candidate_z,0.05104,0.2552,0.17368965475434806,1,-1,nan
S3_transport,E,7,6,1,1,,fim,optimized,160.0,0.5,1.0,1.0,10,candidate_z,0.053000000000000005,0.265,0.17296995183090047,0,-1,nan
S3_transport,E,7,6,1,1,,fim,optimized,160.0,0.5,1.0,1.0,10,candidate_z,0.054959999999999995,0.27479999999999993,0.17209055151563035,0,-1,nan
S3_transport,E,7,6,1,1,,fim,optimized,160.0,0.5,1.0,1.0,10,candidate_z,0.05692,0.28459999999999996,0.17109726267597125,1,-1,nan
S3_transport,E,7,6,1,1,,fim,optimized,160.0,0.5,1.0,1.0,10,candidate_z,0.05888,0.2944,0.17003332437379015,0,-1,nan
S3_transport,E,7,6,1,1,,fim,optimized,160.0,0.5,1.0,1.0,10,candidate_z,0.060840000000000005,0.3042,0.16893916134493026,0,-1,nan
S3_transport,E,7,6,1,1,,fim,optimized,160.0,0.5,1.0,1.0,10,candidate_z,0.0628,0.31399999999999995,0.16785212557212503,0,-1,nan
S3_transport,E,7,6,1,1,,fim,optimized,160.0,0.5,1.0,1.0,10,candidate_z,0.06476,0.3238,0.16680633180187954,0,-1,nan
S3_transport,E,7,6,1,1,,fim,optimized,160.0,0.5,1.0,1.0,10,candidate_z,0.06672,0.3336,0.16583254846680262,0,-1,nan
S3_transport,E,7,6,1,1,,fim,optimized,160.0,0.5,1.0,1.0,10,candidate_z,0.06868,0.3434,0.1649581074197144,0,-1,nan
S3_transport,E,7,6,1,1,,fim,optimized,160.0,0.5,1.0,1.0,10,candidate_z,0.07064000000000001,0.3532,0.1642068960998273,0,-1,nan
S3_transport,E,7,6,1,1,,fim,optimized,160.0,0.5,1.0,1.0,10,candidate_z,0.0726,0.363,0.1635993738125876,0,-1,nan
S3_transport,E,7,6,1,1,,fim,optimized,160.0,0.5,1.0,1.0,10,candidate_z,0.07456,0.37279999999999996,0.16315263848672856,0,-1,nan
S3_transport,E,7,6,1,1,,fim,optimized,160.0,0.5,1.0,1.0,10,candidate_z,0.07652,0.3826,0.1628805174340897,0,-1,nan
S3_transport,E,7,6,1,1,,fim,optimized,160.0,0.5,1.0,1.0,10,candidate_z,0.07848,0.39239999999999997,0.16279370255649894,0,-1,nan
S3_transport,E,7,6,1,1,,fim,optimized,160.0,0.5,1.0,1.0,10,candidate_z,0.08044,0.40219999999999995,0.16289990963234402,0,-1,nan
S3_transport,E,7,6,1,1,,fim,optimized,160.0,0.5,1.0,1.0,10,candidate_z,0.0824,0.412,0.16320406638880058,0,-1,nan
S3_transport,E,7,6,1,1,,fim,optimized,160.0,0.5,1.0,1.0,10,candidate_z,0.08436,0.4218,0.1637085020500635,0,-1,nan
S3_transport,E,7,6,1,1,,fim,optimized,160.0,0.5,1.0,1.0,10,candidate_z,0.08632000000000001,0.43160000000000004,0.16441317977632508,0,-1,nan
S3_transport,E,7,6,1,1,,fim,optimized,160.0,0.5,1.0,1.0,10,candidate_z,0.08828,0.44139999999999996,0.16531589657536472,0,-1,nan
S3_transport,E,7,6,1,1,,fim,optimized,160.0,0.5,1.0,1.0,10,candidate_z,0.09024,0.4512,0.16641253489974872,0,-1,nan
S3_transport,E,7,6,1,1,,fim,optimized,160.0,0.5,1.0,1.0,10,candidate_z,0.0922,0.461,0.16769730004376981,0,-1,nan
S3_transport,E,7,6,1,1,,fim,optimized,160.0,0.5,1.0,1.0,10,candidate_z,0.09416,0.47079999999999994,0.16916290466748762,0,-1,nan
S3_transport,E,7,6,1,1,,fim,optimized,160.0,0.5,1.0,1.0,10,candidate_z,0.09612,0.48059999999999997,0.17080085804254708,0,-1,nan
S3_transport,E,7,6,1,1,,fim,optimized,160.0,0.5,1.0,1.0,10,candidate_z,0.09808,0.4904,0.17260161145370745,0,-1,nan
S3_transport,E,7,6,1,1,,fim,optimized,160.0,0.5,1.0,1.0,10,candidate_z,0.10004,0.5002,0.17455480523275924,0,-1,nan
S3_transport,E,7,6,1,1,,fim,optimized,160.0,0.5,1.0,1.0,10,candidate_z,0.10200000000000001,0.51,0.17664946749525967,0,-1,nan
S3_transport,E,7,6,1,1,,fim,optimized,160.0,0.5,1.0,1.0,10,candidate_z,0.10396,0.5197999999999999,0.17887010015047622,0,-1,nan
S3_transport,E,7,6,1,1,,fim,optimized,160.0,0.5,1.0,1.0,10,candidate_z,0.10592,0.5296,0.18120907878131476,0,-1,nan
S3_transport,E,7,6,1,1,,fim,optimized,160.0,0.5,1.0,1.0,10,candidate_z,0.10788,0.5394,0.18365452301161156,0,-1,nan
S3_transport,E,7,6,1,1,,fim,optimized,160.0,0.5,1.0,1.0,10,candidate_z,0.10984,0.5491999999999999,0.18619456007322555,0,-1,nan
S3_transport,E,7,6,1,1,,fim,optimized,160.0,0.5,1.0,1.0,10,candidate_z,0.1118,0.5589999999999999,0.18881743946182894,0,-1,nan
S3_transport,E,7,6,1,1,,fim,optimized,160.0,0.5,1.0,1.0,10,candidate_z,0.11376,0.5688,0.19151159876154367,0,-1,nan
S3_transport,E,7,6,1,1,,fim,optimized,160.0,0.5,1.0,1.0,10,candidate_z,0.11572,0.5786,0.19426580372732616,0,-1,nan
S3_transport,E,7,6,1,1,,fim,optimized,160.0,0.5,1.0,1.0,10,candidate_z,0.11768,0.5884,0.1970691698546787,0,-1,nan
S3_transport,E,7,6,1,1,,fim,optimized,160.0,0.5,1.0,1.0,10,candidate_z,0.11964,0.5982,0.19991125301694268,0,-1,nan
S3_transport,E,7,6,1,1,,fim,optimized,160.0,0.5,1.0,1.0,10,candidate_z,0.1216,0.608,0.20278209725299234,0,-1,nan
S3_transport,E,7,6,1,1,,fim,optimized,160.0,0.5,1.0,1.0,10,candidate_z,0.12356,0.6178,0.20567225247386034,0,-1,nan
S3_transport,E,7,6,1,1,,fim,optimized,160.0,0.5,1.0,1.0,10,candidate_z,0.12552,0.6275999999999999,0.2085728289554396,0,-1,nan
S3_transport,E,7,6,1,1,,fim,optimized,160.0,0.5,1.0,1.0,10,candidate_z,0.12747999999999998,0.6373999999999999,0.21147549069248583,0,-1,nan
S3_transport,E,7,6,1,1,,fim,optimized,160.0,0.5,1.0,1.0,10,candidate_z,0.12944,0.6472,0.21437247922276015,0,-1,nan
S3_transport,E,7,6,1,1,,fim,optimized,160.0,0.5,1.0,1.0,10,candidate_z,0.1314,0.6569999999999999,0.21725661766539872,0,-1,nan
S3_transport,E,7,6,1,1,,fim,optimized,160.0,0.5,1.0,1.0,10,candidate_z,0.13336,0.6668,0.22012129811952263,0,-1,nan
S3_transport,E,7,6,1,1,,fim,optimized,160.0,0.5,1.0,1.0,10,candidate_z,0.13532,0.6766,0.22296048549762304,0,-1,nan
S3_transport,E,7,6,1,1,,fim,optimized,160.0,0.5,1.0,1.0,10,candidate_z,0.13728,0.6864,0.2257686952543736,0,-1,nan
S3_transport,E,7,6,1,1,,fim,optimized,160.0,0.5,1.0,1.0,10,candidate_z,0.13924,0.6961999999999999,0.22854098120630795,0,-1,nan
S3_transport,E,7,6,1,1,,fim,optimized,160.0,0.5,1.0,1.0,10,candidate_z,0.1412,0.706,0.23127291765219837,0,-1,nan
S3_transport,E,7,6,1,1,,fim,optimized,160.0,0.5,1.0,1.0,10,candidate_z,0.14316,0.7158,0.2339605743194042,0,-1,nan
S3_transport,E,7,6,1,1,,fim,optimized,160.0,0.5,1.0,1.0,10,candidate_z,0.14512,0.7255999999999999,0.23660049777743808,0,-1,nan
S3_transport,E,7,6,1,1,,fim,optimized,160.0,0.5,1.0,1.0,10,candidate_z,0.14708,0.7353999999999999,0.23918968188430512,0,-1,nan
S3_transport,E,7,6,1,1,,fim,optimized,160.0,0.5,1.0,1.0,10,candidate_z,0.14904,0.7452,0.24172554367851973,0,-1,nan
S3_transport,E,7,6,1,1,,fim,optimized,160.0,0.5,1.0,1.0,10,candidate_z,0.151,0.7549999999999999,0.24420590003370535,0,-1,nan
S3_transport,E,7,6,1,1,,fim,optimized,160.0,0.5,1.0,1.0,10,candidate_z,0.15295999999999998,0.7647999999999999,0.2466289383234752,0,-1,nan
S3_transport,E,7,6,1,1,,fim,optimized,160.0,0.5,1.0,1.0,10,candidate_z,0.15492,0.7746,0.24899319340144643,0,-1,nan
S3_transport,E,7,6,1,1,,fim,optimized,160.0,0.5,1.0,1.0,10,candidate_z,0.15688,0.7843999999999999,0.25129752076306744,0,-1,nan
S3_transport,E,7,6,1,1,,fim,optimized,160.0,0.5,1.0,1.0,10,candidate_z,0.15884,0.7942,0.2535410702658396,0,-1,nan
S3_transport,E,7,6,1,1,,fim,optimized,160.0,0.5,1.0,1.0,10,candidate_z,0.1608,0.8039999999999999,0.25572326510686594,0,-1,nan
S3_transport,E,7,6,1,1,,fim,optimized,160.0,0.5,1.0,1.0,10,candidate_z,0.16276,0.8137999999999999,0.2578437756371841,0,-1,nan
S3_transport,E,7,6,1,1,,fim,optimized,160.0,0.5,1.0,1.0,10,candidate_z,0.16472,0.8236,0.2599024984398639,0,-1,nan
S3_transport,E,7,6,1,1,,fim,optimized,160.0,0.5,1.0,1.0,10,candidate_z,0.16668,0.8333999999999999,0.2618995358994596,0,-1,nan
S3_transport,E,7,6,1,1,,fim,optimized,160.0,0.5,1.0,1.0,10,candidate_z,0.16864,0.8432000000000001,0.26383517338335594,0,-1,nan
S3_transport,E,7,6,1,1,,fim,optimized,160.0,0.5,1.0,1.0,10,candidate_z,0.1706,0.853,0.2657098632719581,1,-1,nan
S3_transport,E,7,6,1,1,,fim,optimized,160.0,0.5,1.0,1.0,10,candidate_z,0.17256,0.8627999999999999,0.267524204757855,0,-1,nan
S3_transport,E,7,6,1,1,,fim,optimized,160.0,0.5,1.0,1.0,10,candidate_z,0.17452,0.8726,0.26927892734972403,0,-1,nan
S3_transport,E,7,6,1,1,,fim,optimized,160.0,0.5,1.0,1.0,10,candidate_z,0.17648,0.8824,0.2709748769577516,1,-1,nan
S3_transport,E,7,6,1,1,,fim,optimized,160.0,0.5,1.0,1.0,10,candidate_z,0.17844,0.8921999999999999,0.2726129981716454,0,-1,nan
S3_transport,E,7,6,1,1,,fim,optimized,160.0,0.5,1.0,1.0,10,candidate_z,0.1804,0.902,0.27419432365576313,0,-1,nan
S3_transport,E,7,6,1,1,,fim,optimized,160.0,0.5,1.0,1.0,10,candidate_z,0.18236,0.9117999999999999,0.2757199601846523,1,-1,nan
S3_transport,E,7,6,1,1,,fim,optimized,160.0,0.5,1.0,1.0,10,candidate_z,0.18431999999999998,0.9215999999999999,0.2771910766390633,0,-1,nan
S3_transport,E,7,6,1,1,,fim,optimized,160.0,0.5,1.0,1.0,10,candidate_z,0.18628,0.9314,0.2786088952291266,0,-1,nan
S3_transport,E,7,6,1,1,,fim,optimized,160.0,0.5,1.0,1.0,10,candidate_z,0.18824,0.9411999999999999,0.27997467921959185,1,-1,nan
S3_transport,E,7,6,1,1,,fim,optimized,160.0,0.5,1.0,1.0,10,candidate_z,0.1902,0.951,0.2812897266747001,0,-1,nan
S3_transport,E,7,6,1,1,,fim,optimized,160.0,0.5,1.0,1.0,10,candidate_z,0.19216,0.9608,0.2825553606898481,0,-1,nan
S3_transport,E,7,6,1,1,,fim,optimized,160.0,0.5,1.0,1.0,10,candidate_z,0.19412,0.9705999999999999,0.28377292237729534,1,-1,nan
S3_transport,E,7,6,1,1,,fim,optimized,160.0,0.5,1.0,1.0,10,candidate_z,0.19608,0.9803999999999999,0.28494376552309575,0,-1,nan
S3_transport,E,7,6,1,1,,fim,optimized,160.0,0.5,1.0,1.0,10,candidate_z,0.19804,0.9902,0.2860692484230256,0,-1,nan
S3_transport,E,7,6,1,1,,fim,optimized,160.0,0.5,1.0,1.0,10,candidate_z,0.2,1.0,0.28715073072737596,1,-1,nan
S3_transport,E,7,6,1,1,,fim,optimized,160.0,0.5,1.0,1.0,10,selected_z,0.2,1.0,nan,1,1,0.28715073072737596
S3_transport,E,7,6,1,1,,fim,optimized,160.0,0.5,1.0,1.0,10,selected_z,0.19412,0.9705999999999999,nan,1,2,0.23241932444171454
S3_transport,E,7,6,1,1,,fim,optimized,160.0,0.5,1.0,1.0,10,selected_z,0.18824,0.9411999999999999,nan,1,3,0.19561918350729712
S3_transport,E,7,6,1,1,,fim,optimized,160.0,0.5,1.0,1.0,10,selected_z,0.045160000000000006,0.22580000000000003,nan,1,4,0.17438575679536683
S3_transport,E,7,6,1,1,,fim,optimized,160.0,0.5,1.0,1.0,10,selected_z,0.18236,0.9117999999999999,nan,1,5,0.16890300320252294
S3_transport,E,7,6,1,1,,fim,optimized,160.0,0.5,1.0,1.0,10,selected_z,0.05104,0.2552,nan,1,6,0.15328405014143698
S3_transport,E,7,6,1,1,,fim,optimized,160.0,0.5,1.0,1.0,10,selected_z,0.17648,0.8824,nan,1,7,0.14826603759988188
S3_transport,E,7,6,1,1,,fim,optimized,160.0,0.5,1.0,1.0,10,selected_z,0.039279999999999995,0.19639999999999996,nan,1,8,0.1368450852798091
S3_transport,E,7,6,1,1,,fim,optimized,160.0,0.5,1.0,1.0,10,selected_z,0.1706,0.853,nan,1,9,0.1319619155966194
S3_transport,E,7,6,1,1,,fim,optimized,160.0,0.5,1.0,1.0,10,selected_z,0.05692,0.28459999999999996,nan,1,10,0.12254457441670041
S3_transport,E,7,6,1,1,,fim,optimized,160.0,0.5,1.0,1.0,10,final_z,0.040847999999999995,0.20423999999999998,nan,1,-1,nan
S3_transport,E,7,6,1,1,,fim,optimized,160.0,0.5,1.0,1.0,10,final_z,0.045160000000000006,0.22580000000000003,nan,1,-1,nan
S3_transport,E,7,6,1,1,,fim,optimized,160.0,0.5,1.0,1.0,10,final_z,0.049472,0.24736,nan,1,-1,nan
S3_transport,E,7,6,1,1,,fim,optimized,160.0,0.5,1.0,1.0,10,final_z,0.053784,0.26892,nan,1,-1,nan
S3_transport,E,7,6,1,1,,fim,optimized,160.0,0.5,1.0,1.0,10,final_z,0.17451999999999998,0.8725999999999998,nan,1,-1,nan
S3_transport,E,7,6,1,1,,fim,optimized,160.0,0.5,1.0,1.0,10,final_z,0.18039999999999998,0.9019999999999998,nan,1,-1,nan
S3_transport,E,7,6,1,1,,fim,optimized,160.0,0.5,1.0,1.0,10,final_z,0.18627999999999997,0.9313999999999998,nan,1,-1,nan
S3_transport,E,7,6,1,1,,fim,optimized,160.0,0.5,1.0,1.0,10,final_z,0.191376,0.95688,nan,1,-1,nan
S3_transport,E,7,6,1,1,,fim,optimized,160.0,0.5,1.0,1.0,10,final_z,0.19568799999999997,0.9784399999999999,nan,1,-1,nan
S3_transport,E,7,6,1,1,,fim,optimized,160.0,0.5,1.0,1.0,10,final_z,0.2,1.0,nan,1,-1,nan
S3_transport,E,7,7,1,1,,fim,optimized,160.0,0.5,1.0,1.0,10,candidate_z,0.004,0.02,0.01451280387662024,0,-1,nan
S3_transport,E,7,7,1,1,,fim,optimized,160.0,0.5,1.0,1.0,10,candidate_z,0.00596,0.0298,0.025538068090547483,0,-1,nan
S3_transport,E,7,7,1,1,,fim,optimized,160.0,0.5,1.0,1.0,10,candidate_z,0.00792,0.039599999999999996,0.036576642357808,0,-1,nan
S3_transport,E,7,7,1,1,,fim,optimized,160.0,0.5,1.0,1.0,10,candidate_z,0.00988,0.0494,0.04707442315787347,0,-1,nan
S3_transport,E,7,7,1,1,,fim,optimized,160.0,0.5,1.0,1.0,10,candidate_z,0.01184,0.059199999999999996,0.05684055706192481,0,-1,nan
S3_transport,E,7,7,1,1,,fim,optimized,160.0,0.5,1.0,1.0,10,candidate_z,0.0138,0.06899999999999999,0.06583370343007999,0,-1,nan
S3_transport,E,7,7,1,1,,fim,optimized,160.0,0.5,1.0,1.0,10,candidate_z,0.01576,0.0788,0.07406777571076617,0,-1,nan
S3_transport,E,7,7,1,1,,fim,optimized,160.0,0.5,1.0,1.0,10,candidate_z,0.01772,0.0886,0.08157233266025798,0,-1,nan
S3_transport,E,7,7,1,1,,fim,optimized,160.0,0.5,1.0,1.0,10,candidate_z,0.01968,0.09839999999999999,0.08837775101543599,0,-1,nan
S3_transport,E,7,7,1,1,,fim,optimized,160.0,0.5,1.0,1.0,10,candidate_z,0.02164,0.10819999999999999,0.09451118058522923,0,-1,nan
S3_transport,E,7,7,1,1,,fim,optimized,160.0,0.5,1.0,1.0,10,candidate_z,0.0236,0.118,0.09999675037418854,0,-1,nan
S3_transport,E,7,7,1,1,,fim,optimized,160.0,0.5,1.0,1.0,10,candidate_z,0.02556,0.1278,0.10485707332657057,0,-1,nan
S3_transport,E,7,7,1,1,,fim,optimized,160.0,0.5,1.0,1.0,10,candidate_z,0.02752,0.1376,0.10911481359140396,0,-1,nan
S3_transport,E,7,7,1,1,,fim,optimized,160.0,0.5,1.0,1.0,10,candidate_z,0.02948,0.14739999999999998,0.11279388121771916,0,-1,nan
S3_transport,E,7,7,1,1,,fim,optimized,160.0,0.5,1.0,1.0,10,candidate_z,0.031439999999999996,0.15719999999999998,0.11592017771269525,0,-1,nan
S3_transport,E,7,7,1,1,,fim,optimized,160.0,0.5,1.0,1.0,10,candidate_z,0.0334,0.16699999999999998,0.11852193521847454,0,-1,nan
S3_transport,E,7,7,1,1,,fim,optimized,160.0,0.5,1.0,1.0,10,candidate_z,0.03536,0.1768,0.12062976810412351,0,-1,nan
S3_transport,E,7,7,1,1,,fim,optimized,160.0,0.5,1.0,1.0,10,candidate_z,0.037320000000000006,0.18660000000000002,0.1222764981735125,0,-1,nan
S3_transport,E,7,7,1,1,,fim,optimized,160.0,0.5,1.0,1.0,10,candidate_z,0.039279999999999995,0.19639999999999996,0.12349685310230996,1,-1,nan
S3_transport,E,7,7,1,1,,fim,optimized,160.0,0.5,1.0,1.0,10,candidate_z,0.04124,0.2062,0.12432708652674762,0,-1,nan
S3_transport,E,7,7,1,1,,fim,optimized,160.0,0.5,1.0,1.0,10,candidate_z,0.0432,0.216,0.12480454818211228,0,-1,nan
S3_transport,E,7,7,1,1,,fim,optimized,160.0,0.5,1.0,1.0,10,candidate_z,0.045160000000000006,0.22580000000000003,0.12496724942428017,1,-1,nan
S3_transport,E,7,7,1,1,,fim,optimized,160.0,0.5,1.0,1.0,10,candidate_z,0.047119999999999995,0.23559999999999998,0.12485343428030404,0,-1,nan
S3_transport,E,7,7,1,1,,fim,optimized,160.0,0.5,1.0,1.0,10,candidate_z,0.04908,0.24539999999999998,0.12450115904487546,0,-1,nan
S3_transport,E,7,7,1,1,,fim,optimized,160.0,0.5,1.0,1.0,10,candidate_z,0.05104,0.2552,0.12394790557202384,1,-1,nan
S3_transport,E,7,7,1,1,,fim,optimized,160.0,0.5,1.0,1.0,10,candidate_z,0.053000000000000005,0.265,0.12323023212780981,0,-1,nan
S3_transport,E,7,7,1,1,,fim,optimized,160.0,0.5,1.0,1.0,10,candidate_z,0.054959999999999995,0.27479999999999993,0.12238344721586714,0,-1,nan
S3_transport,E,7,7,1,1,,fim,optimized,160.0,0.5,1.0,1.0,10,candidate_z,0.05692,0.28459999999999996,0.12144130491761729,0,-1,nan
S3_transport,E,7,7,1,1,,fim,optimized,160.0,0.5,1.0,1.0,10,candidate_z,0.05888,0.2944,0.12043577204639888,0,-1,nan
S3_transport,E,7,7,1,1,,fim,optimized,160.0,0.5,1.0,1.0,10,candidate_z,0.060840000000000005,0.3042,0.11939683257202205,0,-1,nan
S3_transport,E,7,7,1,1,,fim,optimized,160.0,0.5,1.0,1.0,10,candidate_z,0.0628,0.31399999999999995,0.11835229838688832,0,-1,nan
S3_transport,E,7,7,1,1,,fim,optimized,160.0,0.5,1.0,1.0,10,candidate_z,0.06476,0.3238,0.11732768428419149,0,-1,nan
S3_transport,E,7,7,1,1,,fim,optimized,160.0,0.5,1.0,1.0,10,candidate_z,0.06672,0.3336,0.11634611732020517,0,-1,nan
S3_transport,E,7,7,1,1,,fim,optimized,160.0,0.5,1.0,1.0,10,candidate_z,0.06868,0.3434,0.1154282718318953,0,-1,nan
S3_transport,E,7,7,1,1,,fim,optimized,160.0,0.5,1.0,1.0,10,candidate_z,0.07064000000000001,0.3532,0.11459235348022645,0,-1,nan
S3_transport,E,7,7,1,1,,fim,optimized,160.0,0.5,1.0,1.0,10,candidate_z,0.0726,0.363,0.11385410763433157,0,-1,nan
S3_transport,E,7,7,1,1,,fim,optimized,160.0,0.5,1.0,1.0,10,candidate_z,0.07456,0.37279999999999996,0.11322685910587893,0,-1,nan
S3_transport,E,7,7,1,1,,fim,optimized,160.0,0.5,1.0,1.0,10,candidate_z,0.07652,0.3826,0.11272157469668542,0,-1,nan
S3_transport,E,7,7,1,1,,fim,optimized,160.0,0.5,1.0,1.0,10,candidate_z,0.07848,0.39239999999999997,0.11234695337559941,0,-1,nan
S3_transport,E,7,7,1,1,,fim,optimized,160.0,0.5,1.0,1.0,10,candidate_z,0.08044,0.40219999999999995,0.11210953672464541,0,-1,nan
S3_transport,E,7,7,1,1,,fim,optimized,160.0,0.5,1.0,1.0,10,candidate_z,0.0824,0.412,0.11201383572636558,0,-1,nan
S3_transport,E,7,7,1,1,,fim,optimized,160.0,0.5,1.0,1.0,10,candidate_z,0.08436,0.4218,0.1120624662703591,0,-1,nan
S3_transport,E,7,7,1,1,,fim,optimized,160.0,0.5,1.0,1.0,10,candidate_z,0.08632000000000001,0.43160000000000004,0.11225630418427102,0,-1,nan
S3_transport,E,7,7,1,1,,fim,optimized,160.0,0.5,1.0,1.0,10,candidate_z,0.08828,0.44139999999999996,0.11259462980391532,0,-1,nan
S3_transport,E,7,7,1,1,,fim,optimized,160.0,0.5,1.0,1.0,10,candidate_z,0.09024,0.4512,0.11307531222393408,0,-1,nan
S3_transport,E,7,7,1,1,,fim,optimized,160.0,0.5,1.0,1.0,10,candidate_z,0.0922,0.461,0.11369494476988962,0,-1,nan
S3_transport,E,7,7,1,1,,fim,optimized,160.0,0.5,1.0,1.0,10,candidate_z,0.09416,0.47079999999999994,0.11444901546634156,0,-1,nan
S3_transport,E,7,7,1,1,,fim,optimized,160.0,0.5,1.0,1.0,10,candidate_z,0.09612,0.48059999999999997,0.1153320796828936,0,-1,nan
S3_transport,E,7,7,1,1,,fim,optimized,160.0,0.5,1.0,1.0,10,candidate_z,0.09808,0.4904,0.11633787587645372,0,-1,nan
S3_transport,E,7,7,1,1,,fim,optimized,160.0,0.5,1.0,1.0,10,candidate_z,0.10004,0.5002,0.11745951579541725,0,-1,nan
S3_transport,E,7,7,1,1,,fim,optimized,160.0,0.5,1.0,1.0,10,candidate_z,0.10200000000000001,0.51,0.11868958100877336,0,-1,nan
S3_transport,E,7,7,1,1,,fim,optimized,160.0,0.5,1.0,1.0,10,candidate_z,0.10396,0.5197999999999999,0.12001761100182051,0,-1,nan
S3_transport,E,7,7,1,1,,fim,optimized,160.0,0.5,1.0,1.0,10,candidate_z,0.10592,0.5296,0.12143822867913912,0,-1,nan
S3_transport,E,7,7,1,1,,fim,optimized,160.0,0.5,1.0,1.0,10,candidate_z,0.10788,0.5394,0.12294319604406923,0,-1,nan
S3_transport,E,7,7,1,1,,fim,optimized,160.0,0.5,1.0,1.0,10,candidate_z,0.10984,0.5491999999999999,0.12452423494396925,0,-1,nan
S3_transport,E,7,7,1,1,,fim,optimized,160.0,0.5,1.0,1.0,10,candidate_z,0.1118,0.5589999999999999,0.1261730770932772,0,-1,nan
S3_transport,E,7,7,1,1,,fim,optimized,160.0,0.5,1.0,1.0,10,candidate_z,0.11376,0.5688,0.1278815572480525,0,-1,nan
S3_transport,E,7,7,1,1,,fim,optimized,160.0,0.5,1.0,1.0,10,candidate_z,0.11572,0.5786,0.1296416838639587,0,-1,nan
S3_transport,E,7,7,1,1,,fim,optimized,160.0,0.5,1.0,1.0,10,candidate_z,0.11768,0.5884,0.13144567474446944,0,-1,nan
S3_transport,E,7,7,1,1,,fim,optimized,160.0,0.5,1.0,1.0,10,candidate_z,0.11964,0.5982,0.13328602736766015,0,-1,nan
S3_transport,E,7,7,1,1,,fim,optimized,160.0,0.5,1.0,1.0,10,candidate_z,0.1216,0.608,0.13515553817283177,0,-1,nan
S3_transport,E,7,7,1,1,,fim,optimized,160.0,0.5,1.0,1.0,10,candidate_z,0.12356,0.6178,0.13704734197285973,0,-1,nan
S3_transport,E,7,7,1,1,,fim,optimized,160.0,0.5,1.0,1.0,10,candidate_z,0.12552,0.6275999999999999,0.13895493777005896,0,-1,nan
S3_transport,E,7,7,1,1,,fim,optimized,160.0,0.5,1.0,1.0,10,candidate_z,0.12747999999999998,0.6373999999999999,0.14087219660164152,0,-1,nan
S3_transport,E,7,7,1,1,,fim,optimized,160.0,0.5,1.0,1.0,10,candidate_z,0.12944,0.6472,0.14279338197992075,0,-1,nan
S3_transport,E,7,7,1,1,,fim,optimized,160.0,0.5,1.0,1.0,10,candidate_z,0.1314,0.6569999999999999,0.1447131487234543,0,-1,nan
S3_transport,E,7,7,1,1,,fim,optimized,160.0,0.5,1.0,1.0,10,candidate_z,0.13336,0.6668,0.14662654648333984,0,-1,nan
S3_transport,E,7,7,1,1,,fim,optimized,160.0,0.5,1.0,1.0,10,candidate_z,0.13532,0.6766,0.1485290187917343,0,-1,nan
S3_transport,E,7,7,1,1,,fim,optimized,160.0,0.5,1.0,1.0,10,candidate_z,0.13728,0.6864,0.15041639364768145,0,-1,nan
S3_transport,E,7,7,1,1,,fim,optimized,160.0,0.5,1.0,1.0,10,candidate_z,0.13924,0.6961999999999999,0.15228487685596548,0,-1,nan
S3_transport,E,7,7,1,1,,fim,optimized,160.0,0.5,1.0,1.0,10,candidate_z,0.1412,0.706,0.15413103982227483,0,-1,nan
S3_transport,E,7,7,1,1,,fim,optimized,160.0,0.5,1.0,1.0,10,candidate_z,0.14316,0.7158,0.15595180703386546,0,-1,nan
S3_transport,E,7,7,1,1,,fim,optimized,160.0,0.5,1.0,1.0,10,candidate_z,0.14512,0.7255999999999999,0.15774444069845117,0,-1,nan
S3_transport,E,7,7,1,1,,fim,optimized,160.0,0.5,1.0,1.0,10,candidate_z,0.14708,0.7353999999999999,0.15950652395854092,0,-1,nan
S3_transport,E,7,7,1,1,,fim,optimized,160.0,0.5,1.0,1.0,10,candidate_z,0.14904,0.7452,0.16123594586014178,0,-1,nan
S3_transport,E,7,7,1,1,,fim,optimized,160.0,0.5,1.0,1.0,10,candidate_z,0.151,0.7549999999999999,0.16293088352105656,0,-1,nan
S3_transport,E,7,7,1,1,,fim,optimized,160.0,0.5,1.0,1.0,10,candidate_z,0.15295999999999998,0.7647999999999999,0.16458978465329466,0,-1,nan
S3_transport,E,7,7,1,1,,fim,optimized,160.0,0.5,1.0,1.0,10,candidate_z,0.15492,0.7746,0.16621135042342416,0,-1,nan
S3_transport,E,7,7,1,1,,fim,optimized,160.0,0.5,1.0,1.0,10,candidate_z,0.15688,0.7843999999999999,0.16779451723123628,0,-1,nan
S3_transport,E,7,7,1,1,,fim,optimized,160.0,0.5,1.0,1.0,10,candidate_z,0.15884,0.7942,0.1693384403053173,0,-1,nan
S3_transport,E,7,7,1,1,,fim,optimized,160.0,0.5,1.0,1.0,10,candidate_z,0.1608,0.8039999999999999,0.1708424767944976,0,-1,nan
S3_transport,E,7,7,1,1,,fim,optimized,160.0,0.5,1.0,1.0,10,candidate_z,0.16276,0.8137999999999999,0.1723061689408425,0,-1,nan
S3_transport,E,7,7,1,1,,fim,optimized,160.0,0.5,1.0,1.0,10,candidate_z,0.16472,0.8236,0.17372922938999835,1,-1,nan
S3_transport,E,7,7,1,1,,fim,optimized,160.0,0.5,1.0,1.0,10,candidate_z,0.16668,0.8333999999999999,0.17511152564286903,0,-1,nan
S3_transport,E,7,7,1,1,,fim,optimized,160.0,0.5,1.0,1.0,10,candidate_z,0.16864,0.8432000000000001,0.1764530657924368,0,-1,nan
S3_transport,E,7,7,1,1,,fim,optimized,160.0,0.5,1.0,1.0,10,candidate_z,0.1706,0.853,0.17775398519340513,1,-1,nan
S3_transport,E,7,7,1,1,,fim,optimized,160.0,0.5,1.0,1.0,10,candidate_z,0.17256,0.8627999999999999,0.17901453274810564,0,-1,nan
S3_transport,E,7,7,1,1,,fim,optimized,160.0,0.5,1.0,1.0,10,candidate_z,0.17452,0.8726,0.18023505983808974,0,-1,nan
S3_transport,E,7,7,1,1,,fim,optimized,160.0,0.5,1.0,1.0,10,candidate_z,0.17648,0.8824,0.1814160084364218,1,-1,nan
S3_transport,E,7,7,1,1,,fim,optimized,160.0,0.5,1.0,1.0,10,candidate_z,0.17844,0.8921999999999999,0.1825579003776454,0,-1,nan
S3_transport,E,7,7,1,1,,fim,optimized,160.0,0.5,1.0,1.0,10,candidate_z,0.1804,0.902,0.18366132808373692,0,-1,nan
S3_transport,E,7,7,1,1,,fim,optimized,160.0,0.5,1.0,1.0,10,candidate_z,0.18236,0.9117999999999999,0.1847269444464743,1,-1,nan
S3_transport,E,7,7,1,1,,fim,optimized,160.0,0.5,1.0,1.0,10,candidate_z,0.18431999999999998,0.9215999999999999,0.1857554552723002,0,-1,nan
S3_transport,E,7,7,1,1,,fim,optimized,160.0,0.5,1.0,1.0,10,candidate_z,0.18628,0.9314,0.18674761055683575,0,-1,nan
S3_transport,E,7,7,1,1,,fim,optimized,160.0,0.5,1.0,1.0,10,candidate_z,0.18824,0.9411999999999999,0.1877041977535896,1,-1,nan
S3_transport,E,7,7,1,1,,fim,optimized,160.0,0.5,1.0,1.0,10,candidate_z,0.1902,0.951,0.18862603547209034,0,-1,nan
S3_transport,E,7,7,1,1,,fim,optimized,160.0,0.5,1.0,1.0,10,candidate_z,0.19216,0.9608,0.18951396659769415,0,-1,nan
S3_transport,E,7,7,1,1,,fim,optimized,160.0,0.5,1.0,1.0,10,candidate_z,0.19412,0.9705999999999999,0.19036885376526413,1,-1,nan
S3_transport,E,7,7,1,1,,fim,optimized,160.0,0.5,1.0,1.0,10,candidate_z,0.19608,0.9803999999999999,0.19119157338239745,0,-1,nan
S3_transport,E,7,7,1,1,,fim,optimized,160.0,0.5,1.0,1.0,10,candidate_z,0.19804,0.9902,0.19198301167818244,0,-1,nan
S3_transport,E,7,7,1,1,,fim,optimized,160.0,0.5,1.0,1.0,10,candidate_z,0.2,1.0,0.1927440609632569,1,-1,nan
S3_transport,E,7,7,1,1,,fim,optimized,160.0,0.5,1.0,1.0,10,selected_z,0.2,1.0,nan,1,1,0.1927440609632569
S3_transport,E,7,7,1,1,,fim,optimized,160.0,0.5,1.0,1.0,10,selected_z,0.19412,0.9705999999999999,nan,1,2,0.16548995493829466
S3_transport,E,7,7,1,1,,fim,optimized,160.0,0.5,1.0,1.0,10,selected_z,0.18824,0.9411999999999999,nan,1,3,0.14493274808882006
S3_transport,E,7,7,1,1,,fim,optimized,160.0,0.5,1.0,1.0,10,selected_z,0.18236,0.9117999999999999,nan,1,4,0.12876252171957248
S3_transport,E,7,7,1,1,,fim,optimized,160.0,0.5,1.0,1.0,10,selected_z,0.045160000000000006,0.22580000000000003,nan,1,5,0.12494651311186544
S3_transport,E,7,7,1,1,,fim,optimized,160.0,0.5,1.0,1.0,10,selected_z,0.17648,0.8824,nan,1,6,0.11560663663347981
S3_transport,E,7,7,1,1,,fim,optimized,160.0,0.5,1.0,1.0,10,selected_z,0.05104,0.2552,nan,1,7,0.11302543833973999
S3_transport,E,7,7,1,1,,fim,optimized,160.0,0.5,1.0,1.0,10,selected_z,0.1706,0.853,nan,1,8,0.1045118853564091
S3_transport,E,7,7,1,1,,fim,optimized,160.0,0.5,1.0,1.0,10,selected_z,0.039279999999999995,0.19639999999999996,nan,1,9,0.1040588399373874
S3_transport,E,7,7,1,1,,fim,optimized,160.0,0.5,1.0,1.0,10,selected_z,0.16472,0.8236,nan,1,10,0.09514687393741639
S3_transport,E,7,7,1,1,,fim,optimized,160.0,0.5,1.0,1.0,10,final_z,0.040847999999999995,0.20423999999999998,nan,1,-1,nan
S3_transport,E,7,7,1,1,,fim,optimized,160.0,0.5,1.0,1.0,10,final_z,0.045160000000000006,0.22580000000000003,nan,1,-1,nan
S3_transport,E,7,7,1,1,,fim,optimized,160.0,0.5,1.0,1.0,10,final_z,0.049472,0.24736,nan,1,-1,nan
S3_transport,E,7,7,1,1,,fim,optimized,160.0,0.5,1.0,1.0,10,final_z,0.16863999999999998,0.8431999999999998,nan,1,-1,nan
S3_transport,E,7,7,1,1,,fim,optimized,160.0,0.5,1.0,1.0,10,final_z,0.17451999999999998,0.8725999999999998,nan,1,-1,nan
S3_transport,E,7,7,1,1,,fim,optimized,160.0,0.5,1.0,1.0,10,final_z,0.18039999999999998,0.9019999999999998,nan,1,-1,nan
S3_transport,E,7,7,1,1,,fim,optimized,160.0,0.5,1.0,1.0,10,final_z,0.18627999999999997,0.9313999999999998,nan,1,-1,nan
S3_transport,E,7,7,1,1,,fim,optimized,160.0,0.5,1.0,1.0,10,final_z,0.191376,0.95688,nan,1,-1,nan
S3_transport,E,7,7,1,1,,fim,optimized,160.0,0.5,1.0,1.0,10,final_z,0.19568799999999997,0.9784399999999999,nan,1,-1,nan
S3_transport,E,7,7,1,1,,fim,optimized,160.0,0.5,1.0,1.0,10,final_z,0.2,1.0,nan,1,-1,nan
S3_transport,E,7,8,1,1,,fim,optimized,160.0,0.5,1.0,1.0,10,candidate_z,0.004,0.02,0.011724203773489705,0,-1,nan
S3_transport,E,7,8,1,1,,fim,optimized,160.0,0.5,1.0,1.0,10,candidate_z,0.00596,0.0298,0.02065164001317754,0,-1,nan
S3_transport,E,7,8,1,1,,fim,optimized,160.0,0.5,1.0,1.0,10,candidate_z,0.00792,0.039599999999999996,0.02961286254413409,0,-1,nan
S3_transport,E,7,8,1,1,,fim,optimized,160.0,0.5,1.0,1.0,10,candidate_z,0.00988,0.0494,0.03815977885310673,0,-1,nan
S3_transport,E,7,8,1,1,,fim,optimized,160.0,0.5,1.0,1.0,10,candidate_z,0.01184,0.059199999999999996,0.04613549271308415,0,-1,nan
S3_transport,E,7,8,1,1,,fim,optimized,160.0,0.5,1.0,1.0,10,candidate_z,0.0138,0.06899999999999999,0.053503192141469924,0,-1,nan
S3_transport,E,7,8,1,1,,fim,optimized,160.0,0.5,1.0,1.0,10,candidate_z,0.01576,0.0788,0.060270624987516896,0,-1,nan
S3_transport,E,7,8,1,1,,fim,optimized,160.0,0.5,1.0,1.0,10,candidate_z,0.01772,0.0886,0.06645830492524141,0,-1,nan
S3_transport,E,7,8,1,1,,fim,optimized,160.0,0.5,1.0,1.0,10,candidate_z,0.01968,0.09839999999999999,0.07208757474669625,0,-1,nan
S3_transport,E,7,8,1,1,,fim,optimized,160.0,0.5,1.0,1.0,10,candidate_z,0.02164,0.10819999999999999,0.07717732691308044,0,-1,nan
S3_transport,E,7,8,1,1,,fim,optimized,160.0,0.5,1.0,1.0,10,candidate_z,0.0236,0.118,0.0817441484121133,0,-1,nan
S3_transport,E,7,8,1,1,,fim,optimized,160.0,0.5,1.0,1.0,10,candidate_z,0.02556,0.1278,0.08580351992493007,0,-1,nan
S3_transport,E,7,8,1,1,,fim,optimized,160.0,0.5,1.0,1.0,10,candidate_z,0.02752,0.1376,0.08937107446598702,0,-1,nan
S3_transport,E,7,8,1,1,,fim,optimized,160.0,0.5,1.0,1.0,10,candidate_z,0.02948,0.14739999999999998,0.09246356346682916,0,-1,nan
S3_transport,E,7,8,1,1,,fim,optimized,160.0,0.5,1.0,1.0,10,candidate_z,0.031439999999999996,0.15719999999999998,0.09509946703310845,0,-1,nan
S3_transport,E,7,8,1,1,,fim,optimized,160.0,0.5,1.0,1.0,10,candidate_z,0.0334,0.16699999999999998,0.09729927946671779,0,-1,nan
S3_transport,E,7,8,1,1,,fim,optimized,160.0,0.5,1.0,1.0,10,candidate_z,0.03536,0.1768,0.09908556588803918,0,-1,nan
S3_transport,E,7,8,1,1,,fim,optimized,160.0,0.5,1.0,1.0,10,candidate_z,0.037320000000000006,0.18660000000000002,0.10048283719647344,0,-1,nan
S3_transport,E,7,8,1,1,,fim,optimized,160.0,0.5,1.0,1.0,10,candidate_z,0.039279999999999995,0.19639999999999996,0.10151732054046647,1,-1,nan
S3_transport,E,7,8,1,1,,fim,optimized,160.0,0.5,1.0,1.0,10,candidate_z,0.04124,0.2062,0.10221666889761849,0,-1,nan
S3_transport,E,7,8,1,1,,fim,optimized,160.0,0.5,1.0,1.0,10,candidate_z,0.0432,0.216,0.10260962597033796,0,-1,nan
S3_transport,E,7,8,1,1,,fim,optimized,160.0,0.5,1.0,1.0,10,candidate_z,0.045160000000000006,0.22580000000000003,0.10272568470180943,1,-1,nan
S3_transport,E,7,8,1,1,,fim,optimized,160.0,0.5,1.0,1.0,10,candidate_z,0.047119999999999995,0.23559999999999998,0.10259475119243433,0,-1,nan
S3_transport,E,7,8,1,1,,fim,optimized,160.0,0.5,1.0,1.0,10,candidate_z,0.04908,0.24539999999999998,0.10224681039637318,0,-1,nan
S3_transport,E,7,8,1,1,,fim,optimized,160.0,0.5,1.0,1.0,10,candidate_z,0.05104,0.2552,0.1017116152808768,1,-1,nan
S3_transport,E,7,8,1,1,,fim,optimized,160.0,0.5,1.0,1.0,10,candidate_z,0.053000000000000005,0.265,0.10101840826454378,0,-1,nan
S3_transport,E,7,8,1,1,,fim,optimized,160.0,0.5,1.0,1.0,10,candidate_z,0.054959999999999995,0.27479999999999993,0.1001956519190017,0,-1,nan
S3_transport,E,7,8,1,1,,fim,optimized,160.0,0.5,1.0,1.0,10,candidate_z,0.05692,0.28459999999999996,0.09927077901275538,1,-1,nan
S3_transport,E,7,8,1,1,,fim,optimized,160.0,0.5,1.0,1.0,10,candidate_z,0.05888,0.2944,0.09826999966858097,0,-1,nan
S3_transport,E,7,8,1,1,,fim,optimized,160.0,0.5,1.0,1.0,10,candidate_z,0.060840000000000005,0.3042,0.09721812831040921,0,-1,nan
S3_transport,E,7,8,1,1,,fim,optimized,160.0,0.5,1.0,1.0,10,candidate_z,0.0628,0.31399999999999995,0.09613842030985609,0,-1,nan
S3_transport,E,7,8,1,1,,fim,optimized,160.0,0.5,1.0,1.0,10,candidate_z,0.06476,0.3238,0.09505245711391552,0,-1,nan
S3_transport,E,7,8,1,1,,fim,optimized,160.0,0.5,1.0,1.0,10,candidate_z,0.06672,0.3336,0.09398005406270471,0,-1,nan
S3_transport,E,7,8,1,1,,fim,optimized,160.0,0.5,1.0,1.0,10,candidate_z,0.06868,0.3434,0.0929391921313325,0,-1,nan
S3_transport,E,7,8,1,1,,fim,optimized,160.0,0.5,1.0,1.0,10,candidate_z,0.07064000000000001,0.3532,0.09194598400497966,0,-1,nan
S3_transport,E,7,8,1,1,,fim,optimized,160.0,0.5,1.0,1.0,10,candidate_z,0.0726,0.363,0.09101466127992808,0,-1,nan
S3_transport,E,7,8,1,1,,fim,optimized,160.0,0.5,1.0,1.0,10,candidate_z,0.07456,0.37279999999999996,0.0901575848098517,0,-1,nan
S3_transport,E,7,8,1,1,,fim,optimized,160.0,0.5,1.0,1.0,10,candidate_z,0.07652,0.3826,0.08938527499284987,0,-1,nan
S3_transport,E,7,8,1,1,,fim,optimized,160.0,0.5,1.0,1.0,10,candidate_z,0.07848,0.39239999999999997,0.08870646349499367,0,-1,nan
S3_transport,E,7,8,1,1,,fim,optimized,160.0,0.5,1.0,1.0,10,candidate_z,0.08044,0.40219999999999995,0.08812816261967527,0,-1,nan
S3_transport,E,7,8,1,1,,fim,optimized,160.0,0.5,1.0,1.0,10,candidate_z,0.0824,0.412,0.08765574725143921,0,-1,nan
S3_transport,E,7,8,1,1,,fim,optimized,160.0,0.5,1.0,1.0,10,candidate_z,0.08436,0.4218,0.0872930481096148,0,-1,nan
S3_transport,E,7,8,1,1,,fim,optimized,160.0,0.5,1.0,1.0,10,candidate_z,0.08632000000000001,0.43160000000000004,0.08704245653159148,0,-1,nan
S3_transport,E,7,8,1,1,,fim,optimized,160.0,0.5,1.0,1.0,10,candidate_z,0.08828,0.44139999999999996,0.08690503093168189,0,-1,nan
S3_transport,E,7,8,1,1,,fim,optimized,160.0,0.5,1.0,1.0,10,candidate_z,0.09024,0.4512,0.0868806318206552,0,-1,nan
S3_transport,E,7,8,1,1,,fim,optimized,160.0,0.5,1.0,1.0,10,candidate_z,0.0922,0.461,0.08696800990801279,0,-1,nan
S3_transport,E,7,8,1,1,,fim,optimized,160.0,0.5,1.0,1.0,10,candidate_z,0.09416,0.47079999999999994,0.0871649509606911,0,-1,nan
S3_transport,E,7,8,1,1,,fim,optimized,160.0,0.5,1.0,1.0,10,candidate_z,0.09612,0.48059999999999997,0.08746839018441932,0,-1,nan
S3_transport,E,7,8,1,1,,fim,optimized,160.0,0.5,1.0,1.0,10,candidate_z,0.09808,0.4904,0.08787451270115554,0,-1,nan
S3_transport,E,7,8,1,1,,fim,optimized,160.0,0.5,1.0,1.0,10,candidate_z,0.10004,0.5002,0.08837889799868037,0,-1,nan
S3_transport,E,7,8,1,1,,fim,optimized,160.0,0.5,1.0,1.0,10,candidate_z,0.10200000000000001,0.51,0.08897658964393429,0,-1,nan
S3_transport,E,7,8,1,1,,fim,optimized,160.0,0.5,1.0,1.0,10,candidate_z,0.10396,0.5197999999999999,0.08966042573048583,0,-1,nan
S3_transport,E,7,8,1,1,,fim,optimized,160.0,0.5,1.0,1.0,10,candidate_z,0.10592,0.5296,0.09042654288378316,0,-1,nan
S3_transport,E,7,8,1,1,,fim,optimized,160.0,0.5,1.0,1.0,10,candidate_z,0.10788,0.5394,0.09126901737415238,0,-1,nan
S3_transport,E,7,8,1,1,,fim,optimized,160.0,0.5,1.0,1.0,10,candidate_z,0.10984,0.5491999999999999,0.0921817920172785,0,-1,nan
S3_transport,E,7,8,1,1,,fim,optimized,160.0,0.5,1.0,1.0,10,candidate_z,0.1118,0.5589999999999999,0.09315872174584428,0,-1,nan
S3_transport,E,7,8,1,1,,fim,optimized,160.0,0.5,1.0,1.0,10,candidate_z,0.11376,0.5688,0.09419365842527583,0,-1,nan
S3_transport,E,7,8,1,1,,fim,optimized,160.0,0.5,1.0,1.0,10,candidate_z,0.11572,0.5786,0.09528050212421135,0,-1,nan
S3_transport,E,7,8,1,1,,fim,optimized,160.0,0.5,1.0,1.0,10,candidate_z,0.11768,0.5884,0.09641324590321432,0,-1,nan
S3_transport,E,7,8,1,1,,fim,optimized,160.0,0.5,1.0,1.0,10,candidate_z,0.11964,0.5982,0.09758603137319,0,-1,nan
S3_transport,E,7,8,1,1,,fim,optimized,160.0,0.5,1.0,1.0,10,candidate_z,0.1216,0.608,0.09879317244036656,0,-1,nan
S3_transport,E,7,8,1,1,,fim,optimized,160.0,0.5,1.0,1.0,10,candidate_z,0.12356,0.6178,0.10002919468622196,0,-1,nan
S3_transport,E,7,8,1,1,,fim,optimized,160.0,0.5,1.0,1.0,10,candidate_z,0.12552,0.6275999999999999,0.10128885685523414,0,-1,nan
S3_transport,E,7,8,1,1,,fim,optimized,160.0,0.5,1.0,1.0,10,candidate_z,0.12747999999999998,0.6373999999999999,0.1025671683554421,0,-1,nan
S3_transport,E,7,8,1,1,,fim,optimized,160.0,0.5,1.0,1.0,10,candidate_z,0.12944,0.6472,0.10385940814725103,0,-1,nan
S3_transport,E,7,8,1,1,,fim,optimized,160.0,0.5,1.0,1.0,10,candidate_z,0.1314,0.6569999999999999,0.10516113021323292,0,-1,nan
S3_transport,E,7,8,1,1,,fim,optimized,160.0,0.5,1.0,1.0,10,candidate_z,0.13336,0.6668,0.1064681723563865,0,-1,nan
S3_transport,E,7,8,1,1,,fim,optimized,160.0,0.5,1.0,1.0,10,candidate_z,0.13532,0.6766,0.1077766581205708,0,-1,nan
S3_transport,E,7,8,1,1,,fim,optimized,160.0,0.5,1.0,1.0,10,candidate_z,0.13728,0.6864,0.10908299575629599,0,-1,nan
S3_transport,E,7,8,1,1,,fim,optimized,160.0,0.5,1.0,1.0,10,candidate_z,0.13924,0.6961999999999999,0.11038387613171352,0,-1,nan
S3_transport,E,7,8,1,1,,fim,optimized,160.0,0.5,1.0,1.0,10,candidate_z,0.1412,0.706,0.111676267216545,0,-1,nan
S3_transport,E,7,8,1,1,,fim,optimized,160.0,0.5,1.0,1.0,10,candidate_z,0.14316,0.7158,0.11295740753318739,0,-1,nan
S3_transport,E,7,8,1,1,,fim,optimized,160.0,0.5,1.0,1.0,10,candidate_z,0.14512,0.7255999999999999,0.11422479636043903,0,-1,nan
S3_transport,E,7,8,1,1,,fim,optimized,160.0,0.5,1.0,1.0,10,candidate_z,0.14708,0.7353999999999999,0.1154761841701557,0,-1,nan
S3_transport,E,7,8,1,1,,fim,optimized,160.0,0.5,1.0,1.0,10,candidate_z,0.14904,0.7452,0.11670956259349197,0,-1,nan
S3_transport,E,7,8,1,1,,fim,optimized,160.0,0.5,1.0,1.0,10,candidate_z,0.151,0.7549999999999999,0.11792315252362329,0,-1,nan
S3_transport,E,7,8,1,1,,fim,optimized,160.0,0.5,1.0,1.0,10,candidate_z,0.15295999999999998,0.7647999999999999,0.11911539236602664,0,-1,nan
S3_transport,E,7,8,1,1,,fim,optimized,160.0,0.5,1.0,1.0,10,candidate_z,0.15492,0.7746,0.12028492547295144,0,-1,nan
S3_transport,E,7,8,1,1,,fim,optimized,160.0,0.5,1.0,1.0,10,candidate_z,0.15688,0.7843999999999999,0.12143058758525882,0,-1,nan
S3_transport,E,7,8,1,1,,fim,optimized,160.0,0.5,1.0,1.0,10,candidate_z,0.15884,0.7942,0.12255139482736155,0,-1,nan
S3_transport,E,7,8,1,1,,fim,optimized,160.0,0.5,1.0,1.0,10,candidate_z,0.1608,0.8039999999999999,0.1236465310491468,0,-1,nan
S3_transport,E,7,8,1,1,,fim,optimized,160.0,0.5,1.0,1.0,10,candidate_z,0.16276,0.8137999999999999,0.12471533577866722,0,-1,nan
S3_transport,E,7,8,1,1,,fim,optimized,160.0,0.5,1.0,1.0,10,candidate_z,0.16472,0.8236,0.12575729267618385,0,-1,nan
S3_transport,E,7,8,1,1,,fim,optimized,160.0,0.5,1.0,1.0,10,candidate_z,0.16668,0.8333999999999999,0.12677201780024205,0,-1,nan
S3_transport,E,7,8,1,1,,fim,optimized,160.0,0.5,1.0,1.0,10,candidate_z,0.16864,0.8432000000000001,0.1277592488445478,0,-1,nan
S3_transport,E,7,8,1,1,,fim,optimized,160.0,0.5,1.0,1.0,10,candidate_z,0.1706,0.853,0.12871883438279497,1,-1,nan
S3_transport,E,7,8,1,1,,fim,optimized,160.0,0.5,1.0,1.0,10,candidate_z,0.17256,0.8627999999999999,0.12965072370774067,0,-1,nan
S3_transport,E,7,8,1,1,,fim,optimized,160.0,0.5,1.0,1.0,10,candidate_z,0.17452,0.8726,0.1305549576618077,0,-1,nan
S3_transport,E,7,8,1,1,,fim,optimized,160.0,0.5,1.0,1.0,10,candidate_z,0.17648,0.8824,0.1314316591585225,1,-1,nan
S3_transport,E,7,8,1,1,,fim,optimized,160.0,0.5,1.0,1.0,10,candidate_z,0.17844,0.8921999999999999,0.13228102494154825,0,-1,nan
S3_transport,E,7,8,1,1,,fim,optimized,160.0,0.5,1.0,1.0,10,candidate_z,0.1804,0.902,0.13310331762657057,0,-1,nan
S3_transport,E,7,8,1,1,,fim,optimized,160.0,0.5,1.0,1.0,10,candidate_z,0.18236,0.9117999999999999,0.13389885791990963,1,-1,nan
S3_transport,E,7,8,1,1,,fim,optimized,160.0,0.5,1.0,1.0,10,candidate_z,0.18431999999999998,0.9215999999999999,0.1346680180127109,0,-1,nan
S3_transport,E,7,8,1,1,,fim,optimized,160.0,0.5,1.0,1.0,10,candidate_z,0.18628,0.9314,0.13541121468117012,0,-1,nan
S3_transport,E,7,8,1,1,,fim,optimized,160.0,0.5,1.0,1.0,10,candidate_z,0.18824,0.9411999999999999,0.13612890363939556,1,-1,nan
S3_transport,E,7,8,1,1,,fim,optimized,160.0,0.5,1.0,1.0,10,candidate_z,0.1902,0.951,0.1368215739217291,0,-1,nan
S3_transport,E,7,8,1,1,,fim,optimized,160.0,0.5,1.0,1.0,10,candidate_z,0.19216,0.9608,0.13748974259764424,0,-1,nan
S3_transport,E,7,8,1,1,,fim,optimized,160.0,0.5,1.0,1.0,10,candidate_z,0.19412,0.9705999999999999,0.1381339503945611,1,-1,nan
S3_transport,E,7,8,1,1,,fim,optimized,160.0,0.5,1.0,1.0,10,candidate_z,0.19608,0.9803999999999999,0.13875475695378015,0,-1,nan
S3_transport,E,7,8,1,1,,fim,optimized,160.0,0.5,1.0,1.0,10,candidate_z,0.19804,0.9902,0.1393527374296255,0,-1,nan
S3_transport,E,7,8,1,1,,fim,optimized,160.0,0.5,1.0,1.0,10,candidate_z,0.2,1.0,0.13992847859415747,1,-1,nan
S3_transport,E,7,8,1,1,,fim,optimized,160.0,0.5,1.0,1.0,10,selected_z,0.2,1.0,nan,1,1,0.13992847859415747
S3_transport,E,7,8,1,1,,fim,optimized,160.0,0.5,1.0,1.0,10,selected_z,0.19412,0.9705999999999999,nan,1,2,0.124465067347721
S3_transport,E,7,8,1,1,,fim,optimized,160.0,0.5,1.0,1.0,10,selected_z,0.18824,0.9411999999999999,nan,1,3,0.11192375029653334
S3_transport,E,7,8,1,1,,fim,optimized,160.0,0.5,1.0,1.0,10,selected_z,0.045160000000000006,0.22580000000000003,nan,1,4,0.10271258412810624
S3_transport,E,7,8,1,1,,fim,optimized,160.0,0.5,1.0,1.0,10,selected_z,0.18236,0.9117999999999999,nan,1,5,0.10148529341211088
S3_transport,E,7,8,1,1,,fim,optimized,160.0,0.5,1.0,1.0,10,selected_z,0.05104,0.2552,nan,1,6,0.0943087798641784
S3_transport,E,7,8,1,1,,fim,optimized,160.0,0.5,1.0,1.0,10,selected_z,0.17648,0.8824,nan,1,7,0.09254676941304041
S3_transport,E,7,8,1,1,,fim,optimized,160.0,0.5,1.0,1.0,10,selected_z,0.039279999999999995,0.19639999999999996,nan,1,8,0.0879487856835226
S3_transport,E,7,8,1,1,,fim,optimized,160.0,0.5,1.0,1.0,10,selected_z,0.1706,0.853,nan,1,9,0.08485298520204054
S3_transport,E,7,8,1,1,,fim,optimized,160.0,0.5,1.0,1.0,10,selected_z,0.05692,0.28459999999999996,nan,1,10,0.08040727848084117
S3_transport,E,7,8,1,1,,fim,optimized,160.0,0.5,1.0,1.0,10,final_z,0.040847999999999995,0.20423999999999998,nan,1,-1,nan
S3_transport,E,7,8,1,1,,fim,optimized,160.0,0.5,1.0,1.0,10,final_z,0.045160000000000006,0.22580000000000003,nan,1,-1,nan
S3_transport,E,7,8,1,1,,fim,optimized,160.0,0.5,1.0,1.0,10,final_z,0.049472,0.24736,nan,1,-1,nan
S3_transport,E,7,8,1,1,,fim,optimized,160.0,0.5,1.0,1.0,10,final_z,0.053784,0.26892,nan,1,-1,nan
S3_transport,E,7,8,1,1,,fim,optimized,160.0,0.5,1.0,1.0,10,final_z,0.17451999999999998,0.8725999999999998,nan,1,-1,nan
S3_transport,E,7,8,1,1,,fim,optimized,160.0,0.5,1.0,1.0,10,final_z,0.18039999999999998,0.9019999999999998,nan,1,-1,nan
S3_transport,E,7,8,1,1,,fim,optimized,160.0,0.5,1.0,1.0,10,final_z,0.18627999999999997,0.9313999999999998,nan,1,-1,nan
S3_transport,E,7,8,1,1,,fim,optimized,160.0,0.5,1.0,1.0,10,final_z,0.191376,0.95688,nan,1,-1,nan
S3_transport,E,7,8,1,1,,fim,optimized,160.0,0.5,1.0,1.0,10,final_z,0.19568799999999997,0.9784399999999999,nan,1,-1,nan
S3_transport,E,7,8,1,1,,fim,optimized,160.0,0.5,1.0,1.0,10,final_z,0.2,1.0,nan,1,-1,nan
S3_transport,F,7,1,1,1,NORMAL_LEARNING,seed,optimized,40.0,1.0,1.0,0.5,10,candidate_z,0.004,0.02,35.14541636758801,1,-1,nan
S3_transport,F,7,1,1,1,NORMAL_LEARNING,seed,optimized,40.0,1.0,1.0,0.5,10,candidate_z,0.00596,0.0298,36.126035111302144,0,-1,nan
S3_transport,F,7,1,1,1,NORMAL_LEARNING,seed,optimized,40.0,1.0,1.0,0.5,10,candidate_z,0.00792,0.039599999999999996,36.96889067357458,0,-1,nan
S3_transport,F,7,1,1,1,NORMAL_LEARNING,seed,optimized,40.0,1.0,1.0,0.5,10,candidate_z,0.00988,0.0494,37.707963648206345,1,-1,nan
S3_transport,F,7,1,1,1,NORMAL_LEARNING,seed,optimized,40.0,1.0,1.0,0.5,10,candidate_z,0.01184,0.059199999999999996,38.36600783483138,0,-1,nan
S3_transport,F,7,1,1,1,NORMAL_LEARNING,seed,optimized,40.0,1.0,1.0,0.5,10,candidate_z,0.0138,0.06899999999999999,38.95866150184875,0,-1,nan
S3_transport,F,7,1,1,1,NORMAL_LEARNING,seed,optimized,40.0,1.0,1.0,0.5,10,candidate_z,0.01576,0.0788,39.49824145670716,0,-1,nan
S3_transport,F,7,1,1,1,NORMAL_LEARNING,seed,optimized,40.0,1.0,1.0,0.5,10,candidate_z,0.01772,0.0886,39.99343288536524,0,-1,nan
S3_transport,F,7,1,1,1,NORMAL_LEARNING,seed,optimized,40.0,1.0,1.0,0.5,10,candidate_z,0.01968,0.09839999999999999,40.450092411661146,0,-1,nan
S3_transport,F,7,1,1,1,NORMAL_LEARNING,seed,optimized,40.0,1.0,1.0,0.5,10,candidate_z,0.02164,0.10819999999999999,40.87463202859355,0,-1,nan
S3_transport,F,7,1,1,1,NORMAL_LEARNING,seed,optimized,40.0,1.0,1.0,0.5,10,candidate_z,0.0236,0.118,41.27100387082794,0,-1,nan
S3_transport,F,7,1,1,1,NORMAL_LEARNING,seed,optimized,40.0,1.0,1.0,0.5,10,candidate_z,0.02556,0.1278,41.642702160474116,0,-1,nan
S3_transport,F,7,1,1,1,NORMAL_LEARNING,seed,optimized,40.0,1.0,1.0,0.5,10,candidate_z,0.02752,0.1376,41.99260940661259,0,-1,nan
S3_transport,F,7,1,1,1,NORMAL_LEARNING,seed,optimized,40.0,1.0,1.0,0.5,10,candidate_z,0.02948,0.14739999999999998,42.3231328996233,0,-1,nan
S3_transport,F,7,1,1,1,NORMAL_LEARNING,seed,optimized,40.0,1.0,1.0,0.5,10,candidate_z,0.031439999999999996,0.15719999999999998,42.636298612119006,0,-1,nan
S3_transport,F,7,1,1,1,NORMAL_LEARNING,seed,optimized,40.0,1.0,1.0,0.5,10,candidate_z,0.0334,0.16699999999999998,42.933835427320275,0,-1,nan
S3_transport,F,7,1,1,1,NORMAL_LEARNING,seed,optimized,40.0,1.0,1.0,0.5,10,candidate_z,0.03536,0.1768,43.21722219959996,0,-1,nan
S3_transport,F,7,1,1,1,NORMAL_LEARNING,seed,optimized,40.0,1.0,1.0,0.5,10,candidate_z,0.037320000000000006,0.18660000000000002,43.48773926057257,0,-1,nan
S3_transport,F,7,1,1,1,NORMAL_LEARNING,seed,optimized,40.0,1.0,1.0,0.5,10,candidate_z,0.039279999999999995,0.19639999999999996,43.74650021661439,0,-1,nan
S3_transport,F,7,1,1,1,NORMAL_LEARNING,seed,optimized,40.0,1.0,1.0,0.5,10,candidate_z,0.04124,0.2062,43.99448083268837,0,-1,nan
S3_transport,F,7,1,1,1,NORMAL_LEARNING,seed,optimized,40.0,1.0,1.0,0.5,10,candidate_z,0.0432,0.216,44.23253896694071,0,-1,nan
S3_transport,F,7,1,1,1,NORMAL_LEARNING,seed,optimized,40.0,1.0,1.0,0.5,10,candidate_z,0.045160000000000006,0.22580000000000003,44.461435653742484,0,-1,nan
S3_transport,F,7,1,1,1,NORMAL_LEARNING,seed,optimized,40.0,1.0,1.0,0.5,10,candidate_z,0.047119999999999995,0.23559999999999998,44.681845912269196,0,-1,nan
S3_transport,F,7,1,1,1,NORMAL_LEARNING,seed,optimized,40.0,1.0,1.0,0.5,10,candidate_z,0.04908,0.24539999999999998,44.89437421579102,0,-1,nan
S3_transport,F,7,1,1,1,NORMAL_LEARNING,seed,optimized,40.0,1.0,1.0,0.5,10,candidate_z,0.05104,0.2552,45.099562369225936,0,-1,nan
S3_transport,F,7,1,1,1,NORMAL_LEARNING,seed,optimized,40.0,1.0,1.0,0.5,10,candidate_z,0.053000000000000005,0.265,45.2978972847053,0,-1,nan
S3_transport,F,7,1,1,1,NORMAL_LEARNING,seed,optimized,40.0,1.0,1.0,0.5,10,candidate_z,0.054959999999999995,0.27479999999999993,45.48982013946838,0,-1,nan
S3_transport,F,7,1,1,1,NORMAL_LEARNING,seed,optimized,40.0,1.0,1.0,0.5,10,candidate_z,0.05692,0.28459999999999996,45.6757299540204,0,-1,nan
S3_transport,F,7,1,1,1,NORMAL_LEARNING,seed,optimized,40.0,1.0,1.0,0.5,10,candidate_z,0.05888,0.2944,45.855990405898055,0,-1,nan
S3_transport,F,7,1,1,1,NORMAL_LEARNING,seed,optimized,40.0,1.0,1.0,0.5,10,candidate_z,0.060840000000000005,0.3042,46.030932307971554,0,-1,nan
S3_transport,F,7,1,1,1,NORMAL_LEARNING,seed,optimized,40.0,1.0,1.0,0.5,10,candidate_z,0.0628,0.31399999999999995,46.200859194913505,1,-1,nan
S3_transport,F,7,1,1,1,NORMAL_LEARNING,seed,optimized,40.0,1.0,1.0,0.5,10,candidate_z,0.06476,0.3238,46.36604851717205,0,-1,nan
S3_transport,F,7,1,1,1,NORMAL_LEARNING,seed,optimized,40.0,1.0,1.0,0.5,10,candidate_z,0.06672,0.3336,46.52675612802909,0,-1,nan
S3_transport,F,7,1,1,1,NORMAL_LEARNING,seed,optimized,40.0,1.0,1.0,0.5,10,candidate_z,0.06868,0.3434,46.68321659803895,0,-1,nan
S3_transport,F,7,1,1,1,NORMAL_LEARNING,seed,optimized,40.0,1.0,1.0,0.5,10,candidate_z,0.07064000000000001,0.3532,46.83564714598728,0,-1,nan
S3_transport,F,7,1,1,1,NORMAL_LEARNING,seed,optimized,40.0,1.0,1.0,0.5,10,candidate_z,0.0726,0.363,46.98424944977279,0,-1,nan
S3_transport,F,7,1,1,1,NORMAL_LEARNING,seed,optimized,40.0,1.0,1.0,0.5,10,candidate_z,0.07456,0.37279999999999996,47.129208685293435,0,-1,nan
S3_transport,F,7,1,1,1,NORMAL_LEARNING,seed,optimized,40.0,1.0,1.0,0.5,10,candidate_z,0.07652,0.3826,47.27069882435087,0,-1,nan
S3_transport,F,7,1,1,1,NORMAL_LEARNING,seed,optimized,40.0,1.0,1.0,0.5,10,candidate_z,0.07848,0.39239999999999997,47.40888066702777,0,-1,nan
S3_transport,F,7,1,1,1,NORMAL_LEARNING,seed,optimized,40.0,1.0,1.0,0.5,10,candidate_z,0.08044,0.40219999999999995,47.543903913047004,0,-1,nan
S3_transport,F,7,1,1,1,NORMAL_LEARNING,seed,optimized,40.0,1.0,1.0,0.5,10,candidate_z,0.0824,0.412,47.675908513639214,0,-1,nan
S3_transport,F,7,1,1,1,NORMAL_LEARNING,seed,optimized,40.0,1.0,1.0,0.5,10,candidate_z,0.08436,0.4218,47.80502615565952,0,-1,nan
S3_transport,F,7,1,1,1,NORMAL_LEARNING,seed,optimized,40.0,1.0,1.0,0.5,10,candidate_z,0.08632000000000001,0.43160000000000004,47.9313788491757,0,-1,nan
S3_transport,F,7,1,1,1,NORMAL_LEARNING,seed,optimized,40.0,1.0,1.0,0.5,10,candidate_z,0.08828,0.44139999999999996,48.05508112725231,0,-1,nan
S3_transport,F,7,1,1,1,NORMAL_LEARNING,seed,optimized,40.0,1.0,1.0,0.5,10,candidate_z,0.09024,0.4512,48.176241787466196,0,-1,nan
S3_transport,F,7,1,1,1,NORMAL_LEARNING,seed,optimized,40.0,1.0,1.0,0.5,10,candidate_z,0.0922,0.461,48.294961729060404,0,-1,nan
S3_transport,F,7,1,1,1,NORMAL_LEARNING,seed,optimized,40.0,1.0,1.0,0.5,10,candidate_z,0.09416,0.47079999999999994,48.41133673969881,0,-1,nan
S3_transport,F,7,1,1,1,NORMAL_LEARNING,seed,optimized,40.0,1.0,1.0,0.5,10,candidate_z,0.09612,0.48059999999999997,48.52545668324056,0,-1,nan
S3_transport,F,7,1,1,1,NORMAL_LEARNING,seed,optimized,40.0,1.0,1.0,0.5,10,candidate_z,0.09808,0.4904,48.63740641358309,1,-1,nan
S3_transport,F,7,1,1,1,NORMAL_LEARNING,seed,optimized,40.0,1.0,1.0,0.5,10,candidate_z,0.10004,0.5002,48.7472664679661,0,-1,nan
S3_transport,F,7,1,1,1,NORMAL_LEARNING,seed,optimized,40.0,1.0,1.0,0.5,10,candidate_z,0.10200000000000001,0.51,48.85511225598397,0,-1,nan
S3_transport,F,7,1,1,1,NORMAL_LEARNING,seed,optimized,40.0,1.0,1.0,0.5,10,candidate_z,0.10396,0.5197999999999999,48.96104057595413,1,-1,nan
S3_transport,F,7,1,1,1,NORMAL_LEARNING,seed,optimized,40.0,1.0,1.0,0.5,10,candidate_z,0.10592,0.5296,49.06509306256865,0,-1,nan
S3_transport,F,7,1,1,1,NORMAL_LEARNING,seed,optimized,40.0,1.0,1.0,0.5,10,candidate_z,0.10788,0.5394,49.16733419592808,0,-1,nan
S3_transport,F,7,1,1,1,NORMAL_LEARNING,seed,optimized,40.0,1.0,1.0,0.5,10,candidate_z,0.10984,0.5491999999999999,49.26782528746574,1,-1,nan
S3_transport,F,7,1,1,1,NORMAL_LEARNING,seed,optimized,40.0,1.0,1.0,0.5,10,candidate_z,0.1118,0.5589999999999999,49.36662462737924,0,-1,nan
S3_transport,F,7,1,1,1,NORMAL_LEARNING,seed,optimized,40.0,1.0,1.0,0.5,10,candidate_z,0.11376,0.5688,49.46378752127055,0,-1,nan
S3_transport,F,7,1,1,1,NORMAL_LEARNING,seed,optimized,40.0,1.0,1.0,0.5,10,candidate_z,0.11572,0.5786,49.559366921007296,1,-1,nan
S3_transport,F,7,1,1,1,NORMAL_LEARNING,seed,optimized,40.0,1.0,1.0,0.5,10,candidate_z,0.11768,0.5884,49.6534129902378,0,-1,nan
S3_transport,F,7,1,1,1,NORMAL_LEARNING,seed,optimized,40.0,1.0,1.0,0.5,10,candidate_z,0.11964,0.5982,49.745973441039,0,-1,nan
S3_transport,F,7,1,1,1,NORMAL_LEARNING,seed,optimized,40.0,1.0,1.0,0.5,10,candidate_z,0.1216,0.608,49.83709428274659,0,-1,nan
S3_transport,F,7,1,1,1,NORMAL_LEARNING,seed,optimized,40.0,1.0,1.0,0.5,10,candidate_z,0.12356,0.6178,49.92681866250223,0,-1,nan
S3_transport,F,7,1,1,1,NORMAL_LEARNING,seed,optimized,40.0,1.0,1.0,0.5,10,candidate_z,0.12552,0.6275999999999999,50.01518856655326,0,-1,nan
S3_transport,F,7,1,1,1,NORMAL_LEARNING,seed,optimized,40.0,1.0,1.0,0.5,10,candidate_z,0.12747999999999998,0.6373999999999999,50.1022438643669,0,-1,nan
S3_transport,F,7,1,1,1,NORMAL_LEARNING,seed,optimized,40.0,1.0,1.0,0.5,10,candidate_z,0.12944,0.6472,50.188022330295,0,-1,nan
S3_transport,F,7,1,1,1,NORMAL_LEARNING,seed,optimized,40.0,1.0,1.0,0.5,10,candidate_z,0.1314,0.6569999999999999,50.272560580990586,0,-1,nan
S3_transport,F,7,1,1,1,NORMAL_LEARNING,seed,optimized,40.0,1.0,1.0,0.5,10,candidate_z,0.13336,0.6668,50.355893234654744,0,-1,nan
S3_transport,F,7,1,1,1,NORMAL_LEARNING,seed,optimized,40.0,1.0,1.0,0.5,10,candidate_z,0.13532,0.6766,50.43805405670041,0,-1,nan
S3_transport,F,7,1,1,1,NORMAL_LEARNING,seed,optimized,40.0,1.0,1.0,0.5,10,candidate_z,0.13728,0.6864,50.51907505611861,0,-1,nan
S3_transport,F,7,1,1,1,NORMAL_LEARNING,seed,optimized,40.0,1.0,1.0,0.5,10,candidate_z,0.13924,0.6961999999999999,50.59898717694054,0,-1,nan
S3_transport,F,7,1,1,1,NORMAL_LEARNING,seed,optimized,40.0,1.0,1.0,0.5,10,candidate_z,0.1412,0.706,50.677819518165535,0,-1,nan
S3_transport,F,7,1,1,1,NORMAL_LEARNING,seed,optimized,40.0,1.0,1.0,0.5,10,candidate_z,0.14316,0.7158,50.75560074409947,0,-1,nan
S3_transport,F,7,1,1,1,NORMAL_LEARNING,seed,optimized,40.0,1.0,1.0,0.5,10,candidate_z,0.14512,0.7255999999999999,50.83235819954622,0,-1,nan
S3_transport,F,7,1,1,1,NORMAL_LEARNING,seed,optimized,40.0,1.0,1.0,0.5,10,candidate_z,0.14708,0.7353999999999999,50.908117878170174,0,-1,nan
S3_transport,F,7,1,1,1,NORMAL_LEARNING,seed,optimized,40.0,1.0,1.0,0.5,10,candidate_z,0.14904,0.7452,50.98290552414062,0,-1,nan
S3_transport,F,7,1,1,1,NORMAL_LEARNING,seed,optimized,40.0,1.0,1.0,0.5,10,candidate_z,0.151,0.7549999999999999,51.05674479118916,0,-1,nan
S3_transport,F,7,1,1,1,NORMAL_LEARNING,seed,optimized,40.0,1.0,1.0,0.5,10,candidate_z,0.15295999999999998,0.7647999999999999,51.12965912635069,0,-1,nan
S3_transport,F,7,1,1,1,NORMAL_LEARNING,seed,optimized,40.0,1.0,1.0,0.5,10,candidate_z,0.15492,0.7746,51.20167157987187,0,-1,nan
S3_transport,F,7,1,1,1,NORMAL_LEARNING,seed,optimized,40.0,1.0,1.0,0.5,10,candidate_z,0.15688,0.7843999999999999,51.27280332218447,0,-1,nan
S3_transport,F,7,1,1,1,NORMAL_LEARNING,seed,optimized,40.0,1.0,1.0,0.5,10,candidate_z,0.15884,0.7942,51.34307564054485,0,-1,nan
S3_transport,F,7,1,1,1,NORMAL_LEARNING,seed,optimized,40.0,1.0,1.0,0.5,10,candidate_z,0.1608,0.8039999999999999,51.41250869140386,0,-1,nan
S3_transport,F,7,1,1,1,NORMAL_LEARNING,seed,optimized,40.0,1.0,1.0,0.5,10,candidate_z,0.16276,0.8137999999999999,51.48112173888492,0,-1,nan
S3_transport,F,7,1,1,1,NORMAL_LEARNING,seed,optimized,40.0,1.0,1.0,0.5,10,candidate_z,0.16472,0.8236,51.54893383075478,0,-1,nan
S3_transport,F,7,1,1,1,NORMAL_LEARNING,seed,optimized,40.0,1.0,1.0,0.5,10,candidate_z,0.16668,0.8333999999999999,51.61596295351387,0,-1,nan
S3_transport,F,7,1,1,1,NORMAL_LEARNING,seed,optimized,40.0,1.0,1.0,0.5,10,candidate_z,0.16864,0.8432000000000001,51.682227087383694,0,-1,nan
S3_transport,F,7,1,1,1,NORMAL_LEARNING,seed,optimized,40.0,1.0,1.0,0.5,10,candidate_z,0.1706,0.853,51.74774276894583,0,-1,nan
S3_transport,F,7,1,1,1,NORMAL_LEARNING,seed,optimized,40.0,1.0,1.0,0.5,10,candidate_z,0.17256,0.8627999999999999,51.81252668462665,0,-1,nan
S3_transport,F,7,1,1,1,NORMAL_LEARNING,seed,optimized,40.0,1.0,1.0,0.5,10,candidate_z,0.17452,0.8726,51.8765944976998,0,-1,nan
S3_transport,F,7,1,1,1,NORMAL_LEARNING,seed,optimized,40.0,1.0,1.0,0.5,10,candidate_z,0.17648,0.8824,51.93996195390238,0,-1,nan
S3_transport,F,7,1,1,1,NORMAL_LEARNING,seed,optimized,40.0,1.0,1.0,0.5,10,candidate_z,0.17844,0.8921999999999999,52.00264375090339,0,-1,nan
S3_transport,F,7,1,1,1,NORMAL_LEARNING,seed,optimized,40.0,1.0,1.0,0.5,10,candidate_z,0.1804,0.902,52.06465421201736,0,-1,nan
S3_transport,F,7,1,1,1,NORMAL_LEARNING,seed,optimized,40.0,1.0,1.0,0.5,10,candidate_z,0.18236,0.9117999999999999,52.12600732947263,0,-1,nan
S3_transport,F,7,1,1,1,NORMAL_LEARNING,seed,optimized,40.0,1.0,1.0,0.5,10,candidate_z,0.18431999999999998,0.9215999999999999,52.18671670770168,0,-1,nan
S3_transport,F,7,1,1,1,NORMAL_LEARNING,seed,optimized,40.0,1.0,1.0,0.5,10,candidate_z,0.18628,0.9314,52.24679543486931,0,-1,nan
S3_transport,F,7,1,1,1,NORMAL_LEARNING,seed,optimized,40.0,1.0,1.0,0.5,10,candidate_z,0.18824,0.9411999999999999,52.30625641169591,1,-1,nan
S3_transport,F,7,1,1,1,NORMAL_LEARNING,seed,optimized,40.0,1.0,1.0,0.5,10,candidate_z,0.1902,0.951,52.36511170432105,0,-1,nan
S3_transport,F,7,1,1,1,NORMAL_LEARNING,seed,optimized,40.0,1.0,1.0,0.5,10,candidate_z,0.19216,0.9608,52.42337347378189,0,-1,nan
S3_transport,F,7,1,1,1,NORMAL_LEARNING,seed,optimized,40.0,1.0,1.0,0.5,10,candidate_z,0.19412,0.9705999999999999,52.48105337461412,1,-1,nan
S3_transport,F,7,1,1,1,NORMAL_LEARNING,seed,optimized,40.0,1.0,1.0,0.5,10,candidate_z,0.19608,0.9803999999999999,52.53816244880643,0,-1,nan
S3_transport,F,7,1,1,1,NORMAL_LEARNING,seed,optimized,40.0,1.0,1.0,0.5,10,candidate_z,0.19804,0.9902,52.594711882555416,0,-1,nan
S3_transport,F,7,1,1,1,NORMAL_LEARNING,seed,optimized,40.0,1.0,1.0,0.5,10,candidate_z,0.2,1.0,52.65071230070929,1,-1,nan
S3_transport,F,7,1,1,1,NORMAL_LEARNING,seed,optimized,40.0,1.0,1.0,0.5,10,selected_z,0.2,1.0,nan,1,1,52.65071230070929
S3_transport,F,7,1,1,1,NORMAL_LEARNING,seed,optimized,40.0,1.0,1.0,0.5,10,selected_z,0.0628,0.31399999999999995,nan,1,2,20.80167727774601
S3_transport,F,7,1,1,1,NORMAL_LEARNING,seed,optimized,40.0,1.0,1.0,0.5,10,selected_z,0.004,0.02,nan,1,3,4.6231466392342355
S3_transport,F,7,1,1,1,NORMAL_LEARNING,seed,optimized,40.0,1.0,1.0,0.5,10,selected_z,0.11572,0.5786,nan,1,4,1.9559137728816864
S3_transport,F,7,1,1,1,NORMAL_LEARNING,seed,optimized,40.0,1.0,1.0,0.5,10,selected_z,0.19412,0.9705999999999999,nan,1,5,1.1952854184263373
S3_transport,F,7,1,1,1,NORMAL_LEARNING,seed,optimized,40.0,1.0,1.0,0.5,10,selected_z,0.10984,0.5491999999999999,nan,1,6,0.9491690193860904
S3_transport,F,7,1,1,1,NORMAL_LEARNING,seed,optimized,40.0,1.0,1.0,0.5,10,selected_z,0.18824,0.9411999999999999,nan,1,7,0.6384167579524416
S3_transport,F,7,1,1,1,NORMAL_LEARNING,seed,optimized,40.0,1.0,1.0,0.5,10,selected_z,0.10396,0.5197999999999999,nan,1,8,0.6318104938651175
S3_transport,F,7,1,1,1,NORMAL_LEARNING,seed,optimized,40.0,1.0,1.0,0.5,10,selected_z,0.00988,0.0494,nan,1,9,0.5893542273350647
S3_transport,F,7,1,1,1,NORMAL_LEARNING,seed,optimized,40.0,1.0,1.0,0.5,10,selected_z,0.09808,0.4904,nan,1,10,0.4713607462737315
S3_transport,F,7,1,1,1,NORMAL_LEARNING,seed,optimized,40.0,1.0,1.0,0.5,10,final_z,0.004,0.02,nan,1,-1,nan
S3_transport,F,7,1,1,1,NORMAL_LEARNING,seed,optimized,40.0,1.0,1.0,0.5,10,final_z,0.008312,0.04156,nan,1,-1,nan
S3_transport,F,7,1,1,1,NORMAL_LEARNING,seed,optimized,40.0,1.0,1.0,0.5,10,final_z,0.06672,0.3336,nan,1,-1,nan
S3_transport,F,7,1,1,1,NORMAL_LEARNING,seed,optimized,40.0,1.0,1.0,0.5,10,final_z,0.101216,0.50608,nan,1,-1,nan
S3_transport,F,7,1,1,1,NORMAL_LEARNING,seed,optimized,40.0,1.0,1.0,0.5,10,final_z,0.105528,0.52764,nan,1,-1,nan
S3_transport,F,7,1,1,1,NORMAL_LEARNING,seed,optimized,40.0,1.0,1.0,0.5,10,final_z,0.10984,0.5491999999999999,nan,1,-1,nan
S3_transport,F,7,1,1,1,NORMAL_LEARNING,seed,optimized,40.0,1.0,1.0,0.5,10,final_z,0.114152,0.5707599999999999,nan,1,-1,nan
S3_transport,F,7,1,1,1,NORMAL_LEARNING,seed,optimized,40.0,1.0,1.0,0.5,10,final_z,0.191376,0.95688,nan,1,-1,nan
S3_transport,F,7,1,1,1,NORMAL_LEARNING,seed,optimized,40.0,1.0,1.0,0.5,10,final_z,0.19568799999999997,0.9784399999999999,nan,1,-1,nan
S3_transport,F,7,1,1,1,NORMAL_LEARNING,seed,optimized,40.0,1.0,1.0,0.5,10,final_z,0.2,1.0,nan,1,-1,nan
S3_transport,F,7,2,1,0,NORMAL_LEARNING,eig,optimized,160.0,1.0,1.0,1.0,10,candidate_z,0.004,0.02,36.311392024028024,0,-1,nan
S3_transport,F,7,2,1,0,NORMAL_LEARNING,eig,optimized,160.0,1.0,1.0,1.0,10,candidate_z,0.00596,0.0298,38.40346416392197,0,-1,nan
S3_transport,F,7,2,1,0,NORMAL_LEARNING,eig,optimized,160.0,1.0,1.0,1.0,10,candidate_z,0.00792,0.039599999999999996,39.79880031094093,0,-1,nan
S3_transport,F,7,2,1,0,NORMAL_LEARNING,eig,optimized,160.0,1.0,1.0,1.0,10,candidate_z,0.00988,0.0494,40.875311631788264,1,-1,nan
S3_transport,F,7,2,1,0,NORMAL_LEARNING,eig,optimized,160.0,1.0,1.0,1.0,10,candidate_z,0.01184,0.059199999999999996,42.350985878204376,0,-1,nan
S3_transport,F,7,2,1,0,NORMAL_LEARNING,eig,optimized,160.0,1.0,1.0,1.0,10,candidate_z,0.0138,0.06899999999999999,43.529189849873845,0,-1,nan
S3_transport,F,7,2,1,0,NORMAL_LEARNING,eig,optimized,160.0,1.0,1.0,1.0,10,candidate_z,0.01576,0.0788,44.490403995046314,0,-1,nan
S3_transport,F,7,2,1,0,NORMAL_LEARNING,eig,optimized,160.0,1.0,1.0,1.0,10,candidate_z,0.01772,0.0886,45.28682608725771,0,-1,nan
S3_transport,F,7,2,1,0,NORMAL_LEARNING,eig,optimized,160.0,1.0,1.0,1.0,10,candidate_z,0.01968,0.09839999999999999,45.954548472652355,0,-1,nan
S3_transport,F,7,2,1,0,NORMAL_LEARNING,eig,optimized,160.0,1.0,1.0,1.0,10,candidate_z,0.02164,0.10819999999999999,46.51973690353359,0,-1,nan
S3_transport,F,7,2,1,0,NORMAL_LEARNING,eig,optimized,160.0,1.0,1.0,1.0,10,candidate_z,0.0236,0.118,47.002046640697465,0,-1,nan
S3_transport,F,7,2,1,0,NORMAL_LEARNING,eig,optimized,160.0,1.0,1.0,1.0,10,candidate_z,0.02556,0.1278,47.60485415853297,0,-1,nan
S3_transport,F,7,2,1,0,NORMAL_LEARNING,eig,optimized,160.0,1.0,1.0,1.0,10,candidate_z,0.02752,0.1376,48.30848019496713,1,-1,nan
S3_transport,F,7,2,1,0,NORMAL_LEARNING,eig,optimized,160.0,1.0,1.0,1.0,10,candidate_z,0.02948,0.14739999999999998,48.94070712406819,0,-1,nan
S3_transport,F,7,2,1,0,NORMAL_LEARNING,eig,optimized,160.0,1.0,1.0,1.0,10,candidate_z,0.031439999999999996,0.15719999999999998,49.51182757234687,0,-1,nan
S3_transport,F,7,2,1,0,NORMAL_LEARNING,eig,optimized,160.0,1.0,1.0,1.0,10,candidate_z,0.0334,0.16699999999999998,50.029970737890594,1,-1,nan
S3_transport,F,7,2,1,0,NORMAL_LEARNING,eig,optimized,160.0,1.0,1.0,1.0,10,candidate_z,0.03536,0.1768,50.50175558689379,0,-1,nan
S3_transport,F,7,2,1,0,NORMAL_LEARNING,eig,optimized,160.0,1.0,1.0,1.0,10,candidate_z,0.037320000000000006,0.18660000000000002,50.93264985529186,0,-1,nan
S3_transport,F,7,2,1,0,NORMAL_LEARNING,eig,optimized,160.0,1.0,1.0,1.0,10,candidate_z,0.039279999999999995,0.19639999999999996,51.32735588916627,1,-1,nan
S3_transport,F,7,2,1,0,NORMAL_LEARNING,eig,optimized,160.0,1.0,1.0,1.0,10,candidate_z,0.04124,0.2062,51.68994508070378,0,-1,nan
S3_transport,F,7,2,1,0,NORMAL_LEARNING,eig,optimized,160.0,1.0,1.0,1.0,10,candidate_z,0.0432,0.216,52.02345533066829,0,-1,nan
S3_transport,F,7,2,1,0,NORMAL_LEARNING,eig,optimized,160.0,1.0,1.0,1.0,10,candidate_z,0.045160000000000006,0.22580000000000003,52.33092607846218,1,-1,nan
S3_transport,F,7,2,1,0,NORMAL_LEARNING,eig,optimized,160.0,1.0,1.0,1.0,10,candidate_z,0.047119999999999995,0.23559999999999998,52.61468468422753,0,-1,nan
S3_transport,F,7,2,1,0,NORMAL_LEARNING,eig,optimized,160.0,1.0,1.0,1.0,10,candidate_z,0.04908,0.24539999999999998,52.877026389551375,0,-1,nan
S3_transport,F,7,2,1,0,NORMAL_LEARNING,eig,optimized,160.0,1.0,1.0,1.0,10,candidate_z,0.05104,0.2552,53.119766585453874,0,-1,nan
S3_transport,F,7,2,1,0,NORMAL_LEARNING,eig,optimized,160.0,1.0,1.0,1.0,10,candidate_z,0.053000000000000005,0.265,53.34456749733134,0,-1,nan
S3_transport,F,7,2,1,0,NORMAL_LEARNING,eig,optimized,160.0,1.0,1.0,1.0,10,candidate_z,0.054959999999999995,0.27479999999999993,53.55299965540716,0,-1,nan
S3_transport,F,7,2,1,0,NORMAL_LEARNING,eig,optimized,160.0,1.0,1.0,1.0,10,candidate_z,0.05692,0.28459999999999996,53.746279068233,0,-1,nan
S3_transport,F,7,2,1,0,NORMAL_LEARNING,eig,optimized,160.0,1.0,1.0,1.0,10,candidate_z,0.05888,0.2944,53.925753102410624,0,-1,nan
S3_transport,F,7,2,1,0,NORMAL_LEARNING,eig,optimized,160.0,1.0,1.0,1.0,10,candidate_z,0.060840000000000005,0.3042,54.092382945051334,0,-1,nan
S3_transport,F,7,2,1,0,NORMAL_LEARNING,eig,optimized,160.0,1.0,1.0,1.0,10,candidate_z,0.0628,0.31399999999999995,54.24710492325394,0,-1,nan
S3_transport,F,7,2,1,0,NORMAL_LEARNING,eig,optimized,160.0,1.0,1.0,1.0,10,candidate_z,0.06476,0.3238,54.39095288688482,0,-1,nan
S3_transport,F,7,2,1,0,NORMAL_LEARNING,eig,optimized,160.0,1.0,1.0,1.0,10,candidate_z,0.06672,0.3336,54.524633746139116,0,-1,nan
S3_transport,F,7,2,1,0,NORMAL_LEARNING,eig,optimized,160.0,1.0,1.0,1.0,10,candidate_z,0.06868,0.3434,54.64889723942245,0,-1,nan
S3_transport,F,7,2,1,0,NORMAL_LEARNING,eig,optimized,160.0,1.0,1.0,1.0,10,candidate_z,0.07064000000000001,0.3532,54.764433929216594,0,-1,nan
S3_transport,F,7,2,1,0,NORMAL_LEARNING,eig,optimized,160.0,1.0,1.0,1.0,10,candidate_z,0.0726,0.363,54.87185217182163,0,-1,nan
S3_transport,F,7,2,1,0,NORMAL_LEARNING,eig,optimized,160.0,1.0,1.0,1.0,10,candidate_z,0.07456,0.37279999999999996,54.97176995073241,0,-1,nan
S3_transport,F,7,2,1,0,NORMAL_LEARNING,eig,optimized,160.0,1.0,1.0,1.0,10,candidate_z,0.07652,0.3826,55.064632153461645,0,-1,nan
S3_transport,F,7,2,1,0,NORMAL_LEARNING,eig,optimized,160.0,1.0,1.0,1.0,10,candidate_z,0.07848,0.39239999999999997,55.150994928655756,0,-1,nan
S3_transport,F,7,2,1,0,NORMAL_LEARNING,eig,optimized,160.0,1.0,1.0,1.0,10,candidate_z,0.08044,0.40219999999999995,55.231248978827416,0,-1,nan
S3_transport,F,7,2,1,0,NORMAL_LEARNING,eig,optimized,160.0,1.0,1.0,1.0,10,candidate_z,0.0824,0.412,55.305845789876294,0,-1,nan
S3_transport,F,7,2,1,0,NORMAL_LEARNING,eig,optimized,160.0,1.0,1.0,1.0,10,candidate_z,0.08436,0.4218,55.37516437245416,1,-1,nan
S3_transport,F,7,2,1,0,NORMAL_LEARNING,eig,optimized,160.0,1.0,1.0,1.0,10,candidate_z,0.08632000000000001,0.43160000000000004,55.43953181641126,0,-1,nan
S3_transport,F,7,2,1,0,NORMAL_LEARNING,eig,optimized,160.0,1.0,1.0,1.0,10,candidate_z,0.08828,0.44139999999999996,55.49930020290169,0,-1,nan
S3_transport,F,7,2,1,0,NORMAL_LEARNING,eig,optimized,160.0,1.0,1.0,1.0,10,candidate_z,0.09024,0.4512,55.55478287907488,0,-1,nan
S3_transport,F,7,2,1,0,NORMAL_LEARNING,eig,optimized,160.0,1.0,1.0,1.0,10,candidate_z,0.0922,0.461,55.6062401065978,0,-1,nan
S3_transport,F,7,2,1,0,NORMAL_LEARNING,eig,optimized,160.0,1.0,1.0,1.0,10,candidate_z,0.09416,0.47079999999999994,55.653954125724546,0,-1,nan
S3_transport,F,7,2,1,0,NORMAL_LEARNING,eig,optimized,160.0,1.0,1.0,1.0,10,candidate_z,0.09612,0.48059999999999997,55.698173584868414,0,-1,nan
S3_transport,F,7,2,1,0,NORMAL_LEARNING,eig,optimized,160.0,1.0,1.0,1.0,10,candidate_z,0.09808,0.4904,55.73911520123294,0,-1,nan
S3_transport,F,7,2,1,0,NORMAL_LEARNING,eig,optimized,160.0,1.0,1.0,1.0,10,candidate_z,0.10004,0.5002,55.77700528630911,0,-1,nan
S3_transport,F,7,2,1,0,NORMAL_LEARNING,eig,optimized,160.0,1.0,1.0,1.0,10,candidate_z,0.10200000000000001,0.51,55.81204574521587,0,-1,nan
S3_transport,F,7,2,1,0,NORMAL_LEARNING,eig,optimized,160.0,1.0,1.0,1.0,10,candidate_z,0.10396,0.5197999999999999,55.84436822401539,0,-1,nan
S3_transport,F,7,2,1,0,NORMAL_LEARNING,eig,optimized,160.0,1.0,1.0,1.0,10,candidate_z,0.10592,0.5296,55.87421407495964,0,-1,nan
S3_transport,F,7,2,1,0,NORMAL_LEARNING,eig,optimized,160.0,1.0,1.0,1.0,10,candidate_z,0.10788,0.5394,55.90172958024779,0,-1,nan
S3_transport,F,7,2,1,0,NORMAL_LEARNING,eig,optimized,160.0,1.0,1.0,1.0,10,candidate_z,0.10984,0.5491999999999999,55.92707818614037,0,-1,nan
S3_transport,F,7,2,1,0,NORMAL_LEARNING,eig,optimized,160.0,1.0,1.0,1.0,10,candidate_z,0.1118,0.5589999999999999,55.950393048040674,0,-1,nan
S3_transport,F,7,2,1,0,NORMAL_LEARNING,eig,optimized,160.0,1.0,1.0,1.0,10,candidate_z,0.11376,0.5688,55.971817306901734,0,-1,nan
S3_transport,F,7,2,1,0,NORMAL_LEARNING,eig,optimized,160.0,1.0,1.0,1.0,10,candidate_z,0.11572,0.5786,55.99147375982264,0,-1,nan
S3_transport,F,7,2,1,0,NORMAL_LEARNING,eig,optimized,160.0,1.0,1.0,1.0,10,candidate_z,0.11768,0.5884,56.00947647904068,0,-1,nan
S3_transport,F,7,2,1,0,NORMAL_LEARNING,eig,optimized,160.0,1.0,1.0,1.0,10,candidate_z,0.11964,0.5982,56.025938470003545,0,-1,nan
S3_transport,F,7,2,1,0,NORMAL_LEARNING,eig,optimized,160.0,1.0,1.0,1.0,10,candidate_z,0.1216,0.608,56.040962780721756,0,-1,nan
S3_transport,F,7,2,1,0,NORMAL_LEARNING,eig,optimized,160.0,1.0,1.0,1.0,10,candidate_z,0.12356,0.6178,56.05464675830699,0,-1,nan
S3_transport,F,7,2,1,0,NORMAL_LEARNING,eig,optimized,160.0,1.0,1.0,1.0,10,candidate_z,0.12552,0.6275999999999999,56.0670784262007,0,-1,nan
S3_transport,F,7,2,1,0,NORMAL_LEARNING,eig,optimized,160.0,1.0,1.0,1.0,10,candidate_z,0.12747999999999998,0.6373999999999999,56.07834438288785,0,-1,nan
S3_transport,F,7,2,1,0,NORMAL_LEARNING,eig,optimized,160.0,1.0,1.0,1.0,10,candidate_z,0.12944,0.6472,56.08852535496078,0,-1,nan
S3_transport,F,7,2,1,0,NORMAL_LEARNING,eig,optimized,160.0,1.0,1.0,1.0,10,candidate_z,0.1314,0.6569999999999999,56.09769558138543,0,-1,nan
S3_transport,F,7,2,1,0,NORMAL_LEARNING,eig,optimized,160.0,1.0,1.0,1.0,10,candidate_z,0.13336,0.6668,56.105924074425545,0,-1,nan
S3_transport,F,7,2,1,0,NORMAL_LEARNING,eig,optimized,160.0,1.0,1.0,1.0,10,candidate_z,0.13532,0.6766,56.11327842920669,0,-1,nan
S3_transport,F,7,2,1,0,NORMAL_LEARNING,eig,optimized,160.0,1.0,1.0,1.0,10,candidate_z,0.13728,0.6864,56.119817220453356,0,-1,nan
S3_transport,F,7,2,1,0,NORMAL_LEARNING,eig,optimized,160.0,1.0,1.0,1.0,10,candidate_z,0.13924,0.6961999999999999,56.12560199536771,0,-1,nan
S3_transport,F,7,2,1,0,NORMAL_LEARNING,eig,optimized,160.0,1.0,1.0,1.0,10,candidate_z,0.1412,0.706,56.13068570585321,0,-1,nan
S3_transport,F,7,2,1,0,NORMAL_LEARNING,eig,optimized,160.0,1.0,1.0,1.0,10,candidate_z,0.14316,0.7158,56.13511899681856,0,-1,nan
S3_transport,F,7,2,1,0,NORMAL_LEARNING,eig,optimized,160.0,1.0,1.0,1.0,10,candidate_z,0.14512,0.7255999999999999,56.13894982016706,0,-1,nan
S3_transport,F,7,2,1,0,NORMAL_LEARNING,eig,optimized,160.0,1.0,1.0,1.0,10,candidate_z,0.14708,0.7353999999999999,56.142223192802234,0,-1,nan
S3_transport,F,7,2,1,0,NORMAL_LEARNING,eig,optimized,160.0,1.0,1.0,1.0,10,candidate_z,0.14904,0.7452,56.14498126508776,0,-1,nan
S3_transport,F,7,2,1,0,NORMAL_LEARNING,eig,optimized,160.0,1.0,1.0,1.0,10,candidate_z,0.151,0.7549999999999999,56.147261989931636,0,-1,nan
S3_transport,F,7,2,1,0,NORMAL_LEARNING,eig,optimized,160.0,1.0,1.0,1.0,10,candidate_z,0.15295999999999998,0.7647999999999999,56.14910373323595,0,-1,nan
S3_transport,F,7,2,1,0,NORMAL_LEARNING,eig,optimized,160.0,1.0,1.0,1.0,10,candidate_z,0.15492,0.7746,56.15054116002099,0,-1,nan
S3_transport,F,7,2,1,0,NORMAL_LEARNING,eig,optimized,160.0,1.0,1.0,1.0,10,candidate_z,0.15688,0.7843999999999999,56.15160504340722,0,-1,nan
S3_transport,F,7,2,1,0,NORMAL_LEARNING,eig,optimized,160.0,1.0,1.0,1.0,10,candidate_z,0.15884,0.7942,56.15232715684825,0,-1,nan
S3_transport,F,7,2,1,0,NORMAL_LEARNING,eig,optimized,160.0,1.0,1.0,1.0,10,candidate_z,0.1608,0.8039999999999999,56.15273488146249,0,-1,nan
S3_transport,F,7,2,1,0,NORMAL_LEARNING,eig,optimized,160.0,1.0,1.0,1.0,10,candidate_z,0.16276,0.8137999999999999,56.152855293195636,1,-1,nan
S3_transport,F,7,2,1,0,NORMAL_LEARNING,eig,optimized,160.0,1.0,1.0,1.0,10,candidate_z,0.16472,0.8236,56.15271300209458,0,-1,nan
S3_transport,F,7,2,1,0,NORMAL_LEARNING,eig,optimized,160.0,1.0,1.0,1.0,10,candidate_z,0.16668,0.8333999999999999,56.15233106948704,0,-1,nan
S3_transport,F,7,2,1,0,NORMAL_LEARNING,eig,optimized,160.0,1.0,1.0,1.0,10,candidate_z,0.16864,0.8432000000000001,56.15173113401247,0,-1,nan
S3_transport,F,7,2,1,0,NORMAL_LEARNING,eig,optimized,160.0,1.0,1.0,1.0,10,candidate_z,0.1706,0.853,56.15093338421467,0,-1,nan
S3_transport,F,7,2,1,0,NORMAL_LEARNING,eig,optimized,160.0,1.0,1.0,1.0,10,candidate_z,0.17256,0.8627999999999999,56.14995680985051,0,-1,nan
S3_transport,F,7,2,1,0,NORMAL_LEARNING,eig,optimized,160.0,1.0,1.0,1.0,10,candidate_z,0.17452,0.8726,56.14881901393352,0,-1,nan
S3_transport,F,7,2,1,0,NORMAL_LEARNING,eig,optimized,160.0,1.0,1.0,1.0,10,candidate_z,0.17648,0.8824,56.147536147897455,0,-1,nan
S3_transport,F,7,2,1,0,NORMAL_LEARNING,eig,optimized,160.0,1.0,1.0,1.0,10,candidate_z,0.17844,0.8921999999999999,56.1461237292681,0,-1,nan
S3_transport,F,7,2,1,0,NORMAL_LEARNING,eig,optimized,160.0,1.0,1.0,1.0,10,candidate_z,0.1804,0.902,56.14459586266317,0,-1,nan
S3_transport,F,7,2,1,0,NORMAL_LEARNING,eig,optimized,160.0,1.0,1.0,1.0,10,candidate_z,0.18236,0.9117999999999999,56.14296535026,0,-1,nan
S3_transport,F,7,2,1,0,NORMAL_LEARNING,eig,optimized,160.0,1.0,1.0,1.0,10,candidate_z,0.18431999999999998,0.9215999999999999,56.141245056699425,0,-1,nan
S3_transport,F,7,2,1,0,NORMAL_LEARNING,eig,optimized,160.0,1.0,1.0,1.0,10,candidate_z,0.18628,0.9314,56.13944605376798,0,-1,nan
S3_transport,F,7,2,1,0,NORMAL_LEARNING,eig,optimized,160.0,1.0,1.0,1.0,10,candidate_z,0.18824,0.9411999999999999,56.13757924195367,1,-1,nan
S3_transport,F,7,2,1,0,NORMAL_LEARNING,eig,optimized,160.0,1.0,1.0,1.0,10,candidate_z,0.1902,0.951,56.13565390622818,0,-1,nan
S3_transport,F,7,2,1,0,NORMAL_LEARNING,eig,optimized,160.0,1.0,1.0,1.0,10,candidate_z,0.19216,0.9608,56.13367964045474,0,-1,nan
S3_transport,F,7,2,1,0,NORMAL_LEARNING,eig,optimized,160.0,1.0,1.0,1.0,10,candidate_z,0.19412,0.9705999999999999,56.13166427571496,1,-1,nan
S3_transport,F,7,2,1,0,NORMAL_LEARNING,eig,optimized,160.0,1.0,1.0,1.0,10,candidate_z,0.19608,0.9803999999999999,56.12961584668001,0,-1,nan
S3_transport,F,7,2,1,0,NORMAL_LEARNING,eig,optimized,160.0,1.0,1.0,1.0,10,candidate_z,0.19804,0.9902,56.12754143398269,0,-1,nan
S3_transport,F,7,2,1,0,NORMAL_LEARNING,eig,optimized,160.0,1.0,1.0,1.0,10,candidate_z,0.2,1.0,56.125447545143885,1,-1,nan
S3_transport,F,7,2,1,0,NORMAL_LEARNING,eig,optimized,160.0,1.0,1.0,1.0,10,selected_z,0.16276,0.8137999999999999,nan,1,1,56.152855293195636
S3_transport,F,7,2,1,0,NORMAL_LEARNING,eig,optimized,160.0,1.0,1.0,1.0,10,selected_z,0.0334,0.16699999999999998,nan,1,2,43.81964994145384
S3_transport,F,7,2,1,0,NORMAL_LEARNING,eig,optimized,160.0,1.0,1.0,1.0,10,selected_z,0.2,1.0,nan,1,3,1.4363844328819493
S3_transport,F,7,2,1,0,NORMAL_LEARNING,eig,optimized,160.0,1.0,1.0,1.0,10,selected_z,0.00988,0.0494,nan,1,4,1.3972287669393628
S3_transport,F,7,2,1,0,NORMAL_LEARNING,eig,optimized,160.0,1.0,1.0,1.0,10,selected_z,0.039279999999999995,0.19639999999999996,nan,1,5,1.1793707329263876
S3_transport,F,7,2,1,0,NORMAL_LEARNING,eig,optimized,160.0,1.0,1.0,1.0,10,selected_z,0.19412,0.9705999999999999,nan,1,6,0.8131918864180809
S3_transport,F,7,2,1,0,NORMAL_LEARNING,eig,optimized,160.0,1.0,1.0,1.0,10,selected_z,0.02752,0.1376,nan,1,7,0.7402340951927187
S3_transport,F,7,2,1,0,NORMAL_LEARNING,eig,optimized,160.0,1.0,1.0,1.0,10,selected_z,0.08436,0.4218,nan,1,8,0.6069626129112375
S3_transport,F,7,2,1,0,NORMAL_LEARNING,eig,optimized,160.0,1.0,1.0,1.0,10,selected_z,0.18824,0.9411999999999999,nan,1,9,0.5100076254023698
S3_transport,F,7,2,1,0,NORMAL_LEARNING,eig,optimized,160.0,1.0,1.0,1.0,10,selected_z,0.045160000000000006,0.22580000000000003,nan,1,10,0.45188656784646675
S3_transport,F,7,2,1,0,NORMAL_LEARNING,eig,optimized,160.0,1.0,1.0,1.0,10,final_z,0.00792,0.039599999999999996,nan,1,-1,nan
S3_transport,F,7,2,1,0,NORMAL_LEARNING,eig,optimized,160.0,1.0,1.0,1.0,10,final_z,0.02752,0.1376,nan,1,-1,nan
S3_transport,F,7,2,1,0,NORMAL_LEARNING,eig,optimized,160.0,1.0,1.0,1.0,10,final_z,0.031832,0.15916,nan,1,-1,nan
S3_transport,F,7,2,1,0,NORMAL_LEARNING,eig,optimized,160.0,1.0,1.0,1.0,10,final_z,0.036143999999999996,0.18071999999999996,nan,1,-1,nan
S3_transport,F,7,2,1,0,NORMAL_LEARNING,eig,optimized,160.0,1.0,1.0,1.0,10,final_z,0.04124,0.2062,nan,1,-1,nan
S3_transport,F,7,2,1,0,NORMAL_LEARNING,eig,optimized,160.0,1.0,1.0,1.0,10,final_z,0.08044,0.40219999999999995,nan,1,-1,nan
S3_transport,F,7,2,1,0,NORMAL_LEARNING,eig,optimized,160.0,1.0,1.0,1.0,10,final_z,0.16667999999999997,0.8333999999999998,nan,1,-1,nan
S3_transport,F,7,2,1,0,NORMAL_LEARNING,eig,optimized,160.0,1.0,1.0,1.0,10,final_z,0.191376,0.95688,nan,1,-1,nan
S3_transport,F,7,2,1,0,NORMAL_LEARNING,eig,optimized,160.0,1.0,1.0,1.0,10,final_z,0.19568799999999997,0.9784399999999999,nan,1,-1,nan
S3_transport,F,7,2,1,0,NORMAL_LEARNING,eig,optimized,160.0,1.0,1.0,1.0,10,final_z,0.2,1.0,nan,1,-1,nan
S3_transport,F,7,2,2,1,NORMAL_LEARNING,eig,optimized,160.0,0.5,1.0,1.0,10,candidate_z,0.004,0.02,39.84547226538245,1,-1,nan
S3_transport,F,7,2,2,1,NORMAL_LEARNING,eig,optimized,160.0,0.5,1.0,1.0,10,candidate_z,0.00596,0.0298,42.40484082744702,0,-1,nan
S3_transport,F,7,2,2,1,NORMAL_LEARNING,eig,optimized,160.0,0.5,1.0,1.0,10,candidate_z,0.00792,0.039599999999999996,44.52808760562637,0,-1,nan
S3_transport,F,7,2,2,1,NORMAL_LEARNING,eig,optimized,160.0,0.5,1.0,1.0,10,candidate_z,0.00988,0.0494,45.98105669809804,1,-1,nan
S3_transport,F,7,2,2,1,NORMAL_LEARNING,eig,optimized,160.0,0.5,1.0,1.0,10,candidate_z,0.01184,0.059199999999999996,47.02082623226009,0,-1,nan
S3_transport,F,7,2,2,1,NORMAL_LEARNING,eig,optimized,160.0,0.5,1.0,1.0,10,candidate_z,0.0138,0.06899999999999999,48.34158834362914,0,-1,nan
S3_transport,F,7,2,2,1,NORMAL_LEARNING,eig,optimized,160.0,0.5,1.0,1.0,10,candidate_z,0.01576,0.0788,49.53862227121726,1,-1,nan
S3_transport,F,7,2,2,1,NORMAL_LEARNING,eig,optimized,160.0,0.5,1.0,1.0,10,candidate_z,0.01772,0.0886,50.52332110544542,0,-1,nan
S3_transport,F,7,2,2,1,NORMAL_LEARNING,eig,optimized,160.0,0.5,1.0,1.0,10,candidate_z,0.01968,0.09839999999999999,51.3450671884804,0,-1,nan
S3_transport,F,7,2,2,1,NORMAL_LEARNING,eig,optimized,160.0,0.5,1.0,1.0,10,candidate_z,0.02164,0.10819999999999999,52.03782274431471,1,-1,nan
S3_transport,F,7,2,2,1,NORMAL_LEARNING,eig,optimized,160.0,0.5,1.0,1.0,10,candidate_z,0.0236,0.118,52.62645162795042,0,-1,nan
S3_transport,F,7,2,2,1,NORMAL_LEARNING,eig,optimized,160.0,0.5,1.0,1.0,10,candidate_z,0.02556,0.1278,53.12936145028533,0,-1,nan
S3_transport,F,7,2,2,1,NORMAL_LEARNING,eig,optimized,160.0,0.5,1.0,1.0,10,candidate_z,0.02752,0.1376,53.56085092500942,0,-1,nan
S3_transport,F,7,2,2,1,NORMAL_LEARNING,eig,optimized,160.0,0.5,1.0,1.0,10,candidate_z,0.02948,0.14739999999999998,53.93212059309854,0,-1,nan
S3_transport,F,7,2,2,1,NORMAL_LEARNING,eig,optimized,160.0,0.5,1.0,1.0,10,candidate_z,0.031439999999999996,0.15719999999999998,54.2523295288003,0,-1,nan
S3_transport,F,7,2,2,1,NORMAL_LEARNING,eig,optimized,160.0,0.5,1.0,1.0,10,candidate_z,0.0334,0.16699999999999998,54.52882593975971,0,-1,nan
S3_transport,F,7,2,2,1,NORMAL_LEARNING,eig,optimized,160.0,0.5,1.0,1.0,10,candidate_z,0.03536,0.1768,54.76782298504779,1,-1,nan
S3_transport,F,7,2,2,1,NORMAL_LEARNING,eig,optimized,160.0,0.5,1.0,1.0,10,candidate_z,0.037320000000000006,0.18660000000000002,54.974468593212286,0,-1,nan
S3_transport,F,7,2,2,1,NORMAL_LEARNING,eig,optimized,160.0,0.5,1.0,1.0,10,candidate_z,0.039279999999999995,0.19639999999999996,55.153148351537055,0,-1,nan
S3_transport,F,7,2,2,1,NORMAL_LEARNING,eig,optimized,160.0,0.5,1.0,1.0,10,candidate_z,0.04124,0.2062,55.30754191421936,1,-1,nan
S3_transport,F,7,2,2,1,NORMAL_LEARNING,eig,optimized,160.0,0.5,1.0,1.0,10,candidate_z,0.0432,0.216,55.44084293242077,0,-1,nan
S3_transport,F,7,2,2,1,NORMAL_LEARNING,eig,optimized,160.0,0.5,1.0,1.0,10,candidate_z,0.045160000000000006,0.22580000000000003,55.555766988307845,0,-1,nan
S3_transport,F,7,2,2,1,NORMAL_LEARNING,eig,optimized,160.0,0.5,1.0,1.0,10,candidate_z,0.047119999999999995,0.23559999999999998,55.654697794204814,0,-1,nan
S3_transport,F,7,2,2,1,NORMAL_LEARNING,eig,optimized,160.0,0.5,1.0,1.0,10,candidate_z,0.04908,0.24539999999999998,55.73965003430227,0,-1,nan
S3_transport,F,7,2,2,1,NORMAL_LEARNING,eig,optimized,160.0,0.5,1.0,1.0,10,candidate_z,0.05104,0.2552,55.81239802845644,0,-1,nan
S3_transport,F,7,2,2,1,NORMAL_LEARNING,eig,optimized,160.0,0.5,1.0,1.0,10,candidate_z,0.053000000000000005,0.265,55.87451176112415,0,-1,nan
S3_transport,F,7,2,2,1,NORMAL_LEARNING,eig,optimized,160.0,0.5,1.0,1.0,10,candidate_z,0.054959999999999995,0.27479999999999993,55.92732449472156,0,-1,nan
S3_transport,F,7,2,2,1,NORMAL_LEARNING,eig,optimized,160.0,0.5,1.0,1.0,10,candidate_z,0.05692,0.28459999999999996,55.972018521933876,0,-1,nan
S3_transport,F,7,2,2,1,NORMAL_LEARNING,eig,optimized,160.0,0.5,1.0,1.0,10,candidate_z,0.05888,0.2944,56.00963985932765,0,-1,nan
S3_transport,F,7,2,2,1,NORMAL_LEARNING,eig,optimized,160.0,0.5,1.0,1.0,10,candidate_z,0.060840000000000005,0.3042,56.041095902525214,0,-1,nan
S3_transport,F,7,2,2,1,NORMAL_LEARNING,eig,optimized,160.0,0.5,1.0,1.0,10,candidate_z,0.0628,0.31399999999999995,56.067182997686466,0,-1,nan
S3_transport,F,7,2,2,1,NORMAL_LEARNING,eig,optimized,160.0,0.5,1.0,1.0,10,candidate_z,0.06476,0.3238,56.0886042041033,0,-1,nan
S3_transport,F,7,2,2,1,NORMAL_LEARNING,eig,optimized,160.0,0.5,1.0,1.0,10,candidate_z,0.06672,0.3336,56.10598148514588,0,-1,nan
S3_transport,F,7,2,2,1,NORMAL_LEARNING,eig,optimized,160.0,0.5,1.0,1.0,10,candidate_z,0.06868,0.3434,56.11985564864585,0,-1,nan
S3_transport,F,7,2,2,1,NORMAL_LEARNING,eig,optimized,160.0,0.5,1.0,1.0,10,candidate_z,0.07064000000000001,0.3532,56.13070678891738,0,-1,nan
S3_transport,F,7,2,2,1,NORMAL_LEARNING,eig,optimized,160.0,0.5,1.0,1.0,10,candidate_z,0.0726,0.363,56.13895595447962,0,-1,nan
S3_transport,F,7,2,2,1,NORMAL_LEARNING,eig,optimized,160.0,0.5,1.0,1.0,10,candidate_z,0.07456,0.37279999999999996,56.14497296833818,0,-1,nan
S3_transport,F,7,2,2,1,NORMAL_LEARNING,eig,optimized,160.0,0.5,1.0,1.0,10,candidate_z,0.07652,0.3826,56.149083657673856,0,-1,nan
S3_transport,F,7,2,2,1,NORMAL_LEARNING,eig,optimized,160.0,0.5,1.0,1.0,10,candidate_z,0.07848,0.39239999999999997,56.151573538024955,0,-1,nan
S3_transport,F,7,2,2,1,NORMAL_LEARNING,eig,optimized,160.0,0.5,1.0,1.0,10,candidate_z,0.08044,0.40219999999999995,56.152693679046806,1,-1,nan
S3_transport,F,7,2,2,1,NORMAL_LEARNING,eig,optimized,160.0,0.5,1.0,1.0,10,candidate_z,0.0824,0.412,56.15266320564125,0,-1,nan
S3_transport,F,7,2,2,1,NORMAL_LEARNING,eig,optimized,160.0,0.5,1.0,1.0,10,candidate_z,0.08436,0.4218,56.15167379979969,0,-1,nan
S3_transport,F,7,2,2,1,NORMAL_LEARNING,eig,optimized,160.0,0.5,1.0,1.0,10,candidate_z,0.08632000000000001,0.43160000000000004,56.14989321389441,0,-1,nan
S3_transport,F,7,2,2,1,NORMAL_LEARNING,eig,optimized,160.0,0.5,1.0,1.0,10,candidate_z,0.08828,0.44139999999999996,56.1474668636063,0,-1,nan
S3_transport,F,7,2,2,1,NORMAL_LEARNING,eig,optimized,160.0,0.5,1.0,1.0,10,candidate_z,0.09024,0.4512,56.14452185590489,0,-1,nan
S3_transport,F,7,2,2,1,NORMAL_LEARNING,eig,optimized,160.0,0.5,1.0,1.0,10,candidate_z,0.0922,0.461,56.141167623974944,0,-1,nan
S3_transport,F,7,2,2,1,NORMAL_LEARNING,eig,optimized,160.0,0.5,1.0,1.0,10,candidate_z,0.09416,0.47079999999999994,56.13749889726174,0,-1,nan
S3_transport,F,7,2,2,1,NORMAL_LEARNING,eig,optimized,160.0,0.5,1.0,1.0,10,candidate_z,0.09612,0.48059999999999997,56.13359677082261,0,-1,nan
S3_transport,F,7,2,2,1,NORMAL_LEARNING,eig,optimized,160.0,0.5,1.0,1.0,10,candidate_z,0.09808,0.4904,56.129531331632734,0,-1,nan
S3_transport,F,7,2,2,1,NORMAL_LEARNING,eig,optimized,160.0,0.5,1.0,1.0,10,candidate_z,0.10004,0.5002,56.12536186574118,0,-1,nan
S3_transport,F,7,2,2,1,NORMAL_LEARNING,eig,optimized,160.0,0.5,1.0,1.0,10,candidate_z,0.10200000000000001,0.51,56.12113867774031,0,-1,nan
S3_transport,F,7,2,2,1,NORMAL_LEARNING,eig,optimized,160.0,0.5,1.0,1.0,10,candidate_z,0.10396,0.5197999999999999,56.11690570717152,0,-1,nan
S3_transport,F,7,2,2,1,NORMAL_LEARNING,eig,optimized,160.0,0.5,1.0,1.0,10,candidate_z,0.10592,0.5296,56.11269790393508,0,-1,nan
S3_transport,F,7,2,2,1,NORMAL_LEARNING,eig,optimized,160.0,0.5,1.0,1.0,10,candidate_z,0.10788,0.5394,56.10854422706306,0,-1,nan
S3_transport,F,7,2,2,1,NORMAL_LEARNING,eig,optimized,160.0,0.5,1.0,1.0,10,candidate_z,0.10984,0.5491999999999999,56.10446837522136,0,-1,nan
S3_transport,F,7,2,2,1,NORMAL_LEARNING,eig,optimized,160.0,0.5,1.0,1.0,10,candidate_z,0.1118,0.5589999999999999,56.100489456747006,0,-1,nan
S3_transport,F,7,2,2,1,NORMAL_LEARNING,eig,optimized,160.0,0.5,1.0,1.0,10,candidate_z,0.11376,0.5688,56.096622902172356,0,-1,nan
S3_transport,F,7,2,2,1,NORMAL_LEARNING,eig,optimized,160.0,0.5,1.0,1.0,10,candidate_z,0.11572,0.5786,56.092880342240576,0,-1,nan
S3_transport,F,7,2,2,1,NORMAL_LEARNING,eig,optimized,160.0,0.5,1.0,1.0,10,candidate_z,0.11768,0.5884,56.08927044811967,0,-1,nan
S3_transport,F,7,2,2,1,NORMAL_LEARNING,eig,optimized,160.0,0.5,1.0,1.0,10,candidate_z,0.11964,0.5982,56.08579971700462,0,-1,nan
S3_transport,F,7,2,2,1,NORMAL_LEARNING,eig,optimized,160.0,0.5,1.0,1.0,10,candidate_z,0.1216,0.608,56.082472103172165,0,-1,nan
S3_transport,F,7,2,2,1,NORMAL_LEARNING,eig,optimized,160.0,0.5,1.0,1.0,10,candidate_z,0.12356,0.6178,56.079289932530784,0,-1,nan
S3_transport,F,7,2,2,1,NORMAL_LEARNING,eig,optimized,160.0,0.5,1.0,1.0,10,candidate_z,0.12552,0.6275999999999999,56.07625399285679,0,-1,nan
S3_transport,F,7,2,2,1,NORMAL_LEARNING,eig,optimized,160.0,0.5,1.0,1.0,10,candidate_z,0.12747999999999998,0.6373999999999999,56.0733635399336,0,-1,nan
S3_transport,F,7,2,2,1,NORMAL_LEARNING,eig,optimized,160.0,0.5,1.0,1.0,10,candidate_z,0.12944,0.6472,56.070617231870536,0,-1,nan
S3_transport,F,7,2,2,1,NORMAL_LEARNING,eig,optimized,160.0,0.5,1.0,1.0,10,candidate_z,0.1314,0.6569999999999999,56.068012387767155,0,-1,nan
S3_transport,F,7,2,2,1,NORMAL_LEARNING,eig,optimized,160.0,0.5,1.0,1.0,10,candidate_z,0.13336,0.6668,56.065545827827755,0,-1,nan
S3_transport,F,7,2,2,1,NORMAL_LEARNING,eig,optimized,160.0,0.5,1.0,1.0,10,candidate_z,0.13532,0.6766,56.0632138231139,0,-1,nan
S3_transport,F,7,2,2,1,NORMAL_LEARNING,eig,optimized,160.0,0.5,1.0,1.0,10,candidate_z,0.13728,0.6864,56.06101200804865,0,-1,nan
S3_transport,F,7,2,2,1,NORMAL_LEARNING,eig,optimized,160.0,0.5,1.0,1.0,10,candidate_z,0.13924,0.6961999999999999,56.0589360855936,0,-1,nan
S3_transport,F,7,2,2,1,NORMAL_LEARNING,eig,optimized,160.0,0.5,1.0,1.0,10,candidate_z,0.1412,0.706,56.056981078571475,0,-1,nan
S3_transport,F,7,2,2,1,NORMAL_LEARNING,eig,optimized,160.0,0.5,1.0,1.0,10,candidate_z,0.14316,0.7158,56.05514211007484,0,-1,nan
S3_transport,F,7,2,2,1,NORMAL_LEARNING,eig,optimized,160.0,0.5,1.0,1.0,10,candidate_z,0.14512,0.7255999999999999,56.05341419762988,0,-1,nan
S3_transport,F,7,2,2,1,NORMAL_LEARNING,eig,optimized,160.0,0.5,1.0,1.0,10,candidate_z,0.14708,0.7353999999999999,56.05179216273614,0,-1,nan
S3_transport,F,7,2,2,1,NORMAL_LEARNING,eig,optimized,160.0,0.5,1.0,1.0,10,candidate_z,0.14904,0.7452,56.050271077883686,0,-1,nan
S3_transport,F,7,2,2,1,NORMAL_LEARNING,eig,optimized,160.0,0.5,1.0,1.0,10,candidate_z,0.151,0.7549999999999999,56.048845800279565,0,-1,nan
S3_transport,F,7,2,2,1,NORMAL_LEARNING,eig,optimized,160.0,0.5,1.0,1.0,10,candidate_z,0.15295999999999998,0.7647999999999999,56.04751163352924,0,-1,nan
S3_transport,F,7,2,2,1,NORMAL_LEARNING,eig,optimized,160.0,0.5,1.0,1.0,10,candidate_z,0.15492,0.7746,56.046263486296354,0,-1,nan
S3_transport,F,7,2,2,1,NORMAL_LEARNING,eig,optimized,160.0,0.5,1.0,1.0,10,candidate_z,0.15688,0.7843999999999999,56.04509675225936,0,-1,nan
S3_transport,F,7,2,2,1,NORMAL_LEARNING,eig,optimized,160.0,0.5,1.0,1.0,10,candidate_z,0.15884,0.7942,56.044007023569854,0,-1,nan
S3_transport,F,7,2,2,1,NORMAL_LEARNING,eig,optimized,160.0,0.5,1.0,1.0,10,candidate_z,0.1608,0.8039999999999999,56.042989834949594,0,-1,nan
S3_transport,F,7,2,2,1,NORMAL_LEARNING,eig,optimized,160.0,0.5,1.0,1.0,10,candidate_z,0.16276,0.8137999999999999,56.042040894040625,0,-1,nan
S3_transport,F,7,2,2,1,NORMAL_LEARNING,eig,optimized,160.0,0.5,1.0,1.0,10,candidate_z,0.16472,0.8236,56.04115615758715,0,-1,nan
S3_transport,F,7,2,2,1,NORMAL_LEARNING,eig,optimized,160.0,0.5,1.0,1.0,10,candidate_z,0.16668,0.8333999999999999,56.04033182739162,0,-1,nan
S3_transport,F,7,2,2,1,NORMAL_LEARNING,eig,optimized,160.0,0.5,1.0,1.0,10,candidate_z,0.16864,0.8432000000000001,56.039564257784704,0,-1,nan
S3_transport,F,7,2,2,1,NORMAL_LEARNING,eig,optimized,160.0,0.5,1.0,1.0,10,candidate_z,0.1706,0.853,56.038849741097664,0,-1,nan
S3_transport,F,7,2,2,1,NORMAL_LEARNING,eig,optimized,160.0,0.5,1.0,1.0,10,candidate_z,0.17256,0.8627999999999999,56.03818514252594,0,-1,nan
S3_transport,F,7,2,2,1,NORMAL_LEARNING,eig,optimized,160.0,0.5,1.0,1.0,10,candidate_z,0.17452,0.8726,56.03756704339624,0,-1,nan
S3_transport,F,7,2,2,1,NORMAL_LEARNING,eig,optimized,160.0,0.5,1.0,1.0,10,candidate_z,0.17648,0.8824,56.03699261588014,0,-1,nan
S3_transport,F,7,2,2,1,NORMAL_LEARNING,eig,optimized,160.0,0.5,1.0,1.0,10,candidate_z,0.17844,0.8921999999999999,56.036459008062614,0,-1,nan
S3_transport,F,7,2,2,1,NORMAL_LEARNING,eig,optimized,160.0,0.5,1.0,1.0,10,candidate_z,0.1804,0.902,56.03596344787701,0,-1,nan
S3_transport,F,7,2,2,1,NORMAL_LEARNING,eig,optimized,160.0,0.5,1.0,1.0,10,candidate_z,0.18236,0.9117999999999999,56.03550346664952,0,-1,nan
S3_transport,F,7,2,2,1,NORMAL_LEARNING,eig,optimized,160.0,0.5,1.0,1.0,10,candidate_z,0.18431999999999998,0.9215999999999999,56.03507648133988,0,-1,nan
S3_transport,F,7,2,2,1,NORMAL_LEARNING,eig,optimized,160.0,0.5,1.0,1.0,10,candidate_z,0.18628,0.9314,56.034680840807,0,-1,nan
S3_transport,F,7,2,2,1,NORMAL_LEARNING,eig,optimized,160.0,0.5,1.0,1.0,10,candidate_z,0.18824,0.9411999999999999,56.03431369538123,1,-1,nan
S3_transport,F,7,2,2,1,NORMAL_LEARNING,eig,optimized,160.0,0.5,1.0,1.0,10,candidate_z,0.1902,0.951,56.03397319909225,0,-1,nan
S3_transport,F,7,2,2,1,NORMAL_LEARNING,eig,optimized,160.0,0.5,1.0,1.0,10,candidate_z,0.19216,0.9608,56.03365783664453,0,-1,nan
S3_transport,F,7,2,2,1,NORMAL_LEARNING,eig,optimized,160.0,0.5,1.0,1.0,10,candidate_z,0.19412,0.9705999999999999,56.033366032168,1,-1,nan
S3_transport,F,7,2,2,1,NORMAL_LEARNING,eig,optimized,160.0,0.5,1.0,1.0,10,candidate_z,0.19608,0.9803999999999999,56.03309570058047,0,-1,nan
S3_transport,F,7,2,2,1,NORMAL_LEARNING,eig,optimized,160.0,0.5,1.0,1.0,10,candidate_z,0.19804,0.9902,56.032845045505766,0,-1,nan
S3_transport,F,7,2,2,1,NORMAL_LEARNING,eig,optimized,160.0,0.5,1.0,1.0,10,candidate_z,0.2,1.0,56.03261337695357,1,-1,nan
S3_transport,F,7,2,2,1,NORMAL_LEARNING,eig,optimized,160.0,0.5,1.0,1.0,10,selected_z,0.08044,0.40219999999999995,nan,1,1,56.152693679046806
S3_transport,F,7,2,2,1,NORMAL_LEARNING,eig,optimized,160.0,0.5,1.0,1.0,10,selected_z,0.01576,0.0788,nan,1,2,43.80603253770254
S3_transport,F,7,2,2,1,NORMAL_LEARNING,eig,optimized,160.0,0.5,1.0,1.0,10,selected_z,0.2,1.0,nan,1,3,1.4964482273123796
S3_transport,F,7,2,2,1,NORMAL_LEARNING,eig,optimized,160.0,0.5,1.0,1.0,10,selected_z,0.004,0.02,nan,1,4,1.3608139001503048
S3_transport,F,7,2,2,1,NORMAL_LEARNING,eig,optimized,160.0,0.5,1.0,1.0,10,selected_z,0.02164,0.10819999999999999,nan,1,5,1.1944025783383463
S3_transport,F,7,2,2,1,NORMAL_LEARNING,eig,optimized,160.0,0.5,1.0,1.0,10,selected_z,0.19412,0.9705999999999999,nan,1,6,0.8240180538346786
S3_transport,F,7,2,2,1,NORMAL_LEARNING,eig,optimized,160.0,0.5,1.0,1.0,10,selected_z,0.03536,0.1768,nan,1,7,0.6937323086005716
S3_transport,F,7,2,2,1,NORMAL_LEARNING,eig,optimized,160.0,0.5,1.0,1.0,10,selected_z,0.18824,0.9411999999999999,nan,1,8,0.5567289996252018
S3_transport,F,7,2,2,1,NORMAL_LEARNING,eig,optimized,160.0,0.5,1.0,1.0,10,selected_z,0.00988,0.0494,nan,1,9,0.531246366134444
S3_transport,F,7,2,2,1,NORMAL_LEARNING,eig,optimized,160.0,0.5,1.0,1.0,10,selected_z,0.04124,0.2062,nan,1,10,0.43716386572712285
S3_transport,F,7,2,2,1,NORMAL_LEARNING,eig,optimized,160.0,0.5,1.0,1.0,10,final_z,0.004,0.02,nan,1,-1,nan
S3_transport,F,7,2,2,1,NORMAL_LEARNING,eig,optimized,160.0,0.5,1.0,1.0,10,final_z,0.011448,0.05724,nan,1,-1,nan
S3_transport,F,7,2,2,1,NORMAL_LEARNING,eig,optimized,160.0,0.5,1.0,1.0,10,final_z,0.01576,0.0788,nan,1,-1,nan
S3_transport,F,7,2,2,1,NORMAL_LEARNING,eig,optimized,160.0,0.5,1.0,1.0,10,final_z,0.020072,0.10035999999999999,nan,1,-1,nan
S3_transport,F,7,2,2,1,NORMAL_LEARNING,eig,optimized,160.0,0.5,1.0,1.0,10,final_z,0.03536,0.1768,nan,1,-1,nan
S3_transport,F,7,2,2,1,NORMAL_LEARNING,eig,optimized,160.0,0.5,1.0,1.0,10,final_z,0.04124,0.2062,nan,1,-1,nan
S3_transport,F,7,2,2,1,NORMAL_LEARNING,eig,optimized,160.0,0.5,1.0,1.0,10,final_z,0.08436,0.4218,nan,1,-1,nan
S3_transport,F,7,2,2,1,NORMAL_LEARNING,eig,optimized,160.0,0.5,1.0,1.0,10,final_z,0.191376,0.95688,nan,1,-1,nan
S3_transport,F,7,2,2,1,NORMAL_LEARNING,eig,optimized,160.0,0.5,1.0,1.0,10,final_z,0.19568799999999997,0.9784399999999999,nan,1,-1,nan
S3_transport,F,7,2,2,1,NORMAL_LEARNING,eig,optimized,160.0,0.5,1.0,1.0,10,final_z,0.2,1.0,nan,1,-1,nan
S3_transport,F,7,2,3,0,NORMAL_LEARNING,eig,optimized,150.0,0.5,1.0,1.0,10,candidate_z,0.004,0.02,37.72613887153147,0,-1,nan
S3_transport,F,7,2,3,0,NORMAL_LEARNING,eig,optimized,150.0,0.5,1.0,1.0,10,candidate_z,0.00596,0.0298,39.694526039560635,0,-1,nan
S3_transport,F,7,2,3,0,NORMAL_LEARNING,eig,optimized,150.0,0.5,1.0,1.0,10,candidate_z,0.00792,0.039599999999999996,41.594649979184865,1,-1,nan
S3_transport,F,7,2,3,0,NORMAL_LEARNING,eig,optimized,150.0,0.5,1.0,1.0,10,candidate_z,0.00988,0.0494,43.32539920561249,0,-1,nan
S3_transport,F,7,2,3,0,NORMAL_LEARNING,eig,optimized,150.0,0.5,1.0,1.0,10,candidate_z,0.01184,0.059199999999999996,44.62875255851018,0,-1,nan
S3_transport,F,7,2,3,0,NORMAL_LEARNING,eig,optimized,150.0,0.5,1.0,1.0,10,candidate_z,0.0138,0.06899999999999999,45.63961018287898,0,-1,nan
S3_transport,F,7,2,3,0,NORMAL_LEARNING,eig,optimized,150.0,0.5,1.0,1.0,10,candidate_z,0.01576,0.0788,46.440112763048376,0,-1,nan
S3_transport,F,7,2,3,0,NORMAL_LEARNING,eig,optimized,150.0,0.5,1.0,1.0,10,candidate_z,0.01772,0.0886,47.240980102874886,1,-1,nan
S3_transport,F,7,2,3,0,NORMAL_LEARNING,eig,optimized,150.0,0.5,1.0,1.0,10,candidate_z,0.01968,0.09839999999999999,48.254539969571184,0,-1,nan
S3_transport,F,7,2,3,0,NORMAL_LEARNING,eig,optimized,150.0,0.5,1.0,1.0,10,candidate_z,0.02164,0.10819999999999999,49.128072071392765,0,-1,nan
S3_transport,F,7,2,3,0,NORMAL_LEARNING,eig,optimized,150.0,0.5,1.0,1.0,10,candidate_z,0.0236,0.118,49.888360915556405,1,-1,nan
S3_transport,F,7,2,3,0,NORMAL_LEARNING,eig,optimized,150.0,0.5,1.0,1.0,10,candidate_z,0.02556,0.1278,50.555108939440274,0,-1,nan
S3_transport,F,7,2,3,0,NORMAL_LEARNING,eig,optimized,150.0,0.5,1.0,1.0,10,candidate_z,0.02752,0.1376,51.14368425572321,0,-1,nan
S3_transport,F,7,2,3,0,NORMAL_LEARNING,eig,optimized,150.0,0.5,1.0,1.0,10,candidate_z,0.02948,0.14739999999999998,51.66603235791115,1,-1,nan
S3_transport,F,7,2,3,0,NORMAL_LEARNING,eig,optimized,150.0,0.5,1.0,1.0,10,candidate_z,0.031439999999999996,0.15719999999999998,52.13149553646065,0,-1,nan
S3_transport,F,7,2,3,0,NORMAL_LEARNING,eig,optimized,150.0,0.5,1.0,1.0,10,candidate_z,0.0334,0.16699999999999998,52.54788814318791,0,-1,nan
S3_transport,F,7,2,3,0,NORMAL_LEARNING,eig,optimized,150.0,0.5,1.0,1.0,10,candidate_z,0.03536,0.1768,52.9211117480718,1,-1,nan
S3_transport,F,7,2,3,0,NORMAL_LEARNING,eig,optimized,150.0,0.5,1.0,1.0,10,candidate_z,0.037320000000000006,0.18660000000000002,53.25668978875084,0,-1,nan
S3_transport,F,7,2,3,0,NORMAL_LEARNING,eig,optimized,150.0,0.5,1.0,1.0,10,candidate_z,0.039279999999999995,0.19639999999999996,53.55885309921051,0,-1,nan
S3_transport,F,7,2,3,0,NORMAL_LEARNING,eig,optimized,150.0,0.5,1.0,1.0,10,candidate_z,0.04124,0.2062,53.8313422575392,0,-1,nan
S3_transport,F,7,2,3,0,NORMAL_LEARNING,eig,optimized,150.0,0.5,1.0,1.0,10,candidate_z,0.0432,0.216,54.07737060008741,0,-1,nan
S3_transport,F,7,2,3,0,NORMAL_LEARNING,eig,optimized,150.0,0.5,1.0,1.0,10,candidate_z,0.045160000000000006,0.22580000000000003,54.2997341197035,0,-1,nan
S3_transport,F,7,2,3,0,NORMAL_LEARNING,eig,optimized,150.0,0.5,1.0,1.0,10,candidate_z,0.047119999999999995,0.23559999999999998,54.50086460583735,0,-1,nan
S3_transport,F,7,2,3,0,NORMAL_LEARNING,eig,optimized,150.0,0.5,1.0,1.0,10,candidate_z,0.04908,0.24539999999999998,54.682900896259916,0,-1,nan
S3_transport,F,7,2,3,0,NORMAL_LEARNING,eig,optimized,150.0,0.5,1.0,1.0,10,candidate_z,0.05104,0.2552,54.84768656718372,0,-1,nan
S3_transport,F,7,2,3,0,NORMAL_LEARNING,eig,optimized,150.0,0.5,1.0,1.0,10,candidate_z,0.053000000000000005,0.265,54.99690353484007,0,-1,nan
S3_transport,F,7,2,3,0,NORMAL_LEARNING,eig,optimized,150.0,0.5,1.0,1.0,10,candidate_z,0.054959999999999995,0.27479999999999993,55.132022747899626,0,-1,nan
S3_transport,F,7,2,3,0,NORMAL_LEARNING,eig,optimized,150.0,0.5,1.0,1.0,10,candidate_z,0.05692,0.28459999999999996,55.254415487109114,0,-1,nan
S3_transport,F,7,2,3,0,NORMAL_LEARNING,eig,optimized,150.0,0.5,1.0,1.0,10,candidate_z,0.05888,0.2944,55.36522564170991,0,-1,nan
S3_transport,F,7,2,3,0,NORMAL_LEARNING,eig,optimized,150.0,0.5,1.0,1.0,10,candidate_z,0.060840000000000005,0.3042,55.46554707411794,0,-1,nan
S3_transport,F,7,2,3,0,NORMAL_LEARNING,eig,optimized,150.0,0.5,1.0,1.0,10,candidate_z,0.0628,0.31399999999999995,55.55632147049224,0,-1,nan
S3_transport,F,7,2,3,0,NORMAL_LEARNING,eig,optimized,150.0,0.5,1.0,1.0,10,candidate_z,0.06476,0.3238,55.638426623362655,0,-1,nan
S3_transport,F,7,2,3,0,NORMAL_LEARNING,eig,optimized,150.0,0.5,1.0,1.0,10,candidate_z,0.06672,0.3336,55.71263761326806,1,-1,nan
S3_transport,F,7,2,3,0,NORMAL_LEARNING,eig,optimized,150.0,0.5,1.0,1.0,10,candidate_z,0.06868,0.3434,55.77966553763217,0,-1,nan
S3_transport,F,7,2,3,0,NORMAL_LEARNING,eig,optimized,150.0,0.5,1.0,1.0,10,candidate_z,0.07064000000000001,0.3532,55.84015967758316,0,-1,nan
S3_transport,F,7,2,3,0,NORMAL_LEARNING,eig,optimized,150.0,0.5,1.0,1.0,10,candidate_z,0.0726,0.363,55.89468992616622,0,-1,nan
S3_transport,F,7,2,3,0,NORMAL_LEARNING,eig,optimized,150.0,0.5,1.0,1.0,10,candidate_z,0.07456,0.37279999999999996,55.94378986287113,0,-1,nan
S3_transport,F,7,2,3,0,NORMAL_LEARNING,eig,optimized,150.0,0.5,1.0,1.0,10,candidate_z,0.07652,0.3826,55.98795906588559,0,-1,nan
S3_transport,F,7,2,3,0,NORMAL_LEARNING,eig,optimized,150.0,0.5,1.0,1.0,10,candidate_z,0.07848,0.39239999999999997,56.02761111577461,0,-1,nan
S3_transport,F,7,2,3,0,NORMAL_LEARNING,eig,optimized,150.0,0.5,1.0,1.0,10,candidate_z,0.08044,0.40219999999999995,56.063166435306094,0,-1,nan
S3_transport,F,7,2,3,0,NORMAL_LEARNING,eig,optimized,150.0,0.5,1.0,1.0,10,candidate_z,0.0824,0.412,56.09497910345593,0,-1,nan
S3_transport,F,7,2,3,0,NORMAL_LEARNING,eig,optimized,150.0,0.5,1.0,1.0,10,candidate_z,0.08436,0.4218,56.12339063817059,0,-1,nan
S3_transport,F,7,2,3,0,NORMAL_LEARNING,eig,optimized,150.0,0.5,1.0,1.0,10,candidate_z,0.08632000000000001,0.43160000000000004,56.148703265621876,0,-1,nan
S3_transport,F,7,2,3,0,NORMAL_LEARNING,eig,optimized,150.0,0.5,1.0,1.0,10,candidate_z,0.08828,0.44139999999999996,56.171195932449294,0,-1,nan
S3_transport,F,7,2,3,0,NORMAL_LEARNING,eig,optimized,150.0,0.5,1.0,1.0,10,candidate_z,0.09024,0.4512,56.19112354614853,0,-1,nan
S3_transport,F,7,2,3,0,NORMAL_LEARNING,eig,optimized,150.0,0.5,1.0,1.0,10,candidate_z,0.0922,0.461,56.20871709943551,0,-1,nan
S3_transport,F,7,2,3,0,NORMAL_LEARNING,eig,optimized,150.0,0.5,1.0,1.0,10,candidate_z,0.09416,0.47079999999999994,56.22419422353355,0,-1,nan
S3_transport,F,7,2,3,0,NORMAL_LEARNING,eig,optimized,150.0,0.5,1.0,1.0,10,candidate_z,0.09612,0.48059999999999997,56.23774830649488,0,-1,nan
S3_transport,F,7,2,3,0,NORMAL_LEARNING,eig,optimized,150.0,0.5,1.0,1.0,10,candidate_z,0.09808,0.4904,56.249556821747035,0,-1,nan
S3_transport,F,7,2,3,0,NORMAL_LEARNING,eig,optimized,150.0,0.5,1.0,1.0,10,candidate_z,0.10004,0.5002,56.25978543960252,0,-1,nan
S3_transport,F,7,2,3,0,NORMAL_LEARNING,eig,optimized,150.0,0.5,1.0,1.0,10,candidate_z,0.10200000000000001,0.51,56.26858286271672,0,-1,nan
S3_transport,F,7,2,3,0,NORMAL_LEARNING,eig,optimized,150.0,0.5,1.0,1.0,10,candidate_z,0.10396,0.5197999999999999,56.276066545494594,0,-1,nan
S3_transport,F,7,2,3,0,NORMAL_LEARNING,eig,optimized,150.0,0.5,1.0,1.0,10,candidate_z,0.10592,0.5296,56.28238600977033,0,-1,nan
S3_transport,F,7,2,3,0,NORMAL_LEARNING,eig,optimized,150.0,0.5,1.0,1.0,10,candidate_z,0.10788,0.5394,56.28765629966032,0,-1,nan
S3_transport,F,7,2,3,0,NORMAL_LEARNING,eig,optimized,150.0,0.5,1.0,1.0,10,candidate_z,0.10984,0.5491999999999999,56.29198177297735,0,-1,nan
S3_transport,F,7,2,3,0,NORMAL_LEARNING,eig,optimized,150.0,0.5,1.0,1.0,10,candidate_z,0.1118,0.5589999999999999,56.295457692586076,0,-1,nan
S3_transport,F,7,2,3,0,NORMAL_LEARNING,eig,optimized,150.0,0.5,1.0,1.0,10,candidate_z,0.11376,0.5688,56.298172162032586,0,-1,nan
S3_transport,F,7,2,3,0,NORMAL_LEARNING,eig,optimized,150.0,0.5,1.0,1.0,10,candidate_z,0.11572,0.5786,56.30020547773232,0,-1,nan
S3_transport,F,7,2,3,0,NORMAL_LEARNING,eig,optimized,150.0,0.5,1.0,1.0,10,candidate_z,0.11768,0.5884,56.30162990048891,0,-1,nan
S3_transport,F,7,2,3,0,NORMAL_LEARNING,eig,optimized,150.0,0.5,1.0,1.0,10,candidate_z,0.11964,0.5982,56.30251285319276,0,-1,nan
S3_transport,F,7,2,3,0,NORMAL_LEARNING,eig,optimized,150.0,0.5,1.0,1.0,10,candidate_z,0.1216,0.608,56.302914314322045,1,-1,nan
S3_transport,F,7,2,3,0,NORMAL_LEARNING,eig,optimized,150.0,0.5,1.0,1.0,10,candidate_z,0.12356,0.6178,56.30289047608388,0,-1,nan
S3_transport,F,7,2,3,0,NORMAL_LEARNING,eig,optimized,150.0,0.5,1.0,1.0,10,candidate_z,0.12552,0.6275999999999999,56.302491413414366,0,-1,nan
S3_transport,F,7,2,3,0,NORMAL_LEARNING,eig,optimized,150.0,0.5,1.0,1.0,10,candidate_z,0.12747999999999998,0.6373999999999999,56.30176343509534,0,-1,nan
S3_transport,F,7,2,3,0,NORMAL_LEARNING,eig,optimized,150.0,0.5,1.0,1.0,10,candidate_z,0.12944,0.6472,56.30074744556897,0,-1,nan
S3_transport,F,7,2,3,0,NORMAL_LEARNING,eig,optimized,150.0,0.5,1.0,1.0,10,candidate_z,0.1314,0.6569999999999999,56.299482967254114,0,-1,nan
S3_transport,F,7,2,3,0,NORMAL_LEARNING,eig,optimized,150.0,0.5,1.0,1.0,10,candidate_z,0.13336,0.6668,56.29800370377839,0,-1,nan
S3_transport,F,7,2,3,0,NORMAL_LEARNING,eig,optimized,150.0,0.5,1.0,1.0,10,candidate_z,0.13532,0.6766,56.29633979731941,0,-1,nan
S3_transport,F,7,2,3,0,NORMAL_LEARNING,eig,optimized,150.0,0.5,1.0,1.0,10,candidate_z,0.13728,0.6864,56.294520260951856,0,-1,nan
S3_transport,F,7,2,3,0,NORMAL_LEARNING,eig,optimized,150.0,0.5,1.0,1.0,10,candidate_z,0.13924,0.6961999999999999,56.29257018838379,0,-1,nan
S3_transport,F,7,2,3,0,NORMAL_LEARNING,eig,optimized,150.0,0.5,1.0,1.0,10,candidate_z,0.1412,0.706,56.290512690882544,0,-1,nan
S3_transport,F,7,2,3,0,NORMAL_LEARNING,eig,optimized,150.0,0.5,1.0,1.0,10,candidate_z,0.14316,0.7158,56.28836869558751,0,-1,nan
S3_transport,F,7,2,3,0,NORMAL_LEARNING,eig,optimized,150.0,0.5,1.0,1.0,10,candidate_z,0.14512,0.7255999999999999,56.28615639690604,0,-1,nan
S3_transport,F,7,2,3,0,NORMAL_LEARNING,eig,optimized,150.0,0.5,1.0,1.0,10,candidate_z,0.14708,0.7353999999999999,56.283892329046935,0,-1,nan
S3_transport,F,7,2,3,0,NORMAL_LEARNING,eig,optimized,150.0,0.5,1.0,1.0,10,candidate_z,0.14904,0.7452,56.281591552063944,0,-1,nan
S3_transport,F,7,2,3,0,NORMAL_LEARNING,eig,optimized,150.0,0.5,1.0,1.0,10,candidate_z,0.151,0.7549999999999999,56.279267195080294,0,-1,nan
S3_transport,F,7,2,3,0,NORMAL_LEARNING,eig,optimized,150.0,0.5,1.0,1.0,10,candidate_z,0.15295999999999998,0.7647999999999999,56.27693092631602,0,-1,nan
S3_transport,F,7,2,3,0,NORMAL_LEARNING,eig,optimized,150.0,0.5,1.0,1.0,10,candidate_z,0.15492,0.7746,56.274593100283376,0,-1,nan
S3_transport,F,7,2,3,0,NORMAL_LEARNING,eig,optimized,150.0,0.5,1.0,1.0,10,candidate_z,0.15688,0.7843999999999999,56.27226306320935,0,-1,nan
S3_transport,F,7,2,3,0,NORMAL_LEARNING,eig,optimized,150.0,0.5,1.0,1.0,10,candidate_z,0.15884,0.7942,56.26994876278484,0,-1,nan
S3_transport,F,7,2,3,0,NORMAL_LEARNING,eig,optimized,150.0,0.5,1.0,1.0,10,candidate_z,0.1608,0.8039999999999999,56.267657316175594,0,-1,nan
S3_transport,F,7,2,3,0,NORMAL_LEARNING,eig,optimized,150.0,0.5,1.0,1.0,10,candidate_z,0.16276,0.8137999999999999,56.26539454261013,0,-1,nan
S3_transport,F,7,2,3,0,NORMAL_LEARNING,eig,optimized,150.0,0.5,1.0,1.0,10,candidate_z,0.16472,0.8236,56.2631660616686,0,-1,nan
S3_transport,F,7,2,3,0,NORMAL_LEARNING,eig,optimized,150.0,0.5,1.0,1.0,10,candidate_z,0.16668,0.8333999999999999,56.26097621967178,0,-1,nan
S3_transport,F,7,2,3,0,NORMAL_LEARNING,eig,optimized,150.0,0.5,1.0,1.0,10,candidate_z,0.16864,0.8432000000000001,56.258828918208266,0,-1,nan
S3_transport,F,7,2,3,0,NORMAL_LEARNING,eig,optimized,150.0,0.5,1.0,1.0,10,candidate_z,0.1706,0.853,56.25672732839293,0,-1,nan
S3_transport,F,7,2,3,0,NORMAL_LEARNING,eig,optimized,150.0,0.5,1.0,1.0,10,candidate_z,0.17256,0.8627999999999999,56.25467405512217,0,-1,nan
S3_transport,F,7,2,3,0,NORMAL_LEARNING,eig,optimized,150.0,0.5,1.0,1.0,10,candidate_z,0.17452,0.8726,56.25267135442244,0,-1,nan
S3_transport,F,7,2,3,0,NORMAL_LEARNING,eig,optimized,150.0,0.5,1.0,1.0,10,candidate_z,0.17648,0.8824,56.250720804772484,0,-1,nan
S3_transport,F,7,2,3,0,NORMAL_LEARNING,eig,optimized,150.0,0.5,1.0,1.0,10,candidate_z,0.17844,0.8921999999999999,56.2488238021452,0,-1,nan
S3_transport,F,7,2,3,0,NORMAL_LEARNING,eig,optimized,150.0,0.5,1.0,1.0,10,candidate_z,0.1804,0.902,56.246981189463334,0,-1,nan
S3_transport,F,7,2,3,0,NORMAL_LEARNING,eig,optimized,150.0,0.5,1.0,1.0,10,candidate_z,0.18236,0.9117999999999999,56.24519371522551,0,-1,nan
S3_transport,F,7,2,3,0,NORMAL_LEARNING,eig,optimized,150.0,0.5,1.0,1.0,10,candidate_z,0.18431999999999998,0.9215999999999999,56.2434615189667,0,-1,nan
S3_transport,F,7,2,3,0,NORMAL_LEARNING,eig,optimized,150.0,0.5,1.0,1.0,10,candidate_z,0.18628,0.9314,56.24178474127523,0,-1,nan
S3_transport,F,7,2,3,0,NORMAL_LEARNING,eig,optimized,150.0,0.5,1.0,1.0,10,candidate_z,0.18824,0.9411999999999999,56.240163329135626,1,-1,nan
S3_transport,F,7,2,3,0,NORMAL_LEARNING,eig,optimized,150.0,0.5,1.0,1.0,10,candidate_z,0.1902,0.951,56.238596769185406,0,-1,nan
S3_transport,F,7,2,3,0,NORMAL_LEARNING,eig,optimized,150.0,0.5,1.0,1.0,10,candidate_z,0.19216,0.9608,56.237084664700305,0,-1,nan
S3_transport,F,7,2,3,0,NORMAL_LEARNING,eig,optimized,150.0,0.5,1.0,1.0,10,candidate_z,0.19412,0.9705999999999999,56.23562624917898,1,-1,nan
S3_transport,F,7,2,3,0,NORMAL_LEARNING,eig,optimized,150.0,0.5,1.0,1.0,10,candidate_z,0.19608,0.9803999999999999,56.23422084986929,0,-1,nan
S3_transport,F,7,2,3,0,NORMAL_LEARNING,eig,optimized,150.0,0.5,1.0,1.0,10,candidate_z,0.19804,0.9902,56.23286731024648,0,-1,nan
S3_transport,F,7,2,3,0,NORMAL_LEARNING,eig,optimized,150.0,0.5,1.0,1.0,10,candidate_z,0.2,1.0,56.23156484534862,1,-1,nan
S3_transport,F,7,2,3,0,NORMAL_LEARNING,eig,optimized,150.0,0.5,1.0,1.0,10,selected_z,0.1216,0.608,nan,1,1,56.302914314322045
S3_transport,F,7,2,3,0,NORMAL_LEARNING,eig,optimized,150.0,0.5,1.0,1.0,10,selected_z,0.0236,0.118,nan,1,2,43.56833532353615
S3_transport,F,7,2,3,0,NORMAL_LEARNING,eig,optimized,150.0,0.5,1.0,1.0,10,selected_z,0.00792,0.039599999999999996,nan,1,3,1.4944034478540758
S3_transport,F,7,2,3,0,NORMAL_LEARNING,eig,optimized,150.0,0.5,1.0,1.0,10,selected_z,0.2,1.0,nan,1,4,1.4310633714199303
S3_transport,F,7,2,3,0,NORMAL_LEARNING,eig,optimized,150.0,0.5,1.0,1.0,10,selected_z,0.02948,0.14739999999999998,nan,1,5,1.160252185101112
S3_transport,F,7,2,3,0,NORMAL_LEARNING,eig,optimized,150.0,0.5,1.0,1.0,10,selected_z,0.19412,0.9705999999999999,nan,1,6,0.8193066347391014
S3_transport,F,7,2,3,0,NORMAL_LEARNING,eig,optimized,150.0,0.5,1.0,1.0,10,selected_z,0.03536,0.1768,nan,1,7,0.6771096189892996
S3_transport,F,7,2,3,0,NORMAL_LEARNING,eig,optimized,150.0,0.5,1.0,1.0,10,selected_z,0.18824,0.9411999999999999,nan,1,8,0.5749485175913911
S3_transport,F,7,2,3,0,NORMAL_LEARNING,eig,optimized,150.0,0.5,1.0,1.0,10,selected_z,0.01772,0.0886,nan,1,9,0.5219522304825501
S3_transport,F,7,2,3,0,NORMAL_LEARNING,eig,optimized,150.0,0.5,1.0,1.0,10,selected_z,0.06672,0.3336,nan,1,10,0.4577653526658576
S3_transport,F,7,2,3,0,NORMAL_LEARNING,eig,optimized,150.0,0.5,1.0,1.0,10,final_z,0.00596,0.0298,nan,1,-1,nan
S3_transport,F,7,2,3,0,NORMAL_LEARNING,eig,optimized,150.0,0.5,1.0,1.0,10,final_z,0.019288,0.09644,nan,1,-1,nan
S3_transport,F,7,2,3,0,NORMAL_LEARNING,eig,optimized,150.0,0.5,1.0,1.0,10,final_z,0.0236,0.118,nan,1,-1,nan
S3_transport,F,7,2,3,0,NORMAL_LEARNING,eig,optimized,150.0,0.5,1.0,1.0,10,final_z,0.027912,0.13956,nan,1,-1,nan
S3_transport,F,7,2,3,0,NORMAL_LEARNING,eig,optimized,150.0,0.5,1.0,1.0,10,final_z,0.032224,0.16112,nan,1,-1,nan
S3_transport,F,7,2,3,0,NORMAL_LEARNING,eig,optimized,150.0,0.5,1.0,1.0,10,final_z,0.06476,0.3238,nan,1,-1,nan
S3_transport,F,7,2,3,0,NORMAL_LEARNING,eig,optimized,150.0,0.5,1.0,1.0,10,final_z,0.12552,0.6275999999999999,nan,1,-1,nan
S3_transport,F,7,2,3,0,NORMAL_LEARNING,eig,optimized,150.0,0.5,1.0,1.0,10,final_z,0.191376,0.95688,nan,1,-1,nan
S3_transport,F,7,2,3,0,NORMAL_LEARNING,eig,optimized,150.0,0.5,1.0,1.0,10,final_z,0.19568799999999997,0.9784399999999999,nan,1,-1,nan
S3_transport,F,7,2,3,0,NORMAL_LEARNING,eig,optimized,150.0,0.5,1.0,1.0,10,final_z,0.2,1.0,nan,1,-1,nan
S3_transport,F,7,2,4,0,NORMAL_LEARNING,eig,optimized,140.0,0.5,1.0,1.0,10,candidate_z,0.004,0.02,35.35001543908902,0,-1,nan
S3_transport,F,7,2,4,0,NORMAL_LEARNING,eig,optimized,140.0,0.5,1.0,1.0,10,candidate_z,0.00596,0.0298,37.465578117638024,1,-1,nan
S3_transport,F,7,2,4,0,NORMAL_LEARNING,eig,optimized,140.0,0.5,1.0,1.0,10,candidate_z,0.00792,0.039599999999999996,38.885404354365306,0,-1,nan
S3_transport,F,7,2,4,0,NORMAL_LEARNING,eig,optimized,140.0,0.5,1.0,1.0,10,candidate_z,0.00988,0.0494,40.06950629015267,0,-1,nan
S3_transport,F,7,2,4,0,NORMAL_LEARNING,eig,optimized,140.0,0.5,1.0,1.0,10,candidate_z,0.01184,0.059199999999999996,41.574083547020514,1,-1,nan
S3_transport,F,7,2,4,0,NORMAL_LEARNING,eig,optimized,140.0,0.5,1.0,1.0,10,candidate_z,0.0138,0.06899999999999999,42.782351361031125,0,-1,nan
S3_transport,F,7,2,4,0,NORMAL_LEARNING,eig,optimized,140.0,0.5,1.0,1.0,10,candidate_z,0.01576,0.0788,43.77416903152666,0,-1,nan
S3_transport,F,7,2,4,0,NORMAL_LEARNING,eig,optimized,140.0,0.5,1.0,1.0,10,candidate_z,0.01772,0.0886,44.60122642758745,0,-1,nan
S3_transport,F,7,2,4,0,NORMAL_LEARNING,eig,optimized,140.0,0.5,1.0,1.0,10,candidate_z,0.01968,0.09839999999999999,45.29922587372148,0,-1,nan
S3_transport,F,7,2,4,0,NORMAL_LEARNING,eig,optimized,140.0,0.5,1.0,1.0,10,candidate_z,0.02164,0.10819999999999999,45.89405691354196,0,-1,nan
S3_transport,F,7,2,4,0,NORMAL_LEARNING,eig,optimized,140.0,0.5,1.0,1.0,10,candidate_z,0.0236,0.118,46.405205019079176,0,-1,nan
S3_transport,F,7,2,4,0,NORMAL_LEARNING,eig,optimized,140.0,0.5,1.0,1.0,10,candidate_z,0.02556,0.1278,47.08645201096671,0,-1,nan
S3_transport,F,7,2,4,0,NORMAL_LEARNING,eig,optimized,140.0,0.5,1.0,1.0,10,candidate_z,0.02752,0.1376,47.81431149305666,0,-1,nan
S3_transport,F,7,2,4,0,NORMAL_LEARNING,eig,optimized,140.0,0.5,1.0,1.0,10,candidate_z,0.02948,0.14739999999999998,48.46992945917377,1,-1,nan
S3_transport,F,7,2,4,0,NORMAL_LEARNING,eig,optimized,140.0,0.5,1.0,1.0,10,candidate_z,0.031439999999999996,0.15719999999999998,49.063568213776776,0,-1,nan
S3_transport,F,7,2,4,0,NORMAL_LEARNING,eig,optimized,140.0,0.5,1.0,1.0,10,candidate_z,0.0334,0.16699999999999998,49.60350434807099,0,-1,nan
S3_transport,F,7,2,4,0,NORMAL_LEARNING,eig,optimized,140.0,0.5,1.0,1.0,10,candidate_z,0.03536,0.1768,50.09635832388807,1,-1,nan
S3_transport,F,7,2,4,0,NORMAL_LEARNING,eig,optimized,140.0,0.5,1.0,1.0,10,candidate_z,0.037320000000000006,0.18660000000000002,50.54778204430106,0,-1,nan
S3_transport,F,7,2,4,0,NORMAL_LEARNING,eig,optimized,140.0,0.5,1.0,1.0,10,candidate_z,0.039279999999999995,0.19639999999999996,50.96255726267267,0,-1,nan
S3_transport,F,7,2,4,0,NORMAL_LEARNING,eig,optimized,140.0,0.5,1.0,1.0,10,candidate_z,0.04124,0.2062,51.34462328260235,1,-1,nan
S3_transport,F,7,2,4,0,NORMAL_LEARNING,eig,optimized,140.0,0.5,1.0,1.0,10,candidate_z,0.0432,0.216,51.697333900969795,0,-1,nan
S3_transport,F,7,2,4,0,NORMAL_LEARNING,eig,optimized,140.0,0.5,1.0,1.0,10,candidate_z,0.045160000000000006,0.22580000000000003,52.02352195526774,0,-1,nan
S3_transport,F,7,2,4,0,NORMAL_LEARNING,eig,optimized,140.0,0.5,1.0,1.0,10,candidate_z,0.047119999999999995,0.23559999999999998,52.3257872526799,1,-1,nan
S3_transport,F,7,2,4,0,NORMAL_LEARNING,eig,optimized,140.0,0.5,1.0,1.0,10,candidate_z,0.04908,0.24539999999999998,52.60623384522601,0,-1,nan
S3_transport,F,7,2,4,0,NORMAL_LEARNING,eig,optimized,140.0,0.5,1.0,1.0,10,candidate_z,0.05104,0.2552,52.866787035362265,0,-1,nan
S3_transport,F,7,2,4,0,NORMAL_LEARNING,eig,optimized,140.0,0.5,1.0,1.0,10,candidate_z,0.053000000000000005,0.265,53.10911678152459,0,-1,nan
S3_transport,F,7,2,4,0,NORMAL_LEARNING,eig,optimized,140.0,0.5,1.0,1.0,10,candidate_z,0.054959999999999995,0.27479999999999993,53.3347490228092,0,-1,nan
S3_transport,F,7,2,4,0,NORMAL_LEARNING,eig,optimized,140.0,0.5,1.0,1.0,10,candidate_z,0.05692,0.28459999999999996,53.544980258430684,0,-1,nan
S3_transport,F,7,2,4,0,NORMAL_LEARNING,eig,optimized,140.0,0.5,1.0,1.0,10,candidate_z,0.05888,0.2944,53.741004354629105,0,-1,nan
S3_transport,F,7,2,4,0,NORMAL_LEARNING,eig,optimized,140.0,0.5,1.0,1.0,10,candidate_z,0.060840000000000005,0.3042,53.92398337490749,0,-1,nan
S3_transport,F,7,2,4,0,NORMAL_LEARNING,eig,optimized,140.0,0.5,1.0,1.0,10,candidate_z,0.0628,0.31399999999999995,54.09470741605725,0,-1,nan
S3_transport,F,7,2,4,0,NORMAL_LEARNING,eig,optimized,140.0,0.5,1.0,1.0,10,candidate_z,0.06476,0.3238,54.254234736827954,0,-1,nan
S3_transport,F,7,2,4,0,NORMAL_LEARNING,eig,optimized,140.0,0.5,1.0,1.0,10,candidate_z,0.06672,0.3336,54.40327151495084,0,-1,nan
S3_transport,F,7,2,4,0,NORMAL_LEARNING,eig,optimized,140.0,0.5,1.0,1.0,10,candidate_z,0.06868,0.3434,54.54256686937351,0,-1,nan
S3_transport,F,7,2,4,0,NORMAL_LEARNING,eig,optimized,140.0,0.5,1.0,1.0,10,candidate_z,0.07064000000000001,0.3532,54.67287872655325,0,-1,nan
S3_transport,F,7,2,4,0,NORMAL_LEARNING,eig,optimized,140.0,0.5,1.0,1.0,10,candidate_z,0.0726,0.363,54.794712331161016,0,-1,nan
S3_transport,F,7,2,4,0,NORMAL_LEARNING,eig,optimized,140.0,0.5,1.0,1.0,10,candidate_z,0.07456,0.37279999999999996,54.90870777964991,0,-1,nan
S3_transport,F,7,2,4,0,NORMAL_LEARNING,eig,optimized,140.0,0.5,1.0,1.0,10,candidate_z,0.07652,0.3826,55.015338004946194,0,-1,nan
S3_transport,F,7,2,4,0,NORMAL_LEARNING,eig,optimized,140.0,0.5,1.0,1.0,10,candidate_z,0.07848,0.39239999999999997,55.11514096818628,0,-1,nan
S3_transport,F,7,2,4,0,NORMAL_LEARNING,eig,optimized,140.0,0.5,1.0,1.0,10,candidate_z,0.08044,0.40219999999999995,55.20852533721665,0,-1,nan
S3_transport,F,7,2,4,0,NORMAL_LEARNING,eig,optimized,140.0,0.5,1.0,1.0,10,candidate_z,0.0824,0.412,55.2959157976995,0,-1,nan
S3_transport,F,7,2,4,0,NORMAL_LEARNING,eig,optimized,140.0,0.5,1.0,1.0,10,candidate_z,0.08436,0.4218,55.37770069912149,0,-1,nan
S3_transport,F,7,2,4,0,NORMAL_LEARNING,eig,optimized,140.0,0.5,1.0,1.0,10,candidate_z,0.08632000000000001,0.43160000000000004,55.454253691967615,0,-1,nan
S3_transport,F,7,2,4,0,NORMAL_LEARNING,eig,optimized,140.0,0.5,1.0,1.0,10,candidate_z,0.08828,0.44139999999999996,55.5258771380576,0,-1,nan
S3_transport,F,7,2,4,0,NORMAL_LEARNING,eig,optimized,140.0,0.5,1.0,1.0,10,candidate_z,0.09024,0.4512,55.59290338340601,0,-1,nan
S3_transport,F,7,2,4,0,NORMAL_LEARNING,eig,optimized,140.0,0.5,1.0,1.0,10,candidate_z,0.0922,0.461,55.6555899881409,0,-1,nan
S3_transport,F,7,2,4,0,NORMAL_LEARNING,eig,optimized,140.0,0.5,1.0,1.0,10,candidate_z,0.09416,0.47079999999999994,55.71424363475459,0,-1,nan
S3_transport,F,7,2,4,0,NORMAL_LEARNING,eig,optimized,140.0,0.5,1.0,1.0,10,candidate_z,0.09612,0.48059999999999997,55.769101413331605,0,-1,nan
S3_transport,F,7,2,4,0,NORMAL_LEARNING,eig,optimized,140.0,0.5,1.0,1.0,10,candidate_z,0.09808,0.4904,55.82039709925428,0,-1,nan
S3_transport,F,7,2,4,0,NORMAL_LEARNING,eig,optimized,140.0,0.5,1.0,1.0,10,candidate_z,0.10004,0.5002,55.8683425590829,0,-1,nan
S3_transport,F,7,2,4,0,NORMAL_LEARNING,eig,optimized,140.0,0.5,1.0,1.0,10,candidate_z,0.10200000000000001,0.51,55.913159680641996,0,-1,nan
S3_transport,F,7,2,4,0,NORMAL_LEARNING,eig,optimized,140.0,0.5,1.0,1.0,10,candidate_z,0.10396,0.5197999999999999,55.95499216711965,0,-1,nan
S3_transport,F,7,2,4,0,NORMAL_LEARNING,eig,optimized,140.0,0.5,1.0,1.0,10,candidate_z,0.10592,0.5296,55.99406230470082,0,-1,nan
S3_transport,F,7,2,4,0,NORMAL_LEARNING,eig,optimized,140.0,0.5,1.0,1.0,10,candidate_z,0.10788,0.5394,56.030536351140796,0,-1,nan
S3_transport,F,7,2,4,0,NORMAL_LEARNING,eig,optimized,140.0,0.5,1.0,1.0,10,candidate_z,0.10984,0.5491999999999999,56.06457555766715,0,-1,nan
S3_transport,F,7,2,4,0,NORMAL_LEARNING,eig,optimized,140.0,0.5,1.0,1.0,10,candidate_z,0.1118,0.5589999999999999,56.09632850583098,0,-1,nan
S3_transport,F,7,2,4,0,NORMAL_LEARNING,eig,optimized,140.0,0.5,1.0,1.0,10,candidate_z,0.11376,0.5688,56.12593645363711,0,-1,nan
S3_transport,F,7,2,4,0,NORMAL_LEARNING,eig,optimized,140.0,0.5,1.0,1.0,10,candidate_z,0.11572,0.5786,56.153523504846916,0,-1,nan
S3_transport,F,7,2,4,0,NORMAL_LEARNING,eig,optimized,140.0,0.5,1.0,1.0,10,candidate_z,0.11768,0.5884,56.17921807563809,0,-1,nan
S3_transport,F,7,2,4,0,NORMAL_LEARNING,eig,optimized,140.0,0.5,1.0,1.0,10,candidate_z,0.11964,0.5982,56.203134014936566,0,-1,nan
S3_transport,F,7,2,4,0,NORMAL_LEARNING,eig,optimized,140.0,0.5,1.0,1.0,10,candidate_z,0.1216,0.608,56.22537925784445,0,-1,nan
S3_transport,F,7,2,4,0,NORMAL_LEARNING,eig,optimized,140.0,0.5,1.0,1.0,10,candidate_z,0.12356,0.6178,56.24605648347006,0,-1,nan
S3_transport,F,7,2,4,0,NORMAL_LEARNING,eig,optimized,140.0,0.5,1.0,1.0,10,candidate_z,0.12552,0.6275999999999999,56.26525897609571,0,-1,nan
S3_transport,F,7,2,4,0,NORMAL_LEARNING,eig,optimized,140.0,0.5,1.0,1.0,10,candidate_z,0.12747999999999998,0.6373999999999999,56.283078272910615,0,-1,nan
S3_transport,F,7,2,4,0,NORMAL_LEARNING,eig,optimized,140.0,0.5,1.0,1.0,10,candidate_z,0.12944,0.6472,56.299599997202975,0,-1,nan
S3_transport,F,7,2,4,0,NORMAL_LEARNING,eig,optimized,140.0,0.5,1.0,1.0,10,candidate_z,0.1314,0.6569999999999999,56.314902929254245,0,-1,nan
S3_transport,F,7,2,4,0,NORMAL_LEARNING,eig,optimized,140.0,0.5,1.0,1.0,10,candidate_z,0.13336,0.6668,56.32906193060465,0,-1,nan
S3_transport,F,7,2,4,0,NORMAL_LEARNING,eig,optimized,140.0,0.5,1.0,1.0,10,candidate_z,0.13532,0.6766,56.342147935048175,0,-1,nan
S3_transport,F,7,2,4,0,NORMAL_LEARNING,eig,optimized,140.0,0.5,1.0,1.0,10,candidate_z,0.13728,0.6864,56.35422658597422,0,-1,nan
S3_transport,F,7,2,4,0,NORMAL_LEARNING,eig,optimized,140.0,0.5,1.0,1.0,10,candidate_z,0.13924,0.6961999999999999,56.3653622072397,0,-1,nan
S3_transport,F,7,2,4,0,NORMAL_LEARNING,eig,optimized,140.0,0.5,1.0,1.0,10,candidate_z,0.1412,0.706,56.37561141799482,0,-1,nan
S3_transport,F,7,2,4,0,NORMAL_LEARNING,eig,optimized,140.0,0.5,1.0,1.0,10,candidate_z,0.14316,0.7158,56.38503148636603,0,-1,nan
S3_transport,F,7,2,4,0,NORMAL_LEARNING,eig,optimized,140.0,0.5,1.0,1.0,10,candidate_z,0.14512,0.7255999999999999,56.39367467460376,0,-1,nan
S3_transport,F,7,2,4,0,NORMAL_LEARNING,eig,optimized,140.0,0.5,1.0,1.0,10,candidate_z,0.14708,0.7353999999999999,56.401589461304255,0,-1,nan
S3_transport,F,7,2,4,0,NORMAL_LEARNING,eig,optimized,140.0,0.5,1.0,1.0,10,candidate_z,0.14904,0.7452,56.40882264275153,0,-1,nan
S3_transport,F,7,2,4,0,NORMAL_LEARNING,eig,optimized,140.0,0.5,1.0,1.0,10,candidate_z,0.151,0.7549999999999999,56.41541756541044,0,-1,nan
S3_transport,F,7,2,4,0,NORMAL_LEARNING,eig,optimized,140.0,0.5,1.0,1.0,10,candidate_z,0.15295999999999998,0.7647999999999999,56.421415536753734,0,-1,nan
S3_transport,F,7,2,4,0,NORMAL_LEARNING,eig,optimized,140.0,0.5,1.0,1.0,10,candidate_z,0.15492,0.7746,56.4268560045401,0,-1,nan
S3_transport,F,7,2,4,0,NORMAL_LEARNING,eig,optimized,140.0,0.5,1.0,1.0,10,candidate_z,0.15688,0.7843999999999999,56.431774269145,0,-1,nan
S3_transport,F,7,2,4,0,NORMAL_LEARNING,eig,optimized,140.0,0.5,1.0,1.0,10,candidate_z,0.15884,0.7942,56.436205014332515,0,-1,nan
S3_transport,F,7,2,4,0,NORMAL_LEARNING,eig,optimized,140.0,0.5,1.0,1.0,10,candidate_z,0.1608,0.8039999999999999,56.4401812902496,0,-1,nan
S3_transport,F,7,2,4,0,NORMAL_LEARNING,eig,optimized,140.0,0.5,1.0,1.0,10,candidate_z,0.16276,0.8137999999999999,56.443733145813226,0,-1,nan
S3_transport,F,7,2,4,0,NORMAL_LEARNING,eig,optimized,140.0,0.5,1.0,1.0,10,candidate_z,0.16472,0.8236,56.44688930832007,0,-1,nan
S3_transport,F,7,2,4,0,NORMAL_LEARNING,eig,optimized,140.0,0.5,1.0,1.0,10,candidate_z,0.16668,0.8333999999999999,56.449676644040494,0,-1,nan
S3_transport,F,7,2,4,0,NORMAL_LEARNING,eig,optimized,140.0,0.5,1.0,1.0,10,candidate_z,0.16864,0.8432000000000001,56.45212075823075,0,-1,nan
S3_transport,F,7,2,4,0,NORMAL_LEARNING,eig,optimized,140.0,0.5,1.0,1.0,10,candidate_z,0.1706,0.853,56.45424570405903,0,-1,nan
S3_transport,F,7,2,4,0,NORMAL_LEARNING,eig,optimized,140.0,0.5,1.0,1.0,10,candidate_z,0.17256,0.8627999999999999,56.456073702344305,0,-1,nan
S3_transport,F,7,2,4,0,NORMAL_LEARNING,eig,optimized,140.0,0.5,1.0,1.0,10,candidate_z,0.17452,0.8726,56.457626053657336,0,-1,nan
S3_transport,F,7,2,4,0,NORMAL_LEARNING,eig,optimized,140.0,0.5,1.0,1.0,10,candidate_z,0.17648,0.8824,56.458922848710124,0,-1,nan
S3_transport,F,7,2,4,0,NORMAL_LEARNING,eig,optimized,140.0,0.5,1.0,1.0,10,candidate_z,0.17844,0.8921999999999999,56.45998270936537,0,-1,nan
S3_transport,F,7,2,4,0,NORMAL_LEARNING,eig,optimized,140.0,0.5,1.0,1.0,10,candidate_z,0.1804,0.902,56.46082283171862,0,-1,nan
S3_transport,F,7,2,4,0,NORMAL_LEARNING,eig,optimized,140.0,0.5,1.0,1.0,10,candidate_z,0.18236,0.9117999999999999,56.46146028707324,1,-1,nan
S3_transport,F,7,2,4,0,NORMAL_LEARNING,eig,optimized,140.0,0.5,1.0,1.0,10,candidate_z,0.18431999999999998,0.9215999999999999,56.46191043005772,0,-1,nan
S3_transport,F,7,2,4,0,NORMAL_LEARNING,eig,optimized,140.0,0.5,1.0,1.0,10,candidate_z,0.18628,0.9314,56.46218798231658,0,-1,nan
S3_transport,F,7,2,4,0,NORMAL_LEARNING,eig,optimized,140.0,0.5,1.0,1.0,10,candidate_z,0.18824,0.9411999999999999,56.46230655688609,1,-1,nan
S3_transport,F,7,2,4,0,NORMAL_LEARNING,eig,optimized,140.0,0.5,1.0,1.0,10,candidate_z,0.1902,0.951,56.462278805518636,0,-1,nan
S3_transport,F,7,2,4,0,NORMAL_LEARNING,eig,optimized,140.0,0.5,1.0,1.0,10,candidate_z,0.19216,0.9608,56.462116998748655,0,-1,nan
S3_transport,F,7,2,4,0,NORMAL_LEARNING,eig,optimized,140.0,0.5,1.0,1.0,10,candidate_z,0.19412,0.9705999999999999,56.46183268189838,1,-1,nan
S3_transport,F,7,2,4,0,NORMAL_LEARNING,eig,optimized,140.0,0.5,1.0,1.0,10,candidate_z,0.19608,0.9803999999999999,56.46143621036499,0,-1,nan
S3_transport,F,7,2,4,0,NORMAL_LEARNING,eig,optimized,140.0,0.5,1.0,1.0,10,candidate_z,0.19804,0.9902,56.46093722531036,0,-1,nan
S3_transport,F,7,2,4,0,NORMAL_LEARNING,eig,optimized,140.0,0.5,1.0,1.0,10,candidate_z,0.2,1.0,56.460345154897844,1,-1,nan
S3_transport,F,7,2,4,0,NORMAL_LEARNING,eig,optimized,140.0,0.5,1.0,1.0,10,selected_z,0.18824,0.9411999999999999,nan,1,1,56.46230655688609
S3_transport,F,7,2,4,0,NORMAL_LEARNING,eig,optimized,140.0,0.5,1.0,1.0,10,selected_z,0.03536,0.1768,nan,1,2,43.2972467439194
S3_transport,F,7,2,4,0,NORMAL_LEARNING,eig,optimized,140.0,0.5,1.0,1.0,10,selected_z,0.01184,0.059199999999999996,nan,1,3,1.5801145981274196
S3_transport,F,7,2,4,0,NORMAL_LEARNING,eig,optimized,140.0,0.5,1.0,1.0,10,selected_z,0.2,1.0,nan,1,4,1.386343303442203
S3_transport,F,7,2,4,0,NORMAL_LEARNING,eig,optimized,140.0,0.5,1.0,1.0,10,selected_z,0.04124,0.2062,nan,1,5,1.1904147686729418
S3_transport,F,7,2,4,0,NORMAL_LEARNING,eig,optimized,140.0,0.5,1.0,1.0,10,selected_z,0.19412,0.9705999999999999,nan,1,6,0.8052483797988153
S3_transport,F,7,2,4,0,NORMAL_LEARNING,eig,optimized,140.0,0.5,1.0,1.0,10,selected_z,0.02948,0.14739999999999998,nan,1,7,0.7099377045715771
S3_transport,F,7,2,4,0,NORMAL_LEARNING,eig,optimized,140.0,0.5,1.0,1.0,10,selected_z,0.00596,0.0298,nan,1,8,0.5704324260758717
S3_transport,F,7,2,4,0,NORMAL_LEARNING,eig,optimized,140.0,0.5,1.0,1.0,10,selected_z,0.18236,0.9117999999999999,nan,1,9,0.5662089232401586
S3_transport,F,7,2,4,0,NORMAL_LEARNING,eig,optimized,140.0,0.5,1.0,1.0,10,selected_z,0.047119999999999995,0.23559999999999998,nan,1,10,0.5171196822669488
S3_transport,F,7,2,4,0,NORMAL_LEARNING,eig,optimized,140.0,0.5,1.0,1.0,10,final_z,0.00596,0.0298,nan,1,-1,nan
S3_transport,F,7,2,4,0,NORMAL_LEARNING,eig,optimized,140.0,0.5,1.0,1.0,10,final_z,0.010272,0.051359999999999996,nan,1,-1,nan
S3_transport,F,7,2,4,0,NORMAL_LEARNING,eig,optimized,140.0,0.5,1.0,1.0,10,final_z,0.031048,0.15524,nan,1,-1,nan
S3_transport,F,7,2,4,0,NORMAL_LEARNING,eig,optimized,140.0,0.5,1.0,1.0,10,final_z,0.03536,0.1768,nan,1,-1,nan
S3_transport,F,7,2,4,0,NORMAL_LEARNING,eig,optimized,140.0,0.5,1.0,1.0,10,final_z,0.039672,0.19835999999999998,nan,1,-1,nan
S3_transport,F,7,2,4,0,NORMAL_LEARNING,eig,optimized,140.0,0.5,1.0,1.0,10,final_z,0.043983999999999995,0.21991999999999998,nan,1,-1,nan
S3_transport,F,7,2,4,0,NORMAL_LEARNING,eig,optimized,140.0,0.5,1.0,1.0,10,final_z,0.18627999999999997,0.9313999999999998,nan,1,-1,nan
S3_transport,F,7,2,4,0,NORMAL_LEARNING,eig,optimized,140.0,0.5,1.0,1.0,10,final_z,0.191376,0.95688,nan,1,-1,nan
S3_transport,F,7,2,4,0,NORMAL_LEARNING,eig,optimized,140.0,0.5,1.0,1.0,10,final_z,0.19568799999999997,0.9784399999999999,nan,1,-1,nan
S3_transport,F,7,2,4,0,NORMAL_LEARNING,eig,optimized,140.0,0.5,1.0,1.0,10,final_z,0.2,1.0,nan,1,-1,nan
S3_transport,F,7,2,5,0,NORMAL_LEARNING,eig,optimized,160.0,0.5,1.0,0.5,10,candidate_z,0.004,0.02,36.36015544810073,0,-1,nan
S3_transport,F,7,2,5,0,NORMAL_LEARNING,eig,optimized,160.0,0.5,1.0,0.5,10,candidate_z,0.00596,0.0298,38.448889764562345,0,-1,nan
S3_transport,F,7,2,5,0,NORMAL_LEARNING,eig,optimized,160.0,0.5,1.0,0.5,10,candidate_z,0.00792,0.039599999999999996,39.841105053984606,0,-1,nan
S3_transport,F,7,2,5,0,NORMAL_LEARNING,eig,optimized,160.0,0.5,1.0,0.5,10,candidate_z,0.00988,0.0494,40.917322805301005,0,-1,nan
S3_transport,F,7,2,5,0,NORMAL_LEARNING,eig,optimized,160.0,0.5,1.0,0.5,10,candidate_z,0.01184,0.059199999999999996,42.39091521462994,0,-1,nan
S3_transport,F,7,2,5,0,NORMAL_LEARNING,eig,optimized,160.0,0.5,1.0,0.5,10,candidate_z,0.0138,0.06899999999999999,43.566549705753864,0,-1,nan
S3_transport,F,7,2,5,0,NORMAL_LEARNING,eig,optimized,160.0,0.5,1.0,0.5,10,candidate_z,0.01576,0.0788,44.52492141379575,0,-1,nan
S3_transport,F,7,2,5,0,NORMAL_LEARNING,eig,optimized,160.0,0.5,1.0,0.5,10,candidate_z,0.01772,0.0886,45.318365567922264,0,-1,nan
S3_transport,F,7,2,5,0,NORMAL_LEARNING,eig,optimized,160.0,0.5,1.0,0.5,10,candidate_z,0.01968,0.09839999999999999,45.98307048059713,0,-1,nan
S3_transport,F,7,2,5,0,NORMAL_LEARNING,eig,optimized,160.0,0.5,1.0,0.5,10,candidate_z,0.02164,0.10819999999999999,46.54526816857438,1,-1,nan
S3_transport,F,7,2,5,0,NORMAL_LEARNING,eig,optimized,160.0,0.5,1.0,0.5,10,candidate_z,0.0236,0.118,47.02465475171179,0,-1,nan
S3_transport,F,7,2,5,0,NORMAL_LEARNING,eig,optimized,160.0,0.5,1.0,0.5,10,candidate_z,0.02556,0.1278,47.6371039172281,0,-1,nan
S3_transport,F,7,2,5,0,NORMAL_LEARNING,eig,optimized,160.0,0.5,1.0,0.5,10,candidate_z,0.02752,0.1376,48.33838728078125,1,-1,nan
S3_transport,F,7,2,5,0,NORMAL_LEARNING,eig,optimized,160.0,0.5,1.0,0.5,10,candidate_z,0.02948,0.14739999999999998,48.96862749829953,0,-1,nan
S3_transport,F,7,2,5,0,NORMAL_LEARNING,eig,optimized,160.0,0.5,1.0,0.5,10,candidate_z,0.031439999999999996,0.15719999999999998,49.53764526187826,0,-1,nan
S3_transport,F,7,2,5,0,NORMAL_LEARNING,eig,optimized,160.0,0.5,1.0,0.5,10,candidate_z,0.0334,0.16699999999999998,50.05370098141071,1,-1,nan
S3_transport,F,7,2,5,0,NORMAL_LEARNING,eig,optimized,160.0,0.5,1.0,0.5,10,candidate_z,0.03536,0.1768,50.52334871573319,0,-1,nan
S3_transport,F,7,2,5,0,NORMAL_LEARNING,eig,optimized,160.0,0.5,1.0,0.5,10,candidate_z,0.037320000000000006,0.18660000000000002,50.95230619656785,0,-1,nan
S3_transport,F,7,2,5,0,NORMAL_LEARNING,eig,optimized,160.0,0.5,1.0,0.5,10,candidate_z,0.039279999999999995,0.19639999999999996,51.345042971244474,0,-1,nan
S3_transport,F,7,2,5,0,NORMAL_LEARNING,eig,optimized,160.0,0.5,1.0,0.5,10,candidate_z,0.04124,0.2062,51.705570334199095,0,-1,nan
S3_transport,F,7,2,5,0,NORMAL_LEARNING,eig,optimized,160.0,0.5,1.0,0.5,10,candidate_z,0.0432,0.216,52.03721442777221,0,-1,nan
S3_transport,F,7,2,5,0,NORMAL_LEARNING,eig,optimized,160.0,0.5,1.0,0.5,10,candidate_z,0.045160000000000006,0.22580000000000003,52.34262370781376,0,-1,nan
S3_transport,F,7,2,5,0,NORMAL_LEARNING,eig,optimized,160.0,0.5,1.0,0.5,10,candidate_z,0.047119999999999995,0.23559999999999998,52.624505137948496,0,-1,nan
S3_transport,F,7,2,5,0,NORMAL_LEARNING,eig,optimized,160.0,0.5,1.0,0.5,10,candidate_z,0.04908,0.24539999999999998,52.88503410249156,0,-1,nan
S3_transport,F,7,2,5,0,NORMAL_LEARNING,eig,optimized,160.0,0.5,1.0,0.5,10,candidate_z,0.05104,0.2552,53.12594444236338,0,-1,nan
S3_transport,F,7,2,5,0,NORMAL_LEARNING,eig,optimized,160.0,0.5,1.0,0.5,10,candidate_z,0.053000000000000005,0.265,53.34890270198729,0,-1,nan
S3_transport,F,7,2,5,0,NORMAL_LEARNING,eig,optimized,160.0,0.5,1.0,0.5,10,candidate_z,0.054959999999999995,0.27479999999999993,53.55556518879926,0,-1,nan
S3_transport,F,7,2,5,0,NORMAL_LEARNING,eig,optimized,160.0,0.5,1.0,0.5,10,candidate_z,0.05692,0.28459999999999996,53.74708427920097,0,-1,nan
S3_transport,F,7,2,5,0,NORMAL_LEARNING,eig,optimized,160.0,0.5,1.0,0.5,10,candidate_z,0.05888,0.2944,53.9248166889595,0,-1,nan
S3_transport,F,7,2,5,0,NORMAL_LEARNING,eig,optimized,160.0,0.5,1.0,0.5,10,candidate_z,0.060840000000000005,0.3042,54.08969254871579,1,-1,nan
S3_transport,F,7,2,5,0,NORMAL_LEARNING,eig,optimized,160.0,0.5,1.0,0.5,10,candidate_z,0.0628,0.31399999999999995,54.242764039112444,0,-1,nan
S3_transport,F,7,2,5,0,NORMAL_LEARNING,eig,optimized,160.0,0.5,1.0,0.5,10,candidate_z,0.06476,0.3238,54.3849377799438,0,-1,nan
S3_transport,F,7,2,5,0,NORMAL_LEARNING,eig,optimized,160.0,0.5,1.0,0.5,10,candidate_z,0.06672,0.3336,54.51698633559869,1,-1,nan
S3_transport,F,7,2,5,0,NORMAL_LEARNING,eig,optimized,160.0,0.5,1.0,0.5,10,candidate_z,0.06868,0.3434,54.63965547138326,0,-1,nan
S3_transport,F,7,2,5,0,NORMAL_LEARNING,eig,optimized,160.0,0.5,1.0,0.5,10,candidate_z,0.07064000000000001,0.3532,54.75365720675013,0,-1,nan
S3_transport,F,7,2,5,0,NORMAL_LEARNING,eig,optimized,160.0,0.5,1.0,0.5,10,candidate_z,0.0726,0.363,54.85958613527707,1,-1,nan
S3_transport,F,7,2,5,0,NORMAL_LEARNING,eig,optimized,160.0,0.5,1.0,0.5,10,candidate_z,0.07456,0.37279999999999996,54.957994212124085,0,-1,nan
S3_transport,F,7,2,5,0,NORMAL_LEARNING,eig,optimized,160.0,0.5,1.0,0.5,10,candidate_z,0.07652,0.3826,55.04941181459682,0,-1,nan
S3_transport,F,7,2,5,0,NORMAL_LEARNING,eig,optimized,160.0,0.5,1.0,0.5,10,candidate_z,0.07848,0.39239999999999997,55.13434263840886,0,-1,nan
S3_transport,F,7,2,5,0,NORMAL_LEARNING,eig,optimized,160.0,0.5,1.0,0.5,10,candidate_z,0.08044,0.40219999999999995,55.213215025057494,0,-1,nan
S3_transport,F,7,2,5,0,NORMAL_LEARNING,eig,optimized,160.0,0.5,1.0,0.5,10,candidate_z,0.0824,0.412,55.286453328954266,0,-1,nan
S3_transport,F,7,2,5,0,NORMAL_LEARNING,eig,optimized,160.0,0.5,1.0,0.5,10,candidate_z,0.08436,0.4218,55.3544521800509,0,-1,nan
S3_transport,F,7,2,5,0,NORMAL_LEARNING,eig,optimized,160.0,0.5,1.0,0.5,10,candidate_z,0.08632000000000001,0.43160000000000004,55.41752524633614,0,-1,nan
S3_transport,F,7,2,5,0,NORMAL_LEARNING,eig,optimized,160.0,0.5,1.0,0.5,10,candidate_z,0.08828,0.44139999999999996,55.47604372850942,0,-1,nan
S3_transport,F,7,2,5,0,NORMAL_LEARNING,eig,optimized,160.0,0.5,1.0,0.5,10,candidate_z,0.09024,0.4512,55.53029228770522,0,-1,nan
S3_transport,F,7,2,5,0,NORMAL_LEARNING,eig,optimized,160.0,0.5,1.0,0.5,10,candidate_z,0.0922,0.461,55.5805597176228,0,-1,nan
S3_transport,F,7,2,5,0,NORMAL_LEARNING,eig,optimized,160.0,0.5,1.0,0.5,10,candidate_z,0.09416,0.47079999999999994,55.627120111782425,0,-1,nan
S3_transport,F,7,2,5,0,NORMAL_LEARNING,eig,optimized,160.0,0.5,1.0,0.5,10,candidate_z,0.09612,0.48059999999999997,55.67021444476826,0,-1,nan
S3_transport,F,7,2,5,0,NORMAL_LEARNING,eig,optimized,160.0,0.5,1.0,0.5,10,candidate_z,0.09808,0.4904,55.71005521500437,0,-1,nan
S3_transport,F,7,2,5,0,NORMAL_LEARNING,eig,optimized,160.0,0.5,1.0,0.5,10,candidate_z,0.10004,0.5002,55.74687591355998,0,-1,nan
S3_transport,F,7,2,5,0,NORMAL_LEARNING,eig,optimized,160.0,0.5,1.0,0.5,10,candidate_z,0.10200000000000001,0.51,55.780871617250426,0,-1,nan
S3_transport,F,7,2,5,0,NORMAL_LEARNING,eig,optimized,160.0,0.5,1.0,0.5,10,candidate_z,0.10396,0.5197999999999999,55.812197097900984,0,-1,nan
S3_transport,F,7,2,5,0,NORMAL_LEARNING,eig,optimized,160.0,0.5,1.0,0.5,10,candidate_z,0.10592,0.5296,55.84106252873147,0,-1,nan
S3_transport,F,7,2,5,0,NORMAL_LEARNING,eig,optimized,160.0,0.5,1.0,0.5,10,candidate_z,0.10788,0.5394,55.867628916123735,0,-1,nan
S3_transport,F,7,2,5,0,NORMAL_LEARNING,eig,optimized,160.0,0.5,1.0,0.5,10,candidate_z,0.10984,0.5491999999999999,55.892053684212506,0,-1,nan
S3_transport,F,7,2,5,0,NORMAL_LEARNING,eig,optimized,160.0,0.5,1.0,0.5,10,candidate_z,0.1118,0.5589999999999999,55.91447715307014,0,-1,nan
S3_transport,F,7,2,5,0,NORMAL_LEARNING,eig,optimized,160.0,0.5,1.0,0.5,10,candidate_z,0.11376,0.5688,55.93503630896304,0,-1,nan
S3_transport,F,7,2,5,0,NORMAL_LEARNING,eig,optimized,160.0,0.5,1.0,0.5,10,candidate_z,0.11572,0.5786,55.953847689788375,0,-1,nan
S3_transport,F,7,2,5,0,NORMAL_LEARNING,eig,optimized,160.0,0.5,1.0,0.5,10,candidate_z,0.11768,0.5884,55.97103618929544,0,-1,nan
S3_transport,F,7,2,5,0,NORMAL_LEARNING,eig,optimized,160.0,0.5,1.0,0.5,10,candidate_z,0.11964,0.5982,55.98670712542353,0,-1,nan
S3_transport,F,7,2,5,0,NORMAL_LEARNING,eig,optimized,160.0,0.5,1.0,0.5,10,candidate_z,0.1216,0.608,56.000965150942385,0,-1,nan
S3_transport,F,7,2,5,0,NORMAL_LEARNING,eig,optimized,160.0,0.5,1.0,0.5,10,candidate_z,0.12356,0.6178,56.01390771681862,0,-1,nan
S3_transport,F,7,2,5,0,NORMAL_LEARNING,eig,optimized,160.0,0.5,1.0,0.5,10,candidate_z,0.12552,0.6275999999999999,56.02562036607918,0,-1,nan
S3_transport,F,7,2,5,0,NORMAL_LEARNING,eig,optimized,160.0,0.5,1.0,0.5,10,candidate_z,0.12747999999999998,0.6373999999999999,56.03619461748208,0,-1,nan
S3_transport,F,7,2,5,0,NORMAL_LEARNING,eig,optimized,160.0,0.5,1.0,0.5,10,candidate_z,0.12944,0.6472,56.04570366965899,0,-1,nan
S3_transport,F,7,2,5,0,NORMAL_LEARNING,eig,optimized,160.0,0.5,1.0,0.5,10,candidate_z,0.1314,0.6569999999999999,56.05422408256955,0,-1,nan
S3_transport,F,7,2,5,0,NORMAL_LEARNING,eig,optimized,160.0,0.5,1.0,0.5,10,candidate_z,0.13336,0.6668,56.06182565935106,0,-1,nan
S3_transport,F,7,2,5,0,NORMAL_LEARNING,eig,optimized,160.0,0.5,1.0,0.5,10,candidate_z,0.13532,0.6766,56.06857326859087,0,-1,nan
S3_transport,F,7,2,5,0,NORMAL_LEARNING,eig,optimized,160.0,0.5,1.0,0.5,10,candidate_z,0.13728,0.6864,56.074529432442645,0,-1,nan
S3_transport,F,7,2,5,0,NORMAL_LEARNING,eig,optimized,160.0,0.5,1.0,0.5,10,candidate_z,0.13924,0.6961999999999999,56.0797492032536,0,-1,nan
S3_transport,F,7,2,5,0,NORMAL_LEARNING,eig,optimized,160.0,0.5,1.0,0.5,10,candidate_z,0.1412,0.706,56.08428736539281,0,-1,nan
S3_transport,F,7,2,5,0,NORMAL_LEARNING,eig,optimized,160.0,0.5,1.0,0.5,10,candidate_z,0.14316,0.7158,56.08819532714226,0,-1,nan
S3_transport,F,7,2,5,0,NORMAL_LEARNING,eig,optimized,160.0,0.5,1.0,0.5,10,candidate_z,0.14512,0.7255999999999999,56.0915195345263,0,-1,nan
S3_transport,F,7,2,5,0,NORMAL_LEARNING,eig,optimized,160.0,0.5,1.0,0.5,10,candidate_z,0.14708,0.7353999999999999,56.09430423550171,0,-1,nan
S3_transport,F,7,2,5,0,NORMAL_LEARNING,eig,optimized,160.0,0.5,1.0,0.5,10,candidate_z,0.14904,0.7452,56.0965914625062,0,-1,nan
S3_transport,F,7,2,5,0,NORMAL_LEARNING,eig,optimized,160.0,0.5,1.0,0.5,10,candidate_z,0.151,0.7549999999999999,56.09841992387592,0,-1,nan
S3_transport,F,7,2,5,0,NORMAL_LEARNING,eig,optimized,160.0,0.5,1.0,0.5,10,candidate_z,0.15295999999999998,0.7647999999999999,56.0998258559776,0,-1,nan
S3_transport,F,7,2,5,0,NORMAL_LEARNING,eig,optimized,160.0,0.5,1.0,0.5,10,candidate_z,0.15492,0.7746,56.10084301202007,0,-1,nan
S3_transport,F,7,2,5,0,NORMAL_LEARNING,eig,optimized,160.0,0.5,1.0,0.5,10,candidate_z,0.15688,0.7843999999999999,56.10150422842608,0,-1,nan
S3_transport,F,7,2,5,0,NORMAL_LEARNING,eig,optimized,160.0,0.5,1.0,0.5,10,candidate_z,0.15884,0.7942,56.10183828596466,0,-1,nan
S3_transport,F,7,2,5,0,NORMAL_LEARNING,eig,optimized,160.0,0.5,1.0,0.5,10,candidate_z,0.1608,0.8039999999999999,56.10187389016925,1,-1,nan
S3_transport,F,7,2,5,0,NORMAL_LEARNING,eig,optimized,160.0,0.5,1.0,0.5,10,candidate_z,0.16276,0.8137999999999999,56.10163643481743,0,-1,nan
S3_transport,F,7,2,5,0,NORMAL_LEARNING,eig,optimized,160.0,0.5,1.0,0.5,10,candidate_z,0.16472,0.8236,56.10115063803213,0,-1,nan
S3_transport,F,7,2,5,0,NORMAL_LEARNING,eig,optimized,160.0,0.5,1.0,0.5,10,candidate_z,0.16668,0.8333999999999999,56.10043939285698,0,-1,nan
S3_transport,F,7,2,5,0,NORMAL_LEARNING,eig,optimized,160.0,0.5,1.0,0.5,10,candidate_z,0.16864,0.8432000000000001,56.099523488306886,0,-1,nan
S3_transport,F,7,2,5,0,NORMAL_LEARNING,eig,optimized,160.0,0.5,1.0,0.5,10,candidate_z,0.1706,0.853,56.09842311539406,0,-1,nan
S3_transport,F,7,2,5,0,NORMAL_LEARNING,eig,optimized,160.0,0.5,1.0,0.5,10,candidate_z,0.17256,0.8627999999999999,56.097156251176116,0,-1,nan
S3_transport,F,7,2,5,0,NORMAL_LEARNING,eig,optimized,160.0,0.5,1.0,0.5,10,candidate_z,0.17452,0.8726,56.09574068129289,0,-1,nan
S3_transport,F,7,2,5,0,NORMAL_LEARNING,eig,optimized,160.0,0.5,1.0,0.5,10,candidate_z,0.17648,0.8824,56.09419200214951,0,-1,nan
S3_transport,F,7,2,5,0,NORMAL_LEARNING,eig,optimized,160.0,0.5,1.0,0.5,10,candidate_z,0.17844,0.8921999999999999,56.09252534903628,0,-1,nan
S3_transport,F,7,2,5,0,NORMAL_LEARNING,eig,optimized,160.0,0.5,1.0,0.5,10,candidate_z,0.1804,0.902,56.090754049683916,0,-1,nan
S3_transport,F,7,2,5,0,NORMAL_LEARNING,eig,optimized,160.0,0.5,1.0,0.5,10,candidate_z,0.18236,0.9117999999999999,56.08889083647625,0,-1,nan
S3_transport,F,7,2,5,0,NORMAL_LEARNING,eig,optimized,160.0,0.5,1.0,0.5,10,candidate_z,0.18431999999999998,0.9215999999999999,56.08694836655775,0,-1,nan
S3_transport,F,7,2,5,0,NORMAL_LEARNING,eig,optimized,160.0,0.5,1.0,0.5,10,candidate_z,0.18628,0.9314,56.0849379320541,0,-1,nan
S3_transport,F,7,2,5,0,NORMAL_LEARNING,eig,optimized,160.0,0.5,1.0,0.5,10,candidate_z,0.18824,0.9411999999999999,56.08286848341791,1,-1,nan
S3_transport,F,7,2,5,0,NORMAL_LEARNING,eig,optimized,160.0,0.5,1.0,0.5,10,candidate_z,0.1902,0.951,56.08075045422075,0,-1,nan
S3_transport,F,7,2,5,0,NORMAL_LEARNING,eig,optimized,160.0,0.5,1.0,0.5,10,candidate_z,0.19216,0.9608,56.078592410169826,0,-1,nan
S3_transport,F,7,2,5,0,NORMAL_LEARNING,eig,optimized,160.0,0.5,1.0,0.5,10,candidate_z,0.19412,0.9705999999999999,56.07640187040036,1,-1,nan
S3_transport,F,7,2,5,0,NORMAL_LEARNING,eig,optimized,160.0,0.5,1.0,0.5,10,candidate_z,0.19608,0.9803999999999999,56.07418682496826,0,-1,nan
S3_transport,F,7,2,5,0,NORMAL_LEARNING,eig,optimized,160.0,0.5,1.0,0.5,10,candidate_z,0.19804,0.9902,56.0719537225247,0,-1,nan
S3_transport,F,7,2,5,0,NORMAL_LEARNING,eig,optimized,160.0,0.5,1.0,0.5,10,candidate_z,0.2,1.0,56.06970872064991,1,-1,nan
S3_transport,F,7,2,5,0,NORMAL_LEARNING,eig,optimized,160.0,0.5,1.0,0.5,10,selected_z,0.1608,0.8039999999999999,nan,1,1,56.10187389016925
S3_transport,F,7,2,5,0,NORMAL_LEARNING,eig,optimized,160.0,0.5,1.0,0.5,10,selected_z,0.0334,0.16699999999999998,nan,1,2,43.819329992781604
S3_transport,F,7,2,5,0,NORMAL_LEARNING,eig,optimized,160.0,0.5,1.0,0.5,10,selected_z,0.06672,0.3336,nan,1,3,1.548634163306028
S3_transport,F,7,2,5,0,NORMAL_LEARNING,eig,optimized,160.0,0.5,1.0,0.5,10,selected_z,0.2,1.0,nan,1,4,1.3596355138574339
S3_transport,F,7,2,5,0,NORMAL_LEARNING,eig,optimized,160.0,0.5,1.0,0.5,10,selected_z,0.02752,0.1376,nan,1,5,1.1370241249990274
S3_transport,F,7,2,5,0,NORMAL_LEARNING,eig,optimized,160.0,0.5,1.0,0.5,10,selected_z,0.19412,0.9705999999999999,nan,1,6,0.7747062554454667
S3_transport,F,7,2,5,0,NORMAL_LEARNING,eig,optimized,160.0,0.5,1.0,0.5,10,selected_z,0.060840000000000005,0.3042,nan,1,7,0.7171061524776094
S3_transport,F,7,2,5,0,NORMAL_LEARNING,eig,optimized,160.0,0.5,1.0,0.5,10,selected_z,0.02164,0.10819999999999999,nan,1,8,0.5964374655365416
S3_transport,F,7,2,5,0,NORMAL_LEARNING,eig,optimized,160.0,0.5,1.0,0.5,10,selected_z,0.18824,0.9411999999999999,nan,1,9,0.5362792419058895
S3_transport,F,7,2,5,0,NORMAL_LEARNING,eig,optimized,160.0,0.5,1.0,0.5,10,selected_z,0.0726,0.363,nan,1,10,0.482529408926033
S3_transport,F,7,2,5,0,NORMAL_LEARNING,eig,optimized,160.0,0.5,1.0,0.5,10,final_z,0.023208,0.11603999999999999,nan,1,-1,nan
S3_transport,F,7,2,5,0,NORMAL_LEARNING,eig,optimized,160.0,0.5,1.0,0.5,10,final_z,0.02752,0.1376,nan,1,-1,nan
S3_transport,F,7,2,5,0,NORMAL_LEARNING,eig,optimized,160.0,0.5,1.0,0.5,10,final_z,0.031832,0.15916,nan,1,-1,nan
S3_transport,F,7,2,5,0,NORMAL_LEARNING,eig,optimized,160.0,0.5,1.0,0.5,10,final_z,0.060840000000000005,0.3042,nan,1,-1,nan
S3_transport,F,7,2,5,0,NORMAL_LEARNING,eig,optimized,160.0,0.5,1.0,0.5,10,final_z,0.065152,0.32576,nan,1,-1,nan
S3_transport,F,7,2,5,0,NORMAL_LEARNING,eig,optimized,160.0,0.5,1.0,0.5,10,final_z,0.069464,0.34731999999999996,nan,1,-1,nan
S3_transport,F,7,2,5,0,NORMAL_LEARNING,eig,optimized,160.0,0.5,1.0,0.5,10,final_z,0.16471999999999998,0.8235999999999999,nan,1,-1,nan
S3_transport,F,7,2,5,0,NORMAL_LEARNING,eig,optimized,160.0,0.5,1.0,0.5,10,final_z,0.191376,0.95688,nan,1,-1,nan
S3_transport,F,7,2,5,0,NORMAL_LEARNING,eig,optimized,160.0,0.5,1.0,0.5,10,final_z,0.19568799999999997,0.9784399999999999,nan,1,-1,nan
S3_transport,F,7,2,5,0,NORMAL_LEARNING,eig,optimized,160.0,0.5,1.0,0.5,10,final_z,0.2,1.0,nan,1,-1,nan
S3_transport,F,7,2,6,0,NORMAL_LEARNING,eig,optimized,150.0,1.0,1.0,1.0,10,candidate_z,0.004,0.02,33.986414209996965,0,-1,nan
S3_transport,F,7,2,6,0,NORMAL_LEARNING,eig,optimized,150.0,1.0,1.0,1.0,10,candidate_z,0.00596,0.0298,36.178055274715476,0,-1,nan
S3_transport,F,7,2,6,0,NORMAL_LEARNING,eig,optimized,150.0,1.0,1.0,1.0,10,candidate_z,0.00792,0.039599999999999996,37.67641034990025,0,-1,nan
S3_transport,F,7,2,6,0,NORMAL_LEARNING,eig,optimized,150.0,1.0,1.0,1.0,10,candidate_z,0.00988,0.0494,38.791851779816184,1,-1,nan
S3_transport,F,7,2,6,0,NORMAL_LEARNING,eig,optimized,150.0,1.0,1.0,1.0,10,candidate_z,0.01184,0.059199999999999996,39.66274281918575,0,-1,nan
S3_transport,F,7,2,6,0,NORMAL_LEARNING,eig,optimized,150.0,1.0,1.0,1.0,10,candidate_z,0.0138,0.06899999999999999,40.44712237610692,0,-1,nan
S3_transport,F,7,2,6,0,NORMAL_LEARNING,eig,optimized,150.0,1.0,1.0,1.0,10,candidate_z,0.01576,0.0788,41.55017420695694,1,-1,nan
S3_transport,F,7,2,6,0,NORMAL_LEARNING,eig,optimized,150.0,1.0,1.0,1.0,10,candidate_z,0.01772,0.0886,42.486562934747475,0,-1,nan
S3_transport,F,7,2,6,0,NORMAL_LEARNING,eig,optimized,150.0,1.0,1.0,1.0,10,candidate_z,0.01968,0.09839999999999999,43.2917311541467,0,-1,nan
S3_transport,F,7,2,6,0,NORMAL_LEARNING,eig,optimized,150.0,1.0,1.0,1.0,10,candidate_z,0.02164,0.10819999999999999,43.990946743165686,0,-1,nan
S3_transport,F,7,2,6,0,NORMAL_LEARNING,eig,optimized,150.0,1.0,1.0,1.0,10,candidate_z,0.0236,0.118,44.60295240884547,0,-1,nan
S3_transport,F,7,2,6,0,NORMAL_LEARNING,eig,optimized,150.0,1.0,1.0,1.0,10,candidate_z,0.02556,0.1278,45.14209777209545,0,-1,nan
S3_transport,F,7,2,6,0,NORMAL_LEARNING,eig,optimized,150.0,1.0,1.0,1.0,10,candidate_z,0.02752,0.1376,45.61965884969793,0,-1,nan
S3_transport,F,7,2,6,0,NORMAL_LEARNING,eig,optimized,150.0,1.0,1.0,1.0,10,candidate_z,0.02948,0.14739999999999998,46.04468431021597,0,-1,nan
S3_transport,F,7,2,6,0,NORMAL_LEARNING,eig,optimized,150.0,1.0,1.0,1.0,10,candidate_z,0.031439999999999996,0.15719999999999998,46.42456636289725,0,-1,nan
S3_transport,F,7,2,6,0,NORMAL_LEARNING,eig,optimized,150.0,1.0,1.0,1.0,10,candidate_z,0.0334,0.16699999999999998,46.765428480669165,0,-1,nan
S3_transport,F,7,2,6,0,NORMAL_LEARNING,eig,optimized,150.0,1.0,1.0,1.0,10,candidate_z,0.03536,0.1768,47.21221437008613,0,-1,nan
S3_transport,F,7,2,6,0,NORMAL_LEARNING,eig,optimized,150.0,1.0,1.0,1.0,10,candidate_z,0.037320000000000006,0.18660000000000002,47.74078180044716,0,-1,nan
S3_transport,F,7,2,6,0,NORMAL_LEARNING,eig,optimized,150.0,1.0,1.0,1.0,10,candidate_z,0.039279999999999995,0.19639999999999996,48.2302124805374,0,-1,nan
S3_transport,F,7,2,6,0,NORMAL_LEARNING,eig,optimized,150.0,1.0,1.0,1.0,10,candidate_z,0.04124,0.2062,48.68443564484279,1,-1,nan
S3_transport,F,7,2,6,0,NORMAL_LEARNING,eig,optimized,150.0,1.0,1.0,1.0,10,candidate_z,0.0432,0.216,49.10723673276185,0,-1,nan
S3_transport,F,7,2,6,0,NORMAL_LEARNING,eig,optimized,150.0,1.0,1.0,1.0,10,candidate_z,0.045160000000000006,0.22580000000000003,49.50174410249493,0,-1,nan
S3_transport,F,7,2,6,0,NORMAL_LEARNING,eig,optimized,150.0,1.0,1.0,1.0,10,candidate_z,0.047119999999999995,0.23559999999999998,49.87050918348139,1,-1,nan
S3_transport,F,7,2,6,0,NORMAL_LEARNING,eig,optimized,150.0,1.0,1.0,1.0,10,candidate_z,0.04908,0.24539999999999998,50.2158111673949,0,-1,nan
S3_transport,F,7,2,6,0,NORMAL_LEARNING,eig,optimized,150.0,1.0,1.0,1.0,10,candidate_z,0.05104,0.2552,50.53973003471474,0,-1,nan
S3_transport,F,7,2,6,0,NORMAL_LEARNING,eig,optimized,150.0,1.0,1.0,1.0,10,candidate_z,0.053000000000000005,0.265,50.84416009203538,1,-1,nan
S3_transport,F,7,2,6,0,NORMAL_LEARNING,eig,optimized,150.0,1.0,1.0,1.0,10,candidate_z,0.054959999999999995,0.27479999999999993,51.13045509929969,0,-1,nan
S3_transport,F,7,2,6,0,NORMAL_LEARNING,eig,optimized,150.0,1.0,1.0,1.0,10,candidate_z,0.05692,0.28459999999999996,51.4001966166902,0,-1,nan
S3_transport,F,7,2,6,0,NORMAL_LEARNING,eig,optimized,150.0,1.0,1.0,1.0,10,candidate_z,0.05888,0.2944,51.65460192705366,1,-1,nan
S3_transport,F,7,2,6,0,NORMAL_LEARNING,eig,optimized,150.0,1.0,1.0,1.0,10,candidate_z,0.060840000000000005,0.3042,51.89468342250997,0,-1,nan
S3_transport,F,7,2,6,0,NORMAL_LEARNING,eig,optimized,150.0,1.0,1.0,1.0,10,candidate_z,0.0628,0.31399999999999995,52.12158647714252,0,-1,nan
S3_transport,F,7,2,6,0,NORMAL_LEARNING,eig,optimized,150.0,1.0,1.0,1.0,10,candidate_z,0.06476,0.3238,52.336155907156055,0,-1,nan
S3_transport,F,7,2,6,0,NORMAL_LEARNING,eig,optimized,150.0,1.0,1.0,1.0,10,candidate_z,0.06672,0.3336,52.539142104636944,0,-1,nan
S3_transport,F,7,2,6,0,NORMAL_LEARNING,eig,optimized,150.0,1.0,1.0,1.0,10,candidate_z,0.06868,0.3434,52.7314176596973,0,-1,nan
S3_transport,F,7,2,6,0,NORMAL_LEARNING,eig,optimized,150.0,1.0,1.0,1.0,10,candidate_z,0.07064000000000001,0.3532,52.91358908706874,0,-1,nan
S3_transport,F,7,2,6,0,NORMAL_LEARNING,eig,optimized,150.0,1.0,1.0,1.0,10,candidate_z,0.0726,0.363,53.08629938393762,0,-1,nan
S3_transport,F,7,2,6,0,NORMAL_LEARNING,eig,optimized,150.0,1.0,1.0,1.0,10,candidate_z,0.07456,0.37279999999999996,53.25018019511986,0,-1,nan
S3_transport,F,7,2,6,0,NORMAL_LEARNING,eig,optimized,150.0,1.0,1.0,1.0,10,candidate_z,0.07652,0.3826,53.40564222096182,0,-1,nan
S3_transport,F,7,2,6,0,NORMAL_LEARNING,eig,optimized,150.0,1.0,1.0,1.0,10,candidate_z,0.07848,0.39239999999999997,53.553158355783225,0,-1,nan
S3_transport,F,7,2,6,0,NORMAL_LEARNING,eig,optimized,150.0,1.0,1.0,1.0,10,candidate_z,0.08044,0.40219999999999995,53.69327166382498,0,-1,nan
S3_transport,F,7,2,6,0,NORMAL_LEARNING,eig,optimized,150.0,1.0,1.0,1.0,10,candidate_z,0.0824,0.412,53.82643063913909,0,-1,nan
S3_transport,F,7,2,6,0,NORMAL_LEARNING,eig,optimized,150.0,1.0,1.0,1.0,10,candidate_z,0.08436,0.4218,53.952911433266266,0,-1,nan
S3_transport,F,7,2,6,0,NORMAL_LEARNING,eig,optimized,150.0,1.0,1.0,1.0,10,candidate_z,0.08632000000000001,0.43160000000000004,54.07311936562985,0,-1,nan
S3_transport,F,7,2,6,0,NORMAL_LEARNING,eig,optimized,150.0,1.0,1.0,1.0,10,candidate_z,0.08828,0.44139999999999996,54.18739120088979,0,-1,nan
S3_transport,F,7,2,6,0,NORMAL_LEARNING,eig,optimized,150.0,1.0,1.0,1.0,10,candidate_z,0.09024,0.4512,54.29607697418065,0,-1,nan
S3_transport,F,7,2,6,0,NORMAL_LEARNING,eig,optimized,150.0,1.0,1.0,1.0,10,candidate_z,0.0922,0.461,54.39941715883085,0,-1,nan
S3_transport,F,7,2,6,0,NORMAL_LEARNING,eig,optimized,150.0,1.0,1.0,1.0,10,candidate_z,0.09416,0.47079999999999994,54.49768882436656,0,-1,nan
S3_transport,F,7,2,6,0,NORMAL_LEARNING,eig,optimized,150.0,1.0,1.0,1.0,10,candidate_z,0.09612,0.48059999999999997,54.59119560355505,0,-1,nan
S3_transport,F,7,2,6,0,NORMAL_LEARNING,eig,optimized,150.0,1.0,1.0,1.0,10,candidate_z,0.09808,0.4904,54.68014296696194,0,-1,nan
S3_transport,F,7,2,6,0,NORMAL_LEARNING,eig,optimized,150.0,1.0,1.0,1.0,10,candidate_z,0.10004,0.5002,54.76477152000305,0,-1,nan
S3_transport,F,7,2,6,0,NORMAL_LEARNING,eig,optimized,150.0,1.0,1.0,1.0,10,candidate_z,0.10200000000000001,0.51,54.84529454806875,0,-1,nan
S3_transport,F,7,2,6,0,NORMAL_LEARNING,eig,optimized,150.0,1.0,1.0,1.0,10,candidate_z,0.10396,0.5197999999999999,54.921908291089885,0,-1,nan
S3_transport,F,7,2,6,0,NORMAL_LEARNING,eig,optimized,150.0,1.0,1.0,1.0,10,candidate_z,0.10592,0.5296,54.99476607675453,0,-1,nan
S3_transport,F,7,2,6,0,NORMAL_LEARNING,eig,optimized,150.0,1.0,1.0,1.0,10,candidate_z,0.10788,0.5394,55.064150764566506,0,-1,nan
S3_transport,F,7,2,6,0,NORMAL_LEARNING,eig,optimized,150.0,1.0,1.0,1.0,10,candidate_z,0.10984,0.5491999999999999,55.130146879283444,0,-1,nan
S3_transport,F,7,2,6,0,NORMAL_LEARNING,eig,optimized,150.0,1.0,1.0,1.0,10,candidate_z,0.1118,0.5589999999999999,55.19297849902668,0,-1,nan
S3_transport,F,7,2,6,0,NORMAL_LEARNING,eig,optimized,150.0,1.0,1.0,1.0,10,candidate_z,0.11376,0.5688,55.252730106442435,0,-1,nan
S3_transport,F,7,2,6,0,NORMAL_LEARNING,eig,optimized,150.0,1.0,1.0,1.0,10,candidate_z,0.11572,0.5786,55.30960223927004,0,-1,nan
S3_transport,F,7,2,6,0,NORMAL_LEARNING,eig,optimized,150.0,1.0,1.0,1.0,10,candidate_z,0.11768,0.5884,55.36372574099419,0,-1,nan
S3_transport,F,7,2,6,0,NORMAL_LEARNING,eig,optimized,150.0,1.0,1.0,1.0,10,candidate_z,0.11964,0.5982,55.4152015281556,0,-1,nan
S3_transport,F,7,2,6,0,NORMAL_LEARNING,eig,optimized,150.0,1.0,1.0,1.0,10,candidate_z,0.1216,0.608,55.46419145947454,0,-1,nan
S3_transport,F,7,2,6,0,NORMAL_LEARNING,eig,optimized,150.0,1.0,1.0,1.0,10,candidate_z,0.12356,0.6178,55.51077693447806,0,-1,nan
S3_transport,F,7,2,6,0,NORMAL_LEARNING,eig,optimized,150.0,1.0,1.0,1.0,10,candidate_z,0.12552,0.6275999999999999,55.55509739110873,0,-1,nan
S3_transport,F,7,2,6,0,NORMAL_LEARNING,eig,optimized,150.0,1.0,1.0,1.0,10,candidate_z,0.12747999999999998,0.6373999999999999,55.597245794747124,0,-1,nan
S3_transport,F,7,2,6,0,NORMAL_LEARNING,eig,optimized,150.0,1.0,1.0,1.0,10,candidate_z,0.12944,0.6472,55.63731265671098,0,-1,nan
S3_transport,F,7,2,6,0,NORMAL_LEARNING,eig,optimized,150.0,1.0,1.0,1.0,10,candidate_z,0.1314,0.6569999999999999,55.675413202366,0,-1,nan
S3_transport,F,7,2,6,0,NORMAL_LEARNING,eig,optimized,150.0,1.0,1.0,1.0,10,candidate_z,0.13336,0.6668,55.71163147402647,0,-1,nan
S3_transport,F,7,2,6,0,NORMAL_LEARNING,eig,optimized,150.0,1.0,1.0,1.0,10,candidate_z,0.13532,0.6766,55.74604549099261,0,-1,nan
S3_transport,F,7,2,6,0,NORMAL_LEARNING,eig,optimized,150.0,1.0,1.0,1.0,10,candidate_z,0.13728,0.6864,55.77875411402889,0,-1,nan
S3_transport,F,7,2,6,0,NORMAL_LEARNING,eig,optimized,150.0,1.0,1.0,1.0,10,candidate_z,0.13924,0.6961999999999999,55.80981990229431,0,-1,nan
S3_transport,F,7,2,6,0,NORMAL_LEARNING,eig,optimized,150.0,1.0,1.0,1.0,10,candidate_z,0.1412,0.706,55.83932419886963,0,-1,nan
S3_transport,F,7,2,6,0,NORMAL_LEARNING,eig,optimized,150.0,1.0,1.0,1.0,10,candidate_z,0.14316,0.7158,55.867333993092885,0,-1,nan
S3_transport,F,7,2,6,0,NORMAL_LEARNING,eig,optimized,150.0,1.0,1.0,1.0,10,candidate_z,0.14512,0.7255999999999999,55.89393016365288,0,-1,nan
S3_transport,F,7,2,6,0,NORMAL_LEARNING,eig,optimized,150.0,1.0,1.0,1.0,10,candidate_z,0.14708,0.7353999999999999,55.91916376420138,0,-1,nan
S3_transport,F,7,2,6,0,NORMAL_LEARNING,eig,optimized,150.0,1.0,1.0,1.0,10,candidate_z,0.14904,0.7452,55.94310094282633,0,-1,nan
S3_transport,F,7,2,6,0,NORMAL_LEARNING,eig,optimized,150.0,1.0,1.0,1.0,10,candidate_z,0.151,0.7549999999999999,55.965803635672984,0,-1,nan
S3_transport,F,7,2,6,0,NORMAL_LEARNING,eig,optimized,150.0,1.0,1.0,1.0,10,candidate_z,0.15295999999999998,0.7647999999999999,55.9873214906349,0,-1,nan
S3_transport,F,7,2,6,0,NORMAL_LEARNING,eig,optimized,150.0,1.0,1.0,1.0,10,candidate_z,0.15492,0.7746,56.00772121511131,0,-1,nan
S3_transport,F,7,2,6,0,NORMAL_LEARNING,eig,optimized,150.0,1.0,1.0,1.0,10,candidate_z,0.15688,0.7843999999999999,56.0270392974213,0,-1,nan
S3_transport,F,7,2,6,0,NORMAL_LEARNING,eig,optimized,150.0,1.0,1.0,1.0,10,candidate_z,0.15884,0.7942,56.04533121163071,0,-1,nan
S3_transport,F,7,2,6,0,NORMAL_LEARNING,eig,optimized,150.0,1.0,1.0,1.0,10,candidate_z,0.1608,0.8039999999999999,56.062641565697554,0,-1,nan
S3_transport,F,7,2,6,0,NORMAL_LEARNING,eig,optimized,150.0,1.0,1.0,1.0,10,candidate_z,0.16276,0.8137999999999999,56.079020712231156,0,-1,nan
S3_transport,F,7,2,6,0,NORMAL_LEARNING,eig,optimized,150.0,1.0,1.0,1.0,10,candidate_z,0.16472,0.8236,56.09450524044105,0,-1,nan
S3_transport,F,7,2,6,0,NORMAL_LEARNING,eig,optimized,150.0,1.0,1.0,1.0,10,candidate_z,0.16668,0.8333999999999999,56.109139239629314,0,-1,nan
S3_transport,F,7,2,6,0,NORMAL_LEARNING,eig,optimized,150.0,1.0,1.0,1.0,10,candidate_z,0.16864,0.8432000000000001,56.12295873444451,0,-1,nan
S3_transport,F,7,2,6,0,NORMAL_LEARNING,eig,optimized,150.0,1.0,1.0,1.0,10,candidate_z,0.1706,0.853,56.13600481252103,0,-1,nan
S3_transport,F,7,2,6,0,NORMAL_LEARNING,eig,optimized,150.0,1.0,1.0,1.0,10,candidate_z,0.17256,0.8627999999999999,56.14831301315875,0,-1,nan
S3_transport,F,7,2,6,0,NORMAL_LEARNING,eig,optimized,150.0,1.0,1.0,1.0,10,candidate_z,0.17452,0.8726,56.15991590722493,0,-1,nan
S3_transport,F,7,2,6,0,NORMAL_LEARNING,eig,optimized,150.0,1.0,1.0,1.0,10,candidate_z,0.17648,0.8824,56.170841300747284,0,-1,nan
S3_transport,F,7,2,6,0,NORMAL_LEARNING,eig,optimized,150.0,1.0,1.0,1.0,10,candidate_z,0.17844,0.8921999999999999,56.18112830734172,0,-1,nan
S3_transport,F,7,2,6,0,NORMAL_LEARNING,eig,optimized,150.0,1.0,1.0,1.0,10,candidate_z,0.1804,0.902,56.19080325693046,0,-1,nan
S3_transport,F,7,2,6,0,NORMAL_LEARNING,eig,optimized,150.0,1.0,1.0,1.0,10,candidate_z,0.18236,0.9117999999999999,56.1998961749726,1,-1,nan
S3_transport,F,7,2,6,0,NORMAL_LEARNING,eig,optimized,150.0,1.0,1.0,1.0,10,candidate_z,0.18431999999999998,0.9215999999999999,56.208430341042614,0,-1,nan
S3_transport,F,7,2,6,0,NORMAL_LEARNING,eig,optimized,150.0,1.0,1.0,1.0,10,candidate_z,0.18628,0.9314,56.21643608051724,0,-1,nan
S3_transport,F,7,2,6,0,NORMAL_LEARNING,eig,optimized,150.0,1.0,1.0,1.0,10,candidate_z,0.18824,0.9411999999999999,56.22393721292072,1,-1,nan
S3_transport,F,7,2,6,0,NORMAL_LEARNING,eig,optimized,150.0,1.0,1.0,1.0,10,candidate_z,0.1902,0.951,56.230955235284036,0,-1,nan
S3_transport,F,7,2,6,0,NORMAL_LEARNING,eig,optimized,150.0,1.0,1.0,1.0,10,candidate_z,0.19216,0.9608,56.23751723642504,0,-1,nan
S3_transport,F,7,2,6,0,NORMAL_LEARNING,eig,optimized,150.0,1.0,1.0,1.0,10,candidate_z,0.19412,0.9705999999999999,56.24364290099013,1,-1,nan
S3_transport,F,7,2,6,0,NORMAL_LEARNING,eig,optimized,150.0,1.0,1.0,1.0,10,candidate_z,0.19608,0.9803999999999999,56.249351452097876,0,-1,nan
S3_transport,F,7,2,6,0,NORMAL_LEARNING,eig,optimized,150.0,1.0,1.0,1.0,10,candidate_z,0.19804,0.9902,56.25466588527243,0,-1,nan
S3_transport,F,7,2,6,0,NORMAL_LEARNING,eig,optimized,150.0,1.0,1.0,1.0,10,candidate_z,0.2,1.0,56.25960440814418,1,-1,nan
S3_transport,F,7,2,6,0,NORMAL_LEARNING,eig,optimized,150.0,1.0,1.0,1.0,10,selected_z,0.2,1.0,nan,1,1,56.25960440814418
S3_transport,F,7,2,6,0,NORMAL_LEARNING,eig,optimized,150.0,1.0,1.0,1.0,10,selected_z,0.047119999999999995,0.23559999999999998,nan,1,2,43.46549278389553
S3_transport,F,7,2,6,0,NORMAL_LEARNING,eig,optimized,150.0,1.0,1.0,1.0,10,selected_z,0.01576,0.0788,nan,1,3,1.5252046776030852
S3_transport,F,7,2,6,0,NORMAL_LEARNING,eig,optimized,150.0,1.0,1.0,1.0,10,selected_z,0.19412,0.9705999999999999,nan,1,4,1.3631273555383245
S3_transport,F,7,2,6,0,NORMAL_LEARNING,eig,optimized,150.0,1.0,1.0,1.0,10,selected_z,0.053000000000000005,0.265,nan,1,5,1.1673828807596154
S3_transport,F,7,2,6,0,NORMAL_LEARNING,eig,optimized,150.0,1.0,1.0,1.0,10,selected_z,0.18824,0.9411999999999999,nan,1,6,0.7889185094008884
S3_transport,F,7,2,6,0,NORMAL_LEARNING,eig,optimized,150.0,1.0,1.0,1.0,10,selected_z,0.04124,0.2062,nan,1,7,0.7279212074794179
S3_transport,F,7,2,6,0,NORMAL_LEARNING,eig,optimized,150.0,1.0,1.0,1.0,10,selected_z,0.00988,0.0494,nan,1,8,0.6362435179565473
S3_transport,F,7,2,6,0,NORMAL_LEARNING,eig,optimized,150.0,1.0,1.0,1.0,10,selected_z,0.18236,0.9117999999999999,nan,1,9,0.5545012737268875
S3_transport,F,7,2,6,0,NORMAL_LEARNING,eig,optimized,150.0,1.0,1.0,1.0,10,selected_z,0.05888,0.2944,nan,1,10,0.49715872573053854
S3_transport,F,7,2,6,0,NORMAL_LEARNING,eig,optimized,150.0,1.0,1.0,1.0,10,final_z,0.00988,0.0494,nan,1,-1,nan
S3_transport,F,7,2,6,0,NORMAL_LEARNING,eig,optimized,150.0,1.0,1.0,1.0,10,final_z,0.014192,0.07096,nan,1,-1,nan
S3_transport,F,7,2,6,0,NORMAL_LEARNING,eig,optimized,150.0,1.0,1.0,1.0,10,final_z,0.042808,0.21403999999999998,nan,1,-1,nan
S3_transport,F,7,2,6,0,NORMAL_LEARNING,eig,optimized,150.0,1.0,1.0,1.0,10,final_z,0.047119999999999995,0.23559999999999998,nan,1,-1,nan
S3_transport,F,7,2,6,0,NORMAL_LEARNING,eig,optimized,150.0,1.0,1.0,1.0,10,final_z,0.051432000000000005,0.25716,nan,1,-1,nan
S3_transport,F,7,2,6,0,NORMAL_LEARNING,eig,optimized,150.0,1.0,1.0,1.0,10,final_z,0.055744,0.27871999999999997,nan,1,-1,nan
S3_transport,F,7,2,6,0,NORMAL_LEARNING,eig,optimized,150.0,1.0,1.0,1.0,10,final_z,0.18627999999999997,0.9313999999999998,nan,1,-1,nan
S3_transport,F,7,2,6,0,NORMAL_LEARNING,eig,optimized,150.0,1.0,1.0,1.0,10,final_z,0.191376,0.95688,nan,1,-1,nan
S3_transport,F,7,2,6,0,NORMAL_LEARNING,eig,optimized,150.0,1.0,1.0,1.0,10,final_z,0.19568799999999997,0.9784399999999999,nan,1,-1,nan
S3_transport,F,7,2,6,0,NORMAL_LEARNING,eig,optimized,150.0,1.0,1.0,1.0,10,final_z,0.2,1.0,nan,1,-1,nan
S3_transport,F,7,3,1,0,NORMAL_LEARNING,eig,optimized,110.0,0.5,1.0,1.0,10,candidate_z,0.004,0.02,0.4115017507289034,0,-1,nan
S3_transport,F,7,3,1,0,NORMAL_LEARNING,eig,optimized,110.0,0.5,1.0,1.0,10,candidate_z,0.00596,0.0298,1.02184353172224,0,-1,nan
S3_transport,F,7,3,1,0,NORMAL_LEARNING,eig,optimized,110.0,0.5,1.0,1.0,10,candidate_z,0.00792,0.039599999999999996,1.8325049671345681,0,-1,nan
S3_transport,F,7,3,1,0,NORMAL_LEARNING,eig,optimized,110.0,0.5,1.0,1.0,10,candidate_z,0.00988,0.0494,2.6782894070146313,0,-1,nan
S3_transport,F,7,3,1,0,NORMAL_LEARNING,eig,optimized,110.0,0.5,1.0,1.0,10,candidate_z,0.01184,0.059199999999999996,3.474743933522465,0,-1,nan
S3_transport,F,7,3,1,0,NORMAL_LEARNING,eig,optimized,110.0,0.5,1.0,1.0,10,candidate_z,0.0138,0.06899999999999999,4.199780401267542,0,-1,nan
S3_transport,F,7,3,1,0,NORMAL_LEARNING,eig,optimized,110.0,0.5,1.0,1.0,10,candidate_z,0.01576,0.0788,4.854735411471335,0,-1,nan
S3_transport,F,7,3,1,0,NORMAL_LEARNING,eig,optimized,110.0,0.5,1.0,1.0,10,candidate_z,0.01772,0.0886,5.447270209814278,0,-1,nan
S3_transport,F,7,3,1,0,NORMAL_LEARNING,eig,optimized,110.0,0.5,1.0,1.0,10,candidate_z,0.01968,0.09839999999999999,5.98577308295609,0,-1,nan
S3_transport,F,7,3,1,0,NORMAL_LEARNING,eig,optimized,110.0,0.5,1.0,1.0,10,candidate_z,0.02164,0.10819999999999999,6.477786907724951,0,-1,nan
S3_transport,F,7,3,1,0,NORMAL_LEARNING,eig,optimized,110.0,0.5,1.0,1.0,10,candidate_z,0.0236,0.118,6.929706660644403,0,-1,nan
S3_transport,F,7,3,1,0,NORMAL_LEARNING,eig,optimized,110.0,0.5,1.0,1.0,10,candidate_z,0.02556,0.1278,7.3468549752372905,0,-1,nan
S3_transport,F,7,3,1,0,NORMAL_LEARNING,eig,optimized,110.0,0.5,1.0,1.0,10,candidate_z,0.02752,0.1376,7.733646967476293,0,-1,nan
S3_transport,F,7,3,1,0,NORMAL_LEARNING,eig,optimized,110.0,0.5,1.0,1.0,10,candidate_z,0.02948,0.14739999999999998,8.093755637097248,0,-1,nan
S3_transport,F,7,3,1,0,NORMAL_LEARNING,eig,optimized,110.0,0.5,1.0,1.0,10,candidate_z,0.031439999999999996,0.15719999999999998,8.430253872100431,0,-1,nan
S3_transport,F,7,3,1,0,NORMAL_LEARNING,eig,optimized,110.0,0.5,1.0,1.0,10,candidate_z,0.0334,0.16699999999999998,8.745729740811402,0,-1,nan
S3_transport,F,7,3,1,0,NORMAL_LEARNING,eig,optimized,110.0,0.5,1.0,1.0,10,candidate_z,0.03536,0.1768,9.042378340554144,0,-1,nan
S3_transport,F,7,3,1,0,NORMAL_LEARNING,eig,optimized,110.0,0.5,1.0,1.0,10,candidate_z,0.037320000000000006,0.18660000000000002,9.322074399908836,0,-1,nan
S3_transport,F,7,3,1,0,NORMAL_LEARNING,eig,optimized,110.0,0.5,1.0,1.0,10,candidate_z,0.039279999999999995,0.19639999999999996,9.58642978677846,0,-1,nan
S3_transport,F,7,3,1,0,NORMAL_LEARNING,eig,optimized,110.0,0.5,1.0,1.0,10,candidate_z,0.04124,0.2062,9.836839225923391,0,-1,nan
S3_transport,F,7,3,1,0,NORMAL_LEARNING,eig,optimized,110.0,0.5,1.0,1.0,10,candidate_z,0.0432,0.216,10.074516864462694,0,-1,nan
S3_transport,F,7,3,1,0,NORMAL_LEARNING,eig,optimized,110.0,0.5,1.0,1.0,10,candidate_z,0.045160000000000006,0.22580000000000003,10.300525598642,0,-1,nan
S3_transport,F,7,3,1,0,NORMAL_LEARNING,eig,optimized,110.0,0.5,1.0,1.0,10,candidate_z,0.047119999999999995,0.23559999999999998,10.515800855009804,0,-1,nan
S3_transport,F,7,3,1,0,NORMAL_LEARNING,eig,optimized,110.0,0.5,1.0,1.0,10,candidate_z,0.04908,0.24539999999999998,10.72116999502446,0,-1,nan
S3_transport,F,7,3,1,0,NORMAL_LEARNING,eig,optimized,110.0,0.5,1.0,1.0,10,candidate_z,0.05104,0.2552,10.917368165772686,0,-1,nan
S3_transport,F,7,3,1,0,NORMAL_LEARNING,eig,optimized,110.0,0.5,1.0,1.0,10,candidate_z,0.053000000000000005,0.265,11.105051470470737,0,-1,nan
S3_transport,F,7,3,1,0,NORMAL_LEARNING,eig,optimized,110.0,0.5,1.0,1.0,10,candidate_z,0.054959999999999995,0.27479999999999993,11.284807886947139,0,-1,nan
S3_transport,F,7,3,1,0,NORMAL_LEARNING,eig,optimized,110.0,0.5,1.0,1.0,10,candidate_z,0.05692,0.28459999999999996,11.45716633643761,0,-1,nan
S3_transport,F,7,3,1,0,NORMAL_LEARNING,eig,optimized,110.0,0.5,1.0,1.0,10,candidate_z,0.05888,0.2944,11.622604315396003,0,-1,nan
S3_transport,F,7,3,1,0,NORMAL_LEARNING,eig,optimized,110.0,0.5,1.0,1.0,10,candidate_z,0.060840000000000005,0.3042,11.781554373594112,0,-1,nan
S3_transport,F,7,3,1,0,NORMAL_LEARNING,eig,optimized,110.0,0.5,1.0,1.0,10,candidate_z,0.0628,0.31399999999999995,11.934409615158884,0,-1,nan
S3_transport,F,7,3,1,0,NORMAL_LEARNING,eig,optimized,110.0,0.5,1.0,1.0,10,candidate_z,0.06476,0.3238,12.081528348059436,0,-1,nan
S3_transport,F,7,3,1,0,NORMAL_LEARNING,eig,optimized,110.0,0.5,1.0,1.0,10,candidate_z,0.06672,0.3336,12.223238089112794,0,-1,nan
S3_transport,F,7,3,1,0,NORMAL_LEARNING,eig,optimized,110.0,0.5,1.0,1.0,10,candidate_z,0.06868,0.3434,12.35983901273179,0,-1,nan
S3_transport,F,7,3,1,0,NORMAL_LEARNING,eig,optimized,110.0,0.5,1.0,1.0,10,candidate_z,0.07064000000000001,0.3532,12.4916069362094,0,-1,nan
S3_transport,F,7,3,1,0,NORMAL_LEARNING,eig,optimized,110.0,0.5,1.0,1.0,10,candidate_z,0.0726,0.363,12.618795894445153,0,-1,nan
S3_transport,F,7,3,1,0,NORMAL_LEARNING,eig,optimized,110.0,0.5,1.0,1.0,10,candidate_z,0.07456,0.37279999999999996,12.741640388441773,0,-1,nan
S3_transport,F,7,3,1,0,NORMAL_LEARNING,eig,optimized,110.0,0.5,1.0,1.0,10,candidate_z,0.07652,0.3826,12.86035735003734,0,-1,nan
S3_transport,F,7,3,1,0,NORMAL_LEARNING,eig,optimized,110.0,0.5,1.0,1.0,10,candidate_z,0.07848,0.39239999999999997,12.97514787402368,0,-1,nan
S3_transport,F,7,3,1,0,NORMAL_LEARNING,eig,optimized,110.0,0.5,1.0,1.0,10,candidate_z,0.08044,0.40219999999999995,13.086198726653798,0,-1,nan
S3_transport,F,7,3,1,0,NORMAL_LEARNING,eig,optimized,110.0,0.5,1.0,1.0,10,candidate_z,0.0824,0.412,13.19368368486034,0,-1,nan
S3_transport,F,7,3,1,0,NORMAL_LEARNING,eig,optimized,110.0,0.5,1.0,1.0,10,candidate_z,0.08436,0.4218,13.297764718940755,0,-1,nan
S3_transport,F,7,3,1,0,NORMAL_LEARNING,eig,optimized,110.0,0.5,1.0,1.0,10,candidate_z,0.08632000000000001,0.43160000000000004,13.398593052534025,0,-1,nan
S3_transport,F,7,3,1,0,NORMAL_LEARNING,eig,optimized,110.0,0.5,1.0,1.0,10,candidate_z,0.08828,0.44139999999999996,13.49631009221332,0,-1,nan
S3_transport,F,7,3,1,0,NORMAL_LEARNING,eig,optimized,110.0,0.5,1.0,1.0,10,candidate_z,0.09024,0.4512,13.591048263640126,0,-1,nan
S3_transport,F,7,3,1,0,NORMAL_LEARNING,eig,optimized,110.0,0.5,1.0,1.0,10,candidate_z,0.0922,0.461,13.682931754503848,0,-1,nan
S3_transport,F,7,3,1,0,NORMAL_LEARNING,eig,optimized,110.0,0.5,1.0,1.0,10,candidate_z,0.09416,0.47079999999999994,13.772077205094476,0,-1,nan
S3_transport,F,7,3,1,0,NORMAL_LEARNING,eig,optimized,110.0,0.5,1.0,1.0,10,candidate_z,0.09612,0.48059999999999997,13.858594293806355,0,-1,nan
S3_transport,F,7,3,1,0,NORMAL_LEARNING,eig,optimized,110.0,0.5,1.0,1.0,10,candidate_z,0.09808,0.4904,13.942586286460198,0,-1,nan
S3_transport,F,7,3,1,0,NORMAL_LEARNING,eig,optimized,110.0,0.5,1.0,1.0,10,candidate_z,0.10004,0.5002,14.024150527636024,0,-1,nan
S3_transport,F,7,3,1,0,NORMAL_LEARNING,eig,optimized,110.0,0.5,1.0,1.0,10,candidate_z,0.10200000000000001,0.51,14.103378885480446,0,-1,nan
S3_transport,F,7,3,1,0,NORMAL_LEARNING,eig,optimized,110.0,0.5,1.0,1.0,10,candidate_z,0.10396,0.5197999999999999,14.18035177527576,0,-1,nan
S3_transport,F,7,3,1,0,NORMAL_LEARNING,eig,optimized,110.0,0.5,1.0,1.0,10,candidate_z,0.10592,0.5296,14.255156895477995,0,-1,nan
S3_transport,F,7,3,1,0,NORMAL_LEARNING,eig,optimized,110.0,0.5,1.0,1.0,10,candidate_z,0.10788,0.5394,14.32787207691078,0,-1,nan
S3_transport,F,7,3,1,0,NORMAL_LEARNING,eig,optimized,110.0,0.5,1.0,1.0,10,candidate_z,0.10984,0.5491999999999999,14.39857105057279,0,-1,nan
S3_transport,F,7,3,1,0,NORMAL_LEARNING,eig,optimized,110.0,0.5,1.0,1.0,10,candidate_z,0.1118,0.5589999999999999,14.467323746631152,0,-1,nan
S3_transport,F,7,3,1,0,NORMAL_LEARNING,eig,optimized,110.0,0.5,1.0,1.0,10,candidate_z,0.11376,0.5688,14.534196550721532,0,-1,nan
S3_transport,F,7,3,1,0,NORMAL_LEARNING,eig,optimized,110.0,0.5,1.0,1.0,10,candidate_z,0.11572,0.5786,14.59925253861443,0,-1,nan
S3_transport,F,7,3,1,0,NORMAL_LEARNING,eig,optimized,110.0,0.5,1.0,1.0,10,candidate_z,0.11768,0.5884,14.662551676689532,0,-1,nan
S3_transport,F,7,3,1,0,NORMAL_LEARNING,eig,optimized,110.0,0.5,1.0,1.0,10,candidate_z,0.11964,0.5982,14.724151029489548,0,-1,nan
S3_transport,F,7,3,1,0,NORMAL_LEARNING,eig,optimized,110.0,0.5,1.0,1.0,10,candidate_z,0.1216,0.608,14.784104972747983,0,-1,nan
S3_transport,F,7,3,1,0,NORMAL_LEARNING,eig,optimized,110.0,0.5,1.0,1.0,10,candidate_z,0.12356,0.6178,14.842465327417372,0,-1,nan
S3_transport,F,7,3,1,0,NORMAL_LEARNING,eig,optimized,110.0,0.5,1.0,1.0,10,candidate_z,0.12552,0.6275999999999999,14.89928152103677,0,-1,nan
S3_transport,F,7,3,1,0,NORMAL_LEARNING,eig,optimized,110.0,0.5,1.0,1.0,10,candidate_z,0.12747999999999998,0.6373999999999999,14.954600734082206,0,-1,nan
S3_transport,F,7,3,1,0,NORMAL_LEARNING,eig,optimized,110.0,0.5,1.0,1.0,10,candidate_z,0.12944,0.6472,15.008468033201517,0,-1,nan
S3_transport,F,7,3,1,0,NORMAL_LEARNING,eig,optimized,110.0,0.5,1.0,1.0,10,candidate_z,0.1314,0.6569999999999999,15.060926481072439,0,-1,nan
S3_transport,F,7,3,1,0,NORMAL_LEARNING,eig,optimized,110.0,0.5,1.0,1.0,10,candidate_z,0.13336,0.6668,15.11201726861637,0,-1,nan
S3_transport,F,7,3,1,0,NORMAL_LEARNING,eig,optimized,110.0,0.5,1.0,1.0,10,candidate_z,0.13532,0.6766,15.161779827768804,0,-1,nan
S3_transport,F,7,3,1,0,NORMAL_LEARNING,eig,optimized,110.0,0.5,1.0,1.0,10,candidate_z,0.13728,0.6864,15.210251917825815,0,-1,nan
S3_transport,F,7,3,1,0,NORMAL_LEARNING,eig,optimized,110.0,0.5,1.0,1.0,10,candidate_z,0.13924,0.6961999999999999,15.257469717800067,0,-1,nan
S3_transport,F,7,3,1,0,NORMAL_LEARNING,eig,optimized,110.0,0.5,1.0,1.0,10,candidate_z,0.1412,0.706,15.30346791518507,0,-1,nan
S3_transport,F,7,3,1,0,NORMAL_LEARNING,eig,optimized,110.0,0.5,1.0,1.0,10,candidate_z,0.14316,0.7158,15.348279786469966,0,-1,nan
S3_transport,F,7,3,1,0,NORMAL_LEARNING,eig,optimized,110.0,0.5,1.0,1.0,10,candidate_z,0.14512,0.7255999999999999,15.391937261488422,0,-1,nan
S3_transport,F,7,3,1,0,NORMAL_LEARNING,eig,optimized,110.0,0.5,1.0,1.0,10,candidate_z,0.14708,0.7353999999999999,15.434471009258644,1,-1,nan
S3_transport,F,7,3,1,0,NORMAL_LEARNING,eig,optimized,110.0,0.5,1.0,1.0,10,candidate_z,0.14904,0.7452,15.47591050628257,0,-1,nan
S3_transport,F,7,3,1,0,NORMAL_LEARNING,eig,optimized,110.0,0.5,1.0,1.0,10,candidate_z,0.151,0.7549999999999999,15.516284088347224,0,-1,nan
S3_transport,F,7,3,1,0,NORMAL_LEARNING,eig,optimized,110.0,0.5,1.0,1.0,10,candidate_z,0.15295999999999998,0.7647999999999999,15.555619009822337,1,-1,nan
S3_transport,F,7,3,1,0,NORMAL_LEARNING,eig,optimized,110.0,0.5,1.0,1.0,10,candidate_z,0.15492,0.7746,15.593941499331102,0,-1,nan
S3_transport,F,7,3,1,0,NORMAL_LEARNING,eig,optimized,110.0,0.5,1.0,1.0,10,candidate_z,0.15688,0.7843999999999999,15.63127681079564,0,-1,nan
S3_transport,F,7,3,1,0,NORMAL_LEARNING,eig,optimized,110.0,0.5,1.0,1.0,10,candidate_z,0.15884,0.7942,15.667649264237497,1,-1,nan
S3_transport,F,7,3,1,0,NORMAL_LEARNING,eig,optimized,110.0,0.5,1.0,1.0,10,candidate_z,0.1608,0.8039999999999999,15.70308229919813,0,-1,nan
S3_transport,F,7,3,1,0,NORMAL_LEARNING,eig,optimized,110.0,0.5,1.0,1.0,10,candidate_z,0.16276,0.8137999999999999,15.73759852539207,0,-1,nan
S3_transport,F,7,3,1,0,NORMAL_LEARNING,eig,optimized,110.0,0.5,1.0,1.0,10,candidate_z,0.16472,0.8236,15.771219748166612,1,-1,nan
S3_transport,F,7,3,1,0,NORMAL_LEARNING,eig,optimized,110.0,0.5,1.0,1.0,10,candidate_z,0.16668,0.8333999999999999,15.803967011423797,0,-1,nan
S3_transport,F,7,3,1,0,NORMAL_LEARNING,eig,optimized,110.0,0.5,1.0,1.0,10,candidate_z,0.16864,0.8432000000000001,15.835860633217752,0,-1,nan
S3_transport,F,7,3,1,0,NORMAL_LEARNING,eig,optimized,110.0,0.5,1.0,1.0,10,candidate_z,0.1706,0.853,15.86692023875159,1,-1,nan
S3_transport,F,7,3,1,0,NORMAL_LEARNING,eig,optimized,110.0,0.5,1.0,1.0,10,candidate_z,0.17256,0.8627999999999999,15.897164789190786,0,-1,nan
S3_transport,F,7,3,1,0,NORMAL_LEARNING,eig,optimized,110.0,0.5,1.0,1.0,10,candidate_z,0.17452,0.8726,15.926612613574832,0,-1,nan
S3_transport,F,7,3,1,0,NORMAL_LEARNING,eig,optimized,110.0,0.5,1.0,1.0,10,candidate_z,0.17648,0.8824,15.955281446477805,1,-1,nan
S3_transport,F,7,3,1,0,NORMAL_LEARNING,eig,optimized,110.0,0.5,1.0,1.0,10,candidate_z,0.17844,0.8921999999999999,15.983188442652722,0,-1,nan
S3_transport,F,7,3,1,0,NORMAL_LEARNING,eig,optimized,110.0,0.5,1.0,1.0,10,candidate_z,0.1804,0.902,16.010350206386526,0,-1,nan
S3_transport,F,7,3,1,0,NORMAL_LEARNING,eig,optimized,110.0,0.5,1.0,1.0,10,candidate_z,0.18236,0.9117999999999999,16.036782815447793,1,-1,nan
S3_transport,F,7,3,1,0,NORMAL_LEARNING,eig,optimized,110.0,0.5,1.0,1.0,10,candidate_z,0.18431999999999998,0.9215999999999999,16.06250184321722,0,-1,nan
S3_transport,F,7,3,1,0,NORMAL_LEARNING,eig,optimized,110.0,0.5,1.0,1.0,10,candidate_z,0.18628,0.9314,16.087522377527456,0,-1,nan
S3_transport,F,7,3,1,0,NORMAL_LEARNING,eig,optimized,110.0,0.5,1.0,1.0,10,candidate_z,0.18824,0.9411999999999999,16.111859042760816,1,-1,nan
S3_transport,F,7,3,1,0,NORMAL_LEARNING,eig,optimized,110.0,0.5,1.0,1.0,10,candidate_z,0.1902,0.951,16.135526027378383,0,-1,nan
S3_transport,F,7,3,1,0,NORMAL_LEARNING,eig,optimized,110.0,0.5,1.0,1.0,10,candidate_z,0.19216,0.9608,16.158537092398667,0,-1,nan
S3_transport,F,7,3,1,0,NORMAL_LEARNING,eig,optimized,110.0,0.5,1.0,1.0,10,candidate_z,0.19412,0.9705999999999999,16.18090559179261,1,-1,nan
S3_transport,F,7,3,1,0,NORMAL_LEARNING,eig,optimized,110.0,0.5,1.0,1.0,10,candidate_z,0.19608,0.9803999999999999,16.202644489014073,0,-1,nan
S3_transport,F,7,3,1,0,NORMAL_LEARNING,eig,optimized,110.0,0.5,1.0,1.0,10,candidate_z,0.19804,0.9902,16.22376637266418,0,-1,nan
S3_transport,F,7,3,1,0,NORMAL_LEARNING,eig,optimized,110.0,0.5,1.0,1.0,10,candidate_z,0.2,1.0,16.244283471410164,1,-1,nan
S3_transport,F,7,3,1,0,NORMAL_LEARNING,eig,optimized,110.0,0.5,1.0,1.0,10,selected_z,0.2,1.0,nan,1,1,16.244283471410164
S3_transport,F,7,3,1,0,NORMAL_LEARNING,eig,optimized,110.0,0.5,1.0,1.0,10,selected_z,0.19412,0.9705999999999999,nan,1,2,1.3502560665620251
S3_transport,F,7,3,1,0,NORMAL_LEARNING,eig,optimized,110.0,0.5,1.0,1.0,10,selected_z,0.18824,0.9411999999999999,nan,1,3,0.776423865537005
S3_transport,F,7,3,1,0,NORMAL_LEARNING,eig,optimized,110.0,0.5,1.0,1.0,10,selected_z,0.18236,0.9117999999999999,nan,1,4,0.540079577868319
S3_transport,F,7,3,1,0,NORMAL_LEARNING,eig,optimized,110.0,0.5,1.0,1.0,10,selected_z,0.17648,0.8824,nan,1,5,0.4097585721313983
S3_transport,F,7,3,1,0,NORMAL_LEARNING,eig,optimized,110.0,0.5,1.0,1.0,10,selected_z,0.1706,0.853,nan,1,6,0.3267151359573326
S3_transport,F,7,3,1,0,NORMAL_LEARNING,eig,optimized,110.0,0.5,1.0,1.0,10,selected_z,0.16472,0.8236,nan,1,7,0.2689092972348881
S3_transport,F,7,3,1,0,NORMAL_LEARNING,eig,optimized,110.0,0.5,1.0,1.0,10,selected_z,0.15884,0.7942,nan,1,8,0.22617843235870438
S3_transport,F,7,3,1,0,NORMAL_LEARNING,eig,optimized,110.0,0.5,1.0,1.0,10,selected_z,0.15295999999999998,0.7647999999999999,nan,1,9,0.1931799516534447
S3_transport,F,7,3,1,0,NORMAL_LEARNING,eig,optimized,110.0,0.5,1.0,1.0,10,selected_z,0.14708,0.7353999999999999,nan,1,10,0.16683570542813797
S3_transport,F,7,3,1,0,NORMAL_LEARNING,eig,optimized,110.0,0.5,1.0,1.0,10,final_z,0.15099999999999997,0.7549999999999998,nan,1,-1,nan
S3_transport,F,7,3,1,0,NORMAL_LEARNING,eig,optimized,110.0,0.5,1.0,1.0,10,final_z,0.15687999999999996,0.7843999999999998,nan,1,-1,nan
S3_transport,F,7,3,1,0,NORMAL_LEARNING,eig,optimized,110.0,0.5,1.0,1.0,10,final_z,0.16276,0.8137999999999999,nan,1,-1,nan
S3_transport,F,7,3,1,0,NORMAL_LEARNING,eig,optimized,110.0,0.5,1.0,1.0,10,final_z,0.16863999999999998,0.8431999999999998,nan,1,-1,nan
S3_transport,F,7,3,1,0,NORMAL_LEARNING,eig,optimized,110.0,0.5,1.0,1.0,10,final_z,0.17451999999999998,0.8725999999999998,nan,1,-1,nan
S3_transport,F,7,3,1,0,NORMAL_LEARNING,eig,optimized,110.0,0.5,1.0,1.0,10,final_z,0.18039999999999998,0.9019999999999998,nan,1,-1,nan
S3_transport,F,7,3,1,0,NORMAL_LEARNING,eig,optimized,110.0,0.5,1.0,1.0,10,final_z,0.18627999999999997,0.9313999999999998,nan,1,-1,nan
S3_transport,F,7,3,1,0,NORMAL_LEARNING,eig,optimized,110.0,0.5,1.0,1.0,10,final_z,0.191376,0.95688,nan,1,-1,nan
S3_transport,F,7,3,1,0,NORMAL_LEARNING,eig,optimized,110.0,0.5,1.0,1.0,10,final_z,0.19568799999999997,0.9784399999999999,nan,1,-1,nan
S3_transport,F,7,3,1,0,NORMAL_LEARNING,eig,optimized,110.0,0.5,1.0,1.0,10,final_z,0.2,1.0,nan,1,-1,nan
S3_transport,F,7,3,2,0,NORMAL_LEARNING,eig,optimized,120.0,0.5,1.0,1.0,10,candidate_z,0.004,0.02,0.7267806944506736,0,-1,nan
S3_transport,F,7,3,2,0,NORMAL_LEARNING,eig,optimized,120.0,0.5,1.0,1.0,10,candidate_z,0.00596,0.0298,1.7249279530584989,0,-1,nan
S3_transport,F,7,3,2,0,NORMAL_LEARNING,eig,optimized,120.0,0.5,1.0,1.0,10,candidate_z,0.00792,0.039599999999999996,2.799240564547601,0,-1,nan
S3_transport,F,7,3,2,0,NORMAL_LEARNING,eig,optimized,120.0,0.5,1.0,1.0,10,candidate_z,0.00988,0.0494,3.778160265035039,0,-1,nan
S3_transport,F,7,3,2,0,NORMAL_LEARNING,eig,optimized,120.0,0.5,1.0,1.0,10,candidate_z,0.01184,0.059199999999999996,4.6382222323071325,0,-1,nan
S3_transport,F,7,3,2,0,NORMAL_LEARNING,eig,optimized,120.0,0.5,1.0,1.0,10,candidate_z,0.0138,0.06899999999999999,5.393092663914928,0,-1,nan
S3_transport,F,7,3,2,0,NORMAL_LEARNING,eig,optimized,120.0,0.5,1.0,1.0,10,candidate_z,0.01576,0.0788,6.0605809597932545,0,-1,nan
S3_transport,F,7,3,2,0,NORMAL_LEARNING,eig,optimized,120.0,0.5,1.0,1.0,10,candidate_z,0.01772,0.0886,6.656039674054526,0,-1,nan
S3_transport,F,7,3,2,0,NORMAL_LEARNING,eig,optimized,120.0,0.5,1.0,1.0,10,candidate_z,0.01968,0.09839999999999999,7.191707025175894,0,-1,nan
S3_transport,F,7,3,2,0,NORMAL_LEARNING,eig,optimized,120.0,0.5,1.0,1.0,10,candidate_z,0.02164,0.10819999999999999,7.677198378397733,0,-1,nan
S3_transport,F,7,3,2,0,NORMAL_LEARNING,eig,optimized,120.0,0.5,1.0,1.0,10,candidate_z,0.0236,0.118,8.120098942613136,0,-1,nan
S3_transport,F,7,3,2,0,NORMAL_LEARNING,eig,optimized,120.0,0.5,1.0,1.0,10,candidate_z,0.02556,0.1278,8.526452483986347,0,-1,nan
S3_transport,F,7,3,2,0,NORMAL_LEARNING,eig,optimized,120.0,0.5,1.0,1.0,10,candidate_z,0.02752,0.1376,8.901131082579003,0,-1,nan
S3_transport,F,7,3,2,0,NORMAL_LEARNING,eig,optimized,120.0,0.5,1.0,1.0,10,candidate_z,0.02948,0.14739999999999998,9.248108904475373,0,-1,nan
S3_transport,F,7,3,2,0,NORMAL_LEARNING,eig,optimized,120.0,0.5,1.0,1.0,10,candidate_z,0.031439999999999996,0.15719999999999998,9.570664295474288,0,-1,nan
S3_transport,F,7,3,2,0,NORMAL_LEARNING,eig,optimized,120.0,0.5,1.0,1.0,10,candidate_z,0.0334,0.16699999999999998,9.871530173528996,0,-1,nan
S3_transport,F,7,3,2,0,NORMAL_LEARNING,eig,optimized,120.0,0.5,1.0,1.0,10,candidate_z,0.03536,0.1768,10.153006923504947,0,-1,nan
S3_transport,F,7,3,2,0,NORMAL_LEARNING,eig,optimized,120.0,0.5,1.0,1.0,10,candidate_z,0.037320000000000006,0.18660000000000002,10.41704832789971,0,-1,nan
S3_transport,F,7,3,2,0,NORMAL_LEARNING,eig,optimized,120.0,0.5,1.0,1.0,10,candidate_z,0.039279999999999995,0.19639999999999996,10.66532737208237,0,-1,nan
S3_transport,F,7,3,2,0,NORMAL_LEARNING,eig,optimized,120.0,0.5,1.0,1.0,10,candidate_z,0.04124,0.2062,10.899287369452509,0,-1,nan
S3_transport,F,7,3,2,0,NORMAL_LEARNING,eig,optimized,120.0,0.5,1.0,1.0,10,candidate_z,0.0432,0.216,11.120182142482715,0,-1,nan
S3_transport,F,7,3,2,0,NORMAL_LEARNING,eig,optimized,120.0,0.5,1.0,1.0,10,candidate_z,0.045160000000000006,0.22580000000000003,11.329107795294867,0,-1,nan
S3_transport,F,7,3,2,0,NORMAL_LEARNING,eig,optimized,120.0,0.5,1.0,1.0,10,candidate_z,0.047119999999999995,0.23559999999999998,11.5270281471842,0,-1,nan
S3_transport,F,7,3,2,0,NORMAL_LEARNING,eig,optimized,120.0,0.5,1.0,1.0,10,candidate_z,0.04908,0.24539999999999998,11.714795261494885,0,-1,nan
S3_transport,F,7,3,2,0,NORMAL_LEARNING,eig,optimized,120.0,0.5,1.0,1.0,10,candidate_z,0.05104,0.2552,11.893166133057278,0,-1,nan
S3_transport,F,7,3,2,0,NORMAL_LEARNING,eig,optimized,120.0,0.5,1.0,1.0,10,candidate_z,0.053000000000000005,0.265,12.062816386922421,0,-1,nan
S3_transport,F,7,3,2,0,NORMAL_LEARNING,eig,optimized,120.0,0.5,1.0,1.0,10,candidate_z,0.054959999999999995,0.27479999999999993,12.224351586204726,0,-1,nan
S3_transport,F,7,3,2,0,NORMAL_LEARNING,eig,optimized,120.0,0.5,1.0,1.0,10,candidate_z,0.05692,0.28459999999999996,12.378316630569635,0,-1,nan
S3_transport,F,7,3,2,0,NORMAL_LEARNING,eig,optimized,120.0,0.5,1.0,1.0,10,candidate_z,0.05888,0.2944,12.525203633007052,0,-1,nan
S3_transport,F,7,3,2,0,NORMAL_LEARNING,eig,optimized,120.0,0.5,1.0,1.0,10,candidate_z,0.060840000000000005,0.3042,12.665458540253262,0,-1,nan
S3_transport,F,7,3,2,0,NORMAL_LEARNING,eig,optimized,120.0,0.5,1.0,1.0,10,candidate_z,0.0628,0.31399999999999995,12.799486751079797,0,-1,nan
S3_transport,F,7,3,2,0,NORMAL_LEARNING,eig,optimized,120.0,0.5,1.0,1.0,10,candidate_z,0.06476,0.3238,12.927657906235424,0,-1,nan
S3_transport,F,7,3,2,0,NORMAL_LEARNING,eig,optimized,120.0,0.5,1.0,1.0,10,candidate_z,0.06672,0.3336,13.050309966451863,0,-1,nan
S3_transport,F,7,3,2,0,NORMAL_LEARNING,eig,optimized,120.0,0.5,1.0,1.0,10,candidate_z,0.06868,0.3434,13.167752725864283,0,-1,nan
S3_transport,F,7,3,2,0,NORMAL_LEARNING,eig,optimized,120.0,0.5,1.0,1.0,10,candidate_z,0.07064000000000001,0.3532,13.280270835908503,0,-1,nan
S3_transport,F,7,3,2,0,NORMAL_LEARNING,eig,optimized,120.0,0.5,1.0,1.0,10,candidate_z,0.0726,0.363,13.388126465377653,0,-1,nan
S3_transport,F,7,3,2,0,NORMAL_LEARNING,eig,optimized,120.0,0.5,1.0,1.0,10,candidate_z,0.07456,0.37279999999999996,13.491561626504406,0,-1,nan
S3_transport,F,7,3,2,0,NORMAL_LEARNING,eig,optimized,120.0,0.5,1.0,1.0,10,candidate_z,0.07652,0.3826,13.590800138813371,0,-1,nan
S3_transport,F,7,3,2,0,NORMAL_LEARNING,eig,optimized,120.0,0.5,1.0,1.0,10,candidate_z,0.07848,0.39239999999999997,13.686049395103986,0,-1,nan
S3_transport,F,7,3,2,0,NORMAL_LEARNING,eig,optimized,120.0,0.5,1.0,1.0,10,candidate_z,0.08044,0.40219999999999995,13.777501901013082,0,-1,nan
S3_transport,F,7,3,2,0,NORMAL_LEARNING,eig,optimized,120.0,0.5,1.0,1.0,10,candidate_z,0.0824,0.412,13.865336714501588,0,-1,nan
S3_transport,F,7,3,2,0,NORMAL_LEARNING,eig,optimized,120.0,0.5,1.0,1.0,10,candidate_z,0.08436,0.4218,13.949720625754228,0,-1,nan
S3_transport,F,7,3,2,0,NORMAL_LEARNING,eig,optimized,120.0,0.5,1.0,1.0,10,candidate_z,0.08632000000000001,0.43160000000000004,14.030809237228432,0,-1,nan
S3_transport,F,7,3,2,0,NORMAL_LEARNING,eig,optimized,120.0,0.5,1.0,1.0,10,candidate_z,0.08828,0.44139999999999996,14.108747926638294,0,-1,nan
S3_transport,F,7,3,2,0,NORMAL_LEARNING,eig,optimized,120.0,0.5,1.0,1.0,10,candidate_z,0.09024,0.4512,14.183672705933276,0,-1,nan
S3_transport,F,7,3,2,0,NORMAL_LEARNING,eig,optimized,120.0,0.5,1.0,1.0,10,candidate_z,0.0922,0.461,14.255711058625408,0,-1,nan
S3_transport,F,7,3,2,0,NORMAL_LEARNING,eig,optimized,120.0,0.5,1.0,1.0,10,candidate_z,0.09416,0.47079999999999994,14.324982582525372,0,-1,nan
S3_transport,F,7,3,2,0,NORMAL_LEARNING,eig,optimized,120.0,0.5,1.0,1.0,10,candidate_z,0.09612,0.48059999999999997,14.391599635508399,0,-1,nan
S3_transport,F,7,3,2,0,NORMAL_LEARNING,eig,optimized,120.0,0.5,1.0,1.0,10,candidate_z,0.09808,0.4904,14.455667884226763,0,-1,nan
S3_transport,F,7,3,2,0,NORMAL_LEARNING,eig,optimized,120.0,0.5,1.0,1.0,10,candidate_z,0.10004,0.5002,14.51728685489288,0,-1,nan
S3_transport,F,7,3,2,0,NORMAL_LEARNING,eig,optimized,120.0,0.5,1.0,1.0,10,candidate_z,0.10200000000000001,0.51,14.576550396818611,0,-1,nan
S3_transport,F,7,3,2,0,NORMAL_LEARNING,eig,optimized,120.0,0.5,1.0,1.0,10,candidate_z,0.10396,0.5197999999999999,14.633525896955973,0,-1,nan
S3_transport,F,7,3,2,0,NORMAL_LEARNING,eig,optimized,120.0,0.5,1.0,1.0,10,candidate_z,0.10592,0.5296,14.68831834781989,0,-1,nan
S3_transport,F,7,3,2,0,NORMAL_LEARNING,eig,optimized,120.0,0.5,1.0,1.0,10,candidate_z,0.10788,0.5394,14.74100697949904,0,-1,nan
S3_transport,F,7,3,2,0,NORMAL_LEARNING,eig,optimized,120.0,0.5,1.0,1.0,10,candidate_z,0.10984,0.5491999999999999,14.791666844889967,0,-1,nan
S3_transport,F,7,3,2,0,NORMAL_LEARNING,eig,optimized,120.0,0.5,1.0,1.0,10,candidate_z,0.1118,0.5589999999999999,14.840369076590907,0,-1,nan
S3_transport,F,7,3,2,0,NORMAL_LEARNING,eig,optimized,120.0,0.5,1.0,1.0,10,candidate_z,0.11376,0.5688,14.887181167610095,0,-1,nan
S3_transport,F,7,3,2,0,NORMAL_LEARNING,eig,optimized,120.0,0.5,1.0,1.0,10,candidate_z,0.11572,0.5786,14.93216721053252,0,-1,nan
S3_transport,F,7,3,2,0,NORMAL_LEARNING,eig,optimized,120.0,0.5,1.0,1.0,10,candidate_z,0.11768,0.5884,14.975388135011286,0,-1,nan
S3_transport,F,7,3,2,0,NORMAL_LEARNING,eig,optimized,120.0,0.5,1.0,1.0,10,candidate_z,0.11964,0.5982,15.016901925563673,0,-1,nan
S3_transport,F,7,3,2,0,NORMAL_LEARNING,eig,optimized,120.0,0.5,1.0,1.0,10,candidate_z,0.1216,0.608,15.056763802996585,0,-1,nan
S3_transport,F,7,3,2,0,NORMAL_LEARNING,eig,optimized,120.0,0.5,1.0,1.0,10,candidate_z,0.12356,0.6178,15.09502640370707,0,-1,nan
S3_transport,F,7,3,2,0,NORMAL_LEARNING,eig,optimized,120.0,0.5,1.0,1.0,10,candidate_z,0.12552,0.6275999999999999,15.131739923459435,0,-1,nan
S3_transport,F,7,3,2,0,NORMAL_LEARNING,eig,optimized,120.0,0.5,1.0,1.0,10,candidate_z,0.12747999999999998,0.6373999999999999,15.166952313955356,0,-1,nan
S3_transport,F,7,3,2,0,NORMAL_LEARNING,eig,optimized,120.0,0.5,1.0,1.0,10,candidate_z,0.12944,0.6472,15.200709393963109,0,-1,nan
S3_transport,F,7,3,2,0,NORMAL_LEARNING,eig,optimized,120.0,0.5,1.0,1.0,10,candidate_z,0.1314,0.6569999999999999,15.233054978216778,0,-1,nan
S3_transport,F,7,3,2,0,NORMAL_LEARNING,eig,optimized,120.0,0.5,1.0,1.0,10,candidate_z,0.13336,0.6668,15.264031000029178,0,-1,nan
S3_transport,F,7,3,2,0,NORMAL_LEARNING,eig,optimized,120.0,0.5,1.0,1.0,10,candidate_z,0.13532,0.6766,15.293677621682733,0,-1,nan
S3_transport,F,7,3,2,0,NORMAL_LEARNING,eig,optimized,120.0,0.5,1.0,1.0,10,candidate_z,0.13728,0.6864,15.322033324094107,0,-1,nan
S3_transport,F,7,3,2,0,NORMAL_LEARNING,eig,optimized,120.0,0.5,1.0,1.0,10,candidate_z,0.13924,0.6961999999999999,15.349134980196553,0,-1,nan
S3_transport,F,7,3,2,0,NORMAL_LEARNING,eig,optimized,120.0,0.5,1.0,1.0,10,candidate_z,0.1412,0.706,15.375018017651154,0,-1,nan
S3_transport,F,7,3,2,0,NORMAL_LEARNING,eig,optimized,120.0,0.5,1.0,1.0,10,candidate_z,0.14316,0.7158,15.39971646626605,0,-1,nan
S3_transport,F,7,3,2,0,NORMAL_LEARNING,eig,optimized,120.0,0.5,1.0,1.0,10,candidate_z,0.14512,0.7255999999999999,15.423263011783781,0,-1,nan
S3_transport,F,7,3,2,0,NORMAL_LEARNING,eig,optimized,120.0,0.5,1.0,1.0,10,candidate_z,0.14708,0.7353999999999999,15.445689080960712,1,-1,nan
S3_transport,F,7,3,2,0,NORMAL_LEARNING,eig,optimized,120.0,0.5,1.0,1.0,10,candidate_z,0.14904,0.7452,15.467024907560685,0,-1,nan
S3_transport,F,7,3,2,0,NORMAL_LEARNING,eig,optimized,120.0,0.5,1.0,1.0,10,candidate_z,0.151,0.7549999999999999,15.487299577140902,0,-1,nan
S3_transport,F,7,3,2,0,NORMAL_LEARNING,eig,optimized,120.0,0.5,1.0,1.0,10,candidate_z,0.15295999999999998,0.7647999999999999,15.506541088049929,1,-1,nan
S3_transport,F,7,3,2,0,NORMAL_LEARNING,eig,optimized,120.0,0.5,1.0,1.0,10,candidate_z,0.15492,0.7746,15.524776439434085,0,-1,nan
S3_transport,F,7,3,2,0,NORMAL_LEARNING,eig,optimized,120.0,0.5,1.0,1.0,10,candidate_z,0.15688,0.7843999999999999,15.542031669214914,0,-1,nan
S3_transport,F,7,3,2,0,NORMAL_LEARNING,eig,optimized,120.0,0.5,1.0,1.0,10,candidate_z,0.15884,0.7942,15.558331878559656,1,-1,nan
S3_transport,F,7,3,2,0,NORMAL_LEARNING,eig,optimized,120.0,0.5,1.0,1.0,10,candidate_z,0.1608,0.8039999999999999,15.57370128794663,0,-1,nan
S3_transport,F,7,3,2,0,NORMAL_LEARNING,eig,optimized,120.0,0.5,1.0,1.0,10,candidate_z,0.16276,0.8137999999999999,15.588163278657206,0,-1,nan
S3_transport,F,7,3,2,0,NORMAL_LEARNING,eig,optimized,120.0,0.5,1.0,1.0,10,candidate_z,0.16472,0.8236,15.601740413906889,1,-1,nan
S3_transport,F,7,3,2,0,NORMAL_LEARNING,eig,optimized,120.0,0.5,1.0,1.0,10,candidate_z,0.16668,0.8333999999999999,15.614454480681104,0,-1,nan
S3_transport,F,7,3,2,0,NORMAL_LEARNING,eig,optimized,120.0,0.5,1.0,1.0,10,candidate_z,0.16864,0.8432000000000001,15.626326565455123,0,-1,nan
S3_transport,F,7,3,2,0,NORMAL_LEARNING,eig,optimized,120.0,0.5,1.0,1.0,10,candidate_z,0.1706,0.853,15.637377055521029,1,-1,nan
S3_transport,F,7,3,2,0,NORMAL_LEARNING,eig,optimized,120.0,0.5,1.0,1.0,10,candidate_z,0.17256,0.8627999999999999,15.647625662270663,0,-1,nan
S3_transport,F,7,3,2,0,NORMAL_LEARNING,eig,optimized,120.0,0.5,1.0,1.0,10,candidate_z,0.17452,0.8726,15.657091457958412,0,-1,nan
S3_transport,F,7,3,2,0,NORMAL_LEARNING,eig,optimized,120.0,0.5,1.0,1.0,10,candidate_z,0.17648,0.8824,15.665792903335003,1,-1,nan
S3_transport,F,7,3,2,0,NORMAL_LEARNING,eig,optimized,120.0,0.5,1.0,1.0,10,candidate_z,0.17844,0.8921999999999999,15.673747857316847,0,-1,nan
S3_transport,F,7,3,2,0,NORMAL_LEARNING,eig,optimized,120.0,0.5,1.0,1.0,10,candidate_z,0.1804,0.902,15.680973584328491,0,-1,nan
S3_transport,F,7,3,2,0,NORMAL_LEARNING,eig,optimized,120.0,0.5,1.0,1.0,10,candidate_z,0.18236,0.9117999999999999,15.687486880428288,1,-1,nan
S3_transport,F,7,3,2,0,NORMAL_LEARNING,eig,optimized,120.0,0.5,1.0,1.0,10,candidate_z,0.18431999999999998,0.9215999999999999,15.693303992675453,0,-1,nan
S3_transport,F,7,3,2,0,NORMAL_LEARNING,eig,optimized,120.0,0.5,1.0,1.0,10,candidate_z,0.18628,0.9314,15.698440671240043,0,-1,nan
S3_transport,F,7,3,2,0,NORMAL_LEARNING,eig,optimized,120.0,0.5,1.0,1.0,10,candidate_z,0.18824,0.9411999999999999,15.702912189339127,1,-1,nan
S3_transport,F,7,3,2,0,NORMAL_LEARNING,eig,optimized,120.0,0.5,1.0,1.0,10,candidate_z,0.1902,0.951,15.70673336129785,0,-1,nan
S3_transport,F,7,3,2,0,NORMAL_LEARNING,eig,optimized,120.0,0.5,1.0,1.0,10,candidate_z,0.19216,0.9608,15.70991855128274,0,-1,nan
S3_transport,F,7,3,2,0,NORMAL_LEARNING,eig,optimized,120.0,0.5,1.0,1.0,10,candidate_z,0.19412,0.9705999999999999,15.712481664109625,1,-1,nan
S3_transport,F,7,3,2,0,NORMAL_LEARNING,eig,optimized,120.0,0.5,1.0,1.0,10,candidate_z,0.19608,0.9803999999999999,15.714436245922737,0,-1,nan
S3_transport,F,7,3,2,0,NORMAL_LEARNING,eig,optimized,120.0,0.5,1.0,1.0,10,candidate_z,0.19804,0.9902,15.715795439494737,0,-1,nan
S3_transport,F,7,3,2,0,NORMAL_LEARNING,eig,optimized,120.0,0.5,1.0,1.0,10,candidate_z,0.2,1.0,15.71657201588404,1,-1,nan
S3_transport,F,7,3,2,0,NORMAL_LEARNING,eig,optimized,120.0,0.5,1.0,1.0,10,selected_z,0.2,1.0,nan,1,1,15.71657201588404
S3_transport,F,7,3,2,0,NORMAL_LEARNING,eig,optimized,120.0,0.5,1.0,1.0,10,selected_z,0.19412,0.9705999999999999,nan,1,2,1.3780318759467214
S3_transport,F,7,3,2,0,NORMAL_LEARNING,eig,optimized,120.0,0.5,1.0,1.0,10,selected_z,0.18824,0.9411999999999999,nan,1,3,0.8053434787146436
S3_transport,F,7,3,2,0,NORMAL_LEARNING,eig,optimized,120.0,0.5,1.0,1.0,10,selected_z,0.18236,0.9117999999999999,nan,1,4,0.5692877051356682
S3_transport,F,7,3,2,0,NORMAL_LEARNING,eig,optimized,120.0,0.5,1.0,1.0,10,selected_z,0.17648,0.8824,nan,1,5,0.4390744058885332
S3_transport,F,7,3,2,0,NORMAL_LEARNING,eig,optimized,120.0,0.5,1.0,1.0,10,selected_z,0.1706,0.853,nan,1,6,0.3560571694280803
S3_transport,F,7,3,2,0,NORMAL_LEARNING,eig,optimized,120.0,0.5,1.0,1.0,10,selected_z,0.16472,0.8236,nan,1,7,0.29821252915957785
S3_transport,F,7,3,2,0,NORMAL_LEARNING,eig,optimized,120.0,0.5,1.0,1.0,10,selected_z,0.15884,0.7942,nan,1,8,0.2553740374595215
S3_transport,F,7,3,2,0,NORMAL_LEARNING,eig,optimized,120.0,0.5,1.0,1.0,10,selected_z,0.15295999999999998,0.7647999999999999,nan,1,9,0.22218929868300208
S3_transport,F,7,3,2,0,NORMAL_LEARNING,eig,optimized,120.0,0.5,1.0,1.0,10,selected_z,0.14708,0.7353999999999999,nan,1,10,0.19556892795552727
S3_transport,F,7,3,2,0,NORMAL_LEARNING,eig,optimized,120.0,0.5,1.0,1.0,10,final_z,0.15099999999999997,0.7549999999999998,nan,1,-1,nan
S3_transport,F,7,3,2,0,NORMAL_LEARNING,eig,optimized,120.0,0.5,1.0,1.0,10,final_z,0.15687999999999996,0.7843999999999998,nan,1,-1,nan
S3_transport,F,7,3,2,0,NORMAL_LEARNING,eig,optimized,120.0,0.5,1.0,1.0,10,final_z,0.16276,0.8137999999999999,nan,1,-1,nan
S3_transport,F,7,3,2,0,NORMAL_LEARNING,eig,optimized,120.0,0.5,1.0,1.0,10,final_z,0.16863999999999998,0.8431999999999998,nan,1,-1,nan
S3_transport,F,7,3,2,0,NORMAL_LEARNING,eig,optimized,120.0,0.5,1.0,1.0,10,final_z,0.17451999999999998,0.8725999999999998,nan,1,-1,nan
S3_transport,F,7,3,2,0,NORMAL_LEARNING,eig,optimized,120.0,0.5,1.0,1.0,10,final_z,0.18039999999999998,0.9019999999999998,nan,1,-1,nan
S3_transport,F,7,3,2,0,NORMAL_LEARNING,eig,optimized,120.0,0.5,1.0,1.0,10,final_z,0.18627999999999997,0.9313999999999998,nan,1,-1,nan
S3_transport,F,7,3,2,0,NORMAL_LEARNING,eig,optimized,120.0,0.5,1.0,1.0,10,final_z,0.191376,0.95688,nan,1,-1,nan
S3_transport,F,7,3,2,0,NORMAL_LEARNING,eig,optimized,120.0,0.5,1.0,1.0,10,final_z,0.19568799999999997,0.9784399999999999,nan,1,-1,nan
S3_transport,F,7,3,2,0,NORMAL_LEARNING,eig,optimized,120.0,0.5,1.0,1.0,10,final_z,0.2,1.0,nan,1,-1,nan
S3_transport,F,7,3,3,0,NORMAL_LEARNING,eig,optimized,100.0,0.5,1.0,1.0,10,candidate_z,0.004,0.02,0.22778514141612316,0,-1,nan
S3_transport,F,7,3,3,0,NORMAL_LEARNING,eig,optimized,100.0,0.5,1.0,1.0,10,candidate_z,0.00596,0.0298,0.5347403474054921,0,-1,nan
S3_transport,F,7,3,3,0,NORMAL_LEARNING,eig,optimized,100.0,0.5,1.0,1.0,10,candidate_z,0.00792,0.039599999999999996,1.002635143558594,0,-1,nan
S3_transport,F,7,3,3,0,NORMAL_LEARNING,eig,optimized,100.0,0.5,1.0,1.0,10,candidate_z,0.00988,0.0494,1.5874796500485822,0,-1,nan
S3_transport,F,7,3,3,0,NORMAL_LEARNING,eig,optimized,100.0,0.5,1.0,1.0,10,candidate_z,0.01184,0.059199999999999996,2.21887211234967,0,-1,nan
S3_transport,F,7,3,3,0,NORMAL_LEARNING,eig,optimized,100.0,0.5,1.0,1.0,10,candidate_z,0.0138,0.06899999999999999,2.8452325383818984,0,-1,nan
S3_transport,F,7,3,3,0,NORMAL_LEARNING,eig,optimized,100.0,0.5,1.0,1.0,10,candidate_z,0.01576,0.0788,3.441366558783768,0,-1,nan
S3_transport,F,7,3,3,0,NORMAL_LEARNING,eig,optimized,100.0,0.5,1.0,1.0,10,candidate_z,0.01772,0.0886,3.9985945619458008,0,-1,nan
S3_transport,F,7,3,3,0,NORMAL_LEARNING,eig,optimized,100.0,0.5,1.0,1.0,10,candidate_z,0.01968,0.09839999999999999,4.516054952538791,0,-1,nan
S3_transport,F,7,3,3,0,NORMAL_LEARNING,eig,optimized,100.0,0.5,1.0,1.0,10,candidate_z,0.02164,0.10819999999999999,4.996042191576411,0,-1,nan
S3_transport,F,7,3,3,0,NORMAL_LEARNING,eig,optimized,100.0,0.5,1.0,1.0,10,candidate_z,0.0236,0.118,5.441879197228648,0,-1,nan
S3_transport,F,7,3,3,0,NORMAL_LEARNING,eig,optimized,100.0,0.5,1.0,1.0,10,candidate_z,0.02556,0.1278,5.857018201415997,0,-1,nan
S3_transport,F,7,3,3,0,NORMAL_LEARNING,eig,optimized,100.0,0.5,1.0,1.0,10,candidate_z,0.02752,0.1376,6.244690543610771,0,-1,nan
S3_transport,F,7,3,3,0,NORMAL_LEARNING,eig,optimized,100.0,0.5,1.0,1.0,10,candidate_z,0.02948,0.14739999999999998,6.607793017081715,0,-1,nan
S3_transport,F,7,3,3,0,NORMAL_LEARNING,eig,optimized,100.0,0.5,1.0,1.0,10,candidate_z,0.031439999999999996,0.15719999999999998,6.948872878716983,0,-1,nan
S3_transport,F,7,3,3,0,NORMAL_LEARNING,eig,optimized,100.0,0.5,1.0,1.0,10,candidate_z,0.0334,0.16699999999999998,7.270152864530061,0,-1,nan
S3_transport,F,7,3,3,0,NORMAL_LEARNING,eig,optimized,100.0,0.5,1.0,1.0,10,candidate_z,0.03536,0.1768,7.57356788954211,0,-1,nan
S3_transport,F,7,3,3,0,NORMAL_LEARNING,eig,optimized,100.0,0.5,1.0,1.0,10,candidate_z,0.037320000000000006,0.18660000000000002,7.8608034987023405,0,-1,nan
S3_transport,F,7,3,3,0,NORMAL_LEARNING,eig,optimized,100.0,0.5,1.0,1.0,10,candidate_z,0.039279999999999995,0.19639999999999996,8.133331451849994,0,-1,nan
S3_transport,F,7,3,3,0,NORMAL_LEARNING,eig,optimized,100.0,0.5,1.0,1.0,10,candidate_z,0.04124,0.2062,8.392440952779625,0,-1,nan
S3_transport,F,7,3,3,0,NORMAL_LEARNING,eig,optimized,100.0,0.5,1.0,1.0,10,candidate_z,0.0432,0.216,8.63926537170768,0,-1,nan
S3_transport,F,7,3,3,0,NORMAL_LEARNING,eig,optimized,100.0,0.5,1.0,1.0,10,candidate_z,0.045160000000000006,0.22580000000000003,8.874804887523792,0,-1,nan
S3_transport,F,7,3,3,0,NORMAL_LEARNING,eig,optimized,100.0,0.5,1.0,1.0,10,candidate_z,0.047119999999999995,0.23559999999999998,9.09994555558394,0,-1,nan
S3_transport,F,7,3,3,0,NORMAL_LEARNING,eig,optimized,100.0,0.5,1.0,1.0,10,candidate_z,0.04908,0.24539999999999998,9.315475293721033,0,-1,nan
S3_transport,F,7,3,3,0,NORMAL_LEARNING,eig,optimized,100.0,0.5,1.0,1.0,10,candidate_z,0.05104,0.2552,9.522097342963601,0,-1,nan
S3_transport,F,7,3,3,0,NORMAL_LEARNING,eig,optimized,100.0,0.5,1.0,1.0,10,candidate_z,0.053000000000000005,0.265,9.720441625904826,0,-1,nan
S3_transport,F,7,3,3,0,NORMAL_LEARNING,eig,optimized,100.0,0.5,1.0,1.0,10,candidate_z,0.054959999999999995,0.27479999999999993,9.911074314358899,0,-1,nan
S3_transport,F,7,3,3,0,NORMAL_LEARNING,eig,optimized,100.0,0.5,1.0,1.0,10,candidate_z,0.05692,0.28459999999999996,10.094505940070775,0,-1,nan
S3_transport,F,7,3,3,0,NORMAL_LEARNING,eig,optimized,100.0,0.5,1.0,1.0,10,candidate_z,0.05888,0.2944,10.271198312823842,0,-1,nan
S3_transport,F,7,3,3,0,NORMAL_LEARNING,eig,optimized,100.0,0.5,1.0,1.0,10,candidate_z,0.060840000000000005,0.3042,10.441570421346448,0,-1,nan
S3_transport,F,7,3,3,0,NORMAL_LEARNING,eig,optimized,100.0,0.5,1.0,1.0,10,candidate_z,0.0628,0.31399999999999995,10.606003483695496,0,-1,nan
S3_transport,F,7,3,3,0,NORMAL_LEARNING,eig,optimized,100.0,0.5,1.0,1.0,10,candidate_z,0.06476,0.3238,10.764845303797927,0,-1,nan
S3_transport,F,7,3,3,0,NORMAL_LEARNING,eig,optimized,100.0,0.5,1.0,1.0,10,candidate_z,0.06672,0.3336,10.918414020371024,0,-1,nan
S3_transport,F,7,3,3,0,NORMAL_LEARNING,eig,optimized,100.0,0.5,1.0,1.0,10,candidate_z,0.06868,0.3434,11.067001333411529,0,-1,nan
S3_transport,F,7,3,3,0,NORMAL_LEARNING,eig,optimized,100.0,0.5,1.0,1.0,10,candidate_z,0.07064000000000001,0.3532,11.210875338112523,0,-1,nan
S3_transport,F,7,3,3,0,NORMAL_LEARNING,eig,optimized,100.0,0.5,1.0,1.0,10,candidate_z,0.0726,0.363,11.350282998277468,0,-1,nan
S3_transport,F,7,3,3,0,NORMAL_LEARNING,eig,optimized,100.0,0.5,1.0,1.0,10,candidate_z,0.07456,0.37279999999999996,11.485452293363853,0,-1,nan
S3_transport,F,7,3,3,0,NORMAL_LEARNING,eig,optimized,100.0,0.5,1.0,1.0,10,candidate_z,0.07652,0.3826,11.616594099661683,0,-1,nan
S3_transport,F,7,3,3,0,NORMAL_LEARNING,eig,optimized,100.0,0.5,1.0,1.0,10,candidate_z,0.07848,0.39239999999999997,11.743903844179233,0,-1,nan
S3_transport,F,7,3,3,0,NORMAL_LEARNING,eig,optimized,100.0,0.5,1.0,1.0,10,candidate_z,0.08044,0.40219999999999995,11.867563005019278,0,-1,nan
S3_transport,F,7,3,3,0,NORMAL_LEARNING,eig,optimized,100.0,0.5,1.0,1.0,10,candidate_z,0.0824,0.412,11.98774040793758,0,-1,nan
S3_transport,F,7,3,3,0,NORMAL_LEARNING,eig,optimized,100.0,0.5,1.0,1.0,10,candidate_z,0.08436,0.4218,12.104593353721473,0,-1,nan
S3_transport,F,7,3,3,0,NORMAL_LEARNING,eig,optimized,100.0,0.5,1.0,1.0,10,candidate_z,0.08632000000000001,0.43160000000000004,12.218268654779841,0,-1,nan
S3_transport,F,7,3,3,0,NORMAL_LEARNING,eig,optimized,100.0,0.5,1.0,1.0,10,candidate_z,0.08828,0.44139999999999996,12.328903547485588,0,-1,nan
S3_transport,F,7,3,3,0,NORMAL_LEARNING,eig,optimized,100.0,0.5,1.0,1.0,10,candidate_z,0.09024,0.4512,12.43662650053814,0,-1,nan
S3_transport,F,7,3,3,0,NORMAL_LEARNING,eig,optimized,100.0,0.5,1.0,1.0,10,candidate_z,0.0922,0.461,12.541557963019141,0,-1,nan
S3_transport,F,7,3,3,0,NORMAL_LEARNING,eig,optimized,100.0,0.5,1.0,1.0,10,candidate_z,0.09416,0.47079999999999994,12.643811028780533,0,-1,nan
S3_transport,F,7,3,3,0,NORMAL_LEARNING,eig,optimized,100.0,0.5,1.0,1.0,10,candidate_z,0.09612,0.48059999999999997,12.743492009224632,0,-1,nan
S3_transport,F,7,3,3,0,NORMAL_LEARNING,eig,optimized,100.0,0.5,1.0,1.0,10,candidate_z,0.09808,0.4904,12.840700974315173,0,-1,nan
S3_transport,F,7,3,3,0,NORMAL_LEARNING,eig,optimized,100.0,0.5,1.0,1.0,10,candidate_z,0.10004,0.5002,12.935532234785416,0,-1,nan
S3_transport,F,7,3,3,0,NORMAL_LEARNING,eig,optimized,100.0,0.5,1.0,1.0,10,candidate_z,0.10200000000000001,0.51,13.02807477592421,0,-1,nan
S3_transport,F,7,3,3,0,NORMAL_LEARNING,eig,optimized,100.0,0.5,1.0,1.0,10,candidate_z,0.10396,0.5197999999999999,13.11841799158762,0,-1,nan
S3_transport,F,7,3,3,0,NORMAL_LEARNING,eig,optimized,100.0,0.5,1.0,1.0,10,candidate_z,0.10592,0.5296,13.206634806954789,0,-1,nan
S3_transport,F,7,3,3,0,NORMAL_LEARNING,eig,optimized,100.0,0.5,1.0,1.0,10,candidate_z,0.10788,0.5394,13.29280060175082,0,-1,nan
S3_transport,F,7,3,3,0,NORMAL_LEARNING,eig,optimized,100.0,0.5,1.0,1.0,10,candidate_z,0.10984,0.5491999999999999,13.376986801963554,0,-1,nan
S3_transport,F,7,3,3,0,NORMAL_LEARNING,eig,optimized,100.0,0.5,1.0,1.0,10,candidate_z,0.1118,0.5589999999999999,13.459261153999798,0,-1,nan
S3_transport,F,7,3,3,0,NORMAL_LEARNING,eig,optimized,100.0,0.5,1.0,1.0,10,candidate_z,0.11376,0.5688,13.539687973624162,0,-1,nan
S3_transport,F,7,3,3,0,NORMAL_LEARNING,eig,optimized,100.0,0.5,1.0,1.0,10,candidate_z,0.11572,0.5786,13.618328376809188,0,-1,nan
S3_transport,F,7,3,3,0,NORMAL_LEARNING,eig,optimized,100.0,0.5,1.0,1.0,10,candidate_z,0.11768,0.5884,13.695240493731642,0,-1,nan
S3_transport,F,7,3,3,0,NORMAL_LEARNING,eig,optimized,100.0,0.5,1.0,1.0,10,candidate_z,0.11964,0.5982,13.77047965830225,0,-1,nan
S3_transport,F,7,3,3,0,NORMAL_LEARNING,eig,optimized,100.0,0.5,1.0,1.0,10,candidate_z,0.1216,0.608,13.844098587043504,0,-1,nan
S3_transport,F,7,3,3,0,NORMAL_LEARNING,eig,optimized,100.0,0.5,1.0,1.0,10,candidate_z,0.12356,0.6178,13.916147543216702,0,-1,nan
S3_transport,F,7,3,3,0,NORMAL_LEARNING,eig,optimized,100.0,0.5,1.0,1.0,10,candidate_z,0.12552,0.6275999999999999,13.986674487007221,0,-1,nan
S3_transport,F,7,3,3,0,NORMAL_LEARNING,eig,optimized,100.0,0.5,1.0,1.0,10,candidate_z,0.12747999999999998,0.6373999999999999,14.055725215380782,0,-1,nan
S3_transport,F,7,3,3,0,NORMAL_LEARNING,eig,optimized,100.0,0.5,1.0,1.0,10,candidate_z,0.12944,0.6472,14.123343493992309,0,-1,nan
S3_transport,F,7,3,3,0,NORMAL_LEARNING,eig,optimized,100.0,0.5,1.0,1.0,10,candidate_z,0.1314,0.6569999999999999,14.189571174419687,0,-1,nan
S3_transport,F,7,3,3,0,NORMAL_LEARNING,eig,optimized,100.0,0.5,1.0,1.0,10,candidate_z,0.13336,0.6668,14.25444830502968,0,-1,nan
S3_transport,F,7,3,3,0,NORMAL_LEARNING,eig,optimized,100.0,0.5,1.0,1.0,10,candidate_z,0.13532,0.6766,14.318013234134874,0,-1,nan
S3_transport,F,7,3,3,0,NORMAL_LEARNING,eig,optimized,100.0,0.5,1.0,1.0,10,candidate_z,0.13728,0.6864,14.380302704022753,0,-1,nan
S3_transport,F,7,3,3,0,NORMAL_LEARNING,eig,optimized,100.0,0.5,1.0,1.0,10,candidate_z,0.13924,0.6961999999999999,14.44135194000939,0,-1,nan
S3_transport,F,7,3,3,0,NORMAL_LEARNING,eig,optimized,100.0,0.5,1.0,1.0,10,candidate_z,0.1412,0.706,14.501194738020402,0,-1,nan
S3_transport,F,7,3,3,0,NORMAL_LEARNING,eig,optimized,100.0,0.5,1.0,1.0,10,candidate_z,0.14316,0.7158,14.559863538336174,0,-1,nan
S3_transport,F,7,3,3,0,NORMAL_LEARNING,eig,optimized,100.0,0.5,1.0,1.0,10,candidate_z,0.14512,0.7255999999999999,14.617389496222213,0,-1,nan
S3_transport,F,7,3,3,0,NORMAL_LEARNING,eig,optimized,100.0,0.5,1.0,1.0,10,candidate_z,0.14708,0.7353999999999999,14.673802550298014,1,-1,nan
S3_transport,F,7,3,3,0,NORMAL_LEARNING,eig,optimized,100.0,0.5,1.0,1.0,10,candidate_z,0.14904,0.7452,14.72913148531336,0,-1,nan
S3_transport,F,7,3,3,0,NORMAL_LEARNING,eig,optimized,100.0,0.5,1.0,1.0,10,candidate_z,0.151,0.7549999999999999,14.78340399095886,0,-1,nan
S3_transport,F,7,3,3,0,NORMAL_LEARNING,eig,optimized,100.0,0.5,1.0,1.0,10,candidate_z,0.15295999999999998,0.7647999999999999,14.83664671686634,1,-1,nan
S3_transport,F,7,3,3,0,NORMAL_LEARNING,eig,optimized,100.0,0.5,1.0,1.0,10,candidate_z,0.15492,0.7746,14.88888532419955,0,-1,nan
S3_transport,F,7,3,3,0,NORMAL_LEARNING,eig,optimized,100.0,0.5,1.0,1.0,10,candidate_z,0.15688,0.7843999999999999,14.940144534145045,0,-1,nan
S3_transport,F,7,3,3,0,NORMAL_LEARNING,eig,optimized,100.0,0.5,1.0,1.0,10,candidate_z,0.15884,0.7942,14.990448160801513,1,-1,nan
S3_transport,F,7,3,3,0,NORMAL_LEARNING,eig,optimized,100.0,0.5,1.0,1.0,10,candidate_z,0.1608,0.8039999999999999,15.039819170248677,0,-1,nan
S3_transport,F,7,3,3,0,NORMAL_LEARNING,eig,optimized,100.0,0.5,1.0,1.0,10,candidate_z,0.16276,0.8137999999999999,15.088279734456734,0,-1,nan
S3_transport,F,7,3,3,0,NORMAL_LEARNING,eig,optimized,100.0,0.5,1.0,1.0,10,candidate_z,0.16472,0.8236,15.135851240308089,1,-1,nan
S3_transport,F,7,3,3,0,NORMAL_LEARNING,eig,optimized,100.0,0.5,1.0,1.0,10,candidate_z,0.16668,0.8333999999999999,15.182554336115565,0,-1,nan
S3_transport,F,7,3,3,0,NORMAL_LEARNING,eig,optimized,100.0,0.5,1.0,1.0,10,candidate_z,0.16864,0.8432000000000001,15.228408965224716,0,-1,nan
S3_transport,F,7,3,3,0,NORMAL_LEARNING,eig,optimized,100.0,0.5,1.0,1.0,10,candidate_z,0.1706,0.853,15.273434397702026,1,-1,nan
S3_transport,F,7,3,3,0,NORMAL_LEARNING,eig,optimized,100.0,0.5,1.0,1.0,10,candidate_z,0.17256,0.8627999999999999,15.317649260205023,0,-1,nan
S3_transport,F,7,3,3,0,NORMAL_LEARNING,eig,optimized,100.0,0.5,1.0,1.0,10,candidate_z,0.17452,0.8726,15.361071564240355,0,-1,nan
S3_transport,F,7,3,3,0,NORMAL_LEARNING,eig,optimized,100.0,0.5,1.0,1.0,10,candidate_z,0.17648,0.8824,15.403718732869713,1,-1,nan
S3_transport,F,7,3,3,0,NORMAL_LEARNING,eig,optimized,100.0,0.5,1.0,1.0,10,candidate_z,0.17844,0.8921999999999999,15.445607622418805,0,-1,nan
S3_transport,F,7,3,3,0,NORMAL_LEARNING,eig,optimized,100.0,0.5,1.0,1.0,10,candidate_z,0.1804,0.902,15.486754541217493,0,-1,nan
S3_transport,F,7,3,3,0,NORMAL_LEARNING,eig,optimized,100.0,0.5,1.0,1.0,10,candidate_z,0.18236,0.9117999999999999,15.527175292409957,1,-1,nan
S3_transport,F,7,3,3,0,NORMAL_LEARNING,eig,optimized,100.0,0.5,1.0,1.0,10,candidate_z,0.18431999999999998,0.9215999999999999,15.566885189528577,0,-1,nan
S3_transport,F,7,3,3,0,NORMAL_LEARNING,eig,optimized,100.0,0.5,1.0,1.0,10,candidate_z,0.18628,0.9314,15.605899064630734,0,-1,nan
S3_transport,F,7,3,3,0,NORMAL_LEARNING,eig,optimized,100.0,0.5,1.0,1.0,10,candidate_z,0.18824,0.9411999999999999,15.644231294161557,1,-1,nan
S3_transport,F,7,3,3,0,NORMAL_LEARNING,eig,optimized,100.0,0.5,1.0,1.0,10,candidate_z,0.1902,0.951,15.68189581731405,0,-1,nan
S3_transport,F,7,3,3,0,NORMAL_LEARNING,eig,optimized,100.0,0.5,1.0,1.0,10,candidate_z,0.19216,0.9608,15.71890615348072,0,-1,nan
S3_transport,F,7,3,3,0,NORMAL_LEARNING,eig,optimized,100.0,0.5,1.0,1.0,10,candidate_z,0.19412,0.9705999999999999,15.755275418835236,1,-1,nan
S3_transport,F,7,3,3,0,NORMAL_LEARNING,eig,optimized,100.0,0.5,1.0,1.0,10,candidate_z,0.19608,0.9803999999999999,15.791016342097315,0,-1,nan
S3_transport,F,7,3,3,0,NORMAL_LEARNING,eig,optimized,100.0,0.5,1.0,1.0,10,candidate_z,0.19804,0.9902,15.826141279514601,0,-1,nan
S3_transport,F,7,3,3,0,NORMAL_LEARNING,eig,optimized,100.0,0.5,1.0,1.0,10,candidate_z,0.2,1.0,15.86066222684007,1,-1,nan
S3_transport,F,7,3,3,0,NORMAL_LEARNING,eig,optimized,100.0,0.5,1.0,1.0,10,selected_z,0.2,1.0,nan,1,1,15.86066222684007
S3_transport,F,7,3,3,0,NORMAL_LEARNING,eig,optimized,100.0,0.5,1.0,1.0,10,selected_z,0.19412,0.9705999999999999,nan,1,2,1.3301108318909414
S3_transport,F,7,3,3,0,NORMAL_LEARNING,eig,optimized,100.0,0.5,1.0,1.0,10,selected_z,0.18824,0.9411999999999999,nan,1,3,0.7564210366242534
S3_transport,F,7,3,3,0,NORMAL_LEARNING,eig,optimized,100.0,0.5,1.0,1.0,10,selected_z,0.18236,0.9117999999999999,nan,1,4,0.5204195080628367
S3_transport,F,7,3,3,0,NORMAL_LEARNING,eig,optimized,100.0,0.5,1.0,1.0,10,selected_z,0.17648,0.8824,nan,1,5,0.39050208510103346
S3_transport,F,7,3,3,0,NORMAL_LEARNING,eig,optimized,100.0,0.5,1.0,1.0,10,selected_z,0.1706,0.853,nan,1,6,0.3079014400239366
S3_transport,F,7,3,3,0,NORMAL_LEARNING,eig,optimized,100.0,0.5,1.0,1.0,10,selected_z,0.16472,0.8236,nan,1,7,0.2505725823948488
S3_transport,F,7,3,3,0,NORMAL_LEARNING,eig,optimized,100.0,0.5,1.0,1.0,10,selected_z,0.15884,0.7942,nan,1,8,0.2083516841321753
S3_transport,F,7,3,3,0,NORMAL_LEARNING,eig,optimized,100.0,0.5,1.0,1.0,10,selected_z,0.15295999999999998,0.7647999999999999,nan,1,9,0.17589591399418936
S3_transport,F,7,3,3,0,NORMAL_LEARNING,eig,optimized,100.0,0.5,1.0,1.0,10,selected_z,0.14708,0.7353999999999999,nan,1,10,0.15012697386712404
S3_transport,F,7,3,3,0,NORMAL_LEARNING,eig,optimized,100.0,0.5,1.0,1.0,10,final_z,0.15099999999999997,0.7549999999999998,nan,1,-1,nan
S3_transport,F,7,3,3,0,NORMAL_LEARNING,eig,optimized,100.0,0.5,1.0,1.0,10,final_z,0.15687999999999996,0.7843999999999998,nan,1,-1,nan
S3_transport,F,7,3,3,0,NORMAL_LEARNING,eig,optimized,100.0,0.5,1.0,1.0,10,final_z,0.16276,0.8137999999999999,nan,1,-1,nan
S3_transport,F,7,3,3,0,NORMAL_LEARNING,eig,optimized,100.0,0.5,1.0,1.0,10,final_z,0.16863999999999998,0.8431999999999998,nan,1,-1,nan
S3_transport,F,7,3,3,0,NORMAL_LEARNING,eig,optimized,100.0,0.5,1.0,1.0,10,final_z,0.17451999999999998,0.8725999999999998,nan,1,-1,nan
S3_transport,F,7,3,3,0,NORMAL_LEARNING,eig,optimized,100.0,0.5,1.0,1.0,10,final_z,0.18039999999999998,0.9019999999999998,nan,1,-1,nan
S3_transport,F,7,3,3,0,NORMAL_LEARNING,eig,optimized,100.0,0.5,1.0,1.0,10,final_z,0.18627999999999997,0.9313999999999998,nan,1,-1,nan
S3_transport,F,7,3,3,0,NORMAL_LEARNING,eig,optimized,100.0,0.5,1.0,1.0,10,final_z,0.191376,0.95688,nan,1,-1,nan
S3_transport,F,7,3,3,0,NORMAL_LEARNING,eig,optimized,100.0,0.5,1.0,1.0,10,final_z,0.19568799999999997,0.9784399999999999,nan,1,-1,nan
S3_transport,F,7,3,3,0,NORMAL_LEARNING,eig,optimized,100.0,0.5,1.0,1.0,10,final_z,0.2,1.0,nan,1,-1,nan
S3_transport,F,7,3,4,1,NORMAL_LEARNING,eig,optimized,130.0,0.5,1.0,1.0,10,candidate_z,0.004,0.02,1.1434256811644286,0,-1,nan
S3_transport,F,7,3,4,1,NORMAL_LEARNING,eig,optimized,130.0,0.5,1.0,1.0,10,candidate_z,0.00596,0.0298,2.434716861292511,0,-1,nan
S3_transport,F,7,3,4,1,NORMAL_LEARNING,eig,optimized,130.0,0.5,1.0,1.0,10,candidate_z,0.00792,0.039599999999999996,3.624529260654242,0,-1,nan
S3_transport,F,7,3,4,1,NORMAL_LEARNING,eig,optimized,130.0,0.5,1.0,1.0,10,candidate_z,0.00988,0.0494,4.639431579392705,0,-1,nan
S3_transport,F,7,3,4,1,NORMAL_LEARNING,eig,optimized,130.0,0.5,1.0,1.0,10,candidate_z,0.01184,0.059199999999999996,5.505151122348725,0,-1,nan
S3_transport,F,7,3,4,1,NORMAL_LEARNING,eig,optimized,130.0,0.5,1.0,1.0,10,candidate_z,0.0138,0.06899999999999999,6.252740503545338,0,-1,nan
S3_transport,F,7,3,4,1,NORMAL_LEARNING,eig,optimized,130.0,0.5,1.0,1.0,10,candidate_z,0.01576,0.0788,6.906594140425437,0,-1,nan
S3_transport,F,7,3,4,1,NORMAL_LEARNING,eig,optimized,130.0,0.5,1.0,1.0,10,candidate_z,0.01772,0.0886,7.484876773823423,0,-1,nan
S3_transport,F,7,3,4,1,NORMAL_LEARNING,eig,optimized,130.0,0.5,1.0,1.0,10,candidate_z,0.01968,0.09839999999999999,8.001162620701635,0,-1,nan
S3_transport,F,7,3,4,1,NORMAL_LEARNING,eig,optimized,130.0,0.5,1.0,1.0,10,candidate_z,0.02164,0.10819999999999999,8.465761579169502,0,-1,nan
S3_transport,F,7,3,4,1,NORMAL_LEARNING,eig,optimized,130.0,0.5,1.0,1.0,10,candidate_z,0.0236,0.118,8.886649881631225,0,-1,nan
S3_transport,F,7,3,4,1,NORMAL_LEARNING,eig,optimized,130.0,0.5,1.0,1.0,10,candidate_z,0.02556,0.1278,9.27010913977752,0,-1,nan
S3_transport,F,7,3,4,1,NORMAL_LEARNING,eig,optimized,130.0,0.5,1.0,1.0,10,candidate_z,0.02752,0.1376,9.621167906693866,0,-1,nan
S3_transport,F,7,3,4,1,NORMAL_LEARNING,eig,optimized,130.0,0.5,1.0,1.0,10,candidate_z,0.02948,0.14739999999999998,9.94391118230729,0,-1,nan
S3_transport,F,7,3,4,1,NORMAL_LEARNING,eig,optimized,130.0,0.5,1.0,1.0,10,candidate_z,0.031439999999999996,0.15719999999999998,10.241701413285597,0,-1,nan
S3_transport,F,7,3,4,1,NORMAL_LEARNING,eig,optimized,130.0,0.5,1.0,1.0,10,candidate_z,0.0334,0.16699999999999998,10.517339002754948,0,-1,nan
S3_transport,F,7,3,4,1,NORMAL_LEARNING,eig,optimized,130.0,0.5,1.0,1.0,10,candidate_z,0.03536,0.1768,10.773180859933099,0,-1,nan
S3_transport,F,7,3,4,1,NORMAL_LEARNING,eig,optimized,130.0,0.5,1.0,1.0,10,candidate_z,0.037320000000000006,0.18660000000000002,11.01122939575805,0,-1,nan
S3_transport,F,7,3,4,1,NORMAL_LEARNING,eig,optimized,130.0,0.5,1.0,1.0,10,candidate_z,0.039279999999999995,0.19639999999999996,11.233200261375082,0,-1,nan
S3_transport,F,7,3,4,1,NORMAL_LEARNING,eig,optimized,130.0,0.5,1.0,1.0,10,candidate_z,0.04124,0.2062,11.440574638778894,0,-1,nan
S3_transport,F,7,3,4,1,NORMAL_LEARNING,eig,optimized,130.0,0.5,1.0,1.0,10,candidate_z,0.0432,0.216,11.634640097855979,0,-1,nan
S3_transport,F,7,3,4,1,NORMAL_LEARNING,eig,optimized,130.0,0.5,1.0,1.0,10,candidate_z,0.045160000000000006,0.22580000000000003,11.816522910464215,0,-1,nan
S3_transport,F,7,3,4,1,NORMAL_LEARNING,eig,optimized,130.0,0.5,1.0,1.0,10,candidate_z,0.047119999999999995,0.23559999999999998,11.987213824173235,0,-1,nan
S3_transport,F,7,3,4,1,NORMAL_LEARNING,eig,optimized,130.0,0.5,1.0,1.0,10,candidate_z,0.04908,0.24539999999999998,12.1475888368387,0,-1,nan
S3_transport,F,7,3,4,1,NORMAL_LEARNING,eig,optimized,130.0,0.5,1.0,1.0,10,candidate_z,0.05104,0.2552,12.298426221355932,0,-1,nan
S3_transport,F,7,3,4,1,NORMAL_LEARNING,eig,optimized,130.0,0.5,1.0,1.0,10,candidate_z,0.053000000000000005,0.265,12.44042042710899,0,-1,nan
S3_transport,F,7,3,4,1,NORMAL_LEARNING,eig,optimized,130.0,0.5,1.0,1.0,10,candidate_z,0.054959999999999995,0.27479999999999993,12.574193516321124,0,-1,nan
S3_transport,F,7,3,4,1,NORMAL_LEARNING,eig,optimized,130.0,0.5,1.0,1.0,10,candidate_z,0.05692,0.28459999999999996,12.700304847140682,0,-1,nan
S3_transport,F,7,3,4,1,NORMAL_LEARNING,eig,optimized,130.0,0.5,1.0,1.0,10,candidate_z,0.05888,0.2944,12.819259160637962,0,-1,nan
S3_transport,F,7,3,4,1,NORMAL_LEARNING,eig,optimized,130.0,0.5,1.0,1.0,10,candidate_z,0.060840000000000005,0.3042,12.931513308362192,0,-1,nan
S3_transport,F,7,3,4,1,NORMAL_LEARNING,eig,optimized,130.0,0.5,1.0,1.0,10,candidate_z,0.0628,0.31399999999999995,13.03748209786135,0,-1,nan
S3_transport,F,7,3,4,1,NORMAL_LEARNING,eig,optimized,130.0,0.5,1.0,1.0,10,candidate_z,0.06476,0.3238,13.137543290013454,0,-1,nan
S3_transport,F,7,3,4,1,NORMAL_LEARNING,eig,optimized,130.0,0.5,1.0,1.0,10,candidate_z,0.06672,0.3336,13.232041778750137,0,-1,nan
S3_transport,F,7,3,4,1,NORMAL_LEARNING,eig,optimized,130.0,0.5,1.0,1.0,10,candidate_z,0.06868,0.3434,13.321293291073935,0,-1,nan
S3_transport,F,7,3,4,1,NORMAL_LEARNING,eig,optimized,130.0,0.5,1.0,1.0,10,candidate_z,0.07064000000000001,0.3532,13.405587625791036,0,-1,nan
S3_transport,F,7,3,4,1,NORMAL_LEARNING,eig,optimized,130.0,0.5,1.0,1.0,10,candidate_z,0.0726,0.363,13.485191362354854,0,-1,nan
S3_transport,F,7,3,4,1,NORMAL_LEARNING,eig,optimized,130.0,0.5,1.0,1.0,10,candidate_z,0.07456,0.37279999999999996,13.560350289613389,0,-1,nan
S3_transport,F,7,3,4,1,NORMAL_LEARNING,eig,optimized,130.0,0.5,1.0,1.0,10,candidate_z,0.07652,0.3826,13.631291580523758,0,-1,nan
S3_transport,F,7,3,4,1,NORMAL_LEARNING,eig,optimized,130.0,0.5,1.0,1.0,10,candidate_z,0.07848,0.39239999999999997,13.698225607578046,0,-1,nan
S3_transport,F,7,3,4,1,NORMAL_LEARNING,eig,optimized,130.0,0.5,1.0,1.0,10,candidate_z,0.08044,0.40219999999999995,13.761347584774914,0,-1,nan
S3_transport,F,7,3,4,1,NORMAL_LEARNING,eig,optimized,130.0,0.5,1.0,1.0,10,candidate_z,0.0824,0.412,13.820839048846096,0,-1,nan
S3_transport,F,7,3,4,1,NORMAL_LEARNING,eig,optimized,130.0,0.5,1.0,1.0,10,candidate_z,0.08436,0.4218,13.876869126012103,0,-1,nan
S3_transport,F,7,3,4,1,NORMAL_LEARNING,eig,optimized,130.0,0.5,1.0,1.0,10,candidate_z,0.08632000000000001,0.43160000000000004,13.929595648744595,0,-1,nan
S3_transport,F,7,3,4,1,NORMAL_LEARNING,eig,optimized,130.0,0.5,1.0,1.0,10,candidate_z,0.08828,0.44139999999999996,13.979166210741042,0,-1,nan
S3_transport,F,7,3,4,1,NORMAL_LEARNING,eig,optimized,130.0,0.5,1.0,1.0,10,candidate_z,0.09024,0.4512,14.025719059688903,0,-1,nan
S3_transport,F,7,3,4,1,NORMAL_LEARNING,eig,optimized,130.0,0.5,1.0,1.0,10,candidate_z,0.0922,0.461,14.069383883252588,0,-1,nan
S3_transport,F,7,3,4,1,NORMAL_LEARNING,eig,optimized,130.0,0.5,1.0,1.0,10,candidate_z,0.09416,0.47079999999999994,14.11028251064711,0,-1,nan
S3_transport,F,7,3,4,1,NORMAL_LEARNING,eig,optimized,130.0,0.5,1.0,1.0,10,candidate_z,0.09612,0.48059999999999997,14.148529475129774,0,-1,nan
S3_transport,F,7,3,4,1,NORMAL_LEARNING,eig,optimized,130.0,0.5,1.0,1.0,10,candidate_z,0.09808,0.4904,14.184232846052833,0,-1,nan
S3_transport,F,7,3,4,1,NORMAL_LEARNING,eig,optimized,130.0,0.5,1.0,1.0,10,candidate_z,0.10004,0.5002,14.217494532067121,0,-1,nan
S3_transport,F,7,3,4,1,NORMAL_LEARNING,eig,optimized,130.0,0.5,1.0,1.0,10,candidate_z,0.10200000000000001,0.51,14.248410807200734,0,-1,nan
S3_transport,F,7,3,4,1,NORMAL_LEARNING,eig,optimized,130.0,0.5,1.0,1.0,10,candidate_z,0.10396,0.5197999999999999,14.277036705501033,0,-1,nan
S3_transport,F,7,3,4,1,NORMAL_LEARNING,eig,optimized,130.0,0.5,1.0,1.0,10,candidate_z,0.10592,0.5296,14.303495796400956,0,-1,nan
S3_transport,F,7,3,4,1,NORMAL_LEARNING,eig,optimized,130.0,0.5,1.0,1.0,10,candidate_z,0.10788,0.5394,14.327869812472326,0,-1,nan
S3_transport,F,7,3,4,1,NORMAL_LEARNING,eig,optimized,130.0,0.5,1.0,1.0,10,candidate_z,0.10984,0.5491999999999999,14.350236268256655,0,-1,nan
S3_transport,F,7,3,4,1,NORMAL_LEARNING,eig,optimized,130.0,0.5,1.0,1.0,10,candidate_z,0.1118,0.5589999999999999,14.370668773273103,0,-1,nan
S3_transport,F,7,3,4,1,NORMAL_LEARNING,eig,optimized,130.0,0.5,1.0,1.0,10,candidate_z,0.11376,0.5688,14.389237181002002,1,-1,nan
S3_transport,F,7,3,4,1,NORMAL_LEARNING,eig,optimized,130.0,0.5,1.0,1.0,10,candidate_z,0.11572,0.5786,14.406008067700249,0,-1,nan
S3_transport,F,7,3,4,1,NORMAL_LEARNING,eig,optimized,130.0,0.5,1.0,1.0,10,candidate_z,0.11768,0.5884,14.421044784790904,0,-1,nan
S3_transport,F,7,3,4,1,NORMAL_LEARNING,eig,optimized,130.0,0.5,1.0,1.0,10,candidate_z,0.11964,0.5982,14.4344076895172,1,-1,nan
S3_transport,F,7,3,4,1,NORMAL_LEARNING,eig,optimized,130.0,0.5,1.0,1.0,10,candidate_z,0.1216,0.608,14.446154291122674,0,-1,nan
S3_transport,F,7,3,4,1,NORMAL_LEARNING,eig,optimized,130.0,0.5,1.0,1.0,10,candidate_z,0.12356,0.6178,14.456339437098151,0,-1,nan
S3_transport,F,7,3,4,1,NORMAL_LEARNING,eig,optimized,130.0,0.5,1.0,1.0,10,candidate_z,0.12552,0.6275999999999999,14.46501555580791,1,-1,nan
S3_transport,F,7,3,4,1,NORMAL_LEARNING,eig,optimized,130.0,0.5,1.0,1.0,10,candidate_z,0.12747999999999998,0.6373999999999999,14.472232726385752,0,-1,nan
S3_transport,F,7,3,4,1,NORMAL_LEARNING,eig,optimized,130.0,0.5,1.0,1.0,10,candidate_z,0.12944,0.6472,14.478038825747156,0,-1,nan
S3_transport,F,7,3,4,1,NORMAL_LEARNING,eig,optimized,130.0,0.5,1.0,1.0,10,candidate_z,0.1314,0.6569999999999999,14.482479540716298,1,-1,nan
S3_transport,F,7,3,4,1,NORMAL_LEARNING,eig,optimized,130.0,0.5,1.0,1.0,10,candidate_z,0.13336,0.6668,14.485598688943753,0,-1,nan
S3_transport,F,7,3,4,1,NORMAL_LEARNING,eig,optimized,130.0,0.5,1.0,1.0,10,candidate_z,0.13532,0.6766,14.48743823972982,0,-1,nan
S3_transport,F,7,3,4,1,NORMAL_LEARNING,eig,optimized,130.0,0.5,1.0,1.0,10,candidate_z,0.13728,0.6864,14.488038392363531,1,-1,nan
S3_transport,F,7,3,4,1,NORMAL_LEARNING,eig,optimized,130.0,0.5,1.0,1.0,10,candidate_z,0.13924,0.6961999999999999,14.487437659558491,0,-1,nan
S3_transport,F,7,3,4,1,NORMAL_LEARNING,eig,optimized,130.0,0.5,1.0,1.0,10,candidate_z,0.1412,0.706,14.485672927754266,0,-1,nan
S3_transport,F,7,3,4,1,NORMAL_LEARNING,eig,optimized,130.0,0.5,1.0,1.0,10,candidate_z,0.14316,0.7158,14.482779652458873,1,-1,nan
S3_transport,F,7,3,4,1,NORMAL_LEARNING,eig,optimized,130.0,0.5,1.0,1.0,10,candidate_z,0.14512,0.7255999999999999,14.478791897184081,0,-1,nan
S3_transport,F,7,3,4,1,NORMAL_LEARNING,eig,optimized,130.0,0.5,1.0,1.0,10,candidate_z,0.14708,0.7353999999999999,14.473742385430597,0,-1,nan
S3_transport,F,7,3,4,1,NORMAL_LEARNING,eig,optimized,130.0,0.5,1.0,1.0,10,candidate_z,0.14904,0.7452,14.46766242499901,1,-1,nan
S3_transport,F,7,3,4,1,NORMAL_LEARNING,eig,optimized,130.0,0.5,1.0,1.0,10,candidate_z,0.151,0.7549999999999999,14.46058217528996,0,-1,nan
S3_transport,F,7,3,4,1,NORMAL_LEARNING,eig,optimized,130.0,0.5,1.0,1.0,10,candidate_z,0.15295999999999998,0.7647999999999999,14.452530749590693,0,-1,nan
S3_transport,F,7,3,4,1,NORMAL_LEARNING,eig,optimized,130.0,0.5,1.0,1.0,10,candidate_z,0.15492,0.7746,14.443536113057974,1,-1,nan
S3_transport,F,7,3,4,1,NORMAL_LEARNING,eig,optimized,130.0,0.5,1.0,1.0,10,candidate_z,0.15688,0.7843999999999999,14.433625198788889,0,-1,nan
S3_transport,F,7,3,4,1,NORMAL_LEARNING,eig,optimized,130.0,0.5,1.0,1.0,10,candidate_z,0.15884,0.7942,14.422823983897306,0,-1,nan
S3_transport,F,7,3,4,1,NORMAL_LEARNING,eig,optimized,130.0,0.5,1.0,1.0,10,candidate_z,0.1608,0.8039999999999999,14.411157332085743,0,-1,nan
S3_transport,F,7,3,4,1,NORMAL_LEARNING,eig,optimized,130.0,0.5,1.0,1.0,10,candidate_z,0.16276,0.8137999999999999,14.39864915744731,0,-1,nan
S3_transport,F,7,3,4,1,NORMAL_LEARNING,eig,optimized,130.0,0.5,1.0,1.0,10,candidate_z,0.16472,0.8236,14.385322775963491,0,-1,nan
S3_transport,F,7,3,4,1,NORMAL_LEARNING,eig,optimized,130.0,0.5,1.0,1.0,10,candidate_z,0.16668,0.8333999999999999,14.371200561694462,0,-1,nan
S3_transport,F,7,3,4,1,NORMAL_LEARNING,eig,optimized,130.0,0.5,1.0,1.0,10,candidate_z,0.16864,0.8432000000000001,14.356304097952972,0,-1,nan
S3_transport,F,7,3,4,1,NORMAL_LEARNING,eig,optimized,130.0,0.5,1.0,1.0,10,candidate_z,0.1706,0.853,14.340654204716156,0,-1,nan
S3_transport,F,7,3,4,1,NORMAL_LEARNING,eig,optimized,130.0,0.5,1.0,1.0,10,candidate_z,0.17256,0.8627999999999999,14.324271039779951,0,-1,nan
S3_transport,F,7,3,4,1,NORMAL_LEARNING,eig,optimized,130.0,0.5,1.0,1.0,10,candidate_z,0.17452,0.8726,14.30717417633226,0,-1,nan
S3_transport,F,7,3,4,1,NORMAL_LEARNING,eig,optimized,130.0,0.5,1.0,1.0,10,candidate_z,0.17648,0.8824,14.289382340422993,0,-1,nan
S3_transport,F,7,3,4,1,NORMAL_LEARNING,eig,optimized,130.0,0.5,1.0,1.0,10,candidate_z,0.17844,0.8921999999999999,14.270913698095832,0,-1,nan
S3_transport,F,7,3,4,1,NORMAL_LEARNING,eig,optimized,130.0,0.5,1.0,1.0,10,candidate_z,0.1804,0.902,14.251785820907912,0,-1,nan
S3_transport,F,7,3,4,1,NORMAL_LEARNING,eig,optimized,130.0,0.5,1.0,1.0,10,candidate_z,0.18236,0.9117999999999999,14.232015699819879,0,-1,nan
S3_transport,F,7,3,4,1,NORMAL_LEARNING,eig,optimized,130.0,0.5,1.0,1.0,10,candidate_z,0.18431999999999998,0.9215999999999999,14.211619788448896,0,-1,nan
S3_transport,F,7,3,4,1,NORMAL_LEARNING,eig,optimized,130.0,0.5,1.0,1.0,10,candidate_z,0.18628,0.9314,14.190614134952078,0,-1,nan
S3_transport,F,7,3,4,1,NORMAL_LEARNING,eig,optimized,130.0,0.5,1.0,1.0,10,candidate_z,0.18824,0.9411999999999999,14.169014128777178,0,-1,nan
S3_transport,F,7,3,4,1,NORMAL_LEARNING,eig,optimized,130.0,0.5,1.0,1.0,10,candidate_z,0.1902,0.951,14.146834709938641,0,-1,nan
S3_transport,F,7,3,4,1,NORMAL_LEARNING,eig,optimized,130.0,0.5,1.0,1.0,10,candidate_z,0.19216,0.9608,14.124090367853338,0,-1,nan
S3_transport,F,7,3,4,1,NORMAL_LEARNING,eig,optimized,130.0,0.5,1.0,1.0,10,candidate_z,0.19412,0.9705999999999999,14.100795146425853,1,-1,nan
S3_transport,F,7,3,4,1,NORMAL_LEARNING,eig,optimized,130.0,0.5,1.0,1.0,10,candidate_z,0.19608,0.9803999999999999,14.0769626613267,0,-1,nan
S3_transport,F,7,3,4,1,NORMAL_LEARNING,eig,optimized,130.0,0.5,1.0,1.0,10,candidate_z,0.19804,0.9902,14.05260612746411,0,-1,nan
S3_transport,F,7,3,4,1,NORMAL_LEARNING,eig,optimized,130.0,0.5,1.0,1.0,10,candidate_z,0.2,1.0,14.0277383672816,1,-1,nan
S3_transport,F,7,3,4,1,NORMAL_LEARNING,eig,optimized,130.0,0.5,1.0,1.0,10,selected_z,0.13728,0.6864,nan,1,1,14.488038392363531
S3_transport,F,7,3,4,1,NORMAL_LEARNING,eig,optimized,130.0,0.5,1.0,1.0,10,selected_z,0.14316,0.7158,nan,1,2,1.3723074767359371
S3_transport,F,7,3,4,1,NORMAL_LEARNING,eig,optimized,130.0,0.5,1.0,1.0,10,selected_z,0.1314,0.6569999999999999,nan,1,3,0.8069198260606818
S3_transport,F,7,3,4,1,NORMAL_LEARNING,eig,optimized,130.0,0.5,1.0,1.0,10,selected_z,0.14904,0.7452,nan,1,4,0.571135724967629
S3_transport,F,7,3,4,1,NORMAL_LEARNING,eig,optimized,130.0,0.5,1.0,1.0,10,selected_z,0.12552,0.6275999999999999,nan,1,5,0.4447753205948217
S3_transport,F,7,3,4,1,NORMAL_LEARNING,eig,optimized,130.0,0.5,1.0,1.0,10,selected_z,0.15492,0.7746,nan,1,6,0.3628254862175915
S3_transport,F,7,3,4,1,NORMAL_LEARNING,eig,optimized,130.0,0.5,1.0,1.0,10,selected_z,0.2,1.0,nan,1,7,0.31019253452626927
S3_transport,F,7,3,4,1,NORMAL_LEARNING,eig,optimized,130.0,0.5,1.0,1.0,10,selected_z,0.11964,0.5982,nan,1,8,0.27946797366064047
S3_transport,F,7,3,4,1,NORMAL_LEARNING,eig,optimized,130.0,0.5,1.0,1.0,10,selected_z,0.11376,0.5688,nan,1,9,0.24352170492760905
S3_transport,F,7,3,4,1,NORMAL_LEARNING,eig,optimized,130.0,0.5,1.0,1.0,10,selected_z,0.19412,0.9705999999999999,nan,1,10,0.22549934001315464
S3_transport,F,7,3,4,1,NORMAL_LEARNING,eig,optimized,130.0,0.5,1.0,1.0,10,final_z,0.115328,0.5766399999999999,nan,1,-1,nan
S3_transport,F,7,3,4,1,NORMAL_LEARNING,eig,optimized,130.0,0.5,1.0,1.0,10,final_z,0.11964,0.5982,nan,1,-1,nan
S3_transport,F,7,3,4,1,NORMAL_LEARNING,eig,optimized,130.0,0.5,1.0,1.0,10,final_z,0.12395199999999999,0.61976,nan,1,-1,nan
S3_transport,F,7,3,4,1,NORMAL_LEARNING,eig,optimized,130.0,0.5,1.0,1.0,10,final_z,0.128264,0.6413199999999999,nan,1,-1,nan
S3_transport,F,7,3,4,1,NORMAL_LEARNING,eig,optimized,130.0,0.5,1.0,1.0,10,final_z,0.13414399999999999,0.6707199999999999,nan,1,-1,nan
S3_transport,F,7,3,4,1,NORMAL_LEARNING,eig,optimized,130.0,0.5,1.0,1.0,10,final_z,0.13924000000000003,0.6962000000000002,nan,1,-1,nan
S3_transport,F,7,3,4,1,NORMAL_LEARNING,eig,optimized,130.0,0.5,1.0,1.0,10,final_z,0.14512000000000003,0.7256000000000001,nan,1,-1,nan
S3_transport,F,7,3,4,1,NORMAL_LEARNING,eig,optimized,130.0,0.5,1.0,1.0,10,final_z,0.15100000000000002,0.7550000000000001,nan,1,-1,nan
S3_transport,F,7,3,4,1,NORMAL_LEARNING,eig,optimized,130.0,0.5,1.0,1.0,10,final_z,0.19568799999999997,0.9784399999999999,nan,1,-1,nan
S3_transport,F,7,3,4,1,NORMAL_LEARNING,eig,optimized,130.0,0.5,1.0,1.0,10,final_z,0.2,1.0,nan,1,-1,nan
S3_transport,F,7,3,5,0,NORMAL_LEARNING,eig,optimized,90.0,0.5,1.0,1.0,10,candidate_z,0.004,0.02,0.12822330030777884,0,-1,nan
S3_transport,F,7,3,5,0,NORMAL_LEARNING,eig,optimized,90.0,0.5,1.0,1.0,10,candidate_z,0.00596,0.0298,0.27496938302801954,0,-1,nan
S3_transport,F,7,3,5,0,NORMAL_LEARNING,eig,optimized,90.0,0.5,1.0,1.0,10,candidate_z,0.00792,0.039599999999999996,0.49495954645048634,0,-1,nan
S3_transport,F,7,3,5,0,NORMAL_LEARNING,eig,optimized,90.0,0.5,1.0,1.0,10,candidate_z,0.00988,0.0494,0.7952175407868598,0,-1,nan
S3_transport,F,7,3,5,0,NORMAL_LEARNING,eig,optimized,90.0,0.5,1.0,1.0,10,candidate_z,0.01184,0.059199999999999996,1.1677490464457687,0,-1,nan
S3_transport,F,7,3,5,0,NORMAL_LEARNING,eig,optimized,90.0,0.5,1.0,1.0,10,candidate_z,0.0138,0.06899999999999999,1.591097754224954,0,-1,nan
S3_transport,F,7,3,5,0,NORMAL_LEARNING,eig,optimized,90.0,0.5,1.0,1.0,10,candidate_z,0.01576,0.0788,2.0401211613814745,0,-1,nan
S3_transport,F,7,3,5,0,NORMAL_LEARNING,eig,optimized,90.0,0.5,1.0,1.0,10,candidate_z,0.01772,0.0886,2.4942637334088857,0,-1,nan
S3_transport,F,7,3,5,0,NORMAL_LEARNING,eig,optimized,90.0,0.5,1.0,1.0,10,candidate_z,0.01968,0.09839999999999999,2.940072886029782,0,-1,nan
S3_transport,F,7,3,5,0,NORMAL_LEARNING,eig,optimized,90.0,0.5,1.0,1.0,10,candidate_z,0.02164,0.10819999999999999,3.37008541185509,0,-1,nan
S3_transport,F,7,3,5,0,NORMAL_LEARNING,eig,optimized,90.0,0.5,1.0,1.0,10,candidate_z,0.0236,0.118,3.7808420187164273,0,-1,nan
S3_transport,F,7,3,5,0,NORMAL_LEARNING,eig,optimized,90.0,0.5,1.0,1.0,10,candidate_z,0.02556,0.1278,4.1712531014108905,0,-1,nan
S3_transport,F,7,3,5,0,NORMAL_LEARNING,eig,optimized,90.0,0.5,1.0,1.0,10,candidate_z,0.02752,0.1376,4.541525538734557,0,-1,nan
S3_transport,F,7,3,5,0,NORMAL_LEARNING,eig,optimized,90.0,0.5,1.0,1.0,10,candidate_z,0.02948,0.14739999999999998,4.892524136683042,0,-1,nan
S3_transport,F,7,3,5,0,NORMAL_LEARNING,eig,optimized,90.0,0.5,1.0,1.0,10,candidate_z,0.031439999999999996,0.15719999999999998,5.225407198647012,0,-1,nan
S3_transport,F,7,3,5,0,NORMAL_LEARNING,eig,optimized,90.0,0.5,1.0,1.0,10,candidate_z,0.0334,0.16699999999999998,5.541430366652699,0,-1,nan
S3_transport,F,7,3,5,0,NORMAL_LEARNING,eig,optimized,90.0,0.5,1.0,1.0,10,candidate_z,0.03536,0.1768,5.841842096914764,0,-1,nan
S3_transport,F,7,3,5,0,NORMAL_LEARNING,eig,optimized,90.0,0.5,1.0,1.0,10,candidate_z,0.037320000000000006,0.18660000000000002,6.127830930603105,0,-1,nan
S3_transport,F,7,3,5,0,NORMAL_LEARNING,eig,optimized,90.0,0.5,1.0,1.0,10,candidate_z,0.039279999999999995,0.19639999999999996,6.400502314740081,0,-1,nan
S3_transport,F,7,3,5,0,NORMAL_LEARNING,eig,optimized,90.0,0.5,1.0,1.0,10,candidate_z,0.04124,0.2062,6.66087171577129,0,-1,nan
S3_transport,F,7,3,5,0,NORMAL_LEARNING,eig,optimized,90.0,0.5,1.0,1.0,10,candidate_z,0.0432,0.216,6.909863794976436,0,-1,nan
S3_transport,F,7,3,5,0,NORMAL_LEARNING,eig,optimized,90.0,0.5,1.0,1.0,10,candidate_z,0.045160000000000006,0.22580000000000003,7.148318476670617,0,-1,nan
S3_transport,F,7,3,5,0,NORMAL_LEARNING,eig,optimized,90.0,0.5,1.0,1.0,10,candidate_z,0.047119999999999995,0.23559999999999998,7.376996275987249,0,-1,nan
S3_transport,F,7,3,5,0,NORMAL_LEARNING,eig,optimized,90.0,0.5,1.0,1.0,10,candidate_z,0.04908,0.24539999999999998,7.596586320439837,0,-1,nan
S3_transport,F,7,3,5,0,NORMAL_LEARNING,eig,optimized,90.0,0.5,1.0,1.0,10,candidate_z,0.05104,0.2552,7.807713093821633,0,-1,nan
S3_transport,F,7,3,5,0,NORMAL_LEARNING,eig,optimized,90.0,0.5,1.0,1.0,10,candidate_z,0.053000000000000005,0.265,8.010943163925003,0,-1,nan
S3_transport,F,7,3,5,0,NORMAL_LEARNING,eig,optimized,90.0,0.5,1.0,1.0,10,candidate_z,0.054959999999999995,0.27479999999999993,8.206791290871596,0,-1,nan
S3_transport,F,7,3,5,0,NORMAL_LEARNING,eig,optimized,90.0,0.5,1.0,1.0,10,candidate_z,0.05692,0.28459999999999996,8.39572596901569,0,-1,nan
S3_transport,F,7,3,5,0,NORMAL_LEARNING,eig,optimized,90.0,0.5,1.0,1.0,10,candidate_z,0.05888,0.2944,8.578174385117551,0,-1,nan
S3_transport,F,7,3,5,0,NORMAL_LEARNING,eig,optimized,90.0,0.5,1.0,1.0,10,candidate_z,0.060840000000000005,0.3042,8.754526805594114,0,-1,nan
S3_transport,F,7,3,5,0,NORMAL_LEARNING,eig,optimized,90.0,0.5,1.0,1.0,10,candidate_z,0.0628,0.31399999999999995,8.925140468366214,0,-1,nan
S3_transport,F,7,3,5,0,NORMAL_LEARNING,eig,optimized,90.0,0.5,1.0,1.0,10,candidate_z,0.06476,0.3238,9.090343012555373,0,-1,nan
S3_transport,F,7,3,5,0,NORMAL_LEARNING,eig,optimized,90.0,0.5,1.0,1.0,10,candidate_z,0.06672,0.3336,9.250435509378779,0,-1,nan
S3_transport,F,7,3,5,0,NORMAL_LEARNING,eig,optimized,90.0,0.5,1.0,1.0,10,candidate_z,0.06868,0.3434,9.4056951517437,0,-1,nan
S3_transport,F,7,3,5,0,NORMAL_LEARNING,eig,optimized,90.0,0.5,1.0,1.0,10,candidate_z,0.07064000000000001,0.3532,9.55637762061853,0,-1,nan
S3_transport,F,7,3,5,0,NORMAL_LEARNING,eig,optimized,90.0,0.5,1.0,1.0,10,candidate_z,0.0726,0.363,9.702719185729684,0,-1,nan
S3_transport,F,7,3,5,0,NORMAL_LEARNING,eig,optimized,90.0,0.5,1.0,1.0,10,candidate_z,0.07456,0.37279999999999996,9.844938563169734,0,-1,nan
S3_transport,F,7,3,5,0,NORMAL_LEARNING,eig,optimized,90.0,0.5,1.0,1.0,10,candidate_z,0.07652,0.3826,9.98323855470074,0,-1,nan
S3_transport,F,7,3,5,0,NORMAL_LEARNING,eig,optimized,90.0,0.5,1.0,1.0,10,candidate_z,0.07848,0.39239999999999997,10.117807527981018,0,-1,nan
S3_transport,F,7,3,5,0,NORMAL_LEARNING,eig,optimized,90.0,0.5,1.0,1.0,10,candidate_z,0.08044,0.40219999999999995,10.24882072003864,0,-1,nan
S3_transport,F,7,3,5,0,NORMAL_LEARNING,eig,optimized,90.0,0.5,1.0,1.0,10,candidate_z,0.0824,0.412,10.376441407251832,0,-1,nan
S3_transport,F,7,3,5,0,NORMAL_LEARNING,eig,optimized,90.0,0.5,1.0,1.0,10,candidate_z,0.08436,0.4218,10.500821952695436,0,-1,nan
S3_transport,F,7,3,5,0,NORMAL_LEARNING,eig,optimized,90.0,0.5,1.0,1.0,10,candidate_z,0.08632000000000001,0.43160000000000004,10.622104722324387,0,-1,nan
S3_transport,F,7,3,5,0,NORMAL_LEARNING,eig,optimized,90.0,0.5,1.0,1.0,10,candidate_z,0.08828,0.44139999999999996,10.740422940037483,0,-1,nan
S3_transport,F,7,3,5,0,NORMAL_LEARNING,eig,optimized,90.0,0.5,1.0,1.0,10,candidate_z,0.09024,0.4512,10.855901441953087,0,-1,nan
S3_transport,F,7,3,5,0,NORMAL_LEARNING,eig,optimized,90.0,0.5,1.0,1.0,10,candidate_z,0.0922,0.461,10.968657354832054,0,-1,nan
S3_transport,F,7,3,5,0,NORMAL_LEARNING,eig,optimized,90.0,0.5,1.0,1.0,10,candidate_z,0.09416,0.47079999999999994,11.078800710136864,0,-1,nan
S3_transport,F,7,3,5,0,NORMAL_LEARNING,eig,optimized,90.0,0.5,1.0,1.0,10,candidate_z,0.09612,0.48059999999999997,11.186434999252704,0,-1,nan
S3_transport,F,7,3,5,0,NORMAL_LEARNING,eig,optimized,90.0,0.5,1.0,1.0,10,candidate_z,0.09808,0.4904,11.291657676393335,0,-1,nan
S3_transport,F,7,3,5,0,NORMAL_LEARNING,eig,optimized,90.0,0.5,1.0,1.0,10,candidate_z,0.10004,0.5002,11.394560615078685,0,-1,nan
S3_transport,F,7,3,5,0,NORMAL_LEARNING,eig,optimized,90.0,0.5,1.0,1.0,10,candidate_z,0.10200000000000001,0.51,11.495230530395535,0,-1,nan
S3_transport,F,7,3,5,0,NORMAL_LEARNING,eig,optimized,90.0,0.5,1.0,1.0,10,candidate_z,0.10396,0.5197999999999999,11.593763066747286,0,-1,nan
S3_transport,F,7,3,5,0,NORMAL_LEARNING,eig,optimized,90.0,0.5,1.0,1.0,10,candidate_z,0.10592,0.5296,11.690220412486081,0,-1,nan
S3_transport,F,7,3,5,0,NORMAL_LEARNING,eig,optimized,90.0,0.5,1.0,1.0,10,candidate_z,0.10788,0.5394,11.784676053437202,0,-1,nan
S3_transport,F,7,3,5,0,NORMAL_LEARNING,eig,optimized,90.0,0.5,1.0,1.0,10,candidate_z,0.10984,0.5491999999999999,11.877199617925054,0,-1,nan
S3_transport,F,7,3,5,0,NORMAL_LEARNING,eig,optimized,90.0,0.5,1.0,1.0,10,candidate_z,0.1118,0.5589999999999999,11.967857141241417,0,-1,nan
S3_transport,F,7,3,5,0,NORMAL_LEARNING,eig,optimized,90.0,0.5,1.0,1.0,10,candidate_z,0.11376,0.5688,12.056711308110437,0,-1,nan
S3_transport,F,7,3,5,0,NORMAL_LEARNING,eig,optimized,90.0,0.5,1.0,1.0,10,candidate_z,0.11572,0.5786,12.143821675233,0,-1,nan
S3_transport,F,7,3,5,0,NORMAL_LEARNING,eig,optimized,90.0,0.5,1.0,1.0,10,candidate_z,0.11768,0.5884,12.229244875754127,0,-1,nan
S3_transport,F,7,3,5,0,NORMAL_LEARNING,eig,optimized,90.0,0.5,1.0,1.0,10,candidate_z,0.11964,0.5982,12.31303480759427,0,-1,nan
S3_transport,F,7,3,5,0,NORMAL_LEARNING,eig,optimized,90.0,0.5,1.0,1.0,10,candidate_z,0.1216,0.608,12.395242781340201,0,-1,nan
S3_transport,F,7,3,5,0,NORMAL_LEARNING,eig,optimized,90.0,0.5,1.0,1.0,10,candidate_z,0.12356,0.6178,12.475917740123876,0,-1,nan
S3_transport,F,7,3,5,0,NORMAL_LEARNING,eig,optimized,90.0,0.5,1.0,1.0,10,candidate_z,0.12552,0.6275999999999999,12.555106365784837,0,-1,nan
S3_transport,F,7,3,5,0,NORMAL_LEARNING,eig,optimized,90.0,0.5,1.0,1.0,10,candidate_z,0.12747999999999998,0.6373999999999999,12.632853218709059,0,-1,nan
S3_transport,F,7,3,5,0,NORMAL_LEARNING,eig,optimized,90.0,0.5,1.0,1.0,10,candidate_z,0.12944,0.6472,12.7092008681402,0,-1,nan
S3_transport,F,7,3,5,0,NORMAL_LEARNING,eig,optimized,90.0,0.5,1.0,1.0,10,candidate_z,0.1314,0.6569999999999999,12.784190009549505,0,-1,nan
S3_transport,F,7,3,5,0,NORMAL_LEARNING,eig,optimized,90.0,0.5,1.0,1.0,10,candidate_z,0.13336,0.6668,12.857859573462907,0,-1,nan
S3_transport,F,7,3,5,0,NORMAL_LEARNING,eig,optimized,90.0,0.5,1.0,1.0,10,candidate_z,0.13532,0.6766,12.930246826483476,0,-1,nan
S3_transport,F,7,3,5,0,NORMAL_LEARNING,eig,optimized,90.0,0.5,1.0,1.0,10,candidate_z,0.13728,0.6864,13.001387465283418,0,-1,nan
S3_transport,F,7,3,5,0,NORMAL_LEARNING,eig,optimized,90.0,0.5,1.0,1.0,10,candidate_z,0.13924,0.6961999999999999,13.07131569878257,0,-1,nan
S3_transport,F,7,3,5,0,NORMAL_LEARNING,eig,optimized,90.0,0.5,1.0,1.0,10,candidate_z,0.1412,0.706,13.140064335170461,0,-1,nan
S3_transport,F,7,3,5,0,NORMAL_LEARNING,eig,optimized,90.0,0.5,1.0,1.0,10,candidate_z,0.14316,0.7158,13.207664863652269,0,-1,nan
S3_transport,F,7,3,5,0,NORMAL_LEARNING,eig,optimized,90.0,0.5,1.0,1.0,10,candidate_z,0.14512,0.7255999999999999,13.274147518741152,0,-1,nan
S3_transport,F,7,3,5,0,NORMAL_LEARNING,eig,optimized,90.0,0.5,1.0,1.0,10,candidate_z,0.14708,0.7353999999999999,13.339541344740255,1,-1,nan
S3_transport,F,7,3,5,0,NORMAL_LEARNING,eig,optimized,90.0,0.5,1.0,1.0,10,candidate_z,0.14904,0.7452,13.403874259707138,0,-1,nan
S3_transport,F,7,3,5,0,NORMAL_LEARNING,eig,optimized,90.0,0.5,1.0,1.0,10,candidate_z,0.151,0.7549999999999999,13.467173113375125,0,-1,nan
S3_transport,F,7,3,5,0,NORMAL_LEARNING,eig,optimized,90.0,0.5,1.0,1.0,10,candidate_z,0.15295999999999998,0.7647999999999999,13.529463741401372,1,-1,nan
S3_transport,F,7,3,5,0,NORMAL_LEARNING,eig,optimized,90.0,0.5,1.0,1.0,10,candidate_z,0.15492,0.7746,13.590771016216706,0,-1,nan
S3_transport,F,7,3,5,0,NORMAL_LEARNING,eig,optimized,90.0,0.5,1.0,1.0,10,candidate_z,0.15688,0.7843999999999999,13.651118894526384,0,-1,nan
S3_transport,F,7,3,5,0,NORMAL_LEARNING,eig,optimized,90.0,0.5,1.0,1.0,10,candidate_z,0.15884,0.7942,13.71053046079966,1,-1,nan
S3_transport,F,7,3,5,0,NORMAL_LEARNING,eig,optimized,90.0,0.5,1.0,1.0,10,candidate_z,0.1608,0.8039999999999999,13.769027971534648,0,-1,nan
S3_transport,F,7,3,5,0,NORMAL_LEARNING,eig,optimized,90.0,0.5,1.0,1.0,10,candidate_z,0.16276,0.8137999999999999,13.82663289605587,0,-1,nan
S3_transport,F,7,3,5,0,NORMAL_LEARNING,eig,optimized,90.0,0.5,1.0,1.0,10,candidate_z,0.16472,0.8236,13.883365950436499,1,-1,nan
S3_transport,F,7,3,5,0,NORMAL_LEARNING,eig,optimized,90.0,0.5,1.0,1.0,10,candidate_z,0.16668,0.8333999999999999,13.939247133840759,0,-1,nan
S3_transport,F,7,3,5,0,NORMAL_LEARNING,eig,optimized,90.0,0.5,1.0,1.0,10,candidate_z,0.16864,0.8432000000000001,13.994295761538591,0,-1,nan
S3_transport,F,7,3,5,0,NORMAL_LEARNING,eig,optimized,90.0,0.5,1.0,1.0,10,candidate_z,0.1706,0.853,14.048530496052201,1,-1,nan
S3_transport,F,7,3,5,0,NORMAL_LEARNING,eig,optimized,90.0,0.5,1.0,1.0,10,candidate_z,0.17256,0.8627999999999999,14.10196937651715,0,-1,nan
S3_transport,F,7,3,5,0,NORMAL_LEARNING,eig,optimized,90.0,0.5,1.0,1.0,10,candidate_z,0.17452,0.8726,14.154629846415936,0,-1,nan
S3_transport,F,7,3,5,0,NORMAL_LEARNING,eig,optimized,90.0,0.5,1.0,1.0,10,candidate_z,0.17648,0.8824,14.206528779304037,1,-1,nan
S3_transport,F,7,3,5,0,NORMAL_LEARNING,eig,optimized,90.0,0.5,1.0,1.0,10,candidate_z,0.17844,0.8921999999999999,14.257682503156797,0,-1,nan
S3_transport,F,7,3,5,0,NORMAL_LEARNING,eig,optimized,90.0,0.5,1.0,1.0,10,candidate_z,0.1804,0.902,14.308106826237776,0,-1,nan
S3_transport,F,7,3,5,0,NORMAL_LEARNING,eig,optimized,90.0,0.5,1.0,1.0,10,candidate_z,0.18236,0.9117999999999999,14.357817057817467,1,-1,nan
S3_transport,F,7,3,5,0,NORMAL_LEARNING,eig,optimized,90.0,0.5,1.0,1.0,10,candidate_z,0.18431999999999998,0.9215999999999999,14.406828028590308,0,-1,nan
S3_transport,F,7,3,5,0,NORMAL_LEARNING,eig,optimized,90.0,0.5,1.0,1.0,10,candidate_z,0.18628,0.9314,14.45515411102922,0,-1,nan
S3_transport,F,7,3,5,0,NORMAL_LEARNING,eig,optimized,90.0,0.5,1.0,1.0,10,candidate_z,0.18824,0.9411999999999999,14.502809238305787,1,-1,nan
S3_transport,F,7,3,5,0,NORMAL_LEARNING,eig,optimized,90.0,0.5,1.0,1.0,10,candidate_z,0.1902,0.951,14.549806922142153,0,-1,nan
S3_transport,F,7,3,5,0,NORMAL_LEARNING,eig,optimized,90.0,0.5,1.0,1.0,10,candidate_z,0.19216,0.9608,14.596160269841626,0,-1,nan
S3_transport,F,7,3,5,0,NORMAL_LEARNING,eig,optimized,90.0,0.5,1.0,1.0,10,candidate_z,0.19412,0.9705999999999999,14.641882000399846,1,-1,nan
S3_transport,F,7,3,5,0,NORMAL_LEARNING,eig,optimized,90.0,0.5,1.0,1.0,10,candidate_z,0.19608,0.9803999999999999,14.686984459644503,0,-1,nan
S3_transport,F,7,3,5,0,NORMAL_LEARNING,eig,optimized,90.0,0.5,1.0,1.0,10,candidate_z,0.19804,0.9902,14.731479634189974,0,-1,nan
S3_transport,F,7,3,5,0,NORMAL_LEARNING,eig,optimized,90.0,0.5,1.0,1.0,10,candidate_z,0.2,1.0,14.77537916703033,1,-1,nan
S3_transport,F,7,3,5,0,NORMAL_LEARNING,eig,optimized,90.0,0.5,1.0,1.0,10,selected_z,0.2,1.0,nan,1,1,14.77537916703033
S3_transport,F,7,3,5,0,NORMAL_LEARNING,eig,optimized,90.0,0.5,1.0,1.0,10,selected_z,0.19412,0.9705999999999999,nan,1,2,1.3158299185541864
S3_transport,F,7,3,5,0,NORMAL_LEARNING,eig,optimized,90.0,0.5,1.0,1.0,10,selected_z,0.18824,0.9411999999999999,nan,1,3,0.7429035488323095
S3_transport,F,7,3,5,0,NORMAL_LEARNING,eig,optimized,90.0,0.5,1.0,1.0,10,selected_z,0.18236,0.9117999999999999,nan,1,4,0.507372445970212
S3_transport,F,7,3,5,0,NORMAL_LEARNING,eig,optimized,90.0,0.5,1.0,1.0,10,selected_z,0.17648,0.8824,nan,1,5,0.3778795167214426
S3_transport,F,7,3,5,0,NORMAL_LEARNING,eig,optimized,90.0,0.5,1.0,1.0,10,selected_z,0.1706,0.853,nan,1,6,0.2956991156268174
S3_transport,F,7,3,5,0,NORMAL_LEARNING,eig,optimized,90.0,0.5,1.0,1.0,10,selected_z,0.16472,0.8236,nan,1,7,0.23879822477476864
S3_transport,F,7,3,5,0,NORMAL_LEARNING,eig,optimized,90.0,0.5,1.0,1.0,10,selected_z,0.15884,0.7942,nan,1,8,0.1970173871967269
S3_transport,F,7,3,5,0,NORMAL_LEARNING,eig,optimized,90.0,0.5,1.0,1.0,10,selected_z,0.15295999999999998,0.7647999999999999,nan,1,9,0.16501544755890407
S3_transport,F,7,3,5,0,NORMAL_LEARNING,eig,optimized,90.0,0.5,1.0,1.0,10,selected_z,0.14708,0.7353999999999999,nan,1,10,0.13971454018913576
S3_transport,F,7,3,5,0,NORMAL_LEARNING,eig,optimized,90.0,0.5,1.0,1.0,10,final_z,0.15099999999999997,0.7549999999999998,nan,1,-1,nan
S3_transport,F,7,3,5,0,NORMAL_LEARNING,eig,optimized,90.0,0.5,1.0,1.0,10,final_z,0.15687999999999996,0.7843999999999998,nan,1,-1,nan
S3_transport,F,7,3,5,0,NORMAL_LEARNING,eig,optimized,90.0,0.5,1.0,1.0,10,final_z,0.16276,0.8137999999999999,nan,1,-1,nan
S3_transport,F,7,3,5,0,NORMAL_LEARNING,eig,optimized,90.0,0.5,1.0,1.0,10,final_z,0.16863999999999998,0.8431999999999998,nan,1,-1,nan
S3_transport,F,7,3,5,0,NORMAL_LEARNING,eig,optimized,90.0,0.5,1.0,1.0,10,final_z,0.17451999999999998,0.8725999999999998,nan,1,-1,nan
S3_transport,F,7,3,5,0,NORMAL_LEARNING,eig,optimized,90.0,0.5,1.0,1.0,10,final_z,0.18039999999999998,0.9019999999999998,nan,1,-1,nan
S3_transport,F,7,3,5,0,NORMAL_LEARNING,eig,optimized,90.0,0.5,1.0,1.0,10,final_z,0.18627999999999997,0.9313999999999998,nan,1,-1,nan
S3_transport,F,7,3,5,0,NORMAL_LEARNING,eig,optimized,90.0,0.5,1.0,1.0,10,final_z,0.191376,0.95688,nan,1,-1,nan
S3_transport,F,7,3,5,0,NORMAL_LEARNING,eig,optimized,90.0,0.5,1.0,1.0,10,final_z,0.19568799999999997,0.9784399999999999,nan,1,-1,nan
S3_transport,F,7,3,5,0,NORMAL_LEARNING,eig,optimized,90.0,0.5,1.0,1.0,10,final_z,0.2,1.0,nan,1,-1,nan
S3_transport,F,7,3,6,0,NORMAL_LEARNING,eig,optimized,120.0,0.5,1.0,0.5,10,candidate_z,0.004,0.02,0.12651900735792232,0,-1,nan
S3_transport,F,7,3,6,0,NORMAL_LEARNING,eig,optimized,120.0,0.5,1.0,0.5,10,candidate_z,0.00596,0.0298,0.3249183258282935,0,-1,nan
S3_transport,F,7,3,6,0,NORMAL_LEARNING,eig,optimized,120.0,0.5,1.0,0.5,10,candidate_z,0.00792,0.039599999999999996,0.6589547609282009,0,-1,nan
S3_transport,F,7,3,6,0,NORMAL_LEARNING,eig,optimized,120.0,0.5,1.0,0.5,10,candidate_z,0.00988,0.0494,1.115072139050671,0,-1,nan
S3_transport,F,7,3,6,0,NORMAL_LEARNING,eig,optimized,120.0,0.5,1.0,0.5,10,candidate_z,0.01184,0.059199999999999996,1.6424683540654357,0,-1,nan
S3_transport,F,7,3,6,0,NORMAL_LEARNING,eig,optimized,120.0,0.5,1.0,0.5,10,candidate_z,0.0138,0.06899999999999999,2.190734444478135,0,-1,nan
S3_transport,F,7,3,6,0,NORMAL_LEARNING,eig,optimized,120.0,0.5,1.0,0.5,10,candidate_z,0.01576,0.0788,2.7285487438677727,0,-1,nan
S3_transport,F,7,3,6,0,NORMAL_LEARNING,eig,optimized,120.0,0.5,1.0,0.5,10,candidate_z,0.01772,0.0886,3.2412331636488396,0,-1,nan
S3_transport,F,7,3,6,0,NORMAL_LEARNING,eig,optimized,120.0,0.5,1.0,0.5,10,candidate_z,0.01968,0.09839999999999999,3.7236846662873866,0,-1,nan
S3_transport,F,7,3,6,0,NORMAL_LEARNING,eig,optimized,120.0,0.5,1.0,0.5,10,candidate_z,0.02164,0.10819999999999999,4.1754132223039555,0,-1,nan
S3_transport,F,7,3,6,0,NORMAL_LEARNING,eig,optimized,120.0,0.5,1.0,0.5,10,candidate_z,0.0236,0.118,4.597910375926073,0,-1,nan
S3_transport,F,7,3,6,0,NORMAL_LEARNING,eig,optimized,120.0,0.5,1.0,0.5,10,candidate_z,0.02556,0.1278,4.993391318879661,0,-1,nan
S3_transport,F,7,3,6,0,NORMAL_LEARNING,eig,optimized,120.0,0.5,1.0,0.5,10,candidate_z,0.02752,0.1376,5.364224879526372,0,-1,nan
S3_transport,F,7,3,6,0,NORMAL_LEARNING,eig,optimized,120.0,0.5,1.0,0.5,10,candidate_z,0.02948,0.14739999999999998,5.71268859092093,0,-1,nan
S3_transport,F,7,3,6,0,NORMAL_LEARNING,eig,optimized,120.0,0.5,1.0,0.5,10,candidate_z,0.031439999999999996,0.15719999999999998,6.040873960637079,0,-1,nan
S3_transport,F,7,3,6,0,NORMAL_LEARNING,eig,optimized,120.0,0.5,1.0,0.5,10,candidate_z,0.0334,0.16699999999999998,6.350660550827888,0,-1,nan
S3_transport,F,7,3,6,0,NORMAL_LEARNING,eig,optimized,120.0,0.5,1.0,0.5,10,candidate_z,0.03536,0.1768,6.643720305248555,0,-1,nan
S3_transport,F,7,3,6,0,NORMAL_LEARNING,eig,optimized,120.0,0.5,1.0,0.5,10,candidate_z,0.037320000000000006,0.18660000000000002,6.921534079011236,0,-1,nan
S3_transport,F,7,3,6,0,NORMAL_LEARNING,eig,optimized,120.0,0.5,1.0,0.5,10,candidate_z,0.039279999999999995,0.19639999999999996,7.18541214017149,0,-1,nan
S3_transport,F,7,3,6,0,NORMAL_LEARNING,eig,optimized,120.0,0.5,1.0,0.5,10,candidate_z,0.04124,0.2062,7.436514786656726,0,-1,nan
S3_transport,F,7,3,6,0,NORMAL_LEARNING,eig,optimized,120.0,0.5,1.0,0.5,10,candidate_z,0.0432,0.216,7.675871421189758,0,-1,nan
S3_transport,F,7,3,6,0,NORMAL_LEARNING,eig,optimized,120.0,0.5,1.0,0.5,10,candidate_z,0.045160000000000006,0.22580000000000003,7.904397596603813,0,-1,nan
S3_transport,F,7,3,6,0,NORMAL_LEARNING,eig,optimized,120.0,0.5,1.0,0.5,10,candidate_z,0.047119999999999995,0.23559999999999998,8.122909912793755,0,-1,nan
S3_transport,F,7,3,6,0,NORMAL_LEARNING,eig,optimized,120.0,0.5,1.0,0.5,10,candidate_z,0.04908,0.24539999999999998,8.33213885293203,0,-1,nan
S3_transport,F,7,3,6,0,NORMAL_LEARNING,eig,optimized,120.0,0.5,1.0,0.5,10,candidate_z,0.05104,0.2552,8.532739851957551,0,-1,nan
S3_transport,F,7,3,6,0,NORMAL_LEARNING,eig,optimized,120.0,0.5,1.0,0.5,10,candidate_z,0.053000000000000005,0.265,8.725302795086364,0,-1,nan
S3_transport,F,7,3,6,0,NORMAL_LEARNING,eig,optimized,120.0,0.5,1.0,0.5,10,candidate_z,0.054959999999999995,0.27479999999999993,8.910360148024232,0,-1,nan
S3_transport,F,7,3,6,0,NORMAL_LEARNING,eig,optimized,120.0,0.5,1.0,0.5,10,candidate_z,0.05692,0.28459999999999996,9.088393964444599,0,-1,nan
S3_transport,F,7,3,6,0,NORMAL_LEARNING,eig,optimized,120.0,0.5,1.0,0.5,10,candidate_z,0.05888,0.2944,9.259841854692144,0,-1,nan
S3_transport,F,7,3,6,0,NORMAL_LEARNING,eig,optimized,120.0,0.5,1.0,0.5,10,candidate_z,0.060840000000000005,0.3042,9.42510214432274,0,-1,nan
S3_transport,F,7,3,6,0,NORMAL_LEARNING,eig,optimized,120.0,0.5,1.0,0.5,10,candidate_z,0.0628,0.31399999999999995,9.584538379292383,0,-1,nan
S3_transport,F,7,3,6,0,NORMAL_LEARNING,eig,optimized,120.0,0.5,1.0,0.5,10,candidate_z,0.06476,0.3238,9.738483182401222,0,-1,nan
S3_transport,F,7,3,6,0,NORMAL_LEARNING,eig,optimized,120.0,0.5,1.0,0.5,10,candidate_z,0.06672,0.3336,9.887241594813652,0,-1,nan
S3_transport,F,7,3,6,0,NORMAL_LEARNING,eig,optimized,120.0,0.5,1.0,0.5,10,candidate_z,0.06868,0.3434,10.031094010489998,0,-1,nan
S3_transport,F,7,3,6,0,NORMAL_LEARNING,eig,optimized,120.0,0.5,1.0,0.5,10,candidate_z,0.07064000000000001,0.3532,10.170298774908296,0,-1,nan
S3_transport,F,7,3,6,0,NORMAL_LEARNING,eig,optimized,120.0,0.5,1.0,0.5,10,candidate_z,0.0726,0.363,10.305094393622554,0,-1,nan
S3_transport,F,7,3,6,0,NORMAL_LEARNING,eig,optimized,120.0,0.5,1.0,0.5,10,candidate_z,0.07456,0.37279999999999996,10.435701496335646,0,-1,nan
S3_transport,F,7,3,6,0,NORMAL_LEARNING,eig,optimized,120.0,0.5,1.0,0.5,10,candidate_z,0.07652,0.3826,10.562324572114822,0,-1,nan
S3_transport,F,7,3,6,0,NORMAL_LEARNING,eig,optimized,120.0,0.5,1.0,0.5,10,candidate_z,0.07848,0.39239999999999997,10.685153493966919,0,-1,nan
S3_transport,F,7,3,6,0,NORMAL_LEARNING,eig,optimized,120.0,0.5,1.0,0.5,10,candidate_z,0.08044,0.40219999999999995,10.804364889960159,0,-1,nan
S3_transport,F,7,3,6,0,NORMAL_LEARNING,eig,optimized,120.0,0.5,1.0,0.5,10,candidate_z,0.0824,0.412,10.920123353590412,0,-1,nan
S3_transport,F,7,3,6,0,NORMAL_LEARNING,eig,optimized,120.0,0.5,1.0,0.5,10,candidate_z,0.08436,0.4218,11.032582495415895,0,-1,nan
S3_transport,F,7,3,6,0,NORMAL_LEARNING,eig,optimized,120.0,0.5,1.0,0.5,10,candidate_z,0.08632000000000001,0.43160000000000004,11.141885905746438,0,-1,nan
S3_transport,F,7,3,6,0,NORMAL_LEARNING,eig,optimized,120.0,0.5,1.0,0.5,10,candidate_z,0.08828,0.44139999999999996,11.248168007198515,0,-1,nan
S3_transport,F,7,3,6,0,NORMAL_LEARNING,eig,optimized,120.0,0.5,1.0,0.5,10,candidate_z,0.09024,0.4512,11.351554819758384,0,-1,nan
S3_transport,F,7,3,6,0,NORMAL_LEARNING,eig,optimized,120.0,0.5,1.0,0.5,10,candidate_z,0.0922,0.461,11.452164657013665,0,-1,nan
S3_transport,F,7,3,6,0,NORMAL_LEARNING,eig,optimized,120.0,0.5,1.0,0.5,10,candidate_z,0.09416,0.47079999999999994,11.550108736113092,0,-1,nan
S3_transport,F,7,3,6,0,NORMAL_LEARNING,eig,optimized,120.0,0.5,1.0,0.5,10,candidate_z,0.09612,0.48059999999999997,11.645491738589918,0,-1,nan
S3_transport,F,7,3,6,0,NORMAL_LEARNING,eig,optimized,120.0,0.5,1.0,0.5,10,candidate_z,0.09808,0.4904,11.738412314356417,0,-1,nan
S3_transport,F,7,3,6,0,NORMAL_LEARNING,eig,optimized,120.0,0.5,1.0,0.5,10,candidate_z,0.10004,0.5002,11.82896353341252,0,-1,nan
S3_transport,F,7,3,6,0,NORMAL_LEARNING,eig,optimized,120.0,0.5,1.0,0.5,10,candidate_z,0.10200000000000001,0.51,11.917233312095519,0,-1,nan
S3_transport,F,7,3,6,0,NORMAL_LEARNING,eig,optimized,120.0,0.5,1.0,0.5,10,candidate_z,0.10396,0.5197999999999999,12.003306754020382,0,-1,nan
S3_transport,F,7,3,6,0,NORMAL_LEARNING,eig,optimized,120.0,0.5,1.0,0.5,10,candidate_z,0.10592,0.5296,12.087259467658548,0,-1,nan
S3_transport,F,7,3,6,0,NORMAL_LEARNING,eig,optimized,120.0,0.5,1.0,0.5,10,candidate_z,0.10788,0.5394,12.169166130533597,0,-1,nan
S3_transport,F,7,3,6,0,NORMAL_LEARNING,eig,optimized,120.0,0.5,1.0,0.5,10,candidate_z,0.10984,0.5491999999999999,12.249097560284582,0,-1,nan
S3_transport,F,7,3,6,0,NORMAL_LEARNING,eig,optimized,120.0,0.5,1.0,0.5,10,candidate_z,0.1118,0.5589999999999999,12.327120982119169,0,-1,nan
S3_transport,F,7,3,6,0,NORMAL_LEARNING,eig,optimized,120.0,0.5,1.0,0.5,10,candidate_z,0.11376,0.5688,12.4033002673474,0,-1,nan
S3_transport,F,7,3,6,0,NORMAL_LEARNING,eig,optimized,120.0,0.5,1.0,0.5,10,candidate_z,0.11572,0.5786,12.477696152723517,0,-1,nan
S3_transport,F,7,3,6,0,NORMAL_LEARNING,eig,optimized,120.0,0.5,1.0,0.5,10,candidate_z,0.11768,0.5884,12.550366443469649,0,-1,nan
S3_transport,F,7,3,6,0,NORMAL_LEARNING,eig,optimized,120.0,0.5,1.0,0.5,10,candidate_z,0.11964,0.5982,12.621366196524637,0,-1,nan
S3_transport,F,7,3,6,0,NORMAL_LEARNING,eig,optimized,120.0,0.5,1.0,0.5,10,candidate_z,0.1216,0.608,12.690747895755532,0,-1,nan
S3_transport,F,7,3,6,0,NORMAL_LEARNING,eig,optimized,120.0,0.5,1.0,0.5,10,candidate_z,0.12356,0.6178,12.758561613815885,0,-1,nan
S3_transport,F,7,3,6,0,NORMAL_LEARNING,eig,optimized,120.0,0.5,1.0,0.5,10,candidate_z,0.12552,0.6275999999999999,12.82485515274626,0,-1,nan
S3_transport,F,7,3,6,0,NORMAL_LEARNING,eig,optimized,120.0,0.5,1.0,0.5,10,candidate_z,0.12747999999999998,0.6373999999999999,12.889674180177387,0,-1,nan
S3_transport,F,7,3,6,0,NORMAL_LEARNING,eig,optimized,120.0,0.5,1.0,0.5,10,candidate_z,0.12944,0.6472,12.953062355148454,0,-1,nan
S3_transport,F,7,3,6,0,NORMAL_LEARNING,eig,optimized,120.0,0.5,1.0,0.5,10,candidate_z,0.1314,0.6569999999999999,13.015061444191169,0,-1,nan
S3_transport,F,7,3,6,0,NORMAL_LEARNING,eig,optimized,120.0,0.5,1.0,0.5,10,candidate_z,0.13336,0.6668,13.075711429102249,0,-1,nan
S3_transport,F,7,3,6,0,NORMAL_LEARNING,eig,optimized,120.0,0.5,1.0,0.5,10,candidate_z,0.13532,0.6766,13.135050607078512,0,-1,nan
S3_transport,F,7,3,6,0,NORMAL_LEARNING,eig,optimized,120.0,0.5,1.0,0.5,10,candidate_z,0.13728,0.6864,13.193115674656116,0,-1,nan
S3_transport,F,7,3,6,0,NORMAL_LEARNING,eig,optimized,120.0,0.5,1.0,0.5,10,candidate_z,0.13924,0.6961999999999999,13.24994182081711,0,-1,nan
S3_transport,F,7,3,6,0,NORMAL_LEARNING,eig,optimized,120.0,0.5,1.0,0.5,10,candidate_z,0.1412,0.706,13.305562824911277,0,-1,nan
S3_transport,F,7,3,6,0,NORMAL_LEARNING,eig,optimized,120.0,0.5,1.0,0.5,10,candidate_z,0.14316,0.7158,13.360011117688146,0,-1,nan
S3_transport,F,7,3,6,0,NORMAL_LEARNING,eig,optimized,120.0,0.5,1.0,0.5,10,candidate_z,0.14512,0.7255999999999999,13.413317847254362,0,-1,nan
S3_transport,F,7,3,6,0,NORMAL_LEARNING,eig,optimized,120.0,0.5,1.0,0.5,10,candidate_z,0.14708,0.7353999999999999,13.465512949626877,1,-1,nan
S3_transport,F,7,3,6,0,NORMAL_LEARNING,eig,optimized,120.0,0.5,1.0,0.5,10,candidate_z,0.14904,0.7452,13.516625210450961,0,-1,nan
S3_transport,F,7,3,6,0,NORMAL_LEARNING,eig,optimized,120.0,0.5,1.0,0.5,10,candidate_z,0.151,0.7549999999999999,13.566682322872925,0,-1,nan
S3_transport,F,7,3,6,0,NORMAL_LEARNING,eig,optimized,120.0,0.5,1.0,0.5,10,candidate_z,0.15295999999999998,0.7647999999999999,13.615710941746073,1,-1,nan
S3_transport,F,7,3,6,0,NORMAL_LEARNING,eig,optimized,120.0,0.5,1.0,0.5,10,candidate_z,0.15492,0.7746,13.663736728481467,0,-1,nan
S3_transport,F,7,3,6,0,NORMAL_LEARNING,eig,optimized,120.0,0.5,1.0,0.5,10,candidate_z,0.15688,0.7843999999999999,13.71078439848209,0,-1,nan
S3_transport,F,7,3,6,0,NORMAL_LEARNING,eig,optimized,120.0,0.5,1.0,0.5,10,candidate_z,0.15884,0.7942,13.756877782488136,1,-1,nan
S3_transport,F,7,3,6,0,NORMAL_LEARNING,eig,optimized,120.0,0.5,1.0,0.5,10,candidate_z,0.1608,0.8039999999999999,13.802039865746018,0,-1,nan
S3_transport,F,7,3,6,0,NORMAL_LEARNING,eig,optimized,120.0,0.5,1.0,0.5,10,candidate_z,0.16276,0.8137999999999999,13.846292813622373,0,-1,nan
S3_transport,F,7,3,6,0,NORMAL_LEARNING,eig,optimized,120.0,0.5,1.0,0.5,10,candidate_z,0.16472,0.8236,13.88965801625325,1,-1,nan
S3_transport,F,7,3,6,0,NORMAL_LEARNING,eig,optimized,120.0,0.5,1.0,0.5,10,candidate_z,0.16668,0.8333999999999999,13.932156123995348,0,-1,nan
S3_transport,F,7,3,6,0,NORMAL_LEARNING,eig,optimized,120.0,0.5,1.0,0.5,10,candidate_z,0.16864,0.8432000000000001,13.973807080841262,0,-1,nan
S3_transport,F,7,3,6,0,NORMAL_LEARNING,eig,optimized,120.0,0.5,1.0,0.5,10,candidate_z,0.1706,0.853,14.014630155978757,1,-1,nan
S3_transport,F,7,3,6,0,NORMAL_LEARNING,eig,optimized,120.0,0.5,1.0,0.5,10,candidate_z,0.17256,0.8627999999999999,14.054643971114295,0,-1,nan
S3_transport,F,7,3,6,0,NORMAL_LEARNING,eig,optimized,120.0,0.5,1.0,0.5,10,candidate_z,0.17452,0.8726,14.093866524764046,0,-1,nan
S3_transport,F,7,3,6,0,NORMAL_LEARNING,eig,optimized,120.0,0.5,1.0,0.5,10,candidate_z,0.17648,0.8824,14.1323152285971,1,-1,nan
S3_transport,F,7,3,6,0,NORMAL_LEARNING,eig,optimized,120.0,0.5,1.0,0.5,10,candidate_z,0.17844,0.8921999999999999,14.170006940707864,0,-1,nan
S3_transport,F,7,3,6,0,NORMAL_LEARNING,eig,optimized,120.0,0.5,1.0,0.5,10,candidate_z,0.1804,0.902,14.206957970854983,0,-1,nan
S3_transport,F,7,3,6,0,NORMAL_LEARNING,eig,optimized,120.0,0.5,1.0,0.5,10,candidate_z,0.18236,0.9117999999999999,14.243184110643487,1,-1,nan
S3_transport,F,7,3,6,0,NORMAL_LEARNING,eig,optimized,120.0,0.5,1.0,0.5,10,candidate_z,0.18431999999999998,0.9215999999999999,14.278700655046823,0,-1,nan
S3_transport,F,7,3,6,0,NORMAL_LEARNING,eig,optimized,120.0,0.5,1.0,0.5,10,candidate_z,0.18628,0.9314,14.31352242295496,0,-1,nan
S3_transport,F,7,3,6,0,NORMAL_LEARNING,eig,optimized,120.0,0.5,1.0,0.5,10,candidate_z,0.18824,0.9411999999999999,14.347663776594246,1,-1,nan
S3_transport,F,7,3,6,0,NORMAL_LEARNING,eig,optimized,120.0,0.5,1.0,0.5,10,candidate_z,0.1902,0.951,14.381138639765126,0,-1,nan
S3_transport,F,7,3,6,0,NORMAL_LEARNING,eig,optimized,120.0,0.5,1.0,0.5,10,candidate_z,0.19216,0.9608,14.413960512767808,0,-1,nan
S3_transport,F,7,3,6,0,NORMAL_LEARNING,eig,optimized,120.0,0.5,1.0,0.5,10,candidate_z,0.19412,0.9705999999999999,14.446142487876948,1,-1,nan
S3_transport,F,7,3,6,0,NORMAL_LEARNING,eig,optimized,120.0,0.5,1.0,0.5,10,candidate_z,0.19608,0.9803999999999999,14.477697277320566,0,-1,nan
S3_transport,F,7,3,6,0,NORMAL_LEARNING,eig,optimized,120.0,0.5,1.0,0.5,10,candidate_z,0.19804,0.9902,14.50863721850963,0,-1,nan
S3_transport,F,7,3,6,0,NORMAL_LEARNING,eig,optimized,120.0,0.5,1.0,0.5,10,candidate_z,0.2,1.0,14.538974291433039,1,-1,nan
S3_transport,F,7,3,6,0,NORMAL_LEARNING,eig,optimized,120.0,0.5,1.0,0.5,10,selected_z,0.2,1.0,nan,1,1,14.538974291433039
S3_transport,F,7,3,6,0,NORMAL_LEARNING,eig,optimized,120.0,0.5,1.0,0.5,10,selected_z,0.19412,0.9705999999999999,nan,1,2,1.331124939063109
S3_transport,F,7,3,6,0,NORMAL_LEARNING,eig,optimized,120.0,0.5,1.0,0.5,10,selected_z,0.18824,0.9411999999999999,nan,1,3,0.7606005588792009
S3_transport,F,7,3,6,0,NORMAL_LEARNING,eig,optimized,120.0,0.5,1.0,0.5,10,selected_z,0.18236,0.9117999999999999,nan,1,4,0.5252923399160352
S3_transport,F,7,3,6,0,NORMAL_LEARNING,eig,optimized,120.0,0.5,1.0,0.5,10,selected_z,0.17648,0.8824,nan,1,5,0.3955626680334561
S3_transport,F,7,3,6,0,NORMAL_LEARNING,eig,optimized,120.0,0.5,1.0,0.5,10,selected_z,0.1706,0.853,nan,1,6,0.31297549546795267
S3_transport,F,7,3,6,0,NORMAL_LEARNING,eig,optimized,120.0,0.5,1.0,0.5,10,selected_z,0.16472,0.8236,nan,1,7,0.25558085513144846
S3_transport,F,7,3,6,0,NORMAL_LEARNING,eig,optimized,120.0,0.5,1.0,0.5,10,selected_z,0.15884,0.7942,nan,1,8,0.21325062744123358
S3_transport,F,7,3,6,0,NORMAL_LEARNING,eig,optimized,120.0,0.5,1.0,0.5,10,selected_z,0.15295999999999998,0.7647999999999999,nan,1,9,0.18065790408810045
S3_transport,F,7,3,6,0,NORMAL_LEARNING,eig,optimized,120.0,0.5,1.0,0.5,10,selected_z,0.14708,0.7353999999999999,nan,1,10,0.1547324295081154
S3_transport,F,7,3,6,0,NORMAL_LEARNING,eig,optimized,120.0,0.5,1.0,0.5,10,final_z,0.15099999999999997,0.7549999999999998,nan,1,-1,nan
S3_transport,F,7,3,6,0,NORMAL_LEARNING,eig,optimized,120.0,0.5,1.0,0.5,10,final_z,0.15687999999999996,0.7843999999999998,nan,1,-1,nan
S3_transport,F,7,3,6,0,NORMAL_LEARNING,eig,optimized,120.0,0.5,1.0,0.5,10,final_z,0.16276,0.8137999999999999,nan,1,-1,nan
S3_transport,F,7,3,6,0,NORMAL_LEARNING,eig,optimized,120.0,0.5,1.0,0.5,10,final_z,0.16863999999999998,0.8431999999999998,nan,1,-1,nan
S3_transport,F,7,3,6,0,NORMAL_LEARNING,eig,optimized,120.0,0.5,1.0,0.5,10,final_z,0.17451999999999998,0.8725999999999998,nan,1,-1,nan
S3_transport,F,7,3,6,0,NORMAL_LEARNING,eig,optimized,120.0,0.5,1.0,0.5,10,final_z,0.18039999999999998,0.9019999999999998,nan,1,-1,nan
S3_transport,F,7,3,6,0,NORMAL_LEARNING,eig,optimized,120.0,0.5,1.0,0.5,10,final_z,0.18627999999999997,0.9313999999999998,nan,1,-1,nan
S3_transport,F,7,3,6,0,NORMAL_LEARNING,eig,optimized,120.0,0.5,1.0,0.5,10,final_z,0.191376,0.95688,nan,1,-1,nan
S3_transport,F,7,3,6,0,NORMAL_LEARNING,eig,optimized,120.0,0.5,1.0,0.5,10,final_z,0.19568799999999997,0.9784399999999999,nan,1,-1,nan
S3_transport,F,7,3,6,0,NORMAL_LEARNING,eig,optimized,120.0,0.5,1.0,0.5,10,final_z,0.2,1.0,nan,1,-1,nan
S3_transport,F,7,4,1,0,MODEL_INADEQUATE,diagnostic,optimized,100.0,0.5,1.0,1.0,10,candidate_z,0.004,0.02,0.005224585031655238,0,-1,nan
S3_transport,F,7,4,1,0,MODEL_INADEQUATE,diagnostic,optimized,100.0,0.5,1.0,1.0,10,candidate_z,0.00596,0.0298,0.009461043262859903,0,-1,nan
S3_transport,F,7,4,1,0,MODEL_INADEQUATE,diagnostic,optimized,100.0,0.5,1.0,1.0,10,candidate_z,0.00792,0.039599999999999996,0.01482200557968838,0,-1,nan
S3_transport,F,7,4,1,0,MODEL_INADEQUATE,diagnostic,optimized,100.0,0.5,1.0,1.0,10,candidate_z,0.00988,0.0494,0.021224986813720648,0,-1,nan
S3_transport,F,7,4,1,0,MODEL_INADEQUATE,diagnostic,optimized,100.0,0.5,1.0,1.0,10,candidate_z,0.01184,0.059199999999999996,0.028588927197400693,0,-1,nan
S3_transport,F,7,4,1,0,MODEL_INADEQUATE,diagnostic,optimized,100.0,0.5,1.0,1.0,10,candidate_z,0.0138,0.06899999999999999,0.03683545296637547,0,-1,nan
S3_transport,F,7,4,1,0,MODEL_INADEQUATE,diagnostic,optimized,100.0,0.5,1.0,1.0,10,candidate_z,0.01576,0.0788,0.045889724990736624,0,-1,nan
S3_transport,F,7,4,1,0,MODEL_INADEQUATE,diagnostic,optimized,100.0,0.5,1.0,1.0,10,candidate_z,0.01772,0.0886,0.05568097628374602,0,-1,nan
S3_transport,F,7,4,1,0,MODEL_INADEQUATE,diagnostic,optimized,100.0,0.5,1.0,1.0,10,candidate_z,0.01968,0.09839999999999999,0.06614273502775347,0,-1,nan
S3_transport,F,7,4,1,0,MODEL_INADEQUATE,diagnostic,optimized,100.0,0.5,1.0,1.0,10,candidate_z,0.02164,0.10819999999999999,0.07721291153912091,0,-1,nan
S3_transport,F,7,4,1,0,MODEL_INADEQUATE,diagnostic,optimized,100.0,0.5,1.0,1.0,10,candidate_z,0.0236,0.118,0.08883370625164844,0,-1,nan
S3_transport,F,7,4,1,0,MODEL_INADEQUATE,diagnostic,optimized,100.0,0.5,1.0,1.0,10,candidate_z,0.02556,0.1278,0.10095150903030259,0,-1,nan
S3_transport,F,7,4,1,0,MODEL_INADEQUATE,diagnostic,optimized,100.0,0.5,1.0,1.0,10,candidate_z,0.02752,0.1376,0.11351670883318121,0,-1,nan
S3_transport,F,7,4,1,0,MODEL_INADEQUATE,diagnostic,optimized,100.0,0.5,1.0,1.0,10,candidate_z,0.02948,0.14739999999999998,0.12648356002096506,0,-1,nan
S3_transport,F,7,4,1,0,MODEL_INADEQUATE,diagnostic,optimized,100.0,0.5,1.0,1.0,10,candidate_z,0.031439999999999996,0.15719999999999998,0.13980999686273066,0,-1,nan
S3_transport,F,7,4,1,0,MODEL_INADEQUATE,diagnostic,optimized,100.0,0.5,1.0,1.0,10,candidate_z,0.0334,0.16699999999999998,0.15345748773589563,0,-1,nan
S3_transport,F,7,4,1,0,MODEL_INADEQUATE,diagnostic,optimized,100.0,0.5,1.0,1.0,10,candidate_z,0.03536,0.1768,0.16739088363548404,0,-1,nan
S3_transport,F,7,4,1,0,MODEL_INADEQUATE,diagnostic,optimized,100.0,0.5,1.0,1.0,10,candidate_z,0.037320000000000006,0.18660000000000002,0.18157828502289064,0,-1,nan
S3_transport,F,7,4,1,0,MODEL_INADEQUATE,diagnostic,optimized,100.0,0.5,1.0,1.0,10,candidate_z,0.039279999999999995,0.19639999999999996,0.19599087363715384,0,-1,nan
S3_transport,F,7,4,1,0,MODEL_INADEQUATE,diagnostic,optimized,100.0,0.5,1.0,1.0,10,candidate_z,0.04124,0.2062,0.2106028049645623,0,-1,nan
S3_transport,F,7,4,1,0,MODEL_INADEQUATE,diagnostic,optimized,100.0,0.5,1.0,1.0,10,candidate_z,0.0432,0.216,0.22539092963086205,0,-1,nan
S3_transport,F,7,4,1,0,MODEL_INADEQUATE,diagnostic,optimized,100.0,0.5,1.0,1.0,10,candidate_z,0.045160000000000006,0.22580000000000003,0.24033483222545726,0,-1,nan
S3_transport,F,7,4,1,0,MODEL_INADEQUATE,diagnostic,optimized,100.0,0.5,1.0,1.0,10,candidate_z,0.047119999999999995,0.23559999999999998,0.2554165140557494,0,-1,nan
S3_transport,F,7,4,1,0,MODEL_INADEQUATE,diagnostic,optimized,100.0,0.5,1.0,1.0,10,candidate_z,0.04908,0.24539999999999998,0.27062026591364585,0,-1,nan
S3_transport,F,7,4,1,0,MODEL_INADEQUATE,diagnostic,optimized,100.0,0.5,1.0,1.0,10,candidate_z,0.05104,0.2552,0.28593251166993383,0,-1,nan
S3_transport,F,7,4,1,0,MODEL_INADEQUATE,diagnostic,optimized,100.0,0.5,1.0,1.0,10,candidate_z,0.053000000000000005,0.265,0.3013416082657514,0,-1,nan
S3_transport,F,7,4,1,0,MODEL_INADEQUATE,diagnostic,optimized,100.0,0.5,1.0,1.0,10,candidate_z,0.054959999999999995,0.27479999999999993,0.31683767046642686,0,-1,nan
S3_transport,F,7,4,1,0,MODEL_INADEQUATE,diagnostic,optimized,100.0,0.5,1.0,1.0,10,candidate_z,0.05692,0.28459999999999996,0.33241239974347536,0,-1,nan
S3_transport,F,7,4,1,0,MODEL_INADEQUATE,diagnostic,optimized,100.0,0.5,1.0,1.0,10,candidate_z,0.05888,0.2944,0.3480589151373792,0,-1,nan
S3_transport,F,7,4,1,0,MODEL_INADEQUATE,diagnostic,optimized,100.0,0.5,1.0,1.0,10,candidate_z,0.060840000000000005,0.3042,0.3637715366901233,0,-1,nan
S3_transport,F,7,4,1,0,MODEL_INADEQUATE,diagnostic,optimized,100.0,0.5,1.0,1.0,10,candidate_z,0.0628,0.31399999999999995,0.3795457558323463,0,-1,nan
S3_transport,F,7,4,1,0,MODEL_INADEQUATE,diagnostic,optimized,100.0,0.5,1.0,1.0,10,candidate_z,0.06476,0.3238,0.3953778180891234,0,-1,nan
S3_transport,F,7,4,1,0,MODEL_INADEQUATE,diagnostic,optimized,100.0,0.5,1.0,1.0,10,candidate_z,0.06672,0.3336,0.4112648388032625,0,-1,nan
S3_transport,F,7,4,1,0,MODEL_INADEQUATE,diagnostic,optimized,100.0,0.5,1.0,1.0,10,candidate_z,0.06868,0.3434,0.42720450200013715,0,-1,nan
S3_transport,F,7,4,1,0,MODEL_INADEQUATE,diagnostic,optimized,100.0,0.5,1.0,1.0,10,candidate_z,0.07064000000000001,0.3532,0.44319503567679064,0,-1,nan
S3_transport,F,7,4,1,0,MODEL_INADEQUATE,diagnostic,optimized,100.0,0.5,1.0,1.0,10,candidate_z,0.0726,0.363,0.4592348708747309,0,-1,nan
S3_transport,F,7,4,1,0,MODEL_INADEQUATE,diagnostic,optimized,100.0,0.5,1.0,1.0,10,candidate_z,0.07456,0.37279999999999996,0.47532283703328204,0,-1,nan
S3_transport,F,7,4,1,0,MODEL_INADEQUATE,diagnostic,optimized,100.0,0.5,1.0,1.0,10,candidate_z,0.07652,0.3826,0.49145781592230975,0,-1,nan
S3_transport,F,7,4,1,0,MODEL_INADEQUATE,diagnostic,optimized,100.0,0.5,1.0,1.0,10,candidate_z,0.07848,0.39239999999999997,0.5076386556275949,0,-1,nan
S3_transport,F,7,4,1,0,MODEL_INADEQUATE,diagnostic,optimized,100.0,0.5,1.0,1.0,10,candidate_z,0.08044,0.40219999999999995,0.5238643413492241,0,-1,nan
S3_transport,F,7,4,1,0,MODEL_INADEQUATE,diagnostic,optimized,100.0,0.5,1.0,1.0,10,candidate_z,0.0824,0.412,0.540133489770767,0,-1,nan
S3_transport,F,7,4,1,0,MODEL_INADEQUATE,diagnostic,optimized,100.0,0.5,1.0,1.0,10,candidate_z,0.08436,0.4218,0.5564446405345862,0,-1,nan
S3_transport,F,7,4,1,0,MODEL_INADEQUATE,diagnostic,optimized,100.0,0.5,1.0,1.0,10,candidate_z,0.08632000000000001,0.43160000000000004,0.5727962457300606,0,-1,nan
S3_transport,F,7,4,1,0,MODEL_INADEQUATE,diagnostic,optimized,100.0,0.5,1.0,1.0,10,candidate_z,0.08828,0.44139999999999996,0.589186108683208,0,-1,nan
S3_transport,F,7,4,1,0,MODEL_INADEQUATE,diagnostic,optimized,100.0,0.5,1.0,1.0,10,candidate_z,0.09024,0.4512,0.6056120685500872,0,-1,nan
S3_transport,F,7,4,1,0,MODEL_INADEQUATE,diagnostic,optimized,100.0,0.5,1.0,1.0,10,candidate_z,0.0922,0.461,0.6220712189806719,0,-1,nan
S3_transport,F,7,4,1,0,MODEL_INADEQUATE,diagnostic,optimized,100.0,0.5,1.0,1.0,10,candidate_z,0.09416,0.47079999999999994,0.6385606486087383,0,-1,nan
S3_transport,F,7,4,1,0,MODEL_INADEQUATE,diagnostic,optimized,100.0,0.5,1.0,1.0,10,candidate_z,0.09612,0.48059999999999997,0.6550768573744676,0,-1,nan
S3_transport,F,7,4,1,0,MODEL_INADEQUATE,diagnostic,optimized,100.0,0.5,1.0,1.0,10,candidate_z,0.09808,0.4904,0.6716158868196942,0,-1,nan
S3_transport,F,7,4,1,0,MODEL_INADEQUATE,diagnostic,optimized,100.0,0.5,1.0,1.0,10,candidate_z,0.10004,0.5002,0.688173595751401,0,-1,nan
S3_transport,F,7,4,1,0,MODEL_INADEQUATE,diagnostic,optimized,100.0,0.5,1.0,1.0,10,candidate_z,0.10200000000000001,0.51,0.704745043032343,0,-1,nan
S3_transport,F,7,4,1,0,MODEL_INADEQUATE,diagnostic,optimized,100.0,0.5,1.0,1.0,10,candidate_z,0.10396,0.5197999999999999,0.7213214955346103,0,-1,nan
S3_transport,F,7,4,1,0,MODEL_INADEQUATE,diagnostic,optimized,100.0,0.5,1.0,1.0,10,candidate_z,0.10592,0.5296,0.7379016120773372,0,-1,nan
S3_transport,F,7,4,1,0,MODEL_INADEQUATE,diagnostic,optimized,100.0,0.5,1.0,1.0,10,candidate_z,0.10788,0.5394,0.7544791669848188,0,-1,nan
S3_transport,F,7,4,1,0,MODEL_INADEQUATE,diagnostic,optimized,100.0,0.5,1.0,1.0,10,candidate_z,0.10984,0.5491999999999999,0.7710482465373829,0,-1,nan
S3_transport,F,7,4,1,0,MODEL_INADEQUATE,diagnostic,optimized,100.0,0.5,1.0,1.0,10,candidate_z,0.1118,0.5589999999999999,0.7876024443635359,0,-1,nan
S3_transport,F,7,4,1,0,MODEL_INADEQUATE,diagnostic,optimized,100.0,0.5,1.0,1.0,10,candidate_z,0.11376,0.5688,0.8041350138464196,0,-1,nan
S3_transport,F,7,4,1,0,MODEL_INADEQUATE,diagnostic,optimized,100.0,0.5,1.0,1.0,10,candidate_z,0.11572,0.5786,0.8206389761420922,0,-1,nan
S3_transport,F,7,4,1,0,MODEL_INADEQUATE,diagnostic,optimized,100.0,0.5,1.0,1.0,10,candidate_z,0.11768,0.5884,0.8371072241340087,0,-1,nan
S3_transport,F,7,4,1,0,MODEL_INADEQUATE,diagnostic,optimized,100.0,0.5,1.0,1.0,10,candidate_z,0.11964,0.5982,0.8535325018315625,0,-1,nan
S3_transport,F,7,4,1,0,MODEL_INADEQUATE,diagnostic,optimized,100.0,0.5,1.0,1.0,10,candidate_z,0.1216,0.608,0.8699072731838058,0,-1,nan
S3_transport,F,7,4,1,0,MODEL_INADEQUATE,diagnostic,optimized,100.0,0.5,1.0,1.0,10,candidate_z,0.12356,0.6178,0.8862239350321595,0,-1,nan
S3_transport,F,7,4,1,0,MODEL_INADEQUATE,diagnostic,optimized,100.0,0.5,1.0,1.0,10,candidate_z,0.12552,0.6275999999999999,0.9024748010246704,0,-1,nan
S3_transport,F,7,4,1,0,MODEL_INADEQUATE,diagnostic,optimized,100.0,0.5,1.0,1.0,10,candidate_z,0.12747999999999998,0.6373999999999999,0.9186521277863378,0,-1,nan
S3_transport,F,7,4,1,0,MODEL_INADEQUATE,diagnostic,optimized,100.0,0.5,1.0,1.0,10,candidate_z,0.12944,0.6472,0.9347481463548846,0,-1,nan
S3_transport,F,7,4,1,0,MODEL_INADEQUATE,diagnostic,optimized,100.0,0.5,1.0,1.0,10,candidate_z,0.1314,0.6569999999999999,0.9507550914159921,0,-1,nan
S3_transport,F,7,4,1,0,MODEL_INADEQUATE,diagnostic,optimized,100.0,0.5,1.0,1.0,10,candidate_z,0.13336,0.6668,0.9666652292740352,0,-1,nan
S3_transport,F,7,4,1,0,MODEL_INADEQUATE,diagnostic,optimized,100.0,0.5,1.0,1.0,10,candidate_z,0.13532,0.6766,0.9824708843477836,0,-1,nan
S3_transport,F,7,4,1,0,MODEL_INADEQUATE,diagnostic,optimized,100.0,0.5,1.0,1.0,10,candidate_z,0.13728,0.6864,0.9981644594361008,0,-1,nan
S3_transport,F,7,4,1,0,MODEL_INADEQUATE,diagnostic,optimized,100.0,0.5,1.0,1.0,10,candidate_z,0.13924,0.6961999999999999,1.0137384651319188,0,-1,nan
S3_transport,F,7,4,1,0,MODEL_INADEQUATE,diagnostic,optimized,100.0,0.5,1.0,1.0,10,candidate_z,0.1412,0.706,1.0291855447680156,0,-1,nan
S3_transport,F,7,4,1,0,MODEL_INADEQUATE,diagnostic,optimized,100.0,0.5,1.0,1.0,10,candidate_z,0.14316,0.7158,1.0444984893826472,0,-1,nan
S3_transport,F,7,4,1,0,MODEL_INADEQUATE,diagnostic,optimized,100.0,0.5,1.0,1.0,10,candidate_z,0.14512,0.7255999999999999,1.0596702554166164,0,-1,nan
S3_transport,F,7,4,1,0,MODEL_INADEQUATE,diagnostic,optimized,100.0,0.5,1.0,1.0,10,candidate_z,0.14708,0.7353999999999999,1.0746939825251758,1,-1,nan
S3_transport,F,7,4,1,0,MODEL_INADEQUATE,diagnostic,optimized,100.0,0.5,1.0,1.0,10,candidate_z,0.14904,0.7452,1.0895630085116963,0,-1,nan
S3_transport,F,7,4,1,0,MODEL_INADEQUATE,diagnostic,optimized,100.0,0.5,1.0,1.0,10,candidate_z,0.151,0.7549999999999999,1.104270882499982,0,-1,nan
S3_transport,F,7,4,1,0,MODEL_INADEQUATE,diagnostic,optimized,100.0,0.5,1.0,1.0,10,candidate_z,0.15295999999999998,0.7647999999999999,1.1188113753406697,1,-1,nan
S3_transport,F,7,4,1,0,MODEL_INADEQUATE,diagnostic,optimized,100.0,0.5,1.0,1.0,10,candidate_z,0.15492,0.7746,1.1331784872379131,0,-1,nan
S3_transport,F,7,4,1,0,MODEL_INADEQUATE,diagnostic,optimized,100.0,0.5,1.0,1.0,10,candidate_z,0.15688,0.7843999999999999,1.1473664622140873,0,-1,nan
S3_transport,F,7,4,1,0,MODEL_INADEQUATE,diagnostic,optimized,100.0,0.5,1.0,1.0,10,candidate_z,0.15884,0.7942,1.1613697959049922,1,-1,nan
S3_transport,F,7,4,1,0,MODEL_INADEQUATE,diagnostic,optimized,100.0,0.5,1.0,1.0,10,candidate_z,0.1608,0.8039999999999999,1.1751832348934528,0,-1,nan
S3_transport,F,7,4,1,0,MODEL_INADEQUATE,diagnostic,optimized,100.0,0.5,1.0,1.0,10,candidate_z,0.16276,0.8137999999999999,1.188801783607559,0,-1,nan
S3_transport,F,7,4,1,0,MODEL_INADEQUATE,diagnostic,optimized,100.0,0.5,1.0,1.0,10,candidate_z,0.16472,0.8236,1.2022207074131614,1,-1,nan
S3_transport,F,7,4,1,0,MODEL_INADEQUATE,diagnostic,optimized,100.0,0.5,1.0,1.0,10,candidate_z,0.16668,0.8333999999999999,1.2154355345686128,0,-1,nan
S3_transport,F,7,4,1,0,MODEL_INADEQUATE,diagnostic,optimized,100.0,0.5,1.0,1.0,10,candidate_z,0.16864,0.8432000000000001,1.228442056996112,0,-1,nan
S3_transport,F,7,4,1,0,MODEL_INADEQUATE,diagnostic,optimized,100.0,0.5,1.0,1.0,10,candidate_z,0.1706,0.853,1.2412363281005412,1,-1,nan
S3_transport,F,7,4,1,0,MODEL_INADEQUATE,diagnostic,optimized,100.0,0.5,1.0,1.0,10,candidate_z,0.17256,0.8627999999999999,1.2538146618545767,0,-1,nan
S3_transport,F,7,4,1,0,MODEL_INADEQUATE,diagnostic,optimized,100.0,0.5,1.0,1.0,10,candidate_z,0.17452,0.8726,1.2661736388031315,0,-1,nan
S3_transport,F,7,4,1,0,MODEL_INADEQUATE,diagnostic,optimized,100.0,0.5,1.0,1.0,10,candidate_z,0.17648,0.8824,1.27831009571263,1,-1,nan
S3_transport,F,7,4,1,0,MODEL_INADEQUATE,diagnostic,optimized,100.0,0.5,1.0,1.0,10,candidate_z,0.17844,0.8921999999999999,1.2902211236592223,0,-1,nan
S3_transport,F,7,4,1,0,MODEL_INADEQUATE,diagnostic,optimized,100.0,0.5,1.0,1.0,10,candidate_z,0.1804,0.902,1.301904064877192,0,-1,nan
S3_transport,F,7,4,1,0,MODEL_INADEQUATE,diagnostic,optimized,100.0,0.5,1.0,1.0,10,candidate_z,0.18236,0.9117999999999999,1.3133565082948166,1,-1,nan
S3_transport,F,7,4,1,0,MODEL_INADEQUATE,diagnostic,optimized,100.0,0.5,1.0,1.0,10,candidate_z,0.18431999999999998,0.9215999999999999,1.324576284839324,0,-1,nan
S3_transport,F,7,4,1,0,MODEL_INADEQUATE,diagnostic,optimized,100.0,0.5,1.0,1.0,10,candidate_z,0.18628,0.9314,1.3355614618838239,0,-1,nan
S3_transport,F,7,4,1,0,MODEL_INADEQUATE,diagnostic,optimized,100.0,0.5,1.0,1.0,10,candidate_z,0.18824,0.9411999999999999,1.3463103360580249,1,-1,nan
S3_transport,F,7,4,1,0,MODEL_INADEQUATE,diagnostic,optimized,100.0,0.5,1.0,1.0,10,candidate_z,0.1902,0.951,1.3568214293743637,0,-1,nan
S3_transport,F,7,4,1,0,MODEL_INADEQUATE,diagnostic,optimized,100.0,0.5,1.0,1.0,10,candidate_z,0.19216,0.9608,1.3670934860181774,0,-1,nan
S3_transport,F,7,4,1,0,MODEL_INADEQUATE,diagnostic,optimized,100.0,0.5,1.0,1.0,10,candidate_z,0.19412,0.9705999999999999,1.3771254619127689,1,-1,nan
S3_transport,F,7,4,1,0,MODEL_INADEQUATE,diagnostic,optimized,100.0,0.5,1.0,1.0,10,candidate_z,0.19608,0.9803999999999999,1.3869165196276114,0,-1,nan
S3_transport,F,7,4,1,0,MODEL_INADEQUATE,diagnostic,optimized,100.0,0.5,1.0,1.0,10,candidate_z,0.19804,0.9902,1.3964660219395668,0,-1,nan
S3_transport,F,7,4,1,0,MODEL_INADEQUATE,diagnostic,optimized,100.0,0.5,1.0,1.0,10,candidate_z,0.2,1.0,1.4057735251585548,1,-1,nan
S3_transport,F,7,4,1,0,MODEL_INADEQUATE,diagnostic,optimized,100.0,0.5,1.0,1.0,10,selected_z,0.2,1.0,nan,1,1,1.4057735251585548
S3_transport,F,7,4,1,0,MODEL_INADEQUATE,diagnostic,optimized,100.0,0.5,1.0,1.0,10,selected_z,0.19412,0.9705999999999999,nan,1,2,0.7906880116308237
S3_transport,F,7,4,1,0,MODEL_INADEQUATE,diagnostic,optimized,100.0,0.5,1.0,1.0,10,selected_z,0.18824,0.9411999999999999,nan,1,3,0.5484134337558295
S3_transport,F,7,4,1,0,MODEL_INADEQUATE,diagnostic,optimized,100.0,0.5,1.0,1.0,10,selected_z,0.18236,0.9117999999999999,nan,1,4,0.4163963061557219
S3_transport,F,7,4,1,0,MODEL_INADEQUATE,diagnostic,optimized,100.0,0.5,1.0,1.0,10,selected_z,0.17648,0.8824,nan,1,5,0.3327049747472941
S3_transport,F,7,4,1,0,MODEL_INADEQUATE,diagnostic,optimized,100.0,0.5,1.0,1.0,10,selected_z,0.1706,0.853,nan,1,6,0.274617367482616
S3_transport,F,7,4,1,0,MODEL_INADEQUATE,diagnostic,optimized,100.0,0.5,1.0,1.0,10,selected_z,0.16472,0.8236,nan,1,7,0.23176338254144824
S3_transport,F,7,4,1,0,MODEL_INADEQUATE,diagnostic,optimized,100.0,0.5,1.0,1.0,10,selected_z,0.15884,0.7942,nan,1,8,0.19872178893524506
S3_transport,F,7,4,1,0,MODEL_INADEQUATE,diagnostic,optimized,100.0,0.5,1.0,1.0,10,selected_z,0.15295999999999998,0.7647999999999999,nan,1,9,0.17237937399597314
S3_transport,F,7,4,1,0,MODEL_INADEQUATE,diagnostic,optimized,100.0,0.5,1.0,1.0,10,selected_z,0.14708,0.7353999999999999,nan,1,10,0.15082019269542712
S3_transport,F,7,4,1,0,MODEL_INADEQUATE,diagnostic,optimized,100.0,0.5,1.0,1.0,10,final_z,0.15099999999999997,0.7549999999999998,nan,1,-1,nan
S3_transport,F,7,4,1,0,MODEL_INADEQUATE,diagnostic,optimized,100.0,0.5,1.0,1.0,10,final_z,0.15687999999999996,0.7843999999999998,nan,1,-1,nan
S3_transport,F,7,4,1,0,MODEL_INADEQUATE,diagnostic,optimized,100.0,0.5,1.0,1.0,10,final_z,0.16276,0.8137999999999999,nan,1,-1,nan
S3_transport,F,7,4,1,0,MODEL_INADEQUATE,diagnostic,optimized,100.0,0.5,1.0,1.0,10,final_z,0.16863999999999998,0.8431999999999998,nan,1,-1,nan
S3_transport,F,7,4,1,0,MODEL_INADEQUATE,diagnostic,optimized,100.0,0.5,1.0,1.0,10,final_z,0.17451999999999998,0.8725999999999998,nan,1,-1,nan
S3_transport,F,7,4,1,0,MODEL_INADEQUATE,diagnostic,optimized,100.0,0.5,1.0,1.0,10,final_z,0.18039999999999998,0.9019999999999998,nan,1,-1,nan
S3_transport,F,7,4,1,0,MODEL_INADEQUATE,diagnostic,optimized,100.0,0.5,1.0,1.0,10,final_z,0.18627999999999997,0.9313999999999998,nan,1,-1,nan
S3_transport,F,7,4,1,0,MODEL_INADEQUATE,diagnostic,optimized,100.0,0.5,1.0,1.0,10,final_z,0.191376,0.95688,nan,1,-1,nan
S3_transport,F,7,4,1,0,MODEL_INADEQUATE,diagnostic,optimized,100.0,0.5,1.0,1.0,10,final_z,0.19568799999999997,0.9784399999999999,nan,1,-1,nan
S3_transport,F,7,4,1,0,MODEL_INADEQUATE,diagnostic,optimized,100.0,0.5,1.0,1.0,10,final_z,0.2,1.0,nan,1,-1,nan
S3_transport,F,7,4,2,0,MODEL_INADEQUATE,diagnostic,optimized,90.0,0.5,1.0,1.0,10,candidate_z,0.004,0.02,0.004392338338430335,0,-1,nan
S3_transport,F,7,4,2,0,MODEL_INADEQUATE,diagnostic,optimized,90.0,0.5,1.0,1.0,10,candidate_z,0.00596,0.0298,0.007827786006654236,0,-1,nan
S3_transport,F,7,4,2,0,MODEL_INADEQUATE,diagnostic,optimized,90.0,0.5,1.0,1.0,10,candidate_z,0.00792,0.039599999999999996,0.012176908468020997,0,-1,nan
S3_transport,F,7,4,2,0,MODEL_INADEQUATE,diagnostic,optimized,90.0,0.5,1.0,1.0,10,candidate_z,0.00988,0.0494,0.01739158784966577,0,-1,nan
S3_transport,F,7,4,2,0,MODEL_INADEQUATE,diagnostic,optimized,90.0,0.5,1.0,1.0,10,candidate_z,0.01184,0.059199999999999996,0.02342304451089916,0,-1,nan
S3_transport,F,7,4,2,0,MODEL_INADEQUATE,diagnostic,optimized,90.0,0.5,1.0,1.0,10,candidate_z,0.0138,0.06899999999999999,0.030222475918336045,0,-1,nan
S3_transport,F,7,4,2,0,MODEL_INADEQUATE,diagnostic,optimized,90.0,0.5,1.0,1.0,10,candidate_z,0.01576,0.0788,0.03774159929795218,0,-1,nan
S3_transport,F,7,4,2,0,MODEL_INADEQUATE,diagnostic,optimized,90.0,0.5,1.0,1.0,10,candidate_z,0.01772,0.0886,0.04593312669317129,0,-1,nan
S3_transport,F,7,4,2,0,MODEL_INADEQUATE,diagnostic,optimized,90.0,0.5,1.0,1.0,10,candidate_z,0.01968,0.09839999999999999,0.05475111062451532,0,-1,nan
S3_transport,F,7,4,2,0,MODEL_INADEQUATE,diagnostic,optimized,90.0,0.5,1.0,1.0,10,candidate_z,0.02164,0.10819999999999999,0.06415123491621699,0,-1,nan
S3_transport,F,7,4,2,0,MODEL_INADEQUATE,diagnostic,optimized,90.0,0.5,1.0,1.0,10,candidate_z,0.0236,0.118,0.07409100091380338,0,-1,nan
S3_transport,F,7,4,2,0,MODEL_INADEQUATE,diagnostic,optimized,90.0,0.5,1.0,1.0,10,candidate_z,0.02556,0.1278,0.08452986039830535,0,-1,nan
S3_transport,F,7,4,2,0,MODEL_INADEQUATE,diagnostic,optimized,90.0,0.5,1.0,1.0,10,candidate_z,0.02752,0.1376,0.09542928189556221,0,-1,nan
S3_transport,F,7,4,2,0,MODEL_INADEQUATE,diagnostic,optimized,90.0,0.5,1.0,1.0,10,candidate_z,0.02948,0.14739999999999998,0.10675279582087427,0,-1,nan
S3_transport,F,7,4,2,0,MODEL_INADEQUATE,diagnostic,optimized,90.0,0.5,1.0,1.0,10,candidate_z,0.031439999999999996,0.15719999999999998,0.11846598743357362,0,-1,nan
S3_transport,F,7,4,2,0,MODEL_INADEQUATE,diagnostic,optimized,90.0,0.5,1.0,1.0,10,candidate_z,0.0334,0.16699999999999998,0.13053646531979268,0,-1,nan
S3_transport,F,7,4,2,0,MODEL_INADEQUATE,diagnostic,optimized,90.0,0.5,1.0,1.0,10,candidate_z,0.03536,0.1768,0.1429338450268034,0,-1,nan
S3_transport,F,7,4,2,0,MODEL_INADEQUATE,diagnostic,optimized,90.0,0.5,1.0,1.0,10,candidate_z,0.037320000000000006,0.18660000000000002,0.15562968101118457,0,-1,nan
S3_transport,F,7,4,2,0,MODEL_INADEQUATE,diagnostic,optimized,90.0,0.5,1.0,1.0,10,candidate_z,0.039279999999999995,0.19639999999999996,0.1685974192631079,0,-1,nan
S3_transport,F,7,4,2,0,MODEL_INADEQUATE,diagnostic,optimized,90.0,0.5,1.0,1.0,10,candidate_z,0.04124,0.2062,0.1818123302865402,0,-1,nan
S3_transport,F,7,4,2,0,MODEL_INADEQUATE,diagnostic,optimized,90.0,0.5,1.0,1.0,10,candidate_z,0.0432,0.216,0.1952514532435643,0,-1,nan
S3_transport,F,7,4,2,0,MODEL_INADEQUATE,diagnostic,optimized,90.0,0.5,1.0,1.0,10,candidate_z,0.045160000000000006,0.22580000000000003,0.2088935522562494,0,-1,nan
S3_transport,F,7,4,2,0,MODEL_INADEQUATE,diagnostic,optimized,90.0,0.5,1.0,1.0,10,candidate_z,0.047119999999999995,0.23559999999999998,0.2227190116471789,0,-1,nan
S3_transport,F,7,4,2,0,MODEL_INADEQUATE,diagnostic,optimized,90.0,0.5,1.0,1.0,10,candidate_z,0.04908,0.24539999999999998,0.23670978278930477,0,-1,nan
S3_transport,F,7,4,2,0,MODEL_INADEQUATE,diagnostic,optimized,90.0,0.5,1.0,1.0,10,candidate_z,0.05104,0.2552,0.2508493207792952,0,-1,nan
S3_transport,F,7,4,2,0,MODEL_INADEQUATE,diagnostic,optimized,90.0,0.5,1.0,1.0,10,candidate_z,0.053000000000000005,0.265,0.2651225358220515,0,-1,nan
S3_transport,F,7,4,2,0,MODEL_INADEQUATE,diagnostic,optimized,90.0,0.5,1.0,1.0,10,candidate_z,0.054959999999999995,0.27479999999999993,0.2795157123436134,0,-1,nan
S3_transport,F,7,4,2,0,MODEL_INADEQUATE,diagnostic,optimized,90.0,0.5,1.0,1.0,10,candidate_z,0.05692,0.28459999999999996,0.2940164553857443,0,-1,nan
S3_transport,F,7,4,2,0,MODEL_INADEQUATE,diagnostic,optimized,90.0,0.5,1.0,1.0,10,candidate_z,0.05888,0.2944,0.30861349547527794,0,-1,nan
S3_transport,F,7,4,2,0,MODEL_INADEQUATE,diagnostic,optimized,90.0,0.5,1.0,1.0,10,candidate_z,0.060840000000000005,0.3042,0.32329685869498803,0,-1,nan
S3_transport,F,7,4,2,0,MODEL_INADEQUATE,diagnostic,optimized,90.0,0.5,1.0,1.0,10,candidate_z,0.0628,0.31399999999999995,0.33805757860630337,0,-1,nan
S3_transport,F,7,4,2,0,MODEL_INADEQUATE,diagnostic,optimized,90.0,0.5,1.0,1.0,10,candidate_z,0.06476,0.3238,0.3528877446047929,0,-1,nan
S3_transport,F,7,4,2,0,MODEL_INADEQUATE,diagnostic,optimized,90.0,0.5,1.0,1.0,10,candidate_z,0.06672,0.3336,0.36778038914586375,0,-1,nan
S3_transport,F,7,4,2,0,MODEL_INADEQUATE,diagnostic,optimized,90.0,0.5,1.0,1.0,10,candidate_z,0.06868,0.3434,0.3827294348217798,0,-1,nan
S3_transport,F,7,4,2,0,MODEL_INADEQUATE,diagnostic,optimized,90.0,0.5,1.0,1.0,10,candidate_z,0.07064000000000001,0.3532,0.39772961548875685,0,-1,nan
S3_transport,F,7,4,2,0,MODEL_INADEQUATE,diagnostic,optimized,90.0,0.5,1.0,1.0,10,candidate_z,0.0726,0.363,0.41277642589305685,0,-1,nan
S3_transport,F,7,4,2,0,MODEL_INADEQUATE,diagnostic,optimized,90.0,0.5,1.0,1.0,10,candidate_z,0.07456,0.37279999999999996,0.427866028536684,0,-1,nan
S3_transport,F,7,4,2,0,MODEL_INADEQUATE,diagnostic,optimized,90.0,0.5,1.0,1.0,10,candidate_z,0.07652,0.3826,0.44299520495558653,0,-1,nan
S3_transport,F,7,4,2,0,MODEL_INADEQUATE,diagnostic,optimized,90.0,0.5,1.0,1.0,10,candidate_z,0.07848,0.39239999999999997,0.45816133825344707,0,-1,nan
S3_transport,F,7,4,2,0,MODEL_INADEQUATE,diagnostic,optimized,90.0,0.5,1.0,1.0,10,candidate_z,0.08044,0.40219999999999995,0.47336224411562,0,-1,nan
S3_transport,F,7,4,2,0,MODEL_INADEQUATE,diagnostic,optimized,90.0,0.5,1.0,1.0,10,candidate_z,0.0824,0.412,0.4885962359925955,0,-1,nan
S3_transport,F,7,4,2,0,MODEL_INADEQUATE,diagnostic,optimized,90.0,0.5,1.0,1.0,10,candidate_z,0.08436,0.4218,0.5038619880586772,0,-1,nan
S3_transport,F,7,4,2,0,MODEL_INADEQUATE,diagnostic,optimized,90.0,0.5,1.0,1.0,10,candidate_z,0.08632000000000001,0.43160000000000004,0.5191585038653059,0,-1,nan
S3_transport,F,7,4,2,0,MODEL_INADEQUATE,diagnostic,optimized,90.0,0.5,1.0,1.0,10,candidate_z,0.08828,0.44139999999999996,0.5344851108179114,0,-1,nan
S3_transport,F,7,4,2,0,MODEL_INADEQUATE,diagnostic,optimized,90.0,0.5,1.0,1.0,10,candidate_z,0.09024,0.4512,0.5498413474300499,0,-1,nan
S3_transport,F,7,4,2,0,MODEL_INADEQUATE,diagnostic,optimized,90.0,0.5,1.0,1.0,10,candidate_z,0.0922,0.461,0.5652268928284911,0,-1,nan
S3_transport,F,7,4,2,0,MODEL_INADEQUATE,diagnostic,optimized,90.0,0.5,1.0,1.0,10,candidate_z,0.09416,0.47079999999999994,0.5806416389332796,0,-1,nan
S3_transport,F,7,4,2,0,MODEL_INADEQUATE,diagnostic,optimized,90.0,0.5,1.0,1.0,10,candidate_z,0.09612,0.48059999999999997,0.5960855652748123,0,-1,nan
S3_transport,F,7,4,2,0,MODEL_INADEQUATE,diagnostic,optimized,90.0,0.5,1.0,1.0,10,candidate_z,0.09808,0.4904,0.6115587300532042,0,-1,nan
S3_transport,F,7,4,2,0,MODEL_INADEQUATE,diagnostic,optimized,90.0,0.5,1.0,1.0,10,candidate_z,0.10004,0.5002,0.6270612549819994,0,-1,nan
S3_transport,F,7,4,2,0,MODEL_INADEQUATE,diagnostic,optimized,90.0,0.5,1.0,1.0,10,candidate_z,0.10200000000000001,0.51,0.642593173115408,0,-1,nan
S3_transport,F,7,4,2,0,MODEL_INADEQUATE,diagnostic,optimized,90.0,0.5,1.0,1.0,10,candidate_z,0.10396,0.5197999999999999,0.6581522380489879,0,-1,nan
S3_transport,F,7,4,2,0,MODEL_INADEQUATE,diagnostic,optimized,90.0,0.5,1.0,1.0,10,candidate_z,0.10592,0.5296,0.6737409961287426,0,-1,nan
S3_transport,F,7,4,2,0,MODEL_INADEQUATE,diagnostic,optimized,90.0,0.5,1.0,1.0,10,candidate_z,0.10788,0.5394,0.6893592675431961,0,-1,nan
S3_transport,F,7,4,2,0,MODEL_INADEQUATE,diagnostic,optimized,90.0,0.5,1.0,1.0,10,candidate_z,0.10984,0.5491999999999999,0.7050069854941654,0,-1,nan
S3_transport,F,7,4,2,0,MODEL_INADEQUATE,diagnostic,optimized,90.0,0.5,1.0,1.0,10,candidate_z,0.1118,0.5589999999999999,0.7206838384390082,0,-1,nan
S3_transport,F,7,4,2,0,MODEL_INADEQUATE,diagnostic,optimized,90.0,0.5,1.0,1.0,10,candidate_z,0.11376,0.5688,0.7363895952716533,0,-1,nan
S3_transport,F,7,4,2,0,MODEL_INADEQUATE,diagnostic,optimized,90.0,0.5,1.0,1.0,10,candidate_z,0.11572,0.5786,0.7521236058620104,0,-1,nan
S3_transport,F,7,4,2,0,MODEL_INADEQUATE,diagnostic,optimized,90.0,0.5,1.0,1.0,10,candidate_z,0.11768,0.5884,0.7678854079634156,0,-1,nan
S3_transport,F,7,4,2,0,MODEL_INADEQUATE,diagnostic,optimized,90.0,0.5,1.0,1.0,10,candidate_z,0.11964,0.5982,0.7836740777534743,0,-1,nan
S3_transport,F,7,4,2,0,MODEL_INADEQUATE,diagnostic,optimized,90.0,0.5,1.0,1.0,10,candidate_z,0.1216,0.608,0.7994886855427481,0,-1,nan
S3_transport,F,7,4,2,0,MODEL_INADEQUATE,diagnostic,optimized,90.0,0.5,1.0,1.0,10,candidate_z,0.12356,0.6178,0.8153279822942352,0,-1,nan
S3_transport,F,7,4,2,0,MODEL_INADEQUATE,diagnostic,optimized,90.0,0.5,1.0,1.0,10,candidate_z,0.12552,0.6275999999999999,0.8311908971196189,0,-1,nan
S3_transport,F,7,4,2,0,MODEL_INADEQUATE,diagnostic,optimized,90.0,0.5,1.0,1.0,10,candidate_z,0.12747999999999998,0.6373999999999999,0.8470756665385579,0,-1,nan
S3_transport,F,7,4,2,0,MODEL_INADEQUATE,diagnostic,optimized,90.0,0.5,1.0,1.0,10,candidate_z,0.12944,0.6472,0.862980891081996,0,-1,nan
S3_transport,F,7,4,2,0,MODEL_INADEQUATE,diagnostic,optimized,90.0,0.5,1.0,1.0,10,candidate_z,0.1314,0.6569999999999999,0.8789045466938958,0,-1,nan
S3_transport,F,7,4,2,0,MODEL_INADEQUATE,diagnostic,optimized,90.0,0.5,1.0,1.0,10,candidate_z,0.13336,0.6668,0.8948446340377565,0,-1,nan
S3_transport,F,7,4,2,0,MODEL_INADEQUATE,diagnostic,optimized,90.0,0.5,1.0,1.0,10,candidate_z,0.13532,0.6766,0.9107991503516146,0,-1,nan
S3_transport,F,7,4,2,0,MODEL_INADEQUATE,diagnostic,optimized,90.0,0.5,1.0,1.0,10,candidate_z,0.13728,0.6864,0.9267656776293762,0,-1,nan
S3_transport,F,7,4,2,0,MODEL_INADEQUATE,diagnostic,optimized,90.0,0.5,1.0,1.0,10,candidate_z,0.13924,0.6961999999999999,0.9427415231080047,0,-1,nan
S3_transport,F,7,4,2,0,MODEL_INADEQUATE,diagnostic,optimized,90.0,0.5,1.0,1.0,10,candidate_z,0.1412,0.706,0.9587243674623878,0,-1,nan
S3_transport,F,7,4,2,0,MODEL_INADEQUATE,diagnostic,optimized,90.0,0.5,1.0,1.0,10,candidate_z,0.14316,0.7158,0.974711295735684,0,-1,nan
S3_transport,F,7,4,2,0,MODEL_INADEQUATE,diagnostic,optimized,90.0,0.5,1.0,1.0,10,candidate_z,0.14512,0.7255999999999999,0.9906992561390986,0,-1,nan
S3_transport,F,7,4,2,0,MODEL_INADEQUATE,diagnostic,optimized,90.0,0.5,1.0,1.0,10,candidate_z,0.14708,0.7353999999999999,1.0066853661824595,1,-1,nan
S3_transport,F,7,4,2,0,MODEL_INADEQUATE,diagnostic,optimized,90.0,0.5,1.0,1.0,10,candidate_z,0.14904,0.7452,1.0226664591670342,0,-1,nan
S3_transport,F,7,4,2,0,MODEL_INADEQUATE,diagnostic,optimized,90.0,0.5,1.0,1.0,10,candidate_z,0.151,0.7549999999999999,1.038639261868589,0,-1,nan
S3_transport,F,7,4,2,0,MODEL_INADEQUATE,diagnostic,optimized,90.0,0.5,1.0,1.0,10,candidate_z,0.15295999999999998,0.7647999999999999,1.0546002338470721,1,-1,nan
S3_transport,F,7,4,2,0,MODEL_INADEQUATE,diagnostic,optimized,90.0,0.5,1.0,1.0,10,candidate_z,0.15492,0.7746,1.0705462089025986,0,-1,nan
S3_transport,F,7,4,2,0,MODEL_INADEQUATE,diagnostic,optimized,90.0,0.5,1.0,1.0,10,candidate_z,0.15688,0.7843999999999999,1.086473443075505,0,-1,nan
S3_transport,F,7,4,2,0,MODEL_INADEQUATE,diagnostic,optimized,90.0,0.5,1.0,1.0,10,candidate_z,0.15884,0.7942,1.1023784384966824,1,-1,nan
S3_transport,F,7,4,2,0,MODEL_INADEQUATE,diagnostic,optimized,90.0,0.5,1.0,1.0,10,candidate_z,0.1608,0.8039999999999999,1.1182574707116153,0,-1,nan
S3_transport,F,7,4,2,0,MODEL_INADEQUATE,diagnostic,optimized,90.0,0.5,1.0,1.0,10,candidate_z,0.16276,0.8137999999999999,1.134106836120722,0,-1,nan
S3_transport,F,7,4,2,0,MODEL_INADEQUATE,diagnostic,optimized,90.0,0.5,1.0,1.0,10,candidate_z,0.16472,0.8236,1.14992289955903,1,-1,nan
S3_transport,F,7,4,2,0,MODEL_INADEQUATE,diagnostic,optimized,90.0,0.5,1.0,1.0,10,candidate_z,0.16668,0.8333999999999999,1.1657017824694194,0,-1,nan
S3_transport,F,7,4,2,0,MODEL_INADEQUATE,diagnostic,optimized,90.0,0.5,1.0,1.0,10,candidate_z,0.16864,0.8432000000000001,1.1814396737419557,0,-1,nan
S3_transport,F,7,4,2,0,MODEL_INADEQUATE,diagnostic,optimized,90.0,0.5,1.0,1.0,10,candidate_z,0.1706,0.853,1.1971327184456584,1,-1,nan
S3_transport,F,7,4,2,0,MODEL_INADEQUATE,diagnostic,optimized,90.0,0.5,1.0,1.0,10,candidate_z,0.17256,0.8627999999999999,1.2127772529801604,0,-1,nan
S3_transport,F,7,4,2,0,MODEL_INADEQUATE,diagnostic,optimized,90.0,0.5,1.0,1.0,10,candidate_z,0.17452,0.8726,1.2283694070712023,0,-1,nan
S3_transport,F,7,4,2,0,MODEL_INADEQUATE,diagnostic,optimized,90.0,0.5,1.0,1.0,10,candidate_z,0.17648,0.8824,1.2439053912989024,1,-1,nan
S3_transport,F,7,4,2,0,MODEL_INADEQUATE,diagnostic,optimized,90.0,0.5,1.0,1.0,10,candidate_z,0.17844,0.8921999999999999,1.2593814366220144,0,-1,nan
S3_transport,F,7,4,2,0,MODEL_INADEQUATE,diagnostic,optimized,90.0,0.5,1.0,1.0,10,candidate_z,0.1804,0.902,1.2747937999316008,0,-1,nan
S3_transport,F,7,4,2,0,MODEL_INADEQUATE,diagnostic,optimized,90.0,0.5,1.0,1.0,10,candidate_z,0.18236,0.9117999999999999,1.2901387772507817,1,-1,nan
S3_transport,F,7,4,2,0,MODEL_INADEQUATE,diagnostic,optimized,90.0,0.5,1.0,1.0,10,candidate_z,0.18431999999999998,0.9215999999999999,1.3054127078482196,0,-1,nan
S3_transport,F,7,4,2,0,MODEL_INADEQUATE,diagnostic,optimized,90.0,0.5,1.0,1.0,10,candidate_z,0.18628,0.9314,1.3206119774109553,0,-1,nan
S3_transport,F,7,4,2,0,MODEL_INADEQUATE,diagnostic,optimized,90.0,0.5,1.0,1.0,10,candidate_z,0.18824,0.9411999999999999,1.3357330251321855,1,-1,nan
S3_transport,F,7,4,2,0,MODEL_INADEQUATE,diagnostic,optimized,90.0,0.5,1.0,1.0,10,candidate_z,0.1902,0.951,1.3507723489095618,0,-1,nan
S3_transport,F,7,4,2,0,MODEL_INADEQUATE,diagnostic,optimized,90.0,0.5,1.0,1.0,10,candidate_z,0.19216,0.9608,1.3657265101213767,0,-1,nan
S3_transport,F,7,4,2,0,MODEL_INADEQUATE,diagnostic,optimized,90.0,0.5,1.0,1.0,10,candidate_z,0.19412,0.9705999999999999,1.380592137963994,1,-1,nan
S3_transport,F,7,4,2,0,MODEL_INADEQUATE,diagnostic,optimized,90.0,0.5,1.0,1.0,10,candidate_z,0.19608,0.9803999999999999,1.395365933471716,0,-1,nan
S3_transport,F,7,4,2,0,MODEL_INADEQUATE,diagnostic,optimized,90.0,0.5,1.0,1.0,10,candidate_z,0.19804,0.9902,1.4100446730604261,0,-1,nan
S3_transport,F,7,4,2,0,MODEL_INADEQUATE,diagnostic,optimized,90.0,0.5,1.0,1.0,10,candidate_z,0.2,1.0,1.4246252117676335,1,-1,nan
S3_transport,F,7,4,2,0,MODEL_INADEQUATE,diagnostic,optimized,90.0,0.5,1.0,1.0,10,selected_z,0.2,1.0,nan,1,1,1.4246252117676335
S3_transport,F,7,4,2,0,MODEL_INADEQUATE,diagnostic,optimized,90.0,0.5,1.0,1.0,10,selected_z,0.19412,0.9705999999999999,nan,1,2,0.7734884803668507
S3_transport,F,7,4,2,0,MODEL_INADEQUATE,diagnostic,optimized,90.0,0.5,1.0,1.0,10,selected_z,0.18824,0.9411999999999999,nan,1,3,0.5287338811675326
S3_transport,F,7,4,2,0,MODEL_INADEQUATE,diagnostic,optimized,90.0,0.5,1.0,1.0,10,selected_z,0.18236,0.9117999999999999,nan,1,4,0.3968988374082585
S3_transport,F,7,4,2,0,MODEL_INADEQUATE,diagnostic,optimized,90.0,0.5,1.0,1.0,10,selected_z,0.17648,0.8824,nan,1,5,0.3137909156133105
S3_transport,F,7,4,2,0,MODEL_INADEQUATE,diagnostic,optimized,90.0,0.5,1.0,1.0,10,selected_z,0.1706,0.853,nan,1,6,0.2563492975589199
S3_transport,F,7,4,2,0,MODEL_INADEQUATE,diagnostic,optimized,90.0,0.5,1.0,1.0,10,selected_z,0.16472,0.8236,nan,1,7,0.21414247060537406
S3_transport,F,7,4,2,0,MODEL_INADEQUATE,diagnostic,optimized,90.0,0.5,1.0,1.0,10,selected_z,0.15884,0.7942,nan,1,8,0.18174113132372582
S3_transport,F,7,4,2,0,MODEL_INADEQUATE,diagnostic,optimized,90.0,0.5,1.0,1.0,10,selected_z,0.15295999999999998,0.7647999999999999,nan,1,9,0.15603473107019994
S3_transport,F,7,4,2,0,MODEL_INADEQUATE,diagnostic,optimized,90.0,0.5,1.0,1.0,10,selected_z,0.14708,0.7353999999999999,nan,1,10,0.13511124931146412
S3_transport,F,7,4,2,0,MODEL_INADEQUATE,diagnostic,optimized,90.0,0.5,1.0,1.0,10,final_z,0.15099999999999997,0.7549999999999998,nan,1,-1,nan
S3_transport,F,7,4,2,0,MODEL_INADEQUATE,diagnostic,optimized,90.0,0.5,1.0,1.0,10,final_z,0.15687999999999996,0.7843999999999998,nan,1,-1,nan
S3_transport,F,7,4,2,0,MODEL_INADEQUATE,diagnostic,optimized,90.0,0.5,1.0,1.0,10,final_z,0.16276,0.8137999999999999,nan,1,-1,nan
S3_transport,F,7,4,2,0,MODEL_INADEQUATE,diagnostic,optimized,90.0,0.5,1.0,1.0,10,final_z,0.16863999999999998,0.8431999999999998,nan,1,-1,nan
S3_transport,F,7,4,2,0,MODEL_INADEQUATE,diagnostic,optimized,90.0,0.5,1.0,1.0,10,final_z,0.17451999999999998,0.8725999999999998,nan,1,-1,nan
S3_transport,F,7,4,2,0,MODEL_INADEQUATE,diagnostic,optimized,90.0,0.5,1.0,1.0,10,final_z,0.18039999999999998,0.9019999999999998,nan,1,-1,nan
S3_transport,F,7,4,2,0,MODEL_INADEQUATE,diagnostic,optimized,90.0,0.5,1.0,1.0,10,final_z,0.18627999999999997,0.9313999999999998,nan,1,-1,nan
S3_transport,F,7,4,2,0,MODEL_INADEQUATE,diagnostic,optimized,90.0,0.5,1.0,1.0,10,final_z,0.191376,0.95688,nan,1,-1,nan
S3_transport,F,7,4,2,0,MODEL_INADEQUATE,diagnostic,optimized,90.0,0.5,1.0,1.0,10,final_z,0.19568799999999997,0.9784399999999999,nan,1,-1,nan
S3_transport,F,7,4,2,0,MODEL_INADEQUATE,diagnostic,optimized,90.0,0.5,1.0,1.0,10,final_z,0.2,1.0,nan,1,-1,nan
S3_transport,F,7,4,3,0,MODEL_INADEQUATE,diagnostic,optimized,110.0,0.5,1.0,1.0,10,candidate_z,0.004,0.02,0.0058070632404749745,0,-1,nan
S3_transport,F,7,4,3,0,MODEL_INADEQUATE,diagnostic,optimized,110.0,0.5,1.0,1.0,10,candidate_z,0.00596,0.0298,0.010609000524752332,0,-1,nan
S3_transport,F,7,4,3,0,MODEL_INADEQUATE,diagnostic,optimized,110.0,0.5,1.0,1.0,10,candidate_z,0.00792,0.039599999999999996,0.016656159611120103,0,-1,nan
S3_transport,F,7,4,3,0,MODEL_INADEQUATE,diagnostic,optimized,110.0,0.5,1.0,1.0,10,candidate_z,0.00988,0.0494,0.023824499052793158,0,-1,nan
S3_transport,F,7,4,3,0,MODEL_INADEQUATE,diagnostic,optimized,110.0,0.5,1.0,1.0,10,candidate_z,0.01184,0.059199999999999996,0.03199726834871086,0,-1,nan
S3_transport,F,7,4,3,0,MODEL_INADEQUATE,diagnostic,optimized,110.0,0.5,1.0,1.0,10,candidate_z,0.0138,0.06899999999999999,0.041066252926874824,0,-1,nan
S3_transport,F,7,4,3,0,MODEL_INADEQUATE,diagnostic,optimized,110.0,0.5,1.0,1.0,10,candidate_z,0.01576,0.0788,0.05093202652814455,0,-1,nan
S3_transport,F,7,4,3,0,MODEL_INADEQUATE,diagnostic,optimized,110.0,0.5,1.0,1.0,10,candidate_z,0.01772,0.0886,0.06150363537848946,0,-1,nan
S3_transport,F,7,4,3,0,MODEL_INADEQUATE,diagnostic,optimized,110.0,0.5,1.0,1.0,10,candidate_z,0.01968,0.09839999999999999,0.07269806209235341,0,-1,nan
S3_transport,F,7,4,3,0,MODEL_INADEQUATE,diagnostic,optimized,110.0,0.5,1.0,1.0,10,candidate_z,0.02164,0.10819999999999999,0.08443967048430423,0,-1,nan
S3_transport,F,7,4,3,0,MODEL_INADEQUATE,diagnostic,optimized,110.0,0.5,1.0,1.0,10,candidate_z,0.0236,0.118,0.09665971950098395,0,-1,nan
S3_transport,F,7,4,3,0,MODEL_INADEQUATE,diagnostic,optimized,110.0,0.5,1.0,1.0,10,candidate_z,0.02556,0.1278,0.10929600553438945,0,-1,nan
S3_transport,F,7,4,3,0,MODEL_INADEQUATE,diagnostic,optimized,110.0,0.5,1.0,1.0,10,candidate_z,0.02752,0.1376,0.12229248782150037,0,-1,nan
S3_transport,F,7,4,3,0,MODEL_INADEQUATE,diagnostic,optimized,110.0,0.5,1.0,1.0,10,candidate_z,0.02948,0.14739999999999998,0.13559911284704995,0,-1,nan
S3_transport,F,7,4,3,0,MODEL_INADEQUATE,diagnostic,optimized,110.0,0.5,1.0,1.0,10,candidate_z,0.031439999999999996,0.15719999999999998,0.1491713863840758,0,-1,nan
S3_transport,F,7,4,3,0,MODEL_INADEQUATE,diagnostic,optimized,110.0,0.5,1.0,1.0,10,candidate_z,0.0334,0.16699999999999998,0.1629702535764963,0,-1,nan
S3_transport,F,7,4,3,0,MODEL_INADEQUATE,diagnostic,optimized,110.0,0.5,1.0,1.0,10,candidate_z,0.03536,0.1768,0.17696169920714766,0,-1,nan
S3_transport,F,7,4,3,0,MODEL_INADEQUATE,diagnostic,optimized,110.0,0.5,1.0,1.0,10,candidate_z,0.037320000000000006,0.18660000000000002,0.1911164387961577,0,-1,nan
S3_transport,F,7,4,3,0,MODEL_INADEQUATE,diagnostic,optimized,110.0,0.5,1.0,1.0,10,candidate_z,0.039279999999999995,0.19639999999999996,0.20540954204496842,0,-1,nan
S3_transport,F,7,4,3,0,MODEL_INADEQUATE,diagnostic,optimized,110.0,0.5,1.0,1.0,10,candidate_z,0.04124,0.2062,0.21982003133839356,0,-1,nan
S3_transport,F,7,4,3,0,MODEL_INADEQUATE,diagnostic,optimized,110.0,0.5,1.0,1.0,10,candidate_z,0.0432,0.216,0.23433047518641814,0,-1,nan
S3_transport,F,7,4,3,0,MODEL_INADEQUATE,diagnostic,optimized,110.0,0.5,1.0,1.0,10,candidate_z,0.045160000000000006,0.22580000000000003,0.24892657523619732,0,-1,nan
S3_transport,F,7,4,3,0,MODEL_INADEQUATE,diagnostic,optimized,110.0,0.5,1.0,1.0,10,candidate_z,0.047119999999999995,0.23559999999999998,0.26359672971332415,0,-1,nan
S3_transport,F,7,4,3,0,MODEL_INADEQUATE,diagnostic,optimized,110.0,0.5,1.0,1.0,10,candidate_z,0.04908,0.24539999999999998,0.2783316014290307,0,-1,nan
S3_transport,F,7,4,3,0,MODEL_INADEQUATE,diagnostic,optimized,110.0,0.5,1.0,1.0,10,candidate_z,0.05104,0.2552,0.29312374156449295,0,-1,nan
S3_transport,F,7,4,3,0,MODEL_INADEQUATE,diagnostic,optimized,110.0,0.5,1.0,1.0,10,candidate_z,0.053000000000000005,0.265,0.3079673254204529,0,-1,nan
S3_transport,F,7,4,3,0,MODEL_INADEQUATE,diagnostic,optimized,110.0,0.5,1.0,1.0,10,candidate_z,0.054959999999999995,0.27479999999999993,0.32285737218586164,0,-1,nan
S3_transport,F,7,4,3,0,MODEL_INADEQUATE,diagnostic,optimized,110.0,0.5,1.0,1.0,10,candidate_z,0.05692,0.28459999999999996,0.33778996342848444,0,-1,nan
S3_transport,F,7,4,3,0,MODEL_INADEQUATE,diagnostic,optimized,110.0,0.5,1.0,1.0,10,candidate_z,0.05888,0.2944,0.35276164430116097,0,-1,nan
S3_transport,F,7,4,3,0,MODEL_INADEQUATE,diagnostic,optimized,110.0,0.5,1.0,1.0,10,candidate_z,0.060840000000000005,0.3042,0.367769092608107,0,-1,nan
S3_transport,F,7,4,3,0,MODEL_INADEQUATE,diagnostic,optimized,110.0,0.5,1.0,1.0,10,candidate_z,0.0628,0.31399999999999995,0.38280897771484135,0,-1,nan
S3_transport,F,7,4,3,0,MODEL_INADEQUATE,diagnostic,optimized,110.0,0.5,1.0,1.0,10,candidate_z,0.06476,0.3238,0.39787772121620435,0,-1,nan
S3_transport,F,7,4,3,0,MODEL_INADEQUATE,diagnostic,optimized,110.0,0.5,1.0,1.0,10,candidate_z,0.06672,0.3336,0.4129717322017612,0,-1,nan
S3_transport,F,7,4,3,0,MODEL_INADEQUATE,diagnostic,optimized,110.0,0.5,1.0,1.0,10,candidate_z,0.06868,0.3434,0.4280862486512049,0,-1,nan
S3_transport,F,7,4,3,0,MODEL_INADEQUATE,diagnostic,optimized,110.0,0.5,1.0,1.0,10,candidate_z,0.07064000000000001,0.3532,0.4432162347630637,0,-1,nan
S3_transport,F,7,4,3,0,MODEL_INADEQUATE,diagnostic,optimized,110.0,0.5,1.0,1.0,10,candidate_z,0.0726,0.363,0.45835615805535923,0,-1,nan
S3_transport,F,7,4,3,0,MODEL_INADEQUATE,diagnostic,optimized,110.0,0.5,1.0,1.0,10,candidate_z,0.07456,0.37279999999999996,0.4734991165662201,0,-1,nan
S3_transport,F,7,4,3,0,MODEL_INADEQUATE,diagnostic,optimized,110.0,0.5,1.0,1.0,10,candidate_z,0.07652,0.3826,0.4886379081840886,0,-1,nan
S3_transport,F,7,4,3,0,MODEL_INADEQUATE,diagnostic,optimized,110.0,0.5,1.0,1.0,10,candidate_z,0.07848,0.39239999999999997,0.5037647309400839,0,-1,nan
S3_transport,F,7,4,3,0,MODEL_INADEQUATE,diagnostic,optimized,110.0,0.5,1.0,1.0,10,candidate_z,0.08044,0.40219999999999995,0.5188700473941239,0,-1,nan
S3_transport,F,7,4,3,0,MODEL_INADEQUATE,diagnostic,optimized,110.0,0.5,1.0,1.0,10,candidate_z,0.0824,0.412,0.5339445753524714,0,-1,nan
S3_transport,F,7,4,3,0,MODEL_INADEQUATE,diagnostic,optimized,110.0,0.5,1.0,1.0,10,candidate_z,0.08436,0.4218,0.5489777095166524,0,-1,nan
S3_transport,F,7,4,3,0,MODEL_INADEQUATE,diagnostic,optimized,110.0,0.5,1.0,1.0,10,candidate_z,0.08632000000000001,0.43160000000000004,0.5639584345645119,0,-1,nan
S3_transport,F,7,4,3,0,MODEL_INADEQUATE,diagnostic,optimized,110.0,0.5,1.0,1.0,10,candidate_z,0.08828,0.44139999999999996,0.5788751459292136,0,-1,nan
S3_transport,F,7,4,3,0,MODEL_INADEQUATE,diagnostic,optimized,110.0,0.5,1.0,1.0,10,candidate_z,0.09024,0.4512,0.5937157263060371,0,-1,nan
S3_transport,F,7,4,3,0,MODEL_INADEQUATE,diagnostic,optimized,110.0,0.5,1.0,1.0,10,candidate_z,0.0922,0.461,0.6084676478609587,0,-1,nan
S3_transport,F,7,4,3,0,MODEL_INADEQUATE,diagnostic,optimized,110.0,0.5,1.0,1.0,10,candidate_z,0.09416,0.47079999999999994,0.623118058488469,0,-1,nan
S3_transport,F,7,4,3,0,MODEL_INADEQUATE,diagnostic,optimized,110.0,0.5,1.0,1.0,10,candidate_z,0.09612,0.48059999999999997,0.6376538622518275,0,-1,nan
S3_transport,F,7,4,3,0,MODEL_INADEQUATE,diagnostic,optimized,110.0,0.5,1.0,1.0,10,candidate_z,0.09808,0.4904,0.6520618349988538,0,-1,nan
S3_transport,F,7,4,3,0,MODEL_INADEQUATE,diagnostic,optimized,110.0,0.5,1.0,1.0,10,candidate_z,0.10004,0.5002,0.6663286903476404,0,-1,nan
S3_transport,F,7,4,3,0,MODEL_INADEQUATE,diagnostic,optimized,110.0,0.5,1.0,1.0,10,candidate_z,0.10200000000000001,0.51,0.6804411712881588,0,-1,nan
S3_transport,F,7,4,3,0,MODEL_INADEQUATE,diagnostic,optimized,110.0,0.5,1.0,1.0,10,candidate_z,0.10396,0.5197999999999999,0.6943795960977255,0,-1,nan
S3_transport,F,7,4,3,0,MODEL_INADEQUATE,diagnostic,optimized,110.0,0.5,1.0,1.0,10,candidate_z,0.10592,0.5296,0.7081374673414516,0,-1,nan
S3_transport,F,7,4,3,0,MODEL_INADEQUATE,diagnostic,optimized,110.0,0.5,1.0,1.0,10,candidate_z,0.10788,0.5394,0.7217020869058928,0,-1,nan
S3_transport,F,7,4,3,0,MODEL_INADEQUATE,diagnostic,optimized,110.0,0.5,1.0,1.0,10,candidate_z,0.10984,0.5491999999999999,0.7350610928094952,0,-1,nan
S3_transport,F,7,4,3,0,MODEL_INADEQUATE,diagnostic,optimized,110.0,0.5,1.0,1.0,10,candidate_z,0.1118,0.5589999999999999,0.7482025061153728,0,-1,nan
S3_transport,F,7,4,3,0,MODEL_INADEQUATE,diagnostic,optimized,110.0,0.5,1.0,1.0,10,candidate_z,0.11376,0.5688,0.7611147882149325,0,-1,nan
S3_transport,F,7,4,3,0,MODEL_INADEQUATE,diagnostic,optimized,110.0,0.5,1.0,1.0,10,candidate_z,0.11572,0.5786,0.7737868880374741,0,-1,nan
S3_transport,F,7,4,3,0,MODEL_INADEQUATE,diagnostic,optimized,110.0,0.5,1.0,1.0,10,candidate_z,0.11768,0.5884,0.7862082773541843,0,-1,nan
S3_transport,F,7,4,3,0,MODEL_INADEQUATE,diagnostic,optimized,110.0,0.5,1.0,1.0,10,candidate_z,0.11964,0.5982,0.7983689939638339,0,-1,nan
S3_transport,F,7,4,3,0,MODEL_INADEQUATE,diagnostic,optimized,110.0,0.5,1.0,1.0,10,candidate_z,0.1216,0.608,0.8102596690606312,0,-1,nan
S3_transport,F,7,4,3,0,MODEL_INADEQUATE,diagnostic,optimized,110.0,0.5,1.0,1.0,10,candidate_z,0.12356,0.6178,0.8218715465757711,0,-1,nan
S3_transport,F,7,4,3,0,MODEL_INADEQUATE,diagnostic,optimized,110.0,0.5,1.0,1.0,10,candidate_z,0.12552,0.6275999999999999,0.8331965014934184,0,-1,nan
S3_transport,F,7,4,3,0,MODEL_INADEQUATE,diagnostic,optimized,110.0,0.5,1.0,1.0,10,candidate_z,0.12747999999999998,0.6373999999999999,0.8442270520524247,0,-1,nan
S3_transport,F,7,4,3,0,MODEL_INADEQUATE,diagnostic,optimized,110.0,0.5,1.0,1.0,10,candidate_z,0.12944,0.6472,0.8549563617046445,0,-1,nan
S3_transport,F,7,4,3,0,MODEL_INADEQUATE,diagnostic,optimized,110.0,0.5,1.0,1.0,10,candidate_z,0.1314,0.6569999999999999,0.8653782531549972,0,-1,nan
S3_transport,F,7,4,3,0,MODEL_INADEQUATE,diagnostic,optimized,110.0,0.5,1.0,1.0,10,candidate_z,0.13336,0.6668,0.8754872016196913,0,-1,nan
S3_transport,F,7,4,3,0,MODEL_INADEQUATE,diagnostic,optimized,110.0,0.5,1.0,1.0,10,candidate_z,0.13532,0.6766,0.8852783292960318,0,-1,nan
S3_transport,F,7,4,3,0,MODEL_INADEQUATE,diagnostic,optimized,110.0,0.5,1.0,1.0,10,candidate_z,0.13728,0.6864,0.8947473986594119,0,-1,nan
S3_transport,F,7,4,3,0,MODEL_INADEQUATE,diagnostic,optimized,110.0,0.5,1.0,1.0,10,candidate_z,0.13924,0.6961999999999999,0.9038908004041772,0,-1,nan
S3_transport,F,7,4,3,0,MODEL_INADEQUATE,diagnostic,optimized,110.0,0.5,1.0,1.0,10,candidate_z,0.1412,0.706,0.9127055395213794,0,-1,nan
S3_transport,F,7,4,3,0,MODEL_INADEQUATE,diagnostic,optimized,110.0,0.5,1.0,1.0,10,candidate_z,0.14316,0.7158,0.9211892245206563,0,-1,nan
S3_transport,F,7,4,3,0,MODEL_INADEQUATE,diagnostic,optimized,110.0,0.5,1.0,1.0,10,candidate_z,0.14512,0.7255999999999999,0.929340048394387,1,-1,nan
S3_transport,F,7,4,3,0,MODEL_INADEQUATE,diagnostic,optimized,110.0,0.5,1.0,1.0,10,candidate_z,0.14708,0.7353999999999999,0.9371567683150346,0,-1,nan
S3_transport,F,7,4,3,0,MODEL_INADEQUATE,diagnostic,optimized,110.0,0.5,1.0,1.0,10,candidate_z,0.14904,0.7452,0.9446386867471084,0,-1,nan
S3_transport,F,7,4,3,0,MODEL_INADEQUATE,diagnostic,optimized,110.0,0.5,1.0,1.0,10,candidate_z,0.151,0.7549999999999999,0.9517856267377311,1,-1,nan
S3_transport,F,7,4,3,0,MODEL_INADEQUATE,diagnostic,optimized,110.0,0.5,1.0,1.0,10,candidate_z,0.15295999999999998,0.7647999999999999,0.9585979143400749,0,-1,nan
S3_transport,F,7,4,3,0,MODEL_INADEQUATE,diagnostic,optimized,110.0,0.5,1.0,1.0,10,candidate_z,0.15492,0.7746,0.9650763604080055,0,-1,nan
S3_transport,F,7,4,3,0,MODEL_INADEQUATE,diagnostic,optimized,110.0,0.5,1.0,1.0,10,candidate_z,0.15688,0.7843999999999999,0.971222233446273,1,-1,nan
S3_transport,F,7,4,3,0,MODEL_INADEQUATE,diagnostic,optimized,110.0,0.5,1.0,1.0,10,candidate_z,0.15884,0.7942,0.9770372359441595,0,-1,nan
S3_transport,F,7,4,3,0,MODEL_INADEQUATE,diagnostic,optimized,110.0,0.5,1.0,1.0,10,candidate_z,0.1608,0.8039999999999999,0.9825234829983458,0,-1,nan
S3_transport,F,7,4,3,0,MODEL_INADEQUATE,diagnostic,optimized,110.0,0.5,1.0,1.0,10,candidate_z,0.16276,0.8137999999999999,0.9876834796271545,1,-1,nan
S3_transport,F,7,4,3,0,MODEL_INADEQUATE,diagnostic,optimized,110.0,0.5,1.0,1.0,10,candidate_z,0.16472,0.8236,0.992520098404853,0,-1,nan
S3_transport,F,7,4,3,0,MODEL_INADEQUATE,diagnostic,optimized,110.0,0.5,1.0,1.0,10,candidate_z,0.16668,0.8333999999999999,0.9970365568831632,0,-1,nan
S3_transport,F,7,4,3,0,MODEL_INADEQUATE,diagnostic,optimized,110.0,0.5,1.0,1.0,10,candidate_z,0.16864,0.8432000000000001,1.0012363825547723,1,-1,nan
S3_transport,F,7,4,3,0,MODEL_INADEQUATE,diagnostic,optimized,110.0,0.5,1.0,1.0,10,candidate_z,0.1706,0.853,1.0051233996479638,0,-1,nan
S3_transport,F,7,4,3,0,MODEL_INADEQUATE,diagnostic,optimized,110.0,0.5,1.0,1.0,10,candidate_z,0.17256,0.8627999999999999,1.008701747331635,0,-1,nan
S3_transport,F,7,4,3,0,MODEL_INADEQUATE,diagnostic,optimized,110.0,0.5,1.0,1.0,10,candidate_z,0.17452,0.8726,1.011975808784996,1,-1,nan
S3_transport,F,7,4,3,0,MODEL_INADEQUATE,diagnostic,optimized,110.0,0.5,1.0,1.0,10,candidate_z,0.17648,0.8824,1.0149502088835476,0,-1,nan
S3_transport,F,7,4,3,0,MODEL_INADEQUATE,diagnostic,optimized,110.0,0.5,1.0,1.0,10,candidate_z,0.17844,0.8921999999999999,1.017629795361568,0,-1,nan
S3_transport,F,7,4,3,0,MODEL_INADEQUATE,diagnostic,optimized,110.0,0.5,1.0,1.0,10,candidate_z,0.1804,0.902,1.020019620572718,1,-1,nan
S3_transport,F,7,4,3,0,MODEL_INADEQUATE,diagnostic,optimized,110.0,0.5,1.0,1.0,10,candidate_z,0.18236,0.9117999999999999,1.0221249239751202,0,-1,nan
S3_transport,F,7,4,3,0,MODEL_INADEQUATE,diagnostic,optimized,110.0,0.5,1.0,1.0,10,candidate_z,0.18431999999999998,0.9215999999999999,1.0239511130504617,0,-1,nan
S3_transport,F,7,4,3,0,MODEL_INADEQUATE,diagnostic,optimized,110.0,0.5,1.0,1.0,10,candidate_z,0.18628,0.9314,1.0255037366933593,1,-1,nan
S3_transport,F,7,4,3,0,MODEL_INADEQUATE,diagnostic,optimized,110.0,0.5,1.0,1.0,10,candidate_z,0.18824,0.9411999999999999,1.0267884757800587,0,-1,nan
S3_transport,F,7,4,3,0,MODEL_INADEQUATE,diagnostic,optimized,110.0,0.5,1.0,1.0,10,candidate_z,0.1902,0.951,1.0278111639184289,0,-1,nan
S3_transport,F,7,4,3,0,MODEL_INADEQUATE,diagnostic,optimized,110.0,0.5,1.0,1.0,10,candidate_z,0.19216,0.9608,1.028577731396883,1,-1,nan
S3_transport,F,7,4,3,0,MODEL_INADEQUATE,diagnostic,optimized,110.0,0.5,1.0,1.0,10,candidate_z,0.19412,0.9705999999999999,1.029094204853351,0,-1,nan
S3_transport,F,7,4,3,0,MODEL_INADEQUATE,diagnostic,optimized,110.0,0.5,1.0,1.0,10,candidate_z,0.19608,0.9803999999999999,1.0293666945508093,0,-1,nan
S3_transport,F,7,4,3,0,MODEL_INADEQUATE,diagnostic,optimized,110.0,0.5,1.0,1.0,10,candidate_z,0.19804,0.9902,1.0294013824402874,1,-1,nan
S3_transport,F,7,4,3,0,MODEL_INADEQUATE,diagnostic,optimized,110.0,0.5,1.0,1.0,10,candidate_z,0.2,1.0,1.0292045106902208,0,-1,nan
S3_transport,F,7,4,3,0,MODEL_INADEQUATE,diagnostic,optimized,110.0,0.5,1.0,1.0,10,selected_z,0.19804,0.9902,nan,1,1,1.0294013824402874
S3_transport,F,7,4,3,0,MODEL_INADEQUATE,diagnostic,optimized,110.0,0.5,1.0,1.0,10,selected_z,0.19216,0.9608,nan,1,2,0.6696868450390632
S3_transport,F,7,4,3,0,MODEL_INADEQUATE,diagnostic,optimized,110.0,0.5,1.0,1.0,10,selected_z,0.18628,0.9314,nan,1,3,0.4979846160624035
S3_transport,F,7,4,3,0,MODEL_INADEQUATE,diagnostic,optimized,110.0,0.5,1.0,1.0,10,selected_z,0.1804,0.902,nan,1,4,0.3959300898203715
S3_transport,F,7,4,3,0,MODEL_INADEQUATE,diagnostic,optimized,110.0,0.5,1.0,1.0,10,selected_z,0.17452,0.8726,nan,1,5,0.32776012690522194
S3_transport,F,7,4,3,0,MODEL_INADEQUATE,diagnostic,optimized,110.0,0.5,1.0,1.0,10,selected_z,0.16864,0.8432000000000001,nan,1,6,0.2786992441388563
S3_transport,F,7,4,3,0,MODEL_INADEQUATE,diagnostic,optimized,110.0,0.5,1.0,1.0,10,selected_z,0.16276,0.8137999999999999,nan,1,7,0.2414844832983789
S3_transport,F,7,4,3,0,MODEL_INADEQUATE,diagnostic,optimized,110.0,0.5,1.0,1.0,10,selected_z,0.15688,0.7843999999999999,nan,1,8,0.21211632472683561
S3_transport,F,7,4,3,0,MODEL_INADEQUATE,diagnostic,optimized,110.0,0.5,1.0,1.0,10,selected_z,0.151,0.7549999999999999,nan,1,9,0.18820715000389043
S3_transport,F,7,4,3,0,MODEL_INADEQUATE,diagnostic,optimized,110.0,0.5,1.0,1.0,10,selected_z,0.14512,0.7255999999999999,nan,1,10,0.1682431108738669
S3_transport,F,7,4,3,0,MODEL_INADEQUATE,diagnostic,optimized,110.0,0.5,1.0,1.0,10,final_z,0.14903999999999998,0.7451999999999999,nan,1,-1,nan
S3_transport,F,7,4,3,0,MODEL_INADEQUATE,diagnostic,optimized,110.0,0.5,1.0,1.0,10,final_z,0.15491999999999997,0.7745999999999998,nan,1,-1,nan
S3_transport,F,7,4,3,0,MODEL_INADEQUATE,diagnostic,optimized,110.0,0.5,1.0,1.0,10,final_z,0.16079999999999997,0.8039999999999998,nan,1,-1,nan
S3_transport,F,7,4,3,0,MODEL_INADEQUATE,diagnostic,optimized,110.0,0.5,1.0,1.0,10,final_z,0.16667999999999997,0.8333999999999998,nan,1,-1,nan
S3_transport,F,7,4,3,0,MODEL_INADEQUATE,diagnostic,optimized,110.0,0.5,1.0,1.0,10,final_z,0.17256,0.8627999999999999,nan,1,-1,nan
S3_transport,F,7,4,3,0,MODEL_INADEQUATE,diagnostic,optimized,110.0,0.5,1.0,1.0,10,final_z,0.17844,0.8921999999999999,nan,1,-1,nan
S3_transport,F,7,4,3,0,MODEL_INADEQUATE,diagnostic,optimized,110.0,0.5,1.0,1.0,10,final_z,0.18431999999999998,0.9215999999999999,nan,1,-1,nan
S3_transport,F,7,4,3,0,MODEL_INADEQUATE,diagnostic,optimized,110.0,0.5,1.0,1.0,10,final_z,0.19019999999999998,0.9509999999999998,nan,1,-1,nan
S3_transport,F,7,4,3,0,MODEL_INADEQUATE,diagnostic,optimized,110.0,0.5,1.0,1.0,10,final_z,0.19568799999999997,0.9784399999999999,nan,1,-1,nan
S3_transport,F,7,4,3,0,MODEL_INADEQUATE,diagnostic,optimized,110.0,0.5,1.0,1.0,10,final_z,0.19999999999999998,0.9999999999999999,nan,1,-1,nan
S3_transport,F,7,4,4,0,MODEL_INADEQUATE,diagnostic,optimized,160.0,0.5,1.0,1.0,10,candidate_z,0.004,0.02,0.01898293636485704,0,-1,nan
S3_transport,F,7,4,4,0,MODEL_INADEQUATE,diagnostic,optimized,160.0,0.5,1.0,1.0,10,candidate_z,0.00596,0.0298,0.04017951246996532,0,-1,nan
S3_transport,F,7,4,4,0,MODEL_INADEQUATE,diagnostic,optimized,160.0,0.5,1.0,1.0,10,candidate_z,0.00792,0.039599999999999996,0.06707286652046207,0,-1,nan
S3_transport,F,7,4,4,0,MODEL_INADEQUATE,diagnostic,optimized,160.0,0.5,1.0,1.0,10,candidate_z,0.00988,0.0494,0.09873800810397881,0,-1,nan
S3_transport,F,7,4,4,0,MODEL_INADEQUATE,diagnostic,optimized,160.0,0.5,1.0,1.0,10,candidate_z,0.01184,0.059199999999999996,0.13455721505628304,0,-1,nan
S3_transport,F,7,4,4,0,MODEL_INADEQUATE,diagnostic,optimized,160.0,0.5,1.0,1.0,10,candidate_z,0.0138,0.06899999999999999,0.1740224242654982,0,-1,nan
S3_transport,F,7,4,4,0,MODEL_INADEQUATE,diagnostic,optimized,160.0,0.5,1.0,1.0,10,candidate_z,0.01576,0.0788,0.2165566962762817,0,-1,nan
S3_transport,F,7,4,4,0,MODEL_INADEQUATE,diagnostic,optimized,160.0,0.5,1.0,1.0,10,candidate_z,0.01772,0.0886,0.26139942241285397,0,-1,nan
S3_transport,F,7,4,4,0,MODEL_INADEQUATE,diagnostic,optimized,160.0,0.5,1.0,1.0,10,candidate_z,0.01968,0.09839999999999999,0.30758211913728317,0,-1,nan
S3_transport,F,7,4,4,0,MODEL_INADEQUATE,diagnostic,optimized,160.0,0.5,1.0,1.0,10,candidate_z,0.02164,0.10819999999999999,0.3539851781693777,0,-1,nan
S3_transport,F,7,4,4,0,MODEL_INADEQUATE,diagnostic,optimized,160.0,0.5,1.0,1.0,10,candidate_z,0.0236,0.118,0.39944053779763067,0,-1,nan
S3_transport,F,7,4,4,0,MODEL_INADEQUATE,diagnostic,optimized,160.0,0.5,1.0,1.0,10,candidate_z,0.02556,0.1278,0.4428429366049116,0,-1,nan
S3_transport,F,7,4,4,0,MODEL_INADEQUATE,diagnostic,optimized,160.0,0.5,1.0,1.0,10,candidate_z,0.02752,0.1376,0.48323994764435696,0,-1,nan
S3_transport,F,7,4,4,0,MODEL_INADEQUATE,diagnostic,optimized,160.0,0.5,1.0,1.0,10,candidate_z,0.02948,0.14739999999999998,0.5198873108220674,0,-1,nan
S3_transport,F,7,4,4,0,MODEL_INADEQUATE,diagnostic,optimized,160.0,0.5,1.0,1.0,10,candidate_z,0.031439999999999996,0.15719999999999998,0.5522690160920227,0,-1,nan
S3_transport,F,7,4,4,0,MODEL_INADEQUATE,diagnostic,optimized,160.0,0.5,1.0,1.0,10,candidate_z,0.0334,0.16699999999999998,0.5800895050560051,1,-1,nan
S3_transport,F,7,4,4,0,MODEL_INADEQUATE,diagnostic,optimized,160.0,0.5,1.0,1.0,10,candidate_z,0.03536,0.1768,0.6032478416582308,0,-1,nan
S3_transport,F,7,4,4,0,MODEL_INADEQUATE,diagnostic,optimized,160.0,0.5,1.0,1.0,10,candidate_z,0.037320000000000006,0.18660000000000002,0.6218031465915388,0,-1,nan
S3_transport,F,7,4,4,0,MODEL_INADEQUATE,diagnostic,optimized,160.0,0.5,1.0,1.0,10,candidate_z,0.039279999999999995,0.19639999999999996,0.6359381788472653,1,-1,nan
S3_transport,F,7,4,4,0,MODEL_INADEQUATE,diagnostic,optimized,160.0,0.5,1.0,1.0,10,candidate_z,0.04124,0.2062,0.6459251413687781,0,-1,nan
S3_transport,F,7,4,4,0,MODEL_INADEQUATE,diagnostic,optimized,160.0,0.5,1.0,1.0,10,candidate_z,0.0432,0.216,0.6520961430840018,0,-1,nan
S3_transport,F,7,4,4,0,MODEL_INADEQUATE,diagnostic,optimized,160.0,0.5,1.0,1.0,10,candidate_z,0.045160000000000006,0.22580000000000003,0.6548190881272049,1,-1,nan
S3_transport,F,7,4,4,0,MODEL_INADEQUATE,diagnostic,optimized,160.0,0.5,1.0,1.0,10,candidate_z,0.047119999999999995,0.23559999999999998,0.654478624852473,0,-1,nan
S3_transport,F,7,4,4,0,MODEL_INADEQUATE,diagnostic,optimized,160.0,0.5,1.0,1.0,10,candidate_z,0.04908,0.24539999999999998,0.6514617726313965,0,-1,nan
S3_transport,F,7,4,4,0,MODEL_INADEQUATE,diagnostic,optimized,160.0,0.5,1.0,1.0,10,candidate_z,0.05104,0.2552,0.6461474212633682,1,-1,nan
S3_transport,F,7,4,4,0,MODEL_INADEQUATE,diagnostic,optimized,160.0,0.5,1.0,1.0,10,candidate_z,0.053000000000000005,0.265,0.6388988081030504,0,-1,nan
S3_transport,F,7,4,4,0,MODEL_INADEQUATE,diagnostic,optimized,160.0,0.5,1.0,1.0,10,candidate_z,0.054959999999999995,0.27479999999999993,0.6300586357115563,0,-1,nan
S3_transport,F,7,4,4,0,MODEL_INADEQUATE,diagnostic,optimized,160.0,0.5,1.0,1.0,10,candidate_z,0.05692,0.28459999999999996,0.619945523613481,1,-1,nan
S3_transport,F,7,4,4,0,MODEL_INADEQUATE,diagnostic,optimized,160.0,0.5,1.0,1.0,10,candidate_z,0.05888,0.2944,0.6088521635400035,0,-1,nan
S3_transport,F,7,4,4,0,MODEL_INADEQUATE,diagnostic,optimized,160.0,0.5,1.0,1.0,10,candidate_z,0.060840000000000005,0.3042,0.5970448029944322,0,-1,nan
S3_transport,F,7,4,4,0,MODEL_INADEQUATE,diagnostic,optimized,160.0,0.5,1.0,1.0,10,candidate_z,0.0628,0.31399999999999995,0.5847628359818273,0,-1,nan
S3_transport,F,7,4,4,0,MODEL_INADEQUATE,diagnostic,optimized,160.0,0.5,1.0,1.0,10,candidate_z,0.06476,0.3238,0.5722192458053001,0,-1,nan
S3_transport,F,7,4,4,0,MODEL_INADEQUATE,diagnostic,optimized,160.0,0.5,1.0,1.0,10,candidate_z,0.06672,0.3336,0.5596015806623988,0,-1,nan
S3_transport,F,7,4,4,0,MODEL_INADEQUATE,diagnostic,optimized,160.0,0.5,1.0,1.0,10,candidate_z,0.06868,0.3434,0.547073032478643,0,-1,nan
S3_transport,F,7,4,4,0,MODEL_INADEQUATE,diagnostic,optimized,160.0,0.5,1.0,1.0,10,candidate_z,0.07064000000000001,0.3532,0.5347737109093487,0,-1,nan
S3_transport,F,7,4,4,0,MODEL_INADEQUATE,diagnostic,optimized,160.0,0.5,1.0,1.0,10,candidate_z,0.0726,0.363,0.5228222151676327,0,-1,nan
S3_transport,F,7,4,4,0,MODEL_INADEQUATE,diagnostic,optimized,160.0,0.5,1.0,1.0,10,candidate_z,0.07456,0.37279999999999996,0.5113171662657763,0,-1,nan
S3_transport,F,7,4,4,0,MODEL_INADEQUATE,diagnostic,optimized,160.0,0.5,1.0,1.0,10,candidate_z,0.07652,0.3826,0.5003388646781559,0,-1,nan
S3_transport,F,7,4,4,0,MODEL_INADEQUATE,diagnostic,optimized,160.0,0.5,1.0,1.0,10,candidate_z,0.07848,0.39239999999999997,0.48995086341202665,0,-1,nan
S3_transport,F,7,4,4,0,MODEL_INADEQUATE,diagnostic,optimized,160.0,0.5,1.0,1.0,10,candidate_z,0.08044,0.40219999999999995,0.48020161577724707,0,-1,nan
S3_transport,F,7,4,4,0,MODEL_INADEQUATE,diagnostic,optimized,160.0,0.5,1.0,1.0,10,candidate_z,0.0824,0.412,0.4711260374845665,0,-1,nan
S3_transport,F,7,4,4,0,MODEL_INADEQUATE,diagnostic,optimized,160.0,0.5,1.0,1.0,10,candidate_z,0.08436,0.4218,0.46274705193528476,0,-1,nan
S3_transport,F,7,4,4,0,MODEL_INADEQUATE,diagnostic,optimized,160.0,0.5,1.0,1.0,10,candidate_z,0.08632000000000001,0.43160000000000004,0.4550770171134957,0,-1,nan
S3_transport,F,7,4,4,0,MODEL_INADEQUATE,diagnostic,optimized,160.0,0.5,1.0,1.0,10,candidate_z,0.08828,0.44139999999999996,0.44811911565854246,0,-1,nan
S3_transport,F,7,4,4,0,MODEL_INADEQUATE,diagnostic,optimized,160.0,0.5,1.0,1.0,10,candidate_z,0.09024,0.4512,0.4418686318997018,0,-1,nan
S3_transport,F,7,4,4,0,MODEL_INADEQUATE,diagnostic,optimized,160.0,0.5,1.0,1.0,10,candidate_z,0.0922,0.461,0.43631414142568303,0,-1,nan
S3_transport,F,7,4,4,0,MODEL_INADEQUATE,diagnostic,optimized,160.0,0.5,1.0,1.0,10,candidate_z,0.09416,0.47079999999999994,0.4314386769674421,0,-1,nan
S3_transport,F,7,4,4,0,MODEL_INADEQUATE,diagnostic,optimized,160.0,0.5,1.0,1.0,10,candidate_z,0.09612,0.48059999999999997,0.4272205821442796,0,-1,nan
S3_transport,F,7,4,4,0,MODEL_INADEQUATE,diagnostic,optimized,160.0,0.5,1.0,1.0,10,candidate_z,0.09808,0.4904,0.42363457556375295,0,-1,nan
S3_transport,F,7,4,4,0,MODEL_INADEQUATE,diagnostic,optimized,160.0,0.5,1.0,1.0,10,candidate_z,0.10004,0.5002,0.42065247229870906,0,-1,nan
S3_transport,F,7,4,4,0,MODEL_INADEQUATE,diagnostic,optimized,160.0,0.5,1.0,1.0,10,candidate_z,0.10200000000000001,0.51,0.4182439274014591,0,-1,nan
S3_transport,F,7,4,4,0,MODEL_INADEQUATE,diagnostic,optimized,160.0,0.5,1.0,1.0,10,candidate_z,0.10396,0.5197999999999999,0.41637319259968564,0,-1,nan
S3_transport,F,7,4,4,0,MODEL_INADEQUATE,diagnostic,optimized,160.0,0.5,1.0,1.0,10,candidate_z,0.10592,0.5296,0.41501157939201505,0,-1,nan
S3_transport,F,7,4,4,0,MODEL_INADEQUATE,diagnostic,optimized,160.0,0.5,1.0,1.0,10,candidate_z,0.10788,0.5394,0.41412576413311086,0,-1,nan
S3_transport,F,7,4,4,0,MODEL_INADEQUATE,diagnostic,optimized,160.0,0.5,1.0,1.0,10,candidate_z,0.10984,0.5491999999999999,0.41368234961074535,0,-1,nan
S3_transport,F,7,4,4,0,MODEL_INADEQUATE,diagnostic,optimized,160.0,0.5,1.0,1.0,10,candidate_z,0.1118,0.5589999999999999,0.41364825549460704,0,-1,nan
S3_transport,F,7,4,4,0,MODEL_INADEQUATE,diagnostic,optimized,160.0,0.5,1.0,1.0,10,candidate_z,0.11376,0.5688,0.4139910242139777,0,-1,nan
S3_transport,F,7,4,4,0,MODEL_INADEQUATE,diagnostic,optimized,160.0,0.5,1.0,1.0,10,candidate_z,0.11572,0.5786,0.41467898651753643,0,-1,nan
S3_transport,F,7,4,4,0,MODEL_INADEQUATE,diagnostic,optimized,160.0,0.5,1.0,1.0,10,candidate_z,0.11768,0.5884,0.4156815391295332,0,-1,nan
S3_transport,F,7,4,4,0,MODEL_INADEQUATE,diagnostic,optimized,160.0,0.5,1.0,1.0,10,candidate_z,0.11964,0.5982,0.416969223711515,0,-1,nan
S3_transport,F,7,4,4,0,MODEL_INADEQUATE,diagnostic,optimized,160.0,0.5,1.0,1.0,10,candidate_z,0.1216,0.608,0.4185138774087136,0,-1,nan
S3_transport,F,7,4,4,0,MODEL_INADEQUATE,diagnostic,optimized,160.0,0.5,1.0,1.0,10,candidate_z,0.12356,0.6178,0.4202887141532088,0,-1,nan
S3_transport,F,7,4,4,0,MODEL_INADEQUATE,diagnostic,optimized,160.0,0.5,1.0,1.0,10,candidate_z,0.12552,0.6275999999999999,0.42226833879517756,0,-1,nan
S3_transport,F,7,4,4,0,MODEL_INADEQUATE,diagnostic,optimized,160.0,0.5,1.0,1.0,10,candidate_z,0.12747999999999998,0.6373999999999999,0.424428826754081,0,-1,nan
S3_transport,F,7,4,4,0,MODEL_INADEQUATE,diagnostic,optimized,160.0,0.5,1.0,1.0,10,candidate_z,0.12944,0.6472,0.4267476935103147,0,-1,nan
S3_transport,F,7,4,4,0,MODEL_INADEQUATE,diagnostic,optimized,160.0,0.5,1.0,1.0,10,candidate_z,0.1314,0.6569999999999999,0.4292039103261729,0,-1,nan
S3_transport,F,7,4,4,0,MODEL_INADEQUATE,diagnostic,optimized,160.0,0.5,1.0,1.0,10,candidate_z,0.13336,0.6668,0.4317778833223116,0,-1,nan
S3_transport,F,7,4,4,0,MODEL_INADEQUATE,diagnostic,optimized,160.0,0.5,1.0,1.0,10,candidate_z,0.13532,0.6766,0.43445139833207946,0,-1,nan
S3_transport,F,7,4,4,0,MODEL_INADEQUATE,diagnostic,optimized,160.0,0.5,1.0,1.0,10,candidate_z,0.13728,0.6864,0.43720760716540497,0,-1,nan
S3_transport,F,7,4,4,0,MODEL_INADEQUATE,diagnostic,optimized,160.0,0.5,1.0,1.0,10,candidate_z,0.13924,0.6961999999999999,0.4400309601682615,0,-1,nan
S3_transport,F,7,4,4,0,MODEL_INADEQUATE,diagnostic,optimized,160.0,0.5,1.0,1.0,10,candidate_z,0.1412,0.706,0.44290716189928503,0,-1,nan
S3_transport,F,7,4,4,0,MODEL_INADEQUATE,diagnostic,optimized,160.0,0.5,1.0,1.0,10,candidate_z,0.14316,0.7158,0.44582311745667624,0,-1,nan
S3_transport,F,7,4,4,0,MODEL_INADEQUATE,diagnostic,optimized,160.0,0.5,1.0,1.0,10,candidate_z,0.14512,0.7255999999999999,0.448766858770135,0,-1,nan
S3_transport,F,7,4,4,0,MODEL_INADEQUATE,diagnostic,optimized,160.0,0.5,1.0,1.0,10,candidate_z,0.14708,0.7353999999999999,0.4517274977989203,0,-1,nan
S3_transport,F,7,4,4,0,MODEL_INADEQUATE,diagnostic,optimized,160.0,0.5,1.0,1.0,10,candidate_z,0.14904,0.7452,0.45469515543729244,0,-1,nan
S3_transport,F,7,4,4,0,MODEL_INADEQUATE,diagnostic,optimized,160.0,0.5,1.0,1.0,10,candidate_z,0.151,0.7549999999999999,0.45766090329303566,0,-1,nan
S3_transport,F,7,4,4,0,MODEL_INADEQUATE,diagnostic,optimized,160.0,0.5,1.0,1.0,10,candidate_z,0.15295999999999998,0.7647999999999999,0.4606167107615562,0,-1,nan
S3_transport,F,7,4,4,0,MODEL_INADEQUATE,diagnostic,optimized,160.0,0.5,1.0,1.0,10,candidate_z,0.15492,0.7746,0.4635553728475337,0,-1,nan
S3_transport,F,7,4,4,0,MODEL_INADEQUATE,diagnostic,optimized,160.0,0.5,1.0,1.0,10,candidate_z,0.15688,0.7843999999999999,0.466470461202384,0,-1,nan
S3_transport,F,7,4,4,0,MODEL_INADEQUATE,diagnostic,optimized,160.0,0.5,1.0,1.0,10,candidate_z,0.15884,0.7942,0.4693562676818992,0,-1,nan
S3_transport,F,7,4,4,0,MODEL_INADEQUATE,diagnostic,optimized,160.0,0.5,1.0,1.0,10,candidate_z,0.1608,0.8039999999999999,0.4722077465453971,0,-1,nan
S3_transport,F,7,4,4,0,MODEL_INADEQUATE,diagnostic,optimized,160.0,0.5,1.0,1.0,10,candidate_z,0.16276,0.8137999999999999,0.47502047412507054,0,-1,nan
S3_transport,F,7,4,4,0,MODEL_INADEQUATE,diagnostic,optimized,160.0,0.5,1.0,1.0,10,candidate_z,0.16472,0.8236,0.4777905901415096,0,-1,nan
S3_transport,F,7,4,4,0,MODEL_INADEQUATE,diagnostic,optimized,160.0,0.5,1.0,1.0,10,candidate_z,0.16668,0.8333999999999999,0.48051475507834596,0,-1,nan
S3_transport,F,7,4,4,0,MODEL_INADEQUATE,diagnostic,optimized,160.0,0.5,1.0,1.0,10,candidate_z,0.16864,0.8432000000000001,0.4831901128051932,0,-1,nan
S3_transport,F,7,4,4,0,MODEL_INADEQUATE,diagnostic,optimized,160.0,0.5,1.0,1.0,10,candidate_z,0.1706,0.853,0.4858142418305782,0,-1,nan
S3_transport,F,7,4,4,0,MODEL_INADEQUATE,diagnostic,optimized,160.0,0.5,1.0,1.0,10,candidate_z,0.17256,0.8627999999999999,0.48838512348536867,0,-1,nan
S3_transport,F,7,4,4,0,MODEL_INADEQUATE,diagnostic,optimized,160.0,0.5,1.0,1.0,10,candidate_z,0.17452,0.8726,0.4909011042864222,0,-1,nan
S3_transport,F,7,4,4,0,MODEL_INADEQUATE,diagnostic,optimized,160.0,0.5,1.0,1.0,10,candidate_z,0.17648,0.8824,0.4933608593590044,1,-1,nan
S3_transport,F,7,4,4,0,MODEL_INADEQUATE,diagnostic,optimized,160.0,0.5,1.0,1.0,10,candidate_z,0.17844,0.8921999999999999,0.4957633695558883,0,-1,nan
S3_transport,F,7,4,4,0,MODEL_INADEQUATE,diagnostic,optimized,160.0,0.5,1.0,1.0,10,candidate_z,0.1804,0.902,0.49810788602002987,0,-1,nan
S3_transport,F,7,4,4,0,MODEL_INADEQUATE,diagnostic,optimized,160.0,0.5,1.0,1.0,10,candidate_z,0.18236,0.9117999999999999,0.5003939051456321,1,-1,nan
S3_transport,F,7,4,4,0,MODEL_INADEQUATE,diagnostic,optimized,160.0,0.5,1.0,1.0,10,candidate_z,0.18431999999999998,0.9215999999999999,0.5026211470260264,0,-1,nan
S3_transport,F,7,4,4,0,MODEL_INADEQUATE,diagnostic,optimized,160.0,0.5,1.0,1.0,10,candidate_z,0.18628,0.9314,0.50478952725733,0,-1,nan
S3_transport,F,7,4,4,0,MODEL_INADEQUATE,diagnostic,optimized,160.0,0.5,1.0,1.0,10,candidate_z,0.18824,0.9411999999999999,0.5068991418801687,1,-1,nan
S3_transport,F,7,4,4,0,MODEL_INADEQUATE,diagnostic,optimized,160.0,0.5,1.0,1.0,10,candidate_z,0.1902,0.951,0.5089502445717002,0,-1,nan
S3_transport,F,7,4,4,0,MODEL_INADEQUATE,diagnostic,optimized,160.0,0.5,1.0,1.0,10,candidate_z,0.19216,0.9608,0.5109432287601656,0,-1,nan
S3_transport,F,7,4,4,0,MODEL_INADEQUATE,diagnostic,optimized,160.0,0.5,1.0,1.0,10,candidate_z,0.19412,0.9705999999999999,0.5128786140367119,1,-1,nan
S3_transport,F,7,4,4,0,MODEL_INADEQUATE,diagnostic,optimized,160.0,0.5,1.0,1.0,10,candidate_z,0.19608,0.9803999999999999,0.5147570279756657,0,-1,nan
S3_transport,F,7,4,4,0,MODEL_INADEQUATE,diagnostic,optimized,160.0,0.5,1.0,1.0,10,candidate_z,0.19804,0.9902,0.5165791951407073,0,-1,nan
S3_transport,F,7,4,4,0,MODEL_INADEQUATE,diagnostic,optimized,160.0,0.5,1.0,1.0,10,candidate_z,0.2,1.0,0.5183459235198065,1,-1,nan
S3_transport,F,7,4,4,0,MODEL_INADEQUATE,diagnostic,optimized,160.0,0.5,1.0,1.0,10,selected_z,0.045160000000000006,0.22580000000000003,nan,1,1,0.6548190881272049
S3_transport,F,7,4,4,0,MODEL_INADEQUATE,diagnostic,optimized,160.0,0.5,1.0,1.0,10,selected_z,0.2,1.0,nan,1,2,0.5180795650459125
S3_transport,F,7,4,4,0,MODEL_INADEQUATE,diagnostic,optimized,160.0,0.5,1.0,1.0,10,selected_z,0.05104,0.2552,nan,1,3,0.478158378531667
S3_transport,F,7,4,4,0,MODEL_INADEQUATE,diagnostic,optimized,160.0,0.5,1.0,1.0,10,selected_z,0.19412,0.9705999999999999,nan,1,4,0.4039209993240753
S3_transport,F,7,4,4,0,MODEL_INADEQUATE,diagnostic,optimized,160.0,0.5,1.0,1.0,10,selected_z,0.039279999999999995,0.19639999999999996,nan,1,5,0.37726923101041265
S3_transport,F,7,4,4,0,MODEL_INADEQUATE,diagnostic,optimized,160.0,0.5,1.0,1.0,10,selected_z,0.18824,0.9411999999999999,nan,1,6,0.33092193614629295
S3_transport,F,7,4,4,0,MODEL_INADEQUATE,diagnostic,optimized,160.0,0.5,1.0,1.0,10,selected_z,0.05692,0.28459999999999996,nan,1,7,0.30832019317402626
S3_transport,F,7,4,4,0,MODEL_INADEQUATE,diagnostic,optimized,160.0,0.5,1.0,1.0,10,selected_z,0.18236,0.9117999999999999,nan,1,8,0.2787762753891485
S3_transport,F,7,4,4,0,MODEL_INADEQUATE,diagnostic,optimized,160.0,0.5,1.0,1.0,10,selected_z,0.0334,0.16699999999999998,nan,1,9,0.25135334422190425
S3_transport,F,7,4,4,0,MODEL_INADEQUATE,diagnostic,optimized,160.0,0.5,1.0,1.0,10,selected_z,0.17648,0.8824,nan,1,10,0.24072698049445052
S3_transport,F,7,4,4,0,MODEL_INADEQUATE,diagnostic,optimized,160.0,0.5,1.0,1.0,10,final_z,0.036536000000000006,0.18268,nan,1,-1,nan
S3_transport,F,7,4,4,0,MODEL_INADEQUATE,diagnostic,optimized,160.0,0.5,1.0,1.0,10,final_z,0.040847999999999995,0.20423999999999998,nan,1,-1,nan
S3_transport,F,7,4,4,0,MODEL_INADEQUATE,diagnostic,optimized,160.0,0.5,1.0,1.0,10,final_z,0.045160000000000006,0.22580000000000003,nan,1,-1,nan
S3_transport,F,7,4,4,0,MODEL_INADEQUATE,diagnostic,optimized,160.0,0.5,1.0,1.0,10,final_z,0.049472,0.24736,nan,1,-1,nan
S3_transport,F,7,4,4,0,MODEL_INADEQUATE,diagnostic,optimized,160.0,0.5,1.0,1.0,10,final_z,0.053784,0.26892,nan,1,-1,nan
S3_transport,F,7,4,4,0,MODEL_INADEQUATE,diagnostic,optimized,160.0,0.5,1.0,1.0,10,final_z,0.18039999999999998,0.9019999999999998,nan,1,-1,nan
S3_transport,F,7,4,4,0,MODEL_INADEQUATE,diagnostic,optimized,160.0,0.5,1.0,1.0,10,final_z,0.18627999999999997,0.9313999999999998,nan,1,-1,nan
S3_transport,F,7,4,4,0,MODEL_INADEQUATE,diagnostic,optimized,160.0,0.5,1.0,1.0,10,final_z,0.191376,0.95688,nan,1,-1,nan
S3_transport,F,7,4,4,0,MODEL_INADEQUATE,diagnostic,optimized,160.0,0.5,1.0,1.0,10,final_z,0.19568799999999997,0.9784399999999999,nan,1,-1,nan
S3_transport,F,7,4,4,0,MODEL_INADEQUATE,diagnostic,optimized,160.0,0.5,1.0,1.0,10,final_z,0.2,1.0,nan,1,-1,nan
S3_transport,F,7,4,5,1,MODEL_INADEQUATE,diagnostic,optimized,80.0,0.5,1.0,1.0,10,candidate_z,0.004,0.02,0.003504232114462269,0,-1,nan
S3_transport,F,7,4,5,1,MODEL_INADEQUATE,diagnostic,optimized,80.0,0.5,1.0,1.0,10,candidate_z,0.00596,0.0298,0.0060937143509391944,0,-1,nan
S3_transport,F,7,4,5,1,MODEL_INADEQUATE,diagnostic,optimized,80.0,0.5,1.0,1.0,10,candidate_z,0.00792,0.039599999999999996,0.009357438298632559,0,-1,nan
S3_transport,F,7,4,5,1,MODEL_INADEQUATE,diagnostic,optimized,80.0,0.5,1.0,1.0,10,candidate_z,0.00988,0.0494,0.013270657888824644,0,-1,nan
S3_transport,F,7,4,5,1,MODEL_INADEQUATE,diagnostic,optimized,80.0,0.5,1.0,1.0,10,candidate_z,0.01184,0.059199999999999996,0.017807808500720057,0,-1,nan
S3_transport,F,7,4,5,1,MODEL_INADEQUATE,diagnostic,optimized,80.0,0.5,1.0,1.0,10,candidate_z,0.0138,0.06899999999999999,0.022942739729394646,0,-1,nan
S3_transport,F,7,4,5,1,MODEL_INADEQUATE,diagnostic,optimized,80.0,0.5,1.0,1.0,10,candidate_z,0.01576,0.0788,0.028648934143188143,0,-1,nan
S3_transport,F,7,4,5,1,MODEL_INADEQUATE,diagnostic,optimized,80.0,0.5,1.0,1.0,10,candidate_z,0.01772,0.0886,0.03489971789799995,0,-1,nan
S3_transport,F,7,4,5,1,MODEL_INADEQUATE,diagnostic,optimized,80.0,0.5,1.0,1.0,10,candidate_z,0.01968,0.09839999999999999,0.041668444326639076,0,-1,nan
S3_transport,F,7,4,5,1,MODEL_INADEQUATE,diagnostic,optimized,80.0,0.5,1.0,1.0,10,candidate_z,0.02164,0.10819999999999999,0.048928671533971624,0,-1,nan
S3_transport,F,7,4,5,1,MODEL_INADEQUATE,diagnostic,optimized,80.0,0.5,1.0,1.0,10,candidate_z,0.0236,0.118,0.05665430647264458,0,-1,nan
S3_transport,F,7,4,5,1,MODEL_INADEQUATE,diagnostic,optimized,80.0,0.5,1.0,1.0,10,candidate_z,0.02556,0.1278,0.06481973362618021,0,-1,nan
S3_transport,F,7,4,5,1,MODEL_INADEQUATE,diagnostic,optimized,80.0,0.5,1.0,1.0,10,candidate_z,0.02752,0.1376,0.07339992619106894,0,-1,nan
S3_transport,F,7,4,5,1,MODEL_INADEQUATE,diagnostic,optimized,80.0,0.5,1.0,1.0,10,candidate_z,0.02948,0.14739999999999998,0.08237053872498734,0,-1,nan
S3_transport,F,7,4,5,1,MODEL_INADEQUATE,diagnostic,optimized,80.0,0.5,1.0,1.0,10,candidate_z,0.031439999999999996,0.15719999999999998,0.091707966207629,0,-1,nan
S3_transport,F,7,4,5,1,MODEL_INADEQUATE,diagnostic,optimized,80.0,0.5,1.0,1.0,10,candidate_z,0.0334,0.16699999999999998,0.10138940767376425,0,-1,nan
S3_transport,F,7,4,5,1,MODEL_INADEQUATE,diagnostic,optimized,80.0,0.5,1.0,1.0,10,candidate_z,0.03536,0.1768,0.11139290677596136,0,-1,nan
S3_transport,F,7,4,5,1,MODEL_INADEQUATE,diagnostic,optimized,80.0,0.5,1.0,1.0,10,candidate_z,0.037320000000000006,0.18660000000000002,0.12169737193839936,0,-1,nan
S3_transport,F,7,4,5,1,MODEL_INADEQUATE,diagnostic,optimized,80.0,0.5,1.0,1.0,10,candidate_z,0.039279999999999995,0.19639999999999996,0.1322826109312807,0,-1,nan
S3_transport,F,7,4,5,1,MODEL_INADEQUATE,diagnostic,optimized,80.0,0.5,1.0,1.0,10,candidate_z,0.04124,0.2062,0.14312932364651942,0,-1,nan
S3_transport,F,7,4,5,1,MODEL_INADEQUATE,diagnostic,optimized,80.0,0.5,1.0,1.0,10,candidate_z,0.0432,0.216,0.1542191015406047,0,-1,nan
S3_transport,F,7,4,5,1,MODEL_INADEQUATE,diagnostic,optimized,80.0,0.5,1.0,1.0,10,candidate_z,0.045160000000000006,0.22580000000000003,0.1655344342214775,0,-1,nan
S3_transport,F,7,4,5,1,MODEL_INADEQUATE,diagnostic,optimized,80.0,0.5,1.0,1.0,10,candidate_z,0.047119999999999995,0.23559999999999998,0.17705869086235282,0,-1,nan
S3_transport,F,7,4,5,1,MODEL_INADEQUATE,diagnostic,optimized,80.0,0.5,1.0,1.0,10,candidate_z,0.04908,0.24539999999999998,0.18877611529127236,0,-1,nan
S3_transport,F,7,4,5,1,MODEL_INADEQUATE,diagnostic,optimized,80.0,0.5,1.0,1.0,10,candidate_z,0.05104,0.2552,0.20067179126093038,0,-1,nan
S3_transport,F,7,4,5,1,MODEL_INADEQUATE,diagnostic,optimized,80.0,0.5,1.0,1.0,10,candidate_z,0.053000000000000005,0.265,0.21273164702158454,0,-1,nan
S3_transport,F,7,4,5,1,MODEL_INADEQUATE,diagnostic,optimized,80.0,0.5,1.0,1.0,10,candidate_z,0.054959999999999995,0.27479999999999993,0.22494240255906206,0,-1,nan
S3_transport,F,7,4,5,1,MODEL_INADEQUATE,diagnostic,optimized,80.0,0.5,1.0,1.0,10,candidate_z,0.05692,0.28459999999999996,0.23729158428729136,0,-1,nan
S3_transport,F,7,4,5,1,MODEL_INADEQUATE,diagnostic,optimized,80.0,0.5,1.0,1.0,10,candidate_z,0.05888,0.2944,0.2497674809937962,0,-1,nan
S3_transport,F,7,4,5,1,MODEL_INADEQUATE,diagnostic,optimized,80.0,0.5,1.0,1.0,10,candidate_z,0.060840000000000005,0.3042,0.2623590920509038,0,-1,nan
S3_transport,F,7,4,5,1,MODEL_INADEQUATE,diagnostic,optimized,80.0,0.5,1.0,1.0,10,candidate_z,0.0628,0.31399999999999995,0.2750561620051357,0,-1,nan
S3_transport,F,7,4,5,1,MODEL_INADEQUATE,diagnostic,optimized,80.0,0.5,1.0,1.0,10,candidate_z,0.06476,0.3238,0.2878491244698793,0,-1,nan
S3_transport,F,7,4,5,1,MODEL_INADEQUATE,diagnostic,optimized,80.0,0.5,1.0,1.0,10,candidate_z,0.06672,0.3336,0.3007290454243332,0,-1,nan
S3_transport,F,7,4,5,1,MODEL_INADEQUATE,diagnostic,optimized,80.0,0.5,1.0,1.0,10,candidate_z,0.06868,0.3434,0.31368764281503303,0,-1,nan
S3_transport,F,7,4,5,1,MODEL_INADEQUATE,diagnostic,optimized,80.0,0.5,1.0,1.0,10,candidate_z,0.07064000000000001,0.3532,0.32671725236782834,0,-1,nan
S3_transport,F,7,4,5,1,MODEL_INADEQUATE,diagnostic,optimized,80.0,0.5,1.0,1.0,10,candidate_z,0.0726,0.363,0.3398107969763835,0,-1,nan
S3_transport,F,7,4,5,1,MODEL_INADEQUATE,diagnostic,optimized,80.0,0.5,1.0,1.0,10,candidate_z,0.07456,0.37279999999999996,0.352961724274941,0,-1,nan
S3_transport,F,7,4,5,1,MODEL_INADEQUATE,diagnostic,optimized,80.0,0.5,1.0,1.0,10,candidate_z,0.07652,0.3826,0.36616406394203693,0,-1,nan
S3_transport,F,7,4,5,1,MODEL_INADEQUATE,diagnostic,optimized,80.0,0.5,1.0,1.0,10,candidate_z,0.07848,0.39239999999999997,0.37941231338566794,0,-1,nan
S3_transport,F,7,4,5,1,MODEL_INADEQUATE,diagnostic,optimized,80.0,0.5,1.0,1.0,10,candidate_z,0.08044,0.40219999999999995,0.39270149644228525,0,-1,nan
S3_transport,F,7,4,5,1,MODEL_INADEQUATE,diagnostic,optimized,80.0,0.5,1.0,1.0,10,candidate_z,0.0824,0.412,0.40602701949165265,0,-1,nan
S3_transport,F,7,4,5,1,MODEL_INADEQUATE,diagnostic,optimized,80.0,0.5,1.0,1.0,10,candidate_z,0.08436,0.4218,0.4193848127394766,0,-1,nan
S3_transport,F,7,4,5,1,MODEL_INADEQUATE,diagnostic,optimized,80.0,0.5,1.0,1.0,10,candidate_z,0.08632000000000001,0.43160000000000004,0.4327711874451303,0,-1,nan
S3_transport,F,7,4,5,1,MODEL_INADEQUATE,diagnostic,optimized,80.0,0.5,1.0,1.0,10,candidate_z,0.08828,0.44139999999999996,0.4461828220239319,0,-1,nan
S3_transport,F,7,4,5,1,MODEL_INADEQUATE,diagnostic,optimized,80.0,0.5,1.0,1.0,10,candidate_z,0.09024,0.4512,0.4596167180466715,0,-1,nan
S3_transport,F,7,4,5,1,MODEL_INADEQUATE,diagnostic,optimized,80.0,0.5,1.0,1.0,10,candidate_z,0.0922,0.461,0.47307033656550956,0,-1,nan
S3_transport,F,7,4,5,1,MODEL_INADEQUATE,diagnostic,optimized,80.0,0.5,1.0,1.0,10,candidate_z,0.09416,0.47079999999999994,0.48654136944371373,0,-1,nan
S3_transport,F,7,4,5,1,MODEL_INADEQUATE,diagnostic,optimized,80.0,0.5,1.0,1.0,10,candidate_z,0.09612,0.48059999999999997,0.5000278315662001,0,-1,nan
S3_transport,F,7,4,5,1,MODEL_INADEQUATE,diagnostic,optimized,80.0,0.5,1.0,1.0,10,candidate_z,0.09808,0.4904,0.5135280167166556,0,-1,nan
S3_transport,F,7,4,5,1,MODEL_INADEQUATE,diagnostic,optimized,80.0,0.5,1.0,1.0,10,candidate_z,0.10004,0.5002,0.5270404717447725,0,-1,nan
S3_transport,F,7,4,5,1,MODEL_INADEQUATE,diagnostic,optimized,80.0,0.5,1.0,1.0,10,candidate_z,0.10200000000000001,0.51,0.5405639807031832,0,-1,nan
S3_transport,F,7,4,5,1,MODEL_INADEQUATE,diagnostic,optimized,80.0,0.5,1.0,1.0,10,candidate_z,0.10396,0.5197999999999999,0.5540959087408197,0,-1,nan
S3_transport,F,7,4,5,1,MODEL_INADEQUATE,diagnostic,optimized,80.0,0.5,1.0,1.0,10,candidate_z,0.10592,0.5296,0.5676371396557549,0,-1,nan
S3_transport,F,7,4,5,1,MODEL_INADEQUATE,diagnostic,optimized,80.0,0.5,1.0,1.0,10,candidate_z,0.10788,0.5394,0.581187074440912,0,-1,nan
S3_transport,F,7,4,5,1,MODEL_INADEQUATE,diagnostic,optimized,80.0,0.5,1.0,1.0,10,candidate_z,0.10984,0.5491999999999999,0.5947452744227988,0,-1,nan
S3_transport,F,7,4,5,1,MODEL_INADEQUATE,diagnostic,optimized,80.0,0.5,1.0,1.0,10,candidate_z,0.1118,0.5589999999999999,0.6083114351881349,0,-1,nan
S3_transport,F,7,4,5,1,MODEL_INADEQUATE,diagnostic,optimized,80.0,0.5,1.0,1.0,10,candidate_z,0.11376,0.5688,0.6218854152877142,0,-1,nan
S3_transport,F,7,4,5,1,MODEL_INADEQUATE,diagnostic,optimized,80.0,0.5,1.0,1.0,10,candidate_z,0.11572,0.5786,0.6354671312965365,0,-1,nan
S3_transport,F,7,4,5,1,MODEL_INADEQUATE,diagnostic,optimized,80.0,0.5,1.0,1.0,10,candidate_z,0.11768,0.5884,0.6490566842700716,0,-1,nan
S3_transport,F,7,4,5,1,MODEL_INADEQUATE,diagnostic,optimized,80.0,0.5,1.0,1.0,10,candidate_z,0.11964,0.5982,0.6626542181808688,0,-1,nan
S3_transport,F,7,4,5,1,MODEL_INADEQUATE,diagnostic,optimized,80.0,0.5,1.0,1.0,10,candidate_z,0.1216,0.608,0.6762599743678805,0,-1,nan
S3_transport,F,7,4,5,1,MODEL_INADEQUATE,diagnostic,optimized,80.0,0.5,1.0,1.0,10,candidate_z,0.12356,0.6178,0.689874199899009,0,-1,nan
S3_transport,F,7,4,5,1,MODEL_INADEQUATE,diagnostic,optimized,80.0,0.5,1.0,1.0,10,candidate_z,0.12552,0.6275999999999999,0.7034973149028154,0,-1,nan
S3_transport,F,7,4,5,1,MODEL_INADEQUATE,diagnostic,optimized,80.0,0.5,1.0,1.0,10,candidate_z,0.12747999999999998,0.6373999999999999,0.7171296129809903,0,-1,nan
S3_transport,F,7,4,5,1,MODEL_INADEQUATE,diagnostic,optimized,80.0,0.5,1.0,1.0,10,candidate_z,0.12944,0.6472,0.7307715690576195,0,-1,nan
S3_transport,F,7,4,5,1,MODEL_INADEQUATE,diagnostic,optimized,80.0,0.5,1.0,1.0,10,candidate_z,0.1314,0.6569999999999999,0.7444236498433554,0,-1,nan
S3_transport,F,7,4,5,1,MODEL_INADEQUATE,diagnostic,optimized,80.0,0.5,1.0,1.0,10,candidate_z,0.13336,0.6668,0.7580862330291112,0,-1,nan
S3_transport,F,7,4,5,1,MODEL_INADEQUATE,diagnostic,optimized,80.0,0.5,1.0,1.0,10,candidate_z,0.13532,0.6766,0.771759802407022,0,-1,nan
S3_transport,F,7,4,5,1,MODEL_INADEQUATE,diagnostic,optimized,80.0,0.5,1.0,1.0,10,candidate_z,0.13728,0.6864,0.7854448246822585,0,-1,nan
S3_transport,F,7,4,5,1,MODEL_INADEQUATE,diagnostic,optimized,80.0,0.5,1.0,1.0,10,candidate_z,0.13924,0.6961999999999999,0.7991417014014175,0,-1,nan
S3_transport,F,7,4,5,1,MODEL_INADEQUATE,diagnostic,optimized,80.0,0.5,1.0,1.0,10,candidate_z,0.1412,0.706,0.8128508849849609,0,-1,nan
S3_transport,F,7,4,5,1,MODEL_INADEQUATE,diagnostic,optimized,80.0,0.5,1.0,1.0,10,candidate_z,0.14316,0.7158,0.826572704278945,0,-1,nan
S3_transport,F,7,4,5,1,MODEL_INADEQUATE,diagnostic,optimized,80.0,0.5,1.0,1.0,10,candidate_z,0.14512,0.7255999999999999,0.8403075723251945,0,-1,nan
S3_transport,F,7,4,5,1,MODEL_INADEQUATE,diagnostic,optimized,80.0,0.5,1.0,1.0,10,candidate_z,0.14708,0.7353999999999999,0.8540557384170384,1,-1,nan
S3_transport,F,7,4,5,1,MODEL_INADEQUATE,diagnostic,optimized,80.0,0.5,1.0,1.0,10,candidate_z,0.14904,0.7452,0.8678175130116443,0,-1,nan
S3_transport,F,7,4,5,1,MODEL_INADEQUATE,diagnostic,optimized,80.0,0.5,1.0,1.0,10,candidate_z,0.151,0.7549999999999999,0.8815930953551145,0,-1,nan
S3_transport,F,7,4,5,1,MODEL_INADEQUATE,diagnostic,optimized,80.0,0.5,1.0,1.0,10,candidate_z,0.15295999999999998,0.7647999999999999,0.8953826967663758,1,-1,nan
S3_transport,F,7,4,5,1,MODEL_INADEQUATE,diagnostic,optimized,80.0,0.5,1.0,1.0,10,candidate_z,0.15492,0.7746,0.9091864255738429,0,-1,nan
S3_transport,F,7,4,5,1,MODEL_INADEQUATE,diagnostic,optimized,80.0,0.5,1.0,1.0,10,candidate_z,0.15688,0.7843999999999999,0.9230043285510341,0,-1,nan
S3_transport,F,7,4,5,1,MODEL_INADEQUATE,diagnostic,optimized,80.0,0.5,1.0,1.0,10,candidate_z,0.15884,0.7942,0.9368364348070131,1,-1,nan
S3_transport,F,7,4,5,1,MODEL_INADEQUATE,diagnostic,optimized,80.0,0.5,1.0,1.0,10,candidate_z,0.1608,0.8039999999999999,0.9506825726465955,0,-1,nan
S3_transport,F,7,4,5,1,MODEL_INADEQUATE,diagnostic,optimized,80.0,0.5,1.0,1.0,10,candidate_z,0.16276,0.8137999999999999,0.9645427591227786,0,-1,nan
S3_transport,F,7,4,5,1,MODEL_INADEQUATE,diagnostic,optimized,80.0,0.5,1.0,1.0,10,candidate_z,0.16472,0.8236,0.9784167623194122,1,-1,nan
S3_transport,F,7,4,5,1,MODEL_INADEQUATE,diagnostic,optimized,80.0,0.5,1.0,1.0,10,candidate_z,0.16668,0.8333999999999999,0.9923042120985315,0,-1,nan
S3_transport,F,7,4,5,1,MODEL_INADEQUATE,diagnostic,optimized,80.0,0.5,1.0,1.0,10,candidate_z,0.16864,0.8432000000000001,1.0062049800709296,0,-1,nan
S3_transport,F,7,4,5,1,MODEL_INADEQUATE,diagnostic,optimized,80.0,0.5,1.0,1.0,10,candidate_z,0.1706,0.853,1.0201184843066002,1,-1,nan
S3_transport,F,7,4,5,1,MODEL_INADEQUATE,diagnostic,optimized,80.0,0.5,1.0,1.0,10,candidate_z,0.17256,0.8627999999999999,1.0340444076975217,0,-1,nan
S3_transport,F,7,4,5,1,MODEL_INADEQUATE,diagnostic,optimized,80.0,0.5,1.0,1.0,10,candidate_z,0.17452,0.8726,1.047982132254731,0,-1,nan
S3_transport,F,7,4,5,1,MODEL_INADEQUATE,diagnostic,optimized,80.0,0.5,1.0,1.0,10,candidate_z,0.17648,0.8824,1.0619310558132966,1,-1,nan
S3_transport,F,7,4,5,1,MODEL_INADEQUATE,diagnostic,optimized,80.0,0.5,1.0,1.0,10,candidate_z,0.17844,0.8921999999999999,1.0758905963795478,0,-1,nan
S3_transport,F,7,4,5,1,MODEL_INADEQUATE,diagnostic,optimized,80.0,0.5,1.0,1.0,10,candidate_z,0.1804,0.902,1.08985996256677,0,-1,nan
S3_transport,F,7,4,5,1,MODEL_INADEQUATE,diagnostic,optimized,80.0,0.5,1.0,1.0,10,candidate_z,0.18236,0.9117999999999999,1.1038384778077557,1,-1,nan
S3_transport,F,7,4,5,1,MODEL_INADEQUATE,diagnostic,optimized,80.0,0.5,1.0,1.0,10,candidate_z,0.18431999999999998,0.9215999999999999,1.1178251675547912,0,-1,nan
S3_transport,F,7,4,5,1,MODEL_INADEQUATE,diagnostic,optimized,80.0,0.5,1.0,1.0,10,candidate_z,0.18628,0.9314,1.1318191169714211,0,-1,nan
S3_transport,F,7,4,5,1,MODEL_INADEQUATE,diagnostic,optimized,80.0,0.5,1.0,1.0,10,candidate_z,0.18824,0.9411999999999999,1.1458194110210975,1,-1,nan
S3_transport,F,7,4,5,1,MODEL_INADEQUATE,diagnostic,optimized,80.0,0.5,1.0,1.0,10,candidate_z,0.1902,0.951,1.1598250137447437,0,-1,nan
S3_transport,F,7,4,5,1,MODEL_INADEQUATE,diagnostic,optimized,80.0,0.5,1.0,1.0,10,candidate_z,0.19216,0.9608,1.1738349694424635,0,-1,nan
S3_transport,F,7,4,5,1,MODEL_INADEQUATE,diagnostic,optimized,80.0,0.5,1.0,1.0,10,candidate_z,0.19412,0.9705999999999999,1.1878479108793343,1,-1,nan
S3_transport,F,7,4,5,1,MODEL_INADEQUATE,diagnostic,optimized,80.0,0.5,1.0,1.0,10,candidate_z,0.19608,0.9803999999999999,1.201862860488852,0,-1,nan
S3_transport,F,7,4,5,1,MODEL_INADEQUATE,diagnostic,optimized,80.0,0.5,1.0,1.0,10,candidate_z,0.19804,0.9902,1.2158784469777117,0,-1,nan
S3_transport,F,7,4,5,1,MODEL_INADEQUATE,diagnostic,optimized,80.0,0.5,1.0,1.0,10,candidate_z,0.2,1.0,1.2298934642400852,1,-1,nan
S3_transport,F,7,4,5,1,MODEL_INADEQUATE,diagnostic,optimized,80.0,0.5,1.0,1.0,10,selected_z,0.2,1.0,nan,1,1,1.2298934642400852
S3_transport,F,7,4,5,1,MODEL_INADEQUATE,diagnostic,optimized,80.0,0.5,1.0,1.0,10,selected_z,0.19412,0.9705999999999999,nan,1,2,0.6681038852067331
S3_transport,F,7,4,5,1,MODEL_INADEQUATE,diagnostic,optimized,80.0,0.5,1.0,1.0,10,selected_z,0.18824,0.9411999999999999,nan,1,3,0.4612959281099549
S3_transport,F,7,4,5,1,MODEL_INADEQUATE,diagnostic,optimized,80.0,0.5,1.0,1.0,10,selected_z,0.18236,0.9117999999999999,nan,1,4,0.34872017252485676
S3_transport,F,7,4,5,1,MODEL_INADEQUATE,diagnostic,optimized,80.0,0.5,1.0,1.0,10,selected_z,0.17648,0.8824,nan,1,5,0.2767977372951762
S3_transport,F,7,4,5,1,MODEL_INADEQUATE,diagnostic,optimized,80.0,0.5,1.0,1.0,10,selected_z,0.1706,0.853,nan,1,6,0.2264999601291784
S3_transport,F,7,4,5,1,MODEL_INADEQUATE,diagnostic,optimized,80.0,0.5,1.0,1.0,10,selected_z,0.16472,0.8236,nan,1,7,0.18919247898206493
S3_transport,F,7,4,5,1,MODEL_INADEQUATE,diagnostic,optimized,80.0,0.5,1.0,1.0,10,selected_z,0.15884,0.7942,nan,1,8,0.1603453519369502
S3_transport,F,7,4,5,1,MODEL_INADEQUATE,diagnostic,optimized,80.0,0.5,1.0,1.0,10,selected_z,0.15295999999999998,0.7647999999999999,nan,1,9,0.137338705404062
S3_transport,F,7,4,5,1,MODEL_INADEQUATE,diagnostic,optimized,80.0,0.5,1.0,1.0,10,selected_z,0.14708,0.7353999999999999,nan,1,10,0.1185466651859528
S3_transport,F,7,4,5,1,MODEL_INADEQUATE,diagnostic,optimized,80.0,0.5,1.0,1.0,10,final_z,0.15099999999999997,0.7549999999999998,nan,1,-1,nan
S3_transport,F,7,4,5,1,MODEL_INADEQUATE,diagnostic,optimized,80.0,0.5,1.0,1.0,10,final_z,0.15687999999999996,0.7843999999999998,nan,1,-1,nan
S3_transport,F,7,4,5,1,MODEL_INADEQUATE,diagnostic,optimized,80.0,0.5,1.0,1.0,10,final_z,0.16276,0.8137999999999999,nan,1,-1,nan
S3_transport,F,7,4,5,1,MODEL_INADEQUATE,diagnostic,optimized,80.0,0.5,1.0,1.0,10,final_z,0.16863999999999998,0.8431999999999998,nan,1,-1,nan
S3_transport,F,7,4,5,1,MODEL_INADEQUATE,diagnostic,optimized,80.0,0.5,1.0,1.0,10,final_z,0.17451999999999998,0.8725999999999998,nan,1,-1,nan
S3_transport,F,7,4,5,1,MODEL_INADEQUATE,diagnostic,optimized,80.0,0.5,1.0,1.0,10,final_z,0.18039999999999998,0.9019999999999998,nan,1,-1,nan
S3_transport,F,7,4,5,1,MODEL_INADEQUATE,diagnostic,optimized,80.0,0.5,1.0,1.0,10,final_z,0.18627999999999997,0.9313999999999998,nan,1,-1,nan
S3_transport,F,7,4,5,1,MODEL_INADEQUATE,diagnostic,optimized,80.0,0.5,1.0,1.0,10,final_z,0.191376,0.95688,nan,1,-1,nan
S3_transport,F,7,4,5,1,MODEL_INADEQUATE,diagnostic,optimized,80.0,0.5,1.0,1.0,10,final_z,0.19568799999999997,0.9784399999999999,nan,1,-1,nan
S3_transport,F,7,4,5,1,MODEL_INADEQUATE,diagnostic,optimized,80.0,0.5,1.0,1.0,10,final_z,0.2,1.0,nan,1,-1,nan
S3_transport,F,7,4,6,0,MODEL_INADEQUATE,diagnostic,optimized,160.0,0.5,1.0,0.5,10,candidate_z,0.004,0.02,0.005341104057293933,0,-1,nan
S3_transport,F,7,4,6,0,MODEL_INADEQUATE,diagnostic,optimized,160.0,0.5,1.0,0.5,10,candidate_z,0.00596,0.0298,0.011738829295236286,0,-1,nan
S3_transport,F,7,4,6,0,MODEL_INADEQUATE,diagnostic,optimized,160.0,0.5,1.0,0.5,10,candidate_z,0.00792,0.039599999999999996,0.02018969042956087,0,-1,nan
S3_transport,F,7,4,6,0,MODEL_INADEQUATE,diagnostic,optimized,160.0,0.5,1.0,0.5,10,candidate_z,0.00988,0.0494,0.030434002005208072,0,-1,nan
S3_transport,F,7,4,6,0,MODEL_INADEQUATE,diagnostic,optimized,160.0,0.5,1.0,0.5,10,candidate_z,0.01184,0.059199999999999996,0.042268121864925234,0,-1,nan
S3_transport,F,7,4,6,0,MODEL_INADEQUATE,diagnostic,optimized,160.0,0.5,1.0,0.5,10,candidate_z,0.0138,0.06899999999999999,0.05553082764791384,0,-1,nan
S3_transport,F,7,4,6,0,MODEL_INADEQUATE,diagnostic,optimized,160.0,0.5,1.0,0.5,10,candidate_z,0.01576,0.0788,0.07009358449275993,0,-1,nan
S3_transport,F,7,4,6,0,MODEL_INADEQUATE,diagnostic,optimized,160.0,0.5,1.0,0.5,10,candidate_z,0.01772,0.0886,0.08585351485987047,0,-1,nan
S3_transport,F,7,4,6,0,MODEL_INADEQUATE,diagnostic,optimized,160.0,0.5,1.0,0.5,10,candidate_z,0.01968,0.09839999999999999,0.10272711841992077,0,-1,nan
S3_transport,F,7,4,6,0,MODEL_INADEQUATE,diagnostic,optimized,160.0,0.5,1.0,0.5,10,candidate_z,0.02164,0.10819999999999999,0.12064389702934264,0,-1,nan
S3_transport,F,7,4,6,0,MODEL_INADEQUATE,diagnostic,optimized,160.0,0.5,1.0,0.5,10,candidate_z,0.0236,0.118,0.13953980062664328,0,-1,nan
S3_transport,F,7,4,6,0,MODEL_INADEQUATE,diagnostic,optimized,160.0,0.5,1.0,0.5,10,candidate_z,0.02556,0.1278,0.1593508822010392,0,-1,nan
S3_transport,F,7,4,6,0,MODEL_INADEQUATE,diagnostic,optimized,160.0,0.5,1.0,0.5,10,candidate_z,0.02752,0.1376,0.18000768012386104,0,-1,nan
S3_transport,F,7,4,6,0,MODEL_INADEQUATE,diagnostic,optimized,160.0,0.5,1.0,0.5,10,candidate_z,0.02948,0.14739999999999998,0.20143078428937145,0,-1,nan
S3_transport,F,7,4,6,0,MODEL_INADEQUATE,diagnostic,optimized,160.0,0.5,1.0,0.5,10,candidate_z,0.031439999999999996,0.15719999999999998,0.2235278965698555,0,-1,nan
S3_transport,F,7,4,6,0,MODEL_INADEQUATE,diagnostic,optimized,160.0,0.5,1.0,0.5,10,candidate_z,0.0334,0.16699999999999998,0.24619249998722026,0,-1,nan
S3_transport,F,7,4,6,0,MODEL_INADEQUATE,diagnostic,optimized,160.0,0.5,1.0,0.5,10,candidate_z,0.03536,0.1768,0.2693040933765758,0,-1,nan
S3_transport,F,7,4,6,0,MODEL_INADEQUATE,diagnostic,optimized,160.0,0.5,1.0,0.5,10,candidate_z,0.037320000000000006,0.18660000000000002,0.2927298049265836,0,-1,nan
S3_transport,F,7,4,6,0,MODEL_INADEQUATE,diagnostic,optimized,160.0,0.5,1.0,0.5,10,candidate_z,0.039279999999999995,0.19639999999999996,0.31632705957783,0,-1,nan
S3_transport,F,7,4,6,0,MODEL_INADEQUATE,diagnostic,optimized,160.0,0.5,1.0,0.5,10,candidate_z,0.04124,0.2062,0.339946999176604,0,-1,nan
S3_transport,F,7,4,6,0,MODEL_INADEQUATE,diagnostic,optimized,160.0,0.5,1.0,0.5,10,candidate_z,0.0432,0.216,0.36343824544601944,0,-1,nan
S3_transport,F,7,4,6,0,MODEL_INADEQUATE,diagnostic,optimized,160.0,0.5,1.0,0.5,10,candidate_z,0.045160000000000006,0.22580000000000003,0.3866507335781506,0,-1,nan
S3_transport,F,7,4,6,0,MODEL_INADEQUATE,diagnostic,optimized,160.0,0.5,1.0,0.5,10,candidate_z,0.047119999999999995,0.23559999999999998,0.40943929701395376,0,-1,nan
S3_transport,F,7,4,6,0,MODEL_INADEQUATE,diagnostic,optimized,160.0,0.5,1.0,0.5,10,candidate_z,0.04908,0.24539999999999998,0.4316668420990233,0,-1,nan
S3_transport,F,7,4,6,0,MODEL_INADEQUATE,diagnostic,optimized,160.0,0.5,1.0,0.5,10,candidate_z,0.05104,0.2552,0.45320695176396697,0,-1,nan
S3_transport,F,7,4,6,0,MODEL_INADEQUATE,diagnostic,optimized,160.0,0.5,1.0,0.5,10,candidate_z,0.053000000000000005,0.265,0.473945873174511,0,-1,nan
S3_transport,F,7,4,6,0,MODEL_INADEQUATE,diagnostic,optimized,160.0,0.5,1.0,0.5,10,candidate_z,0.054959999999999995,0.27479999999999993,0.4937838781983217,0,-1,nan
S3_transport,F,7,4,6,0,MODEL_INADEQUATE,diagnostic,optimized,160.0,0.5,1.0,0.5,10,candidate_z,0.05692,0.28459999999999996,0.5126360226535454,0,-1,nan
S3_transport,F,7,4,6,0,MODEL_INADEQUATE,diagnostic,optimized,160.0,0.5,1.0,0.5,10,candidate_z,0.05888,0.2944,0.5304323860123645,0,-1,nan
S3_transport,F,7,4,6,0,MODEL_INADEQUATE,diagnostic,optimized,160.0,0.5,1.0,0.5,10,candidate_z,0.060840000000000005,0.3042,0.5471178605273295,0,-1,nan
S3_transport,F,7,4,6,0,MODEL_INADEQUATE,diagnostic,optimized,160.0,0.5,1.0,0.5,10,candidate_z,0.0628,0.31399999999999995,0.5626515967015173,0,-1,nan
S3_transport,F,7,4,6,0,MODEL_INADEQUATE,diagnostic,optimized,160.0,0.5,1.0,0.5,10,candidate_z,0.06476,0.3238,0.5770061551902401,0,-1,nan
S3_transport,F,7,4,6,0,MODEL_INADEQUATE,diagnostic,optimized,160.0,0.5,1.0,0.5,10,candidate_z,0.06672,0.3336,0.5901664555692179,1,-1,nan
S3_transport,F,7,4,6,0,MODEL_INADEQUATE,diagnostic,optimized,160.0,0.5,1.0,0.5,10,candidate_z,0.06868,0.3434,0.6021286662439707,0,-1,nan
S3_transport,F,7,4,6,0,MODEL_INADEQUATE,diagnostic,optimized,160.0,0.5,1.0,0.5,10,candidate_z,0.07064000000000001,0.3532,0.6128990107989196,0,-1,nan
S3_transport,F,7,4,6,0,MODEL_INADEQUATE,diagnostic,optimized,160.0,0.5,1.0,0.5,10,candidate_z,0.0726,0.363,0.6224924987393656,1,-1,nan
S3_transport,F,7,4,6,0,MODEL_INADEQUATE,diagnostic,optimized,160.0,0.5,1.0,0.5,10,candidate_z,0.07456,0.37279999999999996,0.6309317677861301,0,-1,nan
S3_transport,F,7,4,6,0,MODEL_INADEQUATE,diagnostic,optimized,160.0,0.5,1.0,0.5,10,candidate_z,0.07652,0.3826,0.638245976276469,0,-1,nan
S3_transport,F,7,4,6,0,MODEL_INADEQUATE,diagnostic,optimized,160.0,0.5,1.0,0.5,10,candidate_z,0.07848,0.39239999999999997,0.6444696763547455,1,-1,nan
S3_transport,F,7,4,6,0,MODEL_INADEQUATE,diagnostic,optimized,160.0,0.5,1.0,0.5,10,candidate_z,0.08044,0.40219999999999995,0.649641852719391,0,-1,nan
S3_transport,F,7,4,6,0,MODEL_INADEQUATE,diagnostic,optimized,160.0,0.5,1.0,0.5,10,candidate_z,0.0824,0.412,0.6538050798542656,0,-1,nan
S3_transport,F,7,4,6,0,MODEL_INADEQUATE,diagnostic,optimized,160.0,0.5,1.0,0.5,10,candidate_z,0.08436,0.4218,0.6570046496023139,1,-1,nan
S3_transport,F,7,4,6,0,MODEL_INADEQUATE,diagnostic,optimized,160.0,0.5,1.0,0.5,10,candidate_z,0.08632000000000001,0.43160000000000004,0.6592878658530701,0,-1,nan
S3_transport,F,7,4,6,0,MODEL_INADEQUATE,diagnostic,optimized,160.0,0.5,1.0,0.5,10,candidate_z,0.08828,0.44139999999999996,0.6607034900797473,0,-1,nan
S3_transport,F,7,4,6,0,MODEL_INADEQUATE,diagnostic,optimized,160.0,0.5,1.0,0.5,10,candidate_z,0.09024,0.4512,0.661301115880434,1,-1,nan
S3_transport,F,7,4,6,0,MODEL_INADEQUATE,diagnostic,optimized,160.0,0.5,1.0,0.5,10,candidate_z,0.0922,0.461,0.661130686511548,0,-1,nan
S3_transport,F,7,4,6,0,MODEL_INADEQUATE,diagnostic,optimized,160.0,0.5,1.0,0.5,10,candidate_z,0.09416,0.47079999999999994,0.660242188438481,0,-1,nan
S3_transport,F,7,4,6,0,MODEL_INADEQUATE,diagnostic,optimized,160.0,0.5,1.0,0.5,10,candidate_z,0.09612,0.48059999999999997,0.6586852218034416,1,-1,nan
S3_transport,F,7,4,6,0,MODEL_INADEQUATE,diagnostic,optimized,160.0,0.5,1.0,0.5,10,candidate_z,0.09808,0.4904,0.6565086605773764,0,-1,nan
S3_transport,F,7,4,6,0,MODEL_INADEQUATE,diagnostic,optimized,160.0,0.5,1.0,0.5,10,candidate_z,0.10004,0.5002,0.6537605800479724,0,-1,nan
S3_transport,F,7,4,6,0,MODEL_INADEQUATE,diagnostic,optimized,160.0,0.5,1.0,0.5,10,candidate_z,0.10200000000000001,0.51,0.6504879249853417,1,-1,nan
S3_transport,F,7,4,6,0,MODEL_INADEQUATE,diagnostic,optimized,160.0,0.5,1.0,0.5,10,candidate_z,0.10396,0.5197999999999999,0.6467235161368237,0,-1,nan
S3_transport,F,7,4,6,0,MODEL_INADEQUATE,diagnostic,optimized,160.0,0.5,1.0,0.5,10,candidate_z,0.10592,0.5296,0.6425256237058079,0,-1,nan
S3_transport,F,7,4,6,0,MODEL_INADEQUATE,diagnostic,optimized,160.0,0.5,1.0,0.5,10,candidate_z,0.10788,0.5394,0.637936976171332,0,-1,nan
S3_transport,F,7,4,6,0,MODEL_INADEQUATE,diagnostic,optimized,160.0,0.5,1.0,0.5,10,candidate_z,0.10984,0.5491999999999999,0.6329987396901409,0,-1,nan
S3_transport,F,7,4,6,0,MODEL_INADEQUATE,diagnostic,optimized,160.0,0.5,1.0,0.5,10,candidate_z,0.1118,0.5589999999999999,0.6277502919305817,0,-1,nan
S3_transport,F,7,4,6,0,MODEL_INADEQUATE,diagnostic,optimized,160.0,0.5,1.0,0.5,10,candidate_z,0.11376,0.5688,0.622229365648792,0,-1,nan
S3_transport,F,7,4,6,0,MODEL_INADEQUATE,diagnostic,optimized,160.0,0.5,1.0,0.5,10,candidate_z,0.11572,0.5786,0.6164720510323889,0,-1,nan
S3_transport,F,7,4,6,0,MODEL_INADEQUATE,diagnostic,optimized,160.0,0.5,1.0,0.5,10,candidate_z,0.11768,0.5884,0.6105126589217917,0,-1,nan
S3_transport,F,7,4,6,0,MODEL_INADEQUATE,diagnostic,optimized,160.0,0.5,1.0,0.5,10,candidate_z,0.11964,0.5982,0.6043837636048188,0,-1,nan
S3_transport,F,7,4,6,0,MODEL_INADEQUATE,diagnostic,optimized,160.0,0.5,1.0,0.5,10,candidate_z,0.1216,0.608,0.5981163192975849,0,-1,nan
S3_transport,F,7,4,6,0,MODEL_INADEQUATE,diagnostic,optimized,160.0,0.5,1.0,0.5,10,candidate_z,0.12356,0.6178,0.5917394233401225,0,-1,nan
S3_transport,F,7,4,6,0,MODEL_INADEQUATE,diagnostic,optimized,160.0,0.5,1.0,0.5,10,candidate_z,0.12552,0.6275999999999999,0.5852805116494864,0,-1,nan
S3_transport,F,7,4,6,0,MODEL_INADEQUATE,diagnostic,optimized,160.0,0.5,1.0,0.5,10,candidate_z,0.12747999999999998,0.6373999999999999,0.578765358514552,0,-1,nan
S3_transport,F,7,4,6,0,MODEL_INADEQUATE,diagnostic,optimized,160.0,0.5,1.0,0.5,10,candidate_z,0.12944,0.6472,0.5722181800726247,0,-1,nan
S3_transport,F,7,4,6,0,MODEL_INADEQUATE,diagnostic,optimized,160.0,0.5,1.0,0.5,10,candidate_z,0.1314,0.6569999999999999,0.5656615664814879,0,-1,nan
S3_transport,F,7,4,6,0,MODEL_INADEQUATE,diagnostic,optimized,160.0,0.5,1.0,0.5,10,candidate_z,0.13336,0.6668,0.5591165257836046,0,-1,nan
S3_transport,F,7,4,6,0,MODEL_INADEQUATE,diagnostic,optimized,160.0,0.5,1.0,0.5,10,candidate_z,0.13532,0.6766,0.552602567337324,0,-1,nan
S3_transport,F,7,4,6,0,MODEL_INADEQUATE,diagnostic,optimized,160.0,0.5,1.0,0.5,10,candidate_z,0.13728,0.6864,0.5461377483473555,0,-1,nan
S3_transport,F,7,4,6,0,MODEL_INADEQUATE,diagnostic,optimized,160.0,0.5,1.0,0.5,10,candidate_z,0.13924,0.6961999999999999,0.5397387214886677,0,-1,nan
S3_transport,F,7,4,6,0,MODEL_INADEQUATE,diagnostic,optimized,160.0,0.5,1.0,0.5,10,candidate_z,0.1412,0.706,0.533420765074279,0,-1,nan
S3_transport,F,7,4,6,0,MODEL_INADEQUATE,diagnostic,optimized,160.0,0.5,1.0,0.5,10,candidate_z,0.14316,0.7158,0.5271978418629288,0,-1,nan
S3_transport,F,7,4,6,0,MODEL_INADEQUATE,diagnostic,optimized,160.0,0.5,1.0,0.5,10,candidate_z,0.14512,0.7255999999999999,0.5210826557592938,0,-1,nan
S3_transport,F,7,4,6,0,MODEL_INADEQUATE,diagnostic,optimized,160.0,0.5,1.0,0.5,10,candidate_z,0.14708,0.7353999999999999,0.5150867164958299,0,-1,nan
S3_transport,F,7,4,6,0,MODEL_INADEQUATE,diagnostic,optimized,160.0,0.5,1.0,0.5,10,candidate_z,0.14904,0.7452,0.5092203736404457,0,-1,nan
S3_transport,F,7,4,6,0,MODEL_INADEQUATE,diagnostic,optimized,160.0,0.5,1.0,0.5,10,candidate_z,0.151,0.7549999999999999,0.5034928653603146,0,-1,nan
S3_transport,F,7,4,6,0,MODEL_INADEQUATE,diagnostic,optimized,160.0,0.5,1.0,0.5,10,candidate_z,0.15295999999999998,0.7647999999999999,0.49791238325719434,0,-1,nan
S3_transport,F,7,4,6,0,MODEL_INADEQUATE,diagnostic,optimized,160.0,0.5,1.0,0.5,10,candidate_z,0.15492,0.7746,0.4924861219553094,0,-1,nan
S3_transport,F,7,4,6,0,MODEL_INADEQUATE,diagnostic,optimized,160.0,0.5,1.0,0.5,10,candidate_z,0.15688,0.7843999999999999,0.48722032973855534,0,-1,nan
S3_transport,F,7,4,6,0,MODEL_INADEQUATE,diagnostic,optimized,160.0,0.5,1.0,0.5,10,candidate_z,0.15884,0.7942,0.48212035767948436,0,-1,nan
S3_transport,F,7,4,6,0,MODEL_INADEQUATE,diagnostic,optimized,160.0,0.5,1.0,0.5,10,candidate_z,0.1608,0.8039999999999999,0.4771907102291628,0,-1,nan
S3_transport,F,7,4,6,0,MODEL_INADEQUATE,diagnostic,optimized,160.0,0.5,1.0,0.5,10,candidate_z,0.16276,0.8137999999999999,0.4724350949427176,0,-1,nan
S3_transport,F,7,4,6,0,MODEL_INADEQUATE,diagnostic,optimized,160.0,0.5,1.0,0.5,10,candidate_z,0.16472,0.8236,0.4678564781998489,0,-1,nan
S3_transport,F,7,4,6,0,MODEL_INADEQUATE,diagnostic,optimized,160.0,0.5,1.0,0.5,10,candidate_z,0.16668,0.8333999999999999,0.46345712614662204,0,-1,nan
S3_transport,F,7,4,6,0,MODEL_INADEQUATE,diagnostic,optimized,160.0,0.5,1.0,0.5,10,candidate_z,0.16864,0.8432000000000001,0.4592386350920705,0,-1,nan
S3_transport,F,7,4,6,0,MODEL_INADEQUATE,diagnostic,optimized,160.0,0.5,1.0,0.5,10,candidate_z,0.1706,0.853,0.45520199772864345,0,-1,nan
S3_transport,F,7,4,6,0,MODEL_INADEQUATE,diagnostic,optimized,160.0,0.5,1.0,0.5,10,candidate_z,0.17256,0.8627999999999999,0.4513476397612415,0,-1,nan
S3_transport,F,7,4,6,0,MODEL_INADEQUATE,diagnostic,optimized,160.0,0.5,1.0,0.5,10,candidate_z,0.17452,0.8726,0.44767546439889827,0,-1,nan
S3_transport,F,7,4,6,0,MODEL_INADEQUATE,diagnostic,optimized,160.0,0.5,1.0,0.5,10,candidate_z,0.17648,0.8824,0.4441848777962676,0,-1,nan
S3_transport,F,7,4,6,0,MODEL_INADEQUATE,diagnostic,optimized,160.0,0.5,1.0,0.5,10,candidate_z,0.17844,0.8921999999999999,0.44087483955161844,0,-1,nan
S3_transport,F,7,4,6,0,MODEL_INADEQUATE,diagnostic,optimized,160.0,0.5,1.0,0.5,10,candidate_z,0.1804,0.902,0.4377438979194963,0,-1,nan
S3_transport,F,7,4,6,0,MODEL_INADEQUATE,diagnostic,optimized,160.0,0.5,1.0,0.5,10,candidate_z,0.18236,0.9117999999999999,0.4347902287579295,0,-1,nan
S3_transport,F,7,4,6,0,MODEL_INADEQUATE,diagnostic,optimized,160.0,0.5,1.0,0.5,10,candidate_z,0.18431999999999998,0.9215999999999999,0.432011676951511,0,-1,nan
S3_transport,F,7,4,6,0,MODEL_INADEQUATE,diagnostic,optimized,160.0,0.5,1.0,0.5,10,candidate_z,0.18628,0.9314,0.4294057526953132,0,-1,nan
S3_transport,F,7,4,6,0,MODEL_INADEQUATE,diagnostic,optimized,160.0,0.5,1.0,0.5,10,candidate_z,0.18824,0.9411999999999999,0.4269696972874826,1,-1,nan
S3_transport,F,7,4,6,0,MODEL_INADEQUATE,diagnostic,optimized,160.0,0.5,1.0,0.5,10,candidate_z,0.1902,0.951,0.4247005009468907,0,-1,nan
S3_transport,F,7,4,6,0,MODEL_INADEQUATE,diagnostic,optimized,160.0,0.5,1.0,0.5,10,candidate_z,0.19216,0.9608,0.4225949323913838,0,-1,nan
S3_transport,F,7,4,6,0,MODEL_INADEQUATE,diagnostic,optimized,160.0,0.5,1.0,0.5,10,candidate_z,0.19412,0.9705999999999999,0.4206495754498114,1,-1,nan
S3_transport,F,7,4,6,0,MODEL_INADEQUATE,diagnostic,optimized,160.0,0.5,1.0,0.5,10,candidate_z,0.19608,0.9803999999999999,0.4188608290831226,0,-1,nan
S3_transport,F,7,4,6,0,MODEL_INADEQUATE,diagnostic,optimized,160.0,0.5,1.0,0.5,10,candidate_z,0.19804,0.9902,0.4172249405982775,0,-1,nan
S3_transport,F,7,4,6,0,MODEL_INADEQUATE,diagnostic,optimized,160.0,0.5,1.0,0.5,10,candidate_z,0.2,1.0,0.4157380312836523,1,-1,nan
S3_transport,F,7,4,6,0,MODEL_INADEQUATE,diagnostic,optimized,160.0,0.5,1.0,0.5,10,selected_z,0.09024,0.4512,nan,1,1,0.661301115880434
S3_transport,F,7,4,6,0,MODEL_INADEQUATE,diagnostic,optimized,160.0,0.5,1.0,0.5,10,selected_z,0.09612,0.48059999999999997,nan,1,2,0.48624394244854585
S3_transport,F,7,4,6,0,MODEL_INADEQUATE,diagnostic,optimized,160.0,0.5,1.0,0.5,10,selected_z,0.08436,0.4218,nan,1,3,0.38716256279117545
S3_transport,F,7,4,6,0,MODEL_INADEQUATE,diagnostic,optimized,160.0,0.5,1.0,0.5,10,selected_z,0.10200000000000001,0.51,nan,1,4,0.32072791718628935
S3_transport,F,7,4,6,0,MODEL_INADEQUATE,diagnostic,optimized,160.0,0.5,1.0,0.5,10,selected_z,0.2,1.0,nan,1,5,0.3026296185719026
S3_transport,F,7,4,6,0,MODEL_INADEQUATE,diagnostic,optimized,160.0,0.5,1.0,0.5,10,selected_z,0.07848,0.39239999999999997,nan,1,6,0.267601831760679
S3_transport,F,7,4,6,0,MODEL_INADEQUATE,diagnostic,optimized,160.0,0.5,1.0,0.5,10,selected_z,0.19412,0.9705999999999999,nan,1,7,0.24888132834591303
S3_transport,F,7,4,6,0,MODEL_INADEQUATE,diagnostic,optimized,160.0,0.5,1.0,0.5,10,selected_z,0.0726,0.363,nan,1,8,0.22583080085609453
S3_transport,F,7,4,6,0,MODEL_INADEQUATE,diagnostic,optimized,160.0,0.5,1.0,0.5,10,selected_z,0.18824,0.9411999999999999,nan,1,9,0.2103807586337325
S3_transport,F,7,4,6,0,MODEL_INADEQUATE,diagnostic,optimized,160.0,0.5,1.0,0.5,10,selected_z,0.06672,0.3336,nan,1,10,0.19212557462732605
S3_transport,F,7,4,6,0,MODEL_INADEQUATE,diagnostic,optimized,160.0,0.5,1.0,0.5,10,final_z,0.07064000000000001,0.3532,nan,1,-1,nan
S3_transport,F,7,4,6,0,MODEL_INADEQUATE,diagnostic,optimized,160.0,0.5,1.0,0.5,10,final_z,0.075736,0.37867999999999996,nan,1,-1,nan
S3_transport,F,7,4,6,0,MODEL_INADEQUATE,diagnostic,optimized,160.0,0.5,1.0,0.5,10,final_z,0.080048,0.40023999999999993,nan,1,-1,nan
S3_transport,F,7,4,6,0,MODEL_INADEQUATE,diagnostic,optimized,160.0,0.5,1.0,0.5,10,final_z,0.08436,0.4218,nan,1,-1,nan
S3_transport,F,7,4,6,0,MODEL_INADEQUATE,diagnostic,optimized,160.0,0.5,1.0,0.5,10,final_z,0.088672,0.44336,nan,1,-1,nan
S3_transport,F,7,4,6,0,MODEL_INADEQUATE,diagnostic,optimized,160.0,0.5,1.0,0.5,10,final_z,0.092984,0.46491999999999994,nan,1,-1,nan
S3_transport,F,7,4,6,0,MODEL_INADEQUATE,diagnostic,optimized,160.0,0.5,1.0,0.5,10,final_z,0.09808,0.4904,nan,1,-1,nan
S3_transport,F,7,4,6,0,MODEL_INADEQUATE,diagnostic,optimized,160.0,0.5,1.0,0.5,10,final_z,0.191376,0.95688,nan,1,-1,nan
S3_transport,F,7,4,6,0,MODEL_INADEQUATE,diagnostic,optimized,160.0,0.5,1.0,0.5,10,final_z,0.19568799999999997,0.9784399999999999,nan,1,-1,nan
S3_transport,F,7,4,6,0,MODEL_INADEQUATE,diagnostic,optimized,160.0,0.5,1.0,0.5,10,final_z,0.2,1.0,nan,1,-1,nan
S3_transport,F,7,5,1,0,MODEL_INADEQUATE,diagnostic,optimized,160.0,0.5,1.0,1.0,10,candidate_z,0.004,0.02,0.017338425265425172,0,-1,nan
S3_transport,F,7,5,1,0,MODEL_INADEQUATE,diagnostic,optimized,160.0,0.5,1.0,1.0,10,candidate_z,0.00596,0.0298,0.03533407526704835,0,-1,nan
S3_transport,F,7,5,1,0,MODEL_INADEQUATE,diagnostic,optimized,160.0,0.5,1.0,1.0,10,candidate_z,0.00792,0.039599999999999996,0.057343501517514994,0,-1,nan
S3_transport,F,7,5,1,0,MODEL_INADEQUATE,diagnostic,optimized,160.0,0.5,1.0,1.0,10,candidate_z,0.00988,0.0494,0.08238907963631092,0,-1,nan
S3_transport,F,7,5,1,0,MODEL_INADEQUATE,diagnostic,optimized,160.0,0.5,1.0,1.0,10,candidate_z,0.01184,0.059199999999999996,0.10983999827237056,0,-1,nan
S3_transport,F,7,5,1,0,MODEL_INADEQUATE,diagnostic,optimized,160.0,0.5,1.0,1.0,10,candidate_z,0.0138,0.06899999999999999,0.1392673225247485,0,-1,nan
S3_transport,F,7,5,1,0,MODEL_INADEQUATE,diagnostic,optimized,160.0,0.5,1.0,1.0,10,candidate_z,0.01576,0.0788,0.17029209975823179,0,-1,nan
S3_transport,F,7,5,1,0,MODEL_INADEQUATE,diagnostic,optimized,160.0,0.5,1.0,1.0,10,candidate_z,0.01772,0.0886,0.2024657473960474,0,-1,nan
S3_transport,F,7,5,1,0,MODEL_INADEQUATE,diagnostic,optimized,160.0,0.5,1.0,1.0,10,candidate_z,0.01968,0.09839999999999999,0.23521070423590018,0,-1,nan
S3_transport,F,7,5,1,0,MODEL_INADEQUATE,diagnostic,optimized,160.0,0.5,1.0,1.0,10,candidate_z,0.02164,0.10819999999999999,0.2678265631585255,0,-1,nan
S3_transport,F,7,5,1,0,MODEL_INADEQUATE,diagnostic,optimized,160.0,0.5,1.0,1.0,10,candidate_z,0.0236,0.118,0.2995422325639261,0,-1,nan
S3_transport,F,7,5,1,0,MODEL_INADEQUATE,diagnostic,optimized,160.0,0.5,1.0,1.0,10,candidate_z,0.02556,0.1278,0.3295894219016091,0,-1,nan
S3_transport,F,7,5,1,0,MODEL_INADEQUATE,diagnostic,optimized,160.0,0.5,1.0,1.0,10,candidate_z,0.02752,0.1376,0.3572734056334035,0,-1,nan
S3_transport,F,7,5,1,0,MODEL_INADEQUATE,diagnostic,optimized,160.0,0.5,1.0,1.0,10,candidate_z,0.02948,0.14739999999999998,0.38202583152344616,0,-1,nan
S3_transport,F,7,5,1,0,MODEL_INADEQUATE,diagnostic,optimized,160.0,0.5,1.0,1.0,10,candidate_z,0.031439999999999996,0.15719999999999998,0.40343382518920023,1,-1,nan
S3_transport,F,7,5,1,0,MODEL_INADEQUATE,diagnostic,optimized,160.0,0.5,1.0,1.0,10,candidate_z,0.0334,0.16699999999999998,0.42124691702774086,0,-1,nan
S3_transport,F,7,5,1,0,MODEL_INADEQUATE,diagnostic,optimized,160.0,0.5,1.0,1.0,10,candidate_z,0.03536,0.1768,0.4353671097116809,0,-1,nan
S3_transport,F,7,5,1,0,MODEL_INADEQUATE,diagnostic,optimized,160.0,0.5,1.0,1.0,10,candidate_z,0.037320000000000006,0.18660000000000002,0.4458286951831987,1,-1,nan
S3_transport,F,7,5,1,0,MODEL_INADEQUATE,diagnostic,optimized,160.0,0.5,1.0,1.0,10,candidate_z,0.039279999999999995,0.19639999999999996,0.4527731840126563,0,-1,nan
S3_transport,F,7,5,1,0,MODEL_INADEQUATE,diagnostic,optimized,160.0,0.5,1.0,1.0,10,candidate_z,0.04124,0.2062,0.45642367194199807,0,-1,nan
S3_transport,F,7,5,1,0,MODEL_INADEQUATE,diagnostic,optimized,160.0,0.5,1.0,1.0,10,candidate_z,0.0432,0.216,0.45706105995254376,1,-1,nan
S3_transport,F,7,5,1,0,MODEL_INADEQUATE,diagnostic,optimized,160.0,0.5,1.0,1.0,10,candidate_z,0.045160000000000006,0.22580000000000003,0.4550034610476068,0,-1,nan
S3_transport,F,7,5,1,0,MODEL_INADEQUATE,diagnostic,optimized,160.0,0.5,1.0,1.0,10,candidate_z,0.047119999999999995,0.23559999999999998,0.45058921643262906,0,-1,nan
S3_transport,F,7,5,1,0,MODEL_INADEQUATE,diagnostic,optimized,160.0,0.5,1.0,1.0,10,candidate_z,0.04908,0.24539999999999998,0.44416336358355935,1,-1,nan
S3_transport,F,7,5,1,0,MODEL_INADEQUATE,diagnostic,optimized,160.0,0.5,1.0,1.0,10,candidate_z,0.05104,0.2552,0.4360671936970988,0,-1,nan
S3_transport,F,7,5,1,0,MODEL_INADEQUATE,diagnostic,optimized,160.0,0.5,1.0,1.0,10,candidate_z,0.053000000000000005,0.265,0.42663041396688683,0,-1,nan
S3_transport,F,7,5,1,0,MODEL_INADEQUATE,diagnostic,optimized,160.0,0.5,1.0,1.0,10,candidate_z,0.054959999999999995,0.27479999999999993,0.41616543426130903,1,-1,nan
S3_transport,F,7,5,1,0,MODEL_INADEQUATE,diagnostic,optimized,160.0,0.5,1.0,1.0,10,candidate_z,0.05692,0.28459999999999996,0.4049633698220241,0,-1,nan
S3_transport,F,7,5,1,0,MODEL_INADEQUATE,diagnostic,optimized,160.0,0.5,1.0,1.0,10,candidate_z,0.05888,0.2944,0.3932913941694913,0,-1,nan
S3_transport,F,7,5,1,0,MODEL_INADEQUATE,diagnostic,optimized,160.0,0.5,1.0,1.0,10,candidate_z,0.060840000000000005,0.3042,0.3813911366961378,0,-1,nan
S3_transport,F,7,5,1,0,MODEL_INADEQUATE,diagnostic,optimized,160.0,0.5,1.0,1.0,10,candidate_z,0.0628,0.31399999999999995,0.36947796796412646,0,-1,nan
S3_transport,F,7,5,1,0,MODEL_INADEQUATE,diagnostic,optimized,160.0,0.5,1.0,1.0,10,candidate_z,0.06476,0.3238,0.35774095285888663,0,-1,nan
S3_transport,F,7,5,1,0,MODEL_INADEQUATE,diagnostic,optimized,160.0,0.5,1.0,1.0,10,candidate_z,0.06672,0.3336,0.3463432825172639,0,-1,nan
S3_transport,F,7,5,1,0,MODEL_INADEQUATE,diagnostic,optimized,160.0,0.5,1.0,1.0,10,candidate_z,0.06868,0.3434,0.33542319002194887,0,-1,nan
S3_transport,F,7,5,1,0,MODEL_INADEQUATE,diagnostic,optimized,160.0,0.5,1.0,1.0,10,candidate_z,0.07064000000000001,0.3532,0.325095183535808,0,-1,nan
S3_transport,F,7,5,1,0,MODEL_INADEQUATE,diagnostic,optimized,160.0,0.5,1.0,1.0,10,candidate_z,0.0726,0.363,0.3154514889958868,0,-1,nan
S3_transport,F,7,5,1,0,MODEL_INADEQUATE,diagnostic,optimized,160.0,0.5,1.0,1.0,10,candidate_z,0.07456,0.37279999999999996,0.30656368826562286,0,-1,nan
S3_transport,F,7,5,1,0,MODEL_INADEQUATE,diagnostic,optimized,160.0,0.5,1.0,1.0,10,candidate_z,0.07652,0.3826,0.2984845186147247,0,-1,nan
S3_transport,F,7,5,1,0,MODEL_INADEQUATE,diagnostic,optimized,160.0,0.5,1.0,1.0,10,candidate_z,0.07848,0.39239999999999997,0.29124969086369745,0,-1,nan
S3_transport,F,7,5,1,0,MODEL_INADEQUATE,diagnostic,optimized,160.0,0.5,1.0,1.0,10,candidate_z,0.08044,0.40219999999999995,0.2848796842609893,0,-1,nan
S3_transport,F,7,5,1,0,MODEL_INADEQUATE,diagnostic,optimized,160.0,0.5,1.0,1.0,10,candidate_z,0.0824,0.412,0.27938168963880017,0,-1,nan
S3_transport,F,7,5,1,0,MODEL_INADEQUATE,diagnostic,optimized,160.0,0.5,1.0,1.0,10,candidate_z,0.08436,0.4218,0.27475129547115174,0,-1,nan
S3_transport,F,7,5,1,0,MODEL_INADEQUATE,diagnostic,optimized,160.0,0.5,1.0,1.0,10,candidate_z,0.08632000000000001,0.43160000000000004,0.27097417313990135,0,-1,nan
S3_transport,F,7,5,1,0,MODEL_INADEQUATE,diagnostic,optimized,160.0,0.5,1.0,1.0,10,candidate_z,0.08828,0.44139999999999996,0.26802786831348513,0,-1,nan
S3_transport,F,7,5,1,0,MODEL_INADEQUATE,diagnostic,optimized,160.0,0.5,1.0,1.0,10,candidate_z,0.09024,0.4512,0.2658829633927624,0,-1,nan
S3_transport,F,7,5,1,0,MODEL_INADEQUATE,diagnostic,optimized,160.0,0.5,1.0,1.0,10,candidate_z,0.0922,0.461,0.2645046865183964,0,-1,nan
S3_transport,F,7,5,1,0,MODEL_INADEQUATE,diagnostic,optimized,160.0,0.5,1.0,1.0,10,candidate_z,0.09416,0.47079999999999994,0.2638541884799217,0,-1,nan
S3_transport,F,7,5,1,0,MODEL_INADEQUATE,diagnostic,optimized,160.0,0.5,1.0,1.0,10,candidate_z,0.09612,0.48059999999999997,0.2638893250908332,0,-1,nan
S3_transport,F,7,5,1,0,MODEL_INADEQUATE,diagnostic,optimized,160.0,0.5,1.0,1.0,10,candidate_z,0.09808,0.4904,0.2645659955396731,0,-1,nan
S3_transport,F,7,5,1,0,MODEL_INADEQUATE,diagnostic,optimized,160.0,0.5,1.0,1.0,10,candidate_z,0.10004,0.5002,0.2658388240662184,0,-1,nan
S3_transport,F,7,5,1,0,MODEL_INADEQUATE,diagnostic,optimized,160.0,0.5,1.0,1.0,10,candidate_z,0.10200000000000001,0.51,0.2676617385389868,0,-1,nan
S3_transport,F,7,5,1,0,MODEL_INADEQUATE,diagnostic,optimized,160.0,0.5,1.0,1.0,10,candidate_z,0.10396,0.5197999999999999,0.269985526617571,0,-1,nan
S3_transport,F,7,5,1,0,MODEL_INADEQUATE,diagnostic,optimized,160.0,0.5,1.0,1.0,10,candidate_z,0.10592,0.5296,0.272768154225961,0,-1,nan
S3_transport,F,7,5,1,0,MODEL_INADEQUATE,diagnostic,optimized,160.0,0.5,1.0,1.0,10,candidate_z,0.10788,0.5394,0.2759653279265386,0,-1,nan
S3_transport,F,7,5,1,0,MODEL_INADEQUATE,diagnostic,optimized,160.0,0.5,1.0,1.0,10,candidate_z,0.10984,0.5491999999999999,0.279534321773955,0,-1,nan
S3_transport,F,7,5,1,0,MODEL_INADEQUATE,diagnostic,optimized,160.0,0.5,1.0,1.0,10,candidate_z,0.1118,0.5589999999999999,0.2834338099635936,0,-1,nan
S3_transport,F,7,5,1,0,MODEL_INADEQUATE,diagnostic,optimized,160.0,0.5,1.0,1.0,10,candidate_z,0.11376,0.5688,0.2876244648217394,0,-1,nan
S3_transport,F,7,5,1,0,MODEL_INADEQUATE,diagnostic,optimized,160.0,0.5,1.0,1.0,10,candidate_z,0.11572,0.5786,0.29206897999033643,0,-1,nan
S3_transport,F,7,5,1,0,MODEL_INADEQUATE,diagnostic,optimized,160.0,0.5,1.0,1.0,10,candidate_z,0.11768,0.5884,0.296731990438186,0,-1,nan
S3_transport,F,7,5,1,0,MODEL_INADEQUATE,diagnostic,optimized,160.0,0.5,1.0,1.0,10,candidate_z,0.11964,0.5982,0.3015804827970463,0,-1,nan
S3_transport,F,7,5,1,0,MODEL_INADEQUATE,diagnostic,optimized,160.0,0.5,1.0,1.0,10,candidate_z,0.1216,0.608,0.30658347139661046,0,-1,nan
S3_transport,F,7,5,1,0,MODEL_INADEQUATE,diagnostic,optimized,160.0,0.5,1.0,1.0,10,candidate_z,0.12356,0.6178,0.3117121164268859,0,-1,nan
S3_transport,F,7,5,1,0,MODEL_INADEQUATE,diagnostic,optimized,160.0,0.5,1.0,1.0,10,candidate_z,0.12552,0.6275999999999999,0.3169398561625094,0,-1,nan
S3_transport,F,7,5,1,0,MODEL_INADEQUATE,diagnostic,optimized,160.0,0.5,1.0,1.0,10,candidate_z,0.12747999999999998,0.6373999999999999,0.3222420556880117,0,-1,nan
S3_transport,F,7,5,1,0,MODEL_INADEQUATE,diagnostic,optimized,160.0,0.5,1.0,1.0,10,candidate_z,0.12944,0.6472,0.32759614431435224,0,-1,nan
S3_transport,F,7,5,1,0,MODEL_INADEQUATE,diagnostic,optimized,160.0,0.5,1.0,1.0,10,candidate_z,0.1314,0.6569999999999999,0.3329815428335223,0,-1,nan
S3_transport,F,7,5,1,0,MODEL_INADEQUATE,diagnostic,optimized,160.0,0.5,1.0,1.0,10,candidate_z,0.13336,0.6668,0.33837942019789224,0,-1,nan
S3_transport,F,7,5,1,0,MODEL_INADEQUATE,diagnostic,optimized,160.0,0.5,1.0,1.0,10,candidate_z,0.13532,0.6766,0.3437728046544031,0,-1,nan
S3_transport,F,7,5,1,0,MODEL_INADEQUATE,diagnostic,optimized,160.0,0.5,1.0,1.0,10,candidate_z,0.13728,0.6864,0.3491463515160014,0,-1,nan
S3_transport,F,7,5,1,0,MODEL_INADEQUATE,diagnostic,optimized,160.0,0.5,1.0,1.0,10,candidate_z,0.13924,0.6961999999999999,0.35448623717991623,0,-1,nan
S3_transport,F,7,5,1,0,MODEL_INADEQUATE,diagnostic,optimized,160.0,0.5,1.0,1.0,10,candidate_z,0.1412,0.706,0.3597802075057288,0,-1,nan
S3_transport,F,7,5,1,0,MODEL_INADEQUATE,diagnostic,optimized,160.0,0.5,1.0,1.0,10,candidate_z,0.14316,0.7158,0.36501732569726286,0,-1,nan
S3_transport,F,7,5,1,0,MODEL_INADEQUATE,diagnostic,optimized,160.0,0.5,1.0,1.0,10,candidate_z,0.14512,0.7255999999999999,0.37018792047151905,0,-1,nan
S3_transport,F,7,5,1,0,MODEL_INADEQUATE,diagnostic,optimized,160.0,0.5,1.0,1.0,10,candidate_z,0.14708,0.7353999999999999,0.37528357518542066,0,-1,nan
S3_transport,F,7,5,1,0,MODEL_INADEQUATE,diagnostic,optimized,160.0,0.5,1.0,1.0,10,candidate_z,0.14904,0.7452,0.3802969279457038,0,-1,nan
S3_transport,F,7,5,1,0,MODEL_INADEQUATE,diagnostic,optimized,160.0,0.5,1.0,1.0,10,candidate_z,0.151,0.7549999999999999,0.3852216437699916,0,-1,nan
S3_transport,F,7,5,1,0,MODEL_INADEQUATE,diagnostic,optimized,160.0,0.5,1.0,1.0,10,candidate_z,0.15295999999999998,0.7647999999999999,0.3900523354392398,0,-1,nan
S3_transport,F,7,5,1,0,MODEL_INADEQUATE,diagnostic,optimized,160.0,0.5,1.0,1.0,10,candidate_z,0.15492,0.7746,0.3947844414751387,0,-1,nan
S3_transport,F,7,5,1,0,MODEL_INADEQUATE,diagnostic,optimized,160.0,0.5,1.0,1.0,10,candidate_z,0.15688,0.7843999999999999,0.39941422775543955,0,-1,nan
S3_transport,F,7,5,1,0,MODEL_INADEQUATE,diagnostic,optimized,160.0,0.5,1.0,1.0,10,candidate_z,0.15884,0.7942,0.4039386674463934,0,-1,nan
S3_transport,F,7,5,1,0,MODEL_INADEQUATE,diagnostic,optimized,160.0,0.5,1.0,1.0,10,candidate_z,0.1608,0.8039999999999999,0.4083553600998151,0,-1,nan
S3_transport,F,7,5,1,0,MODEL_INADEQUATE,diagnostic,optimized,160.0,0.5,1.0,1.0,10,candidate_z,0.16276,0.8137999999999999,0.41266252588043884,0,-1,nan
S3_transport,F,7,5,1,0,MODEL_INADEQUATE,diagnostic,optimized,160.0,0.5,1.0,1.0,10,candidate_z,0.16472,0.8236,0.41685889538305076,0,-1,nan
S3_transport,F,7,5,1,0,MODEL_INADEQUATE,diagnostic,optimized,160.0,0.5,1.0,1.0,10,candidate_z,0.16668,0.8333999999999999,0.42094368912875524,0,-1,nan
S3_transport,F,7,5,1,0,MODEL_INADEQUATE,diagnostic,optimized,160.0,0.5,1.0,1.0,10,candidate_z,0.16864,0.8432000000000001,0.4249165768093697,0,-1,nan
S3_transport,F,7,5,1,0,MODEL_INADEQUATE,diagnostic,optimized,160.0,0.5,1.0,1.0,10,candidate_z,0.1706,0.853,0.42877758281163736,0,-1,nan
S3_transport,F,7,5,1,0,MODEL_INADEQUATE,diagnostic,optimized,160.0,0.5,1.0,1.0,10,candidate_z,0.17256,0.8627999999999999,0.43252710372695446,0,-1,nan
S3_transport,F,7,5,1,0,MODEL_INADEQUATE,diagnostic,optimized,160.0,0.5,1.0,1.0,10,candidate_z,0.17452,0.8726,0.4361658351205655,0,-1,nan
S3_transport,F,7,5,1,0,MODEL_INADEQUATE,diagnostic,optimized,160.0,0.5,1.0,1.0,10,candidate_z,0.17648,0.8824,0.43969472913647323,1,-1,nan
S3_transport,F,7,5,1,0,MODEL_INADEQUATE,diagnostic,optimized,160.0,0.5,1.0,1.0,10,candidate_z,0.17844,0.8921999999999999,0.44311500255797753,0,-1,nan
S3_transport,F,7,5,1,0,MODEL_INADEQUATE,diagnostic,optimized,160.0,0.5,1.0,1.0,10,candidate_z,0.1804,0.902,0.4464280511397227,0,-1,nan
S3_transport,F,7,5,1,0,MODEL_INADEQUATE,diagnostic,optimized,160.0,0.5,1.0,1.0,10,candidate_z,0.18236,0.9117999999999999,0.4496354668179663,1,-1,nan
S3_transport,F,7,5,1,0,MODEL_INADEQUATE,diagnostic,optimized,160.0,0.5,1.0,1.0,10,candidate_z,0.18431999999999998,0.9215999999999999,0.45273900461829797,0,-1,nan
S3_transport,F,7,5,1,0,MODEL_INADEQUATE,diagnostic,optimized,160.0,0.5,1.0,1.0,10,candidate_z,0.18628,0.9314,0.45574052866212256,0,-1,nan
S3_transport,F,7,5,1,0,MODEL_INADEQUATE,diagnostic,optimized,160.0,0.5,1.0,1.0,10,candidate_z,0.18824,0.9411999999999999,0.458642043074466,1,-1,nan
S3_transport,F,7,5,1,0,MODEL_INADEQUATE,diagnostic,optimized,160.0,0.5,1.0,1.0,10,candidate_z,0.1902,0.951,0.4614456223974024,0,-1,nan
S3_transport,F,7,5,1,0,MODEL_INADEQUATE,diagnostic,optimized,160.0,0.5,1.0,1.0,10,candidate_z,0.19216,0.9608,0.4641534226151265,0,-1,nan
S3_transport,F,7,5,1,0,MODEL_INADEQUATE,diagnostic,optimized,160.0,0.5,1.0,1.0,10,candidate_z,0.19412,0.9705999999999999,0.4667676715162159,1,-1,nan
S3_transport,F,7,5,1,0,MODEL_INADEQUATE,diagnostic,optimized,160.0,0.5,1.0,1.0,10,candidate_z,0.19608,0.9803999999999999,0.46929062427929935,0,-1,nan
S3_transport,F,7,5,1,0,MODEL_INADEQUATE,diagnostic,optimized,160.0,0.5,1.0,1.0,10,candidate_z,0.19804,0.9902,0.47172458893727764,0,-1,nan
S3_transport,F,7,5,1,0,MODEL_INADEQUATE,diagnostic,optimized,160.0,0.5,1.0,1.0,10,candidate_z,0.2,1.0,0.4740718915125903,1,-1,nan
S3_transport,F,7,5,1,0,MODEL_INADEQUATE,diagnostic,optimized,160.0,0.5,1.0,1.0,10,selected_z,0.2,1.0,nan,1,1,0.4740718915125903
S3_transport,F,7,5,1,0,MODEL_INADEQUATE,diagnostic,optimized,160.0,0.5,1.0,1.0,10,selected_z,0.0432,0.216,nan,1,2,0.4522219460574135
S3_transport,F,7,5,1,0,MODEL_INADEQUATE,diagnostic,optimized,160.0,0.5,1.0,1.0,10,selected_z,0.19412,0.9705999999999999,nan,1,3,0.3693881715675147
S3_transport,F,7,5,1,0,MODEL_INADEQUATE,diagnostic,optimized,160.0,0.5,1.0,1.0,10,selected_z,0.04908,0.24539999999999998,nan,1,4,0.3544485439870897
S3_transport,F,7,5,1,0,MODEL_INADEQUATE,diagnostic,optimized,160.0,0.5,1.0,1.0,10,selected_z,0.18824,0.9411999999999999,nan,1,5,0.3039884546933749
S3_transport,F,7,5,1,0,MODEL_INADEQUATE,diagnostic,optimized,160.0,0.5,1.0,1.0,10,selected_z,0.037320000000000006,0.18660000000000002,nan,1,6,0.2948072161669799
S3_transport,F,7,5,1,0,MODEL_INADEQUATE,diagnostic,optimized,160.0,0.5,1.0,1.0,10,selected_z,0.18236,0.9117999999999999,nan,1,7,0.25691126226190164
S3_transport,F,7,5,1,0,MODEL_INADEQUATE,diagnostic,optimized,160.0,0.5,1.0,1.0,10,selected_z,0.054959999999999995,0.27479999999999993,nan,1,8,0.24553789658706648
S3_transport,F,7,5,1,0,MODEL_INADEQUATE,diagnostic,optimized,160.0,0.5,1.0,1.0,10,selected_z,0.17648,0.8824,nan,1,9,0.22272141179766436
S3_transport,F,7,5,1,0,MODEL_INADEQUATE,diagnostic,optimized,160.0,0.5,1.0,1.0,10,selected_z,0.031439999999999996,0.15719999999999998,nan,1,10,0.20431901237022032
S3_transport,F,7,5,1,0,MODEL_INADEQUATE,diagnostic,optimized,160.0,0.5,1.0,1.0,10,final_z,0.034576,0.17288,nan,1,-1,nan
S3_transport,F,7,5,1,0,MODEL_INADEQUATE,diagnostic,optimized,160.0,0.5,1.0,1.0,10,final_z,0.038888000000000006,0.19444000000000003,nan,1,-1,nan
S3_transport,F,7,5,1,0,MODEL_INADEQUATE,diagnostic,optimized,160.0,0.5,1.0,1.0,10,final_z,0.0432,0.216,nan,1,-1,nan
S3_transport,F,7,5,1,0,MODEL_INADEQUATE,diagnostic,optimized,160.0,0.5,1.0,1.0,10,final_z,0.047512,0.23756,nan,1,-1,nan
S3_transport,F,7,5,1,0,MODEL_INADEQUATE,diagnostic,optimized,160.0,0.5,1.0,1.0,10,final_z,0.051823999999999995,0.25911999999999996,nan,1,-1,nan
S3_transport,F,7,5,1,0,MODEL_INADEQUATE,diagnostic,optimized,160.0,0.5,1.0,1.0,10,final_z,0.18039999999999998,0.9019999999999998,nan,1,-1,nan
S3_transport,F,7,5,1,0,MODEL_INADEQUATE,diagnostic,optimized,160.0,0.5,1.0,1.0,10,final_z,0.18627999999999997,0.9313999999999998,nan,1,-1,nan
S3_transport,F,7,5,1,0,MODEL_INADEQUATE,diagnostic,optimized,160.0,0.5,1.0,1.0,10,final_z,0.191376,0.95688,nan,1,-1,nan
S3_transport,F,7,5,1,0,MODEL_INADEQUATE,diagnostic,optimized,160.0,0.5,1.0,1.0,10,final_z,0.19568799999999997,0.9784399999999999,nan,1,-1,nan
S3_transport,F,7,5,1,0,MODEL_INADEQUATE,diagnostic,optimized,160.0,0.5,1.0,1.0,10,final_z,0.2,1.0,nan,1,-1,nan
S3_transport,F,7,5,2,0,MODEL_INADEQUATE,diagnostic,optimized,150.0,0.5,1.0,1.0,10,candidate_z,0.004,0.02,0.008481481305590677,0,-1,nan
S3_transport,F,7,5,2,0,MODEL_INADEQUATE,diagnostic,optimized,150.0,0.5,1.0,1.0,10,candidate_z,0.00596,0.0298,0.01759951265949411,0,-1,nan
S3_transport,F,7,5,2,0,MODEL_INADEQUATE,diagnostic,optimized,150.0,0.5,1.0,1.0,10,candidate_z,0.00792,0.039599999999999996,0.028922238074873263,0,-1,nan
S3_transport,F,7,5,2,0,MODEL_INADEQUATE,diagnostic,optimized,150.0,0.5,1.0,1.0,10,candidate_z,0.00988,0.0494,0.0418868346631065,0,-1,nan
S3_transport,F,7,5,2,0,MODEL_INADEQUATE,diagnostic,optimized,150.0,0.5,1.0,1.0,10,candidate_z,0.01184,0.059199999999999996,0.05606469608020248,0,-1,nan
S3_transport,F,7,5,2,0,MODEL_INADEQUATE,diagnostic,optimized,150.0,0.5,1.0,1.0,10,candidate_z,0.0138,0.06899999999999999,0.07114093877159533,0,-1,nan
S3_transport,F,7,5,2,0,MODEL_INADEQUATE,diagnostic,optimized,150.0,0.5,1.0,1.0,10,candidate_z,0.01576,0.0788,0.08689359728808554,0,-1,nan
S3_transport,F,7,5,2,0,MODEL_INADEQUATE,diagnostic,optimized,150.0,0.5,1.0,1.0,10,candidate_z,0.01772,0.0886,0.10316596064568984,0,-1,nan
S3_transport,F,7,5,2,0,MODEL_INADEQUATE,diagnostic,optimized,150.0,0.5,1.0,1.0,10,candidate_z,0.01968,0.09839999999999999,0.11983680155861265,0,-1,nan
S3_transport,F,7,5,2,0,MODEL_INADEQUATE,diagnostic,optimized,150.0,0.5,1.0,1.0,10,candidate_z,0.02164,0.10819999999999999,0.13679359777978561,0,-1,nan
S3_transport,F,7,5,2,0,MODEL_INADEQUATE,diagnostic,optimized,150.0,0.5,1.0,1.0,10,candidate_z,0.0236,0.118,0.153911224741762,0,-1,nan
S3_transport,F,7,5,2,0,MODEL_INADEQUATE,diagnostic,optimized,150.0,0.5,1.0,1.0,10,candidate_z,0.02556,0.1278,0.17104142194836314,0,-1,nan
S3_transport,F,7,5,2,0,MODEL_INADEQUATE,diagnostic,optimized,150.0,0.5,1.0,1.0,10,candidate_z,0.02752,0.1376,0.1880092331515364,0,-1,nan
S3_transport,F,7,5,2,0,MODEL_INADEQUATE,diagnostic,optimized,150.0,0.5,1.0,1.0,10,candidate_z,0.02948,0.14739999999999998,0.2046178533869174,0,-1,nan
S3_transport,F,7,5,2,0,MODEL_INADEQUATE,diagnostic,optimized,150.0,0.5,1.0,1.0,10,candidate_z,0.031439999999999996,0.15719999999999998,0.22065802758691078,0,-1,nan
S3_transport,F,7,5,2,0,MODEL_INADEQUATE,diagnostic,optimized,150.0,0.5,1.0,1.0,10,candidate_z,0.0334,0.16699999999999998,0.235919908808647,0,-1,nan
S3_transport,F,7,5,2,0,MODEL_INADEQUATE,diagnostic,optimized,150.0,0.5,1.0,1.0,10,candidate_z,0.03536,0.1768,0.2502050756037768,0,-1,nan
S3_transport,F,7,5,2,0,MODEL_INADEQUATE,diagnostic,optimized,150.0,0.5,1.0,1.0,10,candidate_z,0.037320000000000006,0.18660000000000002,0.26333701738288084,0,-1,nan
S3_transport,F,7,5,2,0,MODEL_INADEQUATE,diagnostic,optimized,150.0,0.5,1.0,1.0,10,candidate_z,0.039279999999999995,0.19639999999999996,0.27516905986119156,0,-1,nan
S3_transport,F,7,5,2,0,MODEL_INADEQUATE,diagnostic,optimized,150.0,0.5,1.0,1.0,10,candidate_z,0.04124,0.2062,0.2855893574432642,0,-1,nan
S3_transport,F,7,5,2,0,MODEL_INADEQUATE,diagnostic,optimized,150.0,0.5,1.0,1.0,10,candidate_z,0.0432,0.216,0.2945230690627234,1,-1,nan
S3_transport,F,7,5,2,0,MODEL_INADEQUATE,diagnostic,optimized,150.0,0.5,1.0,1.0,10,candidate_z,0.045160000000000006,0.22580000000000003,0.30193203183972983,0,-1,nan
S3_transport,F,7,5,2,0,MODEL_INADEQUATE,diagnostic,optimized,150.0,0.5,1.0,1.0,10,candidate_z,0.047119999999999995,0.23559999999999998,0.3078126378894943,0,-1,nan
S3_transport,F,7,5,2,0,MODEL_INADEQUATE,diagnostic,optimized,150.0,0.5,1.0,1.0,10,candidate_z,0.04908,0.24539999999999998,0.3121923434511267,1,-1,nan
S3_transport,F,7,5,2,0,MODEL_INADEQUATE,diagnostic,optimized,150.0,0.5,1.0,1.0,10,candidate_z,0.05104,0.2552,0.3151254548773501,0,-1,nan
S3_transport,F,7,5,2,0,MODEL_INADEQUATE,diagnostic,optimized,150.0,0.5,1.0,1.0,10,candidate_z,0.053000000000000005,0.265,0.31668855249544237,0,-1,nan
S3_transport,F,7,5,2,0,MODEL_INADEQUATE,diagnostic,optimized,150.0,0.5,1.0,1.0,10,candidate_z,0.054959999999999995,0.27479999999999993,0.3169759267953758,1,-1,nan
S3_transport,F,7,5,2,0,MODEL_INADEQUATE,diagnostic,optimized,150.0,0.5,1.0,1.0,10,candidate_z,0.05692,0.28459999999999996,0.3160952366758387,0,-1,nan
S3_transport,F,7,5,2,0,MODEL_INADEQUATE,diagnostic,optimized,150.0,0.5,1.0,1.0,10,candidate_z,0.05888,0.2944,0.31416351868892534,0,-1,nan
S3_transport,F,7,5,2,0,MODEL_INADEQUATE,diagnostic,optimized,150.0,0.5,1.0,1.0,10,candidate_z,0.060840000000000005,0.3042,0.3113036564000744,1,-1,nan
S3_transport,F,7,5,2,0,MODEL_INADEQUATE,diagnostic,optimized,150.0,0.5,1.0,1.0,10,candidate_z,0.0628,0.31399999999999995,0.3076412893149403,0,-1,nan
S3_transport,F,7,5,2,0,MODEL_INADEQUATE,diagnostic,optimized,150.0,0.5,1.0,1.0,10,candidate_z,0.06476,0.3238,0.3033022043978306,0,-1,nan
S3_transport,F,7,5,2,0,MODEL_INADEQUATE,diagnostic,optimized,150.0,0.5,1.0,1.0,10,candidate_z,0.06672,0.3336,0.2984101378273536,1,-1,nan
S3_transport,F,7,5,2,0,MODEL_INADEQUATE,diagnostic,optimized,150.0,0.5,1.0,1.0,10,candidate_z,0.06868,0.3434,0.29308498721796283,0,-1,nan
S3_transport,F,7,5,2,0,MODEL_INADEQUATE,diagnostic,optimized,150.0,0.5,1.0,1.0,10,candidate_z,0.07064000000000001,0.3532,0.287441375456833,0,-1,nan
S3_transport,F,7,5,2,0,MODEL_INADEQUATE,diagnostic,optimized,150.0,0.5,1.0,1.0,10,candidate_z,0.0726,0.363,0.28158755441052463,0,-1,nan
S3_transport,F,7,5,2,0,MODEL_INADEQUATE,diagnostic,optimized,150.0,0.5,1.0,1.0,10,candidate_z,0.07456,0.37279999999999996,0.275624545103625,0,-1,nan
S3_transport,F,7,5,2,0,MODEL_INADEQUATE,diagnostic,optimized,150.0,0.5,1.0,1.0,10,candidate_z,0.07652,0.3826,0.2696454616841244,0,-1,nan
S3_transport,F,7,5,2,0,MODEL_INADEQUATE,diagnostic,optimized,150.0,0.5,1.0,1.0,10,candidate_z,0.07848,0.39239999999999997,0.26373520625578095,0,-1,nan
S3_transport,F,7,5,2,0,MODEL_INADEQUATE,diagnostic,optimized,150.0,0.5,1.0,1.0,10,candidate_z,0.08044,0.40219999999999995,0.2579702690564254,0,-1,nan
S3_transport,F,7,5,2,0,MODEL_INADEQUATE,diagnostic,optimized,150.0,0.5,1.0,1.0,10,candidate_z,0.0824,0.412,0.25241865735746316,0,-1,nan
S3_transport,F,7,5,2,0,MODEL_INADEQUATE,diagnostic,optimized,150.0,0.5,1.0,1.0,10,candidate_z,0.08436,0.4218,0.24713991729657536,0,-1,nan
S3_transport,F,7,5,2,0,MODEL_INADEQUATE,diagnostic,optimized,150.0,0.5,1.0,1.0,10,candidate_z,0.08632000000000001,0.43160000000000004,0.2421853450169813,0,-1,nan
S3_transport,F,7,5,2,0,MODEL_INADEQUATE,diagnostic,optimized,150.0,0.5,1.0,1.0,10,candidate_z,0.08828,0.44139999999999996,0.23759834150776626,0,-1,nan
S3_transport,F,7,5,2,0,MODEL_INADEQUATE,diagnostic,optimized,150.0,0.5,1.0,1.0,10,candidate_z,0.09024,0.4512,0.23341466713771908,0,-1,nan
S3_transport,F,7,5,2,0,MODEL_INADEQUATE,diagnostic,optimized,150.0,0.5,1.0,1.0,10,candidate_z,0.0922,0.461,0.22966289765810544,0,-1,nan
S3_transport,F,7,5,2,0,MODEL_INADEQUATE,diagnostic,optimized,150.0,0.5,1.0,1.0,10,candidate_z,0.09416,0.47079999999999994,0.22636491080375976,0,-1,nan
S3_transport,F,7,5,2,0,MODEL_INADEQUATE,diagnostic,optimized,150.0,0.5,1.0,1.0,10,candidate_z,0.09612,0.48059999999999997,0.2235363472738321,0,-1,nan
S3_transport,F,7,5,2,0,MODEL_INADEQUATE,diagnostic,optimized,150.0,0.5,1.0,1.0,10,candidate_z,0.09808,0.4904,0.2211871416038278,0,-1,nan
S3_transport,F,7,5,2,0,MODEL_INADEQUATE,diagnostic,optimized,150.0,0.5,1.0,1.0,10,candidate_z,0.10004,0.5002,0.21932206454770764,0,-1,nan
S3_transport,F,7,5,2,0,MODEL_INADEQUATE,diagnostic,optimized,150.0,0.5,1.0,1.0,10,candidate_z,0.10200000000000001,0.51,0.21794121232111863,0,-1,nan
S3_transport,F,7,5,2,0,MODEL_INADEQUATE,diagnostic,optimized,150.0,0.5,1.0,1.0,10,candidate_z,0.10396,0.5197999999999999,0.21703759588617189,0,-1,nan
S3_transport,F,7,5,2,0,MODEL_INADEQUATE,diagnostic,optimized,150.0,0.5,1.0,1.0,10,candidate_z,0.10592,0.5296,0.21660678355569374,0,-1,nan
S3_transport,F,7,5,2,0,MODEL_INADEQUATE,diagnostic,optimized,150.0,0.5,1.0,1.0,10,candidate_z,0.10788,0.5394,0.21663785652940604,0,-1,nan
S3_transport,F,7,5,2,0,MODEL_INADEQUATE,diagnostic,optimized,150.0,0.5,1.0,1.0,10,candidate_z,0.10984,0.5491999999999999,0.21711722595509642,0,-1,nan
S3_transport,F,7,5,2,0,MODEL_INADEQUATE,diagnostic,optimized,150.0,0.5,1.0,1.0,10,candidate_z,0.1118,0.5589999999999999,0.21802906795541332,0,-1,nan
S3_transport,F,7,5,2,0,MODEL_INADEQUATE,diagnostic,optimized,150.0,0.5,1.0,1.0,10,candidate_z,0.11376,0.5688,0.21935571038111235,0,-1,nan
S3_transport,F,7,5,2,0,MODEL_INADEQUATE,diagnostic,optimized,150.0,0.5,1.0,1.0,10,candidate_z,0.11572,0.5786,0.22107801954874517,0,-1,nan
S3_transport,F,7,5,2,0,MODEL_INADEQUATE,diagnostic,optimized,150.0,0.5,1.0,1.0,10,candidate_z,0.11768,0.5884,0.22317572291733256,0,-1,nan
S3_transport,F,7,5,2,0,MODEL_INADEQUATE,diagnostic,optimized,150.0,0.5,1.0,1.0,10,candidate_z,0.11964,0.5982,0.2256277279211787,0,-1,nan
S3_transport,F,7,5,2,0,MODEL_INADEQUATE,diagnostic,optimized,150.0,0.5,1.0,1.0,10,candidate_z,0.1216,0.608,0.2284123955496753,0,-1,nan
S3_transport,F,7,5,2,0,MODEL_INADEQUATE,diagnostic,optimized,150.0,0.5,1.0,1.0,10,candidate_z,0.12356,0.6178,0.23150778243528336,0,-1,nan
S3_transport,F,7,5,2,0,MODEL_INADEQUATE,diagnostic,optimized,150.0,0.5,1.0,1.0,10,candidate_z,0.12552,0.6275999999999999,0.2348918354220224,0,-1,nan
S3_transport,F,7,5,2,0,MODEL_INADEQUATE,diagnostic,optimized,150.0,0.5,1.0,1.0,10,candidate_z,0.12747999999999998,0.6373999999999999,0.23854261111651098,0,-1,nan
S3_transport,F,7,5,2,0,MODEL_INADEQUATE,diagnostic,optimized,150.0,0.5,1.0,1.0,10,candidate_z,0.12944,0.6472,0.24243842600252563,0,-1,nan
S3_transport,F,7,5,2,0,MODEL_INADEQUATE,diagnostic,optimized,150.0,0.5,1.0,1.0,10,candidate_z,0.1314,0.6569999999999999,0.24655796934933605,0,-1,nan
S3_transport,F,7,5,2,0,MODEL_INADEQUATE,diagnostic,optimized,150.0,0.5,1.0,1.0,10,candidate_z,0.13336,0.6668,0.25088045210834053,0,-1,nan
S3_transport,F,7,5,2,0,MODEL_INADEQUATE,diagnostic,optimized,150.0,0.5,1.0,1.0,10,candidate_z,0.13532,0.6766,0.25538569806208855,0,-1,nan
S3_transport,F,7,5,2,0,MODEL_INADEQUATE,diagnostic,optimized,150.0,0.5,1.0,1.0,10,candidate_z,0.13728,0.6864,0.2600541849277853,0,-1,nan
S3_transport,F,7,5,2,0,MODEL_INADEQUATE,diagnostic,optimized,150.0,0.5,1.0,1.0,10,candidate_z,0.13924,0.6961999999999999,0.26486714136103373,0,-1,nan
S3_transport,F,7,5,2,0,MODEL_INADEQUATE,diagnostic,optimized,150.0,0.5,1.0,1.0,10,candidate_z,0.1412,0.706,0.2698065938838887,0,-1,nan
S3_transport,F,7,5,2,0,MODEL_INADEQUATE,diagnostic,optimized,150.0,0.5,1.0,1.0,10,candidate_z,0.14316,0.7158,0.2748553748565037,0,-1,nan
S3_transport,F,7,5,2,0,MODEL_INADEQUATE,diagnostic,optimized,150.0,0.5,1.0,1.0,10,candidate_z,0.14512,0.7255999999999999,0.2799971500510452,0,-1,nan
S3_transport,F,7,5,2,0,MODEL_INADEQUATE,diagnostic,optimized,150.0,0.5,1.0,1.0,10,candidate_z,0.14708,0.7353999999999999,0.28521645051834454,0,-1,nan
S3_transport,F,7,5,2,0,MODEL_INADEQUATE,diagnostic,optimized,150.0,0.5,1.0,1.0,10,candidate_z,0.14904,0.7452,0.2904986651527999,0,-1,nan
S3_transport,F,7,5,2,0,MODEL_INADEQUATE,diagnostic,optimized,150.0,0.5,1.0,1.0,10,candidate_z,0.151,0.7549999999999999,0.2958300197633399,0,-1,nan
S3_transport,F,7,5,2,0,MODEL_INADEQUATE,diagnostic,optimized,150.0,0.5,1.0,1.0,10,candidate_z,0.15295999999999998,0.7647999999999999,0.30119759024935533,0,-1,nan
S3_transport,F,7,5,2,0,MODEL_INADEQUATE,diagnostic,optimized,150.0,0.5,1.0,1.0,10,candidate_z,0.15492,0.7746,0.3065892938321255,0,-1,nan
S3_transport,F,7,5,2,0,MODEL_INADEQUATE,diagnostic,optimized,150.0,0.5,1.0,1.0,10,candidate_z,0.15688,0.7843999999999999,0.31199383783106427,0,-1,nan
S3_transport,F,7,5,2,0,MODEL_INADEQUATE,diagnostic,optimized,150.0,0.5,1.0,1.0,10,candidate_z,0.15884,0.7942,0.31740071471099185,0,-1,nan
S3_transport,F,7,5,2,0,MODEL_INADEQUATE,diagnostic,optimized,150.0,0.5,1.0,1.0,10,candidate_z,0.1608,0.8039999999999999,0.3228001991297944,0,-1,nan
S3_transport,F,7,5,2,0,MODEL_INADEQUATE,diagnostic,optimized,150.0,0.5,1.0,1.0,10,candidate_z,0.16276,0.8137999999999999,0.32818328493497617,0,-1,nan
S3_transport,F,7,5,2,0,MODEL_INADEQUATE,diagnostic,optimized,150.0,0.5,1.0,1.0,10,candidate_z,0.16472,0.8236,0.3335416630782362,0,-1,nan
S3_transport,F,7,5,2,0,MODEL_INADEQUATE,diagnostic,optimized,150.0,0.5,1.0,1.0,10,candidate_z,0.16668,0.8333999999999999,0.338867719454381,0,-1,nan
S3_transport,F,7,5,2,0,MODEL_INADEQUATE,diagnostic,optimized,150.0,0.5,1.0,1.0,10,candidate_z,0.16864,0.8432000000000001,0.3441544799522127,0,-1,nan
S3_transport,F,7,5,2,0,MODEL_INADEQUATE,diagnostic,optimized,150.0,0.5,1.0,1.0,10,candidate_z,0.1706,0.853,0.3493955749176969,0,-1,nan
S3_transport,F,7,5,2,0,MODEL_INADEQUATE,diagnostic,optimized,150.0,0.5,1.0,1.0,10,candidate_z,0.17256,0.8627999999999999,0.35458522184994834,0,-1,nan
S3_transport,F,7,5,2,0,MODEL_INADEQUATE,diagnostic,optimized,150.0,0.5,1.0,1.0,10,candidate_z,0.17452,0.8726,0.35971820228517615,0,-1,nan
S3_transport,F,7,5,2,0,MODEL_INADEQUATE,diagnostic,optimized,150.0,0.5,1.0,1.0,10,candidate_z,0.17648,0.8824,0.36478981011420686,1,-1,nan
S3_transport,F,7,5,2,0,MODEL_INADEQUATE,diagnostic,optimized,150.0,0.5,1.0,1.0,10,candidate_z,0.17844,0.8921999999999999,0.36979582448642034,0,-1,nan
S3_transport,F,7,5,2,0,MODEL_INADEQUATE,diagnostic,optimized,150.0,0.5,1.0,1.0,10,candidate_z,0.1804,0.902,0.3747325066882006,0,-1,nan
S3_transport,F,7,5,2,0,MODEL_INADEQUATE,diagnostic,optimized,150.0,0.5,1.0,1.0,10,candidate_z,0.18236,0.9117999999999999,0.37959654658542874,1,-1,nan
S3_transport,F,7,5,2,0,MODEL_INADEQUATE,diagnostic,optimized,150.0,0.5,1.0,1.0,10,candidate_z,0.18431999999999998,0.9215999999999999,0.3843850286255659,0,-1,nan
S3_transport,F,7,5,2,0,MODEL_INADEQUATE,diagnostic,optimized,150.0,0.5,1.0,1.0,10,candidate_z,0.18628,0.9314,0.3890954387491412,0,-1,nan
S3_transport,F,7,5,2,0,MODEL_INADEQUATE,diagnostic,optimized,150.0,0.5,1.0,1.0,10,candidate_z,0.18824,0.9411999999999999,0.3937256153010047,1,-1,nan
S3_transport,F,7,5,2,0,MODEL_INADEQUATE,diagnostic,optimized,150.0,0.5,1.0,1.0,10,candidate_z,0.1902,0.951,0.39827371815698953,0,-1,nan
S3_transport,F,7,5,2,0,MODEL_INADEQUATE,diagnostic,optimized,150.0,0.5,1.0,1.0,10,candidate_z,0.19216,0.9608,0.4027382246367104,0,-1,nan
S3_transport,F,7,5,2,0,MODEL_INADEQUATE,diagnostic,optimized,150.0,0.5,1.0,1.0,10,candidate_z,0.19412,0.9705999999999999,0.40711790473921283,1,-1,nan
S3_transport,F,7,5,2,0,MODEL_INADEQUATE,diagnostic,optimized,150.0,0.5,1.0,1.0,10,candidate_z,0.19608,0.9803999999999999,0.4114117903308987,0,-1,nan
S3_transport,F,7,5,2,0,MODEL_INADEQUATE,diagnostic,optimized,150.0,0.5,1.0,1.0,10,candidate_z,0.19804,0.9902,0.4156191427027558,0,-1,nan
S3_transport,F,7,5,2,0,MODEL_INADEQUATE,diagnostic,optimized,150.0,0.5,1.0,1.0,10,candidate_z,0.2,1.0,0.4197394691973315,1,-1,nan
S3_transport,F,7,5,2,0,MODEL_INADEQUATE,diagnostic,optimized,150.0,0.5,1.0,1.0,10,selected_z,0.2,1.0,nan,1,1,0.4197394691973315
S3_transport,F,7,5,2,0,MODEL_INADEQUATE,diagnostic,optimized,150.0,0.5,1.0,1.0,10,selected_z,0.19412,0.9705999999999999,nan,1,2,0.3353566713781575
S3_transport,F,7,5,2,0,MODEL_INADEQUATE,diagnostic,optimized,150.0,0.5,1.0,1.0,10,selected_z,0.054959999999999995,0.27479999999999993,nan,1,3,0.31427997186038326
S3_transport,F,7,5,2,0,MODEL_INADEQUATE,diagnostic,optimized,150.0,0.5,1.0,1.0,10,selected_z,0.18824,0.9411999999999999,nan,1,4,0.2767927036178861
S3_transport,F,7,5,2,0,MODEL_INADEQUATE,diagnostic,optimized,150.0,0.5,1.0,1.0,10,selected_z,0.060840000000000005,0.3042,nan,1,5,0.26632615578563446
S3_transport,F,7,5,2,0,MODEL_INADEQUATE,diagnostic,optimized,150.0,0.5,1.0,1.0,10,selected_z,0.18236,0.9117999999999999,nan,1,6,0.23433614657199797
S3_transport,F,7,5,2,0,MODEL_INADEQUATE,diagnostic,optimized,150.0,0.5,1.0,1.0,10,selected_z,0.04908,0.24539999999999998,nan,1,7,0.2320902359756154
S3_transport,F,7,5,2,0,MODEL_INADEQUATE,diagnostic,optimized,150.0,0.5,1.0,1.0,10,selected_z,0.06672,0.3336,nan,1,8,0.20165925349584057
S3_transport,F,7,5,2,0,MODEL_INADEQUATE,diagnostic,optimized,150.0,0.5,1.0,1.0,10,selected_z,0.17648,0.8824,nan,1,9,0.20132562924916186
S3_transport,F,7,5,2,0,MODEL_INADEQUATE,diagnostic,optimized,150.0,0.5,1.0,1.0,10,selected_z,0.0432,0.216,nan,1,10,0.1772431015980409
S3_transport,F,7,5,2,0,MODEL_INADEQUATE,diagnostic,optimized,150.0,0.5,1.0,1.0,10,final_z,0.04633600000000001,0.23168000000000002,nan,1,-1,nan
S3_transport,F,7,5,2,0,MODEL_INADEQUATE,diagnostic,optimized,150.0,0.5,1.0,1.0,10,final_z,0.050648,0.25323999999999997,nan,1,-1,nan
S3_transport,F,7,5,2,0,MODEL_INADEQUATE,diagnostic,optimized,150.0,0.5,1.0,1.0,10,final_z,0.054959999999999995,0.27479999999999993,nan,1,-1,nan
S3_transport,F,7,5,2,0,MODEL_INADEQUATE,diagnostic,optimized,150.0,0.5,1.0,1.0,10,final_z,0.059272000000000005,0.29636,nan,1,-1,nan
S3_transport,F,7,5,2,0,MODEL_INADEQUATE,diagnostic,optimized,150.0,0.5,1.0,1.0,10,final_z,0.063584,0.31792,nan,1,-1,nan
S3_transport,F,7,5,2,0,MODEL_INADEQUATE,diagnostic,optimized,150.0,0.5,1.0,1.0,10,final_z,0.18039999999999998,0.9019999999999998,nan,1,-1,nan
S3_transport,F,7,5,2,0,MODEL_INADEQUATE,diagnostic,optimized,150.0,0.5,1.0,1.0,10,final_z,0.18627999999999997,0.9313999999999998,nan,1,-1,nan
S3_transport,F,7,5,2,0,MODEL_INADEQUATE,diagnostic,optimized,150.0,0.5,1.0,1.0,10,final_z,0.191376,0.95688,nan,1,-1,nan
S3_transport,F,7,5,2,0,MODEL_INADEQUATE,diagnostic,optimized,150.0,0.5,1.0,1.0,10,final_z,0.19568799999999997,0.9784399999999999,nan,1,-1,nan
S3_transport,F,7,5,2,0,MODEL_INADEQUATE,diagnostic,optimized,150.0,0.5,1.0,1.0,10,final_z,0.2,1.0,nan,1,-1,nan
S3_transport,F,7,5,3,1,MODEL_INADEQUATE,diagnostic,optimized,160.0,0.5,1.0,0.5,10,candidate_z,0.004,0.02,0.004921550671120656,0,-1,nan
S3_transport,F,7,5,3,1,MODEL_INADEQUATE,diagnostic,optimized,160.0,0.5,1.0,0.5,10,candidate_z,0.00596,0.0298,0.010497081588781043,0,-1,nan
S3_transport,F,7,5,3,1,MODEL_INADEQUATE,diagnostic,optimized,160.0,0.5,1.0,0.5,10,candidate_z,0.00792,0.039599999999999996,0.01771420421066594,0,-1,nan
S3_transport,F,7,5,3,1,MODEL_INADEQUATE,diagnostic,optimized,160.0,0.5,1.0,0.5,10,candidate_z,0.00988,0.0494,0.0263190278251777,0,-1,nan
S3_transport,F,7,5,3,1,MODEL_INADEQUATE,diagnostic,optimized,160.0,0.5,1.0,0.5,10,candidate_z,0.01184,0.059199999999999996,0.03610584752581758,0,-1,nan
S3_transport,F,7,5,3,1,MODEL_INADEQUATE,diagnostic,optimized,160.0,0.5,1.0,0.5,10,candidate_z,0.0138,0.06899999999999999,0.04690667176008745,0,-1,nan
S3_transport,F,7,5,3,1,MODEL_INADEQUATE,diagnostic,optimized,160.0,0.5,1.0,0.5,10,candidate_z,0.01576,0.0788,0.05858431316642765,0,-1,nan
S3_transport,F,7,5,3,1,MODEL_INADEQUATE,diagnostic,optimized,160.0,0.5,1.0,0.5,10,candidate_z,0.01772,0.0886,0.07102807816144363,0,-1,nan
S3_transport,F,7,5,3,1,MODEL_INADEQUATE,diagnostic,optimized,160.0,0.5,1.0,0.5,10,candidate_z,0.01968,0.09839999999999999,0.08414960229219659,0,-1,nan
S3_transport,F,7,5,3,1,MODEL_INADEQUATE,diagnostic,optimized,160.0,0.5,1.0,0.5,10,candidate_z,0.02164,0.10819999999999999,0.09787839967291845,0,-1,nan
S3_transport,F,7,5,3,1,MODEL_INADEQUATE,diagnostic,optimized,160.0,0.5,1.0,0.5,10,candidate_z,0.0236,0.118,0.11215686259167512,0,-1,nan
S3_transport,F,7,5,3,1,MODEL_INADEQUATE,diagnostic,optimized,160.0,0.5,1.0,0.5,10,candidate_z,0.02556,0.1278,0.12693503356442548,0,-1,nan
S3_transport,F,7,5,3,1,MODEL_INADEQUATE,diagnostic,optimized,160.0,0.5,1.0,0.5,10,candidate_z,0.02752,0.1376,0.14216557900970983,0,-1,nan
S3_transport,F,7,5,3,1,MODEL_INADEQUATE,diagnostic,optimized,160.0,0.5,1.0,0.5,10,candidate_z,0.02948,0.14739999999999998,0.15779937072830208,0,-1,nan
S3_transport,F,7,5,3,1,MODEL_INADEQUATE,diagnostic,optimized,160.0,0.5,1.0,0.5,10,candidate_z,0.031439999999999996,0.15719999999999998,0.17378198830462566,0,-1,nan
S3_transport,F,7,5,3,1,MODEL_INADEQUATE,diagnostic,optimized,160.0,0.5,1.0,0.5,10,candidate_z,0.0334,0.16699999999999998,0.19005132053128548,0,-1,nan
S3_transport,F,7,5,3,1,MODEL_INADEQUATE,diagnostic,optimized,160.0,0.5,1.0,0.5,10,candidate_z,0.03536,0.1768,0.20653633424849005,0,-1,nan
S3_transport,F,7,5,3,1,MODEL_INADEQUATE,diagnostic,optimized,160.0,0.5,1.0,0.5,10,candidate_z,0.037320000000000006,0.18660000000000002,0.2231569579433348,0,-1,nan
S3_transport,F,7,5,3,1,MODEL_INADEQUATE,diagnostic,optimized,160.0,0.5,1.0,0.5,10,candidate_z,0.039279999999999995,0.19639999999999996,0.23982492746875295,0,-1,nan
S3_transport,F,7,5,3,1,MODEL_INADEQUATE,diagnostic,optimized,160.0,0.5,1.0,0.5,10,candidate_z,0.04124,0.2062,0.25644541852204483,0,-1,nan
S3_transport,F,7,5,3,1,MODEL_INADEQUATE,diagnostic,optimized,160.0,0.5,1.0,0.5,10,candidate_z,0.0432,0.216,0.2729192022045943,0,-1,nan
S3_transport,F,7,5,3,1,MODEL_INADEQUATE,diagnostic,optimized,160.0,0.5,1.0,0.5,10,candidate_z,0.045160000000000006,0.22580000000000003,0.28914512221928135,0,-1,nan
S3_transport,F,7,5,3,1,MODEL_INADEQUATE,diagnostic,optimized,160.0,0.5,1.0,0.5,10,candidate_z,0.047119999999999995,0.23559999999999998,0.3050226429415126,0,-1,nan
S3_transport,F,7,5,3,1,MODEL_INADEQUATE,diagnostic,optimized,160.0,0.5,1.0,0.5,10,candidate_z,0.04908,0.24539999999999998,0.32045431167908234,0,-1,nan
S3_transport,F,7,5,3,1,MODEL_INADEQUATE,diagnostic,optimized,160.0,0.5,1.0,0.5,10,candidate_z,0.05104,0.2552,0.3353479679784961,0,-1,nan
S3_transport,F,7,5,3,1,MODEL_INADEQUATE,diagnostic,optimized,160.0,0.5,1.0,0.5,10,candidate_z,0.053000000000000005,0.265,0.34961861993139465,0,-1,nan
S3_transport,F,7,5,3,1,MODEL_INADEQUATE,diagnostic,optimized,160.0,0.5,1.0,0.5,10,candidate_z,0.054959999999999995,0.27479999999999993,0.36318992187527854,0,-1,nan
S3_transport,F,7,5,3,1,MODEL_INADEQUATE,diagnostic,optimized,160.0,0.5,1.0,0.5,10,candidate_z,0.05692,0.28459999999999996,0.37599523386917255,0,-1,nan
S3_transport,F,7,5,3,1,MODEL_INADEQUATE,diagnostic,optimized,160.0,0.5,1.0,0.5,10,candidate_z,0.05888,0.2944,0.38797828551601654,0,-1,nan
S3_transport,F,7,5,3,1,MODEL_INADEQUATE,diagnostic,optimized,160.0,0.5,1.0,0.5,10,candidate_z,0.060840000000000005,0.3042,0.3990934653679865,0,-1,nan
S3_transport,F,7,5,3,1,MODEL_INADEQUATE,diagnostic,optimized,160.0,0.5,1.0,0.5,10,candidate_z,0.0628,0.31399999999999995,0.40930579988975424,0,-1,nan
S3_transport,F,7,5,3,1,MODEL_INADEQUATE,diagnostic,optimized,160.0,0.5,1.0,0.5,10,candidate_z,0.06476,0.3238,0.41859065019817265,0,-1,nan
S3_transport,F,7,5,3,1,MODEL_INADEQUATE,diagnostic,optimized,160.0,0.5,1.0,0.5,10,candidate_z,0.06672,0.3336,0.4269331956753284,1,-1,nan
S3_transport,F,7,5,3,1,MODEL_INADEQUATE,diagnostic,optimized,160.0,0.5,1.0,0.5,10,candidate_z,0.06868,0.3434,0.43432778464282507,0,-1,nan
S3_transport,F,7,5,3,1,MODEL_INADEQUATE,diagnostic,optimized,160.0,0.5,1.0,0.5,10,candidate_z,0.07064000000000001,0.3532,0.44077717513849635,0,-1,nan
S3_transport,F,7,5,3,1,MODEL_INADEQUATE,diagnostic,optimized,160.0,0.5,1.0,0.5,10,candidate_z,0.0726,0.363,0.446291705941281,1,-1,nan
S3_transport,F,7,5,3,1,MODEL_INADEQUATE,diagnostic,optimized,160.0,0.5,1.0,0.5,10,candidate_z,0.07456,0.37279999999999996,0.45088842821704134,0,-1,nan
S3_transport,F,7,5,3,1,MODEL_INADEQUATE,diagnostic,optimized,160.0,0.5,1.0,0.5,10,candidate_z,0.07652,0.3826,0.4545902422092034,0,-1,nan
S3_transport,F,7,5,3,1,MODEL_INADEQUATE,diagnostic,optimized,160.0,0.5,1.0,0.5,10,candidate_z,0.07848,0.39239999999999997,0.4574250962568982,1,-1,nan
S3_transport,F,7,5,3,1,MODEL_INADEQUATE,diagnostic,optimized,160.0,0.5,1.0,0.5,10,candidate_z,0.08044,0.40219999999999995,0.4594251807942662,0,-1,nan
S3_transport,F,7,5,3,1,MODEL_INADEQUATE,diagnostic,optimized,160.0,0.5,1.0,0.5,10,candidate_z,0.0824,0.412,0.4606261688582869,0,-1,nan
S3_transport,F,7,5,3,1,MODEL_INADEQUATE,diagnostic,optimized,160.0,0.5,1.0,0.5,10,candidate_z,0.08436,0.4218,0.4610665559392082,1,-1,nan
S3_transport,F,7,5,3,1,MODEL_INADEQUATE,diagnostic,optimized,160.0,0.5,1.0,0.5,10,candidate_z,0.08632000000000001,0.43160000000000004,0.4607870286829545,0,-1,nan
S3_transport,F,7,5,3,1,MODEL_INADEQUATE,diagnostic,optimized,160.0,0.5,1.0,0.5,10,candidate_z,0.08828,0.44139999999999996,0.4598298946029651,0,-1,nan
S3_transport,F,7,5,3,1,MODEL_INADEQUATE,diagnostic,optimized,160.0,0.5,1.0,0.5,10,candidate_z,0.09024,0.4512,0.4582385849223165,1,-1,nan
S3_transport,F,7,5,3,1,MODEL_INADEQUATE,diagnostic,optimized,160.0,0.5,1.0,0.5,10,candidate_z,0.0922,0.461,0.45605720597840715,0,-1,nan
S3_transport,F,7,5,3,1,MODEL_INADEQUATE,diagnostic,optimized,160.0,0.5,1.0,0.5,10,candidate_z,0.09416,0.47079999999999994,0.4533301441609048,0,-1,nan
S3_transport,F,7,5,3,1,MODEL_INADEQUATE,diagnostic,optimized,160.0,0.5,1.0,0.5,10,candidate_z,0.09612,0.48059999999999997,0.45010172258583125,1,-1,nan
S3_transport,F,7,5,3,1,MODEL_INADEQUATE,diagnostic,optimized,160.0,0.5,1.0,0.5,10,candidate_z,0.09808,0.4904,0.4464159010012203,0,-1,nan
S3_transport,F,7,5,3,1,MODEL_INADEQUATE,diagnostic,optimized,160.0,0.5,1.0,0.5,10,candidate_z,0.10004,0.5002,0.4423160224536069,0,-1,nan
S3_transport,F,7,5,3,1,MODEL_INADEQUATE,diagnostic,optimized,160.0,0.5,1.0,0.5,10,candidate_z,0.10200000000000001,0.51,0.43784459000560005,1,-1,nan
S3_transport,F,7,5,3,1,MODEL_INADEQUATE,diagnostic,optimized,160.0,0.5,1.0,0.5,10,candidate_z,0.10396,0.5197999999999999,0.4330335500920235,0,-1,nan
S3_transport,F,7,5,3,1,MODEL_INADEQUATE,diagnostic,optimized,160.0,0.5,1.0,0.5,10,candidate_z,0.10592,0.5296,0.42793377526603393,0,-1,nan
S3_transport,F,7,5,3,1,MODEL_INADEQUATE,diagnostic,optimized,160.0,0.5,1.0,0.5,10,candidate_z,0.10788,0.5394,0.4225842009581662,0,-1,nan
S3_transport,F,7,5,3,1,MODEL_INADEQUATE,diagnostic,optimized,160.0,0.5,1.0,0.5,10,candidate_z,0.10984,0.5491999999999999,0.41702233583077586,0,-1,nan
S3_transport,F,7,5,3,1,MODEL_INADEQUATE,diagnostic,optimized,160.0,0.5,1.0,0.5,10,candidate_z,0.1118,0.5589999999999999,0.4112841823067406,0,-1,nan
S3_transport,F,7,5,3,1,MODEL_INADEQUATE,diagnostic,optimized,160.0,0.5,1.0,0.5,10,candidate_z,0.11376,0.5688,0.4054041655361651,0,-1,nan
S3_transport,F,7,5,3,1,MODEL_INADEQUATE,diagnostic,optimized,160.0,0.5,1.0,0.5,10,candidate_z,0.11572,0.5786,0.3994150843063231,0,-1,nan
S3_transport,F,7,5,3,1,MODEL_INADEQUATE,diagnostic,optimized,160.0,0.5,1.0,0.5,10,candidate_z,0.11768,0.5884,0.3933480755747176,0,-1,nan
S3_transport,F,7,5,3,1,MODEL_INADEQUATE,diagnostic,optimized,160.0,0.5,1.0,0.5,10,candidate_z,0.11964,0.5982,0.38723257081248974,0,-1,nan
S3_transport,F,7,5,3,1,MODEL_INADEQUATE,diagnostic,optimized,160.0,0.5,1.0,0.5,10,candidate_z,0.1216,0.608,0.38109632727084986,0,-1,nan
S3_transport,F,7,5,3,1,MODEL_INADEQUATE,diagnostic,optimized,160.0,0.5,1.0,0.5,10,candidate_z,0.12356,0.6178,0.3749653984622334,0,-1,nan
S3_transport,F,7,5,3,1,MODEL_INADEQUATE,diagnostic,optimized,160.0,0.5,1.0,0.5,10,candidate_z,0.12552,0.6275999999999999,0.3688641456203037,0,-1,nan
S3_transport,F,7,5,3,1,MODEL_INADEQUATE,diagnostic,optimized,160.0,0.5,1.0,0.5,10,candidate_z,0.12747999999999998,0.6373999999999999,0.36281525537166814,0,-1,nan
S3_transport,F,7,5,3,1,MODEL_INADEQUATE,diagnostic,optimized,160.0,0.5,1.0,0.5,10,candidate_z,0.12944,0.6472,0.35683975085281716,0,-1,nan
S3_transport,F,7,5,3,1,MODEL_INADEQUATE,diagnostic,optimized,160.0,0.5,1.0,0.5,10,candidate_z,0.1314,0.6569999999999999,0.35095703789003707,0,-1,nan
S3_transport,F,7,5,3,1,MODEL_INADEQUATE,diagnostic,optimized,160.0,0.5,1.0,0.5,10,candidate_z,0.13336,0.6668,0.3451849374778,0,-1,nan
S3_transport,F,7,5,3,1,MODEL_INADEQUATE,diagnostic,optimized,160.0,0.5,1.0,0.5,10,candidate_z,0.13532,0.6766,0.3395397196619534,0,-1,nan
S3_transport,F,7,5,3,1,MODEL_INADEQUATE,diagnostic,optimized,160.0,0.5,1.0,0.5,10,candidate_z,0.13728,0.6864,0.3340361483262484,0,-1,nan
S3_transport,F,7,5,3,1,MODEL_INADEQUATE,diagnostic,optimized,160.0,0.5,1.0,0.5,10,candidate_z,0.13924,0.6961999999999999,0.32868753257634253,0,-1,nan
S3_transport,F,7,5,3,1,MODEL_INADEQUATE,diagnostic,optimized,160.0,0.5,1.0,0.5,10,candidate_z,0.1412,0.706,0.3235057740078311,0,-1,nan
S3_transport,F,7,5,3,1,MODEL_INADEQUATE,diagnostic,optimized,160.0,0.5,1.0,0.5,10,candidate_z,0.14316,0.7158,0.3185014163058746,0,-1,nan
S3_transport,F,7,5,3,1,MODEL_INADEQUATE,diagnostic,optimized,160.0,0.5,1.0,0.5,10,candidate_z,0.14512,0.7255999999999999,0.31368370415566815,0,-1,nan
S3_transport,F,7,5,3,1,MODEL_INADEQUATE,diagnostic,optimized,160.0,0.5,1.0,0.5,10,candidate_z,0.14708,0.7353999999999999,0.3090606410371315,0,-1,nan
S3_transport,F,7,5,3,1,MODEL_INADEQUATE,diagnostic,optimized,160.0,0.5,1.0,0.5,10,candidate_z,0.14904,0.7452,0.30463905180132755,0,-1,nan
S3_transport,F,7,5,3,1,MODEL_INADEQUATE,diagnostic,optimized,160.0,0.5,1.0,0.5,10,candidate_z,0.151,0.7549999999999999,0.30042465017297815,0,-1,nan
S3_transport,F,7,5,3,1,MODEL_INADEQUATE,diagnostic,optimized,160.0,0.5,1.0,0.5,10,candidate_z,0.15295999999999998,0.7647999999999999,0.2964220723741242,0,-1,nan
S3_transport,F,7,5,3,1,MODEL_INADEQUATE,diagnostic,optimized,160.0,0.5,1.0,0.5,10,candidate_z,0.15492,0.7746,0.2926349379513944,0,-1,nan
S3_transport,F,7,5,3,1,MODEL_INADEQUATE,diagnostic,optimized,160.0,0.5,1.0,0.5,10,candidate_z,0.15688,0.7843999999999999,0.28906592817554966,0,-1,nan
S3_transport,F,7,5,3,1,MODEL_INADEQUATE,diagnostic,optimized,160.0,0.5,1.0,0.5,10,candidate_z,0.15884,0.7942,0.2857168367215479,0,-1,nan
S3_transport,F,7,5,3,1,MODEL_INADEQUATE,diagnostic,optimized,160.0,0.5,1.0,0.5,10,candidate_z,0.1608,0.8039999999999999,0.2825886594872635,0,-1,nan
S3_transport,F,7,5,3,1,MODEL_INADEQUATE,diagnostic,optimized,160.0,0.5,1.0,0.5,10,candidate_z,0.16276,0.8137999999999999,0.2796816192685263,0,-1,nan
S3_transport,F,7,5,3,1,MODEL_INADEQUATE,diagnostic,optimized,160.0,0.5,1.0,0.5,10,candidate_z,0.16472,0.8236,0.2769951776043307,0,-1,nan
S3_transport,F,7,5,3,1,MODEL_INADEQUATE,diagnostic,optimized,160.0,0.5,1.0,0.5,10,candidate_z,0.16668,0.8333999999999999,0.27452815878177717,0,-1,nan
S3_transport,F,7,5,3,1,MODEL_INADEQUATE,diagnostic,optimized,160.0,0.5,1.0,0.5,10,candidate_z,0.16864,0.8432000000000001,0.27227877722214444,0,-1,nan
S3_transport,F,7,5,3,1,MODEL_INADEQUATE,diagnostic,optimized,160.0,0.5,1.0,0.5,10,candidate_z,0.1706,0.853,0.2702447132287098,0,-1,nan
S3_transport,F,7,5,3,1,MODEL_INADEQUATE,diagnostic,optimized,160.0,0.5,1.0,0.5,10,candidate_z,0.17256,0.8627999999999999,0.2684231676802078,0,-1,nan
S3_transport,F,7,5,3,1,MODEL_INADEQUATE,diagnostic,optimized,160.0,0.5,1.0,0.5,10,candidate_z,0.17452,0.8726,0.2668108310356736,0,-1,nan
S3_transport,F,7,5,3,1,MODEL_INADEQUATE,diagnostic,optimized,160.0,0.5,1.0,0.5,10,candidate_z,0.17648,0.8824,0.2654039824694685,0,-1,nan
S3_transport,F,7,5,3,1,MODEL_INADEQUATE,diagnostic,optimized,160.0,0.5,1.0,0.5,10,candidate_z,0.17844,0.8921999999999999,0.2641985406694296,0,-1,nan
S3_transport,F,7,5,3,1,MODEL_INADEQUATE,diagnostic,optimized,160.0,0.5,1.0,0.5,10,candidate_z,0.1804,0.902,0.26319010545923405,0,-1,nan
S3_transport,F,7,5,3,1,MODEL_INADEQUATE,diagnostic,optimized,160.0,0.5,1.0,0.5,10,candidate_z,0.18236,0.9117999999999999,0.2623740273431743,0,-1,nan
S3_transport,F,7,5,3,1,MODEL_INADEQUATE,diagnostic,optimized,160.0,0.5,1.0,0.5,10,candidate_z,0.18431999999999998,0.9215999999999999,0.26174539129829455,0,-1,nan
S3_transport,F,7,5,3,1,MODEL_INADEQUATE,diagnostic,optimized,160.0,0.5,1.0,0.5,10,candidate_z,0.18628,0.9314,0.26129901593025906,0,-1,nan
S3_transport,F,7,5,3,1,MODEL_INADEQUATE,diagnostic,optimized,160.0,0.5,1.0,0.5,10,candidate_z,0.18824,0.9411999999999999,0.2610295650850887,1,-1,nan
S3_transport,F,7,5,3,1,MODEL_INADEQUATE,diagnostic,optimized,160.0,0.5,1.0,0.5,10,candidate_z,0.1902,0.951,0.2609315506576415,0,-1,nan
S3_transport,F,7,5,3,1,MODEL_INADEQUATE,diagnostic,optimized,160.0,0.5,1.0,0.5,10,candidate_z,0.19216,0.9608,0.2609993852546033,0,-1,nan
S3_transport,F,7,5,3,1,MODEL_INADEQUATE,diagnostic,optimized,160.0,0.5,1.0,0.5,10,candidate_z,0.19412,0.9705999999999999,0.26122745300765615,1,-1,nan
S3_transport,F,7,5,3,1,MODEL_INADEQUATE,diagnostic,optimized,160.0,0.5,1.0,0.5,10,candidate_z,0.19608,0.9803999999999999,0.26160996935254843,0,-1,nan
S3_transport,F,7,5,3,1,MODEL_INADEQUATE,diagnostic,optimized,160.0,0.5,1.0,0.5,10,candidate_z,0.19804,0.9902,0.26214111779209404,0,-1,nan
S3_transport,F,7,5,3,1,MODEL_INADEQUATE,diagnostic,optimized,160.0,0.5,1.0,0.5,10,candidate_z,0.2,1.0,0.26281503241670734,1,-1,nan
S3_transport,F,7,5,3,1,MODEL_INADEQUATE,diagnostic,optimized,160.0,0.5,1.0,0.5,10,selected_z,0.08436,0.4218,nan,1,1,0.4610665559392082
S3_transport,F,7,5,3,1,MODEL_INADEQUATE,diagnostic,optimized,160.0,0.5,1.0,0.5,10,selected_z,0.09024,0.4512,nan,1,2,0.36767665948534045
S3_transport,F,7,5,3,1,MODEL_INADEQUATE,diagnostic,optimized,160.0,0.5,1.0,0.5,10,selected_z,0.07848,0.39239999999999997,nan,1,3,0.30861062472983747
S3_transport,F,7,5,3,1,MODEL_INADEQUATE,diagnostic,optimized,160.0,0.5,1.0,0.5,10,selected_z,0.09612,0.48059999999999997,nan,1,4,0.261435562295361
S3_transport,F,7,5,3,1,MODEL_INADEQUATE,diagnostic,optimized,160.0,0.5,1.0,0.5,10,selected_z,0.0726,0.363,nan,1,5,0.2308251044391625
S3_transport,F,7,5,3,1,MODEL_INADEQUATE,diagnostic,optimized,160.0,0.5,1.0,0.5,10,selected_z,0.2,1.0,nan,1,6,0.22534914022616448
S3_transport,F,7,5,3,1,MODEL_INADEQUATE,diagnostic,optimized,160.0,0.5,1.0,0.5,10,selected_z,0.06672,0.3336,nan,1,7,0.19769419291667134
S3_transport,F,7,5,3,1,MODEL_INADEQUATE,diagnostic,optimized,160.0,0.5,1.0,0.5,10,selected_z,0.19412,0.9705999999999999,nan,1,8,0.19299526417403712
S3_transport,F,7,5,3,1,MODEL_INADEQUATE,diagnostic,optimized,160.0,0.5,1.0,0.5,10,selected_z,0.10200000000000001,0.51,nan,1,9,0.1764790899348938
S3_transport,F,7,5,3,1,MODEL_INADEQUATE,diagnostic,optimized,160.0,0.5,1.0,0.5,10,selected_z,0.18824,0.9411999999999999,nan,1,10,0.16487133518975483
S3_transport,F,7,5,3,1,MODEL_INADEQUATE,diagnostic,optimized,160.0,0.5,1.0,0.5,10,final_z,0.069856,0.34928,nan,1,-1,nan
S3_transport,F,7,5,3,1,MODEL_INADEQUATE,diagnostic,optimized,160.0,0.5,1.0,0.5,10,final_z,0.074168,0.37083999999999995,nan,1,-1,nan
S3_transport,F,7,5,3,1,MODEL_INADEQUATE,diagnostic,optimized,160.0,0.5,1.0,0.5,10,final_z,0.07848,0.39239999999999997,nan,1,-1,nan
S3_transport,F,7,5,3,1,MODEL_INADEQUATE,diagnostic,optimized,160.0,0.5,1.0,0.5,10,final_z,0.082792,0.41396,nan,1,-1,nan
S3_transport,F,7,5,3,1,MODEL_INADEQUATE,diagnostic,optimized,160.0,0.5,1.0,0.5,10,final_z,0.087104,0.43551999999999996,nan,1,-1,nan
S3_transport,F,7,5,3,1,MODEL_INADEQUATE,diagnostic,optimized,160.0,0.5,1.0,0.5,10,final_z,0.09219999999999999,0.4609999999999999,nan,1,-1,nan
S3_transport,F,7,5,3,1,MODEL_INADEQUATE,diagnostic,optimized,160.0,0.5,1.0,0.5,10,final_z,0.09808,0.4904,nan,1,-1,nan
S3_transport,F,7,5,3,1,MODEL_INADEQUATE,diagnostic,optimized,160.0,0.5,1.0,0.5,10,final_z,0.191376,0.95688,nan,1,-1,nan
S3_transport,F,7,5,3,1,MODEL_INADEQUATE,diagnostic,optimized,160.0,0.5,1.0,0.5,10,final_z,0.19568799999999997,0.9784399999999999,nan,1,-1,nan
S3_transport,F,7,5,3,1,MODEL_INADEQUATE,diagnostic,optimized,160.0,0.5,1.0,0.5,10,final_z,0.2,1.0,nan,1,-1,nan
S3_transport,F,7,5,4,0,MODEL_INADEQUATE,diagnostic,optimized,160.0,1.0,1.0,1.0,10,candidate_z,0.004,0.02,0.00463786309211045,0,-1,nan
S3_transport,F,7,5,4,0,MODEL_INADEQUATE,diagnostic,optimized,160.0,1.0,1.0,1.0,10,candidate_z,0.00596,0.0298,0.010016235352214409,0,-1,nan
S3_transport,F,7,5,4,0,MODEL_INADEQUATE,diagnostic,optimized,160.0,1.0,1.0,1.0,10,candidate_z,0.00792,0.039599999999999996,0.017015155487239753,0,-1,nan
S3_transport,F,7,5,4,0,MODEL_INADEQUATE,diagnostic,optimized,160.0,1.0,1.0,1.0,10,candidate_z,0.00988,0.0494,0.02538506496112447,0,-1,nan
S3_transport,F,7,5,4,0,MODEL_INADEQUATE,diagnostic,optimized,160.0,1.0,1.0,1.0,10,candidate_z,0.01184,0.059199999999999996,0.034923319279041465,0,-1,nan
S3_transport,F,7,5,4,0,MODEL_INADEQUATE,diagnostic,optimized,160.0,1.0,1.0,1.0,10,candidate_z,0.0138,0.06899999999999999,0.04546418227215909,0,-1,nan
S3_transport,F,7,5,4,0,MODEL_INADEQUATE,diagnostic,optimized,160.0,1.0,1.0,1.0,10,candidate_z,0.01576,0.0788,0.05687226607615159,0,-1,nan
S3_transport,F,7,5,4,0,MODEL_INADEQUATE,diagnostic,optimized,160.0,1.0,1.0,1.0,10,candidate_z,0.01772,0.0886,0.06903816548175001,0,-1,nan
S3_transport,F,7,5,4,0,MODEL_INADEQUATE,diagnostic,optimized,160.0,1.0,1.0,1.0,10,candidate_z,0.01968,0.09839999999999999,0.08187455757216,0,-1,nan
S3_transport,F,7,5,4,0,MODEL_INADEQUATE,diagnostic,optimized,160.0,1.0,1.0,1.0,10,candidate_z,0.02164,0.10819999999999999,0.09531190678191948,0,-1,nan
S3_transport,F,7,5,4,0,MODEL_INADEQUATE,diagnostic,optimized,160.0,1.0,1.0,1.0,10,candidate_z,0.0236,0.118,0.10929354332981234,0,-1,nan
S3_transport,F,7,5,4,0,MODEL_INADEQUATE,diagnostic,optimized,160.0,1.0,1.0,1.0,10,candidate_z,0.02556,0.1278,0.1237709574996444,0,-1,nan
S3_transport,F,7,5,4,0,MODEL_INADEQUATE,diagnostic,optimized,160.0,1.0,1.0,1.0,10,candidate_z,0.02752,0.1376,0.13869839607663792,0,-1,nan
S3_transport,F,7,5,4,0,MODEL_INADEQUATE,diagnostic,optimized,160.0,1.0,1.0,1.0,10,candidate_z,0.02948,0.14739999999999998,0.15402918681137479,0,-1,nan
S3_transport,F,7,5,4,0,MODEL_INADEQUATE,diagnostic,optimized,160.0,1.0,1.0,1.0,10,candidate_z,0.031439999999999996,0.15719999999999998,0.16971154102556696,0,-1,nan
S3_transport,F,7,5,4,0,MODEL_INADEQUATE,diagnostic,optimized,160.0,1.0,1.0,1.0,10,candidate_z,0.0334,0.16699999999999998,0.1856866304121496,0,-1,nan
S3_transport,F,7,5,4,0,MODEL_INADEQUATE,diagnostic,optimized,160.0,1.0,1.0,1.0,10,candidate_z,0.03536,0.1768,0.20188715578668948,0,-1,nan
S3_transport,F,7,5,4,0,MODEL_INADEQUATE,diagnostic,optimized,160.0,1.0,1.0,1.0,10,candidate_z,0.037320000000000006,0.18660000000000002,0.21823656066375463,0,-1,nan
S3_transport,F,7,5,4,0,MODEL_INADEQUATE,diagnostic,optimized,160.0,1.0,1.0,1.0,10,candidate_z,0.039279999999999995,0.19639999999999996,0.23465052136727138,0,-1,nan
S3_transport,F,7,5,4,0,MODEL_INADEQUATE,diagnostic,optimized,160.0,1.0,1.0,1.0,10,candidate_z,0.04124,0.2062,0.2510378954068635,0,-1,nan
S3_transport,F,7,5,4,0,MODEL_INADEQUATE,diagnostic,optimized,160.0,1.0,1.0,1.0,10,candidate_z,0.0432,0.216,0.26730283616082673,0,-1,nan
S3_transport,F,7,5,4,0,MODEL_INADEQUATE,diagnostic,optimized,160.0,1.0,1.0,1.0,10,candidate_z,0.045160000000000006,0.22580000000000003,0.2833471354472117,0,-1,nan
S3_transport,F,7,5,4,0,MODEL_INADEQUATE,diagnostic,optimized,160.0,1.0,1.0,1.0,10,candidate_z,0.047119999999999995,0.23559999999999998,0.2990726696257475,0,-1,nan
S3_transport,F,7,5,4,0,MODEL_INADEQUATE,diagnostic,optimized,160.0,1.0,1.0,1.0,10,candidate_z,0.04908,0.24539999999999998,0.3143837957486433,0,-1,nan
S3_transport,F,7,5,4,0,MODEL_INADEQUATE,diagnostic,optimized,160.0,1.0,1.0,1.0,10,candidate_z,0.05104,0.2552,0.3291895350485241,0,-1,nan
S3_transport,F,7,5,4,0,MODEL_INADEQUATE,diagnostic,optimized,160.0,1.0,1.0,1.0,10,candidate_z,0.053000000000000005,0.265,0.3434054472277097,0,-1,nan
S3_transport,F,7,5,4,0,MODEL_INADEQUATE,diagnostic,optimized,160.0,1.0,1.0,1.0,10,candidate_z,0.054959999999999995,0.27479999999999993,0.356955142678995,0,-1,nan
S3_transport,F,7,5,4,0,MODEL_INADEQUATE,diagnostic,optimized,160.0,1.0,1.0,1.0,10,candidate_z,0.05692,0.28459999999999996,0.3697713940157037,0,-1,nan
S3_transport,F,7,5,4,0,MODEL_INADEQUATE,diagnostic,optimized,160.0,1.0,1.0,1.0,10,candidate_z,0.05888,0.2944,0.38179686530136436,0,-1,nan
S3_transport,F,7,5,4,0,MODEL_INADEQUATE,diagnostic,optimized,160.0,1.0,1.0,1.0,10,candidate_z,0.060840000000000005,0.3042,0.392984477615979,0,-1,nan
S3_transport,F,7,5,4,0,MODEL_INADEQUATE,diagnostic,optimized,160.0,1.0,1.0,1.0,10,candidate_z,0.0628,0.31399999999999995,0.4032974615432572,0,-1,nan
S3_transport,F,7,5,4,0,MODEL_INADEQUATE,diagnostic,optimized,160.0,1.0,1.0,1.0,10,candidate_z,0.06476,0.3238,0.41270914060247677,0,-1,nan
S3_transport,F,7,5,4,0,MODEL_INADEQUATE,diagnostic,optimized,160.0,1.0,1.0,1.0,10,candidate_z,0.06672,0.3336,0.42120248132023264,1,-1,nan
S3_transport,F,7,5,4,0,MODEL_INADEQUATE,diagnostic,optimized,160.0,1.0,1.0,1.0,10,candidate_z,0.06868,0.3434,0.428769504223002,0,-1,nan
S3_transport,F,7,5,4,0,MODEL_INADEQUATE,diagnostic,optimized,160.0,1.0,1.0,1.0,10,candidate_z,0.07064000000000001,0.3532,0.43541058823546663,0,-1,nan
S3_transport,F,7,5,4,0,MODEL_INADEQUATE,diagnostic,optimized,160.0,1.0,1.0,1.0,10,candidate_z,0.0726,0.363,0.44113368603079195,1,-1,nan
S3_transport,F,7,5,4,0,MODEL_INADEQUATE,diagnostic,optimized,160.0,1.0,1.0,1.0,10,candidate_z,0.07456,0.37279999999999996,0.4459535099555971,0,-1,nan
S3_transport,F,7,5,4,0,MODEL_INADEQUATE,diagnostic,optimized,160.0,1.0,1.0,1.0,10,candidate_z,0.07652,0.3826,0.44989068093119755,0,-1,nan
S3_transport,F,7,5,4,0,MODEL_INADEQUATE,diagnostic,optimized,160.0,1.0,1.0,1.0,10,candidate_z,0.07848,0.39239999999999997,0.4529709590560138,1,-1,nan
S3_transport,F,7,5,4,0,MODEL_INADEQUATE,diagnostic,optimized,160.0,1.0,1.0,1.0,10,candidate_z,0.08044,0.40219999999999995,0.45522446889276935,0,-1,nan
S3_transport,F,7,5,4,0,MODEL_INADEQUATE,diagnostic,optimized,160.0,1.0,1.0,1.0,10,candidate_z,0.0824,0.412,0.45668493552678413,0,-1,nan
S3_transport,F,7,5,4,0,MODEL_INADEQUATE,diagnostic,optimized,160.0,1.0,1.0,1.0,10,candidate_z,0.08436,0.4218,0.45738903922084617,1,-1,nan
S3_transport,F,7,5,4,0,MODEL_INADEQUATE,diagnostic,optimized,160.0,1.0,1.0,1.0,10,candidate_z,0.08632000000000001,0.43160000000000004,0.4573757908920477,0,-1,nan
S3_transport,F,7,5,4,0,MODEL_INADEQUATE,diagnostic,optimized,160.0,1.0,1.0,1.0,10,candidate_z,0.08828,0.44139999999999996,0.45668595884167473,0,-1,nan
S3_transport,F,7,5,4,0,MODEL_INADEQUATE,diagnostic,optimized,160.0,1.0,1.0,1.0,10,candidate_z,0.09024,0.4512,0.45536157174911196,1,-1,nan
S3_transport,F,7,5,4,0,MODEL_INADEQUATE,diagnostic,optimized,160.0,1.0,1.0,1.0,10,candidate_z,0.0922,0.461,0.45344546736660263,0,-1,nan
S3_transport,F,7,5,4,0,MODEL_INADEQUATE,diagnostic,optimized,160.0,1.0,1.0,1.0,10,candidate_z,0.09416,0.47079999999999994,0.45098089239259664,0,-1,nan
S3_transport,F,7,5,4,0,MODEL_INADEQUATE,diagnostic,optimized,160.0,1.0,1.0,1.0,10,candidate_z,0.09612,0.48059999999999997,0.448011154960529,1,-1,nan
S3_transport,F,7,5,4,0,MODEL_INADEQUATE,diagnostic,optimized,160.0,1.0,1.0,1.0,10,candidate_z,0.09808,0.4904,0.444579316733428,0,-1,nan
S3_transport,F,7,5,4,0,MODEL_INADEQUATE,diagnostic,optimized,160.0,1.0,1.0,1.0,10,candidate_z,0.10004,0.5002,0.4407279346849009,0,-1,nan
S3_transport,F,7,5,4,0,MODEL_INADEQUATE,diagnostic,optimized,160.0,1.0,1.0,1.0,10,candidate_z,0.10200000000000001,0.51,0.43649883137033996,1,-1,nan
S3_transport,F,7,5,4,0,MODEL_INADEQUATE,diagnostic,optimized,160.0,1.0,1.0,1.0,10,candidate_z,0.10396,0.5197999999999999,0.4319233446625468,0,-1,nan
S3_transport,F,7,5,4,0,MODEL_INADEQUATE,diagnostic,optimized,160.0,1.0,1.0,1.0,10,candidate_z,0.10592,0.5296,0.42705186642648485,0,-1,nan
S3_transport,F,7,5,4,0,MODEL_INADEQUATE,diagnostic,optimized,160.0,1.0,1.0,1.0,10,candidate_z,0.10788,0.5394,0.42192293221737387,0,-1,nan
S3_transport,F,7,5,4,0,MODEL_INADEQUATE,diagnostic,optimized,160.0,1.0,1.0,1.0,10,candidate_z,0.10984,0.5491999999999999,0.41657372987404173,0,-1,nan
S3_transport,F,7,5,4,0,MODEL_INADEQUATE,diagnostic,optimized,160.0,1.0,1.0,1.0,10,candidate_z,0.1118,0.5589999999999999,0.41104001429841475,0,-1,nan
S3_transport,F,7,5,4,0,MODEL_INADEQUATE,diagnostic,optimized,160.0,1.0,1.0,1.0,10,candidate_z,0.11376,0.5688,0.40535603271400333,0,-1,nan
S3_transport,F,7,5,4,0,MODEL_INADEQUATE,diagnostic,optimized,160.0,1.0,1.0,1.0,10,candidate_z,0.11572,0.5786,0.3995544686831387,0,-1,nan
S3_transport,F,7,5,4,0,MODEL_INADEQUATE,diagnostic,optimized,160.0,1.0,1.0,1.0,10,candidate_z,0.11768,0.5884,0.39366640179991563,0,-1,nan
S3_transport,F,7,5,4,0,MODEL_INADEQUATE,diagnostic,optimized,160.0,1.0,1.0,1.0,10,candidate_z,0.11964,0.5982,0.3877212705963693,0,-1,nan
S3_transport,F,7,5,4,0,MODEL_INADEQUATE,diagnostic,optimized,160.0,1.0,1.0,1.0,10,candidate_z,0.1216,0.608,0.38174686325817575,0,-1,nan
S3_transport,F,7,5,4,0,MODEL_INADEQUATE,diagnostic,optimized,160.0,1.0,1.0,1.0,10,candidate_z,0.12356,0.6178,0.37576932451081646,0,-1,nan
S3_transport,F,7,5,4,0,MODEL_INADEQUATE,diagnostic,optimized,160.0,1.0,1.0,1.0,10,candidate_z,0.12552,0.6275999999999999,0.36981314487507433,0,-1,nan
S3_transport,F,7,5,4,0,MODEL_INADEQUATE,diagnostic,optimized,160.0,1.0,1.0,1.0,10,candidate_z,0.12747999999999998,0.6373999999999999,0.36390117438209657,0,-1,nan
S3_transport,F,7,5,4,0,MODEL_INADEQUATE,diagnostic,optimized,160.0,1.0,1.0,1.0,10,candidate_z,0.12944,0.6472,0.3580546401674738,0,-1,nan
S3_transport,F,7,5,4,0,MODEL_INADEQUATE,diagnostic,optimized,160.0,1.0,1.0,1.0,10,candidate_z,0.1314,0.6569999999999999,0.3522931615521969,0,-1,nan
S3_transport,F,7,5,4,0,MODEL_INADEQUATE,diagnostic,optimized,160.0,1.0,1.0,1.0,10,candidate_z,0.13336,0.6668,0.34663480769002675,0,-1,nan
S3_transport,F,7,5,4,0,MODEL_INADEQUATE,diagnostic,optimized,160.0,1.0,1.0,1.0,10,candidate_z,0.13532,0.6766,0.3410961191840123,0,-1,nan
S3_transport,F,7,5,4,0,MODEL_INADEQUATE,diagnostic,optimized,160.0,1.0,1.0,1.0,10,candidate_z,0.13728,0.6864,0.33569214625014965,0,-1,nan
S3_transport,F,7,5,4,0,MODEL_INADEQUATE,diagnostic,optimized,160.0,1.0,1.0,1.0,10,candidate_z,0.13924,0.6961999999999999,0.33043649612926984,0,-1,nan
S3_transport,F,7,5,4,0,MODEL_INADEQUATE,diagnostic,optimized,160.0,1.0,1.0,1.0,10,candidate_z,0.1412,0.706,0.3253413842584969,0,-1,nan
S3_transport,F,7,5,4,0,MODEL_INADEQUATE,diagnostic,optimized,160.0,1.0,1.0,1.0,10,candidate_z,0.14316,0.7158,0.32041767755708506,0,-1,nan
S3_transport,F,7,5,4,0,MODEL_INADEQUATE,diagnostic,optimized,160.0,1.0,1.0,1.0,10,candidate_z,0.14512,0.7255999999999999,0.31567494903438487,0,-1,nan
S3_transport,F,7,5,4,0,MODEL_INADEQUATE,diagnostic,optimized,160.0,1.0,1.0,1.0,10,candidate_z,0.14708,0.7353999999999999,0.3111215352545038,0,-1,nan
S3_transport,F,7,5,4,0,MODEL_INADEQUATE,diagnostic,optimized,160.0,1.0,1.0,1.0,10,candidate_z,0.14904,0.7452,0.3067645909049119,0,-1,nan
S3_transport,F,7,5,4,0,MODEL_INADEQUATE,diagnostic,optimized,160.0,1.0,1.0,1.0,10,candidate_z,0.151,0.7549999999999999,0.3026101563141381,0,-1,nan
S3_transport,F,7,5,4,0,MODEL_INADEQUATE,diagnostic,optimized,160.0,1.0,1.0,1.0,10,candidate_z,0.15295999999999998,0.7647999999999999,0.2986632085570946,0,-1,nan
S3_transport,F,7,5,4,0,MODEL_INADEQUATE,diagnostic,optimized,160.0,1.0,1.0,1.0,10,candidate_z,0.15492,0.7746,0.2949277032790327,0,-1,nan
S3_transport,F,7,5,4,0,MODEL_INADEQUATE,diagnostic,optimized,160.0,1.0,1.0,1.0,10,candidate_z,0.15688,0.7843999999999999,0.2914066417287877,0,-1,nan
S3_transport,F,7,5,4,0,MODEL_INADEQUATE,diagnostic,optimized,160.0,1.0,1.0,1.0,10,candidate_z,0.15884,0.7942,0.28810213610986324,0,-1,nan
S3_transport,F,7,5,4,0,MODEL_INADEQUATE,diagnostic,optimized,160.0,1.0,1.0,1.0,10,candidate_z,0.1608,0.8039999999999999,0.28501546785503606,0,-1,nan
S3_transport,F,7,5,4,0,MODEL_INADEQUATE,diagnostic,optimized,160.0,1.0,1.0,1.0,10,candidate_z,0.16276,0.8137999999999999,0.2821471597646017,0,-1,nan
S3_transport,F,7,5,4,0,MODEL_INADEQUATE,diagnostic,optimized,160.0,1.0,1.0,1.0,10,candidate_z,0.16472,0.8236,0.27949700275081213,0,-1,nan
S3_transport,F,7,5,4,0,MODEL_INADEQUATE,diagnostic,optimized,160.0,1.0,1.0,1.0,10,candidate_z,0.16668,0.8333999999999999,0.2770640850907391,0,-1,nan
S3_transport,F,7,5,4,0,MODEL_INADEQUATE,diagnostic,optimized,160.0,1.0,1.0,1.0,10,candidate_z,0.16864,0.8432000000000001,0.2748468935253179,0,-1,nan
S3_transport,F,7,5,4,0,MODEL_INADEQUATE,diagnostic,optimized,160.0,1.0,1.0,1.0,10,candidate_z,0.1706,0.853,0.2728433457006254,0,-1,nan
S3_transport,F,7,5,4,0,MODEL_INADEQUATE,diagnostic,optimized,160.0,1.0,1.0,1.0,10,candidate_z,0.17256,0.8627999999999999,0.27105086551005186,0,-1,nan
S3_transport,F,7,5,4,0,MODEL_INADEQUATE,diagnostic,optimized,160.0,1.0,1.0,1.0,10,candidate_z,0.17452,0.8726,0.26946643387596225,0,-1,nan
S3_transport,F,7,5,4,0,MODEL_INADEQUATE,diagnostic,optimized,160.0,1.0,1.0,1.0,10,candidate_z,0.17648,0.8824,0.2680865341409664,0,-1,nan
S3_transport,F,7,5,4,0,MODEL_INADEQUATE,diagnostic,optimized,160.0,1.0,1.0,1.0,10,candidate_z,0.17844,0.8921999999999999,0.26690729432747773,0,-1,nan
S3_transport,F,7,5,4,0,MODEL_INADEQUATE,diagnostic,optimized,160.0,1.0,1.0,1.0,10,candidate_z,0.1804,0.902,0.26592450300310233,0,-1,nan
S3_transport,F,7,5,4,0,MODEL_INADEQUATE,diagnostic,optimized,160.0,1.0,1.0,1.0,10,candidate_z,0.18236,0.9117999999999999,0.2651336575108516,0,-1,nan
S3_transport,F,7,5,4,0,MODEL_INADEQUATE,diagnostic,optimized,160.0,1.0,1.0,1.0,10,candidate_z,0.18431999999999998,0.9215999999999999,0.26453003322745516,0,-1,nan
S3_transport,F,7,5,4,0,MODEL_INADEQUATE,diagnostic,optimized,160.0,1.0,1.0,1.0,10,candidate_z,0.18628,0.9314,0.2641086463294684,0,-1,nan
S3_transport,F,7,5,4,0,MODEL_INADEQUATE,diagnostic,optimized,160.0,1.0,1.0,1.0,10,candidate_z,0.18824,0.9411999999999999,0.2638642878274915,1,-1,nan
S3_transport,F,7,5,4,0,MODEL_INADEQUATE,diagnostic,optimized,160.0,1.0,1.0,1.0,10,candidate_z,0.1902,0.951,0.26379160705919347,0,-1,nan
S3_transport,F,7,5,4,0,MODEL_INADEQUATE,diagnostic,optimized,160.0,1.0,1.0,1.0,10,candidate_z,0.19216,0.9608,0.263885118859541,0,-1,nan
S3_transport,F,7,5,4,0,MODEL_INADEQUATE,diagnostic,optimized,160.0,1.0,1.0,1.0,10,candidate_z,0.19412,0.9705999999999999,0.26413924867158656,1,-1,nan
S3_transport,F,7,5,4,0,MODEL_INADEQUATE,diagnostic,optimized,160.0,1.0,1.0,1.0,10,candidate_z,0.19608,0.9803999999999999,0.2645483966389506,0,-1,nan
S3_transport,F,7,5,4,0,MODEL_INADEQUATE,diagnostic,optimized,160.0,1.0,1.0,1.0,10,candidate_z,0.19804,0.9902,0.2651068390677409,0,-1,nan
S3_transport,F,7,5,4,0,MODEL_INADEQUATE,diagnostic,optimized,160.0,1.0,1.0,1.0,10,candidate_z,0.2,1.0,0.2658088107361358,1,-1,nan
S3_transport,F,7,5,4,0,MODEL_INADEQUATE,diagnostic,optimized,160.0,1.0,1.0,1.0,10,selected_z,0.08436,0.4218,nan,1,1,0.45738903922084617
S3_transport,F,7,5,4,0,MODEL_INADEQUATE,diagnostic,optimized,160.0,1.0,1.0,1.0,10,selected_z,0.09024,0.4512,nan,1,2,0.3659991994032872
S3_transport,F,7,5,4,0,MODEL_INADEQUATE,diagnostic,optimized,160.0,1.0,1.0,1.0,10,selected_z,0.07848,0.39239999999999997,nan,1,3,0.30634321520656016
S3_transport,F,7,5,4,0,MODEL_INADEQUATE,diagnostic,optimized,160.0,1.0,1.0,1.0,10,selected_z,0.09612,0.48059999999999997,nan,1,4,0.261159415890571
S3_transport,F,7,5,4,0,MODEL_INADEQUATE,diagnostic,optimized,160.0,1.0,1.0,1.0,10,selected_z,0.2,1.0,nan,1,5,0.2297956441588802
S3_transport,F,7,5,4,0,MODEL_INADEQUATE,diagnostic,optimized,160.0,1.0,1.0,1.0,10,selected_z,0.0726,0.363,nan,1,6,0.22681618801148673
S3_transport,F,7,5,4,0,MODEL_INADEQUATE,diagnostic,optimized,160.0,1.0,1.0,1.0,10,selected_z,0.10200000000000001,0.51,nan,1,7,0.1973916312013131
S3_transport,F,7,5,4,0,MODEL_INADEQUATE,diagnostic,optimized,160.0,1.0,1.0,1.0,10,selected_z,0.19412,0.9705999999999999,nan,1,8,0.1914938973968603
S3_transport,F,7,5,4,0,MODEL_INADEQUATE,diagnostic,optimized,160.0,1.0,1.0,1.0,10,selected_z,0.06672,0.3336,nan,1,9,0.17839331950882809
S3_transport,F,7,5,4,0,MODEL_INADEQUATE,diagnostic,optimized,160.0,1.0,1.0,1.0,10,selected_z,0.18824,0.9411999999999999,nan,1,10,0.16612573978893153
S3_transport,F,7,5,4,0,MODEL_INADEQUATE,diagnostic,optimized,160.0,1.0,1.0,1.0,10,final_z,0.069856,0.34928,nan,1,-1,nan
S3_transport,F,7,5,4,0,MODEL_INADEQUATE,diagnostic,optimized,160.0,1.0,1.0,1.0,10,final_z,0.074168,0.37083999999999995,nan,1,-1,nan
S3_transport,F,7,5,4,0,MODEL_INADEQUATE,diagnostic,optimized,160.0,1.0,1.0,1.0,10,final_z,0.07848,0.39239999999999997,nan,1,-1,nan
S3_transport,F,7,5,4,0,MODEL_INADEQUATE,diagnostic,optimized,160.0,1.0,1.0,1.0,10,final_z,0.082792,0.41396,nan,1,-1,nan
S3_transport,F,7,5,4,0,MODEL_INADEQUATE,diagnostic,optimized,160.0,1.0,1.0,1.0,10,final_z,0.087104,0.43551999999999996,nan,1,-1,nan
S3_transport,F,7,5,4,0,MODEL_INADEQUATE,diagnostic,optimized,160.0,1.0,1.0,1.0,10,final_z,0.09219999999999999,0.4609999999999999,nan,1,-1,nan
S3_transport,F,7,5,4,0,MODEL_INADEQUATE,diagnostic,optimized,160.0,1.0,1.0,1.0,10,final_z,0.09808,0.4904,nan,1,-1,nan
S3_transport,F,7,5,4,0,MODEL_INADEQUATE,diagnostic,optimized,160.0,1.0,1.0,1.0,10,final_z,0.191376,0.95688,nan,1,-1,nan
S3_transport,F,7,5,4,0,MODEL_INADEQUATE,diagnostic,optimized,160.0,1.0,1.0,1.0,10,final_z,0.19568799999999997,0.9784399999999999,nan,1,-1,nan
S3_transport,F,7,5,4,0,MODEL_INADEQUATE,diagnostic,optimized,160.0,1.0,1.0,1.0,10,final_z,0.2,1.0,nan,1,-1,nan
S3_transport,F,7,5,5,0,MODEL_INADEQUATE,diagnostic,optimized,160.0,1.0,1.0,0.5,10,candidate_z,0.004,0.02,0.0012484458564365752,0,-1,nan
S3_transport,F,7,5,5,0,MODEL_INADEQUATE,diagnostic,optimized,160.0,1.0,1.0,0.5,10,candidate_z,0.00596,0.0298,0.002769634386094566,0,-1,nan
S3_transport,F,7,5,5,0,MODEL_INADEQUATE,diagnostic,optimized,160.0,1.0,1.0,0.5,10,candidate_z,0.00792,0.039599999999999996,0.004825807874109245,0,-1,nan
S3_transport,F,7,5,5,0,MODEL_INADEQUATE,diagnostic,optimized,160.0,1.0,1.0,0.5,10,candidate_z,0.00988,0.0494,0.0073717327080764505,0,-1,nan
S3_transport,F,7,5,5,0,MODEL_INADEQUATE,diagnostic,optimized,160.0,1.0,1.0,0.5,10,candidate_z,0.01184,0.059199999999999996,0.010366057027770381,0,-1,nan
S3_transport,F,7,5,5,0,MODEL_INADEQUATE,diagnostic,optimized,160.0,1.0,1.0,0.5,10,candidate_z,0.0138,0.06899999999999999,0.013771448981184875,0,-1,nan
S3_transport,F,7,5,5,0,MODEL_INADEQUATE,diagnostic,optimized,160.0,1.0,1.0,0.5,10,candidate_z,0.01576,0.0788,0.017554390975593748,0,-1,nan
S3_transport,F,7,5,5,0,MODEL_INADEQUATE,diagnostic,optimized,160.0,1.0,1.0,0.5,10,candidate_z,0.01772,0.0886,0.021684781422294463,0,-1,nan
S3_transport,F,7,5,5,0,MODEL_INADEQUATE,diagnostic,optimized,160.0,1.0,1.0,0.5,10,candidate_z,0.01968,0.09839999999999999,0.026135578914331603,0,-1,nan
S3_transport,F,7,5,5,0,MODEL_INADEQUATE,diagnostic,optimized,160.0,1.0,1.0,0.5,10,candidate_z,0.02164,0.10819999999999999,0.030882305482915484,0,-1,nan
S3_transport,F,7,5,5,0,MODEL_INADEQUATE,diagnostic,optimized,160.0,1.0,1.0,0.5,10,candidate_z,0.0236,0.118,0.03590287503798706,0,-1,nan
S3_transport,F,7,5,5,0,MODEL_INADEQUATE,diagnostic,optimized,160.0,1.0,1.0,0.5,10,candidate_z,0.02556,0.1278,0.041177244552731196,0,-1,nan
S3_transport,F,7,5,5,0,MODEL_INADEQUATE,diagnostic,optimized,160.0,1.0,1.0,0.5,10,candidate_z,0.02752,0.1376,0.04668738848106457,0,-1,nan
S3_transport,F,7,5,5,0,MODEL_INADEQUATE,diagnostic,optimized,160.0,1.0,1.0,0.5,10,candidate_z,0.02948,0.14739999999999998,0.052416988930051645,0,-1,nan
S3_transport,F,7,5,5,0,MODEL_INADEQUATE,diagnostic,optimized,160.0,1.0,1.0,0.5,10,candidate_z,0.031439999999999996,0.15719999999999998,0.058351404278301544,0,-1,nan
S3_transport,F,7,5,5,0,MODEL_INADEQUATE,diagnostic,optimized,160.0,1.0,1.0,0.5,10,candidate_z,0.0334,0.16699999999999998,0.06447752717024358,0,-1,nan
S3_transport,F,7,5,5,0,MODEL_INADEQUATE,diagnostic,optimized,160.0,1.0,1.0,0.5,10,candidate_z,0.03536,0.1768,0.07078365914886575,0,-1,nan
S3_transport,F,7,5,5,0,MODEL_INADEQUATE,diagnostic,optimized,160.0,1.0,1.0,0.5,10,candidate_z,0.037320000000000006,0.18660000000000002,0.07725937602555177,0,-1,nan
S3_transport,F,7,5,5,0,MODEL_INADEQUATE,diagnostic,optimized,160.0,1.0,1.0,0.5,10,candidate_z,0.039279999999999995,0.19639999999999996,0.08389538339442026,0,-1,nan
S3_transport,F,7,5,5,0,MODEL_INADEQUATE,diagnostic,optimized,160.0,1.0,1.0,0.5,10,candidate_z,0.04124,0.2062,0.09068336275740307,0,-1,nan
S3_transport,F,7,5,5,0,MODEL_INADEQUATE,diagnostic,optimized,160.0,1.0,1.0,0.5,10,candidate_z,0.0432,0.216,0.09761581021927057,0,-1,nan
S3_transport,F,7,5,5,0,MODEL_INADEQUATE,diagnostic,optimized,160.0,1.0,1.0,0.5,10,candidate_z,0.045160000000000006,0.22580000000000003,0.10468587140623953,0,-1,nan
S3_transport,F,7,5,5,0,MODEL_INADEQUATE,diagnostic,optimized,160.0,1.0,1.0,0.5,10,candidate_z,0.047119999999999995,0.23559999999999998,0.11188717582682628,0,-1,nan
S3_transport,F,7,5,5,0,MODEL_INADEQUATE,diagnostic,optimized,160.0,1.0,1.0,0.5,10,candidate_z,0.04908,0.24539999999999998,0.11921367425638252,0,-1,nan
S3_transport,F,7,5,5,0,MODEL_INADEQUATE,diagnostic,optimized,160.0,1.0,1.0,0.5,10,candidate_z,0.05104,0.2552,0.1266594829006813,0,-1,nan
S3_transport,F,7,5,5,0,MODEL_INADEQUATE,diagnostic,optimized,160.0,1.0,1.0,0.5,10,candidate_z,0.053000000000000005,0.265,0.13421873696341535,0,-1,nan
S3_transport,F,7,5,5,0,MODEL_INADEQUATE,diagnostic,optimized,160.0,1.0,1.0,0.5,10,candidate_z,0.054959999999999995,0.27479999999999993,0.1418854569635961,0,-1,nan
S3_transport,F,7,5,5,0,MODEL_INADEQUATE,diagnostic,optimized,160.0,1.0,1.0,0.5,10,candidate_z,0.05692,0.28459999999999996,0.1496534293575742,0,-1,nan
S3_transport,F,7,5,5,0,MODEL_INADEQUATE,diagnostic,optimized,160.0,1.0,1.0,0.5,10,candidate_z,0.05888,0.2944,0.15751610382979564,0,-1,nan
S3_transport,F,7,5,5,0,MODEL_INADEQUATE,diagnostic,optimized,160.0,1.0,1.0,0.5,10,candidate_z,0.060840000000000005,0.3042,0.16546650857596035,0,-1,nan
S3_transport,F,7,5,5,0,MODEL_INADEQUATE,diagnostic,optimized,160.0,1.0,1.0,0.5,10,candidate_z,0.0628,0.31399999999999995,0.17349718342697074,0,-1,nan
S3_transport,F,7,5,5,0,MODEL_INADEQUATE,diagnostic,optimized,160.0,1.0,1.0,0.5,10,candidate_z,0.06476,0.3238,0.1816001309607067,0,-1,nan
S3_transport,F,7,5,5,0,MODEL_INADEQUATE,diagnostic,optimized,160.0,1.0,1.0,0.5,10,candidate_z,0.06672,0.3336,0.18976678552587245,0,-1,nan
S3_transport,F,7,5,5,0,MODEL_INADEQUATE,diagnostic,optimized,160.0,1.0,1.0,0.5,10,candidate_z,0.06868,0.3434,0.1979880024429903,0,-1,nan
S3_transport,F,7,5,5,0,MODEL_INADEQUATE,diagnostic,optimized,160.0,1.0,1.0,0.5,10,candidate_z,0.07064000000000001,0.3532,0.20625406480655784,0,-1,nan
S3_transport,F,7,5,5,0,MODEL_INADEQUATE,diagnostic,optimized,160.0,1.0,1.0,0.5,10,candidate_z,0.0726,0.363,0.2145547003351176,0,-1,nan
S3_transport,F,7,5,5,0,MODEL_INADEQUATE,diagnostic,optimized,160.0,1.0,1.0,0.5,10,candidate_z,0.07456,0.37279999999999996,0.22287911414520423,0,-1,nan
S3_transport,F,7,5,5,0,MODEL_INADEQUATE,diagnostic,optimized,160.0,1.0,1.0,0.5,10,candidate_z,0.07652,0.3826,0.23121603393148504,0,-1,nan
S3_transport,F,7,5,5,0,MODEL_INADEQUATE,diagnostic,optimized,160.0,1.0,1.0,0.5,10,candidate_z,0.07848,0.39239999999999997,0.23955377523062182,0,-1,nan
S3_transport,F,7,5,5,0,MODEL_INADEQUATE,diagnostic,optimized,160.0,1.0,1.0,0.5,10,candidate_z,0.08044,0.40219999999999995,0.2478802982568915,0,-1,nan
S3_transport,F,7,5,5,0,MODEL_INADEQUATE,diagnostic,optimized,160.0,1.0,1.0,0.5,10,candidate_z,0.0824,0.412,0.2561832814194638,0,-1,nan
S3_transport,F,7,5,5,0,MODEL_INADEQUATE,diagnostic,optimized,160.0,1.0,1.0,0.5,10,candidate_z,0.08436,0.4218,0.26445019536518544,0,-1,nan
S3_transport,F,7,5,5,0,MODEL_INADEQUATE,diagnostic,optimized,160.0,1.0,1.0,0.5,10,candidate_z,0.08632000000000001,0.43160000000000004,0.27266838788582604,0,-1,nan
S3_transport,F,7,5,5,0,MODEL_INADEQUATE,diagnostic,optimized,160.0,1.0,1.0,0.5,10,candidate_z,0.08828,0.44139999999999996,0.28082516374753297,0,-1,nan
S3_transport,F,7,5,5,0,MODEL_INADEQUATE,diagnostic,optimized,160.0,1.0,1.0,0.5,10,candidate_z,0.09024,0.4512,0.2889078630676032,0,-1,nan
S3_transport,F,7,5,5,0,MODEL_INADEQUATE,diagnostic,optimized,160.0,1.0,1.0,0.5,10,candidate_z,0.0922,0.461,0.2969039392101358,0,-1,nan
S3_transport,F,7,5,5,0,MODEL_INADEQUATE,diagnostic,optimized,160.0,1.0,1.0,0.5,10,candidate_z,0.09416,0.47079999999999994,0.3048010351489019,0,-1,nan
S3_transport,F,7,5,5,0,MODEL_INADEQUATE,diagnostic,optimized,160.0,1.0,1.0,0.5,10,candidate_z,0.09612,0.48059999999999997,0.31258706230379474,0,-1,nan
S3_transport,F,7,5,5,0,MODEL_INADEQUATE,diagnostic,optimized,160.0,1.0,1.0,0.5,10,candidate_z,0.09808,0.4904,0.32025026153074876,0,-1,nan
S3_transport,F,7,5,5,0,MODEL_INADEQUATE,diagnostic,optimized,160.0,1.0,1.0,0.5,10,candidate_z,0.10004,0.5002,0.32777926701899673,0,-1,nan
S3_transport,F,7,5,5,0,MODEL_INADEQUATE,diagnostic,optimized,160.0,1.0,1.0,0.5,10,candidate_z,0.10200000000000001,0.51,0.3351631559712267,0,-1,nan
S3_transport,F,7,5,5,0,MODEL_INADEQUATE,diagnostic,optimized,160.0,1.0,1.0,0.5,10,candidate_z,0.10396,0.5197999999999999,0.34238693218916794,0,-1,nan
S3_transport,F,7,5,5,0,MODEL_INADEQUATE,diagnostic,optimized,160.0,1.0,1.0,0.5,10,candidate_z,0.10592,0.5296,0.34944521979825893,0,-1,nan
S3_transport,F,7,5,5,0,MODEL_INADEQUATE,diagnostic,optimized,160.0,1.0,1.0,0.5,10,candidate_z,0.10788,0.5394,0.35632873703890766,0,-1,nan
S3_transport,F,7,5,5,0,MODEL_INADEQUATE,diagnostic,optimized,160.0,1.0,1.0,0.5,10,candidate_z,0.10984,0.5491999999999999,0.3630288082303146,0,-1,nan
S3_transport,F,7,5,5,0,MODEL_INADEQUATE,diagnostic,optimized,160.0,1.0,1.0,0.5,10,candidate_z,0.1118,0.5589999999999999,0.3695373939902886,0,-1,nan
S3_transport,F,7,5,5,0,MODEL_INADEQUATE,diagnostic,optimized,160.0,1.0,1.0,0.5,10,candidate_z,0.11376,0.5688,0.3758471072611371,0,-1,nan
S3_transport,F,7,5,5,0,MODEL_INADEQUATE,diagnostic,optimized,160.0,1.0,1.0,0.5,10,candidate_z,0.11572,0.5786,0.3819512235277358,0,-1,nan
S3_transport,F,7,5,5,0,MODEL_INADEQUATE,diagnostic,optimized,160.0,1.0,1.0,0.5,10,candidate_z,0.11768,0.5884,0.38784368526409807,0,-1,nan
S3_transport,F,7,5,5,0,MODEL_INADEQUATE,diagnostic,optimized,160.0,1.0,1.0,0.5,10,candidate_z,0.11964,0.5982,0.39351910432607085,0,-1,nan
S3_transport,F,7,5,5,0,MODEL_INADEQUATE,diagnostic,optimized,160.0,1.0,1.0,0.5,10,candidate_z,0.1216,0.608,0.39897276432806805,0,-1,nan
S3_transport,F,7,5,5,0,MODEL_INADEQUATE,diagnostic,optimized,160.0,1.0,1.0,0.5,10,candidate_z,0.12356,0.6178,0.40420060748605025,0,-1,nan
S3_transport,F,7,5,5,0,MODEL_INADEQUATE,diagnostic,optimized,160.0,1.0,1.0,0.5,10,candidate_z,0.12552,0.6275999999999999,0.40919922433199574,0,-1,nan
S3_transport,F,7,5,5,0,MODEL_INADEQUATE,diagnostic,optimized,160.0,1.0,1.0,0.5,10,candidate_z,0.12747999999999998,0.6373999999999999,0.4139658395672612,0,-1,nan
S3_transport,F,7,5,5,0,MODEL_INADEQUATE,diagnostic,optimized,160.0,1.0,1.0,0.5,10,candidate_z,0.12944,0.6472,0.4184982919230116,0,-1,nan
S3_transport,F,7,5,5,0,MODEL_INADEQUATE,diagnostic,optimized,160.0,1.0,1.0,0.5,10,candidate_z,0.1314,0.6569999999999999,0.4227950116795576,0,-1,nan
S3_transport,F,7,5,5,0,MODEL_INADEQUATE,diagnostic,optimized,160.0,1.0,1.0,0.5,10,candidate_z,0.13336,0.6668,0.426855011205145,0,-1,nan
S3_transport,F,7,5,5,0,MODEL_INADEQUATE,diagnostic,optimized,160.0,1.0,1.0,0.5,10,candidate_z,0.13532,0.6766,0.4306778534748368,0,-1,nan
S3_transport,F,7,5,5,0,MODEL_INADEQUATE,diagnostic,optimized,160.0,1.0,1.0,0.5,10,candidate_z,0.13728,0.6864,0.4342636259603587,0,-1,nan
S3_transport,F,7,5,5,0,MODEL_INADEQUATE,diagnostic,optimized,160.0,1.0,1.0,0.5,10,candidate_z,0.13924,0.6961999999999999,0.43761291626855936,0,-1,nan
S3_transport,F,7,5,5,0,MODEL_INADEQUATE,diagnostic,optimized,160.0,1.0,1.0,0.5,10,candidate_z,0.1412,0.706,0.44072678743028604,0,-1,nan
S3_transport,F,7,5,5,0,MODEL_INADEQUATE,diagnostic,optimized,160.0,1.0,1.0,0.5,10,candidate_z,0.14316,0.7158,0.4436067585850232,0,-1,nan
S3_transport,F,7,5,5,0,MODEL_INADEQUATE,diagnostic,optimized,160.0,1.0,1.0,0.5,10,candidate_z,0.14512,0.7255999999999999,0.44625476124882724,1,-1,nan
S3_transport,F,7,5,5,0,MODEL_INADEQUATE,diagnostic,optimized,160.0,1.0,1.0,0.5,10,candidate_z,0.14708,0.7353999999999999,0.4486731168037572,0,-1,nan
S3_transport,F,7,5,5,0,MODEL_INADEQUATE,diagnostic,optimized,160.0,1.0,1.0,0.5,10,candidate_z,0.14904,0.7452,0.4508645168870977,0,-1,nan
S3_transport,F,7,5,5,0,MODEL_INADEQUATE,diagnostic,optimized,160.0,1.0,1.0,0.5,10,candidate_z,0.151,0.7549999999999999,0.45283199319615264,1,-1,nan
S3_transport,F,7,5,5,0,MODEL_INADEQUATE,diagnostic,optimized,160.0,1.0,1.0,0.5,10,candidate_z,0.15295999999999998,0.7647999999999999,0.4545788918360856,0,-1,nan
S3_transport,F,7,5,5,0,MODEL_INADEQUATE,diagnostic,optimized,160.0,1.0,1.0,0.5,10,candidate_z,0.15492,0.7746,0.4561088569117935,0,-1,nan
S3_transport,F,7,5,5,0,MODEL_INADEQUATE,diagnostic,optimized,160.0,1.0,1.0,0.5,10,candidate_z,0.15688,0.7843999999999999,0.45742579449348497,1,-1,nan
S3_transport,F,7,5,5,0,MODEL_INADEQUATE,diagnostic,optimized,160.0,1.0,1.0,0.5,10,candidate_z,0.15884,0.7942,0.4585338435169497,0,-1,nan
S3_transport,F,7,5,5,0,MODEL_INADEQUATE,diagnostic,optimized,160.0,1.0,1.0,0.5,10,candidate_z,0.1608,0.8039999999999999,0.45943736739998897,0,-1,nan
S3_transport,F,7,5,5,0,MODEL_INADEQUATE,diagnostic,optimized,160.0,1.0,1.0,0.5,10,candidate_z,0.16276,0.8137999999999999,0.4601409258434259,1,-1,nan
S3_transport,F,7,5,5,0,MODEL_INADEQUATE,diagnostic,optimized,160.0,1.0,1.0,0.5,10,candidate_z,0.16472,0.8236,0.4606492542989358,0,-1,nan
S3_transport,F,7,5,5,0,MODEL_INADEQUATE,diagnostic,optimized,160.0,1.0,1.0,0.5,10,candidate_z,0.16668,0.8333999999999999,0.4609672453642695,0,-1,nan
S3_transport,F,7,5,5,0,MODEL_INADEQUATE,diagnostic,optimized,160.0,1.0,1.0,0.5,10,candidate_z,0.16864,0.8432000000000001,0.46109992909014963,1,-1,nan
S3_transport,F,7,5,5,0,MODEL_INADEQUATE,diagnostic,optimized,160.0,1.0,1.0,0.5,10,candidate_z,0.1706,0.853,0.46105245142288354,0,-1,nan
S3_transport,F,7,5,5,0,MODEL_INADEQUATE,diagnostic,optimized,160.0,1.0,1.0,0.5,10,candidate_z,0.17256,0.8627999999999999,0.4608300610104443,0,-1,nan
S3_transport,F,7,5,5,0,MODEL_INADEQUATE,diagnostic,optimized,160.0,1.0,1.0,0.5,10,candidate_z,0.17452,0.8726,0.4604380917999862,1,-1,nan
S3_transport,F,7,5,5,0,MODEL_INADEQUATE,diagnostic,optimized,160.0,1.0,1.0,0.5,10,candidate_z,0.17648,0.8824,0.4598819476999729,0,-1,nan
S3_transport,F,7,5,5,0,MODEL_INADEQUATE,diagnostic,optimized,160.0,1.0,1.0,0.5,10,candidate_z,0.17844,0.8921999999999999,0.45916708833233244,0,-1,nan
S3_transport,F,7,5,5,0,MODEL_INADEQUATE,diagnostic,optimized,160.0,1.0,1.0,0.5,10,candidate_z,0.1804,0.902,0.45829901557321406,1,-1,nan
S3_transport,F,7,5,5,0,MODEL_INADEQUATE,diagnostic,optimized,160.0,1.0,1.0,0.5,10,candidate_z,0.18236,0.9117999999999999,0.45728326014679155,0,-1,nan
S3_transport,F,7,5,5,0,MODEL_INADEQUATE,diagnostic,optimized,160.0,1.0,1.0,0.5,10,candidate_z,0.18431999999999998,0.9215999999999999,0.4561253703061041,0,-1,nan
S3_transport,F,7,5,5,0,MODEL_INADEQUATE,diagnostic,optimized,160.0,1.0,1.0,0.5,10,candidate_z,0.18628,0.9314,0.45483090065561527,1,-1,nan
S3_transport,F,7,5,5,0,MODEL_INADEQUATE,diagnostic,optimized,160.0,1.0,1.0,0.5,10,candidate_z,0.18824,0.9411999999999999,0.4534054017439466,0,-1,nan
S3_transport,F,7,5,5,0,MODEL_INADEQUATE,diagnostic,optimized,160.0,1.0,1.0,0.5,10,candidate_z,0.1902,0.951,0.4518544102866251,0,-1,nan
S3_transport,F,7,5,5,0,MODEL_INADEQUATE,diagnostic,optimized,160.0,1.0,1.0,0.5,10,candidate_z,0.19216,0.9608,0.45018343967854335,1,-1,nan
S3_transport,F,7,5,5,0,MODEL_INADEQUATE,diagnostic,optimized,160.0,1.0,1.0,0.5,10,candidate_z,0.19412,0.9705999999999999,0.4483979724875802,0,-1,nan
S3_transport,F,7,5,5,0,MODEL_INADEQUATE,diagnostic,optimized,160.0,1.0,1.0,0.5,10,candidate_z,0.19608,0.9803999999999999,0.4465034527735092,0,-1,nan
S3_transport,F,7,5,5,0,MODEL_INADEQUATE,diagnostic,optimized,160.0,1.0,1.0,0.5,10,candidate_z,0.19804,0.9902,0.4445052786087338,1,-1,nan
S3_transport,F,7,5,5,0,MODEL_INADEQUATE,diagnostic,optimized,160.0,1.0,1.0,0.5,10,candidate_z,0.2,1.0,0.44240879560347324,0,-1,nan
S3_transport,F,7,5,5,0,MODEL_INADEQUATE,diagnostic,optimized,160.0,1.0,1.0,0.5,10,selected_z,0.16864,0.8432000000000001,nan,1,1,0.46109992909014963
S3_transport,F,7,5,5,0,MODEL_INADEQUATE,diagnostic,optimized,160.0,1.0,1.0,0.5,10,selected_z,0.16276,0.8137999999999999,nan,1,2,0.3695286320085742
S3_transport,F,7,5,5,0,MODEL_INADEQUATE,diagnostic,optimized,160.0,1.0,1.0,0.5,10,selected_z,0.17452,0.8726,nan,1,3,0.3097824208218576
S3_transport,F,7,5,5,0,MODEL_INADEQUATE,diagnostic,optimized,160.0,1.0,1.0,0.5,10,selected_z,0.15688,0.7843999999999999,nan,1,4,0.2659058012918827
S3_transport,F,7,5,5,0,MODEL_INADEQUATE,diagnostic,optimized,160.0,1.0,1.0,0.5,10,selected_z,0.1804,0.902,nan,1,5,0.2339589770330761
S3_transport,F,7,5,5,0,MODEL_INADEQUATE,diagnostic,optimized,160.0,1.0,1.0,0.5,10,selected_z,0.151,0.7549999999999999,nan,1,6,0.20772576771935292
S3_transport,F,7,5,5,0,MODEL_INADEQUATE,diagnostic,optimized,160.0,1.0,1.0,0.5,10,selected_z,0.18628,0.9314,nan,1,7,0.18799603704471224
S3_transport,F,7,5,5,0,MODEL_INADEQUATE,diagnostic,optimized,160.0,1.0,1.0,0.5,10,selected_z,0.19216,0.9608,nan,1,8,0.17008754756682976
S3_transport,F,7,5,5,0,MODEL_INADEQUATE,diagnostic,optimized,160.0,1.0,1.0,0.5,10,selected_z,0.14512,0.7255999999999999,nan,1,9,0.15720316830253722
S3_transport,F,7,5,5,0,MODEL_INADEQUATE,diagnostic,optimized,160.0,1.0,1.0,0.5,10,selected_z,0.19804,0.9902,nan,1,10,0.14429309601553086
S3_transport,F,7,5,5,0,MODEL_INADEQUATE,diagnostic,optimized,160.0,1.0,1.0,0.5,10,final_z,0.14903999999999998,0.7451999999999999,nan,1,-1,nan
S3_transport,F,7,5,5,0,MODEL_INADEQUATE,diagnostic,optimized,160.0,1.0,1.0,0.5,10,final_z,0.154136,0.7706799999999999,nan,1,-1,nan
S3_transport,F,7,5,5,0,MODEL_INADEQUATE,diagnostic,optimized,160.0,1.0,1.0,0.5,10,final_z,0.15844799999999998,0.7922399999999998,nan,1,-1,nan
S3_transport,F,7,5,5,0,MODEL_INADEQUATE,diagnostic,optimized,160.0,1.0,1.0,0.5,10,final_z,0.16276,0.8137999999999999,nan,1,-1,nan
S3_transport,F,7,5,5,0,MODEL_INADEQUATE,diagnostic,optimized,160.0,1.0,1.0,0.5,10,final_z,0.167072,0.83536,nan,1,-1,nan
S3_transport,F,7,5,5,0,MODEL_INADEQUATE,diagnostic,optimized,160.0,1.0,1.0,0.5,10,final_z,0.171384,0.85692,nan,1,-1,nan
S3_transport,F,7,5,5,0,MODEL_INADEQUATE,diagnostic,optimized,160.0,1.0,1.0,0.5,10,final_z,0.17648000000000003,0.8824000000000001,nan,1,-1,nan
S3_transport,F,7,5,5,0,MODEL_INADEQUATE,diagnostic,optimized,160.0,1.0,1.0,0.5,10,final_z,0.18236000000000002,0.9118,nan,1,-1,nan
S3_transport,F,7,5,5,0,MODEL_INADEQUATE,diagnostic,optimized,160.0,1.0,1.0,0.5,10,final_z,0.18824000000000002,0.9412,nan,1,-1,nan
S3_transport,F,7,5,5,0,MODEL_INADEQUATE,diagnostic,optimized,160.0,1.0,1.0,0.5,10,final_z,0.19412000000000001,0.9706,nan,1,-1,nan
S3_transport,F,7,5,6,0,MODEL_INADEQUATE,diagnostic,optimized,160.0,2.0,1.0,1.0,10,candidate_z,0.004,0.02,0.0011378508540147436,0,-1,nan
S3_transport,F,7,5,6,0,MODEL_INADEQUATE,diagnostic,optimized,160.0,2.0,1.0,1.0,10,candidate_z,0.00596,0.0298,0.0025783158036034592,0,-1,nan
S3_transport,F,7,5,6,0,MODEL_INADEQUATE,diagnostic,optimized,160.0,2.0,1.0,1.0,10,candidate_z,0.00792,0.039599999999999996,0.004545935723747618,0,-1,nan
S3_transport,F,7,5,6,0,MODEL_INADEQUATE,diagnostic,optimized,160.0,2.0,1.0,1.0,10,candidate_z,0.00988,0.0494,0.0069964816345553515,0,-1,nan
S3_transport,F,7,5,6,0,MODEL_INADEQUATE,diagnostic,optimized,160.0,2.0,1.0,1.0,10,candidate_z,0.01184,0.059199999999999996,0.009889456527936602,0,-1,nan
S3_transport,F,7,5,6,0,MODEL_INADEQUATE,diagnostic,optimized,160.0,2.0,1.0,1.0,10,candidate_z,0.0138,0.06899999999999999,0.013188244265290194,0,-1,nan
S3_transport,F,7,5,6,0,MODEL_INADEQUATE,diagnostic,optimized,160.0,2.0,1.0,1.0,10,candidate_z,0.01576,0.0788,0.016859910972225833,0,-1,nan
S3_transport,F,7,5,6,0,MODEL_INADEQUATE,diagnostic,optimized,160.0,2.0,1.0,1.0,10,candidate_z,0.01772,0.0886,0.020874850755237873,0,-1,nan
S3_transport,F,7,5,6,0,MODEL_INADEQUATE,diagnostic,optimized,160.0,2.0,1.0,1.0,10,candidate_z,0.01968,0.09839999999999999,0.02520640989240519,0,-1,nan
S3_transport,F,7,5,6,0,MODEL_INADEQUATE,diagnostic,optimized,160.0,2.0,1.0,1.0,10,candidate_z,0.02164,0.10819999999999999,0.029830490352008354,0,-1,nan
S3_transport,F,7,5,6,0,MODEL_INADEQUATE,diagnostic,optimized,160.0,2.0,1.0,1.0,10,candidate_z,0.0236,0.118,0.03472529246289824,0,-1,nan
S3_transport,F,7,5,6,0,MODEL_INADEQUATE,diagnostic,optimized,160.0,2.0,1.0,1.0,10,candidate_z,0.02556,0.1278,0.03987108910081005,0,-1,nan
S3_transport,F,7,5,6,0,MODEL_INADEQUATE,diagnostic,optimized,160.0,2.0,1.0,1.0,10,candidate_z,0.02752,0.1376,0.04525002770384745,0,-1,nan
S3_transport,F,7,5,6,0,MODEL_INADEQUATE,diagnostic,optimized,160.0,2.0,1.0,1.0,10,candidate_z,0.02948,0.14739999999999998,0.05084602365961999,0,-1,nan
S3_transport,F,7,5,6,0,MODEL_INADEQUATE,diagnostic,optimized,160.0,2.0,1.0,1.0,10,candidate_z,0.031439999999999996,0.15719999999999998,0.05664459653378273,0,-1,nan
S3_transport,F,7,5,6,0,MODEL_INADEQUATE,diagnostic,optimized,160.0,2.0,1.0,1.0,10,candidate_z,0.0334,0.16699999999999998,0.06263281468296,0,-1,nan
S3_transport,F,7,5,6,0,MODEL_INADEQUATE,diagnostic,optimized,160.0,2.0,1.0,1.0,10,candidate_z,0.03536,0.1768,0.06879906636720534,0,-1,nan
S3_transport,F,7,5,6,0,MODEL_INADEQUATE,diagnostic,optimized,160.0,2.0,1.0,1.0,10,candidate_z,0.037320000000000006,0.18660000000000002,0.07513311348479235,0,-1,nan
S3_transport,F,7,5,6,0,MODEL_INADEQUATE,diagnostic,optimized,160.0,2.0,1.0,1.0,10,candidate_z,0.039279999999999995,0.19639999999999996,0.0816257278203345,0,-1,nan
S3_transport,F,7,5,6,0,MODEL_INADEQUATE,diagnostic,optimized,160.0,2.0,1.0,1.0,10,candidate_z,0.04124,0.2062,0.08826871952189208,0,-1,nan
S3_transport,F,7,5,6,0,MODEL_INADEQUATE,diagnostic,optimized,160.0,2.0,1.0,1.0,10,candidate_z,0.0432,0.216,0.09505470825051177,0,-1,nan
S3_transport,F,7,5,6,0,MODEL_INADEQUATE,diagnostic,optimized,160.0,2.0,1.0,1.0,10,candidate_z,0.045160000000000006,0.22580000000000003,0.10197692693954608,0,-1,nan
S3_transport,F,7,5,6,0,MODEL_INADEQUATE,diagnostic,optimized,160.0,2.0,1.0,1.0,10,candidate_z,0.047119999999999995,0.23559999999999998,0.10902927175470722,0,-1,nan
S3_transport,F,7,5,6,0,MODEL_INADEQUATE,diagnostic,optimized,160.0,2.0,1.0,1.0,10,candidate_z,0.04908,0.24539999999999998,0.11620576583290188,0,-1,nan
S3_transport,F,7,5,6,0,MODEL_INADEQUATE,diagnostic,optimized,160.0,2.0,1.0,1.0,10,candidate_z,0.05104,0.2552,0.1235007440102045,0,-1,nan
S3_transport,F,7,5,6,0,MODEL_INADEQUATE,diagnostic,optimized,160.0,2.0,1.0,1.0,10,candidate_z,0.053000000000000005,0.265,0.13090860242657598,0,-1,nan
S3_transport,F,7,5,6,0,MODEL_INADEQUATE,diagnostic,optimized,160.0,2.0,1.0,1.0,10,candidate_z,0.054959999999999995,0.27479999999999993,0.13842361342125642,0,-1,nan
S3_transport,F,7,5,6,0,MODEL_INADEQUATE,diagnostic,optimized,160.0,2.0,1.0,1.0,10,candidate_z,0.05692,0.28459999999999996,0.14603975549274395,0,-1,nan
S3_transport,F,7,5,6,0,MODEL_INADEQUATE,diagnostic,optimized,160.0,2.0,1.0,1.0,10,candidate_z,0.05888,0.2944,0.15375096303833047,0,-1,nan
S3_transport,F,7,5,6,0,MODEL_INADEQUATE,diagnostic,optimized,160.0,2.0,1.0,1.0,10,candidate_z,0.060840000000000005,0.3042,0.1615506122866215,0,-1,nan
S3_transport,F,7,5,6,0,MODEL_INADEQUATE,diagnostic,optimized,160.0,2.0,1.0,1.0,10,candidate_z,0.0628,0.31399999999999995,0.1694316238827831,0,-1,nan
S3_transport,F,7,5,6,0,MODEL_INADEQUATE,diagnostic,optimized,160.0,2.0,1.0,1.0,10,candidate_z,0.06476,0.3238,0.17738633493197753,0,-1,nan
S3_transport,F,7,5,6,0,MODEL_INADEQUATE,diagnostic,optimized,160.0,2.0,1.0,1.0,10,candidate_z,0.06672,0.3336,0.1854066889771886,0,-1,nan
S3_transport,F,7,5,6,0,MODEL_INADEQUATE,diagnostic,optimized,160.0,2.0,1.0,1.0,10,candidate_z,0.06868,0.3434,0.19348399651366677,0,-1,nan
S3_transport,F,7,5,6,0,MODEL_INADEQUATE,diagnostic,optimized,160.0,2.0,1.0,1.0,10,candidate_z,0.07064000000000001,0.3532,0.20160896839161424,0,-1,nan
S3_transport,F,7,5,6,0,MODEL_INADEQUATE,diagnostic,optimized,160.0,2.0,1.0,1.0,10,candidate_z,0.0726,0.363,0.20977183867940496,0,-1,nan
S3_transport,F,7,5,6,0,MODEL_INADEQUATE,diagnostic,optimized,160.0,2.0,1.0,1.0,10,candidate_z,0.07456,0.37279999999999996,0.2179622945047619,0,-1,nan
S3_transport,F,7,5,6,0,MODEL_INADEQUATE,diagnostic,optimized,160.0,2.0,1.0,1.0,10,candidate_z,0.07652,0.3826,0.22616954283805413,0,-1,nan
S3_transport,F,7,5,6,0,MODEL_INADEQUATE,diagnostic,optimized,160.0,2.0,1.0,1.0,10,candidate_z,0.07848,0.39239999999999997,0.23438236633344545,0,-1,nan
S3_transport,F,7,5,6,0,MODEL_INADEQUATE,diagnostic,optimized,160.0,2.0,1.0,1.0,10,candidate_z,0.08044,0.40219999999999995,0.24258918170996324,0,-1,nan
S3_transport,F,7,5,6,0,MODEL_INADEQUATE,diagnostic,optimized,160.0,2.0,1.0,1.0,10,candidate_z,0.0824,0.412,0.25077810479279705,0,-1,nan
S3_transport,F,7,5,6,0,MODEL_INADEQUATE,diagnostic,optimized,160.0,2.0,1.0,1.0,10,candidate_z,0.08436,0.4218,0.2589370214889861,0,-1,nan
S3_transport,F,7,5,6,0,MODEL_INADEQUATE,diagnostic,optimized,160.0,2.0,1.0,1.0,10,candidate_z,0.08632000000000001,0.43160000000000004,0.2670536638576415,0,-1,nan
S3_transport,F,7,5,6,0,MODEL_INADEQUATE,diagnostic,optimized,160.0,2.0,1.0,1.0,10,candidate_z,0.08828,0.44139999999999996,0.2751156930716867,0,-1,nan
S3_transport,F,7,5,6,0,MODEL_INADEQUATE,diagnostic,optimized,160.0,2.0,1.0,1.0,10,candidate_z,0.09024,0.4512,0.28311077133105655,0,-1,nan
S3_transport,F,7,5,6,0,MODEL_INADEQUATE,diagnostic,optimized,160.0,2.0,1.0,1.0,10,candidate_z,0.0922,0.461,0.2910266395451444,0,-1,nan
S3_transport,F,7,5,6,0,MODEL_INADEQUATE,diagnostic,optimized,160.0,2.0,1.0,1.0,10,candidate_z,0.09416,0.47079999999999994,0.2988511867228958,0,-1,nan
S3_transport,F,7,5,6,0,MODEL_INADEQUATE,diagnostic,optimized,160.0,2.0,1.0,1.0,10,candidate_z,0.09612,0.48059999999999997,0.30657253401571793,0,-1,nan
S3_transport,F,7,5,6,0,MODEL_INADEQUATE,diagnostic,optimized,160.0,2.0,1.0,1.0,10,candidate_z,0.09808,0.4904,0.31417909133166333,0,-1,nan
S3_transport,F,7,5,6,0,MODEL_INADEQUATE,diagnostic,optimized,160.0,2.0,1.0,1.0,10,candidate_z,0.10004,0.5002,0.3216596222667647,0,-1,nan
S3_transport,F,7,5,6,0,MODEL_INADEQUATE,diagnostic,optimized,160.0,2.0,1.0,1.0,10,candidate_z,0.10200000000000001,0.51,0.329003297015273,0,-1,nan
S3_transport,F,7,5,6,0,MODEL_INADEQUATE,diagnostic,optimized,160.0,2.0,1.0,1.0,10,candidate_z,0.10396,0.5197999999999999,0.336195281472893,0,-1,nan
S3_transport,F,7,5,6,0,MODEL_INADEQUATE,diagnostic,optimized,160.0,2.0,1.0,1.0,10,candidate_z,0.10592,0.5296,0.34323009749167355,0,-1,nan
S3_transport,F,7,5,6,0,MODEL_INADEQUATE,diagnostic,optimized,160.0,2.0,1.0,1.0,10,candidate_z,0.10788,0.5394,0.3500984401752625,0,-1,nan
S3_transport,F,7,5,6,0,MODEL_INADEQUATE,diagnostic,optimized,160.0,2.0,1.0,1.0,10,candidate_z,0.10984,0.5491999999999999,0.3567915792308938,0,-1,nan
S3_transport,F,7,5,6,0,MODEL_INADEQUATE,diagnostic,optimized,160.0,2.0,1.0,1.0,10,candidate_z,0.1118,0.5589999999999999,0.3633013829649947,0,-1,nan
S3_transport,F,7,5,6,0,MODEL_INADEQUATE,diagnostic,optimized,160.0,2.0,1.0,1.0,10,candidate_z,0.11376,0.5688,0.3696203456313114,0,-1,nan
S3_transport,F,7,5,6,0,MODEL_INADEQUATE,diagnostic,optimized,160.0,2.0,1.0,1.0,10,candidate_z,0.11572,0.5786,0.3757415955203065,0,-1,nan
S3_transport,F,7,5,6,0,MODEL_INADEQUATE,diagnostic,optimized,160.0,2.0,1.0,1.0,10,candidate_z,0.11768,0.5884,0.38165890513474565,0,-1,nan
S3_transport,F,7,5,6,0,MODEL_INADEQUATE,diagnostic,optimized,160.0,2.0,1.0,1.0,10,candidate_z,0.11964,0.5982,0.38736668900247295,0,-1,nan
S3_transport,F,7,5,6,0,MODEL_INADEQUATE,diagnostic,optimized,160.0,2.0,1.0,1.0,10,candidate_z,0.1216,0.608,0.3928600151502728,0,-1,nan
S3_transport,F,7,5,6,0,MODEL_INADEQUATE,diagnostic,optimized,160.0,2.0,1.0,1.0,10,candidate_z,0.12356,0.6178,0.3981345925390407,0,-1,nan
S3_transport,F,7,5,6,0,MODEL_INADEQUATE,diagnostic,optimized,160.0,2.0,1.0,1.0,10,candidate_z,0.12552,0.6275999999999999,0.4031867625921173,0,-1,nan
S3_transport,F,7,5,6,0,MODEL_INADEQUATE,diagnostic,optimized,160.0,2.0,1.0,1.0,10,candidate_z,0.12747999999999998,0.6373999999999999,0.4080134876555981,0,-1,nan
S3_transport,F,7,5,6,0,MODEL_INADEQUATE,diagnostic,optimized,160.0,2.0,1.0,1.0,10,candidate_z,0.12944,0.6472,0.4126123358558935,0,-1,nan
S3_transport,F,7,5,6,0,MODEL_INADEQUATE,diagnostic,optimized,160.0,2.0,1.0,1.0,10,candidate_z,0.1314,0.6569999999999999,0.41698145615891136,0,-1,nan
S3_transport,F,7,5,6,0,MODEL_INADEQUATE,diagnostic,optimized,160.0,2.0,1.0,1.0,10,candidate_z,0.13336,0.6668,0.42111956957943875,0,-1,nan
S3_transport,F,7,5,6,0,MODEL_INADEQUATE,diagnostic,optimized,160.0,2.0,1.0,1.0,10,candidate_z,0.13532,0.6766,0.4250259458231973,0,-1,nan
S3_transport,F,7,5,6,0,MODEL_INADEQUATE,diagnostic,optimized,160.0,2.0,1.0,1.0,10,candidate_z,0.13728,0.6864,0.4287003762570798,0,-1,nan
S3_transport,F,7,5,6,0,MODEL_INADEQUATE,diagnostic,optimized,160.0,2.0,1.0,1.0,10,candidate_z,0.13924,0.6961999999999999,0.43214315025990047,0,-1,nan
S3_transport,F,7,5,6,0,MODEL_INADEQUATE,diagnostic,optimized,160.0,2.0,1.0,1.0,10,candidate_z,0.1412,0.706,0.4353550307831533,0,-1,nan
S3_transport,F,7,5,6,0,MODEL_INADEQUATE,diagnostic,optimized,160.0,2.0,1.0,1.0,10,candidate_z,0.14316,0.7158,0.43833723489344933,0,-1,nan
S3_transport,F,7,5,6,0,MODEL_INADEQUATE,diagnostic,optimized,160.0,2.0,1.0,1.0,10,candidate_z,0.14512,0.7255999999999999,0.44109140316771445,0,-1,nan
S3_transport,F,7,5,6,0,MODEL_INADEQUATE,diagnostic,optimized,160.0,2.0,1.0,1.0,10,candidate_z,0.14708,0.7353999999999999,0.44361956723324525,1,-1,nan
S3_transport,F,7,5,6,0,MODEL_INADEQUATE,diagnostic,optimized,160.0,2.0,1.0,1.0,10,candidate_z,0.14904,0.7452,0.4459241293085974,0,-1,nan
S3_transport,F,7,5,6,0,MODEL_INADEQUATE,diagnostic,optimized,160.0,2.0,1.0,1.0,10,candidate_z,0.151,0.7549999999999999,0.44800783897822427,0,-1,nan
S3_transport,F,7,5,6,0,MODEL_INADEQUATE,diagnostic,optimized,160.0,2.0,1.0,1.0,10,candidate_z,0.15295999999999998,0.7647999999999999,0.4498737660602039,1,-1,nan
S3_transport,F,7,5,6,0,MODEL_INADEQUATE,diagnostic,optimized,160.0,2.0,1.0,1.0,10,candidate_z,0.15492,0.7746,0.4515252790230413,0,-1,nan
S3_transport,F,7,5,6,0,MODEL_INADEQUATE,diagnostic,optimized,160.0,2.0,1.0,1.0,10,candidate_z,0.15688,0.7843999999999999,0.4529660223268088,0,-1,nan
S3_transport,F,7,5,6,0,MODEL_INADEQUATE,diagnostic,optimized,160.0,2.0,1.0,1.0,10,candidate_z,0.15884,0.7942,0.454199885556303,1,-1,nan
S3_transport,F,7,5,6,0,MODEL_INADEQUATE,diagnostic,optimized,160.0,2.0,1.0,1.0,10,candidate_z,0.1608,0.8039999999999999,0.45523098099067383,0,-1,nan
S3_transport,F,7,5,6,0,MODEL_INADEQUATE,diagnostic,optimized,160.0,2.0,1.0,1.0,10,candidate_z,0.16276,0.8137999999999999,0.45606362879557594,0,-1,nan
S3_transport,F,7,5,6,0,MODEL_INADEQUATE,diagnostic,optimized,160.0,2.0,1.0,1.0,10,candidate_z,0.16472,0.8236,0.4567023332392992,1,-1,nan
S3_transport,F,7,5,6,0,MODEL_INADEQUATE,diagnostic,optimized,160.0,2.0,1.0,1.0,10,candidate_z,0.16668,0.8333999999999999,0.45715176312246797,0,-1,nan
S3_transport,F,7,5,6,0,MODEL_INADEQUATE,diagnostic,optimized,160.0,2.0,1.0,1.0,10,candidate_z,0.16864,0.8432000000000001,0.4574167336798034,0,-1,nan
S3_transport,F,7,5,6,0,MODEL_INADEQUATE,diagnostic,optimized,160.0,2.0,1.0,1.0,10,candidate_z,0.1706,0.853,0.4575021874910057,1,-1,nan
S3_transport,F,7,5,6,0,MODEL_INADEQUATE,diagnostic,optimized,160.0,2.0,1.0,1.0,10,candidate_z,0.17256,0.8627999999999999,0.45741317523154024,0,-1,nan
S3_transport,F,7,5,6,0,MODEL_INADEQUATE,diagnostic,optimized,160.0,2.0,1.0,1.0,10,candidate_z,0.17452,0.8726,0.4571548425698886,0,-1,nan
S3_transport,F,7,5,6,0,MODEL_INADEQUATE,diagnostic,optimized,160.0,2.0,1.0,1.0,10,candidate_z,0.17648,0.8824,0.4567324136896609,1,-1,nan
S3_transport,F,7,5,6,0,MODEL_INADEQUATE,diagnostic,optimized,160.0,2.0,1.0,1.0,10,candidate_z,0.17844,0.8921999999999999,0.45615117680572226,0,-1,nan
S3_transport,F,7,5,6,0,MODEL_INADEQUATE,diagnostic,optimized,160.0,2.0,1.0,1.0,10,candidate_z,0.1804,0.902,0.4554164706398076,0,-1,nan
S3_transport,F,7,5,6,0,MODEL_INADEQUATE,diagnostic,optimized,160.0,2.0,1.0,1.0,10,candidate_z,0.18236,0.9117999999999999,0.45453367174346226,1,-1,nan
S3_transport,F,7,5,6,0,MODEL_INADEQUATE,diagnostic,optimized,160.0,2.0,1.0,1.0,10,candidate_z,0.18431999999999998,0.9215999999999999,0.4535081815218369,0,-1,nan
S3_transport,F,7,5,6,0,MODEL_INADEQUATE,diagnostic,optimized,160.0,2.0,1.0,1.0,10,candidate_z,0.18628,0.9314,0.45234541592591526,0,-1,nan
S3_transport,F,7,5,6,0,MODEL_INADEQUATE,diagnostic,optimized,160.0,2.0,1.0,1.0,10,candidate_z,0.18824,0.9411999999999999,0.4510507945667719,1,-1,nan
S3_transport,F,7,5,6,0,MODEL_INADEQUATE,diagnostic,optimized,160.0,2.0,1.0,1.0,10,candidate_z,0.1902,0.951,0.44962973090261116,0,-1,nan
S3_transport,F,7,5,6,0,MODEL_INADEQUATE,diagnostic,optimized,160.0,2.0,1.0,1.0,10,candidate_z,0.19216,0.9608,0.44808762297212823,0,-1,nan
S3_transport,F,7,5,6,0,MODEL_INADEQUATE,diagnostic,optimized,160.0,2.0,1.0,1.0,10,candidate_z,0.19412,0.9705999999999999,0.4464298441240473,1,-1,nan
S3_transport,F,7,5,6,0,MODEL_INADEQUATE,diagnostic,optimized,160.0,2.0,1.0,1.0,10,candidate_z,0.19608,0.9803999999999999,0.4446617365671379,0,-1,nan
S3_transport,F,7,5,6,0,MODEL_INADEQUATE,diagnostic,optimized,160.0,2.0,1.0,1.0,10,candidate_z,0.19804,0.9902,0.44278860328622827,0,-1,nan
S3_transport,F,7,5,6,0,MODEL_INADEQUATE,diagnostic,optimized,160.0,2.0,1.0,1.0,10,candidate_z,0.2,1.0,0.44081570143999116,1,-1,nan
S3_transport,F,7,5,6,0,MODEL_INADEQUATE,diagnostic,optimized,160.0,2.0,1.0,1.0,10,selected_z,0.1706,0.853,nan,1,1,0.4575021874910057
S3_transport,F,7,5,6,0,MODEL_INADEQUATE,diagnostic,optimized,160.0,2.0,1.0,1.0,10,selected_z,0.16472,0.8236,nan,1,2,0.36729513148486603
S3_transport,F,7,5,6,0,MODEL_INADEQUATE,diagnostic,optimized,160.0,2.0,1.0,1.0,10,selected_z,0.17648,0.8824,nan,1,3,0.30800246013817656
S3_transport,F,7,5,6,0,MODEL_INADEQUATE,diagnostic,optimized,160.0,2.0,1.0,1.0,10,selected_z,0.15884,0.7942,nan,1,4,0.26484959336847425
S3_transport,F,7,5,6,0,MODEL_INADEQUATE,diagnostic,optimized,160.0,2.0,1.0,1.0,10,selected_z,0.18236,0.9117999999999999,nan,1,5,0.23284805972811284
S3_transport,F,7,5,6,0,MODEL_INADEQUATE,diagnostic,optimized,160.0,2.0,1.0,1.0,10,selected_z,0.15295999999999998,0.7647999999999999,nan,1,6,0.2072089442243339
S3_transport,F,7,5,6,0,MODEL_INADEQUATE,diagnostic,optimized,160.0,2.0,1.0,1.0,10,selected_z,0.18824,0.9411999999999999,nan,1,7,0.18722235165382983
S3_transport,F,7,5,6,0,MODEL_INADEQUATE,diagnostic,optimized,160.0,2.0,1.0,1.0,10,selected_z,0.14708,0.7353999999999999,nan,1,8,0.16987872972783435
S3_transport,F,7,5,6,0,MODEL_INADEQUATE,diagnostic,optimized,160.0,2.0,1.0,1.0,10,selected_z,0.19412,0.9705999999999999,nan,1,9,0.1566383307804955
S3_transport,F,7,5,6,0,MODEL_INADEQUATE,diagnostic,optimized,160.0,2.0,1.0,1.0,10,selected_z,0.2,1.0,nan,1,10,0.14382846006629535
S3_transport,F,7,5,6,0,MODEL_INADEQUATE,diagnostic,optimized,160.0,2.0,1.0,1.0,10,final_z,0.15099999999999997,0.7549999999999998,nan,1,-1,nan
S3_transport,F,7,5,6,0,MODEL_INADEQUATE,diagnostic,optimized,160.0,2.0,1.0,1.0,10,final_z,0.15609599999999998,0.7804799999999998,nan,1,-1,nan
S3_transport,F,7,5,6,0,MODEL_INADEQUATE,diagnostic,optimized,160.0,2.0,1.0,1.0,10,final_z,0.160408,0.80204,nan,1,-1,nan
S3_transport,F,7,5,6,0,MODEL_INADEQUATE,diagnostic,optimized,160.0,2.0,1.0,1.0,10,final_z,0.16472,0.8236,nan,1,-1,nan
S3_transport,F,7,5,6,0,MODEL_INADEQUATE,diagnostic,optimized,160.0,2.0,1.0,1.0,10,final_z,0.16903200000000002,0.84516,nan,1,-1,nan
S3_transport,F,7,5,6,0,MODEL_INADEQUATE,diagnostic,optimized,160.0,2.0,1.0,1.0,10,final_z,0.173344,0.8667199999999999,nan,1,-1,nan
S3_transport,F,7,5,6,0,MODEL_INADEQUATE,diagnostic,optimized,160.0,2.0,1.0,1.0,10,final_z,0.17844000000000002,0.8922,nan,1,-1,nan
S3_transport,F,7,5,6,0,MODEL_INADEQUATE,diagnostic,optimized,160.0,2.0,1.0,1.0,10,final_z,0.18432,0.9216,nan,1,-1,nan
S3_transport,F,7,5,6,0,MODEL_INADEQUATE,diagnostic,optimized,160.0,2.0,1.0,1.0,10,final_z,0.1902,0.951,nan,1,-1,nan
S3_transport,F,7,5,6,0,MODEL_INADEQUATE,diagnostic,optimized,160.0,2.0,1.0,1.0,10,final_z,0.19608000000000003,0.9804000000000002,nan,1,-1,nan
S3_transport,F,7,6,1,0,MODEL_INADEQUATE,diagnostic,optimized,160.0,0.5,1.0,1.0,10,candidate_z,0.004,0.02,0.008708855927277881,0,-1,nan
S3_transport,F,7,6,1,0,MODEL_INADEQUATE,diagnostic,optimized,160.0,0.5,1.0,1.0,10,candidate_z,0.00596,0.0298,0.017672966144235858,0,-1,nan
S3_transport,F,7,6,1,0,MODEL_INADEQUATE,diagnostic,optimized,160.0,0.5,1.0,1.0,10,candidate_z,0.00792,0.039599999999999996,0.028529300109791933,0,-1,nan
S3_transport,F,7,6,1,0,MODEL_INADEQUATE,diagnostic,optimized,160.0,0.5,1.0,1.0,10,candidate_z,0.00988,0.0494,0.04068832237392783,0,-1,nan
S3_transport,F,7,6,1,0,MODEL_INADEQUATE,diagnostic,optimized,160.0,0.5,1.0,1.0,10,candidate_z,0.01184,0.059199999999999996,0.05373522280771326,0,-1,nan
S3_transport,F,7,6,1,0,MODEL_INADEQUATE,diagnostic,optimized,160.0,0.5,1.0,1.0,10,candidate_z,0.0138,0.06899999999999999,0.0673840334385396,0,-1,nan
S3_transport,F,7,6,1,0,MODEL_INADEQUATE,diagnostic,optimized,160.0,0.5,1.0,1.0,10,candidate_z,0.01576,0.0788,0.08141892069371792,0,-1,nan
S3_transport,F,7,6,1,0,MODEL_INADEQUATE,diagnostic,optimized,160.0,0.5,1.0,1.0,10,candidate_z,0.01772,0.0886,0.09563767506530851,0,-1,nan
S3_transport,F,7,6,1,0,MODEL_INADEQUATE,diagnostic,optimized,160.0,0.5,1.0,1.0,10,candidate_z,0.01968,0.09839999999999999,0.10981330850308169,0,-1,nan
S3_transport,F,7,6,1,0,MODEL_INADEQUATE,diagnostic,optimized,160.0,0.5,1.0,1.0,10,candidate_z,0.02164,0.10819999999999999,0.12368118574994114,0,-1,nan
S3_transport,F,7,6,1,0,MODEL_INADEQUATE,diagnostic,optimized,160.0,0.5,1.0,1.0,10,candidate_z,0.0236,0.118,0.1369477116528408,0,-1,nan
S3_transport,F,7,6,1,0,MODEL_INADEQUATE,diagnostic,optimized,160.0,0.5,1.0,1.0,10,candidate_z,0.02556,0.1278,0.14931348106624043,0,-1,nan
S3_transport,F,7,6,1,0,MODEL_INADEQUATE,diagnostic,optimized,160.0,0.5,1.0,1.0,10,candidate_z,0.02752,0.1376,0.16050110148641394,0,-1,nan
S3_transport,F,7,6,1,0,MODEL_INADEQUATE,diagnostic,optimized,160.0,0.5,1.0,1.0,10,candidate_z,0.02948,0.14739999999999998,0.17027993720566315,0,-1,nan
S3_transport,F,7,6,1,0,MODEL_INADEQUATE,diagnostic,optimized,160.0,0.5,1.0,1.0,10,candidate_z,0.031439999999999996,0.15719999999999998,0.17848313949668082,0,-1,nan
S3_transport,F,7,6,1,0,MODEL_INADEQUATE,diagnostic,optimized,160.0,0.5,1.0,1.0,10,candidate_z,0.0334,0.16699999999999998,0.18501546134128333,0,-1,nan
S3_transport,F,7,6,1,0,MODEL_INADEQUATE,diagnostic,optimized,160.0,0.5,1.0,1.0,10,candidate_z,0.03536,0.1768,0.18985279430861368,0,-1,nan
S3_transport,F,7,6,1,0,MODEL_INADEQUATE,diagnostic,optimized,160.0,0.5,1.0,1.0,10,candidate_z,0.037320000000000006,0.18660000000000002,0.19303546756145806,1,-1,nan
S3_transport,F,7,6,1,0,MODEL_INADEQUATE,diagnostic,optimized,160.0,0.5,1.0,1.0,10,candidate_z,0.039279999999999995,0.19639999999999996,0.1946578009433999,0,-1,nan
S3_transport,F,7,6,1,0,MODEL_INADEQUATE,diagnostic,optimized,160.0,0.5,1.0,1.0,10,candidate_z,0.04124,0.2062,0.19485601213453307,0,-1,nan
S3_transport,F,7,6,1,0,MODEL_INADEQUATE,diagnostic,optimized,160.0,0.5,1.0,1.0,10,candidate_z,0.0432,0.216,0.19379605173508097,1,-1,nan
S3_transport,F,7,6,1,0,MODEL_INADEQUATE,diagnostic,optimized,160.0,0.5,1.0,1.0,10,candidate_z,0.045160000000000006,0.22580000000000003,0.19166243540422556,0,-1,nan
S3_transport,F,7,6,1,0,MODEL_INADEQUATE,diagnostic,optimized,160.0,0.5,1.0,1.0,10,candidate_z,0.047119999999999995,0.23559999999999998,0.18864857522997625,0,-1,nan
S3_transport,F,7,6,1,0,MODEL_INADEQUATE,diagnostic,optimized,160.0,0.5,1.0,1.0,10,candidate_z,0.04908,0.24539999999999998,0.18494879257911023,1,-1,nan
S3_transport,F,7,6,1,0,MODEL_INADEQUATE,diagnostic,optimized,160.0,0.5,1.0,1.0,10,candidate_z,0.05104,0.2552,0.1807520231957973,0,-1,nan
S3_transport,F,7,6,1,0,MODEL_INADEQUATE,diagnostic,optimized,160.0,0.5,1.0,1.0,10,candidate_z,0.053000000000000005,0.265,0.17623707886295037,0,-1,nan
S3_transport,F,7,6,1,0,MODEL_INADEQUATE,diagnostic,optimized,160.0,0.5,1.0,1.0,10,candidate_z,0.054959999999999995,0.27479999999999993,0.17156920850585067,0,-1,nan
S3_transport,F,7,6,1,0,MODEL_INADEQUATE,diagnostic,optimized,160.0,0.5,1.0,1.0,10,candidate_z,0.05692,0.28459999999999996,0.16689773116848627,0,-1,nan
S3_transport,F,7,6,1,0,MODEL_INADEQUATE,diagnostic,optimized,160.0,0.5,1.0,1.0,10,candidate_z,0.05888,0.2944,0.1623547159805021,0,-1,nan
S3_transport,F,7,6,1,0,MODEL_INADEQUATE,diagnostic,optimized,160.0,0.5,1.0,1.0,10,candidate_z,0.060840000000000005,0.3042,0.15805443731522928,0,-1,nan
S3_transport,F,7,6,1,0,MODEL_INADEQUATE,diagnostic,optimized,160.0,0.5,1.0,1.0,10,candidate_z,0.0628,0.31399999999999995,0.1540932874054306,0,-1,nan
S3_transport,F,7,6,1,0,MODEL_INADEQUATE,diagnostic,optimized,160.0,0.5,1.0,1.0,10,candidate_z,0.06476,0.3238,0.15055027066594207,0,-1,nan
S3_transport,F,7,6,1,0,MODEL_INADEQUATE,diagnostic,optimized,160.0,0.5,1.0,1.0,10,candidate_z,0.06672,0.3336,0.14748787307847877,0,-1,nan
S3_transport,F,7,6,1,0,MODEL_INADEQUATE,diagnostic,optimized,160.0,0.5,1.0,1.0,10,candidate_z,0.06868,0.3434,0.14495310396766214,0,-1,nan
S3_transport,F,7,6,1,0,MODEL_INADEQUATE,diagnostic,optimized,160.0,0.5,1.0,1.0,10,candidate_z,0.07064000000000001,0.3532,0.14297883461398797,0,-1,nan
S3_transport,F,7,6,1,0,MODEL_INADEQUATE,diagnostic,optimized,160.0,0.5,1.0,1.0,10,candidate_z,0.0726,0.363,0.14158517971949536,0,-1,nan
S3_transport,F,7,6,1,0,MODEL_INADEQUATE,diagnostic,optimized,160.0,0.5,1.0,1.0,10,candidate_z,0.07456,0.37279999999999996,0.14078096385406624,0,-1,nan
S3_transport,F,7,6,1,0,MODEL_INADEQUATE,diagnostic,optimized,160.0,0.5,1.0,1.0,10,candidate_z,0.07652,0.3826,0.14056518192408518,0,-1,nan
S3_transport,F,7,6,1,0,MODEL_INADEQUATE,diagnostic,optimized,160.0,0.5,1.0,1.0,10,candidate_z,0.07848,0.39239999999999997,0.14092843139466282,0,-1,nan
S3_transport,F,7,6,1,0,MODEL_INADEQUATE,diagnostic,optimized,160.0,0.5,1.0,1.0,10,candidate_z,0.08044,0.40219999999999995,0.14185428613063067,0,-1,nan
S3_transport,F,7,6,1,0,MODEL_INADEQUATE,diagnostic,optimized,160.0,0.5,1.0,1.0,10,candidate_z,0.0824,0.412,0.14332058394865044,0,-1,nan
S3_transport,F,7,6,1,0,MODEL_INADEQUATE,diagnostic,optimized,160.0,0.5,1.0,1.0,10,candidate_z,0.08436,0.4218,0.14530060553571644,0,-1,nan
S3_transport,F,7,6,1,0,MODEL_INADEQUATE,diagnostic,optimized,160.0,0.5,1.0,1.0,10,candidate_z,0.08632000000000001,0.43160000000000004,0.1477641599035664,0,-1,nan
S3_transport,F,7,6,1,0,MODEL_INADEQUATE,diagnostic,optimized,160.0,0.5,1.0,1.0,10,candidate_z,0.08828,0.44139999999999996,0.15067852890206623,0,-1,nan
S3_transport,F,7,6,1,0,MODEL_INADEQUATE,diagnostic,optimized,160.0,0.5,1.0,1.0,10,candidate_z,0.09024,0.4512,0.15400932436937254,0,-1,nan
S3_transport,F,7,6,1,0,MODEL_INADEQUATE,diagnostic,optimized,160.0,0.5,1.0,1.0,10,candidate_z,0.0922,0.461,0.15772123005426764,0,-1,nan
S3_transport,F,7,6,1,0,MODEL_INADEQUATE,diagnostic,optimized,160.0,0.5,1.0,1.0,10,candidate_z,0.09416,0.47079999999999994,0.16177857064132795,0,-1,nan
S3_transport,F,7,6,1,0,MODEL_INADEQUATE,diagnostic,optimized,160.0,0.5,1.0,1.0,10,candidate_z,0.09612,0.48059999999999997,0.1661459150577791,0,-1,nan
S3_transport,F,7,6,1,0,MODEL_INADEQUATE,diagnostic,optimized,160.0,0.5,1.0,1.0,10,candidate_z,0.09808,0.4904,0.17078843224338058,0,-1,nan
S3_transport,F,7,6,1,0,MODEL_INADEQUATE,diagnostic,optimized,160.0,0.5,1.0,1.0,10,candidate_z,0.10004,0.5002,0.17567228023999348,0,-1,nan
S3_transport,F,7,6,1,0,MODEL_INADEQUATE,diagnostic,optimized,160.0,0.5,1.0,1.0,10,candidate_z,0.10200000000000001,0.51,0.18076489091083303,0,-1,nan
S3_transport,F,7,6,1,0,MODEL_INADEQUATE,diagnostic,optimized,160.0,0.5,1.0,1.0,10,candidate_z,0.10396,0.5197999999999999,0.1860315047926413,0,-1,nan
S3_transport,F,7,6,1,0,MODEL_INADEQUATE,diagnostic,optimized,160.0,0.5,1.0,1.0,10,candidate_z,0.10592,0.5296,0.19144603154625273,0,-1,nan
S3_transport,F,7,6,1,0,MODEL_INADEQUATE,diagnostic,optimized,160.0,0.5,1.0,1.0,10,candidate_z,0.10788,0.5394,0.19698066641309353,0,-1,nan
S3_transport,F,7,6,1,0,MODEL_INADEQUATE,diagnostic,optimized,160.0,0.5,1.0,1.0,10,candidate_z,0.10984,0.5491999999999999,0.20260941470406024,0,-1,nan
S3_transport,F,7,6,1,0,MODEL_INADEQUATE,diagnostic,optimized,160.0,0.5,1.0,1.0,10,candidate_z,0.1118,0.5589999999999999,0.20830809092790048,0,-1,nan
S3_transport,F,7,6,1,0,MODEL_INADEQUATE,diagnostic,optimized,160.0,0.5,1.0,1.0,10,candidate_z,0.11376,0.5688,0.21405427400580734,0,-1,nan
S3_transport,F,7,6,1,0,MODEL_INADEQUATE,diagnostic,optimized,160.0,0.5,1.0,1.0,10,candidate_z,0.11572,0.5786,0.21982737253085816,0,-1,nan
S3_transport,F,7,6,1,0,MODEL_INADEQUATE,diagnostic,optimized,160.0,0.5,1.0,1.0,10,candidate_z,0.11768,0.5884,0.22560847501599213,0,-1,nan
S3_transport,F,7,6,1,0,MODEL_INADEQUATE,diagnostic,optimized,160.0,0.5,1.0,1.0,10,candidate_z,0.11964,0.5982,0.2313803860541448,0,-1,nan
S3_transport,F,7,6,1,0,MODEL_INADEQUATE,diagnostic,optimized,160.0,0.5,1.0,1.0,10,candidate_z,0.1216,0.608,0.2371275162808466,0,-1,nan
S3_transport,F,7,6,1,0,MODEL_INADEQUATE,diagnostic,optimized,160.0,0.5,1.0,1.0,10,candidate_z,0.12356,0.6178,0.24283578930340965,0,-1,nan
S3_transport,F,7,6,1,0,MODEL_INADEQUATE,diagnostic,optimized,160.0,0.5,1.0,1.0,10,candidate_z,0.12552,0.6275999999999999,0.24849261805139022,0,-1,nan
S3_transport,F,7,6,1,0,MODEL_INADEQUATE,diagnostic,optimized,160.0,0.5,1.0,1.0,10,candidate_z,0.12747999999999998,0.6373999999999999,0.2540867577701107,0,-1,nan
S3_transport,F,7,6,1,0,MODEL_INADEQUATE,diagnostic,optimized,160.0,0.5,1.0,1.0,10,candidate_z,0.12944,0.6472,0.2596082757765643,0,-1,nan
S3_transport,F,7,6,1,0,MODEL_INADEQUATE,diagnostic,optimized,160.0,0.5,1.0,1.0,10,candidate_z,0.1314,0.6569999999999999,0.26504844446961684,0,-1,nan
S3_transport,F,7,6,1,0,MODEL_INADEQUATE,diagnostic,optimized,160.0,0.5,1.0,1.0,10,candidate_z,0.13336,0.6668,0.2703996445138479,0,-1,nan
S3_transport,F,7,6,1,0,MODEL_INADEQUATE,diagnostic,optimized,160.0,0.5,1.0,1.0,10,candidate_z,0.13532,0.6766,0.2756553154853698,0,-1,nan
S3_transport,F,7,6,1,0,MODEL_INADEQUATE,diagnostic,optimized,160.0,0.5,1.0,1.0,10,candidate_z,0.13728,0.6864,0.2808098444459368,0,-1,nan
S3_transport,F,7,6,1,0,MODEL_INADEQUATE,diagnostic,optimized,160.0,0.5,1.0,1.0,10,candidate_z,0.13924,0.6961999999999999,0.28585851449239996,0,-1,nan
S3_transport,F,7,6,1,0,MODEL_INADEQUATE,diagnostic,optimized,160.0,0.5,1.0,1.0,10,candidate_z,0.1412,0.706,0.29079742459830626,0,-1,nan
S3_transport,F,7,6,1,0,MODEL_INADEQUATE,diagnostic,optimized,160.0,0.5,1.0,1.0,10,candidate_z,0.14316,0.7158,0.29562341085555843,0,-1,nan
S3_transport,F,7,6,1,0,MODEL_INADEQUATE,diagnostic,optimized,160.0,0.5,1.0,1.0,10,candidate_z,0.14512,0.7255999999999999,0.3003339989077318,0,-1,nan
S3_transport,F,7,6,1,0,MODEL_INADEQUATE,diagnostic,optimized,160.0,0.5,1.0,1.0,10,candidate_z,0.14708,0.7353999999999999,0.3049273228561269,0,-1,nan
S3_transport,F,7,6,1,0,MODEL_INADEQUATE,diagnostic,optimized,160.0,0.5,1.0,1.0,10,candidate_z,0.14904,0.7452,0.30940207965785405,0,-1,nan
S3_transport,F,7,6,1,0,MODEL_INADEQUATE,diagnostic,optimized,160.0,0.5,1.0,1.0,10,candidate_z,0.151,0.7549999999999999,0.31375747893656225,0,-1,nan
S3_transport,F,7,6,1,0,MODEL_INADEQUATE,diagnostic,optimized,160.0,0.5,1.0,1.0,10,candidate_z,0.15295999999999998,0.7647999999999999,0.31799317757345236,0,-1,nan
S3_transport,F,7,6,1,0,MODEL_INADEQUATE,diagnostic,optimized,160.0,0.5,1.0,1.0,10,candidate_z,0.15492,0.7746,0.3221092458796839,0,-1,nan
S3_transport,F,7,6,1,0,MODEL_INADEQUATE,diagnostic,optimized,160.0,0.5,1.0,1.0,10,candidate_z,0.15688,0.7843999999999999,0.3261061167886581,0,-1,nan
S3_transport,F,7,6,1,0,MODEL_INADEQUATE,diagnostic,optimized,160.0,0.5,1.0,1.0,10,candidate_z,0.15884,0.7942,0.32998454437517566,0,-1,nan
S3_transport,F,7,6,1,0,MODEL_INADEQUATE,diagnostic,optimized,160.0,0.5,1.0,1.0,10,candidate_z,0.1608,0.8039999999999999,0.3337455770378064,0,-1,nan
S3_transport,F,7,6,1,0,MODEL_INADEQUATE,diagnostic,optimized,160.0,0.5,1.0,1.0,10,candidate_z,0.16276,0.8137999999999999,0.3373905094238445,0,-1,nan
S3_transport,F,7,6,1,0,MODEL_INADEQUATE,diagnostic,optimized,160.0,0.5,1.0,1.0,10,candidate_z,0.16472,0.8236,0.34092085835081676,1,-1,nan
S3_transport,F,7,6,1,0,MODEL_INADEQUATE,diagnostic,optimized,160.0,0.5,1.0,1.0,10,candidate_z,0.16668,0.8333999999999999,0.3443383351367153,0,-1,nan
S3_transport,F,7,6,1,0,MODEL_INADEQUATE,diagnostic,optimized,160.0,0.5,1.0,1.0,10,candidate_z,0.16864,0.8432000000000001,0.3476448119230433,0,-1,nan
S3_transport,F,7,6,1,0,MODEL_INADEQUATE,diagnostic,optimized,160.0,0.5,1.0,1.0,10,candidate_z,0.1706,0.853,0.35084230794492655,1,-1,nan
S3_transport,F,7,6,1,0,MODEL_INADEQUATE,diagnostic,optimized,160.0,0.5,1.0,1.0,10,candidate_z,0.17256,0.8627999999999999,0.3539329578279826,0,-1,nan
S3_transport,F,7,6,1,0,MODEL_INADEQUATE,diagnostic,optimized,160.0,0.5,1.0,1.0,10,candidate_z,0.17452,0.8726,0.356918994323582,0,-1,nan
S3_transport,F,7,6,1,0,MODEL_INADEQUATE,diagnostic,optimized,160.0,0.5,1.0,1.0,10,candidate_z,0.17648,0.8824,0.3598027350489268,1,-1,nan
S3_transport,F,7,6,1,0,MODEL_INADEQUATE,diagnostic,optimized,160.0,0.5,1.0,1.0,10,candidate_z,0.17844,0.8921999999999999,0.3625865580464769,0,-1,nan
S3_transport,F,7,6,1,0,MODEL_INADEQUATE,diagnostic,optimized,160.0,0.5,1.0,1.0,10,candidate_z,0.1804,0.902,0.3652728945767585,0,-1,nan
S3_transport,F,7,6,1,0,MODEL_INADEQUATE,diagnostic,optimized,160.0,0.5,1.0,1.0,10,candidate_z,0.18236,0.9117999999999999,0.367864211003301,1,-1,nan
S3_transport,F,7,6,1,0,MODEL_INADEQUATE,diagnostic,optimized,160.0,0.5,1.0,1.0,10,candidate_z,0.18431999999999998,0.9215999999999999,0.3703629963427737,0,-1,nan
S3_transport,F,7,6,1,0,MODEL_INADEQUATE,diagnostic,optimized,160.0,0.5,1.0,1.0,10,candidate_z,0.18628,0.9314,0.37277175609604996,0,-1,nan
S3_transport,F,7,6,1,0,MODEL_INADEQUATE,diagnostic,optimized,160.0,0.5,1.0,1.0,10,candidate_z,0.18824,0.9411999999999999,0.37509299730250234,1,-1,nan
S3_transport,F,7,6,1,0,MODEL_INADEQUATE,diagnostic,optimized,160.0,0.5,1.0,1.0,10,candidate_z,0.1902,0.951,0.37732922428656224,0,-1,nan
S3_transport,F,7,6,1,0,MODEL_INADEQUATE,diagnostic,optimized,160.0,0.5,1.0,1.0,10,candidate_z,0.19216,0.9608,0.3794829289434638,0,-1,nan
S3_transport,F,7,6,1,0,MODEL_INADEQUATE,diagnostic,optimized,160.0,0.5,1.0,1.0,10,candidate_z,0.19412,0.9705999999999999,0.3815565836990409,1,-1,nan
S3_transport,F,7,6,1,0,MODEL_INADEQUATE,diagnostic,optimized,160.0,0.5,1.0,1.0,10,candidate_z,0.19608,0.9803999999999999,0.3835526377763969,0,-1,nan
S3_transport,F,7,6,1,0,MODEL_INADEQUATE,diagnostic,optimized,160.0,0.5,1.0,1.0,10,candidate_z,0.19804,0.9902,0.38547350943614944,0,-1,nan
S3_transport,F,7,6,1,0,MODEL_INADEQUATE,diagnostic,optimized,160.0,0.5,1.0,1.0,10,candidate_z,0.2,1.0,0.38732158378270753,1,-1,nan
S3_transport,F,7,6,1,0,MODEL_INADEQUATE,diagnostic,optimized,160.0,0.5,1.0,1.0,10,selected_z,0.2,1.0,nan,1,1,0.38732158378270753
S3_transport,F,7,6,1,0,MODEL_INADEQUATE,diagnostic,optimized,160.0,0.5,1.0,1.0,10,selected_z,0.19412,0.9705999999999999,nan,1,2,0.31496289336724814
S3_transport,F,7,6,1,0,MODEL_INADEQUATE,diagnostic,optimized,160.0,0.5,1.0,1.0,10,selected_z,0.18824,0.9411999999999999,nan,1,3,0.2653021983508381
S3_transport,F,7,6,1,0,MODEL_INADEQUATE,diagnostic,optimized,160.0,0.5,1.0,1.0,10,selected_z,0.18236,0.9117999999999999,nan,1,4,0.22867470760737518
S3_transport,F,7,6,1,0,MODEL_INADEQUATE,diagnostic,optimized,160.0,0.5,1.0,1.0,10,selected_z,0.17648,0.8824,nan,1,5,0.20028280722058867
S3_transport,F,7,6,1,0,MODEL_INADEQUATE,diagnostic,optimized,160.0,0.5,1.0,1.0,10,selected_z,0.0432,0.216,nan,1,6,0.1886720500974377
S3_transport,F,7,6,1,0,MODEL_INADEQUATE,diagnostic,optimized,160.0,0.5,1.0,1.0,10,selected_z,0.1706,0.853,nan,1,7,0.177203709379242
S3_transport,F,7,6,1,0,MODEL_INADEQUATE,diagnostic,optimized,160.0,0.5,1.0,1.0,10,selected_z,0.037320000000000006,0.18660000000000002,nan,1,8,0.16752589116576644
S3_transport,F,7,6,1,0,MODEL_INADEQUATE,diagnostic,optimized,160.0,0.5,1.0,1.0,10,selected_z,0.16472,0.8236,nan,1,9,0.158125182190048
S3_transport,F,7,6,1,0,MODEL_INADEQUATE,diagnostic,optimized,160.0,0.5,1.0,1.0,10,selected_z,0.04908,0.24539999999999998,nan,1,10,0.15368493835992325
S3_transport,F,7,6,1,0,MODEL_INADEQUATE,diagnostic,optimized,160.0,0.5,1.0,1.0,10,final_z,0.038888000000000006,0.19444000000000003,nan,1,-1,nan
S3_transport,F,7,6,1,0,MODEL_INADEQUATE,diagnostic,optimized,160.0,0.5,1.0,1.0,10,final_z,0.0432,0.216,nan,1,-1,nan
S3_transport,F,7,6,1,0,MODEL_INADEQUATE,diagnostic,optimized,160.0,0.5,1.0,1.0,10,final_z,0.047512,0.23756,nan,1,-1,nan
S3_transport,F,7,6,1,0,MODEL_INADEQUATE,diagnostic,optimized,160.0,0.5,1.0,1.0,10,final_z,0.16863999999999998,0.8431999999999998,nan,1,-1,nan
S3_transport,F,7,6,1,0,MODEL_INADEQUATE,diagnostic,optimized,160.0,0.5,1.0,1.0,10,final_z,0.17451999999999998,0.8725999999999998,nan,1,-1,nan
S3_transport,F,7,6,1,0,MODEL_INADEQUATE,diagnostic,optimized,160.0,0.5,1.0,1.0,10,final_z,0.18039999999999998,0.9019999999999998,nan,1,-1,nan
S3_transport,F,7,6,1,0,MODEL_INADEQUATE,diagnostic,optimized,160.0,0.5,1.0,1.0,10,final_z,0.18627999999999997,0.9313999999999998,nan,1,-1,nan
S3_transport,F,7,6,1,0,MODEL_INADEQUATE,diagnostic,optimized,160.0,0.5,1.0,1.0,10,final_z,0.191376,0.95688,nan,1,-1,nan
S3_transport,F,7,6,1,0,MODEL_INADEQUATE,diagnostic,optimized,160.0,0.5,1.0,1.0,10,final_z,0.19568799999999997,0.9784399999999999,nan,1,-1,nan
S3_transport,F,7,6,1,0,MODEL_INADEQUATE,diagnostic,optimized,160.0,0.5,1.0,1.0,10,final_z,0.2,1.0,nan,1,-1,nan
S3_transport,F,7,6,2,1,MODEL_INADEQUATE,diagnostic,optimized,100.0,0.5,1.0,1.0,10,candidate_z,0.004,0.02,0.00043058342162183294,0,-1,nan
S3_transport,F,7,6,2,1,MODEL_INADEQUATE,diagnostic,optimized,100.0,0.5,1.0,1.0,10,candidate_z,0.00596,0.0298,0.0008156563869370359,0,-1,nan
S3_transport,F,7,6,2,1,MODEL_INADEQUATE,diagnostic,optimized,100.0,0.5,1.0,1.0,10,candidate_z,0.00792,0.039599999999999996,0.0013151201345600327,0,-1,nan
S3_transport,F,7,6,2,1,MODEL_INADEQUATE,diagnostic,optimized,100.0,0.5,1.0,1.0,10,candidate_z,0.00988,0.0494,0.0019231452917942704,0,-1,nan
S3_transport,F,7,6,2,1,MODEL_INADEQUATE,diagnostic,optimized,100.0,0.5,1.0,1.0,10,candidate_z,0.01184,0.059199999999999996,0.002634406945187351,0,-1,nan
S3_transport,F,7,6,2,1,MODEL_INADEQUATE,diagnostic,optimized,100.0,0.5,1.0,1.0,10,candidate_z,0.0138,0.06899999999999999,0.003444115721993768,0,-1,nan
S3_transport,F,7,6,2,1,MODEL_INADEQUATE,diagnostic,optimized,100.0,0.5,1.0,1.0,10,candidate_z,0.01576,0.0788,0.004348028329875575,0,-1,nan
S3_transport,F,7,6,2,1,MODEL_INADEQUATE,diagnostic,optimized,100.0,0.5,1.0,1.0,10,candidate_z,0.01772,0.0886,0.005342436015009611,0,-1,nan
S3_transport,F,7,6,2,1,MODEL_INADEQUATE,diagnostic,optimized,100.0,0.5,1.0,1.0,10,candidate_z,0.01968,0.09839999999999999,0.006424139561111986,0,-1,nan
S3_transport,F,7,6,2,1,MODEL_INADEQUATE,diagnostic,optimized,100.0,0.5,1.0,1.0,10,candidate_z,0.02164,0.10819999999999999,0.007590412511081723,0,-1,nan
S3_transport,F,7,6,2,1,MODEL_INADEQUATE,diagnostic,optimized,100.0,0.5,1.0,1.0,10,candidate_z,0.0236,0.118,0.008838961648724108,0,-1,nan
S3_transport,F,7,6,2,1,MODEL_INADEQUATE,diagnostic,optimized,100.0,0.5,1.0,1.0,10,candidate_z,0.02556,0.1278,0.010167886019146977,0,-1,nan
S3_transport,F,7,6,2,1,MODEL_INADEQUATE,diagnostic,optimized,100.0,0.5,1.0,1.0,10,candidate_z,0.02752,0.1376,0.011575631121335306,0,-1,nan
S3_transport,F,7,6,2,1,MODEL_INADEQUATE,diagnostic,optimized,100.0,0.5,1.0,1.0,10,candidate_z,0.02948,0.14739999999999998,0.013060958358142472,0,-1,nan
S3_transport,F,7,6,2,1,MODEL_INADEQUATE,diagnostic,optimized,100.0,0.5,1.0,1.0,10,candidate_z,0.031439999999999996,0.15719999999999998,0.01462291126799542,0,-1,nan
S3_transport,F,7,6,2,1,MODEL_INADEQUATE,diagnostic,optimized,100.0,0.5,1.0,1.0,10,candidate_z,0.0334,0.16699999999999998,0.01626078726501845,0,-1,nan
S3_transport,F,7,6,2,1,MODEL_INADEQUATE,diagnostic,optimized,100.0,0.5,1.0,1.0,10,candidate_z,0.03536,0.1768,0.01797410480578776,0,-1,nan
S3_transport,F,7,6,2,1,MODEL_INADEQUATE,diagnostic,optimized,100.0,0.5,1.0,1.0,10,candidate_z,0.037320000000000006,0.18660000000000002,0.01976260023334575,0,-1,nan
S3_transport,F,7,6,2,1,MODEL_INADEQUATE,diagnostic,optimized,100.0,0.5,1.0,1.0,10,candidate_z,0.039279999999999995,0.19639999999999996,0.021626179199795814,0,-1,nan
S3_transport,F,7,6,2,1,MODEL_INADEQUATE,diagnostic,optimized,100.0,0.5,1.0,1.0,10,candidate_z,0.04124,0.2062,0.023564930195913547,0,-1,nan
S3_transport,F,7,6,2,1,MODEL_INADEQUATE,diagnostic,optimized,100.0,0.5,1.0,1.0,10,candidate_z,0.0432,0.216,0.025579090005290794,0,-1,nan
S3_transport,F,7,6,2,1,MODEL_INADEQUATE,diagnostic,optimized,100.0,0.5,1.0,1.0,10,candidate_z,0.045160000000000006,0.22580000000000003,0.027669032725665232,0,-1,nan
S3_transport,F,7,6,2,1,MODEL_INADEQUATE,diagnostic,optimized,100.0,0.5,1.0,1.0,10,candidate_z,0.047119999999999995,0.23559999999999998,0.029835264516680837,0,-1,nan
S3_transport,F,7,6,2,1,MODEL_INADEQUATE,diagnostic,optimized,100.0,0.5,1.0,1.0,10,candidate_z,0.04908,0.24539999999999998,0.03207839039849247,0,-1,nan
S3_transport,F,7,6,2,1,MODEL_INADEQUATE,diagnostic,optimized,100.0,0.5,1.0,1.0,10,candidate_z,0.05104,0.2552,0.03439911967294407,0,-1,nan
S3_transport,F,7,6,2,1,MODEL_INADEQUATE,diagnostic,optimized,100.0,0.5,1.0,1.0,10,candidate_z,0.053000000000000005,0.265,0.03679823871292953,0,-1,nan
S3_transport,F,7,6,2,1,MODEL_INADEQUATE,diagnostic,optimized,100.0,0.5,1.0,1.0,10,candidate_z,0.054959999999999995,0.27479999999999993,0.039276602688840256,0,-1,nan
S3_transport,F,7,6,2,1,MODEL_INADEQUATE,diagnostic,optimized,100.0,0.5,1.0,1.0,10,candidate_z,0.05692,0.28459999999999996,0.041835113649074884,0,-1,nan
S3_transport,F,7,6,2,1,MODEL_INADEQUATE,diagnostic,optimized,100.0,0.5,1.0,1.0,10,candidate_z,0.05888,0.2944,0.04447471678645343,0,-1,nan
S3_transport,F,7,6,2,1,MODEL_INADEQUATE,diagnostic,optimized,100.0,0.5,1.0,1.0,10,candidate_z,0.060840000000000005,0.3042,0.047196388716944426,0,-1,nan
S3_transport,F,7,6,2,1,MODEL_INADEQUATE,diagnostic,optimized,100.0,0.5,1.0,1.0,10,candidate_z,0.0628,0.31399999999999995,0.05000107461723857,0,-1,nan
S3_transport,F,7,6,2,1,MODEL_INADEQUATE,diagnostic,optimized,100.0,0.5,1.0,1.0,10,candidate_z,0.06476,0.3238,0.05288977556560681,0,-1,nan
S3_transport,F,7,6,2,1,MODEL_INADEQUATE,diagnostic,optimized,100.0,0.5,1.0,1.0,10,candidate_z,0.06672,0.3336,0.05586338093289456,0,-1,nan
S3_transport,F,7,6,2,1,MODEL_INADEQUATE,diagnostic,optimized,100.0,0.5,1.0,1.0,10,candidate_z,0.06868,0.3434,0.05892280208713885,0,-1,nan
S3_transport,F,7,6,2,1,MODEL_INADEQUATE,diagnostic,optimized,100.0,0.5,1.0,1.0,10,candidate_z,0.07064000000000001,0.3532,0.06206891120264757,0,-1,nan
S3_transport,F,7,6,2,1,MODEL_INADEQUATE,diagnostic,optimized,100.0,0.5,1.0,1.0,10,candidate_z,0.0726,0.363,0.06530246348107127,0,-1,nan
S3_transport,F,7,6,2,1,MODEL_INADEQUATE,diagnostic,optimized,100.0,0.5,1.0,1.0,10,candidate_z,0.07456,0.37279999999999996,0.06862411425889903,0,-1,nan
S3_transport,F,7,6,2,1,MODEL_INADEQUATE,diagnostic,optimized,100.0,0.5,1.0,1.0,10,candidate_z,0.07652,0.3826,0.07203449744565305,0,-1,nan
S3_transport,F,7,6,2,1,MODEL_INADEQUATE,diagnostic,optimized,100.0,0.5,1.0,1.0,10,candidate_z,0.07848,0.39239999999999997,0.07553408388416827,0,-1,nan
S3_transport,F,7,6,2,1,MODEL_INADEQUATE,diagnostic,optimized,100.0,0.5,1.0,1.0,10,candidate_z,0.08044,0.40219999999999995,0.079123215969652,0,-1,nan
S3_transport,F,7,6,2,1,MODEL_INADEQUATE,diagnostic,optimized,100.0,0.5,1.0,1.0,10,candidate_z,0.0824,0.412,0.08280214851116696,0,-1,nan
S3_transport,F,7,6,2,1,MODEL_INADEQUATE,diagnostic,optimized,100.0,0.5,1.0,1.0,10,candidate_z,0.08436,0.4218,0.08657093340891464,0,-1,nan
S3_transport,F,7,6,2,1,MODEL_INADEQUATE,diagnostic,optimized,100.0,0.5,1.0,1.0,10,candidate_z,0.08632000000000001,0.43160000000000004,0.09042948436858111,0,-1,nan
S3_transport,F,7,6,2,1,MODEL_INADEQUATE,diagnostic,optimized,100.0,0.5,1.0,1.0,10,candidate_z,0.08828,0.44139999999999996,0.09437763868011473,0,-1,nan
S3_transport,F,7,6,2,1,MODEL_INADEQUATE,diagnostic,optimized,100.0,0.5,1.0,1.0,10,candidate_z,0.09024,0.4512,0.09841494084853863,0,-1,nan
S3_transport,F,7,6,2,1,MODEL_INADEQUATE,diagnostic,optimized,100.0,0.5,1.0,1.0,10,candidate_z,0.0922,0.461,0.10254080676398658,0,-1,nan
S3_transport,F,7,6,2,1,MODEL_INADEQUATE,diagnostic,optimized,100.0,0.5,1.0,1.0,10,candidate_z,0.09416,0.47079999999999994,0.10675447110534719,0,-1,nan
S3_transport,F,7,6,2,1,MODEL_INADEQUATE,diagnostic,optimized,100.0,0.5,1.0,1.0,10,candidate_z,0.09612,0.48059999999999997,0.11105503543956274,0,-1,nan
S3_transport,F,7,6,2,1,MODEL_INADEQUATE,diagnostic,optimized,100.0,0.5,1.0,1.0,10,candidate_z,0.09808,0.4904,0.11544132905737925,0,-1,nan
S3_transport,F,7,6,2,1,MODEL_INADEQUATE,diagnostic,optimized,100.0,0.5,1.0,1.0,10,candidate_z,0.10004,0.5002,0.11991204274034928,0,-1,nan
S3_transport,F,7,6,2,1,MODEL_INADEQUATE,diagnostic,optimized,100.0,0.5,1.0,1.0,10,candidate_z,0.10200000000000001,0.51,0.12446568956723425,0,-1,nan
S3_transport,F,7,6,2,1,MODEL_INADEQUATE,diagnostic,optimized,100.0,0.5,1.0,1.0,10,candidate_z,0.10396,0.5197999999999999,0.12910013737036152,0,-1,nan
S3_transport,F,7,6,2,1,MODEL_INADEQUATE,diagnostic,optimized,100.0,0.5,1.0,1.0,10,candidate_z,0.10592,0.5296,0.13381392645630896,0,-1,nan
S3_transport,F,7,6,2,1,MODEL_INADEQUATE,diagnostic,optimized,100.0,0.5,1.0,1.0,10,candidate_z,0.10788,0.5394,0.13860492106877587,0,-1,nan
S3_transport,F,7,6,2,1,MODEL_INADEQUATE,diagnostic,optimized,100.0,0.5,1.0,1.0,10,candidate_z,0.10984,0.5491999999999999,0.1434709239486871,0,-1,nan
S3_transport,F,7,6,2,1,MODEL_INADEQUATE,diagnostic,optimized,100.0,0.5,1.0,1.0,10,candidate_z,0.1118,0.5589999999999999,0.14840950329032765,0,-1,nan
S3_transport,F,7,6,2,1,MODEL_INADEQUATE,diagnostic,optimized,100.0,0.5,1.0,1.0,10,candidate_z,0.11376,0.5688,0.15341807210899816,0,-1,nan
S3_transport,F,7,6,2,1,MODEL_INADEQUATE,diagnostic,optimized,100.0,0.5,1.0,1.0,10,candidate_z,0.11572,0.5786,0.15849388225888106,0,-1,nan
S3_transport,F,7,6,2,1,MODEL_INADEQUATE,diagnostic,optimized,100.0,0.5,1.0,1.0,10,candidate_z,0.11768,0.5884,0.1636340319815197,0,-1,nan
S3_transport,F,7,6,2,1,MODEL_INADEQUATE,diagnostic,optimized,100.0,0.5,1.0,1.0,10,candidate_z,0.11964,0.5982,0.16883547400721355,0,-1,nan
S3_transport,F,7,6,2,1,MODEL_INADEQUATE,diagnostic,optimized,100.0,0.5,1.0,1.0,10,candidate_z,0.1216,0.608,0.17409502225198636,0,-1,nan
S3_transport,F,7,6,2,1,MODEL_INADEQUATE,diagnostic,optimized,100.0,0.5,1.0,1.0,10,candidate_z,0.12356,0.6178,0.1794093667314236,0,-1,nan
S3_transport,F,7,6,2,1,MODEL_INADEQUATE,diagnostic,optimized,100.0,0.5,1.0,1.0,10,candidate_z,0.12552,0.6275999999999999,0.18477507965534912,0,-1,nan
S3_transport,F,7,6,2,1,MODEL_INADEQUATE,diagnostic,optimized,100.0,0.5,1.0,1.0,10,candidate_z,0.12747999999999998,0.6373999999999999,0.19018862614415255,0,-1,nan
S3_transport,F,7,6,2,1,MODEL_INADEQUATE,diagnostic,optimized,100.0,0.5,1.0,1.0,10,candidate_z,0.12944,0.6472,0.1956463752145794,0,-1,nan
S3_transport,F,7,6,2,1,MODEL_INADEQUATE,diagnostic,optimized,100.0,0.5,1.0,1.0,10,candidate_z,0.1314,0.6569999999999999,0.20114461074770418,0,-1,nan
S3_transport,F,7,6,2,1,MODEL_INADEQUATE,diagnostic,optimized,100.0,0.5,1.0,1.0,10,candidate_z,0.13336,0.6668,0.20667954258926713,0,-1,nan
S3_transport,F,7,6,2,1,MODEL_INADEQUATE,diagnostic,optimized,100.0,0.5,1.0,1.0,10,candidate_z,0.13532,0.6766,0.21224731777997619,0,-1,nan
S3_transport,F,7,6,2,1,MODEL_INADEQUATE,diagnostic,optimized,100.0,0.5,1.0,1.0,10,candidate_z,0.13728,0.6864,0.2178440296085391,0,-1,nan
S3_transport,F,7,6,2,1,MODEL_INADEQUATE,diagnostic,optimized,100.0,0.5,1.0,1.0,10,candidate_z,0.13924,0.6961999999999999,0.22346573260647773,0,-1,nan
S3_transport,F,7,6,2,1,MODEL_INADEQUATE,diagnostic,optimized,100.0,0.5,1.0,1.0,10,candidate_z,0.1412,0.706,0.22910845298479998,0,-1,nan
S3_transport,F,7,6,2,1,MODEL_INADEQUATE,diagnostic,optimized,100.0,0.5,1.0,1.0,10,candidate_z,0.14316,0.7158,0.23476819812671224,0,-1,nan
S3_transport,F,7,6,2,1,MODEL_INADEQUATE,diagnostic,optimized,100.0,0.5,1.0,1.0,10,candidate_z,0.14512,0.7255999999999999,0.24044096772389523,0,-1,nan
S3_transport,F,7,6,2,1,MODEL_INADEQUATE,diagnostic,optimized,100.0,0.5,1.0,1.0,10,candidate_z,0.14708,0.7353999999999999,0.24612276449814985,1,-1,nan
S3_transport,F,7,6,2,1,MODEL_INADEQUATE,diagnostic,optimized,100.0,0.5,1.0,1.0,10,candidate_z,0.14904,0.7452,0.25180960438906297,0,-1,nan
S3_transport,F,7,6,2,1,MODEL_INADEQUATE,diagnostic,optimized,100.0,0.5,1.0,1.0,10,candidate_z,0.151,0.7549999999999999,0.2574975264438706,0,-1,nan
S3_transport,F,7,6,2,1,MODEL_INADEQUATE,diagnostic,optimized,100.0,0.5,1.0,1.0,10,candidate_z,0.15295999999999998,0.7647999999999999,0.2631826013361156,1,-1,nan
S3_transport,F,7,6,2,1,MODEL_INADEQUATE,diagnostic,optimized,100.0,0.5,1.0,1.0,10,candidate_z,0.15492,0.7746,0.26886094107995007,0,-1,nan
S3_transport,F,7,6,2,1,MODEL_INADEQUATE,diagnostic,optimized,100.0,0.5,1.0,1.0,10,candidate_z,0.15688,0.7843999999999999,0.27452870914816785,0,-1,nan
S3_transport,F,7,6,2,1,MODEL_INADEQUATE,diagnostic,optimized,100.0,0.5,1.0,1.0,10,candidate_z,0.15884,0.7942,0.2801821276761771,1,-1,nan
S3_transport,F,7,6,2,1,MODEL_INADEQUATE,diagnostic,optimized,100.0,0.5,1.0,1.0,10,candidate_z,0.1608,0.8039999999999999,0.28581748433258625,0,-1,nan
S3_transport,F,7,6,2,1,MODEL_INADEQUATE,diagnostic,optimized,100.0,0.5,1.0,1.0,10,candidate_z,0.16276,0.8137999999999999,0.29143114007871773,0,-1,nan
S3_transport,F,7,6,2,1,MODEL_INADEQUATE,diagnostic,optimized,100.0,0.5,1.0,1.0,10,candidate_z,0.16472,0.8236,0.2970195358120442,1,-1,nan
S3_transport,F,7,6,2,1,MODEL_INADEQUATE,diagnostic,optimized,100.0,0.5,1.0,1.0,10,candidate_z,0.16668,0.8333999999999999,0.30257919857621474,0,-1,nan
S3_transport,F,7,6,2,1,MODEL_INADEQUATE,diagnostic,optimized,100.0,0.5,1.0,1.0,10,candidate_z,0.16864,0.8432000000000001,0.3081067468595968,0,-1,nan
S3_transport,F,7,6,2,1,MODEL_INADEQUATE,diagnostic,optimized,100.0,0.5,1.0,1.0,10,candidate_z,0.1706,0.853,0.31359889532024354,1,-1,nan
S3_transport,F,7,6,2,1,MODEL_INADEQUATE,diagnostic,optimized,100.0,0.5,1.0,1.0,10,candidate_z,0.17256,0.8627999999999999,0.31905246047264413,0,-1,nan
S3_transport,F,7,6,2,1,MODEL_INADEQUATE,diagnostic,optimized,100.0,0.5,1.0,1.0,10,candidate_z,0.17452,0.8726,0.32446436581366456,0,-1,nan
S3_transport,F,7,6,2,1,MODEL_INADEQUATE,diagnostic,optimized,100.0,0.5,1.0,1.0,10,candidate_z,0.17648,0.8824,0.3298316432509871,1,-1,nan
S3_transport,F,7,6,2,1,MODEL_INADEQUATE,diagnostic,optimized,100.0,0.5,1.0,1.0,10,candidate_z,0.17844,0.8921999999999999,0.33515143708223505,0,-1,nan
S3_transport,F,7,6,2,1,MODEL_INADEQUATE,diagnostic,optimized,100.0,0.5,1.0,1.0,10,candidate_z,0.1804,0.902,0.34042100668652964,0,-1,nan
S3_transport,F,7,6,2,1,MODEL_INADEQUATE,diagnostic,optimized,100.0,0.5,1.0,1.0,10,candidate_z,0.18236,0.9117999999999999,0.34563772873237397,1,-1,nan
S3_transport,F,7,6,2,1,MODEL_INADEQUATE,diagnostic,optimized,100.0,0.5,1.0,1.0,10,candidate_z,0.18431999999999998,0.9215999999999999,0.3507990989243268,0,-1,nan
S3_transport,F,7,6,2,1,MODEL_INADEQUATE,diagnostic,optimized,100.0,0.5,1.0,1.0,10,candidate_z,0.18628,0.9314,0.3559027329780804,0,-1,nan
S3_transport,F,7,6,2,1,MODEL_INADEQUATE,diagnostic,optimized,100.0,0.5,1.0,1.0,10,candidate_z,0.18824,0.9411999999999999,0.36094636696282834,1,-1,nan
S3_transport,F,7,6,2,1,MODEL_INADEQUATE,diagnostic,optimized,100.0,0.5,1.0,1.0,10,candidate_z,0.1902,0.951,0.3659278609125849,0,-1,nan
S3_transport,F,7,6,2,1,MODEL_INADEQUATE,diagnostic,optimized,100.0,0.5,1.0,1.0,10,candidate_z,0.19216,0.9608,0.37084519620166034,0,-1,nan
S3_transport,F,7,6,2,1,MODEL_INADEQUATE,diagnostic,optimized,100.0,0.5,1.0,1.0,10,candidate_z,0.19412,0.9705999999999999,0.3756964762353263,1,-1,nan
S3_transport,F,7,6,2,1,MODEL_INADEQUATE,diagnostic,optimized,100.0,0.5,1.0,1.0,10,candidate_z,0.19608,0.9803999999999999,0.3804799259703522,0,-1,nan
S3_transport,F,7,6,2,1,MODEL_INADEQUATE,diagnostic,optimized,100.0,0.5,1.0,1.0,10,candidate_z,0.19804,0.9902,0.3851938911833024,0,-1,nan
S3_transport,F,7,6,2,1,MODEL_INADEQUATE,diagnostic,optimized,100.0,0.5,1.0,1.0,10,candidate_z,0.2,1.0,0.3898368374218002,1,-1,nan
S3_transport,F,7,6,2,1,MODEL_INADEQUATE,diagnostic,optimized,100.0,0.5,1.0,1.0,10,selected_z,0.2,1.0,nan,1,1,0.3898368374218002
S3_transport,F,7,6,2,1,MODEL_INADEQUATE,diagnostic,optimized,100.0,0.5,1.0,1.0,10,selected_z,0.19412,0.9705999999999999,nan,1,2,0.30135626182337205
S3_transport,F,7,6,2,1,MODEL_INADEQUATE,diagnostic,optimized,100.0,0.5,1.0,1.0,10,selected_z,0.18824,0.9411999999999999,nan,1,3,0.24542316403336173
S3_transport,F,7,6,2,1,MODEL_INADEQUATE,diagnostic,optimized,100.0,0.5,1.0,1.0,10,selected_z,0.18236,0.9117999999999999,nan,1,4,0.20624986119290156
S3_transport,F,7,6,2,1,MODEL_INADEQUATE,diagnostic,optimized,100.0,0.5,1.0,1.0,10,selected_z,0.17648,0.8824,nan,1,5,0.17693999895889334
S3_transport,F,7,6,2,1,MODEL_INADEQUATE,diagnostic,optimized,100.0,0.5,1.0,1.0,10,selected_z,0.1706,0.853,nan,1,6,0.15397461471148688
S3_transport,F,7,6,2,1,MODEL_INADEQUATE,diagnostic,optimized,100.0,0.5,1.0,1.0,10,selected_z,0.16472,0.8236,nan,1,7,0.1353586959201678
S3_transport,F,7,6,2,1,MODEL_INADEQUATE,diagnostic,optimized,100.0,0.5,1.0,1.0,10,selected_z,0.15884,0.7942,nan,1,8,0.11987157931036307
S3_transport,F,7,6,2,1,MODEL_INADEQUATE,diagnostic,optimized,100.0,0.5,1.0,1.0,10,selected_z,0.15295999999999998,0.7647999999999999,nan,1,9,0.10672202600894565
S3_transport,F,7,6,2,1,MODEL_INADEQUATE,diagnostic,optimized,100.0,0.5,1.0,1.0,10,selected_z,0.14708,0.7353999999999999,nan,1,10,0.0953735170231198
S3_transport,F,7,6,2,1,MODEL_INADEQUATE,diagnostic,optimized,100.0,0.5,1.0,1.0,10,final_z,0.15099999999999997,0.7549999999999998,nan,1,-1,nan
S3_transport,F,7,6,2,1,MODEL_INADEQUATE,diagnostic,optimized,100.0,0.5,1.0,1.0,10,final_z,0.15687999999999996,0.7843999999999998,nan,1,-1,nan
S3_transport,F,7,6,2,1,MODEL_INADEQUATE,diagnostic,optimized,100.0,0.5,1.0,1.0,10,final_z,0.16276,0.8137999999999999,nan,1,-1,nan
S3_transport,F,7,6,2,1,MODEL_INADEQUATE,diagnostic,optimized,100.0,0.5,1.0,1.0,10,final_z,0.16863999999999998,0.8431999999999998,nan,1,-1,nan
S3_transport,F,7,6,2,1,MODEL_INADEQUATE,diagnostic,optimized,100.0,0.5,1.0,1.0,10,final_z,0.17451999999999998,0.8725999999999998,nan,1,-1,nan
S3_transport,F,7,6,2,1,MODEL_INADEQUATE,diagnostic,optimized,100.0,0.5,1.0,1.0,10,final_z,0.18039999999999998,0.9019999999999998,nan,1,-1,nan
S3_transport,F,7,6,2,1,MODEL_INADEQUATE,diagnostic,optimized,100.0,0.5,1.0,1.0,10,final_z,0.18627999999999997,0.9313999999999998,nan,1,-1,nan
S3_transport,F,7,6,2,1,MODEL_INADEQUATE,diagnostic,optimized,100.0,0.5,1.0,1.0,10,final_z,0.191376,0.95688,nan,1,-1,nan
S3_transport,F,7,6,2,1,MODEL_INADEQUATE,diagnostic,optimized,100.0,0.5,1.0,1.0,10,final_z,0.19568799999999997,0.9784399999999999,nan,1,-1,nan
S3_transport,F,7,6,2,1,MODEL_INADEQUATE,diagnostic,optimized,100.0,0.5,1.0,1.0,10,final_z,0.2,1.0,nan,1,-1,nan
S3_transport,F,7,6,3,0,MODEL_INADEQUATE,diagnostic,optimized,150.0,0.5,1.0,1.0,10,candidate_z,0.004,0.02,0.0044410731888682164,0,-1,nan
S3_transport,F,7,6,3,0,MODEL_INADEQUATE,diagnostic,optimized,150.0,0.5,1.0,1.0,10,candidate_z,0.00596,0.0298,0.009147235883258276,0,-1,nan
S3_transport,F,7,6,3,0,MODEL_INADEQUATE,diagnostic,optimized,150.0,0.5,1.0,1.0,10,candidate_z,0.00792,0.039599999999999996,0.014967988345848227,0,-1,nan
S3_transport,F,7,6,3,0,MODEL_INADEQUATE,diagnostic,optimized,150.0,0.5,1.0,1.0,10,candidate_z,0.00988,0.0494,0.021596168814507877,0,-1,nan
S3_transport,F,7,6,3,0,MODEL_INADEQUATE,diagnostic,optimized,150.0,0.5,1.0,1.0,10,candidate_z,0.01184,0.059199999999999996,0.02878718115974621,0,-1,nan
S3_transport,F,7,6,3,0,MODEL_INADEQUATE,diagnostic,optimized,150.0,0.5,1.0,1.0,10,candidate_z,0.0138,0.06899999999999999,0.03635248277079839,0,-1,nan
S3_transport,F,7,6,3,0,MODEL_INADEQUATE,diagnostic,optimized,150.0,0.5,1.0,1.0,10,candidate_z,0.01576,0.0788,0.04415278141375367,0,-1,nan
S3_transport,F,7,6,3,0,MODEL_INADEQUATE,diagnostic,optimized,150.0,0.5,1.0,1.0,10,candidate_z,0.01772,0.0886,0.052087625014383576,0,-1,nan
S3_transport,F,7,6,3,0,MODEL_INADEQUATE,diagnostic,optimized,150.0,0.5,1.0,1.0,10,candidate_z,0.01968,0.09839999999999999,0.06008228558060935,0,-1,nan
S3_transport,F,7,6,3,0,MODEL_INADEQUATE,diagnostic,optimized,150.0,0.5,1.0,1.0,10,candidate_z,0.02164,0.10819999999999999,0.06807453373341588,0,-1,nan
S3_transport,F,7,6,3,0,MODEL_INADEQUATE,diagnostic,optimized,150.0,0.5,1.0,1.0,10,candidate_z,0.0236,0.118,0.07600459055853648,0,-1,nan
S3_transport,F,7,6,3,0,MODEL_INADEQUATE,diagnostic,optimized,150.0,0.5,1.0,1.0,10,candidate_z,0.02556,0.1278,0.0838072659646727,0,-1,nan
S3_transport,F,7,6,3,0,MODEL_INADEQUATE,diagnostic,optimized,150.0,0.5,1.0,1.0,10,candidate_z,0.02752,0.1376,0.09140910137943692,0,-1,nan
S3_transport,F,7,6,3,0,MODEL_INADEQUATE,diagnostic,optimized,150.0,0.5,1.0,1.0,10,candidate_z,0.02948,0.14739999999999998,0.09872864832569306,0,-1,nan
S3_transport,F,7,6,3,0,MODEL_INADEQUATE,diagnostic,optimized,150.0,0.5,1.0,1.0,10,candidate_z,0.031439999999999996,0.15719999999999998,0.10567952298800876,0,-1,nan
S3_transport,F,7,6,3,0,MODEL_INADEQUATE,diagnostic,optimized,150.0,0.5,1.0,1.0,10,candidate_z,0.0334,0.16699999999999998,0.11217507850133401,0,-1,nan
S3_transport,F,7,6,3,0,MODEL_INADEQUATE,diagnostic,optimized,150.0,0.5,1.0,1.0,10,candidate_z,0.03536,0.1768,0.11813364473087873,0,-1,nan
S3_transport,F,7,6,3,0,MODEL_INADEQUATE,diagnostic,optimized,150.0,0.5,1.0,1.0,10,candidate_z,0.037320000000000006,0.18660000000000002,0.12348345993933307,0,-1,nan
S3_transport,F,7,6,3,0,MODEL_INADEQUATE,diagnostic,optimized,150.0,0.5,1.0,1.0,10,candidate_z,0.039279999999999995,0.19639999999999996,0.12816667850664132,0,-1,nan
S3_transport,F,7,6,3,0,MODEL_INADEQUATE,diagnostic,optimized,150.0,0.5,1.0,1.0,10,candidate_z,0.04124,0.2062,0.13214212882568432,0,-1,nan
S3_transport,F,7,6,3,0,MODEL_INADEQUATE,diagnostic,optimized,150.0,0.5,1.0,1.0,10,candidate_z,0.0432,0.216,0.13538674303586617,0,-1,nan
S3_transport,F,7,6,3,0,MODEL_INADEQUATE,diagnostic,optimized,150.0,0.5,1.0,1.0,10,candidate_z,0.045160000000000006,0.22580000000000003,0.13789572270724548,0,-1,nan
S3_transport,F,7,6,3,0,MODEL_INADEQUATE,diagnostic,optimized,150.0,0.5,1.0,1.0,10,candidate_z,0.047119999999999995,0.23559999999999998,0.13968170859435602,0,-1,nan
S3_transport,F,7,6,3,0,MODEL_INADEQUATE,diagnostic,optimized,150.0,0.5,1.0,1.0,10,candidate_z,0.04908,0.24539999999999998,0.14077314659137485,0,-1,nan
S3_transport,F,7,6,3,0,MODEL_INADEQUATE,diagnostic,optimized,150.0,0.5,1.0,1.0,10,candidate_z,0.05104,0.2552,0.14121216102057943,0,-1,nan
S3_transport,F,7,6,3,0,MODEL_INADEQUATE,diagnostic,optimized,150.0,0.5,1.0,1.0,10,candidate_z,0.053000000000000005,0.265,0.14105213639328795,1,-1,nan
S3_transport,F,7,6,3,0,MODEL_INADEQUATE,diagnostic,optimized,150.0,0.5,1.0,1.0,10,candidate_z,0.054959999999999995,0.27479999999999993,0.14035522216279972,0,-1,nan
S3_transport,F,7,6,3,0,MODEL_INADEQUATE,diagnostic,optimized,150.0,0.5,1.0,1.0,10,candidate_z,0.05692,0.28459999999999996,0.1391898895447703,0,-1,nan
S3_transport,F,7,6,3,0,MODEL_INADEQUATE,diagnostic,optimized,150.0,0.5,1.0,1.0,10,candidate_z,0.05888,0.2944,0.13762864805627828,1,-1,nan
S3_transport,F,7,6,3,0,MODEL_INADEQUATE,diagnostic,optimized,150.0,0.5,1.0,1.0,10,candidate_z,0.060840000000000005,0.3042,0.13574598515393532,0,-1,nan
S3_transport,F,7,6,3,0,MODEL_INADEQUATE,diagnostic,optimized,150.0,0.5,1.0,1.0,10,candidate_z,0.0628,0.31399999999999995,0.13361655364299452,0,-1,nan
S3_transport,F,7,6,3,0,MODEL_INADEQUATE,diagnostic,optimized,150.0,0.5,1.0,1.0,10,candidate_z,0.06476,0.3238,0.13131363516730943,0,-1,nan
S3_transport,F,7,6,3,0,MODEL_INADEQUATE,diagnostic,optimized,150.0,0.5,1.0,1.0,10,candidate_z,0.06672,0.3336,0.1289078497976739,0,-1,nan
S3_transport,F,7,6,3,0,MODEL_INADEQUATE,diagnostic,optimized,150.0,0.5,1.0,1.0,10,candidate_z,0.06868,0.3434,0.12646613417726016,0,-1,nan
S3_transport,F,7,6,3,0,MODEL_INADEQUATE,diagnostic,optimized,150.0,0.5,1.0,1.0,10,candidate_z,0.07064000000000001,0.3532,0.12405092727877687,0,-1,nan
S3_transport,F,7,6,3,0,MODEL_INADEQUATE,diagnostic,optimized,150.0,0.5,1.0,1.0,10,candidate_z,0.0726,0.363,0.12171960770334067,0,-1,nan
S3_transport,F,7,6,3,0,MODEL_INADEQUATE,diagnostic,optimized,150.0,0.5,1.0,1.0,10,candidate_z,0.07456,0.37279999999999996,0.11952404385539595,0,-1,nan
S3_transport,F,7,6,3,0,MODEL_INADEQUATE,diagnostic,optimized,150.0,0.5,1.0,1.0,10,candidate_z,0.07652,0.3826,0.11751033306835978,0,-1,nan
S3_transport,F,7,6,3,0,MODEL_INADEQUATE,diagnostic,optimized,150.0,0.5,1.0,1.0,10,candidate_z,0.07848,0.39239999999999997,0.11571877092633898,0,-1,nan
S3_transport,F,7,6,3,0,MODEL_INADEQUATE,diagnostic,optimized,150.0,0.5,1.0,1.0,10,candidate_z,0.08044,0.40219999999999995,0.11418381239561981,0,-1,nan
S3_transport,F,7,6,3,0,MODEL_INADEQUATE,diagnostic,optimized,150.0,0.5,1.0,1.0,10,candidate_z,0.0824,0.412,0.11293421732441189,0,-1,nan
S3_transport,F,7,6,3,0,MODEL_INADEQUATE,diagnostic,optimized,150.0,0.5,1.0,1.0,10,candidate_z,0.08436,0.4218,0.11199320101645682,0,-1,nan
S3_transport,F,7,6,3,0,MODEL_INADEQUATE,diagnostic,optimized,150.0,0.5,1.0,1.0,10,candidate_z,0.08632000000000001,0.43160000000000004,0.1113787472418295,0,-1,nan
S3_transport,F,7,6,3,0,MODEL_INADEQUATE,diagnostic,optimized,150.0,0.5,1.0,1.0,10,candidate_z,0.08828,0.44139999999999996,0.11110392485088738,0,-1,nan
S3_transport,F,7,6,3,0,MODEL_INADEQUATE,diagnostic,optimized,150.0,0.5,1.0,1.0,10,candidate_z,0.09024,0.4512,0.1111772072333217,0,-1,nan
S3_transport,F,7,6,3,0,MODEL_INADEQUATE,diagnostic,optimized,150.0,0.5,1.0,1.0,10,candidate_z,0.0922,0.461,0.11160288537488938,0,-1,nan
S3_transport,F,7,6,3,0,MODEL_INADEQUATE,diagnostic,optimized,150.0,0.5,1.0,1.0,10,candidate_z,0.09416,0.47079999999999994,0.11238145550834844,0,-1,nan
S3_transport,F,7,6,3,0,MODEL_INADEQUATE,diagnostic,optimized,150.0,0.5,1.0,1.0,10,candidate_z,0.09612,0.48059999999999997,0.11351001709918407,0,-1,nan
S3_transport,F,7,6,3,0,MODEL_INADEQUATE,diagnostic,optimized,150.0,0.5,1.0,1.0,10,candidate_z,0.09808,0.4904,0.11498267869182754,0,-1,nan
S3_transport,F,7,6,3,0,MODEL_INADEQUATE,diagnostic,optimized,150.0,0.5,1.0,1.0,10,candidate_z,0.10004,0.5002,0.11679094578718363,0,-1,nan
S3_transport,F,7,6,3,0,MODEL_INADEQUATE,diagnostic,optimized,150.0,0.5,1.0,1.0,10,candidate_z,0.10200000000000001,0.51,0.1189240975097654,0,-1,nan
S3_transport,F,7,6,3,0,MODEL_INADEQUATE,diagnostic,optimized,150.0,0.5,1.0,1.0,10,candidate_z,0.10396,0.5197999999999999,0.12136779511100926,0,-1,nan
S3_transport,F,7,6,3,0,MODEL_INADEQUATE,diagnostic,optimized,150.0,0.5,1.0,1.0,10,candidate_z,0.10592,0.5296,0.12410963539893416,0,-1,nan
S3_transport,F,7,6,3,0,MODEL_INADEQUATE,diagnostic,optimized,150.0,0.5,1.0,1.0,10,candidate_z,0.10788,0.5394,0.12713423694481563,0,-1,nan
S3_transport,F,7,6,3,0,MODEL_INADEQUATE,diagnostic,optimized,150.0,0.5,1.0,1.0,10,candidate_z,0.10984,0.5491999999999999,0.13042529225960564,0,-1,nan
S3_transport,F,7,6,3,0,MODEL_INADEQUATE,diagnostic,optimized,150.0,0.5,1.0,1.0,10,candidate_z,0.1118,0.5589999999999999,0.13396582396269352,0,-1,nan
S3_transport,F,7,6,3,0,MODEL_INADEQUATE,diagnostic,optimized,150.0,0.5,1.0,1.0,10,candidate_z,0.11376,0.5688,0.1377384258446206,0,-1,nan
S3_transport,F,7,6,3,0,MODEL_INADEQUATE,diagnostic,optimized,150.0,0.5,1.0,1.0,10,candidate_z,0.11572,0.5786,0.14172545565159922,0,-1,nan
S3_transport,F,7,6,3,0,MODEL_INADEQUATE,diagnostic,optimized,150.0,0.5,1.0,1.0,10,candidate_z,0.11768,0.5884,0.1459092245472462,0,-1,nan
S3_transport,F,7,6,3,0,MODEL_INADEQUATE,diagnostic,optimized,150.0,0.5,1.0,1.0,10,candidate_z,0.11964,0.5982,0.15027216474448224,0,-1,nan
S3_transport,F,7,6,3,0,MODEL_INADEQUATE,diagnostic,optimized,150.0,0.5,1.0,1.0,10,candidate_z,0.1216,0.608,0.15479695100721713,0,-1,nan
S3_transport,F,7,6,3,0,MODEL_INADEQUATE,diagnostic,optimized,150.0,0.5,1.0,1.0,10,candidate_z,0.12356,0.6178,0.15946659772711058,0,-1,nan
S3_transport,F,7,6,3,0,MODEL_INADEQUATE,diagnostic,optimized,150.0,0.5,1.0,1.0,10,candidate_z,0.12552,0.6275999999999999,0.16426459449398223,0,-1,nan
S3_transport,F,7,6,3,0,MODEL_INADEQUATE,diagnostic,optimized,150.0,0.5,1.0,1.0,10,candidate_z,0.12747999999999998,0.6373999999999999,0.16917496650898656,0,-1,nan
S3_transport,F,7,6,3,0,MODEL_INADEQUATE,diagnostic,optimized,150.0,0.5,1.0,1.0,10,candidate_z,0.12944,0.6472,0.17418230677392543,0,-1,nan
S3_transport,F,7,6,3,0,MODEL_INADEQUATE,diagnostic,optimized,150.0,0.5,1.0,1.0,10,candidate_z,0.1314,0.6569999999999999,0.17927186900542935,0,-1,nan
S3_transport,F,7,6,3,0,MODEL_INADEQUATE,diagnostic,optimized,150.0,0.5,1.0,1.0,10,candidate_z,0.13336,0.6668,0.1844295927625943,0,-1,nan
S3_transport,F,7,6,3,0,MODEL_INADEQUATE,diagnostic,optimized,150.0,0.5,1.0,1.0,10,candidate_z,0.13532,0.6766,0.18964209554211564,0,-1,nan
S3_transport,F,7,6,3,0,MODEL_INADEQUATE,diagnostic,optimized,150.0,0.5,1.0,1.0,10,candidate_z,0.13728,0.6864,0.1948967169039797,0,-1,nan
S3_transport,F,7,6,3,0,MODEL_INADEQUATE,diagnostic,optimized,150.0,0.5,1.0,1.0,10,candidate_z,0.13924,0.6961999999999999,0.20018153205250755,0,-1,nan
S3_transport,F,7,6,3,0,MODEL_INADEQUATE,diagnostic,optimized,150.0,0.5,1.0,1.0,10,candidate_z,0.1412,0.706,0.20548532957452892,0,-1,nan
S3_transport,F,7,6,3,0,MODEL_INADEQUATE,diagnostic,optimized,150.0,0.5,1.0,1.0,10,candidate_z,0.14316,0.7158,0.21079760148404958,0,-1,nan
S3_transport,F,7,6,3,0,MODEL_INADEQUATE,diagnostic,optimized,150.0,0.5,1.0,1.0,10,candidate_z,0.14512,0.7255999999999999,0.21610855599679013,0,-1,nan
S3_transport,F,7,6,3,0,MODEL_INADEQUATE,diagnostic,optimized,150.0,0.5,1.0,1.0,10,candidate_z,0.14708,0.7353999999999999,0.22140909467345793,0,-1,nan
S3_transport,F,7,6,3,0,MODEL_INADEQUATE,diagnostic,optimized,150.0,0.5,1.0,1.0,10,candidate_z,0.14904,0.7452,0.22669076991059356,0,-1,nan
S3_transport,F,7,6,3,0,MODEL_INADEQUATE,diagnostic,optimized,150.0,0.5,1.0,1.0,10,candidate_z,0.151,0.7549999999999999,0.23194578852780623,0,-1,nan
S3_transport,F,7,6,3,0,MODEL_INADEQUATE,diagnostic,optimized,150.0,0.5,1.0,1.0,10,candidate_z,0.15295999999999998,0.7647999999999999,0.23716699591227908,0,-1,nan
S3_transport,F,7,6,3,0,MODEL_INADEQUATE,diagnostic,optimized,150.0,0.5,1.0,1.0,10,candidate_z,0.15492,0.7746,0.24234781697129293,0,-1,nan
S3_transport,F,7,6,3,0,MODEL_INADEQUATE,diagnostic,optimized,150.0,0.5,1.0,1.0,10,candidate_z,0.15688,0.7843999999999999,0.24748224844353928,0,-1,nan
S3_transport,F,7,6,3,0,MODEL_INADEQUATE,diagnostic,optimized,150.0,0.5,1.0,1.0,10,candidate_z,0.15884,0.7942,0.25256485160789666,1,-1,nan
S3_transport,F,7,6,3,0,MODEL_INADEQUATE,diagnostic,optimized,150.0,0.5,1.0,1.0,10,candidate_z,0.1608,0.8039999999999999,0.2575906955711815,0,-1,nan
S3_transport,F,7,6,3,0,MODEL_INADEQUATE,diagnostic,optimized,150.0,0.5,1.0,1.0,10,candidate_z,0.16276,0.8137999999999999,0.2625553340818989,0,-1,nan
S3_transport,F,7,6,3,0,MODEL_INADEQUATE,diagnostic,optimized,150.0,0.5,1.0,1.0,10,candidate_z,0.16472,0.8236,0.26745479683484064,1,-1,nan
S3_transport,F,7,6,3,0,MODEL_INADEQUATE,diagnostic,optimized,150.0,0.5,1.0,1.0,10,candidate_z,0.16668,0.8333999999999999,0.27228555433993407,0,-1,nan
S3_transport,F,7,6,3,0,MODEL_INADEQUATE,diagnostic,optimized,150.0,0.5,1.0,1.0,10,candidate_z,0.16864,0.8432000000000001,0.2770444797981888,0,-1,nan
S3_transport,F,7,6,3,0,MODEL_INADEQUATE,diagnostic,optimized,150.0,0.5,1.0,1.0,10,candidate_z,0.1706,0.853,0.28172883455678743,1,-1,nan
S3_transport,F,7,6,3,0,MODEL_INADEQUATE,diagnostic,optimized,150.0,0.5,1.0,1.0,10,candidate_z,0.17256,0.8627999999999999,0.28633625506384064,0,-1,nan
S3_transport,F,7,6,3,0,MODEL_INADEQUATE,diagnostic,optimized,150.0,0.5,1.0,1.0,10,candidate_z,0.17452,0.8726,0.2908647079586082,0,-1,nan
S3_transport,F,7,6,3,0,MODEL_INADEQUATE,diagnostic,optimized,150.0,0.5,1.0,1.0,10,candidate_z,0.17648,0.8824,0.2953124688865181,1,-1,nan
S3_transport,F,7,6,3,0,MODEL_INADEQUATE,diagnostic,optimized,150.0,0.5,1.0,1.0,10,candidate_z,0.17844,0.8921999999999999,0.29967812459474175,0,-1,nan
S3_transport,F,7,6,3,0,MODEL_INADEQUATE,diagnostic,optimized,150.0,0.5,1.0,1.0,10,candidate_z,0.1804,0.902,0.3039605294072878,0,-1,nan
S3_transport,F,7,6,3,0,MODEL_INADEQUATE,diagnostic,optimized,150.0,0.5,1.0,1.0,10,candidate_z,0.18236,0.9117999999999999,0.30815877981671136,1,-1,nan
S3_transport,F,7,6,3,0,MODEL_INADEQUATE,diagnostic,optimized,150.0,0.5,1.0,1.0,10,candidate_z,0.18431999999999998,0.9215999999999999,0.31227222323917303,0,-1,nan
S3_transport,F,7,6,3,0,MODEL_INADEQUATE,diagnostic,optimized,150.0,0.5,1.0,1.0,10,candidate_z,0.18628,0.9314,0.3163004202213209,0,-1,nan
S3_transport,F,7,6,3,0,MODEL_INADEQUATE,diagnostic,optimized,150.0,0.5,1.0,1.0,10,candidate_z,0.18824,0.9411999999999999,0.32024312338092287,1,-1,nan
S3_transport,F,7,6,3,0,MODEL_INADEQUATE,diagnostic,optimized,150.0,0.5,1.0,1.0,10,candidate_z,0.1902,0.951,0.3241002730047491,0,-1,nan
S3_transport,F,7,6,3,0,MODEL_INADEQUATE,diagnostic,optimized,150.0,0.5,1.0,1.0,10,candidate_z,0.19216,0.9608,0.3278719836170261,0,-1,nan
S3_transport,F,7,6,3,0,MODEL_INADEQUATE,diagnostic,optimized,150.0,0.5,1.0,1.0,10,candidate_z,0.19412,0.9705999999999999,0.33155851807628167,1,-1,nan
S3_transport,F,7,6,3,0,MODEL_INADEQUATE,diagnostic,optimized,150.0,0.5,1.0,1.0,10,candidate_z,0.19608,0.9803999999999999,0.3351602658722008,0,-1,nan
S3_transport,F,7,6,3,0,MODEL_INADEQUATE,diagnostic,optimized,150.0,0.5,1.0,1.0,10,candidate_z,0.19804,0.9902,0.338677764248299,0,-1,nan
S3_transport,F,7,6,3,0,MODEL_INADEQUATE,diagnostic,optimized,150.0,0.5,1.0,1.0,10,candidate_z,0.2,1.0,0.34211167090680306,1,-1,nan
S3_transport,F,7,6,3,0,MODEL_INADEQUATE,diagnostic,optimized,150.0,0.5,1.0,1.0,10,selected_z,0.2,1.0,nan,1,1,0.34211167090680306
S3_transport,F,7,6,3,0,MODEL_INADEQUATE,diagnostic,optimized,150.0,0.5,1.0,1.0,10,selected_z,0.19412,0.9705999999999999,nan,1,2,0.28208182101558066
S3_transport,F,7,6,3,0,MODEL_INADEQUATE,diagnostic,optimized,150.0,0.5,1.0,1.0,10,selected_z,0.18824,0.9411999999999999,nan,1,3,0.23831866393275547
S3_transport,F,7,6,3,0,MODEL_INADEQUATE,diagnostic,optimized,150.0,0.5,1.0,1.0,10,selected_z,0.18236,0.9117999999999999,nan,1,4,0.20474178489248374
S3_transport,F,7,6,3,0,MODEL_INADEQUATE,diagnostic,optimized,150.0,0.5,1.0,1.0,10,selected_z,0.17648,0.8824,nan,1,5,0.17800805292014132
S3_transport,F,7,6,3,0,MODEL_INADEQUATE,diagnostic,optimized,150.0,0.5,1.0,1.0,10,selected_z,0.1706,0.853,nan,1,6,0.15613013473237203
S3_transport,F,7,6,3,0,MODEL_INADEQUATE,diagnostic,optimized,150.0,0.5,1.0,1.0,10,selected_z,0.053000000000000005,0.265,nan,1,7,0.13820947997793098
S3_transport,F,7,6,3,0,MODEL_INADEQUATE,diagnostic,optimized,150.0,0.5,1.0,1.0,10,selected_z,0.16472,0.8236,nan,1,8,0.13783666824157592
S3_transport,F,7,6,3,0,MODEL_INADEQUATE,diagnostic,optimized,150.0,0.5,1.0,1.0,10,selected_z,0.05888,0.2944,nan,1,9,0.1274629199979529
S3_transport,F,7,6,3,0,MODEL_INADEQUATE,diagnostic,optimized,150.0,0.5,1.0,1.0,10,selected_z,0.15884,0.7942,nan,1,10,0.12232267624209214
S3_transport,F,7,6,3,0,MODEL_INADEQUATE,diagnostic,optimized,150.0,0.5,1.0,1.0,10,final_z,0.053000000000000005,0.265,nan,1,-1,nan
S3_transport,F,7,6,3,0,MODEL_INADEQUATE,diagnostic,optimized,150.0,0.5,1.0,1.0,10,final_z,0.057312,0.28656,nan,1,-1,nan
S3_transport,F,7,6,3,0,MODEL_INADEQUATE,diagnostic,optimized,150.0,0.5,1.0,1.0,10,final_z,0.16276,0.8137999999999999,nan,1,-1,nan
S3_transport,F,7,6,3,0,MODEL_INADEQUATE,diagnostic,optimized,150.0,0.5,1.0,1.0,10,final_z,0.16863999999999998,0.8431999999999998,nan,1,-1,nan
S3_transport,F,7,6,3,0,MODEL_INADEQUATE,diagnostic,optimized,150.0,0.5,1.0,1.0,10,final_z,0.17451999999999998,0.8725999999999998,nan,1,-1,nan
S3_transport,F,7,6,3,0,MODEL_INADEQUATE,diagnostic,optimized,150.0,0.5,1.0,1.0,10,final_z,0.18039999999999998,0.9019999999999998,nan,1,-1,nan
S3_transport,F,7,6,3,0,MODEL_INADEQUATE,diagnostic,optimized,150.0,0.5,1.0,1.0,10,final_z,0.18627999999999997,0.9313999999999998,nan,1,-1,nan
S3_transport,F,7,6,3,0,MODEL_INADEQUATE,diagnostic,optimized,150.0,0.5,1.0,1.0,10,final_z,0.191376,0.95688,nan,1,-1,nan
S3_transport,F,7,6,3,0,MODEL_INADEQUATE,diagnostic,optimized,150.0,0.5,1.0,1.0,10,final_z,0.19568799999999997,0.9784399999999999,nan,1,-1,nan
S3_transport,F,7,6,3,0,MODEL_INADEQUATE,diagnostic,optimized,150.0,0.5,1.0,1.0,10,final_z,0.2,1.0,nan,1,-1,nan
S3_transport,F,7,6,4,0,MODEL_INADEQUATE,diagnostic,optimized,110.0,0.5,1.0,1.0,10,candidate_z,0.004,0.02,0.0005754983912176215,0,-1,nan
S3_transport,F,7,6,4,0,MODEL_INADEQUATE,diagnostic,optimized,110.0,0.5,1.0,1.0,10,candidate_z,0.00596,0.0298,0.001124984999602674,0,-1,nan
S3_transport,F,7,6,4,0,MODEL_INADEQUATE,diagnostic,optimized,110.0,0.5,1.0,1.0,10,candidate_z,0.00792,0.039599999999999996,0.0018408985344642304,0,-1,nan
S3_transport,F,7,6,4,0,MODEL_INADEQUATE,diagnostic,optimized,110.0,0.5,1.0,1.0,10,candidate_z,0.00988,0.0494,0.0027115660239189765,0,-1,nan
S3_transport,F,7,6,4,0,MODEL_INADEQUATE,diagnostic,optimized,110.0,0.5,1.0,1.0,10,candidate_z,0.01184,0.059199999999999996,0.0037268129993641708,0,-1,nan
S3_transport,F,7,6,4,0,MODEL_INADEQUATE,diagnostic,optimized,110.0,0.5,1.0,1.0,10,candidate_z,0.0138,0.06899999999999999,0.004877944561808789,0,-1,nan
S3_transport,F,7,6,4,0,MODEL_INADEQUATE,diagnostic,optimized,110.0,0.5,1.0,1.0,10,candidate_z,0.01576,0.0788,0.006157648133136462,0,-1,nan
S3_transport,F,7,6,4,0,MODEL_INADEQUATE,diagnostic,optimized,110.0,0.5,1.0,1.0,10,candidate_z,0.01772,0.0886,0.007559842598595878,0,-1,nan
S3_transport,F,7,6,4,0,MODEL_INADEQUATE,diagnostic,optimized,110.0,0.5,1.0,1.0,10,candidate_z,0.01968,0.09839999999999999,0.009079517642902601,0,-1,nan
S3_transport,F,7,6,4,0,MODEL_INADEQUATE,diagnostic,optimized,110.0,0.5,1.0,1.0,10,candidate_z,0.02164,0.10819999999999999,0.010712581302971813,0,-1,nan
S3_transport,F,7,6,4,0,MODEL_INADEQUATE,diagnostic,optimized,110.0,0.5,1.0,1.0,10,candidate_z,0.0236,0.118,0.012455732794094843,0,-1,nan
S3_transport,F,7,6,4,0,MODEL_INADEQUATE,diagnostic,optimized,110.0,0.5,1.0,1.0,10,candidate_z,0.02556,0.1278,0.014306366357164535,0,-1,nan
S3_transport,F,7,6,4,0,MODEL_INADEQUATE,diagnostic,optimized,110.0,0.5,1.0,1.0,10,candidate_z,0.02752,0.1376,0.016262466200974046,0,-1,nan
S3_transport,F,7,6,4,0,MODEL_INADEQUATE,diagnostic,optimized,110.0,0.5,1.0,1.0,10,candidate_z,0.02948,0.14739999999999998,0.018322557815139362,0,-1,nan
S3_transport,F,7,6,4,0,MODEL_INADEQUATE,diagnostic,optimized,110.0,0.5,1.0,1.0,10,candidate_z,0.031439999999999996,0.15719999999999998,0.02048563622561872,0,-1,nan
S3_transport,F,7,6,4,0,MODEL_INADEQUATE,diagnostic,optimized,110.0,0.5,1.0,1.0,10,candidate_z,0.0334,0.16699999999999998,0.02275112612017338,0,-1,nan
S3_transport,F,7,6,4,0,MODEL_INADEQUATE,diagnostic,optimized,110.0,0.5,1.0,1.0,10,candidate_z,0.03536,0.1768,0.02511883119615632,0,-1,nan
S3_transport,F,7,6,4,0,MODEL_INADEQUATE,diagnostic,optimized,110.0,0.5,1.0,1.0,10,candidate_z,0.037320000000000006,0.18660000000000002,0.027588860025485218,0,-1,nan
S3_transport,F,7,6,4,0,MODEL_INADEQUATE,diagnostic,optimized,110.0,0.5,1.0,1.0,10,candidate_z,0.039279999999999995,0.19639999999999996,0.030161636372991296,0,-1,nan
S3_transport,F,7,6,4,0,MODEL_INADEQUATE,diagnostic,optimized,110.0,0.5,1.0,1.0,10,candidate_z,0.04124,0.2062,0.032837780212386036,0,-1,nan
S3_transport,F,7,6,4,0,MODEL_INADEQUATE,diagnostic,optimized,110.0,0.5,1.0,1.0,10,candidate_z,0.0432,0.216,0.035618096501320196,0,-1,nan
S3_transport,F,7,6,4,0,MODEL_INADEQUATE,diagnostic,optimized,110.0,0.5,1.0,1.0,10,candidate_z,0.045160000000000006,0.22580000000000003,0.038503537748741934,0,-1,nan
S3_transport,F,7,6,4,0,MODEL_INADEQUATE,diagnostic,optimized,110.0,0.5,1.0,1.0,10,candidate_z,0.047119999999999995,0.23559999999999998,0.04149507448333267,0,-1,nan
S3_transport,F,7,6,4,0,MODEL_INADEQUATE,diagnostic,optimized,110.0,0.5,1.0,1.0,10,candidate_z,0.04908,0.24539999999999998,0.04459370304637034,0,-1,nan
S3_transport,F,7,6,4,0,MODEL_INADEQUATE,diagnostic,optimized,110.0,0.5,1.0,1.0,10,candidate_z,0.05104,0.2552,0.047800422179648194,0,-1,nan
S3_transport,F,7,6,4,0,MODEL_INADEQUATE,diagnostic,optimized,110.0,0.5,1.0,1.0,10,candidate_z,0.053000000000000005,0.265,0.05111602655082592,0,-1,nan
S3_transport,F,7,6,4,0,MODEL_INADEQUATE,diagnostic,optimized,110.0,0.5,1.0,1.0,10,candidate_z,0.054959999999999995,0.27479999999999993,0.054541263626571634,0,-1,nan
S3_transport,F,7,6,4,0,MODEL_INADEQUATE,diagnostic,optimized,110.0,0.5,1.0,1.0,10,candidate_z,0.05692,0.28459999999999996,0.05807665156561015,0,-1,nan
S3_transport,F,7,6,4,0,MODEL_INADEQUATE,diagnostic,optimized,110.0,0.5,1.0,1.0,10,candidate_z,0.05888,0.2944,0.06172237603844266,0,-1,nan
S3_transport,F,7,6,4,0,MODEL_INADEQUATE,diagnostic,optimized,110.0,0.5,1.0,1.0,10,candidate_z,0.060840000000000005,0.3042,0.06547839910586006,0,-1,nan
S3_transport,F,7,6,4,0,MODEL_INADEQUATE,diagnostic,optimized,110.0,0.5,1.0,1.0,10,candidate_z,0.0628,0.31399999999999995,0.06934440570669764,0,-1,nan
S3_transport,F,7,6,4,0,MODEL_INADEQUATE,diagnostic,optimized,110.0,0.5,1.0,1.0,10,candidate_z,0.06476,0.3238,0.0733194847966061,0,-1,nan
S3_transport,F,7,6,4,0,MODEL_INADEQUATE,diagnostic,optimized,110.0,0.5,1.0,1.0,10,candidate_z,0.06672,0.3336,0.07740259505421321,0,-1,nan
S3_transport,F,7,6,4,0,MODEL_INADEQUATE,diagnostic,optimized,110.0,0.5,1.0,1.0,10,candidate_z,0.06868,0.3434,0.08159212539113625,0,-1,nan
S3_transport,F,7,6,4,0,MODEL_INADEQUATE,diagnostic,optimized,110.0,0.5,1.0,1.0,10,candidate_z,0.07064000000000001,0.3532,0.08588608704947731,0,-1,nan
S3_transport,F,7,6,4,0,MODEL_INADEQUATE,diagnostic,optimized,110.0,0.5,1.0,1.0,10,candidate_z,0.0726,0.363,0.09028192070244145,0,-1,nan
S3_transport,F,7,6,4,0,MODEL_INADEQUATE,diagnostic,optimized,110.0,0.5,1.0,1.0,10,candidate_z,0.07456,0.37279999999999996,0.09477671029905821,0,-1,nan
S3_transport,F,7,6,4,0,MODEL_INADEQUATE,diagnostic,optimized,110.0,0.5,1.0,1.0,10,candidate_z,0.07652,0.3826,0.09936703850661743,0,-1,nan
S3_transport,F,7,6,4,0,MODEL_INADEQUATE,diagnostic,optimized,110.0,0.5,1.0,1.0,10,candidate_z,0.07848,0.39239999999999997,0.1040490853755962,0,-1,nan
S3_transport,F,7,6,4,0,MODEL_INADEQUATE,diagnostic,optimized,110.0,0.5,1.0,1.0,10,candidate_z,0.08044,0.40219999999999995,0.10881852711210271,0,-1,nan
S3_transport,F,7,6,4,0,MODEL_INADEQUATE,diagnostic,optimized,110.0,0.5,1.0,1.0,10,candidate_z,0.0824,0.412,0.11367062777789627,0,-1,nan
S3_transport,F,7,6,4,0,MODEL_INADEQUATE,diagnostic,optimized,110.0,0.5,1.0,1.0,10,candidate_z,0.08436,0.4218,0.11860023965745725,0,-1,nan
S3_transport,F,7,6,4,0,MODEL_INADEQUATE,diagnostic,optimized,110.0,0.5,1.0,1.0,10,candidate_z,0.08632000000000001,0.43160000000000004,0.12360183128052071,0,-1,nan
S3_transport,F,7,6,4,0,MODEL_INADEQUATE,diagnostic,optimized,110.0,0.5,1.0,1.0,10,candidate_z,0.08828,0.44139999999999996,0.12866951306102337,0,-1,nan
S3_transport,F,7,6,4,0,MODEL_INADEQUATE,diagnostic,optimized,110.0,0.5,1.0,1.0,10,candidate_z,0.09024,0.4512,0.13379706879044306,0,-1,nan
S3_transport,F,7,6,4,0,MODEL_INADEQUATE,diagnostic,optimized,110.0,0.5,1.0,1.0,10,candidate_z,0.0922,0.461,0.13897799006041112,0,-1,nan
S3_transport,F,7,6,4,0,MODEL_INADEQUATE,diagnostic,optimized,110.0,0.5,1.0,1.0,10,candidate_z,0.09416,0.47079999999999994,0.14420551181460795,0,-1,nan
S3_transport,F,7,6,4,0,MODEL_INADEQUATE,diagnostic,optimized,110.0,0.5,1.0,1.0,10,candidate_z,0.09612,0.48059999999999997,0.1494726494588896,0,-1,nan
S3_transport,F,7,6,4,0,MODEL_INADEQUATE,diagnostic,optimized,110.0,0.5,1.0,1.0,10,candidate_z,0.09808,0.4904,0.15477224400479983,0,-1,nan
S3_transport,F,7,6,4,0,MODEL_INADEQUATE,diagnostic,optimized,110.0,0.5,1.0,1.0,10,candidate_z,0.10004,0.5002,0.16009699670456357,0,-1,nan
S3_transport,F,7,6,4,0,MODEL_INADEQUATE,diagnostic,optimized,110.0,0.5,1.0,1.0,10,candidate_z,0.10200000000000001,0.51,0.16543951098696752,0,-1,nan
S3_transport,F,7,6,4,0,MODEL_INADEQUATE,diagnostic,optimized,110.0,0.5,1.0,1.0,10,candidate_z,0.10396,0.5197999999999999,0.1707908272452947,0,-1,nan
S3_transport,F,7,6,4,0,MODEL_INADEQUATE,diagnostic,optimized,110.0,0.5,1.0,1.0,10,candidate_z,0.10592,0.5296,0.17614488209076384,0,-1,nan
S3_transport,F,7,6,4,0,MODEL_INADEQUATE,diagnostic,optimized,110.0,0.5,1.0,1.0,10,candidate_z,0.10788,0.5394,0.1814942246761717,0,-1,nan
S3_transport,F,7,6,4,0,MODEL_INADEQUATE,diagnostic,optimized,110.0,0.5,1.0,1.0,10,candidate_z,0.10984,0.5491999999999999,0.1868314630496748,0,-1,nan
S3_transport,F,7,6,4,0,MODEL_INADEQUATE,diagnostic,optimized,110.0,0.5,1.0,1.0,10,candidate_z,0.1118,0.5589999999999999,0.1921492976300705,0,-1,nan
S3_transport,F,7,6,4,0,MODEL_INADEQUATE,diagnostic,optimized,110.0,0.5,1.0,1.0,10,candidate_z,0.11376,0.5688,0.1974405553685905,0,-1,nan
S3_transport,F,7,6,4,0,MODEL_INADEQUATE,diagnostic,optimized,110.0,0.5,1.0,1.0,10,candidate_z,0.11572,0.5786,0.20269822089910505,0,-1,nan
S3_transport,F,7,6,4,0,MODEL_INADEQUATE,diagnostic,optimized,110.0,0.5,1.0,1.0,10,candidate_z,0.11768,0.5884,0.2079154631128297,0,-1,nan
S3_transport,F,7,6,4,0,MODEL_INADEQUATE,diagnostic,optimized,110.0,0.5,1.0,1.0,10,candidate_z,0.11964,0.5982,0.2130856673921997,0,-1,nan
S3_transport,F,7,6,4,0,MODEL_INADEQUATE,diagnostic,optimized,110.0,0.5,1.0,1.0,10,candidate_z,0.1216,0.608,0.218202455659668,0,-1,nan
S3_transport,F,7,6,4,0,MODEL_INADEQUATE,diagnostic,optimized,110.0,0.5,1.0,1.0,10,candidate_z,0.12356,0.6178,0.2232597083835195,0,-1,nan
S3_transport,F,7,6,4,0,MODEL_INADEQUATE,diagnostic,optimized,110.0,0.5,1.0,1.0,10,candidate_z,0.12552,0.6275999999999999,0.2282515836536838,0,-1,nan
S3_transport,F,7,6,4,0,MODEL_INADEQUATE,diagnostic,optimized,110.0,0.5,1.0,1.0,10,candidate_z,0.12747999999999998,0.6373999999999999,0.23317253258039372,0,-1,nan
S3_transport,F,7,6,4,0,MODEL_INADEQUATE,diagnostic,optimized,110.0,0.5,1.0,1.0,10,candidate_z,0.12944,0.6472,0.23801731343953492,0,-1,nan
S3_transport,F,7,6,4,0,MODEL_INADEQUATE,diagnostic,optimized,110.0,0.5,1.0,1.0,10,candidate_z,0.1314,0.6569999999999999,0.24278100448293927,0,-1,nan
S3_transport,F,7,6,4,0,MODEL_INADEQUATE,diagnostic,optimized,110.0,0.5,1.0,1.0,10,candidate_z,0.13336,0.6668,0.24745901132869008,0,-1,nan
S3_transport,F,7,6,4,0,MODEL_INADEQUATE,diagnostic,optimized,110.0,0.5,1.0,1.0,10,candidate_z,0.13532,0.6766,0.25204707342711075,0,-1,nan
S3_transport,F,7,6,4,0,MODEL_INADEQUATE,diagnostic,optimized,110.0,0.5,1.0,1.0,10,candidate_z,0.13728,0.6864,0.25654126859576465,0,-1,nan
S3_transport,F,7,6,4,0,MODEL_INADEQUATE,diagnostic,optimized,110.0,0.5,1.0,1.0,10,candidate_z,0.13924,0.6961999999999999,0.26093801395207805,0,-1,nan
S3_transport,F,7,6,4,0,MODEL_INADEQUATE,diagnostic,optimized,110.0,0.5,1.0,1.0,10,candidate_z,0.1412,0.706,0.2652340683473504,0,-1,nan
S3_transport,F,7,6,4,0,MODEL_INADEQUATE,diagnostic,optimized,110.0,0.5,1.0,1.0,10,candidate_z,0.14316,0.7158,0.26942653053716725,0,-1,nan
S3_transport,F,7,6,4,0,MODEL_INADEQUATE,diagnostic,optimized,110.0,0.5,1.0,1.0,10,candidate_z,0.14512,0.7255999999999999,0.2735128352053984,0,-1,nan
S3_transport,F,7,6,4,0,MODEL_INADEQUATE,diagnostic,optimized,110.0,0.5,1.0,1.0,10,candidate_z,0.14708,0.7353999999999999,0.27749074858813927,1,-1,nan
S3_transport,F,7,6,4,0,MODEL_INADEQUATE,diagnostic,optimized,110.0,0.5,1.0,1.0,10,candidate_z,0.14904,0.7452,0.28135836203834685,0,-1,nan
S3_transport,F,7,6,4,0,MODEL_INADEQUATE,diagnostic,optimized,110.0,0.5,1.0,1.0,10,candidate_z,0.151,0.7549999999999999,0.2851140842356621,0,-1,nan
S3_transport,F,7,6,4,0,MODEL_INADEQUATE,diagnostic,optimized,110.0,0.5,1.0,1.0,10,candidate_z,0.15295999999999998,0.7647999999999999,0.28875663531435336,1,-1,nan
S3_transport,F,7,6,4,0,MODEL_INADEQUATE,diagnostic,optimized,110.0,0.5,1.0,1.0,10,candidate_z,0.15492,0.7746,0.2922850372585586,0,-1,nan
S3_transport,F,7,6,4,0,MODEL_INADEQUATE,diagnostic,optimized,110.0,0.5,1.0,1.0,10,candidate_z,0.15688,0.7843999999999999,0.29569860196460596,0,-1,nan
S3_transport,F,7,6,4,0,MODEL_INADEQUATE,diagnostic,optimized,110.0,0.5,1.0,1.0,10,candidate_z,0.15884,0.7942,0.2989969214522752,1,-1,nan
S3_transport,F,7,6,4,0,MODEL_INADEQUATE,diagnostic,optimized,110.0,0.5,1.0,1.0,10,candidate_z,0.1608,0.8039999999999999,0.3021798565608371,0,-1,nan
S3_transport,F,7,6,4,0,MODEL_INADEQUATE,diagnostic,optimized,110.0,0.5,1.0,1.0,10,candidate_z,0.16276,0.8137999999999999,0.3052475251911311,0,-1,nan
S3_transport,F,7,6,4,0,MODEL_INADEQUATE,diagnostic,optimized,110.0,0.5,1.0,1.0,10,candidate_z,0.16472,0.8236,0.3082002901946872,1,-1,nan
S3_transport,F,7,6,4,0,MODEL_INADEQUATE,diagnostic,optimized,110.0,0.5,1.0,1.0,10,candidate_z,0.16668,0.8333999999999999,0.31103874361149053,0,-1,nan
S3_transport,F,7,6,4,0,MODEL_INADEQUATE,diagnostic,optimized,110.0,0.5,1.0,1.0,10,candidate_z,0.16864,0.8432000000000001,0.3137636954761973,0,-1,nan
S3_transport,F,7,6,4,0,MODEL_INADEQUATE,diagnostic,optimized,110.0,0.5,1.0,1.0,10,candidate_z,0.1706,0.853,0.31637617046964195,1,-1,nan
S3_transport,F,7,6,4,0,MODEL_INADEQUATE,diagnostic,optimized,110.0,0.5,1.0,1.0,10,candidate_z,0.17256,0.8627999999999999,0.3188773867906214,0,-1,nan
S3_transport,F,7,6,4,0,MODEL_INADEQUATE,diagnostic,optimized,110.0,0.5,1.0,1.0,10,candidate_z,0.17452,0.8726,0.3212687430893659,0,-1,nan
S3_transport,F,7,6,4,0,MODEL_INADEQUATE,diagnostic,optimized,110.0,0.5,1.0,1.0,10,candidate_z,0.17648,0.8824,0.32355180754500523,1,-1,nan
S3_transport,F,7,6,4,0,MODEL_INADEQUATE,diagnostic,optimized,110.0,0.5,1.0,1.0,10,candidate_z,0.17844,0.8921999999999999,0.32572830549270293,0,-1,nan
S3_transport,F,7,6,4,0,MODEL_INADEQUATE,diagnostic,optimized,110.0,0.5,1.0,1.0,10,candidate_z,0.1804,0.902,0.3278001072702388,0,-1,nan
S3_transport,F,7,6,4,0,MODEL_INADEQUATE,diagnostic,optimized,110.0,0.5,1.0,1.0,10,candidate_z,0.18236,0.9117999999999999,0.32976921577404994,1,-1,nan
S3_transport,F,7,6,4,0,MODEL_INADEQUATE,diagnostic,optimized,110.0,0.5,1.0,1.0,10,candidate_z,0.18431999999999998,0.9215999999999999,0.33163775199496115,0,-1,nan
S3_transport,F,7,6,4,0,MODEL_INADEQUATE,diagnostic,optimized,110.0,0.5,1.0,1.0,10,candidate_z,0.18628,0.9314,0.3334079435395587,0,-1,nan
S3_transport,F,7,6,4,0,MODEL_INADEQUATE,diagnostic,optimized,110.0,0.5,1.0,1.0,10,candidate_z,0.18824,0.9411999999999999,0.3350821287011634,1,-1,nan
S3_transport,F,7,6,4,0,MODEL_INADEQUATE,diagnostic,optimized,110.0,0.5,1.0,1.0,10,candidate_z,0.1902,0.951,0.3366627291614144,0,-1,nan
S3_transport,F,7,6,4,0,MODEL_INADEQUATE,diagnostic,optimized,110.0,0.5,1.0,1.0,10,candidate_z,0.19216,0.9608,0.3381522449384917,0,-1,nan
S3_transport,F,7,6,4,0,MODEL_INADEQUATE,diagnostic,optimized,110.0,0.5,1.0,1.0,10,candidate_z,0.19412,0.9705999999999999,0.3395532445796654,1,-1,nan
S3_transport,F,7,6,4,0,MODEL_INADEQUATE,diagnostic,optimized,110.0,0.5,1.0,1.0,10,candidate_z,0.19608,0.9803999999999999,0.34086835567553564,0,-1,nan
S3_transport,F,7,6,4,0,MODEL_INADEQUATE,diagnostic,optimized,110.0,0.5,1.0,1.0,10,candidate_z,0.19804,0.9902,0.3421002558367192,0,-1,nan
S3_transport,F,7,6,4,0,MODEL_INADEQUATE,diagnostic,optimized,110.0,0.5,1.0,1.0,10,candidate_z,0.2,1.0,0.3432516640394532,1,-1,nan
S3_transport,F,7,6,4,0,MODEL_INADEQUATE,diagnostic,optimized,110.0,0.5,1.0,1.0,10,selected_z,0.2,1.0,nan,1,1,0.3432516640394532
S3_transport,F,7,6,4,0,MODEL_INADEQUATE,diagnostic,optimized,110.0,0.5,1.0,1.0,10,selected_z,0.19412,0.9705999999999999,nan,1,2,0.2766603031483612
S3_transport,F,7,6,4,0,MODEL_INADEQUATE,diagnostic,optimized,110.0,0.5,1.0,1.0,10,selected_z,0.18824,0.9411999999999999,nan,1,3,0.23237969250282475
S3_transport,F,7,6,4,0,MODEL_INADEQUATE,diagnostic,optimized,110.0,0.5,1.0,1.0,10,selected_z,0.18236,0.9117999999999999,nan,1,4,0.20041328408783698
S3_transport,F,7,6,4,0,MODEL_INADEQUATE,diagnostic,optimized,110.0,0.5,1.0,1.0,10,selected_z,0.17648,0.8824,nan,1,5,0.17600319985120905
S3_transport,F,7,6,4,0,MODEL_INADEQUATE,diagnostic,optimized,110.0,0.5,1.0,1.0,10,selected_z,0.1706,0.853,nan,1,6,0.1565789966602935
S3_transport,F,7,6,4,0,MODEL_INADEQUATE,diagnostic,optimized,110.0,0.5,1.0,1.0,10,selected_z,0.16472,0.8236,nan,1,7,0.14062181527467033
S3_transport,F,7,6,4,0,MODEL_INADEQUATE,diagnostic,optimized,110.0,0.5,1.0,1.0,10,selected_z,0.15884,0.7942,nan,1,8,0.1271724494952906
S3_transport,F,7,6,4,0,MODEL_INADEQUATE,diagnostic,optimized,110.0,0.5,1.0,1.0,10,selected_z,0.15295999999999998,0.7647999999999999,nan,1,9,0.115593596799485
S3_transport,F,7,6,4,0,MODEL_INADEQUATE,diagnostic,optimized,110.0,0.5,1.0,1.0,10,selected_z,0.14708,0.7353999999999999,nan,1,10,0.10544495282378819
S3_transport,F,7,6,4,0,MODEL_INADEQUATE,diagnostic,optimized,110.0,0.5,1.0,1.0,10,final_z,0.15099999999999997,0.7549999999999998,nan,1,-1,nan
S3_transport,F,7,6,4,0,MODEL_INADEQUATE,diagnostic,optimized,110.0,0.5,1.0,1.0,10,final_z,0.15687999999999996,0.7843999999999998,nan,1,-1,nan
S3_transport,F,7,6,4,0,MODEL_INADEQUATE,diagnostic,optimized,110.0,0.5,1.0,1.0,10,final_z,0.16276,0.8137999999999999,nan,1,-1,nan
S3_transport,F,7,6,4,0,MODEL_INADEQUATE,diagnostic,optimized,110.0,0.5,1.0,1.0,10,final_z,0.16863999999999998,0.8431999999999998,nan,1,-1,nan
S3_transport,F,7,6,4,0,MODEL_INADEQUATE,diagnostic,optimized,110.0,0.5,1.0,1.0,10,final_z,0.17451999999999998,0.8725999999999998,nan,1,-1,nan
S3_transport,F,7,6,4,0,MODEL_INADEQUATE,diagnostic,optimized,110.0,0.5,1.0,1.0,10,final_z,0.18039999999999998,0.9019999999999998,nan,1,-1,nan
S3_transport,F,7,6,4,0,MODEL_INADEQUATE,diagnostic,optimized,110.0,0.5,1.0,1.0,10,final_z,0.18627999999999997,0.9313999999999998,nan,1,-1,nan
S3_transport,F,7,6,4,0,MODEL_INADEQUATE,diagnostic,optimized,110.0,0.5,1.0,1.0,10,final_z,0.191376,0.95688,nan,1,-1,nan
S3_transport,F,7,6,4,0,MODEL_INADEQUATE,diagnostic,optimized,110.0,0.5,1.0,1.0,10,final_z,0.19568799999999997,0.9784399999999999,nan,1,-1,nan
S3_transport,F,7,6,4,0,MODEL_INADEQUATE,diagnostic,optimized,110.0,0.5,1.0,1.0,10,final_z,0.2,1.0,nan,1,-1,nan
S3_transport,F,7,6,5,0,MODEL_INADEQUATE,diagnostic,optimized,90.0,0.5,1.0,1.0,10,candidate_z,0.004,0.02,0.0003280621972123754,0,-1,nan
S3_transport,F,7,6,5,0,MODEL_INADEQUATE,diagnostic,optimized,90.0,0.5,1.0,1.0,10,candidate_z,0.00596,0.0298,0.0006022027587668788,0,-1,nan
S3_transport,F,7,6,5,0,MODEL_INADEQUATE,diagnostic,optimized,90.0,0.5,1.0,1.0,10,candidate_z,0.00792,0.039599999999999996,0.0009552909514098928,0,-1,nan
S3_transport,F,7,6,5,0,MODEL_INADEQUATE,diagnostic,optimized,90.0,0.5,1.0,1.0,10,candidate_z,0.00988,0.0494,0.0013844313524735696,0,-1,nan
S3_transport,F,7,6,5,0,MODEL_INADEQUATE,diagnostic,optimized,90.0,0.5,1.0,1.0,10,candidate_z,0.01184,0.059199999999999996,0.0018868734684254207,0,-1,nan
S3_transport,F,7,6,5,0,MODEL_INADEQUATE,diagnostic,optimized,90.0,0.5,1.0,1.0,10,candidate_z,0.0138,0.06899999999999999,0.00246002651152466,0,-1,nan
S3_transport,F,7,6,5,0,MODEL_INADEQUATE,diagnostic,optimized,90.0,0.5,1.0,1.0,10,candidate_z,0.01576,0.0788,0.003101469797893941,0,-1,nan
S3_transport,F,7,6,5,0,MODEL_INADEQUATE,diagnostic,optimized,90.0,0.5,1.0,1.0,10,candidate_z,0.01772,0.0886,0.003808961318856774,0,-1,nan
S3_transport,F,7,6,5,0,MODEL_INADEQUATE,diagnostic,optimized,90.0,0.5,1.0,1.0,10,candidate_z,0.01968,0.09839999999999999,0.004580439834430905,0,-1,nan
S3_transport,F,7,6,5,0,MODEL_INADEQUATE,diagnostic,optimized,90.0,0.5,1.0,1.0,10,candidate_z,0.02164,0.10819999999999999,0.0054140270003237845,0,-1,nan
S3_transport,F,7,6,5,0,MODEL_INADEQUATE,diagnostic,optimized,90.0,0.5,1.0,1.0,10,candidate_z,0.0236,0.118,0.006308022430399518,0,-1,nan
S3_transport,F,7,6,5,0,MODEL_INADEQUATE,diagnostic,optimized,90.0,0.5,1.0,1.0,10,candidate_z,0.02556,0.1278,0.007260900089566036,0,-1,nan
S3_transport,F,7,6,5,0,MODEL_INADEQUATE,diagnostic,optimized,90.0,0.5,1.0,1.0,10,candidate_z,0.02752,0.1376,0.008271299365045337,0,-1,nan
S3_transport,F,7,6,5,0,MODEL_INADEQUATE,diagnostic,optimized,90.0,0.5,1.0,1.0,10,candidate_z,0.02948,0.14739999999999998,0.009338017522100728,0,-1,nan
S3_transport,F,7,6,5,0,MODEL_INADEQUATE,diagnostic,optimized,90.0,0.5,1.0,1.0,10,candidate_z,0.031439999999999996,0.15719999999999998,0.01045999908422246,0,-1,nan
S3_transport,F,7,6,5,0,MODEL_INADEQUATE,diagnostic,optimized,90.0,0.5,1.0,1.0,10,candidate_z,0.0334,0.16699999999999998,0.011636328035166343,0,-1,nan
S3_transport,F,7,6,5,0,MODEL_INADEQUATE,diagnostic,optimized,90.0,0.5,1.0,1.0,10,candidate_z,0.03536,0.1768,0.012866214870275172,0,-1,nan
S3_transport,F,7,6,5,0,MODEL_INADEQUATE,diagnostic,optimized,90.0,0.5,1.0,1.0,10,candidate_z,0.037320000000000006,0.18660000000000002,0.014148991100928043,0,-1,nan
S3_transport,F,7,6,5,0,MODEL_INADEQUATE,diagnostic,optimized,90.0,0.5,1.0,1.0,10,candidate_z,0.039279999999999995,0.19639999999999996,0.015484099665567186,0,-1,nan
S3_transport,F,7,6,5,0,MODEL_INADEQUATE,diagnostic,optimized,90.0,0.5,1.0,1.0,10,candidate_z,0.04124,0.2062,0.01687108335080012,0,-1,nan
S3_transport,F,7,6,5,0,MODEL_INADEQUATE,diagnostic,optimized,90.0,0.5,1.0,1.0,10,candidate_z,0.0432,0.216,0.01830958100901725,0,-1,nan
S3_transport,F,7,6,5,0,MODEL_INADEQUATE,diagnostic,optimized,90.0,0.5,1.0,1.0,10,candidate_z,0.045160000000000006,0.22580000000000003,0.019799319215191957,0,-1,nan
S3_transport,F,7,6,5,0,MODEL_INADEQUATE,diagnostic,optimized,90.0,0.5,1.0,1.0,10,candidate_z,0.047119999999999995,0.23559999999999998,0.021340106084966948,0,-1,nan
S3_transport,F,7,6,5,0,MODEL_INADEQUATE,diagnostic,optimized,90.0,0.5,1.0,1.0,10,candidate_z,0.04908,0.24539999999999998,0.02293182179751696,0,-1,nan
S3_transport,F,7,6,5,0,MODEL_INADEQUATE,diagnostic,optimized,90.0,0.5,1.0,1.0,10,candidate_z,0.05104,0.2552,0.024574429075020277,0,-1,nan
S3_transport,F,7,6,5,0,MODEL_INADEQUATE,diagnostic,optimized,90.0,0.5,1.0,1.0,10,candidate_z,0.053000000000000005,0.265,0.026267941438970155,0,-1,nan
S3_transport,F,7,6,5,0,MODEL_INADEQUATE,diagnostic,optimized,90.0,0.5,1.0,1.0,10,candidate_z,0.054959999999999995,0.27479999999999993,0.028012440306500963,0,-1,nan
S3_transport,F,7,6,5,0,MODEL_INADEQUATE,diagnostic,optimized,90.0,0.5,1.0,1.0,10,candidate_z,0.05692,0.28459999999999996,0.029808067283472184,0,-1,nan
S3_transport,F,7,6,5,0,MODEL_INADEQUATE,diagnostic,optimized,90.0,0.5,1.0,1.0,10,candidate_z,0.05888,0.2944,0.031655012794164605,0,-1,nan
S3_transport,F,7,6,5,0,MODEL_INADEQUATE,diagnostic,optimized,90.0,0.5,1.0,1.0,10,candidate_z,0.060840000000000005,0.3042,0.033553518202182886,0,-1,nan
S3_transport,F,7,6,5,0,MODEL_INADEQUATE,diagnostic,optimized,90.0,0.5,1.0,1.0,10,candidate_z,0.0628,0.31399999999999995,0.03550386876393574,0,-1,nan
S3_transport,F,7,6,5,0,MODEL_INADEQUATE,diagnostic,optimized,90.0,0.5,1.0,1.0,10,candidate_z,0.06476,0.3238,0.03750639356226415,0,-1,nan
S3_transport,F,7,6,5,0,MODEL_INADEQUATE,diagnostic,optimized,90.0,0.5,1.0,1.0,10,candidate_z,0.06672,0.3336,0.03956145827721258,0,-1,nan
S3_transport,F,7,6,5,0,MODEL_INADEQUATE,diagnostic,optimized,90.0,0.5,1.0,1.0,10,candidate_z,0.06868,0.3434,0.04166946343073974,0,-1,nan
S3_transport,F,7,6,5,0,MODEL_INADEQUATE,diagnostic,optimized,90.0,0.5,1.0,1.0,10,candidate_z,0.07064000000000001,0.3532,0.043830841953937494,0,-1,nan
S3_transport,F,7,6,5,0,MODEL_INADEQUATE,diagnostic,optimized,90.0,0.5,1.0,1.0,10,candidate_z,0.0726,0.363,0.04604604701472326,0,-1,nan
S3_transport,F,7,6,5,0,MODEL_INADEQUATE,diagnostic,optimized,90.0,0.5,1.0,1.0,10,candidate_z,0.07456,0.37279999999999996,0.04831557280410337,0,-1,nan
S3_transport,F,7,6,5,0,MODEL_INADEQUATE,diagnostic,optimized,90.0,0.5,1.0,1.0,10,candidate_z,0.07652,0.3826,0.05063990942923269,0,-1,nan
S3_transport,F,7,6,5,0,MODEL_INADEQUATE,diagnostic,optimized,90.0,0.5,1.0,1.0,10,candidate_z,0.07848,0.39239999999999997,0.05301958491556391,0,-1,nan
S3_transport,F,7,6,5,0,MODEL_INADEQUATE,diagnostic,optimized,90.0,0.5,1.0,1.0,10,candidate_z,0.08044,0.40219999999999995,0.055455121697523424,0,-1,nan
S3_transport,F,7,6,5,0,MODEL_INADEQUATE,diagnostic,optimized,90.0,0.5,1.0,1.0,10,candidate_z,0.0824,0.412,0.05794706234009439,0,-1,nan
S3_transport,F,7,6,5,0,MODEL_INADEQUATE,diagnostic,optimized,90.0,0.5,1.0,1.0,10,candidate_z,0.08436,0.4218,0.06049595201967506,0,-1,nan
S3_transport,F,7,6,5,0,MODEL_INADEQUATE,diagnostic,optimized,90.0,0.5,1.0,1.0,10,candidate_z,0.08632000000000001,0.43160000000000004,0.06310233270437848,0,-1,nan
S3_transport,F,7,6,5,0,MODEL_INADEQUATE,diagnostic,optimized,90.0,0.5,1.0,1.0,10,candidate_z,0.08828,0.44139999999999996,0.06576674538501592,0,-1,nan
S3_transport,F,7,6,5,0,MODEL_INADEQUATE,diagnostic,optimized,90.0,0.5,1.0,1.0,10,candidate_z,0.09024,0.4512,0.06848972436822365,0,-1,nan
S3_transport,F,7,6,5,0,MODEL_INADEQUATE,diagnostic,optimized,90.0,0.5,1.0,1.0,10,candidate_z,0.0922,0.461,0.07127179141488327,0,-1,nan
S3_transport,F,7,6,5,0,MODEL_INADEQUATE,diagnostic,optimized,90.0,0.5,1.0,1.0,10,candidate_z,0.09416,0.47079999999999994,0.07411346393633167,0,-1,nan
S3_transport,F,7,6,5,0,MODEL_INADEQUATE,diagnostic,optimized,90.0,0.5,1.0,1.0,10,candidate_z,0.09612,0.48059999999999997,0.07701520301526799,0,-1,nan
S3_transport,F,7,6,5,0,MODEL_INADEQUATE,diagnostic,optimized,90.0,0.5,1.0,1.0,10,candidate_z,0.09808,0.4904,0.0799775136888492,0,-1,nan
S3_transport,F,7,6,5,0,MODEL_INADEQUATE,diagnostic,optimized,90.0,0.5,1.0,1.0,10,candidate_z,0.10004,0.5002,0.0830008103601152,0,-1,nan
S3_transport,F,7,6,5,0,MODEL_INADEQUATE,diagnostic,optimized,90.0,0.5,1.0,1.0,10,candidate_z,0.10200000000000001,0.51,0.08608551943762777,0,-1,nan
S3_transport,F,7,6,5,0,MODEL_INADEQUATE,diagnostic,optimized,90.0,0.5,1.0,1.0,10,candidate_z,0.10396,0.5197999999999999,0.08923190424337335,0,-1,nan
S3_transport,F,7,6,5,0,MODEL_INADEQUATE,diagnostic,optimized,90.0,0.5,1.0,1.0,10,candidate_z,0.10592,0.5296,0.09244040997547742,0,-1,nan
S3_transport,F,7,6,5,0,MODEL_INADEQUATE,diagnostic,optimized,90.0,0.5,1.0,1.0,10,candidate_z,0.10788,0.5394,0.09571135413397869,0,-1,nan
S3_transport,F,7,6,5,0,MODEL_INADEQUATE,diagnostic,optimized,90.0,0.5,1.0,1.0,10,candidate_z,0.10984,0.5491999999999999,0.09904499593192284,0,-1,nan
S3_transport,F,7,6,5,0,MODEL_INADEQUATE,diagnostic,optimized,90.0,0.5,1.0,1.0,10,candidate_z,0.1118,0.5589999999999999,0.10244154282437634,0,-1,nan
S3_transport,F,7,6,5,0,MODEL_INADEQUATE,diagnostic,optimized,90.0,0.5,1.0,1.0,10,candidate_z,0.11376,0.5688,0.10590117917502795,0,-1,nan
S3_transport,F,7,6,5,0,MODEL_INADEQUATE,diagnostic,optimized,90.0,0.5,1.0,1.0,10,candidate_z,0.11572,0.5786,0.10942401891434272,0,-1,nan
S3_transport,F,7,6,5,0,MODEL_INADEQUATE,diagnostic,optimized,90.0,0.5,1.0,1.0,10,candidate_z,0.11768,0.5884,0.11301010397074052,0,-1,nan
S3_transport,F,7,6,5,0,MODEL_INADEQUATE,diagnostic,optimized,90.0,0.5,1.0,1.0,10,candidate_z,0.11964,0.5982,0.1166594770681435,0,-1,nan
S3_transport,F,7,6,5,0,MODEL_INADEQUATE,diagnostic,optimized,90.0,0.5,1.0,1.0,10,candidate_z,0.1216,0.608,0.12037207663363958,0,-1,nan
S3_transport,F,7,6,5,0,MODEL_INADEQUATE,diagnostic,optimized,90.0,0.5,1.0,1.0,10,candidate_z,0.12356,0.6178,0.12414778948933147,0,-1,nan
S3_transport,F,7,6,5,0,MODEL_INADEQUATE,diagnostic,optimized,90.0,0.5,1.0,1.0,10,candidate_z,0.12552,0.6275999999999999,0.1279864687457568,0,-1,nan
S3_transport,F,7,6,5,0,MODEL_INADEQUATE,diagnostic,optimized,90.0,0.5,1.0,1.0,10,candidate_z,0.12747999999999998,0.6373999999999999,0.13188784752579252,0,-1,nan
S3_transport,F,7,6,5,0,MODEL_INADEQUATE,diagnostic,optimized,90.0,0.5,1.0,1.0,10,candidate_z,0.12944,0.6472,0.1358516709453781,0,-1,nan
S3_transport,F,7,6,5,0,MODEL_INADEQUATE,diagnostic,optimized,90.0,0.5,1.0,1.0,10,candidate_z,0.1314,0.6569999999999999,0.13987758460947575,0,-1,nan
S3_transport,F,7,6,5,0,MODEL_INADEQUATE,diagnostic,optimized,90.0,0.5,1.0,1.0,10,candidate_z,0.13336,0.6668,0.143965144326625,0,-1,nan
S3_transport,F,7,6,5,0,MODEL_INADEQUATE,diagnostic,optimized,90.0,0.5,1.0,1.0,10,candidate_z,0.13532,0.6766,0.148113873886615,0,-1,nan
S3_transport,F,7,6,5,0,MODEL_INADEQUATE,diagnostic,optimized,90.0,0.5,1.0,1.0,10,candidate_z,0.13728,0.6864,0.15232321271359694,0,-1,nan
S3_transport,F,7,6,5,0,MODEL_INADEQUATE,diagnostic,optimized,90.0,0.5,1.0,1.0,10,candidate_z,0.13924,0.6961999999999999,0.15659254403579226,0,-1,nan
S3_transport,F,7,6,5,0,MODEL_INADEQUATE,diagnostic,optimized,90.0,0.5,1.0,1.0,10,candidate_z,0.1412,0.706,0.16092119003560512,0,-1,nan
S3_transport,F,7,6,5,0,MODEL_INADEQUATE,diagnostic,optimized,90.0,0.5,1.0,1.0,10,candidate_z,0.14316,0.7158,0.16530840872500718,0,-1,nan
S3_transport,F,7,6,5,0,MODEL_INADEQUATE,diagnostic,optimized,90.0,0.5,1.0,1.0,10,candidate_z,0.14512,0.7255999999999999,0.1697533736979473,0,-1,nan
S3_transport,F,7,6,5,0,MODEL_INADEQUATE,diagnostic,optimized,90.0,0.5,1.0,1.0,10,candidate_z,0.14708,0.7353999999999999,0.17425520067637734,1,-1,nan
S3_transport,F,7,6,5,0,MODEL_INADEQUATE,diagnostic,optimized,90.0,0.5,1.0,1.0,10,candidate_z,0.14904,0.7452,0.17881294086690858,0,-1,nan
S3_transport,F,7,6,5,0,MODEL_INADEQUATE,diagnostic,optimized,90.0,0.5,1.0,1.0,10,candidate_z,0.151,0.7549999999999999,0.18342560625025683,0,-1,nan
S3_transport,F,7,6,5,0,MODEL_INADEQUATE,diagnostic,optimized,90.0,0.5,1.0,1.0,10,candidate_z,0.15295999999999998,0.7647999999999999,0.18809212156471133,1,-1,nan
S3_transport,F,7,6,5,0,MODEL_INADEQUATE,diagnostic,optimized,90.0,0.5,1.0,1.0,10,candidate_z,0.15492,0.7746,0.19281134540092282,0,-1,nan
S3_transport,F,7,6,5,0,MODEL_INADEQUATE,diagnostic,optimized,90.0,0.5,1.0,1.0,10,candidate_z,0.15688,0.7843999999999999,0.1975821029338114,0,-1,nan
S3_transport,F,7,6,5,0,MODEL_INADEQUATE,diagnostic,optimized,90.0,0.5,1.0,1.0,10,candidate_z,0.15884,0.7942,0.20240314552329508,1,-1,nan
S3_transport,F,7,6,5,0,MODEL_INADEQUATE,diagnostic,optimized,90.0,0.5,1.0,1.0,10,candidate_z,0.1608,0.8039999999999999,0.20727317301209425,0,-1,nan
S3_transport,F,7,6,5,0,MODEL_INADEQUATE,diagnostic,optimized,90.0,0.5,1.0,1.0,10,candidate_z,0.16276,0.8137999999999999,0.2121908318571677,0,-1,nan
S3_transport,F,7,6,5,0,MODEL_INADEQUATE,diagnostic,optimized,90.0,0.5,1.0,1.0,10,candidate_z,0.16472,0.8236,0.21715471720182578,1,-1,nan
S3_transport,F,7,6,5,0,MODEL_INADEQUATE,diagnostic,optimized,90.0,0.5,1.0,1.0,10,candidate_z,0.16668,0.8333999999999999,0.22216337503622086,0,-1,nan
S3_transport,F,7,6,5,0,MODEL_INADEQUATE,diagnostic,optimized,90.0,0.5,1.0,1.0,10,candidate_z,0.16864,0.8432000000000001,0.22721530447564575,0,-1,nan
S3_transport,F,7,6,5,0,MODEL_INADEQUATE,diagnostic,optimized,90.0,0.5,1.0,1.0,10,candidate_z,0.1706,0.853,0.23230896014433355,1,-1,nan
S3_transport,F,7,6,5,0,MODEL_INADEQUATE,diagnostic,optimized,90.0,0.5,1.0,1.0,10,candidate_z,0.17256,0.8627999999999999,0.23744275459262454,0,-1,nan
S3_transport,F,7,6,5,0,MODEL_INADEQUATE,diagnostic,optimized,90.0,0.5,1.0,1.0,10,candidate_z,0.17452,0.8726,0.24261506086198636,0,-1,nan
S3_transport,F,7,6,5,0,MODEL_INADEQUATE,diagnostic,optimized,90.0,0.5,1.0,1.0,10,candidate_z,0.17648,0.8824,0.24782421504094998,1,-1,nan
S3_transport,F,7,6,5,0,MODEL_INADEQUATE,diagnostic,optimized,90.0,0.5,1.0,1.0,10,candidate_z,0.17844,0.8921999999999999,0.25306851848180756,0,-1,nan
S3_transport,F,7,6,5,0,MODEL_INADEQUATE,diagnostic,optimized,90.0,0.5,1.0,1.0,10,candidate_z,0.1804,0.902,0.2583462399332497,0,-1,nan
S3_transport,F,7,6,5,0,MODEL_INADEQUATE,diagnostic,optimized,90.0,0.5,1.0,1.0,10,candidate_z,0.18236,0.9117999999999999,0.2636556208814902,1,-1,nan
S3_transport,F,7,6,5,0,MODEL_INADEQUATE,diagnostic,optimized,90.0,0.5,1.0,1.0,10,candidate_z,0.18431999999999998,0.9215999999999999,0.2689948765169916,0,-1,nan
S3_transport,F,7,6,5,0,MODEL_INADEQUATE,diagnostic,optimized,90.0,0.5,1.0,1.0,10,candidate_z,0.18628,0.9314,0.2743621982826312,0,-1,nan
S3_transport,F,7,6,5,0,MODEL_INADEQUATE,diagnostic,optimized,90.0,0.5,1.0,1.0,10,candidate_z,0.18824,0.9411999999999999,0.2797557569354332,1,-1,nan
S3_transport,F,7,6,5,0,MODEL_INADEQUATE,diagnostic,optimized,90.0,0.5,1.0,1.0,10,candidate_z,0.1902,0.951,0.2851737053260841,0,-1,nan
S3_transport,F,7,6,5,0,MODEL_INADEQUATE,diagnostic,optimized,90.0,0.5,1.0,1.0,10,candidate_z,0.19216,0.9608,0.29061418113131054,0,-1,nan
S3_transport,F,7,6,5,0,MODEL_INADEQUATE,diagnostic,optimized,90.0,0.5,1.0,1.0,10,candidate_z,0.19412,0.9705999999999999,0.2960753095831272,1,-1,nan
S3_transport,F,7,6,5,0,MODEL_INADEQUATE,diagnostic,optimized,90.0,0.5,1.0,1.0,10,candidate_z,0.19608,0.9803999999999999,0.3015552061517468,0,-1,nan
S3_transport,F,7,6,5,0,MODEL_INADEQUATE,diagnostic,optimized,90.0,0.5,1.0,1.0,10,candidate_z,0.19804,0.9902,0.3070519792294526,0,-1,nan
S3_transport,F,7,6,5,0,MODEL_INADEQUATE,diagnostic,optimized,90.0,0.5,1.0,1.0,10,candidate_z,0.2,1.0,0.31256373272843163,1,-1,nan
S3_transport,F,7,6,5,0,MODEL_INADEQUATE,diagnostic,optimized,90.0,0.5,1.0,1.0,10,selected_z,0.2,1.0,nan,1,1,0.31256373272843163
S3_transport,F,7,6,5,0,MODEL_INADEQUATE,diagnostic,optimized,90.0,0.5,1.0,1.0,10,selected_z,0.19412,0.9705999999999999,nan,1,2,0.25225250112007913
S3_transport,F,7,6,5,0,MODEL_INADEQUATE,diagnostic,optimized,90.0,0.5,1.0,1.0,10,selected_z,0.18824,0.9411999999999999,nan,1,3,0.20992588205136897
S3_transport,F,7,6,5,0,MODEL_INADEQUATE,diagnostic,optimized,90.0,0.5,1.0,1.0,10,selected_z,0.18236,0.9117999999999999,nan,1,4,0.17829184730167214
S3_transport,F,7,6,5,0,MODEL_INADEQUATE,diagnostic,optimized,90.0,0.5,1.0,1.0,10,selected_z,0.17648,0.8824,nan,1,5,0.15359384905399054
S3_transport,F,7,6,5,0,MODEL_INADEQUATE,diagnostic,optimized,90.0,0.5,1.0,1.0,10,selected_z,0.1706,0.853,nan,1,6,0.133683008021535
S3_transport,F,7,6,5,0,MODEL_INADEQUATE,diagnostic,optimized,90.0,0.5,1.0,1.0,10,selected_z,0.16472,0.8236,nan,1,7,0.1172337961672909
S3_transport,F,7,6,5,0,MODEL_INADEQUATE,diagnostic,optimized,90.0,0.5,1.0,1.0,10,selected_z,0.15884,0.7942,nan,1,8,0.10338068766392183
S3_transport,F,7,6,5,0,MODEL_INADEQUATE,diagnostic,optimized,90.0,0.5,1.0,1.0,10,selected_z,0.15295999999999998,0.7647999999999999,nan,1,9,0.09153284260561634
S3_transport,F,7,6,5,0,MODEL_INADEQUATE,diagnostic,optimized,90.0,0.5,1.0,1.0,10,selected_z,0.14708,0.7353999999999999,nan,1,10,0.08127227049132557
S3_transport,F,7,6,5,0,MODEL_INADEQUATE,diagnostic,optimized,90.0,0.5,1.0,1.0,10,final_z,0.15099999999999997,0.7549999999999998,nan,1,-1,nan
S3_transport,F,7,6,5,0,MODEL_INADEQUATE,diagnostic,optimized,90.0,0.5,1.0,1.0,10,final_z,0.15687999999999996,0.7843999999999998,nan,1,-1,nan
S3_transport,F,7,6,5,0,MODEL_INADEQUATE,diagnostic,optimized,90.0,0.5,1.0,1.0,10,final_z,0.16276,0.8137999999999999,nan,1,-1,nan
S3_transport,F,7,6,5,0,MODEL_INADEQUATE,diagnostic,optimized,90.0,0.5,1.0,1.0,10,final_z,0.16863999999999998,0.8431999999999998,nan,1,-1,nan
S3_transport,F,7,6,5,0,MODEL_INADEQUATE,diagnostic,optimized,90.0,0.5,1.0,1.0,10,final_z,0.17451999999999998,0.8725999999999998,nan,1,-1,nan
S3_transport,F,7,6,5,0,MODEL_INADEQUATE,diagnostic,optimized,90.0,0.5,1.0,1.0,10,final_z,0.18039999999999998,0.9019999999999998,nan,1,-1,nan
S3_transport,F,7,6,5,0,MODEL_INADEQUATE,diagnostic,optimized,90.0,0.5,1.0,1.0,10,final_z,0.18627999999999997,0.9313999999999998,nan,1,-1,nan
S3_transport,F,7,6,5,0,MODEL_INADEQUATE,diagnostic,optimized,90.0,0.5,1.0,1.0,10,final_z,0.191376,0.95688,nan,1,-1,nan
S3_transport,F,7,6,5,0,MODEL_INADEQUATE,diagnostic,optimized,90.0,0.5,1.0,1.0,10,final_z,0.19568799999999997,0.9784399999999999,nan,1,-1,nan
S3_transport,F,7,6,5,0,MODEL_INADEQUATE,diagnostic,optimized,90.0,0.5,1.0,1.0,10,final_z,0.2,1.0,nan,1,-1,nan
S3_transport,F,7,6,6,0,MODEL_INADEQUATE,diagnostic,optimized,140.0,0.5,1.0,1.0,10,candidate_z,0.004,0.02,0.002315950667689748,0,-1,nan
S3_transport,F,7,6,6,0,MODEL_INADEQUATE,diagnostic,optimized,140.0,0.5,1.0,1.0,10,candidate_z,0.00596,0.0298,0.004807575153950694,0,-1,nan
S3_transport,F,7,6,6,0,MODEL_INADEQUATE,diagnostic,optimized,140.0,0.5,1.0,1.0,10,candidate_z,0.00792,0.039599999999999996,0.007964908746998844,0,-1,nan
S3_transport,F,7,6,6,0,MODEL_INADEQUATE,diagnostic,optimized,140.0,0.5,1.0,1.0,10,candidate_z,0.00988,0.0494,0.011650655133099264,0,-1,nan
S3_transport,F,7,6,6,0,MODEL_INADEQUATE,diagnostic,optimized,140.0,0.5,1.0,1.0,10,candidate_z,0.01184,0.059199999999999996,0.015749750917553484,0,-1,nan
S3_transport,F,7,6,6,0,MODEL_INADEQUATE,diagnostic,optimized,140.0,0.5,1.0,1.0,10,candidate_z,0.0138,0.06899999999999999,0.020165411338091133,0,-1,nan
S3_transport,F,7,6,6,0,MODEL_INADEQUATE,diagnostic,optimized,140.0,0.5,1.0,1.0,10,candidate_z,0.01576,0.0788,0.024817566860374285,0,-1,nan
S3_transport,F,7,6,6,0,MODEL_INADEQUATE,diagnostic,optimized,140.0,0.5,1.0,1.0,10,candidate_z,0.01772,0.0886,0.029641738453928923,0,-1,nan
S3_transport,F,7,6,6,0,MODEL_INADEQUATE,diagnostic,optimized,140.0,0.5,1.0,1.0,10,candidate_z,0.01968,0.09839999999999999,0.03458761744461114,0,-1,nan
S3_transport,F,7,6,6,0,MODEL_INADEQUATE,diagnostic,optimized,140.0,0.5,1.0,1.0,10,candidate_z,0.02164,0.10819999999999999,0.0396166238755562,0,-1,nan
S3_transport,F,7,6,6,0,MODEL_INADEQUATE,diagnostic,optimized,140.0,0.5,1.0,1.0,10,candidate_z,0.0236,0.118,0.04469936515340933,0,-1,nan
S3_transport,F,7,6,6,0,MODEL_INADEQUATE,diagnostic,optimized,140.0,0.5,1.0,1.0,10,candidate_z,0.02556,0.1278,0.04981240931386566,0,-1,nan
S3_transport,F,7,6,6,0,MODEL_INADEQUATE,diagnostic,optimized,140.0,0.5,1.0,1.0,10,candidate_z,0.02752,0.1376,0.05493552160404036,0,-1,nan
S3_transport,F,7,6,6,0,MODEL_INADEQUATE,diagnostic,optimized,140.0,0.5,1.0,1.0,10,candidate_z,0.02948,0.14739999999999998,0.06004931852005413,0,-1,nan
S3_transport,F,7,6,6,0,MODEL_INADEQUATE,diagnostic,optimized,140.0,0.5,1.0,1.0,10,candidate_z,0.031439999999999996,0.15719999999999998,0.0651332527460724,0,-1,nan
S3_transport,F,7,6,6,0,MODEL_INADEQUATE,diagnostic,optimized,140.0,0.5,1.0,1.0,10,candidate_z,0.0334,0.16699999999999998,0.07016436605252352,0,-1,nan
S3_transport,F,7,6,6,0,MODEL_INADEQUATE,diagnostic,optimized,140.0,0.5,1.0,1.0,10,candidate_z,0.03536,0.1768,0.07511676438038606,0,-1,nan
S3_transport,F,7,6,6,0,MODEL_INADEQUATE,diagnostic,optimized,140.0,0.5,1.0,1.0,10,candidate_z,0.037320000000000006,0.18660000000000002,0.07996162361159165,0,-1,nan
S3_transport,F,7,6,6,0,MODEL_INADEQUATE,diagnostic,optimized,140.0,0.5,1.0,1.0,10,candidate_z,0.039279999999999995,0.19639999999999996,0.08466770580043814,0,-1,nan
S3_transport,F,7,6,6,0,MODEL_INADEQUATE,diagnostic,optimized,140.0,0.5,1.0,1.0,10,candidate_z,0.04124,0.2062,0.08920225194505704,0,-1,nan
S3_transport,F,7,6,6,0,MODEL_INADEQUATE,diagnostic,optimized,140.0,0.5,1.0,1.0,10,candidate_z,0.0432,0.216,0.0935321002949685,0,-1,nan
S3_transport,F,7,6,6,0,MODEL_INADEQUATE,diagnostic,optimized,140.0,0.5,1.0,1.0,10,candidate_z,0.045160000000000006,0.22580000000000003,0.09762490922441103,0,-1,nan
S3_transport,F,7,6,6,0,MODEL_INADEQUATE,diagnostic,optimized,140.0,0.5,1.0,1.0,10,candidate_z,0.047119999999999995,0.23559999999999998,0.10145036013824793,0,-1,nan
S3_transport,F,7,6,6,0,MODEL_INADEQUATE,diagnostic,optimized,140.0,0.5,1.0,1.0,10,candidate_z,0.04908,0.24539999999999998,0.10498125534270386,0,-1,nan
S3_transport,F,7,6,6,0,MODEL_INADEQUATE,diagnostic,optimized,140.0,0.5,1.0,1.0,10,candidate_z,0.05104,0.2552,0.10819444001097978,0,-1,nan
S3_transport,F,7,6,6,0,MODEL_INADEQUATE,diagnostic,optimized,140.0,0.5,1.0,1.0,10,candidate_z,0.053000000000000005,0.265,0.11107151147142957,0,-1,nan
S3_transport,F,7,6,6,0,MODEL_INADEQUATE,diagnostic,optimized,140.0,0.5,1.0,1.0,10,candidate_z,0.054959999999999995,0.27479999999999993,0.11359929750691933,0,-1,nan
S3_transport,F,7,6,6,0,MODEL_INADEQUATE,diagnostic,optimized,140.0,0.5,1.0,1.0,10,candidate_z,0.05692,0.28459999999999996,0.11577011033958584,0,-1,nan
S3_transport,F,7,6,6,0,MODEL_INADEQUATE,diagnostic,optimized,140.0,0.5,1.0,1.0,10,candidate_z,0.05888,0.2944,0.11758178786091023,0,-1,nan
S3_transport,F,7,6,6,0,MODEL_INADEQUATE,diagnostic,optimized,140.0,0.5,1.0,1.0,10,candidate_z,0.060840000000000005,0.3042,0.11903754248357856,0,-1,nan
S3_transport,F,7,6,6,0,MODEL_INADEQUATE,diagnostic,optimized,140.0,0.5,1.0,1.0,10,candidate_z,0.0628,0.31399999999999995,0.12014567529685749,1,-1,nan
S3_transport,F,7,6,6,0,MODEL_INADEQUATE,diagnostic,optimized,140.0,0.5,1.0,1.0,10,candidate_z,0.06476,0.3238,0.12091916790116741,0,-1,nan
S3_transport,F,7,6,6,0,MODEL_INADEQUATE,diagnostic,optimized,140.0,0.5,1.0,1.0,10,candidate_z,0.06672,0.3336,0.12137517290429045,0,-1,nan
S3_transport,F,7,6,6,0,MODEL_INADEQUATE,diagnostic,optimized,140.0,0.5,1.0,1.0,10,candidate_z,0.06868,0.3434,0.1215344712468358,1,-1,nan
S3_transport,F,7,6,6,0,MODEL_INADEQUATE,diagnostic,optimized,140.0,0.5,1.0,1.0,10,candidate_z,0.07064000000000001,0.3532,0.1214208947241282,0,-1,nan
S3_transport,F,7,6,6,0,MODEL_INADEQUATE,diagnostic,optimized,140.0,0.5,1.0,1.0,10,candidate_z,0.0726,0.363,0.12106072909747212,0,-1,nan
S3_transport,F,7,6,6,0,MODEL_INADEQUATE,diagnostic,optimized,140.0,0.5,1.0,1.0,10,candidate_z,0.07456,0.37279999999999996,0.12048214893228604,1,-1,nan
S3_transport,F,7,6,6,0,MODEL_INADEQUATE,diagnostic,optimized,140.0,0.5,1.0,1.0,10,candidate_z,0.07652,0.3826,0.11971466726385316,0,-1,nan
S3_transport,F,7,6,6,0,MODEL_INADEQUATE,diagnostic,optimized,140.0,0.5,1.0,1.0,10,candidate_z,0.07848,0.39239999999999997,0.11878861025491716,0,-1,nan
S3_transport,F,7,6,6,0,MODEL_INADEQUATE,diagnostic,optimized,140.0,0.5,1.0,1.0,10,candidate_z,0.08044,0.40219999999999995,0.1177346563976549,0,-1,nan
S3_transport,F,7,6,6,0,MODEL_INADEQUATE,diagnostic,optimized,140.0,0.5,1.0,1.0,10,candidate_z,0.0824,0.412,0.11658340341250195,0,-1,nan
S3_transport,F,7,6,6,0,MODEL_INADEQUATE,diagnostic,optimized,140.0,0.5,1.0,1.0,10,candidate_z,0.08436,0.4218,0.11536497699632875,0,-1,nan
S3_transport,F,7,6,6,0,MODEL_INADEQUATE,diagnostic,optimized,140.0,0.5,1.0,1.0,10,candidate_z,0.08632000000000001,0.43160000000000004,0.11410871807719403,0,-1,nan
S3_transport,F,7,6,6,0,MODEL_INADEQUATE,diagnostic,optimized,140.0,0.5,1.0,1.0,10,candidate_z,0.08828,0.44139999999999996,0.11284288483350835,0,-1,nan
S3_transport,F,7,6,6,0,MODEL_INADEQUATE,diagnostic,optimized,140.0,0.5,1.0,1.0,10,candidate_z,0.09024,0.4512,0.11159440226392547,0,-1,nan
S3_transport,F,7,6,6,0,MODEL_INADEQUATE,diagnostic,optimized,140.0,0.5,1.0,1.0,10,candidate_z,0.0922,0.461,0.11038869331414602,0,-1,nan
S3_transport,F,7,6,6,0,MODEL_INADEQUATE,diagnostic,optimized,140.0,0.5,1.0,1.0,10,candidate_z,0.09416,0.47079999999999994,0.1092495011309218,0,-1,nan
S3_transport,F,7,6,6,0,MODEL_INADEQUATE,diagnostic,optimized,140.0,0.5,1.0,1.0,10,candidate_z,0.09612,0.48059999999999997,0.10819876166716469,0,-1,nan
S3_transport,F,7,6,6,0,MODEL_INADEQUATE,diagnostic,optimized,140.0,0.5,1.0,1.0,10,candidate_z,0.09808,0.4904,0.1072565578085296,0,-1,nan
S3_transport,F,7,6,6,0,MODEL_INADEQUATE,diagnostic,optimized,140.0,0.5,1.0,1.0,10,candidate_z,0.10004,0.5002,0.10644103761629609,0,-1,nan
S3_transport,F,7,6,6,0,MODEL_INADEQUATE,diagnostic,optimized,140.0,0.5,1.0,1.0,10,candidate_z,0.10200000000000001,0.51,0.1057683862311336,0,-1,nan
S3_transport,F,7,6,6,0,MODEL_INADEQUATE,diagnostic,optimized,140.0,0.5,1.0,1.0,10,candidate_z,0.10396,0.5197999999999999,0.10525066869251276,0,-1,nan
S3_transport,F,7,6,6,0,MODEL_INADEQUATE,diagnostic,optimized,140.0,0.5,1.0,1.0,10,candidate_z,0.10592,0.5296,0.10490264020742401,0,-1,nan
S3_transport,F,7,6,6,0,MODEL_INADEQUATE,diagnostic,optimized,140.0,0.5,1.0,1.0,10,candidate_z,0.10788,0.5394,0.1047346563667837,0,-1,nan
S3_transport,F,7,6,6,0,MODEL_INADEQUATE,diagnostic,optimized,140.0,0.5,1.0,1.0,10,candidate_z,0.10984,0.5491999999999999,0.1047552531319127,0,-1,nan
S3_transport,F,7,6,6,0,MODEL_INADEQUATE,diagnostic,optimized,140.0,0.5,1.0,1.0,10,candidate_z,0.1118,0.5589999999999999,0.10497120866845933,0,-1,nan
S3_transport,F,7,6,6,0,MODEL_INADEQUATE,diagnostic,optimized,140.0,0.5,1.0,1.0,10,candidate_z,0.11376,0.5688,0.10538761110907657,0,-1,nan
S3_transport,F,7,6,6,0,MODEL_INADEQUATE,diagnostic,optimized,140.0,0.5,1.0,1.0,10,candidate_z,0.11572,0.5786,0.10600796980530092,0,-1,nan
S3_transport,F,7,6,6,0,MODEL_INADEQUATE,diagnostic,optimized,140.0,0.5,1.0,1.0,10,candidate_z,0.11768,0.5884,0.10683432102358736,0,-1,nan
S3_transport,F,7,6,6,0,MODEL_INADEQUATE,diagnostic,optimized,140.0,0.5,1.0,1.0,10,candidate_z,0.11964,0.5982,0.10786731535734972,0,-1,nan
S3_transport,F,7,6,6,0,MODEL_INADEQUATE,diagnostic,optimized,140.0,0.5,1.0,1.0,10,candidate_z,0.1216,0.608,0.10910632596296566,0,-1,nan
S3_transport,F,7,6,6,0,MODEL_INADEQUATE,diagnostic,optimized,140.0,0.5,1.0,1.0,10,candidate_z,0.12356,0.6178,0.11054956302273311,0,-1,nan
S3_transport,F,7,6,6,0,MODEL_INADEQUATE,diagnostic,optimized,140.0,0.5,1.0,1.0,10,candidate_z,0.12552,0.6275999999999999,0.11219418266954051,0,-1,nan
S3_transport,F,7,6,6,0,MODEL_INADEQUATE,diagnostic,optimized,140.0,0.5,1.0,1.0,10,candidate_z,0.12747999999999998,0.6373999999999999,0.11403638799064808,0,-1,nan
S3_transport,F,7,6,6,0,MODEL_INADEQUATE,diagnostic,optimized,140.0,0.5,1.0,1.0,10,candidate_z,0.12944,0.6472,0.1160715370062313,0,-1,nan
S3_transport,F,7,6,6,0,MODEL_INADEQUATE,diagnostic,optimized,140.0,0.5,1.0,1.0,10,candidate_z,0.1314,0.6569999999999999,0.11829424450233716,0,-1,nan
S3_transport,F,7,6,6,0,MODEL_INADEQUATE,diagnostic,optimized,140.0,0.5,1.0,1.0,10,candidate_z,0.13336,0.6668,0.1206984802829183,0,-1,nan
S3_transport,F,7,6,6,0,MODEL_INADEQUATE,diagnostic,optimized,140.0,0.5,1.0,1.0,10,candidate_z,0.13532,0.6766,0.12327766076551683,0,-1,nan
S3_transport,F,7,6,6,0,MODEL_INADEQUATE,diagnostic,optimized,140.0,0.5,1.0,1.0,10,candidate_z,0.13728,0.6864,0.1260247379860182,0,-1,nan
S3_transport,F,7,6,6,0,MODEL_INADEQUATE,diagnostic,optimized,140.0,0.5,1.0,1.0,10,candidate_z,0.13924,0.6961999999999999,0.12893228283021685,0,-1,nan
S3_transport,F,7,6,6,0,MODEL_INADEQUATE,diagnostic,optimized,140.0,0.5,1.0,1.0,10,candidate_z,0.1412,0.706,0.1319925618573805,0,-1,nan
S3_transport,F,7,6,6,0,MODEL_INADEQUATE,diagnostic,optimized,140.0,0.5,1.0,1.0,10,candidate_z,0.14316,0.7158,0.13519760913532863,0,-1,nan
S3_transport,F,7,6,6,0,MODEL_INADEQUATE,diagnostic,optimized,140.0,0.5,1.0,1.0,10,candidate_z,0.14512,0.7255999999999999,0.13853929301084023,0,-1,nan
S3_transport,F,7,6,6,0,MODEL_INADEQUATE,diagnostic,optimized,140.0,0.5,1.0,1.0,10,candidate_z,0.14708,0.7353999999999999,0.14200937567981597,0,-1,nan
S3_transport,F,7,6,6,0,MODEL_INADEQUATE,diagnostic,optimized,140.0,0.5,1.0,1.0,10,candidate_z,0.14904,0.7452,0.1455995674500734,0,-1,nan
S3_transport,F,7,6,6,0,MODEL_INADEQUATE,diagnostic,optimized,140.0,0.5,1.0,1.0,10,candidate_z,0.151,0.7549999999999999,0.14930157820816348,0,-1,nan
S3_transport,F,7,6,6,0,MODEL_INADEQUATE,diagnostic,optimized,140.0,0.5,1.0,1.0,10,candidate_z,0.15295999999999998,0.7647999999999999,0.15310716194364815,0,-1,nan
S3_transport,F,7,6,6,0,MODEL_INADEQUATE,diagnostic,optimized,140.0,0.5,1.0,1.0,10,candidate_z,0.15492,0.7746,0.1570081521956901,0,-1,nan
S3_transport,F,7,6,6,0,MODEL_INADEQUATE,diagnostic,optimized,140.0,0.5,1.0,1.0,10,candidate_z,0.15688,0.7843999999999999,0.16099649814015748,0,-1,nan
S3_transport,F,7,6,6,0,MODEL_INADEQUATE,diagnostic,optimized,140.0,0.5,1.0,1.0,10,candidate_z,0.15884,0.7942,0.1650642993952438,0,-1,nan
S3_transport,F,7,6,6,0,MODEL_INADEQUATE,diagnostic,optimized,140.0,0.5,1.0,1.0,10,candidate_z,0.1608,0.8039999999999999,0.16920383093874847,0,-1,nan
S3_transport,F,7,6,6,0,MODEL_INADEQUATE,diagnostic,optimized,140.0,0.5,1.0,1.0,10,candidate_z,0.16276,0.8137999999999999,0.1734075625108531,0,-1,nan
S3_transport,F,7,6,6,0,MODEL_INADEQUATE,diagnostic,optimized,140.0,0.5,1.0,1.0,10,candidate_z,0.16472,0.8236,0.17766817106307187,1,-1,nan
S3_transport,F,7,6,6,0,MODEL_INADEQUATE,diagnostic,optimized,140.0,0.5,1.0,1.0,10,candidate_z,0.16668,0.8333999999999999,0.18197856058091944,0,-1,nan
S3_transport,F,7,6,6,0,MODEL_INADEQUATE,diagnostic,optimized,140.0,0.5,1.0,1.0,10,candidate_z,0.16864,0.8432000000000001,0.18633188762147057,0,-1,nan
S3_transport,F,7,6,6,0,MODEL_INADEQUATE,diagnostic,optimized,140.0,0.5,1.0,1.0,10,candidate_z,0.1706,0.853,0.1907215575144221,1,-1,nan
S3_transport,F,7,6,6,0,MODEL_INADEQUATE,diagnostic,optimized,140.0,0.5,1.0,1.0,10,candidate_z,0.17256,0.8627999999999999,0.19514122998249306,0,-1,nan
S3_transport,F,7,6,6,0,MODEL_INADEQUATE,diagnostic,optimized,140.0,0.5,1.0,1.0,10,candidate_z,0.17452,0.8726,0.1995848192358487,0,-1,nan
S3_transport,F,7,6,6,0,MODEL_INADEQUATE,diagnostic,optimized,140.0,0.5,1.0,1.0,10,candidate_z,0.17648,0.8824,0.20404651816077646,1,-1,nan
S3_transport,F,7,6,6,0,MODEL_INADEQUATE,diagnostic,optimized,140.0,0.5,1.0,1.0,10,candidate_z,0.17844,0.8921999999999999,0.20852078632594484,0,-1,nan
S3_transport,F,7,6,6,0,MODEL_INADEQUATE,diagnostic,optimized,140.0,0.5,1.0,1.0,10,candidate_z,0.1804,0.902,0.21300234924501282,0,-1,nan
S3_transport,F,7,6,6,0,MODEL_INADEQUATE,diagnostic,optimized,140.0,0.5,1.0,1.0,10,candidate_z,0.18236,0.9117999999999999,0.21748618982261902,1,-1,nan
S3_transport,F,7,6,6,0,MODEL_INADEQUATE,diagnostic,optimized,140.0,0.5,1.0,1.0,10,candidate_z,0.18431999999999998,0.9215999999999999,0.22196755136256385,0,-1,nan
S3_transport,F,7,6,6,0,MODEL_INADEQUATE,diagnostic,optimized,140.0,0.5,1.0,1.0,10,candidate_z,0.18628,0.9314,0.2264419483052471,0,-1,nan
S3_transport,F,7,6,6,0,MODEL_INADEQUATE,diagnostic,optimized,140.0,0.5,1.0,1.0,10,candidate_z,0.18824,0.9411999999999999,0.23090514526814232,1,-1,nan
S3_transport,F,7,6,6,0,MODEL_INADEQUATE,diagnostic,optimized,140.0,0.5,1.0,1.0,10,candidate_z,0.1902,0.951,0.2353531530603874,0,-1,nan
S3_transport,F,7,6,6,0,MODEL_INADEQUATE,diagnostic,optimized,140.0,0.5,1.0,1.0,10,candidate_z,0.19216,0.9608,0.2397822072860336,0,-1,nan
S3_transport,F,7,6,6,0,MODEL_INADEQUATE,diagnostic,optimized,140.0,0.5,1.0,1.0,10,candidate_z,0.19412,0.9705999999999999,0.244188801909484,1,-1,nan
S3_transport,F,7,6,6,0,MODEL_INADEQUATE,diagnostic,optimized,140.0,0.5,1.0,1.0,10,candidate_z,0.19608,0.9803999999999999,0.24856965282725696,0,-1,nan
S3_transport,F,7,6,6,0,MODEL_INADEQUATE,diagnostic,optimized,140.0,0.5,1.0,1.0,10,candidate_z,0.19804,0.9902,0.25292169866975556,0,-1,nan
S3_transport,F,7,6,6,0,MODEL_INADEQUATE,diagnostic,optimized,140.0,0.5,1.0,1.0,10,candidate_z,0.2,1.0,0.25724208291621053,1,-1,nan
S3_transport,F,7,6,6,0,MODEL_INADEQUATE,diagnostic,optimized,140.0,0.5,1.0,1.0,10,selected_z,0.2,1.0,nan,1,1,0.25724208291621053
S3_transport,F,7,6,6,0,MODEL_INADEQUATE,diagnostic,optimized,140.0,0.5,1.0,1.0,10,selected_z,0.19412,0.9705999999999999,nan,1,2,0.21573440124883092
S3_transport,F,7,6,6,0,MODEL_INADEQUATE,diagnostic,optimized,140.0,0.5,1.0,1.0,10,selected_z,0.18824,0.9411999999999999,nan,1,3,0.18369136465921088
S3_transport,F,7,6,6,0,MODEL_INADEQUATE,diagnostic,optimized,140.0,0.5,1.0,1.0,10,selected_z,0.18236,0.9117999999999999,nan,1,4,0.1582094228921136
S3_transport,F,7,6,6,0,MODEL_INADEQUATE,diagnostic,optimized,140.0,0.5,1.0,1.0,10,selected_z,0.17648,0.8824,nan,1,5,0.13753204198584967
S3_transport,F,7,6,6,0,MODEL_INADEQUATE,diagnostic,optimized,140.0,0.5,1.0,1.0,10,selected_z,0.06868,0.3434,nan,1,6,0.12102039089436545
S3_transport,F,7,6,6,0,MODEL_INADEQUATE,diagnostic,optimized,140.0,0.5,1.0,1.0,10,selected_z,0.1706,0.853,nan,1,7,0.12032824499054584
S3_transport,F,7,6,6,0,MODEL_INADEQUATE,diagnostic,optimized,140.0,0.5,1.0,1.0,10,selected_z,0.07456,0.37279999999999996,nan,1,8,0.11253749524246359
S3_transport,F,7,6,6,0,MODEL_INADEQUATE,diagnostic,optimized,140.0,0.5,1.0,1.0,10,selected_z,0.0628,0.31399999999999995,nan,1,9,0.10610974648112403
S3_transport,F,7,6,6,0,MODEL_INADEQUATE,diagnostic,optimized,140.0,0.5,1.0,1.0,10,selected_z,0.16472,0.8236,nan,1,10,0.10561907289385175
S3_transport,F,7,6,6,0,MODEL_INADEQUATE,diagnostic,optimized,140.0,0.5,1.0,1.0,10,final_z,0.064368,0.32183999999999996,nan,1,-1,nan
S3_transport,F,7,6,6,0,MODEL_INADEQUATE,diagnostic,optimized,140.0,0.5,1.0,1.0,10,final_z,0.06868,0.3434,nan,1,-1,nan
S3_transport,F,7,6,6,0,MODEL_INADEQUATE,diagnostic,optimized,140.0,0.5,1.0,1.0,10,final_z,0.072992,0.36496,nan,1,-1,nan
S3_transport,F,7,6,6,0,MODEL_INADEQUATE,diagnostic,optimized,140.0,0.5,1.0,1.0,10,final_z,0.16863999999999998,0.8431999999999998,nan,1,-1,nan
S3_transport,F,7,6,6,0,MODEL_INADEQUATE,diagnostic,optimized,140.0,0.5,1.0,1.0,10,final_z,0.17451999999999998,0.8725999999999998,nan,1,-1,nan
S3_transport,F,7,6,6,0,MODEL_INADEQUATE,diagnostic,optimized,140.0,0.5,1.0,1.0,10,final_z,0.18039999999999998,0.9019999999999998,nan,1,-1,nan
S3_transport,F,7,6,6,0,MODEL_INADEQUATE,diagnostic,optimized,140.0,0.5,1.0,1.0,10,final_z,0.18627999999999997,0.9313999999999998,nan,1,-1,nan
S3_transport,F,7,6,6,0,MODEL_INADEQUATE,diagnostic,optimized,140.0,0.5,1.0,1.0,10,final_z,0.191376,0.95688,nan,1,-1,nan
S3_transport,F,7,6,6,0,MODEL_INADEQUATE,diagnostic,optimized,140.0,0.5,1.0,1.0,10,final_z,0.19568799999999997,0.9784399999999999,nan,1,-1,nan
S3_transport,F,7,6,6,0,MODEL_INADEQUATE,diagnostic,optimized,140.0,0.5,1.0,1.0,10,final_z,0.2,1.0,nan,1,-1,nan
S3_transport,F,7,7,1,0,MODEL_INADEQUATE,diagnostic,optimized,160.0,0.5,1.0,1.0,10,candidate_z,0.004,0.02,0.00856877352003238,0,-1,nan
S3_transport,F,7,7,1,0,MODEL_INADEQUATE,diagnostic,optimized,160.0,0.5,1.0,1.0,10,candidate_z,0.00596,0.0298,0.017420349841152927,0,-1,nan
S3_transport,F,7,7,1,0,MODEL_INADEQUATE,diagnostic,optimized,160.0,0.5,1.0,1.0,10,candidate_z,0.00792,0.039599999999999996,0.02813428387149486,0,-1,nan
S3_transport,F,7,7,1,0,MODEL_INADEQUATE,diagnostic,optimized,160.0,0.5,1.0,1.0,10,candidate_z,0.00988,0.0494,0.040119838199181856,0,-1,nan
S3_transport,F,7,7,1,0,MODEL_INADEQUATE,diagnostic,optimized,160.0,0.5,1.0,1.0,10,candidate_z,0.01184,0.059199999999999996,0.052960417040587515,0,-1,nan
S3_transport,F,7,7,1,0,MODEL_INADEQUATE,diagnostic,optimized,160.0,0.5,1.0,1.0,10,candidate_z,0.0138,0.06899999999999999,0.06636908903381311,0,-1,nan
S3_transport,F,7,7,1,0,MODEL_INADEQUATE,diagnostic,optimized,160.0,0.5,1.0,1.0,10,candidate_z,0.01576,0.0788,0.08013059284535728,0,-1,nan
S3_transport,F,7,7,1,0,MODEL_INADEQUATE,diagnostic,optimized,160.0,0.5,1.0,1.0,10,candidate_z,0.01772,0.0886,0.09404515509114475,0,-1,nan
S3_transport,F,7,7,1,0,MODEL_INADEQUATE,diagnostic,optimized,160.0,0.5,1.0,1.0,10,candidate_z,0.01968,0.09839999999999999,0.10789106792541503,0,-1,nan
S3_transport,F,7,7,1,0,MODEL_INADEQUATE,diagnostic,optimized,160.0,0.5,1.0,1.0,10,candidate_z,0.02164,0.10819999999999999,0.12141074868503665,0,-1,nan
S3_transport,F,7,7,1,0,MODEL_INADEQUATE,diagnostic,optimized,160.0,0.5,1.0,1.0,10,candidate_z,0.0236,0.118,0.1343190235501126,0,-1,nan
S3_transport,F,7,7,1,0,MODEL_INADEQUATE,diagnostic,optimized,160.0,0.5,1.0,1.0,10,candidate_z,0.02556,0.1278,0.1463253681945389,0,-1,nan
S3_transport,F,7,7,1,0,MODEL_INADEQUATE,diagnostic,optimized,160.0,0.5,1.0,1.0,10,candidate_z,0.02752,0.1376,0.15716090454827736,0,-1,nan
S3_transport,F,7,7,1,0,MODEL_INADEQUATE,diagnostic,optimized,160.0,0.5,1.0,1.0,10,candidate_z,0.02948,0.14739999999999998,0.16660249083142986,0,-1,nan
S3_transport,F,7,7,1,0,MODEL_INADEQUATE,diagnostic,optimized,160.0,0.5,1.0,1.0,10,candidate_z,0.031439999999999996,0.15719999999999998,0.17448933217931284,0,-1,nan
S3_transport,F,7,7,1,0,MODEL_INADEQUATE,diagnostic,optimized,160.0,0.5,1.0,1.0,10,candidate_z,0.0334,0.16699999999999998,0.18073060725079415,0,-1,nan
S3_transport,F,7,7,1,0,MODEL_INADEQUATE,diagnostic,optimized,160.0,0.5,1.0,1.0,10,candidate_z,0.03536,0.1768,0.18530501322140935,0,-1,nan
S3_transport,F,7,7,1,0,MODEL_INADEQUATE,diagnostic,optimized,160.0,0.5,1.0,1.0,10,candidate_z,0.037320000000000006,0.18660000000000002,0.18825420381185154,1,-1,nan
S3_transport,F,7,7,1,0,MODEL_INADEQUATE,diagnostic,optimized,160.0,0.5,1.0,1.0,10,candidate_z,0.039279999999999995,0.19639999999999996,0.18967255772360403,0,-1,nan
S3_transport,F,7,7,1,0,MODEL_INADEQUATE,diagnostic,optimized,160.0,0.5,1.0,1.0,10,candidate_z,0.04124,0.2062,0.18969533833892172,0,-1,nan
S3_transport,F,7,7,1,0,MODEL_INADEQUATE,diagnostic,optimized,160.0,0.5,1.0,1.0,10,candidate_z,0.0432,0.216,0.18848677856669838,1,-1,nan
S3_transport,F,7,7,1,0,MODEL_INADEQUATE,diagnostic,optimized,160.0,0.5,1.0,1.0,10,candidate_z,0.045160000000000006,0.22580000000000003,0.18622914039438143,0,-1,nan
S3_transport,F,7,7,1,0,MODEL_INADEQUATE,diagnostic,optimized,160.0,0.5,1.0,1.0,10,candidate_z,0.047119999999999995,0.23559999999999998,0.1831132490988594,0,-1,nan
S3_transport,F,7,7,1,0,MODEL_INADEQUATE,diagnostic,optimized,160.0,0.5,1.0,1.0,10,candidate_z,0.04908,0.24539999999999998,0.17933067381576961,1,-1,nan
S3_transport,F,7,7,1,0,MODEL_INADEQUATE,diagnostic,optimized,160.0,0.5,1.0,1.0,10,candidate_z,0.05104,0.2552,0.1750675642925117,0,-1,nan
S3_transport,F,7,7,1,0,MODEL_INADEQUATE,diagnostic,optimized,160.0,0.5,1.0,1.0,10,candidate_z,0.053000000000000005,0.265,0.17050002027549738,0,-1,nan
S3_transport,F,7,7,1,0,MODEL_INADEQUATE,diagnostic,optimized,160.0,0.5,1.0,1.0,10,candidate_z,0.054959999999999995,0.27479999999999993,0.16579072116674354,0,-1,nan
S3_transport,F,7,7,1,0,MODEL_INADEQUATE,diagnostic,optimized,160.0,0.5,1.0,1.0,10,candidate_z,0.05692,0.28459999999999996,0.16108662200359447,0,-1,nan
S3_transport,F,7,7,1,0,MODEL_INADEQUATE,diagnostic,optimized,160.0,0.5,1.0,1.0,10,candidate_z,0.05888,0.2944,0.15651767407241834,0,-1,nan
S3_transport,F,7,7,1,0,MODEL_INADEQUATE,diagnostic,optimized,160.0,0.5,1.0,1.0,10,candidate_z,0.060840000000000005,0.3042,0.15219628804632634,0,-1,nan
S3_transport,F,7,7,1,0,MODEL_INADEQUATE,diagnostic,optimized,160.0,0.5,1.0,1.0,10,candidate_z,0.0628,0.31399999999999995,0.148217257424065,0,-1,nan
S3_transport,F,7,7,1,0,MODEL_INADEQUATE,diagnostic,optimized,160.0,0.5,1.0,1.0,10,candidate_z,0.06476,0.3238,0.14465825168434776,0,-1,nan
S3_transport,F,7,7,1,0,MODEL_INADEQUATE,diagnostic,optimized,160.0,0.5,1.0,1.0,10,candidate_z,0.06672,0.3336,0.14158067118059847,0,-1,nan
S3_transport,F,7,7,1,0,MODEL_INADEQUATE,diagnostic,optimized,160.0,0.5,1.0,1.0,10,candidate_z,0.06868,0.3434,0.13903067043811035,0,-1,nan
S3_transport,F,7,7,1,0,MODEL_INADEQUATE,diagnostic,optimized,160.0,0.5,1.0,1.0,10,candidate_z,0.07064000000000001,0.3532,0.1370404772323468,0,-1,nan
S3_transport,F,7,7,1,0,MODEL_INADEQUATE,diagnostic,optimized,160.0,0.5,1.0,1.0,10,candidate_z,0.0726,0.363,0.13562975098719932,0,-1,nan
S3_transport,F,7,7,1,0,MODEL_INADEQUATE,diagnostic,optimized,160.0,0.5,1.0,1.0,10,candidate_z,0.07456,0.37279999999999996,0.13480702317200155,0,-1,nan
S3_transport,F,7,7,1,0,MODEL_INADEQUATE,diagnostic,optimized,160.0,0.5,1.0,1.0,10,candidate_z,0.07652,0.3826,0.13457113311611124,0,-1,nan
S3_transport,F,7,7,1,0,MODEL_INADEQUATE,diagnostic,optimized,160.0,0.5,1.0,1.0,10,candidate_z,0.07848,0.39239999999999997,0.13491263460476688,0,-1,nan
S3_transport,F,7,7,1,0,MODEL_INADEQUATE,diagnostic,optimized,160.0,0.5,1.0,1.0,10,candidate_z,0.08044,0.40219999999999995,0.1358151484319592,0,-1,nan
S3_transport,F,7,7,1,0,MODEL_INADEQUATE,diagnostic,optimized,160.0,0.5,1.0,1.0,10,candidate_z,0.0824,0.412,0.13725662880715106,0,-1,nan
S3_transport,F,7,7,1,0,MODEL_INADEQUATE,diagnostic,optimized,160.0,0.5,1.0,1.0,10,candidate_z,0.08436,0.4218,0.1392105247155726,0,-1,nan
S3_transport,F,7,7,1,0,MODEL_INADEQUATE,diagnostic,optimized,160.0,0.5,1.0,1.0,10,candidate_z,0.08632000000000001,0.43160000000000004,0.14164684842725705,0,-1,nan
S3_transport,F,7,7,1,0,MODEL_INADEQUATE,diagnostic,optimized,160.0,0.5,1.0,1.0,10,candidate_z,0.08828,0.44139999999999996,0.14453310894909777,0,-1,nan
S3_transport,F,7,7,1,0,MODEL_INADEQUATE,diagnostic,optimized,160.0,0.5,1.0,1.0,10,candidate_z,0.09024,0.4512,0.14783515183917473,0,-1,nan
S3_transport,F,7,7,1,0,MODEL_INADEQUATE,diagnostic,optimized,160.0,0.5,1.0,1.0,10,candidate_z,0.0922,0.461,0.15151788638404184,0,-1,nan
S3_transport,F,7,7,1,0,MODEL_INADEQUATE,diagnostic,optimized,160.0,0.5,1.0,1.0,10,candidate_z,0.09416,0.47079999999999994,0.15554588500046407,0,-1,nan
S3_transport,F,7,7,1,0,MODEL_INADEQUATE,diagnostic,optimized,160.0,0.5,1.0,1.0,10,candidate_z,0.09612,0.48059999999999997,0.15988392945914143,0,-1,nan
S3_transport,F,7,7,1,0,MODEL_INADEQUATE,diagnostic,optimized,160.0,0.5,1.0,1.0,10,candidate_z,0.09808,0.4904,0.1644973835827983,0,-1,nan
S3_transport,F,7,7,1,0,MODEL_INADEQUATE,diagnostic,optimized,160.0,0.5,1.0,1.0,10,candidate_z,0.10004,0.5002,0.16935261724766804,0,-1,nan
S3_transport,F,7,7,1,0,MODEL_INADEQUATE,diagnostic,optimized,160.0,0.5,1.0,1.0,10,candidate_z,0.10200000000000001,0.51,0.17441718187529176,0,-1,nan
S3_transport,F,7,7,1,0,MODEL_INADEQUATE,diagnostic,optimized,160.0,0.5,1.0,1.0,10,candidate_z,0.10396,0.5197999999999999,0.17965660556571095,0,-1,nan
S3_transport,F,7,7,1,0,MODEL_INADEQUATE,diagnostic,optimized,160.0,0.5,1.0,1.0,10,candidate_z,0.10592,0.5296,0.18504479022706732,0,-1,nan
S3_transport,F,7,7,1,0,MODEL_INADEQUATE,diagnostic,optimized,160.0,0.5,1.0,1.0,10,candidate_z,0.10788,0.5394,0.19055406271369435,0,-1,nan
S3_transport,F,7,7,1,0,MODEL_INADEQUATE,diagnostic,optimized,160.0,0.5,1.0,1.0,10,candidate_z,0.10984,0.5491999999999999,0.19615852017940938,0,-1,nan
S3_transport,F,7,7,1,0,MODEL_INADEQUATE,diagnostic,optimized,160.0,0.5,1.0,1.0,10,candidate_z,0.1118,0.5589999999999999,0.20183401537398282,0,-1,nan
S3_transport,F,7,7,1,0,MODEL_INADEQUATE,diagnostic,optimized,160.0,0.5,1.0,1.0,10,candidate_z,0.11376,0.5688,0.20755822965610804,0,-1,nan
S3_transport,F,7,7,1,0,MODEL_INADEQUATE,diagnostic,optimized,160.0,0.5,1.0,1.0,10,candidate_z,0.11572,0.5786,0.21331055795528187,0,-1,nan
S3_transport,F,7,7,1,0,MODEL_INADEQUATE,diagnostic,optimized,160.0,0.5,1.0,1.0,10,candidate_z,0.11768,0.5884,0.21907216837642096,0,-1,nan
S3_transport,F,7,7,1,0,MODEL_INADEQUATE,diagnostic,optimized,160.0,0.5,1.0,1.0,10,candidate_z,0.11964,0.5982,0.2248258399126044,0,-1,nan
S3_transport,F,7,7,1,0,MODEL_INADEQUATE,diagnostic,optimized,160.0,0.5,1.0,1.0,10,candidate_z,0.1216,0.608,0.2305559977690308,0,-1,nan
S3_transport,F,7,7,1,0,MODEL_INADEQUATE,diagnostic,optimized,160.0,0.5,1.0,1.0,10,candidate_z,0.12356,0.6178,0.23624856896817903,0,-1,nan
S3_transport,F,7,7,1,0,MODEL_INADEQUATE,diagnostic,optimized,160.0,0.5,1.0,1.0,10,candidate_z,0.12552,0.6275999999999999,0.2418909336896462,0,-1,nan
S3_transport,F,7,7,1,0,MODEL_INADEQUATE,diagnostic,optimized,160.0,0.5,1.0,1.0,10,candidate_z,0.12747999999999998,0.6373999999999999,0.24747184555322832,0,-1,nan
S3_transport,F,7,7,1,0,MODEL_INADEQUATE,diagnostic,optimized,160.0,0.5,1.0,1.0,10,candidate_z,0.12944,0.6472,0.2529813262728098,0,-1,nan
S3_transport,F,7,7,1,0,MODEL_INADEQUATE,diagnostic,optimized,160.0,0.5,1.0,1.0,10,candidate_z,0.1314,0.6569999999999999,0.25841064555241644,0,-1,nan
S3_transport,F,7,7,1,0,MODEL_INADEQUATE,diagnostic,optimized,160.0,0.5,1.0,1.0,10,candidate_z,0.13336,0.6668,0.2637521222349761,0,-1,nan
S3_transport,F,7,7,1,0,MODEL_INADEQUATE,diagnostic,optimized,160.0,0.5,1.0,1.0,10,candidate_z,0.13532,0.6766,0.26899915374541905,0,-1,nan
S3_transport,F,7,7,1,0,MODEL_INADEQUATE,diagnostic,optimized,160.0,0.5,1.0,1.0,10,candidate_z,0.13728,0.6864,0.2741461062439825,0,-1,nan
S3_transport,F,7,7,1,0,MODEL_INADEQUATE,diagnostic,optimized,160.0,0.5,1.0,1.0,10,candidate_z,0.13924,0.6961999999999999,0.27918820201213634,0,-1,nan
S3_transport,F,7,7,1,0,MODEL_INADEQUATE,diagnostic,optimized,160.0,0.5,1.0,1.0,10,candidate_z,0.1412,0.706,0.284121507908921,0,-1,nan
S3_transport,F,7,7,1,0,MODEL_INADEQUATE,diagnostic,optimized,160.0,0.5,1.0,1.0,10,candidate_z,0.14316,0.7158,0.2889428072506135,0,-1,nan
S3_transport,F,7,7,1,0,MODEL_INADEQUATE,diagnostic,optimized,160.0,0.5,1.0,1.0,10,candidate_z,0.14512,0.7255999999999999,0.29364957305891437,0,-1,nan
S3_transport,F,7,7,1,0,MODEL_INADEQUATE,diagnostic,optimized,160.0,0.5,1.0,1.0,10,candidate_z,0.14708,0.7353999999999999,0.2982399117637442,0,-1,nan
S3_transport,F,7,7,1,0,MODEL_INADEQUATE,diagnostic,optimized,160.0,0.5,1.0,1.0,10,candidate_z,0.14904,0.7452,0.30271246553884623,0,-1,nan
S3_transport,F,7,7,1,0,MODEL_INADEQUATE,diagnostic,optimized,160.0,0.5,1.0,1.0,10,candidate_z,0.151,0.7549999999999999,0.3070663956629147,0,-1,nan
S3_transport,F,7,7,1,0,MODEL_INADEQUATE,diagnostic,optimized,160.0,0.5,1.0,1.0,10,candidate_z,0.15295999999999998,0.7647999999999999,0.31130131813402784,0,-1,nan
S3_transport,F,7,7,1,0,MODEL_INADEQUATE,diagnostic,optimized,160.0,0.5,1.0,1.0,10,candidate_z,0.15492,0.7746,0.31541725469902815,0,-1,nan
S3_transport,F,7,7,1,0,MODEL_INADEQUATE,diagnostic,optimized,160.0,0.5,1.0,1.0,10,candidate_z,0.15688,0.7843999999999999,0.3194146063633383,0,-1,nan
S3_transport,F,7,7,1,0,MODEL_INADEQUATE,diagnostic,optimized,160.0,0.5,1.0,1.0,10,candidate_z,0.15884,0.7942,0.3232940839800449,0,-1,nan
S3_transport,F,7,7,1,0,MODEL_INADEQUATE,diagnostic,optimized,160.0,0.5,1.0,1.0,10,candidate_z,0.1608,0.8039999999999999,0.32705668913740027,0,-1,nan
S3_transport,F,7,7,1,0,MODEL_INADEQUATE,diagnostic,optimized,160.0,0.5,1.0,1.0,10,candidate_z,0.16276,0.8137999999999999,0.330703684108407,0,-1,nan
S3_transport,F,7,7,1,0,MODEL_INADEQUATE,diagnostic,optimized,160.0,0.5,1.0,1.0,10,candidate_z,0.16472,0.8236,0.3342365445580384,1,-1,nan
S3_transport,F,7,7,1,0,MODEL_INADEQUATE,diagnostic,optimized,160.0,0.5,1.0,1.0,10,candidate_z,0.16668,0.8333999999999999,0.33765695035749843,0,-1,nan
S3_transport,F,7,7,1,0,MODEL_INADEQUATE,diagnostic,optimized,160.0,0.5,1.0,1.0,10,candidate_z,0.16864,0.8432000000000001,0.340966741411485,0,-1,nan
S3_transport,F,7,7,1,0,MODEL_INADEQUATE,diagnostic,optimized,160.0,0.5,1.0,1.0,10,candidate_z,0.1706,0.853,0.34416789906729406,1,-1,nan
S3_transport,F,7,7,1,0,MODEL_INADEQUATE,diagnostic,optimized,160.0,0.5,1.0,1.0,10,candidate_z,0.17256,0.8627999999999999,0.34726253145881003,0,-1,nan
S3_transport,F,7,7,1,0,MODEL_INADEQUATE,diagnostic,optimized,160.0,0.5,1.0,1.0,10,candidate_z,0.17452,0.8726,0.35025283929358864,0,-1,nan
S3_transport,F,7,7,1,0,MODEL_INADEQUATE,diagnostic,optimized,160.0,0.5,1.0,1.0,10,candidate_z,0.17648,0.8824,0.3531411132424864,1,-1,nan
S3_transport,F,7,7,1,0,MODEL_INADEQUATE,diagnostic,optimized,160.0,0.5,1.0,1.0,10,candidate_z,0.17844,0.8921999999999999,0.35592970655011413,0,-1,nan
S3_transport,F,7,7,1,0,MODEL_INADEQUATE,diagnostic,optimized,160.0,0.5,1.0,1.0,10,candidate_z,0.1804,0.902,0.3586210229170348,0,-1,nan
S3_transport,F,7,7,1,0,MODEL_INADEQUATE,diagnostic,optimized,160.0,0.5,1.0,1.0,10,candidate_z,0.18236,0.9117999999999999,0.361217507002209,1,-1,nan
S3_transport,F,7,7,1,0,MODEL_INADEQUATE,diagnostic,optimized,160.0,0.5,1.0,1.0,10,candidate_z,0.18431999999999998,0.9215999999999999,0.36372162404879305,0,-1,nan
S3_transport,F,7,7,1,0,MODEL_INADEQUATE,diagnostic,optimized,160.0,0.5,1.0,1.0,10,candidate_z,0.18628,0.9314,0.36613585880309785,0,-1,nan
S3_transport,F,7,7,1,0,MODEL_INADEQUATE,diagnostic,optimized,160.0,0.5,1.0,1.0,10,candidate_z,0.18824,0.9411999999999999,0.3684626994687932,1,-1,nan
S3_transport,F,7,7,1,0,MODEL_INADEQUATE,diagnostic,optimized,160.0,0.5,1.0,1.0,10,candidate_z,0.1902,0.951,0.370704630634485,0,-1,nan
S3_transport,F,7,7,1,0,MODEL_INADEQUATE,diagnostic,optimized,160.0,0.5,1.0,1.0,10,candidate_z,0.19216,0.9608,0.3728641273953315,0,-1,nan
S3_transport,F,7,7,1,0,MODEL_INADEQUATE,diagnostic,optimized,160.0,0.5,1.0,1.0,10,candidate_z,0.19412,0.9705999999999999,0.37494364563047355,1,-1,nan
S3_transport,F,7,7,1,0,MODEL_INADEQUATE,diagnostic,optimized,160.0,0.5,1.0,1.0,10,candidate_z,0.19608,0.9803999999999999,0.3769456191226368,0,-1,nan
S3_transport,F,7,7,1,0,MODEL_INADEQUATE,diagnostic,optimized,160.0,0.5,1.0,1.0,10,candidate_z,0.19804,0.9902,0.3788724525404916,0,-1,nan
S3_transport,F,7,7,1,0,MODEL_INADEQUATE,diagnostic,optimized,160.0,0.5,1.0,1.0,10,candidate_z,0.2,1.0,0.38072651745396513,1,-1,nan
S3_transport,F,7,7,1,0,MODEL_INADEQUATE,diagnostic,optimized,160.0,0.5,1.0,1.0,10,selected_z,0.2,1.0,nan,1,1,0.38072651745396513
S3_transport,F,7,7,1,0,MODEL_INADEQUATE,diagnostic,optimized,160.0,0.5,1.0,1.0,10,selected_z,0.19412,0.9705999999999999,nan,1,2,0.3102150464623463
S3_transport,F,7,7,1,0,MODEL_INADEQUATE,diagnostic,optimized,160.0,0.5,1.0,1.0,10,selected_z,0.18824,0.9411999999999999,nan,1,3,0.26166513279548553
S3_transport,F,7,7,1,0,MODEL_INADEQUATE,diagnostic,optimized,160.0,0.5,1.0,1.0,10,selected_z,0.18236,0.9117999999999999,nan,1,4,0.22576872840277673
S3_transport,F,7,7,1,0,MODEL_INADEQUATE,diagnostic,optimized,160.0,0.5,1.0,1.0,10,selected_z,0.17648,0.8824,nan,1,5,0.19788599254999184
S3_transport,F,7,7,1,0,MODEL_INADEQUATE,diagnostic,optimized,160.0,0.5,1.0,1.0,10,selected_z,0.0432,0.216,nan,1,6,0.1827591096196315
S3_transport,F,7,7,1,0,MODEL_INADEQUATE,diagnostic,optimized,160.0,0.5,1.0,1.0,10,selected_z,0.1706,0.853,nan,1,7,0.17513619689987792
S3_transport,F,7,7,1,0,MODEL_INADEQUATE,diagnostic,optimized,160.0,0.5,1.0,1.0,10,selected_z,0.037320000000000006,0.18660000000000002,nan,1,8,0.1631257100089556
S3_transport,F,7,7,1,0,MODEL_INADEQUATE,diagnostic,optimized,160.0,0.5,1.0,1.0,10,selected_z,0.16472,0.8236,nan,1,9,0.15631496343029738
S3_transport,F,7,7,1,0,MODEL_INADEQUATE,diagnostic,optimized,160.0,0.5,1.0,1.0,10,selected_z,0.04908,0.24539999999999998,nan,1,10,0.14948916756441832
S3_transport,F,7,7,1,0,MODEL_INADEQUATE,diagnostic,optimized,160.0,0.5,1.0,1.0,10,final_z,0.038888000000000006,0.19444000000000003,nan,1,-1,nan
S3_transport,F,7,7,1,0,MODEL_INADEQUATE,diagnostic,optimized,160.0,0.5,1.0,1.0,10,final_z,0.0432,0.216,nan,1,-1,nan
S3_transport,F,7,7,1,0,MODEL_INADEQUATE,diagnostic,optimized,160.0,0.5,1.0,1.0,10,final_z,0.047512,0.23756,nan,1,-1,nan
S3_transport,F,7,7,1,0,MODEL_INADEQUATE,diagnostic,optimized,160.0,0.5,1.0,1.0,10,final_z,0.16863999999999998,0.8431999999999998,nan,1,-1,nan
S3_transport,F,7,7,1,0,MODEL_INADEQUATE,diagnostic,optimized,160.0,0.5,1.0,1.0,10,final_z,0.17451999999999998,0.8725999999999998,nan,1,-1,nan
S3_transport,F,7,7,1,0,MODEL_INADEQUATE,diagnostic,optimized,160.0,0.5,1.0,1.0,10,final_z,0.18039999999999998,0.9019999999999998,nan,1,-1,nan
S3_transport,F,7,7,1,0,MODEL_INADEQUATE,diagnostic,optimized,160.0,0.5,1.0,1.0,10,final_z,0.18627999999999997,0.9313999999999998,nan,1,-1,nan
S3_transport,F,7,7,1,0,MODEL_INADEQUATE,diagnostic,optimized,160.0,0.5,1.0,1.0,10,final_z,0.191376,0.95688,nan,1,-1,nan
S3_transport,F,7,7,1,0,MODEL_INADEQUATE,diagnostic,optimized,160.0,0.5,1.0,1.0,10,final_z,0.19568799999999997,0.9784399999999999,nan,1,-1,nan
S3_transport,F,7,7,1,0,MODEL_INADEQUATE,diagnostic,optimized,160.0,0.5,1.0,1.0,10,final_z,0.2,1.0,nan,1,-1,nan
S3_transport,F,7,7,2,0,MODEL_INADEQUATE,diagnostic,optimized,150.0,0.5,1.0,1.0,10,candidate_z,0.004,0.02,0.004213188179903682,0,-1,nan
S3_transport,F,7,7,2,0,MODEL_INADEQUATE,diagnostic,optimized,150.0,0.5,1.0,1.0,10,candidate_z,0.00596,0.0298,0.008737414239405439,0,-1,nan
S3_transport,F,7,7,2,0,MODEL_INADEQUATE,diagnostic,optimized,150.0,0.5,1.0,1.0,10,candidate_z,0.00792,0.039599999999999996,0.014348306009075884,0,-1,nan
S3_transport,F,7,7,2,0,MODEL_INADEQUATE,diagnostic,optimized,150.0,0.5,1.0,1.0,10,candidate_z,0.00988,0.0494,0.0207512576006863,0,-1,nan
S3_transport,F,7,7,2,0,MODEL_INADEQUATE,diagnostic,optimized,150.0,0.5,1.0,1.0,10,candidate_z,0.01184,0.059199999999999996,0.02771209215035242,0,-1,nan
S3_transport,F,7,7,2,0,MODEL_INADEQUATE,diagnostic,optimized,150.0,0.5,1.0,1.0,10,candidate_z,0.0138,0.06899999999999999,0.03505047913365189,0,-1,nan
S3_transport,F,7,7,2,0,MODEL_INADEQUATE,diagnostic,optimized,150.0,0.5,1.0,1.0,10,candidate_z,0.01576,0.0788,0.04263324262534951,0,-1,nan
S3_transport,F,7,7,2,0,MODEL_INADEQUATE,diagnostic,optimized,150.0,0.5,1.0,1.0,10,candidate_z,0.01772,0.0886,0.05036403838684578,0,-1,nan
S3_transport,F,7,7,2,0,MODEL_INADEQUATE,diagnostic,optimized,150.0,0.5,1.0,1.0,10,candidate_z,0.01968,0.09839999999999999,0.058170739576155484,0,-1,nan
S3_transport,F,7,7,2,0,MODEL_INADEQUATE,diagnostic,optimized,150.0,0.5,1.0,1.0,10,candidate_z,0.02164,0.10819999999999999,0.06599290252533763,0,-1,nan
S3_transport,F,7,7,2,0,MODEL_INADEQUATE,diagnostic,optimized,150.0,0.5,1.0,1.0,10,candidate_z,0.0236,0.118,0.07377133236830247,0,-1,nan
S3_transport,F,7,7,2,0,MODEL_INADEQUATE,diagnostic,optimized,150.0,0.5,1.0,1.0,10,candidate_z,0.02556,0.1278,0.08144123241540058,0,-1,nan
S3_transport,F,7,7,2,0,MODEL_INADEQUATE,diagnostic,optimized,150.0,0.5,1.0,1.0,10,candidate_z,0.02752,0.1376,0.08892922148249482,0,-1,nan
S3_transport,F,7,7,2,0,MODEL_INADEQUATE,diagnostic,optimized,150.0,0.5,1.0,1.0,10,candidate_z,0.02948,0.14739999999999998,0.09615379445344985,0,-1,nan
S3_transport,F,7,7,2,0,MODEL_INADEQUATE,diagnostic,optimized,150.0,0.5,1.0,1.0,10,candidate_z,0.031439999999999996,0.15719999999999998,0.10302843501369097,0,-1,nan
S3_transport,F,7,7,2,0,MODEL_INADEQUATE,diagnostic,optimized,150.0,0.5,1.0,1.0,10,candidate_z,0.0334,0.16699999999999998,0.10946630178921879,0,-1,nan
S3_transport,F,7,7,2,0,MODEL_INADEQUATE,diagnostic,optimized,150.0,0.5,1.0,1.0,10,candidate_z,0.03536,0.1768,0.11538545712208048,0,-1,nan
S3_transport,F,7,7,2,0,MODEL_INADEQUATE,diagnostic,optimized,150.0,0.5,1.0,1.0,10,candidate_z,0.037320000000000006,0.18660000000000002,0.12071377746279666,0,-1,nan
S3_transport,F,7,7,2,0,MODEL_INADEQUATE,diagnostic,optimized,150.0,0.5,1.0,1.0,10,candidate_z,0.039279999999999995,0.19639999999999996,0.12539293968329446,0,-1,nan
S3_transport,F,7,7,2,0,MODEL_INADEQUATE,diagnostic,optimized,150.0,0.5,1.0,1.0,10,candidate_z,0.04124,0.2062,0.12938116345526396,0,-1,nan
S3_transport,F,7,7,2,0,MODEL_INADEQUATE,diagnostic,optimized,150.0,0.5,1.0,1.0,10,candidate_z,0.0432,0.216,0.1326546339471264,0,-1,nan
S3_transport,F,7,7,2,0,MODEL_INADEQUATE,diagnostic,optimized,150.0,0.5,1.0,1.0,10,candidate_z,0.045160000000000006,0.22580000000000003,0.1352076675792162,0,-1,nan
S3_transport,F,7,7,2,0,MODEL_INADEQUATE,diagnostic,optimized,150.0,0.5,1.0,1.0,10,candidate_z,0.047119999999999995,0.23559999999999998,0.13705188962492798,0,-1,nan
S3_transport,F,7,7,2,0,MODEL_INADEQUATE,diagnostic,optimized,150.0,0.5,1.0,1.0,10,candidate_z,0.04908,0.24539999999999998,0.138214612271355,0,-1,nan
S3_transport,F,7,7,2,0,MODEL_INADEQUATE,diagnostic,optimized,150.0,0.5,1.0,1.0,10,candidate_z,0.05104,0.2552,0.138736723813075,0,-1,nan
S3_transport,F,7,7,2,0,MODEL_INADEQUATE,diagnostic,optimized,150.0,0.5,1.0,1.0,10,candidate_z,0.053000000000000005,0.265,0.1386702878548718,1,-1,nan
S3_transport,F,7,7,2,0,MODEL_INADEQUATE,diagnostic,optimized,150.0,0.5,1.0,1.0,10,candidate_z,0.054959999999999995,0.27479999999999993,0.13807606668996186,0,-1,nan
S3_transport,F,7,7,2,0,MODEL_INADEQUATE,diagnostic,optimized,150.0,0.5,1.0,1.0,10,candidate_z,0.05692,0.28459999999999996,0.13702109676225405,0,-1,nan
S3_transport,F,7,7,2,0,MODEL_INADEQUATE,diagnostic,optimized,150.0,0.5,1.0,1.0,10,candidate_z,0.05888,0.2944,0.13557642365181977,1,-1,nan
S3_transport,F,7,7,2,0,MODEL_INADEQUATE,diagnostic,optimized,150.0,0.5,1.0,1.0,10,candidate_z,0.060840000000000005,0.3042,0.13381505954591688,0,-1,nan
S3_transport,F,7,7,2,0,MODEL_INADEQUATE,diagnostic,optimized,150.0,0.5,1.0,1.0,10,candidate_z,0.0628,0.31399999999999995,0.1318101878941036,0,-1,nan
S3_transport,F,7,7,2,0,MODEL_INADEQUATE,diagnostic,optimized,150.0,0.5,1.0,1.0,10,candidate_z,0.06476,0.3238,0.12963364356951956,0,-1,nan
S3_transport,F,7,7,2,0,MODEL_INADEQUATE,diagnostic,optimized,150.0,0.5,1.0,1.0,10,candidate_z,0.06672,0.3336,0.12735463735124597,0,-1,nan
S3_transport,F,7,7,2,0,MODEL_INADEQUATE,diagnostic,optimized,150.0,0.5,1.0,1.0,10,candidate_z,0.06868,0.3434,0.1250387487511091,0,-1,nan
S3_transport,F,7,7,2,0,MODEL_INADEQUATE,diagnostic,optimized,150.0,0.5,1.0,1.0,10,candidate_z,0.07064000000000001,0.3532,0.12274712474209082,0,-1,nan
S3_transport,F,7,7,2,0,MODEL_INADEQUATE,diagnostic,optimized,150.0,0.5,1.0,1.0,10,candidate_z,0.0726,0.363,0.12053593009805752,0,-1,nan
S3_transport,F,7,7,2,0,MODEL_INADEQUATE,diagnostic,optimized,150.0,0.5,1.0,1.0,10,candidate_z,0.07456,0.37279999999999996,0.11845590580997367,0,-1,nan
S3_transport,F,7,7,2,0,MODEL_INADEQUATE,diagnostic,optimized,150.0,0.5,1.0,1.0,10,candidate_z,0.07652,0.3826,0.11655211593058823,0,-1,nan
S3_transport,F,7,7,2,0,MODEL_INADEQUATE,diagnostic,optimized,150.0,0.5,1.0,1.0,10,candidate_z,0.07848,0.39239999999999997,0.11486392736890139,0,-1,nan
S3_transport,F,7,7,2,0,MODEL_INADEQUATE,diagnostic,optimized,150.0,0.5,1.0,1.0,10,candidate_z,0.08044,0.40219999999999995,0.11342497329690104,0,-1,nan
S3_transport,F,7,7,2,0,MODEL_INADEQUATE,diagnostic,optimized,150.0,0.5,1.0,1.0,10,candidate_z,0.0824,0.412,0.11226330391837536,0,-1,nan
S3_transport,F,7,7,2,0,MODEL_INADEQUATE,diagnostic,optimized,150.0,0.5,1.0,1.0,10,candidate_z,0.08436,0.4218,0.11140153492972615,0,-1,nan
S3_transport,F,7,7,2,0,MODEL_INADEQUATE,diagnostic,optimized,150.0,0.5,1.0,1.0,10,candidate_z,0.08632000000000001,0.43160000000000004,0.11085716239933419,0,-1,nan
S3_transport,F,7,7,2,0,MODEL_INADEQUATE,diagnostic,optimized,150.0,0.5,1.0,1.0,10,candidate_z,0.08828,0.44139999999999996,0.11064287933250938,0,-1,nan
S3_transport,F,7,7,2,0,MODEL_INADEQUATE,diagnostic,optimized,150.0,0.5,1.0,1.0,10,candidate_z,0.09024,0.4512,0.11076688731189677,0,-1,nan
S3_transport,F,7,7,2,0,MODEL_INADEQUATE,diagnostic,optimized,150.0,0.5,1.0,1.0,10,candidate_z,0.0922,0.461,0.11123330749010307,0,-1,nan
S3_transport,F,7,7,2,0,MODEL_INADEQUATE,diagnostic,optimized,150.0,0.5,1.0,1.0,10,candidate_z,0.09416,0.47079999999999994,0.11204256244079147,0,-1,nan
S3_transport,F,7,7,2,0,MODEL_INADEQUATE,diagnostic,optimized,150.0,0.5,1.0,1.0,10,candidate_z,0.09612,0.48059999999999997,0.11319176627122829,0,-1,nan
S3_transport,F,7,7,2,0,MODEL_INADEQUATE,diagnostic,optimized,150.0,0.5,1.0,1.0,10,candidate_z,0.09808,0.4904,0.11467512360778187,0,-1,nan
S3_transport,F,7,7,2,0,MODEL_INADEQUATE,diagnostic,optimized,150.0,0.5,1.0,1.0,10,candidate_z,0.10004,0.5002,0.11648430981833258,0,-1,nan
S3_transport,F,7,7,2,0,MODEL_INADEQUATE,diagnostic,optimized,150.0,0.5,1.0,1.0,10,candidate_z,0.10200000000000001,0.51,0.11860883922516763,0,-1,nan
S3_transport,F,7,7,2,0,MODEL_INADEQUATE,diagnostic,optimized,150.0,0.5,1.0,1.0,10,candidate_z,0.10396,0.5197999999999999,0.12103465443434658,0,-1,nan
S3_transport,F,7,7,2,0,MODEL_INADEQUATE,diagnostic,optimized,150.0,0.5,1.0,1.0,10,candidate_z,0.10592,0.5296,0.12374970924672368,0,-1,nan
S3_transport,F,7,7,2,0,MODEL_INADEQUATE,diagnostic,optimized,150.0,0.5,1.0,1.0,10,candidate_z,0.10788,0.5394,0.1267390057680018,0,-1,nan
S3_transport,F,7,7,2,0,MODEL_INADEQUATE,diagnostic,optimized,150.0,0.5,1.0,1.0,10,candidate_z,0.10984,0.5491999999999999,0.12998665390850306,0,-1,nan
S3_transport,F,7,7,2,0,MODEL_INADEQUATE,diagnostic,optimized,150.0,0.5,1.0,1.0,10,candidate_z,0.1118,0.5589999999999999,0.13347611848998753,0,-1,nan
S3_transport,F,7,7,2,0,MODEL_INADEQUATE,diagnostic,optimized,150.0,0.5,1.0,1.0,10,candidate_z,0.11376,0.5688,0.13719045585236955,0,-1,nan
S3_transport,F,7,7,2,0,MODEL_INADEQUATE,diagnostic,optimized,150.0,0.5,1.0,1.0,10,candidate_z,0.11572,0.5786,0.14111250097922579,0,-1,nan
S3_transport,F,7,7,2,0,MODEL_INADEQUATE,diagnostic,optimized,150.0,0.5,1.0,1.0,10,candidate_z,0.11768,0.5884,0.14522504614211584,0,-1,nan
S3_transport,F,7,7,2,0,MODEL_INADEQUATE,diagnostic,optimized,150.0,0.5,1.0,1.0,10,candidate_z,0.11964,0.5982,0.14951100947607898,0,-1,nan
S3_transport,F,7,7,2,0,MODEL_INADEQUATE,diagnostic,optimized,150.0,0.5,1.0,1.0,10,candidate_z,0.1216,0.608,0.15395355278573675,0,-1,nan
S3_transport,F,7,7,2,0,MODEL_INADEQUATE,diagnostic,optimized,150.0,0.5,1.0,1.0,10,candidate_z,0.12356,0.6178,0.15853616748790245,0,-1,nan
S3_transport,F,7,7,2,0,MODEL_INADEQUATE,diagnostic,optimized,150.0,0.5,1.0,1.0,10,candidate_z,0.12552,0.6275999999999999,0.16324281269089624,0,-1,nan
S3_transport,F,7,7,2,0,MODEL_INADEQUATE,diagnostic,optimized,150.0,0.5,1.0,1.0,10,candidate_z,0.12747999999999998,0.6373999999999999,0.16805797346185614,0,-1,nan
S3_transport,F,7,7,2,0,MODEL_INADEQUATE,diagnostic,optimized,150.0,0.5,1.0,1.0,10,candidate_z,0.12944,0.6472,0.17296668608395294,0,-1,nan
S3_transport,F,7,7,2,0,MODEL_INADEQUATE,diagnostic,optimized,150.0,0.5,1.0,1.0,10,candidate_z,0.1314,0.6569999999999999,0.17795463196657124,0,-1,nan
S3_transport,F,7,7,2,0,MODEL_INADEQUATE,diagnostic,optimized,150.0,0.5,1.0,1.0,10,candidate_z,0.13336,0.6668,0.18300816061061198,0,-1,nan
S3_transport,F,7,7,2,0,MODEL_INADEQUATE,diagnostic,optimized,150.0,0.5,1.0,1.0,10,candidate_z,0.13532,0.6766,0.1881142862005234,0,-1,nan
S3_transport,F,7,7,2,0,MODEL_INADEQUATE,diagnostic,optimized,150.0,0.5,1.0,1.0,10,candidate_z,0.13728,0.6864,0.19326071790256805,0,-1,nan
S3_transport,F,7,7,2,0,MODEL_INADEQUATE,diagnostic,optimized,150.0,0.5,1.0,1.0,10,candidate_z,0.13924,0.6961999999999999,0.19843588212684438,0,-1,nan
S3_transport,F,7,7,2,0,MODEL_INADEQUATE,diagnostic,optimized,150.0,0.5,1.0,1.0,10,candidate_z,0.1412,0.706,0.20362890362921604,0,-1,nan
S3_transport,F,7,7,2,0,MODEL_INADEQUATE,diagnostic,optimized,150.0,0.5,1.0,1.0,10,candidate_z,0.14316,0.7158,0.20882958558072318,0,-1,nan
S3_transport,F,7,7,2,0,MODEL_INADEQUATE,diagnostic,optimized,150.0,0.5,1.0,1.0,10,candidate_z,0.14512,0.7255999999999999,0.21402842691036028,0,-1,nan
S3_transport,F,7,7,2,0,MODEL_INADEQUATE,diagnostic,optimized,150.0,0.5,1.0,1.0,10,candidate_z,0.14708,0.7353999999999999,0.2192166034380989,0,-1,nan
S3_transport,F,7,7,2,0,MODEL_INADEQUATE,diagnostic,optimized,150.0,0.5,1.0,1.0,10,candidate_z,0.14904,0.7452,0.22438592005826052,0,-1,nan
S3_transport,F,7,7,2,0,MODEL_INADEQUATE,diagnostic,optimized,150.0,0.5,1.0,1.0,10,candidate_z,0.151,0.7549999999999999,0.22952881618594034,0,-1,nan
S3_transport,F,7,7,2,0,MODEL_INADEQUATE,diagnostic,optimized,150.0,0.5,1.0,1.0,10,candidate_z,0.15295999999999998,0.7647999999999999,0.23463835332851346,0,-1,nan
S3_transport,F,7,7,2,0,MODEL_INADEQUATE,diagnostic,optimized,150.0,0.5,1.0,1.0,10,candidate_z,0.15492,0.7746,0.2397081550202813,0,-1,nan
S3_transport,F,7,7,2,0,MODEL_INADEQUATE,diagnostic,optimized,150.0,0.5,1.0,1.0,10,candidate_z,0.15688,0.7843999999999999,0.24473239800850877,0,-1,nan
S3_transport,F,7,7,2,0,MODEL_INADEQUATE,diagnostic,optimized,150.0,0.5,1.0,1.0,10,candidate_z,0.15884,0.7942,0.24970580675167753,1,-1,nan
S3_transport,F,7,7,2,0,MODEL_INADEQUATE,diagnostic,optimized,150.0,0.5,1.0,1.0,10,candidate_z,0.1608,0.8039999999999999,0.25462360099625414,0,-1,nan
S3_transport,F,7,7,2,0,MODEL_INADEQUATE,diagnostic,optimized,150.0,0.5,1.0,1.0,10,candidate_z,0.16276,0.8137999999999999,0.2594814691432532,0,-1,nan
S3_transport,F,7,7,2,0,MODEL_INADEQUATE,diagnostic,optimized,150.0,0.5,1.0,1.0,10,candidate_z,0.16472,0.8236,0.2642755585469274,1,-1,nan
S3_transport,F,7,7,2,0,MODEL_INADEQUATE,diagnostic,optimized,150.0,0.5,1.0,1.0,10,candidate_z,0.16668,0.8333999999999999,0.2690024483748985,0,-1,nan
S3_transport,F,7,7,2,0,MODEL_INADEQUATE,diagnostic,optimized,150.0,0.5,1.0,1.0,10,candidate_z,0.16864,0.8432000000000001,0.2736591072359644,0,-1,nan
S3_transport,F,7,7,2,0,MODEL_INADEQUATE,diagnostic,optimized,150.0,0.5,1.0,1.0,10,candidate_z,0.1706,0.853,0.2782428777582595,1,-1,nan
S3_transport,F,7,7,2,0,MODEL_INADEQUATE,diagnostic,optimized,150.0,0.5,1.0,1.0,10,candidate_z,0.17256,0.8627999999999999,0.2827514693696074,0,-1,nan
S3_transport,F,7,7,2,0,MODEL_INADEQUATE,diagnostic,optimized,150.0,0.5,1.0,1.0,10,candidate_z,0.17452,0.8726,0.2871829114264841,0,-1,nan
S3_transport,F,7,7,2,0,MODEL_INADEQUATE,diagnostic,optimized,150.0,0.5,1.0,1.0,10,candidate_z,0.17648,0.8824,0.2915355310969687,1,-1,nan
S3_transport,F,7,7,2,0,MODEL_INADEQUATE,diagnostic,optimized,150.0,0.5,1.0,1.0,10,candidate_z,0.17844,0.8921999999999999,0.2958079589185445,0,-1,nan
S3_transport,F,7,7,2,0,MODEL_INADEQUATE,diagnostic,optimized,150.0,0.5,1.0,1.0,10,candidate_z,0.1804,0.902,0.2999990851524359,0,-1,nan
S3_transport,F,7,7,2,0,MODEL_INADEQUATE,diagnostic,optimized,150.0,0.5,1.0,1.0,10,candidate_z,0.18236,0.9117999999999999,0.3041080359483388,1,-1,nan
S3_transport,F,7,7,2,0,MODEL_INADEQUATE,diagnostic,optimized,150.0,0.5,1.0,1.0,10,candidate_z,0.18431999999999998,0.9215999999999999,0.3081341771226107,0,-1,nan
S3_transport,F,7,7,2,0,MODEL_INADEQUATE,diagnostic,optimized,150.0,0.5,1.0,1.0,10,candidate_z,0.18628,0.9314,0.31207708496636855,0,-1,nan
S3_transport,F,7,7,2,0,MODEL_INADEQUATE,diagnostic,optimized,150.0,0.5,1.0,1.0,10,candidate_z,0.18824,0.9411999999999999,0.31593652219434887,1,-1,nan
S3_transport,F,7,7,2,0,MODEL_INADEQUATE,diagnostic,optimized,150.0,0.5,1.0,1.0,10,candidate_z,0.1902,0.951,0.31971243065151356,0,-1,nan
S3_transport,F,7,7,2,0,MODEL_INADEQUATE,diagnostic,optimized,150.0,0.5,1.0,1.0,10,candidate_z,0.19216,0.9608,0.3234049240896937,0,-1,nan
S3_transport,F,7,7,2,0,MODEL_INADEQUATE,diagnostic,optimized,150.0,0.5,1.0,1.0,10,candidate_z,0.19412,0.9705999999999999,0.3270142610537121,1,-1,nan
S3_transport,F,7,7,2,0,MODEL_INADEQUATE,diagnostic,optimized,150.0,0.5,1.0,1.0,10,candidate_z,0.19608,0.9803999999999999,0.33054082038330534,0,-1,nan
S3_transport,F,7,7,2,0,MODEL_INADEQUATE,diagnostic,optimized,150.0,0.5,1.0,1.0,10,candidate_z,0.19804,0.9902,0.3339851248177226,0,-1,nan
S3_transport,F,7,7,2,0,MODEL_INADEQUATE,diagnostic,optimized,150.0,0.5,1.0,1.0,10,candidate_z,0.2,1.0,0.3373478140820225,1,-1,nan
S3_transport,F,7,7,2,0,MODEL_INADEQUATE,diagnostic,optimized,150.0,0.5,1.0,1.0,10,selected_z,0.2,1.0,nan,1,1,0.3373478140820225
S3_transport,F,7,7,2,0,MODEL_INADEQUATE,diagnostic,optimized,150.0,0.5,1.0,1.0,10,selected_z,0.19412,0.9705999999999999,nan,1,2,0.27878905743321525
S3_transport,F,7,7,2,0,MODEL_INADEQUATE,diagnostic,optimized,150.0,0.5,1.0,1.0,10,selected_z,0.18824,0.9411999999999999,nan,1,3,0.23594930112284374
S3_transport,F,7,7,2,0,MODEL_INADEQUATE,diagnostic,optimized,150.0,0.5,1.0,1.0,10,selected_z,0.18236,0.9117999999999999,nan,1,4,0.20299588100413501
S3_transport,F,7,7,2,0,MODEL_INADEQUATE,diagnostic,optimized,150.0,0.5,1.0,1.0,10,selected_z,0.17648,0.8824,nan,1,5,0.17670585544086492
S3_transport,F,7,7,2,0,MODEL_INADEQUATE,diagnostic,optimized,150.0,0.5,1.0,1.0,10,selected_z,0.1706,0.853,nan,1,6,0.15515627956656175
S3_transport,F,7,7,2,0,MODEL_INADEQUATE,diagnostic,optimized,150.0,0.5,1.0,1.0,10,selected_z,0.16472,0.8236,nan,1,7,0.13713916466085152
S3_transport,F,7,7,2,0,MODEL_INADEQUATE,diagnostic,optimized,150.0,0.5,1.0,1.0,10,selected_z,0.053000000000000005,0.265,nan,1,8,0.13612039841306967
S3_transport,F,7,7,2,0,MODEL_INADEQUATE,diagnostic,optimized,150.0,0.5,1.0,1.0,10,selected_z,0.05888,0.2944,nan,1,9,0.1258000838628135
S3_transport,F,7,7,2,0,MODEL_INADEQUATE,diagnostic,optimized,150.0,0.5,1.0,1.0,10,selected_z,0.15884,0.7942,nan,1,10,0.12178575957413784
S3_transport,F,7,7,2,0,MODEL_INADEQUATE,diagnostic,optimized,150.0,0.5,1.0,1.0,10,final_z,0.053000000000000005,0.265,nan,1,-1,nan
S3_transport,F,7,7,2,0,MODEL_INADEQUATE,diagnostic,optimized,150.0,0.5,1.0,1.0,10,final_z,0.057312,0.28656,nan,1,-1,nan
S3_transport,F,7,7,2,0,MODEL_INADEQUATE,diagnostic,optimized,150.0,0.5,1.0,1.0,10,final_z,0.16276,0.8137999999999999,nan,1,-1,nan
S3_transport,F,7,7,2,0,MODEL_INADEQUATE,diagnostic,optimized,150.0,0.5,1.0,1.0,10,final_z,0.16863999999999998,0.8431999999999998,nan,1,-1,nan
S3_transport,F,7,7,2,0,MODEL_INADEQUATE,diagnostic,optimized,150.0,0.5,1.0,1.0,10,final_z,0.17451999999999998,0.8725999999999998,nan,1,-1,nan
S3_transport,F,7,7,2,0,MODEL_INADEQUATE,diagnostic,optimized,150.0,0.5,1.0,1.0,10,final_z,0.18039999999999998,0.9019999999999998,nan,1,-1,nan
S3_transport,F,7,7,2,0,MODEL_INADEQUATE,diagnostic,optimized,150.0,0.5,1.0,1.0,10,final_z,0.18627999999999997,0.9313999999999998,nan,1,-1,nan
S3_transport,F,7,7,2,0,MODEL_INADEQUATE,diagnostic,optimized,150.0,0.5,1.0,1.0,10,final_z,0.191376,0.95688,nan,1,-1,nan
S3_transport,F,7,7,2,0,MODEL_INADEQUATE,diagnostic,optimized,150.0,0.5,1.0,1.0,10,final_z,0.19568799999999997,0.9784399999999999,nan,1,-1,nan
S3_transport,F,7,7,2,0,MODEL_INADEQUATE,diagnostic,optimized,150.0,0.5,1.0,1.0,10,final_z,0.2,1.0,nan,1,-1,nan
S3_transport,F,7,7,3,0,MODEL_INADEQUATE,diagnostic,optimized,140.0,0.5,1.0,1.0,10,candidate_z,0.004,0.02,0.0020273593562762926,0,-1,nan
S3_transport,F,7,7,3,0,MODEL_INADEQUATE,diagnostic,optimized,140.0,0.5,1.0,1.0,10,candidate_z,0.00596,0.0298,0.004266480067201428,0,-1,nan
S3_transport,F,7,7,3,0,MODEL_INADEQUATE,diagnostic,optimized,140.0,0.5,1.0,1.0,10,candidate_z,0.00792,0.039599999999999996,0.007111808660937413,0,-1,nan
S3_transport,F,7,7,3,0,MODEL_INADEQUATE,diagnostic,optimized,140.0,0.5,1.0,1.0,10,candidate_z,0.00988,0.0494,0.010434153109713407,0,-1,nan
S3_transport,F,7,7,3,0,MODEL_INADEQUATE,diagnostic,optimized,140.0,0.5,1.0,1.0,10,candidate_z,0.01184,0.059199999999999996,0.01412441613283022,0,-1,nan
S3_transport,F,7,7,3,0,MODEL_INADEQUATE,diagnostic,optimized,140.0,0.5,1.0,1.0,10,candidate_z,0.0138,0.06899999999999999,0.018090219088449544,0,-1,nan
S3_transport,F,7,7,3,0,MODEL_INADEQUATE,diagnostic,optimized,140.0,0.5,1.0,1.0,10,candidate_z,0.01576,0.0788,0.02225464825846757,0,-1,nan
S3_transport,F,7,7,3,0,MODEL_INADEQUATE,diagnostic,optimized,140.0,0.5,1.0,1.0,10,candidate_z,0.01772,0.0886,0.02655546930729713,0,-1,nan
S3_transport,F,7,7,3,0,MODEL_INADEQUATE,diagnostic,optimized,140.0,0.5,1.0,1.0,10,candidate_z,0.01968,0.09839999999999999,0.030943931725140317,0,-1,nan
S3_transport,F,7,7,3,0,MODEL_INADEQUATE,diagnostic,optimized,140.0,0.5,1.0,1.0,10,candidate_z,0.02164,0.10819999999999999,0.03538274170902156,0,-1,nan
S3_transport,F,7,7,3,0,MODEL_INADEQUATE,diagnostic,optimized,140.0,0.5,1.0,1.0,10,candidate_z,0.0236,0.118,0.03984378438990177,0,-1,nan
S3_transport,F,7,7,3,0,MODEL_INADEQUATE,diagnostic,optimized,140.0,0.5,1.0,1.0,10,candidate_z,0.02556,0.1278,0.0443053248346601,0,-1,nan
S3_transport,F,7,7,3,0,MODEL_INADEQUATE,diagnostic,optimized,140.0,0.5,1.0,1.0,10,candidate_z,0.02752,0.1376,0.04874961964841873,0,-1,nan
S3_transport,F,7,7,3,0,MODEL_INADEQUATE,diagnostic,optimized,140.0,0.5,1.0,1.0,10,candidate_z,0.02948,0.14739999999999998,0.05316015956545783,0,-1,nan
S3_transport,F,7,7,3,0,MODEL_INADEQUATE,diagnostic,optimized,140.0,0.5,1.0,1.0,10,candidate_z,0.031439999999999996,0.15719999999999998,0.05752055196021644,0,-1,nan
S3_transport,F,7,7,3,0,MODEL_INADEQUATE,diagnostic,optimized,140.0,0.5,1.0,1.0,10,candidate_z,0.0334,0.16699999999999998,0.061812750620660495,0,-1,nan
S3_transport,F,7,7,3,0,MODEL_INADEQUATE,diagnostic,optimized,140.0,0.5,1.0,1.0,10,candidate_z,0.03536,0.1768,0.06601661930167779,0,-1,nan
S3_transport,F,7,7,3,0,MODEL_INADEQUATE,diagnostic,optimized,140.0,0.5,1.0,1.0,10,candidate_z,0.037320000000000006,0.18660000000000002,0.07010976897309718,0,-1,nan
S3_transport,F,7,7,3,0,MODEL_INADEQUATE,diagnostic,optimized,140.0,0.5,1.0,1.0,10,candidate_z,0.039279999999999995,0.19639999999999996,0.07406787749318511,0,-1,nan
S3_transport,F,7,7,3,0,MODEL_INADEQUATE,diagnostic,optimized,140.0,0.5,1.0,1.0,10,candidate_z,0.04124,0.2062,0.07786535882227241,0,-1,nan
S3_transport,F,7,7,3,0,MODEL_INADEQUATE,diagnostic,optimized,140.0,0.5,1.0,1.0,10,candidate_z,0.0432,0.216,0.08147624985705448,0,-1,nan
S3_transport,F,7,7,3,0,MODEL_INADEQUATE,diagnostic,optimized,140.0,0.5,1.0,1.0,10,candidate_z,0.045160000000000006,0.22580000000000003,0.08487521175686652,0,-1,nan
S3_transport,F,7,7,3,0,MODEL_INADEQUATE,diagnostic,optimized,140.0,0.5,1.0,1.0,10,candidate_z,0.047119999999999995,0.23559999999999998,0.08803853498233138,0,-1,nan
S3_transport,F,7,7,3,0,MODEL_INADEQUATE,diagnostic,optimized,140.0,0.5,1.0,1.0,10,candidate_z,0.04908,0.24539999999999998,0.09094507235221272,0,-1,nan
S3_transport,F,7,7,3,0,MODEL_INADEQUATE,diagnostic,optimized,140.0,0.5,1.0,1.0,10,candidate_z,0.05104,0.2552,0.09357703419401275,0,-1,nan
S3_transport,F,7,7,3,0,MODEL_INADEQUATE,diagnostic,optimized,140.0,0.5,1.0,1.0,10,candidate_z,0.053000000000000005,0.265,0.09592061068358504,0,-1,nan
S3_transport,F,7,7,3,0,MODEL_INADEQUATE,diagnostic,optimized,140.0,0.5,1.0,1.0,10,candidate_z,0.054959999999999995,0.27479999999999993,0.09796640061536266,0,-1,nan
S3_transport,F,7,7,3,0,MODEL_INADEQUATE,diagnostic,optimized,140.0,0.5,1.0,1.0,10,candidate_z,0.05692,0.28459999999999996,0.09970964970125351,0,-1,nan
S3_transport,F,7,7,3,0,MODEL_INADEQUATE,diagnostic,optimized,140.0,0.5,1.0,1.0,10,candidate_z,0.05888,0.2944,0.10115030551348525,0,-1,nan
S3_transport,F,7,7,3,0,MODEL_INADEQUATE,diagnostic,optimized,140.0,0.5,1.0,1.0,10,candidate_z,0.060840000000000005,0.3042,0.1022929024018353,0,-1,nan
S3_transport,F,7,7,3,0,MODEL_INADEQUATE,diagnostic,optimized,140.0,0.5,1.0,1.0,10,candidate_z,0.0628,0.31399999999999995,0.10314632734359463,1,-1,nan
S3_transport,F,7,7,3,0,MODEL_INADEQUATE,diagnostic,optimized,140.0,0.5,1.0,1.0,10,candidate_z,0.06476,0.3238,0.10372347670303839,0,-1,nan
S3_transport,F,7,7,3,0,MODEL_INADEQUATE,diagnostic,optimized,140.0,0.5,1.0,1.0,10,candidate_z,0.06672,0.3336,0.1040408181625807,0,-1,nan
S3_transport,F,7,7,3,0,MODEL_INADEQUATE,diagnostic,optimized,140.0,0.5,1.0,1.0,10,candidate_z,0.06868,0.3434,0.10411792047656121,1,-1,nan
S3_transport,F,7,7,3,0,MODEL_INADEQUATE,diagnostic,optimized,140.0,0.5,1.0,1.0,10,candidate_z,0.07064000000000001,0.3532,0.10397695029353571,0,-1,nan
S3_transport,F,7,7,3,0,MODEL_INADEQUATE,diagnostic,optimized,140.0,0.5,1.0,1.0,10,candidate_z,0.0726,0.363,0.10364214669292693,0,-1,nan
S3_transport,F,7,7,3,0,MODEL_INADEQUATE,diagnostic,optimized,140.0,0.5,1.0,1.0,10,candidate_z,0.07456,0.37279999999999996,0.10313932118729952,0,-1,nan
S3_transport,F,7,7,3,0,MODEL_INADEQUATE,diagnostic,optimized,140.0,0.5,1.0,1.0,10,candidate_z,0.07652,0.3826,0.10249537041124768,0,-1,nan
S3_transport,F,7,7,3,0,MODEL_INADEQUATE,diagnostic,optimized,140.0,0.5,1.0,1.0,10,candidate_z,0.07848,0.39239999999999997,0.10173780747679473,0,-1,nan
S3_transport,F,7,7,3,0,MODEL_INADEQUATE,diagnostic,optimized,140.0,0.5,1.0,1.0,10,candidate_z,0.08044,0.40219999999999995,0.1008943493962775,0,-1,nan
S3_transport,F,7,7,3,0,MODEL_INADEQUATE,diagnostic,optimized,140.0,0.5,1.0,1.0,10,candidate_z,0.0824,0.412,0.09999253072811598,0,-1,nan
S3_transport,F,7,7,3,0,MODEL_INADEQUATE,diagnostic,optimized,140.0,0.5,1.0,1.0,10,candidate_z,0.08436,0.4218,0.09905935237058827,0,-1,nan
S3_transport,F,7,7,3,0,MODEL_INADEQUATE,diagnostic,optimized,140.0,0.5,1.0,1.0,10,candidate_z,0.08632000000000001,0.43160000000000004,0.09812100023840742,0,-1,nan
S3_transport,F,7,7,3,0,MODEL_INADEQUATE,diagnostic,optimized,140.0,0.5,1.0,1.0,10,candidate_z,0.08828,0.44139999999999996,0.09720258030893802,0,-1,nan
S3_transport,F,7,7,3,0,MODEL_INADEQUATE,diagnostic,optimized,140.0,0.5,1.0,1.0,10,candidate_z,0.09024,0.4512,0.09632789352266968,0,-1,nan
S3_transport,F,7,7,3,0,MODEL_INADEQUATE,diagnostic,optimized,140.0,0.5,1.0,1.0,10,candidate_z,0.0922,0.461,0.09551928754598293,0,-1,nan
S3_transport,F,7,7,3,0,MODEL_INADEQUATE,diagnostic,optimized,140.0,0.5,1.0,1.0,10,candidate_z,0.09416,0.47079999999999994,0.09479749977142404,0,-1,nan
S3_transport,F,7,7,3,0,MODEL_INADEQUATE,diagnostic,optimized,140.0,0.5,1.0,1.0,10,candidate_z,0.09612,0.48059999999999997,0.09418154477262419,0,-1,nan
S3_transport,F,7,7,3,0,MODEL_INADEQUATE,diagnostic,optimized,140.0,0.5,1.0,1.0,10,candidate_z,0.09808,0.4904,0.09368868242799522,0,-1,nan
S3_transport,F,7,7,3,0,MODEL_INADEQUATE,diagnostic,optimized,140.0,0.5,1.0,1.0,10,candidate_z,0.10004,0.5002,0.09333434784190331,0,-1,nan
S3_transport,F,7,7,3,0,MODEL_INADEQUATE,diagnostic,optimized,140.0,0.5,1.0,1.0,10,candidate_z,0.10200000000000001,0.51,0.09313213516183794,0,-1,nan
S3_transport,F,7,7,3,0,MODEL_INADEQUATE,diagnostic,optimized,140.0,0.5,1.0,1.0,10,candidate_z,0.10396,0.5197999999999999,0.09309199103788046,0,-1,nan
S3_transport,F,7,7,3,0,MODEL_INADEQUATE,diagnostic,optimized,140.0,0.5,1.0,1.0,10,candidate_z,0.10592,0.5296,0.09322592374608263,0,-1,nan
S3_transport,F,7,7,3,0,MODEL_INADEQUATE,diagnostic,optimized,140.0,0.5,1.0,1.0,10,candidate_z,0.10788,0.5394,0.0935420937732161,0,-1,nan
S3_transport,F,7,7,3,0,MODEL_INADEQUATE,diagnostic,optimized,140.0,0.5,1.0,1.0,10,candidate_z,0.10984,0.5491999999999999,0.0940469780873201,0,-1,nan
S3_transport,F,7,7,3,0,MODEL_INADEQUATE,diagnostic,optimized,140.0,0.5,1.0,1.0,10,candidate_z,0.1118,0.5589999999999999,0.0947454408616153,0,-1,nan
S3_transport,F,7,7,3,0,MODEL_INADEQUATE,diagnostic,optimized,140.0,0.5,1.0,1.0,10,candidate_z,0.11376,0.5688,0.09564079527699931,0,-1,nan
S3_transport,F,7,7,3,0,MODEL_INADEQUATE,diagnostic,optimized,140.0,0.5,1.0,1.0,10,candidate_z,0.11572,0.5786,0.09673491610742957,0,-1,nan
S3_transport,F,7,7,3,0,MODEL_INADEQUATE,diagnostic,optimized,140.0,0.5,1.0,1.0,10,candidate_z,0.11768,0.5884,0.09802834098244517,0,-1,nan
S3_transport,F,7,7,3,0,MODEL_INADEQUATE,diagnostic,optimized,140.0,0.5,1.0,1.0,10,candidate_z,0.11964,0.5982,0.09952036262966857,0,-1,nan
S3_transport,F,7,7,3,0,MODEL_INADEQUATE,diagnostic,optimized,140.0,0.5,1.0,1.0,10,candidate_z,0.1216,0.608,0.10120912801868087,0,-1,nan
S3_transport,F,7,7,3,0,MODEL_INADEQUATE,diagnostic,optimized,140.0,0.5,1.0,1.0,10,candidate_z,0.12356,0.6178,0.10309175064775644,0,-1,nan
S3_transport,F,7,7,3,0,MODEL_INADEQUATE,diagnostic,optimized,140.0,0.5,1.0,1.0,10,candidate_z,0.12552,0.6275999999999999,0.10516441472903892,0,-1,nan
S3_transport,F,7,7,3,0,MODEL_INADEQUATE,diagnostic,optimized,140.0,0.5,1.0,1.0,10,candidate_z,0.12747999999999998,0.6373999999999999,0.10742247269311633,0,-1,nan
S3_transport,F,7,7,3,0,MODEL_INADEQUATE,diagnostic,optimized,140.0,0.5,1.0,1.0,10,candidate_z,0.12944,0.6472,0.10986054672858359,0,-1,nan
S3_transport,F,7,7,3,0,MODEL_INADEQUATE,diagnostic,optimized,140.0,0.5,1.0,1.0,10,candidate_z,0.1314,0.6569999999999999,0.11247262544988246,0,-1,nan
S3_transport,F,7,7,3,0,MODEL_INADEQUATE,diagnostic,optimized,140.0,0.5,1.0,1.0,10,candidate_z,0.13336,0.6668,0.11525215608402561,0,-1,nan
S3_transport,F,7,7,3,0,MODEL_INADEQUATE,diagnostic,optimized,140.0,0.5,1.0,1.0,10,candidate_z,0.13532,0.6766,0.11819213079350988,0,-1,nan
S3_transport,F,7,7,3,0,MODEL_INADEQUATE,diagnostic,optimized,140.0,0.5,1.0,1.0,10,candidate_z,0.13728,0.6864,0.12128516951720769,0,-1,nan
S3_transport,F,7,7,3,0,MODEL_INADEQUATE,diagnostic,optimized,140.0,0.5,1.0,1.0,10,candidate_z,0.13924,0.6961999999999999,0.12452359690038861,0,-1,nan
S3_transport,F,7,7,3,0,MODEL_INADEQUATE,diagnostic,optimized,140.0,0.5,1.0,1.0,10,candidate_z,0.1412,0.706,0.12789951315443915,0,-1,nan
S3_transport,F,7,7,3,0,MODEL_INADEQUATE,diagnostic,optimized,140.0,0.5,1.0,1.0,10,candidate_z,0.14316,0.7158,0.13140485969844207,0,-1,nan
S3_transport,F,7,7,3,0,MODEL_INADEQUATE,diagnostic,optimized,140.0,0.5,1.0,1.0,10,candidate_z,0.14512,0.7255999999999999,0.135031480028438,0,-1,nan
S3_transport,F,7,7,3,0,MODEL_INADEQUATE,diagnostic,optimized,140.0,0.5,1.0,1.0,10,candidate_z,0.14708,0.7353999999999999,0.1387711743696869,0,-1,nan
S3_transport,F,7,7,3,0,MODEL_INADEQUATE,diagnostic,optimized,140.0,0.5,1.0,1.0,10,candidate_z,0.14904,0.7452,0.14261574619926876,0,-1,nan
S3_transport,F,7,7,3,0,MODEL_INADEQUATE,diagnostic,optimized,140.0,0.5,1.0,1.0,10,candidate_z,0.151,0.7549999999999999,0.14655704957468174,0,-1,nan
S3_transport,F,7,7,3,0,MODEL_INADEQUATE,diagnostic,optimized,140.0,0.5,1.0,1.0,10,candidate_z,0.15295999999999998,0.7647999999999999,0.1505870294617182,0,-1,nan
S3_transport,F,7,7,3,0,MODEL_INADEQUATE,diagnostic,optimized,140.0,0.5,1.0,1.0,10,candidate_z,0.15492,0.7746,0.15469775219799686,0,-1,nan
S3_transport,F,7,7,3,0,MODEL_INADEQUATE,diagnostic,optimized,140.0,0.5,1.0,1.0,10,candidate_z,0.15688,0.7843999999999999,0.15888143377711117,0,-1,nan
S3_transport,F,7,7,3,0,MODEL_INADEQUATE,diagnostic,optimized,140.0,0.5,1.0,1.0,10,candidate_z,0.15884,0.7942,0.16313047090314825,1,-1,nan
S3_transport,F,7,7,3,0,MODEL_INADEQUATE,diagnostic,optimized,140.0,0.5,1.0,1.0,10,candidate_z,0.1608,0.8039999999999999,0.16743746592496933,0,-1,nan
S3_transport,F,7,7,3,0,MODEL_INADEQUATE,diagnostic,optimized,140.0,0.5,1.0,1.0,10,candidate_z,0.16276,0.8137999999999999,0.1717952403419858,0,-1,nan
S3_transport,F,7,7,3,0,MODEL_INADEQUATE,diagnostic,optimized,140.0,0.5,1.0,1.0,10,candidate_z,0.16472,0.8236,0.17619684233397948,1,-1,nan
S3_transport,F,7,7,3,0,MODEL_INADEQUATE,diagnostic,optimized,140.0,0.5,1.0,1.0,10,candidate_z,0.16668,0.8333999999999999,0.1806355593516642,0,-1,nan
S3_transport,F,7,7,3,0,MODEL_INADEQUATE,diagnostic,optimized,140.0,0.5,1.0,1.0,10,candidate_z,0.16864,0.8432000000000001,0.1851049478069413,0,-1,nan
S3_transport,F,7,7,3,0,MODEL_INADEQUATE,diagnostic,optimized,140.0,0.5,1.0,1.0,10,candidate_z,0.1706,0.853,0.1895988229431893,1,-1,nan
S3_transport,F,7,7,3,0,MODEL_INADEQUATE,diagnostic,optimized,140.0,0.5,1.0,1.0,10,candidate_z,0.17256,0.8627999999999999,0.19411126439621995,0,-1,nan
S3_transport,F,7,7,3,0,MODEL_INADEQUATE,diagnostic,optimized,140.0,0.5,1.0,1.0,10,candidate_z,0.17452,0.8726,0.19863661270583322,0,-1,nan
S3_transport,F,7,7,3,0,MODEL_INADEQUATE,diagnostic,optimized,140.0,0.5,1.0,1.0,10,candidate_z,0.17648,0.8824,0.20316947926589535,1,-1,nan
S3_transport,F,7,7,3,0,MODEL_INADEQUATE,diagnostic,optimized,140.0,0.5,1.0,1.0,10,candidate_z,0.17844,0.8921999999999999,0.20770475351370266,0,-1,nan
S3_transport,F,7,7,3,0,MODEL_INADEQUATE,diagnostic,optimized,140.0,0.5,1.0,1.0,10,candidate_z,0.1804,0.902,0.2122375885087706,0,-1,nan
S3_transport,F,7,7,3,0,MODEL_INADEQUATE,diagnostic,optimized,140.0,0.5,1.0,1.0,10,candidate_z,0.18236,0.9117999999999999,0.21676339569995662,1,-1,nan
S3_transport,F,7,7,3,0,MODEL_INADEQUATE,diagnostic,optimized,140.0,0.5,1.0,1.0,10,candidate_z,0.18431999999999998,0.9215999999999999,0.22127783215351826,0,-1,nan
S3_transport,F,7,7,3,0,MODEL_INADEQUATE,diagnostic,optimized,140.0,0.5,1.0,1.0,10,candidate_z,0.18628,0.9314,0.22577682980693226,0,-1,nan
S3_transport,F,7,7,3,0,MODEL_INADEQUATE,diagnostic,optimized,140.0,0.5,1.0,1.0,10,candidate_z,0.18824,0.9411999999999999,0.23025656233806302,1,-1,nan
S3_transport,F,7,7,3,0,MODEL_INADEQUATE,diagnostic,optimized,140.0,0.5,1.0,1.0,10,candidate_z,0.1902,0.951,0.23471344477573552,0,-1,nan
S3_transport,F,7,7,3,0,MODEL_INADEQUATE,diagnostic,optimized,140.0,0.5,1.0,1.0,10,candidate_z,0.19216,0.9608,0.2391441106684269,0,-1,nan
S3_transport,F,7,7,3,0,MODEL_INADEQUATE,diagnostic,optimized,140.0,0.5,1.0,1.0,10,candidate_z,0.19412,0.9705999999999999,0.24354543206860768,1,-1,nan
S3_transport,F,7,7,3,0,MODEL_INADEQUATE,diagnostic,optimized,140.0,0.5,1.0,1.0,10,candidate_z,0.19608,0.9803999999999999,0.24791450387859015,0,-1,nan
S3_transport,F,7,7,3,0,MODEL_INADEQUATE,diagnostic,optimized,140.0,0.5,1.0,1.0,10,candidate_z,0.19804,0.9902,0.25224863091874283,0,-1,nan
S3_transport,F,7,7,3,0,MODEL_INADEQUATE,diagnostic,optimized,140.0,0.5,1.0,1.0,10,candidate_z,0.2,1.0,0.2565453184500157,1,-1,nan
S3_transport,F,7,7,3,0,MODEL_INADEQUATE,diagnostic,optimized,140.0,0.5,1.0,1.0,10,selected_z,0.2,1.0,nan,1,1,0.2565453184500157
S3_transport,F,7,7,3,0,MODEL_INADEQUATE,diagnostic,optimized,140.0,0.5,1.0,1.0,10,selected_z,0.19412,0.9705999999999999,nan,1,2,0.21518124490176405
S3_transport,F,7,7,3,0,MODEL_INADEQUATE,diagnostic,optimized,140.0,0.5,1.0,1.0,10,selected_z,0.18824,0.9411999999999999,nan,1,3,0.18318163982792157
S3_transport,F,7,7,3,0,MODEL_INADEQUATE,diagnostic,optimized,140.0,0.5,1.0,1.0,10,selected_z,0.18236,0.9117999999999999,nan,1,4,0.15766052681742337
S3_transport,F,7,7,3,0,MODEL_INADEQUATE,diagnostic,optimized,140.0,0.5,1.0,1.0,10,selected_z,0.17648,0.8824,nan,1,5,0.1368679467390237
S3_transport,F,7,7,3,0,MODEL_INADEQUATE,diagnostic,optimized,140.0,0.5,1.0,1.0,10,selected_z,0.1706,0.853,nan,1,6,0.11969493118120056
S3_transport,F,7,7,3,0,MODEL_INADEQUATE,diagnostic,optimized,140.0,0.5,1.0,1.0,10,selected_z,0.16472,0.8236,nan,1,7,0.10541883424184562
S3_transport,F,7,7,3,0,MODEL_INADEQUATE,diagnostic,optimized,140.0,0.5,1.0,1.0,10,selected_z,0.06868,0.3434,nan,1,8,0.10337188295647337
S3_transport,F,7,7,3,0,MODEL_INADEQUATE,diagnostic,optimized,140.0,0.5,1.0,1.0,10,selected_z,0.0628,0.31399999999999995,nan,1,9,0.09707549819979988
S3_transport,F,7,7,3,0,MODEL_INADEQUATE,diagnostic,optimized,140.0,0.5,1.0,1.0,10,selected_z,0.15884,0.7942,nan,1,10,0.09300053182395374
S3_transport,F,7,7,3,0,MODEL_INADEQUATE,diagnostic,optimized,140.0,0.5,1.0,1.0,10,final_z,0.064368,0.32183999999999996,nan,1,-1,nan
S3_transport,F,7,7,3,0,MODEL_INADEQUATE,diagnostic,optimized,140.0,0.5,1.0,1.0,10,final_z,0.06868,0.3434,nan,1,-1,nan
S3_transport,F,7,7,3,0,MODEL_INADEQUATE,diagnostic,optimized,140.0,0.5,1.0,1.0,10,final_z,0.16276,0.8137999999999999,nan,1,-1,nan
S3_transport,F,7,7,3,0,MODEL_INADEQUATE,diagnostic,optimized,140.0,0.5,1.0,1.0,10,final_z,0.16863999999999998,0.8431999999999998,nan,1,-1,nan
S3_transport,F,7,7,3,0,MODEL_INADEQUATE,diagnostic,optimized,140.0,0.5,1.0,1.0,10,final_z,0.17451999999999998,0.8725999999999998,nan,1,-1,nan
S3_transport,F,7,7,3,0,MODEL_INADEQUATE,diagnostic,optimized,140.0,0.5,1.0,1.0,10,final_z,0.18039999999999998,0.9019999999999998,nan,1,-1,nan
S3_transport,F,7,7,3,0,MODEL_INADEQUATE,diagnostic,optimized,140.0,0.5,1.0,1.0,10,final_z,0.18627999999999997,0.9313999999999998,nan,1,-1,nan
S3_transport,F,7,7,3,0,MODEL_INADEQUATE,diagnostic,optimized,140.0,0.5,1.0,1.0,10,final_z,0.191376,0.95688,nan,1,-1,nan
S3_transport,F,7,7,3,0,MODEL_INADEQUATE,diagnostic,optimized,140.0,0.5,1.0,1.0,10,final_z,0.19568799999999997,0.9784399999999999,nan,1,-1,nan
S3_transport,F,7,7,3,0,MODEL_INADEQUATE,diagnostic,optimized,140.0,0.5,1.0,1.0,10,final_z,0.2,1.0,nan,1,-1,nan
S3_transport,F,7,7,4,0,MODEL_INADEQUATE,diagnostic,optimized,160.0,0.5,1.0,0.5,10,candidate_z,0.004,0.02,0.0024311533833483168,0,-1,nan
S3_transport,F,7,7,4,0,MODEL_INADEQUATE,diagnostic,optimized,160.0,0.5,1.0,0.5,10,candidate_z,0.00596,0.0298,0.005184792403390759,0,-1,nan
S3_transport,F,7,7,4,0,MODEL_INADEQUATE,diagnostic,optimized,160.0,0.5,1.0,0.5,10,candidate_z,0.00792,0.039599999999999996,0.008746151082902998,0,-1,nan
S3_transport,F,7,7,4,0,MODEL_INADEQUATE,diagnostic,optimized,160.0,0.5,1.0,0.5,10,candidate_z,0.00988,0.0494,0.012983328711570152,0,-1,nan
S3_transport,F,7,7,4,0,MODEL_INADEQUATE,diagnostic,optimized,160.0,0.5,1.0,0.5,10,candidate_z,0.01184,0.059199999999999996,0.017785146465591595,0,-1,nan
S3_transport,F,7,7,4,0,MODEL_INADEQUATE,diagnostic,optimized,160.0,0.5,1.0,0.5,10,candidate_z,0.0138,0.06899999999999999,0.02305649282079969,0,-1,nan
S3_transport,F,7,7,4,0,MODEL_INADEQUATE,diagnostic,optimized,160.0,0.5,1.0,0.5,10,candidate_z,0.01576,0.0788,0.028715878071849943,0,-1,nan
S3_transport,F,7,7,4,0,MODEL_INADEQUATE,diagnostic,optimized,160.0,0.5,1.0,0.5,10,candidate_z,0.01772,0.0886,0.034694113299167384,0,-1,nan
S3_transport,F,7,7,4,0,MODEL_INADEQUATE,diagnostic,optimized,160.0,0.5,1.0,0.5,10,candidate_z,0.01968,0.09839999999999999,0.04093331989459159,0,-1,nan
S3_transport,F,7,7,4,0,MODEL_INADEQUATE,diagnostic,optimized,160.0,0.5,1.0,0.5,10,candidate_z,0.02164,0.10819999999999999,0.04738568990264014,0,-1,nan
S3_transport,F,7,7,4,0,MODEL_INADEQUATE,diagnostic,optimized,160.0,0.5,1.0,0.5,10,candidate_z,0.0236,0.118,0.054011870134090145,0,-1,nan
S3_transport,F,7,7,4,0,MODEL_INADEQUATE,diagnostic,optimized,160.0,0.5,1.0,0.5,10,candidate_z,0.02556,0.1278,0.06077905095835945,0,-1,nan
S3_transport,F,7,7,4,0,MODEL_INADEQUATE,diagnostic,optimized,160.0,0.5,1.0,0.5,10,candidate_z,0.02752,0.1376,0.06765892798873097,0,-1,nan
S3_transport,F,7,7,4,0,MODEL_INADEQUATE,diagnostic,optimized,160.0,0.5,1.0,0.5,10,candidate_z,0.02948,0.14739999999999998,0.07462571873958268,0,-1,nan
S3_transport,F,7,7,4,0,MODEL_INADEQUATE,diagnostic,optimized,160.0,0.5,1.0,0.5,10,candidate_z,0.031439999999999996,0.15719999999999998,0.08165439582833045,0,-1,nan
S3_transport,F,7,7,4,0,MODEL_INADEQUATE,diagnostic,optimized,160.0,0.5,1.0,0.5,10,candidate_z,0.0334,0.16699999999999998,0.08871924590755498,0,-1,nan
S3_transport,F,7,7,4,0,MODEL_INADEQUATE,diagnostic,optimized,160.0,0.5,1.0,0.5,10,candidate_z,0.03536,0.1768,0.09579284021259582,0,-1,nan
S3_transport,F,7,7,4,0,MODEL_INADEQUATE,diagnostic,optimized,160.0,0.5,1.0,0.5,10,candidate_z,0.037320000000000006,0.18660000000000002,0.10284542697586119,0,-1,nan
S3_transport,F,7,7,4,0,MODEL_INADEQUATE,diagnostic,optimized,160.0,0.5,1.0,0.5,10,candidate_z,0.039279999999999995,0.19639999999999996,0.10984474367856478,0,-1,nan
S3_transport,F,7,7,4,0,MODEL_INADEQUATE,diagnostic,optimized,160.0,0.5,1.0,0.5,10,candidate_z,0.04124,0.2062,0.11675620071010684,0,-1,nan
S3_transport,F,7,7,4,0,MODEL_INADEQUATE,diagnostic,optimized,160.0,0.5,1.0,0.5,10,candidate_z,0.0432,0.216,0.12354336672869692,0,-1,nan
S3_transport,F,7,7,4,0,MODEL_INADEQUATE,diagnostic,optimized,160.0,0.5,1.0,0.5,10,candidate_z,0.045160000000000006,0.22580000000000003,0.1301686837319238,0,-1,nan
S3_transport,F,7,7,4,0,MODEL_INADEQUATE,diagnostic,optimized,160.0,0.5,1.0,0.5,10,candidate_z,0.047119999999999995,0.23559999999999998,0.13659431927360544,0,-1,nan
S3_transport,F,7,7,4,0,MODEL_INADEQUATE,diagnostic,optimized,160.0,0.5,1.0,0.5,10,candidate_z,0.04908,0.24539999999999998,0.14278308611782364,0,-1,nan
S3_transport,F,7,7,4,0,MODEL_INADEQUATE,diagnostic,optimized,160.0,0.5,1.0,0.5,10,candidate_z,0.05104,0.2552,0.14869934965195597,0,-1,nan
S3_transport,F,7,7,4,0,MODEL_INADEQUATE,diagnostic,optimized,160.0,0.5,1.0,0.5,10,candidate_z,0.053000000000000005,0.265,0.15430987293337495,0,-1,nan
S3_transport,F,7,7,4,0,MODEL_INADEQUATE,diagnostic,optimized,160.0,0.5,1.0,0.5,10,candidate_z,0.054959999999999995,0.27479999999999993,0.1595845507212772,0,-1,nan
S3_transport,F,7,7,4,0,MODEL_INADEQUATE,diagnostic,optimized,160.0,0.5,1.0,0.5,10,candidate_z,0.05692,0.28459999999999996,0.16449700755714503,0,-1,nan
S3_transport,F,7,7,4,0,MODEL_INADEQUATE,diagnostic,optimized,160.0,0.5,1.0,0.5,10,candidate_z,0.05888,0.2944,0.16902504365782534,0,-1,nan
S3_transport,F,7,7,4,0,MODEL_INADEQUATE,diagnostic,optimized,160.0,0.5,1.0,0.5,10,candidate_z,0.060840000000000005,0.3042,0.17315092759181994,0,-1,nan
S3_transport,F,7,7,4,0,MODEL_INADEQUATE,diagnostic,optimized,160.0,0.5,1.0,0.5,10,candidate_z,0.0628,0.31399999999999995,0.17686154484717775,1,-1,nan
S3_transport,F,7,7,4,0,MODEL_INADEQUATE,diagnostic,optimized,160.0,0.5,1.0,0.5,10,candidate_z,0.06476,0.3238,0.18014839719813835,0,-1,nan
S3_transport,F,7,7,4,0,MODEL_INADEQUATE,diagnostic,optimized,160.0,0.5,1.0,0.5,10,candidate_z,0.06672,0.3336,0.18300749855866627,0,-1,nan
S3_transport,F,7,7,4,0,MODEL_INADEQUATE,diagnostic,optimized,160.0,0.5,1.0,0.5,10,candidate_z,0.06868,0.3434,0.185439180542879,1,-1,nan
S3_transport,F,7,7,4,0,MODEL_INADEQUATE,diagnostic,optimized,160.0,0.5,1.0,0.5,10,candidate_z,0.07064000000000001,0.3532,0.18744781180550518,0,-1,nan
S3_transport,F,7,7,4,0,MODEL_INADEQUATE,diagnostic,optimized,160.0,0.5,1.0,0.5,10,candidate_z,0.0726,0.363,0.18904146760602458,0,-1,nan
S3_transport,F,7,7,4,0,MODEL_INADEQUATE,diagnostic,optimized,160.0,0.5,1.0,0.5,10,candidate_z,0.07456,0.37279999999999996,0.19023154303479117,1,-1,nan
S3_transport,F,7,7,4,0,MODEL_INADEQUATE,diagnostic,optimized,160.0,0.5,1.0,0.5,10,candidate_z,0.07652,0.3826,0.1910323812282968,0,-1,nan
S3_transport,F,7,7,4,0,MODEL_INADEQUATE,diagnostic,optimized,160.0,0.5,1.0,0.5,10,candidate_z,0.07848,0.39239999999999997,0.191460874779267,0,-1,nan
S3_transport,F,7,7,4,0,MODEL_INADEQUATE,diagnostic,optimized,160.0,0.5,1.0,0.5,10,candidate_z,0.08044,0.40219999999999995,0.191536053357531,1,-1,nan
S3_transport,F,7,7,4,0,MODEL_INADEQUATE,diagnostic,optimized,160.0,0.5,1.0,0.5,10,candidate_z,0.0824,0.412,0.191278716683712,0,-1,nan
S3_transport,F,7,7,4,0,MODEL_INADEQUATE,diagnostic,optimized,160.0,0.5,1.0,0.5,10,candidate_z,0.08436,0.4218,0.19071106872810617,0,-1,nan
S3_transport,F,7,7,4,0,MODEL_INADEQUATE,diagnostic,optimized,160.0,0.5,1.0,0.5,10,candidate_z,0.08632000000000001,0.43160000000000004,0.18985637214576911,1,-1,nan
S3_transport,F,7,7,4,0,MODEL_INADEQUATE,diagnostic,optimized,160.0,0.5,1.0,0.5,10,candidate_z,0.08828,0.44139999999999996,0.1887386378630822,0,-1,nan
S3_transport,F,7,7,4,0,MODEL_INADEQUATE,diagnostic,optimized,160.0,0.5,1.0,0.5,10,candidate_z,0.09024,0.4512,0.18738233754968547,0,-1,nan
S3_transport,F,7,7,4,0,MODEL_INADEQUATE,diagnostic,optimized,160.0,0.5,1.0,0.5,10,candidate_z,0.0922,0.461,0.18581214388707679,1,-1,nan
S3_transport,F,7,7,4,0,MODEL_INADEQUATE,diagnostic,optimized,160.0,0.5,1.0,0.5,10,candidate_z,0.09416,0.47079999999999994,0.18405270026373444,0,-1,nan
S3_transport,F,7,7,4,0,MODEL_INADEQUATE,diagnostic,optimized,160.0,0.5,1.0,0.5,10,candidate_z,0.09612,0.48059999999999997,0.18212841545157232,0,-1,nan
S3_transport,F,7,7,4,0,MODEL_INADEQUATE,diagnostic,optimized,160.0,0.5,1.0,0.5,10,candidate_z,0.09808,0.4904,0.18006328753529743,0,-1,nan
S3_transport,F,7,7,4,0,MODEL_INADEQUATE,diagnostic,optimized,160.0,0.5,1.0,0.5,10,candidate_z,0.10004,0.5002,0.1778807483027265,0,-1,nan
S3_transport,F,7,7,4,0,MODEL_INADEQUATE,diagnostic,optimized,160.0,0.5,1.0,0.5,10,candidate_z,0.10200000000000001,0.51,0.17560353141789165,0,-1,nan
S3_transport,F,7,7,4,0,MODEL_INADEQUATE,diagnostic,optimized,160.0,0.5,1.0,0.5,10,candidate_z,0.10396,0.5197999999999999,0.17324940654151533,0,-1,nan
S3_transport,F,7,7,4,0,MODEL_INADEQUATE,diagnostic,optimized,160.0,0.5,1.0,0.5,10,candidate_z,0.10592,0.5296,0.1708440898558763,0,-1,nan
S3_transport,F,7,7,4,0,MODEL_INADEQUATE,diagnostic,optimized,160.0,0.5,1.0,0.5,10,candidate_z,0.10788,0.5394,0.1684076004462085,0,-1,nan
S3_transport,F,7,7,4,0,MODEL_INADEQUATE,diagnostic,optimized,160.0,0.5,1.0,0.5,10,candidate_z,0.10984,0.5491999999999999,0.16595892522341416,0,-1,nan
S3_transport,F,7,7,4,0,MODEL_INADEQUATE,diagnostic,optimized,160.0,0.5,1.0,0.5,10,candidate_z,0.1118,0.5589999999999999,0.1635159729454898,0,-1,nan
S3_transport,F,7,7,4,0,MODEL_INADEQUATE,diagnostic,optimized,160.0,0.5,1.0,0.5,10,candidate_z,0.11376,0.5688,0.161095544419517,0,-1,nan
S3_transport,F,7,7,4,0,MODEL_INADEQUATE,diagnostic,optimized,160.0,0.5,1.0,0.5,10,candidate_z,0.11572,0.5786,0.1587133134775982,0,-1,nan
S3_transport,F,7,7,4,0,MODEL_INADEQUATE,diagnostic,optimized,160.0,0.5,1.0,0.5,10,candidate_z,0.11768,0.5884,0.1563838103844546,0,-1,nan
S3_transport,F,7,7,4,0,MODEL_INADEQUATE,diagnostic,optimized,160.0,0.5,1.0,0.5,10,candidate_z,0.11964,0.5982,0.15412043739885206,0,-1,nan
S3_transport,F,7,7,4,0,MODEL_INADEQUATE,diagnostic,optimized,160.0,0.5,1.0,0.5,10,candidate_z,0.1216,0.608,0.15193546775672928,0,-1,nan
S3_transport,F,7,7,4,0,MODEL_INADEQUATE,diagnostic,optimized,160.0,0.5,1.0,0.5,10,candidate_z,0.12356,0.6178,0.14984006167487962,0,-1,nan
S3_transport,F,7,7,4,0,MODEL_INADEQUATE,diagnostic,optimized,160.0,0.5,1.0,0.5,10,candidate_z,0.12552,0.6275999999999999,0.14784428848820141,0,-1,nan
S3_transport,F,7,7,4,0,MODEL_INADEQUATE,diagnostic,optimized,160.0,0.5,1.0,0.5,10,candidate_z,0.12747999999999998,0.6373999999999999,0.1459571480130819,0,-1,nan
S3_transport,F,7,7,4,0,MODEL_INADEQUATE,diagnostic,optimized,160.0,0.5,1.0,0.5,10,candidate_z,0.12944,0.6472,0.14418661065919736,0,-1,nan
S3_transport,F,7,7,4,0,MODEL_INADEQUATE,diagnostic,optimized,160.0,0.5,1.0,0.5,10,candidate_z,0.1314,0.6569999999999999,0.14253965025682191,0,-1,nan
S3_transport,F,7,7,4,0,MODEL_INADEQUATE,diagnostic,optimized,160.0,0.5,1.0,0.5,10,candidate_z,0.13336,0.6668,0.14102228033978292,0,-1,nan
S3_transport,F,7,7,4,0,MODEL_INADEQUATE,diagnostic,optimized,160.0,0.5,1.0,0.5,10,candidate_z,0.13532,0.6766,0.13963959570079254,0,-1,nan
S3_transport,F,7,7,4,0,MODEL_INADEQUATE,diagnostic,optimized,160.0,0.5,1.0,0.5,10,candidate_z,0.13728,0.6864,0.13839581636867138,0,-1,nan
S3_transport,F,7,7,4,0,MODEL_INADEQUATE,diagnostic,optimized,160.0,0.5,1.0,0.5,10,candidate_z,0.13924,0.6961999999999999,0.13729433060655083,0,-1,nan
S3_transport,F,7,7,4,0,MODEL_INADEQUATE,diagnostic,optimized,160.0,0.5,1.0,0.5,10,candidate_z,0.1412,0.706,0.13633774072715,0,-1,nan
S3_transport,F,7,7,4,0,MODEL_INADEQUATE,diagnostic,optimized,160.0,0.5,1.0,0.5,10,candidate_z,0.14316,0.7158,0.1355279101222635,0,-1,nan
S3_transport,F,7,7,4,0,MODEL_INADEQUATE,diagnostic,optimized,160.0,0.5,1.0,0.5,10,candidate_z,0.14512,0.7255999999999999,0.13486600965270412,0,-1,nan
S3_transport,F,7,7,4,0,MODEL_INADEQUATE,diagnostic,optimized,160.0,0.5,1.0,0.5,10,candidate_z,0.14708,0.7353999999999999,0.1343525676329449,0,-1,nan
S3_transport,F,7,7,4,0,MODEL_INADEQUATE,diagnostic,optimized,160.0,0.5,1.0,0.5,10,candidate_z,0.14904,0.7452,0.13398751381717489,0,-1,nan
S3_transport,F,7,7,4,0,MODEL_INADEQUATE,diagnostic,optimized,160.0,0.5,1.0,0.5,10,candidate_z,0.151,0.7549999999999999,0.13377021861487748,0,-1,nan
S3_transport,F,7,7,4,0,MODEL_INADEQUATE,diagnostic,optimized,160.0,0.5,1.0,0.5,10,candidate_z,0.15295999999999998,0.7647999999999999,0.13369954099719905,0,-1,nan
S3_transport,F,7,7,4,0,MODEL_INADEQUATE,diagnostic,optimized,160.0,0.5,1.0,0.5,10,candidate_z,0.15492,0.7746,0.1337738749880657,0,-1,nan
S3_transport,F,7,7,4,0,MODEL_INADEQUATE,diagnostic,optimized,160.0,0.5,1.0,0.5,10,candidate_z,0.15688,0.7843999999999999,0.13399119382480507,0,-1,nan
S3_transport,F,7,7,4,0,MODEL_INADEQUATE,diagnostic,optimized,160.0,0.5,1.0,0.5,10,candidate_z,0.15884,0.7942,0.13434909448531585,0,-1,nan
S3_transport,F,7,7,4,0,MODEL_INADEQUATE,diagnostic,optimized,160.0,0.5,1.0,0.5,10,candidate_z,0.1608,0.8039999999999999,0.13484482337698722,0,-1,nan
S3_transport,F,7,7,4,0,MODEL_INADEQUATE,diagnostic,optimized,160.0,0.5,1.0,0.5,10,candidate_z,0.16276,0.8137999999999999,0.13547531051484896,0,-1,nan
S3_transport,F,7,7,4,0,MODEL_INADEQUATE,diagnostic,optimized,160.0,0.5,1.0,0.5,10,candidate_z,0.16472,0.8236,0.13623722037032593,0,-1,nan
S3_transport,F,7,7,4,0,MODEL_INADEQUATE,diagnostic,optimized,160.0,0.5,1.0,0.5,10,candidate_z,0.16668,0.8333999999999999,0.13712698179323723,0,-1,nan
S3_transport,F,7,7,4,0,MODEL_INADEQUATE,diagnostic,optimized,160.0,0.5,1.0,0.5,10,candidate_z,0.16864,0.8432000000000001,0.1381408305581857,0,-1,nan
S3_transport,F,7,7,4,0,MODEL_INADEQUATE,diagnostic,optimized,160.0,0.5,1.0,0.5,10,candidate_z,0.1706,0.853,0.13927482953309323,0,-1,nan
S3_transport,F,7,7,4,0,MODEL_INADEQUATE,diagnostic,optimized,160.0,0.5,1.0,0.5,10,candidate_z,0.17256,0.8627999999999999,0.14052486991869273,0,-1,nan
S3_transport,F,7,7,4,0,MODEL_INADEQUATE,diagnostic,optimized,160.0,0.5,1.0,0.5,10,candidate_z,0.17452,0.8726,0.14188673523467799,0,-1,nan
S3_transport,F,7,7,4,0,MODEL_INADEQUATE,diagnostic,optimized,160.0,0.5,1.0,0.5,10,candidate_z,0.17648,0.8824,0.14335611381761737,0,-1,nan
S3_transport,F,7,7,4,0,MODEL_INADEQUATE,diagnostic,optimized,160.0,0.5,1.0,0.5,10,candidate_z,0.17844,0.8921999999999999,0.14492863324531413,0,-1,nan
S3_transport,F,7,7,4,0,MODEL_INADEQUATE,diagnostic,optimized,160.0,0.5,1.0,0.5,10,candidate_z,0.1804,0.902,0.14659988939655477,0,-1,nan
S3_transport,F,7,7,4,0,MODEL_INADEQUATE,diagnostic,optimized,160.0,0.5,1.0,0.5,10,candidate_z,0.18236,0.9117999999999999,0.14836540437917023,1,-1,nan
S3_transport,F,7,7,4,0,MODEL_INADEQUATE,diagnostic,optimized,160.0,0.5,1.0,0.5,10,candidate_z,0.18431999999999998,0.9215999999999999,0.15022070273934673,0,-1,nan
S3_transport,F,7,7,4,0,MODEL_INADEQUATE,diagnostic,optimized,160.0,0.5,1.0,0.5,10,candidate_z,0.18628,0.9314,0.15216131272499922,0,-1,nan
S3_transport,F,7,7,4,0,MODEL_INADEQUATE,diagnostic,optimized,160.0,0.5,1.0,0.5,10,candidate_z,0.18824,0.9411999999999999,0.15418278670283314,1,-1,nan
S3_transport,F,7,7,4,0,MODEL_INADEQUATE,diagnostic,optimized,160.0,0.5,1.0,0.5,10,candidate_z,0.1902,0.951,0.1562807454180728,0,-1,nan
S3_transport,F,7,7,4,0,MODEL_INADEQUATE,diagnostic,optimized,160.0,0.5,1.0,0.5,10,candidate_z,0.19216,0.9608,0.15845080405564715,0,-1,nan
S3_transport,F,7,7,4,0,MODEL_INADEQUATE,diagnostic,optimized,160.0,0.5,1.0,0.5,10,candidate_z,0.19412,0.9705999999999999,0.16068864094297908,1,-1,nan
S3_transport,F,7,7,4,0,MODEL_INADEQUATE,diagnostic,optimized,160.0,0.5,1.0,0.5,10,candidate_z,0.19608,0.9803999999999999,0.1629900036191927,0,-1,nan
S3_transport,F,7,7,4,0,MODEL_INADEQUATE,diagnostic,optimized,160.0,0.5,1.0,0.5,10,candidate_z,0.19804,0.9902,0.1653507116434696,0,-1,nan
S3_transport,F,7,7,4,0,MODEL_INADEQUATE,diagnostic,optimized,160.0,0.5,1.0,0.5,10,candidate_z,0.2,1.0,0.16776669551472878,1,-1,nan
S3_transport,F,7,7,4,0,MODEL_INADEQUATE,diagnostic,optimized,160.0,0.5,1.0,0.5,10,selected_z,0.08044,0.40219999999999995,nan,1,1,0.191536053357531
S3_transport,F,7,7,4,0,MODEL_INADEQUATE,diagnostic,optimized,160.0,0.5,1.0,0.5,10,selected_z,0.07456,0.37279999999999996,nan,1,2,0.17328404972672473
S3_transport,F,7,7,4,0,MODEL_INADEQUATE,diagnostic,optimized,160.0,0.5,1.0,0.5,10,selected_z,0.2,1.0,nan,1,3,0.1661865345588467
S3_transport,F,7,7,4,0,MODEL_INADEQUATE,diagnostic,optimized,160.0,0.5,1.0,0.5,10,selected_z,0.08632000000000001,0.43160000000000004,nan,1,4,0.157998697981526
S3_transport,F,7,7,4,0,MODEL_INADEQUATE,diagnostic,optimized,160.0,0.5,1.0,0.5,10,selected_z,0.19412,0.9705999999999999,nan,1,5,0.1452089531562919
S3_transport,F,7,7,4,0,MODEL_INADEQUATE,diagnostic,optimized,160.0,0.5,1.0,0.5,10,selected_z,0.06868,0.3434,nan,1,6,0.14332409409684743
S3_transport,F,7,7,4,0,MODEL_INADEQUATE,diagnostic,optimized,160.0,0.5,1.0,0.5,10,selected_z,0.0922,0.461,nan,1,7,0.13249340104336227
S3_transport,F,7,7,4,0,MODEL_INADEQUATE,diagnostic,optimized,160.0,0.5,1.0,0.5,10,selected_z,0.18824,0.9411999999999999,nan,1,8,0.1272244478154576
S3_transport,F,7,7,4,0,MODEL_INADEQUATE,diagnostic,optimized,160.0,0.5,1.0,0.5,10,selected_z,0.0628,0.31399999999999995,nan,1,9,0.12006953955207678
S3_transport,F,7,7,4,0,MODEL_INADEQUATE,diagnostic,optimized,160.0,0.5,1.0,0.5,10,selected_z,0.18236,0.9117999999999999,nan,1,10,0.11326178611231086
S3_transport,F,7,7,4,0,MODEL_INADEQUATE,diagnostic,optimized,160.0,0.5,1.0,0.5,10,final_z,0.065936,0.32968,nan,1,-1,nan
S3_transport,F,7,7,4,0,MODEL_INADEQUATE,diagnostic,optimized,160.0,0.5,1.0,0.5,10,final_z,0.070248,0.35124,nan,1,-1,nan
S3_transport,F,7,7,4,0,MODEL_INADEQUATE,diagnostic,optimized,160.0,0.5,1.0,0.5,10,final_z,0.07456,0.37279999999999996,nan,1,-1,nan
S3_transport,F,7,7,4,0,MODEL_INADEQUATE,diagnostic,optimized,160.0,0.5,1.0,0.5,10,final_z,0.078872,0.39436,nan,1,-1,nan
S3_transport,F,7,7,4,0,MODEL_INADEQUATE,diagnostic,optimized,160.0,0.5,1.0,0.5,10,final_z,0.08318400000000001,0.41592,nan,1,-1,nan
S3_transport,F,7,7,4,0,MODEL_INADEQUATE,diagnostic,optimized,160.0,0.5,1.0,0.5,10,final_z,0.08828,0.44139999999999996,nan,1,-1,nan
S3_transport,F,7,7,4,0,MODEL_INADEQUATE,diagnostic,optimized,160.0,0.5,1.0,0.5,10,final_z,0.18627999999999997,0.9313999999999998,nan,1,-1,nan
S3_transport,F,7,7,4,0,MODEL_INADEQUATE,diagnostic,optimized,160.0,0.5,1.0,0.5,10,final_z,0.191376,0.95688,nan,1,-1,nan
S3_transport,F,7,7,4,0,MODEL_INADEQUATE,diagnostic,optimized,160.0,0.5,1.0,0.5,10,final_z,0.19568799999999997,0.9784399999999999,nan,1,-1,nan
S3_transport,F,7,7,4,0,MODEL_INADEQUATE,diagnostic,optimized,160.0,0.5,1.0,0.5,10,final_z,0.2,1.0,nan,1,-1,nan
S3_transport,F,7,7,5,1,MODEL_INADEQUATE,diagnostic,optimized,160.0,1.0,1.0,1.0,10,candidate_z,0.004,0.02,0.002294593314545068,0,-1,nan
S3_transport,F,7,7,5,1,MODEL_INADEQUATE,diagnostic,optimized,160.0,1.0,1.0,1.0,10,candidate_z,0.00596,0.0298,0.004952728292089148,0,-1,nan
S3_transport,F,7,7,5,1,MODEL_INADEQUATE,diagnostic,optimized,160.0,1.0,1.0,1.0,10,candidate_z,0.00792,0.039599999999999996,0.008409042461352101,0,-1,nan
S3_transport,F,7,7,5,1,MODEL_INADEQUATE,diagnostic,optimized,160.0,1.0,1.0,1.0,10,candidate_z,0.00988,0.0494,0.012534239950127812,0,-1,nan
S3_transport,F,7,7,5,1,MODEL_INADEQUATE,diagnostic,optimized,160.0,1.0,1.0,1.0,10,candidate_z,0.01184,0.059199999999999996,0.01721912697534833,0,-1,nan
S3_transport,F,7,7,5,1,MODEL_INADEQUATE,diagnostic,optimized,160.0,1.0,1.0,1.0,10,candidate_z,0.0138,0.06899999999999999,0.02237026247323115,0,-1,nan
S3_transport,F,7,7,5,1,MODEL_INADEQUATE,diagnostic,optimized,160.0,1.0,1.0,1.0,10,candidate_z,0.01576,0.0788,0.02790749928665548,0,-1,nan
S3_transport,F,7,7,5,1,MODEL_INADEQUATE,diagnostic,optimized,160.0,1.0,1.0,1.0,10,candidate_z,0.01772,0.0886,0.03376267756738116,0,-1,nan
S3_transport,F,7,7,5,1,MODEL_INADEQUATE,diagnostic,optimized,160.0,1.0,1.0,1.0,10,candidate_z,0.01968,0.09839999999999999,0.03987870833816487,0,-1,nan
S3_transport,F,7,7,5,1,MODEL_INADEQUATE,diagnostic,optimized,160.0,1.0,1.0,1.0,10,candidate_z,0.02164,0.10819999999999999,0.04620838712544639,0,-1,nan
S3_transport,F,7,7,5,1,MODEL_INADEQUATE,diagnostic,optimized,160.0,1.0,1.0,1.0,10,candidate_z,0.0236,0.118,0.05271276779320999,0,-1,nan
S3_transport,F,7,7,5,1,MODEL_INADEQUATE,diagnostic,optimized,160.0,1.0,1.0,1.0,10,candidate_z,0.02556,0.1278,0.05935945168225487,0,-1,nan
S3_transport,F,7,7,5,1,MODEL_INADEQUATE,diagnostic,optimized,160.0,1.0,1.0,1.0,10,candidate_z,0.02752,0.1376,0.0661206394326328,0,-1,nan
S3_transport,F,7,7,5,1,MODEL_INADEQUATE,diagnostic,optimized,160.0,1.0,1.0,1.0,10,candidate_z,0.02948,0.14739999999999998,0.07297102560721669,0,-1,nan
S3_transport,F,7,7,5,1,MODEL_INADEQUATE,diagnostic,optimized,160.0,1.0,1.0,1.0,10,candidate_z,0.031439999999999996,0.15719999999999998,0.07988625008925254,0,-1,nan
S3_transport,F,7,7,5,1,MODEL_INADEQUATE,diagnostic,optimized,160.0,1.0,1.0,1.0,10,candidate_z,0.0334,0.16699999999999998,0.08684151395002004,0,-1,nan
S3_transport,F,7,7,5,1,MODEL_INADEQUATE,diagnostic,optimized,160.0,1.0,1.0,1.0,10,candidate_z,0.03536,0.1768,0.09381035921961711,0,-1,nan
S3_transport,F,7,7,5,1,MODEL_INADEQUATE,diagnostic,optimized,160.0,1.0,1.0,1.0,10,candidate_z,0.037320000000000006,0.18660000000000002,0.10076416204005767,0,-1,nan
S3_transport,F,7,7,5,1,MODEL_INADEQUATE,diagnostic,optimized,160.0,1.0,1.0,1.0,10,candidate_z,0.039279999999999995,0.19639999999999996,0.10767186824531905,0,-1,nan
S3_transport,F,7,7,5,1,MODEL_INADEQUATE,diagnostic,optimized,160.0,1.0,1.0,1.0,10,candidate_z,0.04124,0.2062,0.11450012448617741,0,-1,nan
S3_transport,F,7,7,5,1,MODEL_INADEQUATE,diagnostic,optimized,160.0,1.0,1.0,1.0,10,candidate_z,0.0432,0.216,0.12121370310906343,0,-1,nan
S3_transport,F,7,7,5,1,MODEL_INADEQUATE,diagnostic,optimized,160.0,1.0,1.0,1.0,10,candidate_z,0.045160000000000006,0.22580000000000003,0.12777616076665765,0,-1,nan
S3_transport,F,7,7,5,1,MODEL_INADEQUATE,diagnostic,optimized,160.0,1.0,1.0,1.0,10,candidate_z,0.047119999999999995,0.23559999999999998,0.13415063854017717,0,-1,nan
S3_transport,F,7,7,5,1,MODEL_INADEQUATE,diagnostic,optimized,160.0,1.0,1.0,1.0,10,candidate_z,0.04908,0.24539999999999998,0.14030074018937455,0,-1,nan
S3_transport,F,7,7,5,1,MODEL_INADEQUATE,diagnostic,optimized,160.0,1.0,1.0,1.0,10,candidate_z,0.05104,0.2552,0.14619140922377483,0,-1,nan
S3_transport,F,7,7,5,1,MODEL_INADEQUATE,diagnostic,optimized,160.0,1.0,1.0,1.0,10,candidate_z,0.053000000000000005,0.265,0.15178975624558433,0,-1,nan
S3_transport,F,7,7,5,1,MODEL_INADEQUATE,diagnostic,optimized,160.0,1.0,1.0,1.0,10,candidate_z,0.054959999999999995,0.27479999999999993,0.15706578755366252,0,-1,nan
S3_transport,F,7,7,5,1,MODEL_INADEQUATE,diagnostic,optimized,160.0,1.0,1.0,1.0,10,candidate_z,0.05692,0.28459999999999996,0.16199300839624442,0,-1,nan
S3_transport,F,7,7,5,1,MODEL_INADEQUATE,diagnostic,optimized,160.0,1.0,1.0,1.0,10,candidate_z,0.05888,0.2944,0.1665488835690141,0,-1,nan
S3_transport,F,7,7,5,1,MODEL_INADEQUATE,diagnostic,optimized,160.0,1.0,1.0,1.0,10,candidate_z,0.060840000000000005,0.3042,0.17071515113322278,0,-1,nan
S3_transport,F,7,7,5,1,MODEL_INADEQUATE,diagnostic,optimized,160.0,1.0,1.0,1.0,10,candidate_z,0.0628,0.31399999999999995,0.1744779996496817,0,-1,nan
S3_transport,F,7,7,5,1,MODEL_INADEQUATE,diagnostic,optimized,160.0,1.0,1.0,1.0,10,candidate_z,0.06476,0.3238,0.17782809477175476,0,-1,nan
S3_transport,F,7,7,5,1,MODEL_INADEQUATE,diagnostic,optimized,160.0,1.0,1.0,1.0,10,candidate_z,0.06672,0.3336,0.18076050377406716,0,-1,nan
S3_transport,F,7,7,5,1,MODEL_INADEQUATE,diagnostic,optimized,160.0,1.0,1.0,1.0,10,candidate_z,0.06868,0.3434,0.18327454078225003,1,-1,nan
S3_transport,F,7,7,5,1,MODEL_INADEQUATE,diagnostic,optimized,160.0,1.0,1.0,1.0,10,candidate_z,0.07064000000000001,0.3532,0.1853735015312452,0,-1,nan
S3_transport,F,7,7,5,1,MODEL_INADEQUATE,diagnostic,optimized,160.0,1.0,1.0,1.0,10,candidate_z,0.0726,0.363,0.1870643514073791,0,-1,nan
S3_transport,F,7,7,5,1,MODEL_INADEQUATE,diagnostic,optimized,160.0,1.0,1.0,1.0,10,candidate_z,0.07456,0.37279999999999996,0.18835739622987546,1,-1,nan
S3_transport,F,7,7,5,1,MODEL_INADEQUATE,diagnostic,optimized,160.0,1.0,1.0,1.0,10,candidate_z,0.07652,0.3826,0.18926590007567512,0,-1,nan
S3_transport,F,7,7,5,1,MODEL_INADEQUATE,diagnostic,optimized,160.0,1.0,1.0,1.0,10,candidate_z,0.07848,0.39239999999999997,0.18980569426049243,0,-1,nan
S3_transport,F,7,7,5,1,MODEL_INADEQUATE,diagnostic,optimized,160.0,1.0,1.0,1.0,10,candidate_z,0.08044,0.40219999999999995,0.18999481372809157,1,-1,nan
S3_transport,F,7,7,5,1,MODEL_INADEQUATE,diagnostic,optimized,160.0,1.0,1.0,1.0,10,candidate_z,0.0824,0.412,0.18985311816644668,0,-1,nan
S3_transport,F,7,7,5,1,MODEL_INADEQUATE,diagnostic,optimized,160.0,1.0,1.0,1.0,10,candidate_z,0.08436,0.4218,0.18940192337935713,0,-1,nan
S3_transport,F,7,7,5,1,MODEL_INADEQUATE,diagnostic,optimized,160.0,1.0,1.0,1.0,10,candidate_z,0.08632000000000001,0.43160000000000004,0.18866368302914793,1,-1,nan
S3_transport,F,7,7,5,1,MODEL_INADEQUATE,diagnostic,optimized,160.0,1.0,1.0,1.0,10,candidate_z,0.08828,0.44139999999999996,0.18766167482547047,0,-1,nan
S3_transport,F,7,7,5,1,MODEL_INADEQUATE,diagnostic,optimized,160.0,1.0,1.0,1.0,10,candidate_z,0.09024,0.4512,0.18641969955343995,0,-1,nan
S3_transport,F,7,7,5,1,MODEL_INADEQUATE,diagnostic,optimized,160.0,1.0,1.0,1.0,10,candidate_z,0.0922,0.461,0.18496183827606671,1,-1,nan
S3_transport,F,7,7,5,1,MODEL_INADEQUATE,diagnostic,optimized,160.0,1.0,1.0,1.0,10,candidate_z,0.09416,0.47079999999999994,0.18331222211519815,0,-1,nan
S3_transport,F,7,7,5,1,MODEL_INADEQUATE,diagnostic,optimized,160.0,1.0,1.0,1.0,10,candidate_z,0.09612,0.48059999999999997,0.18149480760065728,0,-1,nan
S3_transport,F,7,7,5,1,MODEL_INADEQUATE,diagnostic,optimized,160.0,1.0,1.0,1.0,10,candidate_z,0.09808,0.4904,0.17953321040400283,1,-1,nan
S3_transport,F,7,7,5,1,MODEL_INADEQUATE,diagnostic,optimized,160.0,1.0,1.0,1.0,10,candidate_z,0.10004,0.5002,0.17745055458683368,0,-1,nan
S3_transport,F,7,7,5,1,MODEL_INADEQUATE,diagnostic,optimized,160.0,1.0,1.0,1.0,10,candidate_z,0.10200000000000001,0.51,0.17526931061100015,0,-1,nan
S3_transport,F,7,7,5,1,MODEL_INADEQUATE,diagnostic,optimized,160.0,1.0,1.0,1.0,10,candidate_z,0.10396,0.5197999999999999,0.17300703118439742,0,-1,nan
S3_transport,F,7,7,5,1,MODEL_INADEQUATE,diagnostic,optimized,160.0,1.0,1.0,1.0,10,candidate_z,0.10592,0.5296,0.170689315299704,0,-1,nan
S3_transport,F,7,7,5,1,MODEL_INADEQUATE,diagnostic,optimized,160.0,1.0,1.0,1.0,10,candidate_z,0.10788,0.5394,0.1683361021955676,0,-1,nan
S3_transport,F,7,7,5,1,MODEL_INADEQUATE,diagnostic,optimized,160.0,1.0,1.0,1.0,10,candidate_z,0.10984,0.5491999999999999,0.1659663391931403,0,-1,nan
S3_transport,F,7,7,5,1,MODEL_INADEQUATE,diagnostic,optimized,160.0,1.0,1.0,1.0,10,candidate_z,0.1118,0.5589999999999999,0.16359787727313346,0,-1,nan
S3_transport,F,7,7,5,1,MODEL_INADEQUATE,diagnostic,optimized,160.0,1.0,1.0,1.0,10,candidate_z,0.11376,0.5688,0.16124757678274193,0,-1,nan
S3_transport,F,7,7,5,1,MODEL_INADEQUATE,diagnostic,optimized,160.0,1.0,1.0,1.0,10,candidate_z,0.11572,0.5786,0.15893117609266483,0,-1,nan
S3_transport,F,7,7,5,1,MODEL_INADEQUATE,diagnostic,optimized,160.0,1.0,1.0,1.0,10,candidate_z,0.11768,0.5884,0.15666330208915724,0,-1,nan
S3_transport,F,7,7,5,1,MODEL_INADEQUATE,diagnostic,optimized,160.0,1.0,1.0,1.0,10,candidate_z,0.11964,0.5982,0.154457490571545,0,-1,nan
S3_transport,F,7,7,5,1,MODEL_INADEQUATE,diagnostic,optimized,160.0,1.0,1.0,1.0,10,candidate_z,0.1216,0.608,0.152326166030754,0,-1,nan
S3_transport,F,7,7,5,1,MODEL_INADEQUATE,diagnostic,optimized,160.0,1.0,1.0,1.0,10,candidate_z,0.12356,0.6178,0.15028064480924286,0,-1,nan
S3_transport,F,7,7,5,1,MODEL_INADEQUATE,diagnostic,optimized,160.0,1.0,1.0,1.0,10,candidate_z,0.12552,0.6275999999999999,0.14833117167344767,0,-1,nan
S3_transport,F,7,7,5,1,MODEL_INADEQUATE,diagnostic,optimized,160.0,1.0,1.0,1.0,10,candidate_z,0.12747999999999998,0.6373999999999999,0.14648694422135833,0,-1,nan
S3_transport,F,7,7,5,1,MODEL_INADEQUATE,diagnostic,optimized,160.0,1.0,1.0,1.0,10,candidate_z,0.12944,0.6472,0.1447561623807303,0,-1,nan
S3_transport,F,7,7,5,1,MODEL_INADEQUATE,diagnostic,optimized,160.0,1.0,1.0,1.0,10,candidate_z,0.1314,0.6569999999999999,0.14314600875887606,0,-1,nan
S3_transport,F,7,7,5,1,MODEL_INADEQUATE,diagnostic,optimized,160.0,1.0,1.0,1.0,10,candidate_z,0.13336,0.6668,0.1416627137234414,0,-1,nan
S3_transport,F,7,7,5,1,MODEL_INADEQUATE,diagnostic,optimized,160.0,1.0,1.0,1.0,10,candidate_z,0.13532,0.6766,0.1403115972028388,0,-1,nan
S3_transport,F,7,7,5,1,MODEL_INADEQUATE,diagnostic,optimized,160.0,1.0,1.0,1.0,10,candidate_z,0.13728,0.6864,0.13909710789454977,0,-1,nan
S3_transport,F,7,7,5,1,MODEL_INADEQUATE,diagnostic,optimized,160.0,1.0,1.0,1.0,10,candidate_z,0.13924,0.6961999999999999,0.13802286279099008,0,-1,nan
S3_transport,F,7,7,5,1,MODEL_INADEQUATE,diagnostic,optimized,160.0,1.0,1.0,1.0,10,candidate_z,0.1412,0.706,0.13709169001152333,0,-1,nan
S3_transport,F,7,7,5,1,MODEL_INADEQUATE,diagnostic,optimized,160.0,1.0,1.0,1.0,10,candidate_z,0.14316,0.7158,0.13630567571036067,0,-1,nan
S3_transport,F,7,7,5,1,MODEL_INADEQUATE,diagnostic,optimized,160.0,1.0,1.0,1.0,10,candidate_z,0.14512,0.7255999999999999,0.1356662102308306,0,-1,nan
S3_transport,F,7,7,5,1,MODEL_INADEQUATE,diagnostic,optimized,160.0,1.0,1.0,1.0,10,candidate_z,0.14708,0.7353999999999999,0.1351740343026009,0,-1,nan
S3_transport,F,7,7,5,1,MODEL_INADEQUATE,diagnostic,optimized,160.0,1.0,1.0,1.0,10,candidate_z,0.14904,0.7452,0.13482928016102846,0,-1,nan
S3_transport,F,7,7,5,1,MODEL_INADEQUATE,diagnostic,optimized,160.0,1.0,1.0,1.0,10,candidate_z,0.151,0.7549999999999999,0.13463151739946966,0,-1,nan
S3_transport,F,7,7,5,1,MODEL_INADEQUATE,diagnostic,optimized,160.0,1.0,1.0,1.0,10,candidate_z,0.15295999999999998,0.7647999999999999,0.13457979828049815,0,-1,nan
S3_transport,F,7,7,5,1,MODEL_INADEQUATE,diagnostic,optimized,160.0,1.0,1.0,1.0,10,candidate_z,0.15492,0.7746,0.13467269997665454,0,-1,nan
S3_transport,F,7,7,5,1,MODEL_INADEQUATE,diagnostic,optimized,160.0,1.0,1.0,1.0,10,candidate_z,0.15688,0.7843999999999999,0.13490836596359657,0,-1,nan
S3_transport,F,7,7,5,1,MODEL_INADEQUATE,diagnostic,optimized,160.0,1.0,1.0,1.0,10,candidate_z,0.15884,0.7942,0.13528454643414278,0,-1,nan
S3_transport,F,7,7,5,1,MODEL_INADEQUATE,diagnostic,optimized,160.0,1.0,1.0,1.0,10,candidate_z,0.1608,0.8039999999999999,0.13579863777277978,0,-1,nan
S3_transport,F,7,7,5,1,MODEL_INADEQUATE,diagnostic,optimized,160.0,1.0,1.0,1.0,10,candidate_z,0.16276,0.8137999999999999,0.13644772026619023,0,-1,nan
S3_transport,F,7,7,5,1,MODEL_INADEQUATE,diagnostic,optimized,160.0,1.0,1.0,1.0,10,candidate_z,0.16472,0.8236,0.13722859217731553,0,-1,nan
S3_transport,F,7,7,5,1,MODEL_INADEQUATE,diagnostic,optimized,160.0,1.0,1.0,1.0,10,candidate_z,0.16668,0.8333999999999999,0.13813780297196843,0,-1,nan
S3_transport,F,7,7,5,1,MODEL_INADEQUATE,diagnostic,optimized,160.0,1.0,1.0,1.0,10,candidate_z,0.16864,0.8432000000000001,0.1391716904755924,0,-1,nan
S3_transport,F,7,7,5,1,MODEL_INADEQUATE,diagnostic,optimized,160.0,1.0,1.0,1.0,10,candidate_z,0.1706,0.853,0.14032640755006298,0,-1,nan
S3_transport,F,7,7,5,1,MODEL_INADEQUATE,diagnostic,optimized,160.0,1.0,1.0,1.0,10,candidate_z,0.17256,0.8627999999999999,0.14159795144078657,0,-1,nan
S3_transport,F,7,7,5,1,MODEL_INADEQUATE,diagnostic,optimized,160.0,1.0,1.0,1.0,10,candidate_z,0.17452,0.8726,0.14298218820361086,0,-1,nan
S3_transport,F,7,7,5,1,MODEL_INADEQUATE,diagnostic,optimized,160.0,1.0,1.0,1.0,10,candidate_z,0.17648,0.8824,0.14447487948347515,0,-1,nan
S3_transport,F,7,7,5,1,MODEL_INADEQUATE,diagnostic,optimized,160.0,1.0,1.0,1.0,10,candidate_z,0.17844,0.8921999999999999,0.14607171242219863,0,-1,nan
S3_transport,F,7,7,5,1,MODEL_INADEQUATE,diagnostic,optimized,160.0,1.0,1.0,1.0,10,candidate_z,0.1804,0.902,0.1477683142118451,0,-1,nan
S3_transport,F,7,7,5,1,MODEL_INADEQUATE,diagnostic,optimized,160.0,1.0,1.0,1.0,10,candidate_z,0.18236,0.9117999999999999,0.14956027283126616,1,-1,nan
S3_transport,F,7,7,5,1,MODEL_INADEQUATE,diagnostic,optimized,160.0,1.0,1.0,1.0,10,candidate_z,0.18431999999999998,0.9215999999999999,0.1514431488087169,0,-1,nan
S3_transport,F,7,7,5,1,MODEL_INADEQUATE,diagnostic,optimized,160.0,1.0,1.0,1.0,10,candidate_z,0.18628,0.9314,0.15341251149229151,0,-1,nan
S3_transport,F,7,7,5,1,MODEL_INADEQUATE,diagnostic,optimized,160.0,1.0,1.0,1.0,10,candidate_z,0.18824,0.9411999999999999,0.15546393947719395,1,-1,nan
S3_transport,F,7,7,5,1,MODEL_INADEQUATE,diagnostic,optimized,160.0,1.0,1.0,1.0,10,candidate_z,0.1902,0.951,0.1575930384203872,0,-1,nan
S3_transport,F,7,7,5,1,MODEL_INADEQUATE,diagnostic,optimized,160.0,1.0,1.0,1.0,10,candidate_z,0.19216,0.9608,0.15979544652403632,0,-1,nan
S3_transport,F,7,7,5,1,MODEL_INADEQUATE,diagnostic,optimized,160.0,1.0,1.0,1.0,10,candidate_z,0.19412,0.9705999999999999,0.16206684997855803,1,-1,nan
S3_transport,F,7,7,5,1,MODEL_INADEQUATE,diagnostic,optimized,160.0,1.0,1.0,1.0,10,candidate_z,0.19608,0.9803999999999999,0.1644030086679109,0,-1,nan
S3_transport,F,7,7,5,1,MODEL_INADEQUATE,diagnostic,optimized,160.0,1.0,1.0,1.0,10,candidate_z,0.19804,0.9902,0.16679974762028849,0,-1,nan
S3_transport,F,7,7,5,1,MODEL_INADEQUATE,diagnostic,optimized,160.0,1.0,1.0,1.0,10,candidate_z,0.2,1.0,0.16925297063927758,1,-1,nan
S3_transport,F,7,7,5,1,MODEL_INADEQUATE,diagnostic,optimized,160.0,1.0,1.0,1.0,10,selected_z,0.08044,0.40219999999999995,nan,1,1,0.18999481372809157
S3_transport,F,7,7,5,1,MODEL_INADEQUATE,diagnostic,optimized,160.0,1.0,1.0,1.0,10,selected_z,0.08632000000000001,0.43160000000000004,nan,1,2,0.17192414257357314
S3_transport,F,7,7,5,1,MODEL_INADEQUATE,diagnostic,optimized,160.0,1.0,1.0,1.0,10,selected_z,0.2,1.0,nan,1,3,0.16714856268849587
S3_transport,F,7,7,5,1,MODEL_INADEQUATE,diagnostic,optimized,160.0,1.0,1.0,1.0,10,selected_z,0.07456,0.37279999999999996,nan,1,4,0.15747932430791423
S3_transport,F,7,7,5,1,MODEL_INADEQUATE,diagnostic,optimized,160.0,1.0,1.0,1.0,10,selected_z,0.19412,0.9705999999999999,nan,1,5,0.14631923840268968
S3_transport,F,7,7,5,1,MODEL_INADEQUATE,diagnostic,optimized,160.0,1.0,1.0,1.0,10,selected_z,0.06868,0.3434,nan,1,6,0.1418860921187317
S3_transport,F,7,7,5,1,MODEL_INADEQUATE,diagnostic,optimized,160.0,1.0,1.0,1.0,10,selected_z,0.0922,0.461,nan,1,7,0.13217246135192795
S3_transport,F,7,7,5,1,MODEL_INADEQUATE,diagnostic,optimized,160.0,1.0,1.0,1.0,10,selected_z,0.18824,0.9411999999999999,nan,1,8,0.12807421702738253
S3_transport,F,7,7,5,1,MODEL_INADEQUATE,diagnostic,optimized,160.0,1.0,1.0,1.0,10,selected_z,0.09808,0.4904,nan,1,9,0.11873975353925204
S3_transport,F,7,7,5,1,MODEL_INADEQUATE,diagnostic,optimized,160.0,1.0,1.0,1.0,10,selected_z,0.18236,0.9117999999999999,nan,1,10,0.11286969516840628
S3_transport,F,7,7,5,1,MODEL_INADEQUATE,diagnostic,optimized,160.0,1.0,1.0,1.0,10,final_z,0.070248,0.35124,nan,1,-1,nan
S3_transport,F,7,7,5,1,MODEL_INADEQUATE,diagnostic,optimized,160.0,1.0,1.0,1.0,10,final_z,0.07456,0.37279999999999996,nan,1,-1,nan
S3_transport,F,7,7,5,1,MODEL_INADEQUATE,diagnostic,optimized,160.0,1.0,1.0,1.0,10,final_z,0.078872,0.39436,nan,1,-1,nan
S3_transport,F,7,7,5,1,MODEL_INADEQUATE,diagnostic,optimized,160.0,1.0,1.0,1.0,10,final_z,0.08318400000000001,0.41592,nan,1,-1,nan
S3_transport,F,7,7,5,1,MODEL_INADEQUATE,diagnostic,optimized,160.0,1.0,1.0,1.0,10,final_z,0.08828,0.44139999999999996,nan,1,-1,nan
S3_transport,F,7,7,5,1,MODEL_INADEQUATE,diagnostic,optimized,160.0,1.0,1.0,1.0,10,final_z,0.09416,0.47079999999999994,nan,1,-1,nan
S3_transport,F,7,7,5,1,MODEL_INADEQUATE,diagnostic,optimized,160.0,1.0,1.0,1.0,10,final_z,0.18627999999999997,0.9313999999999998,nan,1,-1,nan
S3_transport,F,7,7,5,1,MODEL_INADEQUATE,diagnostic,optimized,160.0,1.0,1.0,1.0,10,final_z,0.191376,0.95688,nan,1,-1,nan
S3_transport,F,7,7,5,1,MODEL_INADEQUATE,diagnostic,optimized,160.0,1.0,1.0,1.0,10,final_z,0.19568799999999997,0.9784399999999999,nan,1,-1,nan
S3_transport,F,7,7,5,1,MODEL_INADEQUATE,diagnostic,optimized,160.0,1.0,1.0,1.0,10,final_z,0.2,1.0,nan,1,-1,nan
S3_transport,F,7,7,6,0,MODEL_INADEQUATE,diagnostic,optimized,160.0,1.0,1.0,0.5,10,candidate_z,0.004,0.02,0.0006171392483693694,0,-1,nan
S3_transport,F,7,7,6,0,MODEL_INADEQUATE,diagnostic,optimized,160.0,1.0,1.0,0.5,10,candidate_z,0.00596,0.0298,0.0013683249662150843,0,-1,nan
S3_transport,F,7,7,6,0,MODEL_INADEQUATE,diagnostic,optimized,160.0,1.0,1.0,0.5,10,candidate_z,0.00792,0.039599999999999996,0.002383853627826227,0,-1,nan
S3_transport,F,7,7,6,0,MODEL_INADEQUATE,diagnostic,optimized,160.0,1.0,1.0,0.5,10,candidate_z,0.00988,0.0494,0.003641340062934262,0,-1,nan
S3_transport,F,7,7,6,0,MODEL_INADEQUATE,diagnostic,optimized,160.0,1.0,1.0,0.5,10,candidate_z,0.01184,0.059199999999999996,0.005120098395757111,0,-1,nan
S3_transport,F,7,7,6,0,MODEL_INADEQUATE,diagnostic,optimized,160.0,1.0,1.0,0.5,10,candidate_z,0.0138,0.06899999999999999,0.006801210267582292,0,-1,nan
S3_transport,F,7,7,6,0,MODEL_INADEQUATE,diagnostic,optimized,160.0,1.0,1.0,0.5,10,candidate_z,0.01576,0.0788,0.008667418316548492,0,-1,nan
S3_transport,F,7,7,6,0,MODEL_INADEQUATE,diagnostic,optimized,160.0,1.0,1.0,0.5,10,candidate_z,0.01772,0.0886,0.010702945207015091,0,-1,nan
S3_transport,F,7,7,6,0,MODEL_INADEQUATE,diagnostic,optimized,160.0,1.0,1.0,0.5,10,candidate_z,0.01968,0.09839999999999999,0.012893342581186573,0,-1,nan
S3_transport,F,7,7,6,0,MODEL_INADEQUATE,diagnostic,optimized,160.0,1.0,1.0,0.5,10,candidate_z,0.02164,0.10819999999999999,0.015225200530480265,0,-1,nan
S3_transport,F,7,7,6,0,MODEL_INADEQUATE,diagnostic,optimized,160.0,1.0,1.0,0.5,10,candidate_z,0.0236,0.118,0.017686192348314478,0,-1,nan
S3_transport,F,7,7,6,0,MODEL_INADEQUATE,diagnostic,optimized,160.0,1.0,1.0,0.5,10,candidate_z,0.02556,0.1278,0.02026484820011376,0,-1,nan
S3_transport,F,7,7,6,0,MODEL_INADEQUATE,diagnostic,optimized,160.0,1.0,1.0,0.5,10,candidate_z,0.02752,0.1376,0.022950551494403726,0,-1,nan
S3_transport,F,7,7,6,0,MODEL_INADEQUATE,diagnostic,optimized,160.0,1.0,1.0,0.5,10,candidate_z,0.02948,0.14739999999999998,0.025733486745252776,0,-1,nan
S3_transport,F,7,7,6,0,MODEL_INADEQUATE,diagnostic,optimized,160.0,1.0,1.0,0.5,10,candidate_z,0.031439999999999996,0.15719999999999998,0.02860460828567568,0,-1,nan
S3_transport,F,7,7,6,0,MODEL_INADEQUATE,diagnostic,optimized,160.0,1.0,1.0,0.5,10,candidate_z,0.0334,0.16699999999999998,0.03155561176865973,0,-1,nan
S3_transport,F,7,7,6,0,MODEL_INADEQUATE,diagnostic,optimized,160.0,1.0,1.0,0.5,10,candidate_z,0.03536,0.1768,0.034578904643737474,0,-1,nan
S3_transport,F,7,7,6,0,MODEL_INADEQUATE,diagnostic,optimized,160.0,1.0,1.0,0.5,10,candidate_z,0.037320000000000006,0.18660000000000002,0.0376675704360423,0,-1,nan
S3_transport,F,7,7,6,0,MODEL_INADEQUATE,diagnostic,optimized,160.0,1.0,1.0,0.5,10,candidate_z,0.039279999999999995,0.19639999999999996,0.04081532794005227,0,-1,nan
S3_transport,F,7,7,6,0,MODEL_INADEQUATE,diagnostic,optimized,160.0,1.0,1.0,0.5,10,candidate_z,0.04124,0.2062,0.04401648342807363,0,-1,nan
S3_transport,F,7,7,6,0,MODEL_INADEQUATE,diagnostic,optimized,160.0,1.0,1.0,0.5,10,candidate_z,0.0432,0.216,0.04726587679130745,0,-1,nan
S3_transport,F,7,7,6,0,MODEL_INADEQUATE,diagnostic,optimized,160.0,1.0,1.0,0.5,10,candidate_z,0.045160000000000006,0.22580000000000003,0.05055882311528137,0,-1,nan
S3_transport,F,7,7,6,0,MODEL_INADEQUATE,diagnostic,optimized,160.0,1.0,1.0,0.5,10,candidate_z,0.047119999999999995,0.23559999999999998,0.05389105038995723,0,-1,nan
S3_transport,F,7,7,6,0,MODEL_INADEQUATE,diagnostic,optimized,160.0,1.0,1.0,0.5,10,candidate_z,0.04908,0.24539999999999998,0.05725863537645637,0,-1,nan
S3_transport,F,7,7,6,0,MODEL_INADEQUATE,diagnostic,optimized,160.0,1.0,1.0,0.5,10,candidate_z,0.05104,0.2552,0.06065793880794956,0,-1,nan
S3_transport,F,7,7,6,0,MODEL_INADEQUATE,diagnostic,optimized,160.0,1.0,1.0,0.5,10,candidate_z,0.053000000000000005,0.265,0.06408554144231005,0,-1,nan
S3_transport,F,7,7,6,0,MODEL_INADEQUATE,diagnostic,optimized,160.0,1.0,1.0,0.5,10,candidate_z,0.054959999999999995,0.27479999999999993,0.06753818243319643,0,-1,nan
S3_transport,F,7,7,6,0,MODEL_INADEQUATE,diagnostic,optimized,160.0,1.0,1.0,0.5,10,candidate_z,0.05692,0.28459999999999996,0.07101270094747747,0,-1,nan
S3_transport,F,7,7,6,0,MODEL_INADEQUATE,diagnostic,optimized,160.0,1.0,1.0,0.5,10,candidate_z,0.05888,0.2944,0.07450598256584584,0,-1,nan
S3_transport,F,7,7,6,0,MODEL_INADEQUATE,diagnostic,optimized,160.0,1.0,1.0,0.5,10,candidate_z,0.060840000000000005,0.3042,0.07801491107758096,0,-1,nan
S3_transport,F,7,7,6,0,MODEL_INADEQUATE,diagnostic,optimized,160.0,1.0,1.0,0.5,10,candidate_z,0.0628,0.31399999999999995,0.0815363257065016,0,-1,nan
S3_transport,F,7,7,6,0,MODEL_INADEQUATE,diagnostic,optimized,160.0,1.0,1.0,0.5,10,candidate_z,0.06476,0.3238,0.08506698430625192,0,-1,nan
S3_transport,F,7,7,6,0,MODEL_INADEQUATE,diagnostic,optimized,160.0,1.0,1.0,0.5,10,candidate_z,0.06672,0.3336,0.08860353409568944,0,-1,nan
S3_transport,F,7,7,6,0,MODEL_INADEQUATE,diagnostic,optimized,160.0,1.0,1.0,0.5,10,candidate_z,0.06868,0.3434,0.09214249084247683,0,-1,nan
S3_transport,F,7,7,6,0,MODEL_INADEQUATE,diagnostic,optimized,160.0,1.0,1.0,0.5,10,candidate_z,0.07064000000000001,0.3532,0.09568022208956961,0,-1,nan
S3_transport,F,7,7,6,0,MODEL_INADEQUATE,diagnostic,optimized,160.0,1.0,1.0,0.5,10,candidate_z,0.0726,0.363,0.09921293733138015,0,-1,nan
S3_transport,F,7,7,6,0,MODEL_INADEQUATE,diagnostic,optimized,160.0,1.0,1.0,0.5,10,candidate_z,0.07456,0.37279999999999996,0.10273668464007812,0,-1,nan
S3_transport,F,7,7,6,0,MODEL_INADEQUATE,diagnostic,optimized,160.0,1.0,1.0,0.5,10,candidate_z,0.07652,0.3826,0.10624735523284556,0,-1,nan
S3_transport,F,7,7,6,0,MODEL_INADEQUATE,diagnostic,optimized,160.0,1.0,1.0,0.5,10,candidate_z,0.07848,0.39239999999999997,0.10974069293239808,0,-1,nan
S3_transport,F,7,7,6,0,MODEL_INADEQUATE,diagnostic,optimized,160.0,1.0,1.0,0.5,10,candidate_z,0.08044,0.40219999999999995,0.11321230534962723,0,-1,nan
S3_transport,F,7,7,6,0,MODEL_INADEQUATE,diagnostic,optimized,160.0,1.0,1.0,0.5,10,candidate_z,0.0824,0.412,0.11665768122198017,0,-1,nan
S3_transport,F,7,7,6,0,MODEL_INADEQUATE,diagnostic,optimized,160.0,1.0,1.0,0.5,10,candidate_z,0.08436,0.4218,0.12007221136975943,0,-1,nan
S3_transport,F,7,7,6,0,MODEL_INADEQUATE,diagnostic,optimized,160.0,1.0,1.0,0.5,10,candidate_z,0.08632000000000001,0.43160000000000004,0.12345121622132638,0,-1,nan
S3_transport,F,7,7,6,0,MODEL_INADEQUATE,diagnostic,optimized,160.0,1.0,1.0,0.5,10,candidate_z,0.08828,0.44139999999999996,0.12678996856534042,0,-1,nan
S3_transport,F,7,7,6,0,MODEL_INADEQUATE,diagnostic,optimized,160.0,1.0,1.0,0.5,10,candidate_z,0.09024,0.4512,0.1300837219651072,0,-1,nan
S3_transport,F,7,7,6,0,MODEL_INADEQUATE,diagnostic,optimized,160.0,1.0,1.0,0.5,10,candidate_z,0.0922,0.461,0.1333277373772006,0,-1,nan
S3_transport,F,7,7,6,0,MODEL_INADEQUATE,diagnostic,optimized,160.0,1.0,1.0,0.5,10,candidate_z,0.09416,0.47079999999999994,0.13651731839053127,0,-1,nan
S3_transport,F,7,7,6,0,MODEL_INADEQUATE,diagnostic,optimized,160.0,1.0,1.0,0.5,10,candidate_z,0.09612,0.48059999999999997,0.13964783541715065,0,-1,nan
S3_transport,F,7,7,6,0,MODEL_INADEQUATE,diagnostic,optimized,160.0,1.0,1.0,0.5,10,candidate_z,0.09808,0.4904,0.14271475545545798,0,-1,nan
S3_transport,F,7,7,6,0,MODEL_INADEQUATE,diagnostic,optimized,160.0,1.0,1.0,0.5,10,candidate_z,0.10004,0.5002,0.1457136673214876,0,-1,nan
S3_transport,F,7,7,6,0,MODEL_INADEQUATE,diagnostic,optimized,160.0,1.0,1.0,0.5,10,candidate_z,0.10200000000000001,0.51,0.14864031121244636,0,-1,nan
S3_transport,F,7,7,6,0,MODEL_INADEQUATE,diagnostic,optimized,160.0,1.0,1.0,0.5,10,candidate_z,0.10396,0.5197999999999999,0.1514882326696636,0,-1,nan
S3_transport,F,7,7,6,0,MODEL_INADEQUATE,diagnostic,optimized,160.0,1.0,1.0,0.5,10,candidate_z,0.10592,0.5296,0.15425588579936544,0,-1,nan
S3_transport,F,7,7,6,0,MODEL_INADEQUATE,diagnostic,optimized,160.0,1.0,1.0,0.5,10,candidate_z,0.10788,0.5394,0.1569396024733365,0,-1,nan
S3_transport,F,7,7,6,0,MODEL_INADEQUATE,diagnostic,optimized,160.0,1.0,1.0,0.5,10,candidate_z,0.10984,0.5491999999999999,0.159535948443164,0,-1,nan
S3_transport,F,7,7,6,0,MODEL_INADEQUATE,diagnostic,optimized,160.0,1.0,1.0,0.5,10,candidate_z,0.1118,0.5589999999999999,0.1620417404043124,0,-1,nan
S3_transport,F,7,7,6,0,MODEL_INADEQUATE,diagnostic,optimized,160.0,1.0,1.0,0.5,10,candidate_z,0.11376,0.5688,0.16445405676822134,0,-1,nan
S3_transport,F,7,7,6,0,MODEL_INADEQUATE,diagnostic,optimized,160.0,1.0,1.0,0.5,10,candidate_z,0.11572,0.5786,0.16677024786349648,0,-1,nan
S3_transport,F,7,7,6,0,MODEL_INADEQUATE,diagnostic,optimized,160.0,1.0,1.0,0.5,10,candidate_z,0.11768,0.5884,0.16898794283952157,0,-1,nan
S3_transport,F,7,7,6,0,MODEL_INADEQUATE,diagnostic,optimized,160.0,1.0,1.0,0.5,10,candidate_z,0.11964,0.5982,0.17110505989930402,0,-1,nan
S3_transport,F,7,7,6,0,MODEL_INADEQUATE,diagnostic,optimized,160.0,1.0,1.0,0.5,10,candidate_z,0.1216,0.608,0.17311980598354637,0,-1,nan
S3_transport,F,7,7,6,0,MODEL_INADEQUATE,diagnostic,optimized,160.0,1.0,1.0,0.5,10,candidate_z,0.12356,0.6178,0.17503067874598344,0,-1,nan
S3_transport,F,7,7,6,0,MODEL_INADEQUATE,diagnostic,optimized,160.0,1.0,1.0,0.5,10,candidate_z,0.12552,0.6275999999999999,0.17683646599306257,0,-1,nan
S3_transport,F,7,7,6,0,MODEL_INADEQUATE,diagnostic,optimized,160.0,1.0,1.0,0.5,10,candidate_z,0.12747999999999998,0.6373999999999999,0.1785362421931822,0,-1,nan
S3_transport,F,7,7,6,0,MODEL_INADEQUATE,diagnostic,optimized,160.0,1.0,1.0,0.5,10,candidate_z,0.12944,0.6472,0.18012936217350273,0,-1,nan
S3_transport,F,7,7,6,0,MODEL_INADEQUATE,diagnostic,optimized,160.0,1.0,1.0,0.5,10,candidate_z,0.1314,0.6569999999999999,0.18161546213192992,0,-1,nan
S3_transport,F,7,7,6,0,MODEL_INADEQUATE,diagnostic,optimized,160.0,1.0,1.0,0.5,10,candidate_z,0.13336,0.6668,0.18299444831007605,0,-1,nan
S3_transport,F,7,7,6,0,MODEL_INADEQUATE,diagnostic,optimized,160.0,1.0,1.0,0.5,10,candidate_z,0.13532,0.6766,0.18426648826837067,1,-1,nan
S3_transport,F,7,7,6,0,MODEL_INADEQUATE,diagnostic,optimized,160.0,1.0,1.0,0.5,10,candidate_z,0.13728,0.6864,0.1854320022630418,0,-1,nan
S3_transport,F,7,7,6,0,MODEL_INADEQUATE,diagnostic,optimized,160.0,1.0,1.0,0.5,10,candidate_z,0.13924,0.6961999999999999,0.18649165413224011,0,-1,nan
S3_transport,F,7,7,6,0,MODEL_INADEQUATE,diagnostic,optimized,160.0,1.0,1.0,0.5,10,candidate_z,0.1412,0.706,0.18744634330357712,1,-1,nan
S3_transport,F,7,7,6,0,MODEL_INADEQUATE,diagnostic,optimized,160.0,1.0,1.0,0.5,10,candidate_z,0.14316,0.7158,0.18829718598852452,0,-1,nan
S3_transport,F,7,7,6,0,MODEL_INADEQUATE,diagnostic,optimized,160.0,1.0,1.0,0.5,10,candidate_z,0.14512,0.7255999999999999,0.18904550581555668,0,-1,nan
S3_transport,F,7,7,6,0,MODEL_INADEQUATE,diagnostic,optimized,160.0,1.0,1.0,0.5,10,candidate_z,0.14708,0.7353999999999999,0.1896928243007423,1,-1,nan
S3_transport,F,7,7,6,0,MODEL_INADEQUATE,diagnostic,optimized,160.0,1.0,1.0,0.5,10,candidate_z,0.14904,0.7452,0.190240846979421,0,-1,nan
S3_transport,F,7,7,6,0,MODEL_INADEQUATE,diagnostic,optimized,160.0,1.0,1.0,0.5,10,candidate_z,0.151,0.7549999999999999,0.1906914515602125,0,-1,nan
S3_transport,F,7,7,6,0,MODEL_INADEQUATE,diagnostic,optimized,160.0,1.0,1.0,0.5,10,candidate_z,0.15295999999999998,0.7647999999999999,0.19104667782549,1,-1,nan
S3_transport,F,7,7,6,0,MODEL_INADEQUATE,diagnostic,optimized,160.0,1.0,1.0,0.5,10,candidate_z,0.15492,0.7746,0.19130871056681542,0,-1,nan
S3_transport,F,7,7,6,0,MODEL_INADEQUATE,diagnostic,optimized,160.0,1.0,1.0,0.5,10,candidate_z,0.15688,0.7843999999999999,0.1914798664742392,0,-1,nan
S3_transport,F,7,7,6,0,MODEL_INADEQUATE,diagnostic,optimized,160.0,1.0,1.0,0.5,10,candidate_z,0.15884,0.7942,0.1915625863046344,1,-1,nan
S3_transport,F,7,7,6,0,MODEL_INADEQUATE,diagnostic,optimized,160.0,1.0,1.0,0.5,10,candidate_z,0.1608,0.8039999999999999,0.19155942126401726,0,-1,nan
S3_transport,F,7,7,6,0,MODEL_INADEQUATE,diagnostic,optimized,160.0,1.0,1.0,0.5,10,candidate_z,0.16276,0.8137999999999999,0.19147302155973733,0,-1,nan
S3_transport,F,7,7,6,0,MODEL_INADEQUATE,diagnostic,optimized,160.0,1.0,1.0,0.5,10,candidate_z,0.16472,0.8236,0.19130612570340588,1,-1,nan
S3_transport,F,7,7,6,0,MODEL_INADEQUATE,diagnostic,optimized,160.0,1.0,1.0,0.5,10,candidate_z,0.16668,0.8333999999999999,0.19106154906298656,0,-1,nan
S3_transport,F,7,7,6,0,MODEL_INADEQUATE,diagnostic,optimized,160.0,1.0,1.0,0.5,10,candidate_z,0.16864,0.8432000000000001,0.19074217238440383,0,-1,nan
S3_transport,F,7,7,6,0,MODEL_INADEQUATE,diagnostic,optimized,160.0,1.0,1.0,0.5,10,candidate_z,0.1706,0.853,0.19035093328658093,1,-1,nan
S3_transport,F,7,7,6,0,MODEL_INADEQUATE,diagnostic,optimized,160.0,1.0,1.0,0.5,10,candidate_z,0.17256,0.8627999999999999,0.18989081607913505,0,-1,nan
S3_transport,F,7,7,6,0,MODEL_INADEQUATE,diagnostic,optimized,160.0,1.0,1.0,0.5,10,candidate_z,0.17452,0.8726,0.18936484258169628,0,-1,nan
S3_transport,F,7,7,6,0,MODEL_INADEQUATE,diagnostic,optimized,160.0,1.0,1.0,0.5,10,candidate_z,0.17648,0.8824,0.18877606343858133,1,-1,nan
S3_transport,F,7,7,6,0,MODEL_INADEQUATE,diagnostic,optimized,160.0,1.0,1.0,0.5,10,candidate_z,0.17844,0.8921999999999999,0.1881275497680548,0,-1,nan
S3_transport,F,7,7,6,0,MODEL_INADEQUATE,diagnostic,optimized,160.0,1.0,1.0,0.5,10,candidate_z,0.1804,0.902,0.1874223850275527,0,-1,nan
S3_transport,F,7,7,6,0,MODEL_INADEQUATE,diagnostic,optimized,160.0,1.0,1.0,0.5,10,candidate_z,0.18236,0.9117999999999999,0.18666365788986639,1,-1,nan
S3_transport,F,7,7,6,0,MODEL_INADEQUATE,diagnostic,optimized,160.0,1.0,1.0,0.5,10,candidate_z,0.18431999999999998,0.9215999999999999,0.18585445512415788,0,-1,nan
S3_transport,F,7,7,6,0,MODEL_INADEQUATE,diagnostic,optimized,160.0,1.0,1.0,0.5,10,candidate_z,0.18628,0.9314,0.18499785503723842,0,-1,nan
S3_transport,F,7,7,6,0,MODEL_INADEQUATE,diagnostic,optimized,160.0,1.0,1.0,0.5,10,candidate_z,0.18824,0.9411999999999999,0.1840969211633734,1,-1,nan
S3_transport,F,7,7,6,0,MODEL_INADEQUATE,diagnostic,optimized,160.0,1.0,1.0,0.5,10,candidate_z,0.1902,0.951,0.18315469625201075,0,-1,nan
S3_transport,F,7,7,6,0,MODEL_INADEQUATE,diagnostic,optimized,160.0,1.0,1.0,0.5,10,candidate_z,0.19216,0.9608,0.1821741979126088,0,-1,nan
S3_transport,F,7,7,6,0,MODEL_INADEQUATE,diagnostic,optimized,160.0,1.0,1.0,0.5,10,candidate_z,0.19412,0.9705999999999999,0.18115841261976584,0,-1,nan
S3_transport,F,7,7,6,0,MODEL_INADEQUATE,diagnostic,optimized,160.0,1.0,1.0,0.5,10,candidate_z,0.19608,0.9803999999999999,0.18011029140471635,0,-1,nan
S3_transport,F,7,7,6,0,MODEL_INADEQUATE,diagnostic,optimized,160.0,1.0,1.0,0.5,10,candidate_z,0.19804,0.9902,0.17903274557271942,0,-1,nan
S3_transport,F,7,7,6,0,MODEL_INADEQUATE,diagnostic,optimized,160.0,1.0,1.0,0.5,10,candidate_z,0.2,1.0,0.17792864274163378,0,-1,nan
S3_transport,F,7,7,6,0,MODEL_INADEQUATE,diagnostic,optimized,160.0,1.0,1.0,0.5,10,selected_z,0.15884,0.7942,nan,1,1,0.1915625863046344
S3_transport,F,7,7,6,0,MODEL_INADEQUATE,diagnostic,optimized,160.0,1.0,1.0,0.5,10,selected_z,0.16472,0.8236,nan,1,2,0.17420524553174488
S3_transport,F,7,7,6,0,MODEL_INADEQUATE,diagnostic,optimized,160.0,1.0,1.0,0.5,10,selected_z,0.15295999999999998,0.7647999999999999,nan,1,3,0.15982350279824686
S3_transport,F,7,7,6,0,MODEL_INADEQUATE,diagnostic,optimized,160.0,1.0,1.0,0.5,10,selected_z,0.1706,0.853,nan,1,4,0.14724390280039046
S3_transport,F,7,7,6,0,MODEL_INADEQUATE,diagnostic,optimized,160.0,1.0,1.0,0.5,10,selected_z,0.14708,0.7353999999999999,nan,1,5,0.13674044567833477
S3_transport,F,7,7,6,0,MODEL_INADEQUATE,diagnostic,optimized,160.0,1.0,1.0,0.5,10,selected_z,0.17648,0.8824,nan,1,6,0.1272274923412553
S3_transport,F,7,7,6,0,MODEL_INADEQUATE,diagnostic,optimized,160.0,1.0,1.0,0.5,10,selected_z,0.1412,0.706,nan,1,7,0.11906572386507008
S3_transport,F,7,7,6,0,MODEL_INADEQUATE,diagnostic,optimized,160.0,1.0,1.0,0.5,10,selected_z,0.18236,0.9117999999999999,nan,1,8,0.11183721815781666
S3_transport,F,7,7,6,0,MODEL_INADEQUATE,diagnostic,optimized,160.0,1.0,1.0,0.5,10,selected_z,0.13532,0.6766,nan,1,9,0.10499897240852363
S3_transport,F,7,7,6,0,MODEL_INADEQUATE,diagnostic,optimized,160.0,1.0,1.0,0.5,10,selected_z,0.18824,0.9411999999999999,nan,1,10,0.09972850749129236
S3_transport,F,7,7,6,0,MODEL_INADEQUATE,diagnostic,optimized,160.0,1.0,1.0,0.5,10,final_z,0.13923999999999997,0.6961999999999998,nan,1,-1,nan
S3_transport,F,7,7,6,0,MODEL_INADEQUATE,diagnostic,optimized,160.0,1.0,1.0,0.5,10,final_z,0.14511999999999997,0.7255999999999998,nan,1,-1,nan
S3_transport,F,7,7,6,0,MODEL_INADEQUATE,diagnostic,optimized,160.0,1.0,1.0,0.5,10,final_z,0.150216,0.7510799999999999,nan,1,-1,nan
S3_transport,F,7,7,6,0,MODEL_INADEQUATE,diagnostic,optimized,160.0,1.0,1.0,0.5,10,final_z,0.154528,0.77264,nan,1,-1,nan
S3_transport,F,7,7,6,0,MODEL_INADEQUATE,diagnostic,optimized,160.0,1.0,1.0,0.5,10,final_z,0.15884,0.7942,nan,1,-1,nan
S3_transport,F,7,7,6,0,MODEL_INADEQUATE,diagnostic,optimized,160.0,1.0,1.0,0.5,10,final_z,0.16315200000000002,0.81576,nan,1,-1,nan
S3_transport,F,7,7,6,0,MODEL_INADEQUATE,diagnostic,optimized,160.0,1.0,1.0,0.5,10,final_z,0.167464,0.83732,nan,1,-1,nan
S3_transport,F,7,7,6,0,MODEL_INADEQUATE,diagnostic,optimized,160.0,1.0,1.0,0.5,10,final_z,0.17256000000000002,0.8628,nan,1,-1,nan
S3_transport,F,7,7,6,0,MODEL_INADEQUATE,diagnostic,optimized,160.0,1.0,1.0,0.5,10,final_z,0.17844000000000002,0.8922,nan,1,-1,nan
S3_transport,F,7,7,6,0,MODEL_INADEQUATE,diagnostic,optimized,160.0,1.0,1.0,0.5,10,final_z,0.18432,0.9216,nan,1,-1,nan
S3_transport,F,7,8,1,0,MODEL_INADEQUATE,diagnostic,optimized,160.0,0.5,1.0,1.0,10,candidate_z,0.004,0.02,0.0061169822938254015,0,-1,nan
S3_transport,F,7,8,1,0,MODEL_INADEQUATE,diagnostic,optimized,160.0,0.5,1.0,1.0,10,candidate_z,0.00596,0.0298,0.0124225721773783,0,-1,nan
S3_transport,F,7,8,1,0,MODEL_INADEQUATE,diagnostic,optimized,160.0,0.5,1.0,1.0,10,candidate_z,0.00792,0.039599999999999996,0.02004257594085601,0,-1,nan
S3_transport,F,7,8,1,0,MODEL_INADEQUATE,diagnostic,optimized,160.0,0.5,1.0,1.0,10,candidate_z,0.00988,0.0494,0.02854276828416147,0,-1,nan
S3_transport,F,7,8,1,0,MODEL_INADEQUATE,diagnostic,optimized,160.0,0.5,1.0,1.0,10,candidate_z,0.01184,0.059199999999999996,0.037611559628622615,0,-1,nan
S3_transport,F,7,8,1,0,MODEL_INADEQUATE,diagnostic,optimized,160.0,0.5,1.0,1.0,10,candidate_z,0.0138,0.06899999999999999,0.04703186482538513,0,-1,nan
S3_transport,F,7,8,1,0,MODEL_INADEQUATE,diagnostic,optimized,160.0,0.5,1.0,1.0,10,candidate_z,0.01576,0.0788,0.05664243464444496,0,-1,nan
S3_transport,F,7,8,1,0,MODEL_INADEQUATE,diagnostic,optimized,160.0,0.5,1.0,1.0,10,candidate_z,0.01772,0.0886,0.06629912775161984,0,-1,nan
S3_transport,F,7,8,1,0,MODEL_INADEQUATE,diagnostic,optimized,160.0,0.5,1.0,1.0,10,candidate_z,0.01968,0.09839999999999999,0.07584702304348667,0,-1,nan
S3_transport,F,7,8,1,0,MODEL_INADEQUATE,diagnostic,optimized,160.0,0.5,1.0,1.0,10,candidate_z,0.02164,0.10819999999999999,0.08510912607526677,0,-1,nan
S3_transport,F,7,8,1,0,MODEL_INADEQUATE,diagnostic,optimized,160.0,0.5,1.0,1.0,10,candidate_z,0.0236,0.118,0.09389034474127556,0,-1,nan
S3_transport,F,7,8,1,0,MODEL_INADEQUATE,diagnostic,optimized,160.0,0.5,1.0,1.0,10,candidate_z,0.02556,0.1278,0.10199187384231578,0,-1,nan
S3_transport,F,7,8,1,0,MODEL_INADEQUATE,diagnostic,optimized,160.0,0.5,1.0,1.0,10,candidate_z,0.02752,0.1376,0.1092296702272364,0,-1,nan
S3_transport,F,7,8,1,0,MODEL_INADEQUATE,diagnostic,optimized,160.0,0.5,1.0,1.0,10,candidate_z,0.02948,0.14739999999999998,0.11545154313201778,0,-1,nan
S3_transport,F,7,8,1,0,MODEL_INADEQUATE,diagnostic,optimized,160.0,0.5,1.0,1.0,10,candidate_z,0.031439999999999996,0.15719999999999998,0.12054937510369257,0,-1,nan
S3_transport,F,7,8,1,0,MODEL_INADEQUATE,diagnostic,optimized,160.0,0.5,1.0,1.0,10,candidate_z,0.0334,0.16699999999999998,0.12446510969461855,0,-1,nan
S3_transport,F,7,8,1,0,MODEL_INADEQUATE,diagnostic,optimized,160.0,0.5,1.0,1.0,10,candidate_z,0.03536,0.1768,0.1271908998164406,0,-1,nan
S3_transport,F,7,8,1,0,MODEL_INADEQUATE,diagnostic,optimized,160.0,0.5,1.0,1.0,10,candidate_z,0.037320000000000006,0.18660000000000002,0.128764688141338,0,-1,nan
S3_transport,F,7,8,1,0,MODEL_INADEQUATE,diagnostic,optimized,160.0,0.5,1.0,1.0,10,candidate_z,0.039279999999999995,0.19639999999999996,0.12926291826425285,0,-1,nan
S3_transport,F,7,8,1,0,MODEL_INADEQUATE,diagnostic,optimized,160.0,0.5,1.0,1.0,10,candidate_z,0.04124,0.2062,0.1287918774468224,1,-1,nan
S3_transport,F,7,8,1,0,MODEL_INADEQUATE,diagnostic,optimized,160.0,0.5,1.0,1.0,10,candidate_z,0.0432,0.216,0.1274788463586205,0,-1,nan
S3_transport,F,7,8,1,0,MODEL_INADEQUATE,diagnostic,optimized,160.0,0.5,1.0,1.0,10,candidate_z,0.045160000000000006,0.22580000000000003,0.12546387961189254,0,-1,nan
S3_transport,F,7,8,1,0,MODEL_INADEQUATE,diagnostic,optimized,160.0,0.5,1.0,1.0,10,candidate_z,0.047119999999999995,0.23559999999999998,0.12289263415371465,0,-1,nan
S3_transport,F,7,8,1,0,MODEL_INADEQUATE,diagnostic,optimized,160.0,0.5,1.0,1.0,10,candidate_z,0.04908,0.24539999999999998,0.11991042527542106,0,-1,nan
S3_transport,F,7,8,1,0,MODEL_INADEQUATE,diagnostic,optimized,160.0,0.5,1.0,1.0,10,candidate_z,0.05104,0.2552,0.11665754370366699,0,-1,nan
S3_transport,F,7,8,1,0,MODEL_INADEQUATE,diagnostic,optimized,160.0,0.5,1.0,1.0,10,candidate_z,0.053000000000000005,0.265,0.11326573974799459,0,-1,nan
S3_transport,F,7,8,1,0,MODEL_INADEQUATE,diagnostic,optimized,160.0,0.5,1.0,1.0,10,candidate_z,0.054959999999999995,0.27479999999999993,0.10985571086161627,0,-1,nan
S3_transport,F,7,8,1,0,MODEL_INADEQUATE,diagnostic,optimized,160.0,0.5,1.0,1.0,10,candidate_z,0.05692,0.28459999999999996,0.1065354300665291,0,-1,nan
S3_transport,F,7,8,1,0,MODEL_INADEQUATE,diagnostic,optimized,160.0,0.5,1.0,1.0,10,candidate_z,0.05888,0.2944,0.10339925469979505,0,-1,nan
S3_transport,F,7,8,1,0,MODEL_INADEQUATE,diagnostic,optimized,160.0,0.5,1.0,1.0,10,candidate_z,0.060840000000000005,0.3042,0.10052762575268304,0,-1,nan
S3_transport,F,7,8,1,0,MODEL_INADEQUATE,diagnostic,optimized,160.0,0.5,1.0,1.0,10,candidate_z,0.0628,0.31399999999999995,0.09798714921434026,0,-1,nan
S3_transport,F,7,8,1,0,MODEL_INADEQUATE,diagnostic,optimized,160.0,0.5,1.0,1.0,10,candidate_z,0.06476,0.3238,0.09583109307711624,0,-1,nan
S3_transport,F,7,8,1,0,MODEL_INADEQUATE,diagnostic,optimized,160.0,0.5,1.0,1.0,10,candidate_z,0.06672,0.3336,0.09410015755304357,0,-1,nan
S3_transport,F,7,8,1,0,MODEL_INADEQUATE,diagnostic,optimized,160.0,0.5,1.0,1.0,10,candidate_z,0.06868,0.3434,0.09282338936013446,0,-1,nan
S3_transport,F,7,8,1,0,MODEL_INADEQUATE,diagnostic,optimized,160.0,0.5,1.0,1.0,10,candidate_z,0.07064000000000001,0.3532,0.09201927625908723,0,-1,nan
S3_transport,F,7,8,1,0,MODEL_INADEQUATE,diagnostic,optimized,160.0,0.5,1.0,1.0,10,candidate_z,0.0726,0.363,0.09169687682174299,0,-1,nan
S3_transport,F,7,8,1,0,MODEL_INADEQUATE,diagnostic,optimized,160.0,0.5,1.0,1.0,10,candidate_z,0.07456,0.37279999999999996,0.09185699222128818,0,-1,nan
S3_transport,F,7,8,1,0,MODEL_INADEQUATE,diagnostic,optimized,160.0,0.5,1.0,1.0,10,candidate_z,0.07652,0.3826,0.09249331662041271,0,-1,nan
S3_transport,F,7,8,1,0,MODEL_INADEQUATE,diagnostic,optimized,160.0,0.5,1.0,1.0,10,candidate_z,0.07848,0.39239999999999997,0.09359355525705837,0,-1,nan
S3_transport,F,7,8,1,0,MODEL_INADEQUATE,diagnostic,optimized,160.0,0.5,1.0,1.0,10,candidate_z,0.08044,0.40219999999999995,0.09514048088767879,0,-1,nan
S3_transport,F,7,8,1,0,MODEL_INADEQUATE,diagnostic,optimized,160.0,0.5,1.0,1.0,10,candidate_z,0.0824,0.412,0.09711291464882521,0,-1,nan
S3_transport,F,7,8,1,0,MODEL_INADEQUATE,diagnostic,optimized,160.0,0.5,1.0,1.0,10,candidate_z,0.08436,0.4218,0.09948661691479543,0,-1,nan
S3_transport,F,7,8,1,0,MODEL_INADEQUATE,diagnostic,optimized,160.0,0.5,1.0,1.0,10,candidate_z,0.08632000000000001,0.43160000000000004,0.10223509610925419,0,-1,nan
S3_transport,F,7,8,1,0,MODEL_INADEQUATE,diagnostic,optimized,160.0,0.5,1.0,1.0,10,candidate_z,0.08828,0.44139999999999996,0.10533030580517533,0,-1,nan
S3_transport,F,7,8,1,0,MODEL_INADEQUATE,diagnostic,optimized,160.0,0.5,1.0,1.0,10,candidate_z,0.09024,0.4512,0.1087432891892135,0,-1,nan
S3_transport,F,7,8,1,0,MODEL_INADEQUATE,diagnostic,optimized,160.0,0.5,1.0,1.0,10,candidate_z,0.0922,0.461,0.1124446853063219,0,-1,nan
S3_transport,F,7,8,1,0,MODEL_INADEQUATE,diagnostic,optimized,160.0,0.5,1.0,1.0,10,candidate_z,0.09416,0.47079999999999994,0.11640517441689013,0,-1,nan
S3_transport,F,7,8,1,0,MODEL_INADEQUATE,diagnostic,optimized,160.0,0.5,1.0,1.0,10,candidate_z,0.09612,0.48059999999999997,0.12059588282109246,0,-1,nan
S3_transport,F,7,8,1,0,MODEL_INADEQUATE,diagnostic,optimized,160.0,0.5,1.0,1.0,10,candidate_z,0.09808,0.4904,0.12498862729816551,0,-1,nan
S3_transport,F,7,8,1,0,MODEL_INADEQUATE,diagnostic,optimized,160.0,0.5,1.0,1.0,10,candidate_z,0.10004,0.5002,0.12955622380393095,0,-1,nan
S3_transport,F,7,8,1,0,MODEL_INADEQUATE,diagnostic,optimized,160.0,0.5,1.0,1.0,10,candidate_z,0.10200000000000001,0.51,0.1342726168342736,0,-1,nan
S3_transport,F,7,8,1,0,MODEL_INADEQUATE,diagnostic,optimized,160.0,0.5,1.0,1.0,10,candidate_z,0.10396,0.5197999999999999,0.13911008335902864,0,-1,nan
S3_transport,F,7,8,1,0,MODEL_INADEQUATE,diagnostic,optimized,160.0,0.5,1.0,1.0,10,candidate_z,0.10592,0.5296,0.14404801164727843,0,-1,nan
S3_transport,F,7,8,1,0,MODEL_INADEQUATE,diagnostic,optimized,160.0,0.5,1.0,1.0,10,candidate_z,0.10788,0.5394,0.14906445724990647,0,-1,nan
S3_transport,F,7,8,1,0,MODEL_INADEQUATE,diagnostic,optimized,160.0,0.5,1.0,1.0,10,candidate_z,0.10984,0.5491999999999999,0.15413899276703802,0,-1,nan
S3_transport,F,7,8,1,0,MODEL_INADEQUATE,diagnostic,optimized,160.0,0.5,1.0,1.0,10,candidate_z,0.1118,0.5589999999999999,0.15925264508651793,0,-1,nan
S3_transport,F,7,8,1,0,MODEL_INADEQUATE,diagnostic,optimized,160.0,0.5,1.0,1.0,10,candidate_z,0.11376,0.5688,0.16438791038935818,0,-1,nan
S3_transport,F,7,8,1,0,MODEL_INADEQUATE,diagnostic,optimized,160.0,0.5,1.0,1.0,10,candidate_z,0.11572,0.5786,0.1695287382606665,0,-1,nan
S3_transport,F,7,8,1,0,MODEL_INADEQUATE,diagnostic,optimized,160.0,0.5,1.0,1.0,10,candidate_z,0.11768,0.5884,0.17466044024697425,0,-1,nan
S3_transport,F,7,8,1,0,MODEL_INADEQUATE,diagnostic,optimized,160.0,0.5,1.0,1.0,10,candidate_z,0.11964,0.5982,0.17976970190154162,0,-1,nan
S3_transport,F,7,8,1,0,MODEL_INADEQUATE,diagnostic,optimized,160.0,0.5,1.0,1.0,10,candidate_z,0.1216,0.608,0.18484447264830806,0,-1,nan
S3_transport,F,7,8,1,0,MODEL_INADEQUATE,diagnostic,optimized,160.0,0.5,1.0,1.0,10,candidate_z,0.12356,0.6178,0.18987392885341592,0,-1,nan
S3_transport,F,7,8,1,0,MODEL_INADEQUATE,diagnostic,optimized,160.0,0.5,1.0,1.0,10,candidate_z,0.12552,0.6275999999999999,0.19484841054304525,0,-1,nan
S3_transport,F,7,8,1,0,MODEL_INADEQUATE,diagnostic,optimized,160.0,0.5,1.0,1.0,10,candidate_z,0.12747999999999998,0.6373999999999999,0.1997593265015425,0,-1,nan
S3_transport,F,7,8,1,0,MODEL_INADEQUATE,diagnostic,optimized,160.0,0.5,1.0,1.0,10,candidate_z,0.12944,0.6472,0.2045991231084443,0,-1,nan
S3_transport,F,7,8,1,0,MODEL_INADEQUATE,diagnostic,optimized,160.0,0.5,1.0,1.0,10,candidate_z,0.1314,0.6569999999999999,0.20936118446446272,0,-1,nan
S3_transport,F,7,8,1,0,MODEL_INADEQUATE,diagnostic,optimized,160.0,0.5,1.0,1.0,10,candidate_z,0.13336,0.6668,0.2140397839580359,0,-1,nan
S3_transport,F,7,8,1,0,MODEL_INADEQUATE,diagnostic,optimized,160.0,0.5,1.0,1.0,10,candidate_z,0.13532,0.6766,0.21863001911764712,0,-1,nan
S3_transport,F,7,8,1,0,MODEL_INADEQUATE,diagnostic,optimized,160.0,0.5,1.0,1.0,10,candidate_z,0.13728,0.6864,0.22312773424470578,0,-1,nan
S3_transport,F,7,8,1,0,MODEL_INADEQUATE,diagnostic,optimized,160.0,0.5,1.0,1.0,10,candidate_z,0.13924,0.6961999999999999,0.22752947978649019,0,-1,nan
S3_transport,F,7,8,1,0,MODEL_INADEQUATE,diagnostic,optimized,160.0,0.5,1.0,1.0,10,candidate_z,0.1412,0.706,0.23183243846281698,0,-1,nan
S3_transport,F,7,8,1,0,MODEL_INADEQUATE,diagnostic,optimized,160.0,0.5,1.0,1.0,10,candidate_z,0.14316,0.7158,0.2360343806058438,0,-1,nan
S3_transport,F,7,8,1,0,MODEL_INADEQUATE,diagnostic,optimized,160.0,0.5,1.0,1.0,10,candidate_z,0.14512,0.7255999999999999,0.24013361338160166,0,-1,nan
S3_transport,F,7,8,1,0,MODEL_INADEQUATE,diagnostic,optimized,160.0,0.5,1.0,1.0,10,candidate_z,0.14708,0.7353999999999999,0.2441289205476096,0,-1,nan
S3_transport,F,7,8,1,0,MODEL_INADEQUATE,diagnostic,optimized,160.0,0.5,1.0,1.0,10,candidate_z,0.14904,0.7452,0.24801953024412882,0,-1,nan
S3_transport,F,7,8,1,0,MODEL_INADEQUATE,diagnostic,optimized,160.0,0.5,1.0,1.0,10,candidate_z,0.151,0.7549999999999999,0.2518050658219906,0,-1,nan
S3_transport,F,7,8,1,0,MODEL_INADEQUATE,diagnostic,optimized,160.0,0.5,1.0,1.0,10,candidate_z,0.15295999999999998,0.7647999999999999,0.25548550524556646,1,-1,nan
S3_transport,F,7,8,1,0,MODEL_INADEQUATE,diagnostic,optimized,160.0,0.5,1.0,1.0,10,candidate_z,0.15492,0.7746,0.25906115066951685,0,-1,nan
S3_transport,F,7,8,1,0,MODEL_INADEQUATE,diagnostic,optimized,160.0,0.5,1.0,1.0,10,candidate_z,0.15688,0.7843999999999999,0.26253258426883974,0,-1,nan
S3_transport,F,7,8,1,0,MODEL_INADEQUATE,diagnostic,optimized,160.0,0.5,1.0,1.0,10,candidate_z,0.15884,0.7942,0.26590064263944413,1,-1,nan
S3_transport,F,7,8,1,0,MODEL_INADEQUATE,diagnostic,optimized,160.0,0.5,1.0,1.0,10,candidate_z,0.1608,0.8039999999999999,0.26916638812306815,0,-1,nan
S3_transport,F,7,8,1,0,MODEL_INADEQUATE,diagnostic,optimized,160.0,0.5,1.0,1.0,10,candidate_z,0.16276,0.8137999999999999,0.2723310760525237,0,-1,nan
S3_transport,F,7,8,1,0,MODEL_INADEQUATE,diagnostic,optimized,160.0,0.5,1.0,1.0,10,candidate_z,0.16472,0.8236,0.2753961377844121,1,-1,nan
S3_transport,F,7,8,1,0,MODEL_INADEQUATE,diagnostic,optimized,160.0,0.5,1.0,1.0,10,candidate_z,0.16668,0.8333999999999999,0.2783631513626901,0,-1,nan
S3_transport,F,7,8,1,0,MODEL_INADEQUATE,diagnostic,optimized,160.0,0.5,1.0,1.0,10,candidate_z,0.16864,0.8432000000000001,0.2812338218961514,0,-1,nan
S3_transport,F,7,8,1,0,MODEL_INADEQUATE,diagnostic,optimized,160.0,0.5,1.0,1.0,10,candidate_z,0.1706,0.853,0.28400996607980034,1,-1,nan
S3_transport,F,7,8,1,0,MODEL_INADEQUATE,diagnostic,optimized,160.0,0.5,1.0,1.0,10,candidate_z,0.17256,0.8627999999999999,0.2866934882813794,0,-1,nan
S3_transport,F,7,8,1,0,MODEL_INADEQUATE,diagnostic,optimized,160.0,0.5,1.0,1.0,10,candidate_z,0.17452,0.8726,0.28928637142234237,0,-1,nan
S3_transport,F,7,8,1,0,MODEL_INADEQUATE,diagnostic,optimized,160.0,0.5,1.0,1.0,10,candidate_z,0.17648,0.8824,0.2917906588007142,1,-1,nan
S3_transport,F,7,8,1,0,MODEL_INADEQUATE,diagnostic,optimized,160.0,0.5,1.0,1.0,10,candidate_z,0.17844,0.8921999999999999,0.29420844017133874,0,-1,nan
S3_transport,F,7,8,1,0,MODEL_INADEQUATE,diagnostic,optimized,160.0,0.5,1.0,1.0,10,candidate_z,0.1804,0.902,0.29654184425231733,0,-1,nan
S3_transport,F,7,8,1,0,MODEL_INADEQUATE,diagnostic,optimized,160.0,0.5,1.0,1.0,10,candidate_z,0.18236,0.9117999999999999,0.2987930227450377,1,-1,nan
S3_transport,F,7,8,1,0,MODEL_INADEQUATE,diagnostic,optimized,160.0,0.5,1.0,1.0,10,candidate_z,0.18431999999999998,0.9215999999999999,0.3009641449706564,0,-1,nan
S3_transport,F,7,8,1,0,MODEL_INADEQUATE,diagnostic,optimized,160.0,0.5,1.0,1.0,10,candidate_z,0.18628,0.9314,0.3030573877694849,0,-1,nan
S3_transport,F,7,8,1,0,MODEL_INADEQUATE,diagnostic,optimized,160.0,0.5,1.0,1.0,10,candidate_z,0.18824,0.9411999999999999,0.30507492673124403,1,-1,nan
S3_transport,F,7,8,1,0,MODEL_INADEQUATE,diagnostic,optimized,160.0,0.5,1.0,1.0,10,candidate_z,0.1902,0.951,0.3070189322522552,0,-1,nan
S3_transport,F,7,8,1,0,MODEL_INADEQUATE,diagnostic,optimized,160.0,0.5,1.0,1.0,10,candidate_z,0.19216,0.9608,0.30889156020730013,0,-1,nan
S3_transport,F,7,8,1,0,MODEL_INADEQUATE,diagnostic,optimized,160.0,0.5,1.0,1.0,10,candidate_z,0.19412,0.9705999999999999,0.3106949493264821,1,-1,nan
S3_transport,F,7,8,1,0,MODEL_INADEQUATE,diagnostic,optimized,160.0,0.5,1.0,1.0,10,candidate_z,0.19608,0.9803999999999999,0.31243121517550776,0,-1,nan
S3_transport,F,7,8,1,0,MODEL_INADEQUATE,diagnostic,optimized,160.0,0.5,1.0,1.0,10,candidate_z,0.19804,0.9902,0.31410244574568225,0,-1,nan
S3_transport,F,7,8,1,0,MODEL_INADEQUATE,diagnostic,optimized,160.0,0.5,1.0,1.0,10,candidate_z,0.2,1.0,0.3157106996390766,1,-1,nan
S3_transport,F,7,8,1,0,MODEL_INADEQUATE,diagnostic,optimized,160.0,0.5,1.0,1.0,10,selected_z,0.2,1.0,nan,1,1,0.3157106996390766
S3_transport,F,7,8,1,0,MODEL_INADEQUATE,diagnostic,optimized,160.0,0.5,1.0,1.0,10,selected_z,0.19412,0.9705999999999999,nan,1,2,0.2644476076828681
S3_transport,F,7,8,1,0,MODEL_INADEQUATE,diagnostic,optimized,160.0,0.5,1.0,1.0,10,selected_z,0.18824,0.9411999999999999,nan,1,3,0.22731437958691458
S3_transport,F,7,8,1,0,MODEL_INADEQUATE,diagnostic,optimized,160.0,0.5,1.0,1.0,10,selected_z,0.18236,0.9117999999999999,nan,1,4,0.1988529882397927
S3_transport,F,7,8,1,0,MODEL_INADEQUATE,diagnostic,optimized,160.0,0.5,1.0,1.0,10,selected_z,0.17648,0.8824,nan,1,5,0.17612134314294536
S3_transport,F,7,8,1,0,MODEL_INADEQUATE,diagnostic,optimized,160.0,0.5,1.0,1.0,10,selected_z,0.1706,0.853,nan,1,6,0.15738293223417799
S3_transport,F,7,8,1,0,MODEL_INADEQUATE,diagnostic,optimized,160.0,0.5,1.0,1.0,10,selected_z,0.16472,0.8236,nan,1,7,0.14154395335261682
S3_transport,F,7,8,1,0,MODEL_INADEQUATE,diagnostic,optimized,160.0,0.5,1.0,1.0,10,selected_z,0.15884,0.7942,nan,1,8,0.12788278606829806
S3_transport,F,7,8,1,0,MODEL_INADEQUATE,diagnostic,optimized,160.0,0.5,1.0,1.0,10,selected_z,0.04124,0.2062,nan,1,9,0.12257346380314971
S3_transport,F,7,8,1,0,MODEL_INADEQUATE,diagnostic,optimized,160.0,0.5,1.0,1.0,10,selected_z,0.15295999999999998,0.7647999999999999,nan,1,10,0.11581191643429634
S3_transport,F,7,8,1,0,MODEL_INADEQUATE,diagnostic,optimized,160.0,0.5,1.0,1.0,10,final_z,0.04124,0.2062,nan,1,-1,nan
S3_transport,F,7,8,1,0,MODEL_INADEQUATE,diagnostic,optimized,160.0,0.5,1.0,1.0,10,final_z,0.15687999999999996,0.7843999999999998,nan,1,-1,nan
S3_transport,F,7,8,1,0,MODEL_INADEQUATE,diagnostic,optimized,160.0,0.5,1.0,1.0,10,final_z,0.16276,0.8137999999999999,nan,1,-1,nan
S3_transport,F,7,8,1,0,MODEL_INADEQUATE,diagnostic,optimized,160.0,0.5,1.0,1.0,10,final_z,0.16863999999999998,0.8431999999999998,nan,1,-1,nan
S3_transport,F,7,8,1,0,MODEL_INADEQUATE,diagnostic,optimized,160.0,0.5,1.0,1.0,10,final_z,0.17451999999999998,0.8725999999999998,nan,1,-1,nan
S3_transport,F,7,8,1,0,MODEL_INADEQUATE,diagnostic,optimized,160.0,0.5,1.0,1.0,10,final_z,0.18039999999999998,0.9019999999999998,nan,1,-1,nan
S3_transport,F,7,8,1,0,MODEL_INADEQUATE,diagnostic,optimized,160.0,0.5,1.0,1.0,10,final_z,0.18627999999999997,0.9313999999999998,nan,1,-1,nan
S3_transport,F,7,8,1,0,MODEL_INADEQUATE,diagnostic,optimized,160.0,0.5,1.0,1.0,10,final_z,0.191376,0.95688,nan,1,-1,nan
S3_transport,F,7,8,1,0,MODEL_INADEQUATE,diagnostic,optimized,160.0,0.5,1.0,1.0,10,final_z,0.19568799999999997,0.9784399999999999,nan,1,-1,nan
S3_transport,F,7,8,1,0,MODEL_INADEQUATE,diagnostic,optimized,160.0,0.5,1.0,1.0,10,final_z,0.2,1.0,nan,1,-1,nan
S3_transport,F,7,8,2,1,MODEL_INADEQUATE,diagnostic,optimized,150.0,0.5,1.0,1.0,10,candidate_z,0.004,0.02,0.003056057766393394,0,-1,nan
S3_transport,F,7,8,2,1,MODEL_INADEQUATE,diagnostic,optimized,150.0,0.5,1.0,1.0,10,candidate_z,0.00596,0.0298,0.0063190514160638145,0,-1,nan
S3_transport,F,7,8,2,1,MODEL_INADEQUATE,diagnostic,optimized,150.0,0.5,1.0,1.0,10,candidate_z,0.00792,0.039599999999999996,0.010361284252532243,0,-1,nan
S3_transport,F,7,8,2,1,MODEL_INADEQUATE,diagnostic,optimized,150.0,0.5,1.0,1.0,10,candidate_z,0.00988,0.0494,0.014968477414065262,0,-1,nan
S3_transport,F,7,8,2,1,MODEL_INADEQUATE,diagnostic,optimized,150.0,0.5,1.0,1.0,10,candidate_z,0.01184,0.059199999999999996,0.019968670939569222,0,-1,nan
S3_transport,F,7,8,2,1,MODEL_INADEQUATE,diagnostic,optimized,150.0,0.5,1.0,1.0,10,candidate_z,0.0138,0.06899999999999999,0.025227936706713194,0,-1,nan
S3_transport,F,7,8,2,1,MODEL_INADEQUATE,diagnostic,optimized,150.0,0.5,1.0,1.0,10,candidate_z,0.01576,0.0788,0.030646363121960007,0,-1,nan
S3_transport,F,7,8,2,1,MODEL_INADEQUATE,diagnostic,optimized,150.0,0.5,1.0,1.0,10,candidate_z,0.01772,0.0886,0.03615102200287623,0,-1,nan
S3_transport,F,7,8,2,1,MODEL_INADEQUATE,diagnostic,optimized,150.0,0.5,1.0,1.0,10,candidate_z,0.01968,0.09839999999999999,0.04168719663527298,0,-1,nan
S3_transport,F,7,8,2,1,MODEL_INADEQUATE,diagnostic,optimized,150.0,0.5,1.0,1.0,10,candidate_z,0.02164,0.10819999999999999,0.047209717475929835,0,-1,nan
S3_transport,F,7,8,2,1,MODEL_INADEQUATE,diagnostic,optimized,150.0,0.5,1.0,1.0,10,candidate_z,0.0236,0.118,0.05267529688381245,0,-1,nan
S3_transport,F,7,8,2,1,MODEL_INADEQUATE,diagnostic,optimized,150.0,0.5,1.0,1.0,10,candidate_z,0.02556,0.1278,0.058037575303089284,0,-1,nan
S3_transport,F,7,8,2,1,MODEL_INADEQUATE,diagnostic,optimized,150.0,0.5,1.0,1.0,10,candidate_z,0.02752,0.1376,0.06324472236888568,0,-1,nan
S3_transport,F,7,8,2,1,MODEL_INADEQUATE,diagnostic,optimized,150.0,0.5,1.0,1.0,10,candidate_z,0.02948,0.14739999999999998,0.06823956991582492,0,-1,nan
S3_transport,F,7,8,2,1,MODEL_INADEQUATE,diagnostic,optimized,150.0,0.5,1.0,1.0,10,candidate_z,0.031439999999999996,0.15719999999999998,0.07296167147153909,0,-1,nan
S3_transport,F,7,8,2,1,MODEL_INADEQUATE,diagnostic,optimized,150.0,0.5,1.0,1.0,10,candidate_z,0.0334,0.16699999999999998,0.07735055058995499,0,-1,nan
S3_transport,F,7,8,2,1,MODEL_INADEQUATE,diagnostic,optimized,150.0,0.5,1.0,1.0,10,candidate_z,0.03536,0.1768,0.08134940419260772,0,-1,nan
S3_transport,F,7,8,2,1,MODEL_INADEQUATE,diagnostic,optimized,150.0,0.5,1.0,1.0,10,candidate_z,0.037320000000000006,0.18660000000000002,0.08490863282939642,0,-1,nan
S3_transport,F,7,8,2,1,MODEL_INADEQUATE,diagnostic,optimized,150.0,0.5,1.0,1.0,10,candidate_z,0.039279999999999995,0.19639999999999996,0.08798874419117908,0,-1,nan
S3_transport,F,7,8,2,1,MODEL_INADEQUATE,diagnostic,optimized,150.0,0.5,1.0,1.0,10,candidate_z,0.04124,0.2062,0.09056237761486585,0,-1,nan
S3_transport,F,7,8,2,1,MODEL_INADEQUATE,diagnostic,optimized,150.0,0.5,1.0,1.0,10,candidate_z,0.0432,0.216,0.09261537479304849,0,-1,nan
S3_transport,F,7,8,2,1,MODEL_INADEQUATE,diagnostic,optimized,150.0,0.5,1.0,1.0,10,candidate_z,0.045160000000000006,0.22580000000000003,0.0941469261840453,0,-1,nan
S3_transport,F,7,8,2,1,MODEL_INADEQUATE,diagnostic,optimized,150.0,0.5,1.0,1.0,10,candidate_z,0.047119999999999995,0.23559999999999998,0.09516897844628858,0,-1,nan
S3_transport,F,7,8,2,1,MODEL_INADEQUATE,diagnostic,optimized,150.0,0.5,1.0,1.0,10,candidate_z,0.04908,0.24539999999999998,0.09570503616888715,0,-1,nan
S3_transport,F,7,8,2,1,MODEL_INADEQUATE,diagnostic,optimized,150.0,0.5,1.0,1.0,10,candidate_z,0.05104,0.2552,0.09578858481074093,0,-1,nan
S3_transport,F,7,8,2,1,MODEL_INADEQUATE,diagnostic,optimized,150.0,0.5,1.0,1.0,10,candidate_z,0.053000000000000005,0.265,0.0954612843524032,1,-1,nan
S3_transport,F,7,8,2,1,MODEL_INADEQUATE,diagnostic,optimized,150.0,0.5,1.0,1.0,10,candidate_z,0.054959999999999995,0.27479999999999993,0.09477109546892848,0,-1,nan
S3_transport,F,7,8,2,1,MODEL_INADEQUATE,diagnostic,optimized,150.0,0.5,1.0,1.0,10,candidate_z,0.05692,0.28459999999999996,0.09377043833409715,0,-1,nan
S3_transport,F,7,8,2,1,MODEL_INADEQUATE,diagnostic,optimized,150.0,0.5,1.0,1.0,10,candidate_z,0.05888,0.2944,0.09251446842068134,0,-1,nan
S3_transport,F,7,8,2,1,MODEL_INADEQUATE,diagnostic,optimized,150.0,0.5,1.0,1.0,10,candidate_z,0.060840000000000005,0.3042,0.09105952128228267,0,-1,nan
S3_transport,F,7,8,2,1,MODEL_INADEQUATE,diagnostic,optimized,150.0,0.5,1.0,1.0,10,candidate_z,0.0628,0.31399999999999995,0.08946174465739887,0,-1,nan
S3_transport,F,7,8,2,1,MODEL_INADEQUATE,diagnostic,optimized,150.0,0.5,1.0,1.0,10,candidate_z,0.06476,0.3238,0.08777594590464588,0,-1,nan
S3_transport,F,7,8,2,1,MODEL_INADEQUATE,diagnostic,optimized,150.0,0.5,1.0,1.0,10,candidate_z,0.06672,0.3336,0.08605462937494934,0,-1,nan
S3_transport,F,7,8,2,1,MODEL_INADEQUATE,diagnostic,optimized,150.0,0.5,1.0,1.0,10,candidate_z,0.06868,0.3434,0.08434724038310293,0,-1,nan
S3_transport,F,7,8,2,1,MODEL_INADEQUATE,diagnostic,optimized,150.0,0.5,1.0,1.0,10,candidate_z,0.07064000000000001,0.3532,0.08269957726171384,0,-1,nan
S3_transport,F,7,8,2,1,MODEL_INADEQUATE,diagnostic,optimized,150.0,0.5,1.0,1.0,10,candidate_z,0.0726,0.363,0.08115338448321552,0,-1,nan
S3_transport,F,7,8,2,1,MODEL_INADEQUATE,diagnostic,optimized,150.0,0.5,1.0,1.0,10,candidate_z,0.07456,0.37279999999999996,0.07974605997573292,0,-1,nan
S3_transport,F,7,8,2,1,MODEL_INADEQUATE,diagnostic,optimized,150.0,0.5,1.0,1.0,10,candidate_z,0.07652,0.3826,0.07851048630158886,0,-1,nan
S3_transport,F,7,8,2,1,MODEL_INADEQUATE,diagnostic,optimized,150.0,0.5,1.0,1.0,10,candidate_z,0.07848,0.39239999999999997,0.07747502736518896,0,-1,nan
S3_transport,F,7,8,2,1,MODEL_INADEQUATE,diagnostic,optimized,150.0,0.5,1.0,1.0,10,candidate_z,0.08044,0.40219999999999995,0.07666355316079176,0,-1,nan
S3_transport,F,7,8,2,1,MODEL_INADEQUATE,diagnostic,optimized,150.0,0.5,1.0,1.0,10,candidate_z,0.0824,0.412,0.07609557375808862,0,-1,nan
S3_transport,F,7,8,2,1,MODEL_INADEQUATE,diagnostic,optimized,150.0,0.5,1.0,1.0,10,candidate_z,0.08436,0.4218,0.07578638988285746,0,-1,nan
S3_transport,F,7,8,2,1,MODEL_INADEQUATE,diagnostic,optimized,150.0,0.5,1.0,1.0,10,candidate_z,0.08632000000000001,0.43160000000000004,0.07574735312471148,0,-1,nan
S3_transport,F,7,8,2,1,MODEL_INADEQUATE,diagnostic,optimized,150.0,0.5,1.0,1.0,10,candidate_z,0.08828,0.44139999999999996,0.07598613087042594,0,-1,nan
S3_transport,F,7,8,2,1,MODEL_INADEQUATE,diagnostic,optimized,150.0,0.5,1.0,1.0,10,candidate_z,0.09024,0.4512,0.07650697501041748,0,-1,nan
S3_transport,F,7,8,2,1,MODEL_INADEQUATE,diagnostic,optimized,150.0,0.5,1.0,1.0,10,candidate_z,0.0922,0.461,0.07731104723472271,0,-1,nan
S3_transport,F,7,8,2,1,MODEL_INADEQUATE,diagnostic,optimized,150.0,0.5,1.0,1.0,10,candidate_z,0.09416,0.47079999999999994,0.07839672751817517,0,-1,nan
S3_transport,F,7,8,2,1,MODEL_INADEQUATE,diagnostic,optimized,150.0,0.5,1.0,1.0,10,candidate_z,0.09612,0.48059999999999997,0.07975992678855448,0,-1,nan
S3_transport,F,7,8,2,1,MODEL_INADEQUATE,diagnostic,optimized,150.0,0.5,1.0,1.0,10,candidate_z,0.09808,0.4904,0.08139440028563882,0,-1,nan
S3_transport,F,7,8,2,1,MODEL_INADEQUATE,diagnostic,optimized,150.0,0.5,1.0,1.0,10,candidate_z,0.10004,0.5002,0.08329204607850471,0,-1,nan
S3_transport,F,7,8,2,1,MODEL_INADEQUATE,diagnostic,optimized,150.0,0.5,1.0,1.0,10,candidate_z,0.10200000000000001,0.51,0.0854431920382055,0,-1,nan
S3_transport,F,7,8,2,1,MODEL_INADEQUATE,diagnostic,optimized,150.0,0.5,1.0,1.0,10,candidate_z,0.10396,0.5197999999999999,0.08783557844644463,0,-1,nan
S3_transport,F,7,8,2,1,MODEL_INADEQUATE,diagnostic,optimized,150.0,0.5,1.0,1.0,10,candidate_z,0.10592,0.5296,0.09045841479458971,0,-1,nan
S3_transport,F,7,8,2,1,MODEL_INADEQUATE,diagnostic,optimized,150.0,0.5,1.0,1.0,10,candidate_z,0.10788,0.5394,0.09329883994752208,0,-1,nan
S3_transport,F,7,8,2,1,MODEL_INADEQUATE,diagnostic,optimized,150.0,0.5,1.0,1.0,10,candidate_z,0.10984,0.5491999999999999,0.09634339453716478,0,-1,nan
S3_transport,F,7,8,2,1,MODEL_INADEQUATE,diagnostic,optimized,150.0,0.5,1.0,1.0,10,candidate_z,0.1118,0.5589999999999999,0.09957821310152326,0,-1,nan
S3_transport,F,7,8,2,1,MODEL_INADEQUATE,diagnostic,optimized,150.0,0.5,1.0,1.0,10,candidate_z,0.11376,0.5688,0.10298919670809425,0,-1,nan
S3_transport,F,7,8,2,1,MODEL_INADEQUATE,diagnostic,optimized,150.0,0.5,1.0,1.0,10,candidate_z,0.11572,0.5786,0.10656215151266224,0,-1,nan
S3_transport,F,7,8,2,1,MODEL_INADEQUATE,diagnostic,optimized,150.0,0.5,1.0,1.0,10,candidate_z,0.11768,0.5884,0.11028293534703693,0,-1,nan
S3_transport,F,7,8,2,1,MODEL_INADEQUATE,diagnostic,optimized,150.0,0.5,1.0,1.0,10,candidate_z,0.11964,0.5982,0.11413756753741922,0,-1,nan
S3_transport,F,7,8,2,1,MODEL_INADEQUATE,diagnostic,optimized,150.0,0.5,1.0,1.0,10,candidate_z,0.1216,0.608,0.11811231344100293,0,-1,nan
S3_transport,F,7,8,2,1,MODEL_INADEQUATE,diagnostic,optimized,150.0,0.5,1.0,1.0,10,candidate_z,0.12356,0.6178,0.12219376662437753,0,-1,nan
S3_transport,F,7,8,2,1,MODEL_INADEQUATE,diagnostic,optimized,150.0,0.5,1.0,1.0,10,candidate_z,0.12552,0.6275999999999999,0.12636893308850716,0,-1,nan
S3_transport,F,7,8,2,1,MODEL_INADEQUATE,diagnostic,optimized,150.0,0.5,1.0,1.0,10,candidate_z,0.12747999999999998,0.6373999999999999,0.1306252715623586,0,-1,nan
S3_transport,F,7,8,2,1,MODEL_INADEQUATE,diagnostic,optimized,150.0,0.5,1.0,1.0,10,candidate_z,0.12944,0.6472,0.1349507224874813,0,-1,nan
S3_transport,F,7,8,2,1,MODEL_INADEQUATE,diagnostic,optimized,150.0,0.5,1.0,1.0,10,candidate_z,0.1314,0.6569999999999999,0.139333766966665,0,-1,nan
S3_transport,F,7,8,2,1,MODEL_INADEQUATE,diagnostic,optimized,150.0,0.5,1.0,1.0,10,candidate_z,0.13336,0.6668,0.1437634415407203,0,-1,nan
S3_transport,F,7,8,2,1,MODEL_INADEQUATE,diagnostic,optimized,150.0,0.5,1.0,1.0,10,candidate_z,0.13532,0.6766,0.14822932766234942,0,-1,nan
S3_transport,F,7,8,2,1,MODEL_INADEQUATE,diagnostic,optimized,150.0,0.5,1.0,1.0,10,candidate_z,0.13728,0.6864,0.15272159081172987,0,-1,nan
S3_transport,F,7,8,2,1,MODEL_INADEQUATE,diagnostic,optimized,150.0,0.5,1.0,1.0,10,candidate_z,0.13924,0.6961999999999999,0.15723097943859443,0,-1,nan
S3_transport,F,7,8,2,1,MODEL_INADEQUATE,diagnostic,optimized,150.0,0.5,1.0,1.0,10,candidate_z,0.1412,0.706,0.16174880007226022,0,-1,nan
S3_transport,F,7,8,2,1,MODEL_INADEQUATE,diagnostic,optimized,150.0,0.5,1.0,1.0,10,candidate_z,0.14316,0.7158,0.16626692269525023,0,-1,nan
S3_transport,F,7,8,2,1,MODEL_INADEQUATE,diagnostic,optimized,150.0,0.5,1.0,1.0,10,candidate_z,0.14512,0.7255999999999999,0.17077778004371424,0,-1,nan
S3_transport,F,7,8,2,1,MODEL_INADEQUATE,diagnostic,optimized,150.0,0.5,1.0,1.0,10,candidate_z,0.14708,0.7353999999999999,0.17527434199063663,0,-1,nan
S3_transport,F,7,8,2,1,MODEL_INADEQUATE,diagnostic,optimized,150.0,0.5,1.0,1.0,10,candidate_z,0.14904,0.7452,0.17975009303948042,0,-1,nan
S3_transport,F,7,8,2,1,MODEL_INADEQUATE,diagnostic,optimized,150.0,0.5,1.0,1.0,10,candidate_z,0.151,0.7549999999999999,0.18419902994687476,0,-1,nan
S3_transport,F,7,8,2,1,MODEL_INADEQUATE,diagnostic,optimized,150.0,0.5,1.0,1.0,10,candidate_z,0.15295999999999998,0.7647999999999999,0.1886156424640575,1,-1,nan
S3_transport,F,7,8,2,1,MODEL_INADEQUATE,diagnostic,optimized,150.0,0.5,1.0,1.0,10,candidate_z,0.15492,0.7746,0.1929948744809522,0,-1,nan
S3_transport,F,7,8,2,1,MODEL_INADEQUATE,diagnostic,optimized,150.0,0.5,1.0,1.0,10,candidate_z,0.15688,0.7843999999999999,0.19733211669190354,0,-1,nan
S3_transport,F,7,8,2,1,MODEL_INADEQUATE,diagnostic,optimized,150.0,0.5,1.0,1.0,10,candidate_z,0.15884,0.7942,0.2016231964447286,1,-1,nan
S3_transport,F,7,8,2,1,MODEL_INADEQUATE,diagnostic,optimized,150.0,0.5,1.0,1.0,10,candidate_z,0.1608,0.8039999999999999,0.20586433373576796,0,-1,nan
S3_transport,F,7,8,2,1,MODEL_INADEQUATE,diagnostic,optimized,150.0,0.5,1.0,1.0,10,candidate_z,0.16276,0.8137999999999999,0.2100521268004556,0,-1,nan
S3_transport,F,7,8,2,1,MODEL_INADEQUATE,diagnostic,optimized,150.0,0.5,1.0,1.0,10,candidate_z,0.16472,0.8236,0.21418354742795032,1,-1,nan
S3_transport,F,7,8,2,1,MODEL_INADEQUATE,diagnostic,optimized,150.0,0.5,1.0,1.0,10,candidate_z,0.16668,0.8333999999999999,0.21825590263377848,0,-1,nan
S3_transport,F,7,8,2,1,MODEL_INADEQUATE,diagnostic,optimized,150.0,0.5,1.0,1.0,10,candidate_z,0.16864,0.8432000000000001,0.222266813816411,0,-1,nan
S3_transport,F,7,8,2,1,MODEL_INADEQUATE,diagnostic,optimized,150.0,0.5,1.0,1.0,10,candidate_z,0.1706,0.853,0.2262142080147953,1,-1,nan
S3_transport,F,7,8,2,1,MODEL_INADEQUATE,diagnostic,optimized,150.0,0.5,1.0,1.0,10,candidate_z,0.17256,0.8627999999999999,0.23009629796128905,0,-1,nan
S3_transport,F,7,8,2,1,MODEL_INADEQUATE,diagnostic,optimized,150.0,0.5,1.0,1.0,10,candidate_z,0.17452,0.8726,0.23391155341434455,0,-1,nan
S3_transport,F,7,8,2,1,MODEL_INADEQUATE,diagnostic,optimized,150.0,0.5,1.0,1.0,10,candidate_z,0.17648,0.8824,0.2376586876199056,1,-1,nan
S3_transport,F,7,8,2,1,MODEL_INADEQUATE,diagnostic,optimized,150.0,0.5,1.0,1.0,10,candidate_z,0.17844,0.8921999999999999,0.24133665194349163,0,-1,nan
S3_transport,F,7,8,2,1,MODEL_INADEQUATE,diagnostic,optimized,150.0,0.5,1.0,1.0,10,candidate_z,0.1804,0.902,0.2449446056938953,0,-1,nan
S3_transport,F,7,8,2,1,MODEL_INADEQUATE,diagnostic,optimized,150.0,0.5,1.0,1.0,10,candidate_z,0.18236,0.9117999999999999,0.2484818989381452,1,-1,nan
S3_transport,F,7,8,2,1,MODEL_INADEQUATE,diagnostic,optimized,150.0,0.5,1.0,1.0,10,candidate_z,0.18431999999999998,0.9215999999999999,0.25194807503375216,0,-1,nan
S3_transport,F,7,8,2,1,MODEL_INADEQUATE,diagnostic,optimized,150.0,0.5,1.0,1.0,10,candidate_z,0.18628,0.9314,0.2553428432061935,0,-1,nan
S3_transport,F,7,8,2,1,MODEL_INADEQUATE,diagnostic,optimized,150.0,0.5,1.0,1.0,10,candidate_z,0.18824,0.9411999999999999,0.25866606060973396,1,-1,nan
S3_transport,F,7,8,2,1,MODEL_INADEQUATE,diagnostic,optimized,150.0,0.5,1.0,1.0,10,candidate_z,0.1902,0.951,0.26191773585149747,0,-1,nan
S3_transport,F,7,8,2,1,MODEL_INADEQUATE,diagnostic,optimized,150.0,0.5,1.0,1.0,10,candidate_z,0.19216,0.9608,0.26509800867480493,0,-1,nan
S3_transport,F,7,8,2,1,MODEL_INADEQUATE,diagnostic,optimized,150.0,0.5,1.0,1.0,10,candidate_z,0.19412,0.9705999999999999,0.26820713412792685,1,-1,nan
S3_transport,F,7,8,2,1,MODEL_INADEQUATE,diagnostic,optimized,150.0,0.5,1.0,1.0,10,candidate_z,0.19608,0.9803999999999999,0.2712454748445978,0,-1,nan
S3_transport,F,7,8,2,1,MODEL_INADEQUATE,diagnostic,optimized,150.0,0.5,1.0,1.0,10,candidate_z,0.19804,0.9902,0.274213501562663,0,-1,nan
S3_transport,F,7,8,2,1,MODEL_INADEQUATE,diagnostic,optimized,150.0,0.5,1.0,1.0,10,candidate_z,0.2,1.0,0.2771117733112263,1,-1,nan
S3_transport,F,7,8,2,1,MODEL_INADEQUATE,diagnostic,optimized,150.0,0.5,1.0,1.0,10,selected_z,0.2,1.0,nan,1,1,0.2771117733112263
S3_transport,F,7,8,2,1,MODEL_INADEQUATE,diagnostic,optimized,150.0,0.5,1.0,1.0,10,selected_z,0.19412,0.9705999999999999,nan,1,2,0.2347110353367512
S3_transport,F,7,8,2,1,MODEL_INADEQUATE,diagnostic,optimized,150.0,0.5,1.0,1.0,10,selected_z,0.18824,0.9411999999999999,nan,1,3,0.20219627251082528
S3_transport,F,7,8,2,1,MODEL_INADEQUATE,diagnostic,optimized,150.0,0.5,1.0,1.0,10,selected_z,0.18236,0.9117999999999999,nan,1,4,0.17625840315648134
S3_transport,F,7,8,2,1,MODEL_INADEQUATE,diagnostic,optimized,150.0,0.5,1.0,1.0,10,selected_z,0.17648,0.8824,nan,1,5,0.15493918624450487
S3_transport,F,7,8,2,1,MODEL_INADEQUATE,diagnostic,optimized,150.0,0.5,1.0,1.0,10,selected_z,0.1706,0.853,nan,1,6,0.13700837455239423
S3_transport,F,7,8,2,1,MODEL_INADEQUATE,diagnostic,optimized,150.0,0.5,1.0,1.0,10,selected_z,0.16472,0.8236,nan,1,7,0.12166117244547081
S3_transport,F,7,8,2,1,MODEL_INADEQUATE,diagnostic,optimized,150.0,0.5,1.0,1.0,10,selected_z,0.15884,0.7942,nan,1,8,0.10835874629223241
S3_transport,F,7,8,2,1,MODEL_INADEQUATE,diagnostic,optimized,150.0,0.5,1.0,1.0,10,selected_z,0.15295999999999998,0.7647999999999999,nan,1,9,0.09673878041062522
S3_transport,F,7,8,2,1,MODEL_INADEQUATE,diagnostic,optimized,150.0,0.5,1.0,1.0,10,selected_z,0.053000000000000005,0.265,nan,1,10,0.09317688528017953
S3_transport,F,7,8,2,1,MODEL_INADEQUATE,diagnostic,optimized,150.0,0.5,1.0,1.0,10,final_z,0.053000000000000005,0.265,nan,1,-1,nan
S3_transport,F,7,8,2,1,MODEL_INADEQUATE,diagnostic,optimized,150.0,0.5,1.0,1.0,10,final_z,0.15687999999999996,0.7843999999999998,nan,1,-1,nan
S3_transport,F,7,8,2,1,MODEL_INADEQUATE,diagnostic,optimized,150.0,0.5,1.0,1.0,10,final_z,0.16276,0.8137999999999999,nan,1,-1,nan
S3_transport,F,7,8,2,1,MODEL_INADEQUATE,diagnostic,optimized,150.0,0.5,1.0,1.0,10,final_z,0.16863999999999998,0.8431999999999998,nan,1,-1,nan
S3_transport,F,7,8,2,1,MODEL_INADEQUATE,diagnostic,optimized,150.0,0.5,1.0,1.0,10,final_z,0.17451999999999998,0.8725999999999998,nan,1,-1,nan
S3_transport,F,7,8,2,1,MODEL_INADEQUATE,diagnostic,optimized,150.0,0.5,1.0,1.0,10,final_z,0.18039999999999998,0.9019999999999998,nan,1,-1,nan
S3_transport,F,7,8,2,1,MODEL_INADEQUATE,diagnostic,optimized,150.0,0.5,1.0,1.0,10,final_z,0.18627999999999997,0.9313999999999998,nan,1,-1,nan
S3_transport,F,7,8,2,1,MODEL_INADEQUATE,diagnostic,optimized,150.0,0.5,1.0,1.0,10,final_z,0.191376,0.95688,nan,1,-1,nan
S3_transport,F,7,8,2,1,MODEL_INADEQUATE,diagnostic,optimized,150.0,0.5,1.0,1.0,10,final_z,0.19568799999999997,0.9784399999999999,nan,1,-1,nan
S3_transport,F,7,8,2,1,MODEL_INADEQUATE,diagnostic,optimized,150.0,0.5,1.0,1.0,10,final_z,0.2,1.0,nan,1,-1,nan
S3_transport,F,7,8,3,0,MODEL_INADEQUATE,diagnostic,optimized,140.0,0.5,1.0,1.0,10,candidate_z,0.004,0.02,0.0015285526292103668,0,-1,nan
S3_transport,F,7,8,3,0,MODEL_INADEQUATE,diagnostic,optimized,140.0,0.5,1.0,1.0,10,candidate_z,0.00596,0.0298,0.0031946294029410183,0,-1,nan
S3_transport,F,7,8,3,0,MODEL_INADEQUATE,diagnostic,optimized,140.0,0.5,1.0,1.0,10,candidate_z,0.00792,0.039599999999999996,0.005308640883804117,0,-1,nan
S3_transport,F,7,8,3,0,MODEL_INADEQUATE,diagnostic,optimized,140.0,0.5,1.0,1.0,10,candidate_z,0.00988,0.0494,0.007776077490802891,0,-1,nan
S3_transport,F,7,8,3,0,MODEL_INADEQUATE,diagnostic,optimized,140.0,0.5,1.0,1.0,10,candidate_z,0.01184,0.059199999999999996,0.010517059974347376,0,-1,nan
S3_transport,F,7,8,3,0,MODEL_INADEQUATE,diagnostic,optimized,140.0,0.5,1.0,1.0,10,candidate_z,0.0138,0.06899999999999999,0.013463781805867825,0,-1,nan
S3_transport,F,7,8,3,0,MODEL_INADEQUATE,diagnostic,optimized,140.0,0.5,1.0,1.0,10,candidate_z,0.01576,0.0788,0.01655959133616136,0,-1,nan
S3_transport,F,7,8,3,0,MODEL_INADEQUATE,diagnostic,optimized,140.0,0.5,1.0,1.0,10,candidate_z,0.01772,0.0886,0.01975848573063388,0,-1,nan
S3_transport,F,7,8,3,0,MODEL_INADEQUATE,diagnostic,optimized,140.0,0.5,1.0,1.0,10,candidate_z,0.01968,0.09839999999999999,0.0230242309004538,0,-1,nan
S3_transport,F,7,8,3,0,MODEL_INADEQUATE,diagnostic,optimized,140.0,0.5,1.0,1.0,10,candidate_z,0.02164,0.10819999999999999,0.026328976047309993,0,-1,nan
S3_transport,F,7,8,3,0,MODEL_INADEQUATE,diagnostic,optimized,140.0,0.5,1.0,1.0,10,candidate_z,0.0236,0.118,0.02965147573043936,0,-1,nan
S3_transport,F,7,8,3,0,MODEL_INADEQUATE,diagnostic,optimized,140.0,0.5,1.0,1.0,10,candidate_z,0.02556,0.1278,0.03297519802505633,0,-1,nan
S3_transport,F,7,8,3,0,MODEL_INADEQUATE,diagnostic,optimized,140.0,0.5,1.0,1.0,10,candidate_z,0.02752,0.1376,0.03628646067669905,0,-1,nan
S3_transport,F,7,8,3,0,MODEL_INADEQUATE,diagnostic,optimized,140.0,0.5,1.0,1.0,10,candidate_z,0.02948,0.14739999999999998,0.03957244191727227,0,-1,nan
S3_transport,F,7,8,3,0,MODEL_INADEQUATE,diagnostic,optimized,140.0,0.5,1.0,1.0,10,candidate_z,0.031439999999999996,0.15719999999999998,0.04282038970972479,0,-1,nan
S3_transport,F,7,8,3,0,MODEL_INADEQUATE,diagnostic,optimized,140.0,0.5,1.0,1.0,10,candidate_z,0.0334,0.16699999999999998,0.046016260216092064,0,-1,nan
S3_transport,F,7,8,3,0,MODEL_INADEQUATE,diagnostic,optimized,140.0,0.5,1.0,1.0,10,candidate_z,0.03536,0.1768,0.04914443034356708,0,-1,nan
S3_transport,F,7,8,3,0,MODEL_INADEQUATE,diagnostic,optimized,140.0,0.5,1.0,1.0,10,candidate_z,0.037320000000000006,0.18660000000000002,0.0521875836692729,0,-1,nan
S3_transport,F,7,8,3,0,MODEL_INADEQUATE,diagnostic,optimized,140.0,0.5,1.0,1.0,10,candidate_z,0.039279999999999995,0.19639999999999996,0.055126963789057015,0,-1,nan
S3_transport,F,7,8,3,0,MODEL_INADEQUATE,diagnostic,optimized,140.0,0.5,1.0,1.0,10,candidate_z,0.04124,0.2062,0.05794289224262883,0,-1,nan
S3_transport,F,7,8,3,0,MODEL_INADEQUATE,diagnostic,optimized,140.0,0.5,1.0,1.0,10,candidate_z,0.0432,0.216,0.06061545192319784,0,-1,nan
S3_transport,F,7,8,3,0,MODEL_INADEQUATE,diagnostic,optimized,140.0,0.5,1.0,1.0,10,candidate_z,0.045160000000000006,0.22580000000000003,0.06312525826780302,0,-1,nan
S3_transport,F,7,8,3,0,MODEL_INADEQUATE,diagnostic,optimized,140.0,0.5,1.0,1.0,10,candidate_z,0.047119999999999995,0.23559999999999998,0.06545423388440952,0,-1,nan
S3_transport,F,7,8,3,0,MODEL_INADEQUATE,diagnostic,optimized,140.0,0.5,1.0,1.0,10,candidate_z,0.04908,0.24539999999999998,0.06758632850392843,0,-1,nan
S3_transport,F,7,8,3,0,MODEL_INADEQUATE,diagnostic,optimized,140.0,0.5,1.0,1.0,10,candidate_z,0.05104,0.2552,0.06950813329314798,0,-1,nan
S3_transport,F,7,8,3,0,MODEL_INADEQUATE,diagnostic,optimized,140.0,0.5,1.0,1.0,10,candidate_z,0.053000000000000005,0.265,0.07120936190560911,0,-1,nan
S3_transport,F,7,8,3,0,MODEL_INADEQUATE,diagnostic,optimized,140.0,0.5,1.0,1.0,10,candidate_z,0.054959999999999995,0.27479999999999993,0.07268318168016918,0,-1,nan
S3_transport,F,7,8,3,0,MODEL_INADEQUATE,diagnostic,optimized,140.0,0.5,1.0,1.0,10,candidate_z,0.05692,0.28459999999999996,0.07392639654995747,0,-1,nan
S3_transport,F,7,8,3,0,MODEL_INADEQUATE,diagnostic,optimized,140.0,0.5,1.0,1.0,10,candidate_z,0.05888,0.2944,0.07493948707740827,0,-1,nan
S3_transport,F,7,8,3,0,MODEL_INADEQUATE,diagnostic,optimized,140.0,0.5,1.0,1.0,10,candidate_z,0.060840000000000005,0.3042,0.07572651691985754,0,-1,nan
S3_transport,F,7,8,3,0,MODEL_INADEQUATE,diagnostic,optimized,140.0,0.5,1.0,1.0,10,candidate_z,0.0628,0.31399999999999995,0.07629494524241665,1,-1,nan
S3_transport,F,7,8,3,0,MODEL_INADEQUATE,diagnostic,optimized,140.0,0.5,1.0,1.0,10,candidate_z,0.06476,0.3238,0.0766553541328463,0,-1,nan
S3_transport,F,7,8,3,0,MODEL_INADEQUATE,diagnostic,optimized,140.0,0.5,1.0,1.0,10,candidate_z,0.06672,0.3336,0.0768211001383392,0,-1,nan
S3_transport,F,7,8,3,0,MODEL_INADEQUATE,diagnostic,optimized,140.0,0.5,1.0,1.0,10,candidate_z,0.06868,0.3434,0.07680793976300038,1,-1,nan
S3_transport,F,7,8,3,0,MODEL_INADEQUATE,diagnostic,optimized,140.0,0.5,1.0,1.0,10,candidate_z,0.07064000000000001,0.3532,0.07663363127735323,0,-1,nan
S3_transport,F,7,8,3,0,MODEL_INADEQUATE,diagnostic,optimized,140.0,0.5,1.0,1.0,10,candidate_z,0.0726,0.363,0.07631751696974476,0,-1,nan
S3_transport,F,7,8,3,0,MODEL_INADEQUATE,diagnostic,optimized,140.0,0.5,1.0,1.0,10,candidate_z,0.07456,0.37279999999999996,0.07588012507062558,0,-1,nan
S3_transport,F,7,8,3,0,MODEL_INADEQUATE,diagnostic,optimized,140.0,0.5,1.0,1.0,10,candidate_z,0.07652,0.3826,0.07534278649370663,0,-1,nan
S3_transport,F,7,8,3,0,MODEL_INADEQUATE,diagnostic,optimized,140.0,0.5,1.0,1.0,10,candidate_z,0.07848,0.39239999999999997,0.07472726331331359,0,-1,nan
S3_transport,F,7,8,3,0,MODEL_INADEQUATE,diagnostic,optimized,140.0,0.5,1.0,1.0,10,candidate_z,0.08044,0.40219999999999995,0.07405542057451697,0,-1,nan
S3_transport,F,7,8,3,0,MODEL_INADEQUATE,diagnostic,optimized,140.0,0.5,1.0,1.0,10,candidate_z,0.0824,0.412,0.07334892727011777,0,-1,nan
S3_transport,F,7,8,3,0,MODEL_INADEQUATE,diagnostic,optimized,140.0,0.5,1.0,1.0,10,candidate_z,0.08436,0.4218,0.07262897983103755,0,-1,nan
S3_transport,F,7,8,3,0,MODEL_INADEQUATE,diagnostic,optimized,140.0,0.5,1.0,1.0,10,candidate_z,0.08632000000000001,0.43160000000000004,0.07191607794771215,0,-1,nan
S3_transport,F,7,8,3,0,MODEL_INADEQUATE,diagnostic,optimized,140.0,0.5,1.0,1.0,10,candidate_z,0.08828,0.44139999999999996,0.0712298272319174,0,-1,nan
S3_transport,F,7,8,3,0,MODEL_INADEQUATE,diagnostic,optimized,140.0,0.5,1.0,1.0,10,candidate_z,0.09024,0.4512,0.07058876349780263,0,-1,nan
S3_transport,F,7,8,3,0,MODEL_INADEQUATE,diagnostic,optimized,140.0,0.5,1.0,1.0,10,candidate_z,0.0922,0.461,0.07001023335144652,0,-1,nan
S3_transport,F,7,8,3,0,MODEL_INADEQUATE,diagnostic,optimized,140.0,0.5,1.0,1.0,10,candidate_z,0.09416,0.47079999999999994,0.06951028805281823,0,-1,nan
S3_transport,F,7,8,3,0,MODEL_INADEQUATE,diagnostic,optimized,140.0,0.5,1.0,1.0,10,candidate_z,0.09612,0.48059999999999997,0.06910359183719805,0,-1,nan
S3_transport,F,7,8,3,0,MODEL_INADEQUATE,diagnostic,optimized,140.0,0.5,1.0,1.0,10,candidate_z,0.09808,0.4904,0.06880340001423946,0,-1,nan
S3_transport,F,7,8,3,0,MODEL_INADEQUATE,diagnostic,optimized,140.0,0.5,1.0,1.0,10,candidate_z,0.10004,0.5002,0.06862151726347321,0,-1,nan
S3_transport,F,7,8,3,0,MODEL_INADEQUATE,diagnostic,optimized,140.0,0.5,1.0,1.0,10,candidate_z,0.10200000000000001,0.51,0.06856828997413089,0,-1,nan
S3_transport,F,7,8,3,0,MODEL_INADEQUATE,diagnostic,optimized,140.0,0.5,1.0,1.0,10,candidate_z,0.10396,0.5197999999999999,0.06865127413033889,0,-1,nan
S3_transport,F,7,8,3,0,MODEL_INADEQUATE,diagnostic,optimized,140.0,0.5,1.0,1.0,10,candidate_z,0.10592,0.5296,0.06887944742653218,0,-1,nan
S3_transport,F,7,8,3,0,MODEL_INADEQUATE,diagnostic,optimized,140.0,0.5,1.0,1.0,10,candidate_z,0.10788,0.5394,0.06925886389877434,0,-1,nan
S3_transport,F,7,8,3,0,MODEL_INADEQUATE,diagnostic,optimized,140.0,0.5,1.0,1.0,10,candidate_z,0.10984,0.5491999999999999,0.06979425352916024,0,-1,nan
S3_transport,F,7,8,3,0,MODEL_INADEQUATE,diagnostic,optimized,140.0,0.5,1.0,1.0,10,candidate_z,0.1118,0.5589999999999999,0.07048908788542718,0,-1,nan
S3_transport,F,7,8,3,0,MODEL_INADEQUATE,diagnostic,optimized,140.0,0.5,1.0,1.0,10,candidate_z,0.11376,0.5688,0.0713456249611184,0,-1,nan
S3_transport,F,7,8,3,0,MODEL_INADEQUATE,diagnostic,optimized,140.0,0.5,1.0,1.0,10,candidate_z,0.11572,0.5786,0.07236500187445927,0,-1,nan
S3_transport,F,7,8,3,0,MODEL_INADEQUATE,diagnostic,optimized,140.0,0.5,1.0,1.0,10,candidate_z,0.11768,0.5884,0.07354731427714967,0,-1,nan
S3_transport,F,7,8,3,0,MODEL_INADEQUATE,diagnostic,optimized,140.0,0.5,1.0,1.0,10,candidate_z,0.11964,0.5982,0.07489169296601972,0,-1,nan
S3_transport,F,7,8,3,0,MODEL_INADEQUATE,diagnostic,optimized,140.0,0.5,1.0,1.0,10,candidate_z,0.1216,0.608,0.07639638033327145,0,-1,nan
S3_transport,F,7,8,3,0,MODEL_INADEQUATE,diagnostic,optimized,140.0,0.5,1.0,1.0,10,candidate_z,0.12356,0.6178,0.07805881921430569,0,-1,nan
S3_transport,F,7,8,3,0,MODEL_INADEQUATE,diagnostic,optimized,140.0,0.5,1.0,1.0,10,candidate_z,0.12552,0.6275999999999999,0.07987573478172294,0,-1,nan
S3_transport,F,7,8,3,0,MODEL_INADEQUATE,diagnostic,optimized,140.0,0.5,1.0,1.0,10,candidate_z,0.12747999999999998,0.6373999999999999,0.0818432111562899,0,-1,nan
S3_transport,F,7,8,3,0,MODEL_INADEQUATE,diagnostic,optimized,140.0,0.5,1.0,1.0,10,candidate_z,0.12944,0.6472,0.0839567704448072,0,-1,nan
S3_transport,F,7,8,3,0,MODEL_INADEQUATE,diagnostic,optimized,140.0,0.5,1.0,1.0,10,candidate_z,0.1314,0.6569999999999999,0.08621144809627879,0,-1,nan
S3_transport,F,7,8,3,0,MODEL_INADEQUATE,diagnostic,optimized,140.0,0.5,1.0,1.0,10,candidate_z,0.13336,0.6668,0.08860186493775757,0,-1,nan
S3_transport,F,7,8,3,0,MODEL_INADEQUATE,diagnostic,optimized,140.0,0.5,1.0,1.0,10,candidate_z,0.13532,0.6766,0.09112229389155857,0,-1,nan
S3_transport,F,7,8,3,0,MODEL_INADEQUATE,diagnostic,optimized,140.0,0.5,1.0,1.0,10,candidate_z,0.13728,0.6864,0.09376672411247,0,-1,nan
S3_transport,F,7,8,3,0,MODEL_INADEQUATE,diagnostic,optimized,140.0,0.5,1.0,1.0,10,candidate_z,0.13924,0.6961999999999999,0.09652892076627495,0,-1,nan
S3_transport,F,7,8,3,0,MODEL_INADEQUATE,diagnostic,optimized,140.0,0.5,1.0,1.0,10,candidate_z,0.1412,0.706,0.099402479764656,0,-1,nan
S3_transport,F,7,8,3,0,MODEL_INADEQUATE,diagnostic,optimized,140.0,0.5,1.0,1.0,10,candidate_z,0.14316,0.7158,0.10238087865225509,0,-1,nan
S3_transport,F,7,8,3,0,MODEL_INADEQUATE,diagnostic,optimized,140.0,0.5,1.0,1.0,10,candidate_z,0.14512,0.7255999999999999,0.10545752361989713,0,-1,nan
S3_transport,F,7,8,3,0,MODEL_INADEQUATE,diagnostic,optimized,140.0,0.5,1.0,1.0,10,candidate_z,0.14708,0.7353999999999999,0.10862579138748885,0,-1,nan
S3_transport,F,7,8,3,0,MODEL_INADEQUATE,diagnostic,optimized,140.0,0.5,1.0,1.0,10,candidate_z,0.14904,0.7452,0.1118790666845868,0,-1,nan
S3_transport,F,7,8,3,0,MODEL_INADEQUATE,diagnostic,optimized,140.0,0.5,1.0,1.0,10,candidate_z,0.151,0.7549999999999999,0.11521077770035504,0,-1,nan
S3_transport,F,7,8,3,0,MODEL_INADEQUATE,diagnostic,optimized,140.0,0.5,1.0,1.0,10,candidate_z,0.15295999999999998,0.7647999999999999,0.11861442660377008,0,-1,nan
S3_transport,F,7,8,3,0,MODEL_INADEQUATE,diagnostic,optimized,140.0,0.5,1.0,1.0,10,candidate_z,0.15492,0.7746,0.12208361354989705,0,-1,nan
S3_transport,F,7,8,3,0,MODEL_INADEQUATE,diagnostic,optimized,140.0,0.5,1.0,1.0,10,candidate_z,0.15688,0.7843999999999999,0.1256120608890754,0,-1,nan
S3_transport,F,7,8,3,0,MODEL_INADEQUATE,diagnostic,optimized,140.0,0.5,1.0,1.0,10,candidate_z,0.15884,0.7942,0.12919363616622803,1,-1,nan
S3_transport,F,7,8,3,0,MODEL_INADEQUATE,diagnostic,optimized,140.0,0.5,1.0,1.0,10,candidate_z,0.1608,0.8039999999999999,0.13282236846576012,0,-1,nan
S3_transport,F,7,8,3,0,MODEL_INADEQUATE,diagnostic,optimized,140.0,0.5,1.0,1.0,10,candidate_z,0.16276,0.8137999999999999,0.13649246080166222,0,-1,nan
S3_transport,F,7,8,3,0,MODEL_INADEQUATE,diagnostic,optimized,140.0,0.5,1.0,1.0,10,candidate_z,0.16472,0.8236,0.1401982974476752,1,-1,nan
S3_transport,F,7,8,3,0,MODEL_INADEQUATE,diagnostic,optimized,140.0,0.5,1.0,1.0,10,candidate_z,0.16668,0.8333999999999999,0.14393445625828605,0,-1,nan
S3_transport,F,7,8,3,0,MODEL_INADEQUATE,diagnostic,optimized,140.0,0.5,1.0,1.0,10,candidate_z,0.16864,0.8432000000000001,0.14769572512066276,0,-1,nan
S3_transport,F,7,8,3,0,MODEL_INADEQUATE,diagnostic,optimized,140.0,0.5,1.0,1.0,10,candidate_z,0.1706,0.853,0.1514770981301723,1,-1,nan
S3_transport,F,7,8,3,0,MODEL_INADEQUATE,diagnostic,optimized,140.0,0.5,1.0,1.0,10,candidate_z,0.17256,0.8627999999999999,0.15527377822900945,0,-1,nan
S3_transport,F,7,8,3,0,MODEL_INADEQUATE,diagnostic,optimized,140.0,0.5,1.0,1.0,10,candidate_z,0.17452,0.8726,0.15908117575825287,0,-1,nan
S3_transport,F,7,8,3,0,MODEL_INADEQUATE,diagnostic,optimized,140.0,0.5,1.0,1.0,10,candidate_z,0.17648,0.8824,0.1628949231259611,1,-1,nan
S3_transport,F,7,8,3,0,MODEL_INADEQUATE,diagnostic,optimized,140.0,0.5,1.0,1.0,10,candidate_z,0.17844,0.8921999999999999,0.1667108662300265,0,-1,nan
S3_transport,F,7,8,3,0,MODEL_INADEQUATE,diagnostic,optimized,140.0,0.5,1.0,1.0,10,candidate_z,0.1804,0.902,0.17052506226585962,0,-1,nan
S3_transport,F,7,8,3,0,MODEL_INADEQUATE,diagnostic,optimized,140.0,0.5,1.0,1.0,10,candidate_z,0.18236,0.9117999999999999,0.17433377276300632,1,-1,nan
S3_transport,F,7,8,3,0,MODEL_INADEQUATE,diagnostic,optimized,140.0,0.5,1.0,1.0,10,candidate_z,0.18431999999999998,0.9215999999999999,0.17813346340703617,0,-1,nan
S3_transport,F,7,8,3,0,MODEL_INADEQUATE,diagnostic,optimized,140.0,0.5,1.0,1.0,10,candidate_z,0.18628,0.9314,0.18192081095700274,0,-1,nan
S3_transport,F,7,8,3,0,MODEL_INADEQUATE,diagnostic,optimized,140.0,0.5,1.0,1.0,10,candidate_z,0.18824,0.9411999999999999,0.18569268750892576,1,-1,nan
S3_transport,F,7,8,3,0,MODEL_INADEQUATE,diagnostic,optimized,140.0,0.5,1.0,1.0,10,candidate_z,0.1902,0.951,0.18944615673883902,0,-1,nan
S3_transport,F,7,8,3,0,MODEL_INADEQUATE,diagnostic,optimized,140.0,0.5,1.0,1.0,10,candidate_z,0.19216,0.9608,0.19317845759323404,0,-1,nan
S3_transport,F,7,8,3,0,MODEL_INADEQUATE,diagnostic,optimized,140.0,0.5,1.0,1.0,10,candidate_z,0.19412,0.9705999999999999,0.19688702598008945,1,-1,nan
S3_transport,F,7,8,3,0,MODEL_INADEQUATE,diagnostic,optimized,140.0,0.5,1.0,1.0,10,candidate_z,0.19608,0.9803999999999999,0.20056946920303176,0,-1,nan
S3_transport,F,7,8,3,0,MODEL_INADEQUATE,diagnostic,optimized,140.0,0.5,1.0,1.0,10,candidate_z,0.19804,0.9902,0.2042235652730895,0,-1,nan
S3_transport,F,7,8,3,0,MODEL_INADEQUATE,diagnostic,optimized,140.0,0.5,1.0,1.0,10,candidate_z,0.2,1.0,0.20784725021911044,1,-1,nan
S3_transport,F,7,8,3,0,MODEL_INADEQUATE,diagnostic,optimized,140.0,0.5,1.0,1.0,10,selected_z,0.2,1.0,nan,1,1,0.20784725021911044
S3_transport,F,7,8,3,0,MODEL_INADEQUATE,diagnostic,optimized,140.0,0.5,1.0,1.0,10,selected_z,0.19412,0.9705999999999999,nan,1,2,0.17798359359264992
S3_transport,F,7,8,3,0,MODEL_INADEQUATE,diagnostic,optimized,140.0,0.5,1.0,1.0,10,selected_z,0.18824,0.9411999999999999,nan,1,3,0.15385550835802775
S3_transport,F,7,8,3,0,MODEL_INADEQUATE,diagnostic,optimized,140.0,0.5,1.0,1.0,10,selected_z,0.18236,0.9117999999999999,nan,1,4,0.13392909380493023
S3_transport,F,7,8,3,0,MODEL_INADEQUATE,diagnostic,optimized,140.0,0.5,1.0,1.0,10,selected_z,0.17648,0.8824,nan,1,5,0.11721267641725319
S3_transport,F,7,8,3,0,MODEL_INADEQUATE,diagnostic,optimized,140.0,0.5,1.0,1.0,10,selected_z,0.1706,0.853,nan,1,6,0.10304713019674949
S3_transport,F,7,8,3,0,MODEL_INADEQUATE,diagnostic,optimized,140.0,0.5,1.0,1.0,10,selected_z,0.16472,0.8236,nan,1,7,0.09098791291889796
S3_transport,F,7,8,3,0,MODEL_INADEQUATE,diagnostic,optimized,140.0,0.5,1.0,1.0,10,selected_z,0.15884,0.7942,nan,1,8,0.08073465379618483
S3_transport,F,7,8,3,0,MODEL_INADEQUATE,diagnostic,optimized,140.0,0.5,1.0,1.0,10,selected_z,0.06868,0.3434,nan,1,9,0.07625663103218727
S3_transport,F,7,8,3,0,MODEL_INADEQUATE,diagnostic,optimized,140.0,0.5,1.0,1.0,10,selected_z,0.0628,0.31399999999999995,nan,1,10,0.0727149378003773
S3_transport,F,7,8,3,0,MODEL_INADEQUATE,diagnostic,optimized,140.0,0.5,1.0,1.0,10,final_z,0.064368,0.32183999999999996,nan,1,-1,nan
S3_transport,F,7,8,3,0,MODEL_INADEQUATE,diagnostic,optimized,140.0,0.5,1.0,1.0,10,final_z,0.06868,0.3434,nan,1,-1,nan
S3_transport,F,7,8,3,0,MODEL_INADEQUATE,diagnostic,optimized,140.0,0.5,1.0,1.0,10,final_z,0.16276,0.8137999999999999,nan,1,-1,nan
S3_transport,F,7,8,3,0,MODEL_INADEQUATE,diagnostic,optimized,140.0,0.5,1.0,1.0,10,final_z,0.16863999999999998,0.8431999999999998,nan,1,-1,nan
S3_transport,F,7,8,3,0,MODEL_INADEQUATE,diagnostic,optimized,140.0,0.5,1.0,1.0,10,final_z,0.17451999999999998,0.8725999999999998,nan,1,-1,nan
S3_transport,F,7,8,3,0,MODEL_INADEQUATE,diagnostic,optimized,140.0,0.5,1.0,1.0,10,final_z,0.18039999999999998,0.9019999999999998,nan,1,-1,nan
S3_transport,F,7,8,3,0,MODEL_INADEQUATE,diagnostic,optimized,140.0,0.5,1.0,1.0,10,final_z,0.18627999999999997,0.9313999999999998,nan,1,-1,nan
S3_transport,F,7,8,3,0,MODEL_INADEQUATE,diagnostic,optimized,140.0,0.5,1.0,1.0,10,final_z,0.191376,0.95688,nan,1,-1,nan
S3_transport,F,7,8,3,0,MODEL_INADEQUATE,diagnostic,optimized,140.0,0.5,1.0,1.0,10,final_z,0.19568799999999997,0.9784399999999999,nan,1,-1,nan
S3_transport,F,7,8,3,0,MODEL_INADEQUATE,diagnostic,optimized,140.0,0.5,1.0,1.0,10,final_z,0.2,1.0,nan,1,-1,nan
S3_transport,F,7,8,4,0,MODEL_INADEQUATE,diagnostic,optimized,160.0,0.5,1.0,0.5,10,candidate_z,0.004,0.02,0.0017353197581115865,0,-1,nan
S3_transport,F,7,8,4,0,MODEL_INADEQUATE,diagnostic,optimized,160.0,0.5,1.0,0.5,10,candidate_z,0.00596,0.0298,0.0036978470751449777,0,-1,nan
S3_transport,F,7,8,4,0,MODEL_INADEQUATE,diagnostic,optimized,160.0,0.5,1.0,0.5,10,candidate_z,0.00792,0.039599999999999996,0.006235584326397259,0,-1,nan
S3_transport,F,7,8,4,0,MODEL_INADEQUATE,diagnostic,optimized,160.0,0.5,1.0,0.5,10,candidate_z,0.00988,0.0494,0.009254136446500638,0,-1,nan
S3_transport,F,7,8,4,0,MODEL_INADEQUATE,diagnostic,optimized,160.0,0.5,1.0,0.5,10,candidate_z,0.01184,0.059199999999999996,0.012673392461152844,0,-1,nan
S3_transport,F,7,8,4,0,MODEL_INADEQUATE,diagnostic,optimized,160.0,0.5,1.0,0.5,10,candidate_z,0.0138,0.06899999999999999,0.016424320890756405,0,-1,nan
S3_transport,F,7,8,4,0,MODEL_INADEQUATE,diagnostic,optimized,160.0,0.5,1.0,0.5,10,candidate_z,0.01576,0.0788,0.02044721464638144,0,-1,nan
S3_transport,F,7,8,4,0,MODEL_INADEQUATE,diagnostic,optimized,160.0,0.5,1.0,0.5,10,candidate_z,0.01772,0.0886,0.024690909630955105,0,-1,nan
S3_transport,F,7,8,4,0,MODEL_INADEQUATE,diagnostic,optimized,160.0,0.5,1.0,0.5,10,candidate_z,0.01968,0.09839999999999999,0.029112200444551206,0,-1,nan
S3_transport,F,7,8,4,0,MODEL_INADEQUATE,diagnostic,optimized,160.0,0.5,1.0,0.5,10,candidate_z,0.02164,0.10819999999999999,0.033675091816739666,0,-1,nan
S3_transport,F,7,8,4,0,MODEL_INADEQUATE,diagnostic,optimized,160.0,0.5,1.0,0.5,10,candidate_z,0.0236,0.118,0.03834977146708951,0,-1,nan
S3_transport,F,7,8,4,0,MODEL_INADEQUATE,diagnostic,optimized,160.0,0.5,1.0,0.5,10,candidate_z,0.02556,0.1278,0.043111351108962026,0,-1,nan
S3_transport,F,7,8,4,0,MODEL_INADEQUATE,diagnostic,optimized,160.0,0.5,1.0,0.5,10,candidate_z,0.02752,0.1376,0.047938488229469556,0,-1,nan
S3_transport,F,7,8,4,0,MODEL_INADEQUATE,diagnostic,optimized,160.0,0.5,1.0,0.5,10,candidate_z,0.02948,0.14739999999999998,0.052812015367997844,0,-1,nan
S3_transport,F,7,8,4,0,MODEL_INADEQUATE,diagnostic,optimized,160.0,0.5,1.0,0.5,10,candidate_z,0.031439999999999996,0.15719999999999998,0.057713692530548144,0,-1,nan
S3_transport,F,7,8,4,0,MODEL_INADEQUATE,diagnostic,optimized,160.0,0.5,1.0,0.5,10,candidate_z,0.0334,0.16699999999999998,0.06262516384097694,0,-1,nan
S3_transport,F,7,8,4,0,MODEL_INADEQUATE,diagnostic,optimized,160.0,0.5,1.0,0.5,10,candidate_z,0.03536,0.1768,0.06752718515735268,0,-1,nan
S3_transport,F,7,8,4,0,MODEL_INADEQUATE,diagnostic,optimized,160.0,0.5,1.0,0.5,10,candidate_z,0.037320000000000006,0.18660000000000002,0.07239913642374773,0,-1,nan
S3_transport,F,7,8,4,0,MODEL_INADEQUATE,diagnostic,optimized,160.0,0.5,1.0,0.5,10,candidate_z,0.039279999999999995,0.19639999999999996,0.07721882431643934,0,-1,nan
S3_transport,F,7,8,4,0,MODEL_INADEQUATE,diagnostic,optimized,160.0,0.5,1.0,0.5,10,candidate_z,0.04124,0.2062,0.08196254752476761,0,-1,nan
S3_transport,F,7,8,4,0,MODEL_INADEQUATE,diagnostic,optimized,160.0,0.5,1.0,0.5,10,candidate_z,0.0432,0.216,0.08660538060531309,0,-1,nan
S3_transport,F,7,8,4,0,MODEL_INADEQUATE,diagnostic,optimized,160.0,0.5,1.0,0.5,10,candidate_z,0.045160000000000006,0.22580000000000003,0.0911216298478692,0,-1,nan
S3_transport,F,7,8,4,0,MODEL_INADEQUATE,diagnostic,optimized,160.0,0.5,1.0,0.5,10,candidate_z,0.047119999999999995,0.23559999999999998,0.09548539822470303,0,-1,nan
S3_transport,F,7,8,4,0,MODEL_INADEQUATE,diagnostic,optimized,160.0,0.5,1.0,0.5,10,candidate_z,0.04908,0.24539999999999998,0.09967121132633139,0,-1,nan
S3_transport,F,7,8,4,0,MODEL_INADEQUATE,diagnostic,optimized,160.0,0.5,1.0,0.5,10,candidate_z,0.05104,0.2552,0.10365464744271691,0,-1,nan
S3_transport,F,7,8,4,0,MODEL_INADEQUATE,diagnostic,optimized,160.0,0.5,1.0,0.5,10,candidate_z,0.053000000000000005,0.265,0.1074129353042963,0,-1,nan
S3_transport,F,7,8,4,0,MODEL_INADEQUATE,diagnostic,optimized,160.0,0.5,1.0,0.5,10,candidate_z,0.054959999999999995,0.27479999999999993,0.11092548241025213,0,-1,nan
S3_transport,F,7,8,4,0,MODEL_INADEQUATE,diagnostic,optimized,160.0,0.5,1.0,0.5,10,candidate_z,0.05692,0.28459999999999996,0.11417431401827827,0,-1,nan
S3_transport,F,7,8,4,0,MODEL_INADEQUATE,diagnostic,optimized,160.0,0.5,1.0,0.5,10,candidate_z,0.05888,0.2944,0.11714440803474702,0,-1,nan
S3_transport,F,7,8,4,0,MODEL_INADEQUATE,diagnostic,optimized,160.0,0.5,1.0,0.5,10,candidate_z,0.060840000000000005,0.3042,0.1198239241593626,0,-1,nan
S3_transport,F,7,8,4,0,MODEL_INADEQUATE,diagnostic,optimized,160.0,0.5,1.0,0.5,10,candidate_z,0.0628,0.31399999999999995,0.12220433001535014,0,-1,nan
S3_transport,F,7,8,4,0,MODEL_INADEQUATE,diagnostic,optimized,160.0,0.5,1.0,0.5,10,candidate_z,0.06476,0.3238,0.12428041373754439,0,-1,nan
S3_transport,F,7,8,4,0,MODEL_INADEQUATE,diagnostic,optimized,160.0,0.5,1.0,0.5,10,candidate_z,0.06672,0.3336,0.12605022744408245,1,-1,nan
S3_transport,F,7,8,4,0,MODEL_INADEQUATE,diagnostic,optimized,160.0,0.5,1.0,0.5,10,candidate_z,0.06868,0.3434,0.12751496701298493,0,-1,nan
S3_transport,F,7,8,4,0,MODEL_INADEQUATE,diagnostic,optimized,160.0,0.5,1.0,0.5,10,candidate_z,0.07064000000000001,0.3532,0.12867875999041445,0,-1,nan
S3_transport,F,7,8,4,0,MODEL_INADEQUATE,diagnostic,optimized,160.0,0.5,1.0,0.5,10,candidate_z,0.0726,0.363,0.12954843319128173,1,-1,nan
S3_transport,F,7,8,4,0,MODEL_INADEQUATE,diagnostic,optimized,160.0,0.5,1.0,0.5,10,candidate_z,0.07456,0.37279999999999996,0.13013326221806665,0,-1,nan
S3_transport,F,7,8,4,0,MODEL_INADEQUATE,diagnostic,optimized,160.0,0.5,1.0,0.5,10,candidate_z,0.07652,0.3826,0.1304446676569384,0,-1,nan
S3_transport,F,7,8,4,0,MODEL_INADEQUATE,diagnostic,optimized,160.0,0.5,1.0,0.5,10,candidate_z,0.07848,0.39239999999999997,0.13049592197943127,1,-1,nan
S3_transport,F,7,8,4,0,MODEL_INADEQUATE,diagnostic,optimized,160.0,0.5,1.0,0.5,10,candidate_z,0.08044,0.40219999999999995,0.1303018764263939,0,-1,nan
S3_transport,F,7,8,4,0,MODEL_INADEQUATE,diagnostic,optimized,160.0,0.5,1.0,0.5,10,candidate_z,0.0824,0.412,0.12987865591265546,0,-1,nan
S3_transport,F,7,8,4,0,MODEL_INADEQUATE,diagnostic,optimized,160.0,0.5,1.0,0.5,10,candidate_z,0.08436,0.4218,0.12924338349464648,1,-1,nan
S3_transport,F,7,8,4,0,MODEL_INADEQUATE,diagnostic,optimized,160.0,0.5,1.0,0.5,10,candidate_z,0.08632000000000001,0.43160000000000004,0.12841394584580712,0,-1,nan
S3_transport,F,7,8,4,0,MODEL_INADEQUATE,diagnostic,optimized,160.0,0.5,1.0,0.5,10,candidate_z,0.08828,0.44139999999999996,0.12740873585386225,0,-1,nan
S3_transport,F,7,8,4,0,MODEL_INADEQUATE,diagnostic,optimized,160.0,0.5,1.0,0.5,10,candidate_z,0.09024,0.4512,0.12624642957160148,1,-1,nan
S3_transport,F,7,8,4,0,MODEL_INADEQUATE,diagnostic,optimized,160.0,0.5,1.0,0.5,10,candidate_z,0.0922,0.461,0.12494581386280856,0,-1,nan
S3_transport,F,7,8,4,0,MODEL_INADEQUATE,diagnostic,optimized,160.0,0.5,1.0,0.5,10,candidate_z,0.09416,0.47079999999999994,0.12352559226205528,0,-1,nan
S3_transport,F,7,8,4,0,MODEL_INADEQUATE,diagnostic,optimized,160.0,0.5,1.0,0.5,10,candidate_z,0.09612,0.48059999999999997,0.12200422128503163,1,-1,nan
S3_transport,F,7,8,4,0,MODEL_INADEQUATE,diagnostic,optimized,160.0,0.5,1.0,0.5,10,candidate_z,0.09808,0.4904,0.12039980155384455,0,-1,nan
S3_transport,F,7,8,4,0,MODEL_INADEQUATE,diagnostic,optimized,160.0,0.5,1.0,0.5,10,candidate_z,0.10004,0.5002,0.11872994397106851,0,-1,nan
S3_transport,F,7,8,4,0,MODEL_INADEQUATE,diagnostic,optimized,160.0,0.5,1.0,0.5,10,candidate_z,0.10200000000000001,0.51,0.11701165402406843,0,-1,nan
S3_transport,F,7,8,4,0,MODEL_INADEQUATE,diagnostic,optimized,160.0,0.5,1.0,0.5,10,candidate_z,0.10396,0.5197999999999999,0.11525841072230492,0,-1,nan
S3_transport,F,7,8,4,0,MODEL_INADEQUATE,diagnostic,optimized,160.0,0.5,1.0,0.5,10,candidate_z,0.10592,0.5296,0.11348910540554868,0,-1,nan
S3_transport,F,7,8,4,0,MODEL_INADEQUATE,diagnostic,optimized,160.0,0.5,1.0,0.5,10,candidate_z,0.10788,0.5394,0.11171854151143634,0,-1,nan
S3_transport,F,7,8,4,0,MODEL_INADEQUATE,diagnostic,optimized,160.0,0.5,1.0,0.5,10,candidate_z,0.10984,0.5491999999999999,0.10996066569873619,0,-1,nan
S3_transport,F,7,8,4,0,MODEL_INADEQUATE,diagnostic,optimized,160.0,0.5,1.0,0.5,10,candidate_z,0.1118,0.5589999999999999,0.10822856047678187,0,-1,nan
S3_transport,F,7,8,4,0,MODEL_INADEQUATE,diagnostic,optimized,160.0,0.5,1.0,0.5,10,candidate_z,0.11376,0.5688,0.10653444500383813,0,-1,nan
S3_transport,F,7,8,4,0,MODEL_INADEQUATE,diagnostic,optimized,160.0,0.5,1.0,0.5,10,candidate_z,0.11572,0.5786,0.10488963064909029,0,-1,nan
S3_transport,F,7,8,4,0,MODEL_INADEQUATE,diagnostic,optimized,160.0,0.5,1.0,0.5,10,candidate_z,0.11768,0.5884,0.10330453002412554,0,-1,nan
S3_transport,F,7,8,4,0,MODEL_INADEQUATE,diagnostic,optimized,160.0,0.5,1.0,0.5,10,candidate_z,0.11964,0.5982,0.10178867781331036,0,-1,nan
S3_transport,F,7,8,4,0,MODEL_INADEQUATE,diagnostic,optimized,160.0,0.5,1.0,0.5,10,candidate_z,0.1216,0.608,0.1003507014014886,0,-1,nan
S3_transport,F,7,8,4,0,MODEL_INADEQUATE,diagnostic,optimized,160.0,0.5,1.0,0.5,10,candidate_z,0.12356,0.6178,0.09899836307594256,0,-1,nan
S3_transport,F,7,8,4,0,MODEL_INADEQUATE,diagnostic,optimized,160.0,0.5,1.0,0.5,10,candidate_z,0.12552,0.6275999999999999,0.09773857726428758,0,-1,nan
S3_transport,F,7,8,4,0,MODEL_INADEQUATE,diagnostic,optimized,160.0,0.5,1.0,0.5,10,candidate_z,0.12747999999999998,0.6373999999999999,0.09657744859534034,0,-1,nan
S3_transport,F,7,8,4,0,MODEL_INADEQUATE,diagnostic,optimized,160.0,0.5,1.0,0.5,10,candidate_z,0.12944,0.6472,0.0955202763899834,0,-1,nan
S3_transport,F,7,8,4,0,MODEL_INADEQUATE,diagnostic,optimized,160.0,0.5,1.0,0.5,10,candidate_z,0.1314,0.6569999999999999,0.09457159053719266,0,-1,nan
S3_transport,F,7,8,4,0,MODEL_INADEQUATE,diagnostic,optimized,160.0,0.5,1.0,0.5,10,candidate_z,0.13336,0.6668,0.09373519052233092,0,-1,nan
S3_transport,F,7,8,4,0,MODEL_INADEQUATE,diagnostic,optimized,160.0,0.5,1.0,0.5,10,candidate_z,0.13532,0.6766,0.09301417962172565,0,-1,nan
S3_transport,F,7,8,4,0,MODEL_INADEQUATE,diagnostic,optimized,160.0,0.5,1.0,0.5,10,candidate_z,0.13728,0.6864,0.09241099992767232,0,-1,nan
S3_transport,F,7,8,4,0,MODEL_INADEQUATE,diagnostic,optimized,160.0,0.5,1.0,0.5,10,candidate_z,0.13924,0.6961999999999999,0.09192746705653576,0,-1,nan
S3_transport,F,7,8,4,0,MODEL_INADEQUATE,diagnostic,optimized,160.0,0.5,1.0,0.5,10,candidate_z,0.1412,0.706,0.09156480905442521,0,-1,nan
S3_transport,F,7,8,4,0,MODEL_INADEQUATE,diagnostic,optimized,160.0,0.5,1.0,0.5,10,candidate_z,0.14316,0.7158,0.09132370455362349,0,-1,nan
S3_transport,F,7,8,4,0,MODEL_INADEQUATE,diagnostic,optimized,160.0,0.5,1.0,0.5,10,candidate_z,0.14512,0.7255999999999999,0.09120432201458328,0,-1,nan
S3_transport,F,7,8,4,0,MODEL_INADEQUATE,diagnostic,optimized,160.0,0.5,1.0,0.5,10,candidate_z,0.14708,0.7353999999999999,0.09120635333358251,0,-1,nan
S3_transport,F,7,8,4,0,MODEL_INADEQUATE,diagnostic,optimized,160.0,0.5,1.0,0.5,10,candidate_z,0.14904,0.7452,0.09132905180099016,0,-1,nan
S3_transport,F,7,8,4,0,MODEL_INADEQUATE,diagnostic,optimized,160.0,0.5,1.0,0.5,10,candidate_z,0.151,0.7549999999999999,0.09157126950332639,0,-1,nan
S3_transport,F,7,8,4,0,MODEL_INADEQUATE,diagnostic,optimized,160.0,0.5,1.0,0.5,10,candidate_z,0.15295999999999998,0.7647999999999999,0.09193149145422552,0,-1,nan
S3_transport,F,7,8,4,0,MODEL_INADEQUATE,diagnostic,optimized,160.0,0.5,1.0,0.5,10,candidate_z,0.15492,0.7746,0.09240786961810699,0,-1,nan
S3_transport,F,7,8,4,0,MODEL_INADEQUATE,diagnostic,optimized,160.0,0.5,1.0,0.5,10,candidate_z,0.15688,0.7843999999999999,0.09299825582977661,0,-1,nan
S3_transport,F,7,8,4,0,MODEL_INADEQUATE,diagnostic,optimized,160.0,0.5,1.0,0.5,10,candidate_z,0.15884,0.7942,0.09370023363780433,0,-1,nan
S3_transport,F,7,8,4,0,MODEL_INADEQUATE,diagnostic,optimized,160.0,0.5,1.0,0.5,10,candidate_z,0.1608,0.8039999999999999,0.09451114869709443,0,-1,nan
S3_transport,F,7,8,4,0,MODEL_INADEQUATE,diagnostic,optimized,160.0,0.5,1.0,0.5,10,candidate_z,0.16276,0.8137999999999999,0.09542813615101409,0,-1,nan
S3_transport,F,7,8,4,0,MODEL_INADEQUATE,diagnostic,optimized,160.0,0.5,1.0,0.5,10,candidate_z,0.16472,0.8236,0.09644814786197742,0,-1,nan
S3_transport,F,7,8,4,0,MODEL_INADEQUATE,diagnostic,optimized,160.0,0.5,1.0,0.5,10,candidate_z,0.16668,0.8333999999999999,0.09756798133663125,0,-1,nan
S3_transport,F,7,8,4,0,MODEL_INADEQUATE,diagnostic,optimized,160.0,0.5,1.0,0.5,10,candidate_z,0.16864,0.8432000000000001,0.09878430129381144,0,-1,nan
S3_transport,F,7,8,4,0,MODEL_INADEQUATE,diagnostic,optimized,160.0,0.5,1.0,0.5,10,candidate_z,0.1706,0.853,0.10009366228479166,0,-1,nan
S3_transport,F,7,8,4,0,MODEL_INADEQUATE,diagnostic,optimized,160.0,0.5,1.0,0.5,10,candidate_z,0.17256,0.8627999999999999,0.1014925282368111,0,-1,nan
S3_transport,F,7,8,4,0,MODEL_INADEQUATE,diagnostic,optimized,160.0,0.5,1.0,0.5,10,candidate_z,0.17452,0.8726,0.10297729618866214,0,-1,nan
S3_transport,F,7,8,4,0,MODEL_INADEQUATE,diagnostic,optimized,160.0,0.5,1.0,0.5,10,candidate_z,0.17648,0.8824,0.10454431611214687,0,-1,nan
S3_transport,F,7,8,4,0,MODEL_INADEQUATE,diagnostic,optimized,160.0,0.5,1.0,0.5,10,candidate_z,0.17844,0.8921999999999999,0.10618990457602706,0,-1,nan
S3_transport,F,7,8,4,0,MODEL_INADEQUATE,diagnostic,optimized,160.0,0.5,1.0,0.5,10,candidate_z,0.1804,0.902,0.10791035982999375,0,-1,nan
S3_transport,F,7,8,4,0,MODEL_INADEQUATE,diagnostic,optimized,160.0,0.5,1.0,0.5,10,candidate_z,0.18236,0.9117999999999999,0.10970196917165254,1,-1,nan
S3_transport,F,7,8,4,0,MODEL_INADEQUATE,diagnostic,optimized,160.0,0.5,1.0,0.5,10,candidate_z,0.18431999999999998,0.9215999999999999,0.11156103533762263,0,-1,nan
S3_transport,F,7,8,4,0,MODEL_INADEQUATE,diagnostic,optimized,160.0,0.5,1.0,0.5,10,candidate_z,0.18628,0.9314,0.11348388613807714,0,-1,nan
S3_transport,F,7,8,4,0,MODEL_INADEQUATE,diagnostic,optimized,160.0,0.5,1.0,0.5,10,candidate_z,0.18824,0.9411999999999999,0.11546688053417142,1,-1,nan
S3_transport,F,7,8,4,0,MODEL_INADEQUATE,diagnostic,optimized,160.0,0.5,1.0,0.5,10,candidate_z,0.1902,0.951,0.1175064194373121,0,-1,nan
S3_transport,F,7,8,4,0,MODEL_INADEQUATE,diagnostic,optimized,160.0,0.5,1.0,0.5,10,candidate_z,0.19216,0.9608,0.11959894054918863,0,-1,nan
S3_transport,F,7,8,4,0,MODEL_INADEQUATE,diagnostic,optimized,160.0,0.5,1.0,0.5,10,candidate_z,0.19412,0.9705999999999999,0.12174095473258006,1,-1,nan
S3_transport,F,7,8,4,0,MODEL_INADEQUATE,diagnostic,optimized,160.0,0.5,1.0,0.5,10,candidate_z,0.19608,0.9803999999999999,0.12392903552274248,0,-1,nan
S3_transport,F,7,8,4,0,MODEL_INADEQUATE,diagnostic,optimized,160.0,0.5,1.0,0.5,10,candidate_z,0.19804,0.9902,0.1261598271992881,0,-1,nan
S3_transport,F,7,8,4,0,MODEL_INADEQUATE,diagnostic,optimized,160.0,0.5,1.0,0.5,10,candidate_z,0.2,1.0,0.12843005111798078,1,-1,nan
S3_transport,F,7,8,4,0,MODEL_INADEQUATE,diagnostic,optimized,160.0,0.5,1.0,0.5,10,selected_z,0.07848,0.39239999999999997,nan,1,1,0.13049592197943127
S3_transport,F,7,8,4,0,MODEL_INADEQUATE,diagnostic,optimized,160.0,0.5,1.0,0.5,10,selected_z,0.2,1.0,nan,1,2,0.12822436955865868
S3_transport,F,7,8,4,0,MODEL_INADEQUATE,diagnostic,optimized,160.0,0.5,1.0,0.5,10,selected_z,0.0726,0.363,nan,1,3,0.12136945880330074
S3_transport,F,7,8,4,0,MODEL_INADEQUATE,diagnostic,optimized,160.0,0.5,1.0,0.5,10,selected_z,0.08436,0.4218,nan,1,4,0.11391145171628381
S3_transport,F,7,8,4,0,MODEL_INADEQUATE,diagnostic,optimized,160.0,0.5,1.0,0.5,10,selected_z,0.19412,0.9705999999999999,nan,1,5,0.11355686745455529
S3_transport,F,7,8,4,0,MODEL_INADEQUATE,diagnostic,optimized,160.0,0.5,1.0,0.5,10,selected_z,0.06672,0.3336,nan,1,6,0.10527456332545171
S3_transport,F,7,8,4,0,MODEL_INADEQUATE,diagnostic,optimized,160.0,0.5,1.0,0.5,10,selected_z,0.18824,0.9411999999999999,nan,1,7,0.10139717943778237
S3_transport,F,7,8,4,0,MODEL_INADEQUATE,diagnostic,optimized,160.0,0.5,1.0,0.5,10,selected_z,0.09024,0.4512,nan,1,8,0.09909965935045761
S3_transport,F,7,8,4,0,MODEL_INADEQUATE,diagnostic,optimized,160.0,0.5,1.0,0.5,10,selected_z,0.09612,0.48059999999999997,nan,1,9,0.09100293498887169
S3_transport,F,7,8,4,0,MODEL_INADEQUATE,diagnostic,optimized,160.0,0.5,1.0,0.5,10,selected_z,0.18236,0.9117999999999999,nan,1,10,0.08997173050789087
S3_transport,F,7,8,4,0,MODEL_INADEQUATE,diagnostic,optimized,160.0,0.5,1.0,0.5,10,final_z,0.068288,0.34143999999999997,nan,1,-1,nan
S3_transport,F,7,8,4,0,MODEL_INADEQUATE,diagnostic,optimized,160.0,0.5,1.0,0.5,10,final_z,0.0726,0.363,nan,1,-1,nan
S3_transport,F,7,8,4,0,MODEL_INADEQUATE,diagnostic,optimized,160.0,0.5,1.0,0.5,10,final_z,0.076912,0.38455999999999996,nan,1,-1,nan
S3_transport,F,7,8,4,0,MODEL_INADEQUATE,diagnostic,optimized,160.0,0.5,1.0,0.5,10,final_z,0.081224,0.40612,nan,1,-1,nan
S3_transport,F,7,8,4,0,MODEL_INADEQUATE,diagnostic,optimized,160.0,0.5,1.0,0.5,10,final_z,0.08632,0.43159999999999993,nan,1,-1,nan
S3_transport,F,7,8,4,0,MODEL_INADEQUATE,diagnostic,optimized,160.0,0.5,1.0,0.5,10,final_z,0.09219999999999999,0.4609999999999999,nan,1,-1,nan
S3_transport,F,7,8,4,0,MODEL_INADEQUATE,diagnostic,optimized,160.0,0.5,1.0,0.5,10,final_z,0.18627999999999997,0.9313999999999998,nan,1,-1,nan
S3_transport,F,7,8,4,0,MODEL_INADEQUATE,diagnostic,optimized,160.0,0.5,1.0,0.5,10,final_z,0.191376,0.95688,nan,1,-1,nan
S3_transport,F,7,8,4,0,MODEL_INADEQUATE,diagnostic,optimized,160.0,0.5,1.0,0.5,10,final_z,0.19568799999999997,0.9784399999999999,nan,1,-1,nan
S3_transport,F,7,8,4,0,MODEL_INADEQUATE,diagnostic,optimized,160.0,0.5,1.0,0.5,10,final_z,0.2,1.0,nan,1,-1,nan
S3_transport,F,7,8,5,0,MODEL_INADEQUATE,diagnostic,optimized,160.0,1.0,1.0,1.0,10,candidate_z,0.004,0.02,0.001643474338301587,0,-1,nan
S3_transport,F,7,8,5,0,MODEL_INADEQUATE,diagnostic,optimized,160.0,1.0,1.0,1.0,10,candidate_z,0.00596,0.0298,0.003539189290265199,0,-1,nan
S3_transport,F,7,8,5,0,MODEL_INADEQUATE,diagnostic,optimized,160.0,1.0,1.0,1.0,10,candidate_z,0.00792,0.039599999999999996,0.006003100972407083,0,-1,nan
S3_transport,F,7,8,5,0,MODEL_INADEQUATE,diagnostic,optimized,160.0,1.0,1.0,1.0,10,candidate_z,0.00988,0.0494,0.008942685833375208,0,-1,nan
S3_transport,F,7,8,5,0,MODEL_INADEQUATE,diagnostic,optimized,160.0,1.0,1.0,1.0,10,candidate_z,0.01184,0.059199999999999996,0.01227931761327028,0,-1,nan
S3_transport,F,7,8,5,0,MODEL_INADEQUATE,diagnostic,optimized,160.0,1.0,1.0,1.0,10,candidate_z,0.0138,0.06899999999999999,0.015945187674624606,0,-1,nan
S3_transport,F,7,8,5,0,MODEL_INADEQUATE,diagnostic,optimized,160.0,1.0,1.0,1.0,10,candidate_z,0.01576,0.0788,0.01988161626377405,0,-1,nan
S3_transport,F,7,8,5,0,MODEL_INADEQUATE,diagnostic,optimized,160.0,1.0,1.0,1.0,10,candidate_z,0.01772,0.0886,0.02403823748156242,0,-1,nan
S3_transport,F,7,8,5,0,MODEL_INADEQUATE,diagnostic,optimized,160.0,1.0,1.0,1.0,10,candidate_z,0.01968,0.09839999999999999,0.028372499448941824,0,-1,nan
S3_transport,F,7,8,5,0,MODEL_INADEQUATE,diagnostic,optimized,160.0,1.0,1.0,1.0,10,candidate_z,0.02164,0.10819999999999999,0.032848848520970364,0,-1,nan
S3_transport,F,7,8,5,0,MODEL_INADEQUATE,diagnostic,optimized,160.0,1.0,1.0,1.0,10,candidate_z,0.0236,0.118,0.03743789250465568,0,-1,nan
S3_transport,F,7,8,5,0,MODEL_INADEQUATE,diagnostic,optimized,160.0,1.0,1.0,1.0,10,candidate_z,0.02556,0.1278,0.0421149523503388,0,-1,nan
S3_transport,F,7,8,5,0,MODEL_INADEQUATE,diagnostic,optimized,160.0,1.0,1.0,1.0,10,candidate_z,0.02752,0.1376,0.046859031048931854,0,-1,nan
S3_transport,F,7,8,5,0,MODEL_INADEQUATE,diagnostic,optimized,160.0,1.0,1.0,1.0,10,candidate_z,0.02948,0.14739999999999998,0.051651328862988066,0,-1,nan
S3_transport,F,7,8,5,0,MODEL_INADEQUATE,diagnostic,optimized,160.0,1.0,1.0,1.0,10,candidate_z,0.031439999999999996,0.15719999999999998,0.0564741469144181,0,-1,nan
S3_transport,F,7,8,5,0,MODEL_INADEQUATE,diagnostic,optimized,160.0,1.0,1.0,1.0,10,candidate_z,0.0334,0.16699999999999998,0.06130960796321716,0,-1,nan
S3_transport,F,7,8,5,0,MODEL_INADEQUATE,diagnostic,optimized,160.0,1.0,1.0,1.0,10,candidate_z,0.03536,0.1768,0.06613915357393552,0,-1,nan
S3_transport,F,7,8,5,0,MODEL_INADEQUATE,diagnostic,optimized,160.0,1.0,1.0,1.0,10,candidate_z,0.037320000000000006,0.18660000000000002,0.07094291823629106,0,-1,nan
S3_transport,F,7,8,5,0,MODEL_INADEQUATE,diagnostic,optimized,160.0,1.0,1.0,1.0,10,candidate_z,0.039279999999999995,0.19639999999999996,0.07569952336913133,0,-1,nan
S3_transport,F,7,8,5,0,MODEL_INADEQUATE,diagnostic,optimized,160.0,1.0,1.0,1.0,10,candidate_z,0.04124,0.2062,0.08038610850063321,0,-1,nan
S3_transport,F,7,8,5,0,MODEL_INADEQUATE,diagnostic,optimized,160.0,1.0,1.0,1.0,10,candidate_z,0.0432,0.216,0.08497857422695887,0,-1,nan
S3_transport,F,7,8,5,0,MODEL_INADEQUATE,diagnostic,optimized,160.0,1.0,1.0,1.0,10,candidate_z,0.045160000000000006,0.22580000000000003,0.08945199892227862,0,-1,nan
S3_transport,F,7,8,5,0,MODEL_INADEQUATE,diagnostic,optimized,160.0,1.0,1.0,1.0,10,candidate_z,0.047119999999999995,0.23559999999999998,0.09378116650359658,0,-1,nan
S3_transport,F,7,8,5,0,MODEL_INADEQUATE,diagnostic,optimized,160.0,1.0,1.0,1.0,10,candidate_z,0.04908,0.24539999999999998,0.09794116183464041,0,-1,nan
S3_transport,F,7,8,5,0,MODEL_INADEQUATE,diagnostic,optimized,160.0,1.0,1.0,1.0,10,candidate_z,0.05104,0.2552,0.10190797754989234,0,-1,nan
S3_transport,F,7,8,5,0,MODEL_INADEQUATE,diagnostic,optimized,160.0,1.0,1.0,1.0,10,candidate_z,0.053000000000000005,0.265,0.10565909698305376,0,-1,nan
S3_transport,F,7,8,5,0,MODEL_INADEQUATE,diagnostic,optimized,160.0,1.0,1.0,1.0,10,candidate_z,0.054959999999999995,0.27479999999999993,0.10917401643195035,0,-1,nan
S3_transport,F,7,8,5,0,MODEL_INADEQUATE,diagnostic,optimized,160.0,1.0,1.0,1.0,10,candidate_z,0.05692,0.28459999999999996,0.11243468561453085,0,-1,nan
S3_transport,F,7,8,5,0,MODEL_INADEQUATE,diagnostic,optimized,160.0,1.0,1.0,1.0,10,candidate_z,0.05888,0.2944,0.11542585153770091,0,-1,nan
S3_transport,F,7,8,5,0,MODEL_INADEQUATE,diagnostic,optimized,160.0,1.0,1.0,1.0,10,candidate_z,0.060840000000000005,0.3042,0.1181353002017218,0,-1,nan
S3_transport,F,7,8,5,0,MODEL_INADEQUATE,diagnostic,optimized,160.0,1.0,1.0,1.0,10,candidate_z,0.0628,0.31399999999999995,0.12055400131792737,0,-1,nan
S3_transport,F,7,8,5,0,MODEL_INADEQUATE,diagnostic,optimized,160.0,1.0,1.0,1.0,10,candidate_z,0.06476,0.3238,0.1226761446161575,0,-1,nan
S3_transport,F,7,8,5,0,MODEL_INADEQUATE,diagnostic,optimized,160.0,1.0,1.0,1.0,10,candidate_z,0.06672,0.3336,0.12449909981038587,1,-1,nan
S3_transport,F,7,8,5,0,MODEL_INADEQUATE,diagnostic,optimized,160.0,1.0,1.0,1.0,10,candidate_z,0.06868,0.3434,0.1260233163186797,0,-1,nan
S3_transport,F,7,8,5,0,MODEL_INADEQUATE,diagnostic,optimized,160.0,1.0,1.0,1.0,10,candidate_z,0.07064000000000001,0.3532,0.1272521419803354,0,-1,nan
S3_transport,F,7,8,5,0,MODEL_INADEQUATE,diagnostic,optimized,160.0,1.0,1.0,1.0,10,candidate_z,0.0726,0.363,0.12819160172666244,1,-1,nan
S3_transport,F,7,8,5,0,MODEL_INADEQUATE,diagnostic,optimized,160.0,1.0,1.0,1.0,10,candidate_z,0.07456,0.37279999999999996,0.1288501600274472,0,-1,nan
S3_transport,F,7,8,5,0,MODEL_INADEQUATE,diagnostic,optimized,160.0,1.0,1.0,1.0,10,candidate_z,0.07652,0.3826,0.12923844545958474,0,-1,nan
S3_transport,F,7,8,5,0,MODEL_INADEQUATE,diagnostic,optimized,160.0,1.0,1.0,1.0,10,candidate_z,0.07848,0.39239999999999997,0.12936896254071684,1,-1,nan
S3_transport,F,7,8,5,0,MODEL_INADEQUATE,diagnostic,optimized,160.0,1.0,1.0,1.0,10,candidate_z,0.08044,0.40219999999999995,0.12925581980410783,0,-1,nan
S3_transport,F,7,8,5,0,MODEL_INADEQUATE,diagnostic,optimized,160.0,1.0,1.0,1.0,10,candidate_z,0.0824,0.412,0.1289144509379625,0,-1,nan
S3_transport,F,7,8,5,0,MODEL_INADEQUATE,diagnostic,optimized,160.0,1.0,1.0,1.0,10,candidate_z,0.08436,0.4218,0.12836133755082102,1,-1,nan
S3_transport,F,7,8,5,0,MODEL_INADEQUATE,diagnostic,optimized,160.0,1.0,1.0,1.0,10,candidate_z,0.08632000000000001,0.43160000000000004,0.12761376561869042,0,-1,nan
S3_transport,F,7,8,5,0,MODEL_INADEQUATE,diagnostic,optimized,160.0,1.0,1.0,1.0,10,candidate_z,0.08828,0.44139999999999996,0.12668959253687007,0,-1,nan
S3_transport,F,7,8,5,0,MODEL_INADEQUATE,diagnostic,optimized,160.0,1.0,1.0,1.0,10,candidate_z,0.09024,0.4512,0.12560701839643684,1,-1,nan
S3_transport,F,7,8,5,0,MODEL_INADEQUATE,diagnostic,optimized,160.0,1.0,1.0,1.0,10,candidate_z,0.0922,0.461,0.12438439648461497,0,-1,nan
S3_transport,F,7,8,5,0,MODEL_INADEQUATE,diagnostic,optimized,160.0,1.0,1.0,1.0,10,candidate_z,0.09416,0.47079999999999994,0.12304006332745843,0,-1,nan
S3_transport,F,7,8,5,0,MODEL_INADEQUATE,diagnostic,optimized,160.0,1.0,1.0,1.0,10,candidate_z,0.09612,0.48059999999999997,0.12159216776009885,1,-1,nan
S3_transport,F,7,8,5,0,MODEL_INADEQUATE,diagnostic,optimized,160.0,1.0,1.0,1.0,10,candidate_z,0.09808,0.4904,0.12005853827365343,0,-1,nan
S3_transport,F,7,8,5,0,MODEL_INADEQUATE,diagnostic,optimized,160.0,1.0,1.0,1.0,10,candidate_z,0.10004,0.5002,0.11845657497912754,0,-1,nan
S3_transport,F,7,8,5,0,MODEL_INADEQUATE,diagnostic,optimized,160.0,1.0,1.0,1.0,10,candidate_z,0.10200000000000001,0.51,0.11680312922954528,0,-1,nan
S3_transport,F,7,8,5,0,MODEL_INADEQUATE,diagnostic,optimized,160.0,1.0,1.0,1.0,10,candidate_z,0.10396,0.5197999999999999,0.11511152720147066,0,-1,nan
S3_transport,F,7,8,5,0,MODEL_INADEQUATE,diagnostic,optimized,160.0,1.0,1.0,1.0,10,candidate_z,0.10592,0.5296,0.11340059390796853,0,-1,nan
S3_transport,F,7,8,5,0,MODEL_INADEQUATE,diagnostic,optimized,160.0,1.0,1.0,1.0,10,candidate_z,0.10788,0.5394,0.11168508928529519,0,-1,nan
S3_transport,F,7,8,5,0,MODEL_INADEQUATE,diagnostic,optimized,160.0,1.0,1.0,1.0,10,candidate_z,0.10984,0.5491999999999999,0.1099789731805032,0,-1,nan
S3_transport,F,7,8,5,0,MODEL_INADEQUATE,diagnostic,optimized,160.0,1.0,1.0,1.0,10,candidate_z,0.1118,0.5589999999999999,0.10829532928494956,0,-1,nan
S3_transport,F,7,8,5,0,MODEL_INADEQUATE,diagnostic,optimized,160.0,1.0,1.0,1.0,10,candidate_z,0.11376,0.5688,0.10664643751435676,0,-1,nan
S3_transport,F,7,8,5,0,MODEL_INADEQUATE,diagnostic,optimized,160.0,1.0,1.0,1.0,10,candidate_z,0.11572,0.5786,0.1050436870113245,0,-1,nan
S3_transport,F,7,8,5,0,MODEL_INADEQUATE,diagnostic,optimized,160.0,1.0,1.0,1.0,10,candidate_z,0.11768,0.5884,0.1034975872002164,0,-1,nan
S3_transport,F,7,8,5,0,MODEL_INADEQUATE,diagnostic,optimized,160.0,1.0,1.0,1.0,10,candidate_z,0.11964,0.5982,0.10201778478337076,0,-1,nan
S3_transport,F,7,8,5,0,MODEL_INADEQUATE,diagnostic,optimized,160.0,1.0,1.0,1.0,10,candidate_z,0.1216,0.608,0.1006130512093435,0,-1,nan
S3_transport,F,7,8,5,0,MODEL_INADEQUATE,diagnostic,optimized,160.0,1.0,1.0,1.0,10,candidate_z,0.12356,0.6178,0.09929129597635011,0,-1,nan
S3_transport,F,7,8,5,0,MODEL_INADEQUATE,diagnostic,optimized,160.0,1.0,1.0,1.0,10,candidate_z,0.12552,0.6275999999999999,0.09805959324549463,0,-1,nan
S3_transport,F,7,8,5,0,MODEL_INADEQUATE,diagnostic,optimized,160.0,1.0,1.0,1.0,10,candidate_z,0.12747999999999998,0.6373999999999999,0.09692420680722336,0,-1,nan
S3_transport,F,7,8,5,0,MODEL_INADEQUATE,diagnostic,optimized,160.0,1.0,1.0,1.0,10,candidate_z,0.12944,0.6472,0.09589061960259215,0,-1,nan
S3_transport,F,7,8,5,0,MODEL_INADEQUATE,diagnostic,optimized,160.0,1.0,1.0,1.0,10,candidate_z,0.1314,0.6569999999999999,0.09496354189188594,0,-1,nan
S3_transport,F,7,8,5,0,MODEL_INADEQUATE,diagnostic,optimized,160.0,1.0,1.0,1.0,10,candidate_z,0.13336,0.6668,0.09414695536664652,0,-1,nan
S3_transport,F,7,8,5,0,MODEL_INADEQUATE,diagnostic,optimized,160.0,1.0,1.0,1.0,10,candidate_z,0.13532,0.6766,0.09344414705982018,0,-1,nan
S3_transport,F,7,8,5,0,MODEL_INADEQUATE,diagnostic,optimized,160.0,1.0,1.0,1.0,10,candidate_z,0.13728,0.6864,0.09285774405856984,0,-1,nan
S3_transport,F,7,8,5,0,MODEL_INADEQUATE,diagnostic,optimized,160.0,1.0,1.0,1.0,10,candidate_z,0.13924,0.6961999999999999,0.0923897450066633,0,-1,nan
S3_transport,F,7,8,5,0,MODEL_INADEQUATE,diagnostic,optimized,160.0,1.0,1.0,1.0,10,candidate_z,0.1412,0.706,0.0920415577438547,0,-1,nan
S3_transport,F,7,8,5,0,MODEL_INADEQUATE,diagnostic,optimized,160.0,1.0,1.0,1.0,10,candidate_z,0.14316,0.7158,0.09181403683905387,0,-1,nan
S3_transport,F,7,8,5,0,MODEL_INADEQUATE,diagnostic,optimized,160.0,1.0,1.0,1.0,10,candidate_z,0.14512,0.7255999999999999,0.09170752078706812,0,-1,nan
S3_transport,F,7,8,5,0,MODEL_INADEQUATE,diagnostic,optimized,160.0,1.0,1.0,1.0,10,candidate_z,0.14708,0.7353999999999999,0.091721867391648,0,-1,nan
S3_transport,F,7,8,5,0,MODEL_INADEQUATE,diagnostic,optimized,160.0,1.0,1.0,1.0,10,candidate_z,0.14904,0.7452,0.09185648911432764,0,-1,nan
S3_transport,F,7,8,5,0,MODEL_INADEQUATE,diagnostic,optimized,160.0,1.0,1.0,1.0,10,candidate_z,0.151,0.7549999999999999,0.09211038944828687,0,-1,nan
S3_transport,F,7,8,5,0,MODEL_INADEQUATE,diagnostic,optimized,160.0,1.0,1.0,1.0,10,candidate_z,0.15295999999999998,0.7647999999999999,0.09248219756211284,0,-1,nan
S3_transport,F,7,8,5,0,MODEL_INADEQUATE,diagnostic,optimized,160.0,1.0,1.0,1.0,10,candidate_z,0.15492,0.7746,0.0929702017157723,0,-1,nan
S3_transport,F,7,8,5,0,MODEL_INADEQUATE,diagnostic,optimized,160.0,1.0,1.0,1.0,10,candidate_z,0.15688,0.7843999999999999,0.09357238177326366,0,-1,nan
S3_transport,F,7,8,5,0,MODEL_INADEQUATE,diagnostic,optimized,160.0,1.0,1.0,1.0,10,candidate_z,0.15884,0.7942,0.09428644079571313,0,-1,nan
S3_transport,F,7,8,5,0,MODEL_INADEQUATE,diagnostic,optimized,160.0,1.0,1.0,1.0,10,candidate_z,0.1608,0.8039999999999999,0.09510983513774107,0,-1,nan
S3_transport,F,7,8,5,0,MODEL_INADEQUATE,diagnostic,optimized,160.0,1.0,1.0,1.0,10,candidate_z,0.16276,0.8137999999999999,0.09603980320352434,0,-1,nan
S3_transport,F,7,8,5,0,MODEL_INADEQUATE,diagnostic,optimized,160.0,1.0,1.0,1.0,10,candidate_z,0.16472,0.8236,0.0970733916414872,0,-1,nan
S3_transport,F,7,8,5,0,MODEL_INADEQUATE,diagnostic,optimized,160.0,1.0,1.0,1.0,10,candidate_z,0.16668,0.8333999999999999,0.09820748192058204,0,-1,nan
S3_transport,F,7,8,5,0,MODEL_INADEQUATE,diagnostic,optimized,160.0,1.0,1.0,1.0,10,candidate_z,0.16864,0.8432000000000001,0.09943881642328023,0,-1,nan
S3_transport,F,7,8,5,0,MODEL_INADEQUATE,diagnostic,optimized,160.0,1.0,1.0,1.0,10,candidate_z,0.1706,0.853,0.10076401955857506,0,-1,nan
S3_transport,F,7,8,5,0,MODEL_INADEQUATE,diagnostic,optimized,160.0,1.0,1.0,1.0,10,candidate_z,0.17256,0.8627999999999999,0.10217961789829388,0,-1,nan
S3_transport,F,7,8,5,0,MODEL_INADEQUATE,diagnostic,optimized,160.0,1.0,1.0,1.0,10,candidate_z,0.17452,0.8726,0.10368205991018442,0,-1,nan
S3_transport,F,7,8,5,0,MODEL_INADEQUATE,diagnostic,optimized,160.0,1.0,1.0,1.0,10,candidate_z,0.17648,0.8824,0.10526774212163303,0,-1,nan
S3_transport,F,7,8,5,0,MODEL_INADEQUATE,diagnostic,optimized,160.0,1.0,1.0,1.0,10,candidate_z,0.17844,0.8921999999999999,0.1069330195734608,0,-1,nan
S3_transport,F,7,8,5,0,MODEL_INADEQUATE,diagnostic,optimized,160.0,1.0,1.0,1.0,10,candidate_z,0.1804,0.902,0.108674223855175,0,-1,nan
S3_transport,F,7,8,5,0,MODEL_INADEQUATE,diagnostic,optimized,160.0,1.0,1.0,1.0,10,candidate_z,0.18236,0.9117999999999999,0.11048767394414227,1,-1,nan
S3_transport,F,7,8,5,0,MODEL_INADEQUATE,diagnostic,optimized,160.0,1.0,1.0,1.0,10,candidate_z,0.18431999999999998,0.9215999999999999,0.11236968537873793,0,-1,nan
S3_transport,F,7,8,5,0,MODEL_INADEQUATE,diagnostic,optimized,160.0,1.0,1.0,1.0,10,candidate_z,0.18628,0.9314,0.11431660223690443,0,-1,nan
S3_transport,F,7,8,5,0,MODEL_INADEQUATE,diagnostic,optimized,160.0,1.0,1.0,1.0,10,candidate_z,0.18824,0.9411999999999999,0.11632479169158927,1,-1,nan
S3_transport,F,7,8,5,0,MODEL_INADEQUATE,diagnostic,optimized,160.0,1.0,1.0,1.0,10,candidate_z,0.1902,0.951,0.11839065863132703,0,-1,nan
S3_transport,F,7,8,5,0,MODEL_INADEQUATE,diagnostic,optimized,160.0,1.0,1.0,1.0,10,candidate_z,0.19216,0.9608,0.12051065092392577,0,-1,nan
S3_transport,F,7,8,5,0,MODEL_INADEQUATE,diagnostic,optimized,160.0,1.0,1.0,1.0,10,candidate_z,0.19412,0.9705999999999999,0.1226812600950069,1,-1,nan
S3_transport,F,7,8,5,0,MODEL_INADEQUATE,diagnostic,optimized,160.0,1.0,1.0,1.0,10,candidate_z,0.19608,0.9803999999999999,0.12489905162696857,0,-1,nan
S3_transport,F,7,8,5,0,MODEL_INADEQUATE,diagnostic,optimized,160.0,1.0,1.0,1.0,10,candidate_z,0.19804,0.9902,0.12716065675031274,0,-1,nan
S3_transport,F,7,8,5,0,MODEL_INADEQUATE,diagnostic,optimized,160.0,1.0,1.0,1.0,10,candidate_z,0.2,1.0,0.1294627833408981,1,-1,nan
S3_transport,F,7,8,5,0,MODEL_INADEQUATE,diagnostic,optimized,160.0,1.0,1.0,1.0,10,selected_z,0.2,1.0,nan,1,1,0.1294627833408981
S3_transport,F,7,8,5,0,MODEL_INADEQUATE,diagnostic,optimized,160.0,1.0,1.0,1.0,10,selected_z,0.07848,0.39239999999999997,nan,1,2,0.1291559611075641
S3_transport,F,7,8,5,0,MODEL_INADEQUATE,diagnostic,optimized,160.0,1.0,1.0,1.0,10,selected_z,0.0726,0.363,nan,1,3,0.12015883103851621
S3_transport,F,7,8,5,0,MODEL_INADEQUATE,diagnostic,optimized,160.0,1.0,1.0,1.0,10,selected_z,0.19412,0.9705999999999999,nan,1,4,0.11470909367357507
S3_transport,F,7,8,5,0,MODEL_INADEQUATE,diagnostic,optimized,160.0,1.0,1.0,1.0,10,selected_z,0.08436,0.4218,nan,1,5,0.11291007083978855
S3_transport,F,7,8,5,0,MODEL_INADEQUATE,diagnostic,optimized,160.0,1.0,1.0,1.0,10,selected_z,0.09024,0.4512,nan,1,6,0.10430874734156248
S3_transport,F,7,8,5,0,MODEL_INADEQUATE,diagnostic,optimized,160.0,1.0,1.0,1.0,10,selected_z,0.18824,0.9411999999999999,nan,1,7,0.10166453719216406
S3_transport,F,7,8,5,0,MODEL_INADEQUATE,diagnostic,optimized,160.0,1.0,1.0,1.0,10,selected_z,0.06672,0.3336,nan,1,8,0.09895767932911781
S3_transport,F,7,8,5,0,MODEL_INADEQUATE,diagnostic,optimized,160.0,1.0,1.0,1.0,10,selected_z,0.18236,0.9117999999999999,nan,1,9,0.09114814326518683
S3_transport,F,7,8,5,0,MODEL_INADEQUATE,diagnostic,optimized,160.0,1.0,1.0,1.0,10,selected_z,0.09612,0.48059999999999997,nan,1,10,0.09018491917350246
S3_transport,F,7,8,5,0,MODEL_INADEQUATE,diagnostic,optimized,160.0,1.0,1.0,1.0,10,final_z,0.068288,0.34143999999999997,nan,1,-1,nan
S3_transport,F,7,8,5,0,MODEL_INADEQUATE,diagnostic,optimized,160.0,1.0,1.0,1.0,10,final_z,0.0726,0.363,nan,1,-1,nan
S3_transport,F,7,8,5,0,MODEL_INADEQUATE,diagnostic,optimized,160.0,1.0,1.0,1.0,10,final_z,0.076912,0.38455999999999996,nan,1,-1,nan
S3_transport,F,7,8,5,0,MODEL_INADEQUATE,diagnostic,optimized,160.0,1.0,1.0,1.0,10,final_z,0.081224,0.40612,nan,1,-1,nan
S3_transport,F,7,8,5,0,MODEL_INADEQUATE,diagnostic,optimized,160.0,1.0,1.0,1.0,10,final_z,0.08632,0.43159999999999993,nan,1,-1,nan
S3_transport,F,7,8,5,0,MODEL_INADEQUATE,diagnostic,optimized,160.0,1.0,1.0,1.0,10,final_z,0.09219999999999999,0.4609999999999999,nan,1,-1,nan
S3_transport,F,7,8,5,0,MODEL_INADEQUATE,diagnostic,optimized,160.0,1.0,1.0,1.0,10,final_z,0.18627999999999997,0.9313999999999998,nan,1,-1,nan
S3_transport,F,7,8,5,0,MODEL_INADEQUATE,diagnostic,optimized,160.0,1.0,1.0,1.0,10,final_z,0.191376,0.95688,nan,1,-1,nan
S3_transport,F,7,8,5,0,MODEL_INADEQUATE,diagnostic,optimized,160.0,1.0,1.0,1.0,10,final_z,0.19568799999999997,0.9784399999999999,nan,1,-1,nan
S3_transport,F,7,8,5,0,MODEL_INADEQUATE,diagnostic,optimized,160.0,1.0,1.0,1.0,10,final_z,0.2,1.0,nan,1,-1,nan
S3_transport,F,7,8,6,0,MODEL_INADEQUATE,diagnostic,optimized,100.0,0.5,1.0,1.0,10,candidate_z,0.004,0.02,0.00023996095033140818,0,-1,nan
S3_transport,F,7,8,6,0,MODEL_INADEQUATE,diagnostic,optimized,100.0,0.5,1.0,1.0,10,candidate_z,0.00596,0.0298,0.00045428437692862644,0,-1,nan
S3_transport,F,7,8,6,0,MODEL_INADEQUATE,diagnostic,optimized,100.0,0.5,1.0,1.0,10,candidate_z,0.00792,0.039599999999999996,0.000732258112286388,0,-1,nan
S3_transport,F,7,8,6,0,MODEL_INADEQUATE,diagnostic,optimized,100.0,0.5,1.0,1.0,10,candidate_z,0.00988,0.0494,0.0010703188964029664,0,-1,nan
S3_transport,F,7,8,6,0,MODEL_INADEQUATE,diagnostic,optimized,100.0,0.5,1.0,1.0,10,candidate_z,0.01184,0.059199999999999996,0.0014651138736994085,0,-1,nan
S3_transport,F,7,8,6,0,MODEL_INADEQUATE,diagnostic,optimized,100.0,0.5,1.0,1.0,10,candidate_z,0.0138,0.06899999999999999,0.0019135251327000447,0,-1,nan
S3_transport,F,7,8,6,0,MODEL_INADEQUATE,diagnostic,optimized,100.0,0.5,1.0,1.0,10,candidate_z,0.01576,0.0788,0.0024126796214645196,0,-1,nan
S3_transport,F,7,8,6,0,MODEL_INADEQUATE,diagnostic,optimized,100.0,0.5,1.0,1.0,10,candidate_z,0.01772,0.0886,0.002959949898844627,0,-1,nan
S3_transport,F,7,8,6,0,MODEL_INADEQUATE,diagnostic,optimized,100.0,0.5,1.0,1.0,10,candidate_z,0.01968,0.09839999999999999,0.003552944216444587,0,-1,nan
S3_transport,F,7,8,6,0,MODEL_INADEQUATE,diagnostic,optimized,100.0,0.5,1.0,1.0,10,candidate_z,0.02164,0.10819999999999999,0.0041894914822009355,0,-1,nan
S3_transport,F,7,8,6,0,MODEL_INADEQUATE,diagnostic,optimized,100.0,0.5,1.0,1.0,10,candidate_z,0.0236,0.118,0.004867625014426835,0,-1,nan
S3_transport,F,7,8,6,0,MODEL_INADEQUATE,diagnostic,optimized,100.0,0.5,1.0,1.0,10,candidate_z,0.02556,0.1278,0.00558555820990847,0,-1,nan
S3_transport,F,7,8,6,0,MODEL_INADEQUATE,diagnostic,optimized,100.0,0.5,1.0,1.0,10,candidate_z,0.02752,0.1376,0.006341675737395747,0,-1,nan
S3_transport,F,7,8,6,0,MODEL_INADEQUATE,diagnostic,optimized,100.0,0.5,1.0,1.0,10,candidate_z,0.02948,0.14739999999999998,0.007134508428158881,0,-1,nan
S3_transport,F,7,8,6,0,MODEL_INADEQUATE,diagnostic,optimized,100.0,0.5,1.0,1.0,10,candidate_z,0.031439999999999996,0.15719999999999998,0.007962725087438116,0,-1,nan
S3_transport,F,7,8,6,0,MODEL_INADEQUATE,diagnostic,optimized,100.0,0.5,1.0,1.0,10,candidate_z,0.0334,0.16699999999999998,0.008825118792401554,0,-1,nan
S3_transport,F,7,8,6,0,MODEL_INADEQUATE,diagnostic,optimized,100.0,0.5,1.0,1.0,10,candidate_z,0.03536,0.1768,0.009720593755154994,0,-1,nan
S3_transport,F,7,8,6,0,MODEL_INADEQUATE,diagnostic,optimized,100.0,0.5,1.0,1.0,10,candidate_z,0.037320000000000006,0.18660000000000002,0.010648167541816633,0,-1,nan
S3_transport,F,7,8,6,0,MODEL_INADEQUATE,diagnostic,optimized,100.0,0.5,1.0,1.0,10,candidate_z,0.039279999999999995,0.19639999999999996,0.011606952592977393,0,-1,nan
S3_transport,F,7,8,6,0,MODEL_INADEQUATE,diagnostic,optimized,100.0,0.5,1.0,1.0,10,candidate_z,0.04124,0.2062,0.012596159819644015,0,-1,nan
S3_transport,F,7,8,6,0,MODEL_INADEQUATE,diagnostic,optimized,100.0,0.5,1.0,1.0,10,candidate_z,0.0432,0.216,0.013615089646947354,0,-1,nan
S3_transport,F,7,8,6,0,MODEL_INADEQUATE,diagnostic,optimized,100.0,0.5,1.0,1.0,10,candidate_z,0.045160000000000006,0.22580000000000003,0.014663129229866456,0,-1,nan
S3_transport,F,7,8,6,0,MODEL_INADEQUATE,diagnostic,optimized,100.0,0.5,1.0,1.0,10,candidate_z,0.047119999999999995,0.23559999999999998,0.01573975136755479,0,-1,nan
S3_transport,F,7,8,6,0,MODEL_INADEQUATE,diagnostic,optimized,100.0,0.5,1.0,1.0,10,candidate_z,0.04908,0.24539999999999998,0.016844503821197065,0,-1,nan
S3_transport,F,7,8,6,0,MODEL_INADEQUATE,diagnostic,optimized,100.0,0.5,1.0,1.0,10,candidate_z,0.05104,0.2552,0.01797700406559244,0,-1,nan
S3_transport,F,7,8,6,0,MODEL_INADEQUATE,diagnostic,optimized,100.0,0.5,1.0,1.0,10,candidate_z,0.053000000000000005,0.265,0.01913696354339578,0,-1,nan
S3_transport,F,7,8,6,0,MODEL_INADEQUATE,diagnostic,optimized,100.0,0.5,1.0,1.0,10,candidate_z,0.054959999999999995,0.27479999999999993,0.020324126353870042,0,-1,nan
S3_transport,F,7,8,6,0,MODEL_INADEQUATE,diagnostic,optimized,100.0,0.5,1.0,1.0,10,candidate_z,0.05692,0.28459999999999996,0.021538333388463116,0,-1,nan
S3_transport,F,7,8,6,0,MODEL_INADEQUATE,diagnostic,optimized,100.0,0.5,1.0,1.0,10,candidate_z,0.05888,0.2944,0.02277946219857796,0,-1,nan
S3_transport,F,7,8,6,0,MODEL_INADEQUATE,diagnostic,optimized,100.0,0.5,1.0,1.0,10,candidate_z,0.060840000000000005,0.3042,0.024047441287507354,0,-1,nan
S3_transport,F,7,8,6,0,MODEL_INADEQUATE,diagnostic,optimized,100.0,0.5,1.0,1.0,10,candidate_z,0.0628,0.31399999999999995,0.02534226190657307,0,-1,nan
S3_transport,F,7,8,6,0,MODEL_INADEQUATE,diagnostic,optimized,100.0,0.5,1.0,1.0,10,candidate_z,0.06476,0.3238,0.026663947993405657,0,-1,nan
S3_transport,F,7,8,6,0,MODEL_INADEQUATE,diagnostic,optimized,100.0,0.5,1.0,1.0,10,candidate_z,0.06672,0.3336,0.028012560740762638,0,-1,nan
S3_transport,F,7,8,6,0,MODEL_INADEQUATE,diagnostic,optimized,100.0,0.5,1.0,1.0,10,candidate_z,0.06868,0.3434,0.029388195159540942,0,-1,nan
S3_transport,F,7,8,6,0,MODEL_INADEQUATE,diagnostic,optimized,100.0,0.5,1.0,1.0,10,candidate_z,0.07064000000000001,0.3532,0.030790970250521355,0,-1,nan
S3_transport,F,7,8,6,0,MODEL_INADEQUATE,diagnostic,optimized,100.0,0.5,1.0,1.0,10,candidate_z,0.0726,0.363,0.03222101476486472,0,-1,nan
S3_transport,F,7,8,6,0,MODEL_INADEQUATE,diagnostic,optimized,100.0,0.5,1.0,1.0,10,candidate_z,0.07456,0.37279999999999996,0.033678474734379904,0,-1,nan
S3_transport,F,7,8,6,0,MODEL_INADEQUATE,diagnostic,optimized,100.0,0.5,1.0,1.0,10,candidate_z,0.07652,0.3826,0.03516354130763233,0,-1,nan
S3_transport,F,7,8,6,0,MODEL_INADEQUATE,diagnostic,optimized,100.0,0.5,1.0,1.0,10,candidate_z,0.07848,0.39239999999999997,0.03667631696317386,0,-1,nan
S3_transport,F,7,8,6,0,MODEL_INADEQUATE,diagnostic,optimized,100.0,0.5,1.0,1.0,10,candidate_z,0.08044,0.40219999999999995,0.03821701347931139,0,-1,nan
S3_transport,F,7,8,6,0,MODEL_INADEQUATE,diagnostic,optimized,100.0,0.5,1.0,1.0,10,candidate_z,0.0824,0.412,0.03978570561408645,0,-1,nan
S3_transport,F,7,8,6,0,MODEL_INADEQUATE,diagnostic,optimized,100.0,0.5,1.0,1.0,10,candidate_z,0.08436,0.4218,0.04138261727486281,0,-1,nan
S3_transport,F,7,8,6,0,MODEL_INADEQUATE,diagnostic,optimized,100.0,0.5,1.0,1.0,10,candidate_z,0.08632000000000001,0.43160000000000004,0.04300778117406168,0,-1,nan
S3_transport,F,7,8,6,0,MODEL_INADEQUATE,diagnostic,optimized,100.0,0.5,1.0,1.0,10,candidate_z,0.08828,0.44139999999999996,0.04466131589396127,0,-1,nan
S3_transport,F,7,8,6,0,MODEL_INADEQUATE,diagnostic,optimized,100.0,0.5,1.0,1.0,10,candidate_z,0.09024,0.4512,0.04634328010339317,0,-1,nan
S3_transport,F,7,8,6,0,MODEL_INADEQUATE,diagnostic,optimized,100.0,0.5,1.0,1.0,10,candidate_z,0.0922,0.461,0.0480536651664778,0,-1,nan
S3_transport,F,7,8,6,0,MODEL_INADEQUATE,diagnostic,optimized,100.0,0.5,1.0,1.0,10,candidate_z,0.09416,0.47079999999999994,0.04979250627785348,0,-1,nan
S3_transport,F,7,8,6,0,MODEL_INADEQUATE,diagnostic,optimized,100.0,0.5,1.0,1.0,10,candidate_z,0.09612,0.48059999999999997,0.05155970209646199,0,-1,nan
S3_transport,F,7,8,6,0,MODEL_INADEQUATE,diagnostic,optimized,100.0,0.5,1.0,1.0,10,candidate_z,0.09808,0.4904,0.05335515244358646,0,-1,nan
S3_transport,F,7,8,6,0,MODEL_INADEQUATE,diagnostic,optimized,100.0,0.5,1.0,1.0,10,candidate_z,0.10004,0.5002,0.05517873738212131,0,-1,nan
S3_transport,F,7,8,6,0,MODEL_INADEQUATE,diagnostic,optimized,100.0,0.5,1.0,1.0,10,candidate_z,0.10200000000000001,0.51,0.05703021162285893,0,-1,nan
S3_transport,F,7,8,6,0,MODEL_INADEQUATE,diagnostic,optimized,100.0,0.5,1.0,1.0,10,candidate_z,0.10396,0.5197999999999999,0.05890906063898882,0,-1,nan
S3_transport,F,7,8,6,0,MODEL_INADEQUATE,diagnostic,optimized,100.0,0.5,1.0,1.0,10,candidate_z,0.10592,0.5296,0.060815283804352305,0,-1,nan
S3_transport,F,7,8,6,0,MODEL_INADEQUATE,diagnostic,optimized,100.0,0.5,1.0,1.0,10,candidate_z,0.10788,0.5394,0.06274847290975316,0,-1,nan
S3_transport,F,7,8,6,0,MODEL_INADEQUATE,diagnostic,optimized,100.0,0.5,1.0,1.0,10,candidate_z,0.10984,0.5491999999999999,0.06470822887872174,0,-1,nan
S3_transport,F,7,8,6,0,MODEL_INADEQUATE,diagnostic,optimized,100.0,0.5,1.0,1.0,10,candidate_z,0.1118,0.5589999999999999,0.06669407528809046,0,-1,nan
S3_transport,F,7,8,6,0,MODEL_INADEQUATE,diagnostic,optimized,100.0,0.5,1.0,1.0,10,candidate_z,0.11376,0.5688,0.06870547827791285,0,-1,nan
S3_transport,F,7,8,6,0,MODEL_INADEQUATE,diagnostic,optimized,100.0,0.5,1.0,1.0,10,candidate_z,0.11572,0.5786,0.07074184665638228,0,-1,nan
S3_transport,F,7,8,6,0,MODEL_INADEQUATE,diagnostic,optimized,100.0,0.5,1.0,1.0,10,candidate_z,0.11768,0.5884,0.07280253230330658,0,-1,nan
S3_transport,F,7,8,6,0,MODEL_INADEQUATE,diagnostic,optimized,100.0,0.5,1.0,1.0,10,candidate_z,0.11964,0.5982,0.07488683097339077,0,-1,nan
S3_transport,F,7,8,6,0,MODEL_INADEQUATE,diagnostic,optimized,100.0,0.5,1.0,1.0,10,candidate_z,0.1216,0.608,0.07699398318770534,0,-1,nan
S3_transport,F,7,8,6,0,MODEL_INADEQUATE,diagnostic,optimized,100.0,0.5,1.0,1.0,10,candidate_z,0.12356,0.6178,0.07912317508483824,0,-1,nan
S3_transport,F,7,8,6,0,MODEL_INADEQUATE,diagnostic,optimized,100.0,0.5,1.0,1.0,10,candidate_z,0.12552,0.6275999999999999,0.08127354190391856,0,-1,nan
S3_transport,F,7,8,6,0,MODEL_INADEQUATE,diagnostic,optimized,100.0,0.5,1.0,1.0,10,candidate_z,0.12747999999999998,0.6373999999999999,0.0834441685969125,0,-1,nan
S3_transport,F,7,8,6,0,MODEL_INADEQUATE,diagnostic,optimized,100.0,0.5,1.0,1.0,10,candidate_z,0.12944,0.6472,0.08563409208991146,0,-1,nan
S3_transport,F,7,8,6,0,MODEL_INADEQUATE,diagnostic,optimized,100.0,0.5,1.0,1.0,10,candidate_z,0.1314,0.6569999999999999,0.08784230384761571,0,-1,nan
S3_transport,F,7,8,6,0,MODEL_INADEQUATE,diagnostic,optimized,100.0,0.5,1.0,1.0,10,candidate_z,0.13336,0.6668,0.09006775250535526,0,-1,nan
S3_transport,F,7,8,6,0,MODEL_INADEQUATE,diagnostic,optimized,100.0,0.5,1.0,1.0,10,candidate_z,0.13532,0.6766,0.09230934666892665,0,-1,nan
S3_transport,F,7,8,6,0,MODEL_INADEQUATE,diagnostic,optimized,100.0,0.5,1.0,1.0,10,candidate_z,0.13728,0.6864,0.09456595788996935,0,-1,nan
S3_transport,F,7,8,6,0,MODEL_INADEQUATE,diagnostic,optimized,100.0,0.5,1.0,1.0,10,candidate_z,0.13924,0.6961999999999999,0.09683642296138828,0,-1,nan
S3_transport,F,7,8,6,0,MODEL_INADEQUATE,diagnostic,optimized,100.0,0.5,1.0,1.0,10,candidate_z,0.1412,0.706,0.09911954844044857,0,-1,nan
S3_transport,F,7,8,6,0,MODEL_INADEQUATE,diagnostic,optimized,100.0,0.5,1.0,1.0,10,candidate_z,0.14316,0.7158,0.10141411396202926,0,-1,nan
S3_transport,F,7,8,6,0,MODEL_INADEQUATE,diagnostic,optimized,100.0,0.5,1.0,1.0,10,candidate_z,0.14512,0.7255999999999999,0.10371887498244803,0,-1,nan
S3_transport,F,7,8,6,0,MODEL_INADEQUATE,diagnostic,optimized,100.0,0.5,1.0,1.0,10,candidate_z,0.14708,0.7353999999999999,0.10603256632187907,1,-1,nan
S3_transport,F,7,8,6,0,MODEL_INADEQUATE,diagnostic,optimized,100.0,0.5,1.0,1.0,10,candidate_z,0.14904,0.7452,0.10835390576603743,0,-1,nan
S3_transport,F,7,8,6,0,MODEL_INADEQUATE,diagnostic,optimized,100.0,0.5,1.0,1.0,10,candidate_z,0.151,0.7549999999999999,0.11068159760126406,0,-1,nan
S3_transport,F,7,8,6,0,MODEL_INADEQUATE,diagnostic,optimized,100.0,0.5,1.0,1.0,10,candidate_z,0.15295999999999998,0.7647999999999999,0.11301433612006662,1,-1,nan
S3_transport,F,7,8,6,0,MODEL_INADEQUATE,diagnostic,optimized,100.0,0.5,1.0,1.0,10,candidate_z,0.15492,0.7746,0.11535080889031235,0,-1,nan
S3_transport,F,7,8,6,0,MODEL_INADEQUATE,diagnostic,optimized,100.0,0.5,1.0,1.0,10,candidate_z,0.15688,0.7843999999999999,0.11768970006901469,0,-1,nan
S3_transport,F,7,8,6,0,MODEL_INADEQUATE,diagnostic,optimized,100.0,0.5,1.0,1.0,10,candidate_z,0.15884,0.7942,0.1200296945751873,1,-1,nan
S3_transport,F,7,8,6,0,MODEL_INADEQUATE,diagnostic,optimized,100.0,0.5,1.0,1.0,10,candidate_z,0.1608,0.8039999999999999,0.12236948142364668,0,-1,nan
S3_transport,F,7,8,6,0,MODEL_INADEQUATE,diagnostic,optimized,100.0,0.5,1.0,1.0,10,candidate_z,0.16276,0.8137999999999999,0.1247077562322616,0,-1,nan
S3_transport,F,7,8,6,0,MODEL_INADEQUATE,diagnostic,optimized,100.0,0.5,1.0,1.0,10,candidate_z,0.16472,0.8236,0.12704322473641838,1,-1,nan
S3_transport,F,7,8,6,0,MODEL_INADEQUATE,diagnostic,optimized,100.0,0.5,1.0,1.0,10,candidate_z,0.16668,0.8333999999999999,0.12937460584497984,0,-1,nan
S3_transport,F,7,8,6,0,MODEL_INADEQUATE,diagnostic,optimized,100.0,0.5,1.0,1.0,10,candidate_z,0.16864,0.8432000000000001,0.13170063458914427,0,-1,nan
S3_transport,F,7,8,6,0,MODEL_INADEQUATE,diagnostic,optimized,100.0,0.5,1.0,1.0,10,candidate_z,0.1706,0.853,0.13402006495196872,1,-1,nan
S3_transport,F,7,8,6,0,MODEL_INADEQUATE,diagnostic,optimized,100.0,0.5,1.0,1.0,10,candidate_z,0.17256,0.8627999999999999,0.1363316722020329,0,-1,nan
S3_transport,F,7,8,6,0,MODEL_INADEQUATE,diagnostic,optimized,100.0,0.5,1.0,1.0,10,candidate_z,0.17452,0.8726,0.1386342554633231,0,-1,nan
S3_transport,F,7,8,6,0,MODEL_INADEQUATE,diagnostic,optimized,100.0,0.5,1.0,1.0,10,candidate_z,0.17648,0.8824,0.14092664155338497,1,-1,nan
S3_transport,F,7,8,6,0,MODEL_INADEQUATE,diagnostic,optimized,100.0,0.5,1.0,1.0,10,candidate_z,0.17844,0.8921999999999999,0.14320768559398545,0,-1,nan
S3_transport,F,7,8,6,0,MODEL_INADEQUATE,diagnostic,optimized,100.0,0.5,1.0,1.0,10,candidate_z,0.1804,0.902,0.14547627364935067,0,-1,nan
S3_transport,F,7,8,6,0,MODEL_INADEQUATE,diagnostic,optimized,100.0,0.5,1.0,1.0,10,candidate_z,0.18236,0.9117999999999999,0.1477313246805565,1,-1,nan
S3_transport,F,7,8,6,0,MODEL_INADEQUATE,diagnostic,optimized,100.0,0.5,1.0,1.0,10,candidate_z,0.18431999999999998,0.9215999999999999,0.14997179233455427,0,-1,nan
S3_transport,F,7,8,6,0,MODEL_INADEQUATE,diagnostic,optimized,100.0,0.5,1.0,1.0,10,candidate_z,0.18628,0.9314,0.15219666658657616,0,-1,nan
S3_transport,F,7,8,6,0,MODEL_INADEQUATE,diagnostic,optimized,100.0,0.5,1.0,1.0,10,candidate_z,0.18824,0.9411999999999999,0.15440497516834029,1,-1,nan
S3_transport,F,7,8,6,0,MODEL_INADEQUATE,diagnostic,optimized,100.0,0.5,1.0,1.0,10,candidate_z,0.1902,0.951,0.15659578465595558,0,-1,nan
S3_transport,F,7,8,6,0,MODEL_INADEQUATE,diagnostic,optimized,100.0,0.5,1.0,1.0,10,candidate_z,0.19216,0.9608,0.15876820198541708,0,-1,nan
S3_transport,F,7,8,6,0,MODEL_INADEQUATE,diagnostic,optimized,100.0,0.5,1.0,1.0,10,candidate_z,0.19412,0.9705999999999999,0.16092137568763576,1,-1,nan
S3_transport,F,7,8,6,0,MODEL_INADEQUATE,diagnostic,optimized,100.0,0.5,1.0,1.0,10,candidate_z,0.19608,0.9803999999999999,0.16305449633458124,0,-1,nan
S3_transport,F,7,8,6,0,MODEL_INADEQUATE,diagnostic,optimized,100.0,0.5,1.0,1.0,10,candidate_z,0.19804,0.9902,0.16516679740092144,0,-1,nan
S3_transport,F,7,8,6,0,MODEL_INADEQUATE,diagnostic,optimized,100.0,0.5,1.0,1.0,10,candidate_z,0.2,1.0,0.16725755585558488,1,-1,nan
S3_transport,F,7,8,6,0,MODEL_INADEQUATE,diagnostic,optimized,100.0,0.5,1.0,1.0,10,selected_z,0.2,1.0,nan,1,1,0.16725755585558488
S3_transport,F,7,8,6,0,MODEL_INADEQUATE,diagnostic,optimized,100.0,0.5,1.0,1.0,10,selected_z,0.19412,0.9705999999999999,nan,1,2,0.14687265466572796
S3_transport,F,7,8,6,0,MODEL_INADEQUATE,diagnostic,optimized,100.0,0.5,1.0,1.0,10,selected_z,0.18824,0.9411999999999999,nan,1,3,0.1303026061864685
S3_transport,F,7,8,6,0,MODEL_INADEQUATE,diagnostic,optimized,100.0,0.5,1.0,1.0,10,selected_z,0.18236,0.9117999999999999,nan,1,4,0.11648524722369302
S3_transport,F,7,8,6,0,MODEL_INADEQUATE,diagnostic,optimized,100.0,0.5,1.0,1.0,10,selected_z,0.17648,0.8824,nan,1,5,0.1047270744037263
S3_transport,F,7,8,6,0,MODEL_INADEQUATE,diagnostic,optimized,100.0,0.5,1.0,1.0,10,selected_z,0.1706,0.853,nan,1,6,0.09455528274442315
S3_transport,F,7,8,6,0,MODEL_INADEQUATE,diagnostic,optimized,100.0,0.5,1.0,1.0,10,selected_z,0.16472,0.8236,nan,1,7,0.0856361289682539
S3_transport,F,7,8,6,0,MODEL_INADEQUATE,diagnostic,optimized,100.0,0.5,1.0,1.0,10,selected_z,0.15884,0.7942,nan,1,8,0.07772723522688807
S3_transport,F,7,8,6,0,MODEL_INADEQUATE,diagnostic,optimized,100.0,0.5,1.0,1.0,10,selected_z,0.15295999999999998,0.7647999999999999,nan,1,9,0.07064836597943724
S3_transport,F,7,8,6,0,MODEL_INADEQUATE,diagnostic,optimized,100.0,0.5,1.0,1.0,10,selected_z,0.14708,0.7353999999999999,nan,1,10,0.0642627953953081
S3_transport,F,7,8,6,0,MODEL_INADEQUATE,diagnostic,optimized,100.0,0.5,1.0,1.0,10,final_z,0.15099999999999997,0.7549999999999998,nan,1,-1,nan
S3_transport,F,7,8,6,0,MODEL_INADEQUATE,diagnostic,optimized,100.0,0.5,1.0,1.0,10,final_z,0.15687999999999996,0.7843999999999998,nan,1,-1,nan
S3_transport,F,7,8,6,0,MODEL_INADEQUATE,diagnostic,optimized,100.0,0.5,1.0,1.0,10,final_z,0.16276,0.8137999999999999,nan,1,-1,nan
S3_transport,F,7,8,6,0,MODEL_INADEQUATE,diagnostic,optimized,100.0,0.5,1.0,1.0,10,final_z,0.16863999999999998,0.8431999999999998,nan,1,-1,nan
S3_transport,F,7,8,6,0,MODEL_INADEQUATE,diagnostic,optimized,100.0,0.5,1.0,1.0,10,final_z,0.17451999999999998,0.8725999999999998,nan,1,-1,nan
S3_transport,F,7,8,6,0,MODEL_INADEQUATE,diagnostic,optimized,100.0,0.5,1.0,1.0,10,final_z,0.18039999999999998,0.9019999999999998,nan,1,-1,nan
S3_transport,F,7,8,6,0,MODEL_INADEQUATE,diagnostic,optimized,100.0,0.5,1.0,1.0,10,final_z,0.18627999999999997,0.9313999999999998,nan,1,-1,nan
S3_transport,F,7,8,6,0,MODEL_INADEQUATE,diagnostic,optimized,100.0,0.5,1.0,1.0,10,final_z,0.191376,0.95688,nan,1,-1,nan
S3_transport,F,7,8,6,0,MODEL_INADEQUATE,diagnostic,optimized,100.0,0.5,1.0,1.0,10,final_z,0.19568799999999997,0.9784399999999999,nan,1,-1,nan
S3_transport,F,7,8,6,0,MODEL_INADEQUATE,diagnostic,optimized,100.0,0.5,1.0,1.0,10,final_z,0.2,1.0,nan,1,-1,nan
