=== advanced benchmark v2 | mode=demo | 6 seeds | budget 6 ===

=== S1_ideal: correct model, ideal direct observation, no transport
  [A] round 1/6  T=40.0C Q=1.0mL/min EGDA=1.000M cat=0.500M k1_ref=6.854e-04  Ea1= 44.4  maxCI=    inf%  logdetF=-inf
  [A] round 2/6  T=60.0C Q=1.0mL/min EGDA=1.000M cat=0.500M k1_ref=1.251e-03  Ea1= 70.5  maxCI=    inf%  logdetF=-inf
  [A] round 3/6  T=80.0C Q=1.0mL/min EGDA=1.000M cat=0.500M k1_ref=1.090e-03  Ea1= 41.8  maxCI=    inf%  logdetF=-inf
  [A] round 4/6  T=120.0C Q=1.0mL/min EGDA=1.000M cat=0.500M k1_ref=1.136e-03  Ea1= 38.3  maxCI=    inf%  logdetF=-inf
  [A] round 5/6  T=140.0C Q=1.0mL/min EGDA=1.000M cat=0.500M k1_ref=1.170e-03  Ea1= 37.5  maxCI=    inf%  logdetF=-29.0
  [A] round 6/6  T=160.0C Q=1.0mL/min EGDA=1.000M cat=0.500M k1_ref=1.038e-03  Ea1= 39.6  maxCI=    inf%  logdetF=-inf
    S1_ideal/A/seed1: 1.4 s
  [A] round 1/6  T=40.0C Q=1.0mL/min EGDA=1.000M cat=0.500M k1_ref=7.936e-05  Ea1=120.0  maxCI=    inf%  logdetF=-inf
  [A] round 2/6  T=60.0C Q=1.0mL/min EGDA=1.000M cat=0.500M k1_ref=1.429e-03  Ea1=120.0  maxCI=    inf%  logdetF=-inf
  [A] round 3/6  T=80.0C Q=1.0mL/min EGDA=1.000M cat=0.500M k1_ref=8.034e-04  Ea1= 47.1  maxCI=    inf%  logdetF=-inf
  [A] round 4/6  T=120.0C Q=1.0mL/min EGDA=1.000M cat=0.500M k1_ref=8.457e-04  Ea1= 42.4  maxCI=    inf%  logdetF=-inf
  [A] round 5/6  T=140.0C Q=1.0mL/min EGDA=1.000M cat=0.500M k1_ref=9.109e-04  Ea1= 40.7  maxCI=    inf%  logdetF=-27.2
  [A] round 6/6  T=160.0C Q=1.0mL/min EGDA=1.000M cat=0.500M k1_ref=8.387e-04  Ea1= 42.1  maxCI=    inf%  logdetF=-inf
    S1_ideal/A/seed2: 1.1 s
  [A] round 1/6  T=40.0C Q=1.0mL/min EGDA=1.000M cat=0.500M k1_ref=7.936e-05  Ea1=120.0  maxCI=    inf%  logdetF=-inf
  [A] round 2/6  T=60.0C Q=1.0mL/min EGDA=1.000M cat=0.500M k1_ref=8.386e-04  Ea1=120.0  maxCI=    inf%  logdetF=-inf
  [A] round 3/6  T=80.0C Q=1.0mL/min EGDA=1.000M cat=0.500M k1_ref=6.097e-04  Ea1= 84.8  maxCI=    inf%  logdetF=-inf
  [A] round 4/6  T=120.0C Q=1.0mL/min EGDA=1.000M cat=0.500M k1_ref=1.133e-03  Ea1= 37.2  maxCI=    inf%  logdetF=-inf
  [A] round 5/6  T=140.0C Q=1.0mL/min EGDA=1.000M cat=0.500M k1_ref=1.076e-03  Ea1= 38.6  maxCI=    inf%  logdetF=-inf
  [A] round 6/6  T=160.0C Q=1.0mL/min EGDA=1.000M cat=0.500M k1_ref=9.537e-04  Ea1= 40.7  maxCI=    inf%  logdetF=-inf
    S1_ideal/A/seed3: 1.0 s
  [A] round 1/6  T=40.0C Q=1.0mL/min EGDA=1.000M cat=0.500M k1_ref=2.216e-03  Ea1= 52.5  maxCI=    inf%  logdetF=-inf
  [A] round 2/6  T=60.0C Q=1.0mL/min EGDA=1.000M cat=0.500M k1_ref=1.188e-03  Ea1= 28.1  maxCI=    inf%  logdetF=-inf
  [A] round 3/6  T=80.0C Q=1.0mL/min EGDA=1.000M cat=0.500M k1_ref=1.303e-03  Ea1= 41.6  maxCI=    inf%  logdetF=-inf
  [A] round 4/6  T=120.0C Q=1.0mL/min EGDA=1.000M cat=0.500M k1_ref=1.375e-03  Ea1= 36.3  maxCI=    inf%  logdetF=-inf
  [A] round 5/6  T=140.0C Q=1.0mL/min EGDA=1.000M cat=0.500M k1_ref=1.405e-03  Ea1= 35.7  maxCI=    inf%  logdetF=-inf
  [A] round 6/6  T=160.0C Q=1.0mL/min EGDA=1.000M cat=0.500M k1_ref=1.377e-03  Ea1= 36.0  maxCI=    inf%  logdetF=-inf
    S1_ideal/A/seed4: 1.0 s
  [A] round 1/6  T=40.0C Q=1.0mL/min EGDA=1.000M cat=0.500M k1_ref=9.337e-04  Ea1= 67.5  maxCI=    inf%  logdetF=-inf
  [A] round 2/6  T=60.0C Q=1.0mL/min EGDA=1.000M cat=0.500M k1_ref=6.958e-04  Ea1= 67.2  maxCI=    inf%  logdetF=-inf
  [A] round 3/6  T=80.0C Q=1.0mL/min EGDA=1.000M cat=0.500M k1_ref=6.822e-04  Ea1= 60.3  maxCI=    inf%  logdetF=-inf
  [A] round 4/6  T=120.0C Q=1.0mL/min EGDA=1.000M cat=0.500M k1_ref=8.676e-04  Ea1= 42.9  maxCI=    inf%  logdetF=-inf
  [A] round 5/6  T=140.0C Q=1.0mL/min EGDA=1.000M cat=0.500M k1_ref=8.178e-04  Ea1= 42.4  maxCI=    inf%  logdetF=-inf
  [A] round 6/6  T=160.0C Q=1.0mL/min EGDA=1.000M cat=0.500M k1_ref=9.132e-04  Ea1= 41.1  maxCI=    inf%  logdetF=-inf
    S1_ideal/A/seed5: 1.9 s
  [A] round 1/6  T=40.0C Q=1.0mL/min EGDA=1.000M cat=0.500M k1_ref=2.835e-03  Ea1= 53.7  maxCI=    inf%  logdetF=-inf
  [A] round 2/6  T=60.0C Q=1.0mL/min EGDA=1.000M cat=0.500M k1_ref=1.853e-03  Ea1= 35.7  maxCI=    inf%  logdetF=-inf
  [A] round 3/6  T=80.0C Q=1.0mL/min EGDA=1.000M cat=0.500M k1_ref=1.494e-03  Ea1= 20.0  maxCI=    inf%  logdetF=-inf
  [A] round 4/6  T=120.0C Q=1.0mL/min EGDA=1.000M cat=0.500M k1_ref=1.260e-03  Ea1= 37.2  maxCI=    inf%  logdetF=-inf
  [A] round 5/6  T=140.0C Q=1.0mL/min EGDA=1.000M cat=0.500M k1_ref=1.186e-03  Ea1= 38.6  maxCI=    inf%  logdetF=-inf
  [A] round 6/6  T=160.0C Q=1.0mL/min EGDA=1.000M cat=0.500M k1_ref=1.292e-03  Ea1= 37.1  maxCI=    inf%  logdetF=-inf
    S1_ideal/A/seed6: 1.0 s
  [B] round 1/6  T=40.0C Q=1.0mL/min EGDA=1.000M cat=0.500M k1_ref=1.721e-03  Ea1= 62.9  maxCI=    inf%  logdetF=-inf
  [B] round 2/6  T=60.0C Q=1.0mL/min EGDA=1.000M cat=0.500M k1_ref=8.725e-04  Ea1= 33.4  maxCI=    inf%  logdetF=-inf
  [B] round 3/6  T=80.0C Q=1.0mL/min EGDA=1.000M cat=0.500M k1_ref=9.200e-04  Ea1= 46.0  maxCI=    inf%  logdetF=-inf
  [B] round 4/6  T=120.0C Q=1.0mL/min EGDA=1.000M cat=0.500M k1_ref=9.988e-04  Ea1= 39.8  maxCI=    inf%  logdetF=-inf
  [B] round 5/6  T=140.0C Q=1.0mL/min EGDA=1.000M cat=0.500M k1_ref=1.008e-03  Ea1= 39.6  maxCI=    inf%  logdetF=-16.5
  [B] round 6/6  T=160.0C Q=1.0mL/min EGDA=1.000M cat=0.500M k1_ref=9.684e-04  Ea1= 40.3  maxCI=    inf%  logdetF=-3.4
    S1_ideal/B/seed1: 0.8 s
  [B] round 1/6  T=40.0C Q=1.0mL/min EGDA=1.000M cat=0.500M k1_ref=3.191e-03  Ea1=101.8  maxCI=    inf%  logdetF=-inf
  [B] round 2/6  T=60.0C Q=1.0mL/min EGDA=1.000M cat=0.500M k1_ref=9.902e-04  Ea1= 51.2  maxCI=    inf%  logdetF=-inf
  [B] round 3/6  T=80.0C Q=1.0mL/min EGDA=1.000M cat=0.500M k1_ref=9.277e-04  Ea1= 40.1  maxCI=    inf%  logdetF=-inf
  [B] round 4/6  T=120.0C Q=1.0mL/min EGDA=1.000M cat=0.500M k1_ref=8.976e-04  Ea1= 42.4  maxCI=    inf%  logdetF=-inf
  [B] round 5/6  T=140.0C Q=1.0mL/min EGDA=1.000M cat=0.500M k1_ref=9.998e-04  Ea1= 39.9  maxCI=    inf%  logdetF=-inf
  [B] round 6/6  T=160.0C Q=1.0mL/min EGDA=1.000M cat=0.500M k1_ref=9.918e-04  Ea1= 40.0  maxCI=    inf%  logdetF=-inf
    S1_ideal/B/seed2: 1.0 s
  [B] round 1/6  T=40.0C Q=1.0mL/min EGDA=1.000M cat=0.500M k1_ref=5.046e-03  Ea1= 91.8  maxCI=    inf%  logdetF=-inf
  [B] round 2/6  T=60.0C Q=1.0mL/min EGDA=1.000M cat=0.500M k1_ref=7.127e-04  Ea1= 20.0  maxCI=    inf%  logdetF=-inf
  [B] round 3/6  T=80.0C Q=1.0mL/min EGDA=1.000M cat=0.500M k1_ref=8.455e-04  Ea1= 56.2  maxCI=    inf%  logdetF=-inf
  [B] round 4/6  T=120.0C Q=1.0mL/min EGDA=1.000M cat=0.500M k1_ref=1.099e-03  Ea1= 37.7  maxCI=    inf%  logdetF=-34.3
  [B] round 5/6  T=140.0C Q=1.0mL/min EGDA=1.000M cat=0.500M k1_ref=9.434e-04  Ea1= 41.3  maxCI=    inf%  logdetF=-17.2
  [B] round 6/6  T=160.0C Q=1.0mL/min EGDA=1.000M cat=0.500M k1_ref=1.055e-03  Ea1= 39.3  maxCI=    inf%  logdetF=-4.7
    S1_ideal/B/seed3: 1.1 s
  [B] round 1/6  T=40.0C Q=1.0mL/min EGDA=1.000M cat=0.500M k1_ref=1.324e-03  Ea1= 66.0  maxCI=    inf%  logdetF=-inf
  [B] round 2/6  T=60.0C Q=1.0mL/min EGDA=1.000M cat=0.500M k1_ref=1.186e-03  Ea1= 63.5  maxCI=    inf%  logdetF=-inf
  [B] round 3/6  T=80.0C Q=1.0mL/min EGDA=1.000M cat=0.500M k1_ref=1.050e-03  Ea1= 40.2  maxCI=    inf%  logdetF=-inf
  [B] round 4/6  T=120.0C Q=1.0mL/min EGDA=1.000M cat=0.500M k1_ref=1.070e-03  Ea1= 38.6  maxCI=    inf%  logdetF=-35.0
  [B] round 5/6  T=140.0C Q=1.0mL/min EGDA=1.000M cat=0.500M k1_ref=9.969e-04  Ea1= 40.2  maxCI=    inf%  logdetF=-inf
  [B] round 6/6  T=160.0C Q=1.0mL/min EGDA=1.000M cat=0.500M k1_ref=1.036e-03  Ea1= 39.6  maxCI=    inf%  logdetF=-4.3
    S1_ideal/B/seed4: 1.1 s
  [B] round 1/6  T=40.0C Q=1.0mL/min EGDA=1.000M cat=0.500M k1_ref=5.471e-04  Ea1= 56.4  maxCI=    inf%  logdetF=-inf
  [B] round 2/6  T=60.0C Q=1.0mL/min EGDA=1.000M cat=0.500M k1_ref=6.087e-04  Ea1= 62.1  maxCI=    inf%  logdetF=-inf
  [B] round 3/6  T=80.0C Q=1.0mL/min EGDA=1.000M cat=0.500M k1_ref=5.927e-04  Ea1= 65.2  maxCI=    inf%  logdetF=-inf
  [B] round 4/6  T=120.0C Q=1.0mL/min EGDA=1.000M cat=0.500M k1_ref=8.237e-04  Ea1= 43.4  maxCI=    inf%  logdetF=-35.4
  [B] round 5/6  T=140.0C Q=1.0mL/min EGDA=1.000M cat=0.500M k1_ref=8.169e-04  Ea1= 43.6  maxCI=    inf%  logdetF=-inf
  [B] round 6/6  T=160.0C Q=1.0mL/min EGDA=1.000M cat=0.500M k1_ref=1.008e-03  Ea1= 39.9  maxCI=    inf%  logdetF=-3.5
    S1_ideal/B/seed5: 1.0 s
  [B] round 1/6  T=40.0C Q=1.0mL/min EGDA=1.000M cat=0.500M k1_ref=1.619e-03  Ea1= 62.5  maxCI=    inf%  logdetF=-inf
  [B] round 2/6  T=60.0C Q=1.0mL/min EGDA=1.000M cat=0.500M k1_ref=1.285e-03  Ea1= 54.9  maxCI=    inf%  logdetF=-inf
  [B] round 3/6  T=80.0C Q=1.0mL/min EGDA=1.000M cat=0.500M k1_ref=1.088e-03  Ea1= 31.4  maxCI=    inf%  logdetF=-inf
  [B] round 4/6  T=120.0C Q=1.0mL/min EGDA=1.000M cat=0.500M k1_ref=9.818e-04  Ea1= 40.0  maxCI=    inf%  logdetF=-inf
  [B] round 5/6  T=140.0C Q=1.0mL/min EGDA=1.000M cat=0.500M k1_ref=9.226e-04  Ea1= 41.5  maxCI=    inf%  logdetF=-inf
  [B] round 6/6  T=160.0C Q=1.0mL/min EGDA=1.000M cat=0.500M k1_ref=1.012e-03  Ea1= 39.9  maxCI=    inf%  logdetF=-3.8
    S1_ideal/B/seed6: 1.1 s
  [C] round 1/6  T=40.0C Q=1.0mL/min EGDA=1.000M cat=0.500M k1_ref=6.854e-04  Ea1= 44.4  maxCI=    inf%  logdetF=-inf
  [C] round 2/6  T=160.0C Q=0.5mL/min EGDA=1.000M cat=1.000M k1_ref=6.901e-04  Ea1= 44.7  maxCI=    inf%  logdetF=-inf
  [C] round 3/6  T=160.0C Q=0.5mL/min EGDA=1.000M cat=0.500M k1_ref=6.888e-04  Ea1= 44.7  maxCI=    inf%  logdetF=-inf
  [C] round 4/6  T=140.0C Q=0.5mL/min EGDA=1.000M cat=1.000M k1_ref=1.038e-03  Ea1= 39.8  maxCI= 5184.8%  logdetF= 8.2
  [C] round 5/6  T=120.0C Q=0.5mL/min EGDA=1.000M cat=1.000M k1_ref=9.511e-04  Ea1= 40.8  maxCI= 4927.9%  logdetF= 10.6
  [C] round 6/6  T=160.0C Q=0.5mL/min EGDA=1.000M cat=1.000M k1_ref=9.508e-04  Ea1= 40.8  maxCI=398939.3%  logdetF= 8.8
    S1_ideal/C/seed1: 1.9 s
  [C] round 1/6  T=40.0C Q=1.0mL/min EGDA=1.000M cat=0.500M k1_ref=7.936e-05  Ea1=120.0  maxCI=    inf%  logdetF=-inf
  [C] round 2/6  T=160.0C Q=8.0mL/min EGDA=1.000M cat=0.500M k1_ref=7.936e-05  Ea1= 72.1  maxCI=    inf%  logdetF=-inf
  [C] round 3/6  T=160.0C Q=0.5mL/min EGDA=1.000M cat=1.000M k1_ref=7.940e-05  Ea1= 70.8  maxCI=    inf%  logdetF=-inf
  [C] round 4/6  T=140.0C Q=0.5mL/min EGDA=1.000M cat=1.000M k1_ref=8.055e-04  Ea1= 43.1  maxCI=    inf%  logdetF=-6.3
  [C] round 5/6  T=160.0C Q=0.5mL/min EGDA=1.000M cat=0.500M k1_ref=9.606e-04  Ea1= 40.3  maxCI=4309938664595153377739955210357755985263689247760244278545171274274348984880387031392036235612673187774464.0%  logdetF=-3.3
  [C] round 6/6  T=120.0C Q=0.5mL/min EGDA=1.000M cat=1.000M k1_ref=1.020e-03  Ea1= 39.6  maxCI=    inf%  logdetF=-0.5
    S1_ideal/C/seed2: 2.3 s
  [C] round 1/6  T=40.0C Q=1.0mL/min EGDA=1.000M cat=0.500M k1_ref=7.936e-05  Ea1=120.0  maxCI=    inf%  logdetF=-inf
  [C] round 2/6  T=140.0C Q=2.0mL/min EGDA=1.000M cat=0.500M k1_ref=7.936e-05  Ea1= 76.0  maxCI=    inf%  logdetF=-inf
  [C] round 3/6  T=160.0C Q=0.5mL/min EGDA=1.000M cat=1.000M k1_ref=4.246e-04  Ea1= 51.6  maxCI=    inf%  logdetF=-inf
  [C] round 4/6  T=160.0C Q=0.5mL/min EGDA=1.000M cat=0.500M k1_ref=5.849e-04  Ea1= 46.7  maxCI=    inf%  logdetF=-8.3
  [C] round 5/6  T=140.0C Q=0.5mL/min EGDA=1.000M cat=1.000M k1_ref=8.029e-04  Ea1= 42.9  maxCI=    inf%  logdetF= 1.0
  [C] round 6/6  T=120.0C Q=0.5mL/min EGDA=1.000M cat=1.000M k1_ref=9.754e-04  Ea1= 40.5  maxCI=    inf%  logdetF= 3.5
    S1_ideal/C/seed3: 2.0 s
  [C] round 1/6  T=40.0C Q=1.0mL/min EGDA=1.000M cat=0.500M k1_ref=2.216e-03  Ea1= 52.5  maxCI=    inf%  logdetF=-inf
  [C] round 2/6  T=160.0C Q=2.0mL/min EGDA=1.000M cat=1.000M k1_ref=1.380e-03  Ea1= 36.4  maxCI=    inf%  logdetF=-inf
  [C] round 3/6  T=160.0C Q=0.5mL/min EGDA=1.000M cat=1.000M k1_ref=1.385e-03  Ea1= 36.6  maxCI=    inf%  logdetF=-18.4
  [C] round 4/6  T=100.0C Q=0.5mL/min EGDA=1.000M cat=1.000M k1_ref=1.095e-03  Ea1= 39.4  maxCI=    inf%  logdetF=-7.7
  [C] round 5/6  T=160.0C Q=0.5mL/min EGDA=1.000M cat=0.500M k1_ref=1.098e-03  Ea1= 39.3  maxCI=    inf%  logdetF=-5.5
  [C] round 6/6  T=120.0C Q=0.5mL/min EGDA=1.000M cat=1.000M k1_ref=1.020e-03  Ea1= 40.1  maxCI=    inf%  logdetF=-3.3
    S1_ideal/C/seed4: 1.9 s
  [C] round 1/6  T=40.0C Q=1.0mL/min EGDA=1.000M cat=0.500M k1_ref=9.337e-04  Ea1= 67.5  maxCI=    inf%  logdetF=-inf
  [C] round 2/6  T=160.0C Q=2.0mL/min EGDA=1.000M cat=0.500M k1_ref=4.709e-04  Ea1= 48.5  maxCI=    inf%  logdetF=-inf
  [C] round 3/6  T=160.0C Q=0.5mL/min EGDA=1.000M cat=1.000M k1_ref=4.807e-04  Ea1= 48.6  maxCI=18310197690897146019796524901797184085438573779863368530245932240113628136490075855937663372873190770743795717867416145683176583756671694473538358644977434085415072658028981310422257287562968212439040.0%  logdetF=-27.4
  [C] round 4/6  T=120.0C Q=0.5mL/min EGDA=1.000M cat=1.000M k1_ref=1.053e-03  Ea1= 39.2  maxCI=    inf%  logdetF=-10.6
  [C] round 5/6  T=160.0C Q=0.5mL/min EGDA=1.000M cat=0.500M k1_ref=1.068e-03  Ea1= 39.0  maxCI=    inf%  logdetF= 1.9
  [C] round 6/6  T=160.0C Q=0.5mL/min EGDA=1.000M cat=1.000M k1_ref=1.049e-03  Ea1= 39.3  maxCI=    inf%  logdetF= 3.0
    S1_ideal/C/seed5: 2.1 s
  [C] round 1/6  T=40.0C Q=1.0mL/min EGDA=1.000M cat=0.500M k1_ref=2.835e-03  Ea1= 53.7  maxCI=    inf%  logdetF=-inf
  [C] round 2/6  T=160.0C Q=2.0mL/min EGDA=1.000M cat=1.000M k1_ref=1.788e-03  Ea1= 33.7  maxCI=    inf%  logdetF=-inf
  [C] round 3/6  T=160.0C Q=0.5mL/min EGDA=1.000M cat=1.000M k1_ref=1.783e-03  Ea1= 33.6  maxCI=    inf%  logdetF=-inf
  [C] round 4/6  T=120.0C Q=0.5mL/min EGDA=1.000M cat=1.000M k1_ref=1.067e-03  Ea1= 39.7  maxCI=    inf%  logdetF= 10.5
  [C] round 5/6  T=160.0C Q=0.5mL/min EGDA=1.000M cat=0.500M k1_ref=1.062e-03  Ea1= 39.8  maxCI=    inf%  logdetF= 11.3
  [C] round 6/6  T=160.0C Q=0.5mL/min EGDA=1.000M cat=1.000M k1_ref=1.057e-03  Ea1= 39.9  maxCI=    inf%  logdetF= 11.5
    S1_ideal/C/seed6: 1.8 s
  [D] round 1/6  T=40.0C Q=1.0mL/min EGDA=1.000M cat=0.500M k1_ref=1.721e-03  Ea1= 62.9  maxCI=    inf%  logdetF=-inf
  [D] round 2/6  T=160.0C Q=0.5mL/min EGDA=1.000M cat=0.500M k1_ref=9.708e-04  Ea1= 40.3  maxCI=    inf%  logdetF=-21.1
  [D] round 3/6  T=140.0C Q=0.5mL/min EGDA=1.000M cat=1.000M k1_ref=1.008e-03  Ea1= 39.8  maxCI=2192482677783034977364739172652419065968345120302998318952327628883466080977414782440303647102639083699101405678386115967121974596168927150080.0%  logdetF=-5.8
  [D] round 4/6  T=160.0C Q=0.5mL/min EGDA=1.000M cat=1.000M k1_ref=1.008e-03  Ea1= 39.8  maxCI=    inf%  logdetF= 9.1
  [D] round 5/6  T=160.0C Q=0.5mL/min EGDA=1.000M cat=1.000M k1_ref=1.007e-03  Ea1= 39.9  maxCI=10602.8%  logdetF= 16.7
  [D] round 6/6  T=120.0C Q=0.5mL/min EGDA=1.000M cat=1.000M k1_ref=1.000e-03  Ea1= 40.0  maxCI= 8505.5%  logdetF= 18.7
    S1_ideal/D/seed1: 2.0 s
  [D] round 1/6  T=40.0C Q=1.0mL/min EGDA=1.000M cat=0.500M k1_ref=3.191e-03  Ea1=101.8  maxCI=    inf%  logdetF=-inf
  [D] round 2/6  T=160.0C Q=8.0mL/min EGDA=1.000M cat=1.000M k1_ref=6.963e-04  Ea1= 44.3  maxCI=    inf%  logdetF=-inf
  [D] round 3/6  T=140.0C Q=0.5mL/min EGDA=1.000M cat=1.000M k1_ref=9.484e-04  Ea1= 40.6  maxCI=    inf%  logdetF=-10.2
  [D] round 4/6  T=160.0C Q=0.5mL/min EGDA=1.000M cat=1.000M k1_ref=9.399e-04  Ea1= 40.8  maxCI=    inf%  logdetF= 7.7
  [D] round 5/6  T=160.0C Q=0.5mL/min EGDA=1.000M cat=1.000M k1_ref=9.586e-04  Ea1= 40.5  maxCI=    inf%  logdetF= 8.4
  [D] round 6/6  T=120.0C Q=0.5mL/min EGDA=1.000M cat=1.000M k1_ref=9.835e-04  Ea1= 40.2  maxCI=    inf%  logdetF= 11.1
    S1_ideal/D/seed2: 2.1 s
  [D] round 1/6  T=40.0C Q=1.0mL/min EGDA=1.000M cat=0.500M k1_ref=5.046e-03  Ea1= 91.8  maxCI=    inf%  logdetF=-inf
  [D] round 2/6  T=160.0C Q=8.0mL/min EGDA=1.000M cat=1.000M k1_ref=1.372e-03  Ea1= 35.3  maxCI=    inf%  logdetF=-inf
  [D] round 3/6  T=160.0C Q=0.5mL/min EGDA=1.000M cat=1.000M k1_ref=1.397e-03  Ea1= 36.1  maxCI=    inf%  logdetF=-inf
  [D] round 4/6  T=140.0C Q=0.5mL/min EGDA=1.000M cat=1.000M k1_ref=8.961e-04  Ea1= 41.4  maxCI=    inf%  logdetF= 7.1
  [D] round 5/6  T=160.0C Q=0.5mL/min EGDA=1.000M cat=1.000M k1_ref=8.880e-04  Ea1= 41.6  maxCI=    inf%  logdetF= 9.8
  [D] round 6/6  T=120.0C Q=0.5mL/min EGDA=1.000M cat=1.000M k1_ref=9.291e-04  Ea1= 41.0  maxCI=    inf%  logdetF= 12.3
    S1_ideal/D/seed3: 2.0 s
  [D] round 1/6  T=40.0C Q=1.0mL/min EGDA=1.000M cat=0.500M k1_ref=1.324e-03  Ea1= 66.0  maxCI=    inf%  logdetF=-inf
  [D] round 2/6  T=160.0C Q=0.5mL/min EGDA=1.000M cat=0.500M k1_ref=7.582e-04  Ea1= 43.5  maxCI=    inf%  logdetF=-3.9
  [D] round 3/6  T=140.0C Q=0.5mL/min EGDA=1.000M cat=1.000M k1_ref=9.942e-04  Ea1= 40.3  maxCI=    inf%  logdetF= 12.7
  [D] round 4/6  T=160.0C Q=0.5mL/min EGDA=1.000M cat=1.000M k1_ref=9.968e-04  Ea1= 40.2  maxCI=  318.6%  logdetF= 17.8
  [D] round 5/6  T=120.0C Q=0.5mL/min EGDA=1.000M cat=1.000M k1_ref=1.009e-03  Ea1= 40.1  maxCI=  301.4%  logdetF= 20.0
  [D] round 6/6  T=160.0C Q=0.5mL/min EGDA=1.000M cat=1.000M k1_ref=1.010e-03  Ea1= 40.1  maxCI=  192.3%  logdetF= 22.3
    S1_ideal/D/seed4: 2.2 s
  [D] round 1/6  T=40.0C Q=1.0mL/min EGDA=1.000M cat=0.500M k1_ref=5.471e-04  Ea1= 56.4  maxCI=    inf%  logdetF=-inf
  [D] round 2/6  T=160.0C Q=0.5mL/min EGDA=1.000M cat=1.000M k1_ref=4.649e-04  Ea1= 49.0  maxCI=    inf%  logdetF=-inf
  [D] round 3/6  T=140.0C Q=0.5mL/min EGDA=1.000M cat=1.000M k1_ref=1.025e-03  Ea1= 39.5  maxCI=24091036603941655710179468046637061109840146595165824352256.0%  logdetF= 1.0
  [D] round 4/6  T=160.0C Q=0.5mL/min EGDA=1.000M cat=1.000M k1_ref=9.814e-04  Ea1= 40.2  maxCI=    inf%  logdetF= 10.0
  [D] round 5/6  T=120.0C Q=0.5mL/min EGDA=1.000M cat=1.000M k1_ref=1.075e-03  Ea1= 39.0  maxCI=    inf%  logdetF= 11.8
  [D] round 6/6  T=160.0C Q=0.5mL/min EGDA=1.000M cat=1.000M k1_ref=1.076e-03  Ea1= 39.0  maxCI=14000.5%  logdetF= 19.8
    S1_ideal/D/seed5: 1.9 s
  [D] round 1/6  T=40.0C Q=1.0mL/min EGDA=1.000M cat=0.500M k1_ref=1.619e-03  Ea1= 62.5  maxCI=    inf%  logdetF=-inf
  [D] round 2/6  T=160.0C Q=0.5mL/min EGDA=1.000M cat=0.500M k1_ref=9.384e-04  Ea1= 40.9  maxCI=39208119894937200147574787404537152201793526886264072943546993562958606985356543855052401108813069543923910695467658524400738418986172785774480169406850251358208.0%  logdetF=-14.6
  [D] round 3/6  T=140.0C Q=0.5mL/min EGDA=1.000M cat=1.000M k1_ref=9.612e-04  Ea1= 40.7  maxCI=    inf%  logdetF= 3.4
  [D] round 4/6  T=160.0C Q=0.5mL/min EGDA=1.000M cat=1.000M k1_ref=9.808e-04  Ea1= 40.4  maxCI= 2286.4%  logdetF= 16.5
  [D] round 5/6  T=160.0C Q=0.5mL/min EGDA=1.000M cat=1.000M k1_ref=9.724e-04  Ea1= 40.5  maxCI= 1194.4%  logdetF= 18.1
  [D] round 6/6  T=120.0C Q=0.5mL/min EGDA=1.000M cat=1.000M k1_ref=9.652e-04  Ea1= 40.6  maxCI=  962.9%  logdetF= 20.2
    S1_ideal/D/seed6: 2.1 s
  [E] round 1/6  T=40.0C Q=1.0mL/min EGDA=1.000M cat=0.500M z/L=[0.78  0.804 0.828 0.853 0.878 0.902 0.926 0.951 0.976 1.   ] maxCI=    inf%
  [E] round 2/6  T=160.0C Q=0.5mL/min EGDA=1.000M cat=0.500M z/L=[0.265 0.29  0.314 0.338 0.363 0.559 0.926 0.951 0.976 1.   ] maxCI=4216560125459452352856885540495462299285806105190311384142159514562527522443522767113661095266276092723971772825712265094706831016123871939765600301640938734610917852559362059216954015694953894926406909952.0%
  [E] round 3/6  T=140.0C Q=0.5mL/min EGDA=1.000M cat=1.000M z/L=[0.486 0.51  0.535 0.559 0.584 0.608 0.926 0.951 0.976 1.   ] maxCI=910939804728721386446642640523075544965637676819972413719881017943449959901997542347516441100210228985854528813713588224.0%
  [E] round 4/6  T=160.0C Q=0.5mL/min EGDA=1.000M cat=1.000M z/L=[0.486 0.51  0.535 0.853 0.878 0.902 0.926 0.951 0.976 1.   ] maxCI=    inf%
  [E] round 5/6  T=120.0C Q=0.5mL/min EGDA=1.000M cat=1.000M z/L=[0.78  0.804 0.828 0.853 0.878 0.902 0.926 0.951 0.976 1.   ] maxCI=    inf%
  [E] round 6/6  T=160.0C Q=0.5mL/min EGDA=1.000M cat=1.000M z/L=[0.436 0.461 0.486 0.51  0.535 0.902 0.926 0.951 0.976 1.   ] maxCI=    inf%
    S1_ideal/E/seed1: 2.2 s
  [E] round 1/6  T=40.0C Q=1.0mL/min EGDA=1.000M cat=0.500M z/L=[0.78  0.804 0.828 0.853 0.878 0.902 0.926 0.951 0.976 1.   ] maxCI=    inf%
  [E] round 2/6  T=160.0C Q=2.0mL/min EGDA=1.000M cat=1.000M z/L=[0.167 0.192 0.216 0.265 0.559 0.584 0.608 0.951 0.976 1.   ] maxCI=    inf%
  [E] round 3/6  T=140.0C Q=0.5mL/min EGDA=1.000M cat=1.000M z/L=[0.486 0.51  0.535 0.559 0.584 0.608 0.926 0.951 0.976 1.   ] maxCI=    inf%
  [E] round 4/6  T=160.0C Q=0.5mL/min EGDA=1.000M cat=1.000M z/L=[0.461 0.486 0.51  0.535 0.559 0.902 0.926 0.951 0.976 1.   ] maxCI=    inf%
  [E] round 5/6  T=160.0C Q=0.5mL/min EGDA=1.000M cat=1.000M z/L=[0.436 0.461 0.486 0.51  0.535 0.902 0.926 0.951 0.976 1.   ] maxCI=    inf%
  [E] round 6/6  T=120.0C Q=0.5mL/min EGDA=1.000M cat=1.000M z/L=[0.78  0.804 0.828 0.853 0.878 0.902 0.926 0.951 0.976 1.   ] maxCI=    inf%
    S1_ideal/E/seed2: 2.1 s
  [E] round 1/6  T=40.0C Q=1.0mL/min EGDA=1.000M cat=0.500M z/L=[0.78  0.804 0.828 0.853 0.878 0.902 0.926 0.951 0.976 1.   ] maxCI=    inf%
  [E] round 2/6  T=140.0C Q=0.5mL/min EGDA=1.000M cat=0.500M z/L=[0.192 0.216 0.24  0.338 0.559 0.584 0.632 0.951 0.976 1.   ] maxCI=    inf%
  [E] round 3/6  T=160.0C Q=0.5mL/min EGDA=1.000M cat=1.000M z/L=[0.363 0.388 0.412 0.436 0.461 0.902 0.926 0.951 0.976 1.   ] maxCI=    inf%
  [E] round 4/6  T=120.0C Q=0.5mL/min EGDA=1.000M cat=1.000M z/L=[0.78  0.804 0.828 0.853 0.878 0.902 0.926 0.951 0.976 1.   ] maxCI=    inf%
  [E] round 5/6  T=160.0C Q=0.5mL/min EGDA=1.000M cat=1.000M z/L=[0.436 0.461 0.486 0.51  0.535 0.559 0.926 0.951 0.976 1.   ] maxCI=    inf%
  [E] round 6/6  T=160.0C Q=0.5mL/min EGDA=1.000M cat=1.000M z/L=[0.412 0.436 0.461 0.486 0.51  0.535 0.926 0.951 0.976 1.   ] maxCI=    inf%
    S1_ideal/E/seed3: 2.1 s
  [E] round 1/6  T=40.0C Q=1.0mL/min EGDA=1.000M cat=0.500M z/L=[0.78  0.804 0.828 0.853 0.878 0.902 0.926 0.951 0.976 1.   ] maxCI=    inf%
  [E] round 2/6  T=160.0C Q=2.0mL/min EGDA=1.000M cat=1.000M z/L=[0.314 0.338 0.363 0.388 0.412 0.535 0.926 0.951 0.976 1.   ] maxCI=    inf%
  [E] round 3/6  T=140.0C Q=0.5mL/min EGDA=1.000M cat=1.000M z/L=[0.461 0.486 0.51  0.535 0.559 0.584 0.926 0.951 0.976 1.   ] maxCI=    inf%
  [E] round 4/6  T=160.0C Q=0.5mL/min EGDA=1.000M cat=1.000M z/L=[0.461 0.486 0.51  0.535 0.559 0.902 0.926 0.951 0.976 1.   ] maxCI= 1416.4%
  [E] round 5/6  T=160.0C Q=0.5mL/min EGDA=1.000M cat=1.000M z/L=[0.436 0.461 0.486 0.51  0.535 0.902 0.926 0.951 0.976 1.   ] maxCI=    inf%
  [E] round 6/6  T=120.0C Q=0.5mL/min EGDA=1.000M cat=1.000M z/L=[0.78  0.804 0.828 0.853 0.878 0.902 0.926 0.951 0.976 1.   ] maxCI=    inf%
    S1_ideal/E/seed4: 2.2 s
  [E] round 1/6  T=40.0C Q=1.0mL/min EGDA=1.000M cat=0.500M z/L=[0.78  0.804 0.828 0.853 0.878 0.902 0.926 0.951 0.976 1.   ] maxCI=    inf%
  [E] round 2/6  T=140.0C Q=0.5mL/min EGDA=1.000M cat=1.000M z/L=[0.167 0.192 0.216 0.24  0.584 0.608 0.657 0.951 0.976 1.   ] maxCI=    inf%
  [E] round 3/6  T=160.0C Q=0.5mL/min EGDA=1.000M cat=1.000M z/L=[0.388 0.412 0.436 0.461 0.486 0.51  0.926 0.951 0.976 1.   ] maxCI=10612142235417.5%
  [E] round 4/6  T=160.0C Q=0.5mL/min EGDA=1.000M cat=1.000M z/L=[0.436 0.461 0.486 0.51  0.535 0.902 0.926 0.951 0.976 1.   ] maxCI=    inf%
  [E] round 5/6  T=120.0C Q=0.5mL/min EGDA=1.000M cat=1.000M z/L=[0.78  0.804 0.828 0.853 0.878 0.902 0.926 0.951 0.976 1.   ] maxCI=    inf%
  [E] round 6/6  T=160.0C Q=0.5mL/min EGDA=1.000M cat=1.000M z/L=[0.412 0.436 0.461 0.486 0.51  0.535 0.926 0.951 0.976 1.   ] maxCI=    inf%
    S1_ideal/E/seed5: 2.0 s
  [E] round 1/6  T=40.0C Q=1.0mL/min EGDA=1.000M cat=0.500M z/L=[0.78  0.804 0.828 0.853 0.878 0.902 0.926 0.951 0.976 1.   ] maxCI=    inf%
  [E] round 2/6  T=140.0C Q=0.5mL/min EGDA=1.000M cat=0.500M z/L=[0.29  0.314 0.338 0.363 0.388 0.853 0.926 0.951 0.976 1.   ] maxCI=    inf%
  [E] round 3/6  T=160.0C Q=0.5mL/min EGDA=1.000M cat=1.000M z/L=[0.436 0.461 0.486 0.51  0.535 0.559 0.926 0.951 0.976 1.   ] maxCI=  536.3%
  [E] round 4/6  T=120.0C Q=0.5mL/min EGDA=1.000M cat=1.000M z/L=[0.78  0.804 0.828 0.853 0.878 0.902 0.926 0.951 0.976 1.   ] maxCI=    inf%
  [E] round 5/6  T=160.0C Q=0.5mL/min EGDA=1.000M cat=1.000M z/L=[0.412 0.436 0.461 0.486 0.51  0.902 0.926 0.951 0.976 1.   ] maxCI=  290.8%
  [E] round 6/6  T=160.0C Q=0.5mL/min EGDA=1.000M cat=1.000M z/L=[0.412 0.436 0.461 0.486 0.51  0.535 0.926 0.951 0.976 1.   ] maxCI=  177.7%
    S1_ideal/E/seed6: 2.3 s
  [F] round 1/6  T=40.0C Q=1.0mL/min EGDA=1.000M cat=0.500M n_z=10  NORMAL_LEARNING      rev-pitzer=1.00
  [F] round 2/6  T=160.0C Q=0.5mL/min EGDA=1.000M cat=0.500M n_z=10  NORMAL_LEARNING      rev-pitzer=1.00
  [F] round 3/6  T=120.0C Q=0.5mL/min EGDA=1.000M cat=1.000M n_z=10  NORMAL_LEARNING      rev-pitzer=1.00
  [F] round 4/6  T=160.0C Q=0.5mL/min EGDA=1.000M cat=1.000M n_z=10  NORMAL_LEARNING      rev-pitzer=1.00
  [F] round 5/6  T=120.0C Q=0.5mL/min EGDA=1.000M cat=1.000M n_z=10  NORMAL_LEARNING      rev-pitzer=1.00
  [F] round 6/6  T=160.0C Q=0.5mL/min EGDA=1.000M cat=1.000M n_z=10  NORMAL_LEARNING      rev-pitzer=1.00
    S1_ideal/F/seed1: 2.9 s
  [F] round 1/6  T=40.0C Q=1.0mL/min EGDA=1.000M cat=0.500M n_z=10  NORMAL_LEARNING      rev-pitzer=1.00
  [F] round 2/6  T=160.0C Q=0.5mL/min EGDA=1.000M cat=1.000M n_z=10  NORMAL_LEARNING      rev-pitzer=1.00
  [F] round 3/6  T=140.0C Q=0.5mL/min EGDA=1.000M cat=1.000M n_z=10  NORMAL_LEARNING      rev-pitzer=1.00
  [F] round 4/6  T=160.0C Q=0.5mL/min EGDA=1.000M cat=1.000M n_z=10  NORMAL_LEARNING      rev-pitzer=1.00
  [F] round 5/6  T=120.0C Q=0.5mL/min EGDA=1.000M cat=1.000M n_z=10  NORMAL_LEARNING      rev-pitzer=1.00
  [F] round 6/6  T=160.0C Q=0.5mL/min EGDA=1.000M cat=1.000M n_z=10  NORMAL_LEARNING      rev-pitzer=1.00
    S1_ideal/F/seed2: 3.0 s
  [F] round 1/6  T=40.0C Q=1.0mL/min EGDA=1.000M cat=0.500M n_z=10  NORMAL_LEARNING      rev-pitzer=1.00
  [F] round 2/6  T=160.0C Q=0.5mL/min EGDA=1.000M cat=1.000M n_z=10  NORMAL_LEARNING      rev-pitzer=1.00
  [F] round 3/6  T=120.0C Q=0.5mL/min EGDA=1.000M cat=1.000M n_z=10  NORMAL_LEARNING      rev-pitzer=1.00
  [F] round 4/6  T=160.0C Q=0.5mL/min EGDA=1.000M cat=1.000M n_z=10  NORMAL_LEARNING      rev-pitzer=1.00
  [F] round 5/6  T=120.0C Q=0.5mL/min EGDA=1.000M cat=1.000M n_z=10  NORMAL_LEARNING      rev-pitzer=1.00
  [F] round 6/6  T=160.0C Q=0.5mL/min EGDA=1.000M cat=1.000M n_z=10  NORMAL_LEARNING      rev-pitzer=1.00
    S1_ideal/F/seed3: 3.1 s
  [F] round 1/6  T=40.0C Q=1.0mL/min EGDA=1.000M cat=0.500M n_z=10  NORMAL_LEARNING      rev-pitzer=1.00
  [F] round 2/6  T=160.0C Q=0.5mL/min EGDA=1.000M cat=1.000M n_z=10  NORMAL_LEARNING      rev-pitzer=1.00
  [F] round 3/6  T=140.0C Q=0.5mL/min EGDA=1.000M cat=1.000M n_z=10  NORMAL_LEARNING      rev-pitzer=1.00
  [F] round 4/6  T=160.0C Q=0.5mL/min EGDA=1.000M cat=1.000M n_z=10  NORMAL_LEARNING      rev-pitzer=1.00
  [F] round 5/6  T=120.0C Q=0.5mL/min EGDA=1.000M cat=1.000M n_z=10  NORMAL_LEARNING      rev-pitzer=1.00
  [F] round 6/6  T=160.0C Q=0.5mL/min EGDA=1.000M cat=0.500M n_z=10  NORMAL_LEARNING      rev-pitzer=1.00
    S1_ideal/F/seed4: 3.0 s
  [F] round 1/6  T=40.0C Q=1.0mL/min EGDA=1.000M cat=0.500M n_z=10  NORMAL_LEARNING      rev-pitzer=1.00
  [F] round 2/6  T=140.0C Q=0.5mL/min EGDA=1.000M cat=1.000M n_z=10  NORMAL_LEARNING      rev-pitzer=1.00
  [F] round 3/6  T=160.0C Q=0.5mL/min EGDA=1.000M cat=1.000M n_z=10  NORMAL_LEARNING      rev-pitzer=1.00
  [F] round 4/6  T=100.0C Q=0.5mL/min EGDA=1.000M cat=1.000M n_z=10  NORMAL_LEARNING      rev-pitzer=1.00
  [F] round 5/6  T=120.0C Q=0.5mL/min EGDA=1.000M cat=1.000M n_z=10  NORMAL_LEARNING      rev-pitzer=1.00
  [F] round 6/6  T=160.0C Q=0.5mL/min EGDA=1.000M cat=1.000M n_z=10  NORMAL_LEARNING      rev-pitzer=1.00
    S1_ideal/F/seed5: 3.0 s
  [F] round 1/6  T=40.0C Q=1.0mL/min EGDA=1.000M cat=0.500M n_z=10  NORMAL_LEARNING      rev-pitzer=1.00
  [F] round 2/6  T=160.0C Q=0.5mL/min EGDA=1.000M cat=1.000M n_z=10  NORMAL_LEARNING      rev-pitzer=1.00
  [F] round 3/6  T=140.0C Q=0.5mL/min EGDA=1.000M cat=1.000M n_z=10  NORMAL_LEARNING      rev-pitzer=1.00
  [F] round 4/6  T=100.0C Q=0.5mL/min EGDA=1.000M cat=1.000M n_z=10  NORMAL_LEARNING      rev-pitzer=1.00
  [F] round 5/6  T=160.0C Q=0.5mL/min EGDA=1.000M cat=1.000M n_z=10  NORMAL_LEARNING      rev-pitzer=1.00
  [F] round 6/6  T=160.0C Q=0.5mL/min EGDA=1.000M cat=1.000M n_z=10  NORMAL_LEARNING      rev-pitzer=1.00
    S1_ideal/F/seed6: 2.8 s
    S1_ideal done in 69 s

=== S2_nmr: synthetic 80 MHz spectra (truth-model mismatch active) + deconvolution covariance
  [B] round 1/6  T=40.0C Q=1.0mL/min EGDA=1.000M cat=0.500M k1_ref=1.136e-03  Ea1= 59.1  maxCI=    inf%  logdetF=-inf
  [B] round 2/6  T=60.0C Q=1.0mL/min EGDA=1.000M cat=0.500M k1_ref=3.595e-04  Ea1= 20.0  maxCI=    inf%  logdetF=-inf
  [B] round 3/6  T=80.0C Q=1.0mL/min EGDA=1.000M cat=0.500M k1_ref=4.303e-04  Ea1= 44.9  maxCI=    inf%  logdetF=-inf
  [B] round 4/6  T=120.0C Q=1.0mL/min EGDA=1.000M cat=0.500M k1_ref=4.138e-04  Ea1= 47.4  maxCI=    inf%  logdetF=-inf
  [B] round 5/6  T=140.0C Q=1.0mL/min EGDA=1.000M cat=0.500M k1_ref=3.474e-04  Ea1= 51.0  maxCI=    inf%  logdetF=-inf
  [B] round 6/6  T=160.0C Q=1.0mL/min EGDA=1.000M cat=0.500M k1_ref=3.502e-04  Ea1= 50.8  maxCI=    inf%  logdetF=-inf
    S2_nmr/B/seed1: 2.2 s
  [B] round 1/6  T=40.0C Q=1.0mL/min EGDA=1.000M cat=0.500M k1_ref=4.734e-04  Ea1= 85.8  maxCI=    inf%  logdetF=-inf
  [B] round 2/6  T=60.0C Q=1.0mL/min EGDA=1.000M cat=0.500M k1_ref=1.019e-04  Ea1= 20.0  maxCI=    inf%  logdetF=-inf
  [B] round 3/6  T=80.0C Q=1.0mL/min EGDA=1.000M cat=0.500M k1_ref=1.194e-04  Ea1= 50.7  maxCI=    inf%  logdetF=-inf
  [B] round 4/6  T=120.0C Q=1.0mL/min EGDA=1.000M cat=0.500M k1_ref=7.936e-05  Ea1= 75.0  maxCI=    inf%  logdetF=-inf
  [B] round 5/6  T=140.0C Q=1.0mL/min EGDA=1.000M cat=0.500M k1_ref=2.157e-04  Ea1= 56.1  maxCI=    inf%  logdetF=-inf
  [B] round 6/6  T=160.0C Q=1.0mL/min EGDA=1.000M cat=0.500M k1_ref=2.652e-04  Ea1= 52.8  maxCI=    inf%  logdetF=-inf
    S2_nmr/B/seed2: 2.3 s
  [B] round 1/6  T=40.0C Q=1.0mL/min EGDA=1.000M cat=0.500M k1_ref=3.343e-04  Ea1= 91.8  maxCI=    inf%  logdetF=-inf
  [B] round 2/6  T=60.0C Q=1.0mL/min EGDA=1.000M cat=0.500M k1_ref=1.702e-04  Ea1= 62.5  maxCI=    inf%  logdetF=-inf
  [B] round 3/6  T=80.0C Q=1.0mL/min EGDA=1.000M cat=0.500M k1_ref=1.637e-04  Ea1= 74.7  maxCI=    inf%  logdetF=-inf
  [B] round 4/6  T=120.0C Q=1.0mL/min EGDA=1.000M cat=0.500M k1_ref=2.089e-04  Ea1= 61.0  maxCI=    inf%  logdetF=-inf
  [B] round 5/6  T=140.0C Q=1.0mL/min EGDA=1.000M cat=0.500M k1_ref=2.894e-04  Ea1= 54.6  maxCI=    inf%  logdetF=-inf
  [B] round 6/6  T=160.0C Q=1.0mL/min EGDA=1.000M cat=0.500M k1_ref=4.052e-04  Ea1= 49.2  maxCI=    inf%  logdetF=-inf
    S2_nmr/B/seed3: 2.4 s
  [B] round 1/6  T=40.0C Q=1.0mL/min EGDA=1.000M cat=0.500M k1_ref=3.515e-03  Ea1= 46.3  maxCI=    inf%  logdetF=-inf
  [B] round 2/6  T=60.0C Q=1.0mL/min EGDA=1.000M cat=0.500M k1_ref=7.619e-04  Ea1= 20.0  maxCI=    inf%  logdetF=-inf
  [B] round 3/6  T=80.0C Q=1.0mL/min EGDA=1.000M cat=0.500M k1_ref=1.054e-03  Ea1= 21.1  maxCI=    inf%  logdetF=-inf
  [B] round 4/6  T=120.0C Q=1.0mL/min EGDA=1.000M cat=0.500M k1_ref=8.321e-04  Ea1= 40.8  maxCI=    inf%  logdetF=-inf
  [B] round 5/6  T=140.0C Q=1.0mL/min EGDA=1.000M cat=0.500M k1_ref=7.456e-04  Ea1= 43.2  maxCI=    inf%  logdetF=-inf
  [B] round 6/6  T=160.0C Q=1.0mL/min EGDA=1.000M cat=0.500M k1_ref=8.518e-04  Ea1= 41.0  maxCI=    inf%  logdetF=-inf
    S2_nmr/B/seed4: 2.4 s
  [B] round 1/6  T=40.0C Q=1.0mL/min EGDA=1.000M cat=0.500M k1_ref=1.128e-03  Ea1= 84.0  maxCI=    inf%  logdetF=-inf
  [B] round 2/6  T=60.0C Q=1.0mL/min EGDA=1.000M cat=0.500M k1_ref=9.112e-04  Ea1= 75.4  maxCI=    inf%  logdetF=-inf
  [B] round 3/6  T=80.0C Q=1.0mL/min EGDA=1.000M cat=0.500M k1_ref=6.636e-04  Ea1= 27.5  maxCI=    inf%  logdetF=-inf
  [B] round 4/6  T=120.0C Q=1.0mL/min EGDA=1.000M cat=0.500M k1_ref=4.838e-04  Ea1= 50.2  maxCI=    inf%  logdetF=-inf
  [B] round 5/6  T=140.0C Q=1.0mL/min EGDA=1.000M cat=0.500M k1_ref=6.663e-04  Ea1= 43.3  maxCI=    inf%  logdetF=-inf
  [B] round 6/6  T=160.0C Q=1.0mL/min EGDA=1.000M cat=0.500M k1_ref=5.982e-04  Ea1= 45.1  maxCI=    inf%  logdetF=-inf
    S2_nmr/B/seed5: 2.3 s
  [B] round 1/6  T=40.0C Q=1.0mL/min EGDA=1.000M cat=0.500M k1_ref=1.108e-03  Ea1= 60.9  maxCI=    inf%  logdetF=-inf
  [B] round 2/6  T=60.0C Q=1.0mL/min EGDA=1.000M cat=0.500M k1_ref=7.936e-05  Ea1= 20.0  maxCI=    inf%  logdetF=-inf
  [B] round 3/6  T=80.0C Q=1.0mL/min EGDA=1.000M cat=0.500M k1_ref=1.635e-04  Ea1=120.0  maxCI=    inf%  logdetF=-inf
  [B] round 4/6  T=120.0C Q=1.0mL/min EGDA=1.000M cat=0.500M k1_ref=5.705e-04  Ea1= 46.2  maxCI=    inf%  logdetF=-inf
  [B] round 5/6  T=140.0C Q=1.0mL/min EGDA=1.000M cat=0.500M k1_ref=7.049e-04  Ea1= 41.4  maxCI=    inf%  logdetF=-inf
  [B] round 6/6  T=160.0C Q=1.0mL/min EGDA=1.000M cat=0.500M k1_ref=5.447e-04  Ea1= 45.7  maxCI=    inf%  logdetF=-inf
    S2_nmr/B/seed6: 2.4 s
  [D] round 1/6  T=40.0C Q=1.0mL/min EGDA=1.000M cat=0.500M k1_ref=1.136e-03  Ea1= 59.1  maxCI=    inf%  logdetF=-inf
  [D] round 2/6  T=160.0C Q=0.5mL/min EGDA=1.000M cat=0.500M k1_ref=7.675e-04  Ea1= 42.1  maxCI=    inf%  logdetF=-inf
  [D] round 3/6  T=140.0C Q=0.5mL/min EGDA=1.000M cat=1.000M k1_ref=1.189e-03  Ea1= 36.8  maxCI=    inf%  logdetF= 3.2
  [D] round 4/6  T=160.0C Q=0.5mL/min EGDA=1.000M cat=1.000M k1_ref=1.036e-03  Ea1= 38.8  maxCI=    inf%  logdetF= 10.9
  [D] round 5/6  T=160.0C Q=0.5mL/min EGDA=1.000M cat=1.000M k1_ref=1.040e-03  Ea1= 38.7  maxCI=    inf%  logdetF= 13.2
  [D] round 6/6  T=120.0C Q=0.5mL/min EGDA=1.000M cat=1.000M k1_ref=8.552e-04  Ea1= 41.1  maxCI=    inf%  logdetF= 15.2
    S2_nmr/D/seed1: 2.8 s
  [D] round 1/6  T=40.0C Q=1.0mL/min EGDA=1.000M cat=0.500M k1_ref=4.734e-04  Ea1= 85.8  maxCI=    inf%  logdetF=-inf
  [D] round 2/6  T=160.0C Q=0.5mL/min EGDA=1.000M cat=0.500M k1_ref=2.182e-04  Ea1= 56.9  maxCI=    inf%  logdetF=-inf
  [D] round 3/6  T=140.0C Q=0.5mL/min EGDA=1.000M cat=1.000M k1_ref=8.389e-04  Ea1= 40.8  maxCI=    inf%  logdetF= 3.2
  [D] round 4/6  T=160.0C Q=0.5mL/min EGDA=1.000M cat=1.000M k1_ref=7.094e-04  Ea1= 43.2  maxCI=    inf%  logdetF= 11.2
  [D] round 5/6  T=120.0C Q=0.5mL/min EGDA=1.000M cat=1.000M k1_ref=6.600e-04  Ea1= 44.1  maxCI=    inf%  logdetF= 13.4
  [D] round 6/6  T=160.0C Q=0.5mL/min EGDA=1.000M cat=1.000M k1_ref=6.698e-04  Ea1= 43.9  maxCI=    inf%  logdetF= 15.1
    S2_nmr/D/seed2: 3.0 s
  [D] round 1/6  T=40.0C Q=1.0mL/min EGDA=1.000M cat=0.500M k1_ref=3.343e-04  Ea1= 91.8  maxCI=    inf%  logdetF=-inf
  [D] round 2/6  T=160.0C Q=0.5mL/min EGDA=1.000M cat=0.500M k1_ref=1.484e-04  Ea1= 61.8  maxCI=    inf%  logdetF=-inf
  [D] round 3/6  T=140.0C Q=0.5mL/min EGDA=1.000M cat=1.000M k1_ref=1.063e-03  Ea1= 38.2  maxCI=    inf%  logdetF= 3.2
  [D] round 4/6  T=160.0C Q=0.5mL/min EGDA=1.000M cat=1.000M k1_ref=8.969e-04  Ea1= 40.7  maxCI=    inf%  logdetF= 10.6
  [D] round 5/6  T=160.0C Q=0.5mL/min EGDA=1.000M cat=1.000M k1_ref=8.716e-04  Ea1= 41.1  maxCI=    inf%  logdetF= 12.4
  [D] round 6/6  T=120.0C Q=0.5mL/min EGDA=1.000M cat=1.000M k1_ref=8.040e-04  Ea1= 42.1  maxCI=    inf%  logdetF= 14.4
    S2_nmr/D/seed3: 2.9 s
  [D] round 1/6  T=40.0C Q=1.0mL/min EGDA=1.000M cat=0.500M k1_ref=3.515e-03  Ea1= 46.3  maxCI=    inf%  logdetF=-inf
  [D] round 2/6  T=140.0C Q=0.5mL/min EGDA=1.000M cat=1.000M k1_ref=2.264e-03  Ea1= 27.2  maxCI=    inf%  logdetF=-inf
  [D] round 3/6  T=160.0C Q=0.5mL/min EGDA=1.000M cat=1.000M k1_ref=7.791e-04  Ea1= 42.6  maxCI=    inf%  logdetF= 9.5
  [D] round 4/6  T=160.0C Q=0.5mL/min EGDA=1.000M cat=1.000M k1_ref=7.898e-04  Ea1= 42.3  maxCI=    inf%  logdetF= 3.6
  [D] round 5/6  T=120.0C Q=0.5mL/min EGDA=1.000M cat=1.000M k1_ref=9.355e-04  Ea1= 40.2  maxCI=    inf%  logdetF= 5.6
  [D] round 6/6  T=160.0C Q=0.5mL/min EGDA=1.000M cat=1.000M k1_ref=9.441e-04  Ea1= 40.1  maxCI=    inf%  logdetF= 7.5
    S2_nmr/D/seed4: 3.1 s
  [D] round 1/6  T=40.0C Q=1.0mL/min EGDA=1.000M cat=0.500M k1_ref=1.128e-03  Ea1= 84.0  maxCI=    inf%  logdetF=-inf
  [D] round 2/6  T=140.0C Q=0.5mL/min EGDA=1.000M cat=1.000M k1_ref=5.026e-04  Ea1= 49.5  maxCI=    inf%  logdetF=-24.1
  [D] round 3/6  T=160.0C Q=0.5mL/min EGDA=1.000M cat=1.000M k1_ref=1.084e-03  Ea1= 38.5  maxCI=1378375658880837799519504804924061487766849131118592.0%  logdetF= 4.5
  [D] round 4/6  T=160.0C Q=0.5mL/min EGDA=1.000M cat=1.000M k1_ref=1.025e-03  Ea1= 39.3  maxCI=    inf%  logdetF= 9.3
  [D] round 5/6  T=120.0C Q=0.5mL/min EGDA=1.000M cat=1.000M k1_ref=8.614e-04  Ea1= 41.5  maxCI=    inf%  logdetF= 10.7
  [D] round 6/6  T=160.0C Q=0.5mL/min EGDA=1.000M cat=1.000M k1_ref=8.669e-04  Ea1= 41.4  maxCI=    inf%  logdetF= 13.3
    S2_nmr/D/seed5: 3.1 s
  [D] round 1/6  T=40.0C Q=1.0mL/min EGDA=1.000M cat=0.500M k1_ref=1.108e-03  Ea1= 60.9  maxCI=    inf%  logdetF=-inf
  [D] round 2/6  T=140.0C Q=0.5mL/min EGDA=1.000M cat=1.000M k1_ref=7.366e-04  Ea1= 43.2  maxCI=    inf%  logdetF=-inf
  [D] round 3/6  T=160.0C Q=0.5mL/min EGDA=1.000M cat=1.000M k1_ref=6.070e-04  Ea1= 46.0  maxCI=    inf%  logdetF= 8.8
  [D] round 4/6  T=160.0C Q=0.5mL/min EGDA=1.000M cat=1.000M k1_ref=6.822e-04  Ea1= 44.3  maxCI=    inf%  logdetF= 10.8
  [D] round 5/6  T=120.0C Q=0.5mL/min EGDA=1.000M cat=1.000M k1_ref=7.098e-04  Ea1= 43.8  maxCI=    inf%  logdetF= 12.9
  [D] round 6/6  T=160.0C Q=0.5mL/min EGDA=1.000M cat=1.000M k1_ref=7.240e-04  Ea1= 43.5  maxCI=    inf%  logdetF= 14.5
    S2_nmr/D/seed6: 3.0 s
  [F] round 1/6  T=40.0C Q=1.0mL/min EGDA=1.000M cat=0.500M n_z=10  NORMAL_LEARNING      rev-pitzer=1.00
  [F] round 2/6  T=160.0C Q=0.5mL/min EGDA=1.000M cat=1.000M n_z=10  NORMAL_LEARNING      rev-pitzer=1.00
  [F] round 3/6  T=120.0C Q=0.5mL/min EGDA=1.000M cat=1.000M n_z=10  NORMAL_LEARNING      rev-pitzer=1.00
  [F] round 4/6  T=160.0C Q=0.5mL/min EGDA=1.000M cat=1.000M n_z=10  NORMAL_LEARNING      rev-pitzer=1.00
  [F] round 5/6  T=100.0C Q=0.5mL/min EGDA=1.000M cat=1.000M n_z=10  NORMAL_LEARNING      rev-pitzer=1.00
  [F] round 6/6  T=160.0C Q=0.5mL/min EGDA=1.000M cat=1.000M n_z=10  NORMAL_LEARNING      rev-pitzer=1.00
    S2_nmr/F/seed1: 13.4 s
  [F] round 1/6  T=40.0C Q=1.0mL/min EGDA=1.000M cat=0.500M n_z=10  NORMAL_LEARNING      rev-pitzer=1.00
  [F] round 2/6  T=160.0C Q=0.5mL/min EGDA=1.000M cat=1.000M n_z=10  NORMAL_LEARNING      rev-pitzer=1.00
  [F] round 3/6  T=140.0C Q=0.5mL/min EGDA=1.000M cat=1.000M n_z=10  NORMAL_LEARNING      rev-pitzer=1.00
  [F] round 4/6  T=120.0C Q=0.5mL/min EGDA=1.000M cat=1.000M n_z=10  NORMAL_LEARNING      rev-pitzer=1.00
  [F] round 5/6  T=160.0C Q=0.5mL/min EGDA=1.000M cat=1.000M n_z=10  NORMAL_LEARNING      rev-pitzer=1.00
  [F] round 6/6  T=160.0C Q=0.5mL/min EGDA=1.000M cat=1.000M n_z=10  NORMAL_LEARNING      rev-pitzer=1.00
    S2_nmr/F/seed2: 13.4 s
  [F] round 1/6  T=40.0C Q=1.0mL/min EGDA=1.000M cat=0.500M n_z=10  NORMAL_LEARNING      rev-pitzer=1.00
  [F] round 2/6  T=160.0C Q=0.5mL/min EGDA=1.000M cat=1.000M n_z=10  NORMAL_LEARNING      rev-pitzer=1.00
  [F] round 3/6  T=120.0C Q=0.5mL/min EGDA=1.000M cat=1.000M n_z=10  NORMAL_LEARNING      rev-pitzer=1.00
  [F] round 4/6  T=160.0C Q=0.5mL/min EGDA=1.000M cat=1.000M n_z=10  NORMAL_LEARNING      rev-pitzer=1.00
  [F] round 5/6  T=120.0C Q=0.5mL/min EGDA=1.000M cat=1.000M n_z=10  NORMAL_LEARNING      rev-pitzer=1.00
  [F] round 6/6  T=160.0C Q=0.5mL/min EGDA=1.000M cat=1.000M n_z=10  NORMAL_LEARNING      rev-pitzer=1.00
    S2_nmr/F/seed3: 13.6 s
  [F] round 1/6  T=40.0C Q=1.0mL/min EGDA=1.000M cat=0.500M n_z=9  NORMAL_LEARNING      rev-pitzer=1.00
  [F] round 2/6  T=160.0C Q=0.5mL/min EGDA=1.000M cat=1.000M n_z=10  NORMAL_LEARNING      rev-pitzer=1.00
  [F] round 3/6  T=120.0C Q=0.5mL/min EGDA=1.000M cat=1.000M n_z=10  NORMAL_LEARNING      rev-pitzer=1.00
  [F] round 4/6  T=160.0C Q=0.5mL/min EGDA=1.000M cat=1.000M n_z=10  NORMAL_LEARNING      rev-pitzer=1.00
  [F] round 5/6  T=160.0C Q=0.5mL/min EGDA=1.000M cat=1.000M n_z=10  NORMAL_LEARNING      rev-pitzer=1.00
  [F] round 6/6  T=80.0C Q=0.5mL/min EGDA=1.000M cat=1.000M n_z=10  NORMAL_LEARNING      rev-pitzer=1.00
    S2_nmr/F/seed4: 13.7 s
  [F] round 1/6  T=40.0C Q=1.0mL/min EGDA=1.000M cat=0.500M n_z=10  NORMAL_LEARNING      rev-pitzer=1.00
  [F] round 2/6  T=160.0C Q=0.5mL/min EGDA=1.000M cat=1.000M n_z=10  NORMAL_LEARNING      rev-pitzer=1.00
  [F] round 3/6  T=120.0C Q=0.5mL/min EGDA=1.000M cat=1.000M n_z=10  NORMAL_LEARNING      rev-pitzer=1.00
  [F] round 4/6  T=160.0C Q=0.5mL/min EGDA=1.000M cat=1.000M n_z=10  NORMAL_LEARNING      rev-pitzer=1.00
  [F] round 5/6  T=100.0C Q=0.5mL/min EGDA=1.000M cat=1.000M n_z=10  NORMAL_LEARNING      rev-pitzer=1.00
  [F] round 6/6  T=160.0C Q=0.5mL/min EGDA=1.000M cat=1.000M n_z=10  NORMAL_LEARNING      rev-pitzer=1.00
    S2_nmr/F/seed5: 13.5 s
  [F] round 1/6  T=40.0C Q=1.0mL/min EGDA=1.000M cat=0.500M n_z=10  NORMAL_LEARNING      rev-pitzer=1.00
  [F] round 2/6  T=160.0C Q=0.5mL/min EGDA=1.000M cat=1.000M n_z=10  NORMAL_LEARNING      rev-pitzer=1.00
  [F] round 3/6  T=100.0C Q=0.5mL/min EGDA=1.000M cat=1.000M n_z=10  NORMAL_LEARNING      rev-pitzer=1.00
  [F] round 4/6  T=160.0C Q=0.5mL/min EGDA=1.000M cat=1.000M n_z=10  NORMAL_LEARNING      rev-pitzer=1.00
  [F] round 5/6  T=120.0C Q=0.5mL/min EGDA=1.000M cat=1.000M n_z=10  NORMAL_LEARNING      rev-pitzer=1.00
  [F] round 6/6  T=160.0C Q=0.5mL/min EGDA=1.000M cat=1.000M n_z=10  NORMAL_LEARNING      rev-pitzer=1.00
    S2_nmr/F/seed6: 13.7 s
    S2_nmr done in 113 s

=== S3_transport: NMR + transport: delay, RTD, in-line reaction, carryover
  [D] round 1/6  T=40.0C Q=1.0mL/min EGDA=1.000M cat=0.500M k1_ref=1.110e-03  Ea1= 51.4  maxCI=    inf%  logdetF=-inf
  [D] round 2/6  T=140.0C Q=0.5mL/min EGDA=1.000M cat=1.000M k1_ref=9.425e-04  Ea1= 44.3  maxCI=    inf%  logdetF=-inf
  [D] round 3/6  T=160.0C Q=0.5mL/min EGDA=1.000M cat=1.000M k1_ref=7.485e-04  Ea1= 47.6  maxCI=    inf%  logdetF= 22.6
  [D] round 4/6  T=160.0C Q=0.5mL/min EGDA=1.000M cat=1.000M k1_ref=7.724e-04  Ea1= 47.2  maxCI=    inf%  logdetF= 25.3
  [D] round 5/6  T=120.0C Q=0.5mL/min EGDA=1.000M cat=1.000M k1_ref=8.178e-04  Ea1= 46.5  maxCI=    inf%  logdetF= 27.6
  [D] round 6/6  T=160.0C Q=0.5mL/min EGDA=1.000M cat=1.000M k1_ref=8.242e-04  Ea1= 46.3  maxCI=    inf%  logdetF= 29.1
    S3_transport/D/seed1: 3.1 s
  [D] round 1/6  T=40.0C Q=1.0mL/min EGDA=1.000M cat=0.500M k1_ref=4.832e-04  Ea1= 79.2  maxCI=    inf%  logdetF=-inf
  [D] round 2/6  T=160.0C Q=0.5mL/min EGDA=1.000M cat=1.000M k1_ref=2.826e-04  Ea1= 58.8  maxCI=    inf%  logdetF= 3.5
  [D] round 3/6  T=120.0C Q=0.5mL/min EGDA=1.000M cat=1.000M k1_ref=8.235e-04  Ea1= 45.9  maxCI=    inf%  logdetF= 23.7
  [D] round 4/6  T=160.0C Q=0.5mL/min EGDA=1.000M cat=1.000M k1_ref=8.056e-04  Ea1= 46.3  maxCI=    inf%  logdetF= 26.6
  [D] round 5/6  T=160.0C Q=0.5mL/min EGDA=1.000M cat=1.000M k1_ref=8.052e-04  Ea1= 46.3  maxCI=    inf%  logdetF= 28.2
  [D] round 6/6  T=120.0C Q=0.5mL/min EGDA=1.000M cat=1.000M k1_ref=7.957e-04  Ea1= 46.5  maxCI=    inf%  logdetF= 29.6
    S3_transport/D/seed2: 3.2 s
  [D] round 1/6  T=40.0C Q=1.0mL/min EGDA=1.000M cat=0.500M k1_ref=4.614e-04  Ea1= 87.2  maxCI=    inf%  logdetF=-inf
  [D] round 2/6  T=160.0C Q=0.5mL/min EGDA=1.000M cat=0.500M k1_ref=2.306e-04  Ea1= 60.3  maxCI=    inf%  logdetF=-inf
  [D] round 3/6  T=140.0C Q=0.5mL/min EGDA=1.000M cat=1.000M k1_ref=1.522e-03  Ea1= 37.7  maxCI=    inf%  logdetF= 16.8
  [D] round 4/6  T=160.0C Q=0.5mL/min EGDA=1.000M cat=1.000M k1_ref=1.154e-03  Ea1= 41.7  maxCI=    inf%  logdetF= 23.9
  [D] round 5/6  T=120.0C Q=0.5mL/min EGDA=1.000M cat=1.000M k1_ref=1.019e-03  Ea1= 43.3  maxCI=    inf%  logdetF= 26.1
  [D] round 6/6  T=160.0C Q=0.5mL/min EGDA=1.000M cat=1.000M k1_ref=9.702e-04  Ea1= 44.1  maxCI=    inf%  logdetF= 28.1
    S3_transport/D/seed3: 3.2 s
  [D] round 1/6  T=40.0C Q=1.0mL/min EGDA=1.000M cat=0.500M k1_ref=3.908e-03  Ea1= 48.1  maxCI=    inf%  logdetF=-inf
  [D] round 2/6  T=140.0C Q=0.5mL/min EGDA=1.000M cat=1.000M k1_ref=2.573e-03  Ea1= 30.0  maxCI=    inf%  logdetF=-inf
  [D] round 3/6  T=160.0C Q=0.5mL/min EGDA=1.000M cat=1.000M k1_ref=8.517e-04  Ea1= 45.8  maxCI=    inf%  logdetF= 21.5
  [D] round 4/6  T=160.0C Q=0.5mL/min EGDA=1.000M cat=1.000M k1_ref=8.091e-04  Ea1= 46.6  maxCI=    inf%  logdetF= 24.6
  [D] round 5/6  T=120.0C Q=0.5mL/min EGDA=1.000M cat=1.000M k1_ref=1.038e-03  Ea1= 43.5  maxCI=    inf%  logdetF= 26.9
  [D] round 6/6  T=160.0C Q=0.5mL/min EGDA=1.000M cat=1.000M k1_ref=1.051e-03  Ea1= 43.3  maxCI=    inf%  logdetF= 28.3
    S3_transport/D/seed4: 3.4 s
  [D] round 1/6  T=40.0C Q=1.0mL/min EGDA=1.000M cat=0.500M k1_ref=9.605e-04  Ea1= 70.8  maxCI=    inf%  logdetF=-inf
  [D] round 2/6  T=160.0C Q=0.5mL/min EGDA=1.000M cat=0.500M k1_ref=5.879e-04  Ea1= 49.8  maxCI=    inf%  logdetF=-1.5
  [D] round 3/6  T=140.0C Q=0.5mL/min EGDA=1.000M cat=1.000M k1_ref=1.166e-03  Ea1= 41.6  maxCI=    inf%  logdetF= 16.8
  [D] round 4/6  T=160.0C Q=0.5mL/min EGDA=1.000M cat=1.000M k1_ref=9.858e-04  Ea1= 44.0  maxCI=    inf%  logdetF= 23.6
  [D] round 5/6  T=120.0C Q=0.5mL/min EGDA=1.000M cat=1.000M k1_ref=1.009e-03  Ea1= 43.7  maxCI=    inf%  logdetF= 25.9
  [D] round 6/6  T=160.0C Q=0.5mL/min EGDA=1.000M cat=1.000M k1_ref=9.956e-04  Ea1= 43.9  maxCI=    inf%  logdetF= 28.0
    S3_transport/D/seed5: 3.2 s
  [D] round 1/6  T=40.0C Q=1.0mL/min EGDA=1.000M cat=0.500M k1_ref=1.359e-03  Ea1= 60.8  maxCI=    inf%  logdetF=-inf
  [D] round 2/6  T=160.0C Q=0.5mL/min EGDA=1.000M cat=0.500M k1_ref=9.170e-04  Ea1= 43.8  maxCI=    inf%  logdetF=-inf
  [D] round 3/6  T=140.0C Q=0.5mL/min EGDA=1.000M cat=1.000M k1_ref=1.706e-03  Ea1= 36.4  maxCI=    inf%  logdetF= 16.6
  [D] round 4/6  T=160.0C Q=0.5mL/min EGDA=1.000M cat=1.000M k1_ref=1.333e-03  Ea1= 39.9  maxCI=    inf%  logdetF= 23.7
  [D] round 5/6  T=120.0C Q=0.5mL/min EGDA=1.000M cat=1.000M k1_ref=1.035e-03  Ea1= 43.1  maxCI=    inf%  logdetF= 25.9
  [D] round 6/6  T=160.0C Q=0.5mL/min EGDA=1.000M cat=1.000M k1_ref=1.001e-03  Ea1= 43.6  maxCI=    inf%  logdetF= 28.0
    S3_transport/D/seed6: 3.2 s
  [F-uncorr] round 1/6  T=40.0C Q=1.0mL/min EGDA=1.000M cat=0.500M n_z=10  NORMAL_LEARNING      rev-pitzer=1.00
  [F-uncorr] round 2/6  T=160.0C Q=0.5mL/min EGDA=1.000M cat=1.000M n_z=10  MODEL_INADEQUATE     rev-pitzer=1.00
  [F-uncorr] round 3/6  T=100.0C Q=0.5mL/min EGDA=1.000M cat=1.000M n_z=10  MODEL_INADEQUATE     rev-pitzer=1.00
  [F-uncorr] round 4/6  T=160.0C Q=0.5mL/min EGDA=1.000M cat=0.500M n_z=10  MODEL_INADEQUATE     rev-pitzer=1.00
  [F-uncorr] round 5/6  T=120.0C Q=0.5mL/min EGDA=1.000M cat=1.000M n_z=10  MODEL_INADEQUATE     rev-pitzer=1.00
  [F-uncorr] round 6/6  T=160.0C Q=0.5mL/min EGDA=1.000M cat=1.000M n_z=10  MODEL_INADEQUATE     rev-pitzer=1.00
    S3_transport/F-uncorr/seed1: 13.7 s
  [F-uncorr] round 1/6  T=40.0C Q=1.0mL/min EGDA=1.000M cat=0.500M n_z=10  NORMAL_LEARNING      rev-pitzer=1.00
  [F-uncorr] round 2/6  T=160.0C Q=0.5mL/min EGDA=1.000M cat=1.000M n_z=10  MODEL_INADEQUATE     rev-pitzer=1.00
  [F-uncorr] round 3/6  T=120.0C Q=0.5mL/min EGDA=1.000M cat=0.500M n_z=10  MODEL_INADEQUATE     rev-pitzer=1.00
  [F-uncorr] round 4/6  T=120.0C Q=0.5mL/min EGDA=1.000M cat=1.000M n_z=10  MODEL_INADEQUATE     rev-pitzer=1.00
  [F-uncorr] round 5/6  T=160.0C Q=0.5mL/min EGDA=1.000M cat=0.500M n_z=10  MODEL_INADEQUATE     rev-pitzer=1.00
  [F-uncorr] round 6/6  T=160.0C Q=0.5mL/min EGDA=1.000M cat=1.000M n_z=10  MODEL_INADEQUATE     rev-pitzer=1.00
    S3_transport/F-uncorr/seed2: 13.5 s
  [F-uncorr] round 1/6  T=40.0C Q=1.0mL/min EGDA=1.000M cat=0.500M n_z=10  NORMAL_LEARNING      rev-pitzer=1.00
  [F-uncorr] round 2/6  T=160.0C Q=0.5mL/min EGDA=1.000M cat=1.000M n_z=10  MODEL_INADEQUATE     rev-pitzer=1.00
  [F-uncorr] round 3/6  T=100.0C Q=0.5mL/min EGDA=1.000M cat=1.000M n_z=10  MODEL_INADEQUATE     rev-pitzer=1.00
  [F-uncorr] round 4/6  T=160.0C Q=0.5mL/min EGDA=1.000M cat=0.500M n_z=10  MODEL_INADEQUATE     rev-pitzer=1.00
  [F-uncorr] round 5/6  T=120.0C Q=0.5mL/min EGDA=1.000M cat=1.000M n_z=10  MODEL_INADEQUATE     rev-pitzer=1.00
  [F-uncorr] round 6/6  T=160.0C Q=0.5mL/min EGDA=1.000M cat=1.000M n_z=10  MODEL_INADEQUATE     rev-pitzer=1.00
    S3_transport/F-uncorr/seed3: 13.9 s
  [F-uncorr] round 1/6  T=40.0C Q=1.0mL/min EGDA=1.000M cat=0.500M n_z=9  NORMAL_LEARNING      rev-pitzer=1.00
  [F-uncorr] round 2/6  T=160.0C Q=0.5mL/min EGDA=1.000M cat=1.000M n_z=10  MODEL_INADEQUATE     rev-pitzer=1.00
  [F-uncorr] round 3/6  T=100.0C Q=0.5mL/min EGDA=1.000M cat=1.000M n_z=10  MODEL_INADEQUATE     rev-pitzer=1.00
  [F-uncorr] round 4/6  T=160.0C Q=0.5mL/min EGDA=1.000M cat=0.500M n_z=10  MODEL_INADEQUATE     rev-pitzer=1.00
  [F-uncorr] round 5/6  T=120.0C Q=0.5mL/min EGDA=1.000M cat=1.000M n_z=10  MODEL_INADEQUATE     rev-pitzer=1.00
  [F-uncorr] round 6/6  T=160.0C Q=0.5mL/min EGDA=1.000M cat=1.000M n_z=10  MODEL_INADEQUATE     rev-pitzer=1.00
    S3_transport/F-uncorr/seed4: 13.8 s
  [F-uncorr] round 1/6  T=40.0C Q=1.0mL/min EGDA=1.000M cat=0.500M n_z=10  NORMAL_LEARNING      rev-pitzer=1.00
  [F-uncorr] round 2/6  T=160.0C Q=0.5mL/min EGDA=1.000M cat=1.000M n_z=10  MODEL_INADEQUATE     rev-pitzer=1.00
  [F-uncorr] round 3/6  T=100.0C Q=0.5mL/min EGDA=1.000M cat=1.000M n_z=10  MODEL_INADEQUATE     rev-pitzer=1.00
  [F-uncorr] round 4/6  T=160.0C Q=0.5mL/min EGDA=1.000M cat=0.500M n_z=10  MODEL_INADEQUATE     rev-pitzer=1.00
  [F-uncorr] round 5/6  T=120.0C Q=0.5mL/min EGDA=1.000M cat=1.000M n_z=10  MODEL_INADEQUATE     rev-pitzer=1.00
  [F-uncorr] round 6/6  T=160.0C Q=0.5mL/min EGDA=1.000M cat=1.000M n_z=10  MODEL_INADEQUATE     rev-pitzer=1.00
    S3_transport/F-uncorr/seed5: 13.7 s
  [F-uncorr] round 1/6  T=40.0C Q=1.0mL/min EGDA=1.000M cat=0.500M n_z=10  NORMAL_LEARNING      rev-pitzer=1.00
  [F-uncorr] round 2/6  T=160.0C Q=0.5mL/min EGDA=1.000M cat=1.000M n_z=10  MODEL_INADEQUATE     rev-pitzer=1.00
  [F-uncorr] round 3/6  T=100.0C Q=0.5mL/min EGDA=1.000M cat=1.000M n_z=10  MODEL_INADEQUATE     rev-pitzer=1.00
  [F-uncorr] round 4/6  T=160.0C Q=0.5mL/min EGDA=1.000M cat=0.500M n_z=10  MODEL_INADEQUATE     rev-pitzer=1.00
  [F-uncorr] round 5/6  T=120.0C Q=0.5mL/min EGDA=1.000M cat=1.000M n_z=10  MODEL_INADEQUATE     rev-pitzer=1.00
  [F-uncorr] round 6/6  T=160.0C Q=0.5mL/min EGDA=1.000M cat=1.000M n_z=10  MODEL_INADEQUATE     rev-pitzer=1.00
    S3_transport/F-uncorr/seed6: 13.6 s
  [F] round 1/6  T=40.0C Q=1.0mL/min EGDA=1.000M cat=0.500M n_z=10  NORMAL_LEARNING      rev-pitzer=1.00
  [F] round 2/6  T=160.0C Q=0.5mL/min EGDA=1.000M cat=1.000M n_z=10  NORMAL_LEARNING      rev-pitzer=1.00
  [F] round 3/6  T=120.0C Q=0.5mL/min EGDA=1.000M cat=1.000M n_z=10  NORMAL_LEARNING      rev-pitzer=1.00
  [F] round 4/6  T=160.0C Q=0.5mL/min EGDA=1.000M cat=1.000M n_z=10  NORMAL_LEARNING      rev-pitzer=1.00
  [F] round 5/6  T=120.0C Q=0.5mL/min EGDA=1.000M cat=1.000M n_z=10  NORMAL_LEARNING      rev-pitzer=1.00
  [F] round 6/6  T=160.0C Q=0.5mL/min EGDA=1.000M cat=1.000M n_z=10  NORMAL_LEARNING      rev-pitzer=1.00
    S3_transport/F/seed1: 26.7 s
  [F] round 1/6  T=40.0C Q=1.0mL/min EGDA=1.000M cat=0.500M n_z=10  NORMAL_LEARNING      rev-pitzer=1.00
  [F] round 2/6  T=160.0C Q=0.5mL/min EGDA=1.000M cat=1.000M n_z=10  NORMAL_LEARNING      rev-pitzer=1.00
  [F] round 3/6  T=140.0C Q=0.5mL/min EGDA=1.000M cat=1.000M n_z=10  NORMAL_LEARNING      rev-pitzer=1.00
  [F] round 4/6  T=100.0C Q=0.5mL/min EGDA=1.000M cat=1.000M n_z=10  NORMAL_LEARNING      rev-pitzer=1.00
  [F] round 5/6  T=160.0C Q=0.5mL/min EGDA=1.000M cat=1.000M n_z=10  NORMAL_LEARNING      rev-pitzer=1.00
  [F] round 6/6  T=160.0C Q=0.5mL/min EGDA=1.000M cat=1.000M n_z=10  NORMAL_LEARNING      rev-pitzer=1.00
    S3_transport/F/seed2: 26.2 s
  [F] round 1/6  T=40.0C Q=1.0mL/min EGDA=1.000M cat=0.500M n_z=10  NORMAL_LEARNING      rev-pitzer=1.00
  [F] round 2/6  T=160.0C Q=0.5mL/min EGDA=1.000M cat=1.000M n_z=10  NORMAL_LEARNING      rev-pitzer=1.00
  [F] round 3/6  T=100.0C Q=0.5mL/min EGDA=1.000M cat=1.000M n_z=10  NORMAL_LEARNING      rev-pitzer=1.00
  [F] round 4/6  T=160.0C Q=0.5mL/min EGDA=1.000M cat=1.000M n_z=10  NORMAL_LEARNING      rev-pitzer=1.00
  [F] round 5/6  T=120.0C Q=0.5mL/min EGDA=1.000M cat=1.000M n_z=10  NORMAL_LEARNING      rev-pitzer=1.00
  [F] round 6/6  T=160.0C Q=0.5mL/min EGDA=1.000M cat=1.000M n_z=10  NORMAL_LEARNING      rev-pitzer=1.00
    S3_transport/F/seed3: 26.9 s
  [F] round 1/6  T=40.0C Q=1.0mL/min EGDA=1.000M cat=0.500M n_z=9  NORMAL_LEARNING      rev-pitzer=1.00
  [F] round 2/6  T=160.0C Q=0.5mL/min EGDA=1.000M cat=1.000M n_z=10  NORMAL_LEARNING      rev-pitzer=1.00
  [F] round 3/6  T=120.0C Q=0.5mL/min EGDA=1.000M cat=1.000M n_z=10  NORMAL_LEARNING      rev-pitzer=1.00
  [F] round 4/6  T=160.0C Q=0.5mL/min EGDA=1.000M cat=1.000M n_z=10  NORMAL_LEARNING      rev-pitzer=1.00
  [F] round 5/6  T=160.0C Q=0.5mL/min EGDA=1.000M cat=1.000M n_z=10  NORMAL_LEARNING      rev-pitzer=1.00
  [F] round 6/6  T=80.0C Q=0.5mL/min EGDA=1.000M cat=1.000M n_z=10  NORMAL_LEARNING      rev-pitzer=1.00
    S3_transport/F/seed4: 26.7 s
  [F] round 1/6  T=40.0C Q=1.0mL/min EGDA=1.000M cat=0.500M n_z=10  NORMAL_LEARNING      rev-pitzer=1.00
  [F] round 2/6  T=140.0C Q=0.5mL/min EGDA=1.000M cat=1.000M n_z=10  NORMAL_LEARNING      rev-pitzer=1.00
  [F] round 3/6  T=160.0C Q=0.5mL/min EGDA=1.000M cat=1.000M n_z=10  NORMAL_LEARNING      rev-pitzer=1.00
  [F] round 4/6  T=120.0C Q=0.5mL/min EGDA=1.000M cat=1.000M n_z=10  NORMAL_LEARNING      rev-pitzer=1.00
  [F] round 5/6  T=160.0C Q=0.5mL/min EGDA=1.000M cat=1.000M n_z=10  NORMAL_LEARNING      rev-pitzer=1.00
  [F] round 6/6  T=80.0C Q=0.5mL/min EGDA=1.000M cat=1.000M n_z=10  NORMAL_LEARNING      rev-pitzer=1.00
    S3_transport/F/seed5: 26.5 s
  [F] round 1/6  T=40.0C Q=1.0mL/min EGDA=1.000M cat=0.500M n_z=10  NORMAL_LEARNING      rev-pitzer=1.00
  [F] round 2/6  T=160.0C Q=0.5mL/min EGDA=1.000M cat=1.000M n_z=10  NORMAL_LEARNING      rev-pitzer=1.00
  [F] round 3/6  T=140.0C Q=0.5mL/min EGDA=1.000M cat=1.000M n_z=10  NORMAL_LEARNING      rev-pitzer=1.00
  [F] round 4/6  T=120.0C Q=0.5mL/min EGDA=1.000M cat=1.000M n_z=10  NORMAL_LEARNING      rev-pitzer=1.00
  [F] round 5/6  T=160.0C Q=0.5mL/min EGDA=1.000M cat=1.000M n_z=10  NORMAL_LEARNING      rev-pitzer=1.00
  [F] round 6/6  T=160.0C Q=0.5mL/min EGDA=1.000M cat=1.000M n_z=10  NORMAL_LEARNING      rev-pitzer=1.00
    S3_transport/F/seed6: 27.0 s
    S3_transport done in 261 s

=== S3ab_delay: transport ablation: mean delay + in-line reaction only (plug RTD, no carryover)
  [D] round 1/6  T=40.0C Q=1.0mL/min EGDA=1.000M cat=0.500M k1_ref=1.381e-03  Ea1= 60.7  maxCI=    inf%  logdetF=-inf
  [D] round 2/6  T=140.0C Q=0.5mL/min EGDA=1.000M cat=1.000M k1_ref=9.500e-04  Ea1= 44.4  maxCI=    inf%  logdetF=-inf
  [D] round 3/6  T=160.0C Q=0.5mL/min EGDA=1.000M cat=1.000M k1_ref=7.390e-04  Ea1= 48.0  maxCI=    inf%  logdetF= 22.8
  [D] round 4/6  T=160.0C Q=0.5mL/min EGDA=1.000M cat=1.000M k1_ref=7.691e-04  Ea1= 47.5  maxCI=    inf%  logdetF= 25.5
  [D] round 5/6  T=120.0C Q=0.5mL/min EGDA=1.000M cat=1.000M k1_ref=8.186e-04  Ea1= 46.7  maxCI=    inf%  logdetF= 27.7
  [D] round 6/6  T=160.0C Q=0.5mL/min EGDA=1.000M cat=1.000M k1_ref=8.232e-04  Ea1= 46.6  maxCI=    inf%  logdetF= 29.2
    S3ab_delay/D/seed1: 3.2 s
  [D] round 1/6  T=40.0C Q=1.0mL/min EGDA=1.000M cat=0.500M k1_ref=5.366e-04  Ea1= 83.5  maxCI=    inf%  logdetF=-inf
  [D] round 2/6  T=160.0C Q=0.5mL/min EGDA=1.000M cat=0.500M k1_ref=2.724e-04  Ea1= 58.3  maxCI=    inf%  logdetF=-4.8
  [D] round 3/6  T=140.0C Q=0.5mL/min EGDA=1.000M cat=1.000M k1_ref=1.262e-03  Ea1= 39.9  maxCI=    inf%  logdetF= 16.9
  [D] round 4/6  T=160.0C Q=0.5mL/min EGDA=1.000M cat=1.000M k1_ref=9.331e-04  Ea1= 44.3  maxCI=    inf%  logdetF= 24.2
  [D] round 5/6  T=120.0C Q=0.5mL/min EGDA=1.000M cat=1.000M k1_ref=8.888e-04  Ea1= 44.9  maxCI=    inf%  logdetF= 26.5
  [D] round 6/6  T=160.0C Q=0.5mL/min EGDA=1.000M cat=1.000M k1_ref=8.704e-04  Ea1= 45.2  maxCI=    inf%  logdetF= 28.4
    S3ab_delay/D/seed2: 3.2 s
  [D] round 1/6  T=40.0C Q=1.0mL/min EGDA=1.000M cat=0.500M k1_ref=4.587e-04  Ea1= 86.5  maxCI=    inf%  logdetF=-inf
  [D] round 2/6  T=160.0C Q=0.5mL/min EGDA=1.000M cat=0.500M k1_ref=2.324e-04  Ea1= 60.4  maxCI=    inf%  logdetF=-inf
  [D] round 3/6  T=140.0C Q=0.5mL/min EGDA=1.000M cat=1.000M k1_ref=1.553e-03  Ea1= 37.7  maxCI=    inf%  logdetF= 17.0
  [D] round 4/6  T=160.0C Q=0.5mL/min EGDA=1.000M cat=1.000M k1_ref=1.163e-03  Ea1= 41.9  maxCI=    inf%  logdetF= 24.0
  [D] round 5/6  T=120.0C Q=0.5mL/min EGDA=1.000M cat=1.000M k1_ref=1.024e-03  Ea1= 43.5  maxCI=    inf%  logdetF= 26.3
  [D] round 6/6  T=160.0C Q=0.5mL/min EGDA=1.000M cat=1.000M k1_ref=9.723e-04  Ea1= 44.3  maxCI=    inf%  logdetF= 28.2
    S3ab_delay/D/seed3: 3.2 s
  [D] round 1/6  T=40.0C Q=1.0mL/min EGDA=1.000M cat=0.500M k1_ref=4.497e-03  Ea1= 54.1  maxCI=    inf%  logdetF=-inf
  [D] round 2/6  T=160.0C Q=0.5mL/min EGDA=1.000M cat=0.500M k1_ref=2.651e-03  Ea1= 31.2  maxCI=    inf%  logdetF=-inf
  [D] round 3/6  T=140.0C Q=0.5mL/min EGDA=1.000M cat=1.000M k1_ref=1.758e-03  Ea1= 36.1  maxCI=    inf%  logdetF= 17.1
  [D] round 4/6  T=160.0C Q=0.5mL/min EGDA=1.000M cat=1.000M k1_ref=1.238e-03  Ea1= 41.1  maxCI=    inf%  logdetF= 23.6
  [D] round 5/6  T=120.0C Q=0.5mL/min EGDA=1.000M cat=1.000M k1_ref=1.215e-03  Ea1= 41.3  maxCI=    inf%  logdetF= 25.9
  [D] round 6/6  T=160.0C Q=0.5mL/min EGDA=1.000M cat=1.000M k1_ref=1.182e-03  Ea1= 41.7  maxCI=    inf%  logdetF= 27.6
    S3ab_delay/D/seed4: 3.2 s
  [D] round 1/6  T=40.0C Q=1.0mL/min EGDA=1.000M cat=0.500M k1_ref=6.254e-04  Ea1= 52.0  maxCI=    inf%  logdetF=-inf
  [D] round 2/6  T=160.0C Q=0.5mL/min EGDA=1.000M cat=1.000M k1_ref=6.026e-04  Ea1= 50.6  maxCI=    inf%  logdetF= 7.3
  [D] round 3/6  T=120.0C Q=0.5mL/min EGDA=1.000M cat=1.000M k1_ref=9.314e-04  Ea1= 45.4  maxCI=    inf%  logdetF= 23.9
  [D] round 4/6  T=160.0C Q=0.5mL/min EGDA=1.000M cat=1.000M k1_ref=9.346e-04  Ea1= 45.3  maxCI=    inf%  logdetF= 26.7
  [D] round 5/6  T=160.0C Q=0.5mL/min EGDA=1.000M cat=1.000M k1_ref=9.459e-04  Ea1= 45.1  maxCI=    inf%  logdetF= 28.4
  [D] round 6/6  T=120.0C Q=0.5mL/min EGDA=1.000M cat=1.000M k1_ref=9.777e-04  Ea1= 44.7  maxCI=    inf%  logdetF= 29.7
    S3ab_delay/D/seed5: 3.2 s
  [D] round 1/6  T=40.0C Q=1.0mL/min EGDA=1.000M cat=0.500M k1_ref=1.414e-03  Ea1= 62.3  maxCI=    inf%  logdetF=-inf
  [D] round 2/6  T=140.0C Q=0.5mL/min EGDA=1.000M cat=1.000M k1_ref=9.421e-04  Ea1= 44.7  maxCI=    inf%  logdetF=-inf
  [D] round 3/6  T=160.0C Q=0.5mL/min EGDA=1.000M cat=1.000M k1_ref=6.731e-04  Ea1= 49.5  maxCI=    inf%  logdetF= 22.7
  [D] round 4/6  T=160.0C Q=0.5mL/min EGDA=1.000M cat=1.000M k1_ref=7.656e-04  Ea1= 47.7  maxCI=    inf%  logdetF= 25.4
  [D] round 5/6  T=120.0C Q=0.5mL/min EGDA=1.000M cat=1.000M k1_ref=8.329e-04  Ea1= 46.6  maxCI=    inf%  logdetF= 27.7
  [D] round 6/6  T=160.0C Q=0.5mL/min EGDA=1.000M cat=1.000M k1_ref=8.473e-04  Ea1= 46.4  maxCI=    inf%  logdetF= 29.1
    S3ab_delay/D/seed6: 3.2 s
  [F] round 1/6  T=40.0C Q=1.0mL/min EGDA=1.000M cat=0.500M n_z=10  NORMAL_LEARNING      rev-pitzer=1.00
  [F] round 2/6  T=160.0C Q=0.5mL/min EGDA=1.000M cat=1.000M n_z=10  NORMAL_LEARNING      rev-pitzer=1.00
  [F] round 3/6  T=120.0C Q=0.5mL/min EGDA=1.000M cat=1.000M n_z=10  NORMAL_LEARNING      rev-pitzer=1.00
  [F] round 4/6  T=160.0C Q=0.5mL/min EGDA=1.000M cat=1.000M n_z=10  NORMAL_LEARNING      rev-pitzer=1.00
  [F] round 5/6  T=120.0C Q=0.5mL/min EGDA=1.000M cat=1.000M n_z=10  NORMAL_LEARNING      rev-pitzer=1.00
  [F] round 6/6  T=160.0C Q=0.5mL/min EGDA=1.000M cat=1.000M n_z=10  NORMAL_LEARNING      rev-pitzer=1.00
    S3ab_delay/F/seed1: 26.3 s
  [F] round 1/6  T=40.0C Q=1.0mL/min EGDA=1.000M cat=0.500M n_z=10  NORMAL_LEARNING      rev-pitzer=1.00
  [F] round 2/6  T=160.0C Q=0.5mL/min EGDA=1.000M cat=1.000M n_z=10  NORMAL_LEARNING      rev-pitzer=1.00
  [F] round 3/6  T=140.0C Q=0.5mL/min EGDA=1.000M cat=1.000M n_z=10  NORMAL_LEARNING      rev-pitzer=1.00
  [F] round 4/6  T=100.0C Q=0.5mL/min EGDA=1.000M cat=1.000M n_z=10  NORMAL_LEARNING      rev-pitzer=1.00
  [F] round 5/6  T=160.0C Q=0.5mL/min EGDA=1.000M cat=1.000M n_z=10  NORMAL_LEARNING      rev-pitzer=1.00
  [F] round 6/6  T=160.0C Q=0.5mL/min EGDA=1.000M cat=1.000M n_z=10  NORMAL_LEARNING      rev-pitzer=1.00
    S3ab_delay/F/seed2: 26.9 s
  [F] round 1/6  T=40.0C Q=1.0mL/min EGDA=1.000M cat=0.500M n_z=10  NORMAL_LEARNING      rev-pitzer=1.00
  [F] round 2/6  T=160.0C Q=0.5mL/min EGDA=1.000M cat=1.000M n_z=10  NORMAL_LEARNING      rev-pitzer=1.00
  [F] round 3/6  T=100.0C Q=0.5mL/min EGDA=1.000M cat=1.000M n_z=10  NORMAL_LEARNING      rev-pitzer=1.00
  [F] round 4/6  T=160.0C Q=0.5mL/min EGDA=1.000M cat=1.000M n_z=10  NORMAL_LEARNING      rev-pitzer=1.00
  [F] round 5/6  T=120.0C Q=0.5mL/min EGDA=1.000M cat=1.000M n_z=10  NORMAL_LEARNING      rev-pitzer=1.00
  [F] round 6/6  T=160.0C Q=0.5mL/min EGDA=1.000M cat=1.000M n_z=10  NORMAL_LEARNING      rev-pitzer=1.00
    S3ab_delay/F/seed3: 26.6 s
  [F] round 1/6  T=40.0C Q=1.0mL/min EGDA=1.000M cat=0.500M n_z=9  NORMAL_LEARNING      rev-pitzer=1.00
  [F] round 2/6  T=160.0C Q=0.5mL/min EGDA=1.000M cat=1.000M n_z=10  NORMAL_LEARNING      rev-pitzer=1.00
  [F] round 3/6  T=120.0C Q=0.5mL/min EGDA=1.000M cat=1.000M n_z=10  NORMAL_LEARNING      rev-pitzer=1.00
  [F] round 4/6  T=160.0C Q=0.5mL/min EGDA=1.000M cat=1.000M n_z=10  NORMAL_LEARNING      rev-pitzer=1.00
  [F] round 5/6  T=160.0C Q=0.5mL/min EGDA=1.000M cat=1.000M n_z=10  NORMAL_LEARNING      rev-pitzer=1.00
  [F] round 6/6  T=80.0C Q=0.5mL/min EGDA=1.000M cat=1.000M n_z=10  NORMAL_LEARNING      rev-pitzer=1.00
    S3ab_delay/F/seed4: 26.3 s
  [F] round 1/6  T=40.0C Q=1.0mL/min EGDA=1.000M cat=0.500M n_z=10  NORMAL_LEARNING      rev-pitzer=1.00
  [F] round 2/6  T=140.0C Q=0.5mL/min EGDA=1.000M cat=1.000M n_z=10  NORMAL_LEARNING      rev-pitzer=1.00
  [F] round 3/6  T=160.0C Q=0.5mL/min EGDA=1.000M cat=1.000M n_z=10  NORMAL_LEARNING      rev-pitzer=1.00
  [F] round 4/6  T=120.0C Q=0.5mL/min EGDA=1.000M cat=1.000M n_z=10  NORMAL_LEARNING      rev-pitzer=1.00
  [F] round 5/6  T=160.0C Q=0.5mL/min EGDA=1.000M cat=1.000M n_z=10  NORMAL_LEARNING      rev-pitzer=1.00
  [F] round 6/6  T=80.0C Q=0.5mL/min EGDA=1.000M cat=1.000M n_z=10  NORMAL_LEARNING      rev-pitzer=1.00
    S3ab_delay/F/seed5: 26.3 s
  [F] round 1/6  T=40.0C Q=1.0mL/min EGDA=1.000M cat=0.500M n_z=10  NORMAL_LEARNING      rev-pitzer=1.00
  [F] round 2/6  T=160.0C Q=0.5mL/min EGDA=1.000M cat=1.000M n_z=10  NORMAL_LEARNING      rev-pitzer=1.00
  [F] round 3/6  T=140.0C Q=0.5mL/min EGDA=1.000M cat=1.000M n_z=10  NORMAL_LEARNING      rev-pitzer=1.00
  [F] round 4/6  T=120.0C Q=0.5mL/min EGDA=1.000M cat=1.000M n_z=10  NORMAL_LEARNING      rev-pitzer=1.00
  [F] round 5/6  T=160.0C Q=0.5mL/min EGDA=1.000M cat=1.000M n_z=10  NORMAL_LEARNING      rev-pitzer=1.00
  [F] round 6/6  T=160.0C Q=0.5mL/min EGDA=1.000M cat=1.000M n_z=10  NORMAL_LEARNING      rev-pitzer=1.00
    S3ab_delay/F/seed6: 26.6 s
    S3ab_delay done in 178 s

=== S3ab_rtd: transport ablation: delay + gamma RTD dispersion (no carryover)
  [D] round 1/6  T=40.0C Q=1.0mL/min EGDA=1.000M cat=0.500M k1_ref=1.375e-03  Ea1= 60.6  maxCI=    inf%  logdetF=-inf
  [D] round 2/6  T=160.0C Q=0.5mL/min EGDA=1.000M cat=0.500M k1_ref=9.300e-04  Ea1= 43.6  maxCI=    inf%  logdetF=-inf
  [D] round 3/6  T=140.0C Q=0.5mL/min EGDA=1.000M cat=1.000M k1_ref=1.693e-03  Ea1= 36.5  maxCI=    inf%  logdetF= 16.9
  [D] round 4/6  T=160.0C Q=0.5mL/min EGDA=1.000M cat=1.000M k1_ref=1.311e-03  Ea1= 40.2  maxCI=    inf%  logdetF= 24.0
  [D] round 5/6  T=120.0C Q=0.5mL/min EGDA=1.000M cat=1.000M k1_ref=9.939e-04  Ea1= 43.6  maxCI=    inf%  logdetF= 26.2
  [D] round 6/6  T=160.0C Q=0.5mL/min EGDA=1.000M cat=1.000M k1_ref=9.595e-04  Ea1= 44.2  maxCI=    inf%  logdetF= 28.1
    S3ab_rtd/D/seed1: 3.2 s
  [D] round 1/6  T=40.0C Q=1.0mL/min EGDA=1.000M cat=0.500M k1_ref=5.348e-04  Ea1= 83.5  maxCI=    inf%  logdetF=-inf
  [D] round 2/6  T=160.0C Q=0.5mL/min EGDA=1.000M cat=0.500M k1_ref=2.759e-04  Ea1= 58.0  maxCI=    inf%  logdetF=-4.8
  [D] round 3/6  T=140.0C Q=0.5mL/min EGDA=1.000M cat=1.000M k1_ref=1.247e-03  Ea1= 40.0  maxCI=    inf%  logdetF= 16.9
  [D] round 4/6  T=160.0C Q=0.5mL/min EGDA=1.000M cat=1.000M k1_ref=9.327e-04  Ea1= 44.2  maxCI=    inf%  logdetF= 24.1
  [D] round 5/6  T=120.0C Q=0.5mL/min EGDA=1.000M cat=1.000M k1_ref=8.883e-04  Ea1= 44.8  maxCI=    inf%  logdetF= 26.5
  [D] round 6/6  T=160.0C Q=0.5mL/min EGDA=1.000M cat=1.000M k1_ref=8.723e-04  Ea1= 45.1  maxCI=    inf%  logdetF= 28.4
    S3ab_rtd/D/seed2: 3.2 s
  [D] round 1/6  T=40.0C Q=1.0mL/min EGDA=1.000M cat=0.500M k1_ref=4.579e-04  Ea1= 86.7  maxCI=    inf%  logdetF=-inf
  [D] round 2/6  T=160.0C Q=0.5mL/min EGDA=1.000M cat=0.500M k1_ref=2.324e-04  Ea1= 60.3  maxCI=    inf%  logdetF=-inf
  [D] round 3/6  T=140.0C Q=0.5mL/min EGDA=1.000M cat=1.000M k1_ref=1.534e-03  Ea1= 37.7  maxCI=    inf%  logdetF= 16.9
  [D] round 4/6  T=160.0C Q=0.5mL/min EGDA=1.000M cat=1.000M k1_ref=1.162e-03  Ea1= 41.8  maxCI=    inf%  logdetF= 24.0
  [D] round 5/6  T=120.0C Q=0.5mL/min EGDA=1.000M cat=1.000M k1_ref=1.024e-03  Ea1= 43.3  maxCI=    inf%  logdetF= 26.2
  [D] round 6/6  T=160.0C Q=0.5mL/min EGDA=1.000M cat=1.000M k1_ref=9.749e-04  Ea1= 44.1  maxCI=    inf%  logdetF= 28.2
    S3ab_rtd/D/seed3: 3.2 s
  [D] round 1/6  T=40.0C Q=1.0mL/min EGDA=1.000M cat=0.500M k1_ref=3.505e-03  Ea1= 43.3  maxCI=    inf%  logdetF=-inf
  [D] round 2/6  T=140.0C Q=0.5mL/min EGDA=1.000M cat=1.000M k1_ref=2.579e-03  Ea1= 30.0  maxCI=    inf%  logdetF=-inf
  [D] round 3/6  T=160.0C Q=0.5mL/min EGDA=1.000M cat=1.000M k1_ref=8.525e-04  Ea1= 45.9  maxCI=    inf%  logdetF= 21.6
  [D] round 4/6  T=160.0C Q=0.5mL/min EGDA=1.000M cat=1.000M k1_ref=8.172e-04  Ea1= 46.5  maxCI=    inf%  logdetF= 24.7
  [D] round 5/6  T=120.0C Q=0.5mL/min EGDA=1.000M cat=1.000M k1_ref=1.046e-03  Ea1= 43.5  maxCI=    inf%  logdetF= 27.0
  [D] round 6/6  T=160.0C Q=0.5mL/min EGDA=1.000M cat=1.000M k1_ref=1.057e-03  Ea1= 43.3  maxCI=    inf%  logdetF= 28.4
    S3ab_rtd/D/seed4: 3.4 s
  [D] round 1/6  T=40.0C Q=1.0mL/min EGDA=1.000M cat=0.500M k1_ref=1.045e-03  Ea1= 74.4  maxCI=    inf%  logdetF=-inf
  [D] round 2/6  T=160.0C Q=0.5mL/min EGDA=1.000M cat=0.500M k1_ref=5.786e-04  Ea1= 50.0  maxCI=    inf%  logdetF=-1.5
  [D] round 3/6  T=140.0C Q=0.5mL/min EGDA=1.000M cat=1.000M k1_ref=1.176e-03  Ea1= 41.5  maxCI=    inf%  logdetF= 16.9
  [D] round 4/6  T=160.0C Q=0.5mL/min EGDA=1.000M cat=1.000M k1_ref=9.913e-04  Ea1= 44.0  maxCI=    inf%  logdetF= 23.7
  [D] round 5/6  T=120.0C Q=0.5mL/min EGDA=1.000M cat=1.000M k1_ref=1.014e-03  Ea1= 43.7  maxCI=    inf%  logdetF= 26.0
  [D] round 6/6  T=160.0C Q=0.5mL/min EGDA=1.000M cat=1.000M k1_ref=1.000e-03  Ea1= 43.9  maxCI=    inf%  logdetF= 28.1
    S3ab_rtd/D/seed5: 3.5 s
  [D] round 1/6  T=40.0C Q=1.0mL/min EGDA=1.000M cat=0.500M k1_ref=1.385e-03  Ea1= 61.6  maxCI=    inf%  logdetF=-inf
  [D] round 2/6  T=160.0C Q=0.5mL/min EGDA=1.000M cat=1.000M k1_ref=9.431e-04  Ea1= 44.9  maxCI=    inf%  logdetF=-inf
  [D] round 3/6  T=120.0C Q=0.5mL/min EGDA=1.000M cat=1.000M k1_ref=9.808e-04  Ea1= 44.4  maxCI=    inf%  logdetF= 23.7
  [D] round 4/6  T=160.0C Q=0.5mL/min EGDA=1.000M cat=1.000M k1_ref=9.924e-04  Ea1= 44.2  maxCI=    inf%  logdetF= 26.5
  [D] round 5/6  T=160.0C Q=0.5mL/min EGDA=1.000M cat=1.000M k1_ref=9.810e-04  Ea1= 44.4  maxCI=    inf%  logdetF= 28.1
  [D] round 6/6  T=120.0C Q=0.5mL/min EGDA=1.000M cat=1.000M k1_ref=9.537e-04  Ea1= 44.7  maxCI=    inf%  logdetF= 29.5
    S3ab_rtd/D/seed6: 3.2 s
  [F] round 1/6  T=40.0C Q=1.0mL/min EGDA=1.000M cat=0.500M n_z=10  NORMAL_LEARNING      rev-pitzer=1.00
  [F] round 2/6  T=160.0C Q=0.5mL/min EGDA=1.000M cat=1.000M n_z=10  NORMAL_LEARNING      rev-pitzer=1.00
  [F] round 3/6  T=120.0C Q=0.5mL/min EGDA=1.000M cat=1.000M n_z=10  NORMAL_LEARNING      rev-pitzer=1.00
  [F] round 4/6  T=160.0C Q=0.5mL/min EGDA=1.000M cat=1.000M n_z=10  NORMAL_LEARNING      rev-pitzer=1.00
  [F] round 5/6  T=120.0C Q=0.5mL/min EGDA=1.000M cat=1.000M n_z=10  NORMAL_LEARNING      rev-pitzer=1.00
  [F] round 6/6  T=160.0C Q=0.5mL/min EGDA=1.000M cat=1.000M n_z=10  NORMAL_LEARNING      rev-pitzer=1.00
    S3ab_rtd/F/seed1: 26.4 s
  [F] round 1/6  T=40.0C Q=1.0mL/min EGDA=1.000M cat=0.500M n_z=10  NORMAL_LEARNING      rev-pitzer=1.00
  [F] round 2/6  T=160.0C Q=0.5mL/min EGDA=1.000M cat=1.000M n_z=10  NORMAL_LEARNING      rev-pitzer=1.00
  [F] round 3/6  T=140.0C Q=0.5mL/min EGDA=1.000M cat=1.000M n_z=10  NORMAL_LEARNING      rev-pitzer=1.00
  [F] round 4/6  T=100.0C Q=0.5mL/min EGDA=1.000M cat=1.000M n_z=10  NORMAL_LEARNING      rev-pitzer=1.00
  [F] round 5/6  T=160.0C Q=0.5mL/min EGDA=1.000M cat=1.000M n_z=10  NORMAL_LEARNING      rev-pitzer=1.00
  [F] round 6/6  T=160.0C Q=0.5mL/min EGDA=1.000M cat=1.000M n_z=10  NORMAL_LEARNING      rev-pitzer=1.00
    S3ab_rtd/F/seed2: 26.3 s
  [F] round 1/6  T=40.0C Q=1.0mL/min EGDA=1.000M cat=0.500M n_z=10  NORMAL_LEARNING      rev-pitzer=1.00
  [F] round 2/6  T=160.0C Q=0.5mL/min EGDA=1.000M cat=1.000M n_z=10  NORMAL_LEARNING      rev-pitzer=1.00
  [F] round 3/6  T=100.0C Q=0.5mL/min EGDA=1.000M cat=1.000M n_z=10  NORMAL_LEARNING      rev-pitzer=1.00
  [F] round 4/6  T=160.0C Q=0.5mL/min EGDA=1.000M cat=1.000M n_z=10  NORMAL_LEARNING      rev-pitzer=1.00
  [F] round 5/6  T=120.0C Q=0.5mL/min EGDA=1.000M cat=1.000M n_z=10  NORMAL_LEARNING      rev-pitzer=1.00
  [F] round 6/6  T=160.0C Q=0.5mL/min EGDA=1.000M cat=1.000M n_z=10  NORMAL_LEARNING      rev-pitzer=1.00
    S3ab_rtd/F/seed3: 27.0 s
  [F] round 1/6  T=40.0C Q=1.0mL/min EGDA=1.000M cat=0.500M n_z=9  NORMAL_LEARNING      rev-pitzer=1.00
  [F] round 2/6  T=160.0C Q=0.5mL/min EGDA=1.000M cat=1.000M n_z=10  NORMAL_LEARNING      rev-pitzer=1.00
  [F] round 3/6  T=120.0C Q=0.5mL/min EGDA=1.000M cat=1.000M n_z=10  NORMAL_LEARNING      rev-pitzer=1.00
  [F] round 4/6  T=160.0C Q=0.5mL/min EGDA=1.000M cat=1.000M n_z=10  NORMAL_LEARNING      rev-pitzer=1.00
  [F] round 5/6  T=160.0C Q=0.5mL/min EGDA=1.000M cat=1.000M n_z=10  NORMAL_LEARNING      rev-pitzer=1.00
  [F] round 6/6  T=80.0C Q=0.5mL/min EGDA=1.000M cat=1.000M n_z=10  NORMAL_LEARNING      rev-pitzer=1.00
    S3ab_rtd/F/seed4: 26.8 s
  [F] round 1/6  T=40.0C Q=1.0mL/min EGDA=1.000M cat=0.500M n_z=10  NORMAL_LEARNING      rev-pitzer=1.00
  [F] round 2/6  T=140.0C Q=0.5mL/min EGDA=1.000M cat=1.000M n_z=10  NORMAL_LEARNING      rev-pitzer=1.00
  [F] round 3/6  T=160.0C Q=0.5mL/min EGDA=1.000M cat=1.000M n_z=10  NORMAL_LEARNING      rev-pitzer=1.00
  [F] round 4/6  T=120.0C Q=0.5mL/min EGDA=1.000M cat=1.000M n_z=10  NORMAL_LEARNING      rev-pitzer=1.00
  [F] round 5/6  T=160.0C Q=0.5mL/min EGDA=1.000M cat=1.000M n_z=10  NORMAL_LEARNING      rev-pitzer=1.00
  [F] round 6/6  T=80.0C Q=0.5mL/min EGDA=1.000M cat=1.000M n_z=10  NORMAL_LEARNING      rev-pitzer=1.00
    S3ab_rtd/F/seed5: 26.5 s
  [F] round 1/6  T=40.0C Q=1.0mL/min EGDA=1.000M cat=0.500M n_z=10  NORMAL_LEARNING      rev-pitzer=1.00
  [F] round 2/6  T=160.0C Q=0.5mL/min EGDA=1.000M cat=1.000M n_z=10  NORMAL_LEARNING      rev-pitzer=1.00
  [F] round 3/6  T=140.0C Q=0.5mL/min EGDA=1.000M cat=1.000M n_z=10  NORMAL_LEARNING      rev-pitzer=1.00
  [F] round 4/6  T=120.0C Q=0.5mL/min EGDA=1.000M cat=1.000M n_z=10  NORMAL_LEARNING      rev-pitzer=1.00
  [F] round 5/6  T=160.0C Q=0.5mL/min EGDA=1.000M cat=1.000M n_z=10  NORMAL_LEARNING      rev-pitzer=1.00
  [F] round 6/6  T=160.0C Q=0.5mL/min EGDA=1.000M cat=1.000M n_z=10  NORMAL_LEARNING      rev-pitzer=1.00
    S3ab_rtd/F/seed6: 27.2 s
    S3ab_rtd done in 180 s

=== S4a_ambiguity: HARD model discrimination: pitzer vs dilute vs irreversible (may honestly end undecided)
  [D] round 1/10  T=40.0C Q=1.0mL/min EGDA=1.000M cat=0.500M k1_ref=1.136e-03  Ea1= 59.1  maxCI=    inf%  logdetF=-inf
  [D] round 2/10  T=160.0C Q=0.5mL/min EGDA=1.000M cat=0.500M k1_ref=7.675e-04  Ea1= 42.1  maxCI=    inf%  logdetF=-inf
  [D] round 3/10  T=140.0C Q=0.5mL/min EGDA=1.000M cat=1.000M k1_ref=1.189e-03  Ea1= 36.8  maxCI=    inf%  logdetF= 3.2
  [D] round 4/10  T=160.0C Q=0.5mL/min EGDA=1.000M cat=1.000M k1_ref=1.036e-03  Ea1= 38.8  maxCI=    inf%  logdetF= 10.9
  [D] round 5/10  T=160.0C Q=0.5mL/min EGDA=1.000M cat=1.000M k1_ref=1.040e-03  Ea1= 38.7  maxCI=    inf%  logdetF= 13.2
  [D] round 6/10  T=120.0C Q=0.5mL/min EGDA=1.000M cat=1.000M k1_ref=8.552e-04  Ea1= 41.1  maxCI=    inf%  logdetF= 15.2
  [D] round 7/10  T=160.0C Q=0.5mL/min EGDA=1.000M cat=1.000M k1_ref=8.538e-04  Ea1= 41.2  maxCI=    inf%  logdetF= 16.3
  [D] round 8/10  T=160.0C Q=0.5mL/min EGDA=1.000M cat=1.000M k1_ref=8.454e-04  Ea1= 41.3  maxCI=    inf%  logdetF= 17.2
  [D] round 9/10  T=120.0C Q=0.5mL/min EGDA=1.000M cat=1.000M k1_ref=8.074e-04  Ea1= 41.9  maxCI=    inf%  logdetF= 18.2
  [D] round 10/10  T=160.0C Q=0.5mL/min EGDA=1.000M cat=1.000M k1_ref=8.063e-04  Ea1= 41.9  maxCI=    inf%  logdetF= 18.9
    S4a_ambiguity/D/seed1: 5.8 s
  [D] round 1/10  T=40.0C Q=1.0mL/min EGDA=1.000M cat=0.500M k1_ref=4.734e-04  Ea1= 85.8  maxCI=    inf%  logdetF=-inf
  [D] round 2/10  T=160.0C Q=0.5mL/min EGDA=1.000M cat=0.500M k1_ref=2.182e-04  Ea1= 56.9  maxCI=    inf%  logdetF=-inf
  [D] round 3/10  T=140.0C Q=0.5mL/min EGDA=1.000M cat=1.000M k1_ref=8.389e-04  Ea1= 40.8  maxCI=    inf%  logdetF= 3.2
  [D] round 4/10  T=160.0C Q=0.5mL/min EGDA=1.000M cat=1.000M k1_ref=7.094e-04  Ea1= 43.2  maxCI=    inf%  logdetF= 11.2
  [D] round 5/10  T=120.0C Q=0.5mL/min EGDA=1.000M cat=1.000M k1_ref=6.600e-04  Ea1= 44.1  maxCI=    inf%  logdetF= 13.4
  [D] round 6/10  T=160.0C Q=0.5mL/min EGDA=1.000M cat=1.000M k1_ref=6.698e-04  Ea1= 43.9  maxCI=    inf%  logdetF= 15.1
  [D] round 7/10  T=160.0C Q=0.5mL/min EGDA=1.000M cat=1.000M k1_ref=6.648e-04  Ea1= 44.0  maxCI=    inf%  logdetF= 16.2
  [D] round 8/10  T=120.0C Q=0.5mL/min EGDA=1.000M cat=1.000M k1_ref=6.561e-04  Ea1= 44.1  maxCI=    inf%  logdetF= 17.3
  [D] round 9/10  T=160.0C Q=0.5mL/min EGDA=1.000M cat=1.000M k1_ref=6.471e-04  Ea1= 44.4  maxCI=    inf%  logdetF= 18.1
  [D] round 10/10  T=160.0C Q=0.5mL/min EGDA=1.000M cat=1.000M k1_ref=6.499e-04  Ea1= 44.3  maxCI=    inf%  logdetF= 18.6
    S4a_ambiguity/D/seed2: 5.7 s
  [D] round 1/10  T=40.0C Q=1.0mL/min EGDA=1.000M cat=0.500M k1_ref=3.343e-04  Ea1= 91.8  maxCI=    inf%  logdetF=-inf
  [D] round 2/10  T=160.0C Q=0.5mL/min EGDA=1.000M cat=0.500M k1_ref=1.484e-04  Ea1= 61.8  maxCI=    inf%  logdetF=-inf
  [D] round 3/10  T=140.0C Q=0.5mL/min EGDA=1.000M cat=1.000M k1_ref=1.063e-03  Ea1= 38.2  maxCI=    inf%  logdetF= 3.2
  [D] round 4/10  T=160.0C Q=0.5mL/min EGDA=1.000M cat=1.000M k1_ref=8.969e-04  Ea1= 40.7  maxCI=    inf%  logdetF= 10.6
  [D] round 5/10  T=160.0C Q=0.5mL/min EGDA=1.000M cat=1.000M k1_ref=8.716e-04  Ea1= 41.1  maxCI=    inf%  logdetF= 12.4
  [D] round 6/10  T=120.0C Q=0.5mL/min EGDA=1.000M cat=1.000M k1_ref=8.040e-04  Ea1= 42.1  maxCI=    inf%  logdetF= 14.4
  [D] round 7/10  T=160.0C Q=0.5mL/min EGDA=1.000M cat=1.000M k1_ref=8.062e-04  Ea1= 42.0  maxCI=    inf%  logdetF= 15.3
  [D] round 8/10  T=160.0C Q=0.5mL/min EGDA=1.000M cat=1.000M k1_ref=8.060e-04  Ea1= 42.0  maxCI=    inf%  logdetF= 16.0
  [D] round 9/10  T=120.0C Q=0.5mL/min EGDA=1.000M cat=1.000M k1_ref=8.306e-04  Ea1= 41.6  maxCI=    inf%  logdetF= 16.9
  [D] round 10/10  T=160.0C Q=0.5mL/min EGDA=1.000M cat=1.000M k1_ref=8.264e-04  Ea1= 41.7  maxCI=    inf%  logdetF= 18.2
    S4a_ambiguity/D/seed3: 5.4 s
  [D] round 1/10  T=40.0C Q=1.0mL/min EGDA=1.000M cat=0.500M k1_ref=3.515e-03  Ea1= 46.3  maxCI=    inf%  logdetF=-inf
  [D] round 2/10  T=140.0C Q=0.5mL/min EGDA=1.000M cat=1.000M k1_ref=2.264e-03  Ea1= 27.2  maxCI=    inf%  logdetF=-inf
  [D] round 3/10  T=160.0C Q=0.5mL/min EGDA=1.000M cat=1.000M k1_ref=7.791e-04  Ea1= 42.6  maxCI=    inf%  logdetF= 9.5
  [D] round 4/10  T=160.0C Q=0.5mL/min EGDA=1.000M cat=1.000M k1_ref=7.898e-04  Ea1= 42.3  maxCI=    inf%  logdetF= 3.6
  [D] round 5/10  T=120.0C Q=0.5mL/min EGDA=1.000M cat=1.000M k1_ref=9.355e-04  Ea1= 40.2  maxCI=    inf%  logdetF= 5.6
  [D] round 6/10  T=160.0C Q=0.5mL/min EGDA=1.000M cat=1.000M k1_ref=9.441e-04  Ea1= 40.1  maxCI=    inf%  logdetF= 7.5
  [D] round 7/10  T=160.0C Q=0.5mL/min EGDA=1.000M cat=1.000M k1_ref=9.401e-04  Ea1= 40.2  maxCI=    inf%  logdetF= 8.3
  [D] round 8/10  T=120.0C Q=0.5mL/min EGDA=1.000M cat=1.000M k1_ref=9.418e-04  Ea1= 40.1  maxCI=    inf%  logdetF= 9.2
  [D] round 9/10  T=160.0C Q=0.5mL/min EGDA=1.000M cat=1.000M k1_ref=9.337e-04  Ea1= 40.3  maxCI=    inf%  logdetF= 10.1
  [D] round 10/10  T=160.0C Q=0.5mL/min EGDA=1.000M cat=1.000M k1_ref=9.264e-04  Ea1= 40.4  maxCI=9162357467299284669117235200.0%  logdetF= 13.3
    S4a_ambiguity/D/seed4: 5.7 s
  [D] round 1/10  T=40.0C Q=1.0mL/min EGDA=1.000M cat=0.500M k1_ref=1.128e-03  Ea1= 84.0  maxCI=    inf%  logdetF=-inf
  [D] round 2/10  T=140.0C Q=0.5mL/min EGDA=1.000M cat=1.000M k1_ref=5.026e-04  Ea1= 49.5  maxCI=    inf%  logdetF=-24.1
  [D] round 3/10  T=160.0C Q=0.5mL/min EGDA=1.000M cat=1.000M k1_ref=1.084e-03  Ea1= 38.5  maxCI=1378375658880837799519504804924061487766849131118592.0%  logdetF= 4.5
  [D] round 4/10  T=160.0C Q=0.5mL/min EGDA=1.000M cat=1.000M k1_ref=1.025e-03  Ea1= 39.3  maxCI=    inf%  logdetF= 9.3
  [D] round 5/10  T=120.0C Q=0.5mL/min EGDA=1.000M cat=1.000M k1_ref=8.614e-04  Ea1= 41.5  maxCI=    inf%  logdetF= 10.7
  [D] round 6/10  T=160.0C Q=0.5mL/min EGDA=1.000M cat=1.000M k1_ref=8.669e-04  Ea1= 41.4  maxCI=    inf%  logdetF= 13.3
  [D] round 7/10  T=160.0C Q=0.5mL/min EGDA=1.000M cat=1.000M k1_ref=8.611e-04  Ea1= 41.5  maxCI=    inf%  logdetF= 13.3
  [D] round 8/10  T=120.0C Q=0.5mL/min EGDA=1.000M cat=1.000M k1_ref=8.682e-04  Ea1= 41.4  maxCI=    inf%  logdetF= 14.2
  [D] round 9/10  T=160.0C Q=0.5mL/min EGDA=1.000M cat=1.000M k1_ref=8.664e-04  Ea1= 41.4  maxCI=    inf%  logdetF= 14.0
  [D] round 10/10  T=160.0C Q=0.5mL/min EGDA=1.000M cat=1.000M k1_ref=8.718e-04  Ea1= 41.3  maxCI=    inf%  logdetF= 15.2
    S4a_ambiguity/D/seed5: 5.7 s
  [D] round 1/10  T=40.0C Q=1.0mL/min EGDA=1.000M cat=0.500M k1_ref=1.108e-03  Ea1= 60.9  maxCI=    inf%  logdetF=-inf
  [D] round 2/10  T=140.0C Q=0.5mL/min EGDA=1.000M cat=1.000M k1_ref=7.366e-04  Ea1= 43.2  maxCI=    inf%  logdetF=-inf
  [D] round 3/10  T=160.0C Q=0.5mL/min EGDA=1.000M cat=1.000M k1_ref=6.070e-04  Ea1= 46.0  maxCI=    inf%  logdetF= 8.8
  [D] round 4/10  T=160.0C Q=0.5mL/min EGDA=1.000M cat=1.000M k1_ref=6.822e-04  Ea1= 44.3  maxCI=    inf%  logdetF= 10.8
  [D] round 5/10  T=120.0C Q=0.5mL/min EGDA=1.000M cat=1.000M k1_ref=7.098e-04  Ea1= 43.8  maxCI=    inf%  logdetF= 12.9
  [D] round 6/10  T=160.0C Q=0.5mL/min EGDA=1.000M cat=1.000M k1_ref=7.240e-04  Ea1= 43.5  maxCI=    inf%  logdetF= 14.5
  [D] round 7/10  T=160.0C Q=0.5mL/min EGDA=1.000M cat=1.000M k1_ref=7.295e-04  Ea1= 43.4  maxCI=    inf%  logdetF= 15.9
  [D] round 8/10  T=120.0C Q=0.5mL/min EGDA=1.000M cat=1.000M k1_ref=8.193e-04  Ea1= 41.9  maxCI=    inf%  logdetF= 16.9
  [D] round 9/10  T=160.0C Q=0.5mL/min EGDA=1.000M cat=1.000M k1_ref=8.253e-04  Ea1= 41.8  maxCI=    inf%  logdetF= 17.7
  [D] round 10/10  T=160.0C Q=0.5mL/min EGDA=1.000M cat=1.000M k1_ref=8.245e-04  Ea1= 41.8  maxCI=    inf%  logdetF= 18.4
    S4a_ambiguity/D/seed6: 5.5 s
  [F] round 1/10  T=40.0C Q=1.0mL/min EGDA=1.000M cat=0.500M n_z=10  MODEL_DISCRIMINATION rev-pitzer=0.33 rev-dilute=0.34 irreversible=0.33
  [F] round 2/10  T=160.0C Q=0.5mL/min EGDA=1.000M cat=0.500M n_z=10  MODEL_DISCRIMINATION rev-pitzer=0.31 rev-dilute=0.33 irreversible=0.36
  [F] round 3/10  T=120.0C Q=0.5mL/min EGDA=1.000M cat=1.000M n_z=10  MODEL_DISCRIMINATION rev-pitzer=0.24 rev-dilute=0.32 irreversible=0.44
  [F] round 4/10  T=160.0C Q=0.5mL/min EGDA=1.000M cat=1.000M n_z=10  MODEL_DISCRIMINATION rev-pitzer=0.19 rev-dilute=0.18 irreversible=0.63
  [F] round 5/10  T=100.0C Q=0.5mL/min EGDA=1.000M cat=1.000M n_z=10  MODEL_DISCRIMINATION rev-pitzer=0.17 rev-dilute=0.18 irreversible=0.65
  [F] round 6/10  T=160.0C Q=0.5mL/min EGDA=1.000M cat=1.000M n_z=10  MODEL_DISCRIMINATION rev-pitzer=0.18 rev-dilute=0.18 irreversible=0.64
  [F] round 7/10  T=140.0C Q=0.5mL/min EGDA=1.000M cat=1.000M n_z=10  MODEL_DISCRIMINATION rev-pitzer=0.17 rev-dilute=0.17 irreversible=0.66
  [F] round 8/10  T=160.0C Q=0.5mL/min EGDA=1.000M cat=1.000M n_z=10  MODEL_DISCRIMINATION rev-pitzer=0.15 rev-dilute=0.15 irreversible=0.70
  [F] round 9/10  T=100.0C Q=0.5mL/min EGDA=1.000M cat=1.000M n_z=10  MODEL_DISCRIMINATION rev-pitzer=0.15 rev-dilute=0.14 irreversible=0.70
  [F] round 10/10  T=160.0C Q=0.5mL/min EGDA=1.000M cat=1.000M n_z=10  MODEL_DISCRIMINATION rev-pitzer=0.15 rev-dilute=0.14 irreversible=0.70
    S4a_ambiguity/F/seed1: 25.9 s
  [F] round 1/10  T=40.0C Q=1.0mL/min EGDA=1.000M cat=0.500M n_z=10  MODEL_DISCRIMINATION rev-pitzer=0.33 rev-dilute=0.34 irreversible=0.33
  [F] round 2/10  T=140.0C Q=0.5mL/min EGDA=1.000M cat=1.000M n_z=10  MODEL_DISCRIMINATION rev-pitzer=0.31 rev-dilute=0.33 irreversible=0.37
  [F] round 3/10  T=160.0C Q=0.5mL/min EGDA=1.000M cat=1.000M n_z=10  MODEL_DISCRIMINATION rev-pitzer=0.29 rev-dilute=0.36 irreversible=0.34
  [F] round 4/10  T=100.0C Q=0.5mL/min EGDA=1.000M cat=1.000M n_z=10  MODEL_DISCRIMINATION rev-pitzer=0.29 rev-dilute=0.34 irreversible=0.37
  [F] round 5/10  T=160.0C Q=0.5mL/min EGDA=1.000M cat=1.000M n_z=10  MODEL_DISCRIMINATION rev-pitzer=0.29 rev-dilute=0.34 irreversible=0.37
  [F] round 6/10  T=120.0C Q=0.5mL/min EGDA=1.000M cat=1.000M n_z=10  MODEL_DISCRIMINATION rev-pitzer=0.27 rev-dilute=0.35 irreversible=0.38
  [F] round 7/10  T=120.0C Q=0.5mL/min EGDA=1.000M cat=1.000M n_z=10  MODEL_DISCRIMINATION rev-pitzer=0.26 rev-dilute=0.36 irreversible=0.38
  [F] round 8/10  T=160.0C Q=0.5mL/min EGDA=1.000M cat=1.000M n_z=10  MODEL_DISCRIMINATION rev-pitzer=0.26 rev-dilute=0.35 irreversible=0.39
  [F] round 9/10  T=100.0C Q=0.5mL/min EGDA=1.000M cat=1.000M n_z=10  MODEL_DISCRIMINATION rev-pitzer=0.26 rev-dilute=0.34 irreversible=0.40
  [F] round 10/10  T=160.0C Q=0.5mL/min EGDA=1.000M cat=1.000M n_z=10  MODEL_DISCRIMINATION rev-pitzer=0.24 rev-dilute=0.31 irreversible=0.45
    S4a_ambiguity/F/seed2: 26.3 s
  [F] round 1/10  T=40.0C Q=1.0mL/min EGDA=1.000M cat=0.500M n_z=10  MODEL_DISCRIMINATION rev-pitzer=0.32 rev-dilute=0.34 irreversible=0.33
  [F] round 2/10  T=160.0C Q=0.5mL/min EGDA=1.000M cat=1.000M n_z=10  MODEL_DISCRIMINATION rev-pitzer=0.26 rev-dilute=0.28 irreversible=0.46
  [F] round 3/10  T=120.0C Q=0.5mL/min EGDA=1.000M cat=1.000M n_z=10  MODEL_DISCRIMINATION rev-pitzer=0.23 rev-dilute=0.28 irreversible=0.49
  [F] round 4/10  T=160.0C Q=0.5mL/min EGDA=1.000M cat=1.000M n_z=10  MODEL_DISCRIMINATION rev-pitzer=0.22 rev-dilute=0.27 irreversible=0.51
  [F] round 5/10  T=120.0C Q=0.5mL/min EGDA=1.000M cat=1.000M n_z=10  MODEL_DISCRIMINATION rev-pitzer=0.22 rev-dilute=0.27 irreversible=0.51
  [F] round 6/10  T=100.0C Q=0.5mL/min EGDA=1.000M cat=1.000M n_z=10  MODEL_DISCRIMINATION rev-pitzer=0.21 rev-dilute=0.27 irreversible=0.52
  [F] round 7/10  T=160.0C Q=0.5mL/min EGDA=1.000M cat=0.500M n_z=10  MODEL_DISCRIMINATION rev-pitzer=0.20 rev-dilute=0.21 irreversible=0.59
  [F] round 8/10  T=160.0C Q=0.5mL/min EGDA=1.000M cat=1.000M n_z=10  MODEL_DISCRIMINATION rev-pitzer=0.21 rev-dilute=0.22 irreversible=0.57
  [F] round 9/10  T=160.0C Q=0.5mL/min EGDA=1.000M cat=1.000M n_z=10  MODEL_DISCRIMINATION rev-pitzer=0.20 rev-dilute=0.19 irreversible=0.61
  [F] round 10/10  T=80.0C Q=0.5mL/min EGDA=1.000M cat=1.000M n_z=10  MODEL_DISCRIMINATION rev-pitzer=0.14 rev-dilute=0.21 irreversible=0.64
    S4a_ambiguity/F/seed3: 27.0 s
  [F] round 1/10  T=40.0C Q=1.0mL/min EGDA=1.000M cat=0.500M n_z=9  MODEL_DISCRIMINATION rev-pitzer=0.33 rev-dilute=0.34 irreversible=0.33
  [F] round 2/10  T=160.0C Q=0.5mL/min EGDA=1.000M cat=0.500M n_z=10  MODEL_DISCRIMINATION rev-pitzer=0.31 rev-dilute=0.33 irreversible=0.36
  [F] round 3/10  T=120.0C Q=0.5mL/min EGDA=1.000M cat=1.000M n_z=10  MODEL_DISCRIMINATION rev-pitzer=0.27 rev-dilute=0.32 irreversible=0.41
  [F] round 4/10  T=160.0C Q=0.5mL/min EGDA=1.000M cat=1.000M n_z=10  MODEL_DISCRIMINATION rev-pitzer=0.14 rev-dilute=0.12 irreversible=0.74
  [F] round 5/10  T=120.0C Q=0.5mL/min EGDA=1.000M cat=1.000M n_z=10  MODEL_DISCRIMINATION rev-pitzer=0.14 rev-dilute=0.12 irreversible=0.74
  [F] round 6/10  T=160.0C Q=0.5mL/min EGDA=1.000M cat=1.000M n_z=10  MODEL_DISCRIMINATION rev-pitzer=0.14 rev-dilute=0.11 irreversible=0.75
  [F] round 7/10  T=120.0C Q=0.5mL/min EGDA=1.000M cat=1.000M n_z=10  MODEL_DISCRIMINATION rev-pitzer=0.13 rev-dilute=0.11 irreversible=0.75
  [F] round 8/10  T=160.0C Q=0.5mL/min EGDA=1.000M cat=1.000M n_z=10  MODEL_DISCRIMINATION rev-pitzer=0.12 rev-dilute=0.09 irreversible=0.79
  [F] round 9/10  T=100.0C Q=0.5mL/min EGDA=1.000M cat=1.000M n_z=10  MODEL_DISCRIMINATION rev-pitzer=0.11 rev-dilute=0.10 irreversible=0.80
  [F] round 10/10  T=160.0C Q=0.5mL/min EGDA=1.000M cat=1.000M n_z=10  MODEL_DISCRIMINATION rev-pitzer=0.11 rev-dilute=0.10 irreversible=0.80
    S4a_ambiguity/F/seed4: 26.9 s
  [F] round 1/10  T=40.0C Q=1.0mL/min EGDA=1.000M cat=0.500M n_z=10  MODEL_DISCRIMINATION rev-pitzer=0.33 rev-dilute=0.34 irreversible=0.33
  [F] round 2/10  T=140.0C Q=0.5mL/min EGDA=1.000M cat=1.000M n_z=10  MODEL_DISCRIMINATION rev-pitzer=0.31 rev-dilute=0.33 irreversible=0.36
  [F] round 3/10  T=160.0C Q=0.5mL/min EGDA=1.000M cat=1.000M n_z=10  MODEL_DISCRIMINATION rev-pitzer=0.31 rev-dilute=0.38 irreversible=0.31
  [F] round 4/10  T=100.0C Q=0.5mL/min EGDA=1.000M cat=1.000M n_z=10  MODEL_DISCRIMINATION rev-pitzer=0.29 rev-dilute=0.33 irreversible=0.38
  [F] round 5/10  T=160.0C Q=0.5mL/min EGDA=1.000M cat=1.000M n_z=10  MODEL_DISCRIMINATION rev-pitzer=0.30 rev-dilute=0.33 irreversible=0.37
  [F] round 6/10  T=120.0C Q=0.5mL/min EGDA=1.000M cat=1.000M n_z=10  MODEL_DISCRIMINATION rev-pitzer=0.29 rev-dilute=0.35 irreversible=0.37
  [F] round 7/10  T=160.0C Q=0.5mL/min EGDA=1.000M cat=1.000M n_z=10  MODEL_DISCRIMINATION rev-pitzer=0.27 rev-dilute=0.32 irreversible=0.41
  [F] round 8/10  T=80.0C Q=0.5mL/min EGDA=1.000M cat=1.000M n_z=10  MODEL_DISCRIMINATION rev-pitzer=0.20 rev-dilute=0.40 irreversible=0.40
  [F] round 9/10  T=160.0C Q=0.5mL/min EGDA=1.000M cat=1.000M n_z=10  MODEL_DISCRIMINATION rev-pitzer=0.20 rev-dilute=0.39 irreversible=0.41
  [F] round 10/10  T=140.0C Q=0.5mL/min EGDA=1.000M cat=1.000M n_z=10  MODEL_DISCRIMINATION rev-pitzer=0.18 rev-dilute=0.42 irreversible=0.41
    S4a_ambiguity/F/seed5: 26.4 s
  [F] round 1/10  T=40.0C Q=1.0mL/min EGDA=1.000M cat=0.500M n_z=10  MODEL_DISCRIMINATION rev-pitzer=0.32 rev-dilute=0.34 irreversible=0.33
  [F] round 2/10  T=160.0C Q=0.5mL/min EGDA=1.000M cat=1.000M n_z=10  MODEL_DISCRIMINATION rev-pitzer=0.30 rev-dilute=0.32 irreversible=0.38
  [F] round 3/10  T=140.0C Q=0.5mL/min EGDA=1.000M cat=1.000M n_z=10  MODEL_DISCRIMINATION rev-pitzer=0.25 rev-dilute=0.33 irreversible=0.42
  [F] round 4/10  T=100.0C Q=0.5mL/min EGDA=1.000M cat=1.000M n_z=10  MODEL_DISCRIMINATION rev-pitzer=0.26 rev-dilute=0.31 irreversible=0.44
  [F] round 5/10  T=160.0C Q=0.5mL/min EGDA=1.000M cat=0.500M n_z=10  MODEL_DISCRIMINATION rev-pitzer=0.34 rev-dilute=0.43 irreversible=0.23
  [F] round 6/10  T=160.0C Q=0.5mL/min EGDA=1.000M cat=1.000M n_z=10  MODEL_DISCRIMINATION rev-pitzer=0.38 rev-dilute=0.47 irreversible=0.15
  [F] round 7/10  T=100.0C Q=0.5mL/min EGDA=1.000M cat=1.000M n_z=10  MODEL_DISCRIMINATION rev-pitzer=0.39 rev-dilute=0.46 irreversible=0.15
  [F] round 8/10  T=160.0C Q=0.5mL/min EGDA=1.000M cat=1.000M n_z=10  MODEL_DISCRIMINATION rev-pitzer=0.45 rev-dilute=0.45 irreversible=0.10
  [F] round 9/10  T=160.0C Q=0.5mL/min EGDA=1.000M cat=1.000M n_z=10  MODEL_DISCRIMINATION rev-pitzer=0.46 rev-dilute=0.48 irreversible=0.05
  [F] round 10/10  T=160.0C Q=0.5mL/min EGDA=1.000M cat=1.000M n_z=10  MODEL_DISCRIMINATION rev-pitzer=0.48 rev-dilute=0.49 irreversible=0.03
    S4a_ambiguity/F/seed6: 28.6 s
    S4a_ambiguity done in 195 s

=== S4b_identifiable: IDENTIFIABLE discrimination: reversible vs irreversible under documented strongly reversible truth (K1=0.15, K2=0.002); the discriminating hot/slow region exists and the learner must find it
  [D] round 1/8  T=40.0C Q=1.0mL/min EGDA=1.000M cat=0.500M k1_ref=1.244e-03  Ea1= 63.0  maxCI=    inf%  logdetF=-inf
  [D] round 2/8  T=140.0C Q=0.5mL/min EGDA=1.000M cat=1.000M k1_ref=7.734e-04  Ea1= 42.4  maxCI=    inf%  logdetF=-inf
  [D] round 3/8  T=160.0C Q=0.5mL/min EGDA=1.000M cat=1.000M k1_ref=7.179e-04  Ea1= 43.5  maxCI=    inf%  logdetF= 6.4
  [D] round 4/8  T=160.0C Q=0.5mL/min EGDA=1.000M cat=1.000M k1_ref=7.418e-04  Ea1= 43.0  maxCI=    inf%  logdetF= 9.0
  [D] round 5/8  T=120.0C Q=0.5mL/min EGDA=1.000M cat=1.000M k1_ref=7.052e-04  Ea1= 43.6  maxCI=    inf%  logdetF= 11.3
  [D] round 6/8  T=160.0C Q=0.5mL/min EGDA=1.000M cat=1.000M k1_ref=7.131e-04  Ea1= 43.4  maxCI=    inf%  logdetF= 12.8
  [D] round 7/8  T=160.0C Q=0.5mL/min EGDA=1.000M cat=1.000M k1_ref=7.231e-04  Ea1= 43.2  maxCI=    inf%  logdetF= 13.9
  [D] round 8/8  T=120.0C Q=0.5mL/min EGDA=1.000M cat=1.000M k1_ref=7.366e-04  Ea1= 43.0  maxCI=    inf%  logdetF= 14.9
    S4b_identifiable/D/seed1: 4.6 s
  [D] round 1/8  T=40.0C Q=1.0mL/min EGDA=1.000M cat=0.500M k1_ref=4.348e-04  Ea1= 82.1  maxCI=    inf%  logdetF=-inf
  [D] round 2/8  T=160.0C Q=0.5mL/min EGDA=1.000M cat=0.500M k1_ref=2.165e-04  Ea1= 57.0  maxCI=    inf%  logdetF=-inf
  [D] round 3/8  T=140.0C Q=0.5mL/min EGDA=1.000M cat=1.000M k1_ref=8.221e-04  Ea1= 41.0  maxCI=    inf%  logdetF= 1.5
  [D] round 4/8  T=160.0C Q=0.5mL/min EGDA=1.000M cat=1.000M k1_ref=7.383e-04  Ea1= 42.6  maxCI=    inf%  logdetF= 8.3
  [D] round 5/8  T=120.0C Q=0.5mL/min EGDA=1.000M cat=1.000M k1_ref=6.780e-04  Ea1= 43.6  maxCI=    inf%  logdetF= 10.6
  [D] round 6/8  T=160.0C Q=0.5mL/min EGDA=1.000M cat=1.000M k1_ref=6.862e-04  Ea1= 43.4  maxCI=    inf%  logdetF= 12.5
  [D] round 7/8  T=160.0C Q=0.5mL/min EGDA=1.000M cat=1.000M k1_ref=6.804e-04  Ea1= 43.6  maxCI=    inf%  logdetF= 13.7
  [D] round 8/8  T=120.0C Q=0.5mL/min EGDA=1.000M cat=1.000M k1_ref=6.710e-04  Ea1= 43.7  maxCI=    inf%  logdetF= 14.8
    S4b_identifiable/D/seed2: 4.2 s
  [D] round 1/8  T=40.0C Q=1.0mL/min EGDA=1.000M cat=0.500M k1_ref=2.711e-04  Ea1= 82.7  maxCI=    inf%  logdetF=-inf
  [D] round 2/8  T=160.0C Q=0.5mL/min EGDA=1.000M cat=1.000M k1_ref=1.454e-04  Ea1= 62.4  maxCI=    inf%  logdetF=-inf
  [D] round 3/8  T=120.0C Q=0.5mL/min EGDA=1.000M cat=1.000M k1_ref=8.281e-04  Ea1= 41.5  maxCI=    inf%  logdetF= 7.4
  [D] round 4/8  T=160.0C Q=0.5mL/min EGDA=1.000M cat=1.000M k1_ref=8.129e-04  Ea1= 41.8  maxCI=    inf%  logdetF= 10.1
  [D] round 5/8  T=160.0C Q=0.5mL/min EGDA=1.000M cat=1.000M k1_ref=8.116e-04  Ea1= 41.9  maxCI=    inf%  logdetF= 11.7
  [D] round 6/8  T=120.0C Q=0.5mL/min EGDA=1.000M cat=1.000M k1_ref=8.001e-04  Ea1= 42.0  maxCI=    inf%  logdetF= 13.1
  [D] round 7/8  T=160.0C Q=0.5mL/min EGDA=1.000M cat=1.000M k1_ref=8.044e-04  Ea1= 41.9  maxCI=    inf%  logdetF= 14.2
  [D] round 8/8  T=160.0C Q=0.5mL/min EGDA=1.000M cat=1.000M k1_ref=8.069e-04  Ea1= 41.9  maxCI=    inf%  logdetF= 15.2
    S4b_identifiable/D/seed3: 4.2 s
  [D] round 1/8  T=40.0C Q=1.0mL/min EGDA=1.000M cat=0.500M k1_ref=5.242e-03  Ea1= 63.6  maxCI=    inf%  logdetF=-inf
  [D] round 2/8  T=140.0C Q=0.5mL/min EGDA=1.000M cat=0.500M k1_ref=2.235e-03  Ea1= 26.6  maxCI=    inf%  logdetF=-inf
  [D] round 3/8  T=160.0C Q=0.5mL/min EGDA=1.000M cat=1.000M k1_ref=5.801e-04  Ea1= 46.0  maxCI=    inf%  logdetF= 12.9
  [D] round 4/8  T=120.0C Q=0.5mL/min EGDA=1.000M cat=1.000M k1_ref=9.127e-04  Ea1= 40.2  maxCI=    inf%  logdetF= 7.9
  [D] round 5/8  T=160.0C Q=0.5mL/min EGDA=1.000M cat=1.000M k1_ref=8.656e-04  Ea1= 41.1  maxCI=    inf%  logdetF= 10.5
  [D] round 6/8  T=160.0C Q=0.5mL/min EGDA=1.000M cat=1.000M k1_ref=8.746e-04  Ea1= 40.9  maxCI=    inf%  logdetF= 17.5
  [D] round 7/8  T=120.0C Q=0.5mL/min EGDA=1.000M cat=1.000M k1_ref=8.941e-04  Ea1= 40.7  maxCI=    inf%  logdetF= 17.4
  [D] round 8/8  T=160.0C Q=0.5mL/min EGDA=1.000M cat=1.000M k1_ref=8.804e-04  Ea1= 40.9  maxCI=    inf%  logdetF= 14.4
    S4b_identifiable/D/seed4: 4.6 s
  [D] round 1/8  T=40.0C Q=1.0mL/min EGDA=1.000M cat=0.500M k1_ref=8.963e-04  Ea1= 74.0  maxCI=    inf%  logdetF=-inf
  [D] round 2/8  T=160.0C Q=0.5mL/min EGDA=1.000M cat=0.500M k1_ref=4.887e-04  Ea1= 48.3  maxCI=    inf%  logdetF=-9.7
  [D] round 3/8  T=140.0C Q=0.5mL/min EGDA=1.000M cat=1.000M k1_ref=7.763e-04  Ea1= 42.7  maxCI=    inf%  logdetF= 1.4
  [D] round 4/8  T=160.0C Q=0.5mL/min EGDA=1.000M cat=1.000M k1_ref=7.860e-04  Ea1= 42.5  maxCI=    inf%  logdetF= 8.5
  [D] round 5/8  T=120.0C Q=0.5mL/min EGDA=1.000M cat=1.000M k1_ref=8.043e-04  Ea1= 42.3  maxCI=    inf%  logdetF= 10.7
  [D] round 6/8  T=160.0C Q=0.5mL/min EGDA=1.000M cat=1.000M k1_ref=8.141e-04  Ea1= 42.1  maxCI=    inf%  logdetF= 12.6
  [D] round 7/8  T=160.0C Q=0.5mL/min EGDA=1.000M cat=1.000M k1_ref=8.093e-04  Ea1= 42.2  maxCI=    inf%  logdetF= 13.8
  [D] round 8/8  T=120.0C Q=0.5mL/min EGDA=1.000M cat=1.000M k1_ref=8.398e-04  Ea1= 41.7  maxCI=    inf%  logdetF= 14.8
    S4b_identifiable/D/seed5: 4.4 s
  [D] round 1/8  T=40.0C Q=1.0mL/min EGDA=1.000M cat=0.500M k1_ref=1.237e-03  Ea1= 65.6  maxCI=    inf%  logdetF=-inf
  [D] round 2/8  T=160.0C Q=0.5mL/min EGDA=1.000M cat=1.000M k1_ref=7.340e-04  Ea1= 43.0  maxCI=    inf%  logdetF=-inf
  [D] round 3/8  T=140.0C Q=0.5mL/min EGDA=1.000M cat=1.000M k1_ref=1.021e-03  Ea1= 39.1  maxCI=    inf%  logdetF= 6.3
  [D] round 4/8  T=160.0C Q=0.5mL/min EGDA=1.000M cat=1.000M k1_ref=1.034e-03  Ea1= 38.9  maxCI=    inf%  logdetF= 9.0
  [D] round 5/8  T=120.0C Q=0.5mL/min EGDA=1.000M cat=1.000M k1_ref=8.226e-04  Ea1= 41.7  maxCI=    inf%  logdetF= 11.2
  [D] round 6/8  T=160.0C Q=0.5mL/min EGDA=1.000M cat=1.000M k1_ref=8.281e-04  Ea1= 41.6  maxCI=    inf%  logdetF= 12.8
  [D] round 7/8  T=160.0C Q=0.5mL/min EGDA=1.000M cat=1.000M k1_ref=8.312e-04  Ea1= 41.5  maxCI=    inf%  logdetF= 13.8
  [D] round 8/8  T=120.0C Q=0.5mL/min EGDA=1.000M cat=1.000M k1_ref=8.965e-04  Ea1= 40.6  maxCI=    inf%  logdetF= 14.8
    S4b_identifiable/D/seed6: 4.1 s
  [F] round 1/8  T=40.0C Q=1.0mL/min EGDA=1.000M cat=0.500M n_z=10  MODEL_DISCRIMINATION rev-pitzer=0.50 irreversible=0.50
  [F] round 2/8  T=160.0C Q=0.5mL/min EGDA=1.000M cat=1.000M n_z=10  MODEL_DISCRIMINATION rev-pitzer=0.88 irreversible=0.12
  [F] round 3/8  T=140.0C Q=0.5mL/min EGDA=1.000M cat=1.000M n_z=10  NORMAL_LEARNING      rev-pitzer=0.97 irreversible=0.03
  [F] round 4/8  T=160.0C Q=0.5mL/min EGDA=1.000M cat=1.000M n_z=10  MODEL_INADEQUATE     rev-pitzer=1.00 irreversible=0.00
  [F] round 5/8  T=80.0C Q=0.5mL/min EGDA=1.000M cat=1.000M n_z=10  MODEL_INADEQUATE     rev-pitzer=1.00 irreversible=0.00
  [F] round 6/8  T=160.0C Q=0.5mL/min EGDA=1.000M cat=0.500M n_z=10  MODEL_INADEQUATE     rev-pitzer=1.00 irreversible=0.00
  [F] round 7/8  T=160.0C Q=0.5mL/min EGDA=1.000M cat=1.000M n_z=10  MODEL_INADEQUATE     rev-pitzer=1.00 irreversible=0.00
  [F] round 8/8  T=160.0C Q=0.5mL/min EGDA=1.000M cat=1.000M n_z=10  MODEL_INADEQUATE     rev-pitzer=1.00 irreversible=0.00
    S4b_identifiable/F/seed1: 19.8 s
  [F] round 1/8  T=40.0C Q=1.0mL/min EGDA=1.000M cat=0.500M n_z=10  MODEL_DISCRIMINATION rev-pitzer=0.50 irreversible=0.50
  [F] round 2/8  T=160.0C Q=0.5mL/min EGDA=1.000M cat=0.500M n_z=10  MODEL_DISCRIMINATION rev-pitzer=0.51 irreversible=0.49
  [F] round 3/8  T=140.0C Q=0.5mL/min EGDA=1.000M cat=1.000M n_z=10  MODEL_DISCRIMINATION rev-pitzer=0.51 irreversible=0.49
  [F] round 4/8  T=160.0C Q=0.5mL/min EGDA=1.000M cat=1.000M n_z=10  MODEL_INADEQUATE     rev-pitzer=1.00 irreversible=0.00
  [F] round 5/8  T=80.0C Q=0.5mL/min EGDA=1.000M cat=1.000M n_z=10  MODEL_INADEQUATE     rev-pitzer=1.00 irreversible=0.00
  [F] round 6/8  T=160.0C Q=0.5mL/min EGDA=1.000M cat=1.000M n_z=10  MODEL_INADEQUATE     rev-pitzer=1.00 irreversible=0.00
  [F] round 7/8  T=160.0C Q=0.5mL/min EGDA=1.000M cat=1.000M n_z=10  MODEL_INADEQUATE     rev-pitzer=1.00 irreversible=0.00
  [F] round 8/8  T=140.0C Q=0.5mL/min EGDA=1.000M cat=1.000M n_z=10  MODEL_INADEQUATE     rev-pitzer=1.00 irreversible=0.00
    S4b_identifiable/F/seed2: 19.5 s
  [F] round 1/8  T=40.0C Q=1.0mL/min EGDA=1.000M cat=0.500M n_z=10  MODEL_DISCRIMINATION rev-pitzer=0.50 irreversible=0.50
  [F] round 2/8  T=140.0C Q=0.5mL/min EGDA=1.000M cat=1.000M n_z=10  MODEL_DISCRIMINATION rev-pitzer=0.54 irreversible=0.46
  [F] round 3/8  T=160.0C Q=0.5mL/min EGDA=1.000M cat=1.000M n_z=10  MODEL_INADEQUATE     rev-pitzer=1.00 irreversible=0.00
  [F] round 4/8  T=80.0C Q=0.5mL/min EGDA=1.000M cat=1.000M n_z=10  NORMAL_LEARNING      rev-pitzer=1.00 irreversible=0.00
  [F] round 5/8  T=160.0C Q=0.5mL/min EGDA=1.000M cat=1.000M n_z=10  MODEL_INADEQUATE     rev-pitzer=1.00 irreversible=0.00
  [F] round 6/8  T=160.0C Q=0.5mL/min EGDA=1.000M cat=1.000M n_z=10  MODEL_INADEQUATE     rev-pitzer=1.00 irreversible=0.00
  [F] round 7/8  T=160.0C Q=0.5mL/min EGDA=1.000M cat=1.000M n_z=10  MODEL_INADEQUATE     rev-pitzer=1.00 irreversible=0.00
  [F] round 8/8  T=140.0C Q=0.5mL/min EGDA=1.000M cat=1.000M n_z=10  MODEL_INADEQUATE     rev-pitzer=1.00 irreversible=0.00
    S4b_identifiable/F/seed3: 19.4 s
  [F] round 1/8  T=40.0C Q=1.0mL/min EGDA=1.000M cat=0.500M n_z=9  MODEL_DISCRIMINATION rev-pitzer=0.50 irreversible=0.50
  [F] round 2/8  T=140.0C Q=0.5mL/min EGDA=1.000M cat=1.000M n_z=10  MODEL_DISCRIMINATION rev-pitzer=0.54 irreversible=0.46
  [F] round 3/8  T=160.0C Q=0.5mL/min EGDA=1.000M cat=1.000M n_z=10  MODEL_INADEQUATE     rev-pitzer=1.00 irreversible=0.00
  [F] round 4/8  T=80.0C Q=0.5mL/min EGDA=1.000M cat=1.000M n_z=10  NORMAL_LEARNING      rev-pitzer=1.00 irreversible=0.00
  [F] round 5/8  T=160.0C Q=0.5mL/min EGDA=1.000M cat=1.000M n_z=10  MODEL_INADEQUATE     rev-pitzer=1.00 irreversible=0.00
  [F] round 6/8  T=160.0C Q=0.5mL/min EGDA=1.000M cat=1.000M n_z=10  MODEL_INADEQUATE     rev-pitzer=1.00 irreversible=0.00
  [F] round 7/8  T=160.0C Q=0.5mL/min EGDA=1.000M cat=1.000M n_z=10  MODEL_INADEQUATE     rev-pitzer=1.00 irreversible=0.00
  [F] round 8/8  T=140.0C Q=0.5mL/min EGDA=1.000M cat=1.000M n_z=10  MODEL_INADEQUATE     rev-pitzer=1.00 irreversible=0.00
    S4b_identifiable/F/seed4: 19.7 s
  [F] round 1/8  T=40.0C Q=1.0mL/min EGDA=1.000M cat=0.500M n_z=10  MODEL_DISCRIMINATION rev-pitzer=0.50 irreversible=0.50
  [F] round 2/8  T=160.0C Q=0.5mL/min EGDA=1.000M cat=0.500M n_z=10  MODEL_DISCRIMINATION rev-pitzer=0.50 irreversible=0.50
  [F] round 3/8  T=120.0C Q=0.5mL/min EGDA=1.000M cat=1.000M n_z=10  MODEL_DISCRIMINATION rev-pitzer=0.40 irreversible=0.60
  [F] round 4/8  T=160.0C Q=0.5mL/min EGDA=1.000M cat=1.000M n_z=10  MODEL_INADEQUATE     rev-pitzer=1.00 irreversible=0.00
  [F] round 5/8  T=160.0C Q=0.5mL/min EGDA=1.000M cat=0.500M n_z=10  MODEL_INADEQUATE     rev-pitzer=1.00 irreversible=0.00
  [F] round 6/8  T=160.0C Q=0.5mL/min EGDA=1.000M cat=1.000M n_z=10  MODEL_INADEQUATE     rev-pitzer=1.00 irreversible=0.00
  [F] round 7/8  T=80.0C Q=0.5mL/min EGDA=1.000M cat=1.000M n_z=10  MODEL_INADEQUATE     rev-pitzer=1.00 irreversible=0.00
  [F] round 8/8  T=160.0C Q=0.5mL/min EGDA=1.000M cat=1.000M n_z=10  MODEL_INADEQUATE     rev-pitzer=1.00 irreversible=0.00
    S4b_identifiable/F/seed5: 19.9 s
  [F] round 1/8  T=40.0C Q=1.0mL/min EGDA=1.000M cat=0.500M n_z=10  MODEL_DISCRIMINATION rev-pitzer=0.50 irreversible=0.50
  [F] round 2/8  T=160.0C Q=0.5mL/min EGDA=1.000M cat=1.000M n_z=10  MODEL_DISCRIMINATION rev-pitzer=0.85 irreversible=0.15
  [F] round 3/8  T=100.0C Q=0.5mL/min EGDA=1.000M cat=1.000M n_z=10  MODEL_DISCRIMINATION rev-pitzer=0.84 irreversible=0.16
  [F] round 4/8  T=160.0C Q=0.5mL/min EGDA=1.000M cat=1.000M n_z=10  MODEL_INADEQUATE     rev-pitzer=1.00 irreversible=0.00
  [F] round 5/8  T=160.0C Q=0.5mL/min EGDA=1.000M cat=0.500M n_z=10  MODEL_INADEQUATE     rev-pitzer=1.00 irreversible=0.00
  [F] round 6/8  T=160.0C Q=0.5mL/min EGDA=1.000M cat=1.000M n_z=10  MODEL_INADEQUATE     rev-pitzer=1.00 irreversible=0.00
  [F] round 7/8  T=140.0C Q=0.5mL/min EGDA=1.000M cat=1.000M n_z=10  MODEL_INADEQUATE     rev-pitzer=1.00 irreversible=0.00
  [F] round 8/8  T=160.0C Q=0.5mL/min EGDA=1.000M cat=1.000M n_z=10  MODEL_INADEQUATE     rev-pitzer=1.00 irreversible=0.00
    S4b_identifiable/F/seed6: 20.2 s
    S4b_identifiable done in 144 s

=== S5_inadequacy: correct model REMOVED from the family (truth: documented strongly reversible ester, K1=0.30, K2=0.02)
  [D] round 1/6  T=40.0C Q=1.0mL/min EGDA=1.000M cat=0.500M k1_ref=1.351e-03  Ea1= 70.1  maxCI=    inf%  logdetF=-inf
  [D] round 2/6  T=160.0C Q=0.5mL/min EGDA=1.000M cat=1.000M k1_ref=7.059e-04  Ea1= 42.2  maxCI=    inf%  logdetF=-inf
  [D] round 3/6  T=120.0C Q=0.5mL/min EGDA=1.000M cat=1.000M k1_ref=8.419e-04  Ea1= 40.0  maxCI=   63.1%  logdetF= 15.9
  [D] round 4/6  T=120.0C Q=0.5mL/min EGDA=1.000M cat=1.000M k1_ref=7.799e-04  Ea1= 41.0  maxCI=   39.6%  logdetF= 17.4
  [D] round 5/6  T=160.0C Q=0.5mL/min EGDA=1.000M cat=1.000M k1_ref=7.880e-04  Ea1= 40.8  maxCI=   38.4%  logdetF= 18.7
  [D] round 6/6  T=120.0C Q=0.5mL/min EGDA=1.000M cat=1.000M k1_ref=7.770e-04  Ea1= 40.9  maxCI=    inf%  logdetF= 19.6
    S5_inadequacy/D/seed1: 2.4 s
  [D] round 1/6  T=40.0C Q=1.0mL/min EGDA=1.000M cat=0.500M k1_ref=4.490e-04  Ea1= 86.6  maxCI=    inf%  logdetF=-inf
  [D] round 2/6  T=160.0C Q=2.0mL/min EGDA=1.000M cat=1.000M k1_ref=1.980e-04  Ea1= 55.9  maxCI=    inf%  logdetF=-7.8
  [D] round 3/6  T=120.0C Q=0.5mL/min EGDA=1.000M cat=1.000M k1_ref=7.687e-04  Ea1= 39.6  maxCI=   64.7%  logdetF= 12.7
  [D] round 4/6  T=160.0C Q=0.5mL/min EGDA=1.000M cat=1.000M k1_ref=6.404e-04  Ea1= 42.9  maxCI=    inf%  logdetF= 16.1
  [D] round 5/6  T=120.0C Q=0.5mL/min EGDA=1.000M cat=1.000M k1_ref=6.335e-04  Ea1= 43.1  maxCI=    inf%  logdetF= 17.5
  [D] round 6/6  T=160.0C Q=0.5mL/min EGDA=1.000M cat=1.000M k1_ref=6.296e-04  Ea1= 43.2  maxCI=    inf%  logdetF= 18.8
    S5_inadequacy/D/seed2: 2.2 s
  [D] round 1/6  T=40.0C Q=1.0mL/min EGDA=1.000M cat=0.500M k1_ref=2.992e-04  Ea1= 89.9  maxCI=    inf%  logdetF=-inf
  [D] round 2/6  T=160.0C Q=2.0mL/min EGDA=1.000M cat=1.000M k1_ref=1.415e-04  Ea1= 60.3  maxCI=    inf%  logdetF=-inf
  [D] round 3/6  T=120.0C Q=0.5mL/min EGDA=1.000M cat=1.000M k1_ref=9.262e-04  Ea1= 37.8  maxCI=   72.4%  logdetF= 12.5
  [D] round 4/6  T=160.0C Q=0.5mL/min EGDA=1.000M cat=1.000M k1_ref=7.811e-04  Ea1= 40.9  maxCI=   58.3%  logdetF= 16.2
  [D] round 5/6  T=120.0C Q=0.5mL/min EGDA=1.000M cat=1.000M k1_ref=7.616e-04  Ea1= 41.2  maxCI=    inf%  logdetF= 17.6
  [D] round 6/6  T=160.0C Q=0.5mL/min EGDA=1.000M cat=1.000M k1_ref=7.421e-04  Ea1= 41.7  maxCI=    inf%  logdetF= 18.8
    S5_inadequacy/D/seed3: 2.3 s
  [D] round 1/6  T=40.0C Q=1.0mL/min EGDA=1.000M cat=0.500M k1_ref=3.817e-03  Ea1= 53.3  maxCI=    inf%  logdetF=-inf
  [D] round 2/6  T=160.0C Q=2.0mL/min EGDA=1.000M cat=0.500M k1_ref=2.083e-03  Ea1= 27.1  maxCI=    inf%  logdetF=-inf
  [D] round 3/6  T=140.0C Q=0.5mL/min EGDA=1.000M cat=1.000M k1_ref=2.204e-03  Ea1= 26.5  maxCI=    inf%  logdetF= 8.8
  [D] round 4/6  T=160.0C Q=0.5mL/min EGDA=1.000M cat=1.000M k1_ref=1.017e-03  Ea1= 37.7  maxCI=    inf%  logdetF= 14.9
  [D] round 5/6  T=100.0C Q=0.5mL/min EGDA=1.000M cat=1.000M k1_ref=8.967e-04  Ea1= 39.3  maxCI=   54.7%  logdetF= 17.1
  [D] round 6/6  T=160.0C Q=0.5mL/min EGDA=1.000M cat=1.000M k1_ref=8.987e-04  Ea1= 39.3  maxCI=   52.1%  logdetF= 18.3
    S5_inadequacy/D/seed4: 2.3 s
  [D] round 1/6  T=40.0C Q=1.0mL/min EGDA=1.000M cat=0.500M k1_ref=8.257e-04  Ea1= 73.9  maxCI=    inf%  logdetF=-inf
  [D] round 2/6  T=160.0C Q=2.0mL/min EGDA=1.000M cat=1.000M k1_ref=4.470e-04  Ea1= 47.9  maxCI=    inf%  logdetF=-5.3
  [D] round 3/6  T=120.0C Q=0.5mL/min EGDA=1.000M cat=1.000M k1_ref=7.598e-04  Ea1= 41.5  maxCI=   82.3%  logdetF= 12.1
  [D] round 4/6  T=160.0C Q=0.5mL/min EGDA=1.000M cat=1.000M k1_ref=7.373e-04  Ea1= 42.1  maxCI=    inf%  logdetF= 16.3
  [D] round 5/6  T=120.0C Q=0.5mL/min EGDA=1.000M cat=1.000M k1_ref=7.449e-04  Ea1= 42.0  maxCI=    inf%  logdetF= 17.6
  [D] round 6/6  T=160.0C Q=0.5mL/min EGDA=1.000M cat=1.000M k1_ref=7.491e-04  Ea1= 41.9  maxCI=    inf%  logdetF= 18.9
    S5_inadequacy/D/seed5: 2.2 s
  [D] round 1/6  T=40.0C Q=1.0mL/min EGDA=1.000M cat=0.500M k1_ref=1.457e-03  Ea1= 76.2  maxCI=    inf%  logdetF=-inf
  [D] round 2/6  T=160.0C Q=0.5mL/min EGDA=1.000M cat=1.000M k1_ref=6.929e-04  Ea1= 42.6  maxCI=    inf%  logdetF=-inf
  [D] round 3/6  T=120.0C Q=0.5mL/min EGDA=1.000M cat=1.000M k1_ref=8.246e-04  Ea1= 40.5  maxCI=   64.4%  logdetF= 15.8
  [D] round 4/6  T=160.0C Q=0.5mL/min EGDA=1.000M cat=1.000M k1_ref=8.282e-04  Ea1= 40.4  maxCI=   63.2%  logdetF= 17.2
  [D] round 5/6  T=120.0C Q=0.5mL/min EGDA=1.000M cat=1.000M k1_ref=7.641e-04  Ea1= 41.3  maxCI=    inf%  logdetF= 18.7
  [D] round 6/6  T=120.0C Q=0.5mL/min EGDA=1.000M cat=1.000M k1_ref=7.634e-04  Ea1= 41.4  maxCI=    inf%  logdetF= 19.5
    S5_inadequacy/D/seed6: 2.3 s
  [F-noGovernor] round 1/6  T=40.0C Q=1.0mL/min EGDA=1.000M cat=0.500M n_z=10  NORMAL_LEARNING      irreversible=1.00
  [F-noGovernor] round 2/6  T=160.0C Q=0.5mL/min EGDA=1.000M cat=1.000M n_z=10  NORMAL_LEARNING      irreversible=1.00
  [F-noGovernor] round 3/6  T=120.0C Q=0.5mL/min EGDA=1.000M cat=1.000M n_z=10  NORMAL_LEARNING      irreversible=1.00
  [F-noGovernor] round 4/6  T=100.0C Q=0.5mL/min EGDA=1.000M cat=1.000M n_z=10  NORMAL_LEARNING      irreversible=1.00
  [F-noGovernor] round 5/6  T=160.0C Q=0.5mL/min EGDA=1.000M cat=1.000M n_z=10  NORMAL_LEARNING      irreversible=1.00
  [F-noGovernor] round 6/6  T=160.0C Q=0.5mL/min EGDA=1.000M cat=1.000M n_z=10  NORMAL_LEARNING      irreversible=1.00
    S5_inadequacy/F-noGovernor/seed1: 12.4 s
  [F-noGovernor] round 1/6  T=40.0C Q=1.0mL/min EGDA=1.000M cat=0.500M n_z=10  NORMAL_LEARNING      irreversible=1.00
  [F-noGovernor] round 2/6  T=160.0C Q=0.5mL/min EGDA=1.000M cat=1.000M n_z=10  NORMAL_LEARNING      irreversible=1.00
  [F-noGovernor] round 3/6  T=120.0C Q=0.5mL/min EGDA=1.000M cat=1.000M n_z=10  NORMAL_LEARNING      irreversible=1.00
  [F-noGovernor] round 4/6  T=100.0C Q=0.5mL/min EGDA=1.000M cat=1.000M n_z=10  NORMAL_LEARNING      irreversible=1.00
  [F-noGovernor] round 5/6  T=160.0C Q=0.5mL/min EGDA=1.000M cat=1.000M n_z=10  NORMAL_LEARNING      irreversible=1.00
  [F-noGovernor] round 6/6  T=160.0C Q=0.5mL/min EGDA=1.000M cat=1.000M n_z=10  NORMAL_LEARNING      irreversible=1.00
    S5_inadequacy/F-noGovernor/seed2: 12.5 s
  [F-noGovernor] round 1/6  T=40.0C Q=1.0mL/min EGDA=1.000M cat=0.500M n_z=10  NORMAL_LEARNING      irreversible=1.00
  [F-noGovernor] round 2/6  T=140.0C Q=0.5mL/min EGDA=1.000M cat=1.000M n_z=10  NORMAL_LEARNING      irreversible=1.00
  [F-noGovernor] round 3/6  T=160.0C Q=0.5mL/min EGDA=1.000M cat=1.000M n_z=10  NORMAL_LEARNING      irreversible=1.00
  [F-noGovernor] round 4/6  T=100.0C Q=0.5mL/min EGDA=1.000M cat=1.000M n_z=10  NORMAL_LEARNING      irreversible=1.00
  [F-noGovernor] round 5/6  T=160.0C Q=0.5mL/min EGDA=1.000M cat=1.000M n_z=10  NORMAL_LEARNING      irreversible=1.00
  [F-noGovernor] round 6/6  T=120.0C Q=0.5mL/min EGDA=1.000M cat=1.000M n_z=10  NORMAL_LEARNING      irreversible=1.00
    S5_inadequacy/F-noGovernor/seed3: 12.4 s
  [F-noGovernor] round 1/6  T=40.0C Q=1.0mL/min EGDA=1.000M cat=0.500M n_z=9  NORMAL_LEARNING      irreversible=1.00
  [F-noGovernor] round 2/6  T=160.0C Q=0.5mL/min EGDA=1.000M cat=0.500M n_z=10  NORMAL_LEARNING      irreversible=1.00
  [F-noGovernor] round 3/6  T=140.0C Q=0.5mL/min EGDA=1.000M cat=1.000M n_z=10  NORMAL_LEARNING      irreversible=1.00
  [F-noGovernor] round 4/6  T=160.0C Q=0.5mL/min EGDA=1.000M cat=1.000M n_z=10  MODEL_INADEQUATE     irreversible=1.00
  [F-noGovernor] round 5/6  T=80.0C Q=0.5mL/min EGDA=1.000M cat=1.000M n_z=10  MODEL_INADEQUATE     irreversible=1.00
  [F-noGovernor] round 6/6  T=160.0C Q=0.5mL/min EGDA=1.000M cat=1.000M n_z=10  MODEL_INADEQUATE     irreversible=1.00
    S5_inadequacy/F-noGovernor/seed4: 12.6 s
  [F-noGovernor] round 1/6  T=40.0C Q=1.0mL/min EGDA=1.000M cat=0.500M n_z=10  NORMAL_LEARNING      irreversible=1.00
  [F-noGovernor] round 2/6  T=140.0C Q=0.5mL/min EGDA=1.000M cat=1.000M n_z=10  NORMAL_LEARNING      irreversible=1.00
  [F-noGovernor] round 3/6  T=160.0C Q=0.5mL/min EGDA=1.000M cat=1.000M n_z=10  NORMAL_LEARNING      irreversible=1.00
  [F-noGovernor] round 4/6  T=80.0C Q=0.5mL/min EGDA=1.000M cat=1.000M n_z=10  NORMAL_LEARNING      irreversible=1.00
  [F-noGovernor] round 5/6  T=160.0C Q=0.5mL/min EGDA=1.000M cat=1.000M n_z=10  NORMAL_LEARNING      irreversible=1.00
  [F-noGovernor] round 6/6  T=120.0C Q=0.5mL/min EGDA=1.000M cat=1.000M n_z=10  NORMAL_LEARNING      irreversible=1.00
    S5_inadequacy/F-noGovernor/seed5: 12.5 s
  [F-noGovernor] round 1/6  T=40.0C Q=1.0mL/min EGDA=1.000M cat=0.500M n_z=10  NORMAL_LEARNING      irreversible=1.00
  [F-noGovernor] round 2/6  T=160.0C Q=0.5mL/min EGDA=1.000M cat=0.500M n_z=10  NORMAL_LEARNING      irreversible=1.00
  [F-noGovernor] round 3/6  T=120.0C Q=0.5mL/min EGDA=1.000M cat=1.000M n_z=10  NORMAL_LEARNING      irreversible=1.00
  [F-noGovernor] round 4/6  T=160.0C Q=0.5mL/min EGDA=1.000M cat=1.000M n_z=10  MODEL_INADEQUATE     irreversible=1.00
  [F-noGovernor] round 5/6  T=100.0C Q=0.5mL/min EGDA=1.000M cat=1.000M n_z=10  MODEL_INADEQUATE     irreversible=1.00
  [F-noGovernor] round 6/6  T=160.0C Q=0.5mL/min EGDA=1.000M cat=1.000M n_z=10  MODEL_INADEQUATE     irreversible=1.00
    S5_inadequacy/F-noGovernor/seed6: 12.5 s
  [F] round 1/6  T=40.0C Q=1.0mL/min EGDA=1.000M cat=0.500M n_z=10  NORMAL_LEARNING      irreversible=1.00
  [F] round 2/6  T=160.0C Q=0.5mL/min EGDA=1.000M cat=1.000M n_z=10  NORMAL_LEARNING      irreversible=1.00
  [F] round 3/6  T=120.0C Q=0.5mL/min EGDA=1.000M cat=1.000M n_z=10  NORMAL_LEARNING      irreversible=1.00
  [F] round 4/6  T=100.0C Q=0.5mL/min EGDA=1.000M cat=1.000M n_z=10  NORMAL_LEARNING      irreversible=1.00
  [F] round 5/6  T=160.0C Q=0.5mL/min EGDA=1.000M cat=1.000M n_z=10  NORMAL_LEARNING      irreversible=1.00
  [F] round 6/6  T=160.0C Q=0.5mL/min EGDA=1.000M cat=1.000M n_z=10  NORMAL_LEARNING      irreversible=1.00
    S5_inadequacy/F/seed1: 12.4 s
  [F] round 1/6  T=40.0C Q=1.0mL/min EGDA=1.000M cat=0.500M n_z=10  NORMAL_LEARNING      irreversible=1.00
  [F] round 2/6  T=160.0C Q=0.5mL/min EGDA=1.000M cat=1.000M n_z=10  NORMAL_LEARNING      irreversible=1.00
  [F] round 3/6  T=120.0C Q=0.5mL/min EGDA=1.000M cat=1.000M n_z=10  NORMAL_LEARNING      irreversible=1.00
  [F] round 4/6  T=100.0C Q=0.5mL/min EGDA=1.000M cat=1.000M n_z=10  NORMAL_LEARNING      irreversible=1.00
  [F] round 5/6  T=160.0C Q=0.5mL/min EGDA=1.000M cat=1.000M n_z=10  NORMAL_LEARNING      irreversible=1.00
  [F] round 6/6  T=160.0C Q=0.5mL/min EGDA=1.000M cat=1.000M n_z=10  NORMAL_LEARNING      irreversible=1.00
    S5_inadequacy/F/seed2: 12.5 s
  [F] round 1/6  T=40.0C Q=1.0mL/min EGDA=1.000M cat=0.500M n_z=10  NORMAL_LEARNING      irreversible=1.00
  [F] round 2/6  T=140.0C Q=0.5mL/min EGDA=1.000M cat=1.000M n_z=10  NORMAL_LEARNING      irreversible=1.00
  [F] round 3/6  T=160.0C Q=0.5mL/min EGDA=1.000M cat=1.000M n_z=10  NORMAL_LEARNING      irreversible=1.00
  [F] round 4/6  T=100.0C Q=0.5mL/min EGDA=1.000M cat=1.000M n_z=10  NORMAL_LEARNING      irreversible=1.00
  [F] round 5/6  T=160.0C Q=0.5mL/min EGDA=1.000M cat=1.000M n_z=10  NORMAL_LEARNING      irreversible=1.00
  [F] round 6/6  T=120.0C Q=0.5mL/min EGDA=1.000M cat=1.000M n_z=10  NORMAL_LEARNING      irreversible=1.00
    S5_inadequacy/F/seed3: 12.4 s
  [F] round 1/6  T=40.0C Q=1.0mL/min EGDA=1.000M cat=0.500M n_z=9  NORMAL_LEARNING      irreversible=1.00
  [F] round 2/6  T=160.0C Q=0.5mL/min EGDA=1.000M cat=0.500M n_z=10  NORMAL_LEARNING      irreversible=1.00
  [F] round 3/6  T=140.0C Q=0.5mL/min EGDA=1.000M cat=1.000M n_z=10  NORMAL_LEARNING      irreversible=1.00
  [F] round 4/6  T=160.0C Q=0.5mL/min EGDA=1.000M cat=1.000M n_z=10  MODEL_INADEQUATE     irreversible=1.00
  [F] round 5/6  T=80.0C Q=0.5mL/min EGDA=1.000M cat=1.000M n_z=10  MODEL_INADEQUATE     irreversible=1.00
  [F] round 6/6  T=120.0C Q=0.5mL/min EGDA=1.000M cat=1.000M n_z=10  MODEL_INADEQUATE     irreversible=1.00
    S5_inadequacy/F/seed4: 12.6 s
  [F] round 1/6  T=40.0C Q=1.0mL/min EGDA=1.000M cat=0.500M n_z=10  NORMAL_LEARNING      irreversible=1.00
  [F] round 2/6  T=140.0C Q=0.5mL/min EGDA=1.000M cat=1.000M n_z=10  NORMAL_LEARNING      irreversible=1.00
  [F] round 3/6  T=160.0C Q=0.5mL/min EGDA=1.000M cat=1.000M n_z=10  NORMAL_LEARNING      irreversible=1.00
  [F] round 4/6  T=80.0C Q=0.5mL/min EGDA=1.000M cat=1.000M n_z=10  NORMAL_LEARNING      irreversible=1.00
  [F] round 5/6  T=160.0C Q=0.5mL/min EGDA=1.000M cat=1.000M n_z=10  NORMAL_LEARNING      irreversible=1.00
  [F] round 6/6  T=120.0C Q=0.5mL/min EGDA=1.000M cat=1.000M n_z=10  NORMAL_LEARNING      irreversible=1.00
    S5_inadequacy/F/seed5: 12.5 s
  [F] round 1/6  T=40.0C Q=1.0mL/min EGDA=1.000M cat=0.500M n_z=10  NORMAL_LEARNING      irreversible=1.00
  [F] round 2/6  T=160.0C Q=0.5mL/min EGDA=1.000M cat=0.500M n_z=10  NORMAL_LEARNING      irreversible=1.00
  [F] round 3/6  T=120.0C Q=0.5mL/min EGDA=1.000M cat=1.000M n_z=10  NORMAL_LEARNING      irreversible=1.00
  [F] round 4/6  T=160.0C Q=0.5mL/min EGDA=1.000M cat=1.000M n_z=10  MODEL_INADEQUATE     irreversible=1.00
  [F] round 5/6  T=80.0C Q=0.5mL/min EGDA=1.000M cat=1.000M n_z=10  MODEL_INADEQUATE     irreversible=1.00
  [F] round 6/6  T=100.0C Q=0.5mL/min EGDA=1.000M cat=1.000M n_z=10  MODEL_INADEQUATE     irreversible=1.00
    S5_inadequacy/F/seed6: 12.5 s
    S5_inadequacy done in 163 s

=== S6_resources: resource-aware design: lambda sweep -> Pareto frontier
  [D] round 1/6  T=40.0C Q=1.0mL/min EGDA=1.000M cat=0.500M k1_ref=1.136e-03  Ea1= 59.1  maxCI=    inf%  logdetF=-inf
  [D] round 2/6  T=160.0C Q=0.5mL/min EGDA=1.000M cat=0.500M k1_ref=7.675e-04  Ea1= 42.1  maxCI=    inf%  logdetF=-inf
  [D] round 3/6  T=140.0C Q=0.5mL/min EGDA=1.000M cat=1.000M k1_ref=1.189e-03  Ea1= 36.8  maxCI=    inf%  logdetF= 3.2
  [D] round 4/6  T=160.0C Q=0.5mL/min EGDA=1.000M cat=1.000M k1_ref=1.036e-03  Ea1= 38.8  maxCI=    inf%  logdetF= 10.9
  [D] round 5/6  T=160.0C Q=0.5mL/min EGDA=1.000M cat=1.000M k1_ref=1.040e-03  Ea1= 38.7  maxCI=    inf%  logdetF= 13.2
  [D] round 6/6  T=120.0C Q=0.5mL/min EGDA=1.000M cat=1.000M k1_ref=8.552e-04  Ea1= 41.1  maxCI=    inf%  logdetF= 15.2
    S6_resources/D/seed1: 2.8 s
  [D] round 1/6  T=40.0C Q=1.0mL/min EGDA=1.000M cat=0.500M k1_ref=4.734e-04  Ea1= 85.8  maxCI=    inf%  logdetF=-inf
  [D] round 2/6  T=160.0C Q=0.5mL/min EGDA=1.000M cat=0.500M k1_ref=2.182e-04  Ea1= 56.9  maxCI=    inf%  logdetF=-inf
  [D] round 3/6  T=140.0C Q=0.5mL/min EGDA=1.000M cat=1.000M k1_ref=8.389e-04  Ea1= 40.8  maxCI=    inf%  logdetF= 3.2
  [D] round 4/6  T=160.0C Q=0.5mL/min EGDA=1.000M cat=1.000M k1_ref=7.094e-04  Ea1= 43.2  maxCI=    inf%  logdetF= 11.2
  [D] round 5/6  T=120.0C Q=0.5mL/min EGDA=1.000M cat=1.000M k1_ref=6.600e-04  Ea1= 44.1  maxCI=    inf%  logdetF= 13.4
  [D] round 6/6  T=160.0C Q=0.5mL/min EGDA=1.000M cat=1.000M k1_ref=6.698e-04  Ea1= 43.9  maxCI=    inf%  logdetF= 15.1
    S6_resources/D/seed2: 2.9 s
  [D] round 1/6  T=40.0C Q=1.0mL/min EGDA=1.000M cat=0.500M k1_ref=3.343e-04  Ea1= 91.8  maxCI=    inf%  logdetF=-inf
  [D] round 2/6  T=160.0C Q=0.5mL/min EGDA=1.000M cat=0.500M k1_ref=1.484e-04  Ea1= 61.8  maxCI=    inf%  logdetF=-inf
  [D] round 3/6  T=140.0C Q=0.5mL/min EGDA=1.000M cat=1.000M k1_ref=1.063e-03  Ea1= 38.2  maxCI=    inf%  logdetF= 3.2
  [D] round 4/6  T=160.0C Q=0.5mL/min EGDA=1.000M cat=1.000M k1_ref=8.969e-04  Ea1= 40.7  maxCI=    inf%  logdetF= 10.6
  [D] round 5/6  T=160.0C Q=0.5mL/min EGDA=1.000M cat=1.000M k1_ref=8.716e-04  Ea1= 41.1  maxCI=    inf%  logdetF= 12.4
  [D] round 6/6  T=120.0C Q=0.5mL/min EGDA=1.000M cat=1.000M k1_ref=8.040e-04  Ea1= 42.1  maxCI=    inf%  logdetF= 14.4
    S6_resources/D/seed3: 2.9 s
  [D] round 1/6  T=40.0C Q=1.0mL/min EGDA=1.000M cat=0.500M k1_ref=3.515e-03  Ea1= 46.3  maxCI=    inf%  logdetF=-inf
  [D] round 2/6  T=140.0C Q=0.5mL/min EGDA=1.000M cat=1.000M k1_ref=2.264e-03  Ea1= 27.2  maxCI=    inf%  logdetF=-inf
  [D] round 3/6  T=160.0C Q=0.5mL/min EGDA=1.000M cat=1.000M k1_ref=7.791e-04  Ea1= 42.6  maxCI=    inf%  logdetF= 9.5
  [D] round 4/6  T=160.0C Q=0.5mL/min EGDA=1.000M cat=1.000M k1_ref=7.898e-04  Ea1= 42.3  maxCI=    inf%  logdetF= 3.6
  [D] round 5/6  T=120.0C Q=0.5mL/min EGDA=1.000M cat=1.000M k1_ref=9.355e-04  Ea1= 40.2  maxCI=    inf%  logdetF= 5.6
  [D] round 6/6  T=160.0C Q=0.5mL/min EGDA=1.000M cat=1.000M k1_ref=9.441e-04  Ea1= 40.1  maxCI=    inf%  logdetF= 7.5
    S6_resources/D/seed4: 3.1 s
  [D] round 1/6  T=40.0C Q=1.0mL/min EGDA=1.000M cat=0.500M k1_ref=1.128e-03  Ea1= 84.0  maxCI=    inf%  logdetF=-inf
  [D] round 2/6  T=140.0C Q=0.5mL/min EGDA=1.000M cat=1.000M k1_ref=5.026e-04  Ea1= 49.5  maxCI=    inf%  logdetF=-24.1
  [D] round 3/6  T=160.0C Q=0.5mL/min EGDA=1.000M cat=1.000M k1_ref=1.084e-03  Ea1= 38.5  maxCI=1378375658880837799519504804924061487766849131118592.0%  logdetF= 4.5
  [D] round 4/6  T=160.0C Q=0.5mL/min EGDA=1.000M cat=1.000M k1_ref=1.025e-03  Ea1= 39.3  maxCI=    inf%  logdetF= 9.3
  [D] round 5/6  T=120.0C Q=0.5mL/min EGDA=1.000M cat=1.000M k1_ref=8.614e-04  Ea1= 41.5  maxCI=    inf%  logdetF= 10.7
  [D] round 6/6  T=160.0C Q=0.5mL/min EGDA=1.000M cat=1.000M k1_ref=8.669e-04  Ea1= 41.4  maxCI=    inf%  logdetF= 13.3
    S6_resources/D/seed5: 3.1 s
  [D] round 1/6  T=40.0C Q=1.0mL/min EGDA=1.000M cat=0.500M k1_ref=1.108e-03  Ea1= 60.9  maxCI=    inf%  logdetF=-inf
  [D] round 2/6  T=140.0C Q=0.5mL/min EGDA=1.000M cat=1.000M k1_ref=7.366e-04  Ea1= 43.2  maxCI=    inf%  logdetF=-inf
  [D] round 3/6  T=160.0C Q=0.5mL/min EGDA=1.000M cat=1.000M k1_ref=6.070e-04  Ea1= 46.0  maxCI=    inf%  logdetF= 8.8
  [D] round 4/6  T=160.0C Q=0.5mL/min EGDA=1.000M cat=1.000M k1_ref=6.822e-04  Ea1= 44.3  maxCI=    inf%  logdetF= 10.8
  [D] round 5/6  T=120.0C Q=0.5mL/min EGDA=1.000M cat=1.000M k1_ref=7.098e-04  Ea1= 43.8  maxCI=    inf%  logdetF= 12.9
  [D] round 6/6  T=160.0C Q=0.5mL/min EGDA=1.000M cat=1.000M k1_ref=7.240e-04  Ea1= 43.5  maxCI=    inf%  logdetF= 14.5
    S6_resources/D/seed6: 3.0 s
  [F] round 1/6  T=40.0C Q=1.0mL/min EGDA=1.000M cat=0.500M n_z=10  NORMAL_LEARNING      rev-pitzer=1.00
  [F] round 2/6  T=160.0C Q=0.5mL/min EGDA=1.000M cat=1.000M n_z=10  NORMAL_LEARNING      rev-pitzer=1.00
  [F] round 3/6  T=120.0C Q=0.5mL/min EGDA=1.000M cat=1.000M n_z=10  NORMAL_LEARNING      rev-pitzer=1.00
  [F] round 4/6  T=160.0C Q=0.5mL/min EGDA=1.000M cat=1.000M n_z=10  NORMAL_LEARNING      rev-pitzer=1.00
  [F] round 5/6  T=100.0C Q=0.5mL/min EGDA=1.000M cat=1.000M n_z=10  NORMAL_LEARNING      rev-pitzer=1.00
  [F] round 6/6  T=160.0C Q=0.5mL/min EGDA=1.000M cat=1.000M n_z=10  NORMAL_LEARNING      rev-pitzer=1.00
    S6_resources/F/seed1: 13.4 s
  [F] round 1/6  T=40.0C Q=1.0mL/min EGDA=1.000M cat=0.500M n_z=10  NORMAL_LEARNING      rev-pitzer=1.00
  [F] round 2/6  T=160.0C Q=0.5mL/min EGDA=1.000M cat=1.000M n_z=10  NORMAL_LEARNING      rev-pitzer=1.00
  [F] round 3/6  T=140.0C Q=0.5mL/min EGDA=1.000M cat=1.000M n_z=10  NORMAL_LEARNING      rev-pitzer=1.00
  [F] round 4/6  T=120.0C Q=0.5mL/min EGDA=1.000M cat=1.000M n_z=10  NORMAL_LEARNING      rev-pitzer=1.00
  [F] round 5/6  T=160.0C Q=0.5mL/min EGDA=1.000M cat=1.000M n_z=10  NORMAL_LEARNING      rev-pitzer=1.00
  [F] round 6/6  T=160.0C Q=0.5mL/min EGDA=1.000M cat=1.000M n_z=10  NORMAL_LEARNING      rev-pitzer=1.00
    S6_resources/F/seed2: 13.4 s
  [F] round 1/6  T=40.0C Q=1.0mL/min EGDA=1.000M cat=0.500M n_z=10  NORMAL_LEARNING      rev-pitzer=1.00
  [F] round 2/6  T=160.0C Q=0.5mL/min EGDA=1.000M cat=1.000M n_z=10  NORMAL_LEARNING      rev-pitzer=1.00
  [F] round 3/6  T=120.0C Q=0.5mL/min EGDA=1.000M cat=1.000M n_z=10  NORMAL_LEARNING      rev-pitzer=1.00
  [F] round 4/6  T=160.0C Q=0.5mL/min EGDA=1.000M cat=1.000M n_z=10  NORMAL_LEARNING      rev-pitzer=1.00
  [F] round 5/6  T=120.0C Q=0.5mL/min EGDA=1.000M cat=1.000M n_z=10  NORMAL_LEARNING      rev-pitzer=1.00
  [F] round 6/6  T=160.0C Q=0.5mL/min EGDA=1.000M cat=1.000M n_z=10  NORMAL_LEARNING      rev-pitzer=1.00
    S6_resources/F/seed3: 13.4 s
  [F] round 1/6  T=40.0C Q=1.0mL/min EGDA=1.000M cat=0.500M n_z=9  NORMAL_LEARNING      rev-pitzer=1.00
  [F] round 2/6  T=160.0C Q=0.5mL/min EGDA=1.000M cat=1.000M n_z=10  NORMAL_LEARNING      rev-pitzer=1.00
  [F] round 3/6  T=120.0C Q=0.5mL/min EGDA=1.000M cat=1.000M n_z=10  NORMAL_LEARNING      rev-pitzer=1.00
  [F] round 4/6  T=160.0C Q=0.5mL/min EGDA=1.000M cat=1.000M n_z=10  NORMAL_LEARNING      rev-pitzer=1.00
  [F] round 5/6  T=160.0C Q=0.5mL/min EGDA=1.000M cat=1.000M n_z=10  NORMAL_LEARNING      rev-pitzer=1.00
  [F] round 6/6  T=80.0C Q=0.5mL/min EGDA=1.000M cat=1.000M n_z=10  NORMAL_LEARNING      rev-pitzer=1.00
    S6_resources/F/seed4: 13.6 s
  [F] round 1/6  T=40.0C Q=1.0mL/min EGDA=1.000M cat=0.500M n_z=10  NORMAL_LEARNING      rev-pitzer=1.00
  [F] round 2/6  T=160.0C Q=0.5mL/min EGDA=1.000M cat=1.000M n_z=10  NORMAL_LEARNING      rev-pitzer=1.00
  [F] round 3/6  T=120.0C Q=0.5mL/min EGDA=1.000M cat=1.000M n_z=10  NORMAL_LEARNING      rev-pitzer=1.00
  [F] round 4/6  T=160.0C Q=0.5mL/min EGDA=1.000M cat=1.000M n_z=10  NORMAL_LEARNING      rev-pitzer=1.00
  [F] round 5/6  T=100.0C Q=0.5mL/min EGDA=1.000M cat=1.000M n_z=10  NORMAL_LEARNING      rev-pitzer=1.00
  [F] round 6/6  T=160.0C Q=0.5mL/min EGDA=1.000M cat=1.000M n_z=10  NORMAL_LEARNING      rev-pitzer=1.00
    S6_resources/F/seed5: 13.4 s
  [F] round 1/6  T=40.0C Q=1.0mL/min EGDA=1.000M cat=0.500M n_z=10  NORMAL_LEARNING      rev-pitzer=1.00
  [F] round 2/6  T=160.0C Q=0.5mL/min EGDA=1.000M cat=1.000M n_z=10  NORMAL_LEARNING      rev-pitzer=1.00
  [F] round 3/6  T=100.0C Q=0.5mL/min EGDA=1.000M cat=1.000M n_z=10  NORMAL_LEARNING      rev-pitzer=1.00
  [F] round 4/6  T=160.0C Q=0.5mL/min EGDA=1.000M cat=1.000M n_z=10  NORMAL_LEARNING      rev-pitzer=1.00
  [F] round 5/6  T=120.0C Q=0.5mL/min EGDA=1.000M cat=1.000M n_z=10  NORMAL_LEARNING      rev-pitzer=1.00
  [F] round 6/6  T=160.0C Q=0.5mL/min EGDA=1.000M cat=1.000M n_z=10  NORMAL_LEARNING      rev-pitzer=1.00
    S6_resources/F/seed6: 13.6 s
  [F-res-0.5x] round 1/6  T=40.0C Q=1.0mL/min EGDA=1.000M cat=0.500M n_z=10  NORMAL_LEARNING      rev-pitzer=1.00
  [F-res-0.5x] round 2/6  T=140.0C Q=0.5mL/min EGDA=1.000M cat=1.000M n_z=10  NORMAL_LEARNING      rev-pitzer=1.00
  [F-res-0.5x] round 3/6  T=160.0C Q=0.5mL/min EGDA=1.000M cat=1.000M n_z=10  NORMAL_LEARNING      rev-pitzer=1.00
  [F-res-0.5x] round 4/6  T=160.0C Q=0.5mL/min EGDA=1.000M cat=1.000M n_z=10  NORMAL_LEARNING      rev-pitzer=1.00
  [F-res-0.5x] round 5/6  T=160.0C Q=0.5mL/min EGDA=1.000M cat=1.000M n_z=10  NORMAL_LEARNING      rev-pitzer=1.00
  [F-res-0.5x] round 6/6  T=160.0C Q=0.5mL/min EGDA=1.000M cat=1.000M n_z=10  NORMAL_LEARNING      rev-pitzer=1.00
    S6_resources/F-res-0.5x/seed1: 13.6 s
  [F-res-0.5x] round 1/6  T=40.0C Q=1.0mL/min EGDA=1.000M cat=0.500M n_z=10  NORMAL_LEARNING      rev-pitzer=1.00
  [F-res-0.5x] round 2/6  T=140.0C Q=0.5mL/min EGDA=1.000M cat=1.000M n_z=10  NORMAL_LEARNING      rev-pitzer=1.00
  [F-res-0.5x] round 3/6  T=120.0C Q=0.5mL/min EGDA=1.000M cat=1.000M n_z=10  NORMAL_LEARNING      rev-pitzer=1.00
  [F-res-0.5x] round 4/6  T=120.0C Q=0.5mL/min EGDA=1.000M cat=1.000M n_z=10  NORMAL_LEARNING      rev-pitzer=1.00
  [F-res-0.5x] round 5/6  T=160.0C Q=0.5mL/min EGDA=1.000M cat=1.000M n_z=10  NORMAL_LEARNING      rev-pitzer=1.00
  [F-res-0.5x] round 6/6  T=160.0C Q=0.5mL/min EGDA=1.000M cat=1.000M n_z=10  NORMAL_LEARNING      rev-pitzer=1.00
    S6_resources/F-res-0.5x/seed2: 13.4 s
  [F-res-0.5x] round 1/6  T=40.0C Q=1.0mL/min EGDA=1.000M cat=0.500M n_z=10  NORMAL_LEARNING      rev-pitzer=1.00
  [F-res-0.5x] round 2/6  T=140.0C Q=0.5mL/min EGDA=1.000M cat=1.000M n_z=10  NORMAL_LEARNING      rev-pitzer=1.00
  [F-res-0.5x] round 3/6  T=120.0C Q=0.5mL/min EGDA=1.000M cat=1.000M n_z=10  NORMAL_LEARNING      rev-pitzer=1.00
  [F-res-0.5x] round 4/6  T=120.0C Q=0.5mL/min EGDA=1.000M cat=1.000M n_z=10  NORMAL_LEARNING      rev-pitzer=1.00
  [F-res-0.5x] round 5/6  T=160.0C Q=0.5mL/min EGDA=1.000M cat=1.000M n_z=10  NORMAL_LEARNING      rev-pitzer=1.00
  [F-res-0.5x] round 6/6  T=160.0C Q=0.5mL/min EGDA=1.000M cat=1.000M n_z=10  NORMAL_LEARNING      rev-pitzer=1.00
    S6_resources/F-res-0.5x/seed3: 13.4 s
  [F-res-0.5x] round 1/6  T=40.0C Q=1.0mL/min EGDA=1.000M cat=0.500M n_z=9  NORMAL_LEARNING      rev-pitzer=1.00
  [F-res-0.5x] round 2/6  T=140.0C Q=0.5mL/min EGDA=1.000M cat=1.000M n_z=10  NORMAL_LEARNING      rev-pitzer=1.00
  [F-res-0.5x] round 3/6  T=120.0C Q=0.5mL/min EGDA=1.000M cat=1.000M n_z=10  NORMAL_LEARNING      rev-pitzer=1.00
  [F-res-0.5x] round 4/6  T=120.0C Q=0.5mL/min EGDA=1.000M cat=1.000M n_z=10  NORMAL_LEARNING      rev-pitzer=1.00
  [F-res-0.5x] round 5/6  T=160.0C Q=0.5mL/min EGDA=1.000M cat=1.000M n_z=10  NORMAL_LEARNING      rev-pitzer=1.00
  [F-res-0.5x] round 6/6  T=160.0C Q=0.5mL/min EGDA=1.000M cat=1.000M n_z=10  NORMAL_LEARNING      rev-pitzer=1.00
    S6_resources/F-res-0.5x/seed4: 13.5 s
  [F-res-0.5x] round 1/6  T=40.0C Q=1.0mL/min EGDA=1.000M cat=0.500M n_z=10  NORMAL_LEARNING      rev-pitzer=1.00
  [F-res-0.5x] round 2/6  T=140.0C Q=0.5mL/min EGDA=1.000M cat=1.000M n_z=10  NORMAL_LEARNING      rev-pitzer=1.00
  [F-res-0.5x] round 3/6  T=160.0C Q=0.5mL/min EGDA=1.000M cat=1.000M n_z=10  NORMAL_LEARNING      rev-pitzer=1.00
  [F-res-0.5x] round 4/6  T=160.0C Q=0.5mL/min EGDA=1.000M cat=1.000M n_z=10  NORMAL_LEARNING      rev-pitzer=1.00
  [F-res-0.5x] round 5/6  T=160.0C Q=0.5mL/min EGDA=1.000M cat=1.000M n_z=10  NORMAL_LEARNING      rev-pitzer=1.00
  [F-res-0.5x] round 6/6  T=160.0C Q=0.5mL/min EGDA=1.000M cat=1.000M n_z=10  NORMAL_LEARNING      rev-pitzer=1.00
    S6_resources/F-res-0.5x/seed5: 13.5 s
  [F-res-0.5x] round 1/6  T=40.0C Q=1.0mL/min EGDA=1.000M cat=0.500M n_z=10  NORMAL_LEARNING      rev-pitzer=1.00
  [F-res-0.5x] round 2/6  T=140.0C Q=0.5mL/min EGDA=1.000M cat=1.000M n_z=10  NORMAL_LEARNING      rev-pitzer=1.00
  [F-res-0.5x] round 3/6  T=120.0C Q=0.5mL/min EGDA=1.000M cat=1.000M n_z=10  NORMAL_LEARNING      rev-pitzer=1.00
  [F-res-0.5x] round 4/6  T=120.0C Q=0.5mL/min EGDA=1.000M cat=1.000M n_z=10  NORMAL_LEARNING      rev-pitzer=1.00
  [F-res-0.5x] round 5/6  T=160.0C Q=0.5mL/min EGDA=1.000M cat=0.500M n_z=10  NORMAL_LEARNING      rev-pitzer=1.00
  [F-res-0.5x] round 6/6  T=160.0C Q=0.5mL/min EGDA=1.000M cat=0.500M n_z=10  NORMAL_LEARNING      rev-pitzer=1.00
    S6_resources/F-res-0.5x/seed6: 13.4 s
  [F-res-1x] round 1/6  T=40.0C Q=1.0mL/min EGDA=1.000M cat=0.500M n_z=10  NORMAL_LEARNING      rev-pitzer=1.00
  [F-res-1x] round 2/6  T=140.0C Q=0.5mL/min EGDA=1.000M cat=1.000M n_z=10  NORMAL_LEARNING      rev-pitzer=1.00
  [F-res-1x] round 3/6  T=160.0C Q=0.5mL/min EGDA=1.000M cat=1.000M n_z=10  NORMAL_LEARNING      rev-pitzer=1.00
  [F-res-1x] round 4/6  T=160.0C Q=0.5mL/min EGDA=1.000M cat=1.000M n_z=10  NORMAL_LEARNING      rev-pitzer=1.00
  [F-res-1x] round 5/6  T=160.0C Q=0.5mL/min EGDA=1.000M cat=1.000M n_z=10  NORMAL_LEARNING      rev-pitzer=1.00
  [F-res-1x] round 6/6  T=160.0C Q=0.5mL/min EGDA=1.000M cat=1.000M n_z=10  NORMAL_LEARNING      rev-pitzer=1.00
    S6_resources/F-res-1x/seed1: 13.6 s
  [F-res-1x] round 1/6  T=40.0C Q=1.0mL/min EGDA=1.000M cat=0.500M n_z=10  NORMAL_LEARNING      rev-pitzer=1.00
  [F-res-1x] round 2/6  T=140.0C Q=0.5mL/min EGDA=1.000M cat=1.000M n_z=10  NORMAL_LEARNING      rev-pitzer=1.00
  [F-res-1x] round 3/6  T=120.0C Q=0.5mL/min EGDA=1.000M cat=1.000M n_z=10  NORMAL_LEARNING      rev-pitzer=1.00
  [F-res-1x] round 4/6  T=120.0C Q=0.5mL/min EGDA=1.000M cat=1.000M n_z=10  NORMAL_LEARNING      rev-pitzer=1.00
  [F-res-1x] round 5/6  T=120.0C Q=0.5mL/min EGDA=1.000M cat=1.000M n_z=10  NORMAL_LEARNING      rev-pitzer=1.00
  [F-res-1x] round 6/6  T=120.0C Q=0.5mL/min EGDA=1.000M cat=1.000M n_z=10  NORMAL_LEARNING      rev-pitzer=1.00
    S6_resources/F-res-1x/seed2: 13.4 s
  [F-res-1x] round 1/6  T=40.0C Q=1.0mL/min EGDA=1.000M cat=0.500M n_z=10  NORMAL_LEARNING      rev-pitzer=1.00
  [F-res-1x] round 2/6  T=140.0C Q=0.5mL/min EGDA=1.000M cat=1.000M n_z=10  NORMAL_LEARNING      rev-pitzer=1.00
  [F-res-1x] round 3/6  T=120.0C Q=0.5mL/min EGDA=1.000M cat=1.000M n_z=10  NORMAL_LEARNING      rev-pitzer=1.00
  [F-res-1x] round 4/6  T=120.0C Q=0.5mL/min EGDA=1.000M cat=1.000M n_z=10  NORMAL_LEARNING      rev-pitzer=1.00
  [F-res-1x] round 5/6  T=120.0C Q=0.5mL/min EGDA=1.000M cat=1.000M n_z=10  NORMAL_LEARNING      rev-pitzer=1.00
  [F-res-1x] round 6/6  T=120.0C Q=0.5mL/min EGDA=1.000M cat=1.000M n_z=10  NORMAL_LEARNING      rev-pitzer=1.00
    S6_resources/F-res-1x/seed3: 13.3 s
  [F-res-1x] round 1/6  T=40.0C Q=1.0mL/min EGDA=1.000M cat=0.500M n_z=9  NORMAL_LEARNING      rev-pitzer=1.00
  [F-res-1x] round 2/6  T=140.0C Q=0.5mL/min EGDA=1.000M cat=1.000M n_z=10  NORMAL_LEARNING      rev-pitzer=1.00
  [F-res-1x] round 3/6  T=120.0C Q=0.5mL/min EGDA=1.000M cat=1.000M n_z=10  NORMAL_LEARNING      rev-pitzer=1.00
  [F-res-1x] round 4/6  T=120.0C Q=0.5mL/min EGDA=1.000M cat=1.000M n_z=10  NORMAL_LEARNING      rev-pitzer=1.00
  [F-res-1x] round 5/6  T=120.0C Q=0.5mL/min EGDA=1.000M cat=1.000M n_z=10  NORMAL_LEARNING      rev-pitzer=1.00
  [F-res-1x] round 6/6  T=120.0C Q=0.5mL/min EGDA=1.000M cat=1.000M n_z=10  NORMAL_LEARNING      rev-pitzer=1.00
    S6_resources/F-res-1x/seed4: 13.4 s
  [F-res-1x] round 1/6  T=40.0C Q=1.0mL/min EGDA=1.000M cat=0.500M n_z=10  NORMAL_LEARNING      rev-pitzer=1.00
  [F-res-1x] round 2/6  T=140.0C Q=0.5mL/min EGDA=1.000M cat=1.000M n_z=10  NORMAL_LEARNING      rev-pitzer=1.00
  [F-res-1x] round 3/6  T=120.0C Q=0.5mL/min EGDA=1.000M cat=1.000M n_z=10  NORMAL_LEARNING      rev-pitzer=1.00
  [F-res-1x] round 4/6  T=120.0C Q=0.5mL/min EGDA=1.000M cat=1.000M n_z=10  NORMAL_LEARNING      rev-pitzer=1.00
  [F-res-1x] round 5/6  T=120.0C Q=0.5mL/min EGDA=1.000M cat=1.000M n_z=10  NORMAL_LEARNING      rev-pitzer=1.00
  [F-res-1x] round 6/6  T=120.0C Q=0.5mL/min EGDA=1.000M cat=1.000M n_z=10  NORMAL_LEARNING      rev-pitzer=1.00
    S6_resources/F-res-1x/seed5: 13.4 s
  [F-res-1x] round 1/6  T=40.0C Q=1.0mL/min EGDA=1.000M cat=0.500M n_z=10  NORMAL_LEARNING      rev-pitzer=1.00
  [F-res-1x] round 2/6  T=140.0C Q=0.5mL/min EGDA=1.000M cat=1.000M n_z=10  NORMAL_LEARNING      rev-pitzer=1.00
  [F-res-1x] round 3/6  T=120.0C Q=0.5mL/min EGDA=1.000M cat=1.000M n_z=10  NORMAL_LEARNING      rev-pitzer=1.00
  [F-res-1x] round 4/6  T=120.0C Q=0.5mL/min EGDA=1.000M cat=1.000M n_z=10  NORMAL_LEARNING      rev-pitzer=1.00
  [F-res-1x] round 5/6  T=120.0C Q=0.5mL/min EGDA=1.000M cat=1.000M n_z=10  NORMAL_LEARNING      rev-pitzer=1.00
  [F-res-1x] round 6/6  T=120.0C Q=0.5mL/min EGDA=1.000M cat=1.000M n_z=10  NORMAL_LEARNING      rev-pitzer=1.00
    S6_resources/F-res-1x/seed6: 13.3 s
  [F-res-2x] round 1/6  T=40.0C Q=1.0mL/min EGDA=1.000M cat=0.500M n_z=10  NORMAL_LEARNING      rev-pitzer=1.00
  [F-res-2x] round 2/6  T=140.0C Q=0.5mL/min EGDA=1.000M cat=1.000M n_z=10  NORMAL_LEARNING      rev-pitzer=1.00
  [F-res-2x] round 3/6  T=120.0C Q=0.5mL/min EGDA=1.000M cat=1.000M n_z=10  NORMAL_LEARNING      rev-pitzer=1.00
  [F-res-2x] round 4/6  T=120.0C Q=0.5mL/min EGDA=1.000M cat=1.000M n_z=10  NORMAL_LEARNING      rev-pitzer=1.00
  [F-res-2x] round 5/6  T=120.0C Q=0.5mL/min EGDA=1.000M cat=1.000M n_z=10  NORMAL_LEARNING      rev-pitzer=1.00
  [F-res-2x] round 6/6  T=120.0C Q=0.5mL/min EGDA=1.000M cat=1.000M n_z=10  NORMAL_LEARNING      rev-pitzer=1.00
    S6_resources/F-res-2x/seed1: 13.2 s
  [F-res-2x] round 1/6  T=40.0C Q=1.0mL/min EGDA=1.000M cat=0.500M n_z=10  NORMAL_LEARNING      rev-pitzer=1.00
  [F-res-2x] round 2/6  T=140.0C Q=0.5mL/min EGDA=1.000M cat=1.000M n_z=10  NORMAL_LEARNING      rev-pitzer=1.00
  [F-res-2x] round 3/6  T=120.0C Q=0.5mL/min EGDA=1.000M cat=1.000M n_z=10  NORMAL_LEARNING      rev-pitzer=1.00
  [F-res-2x] round 4/6  T=120.0C Q=0.5mL/min EGDA=1.000M cat=1.000M n_z=10  NORMAL_LEARNING      rev-pitzer=1.00
  [F-res-2x] round 5/6  T=120.0C Q=0.5mL/min EGDA=1.000M cat=1.000M n_z=10  NORMAL_LEARNING      rev-pitzer=1.00
  [F-res-2x] round 6/6  T=120.0C Q=0.5mL/min EGDA=1.000M cat=1.000M n_z=10  NORMAL_LEARNING      rev-pitzer=1.00
    S6_resources/F-res-2x/seed2: 13.4 s
  [F-res-2x] round 1/6  T=40.0C Q=1.0mL/min EGDA=1.000M cat=0.500M n_z=10  NORMAL_LEARNING      rev-pitzer=1.00
  [F-res-2x] round 2/6  T=140.0C Q=0.5mL/min EGDA=1.000M cat=1.000M n_z=10  NORMAL_LEARNING      rev-pitzer=1.00
  [F-res-2x] round 3/6  T=120.0C Q=0.5mL/min EGDA=1.000M cat=1.000M n_z=10  NORMAL_LEARNING      rev-pitzer=1.00
  [F-res-2x] round 4/6  T=120.0C Q=0.5mL/min EGDA=1.000M cat=1.000M n_z=10  NORMAL_LEARNING      rev-pitzer=1.00
  [F-res-2x] round 5/6  T=120.0C Q=0.5mL/min EGDA=1.000M cat=1.000M n_z=10  NORMAL_LEARNING      rev-pitzer=1.00
  [F-res-2x] round 6/6  T=120.0C Q=0.5mL/min EGDA=1.000M cat=1.000M n_z=10  NORMAL_LEARNING      rev-pitzer=1.00
    S6_resources/F-res-2x/seed3: 13.0 s
  [F-res-2x] round 1/6  T=40.0C Q=1.0mL/min EGDA=1.000M cat=0.500M n_z=9  NORMAL_LEARNING      rev-pitzer=1.00
  [F-res-2x] round 2/6  T=140.0C Q=0.5mL/min EGDA=1.000M cat=1.000M n_z=10  NORMAL_LEARNING      rev-pitzer=1.00
  [F-res-2x] round 3/6  T=120.0C Q=0.5mL/min EGDA=1.000M cat=1.000M n_z=10  NORMAL_LEARNING      rev-pitzer=1.00
  [F-res-2x] round 4/6  T=120.0C Q=0.5mL/min EGDA=1.000M cat=1.000M n_z=10  NORMAL_LEARNING      rev-pitzer=1.00
  [F-res-2x] round 5/6  T=120.0C Q=0.5mL/min EGDA=1.000M cat=1.000M n_z=10  NORMAL_LEARNING      rev-pitzer=1.00
  [F-res-2x] round 6/6  T=120.0C Q=0.5mL/min EGDA=1.000M cat=1.000M n_z=10  NORMAL_LEARNING      rev-pitzer=1.00
    S6_resources/F-res-2x/seed4: 13.3 s
  [F-res-2x] round 1/6  T=40.0C Q=1.0mL/min EGDA=1.000M cat=0.500M n_z=10  NORMAL_LEARNING      rev-pitzer=1.00
  [F-res-2x] round 2/6  T=140.0C Q=0.5mL/min EGDA=1.000M cat=1.000M n_z=10  NORMAL_LEARNING      rev-pitzer=1.00
  [F-res-2x] round 3/6  T=120.0C Q=0.5mL/min EGDA=1.000M cat=1.000M n_z=10  NORMAL_LEARNING      rev-pitzer=1.00
  [F-res-2x] round 4/6  T=120.0C Q=0.5mL/min EGDA=1.000M cat=1.000M n_z=10  NORMAL_LEARNING      rev-pitzer=1.00
  [F-res-2x] round 5/6  T=120.0C Q=0.5mL/min EGDA=1.000M cat=1.000M n_z=10  NORMAL_LEARNING      rev-pitzer=1.00
  [F-res-2x] round 6/6  T=120.0C Q=0.5mL/min EGDA=1.000M cat=1.000M n_z=10  NORMAL_LEARNING      rev-pitzer=1.00
    S6_resources/F-res-2x/seed5: 13.3 s
  [F-res-2x] round 1/6  T=40.0C Q=1.0mL/min EGDA=1.000M cat=0.500M n_z=10  NORMAL_LEARNING      rev-pitzer=1.00
  [F-res-2x] round 2/6  T=140.0C Q=0.5mL/min EGDA=1.000M cat=1.000M n_z=10  NORMAL_LEARNING      rev-pitzer=1.00
  [F-res-2x] round 3/6  T=120.0C Q=0.5mL/min EGDA=1.000M cat=1.000M n_z=10  NORMAL_LEARNING      rev-pitzer=1.00
  [F-res-2x] round 4/6  T=120.0C Q=0.5mL/min EGDA=1.000M cat=1.000M n_z=10  NORMAL_LEARNING      rev-pitzer=1.00
  [F-res-2x] round 5/6  T=120.0C Q=0.5mL/min EGDA=1.000M cat=1.000M n_z=10  NORMAL_LEARNING      rev-pitzer=1.00
  [F-res-2x] round 6/6  T=120.0C Q=0.5mL/min EGDA=1.000M cat=1.000M n_z=10  NORMAL_LEARNING      rev-pitzer=1.00
    S6_resources/F-res-2x/seed6: 13.4 s
  [F-res-4x] round 1/6  T=40.0C Q=1.0mL/min EGDA=1.000M cat=0.500M n_z=10  NORMAL_LEARNING      rev-pitzer=1.00
  [F-res-4x] round 2/6  T=140.0C Q=0.5mL/min EGDA=1.000M cat=1.000M n_z=10  NORMAL_LEARNING      rev-pitzer=1.00
  [F-res-4x] round 3/6  T=120.0C Q=0.5mL/min EGDA=1.000M cat=1.000M n_z=10  NORMAL_LEARNING      rev-pitzer=1.00
  [F-res-4x] round 4/6  T=120.0C Q=0.5mL/min EGDA=1.000M cat=1.000M n_z=10  NORMAL_LEARNING      rev-pitzer=1.00
  [F-res-4x] round 5/6  T=120.0C Q=0.5mL/min EGDA=1.000M cat=1.000M n_z=10  NORMAL_LEARNING      rev-pitzer=1.00
  [F-res-4x] round 6/6  T=120.0C Q=0.5mL/min EGDA=1.000M cat=1.000M n_z=10  NORMAL_LEARNING      rev-pitzer=1.00
    S6_resources/F-res-4x/seed1: 13.3 s
  [F-res-4x] round 1/6  T=40.0C Q=1.0mL/min EGDA=1.000M cat=0.500M n_z=10  NORMAL_LEARNING      rev-pitzer=1.00
  [F-res-4x] round 2/6  T=140.0C Q=0.5mL/min EGDA=1.000M cat=1.000M n_z=10  NORMAL_LEARNING      rev-pitzer=1.00
  [F-res-4x] round 3/6  T=120.0C Q=0.5mL/min EGDA=1.000M cat=1.000M n_z=10  NORMAL_LEARNING      rev-pitzer=1.00
  [F-res-4x] round 4/6  T=120.0C Q=0.5mL/min EGDA=1.000M cat=1.000M n_z=10  NORMAL_LEARNING      rev-pitzer=1.00
  [F-res-4x] round 5/6  T=120.0C Q=0.5mL/min EGDA=1.000M cat=1.000M n_z=10  NORMAL_LEARNING      rev-pitzer=1.00
  [F-res-4x] round 6/6  T=120.0C Q=0.5mL/min EGDA=1.000M cat=1.000M n_z=10  NORMAL_LEARNING      rev-pitzer=1.00
    S6_resources/F-res-4x/seed2: 13.4 s
  [F-res-4x] round 1/6  T=40.0C Q=1.0mL/min EGDA=1.000M cat=0.500M n_z=10  NORMAL_LEARNING      rev-pitzer=1.00
  [F-res-4x] round 2/6  T=140.0C Q=0.5mL/min EGDA=1.000M cat=1.000M n_z=10  NORMAL_LEARNING      rev-pitzer=1.00
  [F-res-4x] round 3/6  T=120.0C Q=0.5mL/min EGDA=1.000M cat=1.000M n_z=10  NORMAL_LEARNING      rev-pitzer=1.00
  [F-res-4x] round 4/6  T=120.0C Q=0.5mL/min EGDA=1.000M cat=1.000M n_z=10  NORMAL_LEARNING      rev-pitzer=1.00
  [F-res-4x] round 5/6  T=120.0C Q=0.5mL/min EGDA=1.000M cat=1.000M n_z=10  NORMAL_LEARNING      rev-pitzer=1.00
  [F-res-4x] round 6/6  T=120.0C Q=0.5mL/min EGDA=1.000M cat=1.000M n_z=10  NORMAL_LEARNING      rev-pitzer=1.00
    S6_resources/F-res-4x/seed3: 13.3 s
  [F-res-4x] round 1/6  T=40.0C Q=1.0mL/min EGDA=1.000M cat=0.500M n_z=9  NORMAL_LEARNING      rev-pitzer=1.00
  [F-res-4x] round 2/6  T=140.0C Q=0.5mL/min EGDA=1.000M cat=1.000M n_z=10  NORMAL_LEARNING      rev-pitzer=1.00
  [F-res-4x] round 3/6  T=120.0C Q=0.5mL/min EGDA=1.000M cat=1.000M n_z=10  NORMAL_LEARNING      rev-pitzer=1.00
  [F-res-4x] round 4/6  T=120.0C Q=0.5mL/min EGDA=1.000M cat=1.000M n_z=10  NORMAL_LEARNING      rev-pitzer=1.00
  [F-res-4x] round 5/6  T=120.0C Q=0.5mL/min EGDA=1.000M cat=1.000M n_z=10  NORMAL_LEARNING      rev-pitzer=1.00
  [F-res-4x] round 6/6  T=120.0C Q=0.5mL/min EGDA=1.000M cat=1.000M n_z=10  NORMAL_LEARNING      rev-pitzer=1.00
    S6_resources/F-res-4x/seed4: 13.4 s
  [F-res-4x] round 1/6  T=40.0C Q=1.0mL/min EGDA=1.000M cat=0.500M n_z=10  NORMAL_LEARNING      rev-pitzer=1.00
  [F-res-4x] round 2/6  T=140.0C Q=0.5mL/min EGDA=1.000M cat=1.000M n_z=10  NORMAL_LEARNING      rev-pitzer=1.00
  [F-res-4x] round 3/6  T=120.0C Q=0.5mL/min EGDA=1.000M cat=1.000M n_z=10  NORMAL_LEARNING      rev-pitzer=1.00
  [F-res-4x] round 4/6  T=120.0C Q=0.5mL/min EGDA=1.000M cat=1.000M n_z=10  NORMAL_LEARNING      rev-pitzer=1.00
  [F-res-4x] round 5/6  T=120.0C Q=0.5mL/min EGDA=1.000M cat=1.000M n_z=10  NORMAL_LEARNING      rev-pitzer=1.00
  [F-res-4x] round 6/6  T=120.0C Q=0.5mL/min EGDA=1.000M cat=1.000M n_z=10  NORMAL_LEARNING      rev-pitzer=1.00
    S6_resources/F-res-4x/seed5: 13.3 s
  [F-res-4x] round 1/6  T=40.0C Q=1.0mL/min EGDA=1.000M cat=0.500M n_z=10  NORMAL_LEARNING      rev-pitzer=1.00
  [F-res-4x] round 2/6  T=140.0C Q=0.5mL/min EGDA=1.000M cat=1.000M n_z=10  NORMAL_LEARNING      rev-pitzer=1.00
  [F-res-4x] round 3/6  T=120.0C Q=0.5mL/min EGDA=1.000M cat=1.000M n_z=10  NORMAL_LEARNING      rev-pitzer=1.00
  [F-res-4x] round 4/6  T=120.0C Q=0.5mL/min EGDA=1.000M cat=1.000M n_z=10  NORMAL_LEARNING      rev-pitzer=1.00
  [F-res-4x] round 5/6  T=120.0C Q=0.5mL/min EGDA=1.000M cat=1.000M n_z=10  NORMAL_LEARNING      rev-pitzer=1.00
  [F-res-4x] round 6/6  T=120.0C Q=0.5mL/min EGDA=1.000M cat=1.000M n_z=10  NORMAL_LEARNING      rev-pitzer=1.00
    S6_resources/F-res-4x/seed6: 13.3 s
    S6_resources done in 419 s

=== S7_spatial_modes: spatial policy comparison under identical physics: fixed_equal vs optimized_batch vs adaptive_sequential
  [F-zfixed] round 1/6  T=40.0C Q=1.0mL/min EGDA=1.000M cat=0.500M n_z=10  NORMAL_LEARNING      rev-pitzer=1.00
  [F-zfixed] round 2/6  T=160.0C Q=0.5mL/min EGDA=1.000M cat=1.000M n_z=10  NORMAL_LEARNING      rev-pitzer=1.00
  [F-zfixed] round 3/6  T=140.0C Q=0.5mL/min EGDA=1.000M cat=1.000M n_z=10  NORMAL_LEARNING      rev-pitzer=1.00
  [F-zfixed] round 4/6  T=120.0C Q=0.5mL/min EGDA=1.000M cat=1.000M n_z=10  NORMAL_LEARNING      rev-pitzer=1.00
  [F-zfixed] round 5/6  T=100.0C Q=0.5mL/min EGDA=1.000M cat=1.000M n_z=10  NORMAL_LEARNING      rev-pitzer=1.00
  [F-zfixed] round 6/6  T=160.0C Q=0.5mL/min EGDA=1.000M cat=1.000M n_z=10  NORMAL_LEARNING      rev-pitzer=1.00
    S7_spatial_modes/F-zfixed/seed1: 5.2 s
  [F-zfixed] round 1/6  T=40.0C Q=1.0mL/min EGDA=1.000M cat=0.500M n_z=10  NORMAL_LEARNING      rev-pitzer=1.00
  [F-zfixed] round 2/6  T=160.0C Q=0.5mL/min EGDA=1.000M cat=1.000M n_z=10  NORMAL_LEARNING      rev-pitzer=1.00
  [F-zfixed] round 3/6  T=140.0C Q=0.5mL/min EGDA=1.000M cat=1.000M n_z=10  NORMAL_LEARNING      rev-pitzer=1.00
  [F-zfixed] round 4/6  T=120.0C Q=0.5mL/min EGDA=1.000M cat=1.000M n_z=10  NORMAL_LEARNING      rev-pitzer=1.00
  [F-zfixed] round 5/6  T=160.0C Q=0.5mL/min EGDA=1.000M cat=1.000M n_z=10  NORMAL_LEARNING      rev-pitzer=1.00
  [F-zfixed] round 6/6  T=100.0C Q=0.5mL/min EGDA=1.000M cat=1.000M n_z=10  NORMAL_LEARNING      rev-pitzer=1.00
    S7_spatial_modes/F-zfixed/seed2: 5.1 s
  [F-zfixed] round 1/6  T=40.0C Q=1.0mL/min EGDA=1.000M cat=0.500M n_z=10  NORMAL_LEARNING      rev-pitzer=1.00
  [F-zfixed] round 2/6  T=160.0C Q=0.5mL/min EGDA=1.000M cat=1.000M n_z=10  NORMAL_LEARNING      rev-pitzer=1.00
  [F-zfixed] round 3/6  T=120.0C Q=0.5mL/min EGDA=1.000M cat=1.000M n_z=10  NORMAL_LEARNING      rev-pitzer=1.00
  [F-zfixed] round 4/6  T=160.0C Q=0.5mL/min EGDA=1.000M cat=1.000M n_z=10  NORMAL_LEARNING      rev-pitzer=1.00
  [F-zfixed] round 5/6  T=120.0C Q=0.5mL/min EGDA=1.000M cat=1.000M n_z=10  NORMAL_LEARNING      rev-pitzer=1.00
  [F-zfixed] round 6/6  T=160.0C Q=0.5mL/min EGDA=1.000M cat=1.000M n_z=10  NORMAL_LEARNING      rev-pitzer=1.00
    S7_spatial_modes/F-zfixed/seed3: 5.2 s
  [F-zfixed] round 1/6  T=40.0C Q=1.0mL/min EGDA=1.000M cat=0.500M n_z=9  NORMAL_LEARNING      rev-pitzer=1.00
  [F-zfixed] round 2/6  T=160.0C Q=0.5mL/min EGDA=1.000M cat=1.000M n_z=10  NORMAL_LEARNING      rev-pitzer=1.00
  [F-zfixed] round 3/6  T=120.0C Q=0.5mL/min EGDA=1.000M cat=1.000M n_z=10  NORMAL_LEARNING      rev-pitzer=1.00
  [F-zfixed] round 4/6  T=160.0C Q=0.5mL/min EGDA=1.000M cat=1.000M n_z=10  NORMAL_LEARNING      rev-pitzer=1.00
  [F-zfixed] round 5/6  T=160.0C Q=0.5mL/min EGDA=1.000M cat=1.000M n_z=10  NORMAL_LEARNING      rev-pitzer=1.00
  [F-zfixed] round 6/6  T=100.0C Q=0.5mL/min EGDA=1.000M cat=1.000M n_z=10  NORMAL_LEARNING      rev-pitzer=1.00
    S7_spatial_modes/F-zfixed/seed4: 5.3 s
  [F-zfixed] round 1/6  T=40.0C Q=1.0mL/min EGDA=1.000M cat=0.500M n_z=10  NORMAL_LEARNING      rev-pitzer=1.00
  [F-zfixed] round 2/6  T=160.0C Q=0.5mL/min EGDA=1.000M cat=1.000M n_z=10  NORMAL_LEARNING      rev-pitzer=1.00
  [F-zfixed] round 3/6  T=120.0C Q=0.5mL/min EGDA=1.000M cat=1.000M n_z=10  NORMAL_LEARNING      rev-pitzer=1.00
  [F-zfixed] round 4/6  T=160.0C Q=0.5mL/min EGDA=1.000M cat=1.000M n_z=10  NORMAL_LEARNING      rev-pitzer=1.00
  [F-zfixed] round 5/6  T=100.0C Q=0.5mL/min EGDA=1.000M cat=1.000M n_z=10  NORMAL_LEARNING      rev-pitzer=1.00
  [F-zfixed] round 6/6  T=160.0C Q=0.5mL/min EGDA=1.000M cat=1.000M n_z=10  NORMAL_LEARNING      rev-pitzer=1.00
    S7_spatial_modes/F-zfixed/seed5: 5.1 s
  [F-zfixed] round 1/6  T=40.0C Q=1.0mL/min EGDA=1.000M cat=0.500M n_z=10  NORMAL_LEARNING      rev-pitzer=1.00
  [F-zfixed] round 2/6  T=160.0C Q=0.5mL/min EGDA=1.000M cat=1.000M n_z=10  NORMAL_LEARNING      rev-pitzer=1.00
  [F-zfixed] round 3/6  T=120.0C Q=0.5mL/min EGDA=1.000M cat=1.000M n_z=10  NORMAL_LEARNING      rev-pitzer=1.00
  [F-zfixed] round 4/6  T=160.0C Q=0.5mL/min EGDA=1.000M cat=1.000M n_z=10  NORMAL_LEARNING      rev-pitzer=1.00
  [F-zfixed] round 5/6  T=160.0C Q=0.5mL/min EGDA=1.000M cat=1.000M n_z=10  NORMAL_LEARNING      rev-pitzer=1.00
  [F-zfixed] round 6/6  T=160.0C Q=0.5mL/min EGDA=1.000M cat=1.000M n_z=10  NORMAL_LEARNING      rev-pitzer=1.00
    S7_spatial_modes/F-zfixed/seed6: 5.4 s
  [F-zbatch] round 1/6  T=40.0C Q=1.0mL/min EGDA=1.000M cat=0.500M n_z=10  NORMAL_LEARNING      rev-pitzer=1.00
  [F-zbatch] round 2/6  T=160.0C Q=0.5mL/min EGDA=1.000M cat=1.000M n_z=10  NORMAL_LEARNING      rev-pitzer=1.00
  [F-zbatch] round 3/6  T=120.0C Q=0.5mL/min EGDA=1.000M cat=1.000M n_z=10  NORMAL_LEARNING      rev-pitzer=1.00
  [F-zbatch] round 4/6  T=160.0C Q=0.5mL/min EGDA=1.000M cat=1.000M n_z=10  NORMAL_LEARNING      rev-pitzer=1.00
  [F-zbatch] round 5/6  T=100.0C Q=0.5mL/min EGDA=1.000M cat=1.000M n_z=10  NORMAL_LEARNING      rev-pitzer=1.00
  [F-zbatch] round 6/6  T=160.0C Q=0.5mL/min EGDA=1.000M cat=1.000M n_z=10  NORMAL_LEARNING      rev-pitzer=1.00
    S7_spatial_modes/F-zbatch/seed1: 13.4 s
  [F-zbatch] round 1/6  T=40.0C Q=1.0mL/min EGDA=1.000M cat=0.500M n_z=10  NORMAL_LEARNING      rev-pitzer=1.00
  [F-zbatch] round 2/6  T=160.0C Q=0.5mL/min EGDA=1.000M cat=1.000M n_z=10  NORMAL_LEARNING      rev-pitzer=1.00
  [F-zbatch] round 3/6  T=140.0C Q=0.5mL/min EGDA=1.000M cat=1.000M n_z=10  NORMAL_LEARNING      rev-pitzer=1.00
  [F-zbatch] round 4/6  T=120.0C Q=0.5mL/min EGDA=1.000M cat=1.000M n_z=10  NORMAL_LEARNING      rev-pitzer=1.00
  [F-zbatch] round 5/6  T=160.0C Q=0.5mL/min EGDA=1.000M cat=1.000M n_z=10  NORMAL_LEARNING      rev-pitzer=1.00
  [F-zbatch] round 6/6  T=160.0C Q=0.5mL/min EGDA=1.000M cat=1.000M n_z=10  NORMAL_LEARNING      rev-pitzer=1.00
    S7_spatial_modes/F-zbatch/seed2: 13.4 s
  [F-zbatch] round 1/6  T=40.0C Q=1.0mL/min EGDA=1.000M cat=0.500M n_z=10  NORMAL_LEARNING      rev-pitzer=1.00
  [F-zbatch] round 2/6  T=160.0C Q=0.5mL/min EGDA=1.000M cat=1.000M n_z=10  NORMAL_LEARNING      rev-pitzer=1.00
  [F-zbatch] round 3/6  T=120.0C Q=0.5mL/min EGDA=1.000M cat=1.000M n_z=10  NORMAL_LEARNING      rev-pitzer=1.00
  [F-zbatch] round 4/6  T=160.0C Q=0.5mL/min EGDA=1.000M cat=1.000M n_z=10  NORMAL_LEARNING      rev-pitzer=1.00
  [F-zbatch] round 5/6  T=120.0C Q=0.5mL/min EGDA=1.000M cat=1.000M n_z=10  NORMAL_LEARNING      rev-pitzer=1.00
  [F-zbatch] round 6/6  T=160.0C Q=0.5mL/min EGDA=1.000M cat=1.000M n_z=10  NORMAL_LEARNING      rev-pitzer=1.00
    S7_spatial_modes/F-zbatch/seed3: 13.4 s
  [F-zbatch] round 1/6  T=40.0C Q=1.0mL/min EGDA=1.000M cat=0.500M n_z=9  NORMAL_LEARNING      rev-pitzer=1.00
  [F-zbatch] round 2/6  T=160.0C Q=0.5mL/min EGDA=1.000M cat=1.000M n_z=10  NORMAL_LEARNING      rev-pitzer=1.00
  [F-zbatch] round 3/6  T=120.0C Q=0.5mL/min EGDA=1.000M cat=1.000M n_z=10  NORMAL_LEARNING      rev-pitzer=1.00
  [F-zbatch] round 4/6  T=160.0C Q=0.5mL/min EGDA=1.000M cat=1.000M n_z=10  NORMAL_LEARNING      rev-pitzer=1.00
  [F-zbatch] round 5/6  T=160.0C Q=0.5mL/min EGDA=1.000M cat=1.000M n_z=10  NORMAL_LEARNING      rev-pitzer=1.00
  [F-zbatch] round 6/6  T=80.0C Q=0.5mL/min EGDA=1.000M cat=1.000M n_z=10  NORMAL_LEARNING      rev-pitzer=1.00
    S7_spatial_modes/F-zbatch/seed4: 13.6 s
  [F-zbatch] round 1/6  T=40.0C Q=1.0mL/min EGDA=1.000M cat=0.500M n_z=10  NORMAL_LEARNING      rev-pitzer=1.00
  [F-zbatch] round 2/6  T=160.0C Q=0.5mL/min EGDA=1.000M cat=1.000M n_z=10  NORMAL_LEARNING      rev-pitzer=1.00
  [F-zbatch] round 3/6  T=120.0C Q=0.5mL/min EGDA=1.000M cat=1.000M n_z=10  NORMAL_LEARNING      rev-pitzer=1.00
  [F-zbatch] round 4/6  T=160.0C Q=0.5mL/min EGDA=1.000M cat=1.000M n_z=10  NORMAL_LEARNING      rev-pitzer=1.00
  [F-zbatch] round 5/6  T=100.0C Q=0.5mL/min EGDA=1.000M cat=1.000M n_z=10  NORMAL_LEARNING      rev-pitzer=1.00
  [F-zbatch] round 6/6  T=160.0C Q=0.5mL/min EGDA=1.000M cat=1.000M n_z=10  NORMAL_LEARNING      rev-pitzer=1.00
    S7_spatial_modes/F-zbatch/seed5: 13.5 s
  [F-zbatch] round 1/6  T=40.0C Q=1.0mL/min EGDA=1.000M cat=0.500M n_z=10  NORMAL_LEARNING      rev-pitzer=1.00
  [F-zbatch] round 2/6  T=160.0C Q=0.5mL/min EGDA=1.000M cat=1.000M n_z=10  NORMAL_LEARNING      rev-pitzer=1.00
  [F-zbatch] round 3/6  T=100.0C Q=0.5mL/min EGDA=1.000M cat=1.000M n_z=10  NORMAL_LEARNING      rev-pitzer=1.00
  [F-zbatch] round 4/6  T=160.0C Q=0.5mL/min EGDA=1.000M cat=1.000M n_z=10  NORMAL_LEARNING      rev-pitzer=1.00
  [F-zbatch] round 5/6  T=120.0C Q=0.5mL/min EGDA=1.000M cat=1.000M n_z=10  NORMAL_LEARNING      rev-pitzer=1.00
  [F-zbatch] round 6/6  T=160.0C Q=0.5mL/min EGDA=1.000M cat=1.000M n_z=10  NORMAL_LEARNING      rev-pitzer=1.00
    S7_spatial_modes/F-zbatch/seed6: 13.6 s
  [F-zadaptive] round 1/6  T=40.0C Q=1.0mL/min EGDA=1.000M cat=0.500M n_z=10  NORMAL_LEARNING      rev-pitzer=1.00
  [F-zadaptive] round 2/6  T=160.0C Q=0.5mL/min EGDA=1.000M cat=1.000M n_z=10  NORMAL_LEARNING      rev-pitzer=1.00
  [F-zadaptive] round 3/6  T=120.0C Q=0.5mL/min EGDA=1.000M cat=1.000M n_z=10  NORMAL_LEARNING      rev-pitzer=1.00
  [F-zadaptive] round 4/6  T=160.0C Q=0.5mL/min EGDA=1.000M cat=1.000M n_z=10  NORMAL_LEARNING      rev-pitzer=1.00
  [F-zadaptive] round 5/6  T=100.0C Q=0.5mL/min EGDA=1.000M cat=1.000M n_z=10  NORMAL_LEARNING      rev-pitzer=1.00
  [F-zadaptive] round 6/6  T=160.0C Q=0.5mL/min EGDA=1.000M cat=1.000M n_z=10  NORMAL_LEARNING      rev-pitzer=1.00
    S7_spatial_modes/F-zadaptive/seed1: 63.1 s
  [F-zadaptive] round 1/6  T=40.0C Q=1.0mL/min EGDA=1.000M cat=0.500M n_z=10  NORMAL_LEARNING      rev-pitzer=1.00
  [F-zadaptive] round 2/6  T=160.0C Q=0.5mL/min EGDA=1.000M cat=1.000M n_z=10  NORMAL_LEARNING      rev-pitzer=1.00
  [F-zadaptive] round 3/6  T=120.0C Q=0.5mL/min EGDA=1.000M cat=1.000M n_z=10  NORMAL_LEARNING      rev-pitzer=1.00
  [F-zadaptive] round 4/6  T=160.0C Q=0.5mL/min EGDA=1.000M cat=1.000M n_z=10  NORMAL_LEARNING      rev-pitzer=1.00
  [F-zadaptive] round 5/6  T=100.0C Q=0.5mL/min EGDA=1.000M cat=1.000M n_z=10  NORMAL_LEARNING      rev-pitzer=1.00
  [F-zadaptive] round 6/6  T=120.0C Q=0.5mL/min EGDA=1.000M cat=1.000M n_z=8  NORMAL_LEARNING      rev-pitzer=1.00
    S7_spatial_modes/F-zadaptive/seed2: 72.9 s
  [F-zadaptive] round 1/6  T=40.0C Q=1.0mL/min EGDA=1.000M cat=0.500M n_z=10  NORMAL_LEARNING      rev-pitzer=1.00
  [F-zadaptive] round 2/6  T=160.0C Q=0.5mL/min EGDA=1.000M cat=1.000M n_z=10  NORMAL_LEARNING      rev-pitzer=1.00
  [F-zadaptive] round 3/6  T=120.0C Q=0.5mL/min EGDA=1.000M cat=1.000M n_z=10  NORMAL_LEARNING      rev-pitzer=1.00
  [F-zadaptive] round 4/6  T=160.0C Q=0.5mL/min EGDA=1.000M cat=1.000M n_z=10  NORMAL_LEARNING      rev-pitzer=1.00
  [F-zadaptive] round 5/6  T=120.0C Q=0.5mL/min EGDA=1.000M cat=1.000M n_z=10  NORMAL_LEARNING      rev-pitzer=1.00
  [F-zadaptive] round 6/6  T=160.0C Q=0.5mL/min EGDA=1.000M cat=1.000M n_z=10  NORMAL_LEARNING      rev-pitzer=1.00
    S7_spatial_modes/F-zadaptive/seed3: 67.6 s
  [F-zadaptive] round 1/6  T=40.0C Q=1.0mL/min EGDA=1.000M cat=0.500M n_z=9  NORMAL_LEARNING      rev-pitzer=1.00
  [F-zadaptive] round 2/6  T=160.0C Q=0.5mL/min EGDA=1.000M cat=1.000M n_z=10  NORMAL_LEARNING      rev-pitzer=1.00
  [F-zadaptive] round 3/6  T=120.0C Q=0.5mL/min EGDA=1.000M cat=1.000M n_z=10  NORMAL_LEARNING      rev-pitzer=1.00
  [F-zadaptive] round 4/6  T=160.0C Q=0.5mL/min EGDA=1.000M cat=1.000M n_z=10  NORMAL_LEARNING      rev-pitzer=1.00
  [F-zadaptive] round 5/6  T=160.0C Q=0.5mL/min EGDA=1.000M cat=1.000M n_z=10  NORMAL_LEARNING      rev-pitzer=1.00
  [F-zadaptive] round 6: MEASUREMENT_FAULT: QC rejected 1 positions in round 6; campaign paused
    S7_spatial_modes/F-zadaptive/seed4: 58.0 s
  [F-zadaptive] round 1/6  T=40.0C Q=1.0mL/min EGDA=1.000M cat=0.500M n_z=10  NORMAL_LEARNING      rev-pitzer=1.00
  [F-zadaptive] round 2/6  T=160.0C Q=0.5mL/min EGDA=1.000M cat=1.000M n_z=10  NORMAL_LEARNING      rev-pitzer=1.00
  [F-zadaptive] round 3/6  T=120.0C Q=0.5mL/min EGDA=1.000M cat=1.000M n_z=10  NORMAL_LEARNING      rev-pitzer=1.00
  [F-zadaptive] round 4/6  T=160.0C Q=0.5mL/min EGDA=1.000M cat=0.500M n_z=10  NORMAL_LEARNING      rev-pitzer=1.00
  [F-zadaptive] round 5/6  T=100.0C Q=0.5mL/min EGDA=1.000M cat=1.000M n_z=10  NORMAL_LEARNING      rev-pitzer=1.00
  [F-zadaptive] round 6/6  T=120.0C Q=0.5mL/min EGDA=1.000M cat=1.000M n_z=8  NORMAL_LEARNING      rev-pitzer=1.00
    S7_spatial_modes/F-zadaptive/seed5: 58.3 s
  [F-zadaptive] round 1/6  T=40.0C Q=1.0mL/min EGDA=1.000M cat=0.500M n_z=10  NORMAL_LEARNING      rev-pitzer=1.00
  [F-zadaptive] round 2/6  T=160.0C Q=0.5mL/min EGDA=1.000M cat=1.000M n_z=10  NORMAL_LEARNING      rev-pitzer=1.00
  [F-zadaptive] round 3/6  T=100.0C Q=0.5mL/min EGDA=1.000M cat=1.000M n_z=10  NORMAL_LEARNING      rev-pitzer=1.00
  [F-zadaptive] round 4/6  T=160.0C Q=0.5mL/min EGDA=1.000M cat=1.000M n_z=10  NORMAL_LEARNING      rev-pitzer=1.00
  [F-zadaptive] round 5/6  T=120.0C Q=0.5mL/min EGDA=1.000M cat=1.000M n_z=10  NORMAL_LEARNING      rev-pitzer=1.00
  [F-zadaptive] round 6/6  T=160.0C Q=0.5mL/min EGDA=1.000M cat=1.000M n_z=10  NORMAL_LEARNING      rev-pitzer=1.00
    S7_spatial_modes/F-zadaptive/seed6: 71.5 s
    S7_spatial_modes done in 504 s
saved: results_advanced_v2/benchmark/benchmark_rounds.csv
saved: results_advanced_v2/benchmark/benchmark_params.csv
saved: /Users/hosseinostovar/Desktop/python/Kinetics_sim/EGDA/SDL_MBDoE/results_advanced_v2/benchmark/strategy_table.csv

scenario          strategy      n_seeds  param_err_pct_median  param_err_pct_iqr_lo  param_err_pct_iqr_hi  param_err_pct_mean  param_err_pct_bootci_lo  param_err_pct_bootci_hi  blind_rmse_M_median  blind_rmse_M_iqr_lo  blind_rmse_M_iqr_hi  blind_rmse_M_mean  blind_rmse_M_bootci_lo  blind_rmse_M_bootci_hi
S1_ideal          A             6        215.3                 142.5                 229.9                 186.2               108                      235.3                    0.001788             0.001076             0.002273             0.001702           0.0008571               0.002463              
S1_ideal          B             6        131.4                 109.6                 145.9                 139.3               105                      181.5                    0.0005775            0.0003731            0.001408             0.0008865          0.0003236               0.001758              
S1_ideal          C             6        69.28                 65.34                 74.52                 75.7                49.18                    108.6                    0.0006806            0.0005871            0.001314             0.0009923          0.000537                0.001759              
S1_ideal          D             6        47.88                 38.16                 60.34                 47.71               30.26                    65                       0.0003863            0.0002583            0.0004576            0.0003579          0.0002002               0.0004874             
S1_ideal          E             6        53.96                 47.26                 56.02                 53.12               44.75                    60.64                    0.0003166            0.0002475            0.0004144            0.0003238          0.0001763               0.0004783             
S1_ideal          F             6        16.13                 13.73                 21.06                 19.64               12.74                    30.05                    0.0003037            0.0002668            0.000334             0.000295           0.0002296               0.0003517             
S2_nmr            B             6        290.8                 241.3                 334.8                 272.9               180.2                    347.8                    0.009356             0.006708             0.01089              0.009609           0.005571                0.0139                
S2_nmr            D             6        85.41                 78.08                 104.3                 88.42               60.32                    119.5                    0.003146             0.002633             0.003386             0.00329            0.002237                0.004487              
S2_nmr            F             6        23.86                 21.48                 26.46                 23.88               20.61                    27.18                    0.002271             0.001577             0.002389             0.002028           0.001377                0.002434              
S3_transport      D             6        102                   99.94                 112.1                 107.2               97.56                    122                      0.01785              0.01724              0.01825              0.01771            0.01694                 0.01834               
S3_transport      F             6        14.49                 11.7                  17.14                 15.16               10.05                    20.93                    0.002139             0.001878             0.002542             0.002211           0.001753                0.002741              
S3_transport      F-uncorr      6        103                   101.5                 106.6                 103.8               100.2                    108.3                    0.01498              0.01484              0.01532              0.01503            0.01462                 0.0155                
S3ab_delay        D             6        114.2                 104                   114.7                 109.5               98.52                    115.8                    0.0188               0.01799              0.01969              0.01887            0.01746                 0.02034               
S3ab_delay        F             6        20.64                 17.11                 22                    20.21               14.35                    25.64                    0.001533             0.001231             0.001922             0.001602           0.001122                0.002152              
S3ab_rtd          D             6        104                   100.3                 114.9                 107.1               97.75                    119.5                    0.01785              0.01726              0.01841              0.01793            0.0168                  0.01914               
S3ab_rtd          F             6        19.72                 14.82                 20.97                 18.74               13.13                    23.37                    0.001941             0.001656             0.002344             0.002009           0.00152                 0.002566              
S4a_ambiguity     D             6        75.16                 69.2                  88.56                 81.54               68.26                    101.2                    0.002829             0.002332             0.003394             0.003125           0.002079                0.004465              
S4a_ambiguity     F             6        17.84                 17.09                 19.06                 21.31               16.41                    29.68                    0.001855             0.001638             0.001995             0.001812           0.001411                0.002171              
S4b_identifiable  D             6        306.6                 290.6                 322.2                 306.3               279.4                    332.8                    0.004562             0.004331             0.004892             0.004683           0.003976                0.005511              
S4b_identifiable  F             6        161.2                 159.3                 162.9                 159.2               153.2                    163.1                    0.003737             0.003677             0.003752             0.003729           0.00366                 0.003789              
S5_inadequacy     D             6        95.11                 94.25                 96.2                  93.4                81.59                    103.5                    0.005153             0.004816             0.005367             0.005306           0.004571                0.006193              
S5_inadequacy     F             6        85.73                 83.23                 91.84                 87.15               82.25                    93.49                    0.004739             0.004668             0.004992             0.004767           0.004465                0.005098              
S5_inadequacy     F-noGovernor  6        85.73                 83.23                 87.61                 85.89               82.25                    89.69                    0.004892             0.004784             0.005035             0.004899           0.004708                0.005098              
S6_resources      D             6        85.41                 78.08                 104.3                 88.42               60.32                    119.5                    0.003146             0.002633             0.003386             0.00329            0.002237                0.004487              
S6_resources      F             6        23.86                 21.48                 26.46                 23.88               20.61                    27.18                    0.002271             0.001577             0.002389             0.002028           0.001377                0.002434              
S6_resources      F-res-0.5x    6        26.34                 25.84                 28.31                 25.92               22.41                    29                       0.002177             0.001752             0.002575             0.002202           0.001523                0.002906              
S6_resources      F-res-1x      6        28.73                 27.39                 29.74                 28.43               26.49                    30.08                    0.002431             0.001837             0.002557             0.002141           0.001378                0.002615              
S6_resources      F-res-2x      6        27.76                 26.62                 29.62                 28.02               26.23                    30.08                    0.002426             0.001837             0.002502             0.002115           0.001378                0.00254               
S6_resources      F-res-4x      6        27.76                 26.62                 29.62                 28.02               26.23                    30.08                    0.002426             0.001837             0.002502             0.002115           0.001378                0.00254               
S7_spatial_modes  F-zadaptive   5        26.95                 17.62                 29.93                 25.92               14.48                    40.6                     0.002062             0.001433             0.002376             0.001922           0.001255                0.002485              
S7_spatial_modes  F-zbatch      6        23.86                 21.48                 26.46                 23.88               20.61                    27.18                    0.002271             0.001577             0.002389             0.002028           0.001377                0.002434              
S7_spatial_modes  F-zfixed      6        32.85                 30.96                 34.62                 33.48               30.25                    37.35                    0.003023             0.002504             0.003202             0.002842           0.002227                0.003275              
saved: results_advanced_v2/benchmark/paired_comparisons.csv
saved: /Users/hosseinostovar/Desktop/python/Kinetics_sim/EGDA/SDL_MBDoE/results_advanced_v2/benchmark/figure_conv_S1_ideal_per_round.png
saved: /Users/hosseinostovar/Desktop/python/Kinetics_sim/EGDA/SDL_MBDoE/results_advanced_v2/benchmark/figure_conv_S1_ideal_per_round.csv
saved: /Users/hosseinostovar/Desktop/python/Kinetics_sim/EGDA/SDL_MBDoE/results_advanced_v2/benchmark/figure_conv_S1_ideal_per_acquisition.png
saved: /Users/hosseinostovar/Desktop/python/Kinetics_sim/EGDA/SDL_MBDoE/results_advanced_v2/benchmark/figure_conv_S1_ideal_per_acquisition.csv
saved: /Users/hosseinostovar/Desktop/python/Kinetics_sim/EGDA/SDL_MBDoE/results_advanced_v2/benchmark/figure_conv_S1_ideal_per_time.png
saved: /Users/hosseinostovar/Desktop/python/Kinetics_sim/EGDA/SDL_MBDoE/results_advanced_v2/benchmark/figure_conv_S1_ideal_per_time.csv
saved: /Users/hosseinostovar/Desktop/python/Kinetics_sim/EGDA/SDL_MBDoE/results_advanced_v2/benchmark/figure_conv_S2_nmr_per_round.png
saved: /Users/hosseinostovar/Desktop/python/Kinetics_sim/EGDA/SDL_MBDoE/results_advanced_v2/benchmark/figure_conv_S2_nmr_per_round.csv
saved: /Users/hosseinostovar/Desktop/python/Kinetics_sim/EGDA/SDL_MBDoE/results_advanced_v2/benchmark/figure_conv_S2_nmr_per_acquisition.png
saved: /Users/hosseinostovar/Desktop/python/Kinetics_sim/EGDA/SDL_MBDoE/results_advanced_v2/benchmark/figure_conv_S2_nmr_per_acquisition.csv
saved: /Users/hosseinostovar/Desktop/python/Kinetics_sim/EGDA/SDL_MBDoE/results_advanced_v2/benchmark/figure_conv_S2_nmr_per_time.png
saved: /Users/hosseinostovar/Desktop/python/Kinetics_sim/EGDA/SDL_MBDoE/results_advanced_v2/benchmark/figure_conv_S2_nmr_per_time.csv
saved: /Users/hosseinostovar/Desktop/python/Kinetics_sim/EGDA/SDL_MBDoE/results_advanced_v2/benchmark/figure_conv_S3_transport_per_round.png
saved: /Users/hosseinostovar/Desktop/python/Kinetics_sim/EGDA/SDL_MBDoE/results_advanced_v2/benchmark/figure_conv_S3_transport_per_round.csv
saved: /Users/hosseinostovar/Desktop/python/Kinetics_sim/EGDA/SDL_MBDoE/results_advanced_v2/benchmark/figure_conv_S3_transport_per_acquisition.png
saved: /Users/hosseinostovar/Desktop/python/Kinetics_sim/EGDA/SDL_MBDoE/results_advanced_v2/benchmark/figure_conv_S3_transport_per_acquisition.csv
saved: /Users/hosseinostovar/Desktop/python/Kinetics_sim/EGDA/SDL_MBDoE/results_advanced_v2/benchmark/figure_conv_S3_transport_per_time.png
saved: /Users/hosseinostovar/Desktop/python/Kinetics_sim/EGDA/SDL_MBDoE/results_advanced_v2/benchmark/figure_conv_S3_transport_per_time.csv
saved: /Users/hosseinostovar/Desktop/python/Kinetics_sim/EGDA/SDL_MBDoE/results_advanced_v2/benchmark/figure_conv_S3ab_delay_per_round.png
saved: /Users/hosseinostovar/Desktop/python/Kinetics_sim/EGDA/SDL_MBDoE/results_advanced_v2/benchmark/figure_conv_S3ab_delay_per_round.csv
saved: /Users/hosseinostovar/Desktop/python/Kinetics_sim/EGDA/SDL_MBDoE/results_advanced_v2/benchmark/figure_conv_S3ab_delay_per_acquisition.png
saved: /Users/hosseinostovar/Desktop/python/Kinetics_sim/EGDA/SDL_MBDoE/results_advanced_v2/benchmark/figure_conv_S3ab_delay_per_acquisition.csv
saved: /Users/hosseinostovar/Desktop/python/Kinetics_sim/EGDA/SDL_MBDoE/results_advanced_v2/benchmark/figure_conv_S3ab_delay_per_time.png
saved: /Users/hosseinostovar/Desktop/python/Kinetics_sim/EGDA/SDL_MBDoE/results_advanced_v2/benchmark/figure_conv_S3ab_delay_per_time.csv
saved: /Users/hosseinostovar/Desktop/python/Kinetics_sim/EGDA/SDL_MBDoE/results_advanced_v2/benchmark/figure_conv_S3ab_rtd_per_round.png
saved: /Users/hosseinostovar/Desktop/python/Kinetics_sim/EGDA/SDL_MBDoE/results_advanced_v2/benchmark/figure_conv_S3ab_rtd_per_round.csv
saved: /Users/hosseinostovar/Desktop/python/Kinetics_sim/EGDA/SDL_MBDoE/results_advanced_v2/benchmark/figure_conv_S3ab_rtd_per_acquisition.png
saved: /Users/hosseinostovar/Desktop/python/Kinetics_sim/EGDA/SDL_MBDoE/results_advanced_v2/benchmark/figure_conv_S3ab_rtd_per_acquisition.csv
saved: /Users/hosseinostovar/Desktop/python/Kinetics_sim/EGDA/SDL_MBDoE/results_advanced_v2/benchmark/figure_conv_S3ab_rtd_per_time.png
saved: /Users/hosseinostovar/Desktop/python/Kinetics_sim/EGDA/SDL_MBDoE/results_advanced_v2/benchmark/figure_conv_S3ab_rtd_per_time.csv
saved: /Users/hosseinostovar/Desktop/python/Kinetics_sim/EGDA/SDL_MBDoE/results_advanced_v2/benchmark/figure_conv_S4a_ambiguity_per_round.png
saved: /Users/hosseinostovar/Desktop/python/Kinetics_sim/EGDA/SDL_MBDoE/results_advanced_v2/benchmark/figure_conv_S4a_ambiguity_per_round.csv
saved: /Users/hosseinostovar/Desktop/python/Kinetics_sim/EGDA/SDL_MBDoE/results_advanced_v2/benchmark/figure_conv_S4a_ambiguity_per_acquisition.png
saved: /Users/hosseinostovar/Desktop/python/Kinetics_sim/EGDA/SDL_MBDoE/results_advanced_v2/benchmark/figure_conv_S4a_ambiguity_per_acquisition.csv
saved: /Users/hosseinostovar/Desktop/python/Kinetics_sim/EGDA/SDL_MBDoE/results_advanced_v2/benchmark/figure_conv_S4a_ambiguity_per_time.png
saved: /Users/hosseinostovar/Desktop/python/Kinetics_sim/EGDA/SDL_MBDoE/results_advanced_v2/benchmark/figure_conv_S4a_ambiguity_per_time.csv
saved: /Users/hosseinostovar/Desktop/python/Kinetics_sim/EGDA/SDL_MBDoE/results_advanced_v2/benchmark/figure_conv_S4b_identifiable_per_round.png
saved: /Users/hosseinostovar/Desktop/python/Kinetics_sim/EGDA/SDL_MBDoE/results_advanced_v2/benchmark/figure_conv_S4b_identifiable_per_round.csv
saved: /Users/hosseinostovar/Desktop/python/Kinetics_sim/EGDA/SDL_MBDoE/results_advanced_v2/benchmark/figure_conv_S4b_identifiable_per_acquisition.png
saved: /Users/hosseinostovar/Desktop/python/Kinetics_sim/EGDA/SDL_MBDoE/results_advanced_v2/benchmark/figure_conv_S4b_identifiable_per_acquisition.csv
saved: /Users/hosseinostovar/Desktop/python/Kinetics_sim/EGDA/SDL_MBDoE/results_advanced_v2/benchmark/figure_conv_S4b_identifiable_per_time.png
saved: /Users/hosseinostovar/Desktop/python/Kinetics_sim/EGDA/SDL_MBDoE/results_advanced_v2/benchmark/figure_conv_S4b_identifiable_per_time.csv
saved: /Users/hosseinostovar/Desktop/python/Kinetics_sim/EGDA/SDL_MBDoE/results_advanced_v2/benchmark/figure_conv_S5_inadequacy_per_round.png
saved: /Users/hosseinostovar/Desktop/python/Kinetics_sim/EGDA/SDL_MBDoE/results_advanced_v2/benchmark/figure_conv_S5_inadequacy_per_round.csv
saved: /Users/hosseinostovar/Desktop/python/Kinetics_sim/EGDA/SDL_MBDoE/results_advanced_v2/benchmark/figure_conv_S5_inadequacy_per_acquisition.png
saved: /Users/hosseinostovar/Desktop/python/Kinetics_sim/EGDA/SDL_MBDoE/results_advanced_v2/benchmark/figure_conv_S5_inadequacy_per_acquisition.csv
saved: /Users/hosseinostovar/Desktop/python/Kinetics_sim/EGDA/SDL_MBDoE/results_advanced_v2/benchmark/figure_conv_S5_inadequacy_per_time.png
saved: /Users/hosseinostovar/Desktop/python/Kinetics_sim/EGDA/SDL_MBDoE/results_advanced_v2/benchmark/figure_conv_S5_inadequacy_per_time.csv
saved: /Users/hosseinostovar/Desktop/python/Kinetics_sim/EGDA/SDL_MBDoE/results_advanced_v2/benchmark/figure_conv_S6_resources_per_round.png
saved: /Users/hosseinostovar/Desktop/python/Kinetics_sim/EGDA/SDL_MBDoE/results_advanced_v2/benchmark/figure_conv_S6_resources_per_round.csv
saved: /Users/hosseinostovar/Desktop/python/Kinetics_sim/EGDA/SDL_MBDoE/results_advanced_v2/benchmark/figure_conv_S6_resources_per_acquisition.png
saved: /Users/hosseinostovar/Desktop/python/Kinetics_sim/EGDA/SDL_MBDoE/results_advanced_v2/benchmark/figure_conv_S6_resources_per_acquisition.csv
saved: /Users/hosseinostovar/Desktop/python/Kinetics_sim/EGDA/SDL_MBDoE/results_advanced_v2/benchmark/figure_conv_S6_resources_per_time.png
saved: /Users/hosseinostovar/Desktop/python/Kinetics_sim/EGDA/SDL_MBDoE/results_advanced_v2/benchmark/figure_conv_S6_resources_per_time.csv
saved: /Users/hosseinostovar/Desktop/python/Kinetics_sim/EGDA/SDL_MBDoE/results_advanced_v2/benchmark/figure_conv_S7_spatial_modes_per_round.png
saved: /Users/hosseinostovar/Desktop/python/Kinetics_sim/EGDA/SDL_MBDoE/results_advanced_v2/benchmark/figure_conv_S7_spatial_modes_per_round.csv
saved: /Users/hosseinostovar/Desktop/python/Kinetics_sim/EGDA/SDL_MBDoE/results_advanced_v2/benchmark/figure_conv_S7_spatial_modes_per_acquisition.png
saved: /Users/hosseinostovar/Desktop/python/Kinetics_sim/EGDA/SDL_MBDoE/results_advanced_v2/benchmark/figure_conv_S7_spatial_modes_per_acquisition.csv
saved: /Users/hosseinostovar/Desktop/python/Kinetics_sim/EGDA/SDL_MBDoE/results_advanced_v2/benchmark/figure_conv_S7_spatial_modes_per_time.png
saved: /Users/hosseinostovar/Desktop/python/Kinetics_sim/EGDA/SDL_MBDoE/results_advanced_v2/benchmark/figure_conv_S7_spatial_modes_per_time.csv
saved: /Users/hosseinostovar/Desktop/python/Kinetics_sim/EGDA/SDL_MBDoE/results_advanced_v2/benchmark/figure_model_probs_S4a_ambiguity.png
saved: /Users/hosseinostovar/Desktop/python/Kinetics_sim/EGDA/SDL_MBDoE/results_advanced_v2/benchmark/figure_model_probs_S4a_ambiguity.csv
saved: /Users/hosseinostovar/Desktop/python/Kinetics_sim/EGDA/SDL_MBDoE/results_advanced_v2/benchmark/figure_model_probs_S4b_identifiable.png
saved: /Users/hosseinostovar/Desktop/python/Kinetics_sim/EGDA/SDL_MBDoE/results_advanced_v2/benchmark/figure_model_probs_S4b_identifiable.csv
saved: /Users/hosseinostovar/Desktop/python/Kinetics_sim/EGDA/SDL_MBDoE/results_advanced_v2/benchmark/figure_params_S1_ideal_F.png
saved: /Users/hosseinostovar/Desktop/python/Kinetics_sim/EGDA/SDL_MBDoE/results_advanced_v2/benchmark/figure_params_S1_ideal_F.csv
saved: /Users/hosseinostovar/Desktop/python/Kinetics_sim/EGDA/SDL_MBDoE/results_advanced_v2/benchmark/figure_params_S2_nmr_F.png
saved: /Users/hosseinostovar/Desktop/python/Kinetics_sim/EGDA/SDL_MBDoE/results_advanced_v2/benchmark/figure_params_S2_nmr_F.csv
saved: /Users/hosseinostovar/Desktop/python/Kinetics_sim/EGDA/SDL_MBDoE/results_advanced_v2/benchmark/figure_params_S4b_identifiable_F.png
saved: /Users/hosseinostovar/Desktop/python/Kinetics_sim/EGDA/SDL_MBDoE/results_advanced_v2/benchmark/figure_params_S4b_identifiable_F.csv

governor MC validation (12 seeds): false-inadequacy campaign rate = 0.00, detection prob = 0.25, median detection round = 4.0
saved: /Users/hosseinostovar/Desktop/python/Kinetics_sim/EGDA/SDL_MBDoE/results_advanced_v2/benchmark/figure_governor_S5.png
saved: /Users/hosseinostovar/Desktop/python/Kinetics_sim/EGDA/SDL_MBDoE/results_advanced_v2/benchmark/figure_governor_S5.csv
saved: /Users/hosseinostovar/Desktop/python/Kinetics_sim/EGDA/SDL_MBDoE/results_advanced_v2/benchmark/figure_pareto_S6.png
saved: /Users/hosseinostovar/Desktop/python/Kinetics_sim/EGDA/SDL_MBDoE/results_advanced_v2/benchmark/figure_pareto_S6.csv
saved: /Users/hosseinostovar/Desktop/python/Kinetics_sim/EGDA/SDL_MBDoE/results_advanced_v2/benchmark/figure_transport_ablation.png
saved: /Users/hosseinostovar/Desktop/python/Kinetics_sim/EGDA/SDL_MBDoE/results_advanced_v2/benchmark/figure_transport_ablation.csv
saved: /Users/hosseinostovar/Desktop/python/Kinetics_sim/EGDA/SDL_MBDoE/results_advanced_v2/benchmark/figure_spatial_modes_S7.png
saved: /Users/hosseinostovar/Desktop/python/Kinetics_sim/EGDA/SDL_MBDoE/results_advanced_v2/benchmark/figure_spatial_modes_S7.csv
saved: results_advanced_v2/benchmark/quantification_validation.csv
quantification validation done in 5 s

Benchmark finished in 42.8 min. Outputs in: results_advanced_v2/benchmark
