scenario_id,catalyst,geometry,Da1,X_EGDA,Y_EGMA,Y_EG,S_EGMA
fb92178e2d28ea0a,H2SO4,A,0.000301156979637,0.000308159621948,0.000308138428438,2.11935104392e-08,0.999931225544
4dd5dd7f5d98ca9a,H2SO4,A,0.000150578489818,0.000154091693498,0.000154086394707,5.29879057602e-09,0.999965612742
072e5476571d4e48,H2SO4,A,0.000100385659879,0.000102730436415,0.000102728081336,2.35507921928e-09,0.999977075159
ed101a57299ba4a0,H2SO4,A,7.52892449092e-05,7.70488176194e-05,7.70474928701e-05,1.32474926977e-09,0.999982806364
84e3a82ad6d0e213,H2SO4,A,6.02313959273e-05,6.16395294502e-05,6.16386816039e-05,8.47846140981e-10,0.999986245089
b745ea720bb255b7,H2SO4,A,0.000301156979637,0.00030595297232,0.000305932081268,2.08910519663e-08,0.999931718095
38f498129b11f89a,H2SO4,A,0.000150578489818,0.000152988209592,0.000152982986424,5.22316786327e-09,0.999965859017
c77c9d303ff81e7e,H2SO4,A,0.000100385659879,0.00010199474512,0.000101992423652,2.32146792905e-09,0.999977239338
74fce1e4885a91f4,H2SO4,A,7.52892449092e-05,7.64970358882e-05,7.64957300455e-05,1.30584258295e-09,0.999982929499
80b09720d67d903c,H2SO4,A,6.02313959273e-05,6.11980976999e-05,6.11972619545e-05,8.35745732392e-10,0.999986343604
995556558f435735,H2SO4,A,0.000301156979637,0.000303746318422,0.000303725727655,2.05907671143e-08,0.999932210645
a89ff1ab11e04631,H2SO4,A,0.000150578489818,0.000151884724618,0.000151879576529,5.14808864e-09,0.999966105291
7c8b5dd793d70969,H2SO4,A,0.000100385659879,0.00010125905335,0.000101256765252,2.28809820428e-09,0.999977403518
967504bb2c57b8ad,H2SO4,A,7.52892449092e-05,7.59452538898e-05,7.59439668181e-05,1.28707178093e-09,0.999983052638
0c323deb56aaad4c,H2SO4,A,6.02313959273e-05,6.07566657792e-05,6.07558420472e-05,8.23732291726e-10,0.999986442112
e650238bbfa7e917,H2SO4,A,0.000301156979637,0.000301539660253,0.000301519367597,2.0292655878e-08,0.999932703195
8a2601780516a757,H2SO4,A,0.000150578489818,0.000150781238576,0.000150776165024,5.07355290656e-09,0.999966351565
515606a0f98ce2e8,H2SO4,A,0.000100385659879,0.000100523361106,0.000100521106136,2.25497004514e-09,0.999977567703
3a995ff85dc1b347,H2SO4,A,7.52892449092e-05,7.53934716248e-05,7.53922031878e-05,1.26843686379e-09,0.999983175772
fcbff6ef44af46a7,H2SO4,A,6.02313959273e-05,6.03152336877e-05,6.03144218821e-05,8.11805819023e-10,0.999986540621
4ab13b33c8c93e87,H2SO4,A,0.000301156979637,0.000299332997815,0.000299313001097,1.99967182522e-08,0.999933195744
597bf2e90d56f74a,H2SO4,A,0.000150578489818,0.000149677751468,0.000149672751907,4.99956066332e-09,0.999966597835
fadbfffd470d723f,H2SO4,A,0.000100385659879,9.97876683868e-05,9.97854463032e-05,2.22208345177e-09,0.999977731882
ac11cc9dc7fab065,H2SO4,A,7.52892449092e-05,7.48416890927e-05,7.48404391547e-05,1.24993783161e-09,0.999983298907
7f9f7ad9738d2f5b,H2SO4,A,6.02313959273e-05,5.98738014252e-05,5.98730014591e-05,7.99966314322e-10,0.999986639129
6ae51f725fc2ef98,H2SO4,A,0.000568429139431,0.00057877243059,0.000578697660946,7.47696445424e-08,0.999870813397
88f0530e09f45738,H2SO4,A,0.000284214569715,0.000289428136229,0.000289409441081,1.86951476759e-08,0.9999354066
6c43ae302a9aa90f,H2SO4,A,0.00018947637981,0.000192961407836,0.000192953098476,8.309360016e-09,0.999956937711
3c5d3dfb7bdd8cd4,H2SO4,A,0.000142107284858,0.000144724549934,0.000144719875805,4.67412906117e-09,0.999967703274
b35b8fe168071242,H2SO4,A,0.000113685827886,0.00011578131714,0.000115778325654,2.99148639655e-09,0.999974162616
5fbb402b4202a12b,H2SO4,A,0.000568429139431,0.000574608468361,0.000574534770853,7.36975083417e-08,0.999871743087
eade8eff9c1c6985,H2SO4,A,0.000284214569715,0.000287345591198,0.000287327164138,1.84270591453e-08,0.999935871439
cc728dc17d5b3d22,H2SO4,A,0.00018947637981,0.000191572919139,0.000191564728937,8.19020156979e-09,0.999957247602
8a4f31fd466cbeb8,H2SO4,A,0.000142107284858,0.000143683136404,0.000143678529304,4.60710019363e-09,0.999967935692
286b4a5b719c65d3,H2SO4,A,0.000113685827886,0.000114948163751,0.000114945215164,2.94858706132e-09,0.99997434855
e02378dab38b6022,H2SO4,A,0.000568429139431,0.000570444490922,0.000570371857807,7.26331150723e-08,0.999872672774
15fb80ac268e7084,H2SO4,A,0.000284214569715,0.000285263042363,0.000285244881456,1.81609065796e-08,0.999936336279
b86895c5bf212eec,H2SO4,A,0.00018947637981,0.000190184428752,0.000190176356848,8.0719036348e-09,0.999957557493
03dcbc6fecb56bae,H2SO4,A,0.000142107284858,0.000142641721923,0.000142637181368,4.5405553899e-09,0.99996816811
76eb3d3407ee1634,H2SO4,A,0.000113685827886,0.000114115009754,0.000114112103757,2.90599753747e-09,0.999974534484
87ca265516786d03,H2SO4,A,0.000568429139431,0.000566280498273,0.000566208921809,7.15764644812e-08,0.999873602455
ecba2c16d399b855,H2SO4,A,0.000284214569715,0.000283180489725,0.000283162593035,1.78966899752e-08,0.99993680112
d20f30018772bd6a,H2SO4,A,0.00018947637981,0.000188795936674,0.000188787982207,7.95446621137e-09,0.999957867385
a3f79bd318c3dd6e,H2SO4,A,0.000142107284858,0.000141600306491,0.000141595831996,4.47449465031e-09,0.99996840053
24363320cf83c159,H2SO4,A,0.000113685827886,0.000113281855149,0.00011327899143,2.8637178252e-09,0.999974720416
c1eaf8855325a1bf,H2SO4,A,0.000568429139431,0.000562116490415,0.000562045962858,7.05275563195e-08,0.999874532134
a4c6bb268e53cd4f,H2SO4,A,0.000284214569715,0.000281097933284,0.000281080298875,1.76344093293e-08,0.999937265959
75fa74acb99fac7c,H2SO4,A,0.00018947637981,0.000187407442905,0.000187399605016,7.83788929988e-09,0.999958177277
c3e498dc1520fc5b,H2SO4,A,0.000142107284858,0.000140558890108,0.00014055448119,4.4089179752e-09,0.999968632949
f4e83328ef19751a,H2SO4,A,0.000113685827886,0.000112448699934,0.000112445878186,2.82174792473e-09,0.999974906353
50a639ff62ebb1d8,H2SO4,A,0.000832543043504,0.000843486314862,0.000843327488463,1.58826399275e-07,0.999811702458
25424d6cd86fa47a,H2SO4,A,0.000416271521752,0.000421832206263,0.000421792491191,3.97150717512e-08,0.999905851021
c1559e5e230d2834,H2SO4,A,0.000277514347835,0.000281241263351,0.000281223610952,1.76523985235e-08,0.999937233967
89e9e8856d5435ba,H2SO4,A,0.000208135760876,0.00021093837025,0.000210928440423,9.92982732146e-09,0.999952925457
5ce78ef511801776,H2SO4,A,0.000166508608701,0.000168754259253,0.000168747904028,6.35522510281e-09,0.999962340358
30e7e51a072af984,H2SO4,A,0.000832543043504,0.00083738912774,0.000837232589666,1.56538073778e-07,0.99981306412
18b9fd545c8f1c48,H2SO4,A,0.000416271521752,0.000418782409148,0.00041874326633,3.91428180863e-08,0.999906531848
851d5422273ae77a,H2SO4,A,0.000277514347835,0.00027920779773,0.000279190399692,1.73980385818e-08,0.999937687849
8304e56596292824,H2SO4,A,0.000208135760876,0.000209413170693,0.00020940338395,9.78674286274e-09,0.999953265867
f130cacb0f5d5711,H2SO4,A,0.000166508608701,0.000167534051441,0.000167527787792,6.26364836949e-09,0.999962612684
c3a6950560bc48c2,H2SO4,A,0.000832543043504,0.000831291906643,0.000831137639408,1.5426723464e-07,0.999814424713
82d9873c2af552e4,H2SO4,A,0.000416271521752,0.000415732603877,0.00041569402916,3.85747169976e-08,0.999907212673
3d086a11e9820f39,H2SO4,A,0.000277514347835,0.000277174328483,0.000277157182959,1.71455244149e-08,0.99993814173
3128e5cb5c8ae67c,H2SO4,A,0.000208135760876,0.000207887969097,0.0002078783244,9.64469672437e-09,0.999953606276
3d491f9710bdc9e5,H2SO4,A,0.000166508608701,0.000166313842323,0.000166307669587,6.17273619184e-09,0.999962885013
11f8cd48021bd747,H2SO4,A,0.000832543043504,0.000825194655604,0.000825042644343,1.52011261182e-07,0.99981578739
178c03b6f596721e,H2SO4,A,0.000416271521752,0.000412682790447,0.000412644779679,3.80107684443e-08,0.999907893498
d4d11bd2053c47ec,H2SO4,A,0.000277514347835,0.00027514085561,0.000275123960755,1.68948560201e-08,0.999938595612
5bec66b4dfe12293,H2SO4,A,0.000208135760876,0.00020636276546,0.000206353261771,9.50368890655e-09,0.999953946688
70fb75c05747522e,H2SO4,A,0.000166508608701,0.000165093631899,0.000165087549411,6.08248857026e-09,0.99996315734
3070deaff90868a5,H2SO4,A,0.000832543043504,0.000819097368556,0.000818947594454,1.49774102633e-07,0.999817147377
64817d5fe127d457,H2SO4,A,0.000416271521752,0.000409632968861,0.000409595517888,3.74509723872e-08,0.999908574321
02be0d29cfa75931,H2SO4,A,0.000277514347835,0.000273107379112,0.000273090733078,1.66460333952e-08,0.999939049493
3b330dbe7b8429fa,H2SO4,A,0.000208135760876,0.000204837559784,0.000204828196064,9.36371940955e-09,0.999954287097
de14b982e8a99829,H2SO4,A,0.000166508608701,0.00016387342017,0.000163867427265,5.99290550517e-09,0.999963429667
8f0d8524f51e2eaf,H2SO4,A,0.00109561062591,0.00110448033924,0.00110420798209,2.72357146539e-07,0.999753406976
9ff9422e16174704,H2SO4,A,0.000547805312956,0.000552392871458,0.000552324763148,6.81083093732e-08,0.999876703135
e533a7e7ae63bf54,H2SO4,A,0.000365203541971,0.000368295856758,0.000368265583579,3.02731793214e-08,0.99991780201
7375cc7be16076b2,H2SO4,A,0.000273902656478,0.000276234622214,0.000276217592758,1.70294564981e-08,0.999938351477
d5a322301195f90b,H2SO4,A,0.000219122125182,0.000220993808315,0.000220982909158,1.0899156742e-08,0.999950681167
bccb261b44a49279,H2SO4,A,0.00109561062591,0.00109645851267,0.00109619009444,2.68418231604e-07,0.999755195269
6db2580c10d48da8,H2SO4,A,0.000547805312956,0.000548379887545,0.00054831276535,6.71221951894e-08,0.999877599093
038718557a2b3273,H2SO4,A,0.000365203541971,0.000365620073128,0.000365590238278,2.98348495984e-08,0.999918399312
9f3bb762232fbab4,H2SO4,A,0.000273902656478,0.00027422761158,0.0002742108287,1.67828801984e-08,0.999938799452
684c9881cecaf56d,H2SO4,A,0.000219122125182,0.000219388116804,0.000219377375462,1.07413418507e-08,0.999951039545
2a1e927494e0aca6,H2SO4,A,0.00109561062591,0.00108843663512,0.0010881721306,2.64504517235e-07,0.999756986756
92e5d81b8990a92d,H2SO4,A,0.000547805312956,0.000544366889506,0.000544300746234,6.61432722135e-08,0.999878495049
3cb2b634ee879999,H2SO4,A,0.000365203541971,0.000362944283218,0.000362914883502,2.93997161745e-08,0.999918996613
c4e03004b8c21a7f,H2SO4,A,0.000273902656478,0.000272220597415,0.000272204059313,1.65381019504e-08,0.999939247426
34f41a8defd609b4,H2SO4,A,0.000219122125182,0.000217782423032,0.000217771838354,1.0584677775e-08,0.999951397924
1fa757bec5601dc4,H2SO4,A,0.00109561062591,0.00108041470081,0.00108015408107,2.60619742242e-07,0.999758778049
f6e4dc0a465a1bc3,H2SO4,A,0.000547805312956,0.00054035387734,0.0005402887058,6.51715402508e-08,0.999879391001
b4f0018897e2c947,H2SO4,A,0.000365203541971,0.00036026848703,0.000360239519251,2.89677790319e-08,0.999919593914
819297eb839104dd,H2SO4,A,0.000273902656478,0.000270213579716,0.000270197284595,1.62951217519e-08,0.999939695401
9388a67c2eb444a2,H2SO4,A,0.000219122125182,0.000216176726999,0.000216166297835,1.04291645152e-08,0.999951756303
28399ed52078faf9,H2SO4,A,0.00109561062591,0.00107239271088,0.00107213594772,2.56763159769e-07,0.999760569839
aeea113a751d5bfc,H2SO4,A,0.000547805312956,0.000536340851049,0.00053627664405,6.42069991107e-08,0.99988028695
ac66c2c5e1e34cd0,H2SO4,A,0.000365203541971,0.000357592684562,0.000357564145524,2.85390381539e-08,0.999920191214
e991c939a494b0c5,H2SO4,A,0.000273902656478,0.000268206558486,0.000268190504546,1.60539396009e-08,0.999940143374
cd39a6dea79fb34f,H2SO4,A,0.000219122125182,0.000214571028706,0.000214560753904,1.02748020712e-08,0.999952114682
7145607916af6d24,H2SO4,A,0.00135820012496,0.00136234237645,0.00136192793994,4.1443650878e-07,0.999695791223
026baf383eac3cc3,H2SO4,A,0.000679100062482,0.00068140355081,0.000681299907682,1.03643128024e-07,0.999847897581
d5f16f6a4e62aab8,H2SO4,A,0.000452733374988,0.000454320685182,0.000454274616276,4.60689052919e-08,0.999898598265
5d62a6769abf5211,H2SO4,A,0.000339550031241,0.000340759885428,0.00034073397018,2.59152481339e-08,0.999923948654
68b1bdee8c2e68c8,H2SO4,A,0.000271640024993,0.000272617207271,0.000272600620941,1.65863305993e-08,0.999939158901
9102b997b6fccf59,H2SO4,A,0.00135820012496,0.00135240032969,0.00135199191874,4.0841095177e-07,0.999698010314
ff737c5637b2f5e0,H2SO4,A,0.000679100062482,0.000676429359255,0.000676327224023,1.02135231773e-07,0.999849008281
6a92d40f048c8814,H2SO4,A,0.000452733374988,0.000451003852538,0.000450958453917,4.53986212351e-08,0.999899338728
b443b29cb4e9b26c,H2SO4,A,0.000339550031241,0.000338271996539,0.000338246458356,2.55381833666e-08,0.999924503998
8ea81386f6e9771c,H2SO4,A,0.000271640024993,0.000270626769233,0.000270610424235,1.63449976893e-08,0.999939603175
054444b43ef36d7e,H2SO4,A,0.00135820012496,0.00134245819871,0.00134205577078,4.02427928154e-07,0.99970023057
95a96a0476595aff,H2SO4,A,0.000679100062482,0.00067145514599,0.000671354507603,1.00638387317e-07,0.999850118973
3d3bc6ffc78cbee0,H2SO4,A,0.000452733374988,0.000447687010245,0.000447642276996,4.4733248992e-08,0.999900079189
03de56a31a672daa,H2SO4,A,0.000339550031241,0.000335784102223,0.000335758938341,2.51638816783e-08,0.999925059342
2f7a43cde335965b,H2SO4,A,0.000271640024993,0.00026863632772,0.000268620222287,1.61054332526e-08,0.999940047447
3f90bd03023e37ed,H2SO4,A,0.00135820012496,0.00133251598173,0.00133211949314,3.96488585375e-07,0.999702451159
5c3f01a12c07b990,H2SO4,A,0.000679100062482,0.000666480911018,0.000666381758423,9.91525940152e-08,0.999851229657
11710f13c7d96d96,H2SO4,A,0.000452733374988,0.000444370158303,0.000444326085515,4.40727884991e-08,0.999900819648
0220bd0383514d5c,H2SO4,A,0.000339550031241,0.000333296202479,0.000333271410136,2.47923430586e-08,0.999925614685
3b54b5ddd4261f79,H2SO4,A,0.000271640024993,0.000266645882733,0.000266630015096,1.58676372875e-08,0.999940491722
4278fc16278c4236,H2SO4,A,0.00135820012496,0.00132257367909,0.00132218308639,3.90592694916e-07,0.99970467226
e374c1ff50cc703c,H2SO4,A,0.000679100062482,0.00066150665397,0.000661408975878,9.76780913754e-08,0.999852339971
17e8e85765a05abf,H2SO4,A,0.000452733374988,0.000441053296713,0.000441009879473,4.34172396958e-08,0.999901560106
9df9e2eee230ed52,H2SO4,A,0.000339550031241,0.000330808297307,0.000330783873739,2.44235674973e-08,0.999926170028
b7cfbced2a88ff0e,H2SO4,A,0.000271640024993,0.000264655434272,0.000264639802663,1.56316097922e-08,0.999940935996
33a49931ca048840,H2SO4,A,0.0008366744304,0.000855894423277,0.000855724445967,1.69977310423e-07,0.999801403881
cc010d4999cc5736,H2SO4,A,0.0004183372152,0.000428038899392,0.000427996395753,4.25036392173e-08,0.999900701457
207d8baddc4d7f3a,H2SO4,A,0.0002788914768,0.000285379645373,0.000285360753486,1.88918862927e-08,0.999933800863
54910fec9d3cce05,H2SO4,A,0.0002091686076,0.000214042376767,0.000214031749692,1.06270741981e-08,0.999950350607
a60a15c5c38f8c0c,H2SO4,A,0.00016733488608,0.000171237570073,0.000171230768597,6.80147654716e-09,0.999960280466
efa34deefc35570e,H2SO4,A,0.0008366744304,0.000849767051007,0.00084959949921,1.67551796888e-07,0.999802826202
a64412fd5cc96927,H2SO4,A,0.0004183372152,0.000424973985899,0.000424932088826,4.18970728379e-08,0.999901412617
5110b9844e9cf838,H2SO4,A,0.0002788914768,0.000283336096873,0.000283317474599,1.86222740011e-08,0.999934274968
14b354cb72d784a1,H2SO4,A,0.0002091686076,0.000212509613066,0.000212499137656,1.04754096629e-08,0.999950706184
ff004e6343f6d100,H2SO4,A,0.00016733488608,0.000170011309993,0.000170004605585,6.70440832381e-09,0.999960564926
e9dd19cce486f696,H2SO4,A,0.0008366744304,0.000843639645779,0.000843474502055,1.65143723862e-07,0.999804248503
e4f482614dbc73cf,H2SO4,A,0.0004183372152,0.000421909064166,0.0004218677693,4.12948655671e-08,0.999902123777
4b85807dce4c9069,H2SO4,A,0.0002788914768,0.000281292544712,0.000281274190113,1.83545992841e-08,0.999934749074
6cf8dc2b2a46262c,H2SO4,A,0.0002091686076,0.000210976847305,0.00021096652247,1.03248350904e-08,0.999951061762
f52eaeaef5e3caa4,H2SO4,A,0.00016733488608,0.000168785048594,0.000168778440557,6.60803770944e-09,0.99996084939
185fca9559c2f7fc,H2SO4,A,0.0008366744304,0.000837512205762,0.000837349451418,1.62754343818e-07,0.999805669287
bf7824e32445f05f,H2SO4,A,0.0004183372152,0.000418844134194,0.000418803437177,4.06970173581e-08,0.999902834936
474a1ca88d7e4fdd,H2SO4,A,0.0002788914768,0.000279248988889,0.000279230900027,1.80888621387e-08,0.999935223178
da863ade8c942d2a,H2SO4,A,0.0002091686076,0.000209444079485,0.000209433904134,1.01753504806e-08,0.999951417339
7e4a363fe1f8284b,H2SO4,A,0.00016733488608,0.000167558785877,0.000167552273512,6.51236470444e-09,0.999961133851
6c217fb8045179d4,H2SO4,A,0.0008366744304,0.000831384734697,0.000831224353597,1.60381100355e-07,0.999807091598
322ea31a5a624e9b,H2SO4,A,0.0004183372152,0.000415779195985,0.000415739092456,4.0103528166e-08,0.999903546092
e7df219b474000ac,H2SO4,A,0.0002788914768,0.000277205429403,0.000277187604341,1.78250625619e-08,0.999935697283
55d069b93955fad1,H2SO4,A,0.0002091686076,0.000207911309604,0.000207901282648,1.00269558337e-08,0.999951772917
d4a44b6374e94d5c,H2SO4,A,0.00016733488608,0.000166332521842,0.000166326104452,6.41738930925e-09,0.999961418313
d2ec4bcaec1e5c1e,H2SO4,A,0.00160209289188,0.00163038596701,0.00162976893435,6.17032665341e-07,0.999621541967
a169b10829b1f2ab,H2SO4,A,0.000801046445938,0.00081552582005,0.000815371501757,1.54318292722e-07,0.999810774486
ba7baee9b004ae7e,H2SO4,A,0.000534030963959,0.00054375786896,0.000543689273506,6.85954538666e-08,0.999873849267
87bcd574df0e84ed,H2SO4,A,0.000400523222969,0.000407846151513,0.000407807563885,3.85876283101e-08,0.999905386803
5e537a27e8057a48,H2SO4,A,0.000320418578375,0.000326290242121,0.000326265545008,2.46971134784e-08,0.999924309372
33acc726400b818d,H2SO4,A,0.00160209289188,0.0016186615644,0.00161805337206,6.0819233867e-07,0.999624262198
90faa23abf11e4f3,H2SO4,A,0.000801046445938,0.000809659146977,0.000809507041367,1.52105610279e-07,0.999812136242
c40292bd60eaf45f,H2SO4,A,0.000534030963959,0.000539845758393,0.000539778146548,6.7611845235e-08,0.999874757106
e8bb122826f070ae,H2SO4,A,0.000400523222969,0.000404911695304,0.00040487366101,3.80342947978e-08,0.999906067681
638197d7f31023d4,H2SO4,A,0.000320418578375,0.000323942497956,0.000323918154997,2.43429595697e-08,0.999924854073
8d28f3f6562219d0,H2SO4,A,0.00160209289188,0.00160693704601,0.00160633763348,5.99412530107e-07,0.999626984435
c2ac8972a3866e17,H2SO4,A,0.000801046445938,0.000803792443695,0.000803642534782,1.49908913458e-07,0.999813497981
771cc543d7c70525,H2SO4,A,0.000534030963959,0.000535933634401,0.000535866999061,6.66353399791e-08,0.999875664942
218a5f4305755190,H2SO4,A,0.000400523222969,0.000401977231544,0.000401939746586,3.74849570881e-08,0.999906748556
e19b62450da54e3b,H2SO4,A,0.000320418578375,0.000321594748957,0.000321570757594,2.39913631159e-08,0.999925398773
e49fb52fa0b7dbcb,H2SO4,A,0.00160209289188,0.00159521241306,0.00159462172066,5.90692399473e-07,0.999629709251
0f434de2986e0ff6,H2SO4,A,0.000801046445938,0.000797925709559,0.000797777980915,1.47728643709e-07,0.99981485915
05163a0b5bf32fab,H2SO4,A,0.000534030963959,0.000532021496984,0.000531955831046,6.56659379122e-08,0.999876572773
8282239f16e475da,H2SO4,A,0.000400523222969,0.00039904276023,0.000399005820615,3.69396151459e-08,0.999907429431
e55df20476f7fefc,H2SO4,A,0.000320418578375,0.000319246995124,0.0003192233528,2.36423241084e-08,0.999925943472
8e4497756d16906c,H2SO4,A,0.00160209289188,0.00158348765672,0.00158290561877,5.82037956591e-07,0.999632432906
efb311da5d42d343,H2SO4,A,0.000801046445938,0.00079205894498,0.00079191338046,1.45564520567e-07,0.999816220091
82cf862ebc19f3c0,H2SO4,A,0.000534030963959,0.000528109346142,0.000528044642503,6.47036388514e-08,0.999877480602
5246cfed6714567f,H2SO4,A,0.000400523222969,0.000396108281365,0.000396071883096,3.63982689378e-08,0.999908110305
eed861ca929b67de,H2SO4,A,0.000320418578375,0.000316899236458,0.000316875940615,2.32958425395e-08,0.999926488171
ccc0333ec1f42088,H2SO4,A,0.00236280349464,0.00239200417856,0.00239067548093,1.32869763158e-06,0.999444525372
db0bf0b4189a4b27,H2SO4,A,0.00118140174732,0.00119671881314,0.00119638645428,3.323588664e-07,0.999722274888
615e8635868bbf81,H2SO4,A,0.00078760116488,0.000797971890239,0.000797824145021,1.47745218039e-07,0.999814849095
351ee457ea3b6710,H2SO4,A,0.00059070087366,0.000598538685699,0.000598455570525,8.31151734084e-08,0.999861136506
24b517dc6c681a4e,H2SO4,A,0.000472560698928,0.000478859640401,0.00047880644343,5.31969711594e-08,0.999888909053
b838db8d9f240c06,H2SO4,A,0.00236280349464,0.00237472512266,0.00237341557132,1.3095513323e-06,0.999448546141
bb7d5d7074c1aeaa,H2SO4,A,0.00118140174732,0.00118806958813,0.00118774201184,3.27576292519e-07,0.999724278531
87fd2c01adc6da97,H2SO4,A,0.00078760116488,0.000792203592336,0.000792057975806,1.45616530942e-07,0.999816187995
cfc2b9dde2f1ae74,H2SO4,A,0.00059070087366,0.000594211654485,0.000594129736872,8.19176131276e-08,0.999862140683
401c50fd4ee64b82,H2SO4,A,0.000472560698928,0.00047539762762,0.000475345197153,5.24304668171e-08,0.999889712393
8a8967ef091ec306,H2SO4,A,0.00236280349464,0.00235744579026,0.00235615523679,1.29055347089e-06,0.999452562822
462e8b690a95739f,H2SO4,A,0.00118140174732,0.00117942030416,0.00117909748025,3.22823906542e-07,0.999726285951
39cf50a66a5a137f,H2SO4,A,0.00078760116488,0.000786435264091,0.000786291760015,1.43504075591e-07,0.999817525889
7085cafaaa2c6e7b,H2SO4,A,0.00059070087366,0.000589884606846,0.000589803878102,8.07287438271e-08,0.999863144854
0cef148eaa179812,H2SO4,A,0.000472560698928,0.000471935604326,0.000471883934801,5.16695247227e-08,0.999890515731
d657a03b59115ea5,H2SO4,A,0.00236280349464,0.00234016619746,0.00233889450436,1.27169309869e-06,0.999456580007
7651b129c87d0644,H2SO4,A,0.00118140174732,0.00117077095547,0.00117045284985,3.18105620605e-07,0.999728293891
add73ca03d0ed59c,H2SO4,A,0.00078760116488,0.000780666907122,0.000780525500373,1.41406748004e-07,0.99981886417
d00746ac8398c299,H2SO4,A,0.00059070087366,0.000585557542781,0.000585477994216,7.95485651846e-08,0.999864149022
7fb8ce018ef38412,H2SO4,A,0.000472560698928,0.000468473570519,0.000468422656374,5.0914144786e-08,0.999891319067
d4c6dc2279f06d5d,H2SO4,A,0.00236280349464,0.00232288634284,0.00232163337167,1.2529711669e-06,0.999460597299
f1a9f6069684f2f3,H2SO4,A,0.00118140174732,0.00116212153992,0.00116180811703,3.13422898909e-07,0.999730301102
710a495a3d182e67,H2SO4,A,0.00078760116488,0.000774898522356,0.000774759198445,1.39323910886e-07,0.999820203669
32a907d0fb48be90,H2SO4,A,0.00059070087366,0.000581230462292,0.000581152085215,7.83770768825e-08,0.999865153184
c08758937fd41e15,H2SO4,A,0.000472560698928,0.0004650115262,0.000464961361873,5.01643269197e-08,0.999892122401
431f4a23434106c3,H2SO4,A,0.00312206736421,0.00314412593059,0.00314182942709,2.29650349672e-06,0.999269589213
db093e4d1d7cd797,H2SO4,A,0.0015610336821,0.00157330171941,0.00157272715535,5.74564062949e-07,0.999634803639
8e0ff4efd3c9bb57,H2SO4,A,0.0010406891214,0.00104914328689,0.00104888786315,2.55423739071e-07,0.999756540653
3d6a18c6ce641eb5,H2SO4,A,0.000780516841052,0.000786960790751,0.000786817095605,1.43695145494e-07,0.999817404949
8cd1a6417b0d7969,H2SO4,A,0.000624413472841,0.000629618236137,0.000629526263833,9.19723037196e-08,0.999853923698
03183dd36a3dd77b,H2SO4,A,0.00312206736421,0.00312131049648,0.003119047224,2.26327248251e-06,0.999274896719
5dcbbc2ae18ffe05,H2SO4,A,0.0015610336821,0.0015618771852,0.00156131093376,5.66251440397e-07,0.999637454567
a02a133f5fc231e7,H2SO4,A,0.0010406891214,0.00104152319338,0.00104127146641,2.51726972332e-07,0.999758308817
18bf999162e0dba4,H2SO4,A,0.000780516841052,0.00078124431861,0.000781102703864,1.41614746119e-07,0.999818731807
f825b49928a9fcba,H2SO4,A,0.000624413472841,0.00062504438476,0.000624953744065,9.06406955432e-08,0.999854985186
41edbbfae9ca5d8d,H2SO4,A,0.00312206736421,0.00309849460877,0.00309626432792,2.23028084927e-06,0.999280205025
49a34abae7fdc7e2,H2SO4,A,0.0015610336821,0.00155045254042,0.0015498945437,5.57996723986e-07,0.999640107188
4d0bc33533fb1dab,H2SO4,A,0.0010406891214,0.0010339030465,0.00103365498769,2.48058817846e-07,0.999760075359
0affd62fb166bccd,H2SO4,A,0.000780516841052,0.000775527817789,0.000775388268266,1.39549522671e-07,0.999820058649
a2fd54a360adf104,H2SO4,A,0.000624413472841,0.00062047051503,0.000620381196231,8.93187987422e-08,0.999856046667
2b1be88b23aee627,H2SO4,A,0.00312206736421,0.0030756782645,0.00307348073391,2.19753059477e-06,0.999285513501
8fd199e20ad3c882,H2SO4,A,0.0015610336821,0.00153902778278,0.00153847798132,5.49801460677e-07,0.999642760536
591525f6211cff50,H2SO4,A,0.0010406891214,0.00102628285316,0.00102603843859,2.44414565904e-07,0.999761844831
8f11611e7c3fe939,H2SO4,A,0.000780516841052,0.000769811287707,0.000769673787835,1.37499872452e-07,0.999821384962
79192d4630352862,H2SO4,A,0.000624413472841,0.000615896626945,0.000615808620332,8.80066128869e-08,0.999857108143
6b08d93ddad9db85,H2SO4,A,0.00312206736421,0.00305286146344,0.00305069644155,2.16502188579e-06,0.999290822099
5da3f5f27cedb8b4,H2SO4,A,0.0015610336821,0.00152760291365,0.00152706124895,5.41664699349e-07,0.999645415249
7ec9f953db2a1bfe,H2SO4,A,0.0010406891214,0.001018662606,0.00101842180677,2.40799231021e-07,0.999763612378
58d452d7a70354b6,H2SO4,A,0.000780516841052,0.000764094728209,0.000763959262304,1.35465905162e-07,0.999822710588
b891f43b2ff51ce0,H2SO4,A,0.000624413472841,0.000611322720508,0.000611236016371,8.67041375523e-08,0.999858169614
be2b3a4cf786084f,H2SO4,A,0.0038806959186,0.00388760433844,0.00388409198921,3.51234922642e-06,0.999096526055
0cbe39e2cea9cfd7,H2SO4,A,0.0019403479593,0.0019456967445,0.00194481782055,8.78923954873e-07,0.999548272896
f4398cb76569cffa,H2SO4,A,0.0012935653062,0.00129755255742,0.00129716180961,3.90747811555e-07,0.999698857816
bfa3404eae9257d7,H2SO4,A,0.000970173979649,0.000973322483973,0.000973102652923,2.19831050649e-07,0.999774143664
2f64faf87d9cf166,H2SO4,A,0.000776139183719,0.000778733871513,0.000778593165619,1.40705893476e-07,0.999819314533
8294ffd6ef8e7200,H2SO4,A,0.0038806959186,0.00385926478199,0.00385580350081,3.46128117868e-06,0.999103124203
47e21fd6e65f37f9,H2SO4,A,0.0019403479593,0.00193150113077,0.00193063498836,8.6614241325e-07,0.999551570331
58a58e3e6087c20f,H2SO4,A,0.0012935653062,0.00128808305882,0.00128769798851,3.85070313684e-07,0.999701051643
5f4960d63488a5d1,H2SO4,A,0.000970173979649,0.000966218210621,0.000966001577658,2.16632962656e-07,0.999775792921
d406a82f99b8bd9d,H2SO4,A,0.000776139183719,0.000773049417307,0.000772910758485,1.38658821512e-07,0.999820633948
de2e1efee5a154c8,H2SO4,A,0.0038806959186,0.0038309245234,0.00382751393945,3.41058394802e-06,0.999109723012
06c8b52547a3a4f7,H2SO4,A,0.0019403479593,0.00191730534366,0.0019164518916,8.5345205593e-07,0.999554868994
e6db9f5c0b3a6061,H2SO4,A,0.0012935653062,0.00127861348976,0.00127823406092,3.7942884897e-07,0.999703249769
d1fd9777b951105f,H2SO4,A,0.000970173979649,0.000959113889112,0.000958900428162,2.13460949464e-07,0.999777439414
54080b2d9deeb497,H2SO4,A,0.000776139183719,0.00076736493445,0.000767228307496,1.36626954336e-07,0.999821953091
22f5905009ade3cc,H2SO4,A,0.0038806959186,0.00380258355939,0.00379922329964,3.36025974674e-06,0.999116321918
534211b69090c4a6,H2SO4,A,0.0019403479593,0.0019031093809,0.00190226852647,8.40854430226e-07,0.999558168102
c0b832f3f76c3473,H2SO4,A,0.0012935653062,0.00126914384383,0.00126877001605,3.73827781091e-07,0.999705448848
a95025c5ac83375f,H2SO4,A,0.000970173979649,0.000952009526887,0.000951799216952,2.10309935171e-07,0.999779088413
ec588952f0486605,H2SO4,A,0.000776139183719,0.00076168042382,0.000761545814126,1.34609693905e-07,0.999823272741
83d31dd81afc08bf,H2SO4,A,0.0038806959186,0.00377424188981,0.00377093158113,3.31030867986e-06,0.9991229209
6a1fcc25795fd14c,H2SO4,A,0.0019403479593,0.00188891324633,0.00188808489944,8.28346890632e-07,0.999561469066
f568681a16080cda,H2SO4,A,0.0012935653062,0.00125967411741,0.00125930584783,3.68269578173e-07,0.999707646944
e6520bec0f72e860,H2SO4,A,0.000970173979649,0.000944905120768,0.000944697938685,2.07182083914e-07,0.999780737686
e9add9b967ff0296,H2SO4,A,0.000776139183719,0.000755995883554,0.000755863275239,1.32608314399e-07,0.999824591222
2695118c67d689bc,H2SO4,A,0.00285283487989,0.00291535887751,0.00291329149269,2.06738481629e-06,0.999290864383
459c4fb55cf059ca,H2SO4,A,0.00142641743994,0.00145874436327,0.00145822715172,5.1721154511e-07,0.999645440587
2892c92ab53fd56b,H2SO4,A,0.000950944959962,0.000972733042839,0.000972503117625,2.2992521365e-07,0.999763629687
03aef97f7164af97,H2SO4,A,0.000713208719971,0.000729638601339,0.000729509252064,1.29349274654e-07,0.999822721448
aa259b2b3490560f,H2SO4,A,0.000570566975977,0.000583753520077,0.000583670730264,8.2789812892e-08,0.999858176765
6f6846937e3d560c,H2SO4,A,0.00285283487989,0.00289450649084,0.00289246860808,2.03788275794e-06,0.999295948113
8671c48f1014c40e,H2SO4,A,0.00142641743994,0.00144830390688,0.00144779406979,5.09837089706e-07,0.999647976445
0c42d845b9e35609,H2SO4,A,0.000950944959962,0.000965769574005,0.000965542929636,2.26644368484e-07,0.999765322521
5883f39475a36e3e,H2SO4,A,0.000713208719971,0.000724414810861,0.0007242873074,1.27503461432e-07,0.99982399109
947d8c374f33d54d,H2SO4,A,0.000570566975977,0.000579573916914,0.000579492308549,8.16083654749e-08,0.999859192481
41c93599fe792767,H2SO4,A,0.00285283487989,0.00287365370338,0.00287164509752,2.00860585619e-06,0.999301027172
7d2f44d9587c8f3a,H2SO4,A,0.00142641743994,0.00143786335979,0.00143736084774,5.02512051187e-07,0.999650514739
c3aee420fbab2b72,H2SO4,A,0.000950944959962,0.000958806060532,0.00095858267192,2.23388611507e-07,0.999767013768
b7b2cbed0ebddcb8,H2SO4,A,0.000713208719971,0.000719190996437,0.00071906532552,1.25670916909e-07,0.99982526072
1972e9eaf3720a48,H2SO4,A,0.000570566975977,0.000575394298426,0.000575313863017,8.04354093008e-08,0.999860208192
082a5c248ce667ab,H2SO4,A,0.00285283487989,0.002852800535,0.00285082099527,1.97953973964e-06,0.999306106503
c41641b662a82ba0,H2SO4,A,0.00142641743994,0.00142742271812,0.0014269274789,4.95239225405e-07,0.999653053563
2614c052d550de30,H2SO4,A,0.000950944959962,0.0009518425039,0.000951622347024,2.20156875861e-07,0.999768704512
6ae248a703318e13,H2SO4,A,0.000713208719971,0.00071396715692,0.000713843304447,1.23852472855e-07,0.999826529173
bd7737f3ea16995b,H2SO4,A,0.000570566975977,0.000571214664613,0.000571135393668,7.92709440736e-08,0.999861223899
8db0b7cc98fbc43f,H2SO4,A,0.00285283487989,0.00283194698484,0.0028299962998,1.95068503862e-06,0.999311185891
dd5740dfb8e0b6d7,H2SO4,A,0.00142641743994,0.00141698198106,0.00141649396187,4.88019194888e-07,0.999655592519
6c0a6901311de663,H2SO4,A,0.000950944959962,0.000944878907295,0.000944661960449,2.16946846007e-07,0.999770397197
880d40d2eac2642e,H2SO4,A,0.000713208719971,0.000708743295754,0.000708621250124,1.22045629776e-07,0.999827799951
ff7308c7ccf0cd93,H2SO4,A,0.000570566975977,0.000567035015474,0.000566956900505,7.81149695013e-08,0.999862239602
c5d8bc12866d106a,H2SO4,A,0.00555464368204,0.00564136936387,0.00563361754339,7.75182048839e-06,0.998625897368
9fe7fc3347e04ecd,H2SO4,A,0.00277732184102,0.00282467762458,0.00282273693956,1.9406850176e-06,0.99931295345
2f29fea3e9faeb93,H2SO4,A,0.00185154789401,0.00188400686445,0.00188314393914,8.62925303857e-07,0.999541973376
87dae904fc97d0a3,H2SO4,A,0.00138866092051,0.00141333848123,0.00141285298067,4.8550056048e-07,0.999656486704
680a4073a5f12d12,H2SO4,A,0.00111092873641,0.00113083082008,0.00113052005798,3.10762098665e-07,0.999725191343
7c515328ea910c46,H2SO4,A,0.00555464368204,0.00560087227277,0.00559323150001,7.64077275769e-06,0.998635788787
44353dcf58dbc124,H2SO4,A,0.00277732184102,0.00280437546098,0.00280246260339,1.9128575911e-06,0.999317902464
9e566d6f14c014c0,H2SO4,A,0.00185154789401,0.00187046012732,0.00186960956664,8.5056067956e-07,0.999545266607
69d38239193724ee,H2SO4,A,0.00138866092051,0.00140317394247,0.00140269539517,4.78547307544e-07,0.999658953681
5cc7f42ff7fb991d,H2SO4,A,0.00111092873641,0.00112269703944,0.00112239072888,3.06310550566e-07,0.999727165442
5028613b1fa5d958,H2SO4,A,0.00555464368204,0.00556037374141,0.00555284321956,7.53052185196e-06,0.998645680632
7bf34e56eadd3e05,H2SO4,A,0.00277732184102,0.00278407291825,0.00278218767521,1.88524303983e-06,0.999322847104
213717eceeab4093,H2SO4,A,0.00185154789401,0.00185691324067,0.00185607496376,8.3827691042e-07,0.99954856431
745220ed66705733,H2SO4,A,0.00138866092051,0.00139300931994,0.00139253768063,4.71639310064e-07,0.999661424153
bb0e4209e498e8eb,H2SO4,A,0.00111092873641,0.00111456320479,0.00111426131655,3.01888242014e-07,0.999729142106
85be98997196c4e5,H2SO4,A,0.00555464368204,0.00551987376692,0.00551245269709,7.42106983359e-06,0.998655572546
01fe9400a7c9ec74,H2SO4,A,0.00277732184102,0.00276377001399,0.00276191218535,1.85782863149e-06,0.999327791885
9ecb8352f436d92c,H2SO4,A,0.00185154789401,0.00184336618948,0.00184254010461,8.26084872127e-07,0.999551860679
7895d68270e5ead6,H2SO4,A,0.00138866092051,0.0013828446102,0.00138237983117,4.64779025876e-07,0.999663896419
e85c609c11bb1b01,H2SO4,A,0.00111092873641,0.00110642931191,0.00110613181368,2.97498227727e-07,0.999731118631
f88fab61f5d4c234,H2SO4,A,0.00555464368204,0.0054793723485,0.00547205993123,7.31241727028e-06,0.998665464436
055901183df29605,H2SO4,A,0.00277732184102,0.00274346674823,0.00274163613389,1.83061433268e-06,0.999332736825
ff2ab011e2d1fd8d,H2SO4,A,0.00185154789401,0.00182981898294,0.00182900500505,8.1397788988e-07,0.999555159337
9be925fa9ae9033c,H2SO4,A,0.00138866092051,0.00137267980814,0.00137222183796,4.57970173416e-07,0.999666367808
436c7627fb9e8eb8,H2SO4,A,0.00111092873641,0.00109829536254,0.00109800222329,2.93139248317e-07,0.999733096161
bf16fd37c94d752d,H2SO4,A,0.00825063575208,0.00832771526972,0.00831080001282,1.69152569079e-05,0.997968799802
da7b6e5e8f69a9ba,H2SO4,A,0.00412531787604,0.00417257062852,0.00416833304274,4.23758577536e-06,0.998984418443
c2634d5f0656652c,H2SO4,A,0.00275021191736,0.00278365355207,0.00278176886756,1.88468450499e-06,0.999322945737
16a8a0de5535e950,H2SO4,A,0.00206265893802,0.0020884681059,0.00208740760583,1.06050007272e-06,0.999492211507
33e39fc14f2d6619,H2SO4,A,0.00165012715042,0.00167112403448,0.00167044518031,6.78854175189e-07,0.999593773914
772b6f7a002de207,H2SO4,A,0.00825063575208,0.00826771452229,0.00825104263853,1.66718837622e-05,0.997983495473
b7acffeb7a5d529c,H2SO4,A,0.00412531787604,0.00414245273864,0.00413827616628,4.17657236823e-06,0.998991763423
bf019e1fd2466970,H2SO4,A,0.00275021191736,0.00276354878758,0.00276169125892,1.8575286623e-06,0.999327846619
554be45367e28d88,H2SO4,A,0.00206265893802,0.00207337968851,0.0020723344644,1.04522410467e-06,0.999495883889
a16e57d71e9a3e99,H2SO4,A,0.00165012715042,0.00165904857111,0.00165837949109,6.69080015064e-07,0.999596708604
d07e02468f8b6522,H2SO4,A,0.00825063575208,0.00820771060212,0.00819128033595,1.6430266162e-05,0.99799819134
617db5d5b368f821,H2SO4,A,0.00412531787604,0.00411233405462,0.00410821805648,4.11599814157e-06,0.998999109001
a1b3a75e77b32878,H2SO4,A,0.00275021191736,0.00274344365019,0.00274161306781,1.83058238381e-06,0.999332742853
a45db897b7bd73de,H2SO4,A,0.00206265893802,0.00205829107125,0.00205726101241,1.03005884241e-06,0.999499556279
4013168df8aac329,H2SO4,A,0.00165012715042,0.00164697298322,0.00164631360897,6.59374253065e-07,0.999599644767
fc4f0decb377f2a4,H2SO4,A,0.00825063575208,0.00814770350635,0.00813151310024,1.61904061127e-05,0.998012887177
8cec1c60b4bb8a87,H2SO4,A,0.00412531787604,0.00408221457376,0.00407815870873,4.05586503091e-06,0.999006454718
e7ac3555921fc1fd,H2SO4,A,0.00275021191736,0.00272333815869,0.00272153432662,1.80383206987e-06,0.999337639336
f3649fa287ba4fbc,H2SO4,A,0.00206265893802,0.00204320226078,0.00204218726132,1.01499945152e-06,0.999503231045
9d3eb5c3d47ac664,H2SO4,A,0.00165012715042,0.00163489727369,0.00163424753891,6.49734782292e-07,0.999602583726
7676bf89afdd73e4,H2SO4,A,0.00825063575208,0.00808769323402,0.00807174092973,1.59523042903e-05,0.998027582918
968bb9ef35229adb,H2SO4,A,0.00412531787604,0.00405209429524,0.00404809812161,3.99617362627e-06,0.999013800436
d5a295d3889d35e2,H2SO4,A,0.00275021191736,0.00270323231265,0.00270145503463,1.77727801969e-06,0.999342535966
398362fa219e05b2,H2SO4,A,0.00206265893802,0.00202811324301,0.00202711318686,1.00005615187e-06,0.999506903199
fe208c429d529c2b,H2SO4,A,0.00165012715042,0.0016228214331,0.00162218126467,6.40168434951e-07,0.999605521333
59322ee8caa95d3a,H2SO4,A,0.0109449811423,0.0109789229753,0.0109494833792,2.94395961335e-05,0.997318535142
a792043f9b288ac6,H2SO4,A,0.00547249057117,0.00550462564401,0.00549724558058,7.38006343118e-06,0.998659297851
920920d2b99d5971,H2SO4,A,0.00364832704745,0.00367312850995,0.00366984549159,3.28301835593e-06,0.999106206508
82812e30b0589519,H2SO4,A,0.00273624528559,0.00275611430875,0.00275426675699,1.84755176176e-06,0.999329653434
3eec19a474087062,H2SO4,A,0.00218899622847,0.00220550035919,0.00220431760181,1.18275738756e-06,0.999463723784
983898a33225c21a,H2SO4,A,0.0109449811423,0.0108995271435,0.0108705129705,2.90141730008e-05,0.997338033786
49d8dd3cc0aa9658,H2SO4,A,0.00547249057117,0.00546472236806,0.00545744905679,7.27331127064e-06,0.998669042857
5be8e652e42d8f86,H2SO4,A,0.00364832704745,0.00364648051291,0.00364324499712,3.2355157834e-06,0.999112701749
1edb55e3c5fb6bb2,H2SO4,A,0.00273624528559,0.0027361111256,0.00273429032355,1.82080204705e-06,0.999334529204
207fd4897bdb7836,H2SO4,A,0.00218899622847,0.00218948953841,0.00218832390178,1.16563663602e-06,0.999467621738
fab1cce8c2042e6e,H2SO4,A,0.0109449811423,0.0108201257423,0.0107915339113,2.85918310415e-05,0.997357532461
d3e3a08877896bfc,H2SO4,A,0.00547249057117,0.00542481769411,0.00541765036157,7.16733254267e-06,0.998678788312
79f8ce51360582cc,H2SO4,A,0.00364832704745,0.00361983189524,0.00361664353893,3.18835630834e-06,0.999119197686
e23d055bf5ceea78,H2SO4,A,0.00273624528559,0.00271610757449,0.00271431331557,1.7942589215e-06,0.999339400641
ebbedf50c831f33a,H2SO4,A,0.00218899622847,0.0021734784994,0.00217232986382,1.14863558267e-06,0.999471521994
b05768c744f2f716,H2SO4,A,0.0109449811423,0.0107407187684,0.0107125461959,2.81725724892e-05,0.997377030989
60dc33b092b1fc17,H2SO4,A,0.00547249057117,0.0053849116191,0.00537784948967,7.06212943334e-06,0.998688533827
78696999a21fcc2a,H2SO4,A,0.00364832704745,0.00359318265417,0.00359004111225,3.14154192837e-06,0.999125693785
7aa2ce3f914556c2,H2SO4,A,0.00273624528559,0.00269610367279,0.00269433576297,1.76790982352e-06,0.999344272314
3ee0593164fcdee2,H2SO4,A,0.00218899622847,0.00215746722542,0.00215633545906,1.13176636428e-06,0.999475418977
e634599367e6d94c,H2SO4,A,0.0109449811423,0.0106613062207,0.0106335498227,2.77563980456e-05,0.99739652933
53238eed2004eb48,H2SO4,A,0.00547249057117,0.00534500414245,0.0053380464401,6.95770235608e-06,0.998698279333
ee6f4e97fdc97b46,H2SO4,A,0.00364832704745,0.00356653278907,0.00356343771596,3.09507310276e-06,0.99913218992
7443f8c605c72d51,H2SO4,A,0.00273624528559,0.00267609941974,0.00267435766444,1.7417553008e-06,0.999349144024
17061736d691dd9f,H2SO4,A,0.00218899622847,0.00214145572685,0.00214034070539,1.11502145878e-06,0.999479316128
0a808488289c1696,H2SO4,A,0.0136386316108,0.0135962020486,0.0135509928592,4.52091893309e-05,0.996674866322
695b974e1ba512df,H2SO4,A,0.0068193158054,0.00682138788316,0.00681004717535,1.13407078098e-05,0.998337477944
82ce3a4450745a17,H2SO4,A,0.00454621053693,0.00455278252375,0.00454773650723,5.04601652471e-06,0.998891663176
447c2324bc084903,H2SO4,A,0.0034096579027,0.00341653558925,0.00341369560201,2.83998724268e-06,0.999168752332
c700848d88207fa7,H2SO4,A,0.00272772632216,0.00273416439563,0.00273234617525,1.81822037679e-06,0.999334999615
228d1796165fb313,H2SO4,A,0.0136386316108,0.0134975108721,0.0134529578616,4.4553010482e-05,0.996699168395
91c2e6eb41219fef,H2SO4,A,0.0068193158054,0.00677172563605,0.00676054973399,1.11759020517e-05,0.998349622732
d70d705d92ad1004,H2SO4,A,0.00454621053693,0.00451960365195,0.00451463099389,4.97265805208e-06,0.998899757936
37b6013aef03c993,H2SO4,A,0.0034096579027,0.00339162487178,0.00338882617884,2.79869293448e-06,0.999174822382
49c258c2dba3356a,H2SO4,A,0.00272772632216,0.00271422307846,0.0027124313117,1.79176675348e-06,0.999339860173
c2abeaa19b5d1715,H2SO4,A,0.0136386316108,0.013398811071,0.0133549094691,4.39016018258e-05,0.996723470344
95a582f0e60c1f63,H2SO4,A,0.0068193158054,0.00672206121914,0.00671104892226,1.10122968802e-05,0.998361767839
574adcd5fd63f6fd,H2SO4,A,0.00454621053693,0.00448642381522,0.00448152398189,4.89983332377e-06,0.99890785322
93b9d7ad45dd8a7b,H2SO4,A,0.0034096579027,0.00336671361249,0.00336395591441,2.75769808741e-06,0.999180893178
a3db61c66b8a02bb,H2SO4,A,0.00272772632216,0.00269428139546,0.0026925158769,1.76551855292e-06,0.999344716348
e3330517c25020a5,H2SO4,A,0.0136386316108,0.0133001026413,0.0132568476753,4.32549660249e-05,0.996747772014
b92f40efc3a598d7,H2SO4,A,0.0068193158054,0.00667239462927,0.0066615447347,1.08498945705e-05,0.998373912939
723c8be40acb6864,H2SO4,A,0.00454621053693,0.00445324301094,0.00444841546672,4.82754422371e-06,0.998915948622
b957ed8dafb9b414,H2SO4,A,0.0034096579027,0.00334180180892,0.00333908480443,2.71700449053e-06,0.999186964205
b1ad75fed8114043,H2SO4,A,0.00272772632216,0.00267433936447,0.00267259990161,1.73946286032e-06,0.999349572876
12e2d67ec979560d,H2SO4,A,0.0136386316108,0.0132013855816,0.0131587724776,4.26131039692e-05,0.996772073378
19e3d219910c0d34,H2SO4,A,0.0068193158054,0.00662272586608,0.00661203717073,1.06886953542e-05,0.998386058011
8c3e5fefd0c4ec0e,H2SO4,A,0.00454621053693,0.00442006123849,0.00441530544729,4.75579119963e-06,0.998924044048
f3dffa55e2e56607,H2SO4,A,0.0034096579027,0.00331688946007,0.00331421284722,2.67661285354e-06,0.999193035256
54b42354ad905bdf,H2SO4,A,0.00272772632216,0.00265439698416,0.0026526833835,1.71360065016e-06,0.999354429401
705275d046eac5e8,H2SO4,A,0.00855270726491,0.00871469959027,0.00869539991035,1.92996799224e-05,0.997785387813
2afca12b27c2e8fa,H2SO4,A,0.00427635363246,0.00436689314842,0.00436205760935,4.83553907764e-06,0.998892682071
ed4e0090031a703a,H2SO4,A,0.00285090242164,0.00291338697188,0.0029112362714,2.15070047624e-06,0.999261786883
eea70f79f3c7ac80,H2SO4,A,0.00213817681623,0.00218583762051,0.00218462739762,1.21022288588e-06,0.999446334497
337885fba6a29b36,H2SO4,A,0.00171054145298,0.00174905301154,0.00174827830594,7.74705595116e-07,0.999557071404
c8b22c340f24259f,H2SO4,A,0.00855270726491,0.00865252483141,0.00863350014401,1.9024687401e-05,0.99780125596
29591794fe577efd,H2SO4,A,0.00427635363246,0.00433567829,0.00433091170374,4.76658626167e-06,0.998900613481
a3b6bd05e3d1fd31,H2SO4,A,0.00285090242164,0.00289254865062,0.00289042862438,2.12002623469e-06,0.999267073266
4e714065e4ae599a,H2SO4,A,0.00213817681623,0.00217019821922,0.00216900526379,1.19295543561e-06,0.999450301164
589a2419e9622e83,H2SO4,A,0.00171054145298,0.00173653635693,0.00173577269841,7.63658522878e-07,0.999560240406
3c075675cd02f9d7,H2SO4,A,0.00855270726491,0.00859034666352,0.00857159500451,1.87516590098e-05,0.997817124297
65e9f38a392fbfaf,H2SO4,A,0.00427635363246,0.00430446257791,0.00429976445275,4.69812516003e-06,0.998908545475
b6feb4a392d798c9,H2SO4,A,0.00285090242164,0.00287170995114,0.00286962038156,2.08956957145e-06,0.999272360507
88597973bbf53344,H2SO4,A,0.00213817681623,0.00215455860802,0.00215338279984,1.17580817791e-06,0.999454269579
ac9033143b83de88,H2SO4,A,0.00171054145298,0.00172401957342,0.00172326688921,7.52684214829e-07,0.999563413185
bfc02d94c483298a,H2SO4,A,0.00855270726491,0.00852816508379,0.00850968448693,1.8480596861e-05,0.997832992598
26c51238917f5685,H2SO4,A,0.00427635363246,0.0042732460095,0.00426861585171,4.6301577925e-06,0.998916477595
cc75768ecf764553,H2SO4,A,0.00285090242164,0.00285087087113,0.0028488115389,2.05933223597e-06,0.999277648014
248cd266d45a4e09,H2SO4,A,0.00213817681623,0.00213891877356,0.00213775998224,1.15879131861e-06,0.999458235005
3a214c9169c72c0a,H2SO4,A,0.00171054145298,0.00171150265109,0.00171076086082,7.41790260478e-07,0.999566585386
94e68f6014630137,H2SO4,A,0.00855270726491,0.00846598009135,0.00844776858977,1.82115015819e-05,0.997848860807
fea0e9b6955b9656,H2SO4,A,0.00427635363246,0.00424202858432,0.00423746589983,4.56268449324e-06,0.998924409772
47f28c679d5175b5,H2SO4,A,0.00285090242164,0.00283003141014,0.00282800209555,2.02931458989e-06,0.999282935665
5e849b4e5950c110,H2SO4,A,0.00213817681623,0.00212327872405,0.00212213682547,1.14189858509e-06,0.999462200336
088a83819f4f97c4,H2SO4,A,0.00171054145298,0.00169898559172,0.00169825461644,7.3097527852e-07,0.999569757812
f6923af7846ae951,H2SO4,A,0.0168503995968,0.0170154271344,0.0169415442528,7.38828815841e-05,0.995657888515
ea5b48ace58811b0,H2SO4,A,0.0084251997984,0.00854424843635,0.00852569792481,1.85505115371e-05,0.997828889027
e4de5f9c6f31cadd,H2SO4,A,0.0056167998656,0.00570431546118,0.00569605893267,8.25652851043e-06,0.998552582064
6220040c02b508d4,H2SO4,A,0.0042125998992,0.0042812971559,0.00427664952208,4.64763382517e-06,0.998914433253
36f00d44f09fd587,H2SO4,A,0.00337007991936,0.00342650791483,0.00342353214894,2.97576589028e-06,0.999131545596
e09187d56cc7134b,H2SO4,A,0.0168503995968,0.0168938902238,0.0168210634872,7.28267365981e-05,0.99568916717
d3e275ccdec681af,H2SO4,A,0.0084251997984,0.00848299075345,0.00846470584026,1.8284913186e-05,0.997844520439
acd443ae8abe17ca,H2SO4,A,0.0056167998656,0.00566336764176,0.00565522938767,8.13825409023e-06,0.99856300092
6126598d05e222a2,H2SO4,A,0.0042125998992,0.00425054518778,0.00424596414709,4.58104068509e-06,0.998922246328
0f541d5d61747a09,H2SO4,A,0.00337007991936,0.00340188658649,0.00339895346368,2.93312280446e-06,0.999137795241
4cd538c459645727,H2SO4,A,0.0168503995968,0.0167723401905,0.0167005620469,7.17781436012e-05,0.99572044552
b5f0f7f048f8ab59,H2SO4,A,0.0084251997984,0.00842172976198,0.00840370854087,1.80212211102e-05,0.997860152057
7a3951c0d10cc90e,H2SO4,A,0.0056167998656,0.00562241834923,0.00561439752076,8.02082847073e-06,0.998573420195
a4ca871a64401cc9,H2SO4,A,0.0042125998992,0.00421979239144,0.00421527746688,4.51492456134e-06,0.998930060026
af7b712fdfe194e3,H2SO4,A,0.00337007991936,0.00337726472927,0.00337437394521,2.89078406124e-06,0.999144045761
2224a23424d42d4e,H2SO4,A,0.0168503995968,0.0166507770302,0.0165800399245,7.07371056375e-05,0.995751723448
c790457ff6ed953a,H2SO4,A,0.0084251997984,0.00836046545886,0.00834270602125,1.77594376122e-05,0.997875783627
a8088975e82b2eea,H2SO4,A,0.0056167998656,0.00558146758096,0.00557356332731,7.90425364254e-06,0.99858383955
1fcd561ed4e2f51b,H2SO4,A,0.0042125998992,0.00418903876408,0.00418458947649,4.44928758387e-06,0.998937873857
0d19c4b489a3fa8f,H2SO4,A,0.00337007991936,0.00335264233989,0.00334979358773,2.8487521586e-06,0.999150296432
b4aefe8be5ef0079,H2SO4,A,0.0168503995968,0.0165292007405,0.0164594971162,6.97036242526e-05,0.995783000924
dee30fb52d266bb7,H2SO4,A,0.0084251997984,0.00829919784356,0.00828169828048,1.74995630798e-05,0.997891415121
3d9e9ae284906e56,H2SO4,A,0.0056167998656,0.00554051533619,0.00553272680602,7.78853016845e-06,0.998594258892
1c923cbebbab3726,H2SO4,A,0.0042125998992,0.00415828430514,0.00415390017497,4.38413016866e-06,0.998945687729
d6c5f053d663adac,H2SO4,A,0.00337007991936,0.00332801941809,0.0033252123908,2.80702729201e-06,0.999156547201
296069a25a514bb3,H2SO4,A,0.0251427786427,0.025161758999,0.024999529323,0.000162229675986,0.99355253041
e6aa68ea29a03a94,H2SO4,A,0.0125713893214,0.0126611040082,0.0126202862725,4.08177357112e-05,0.996776131395
0da4df8e52e5856a,H2SO4,A,0.00838092621425,0.00845866470865,0.00844048473944,1.81799692069e-05,0.997850728237
2307dc506a58b2ce,H2SO4,A,0.00628569466069,0.00635073607198,0.006340498922,1.02371499775e-05,0.998388037251
73cc52a8d4e649a8,H2SO4,A,0.00502855572855,0.00508382653927,0.00507727056841,6.55597085831e-06,0.998710425935
7ad2c7beabd59445,H2SO4,A,0.0251427786427,0.0249818151454,0.024821912139,0.000159903006435,0.993599223855
d60586b131bb079f,H2SO4,A,0.0125713893214,0.0125700551118,0.0125298241622,4.02309495897e-05,0.996799461161
504434ff8e6277fe,H2SO4,A,0.00838092621425,0.00839772400457,0.00837980559128,1.79184132935e-05,0.997866277424
672bfc524b1bd5aa,H2SO4,A,0.00628569466069,0.00630493970405,0.00629484989296,1.00898110947e-05,0.998399697449
e8921f93353f2bc5,H2SO4,A,0.00502855572855,0.00504714576467,0.00504068417215,6.46159252328e-06,0.998719753139
0db86e44941f2876,H2SO4,A,0.0251427786427,0.0248018423322,0.0246442493512,0.000157592980938,0.993645916347
0e6c459270a6a12b,H2SO4,A,0.0125713893214,0.0124789988779,0.012439350489,3.96483889271e-05,0.996822790889
2e0a75128185b9fe,H2SO4,A,0.00838092621425,0.00833678002628,0.00831912128238,1.76587438965e-05,0.997881826816
3238e164bb85556e,H2SO4,A,0.00628569466069,0.0062591414919,0.00624919795705,9.9435348553e-06,0.998411358032
3cc4ee882bea3c48,H2SO4,A,0.00502855572855,0.00501046380932,0.00500409591486,6.36789446046e-06,0.998729080839
7c3fe9af0de6e6d2,H2SO4,A,0.0251427786427,0.0246218405515,0.0244665409472,0.000155299604365,0.993692607828
bd37b8cb4ca39cfe,H2SO4,A,0.0125713893214,0.0123879353029,0.0123488652466,3.90700563203e-05,0.996846120409
7d24fbd8080fd761,H2SO4,A,0.00838092621425,0.00827583277091,0.00825843180776,1.7400963148e-05,0.997897376176
1c42a436070742f2,H2SO4,A,0.00628569466069,0.00621334143245,0.00620354310887,9.79832358406e-06,0.998423018646
f8c291f57202ec79,H2SO4,A,0.00502855572855,0.00497378067047,0.00496750579171,6.27487876035e-06,0.998738408632
ca0a7ebba2e54eec,H2SO4,A,0.0251427786427,0.0244418097971,0.0242887869164,0.000153022880726,0.993739298276
63e5213061b124d0,H2SO4,A,0.0125713893214,0.0122968643857,0.0122583684331,3.84959525821e-05,0.996869449693
fe2d713dcba57046,H2SO4,A,0.00838092621425,0.00821488223764,0.00819773716599,1.71450716515e-05,0.99791292545
317e462016ed69d9,H2SO4,A,0.00628569466069,0.00616753952509,0.00615788534736,9.65417772953e-06,0.998434679228
34bb550aa7d31e30,H2SO4,A,0.00502855572855,0.00493709634752,0.00493091380164,6.18254587106e-06,0.998747736435
8c6e4e123eb555ac,H2SO4,A,0.0334337349722,0.0331602573595,0.0328773445019,0.000282912857561,0.991468315385
edb1ded72b919e4e,H2SO4,A,0.0167168674861,0.0167200366543,0.016648707371,7.13292833339e-05,0.99573390389
ff62c384ee3049b4,H2SO4,A,0.0111445783241,0.011178015008,0.0111462234755,3.17915325255e-05,0.997155887472
b3d09103cdc64548,H2SO4,A,0.00835843374305,0.00839529072825,0.00837738272329,1.79080049596e-05,0.997866898772
cbec6b792afb5156,H2SO4,A,0.00668674699444,0.00672189520111,0.00671042436387,1.14708372364e-05,0.998293511444
ab3893262cc6ecd9,H2SO4,A,0.0334337349722,0.0329228080291,0.0326439661626,0.000278841866489,0.991530434881
1c947e8cb33bf5e8,H2SO4,A,0.0167168674861,0.0165994289743,0.0165291292994,7.02996748716e-05,0.995764934144
6693b7a547d74248,H2SO4,A,0.0111445783241,0.0110971865487,0.0110658543921,3.133215658e-05,0.997176567552
9fa438ea91d41727,H2SO4,A,0.00835843374305,0.00833450993664,0.00831686082975,1.764910689e-05,0.997882406161
3e674e5fab1c6799,H2SO4,A,0.00668674699444,0.0066731938544,0.00666188890317,1.13049512235e-05,0.998305915957
2764e08c6baeab09,H2SO4,A,0.0334337349722,0.0326853079426,0.0324105079357,0.000274800006882,0.991592552612
b26e03dab55edd3e,H2SO4,A,0.0167168674861,0.0164788083746,0.0164095308728,6.92775018743e-05,0.995795964107
1dd881046e1cda19,H2SO4,A,0.0111445783241,0.0110163523143,0.0109854762073,3.08761069945e-05,0.997197247681
5edf34e18483d28a,H2SO4,A,0.00835843374305,0.00827372588828,0.00825633380302,1.73920852617e-05,0.99789791377
00a46a3daca85b64,H2SO4,A,0.00668674699444,0.00662449042082,0.00661335015313,1.11402676987e-05,0.998318320808
110935124470af28,H2SO4,A,0.0334337349722,0.032447757084,0.0321769697949,0.000270787289079,0.991654668507
03b258605772ccd1,H2SO4,A,0.0167168674861,0.0163581748509,0.0162899120833,6.82627675267e-05,0.99582699365
00040864bc15f82a,H2SO4,A,0.0111445783241,0.0109355123016,0.0109050889153,3.04233862308e-05,0.997217927666
9a0b07edb794ea18,H2SO4,A,0.00835843374305,0.00821293858006,0.00819580163765,1.71369424118e-05,0.997913421336
dd50633b17df39ab,H2SO4,A,0.00668674699444,0.00657578489743,0.00656480810852,1.09767889049e-05,0.998330725674
3a588a5b40fb0845,H2SO4,A,0.0334337349722,0.0322101554395,0.0319433517183,0.000266803721287,0.99171678256
7338370982900a62,H2SO4,A,0.0167168674861,0.0162375284007,0.0161702729274,6.72554733285e-05,0.995858022744
c54e7cd672e0448d,H2SO4,A,0.0111445783241,0.0108546665095,0.0108246925145,2.99739949935e-05,0.997238607472
3b932a1f256c0151,H2SO4,A,0.00835843374305,0.00815214801137,0.00813526433259,1.68836787729e-05,0.997928928823
efa7f56df462f8ad,H2SO4,A,0.00668674699444,0.00652707728381,0.00651626276868,1.08145151288e-05,0.998343130522
62463130cdbb1595,H2SO4,A,0.0417241056934,0.041014284504,0.04057973977,0.000434544734022,0.989405039262
4bfbb6423a66aeca,H2SO4,A,0.0208620528467,0.0207220426668,0.0206122593347,0.000109783332046,0.994702098929
f11fdc97357f67d6,H2SO4,A,0.0139080352311,0.0138628958327,0.0138139319086,4.89639240614e-05,0.996467987306
9357f1090f3f8bf3,H2SO4,A,0.0104310264234,0.0104153102252,0.0103877196857,2.75905394883e-05,0.997350963256
a3dc1acce660f65d,H2SO4,A,0.00834482113868,0.00834097078808,0.00832329425457,1.76765335063e-05,0.997880758253
7c48bdff72587bc5,H2SO4,A,0.0417241056934,0.0407202004279,0.0402919296876,0.000428270740318,0.989482597438
98659b6489049ad8,H2SO4,A,0.0208620528467,0.0205721007147,0.0204639085923,0.000108192122437,0.994740832551
a62b9d24166c9174,H2SO4,A,0.0139080352311,0.0137622807455,0.0137140274287,4.8253316723e-05,0.996493799421
9240a7e4a22dc180,H2SO4,A,0.0104310264234,0.0103396024078,0.0103124125452,2.71898625275e-05,0.997370318369
8e05b039d818c1de,H2SO4,A,0.00834482113868,0.00828028587012,0.00826286613866,1.7419731464e-05,0.997896240331
cc8eeb4549f25521,H2SO4,A,0.0417241056934,0.0404260379937,0.0400039963334,0.000422041660229,0.989560152783
b20070089983ab6c,H2SO4,A,0.0208620528467,0.0204221387278,0.0203155262918,0.00010661243594,0.99477956558
e52b68faaf068a10,H2SO4,A,0.0139080352311,0.0136616566886,0.0136141088148,4.75478737884e-05,0.99651961143
d757593b8c15581a,H2SO4,A,0.0104310264234,0.0102638895272,0.010237097425,2.67921021964e-05,0.997389673561
92dae26c6c4b97c6,H2SO4,A,0.00834482113868,0.00821959770583,0.00820243290595,1.71647998821e-05,0.99791172263
bb38b5547527ebb4,H2SO4,A,0.0417241056934,0.0401317971729,0.0397159396613,0.000415857511568,0.98963770524
5367e8ef8a0154a4,H2SO4,A,0.0208620528467,0.0202721567005,0.0201671124244,0.000105044276047,0.994818297944
d9a68321330fd337,H2SO4,A,0.0139080352311,0.0135610236581,0.0135141760599,4.68475982261e-05,0.996545423162
1319516949e0b5e9,H2SO4,A,0.0104310264234,0.0101881715806,0.0101617743199,2.63972607099e-05,0.997409028646
54ee5caa02333f44,H2SO4,A,0.00834482113868,0.00815890629219,0.00814199455118,1.69117410104e-05,0.997927204897
0ff9a162b2100e07,H2SO4,A,0.0417241056934,0.0398374779392,0.039427759629,0.000409718310245,0.989715254794
70ac4f1461f02d07,H2SO4,A,0.0208620528467,0.0201221546286,0.020018666983,0.000103487645627,0.994857029601
08639f90a2109584,H2SO4,A,0.0139080352311,0.0134603816527,0.0134142291619,4.61524908544e-05,0.996571234602
9b4386db192cd750,H2SO4,A,0.0104310264234,0.0101124485668,0.010086443228,2.60053387889e-05,0.997428383579
a4f7e3f18d563e13,H2SO4,A,0.00834482113868,0.00809821162848,0.0080815510731,1.66605553831e-05,0.997942687084
530251d5c6dd319e,H2SO4,A,0.0229886781427,0.0232520085926,0.023108479632,0.00014352896053,0.993827244646
288ffd59bad23d8a,H2SO4,A,0.0114943390714,0.0116944455304,0.0116583480386,3.609749183e-05,0.996913278895
1b438747f4d554f1,H2SO4,A,0.00766289271424,0.00781158576882,0.00779551040618,1.60753626354e-05,0.997942112765
1692fb44abf08b50,H2SO4,A,0.00574716953568,0.00586443384918,0.00585538243512,9.05141405851e-06,0.998456557906
035ff886d05ed3b6,H2SO4,A,0.00459773562855,0.00469430733372,0.00468851096248,5.79637124163e-06,0.998765233968
a866f91d679e644d,H2SO4,A,0.0229886781427,0.0230871810934,0.022945691468,0.000141489625459,0.993871507098
a9d57ea0280a1d8b,H2SO4,A,0.0114943390714,0.011611121139,0.0115755376796,3.55834593868e-05,0.996935398489
442b5d6c55a8b2b5,H2SO4,A,0.00766289271424,0.00775583217579,0.00773998589628,1.58462795055e-05,0.997956856318
a2f26ee68f1dd1ba,H2SO4,A,0.00574716953568,0.00582254192321,0.00581361954328,8.92237992977e-06,0.998467614309
ef13bfd83f8d6e36,H2SO4,A,0.00459773562855,0.00466075690222,0.00465504317925,5.71372296832e-06,0.998774078312
d4e4df32d40b7762,H2SO4,A,0.0229886781427,0.022922329322,0.0227828645726,0.000139464749402,0.99391576888
ffad6c0000006cb8,H2SO4,A,0.0114943390714,0.0115277906059,0.011492717512,3.50730939184e-05,0.99695751813
912894004c3aca7e,H2SO4,A,0.00766289271424,0.0077000758438,0.00768445701115,1.56188326503e-05,0.997971600155
8416873babb84349,H2SO4,A,0.00574716953568,0.0057806484549,0.00577185418763,8.79426727172e-06,0.998478671149
35a358995f7b3f47,H2SO4,A,0.00459773562855,0.00462720548365,0.00462157381934,5.63166431263e-06,0.998782923228
f9abb9295e2b586e,H2SO4,A,0.0229886781427,0.0227574532712,0.0226199989337,0.000137454337545,0.99396002989
ea23fd312641b7e3,H2SO4,A,0.0114943390714,0.0114444539279,0.0114098875299,3.45663980117e-05,0.996979637628
1d30fa2e5a0dabbb,H2SO4,A,0.00766289271424,0.0076443167699,0.00762892374548,1.53930244219e-05,0.997986343988
26e22ebdc1bfd13f,H2SO4,A,0.00574716953568,0.00573875344143,0.0057300863631,8.66707833292e-06,0.998489728053
c1e61b6e0eac3e19,H2SO4,A,0.00459773562855,0.00459365307521,0.0045881028777,5.55019751146e-06,0.998791768246
4f4d8adf7fb18f71,H2SO4,A,0.0229886781427,0.022592552936,0.0224570945426,0.000135458393377,0.994004290097
a1226af252146a4a,H2SO4,A,0.0114943390714,0.011361111104,0.0113270477316,3.40633723925e-05,0.997001756951
50a4f1afcf242419,H2SO4,A,0.00766289271424,0.00758855495334,0.00757338609794,1.51688553947e-05,0.998001087758
d03d4c4f9212adae,H2SO4,A,0.00574716953568,0.00569685688215,0.00568831606852,8.54081362937e-06,0.998500784941
e43bfad7e9ac02b6,H2SO4,A,0.00459773562855,0.00456009967645,0.00455463035354,5.46932290987e-06,0.998800613298
b14815ca9022d070,H2SO4,A,0.0456170337575,0.0453968378828,0.0448435851629,0.000553252719906,0.987812967913
f8606af00f433f61,H2SO4,A,0.0228085168788,0.0229622925219,0.0228223382612,0.000139954260657,0.993905039729
e5b0ab1f5442b782,H2SO4,A,0.0152056779192,0.0153674401045,0.0153049928677,6.24472368745e-05,0.99593639302
a159f51d09fff10b,H2SO4,A,0.0114042584394,0.0115478830218,0.0115126872143,3.51958074922e-05,0.996952185312
5b97f9c5c755fa99,H2SO4,A,0.00912340675151,0.00924903393218,0.00922648198154,2.25519506375e-05,0.997561696627
f1d748b8967b52d5,H2SO4,A,0.0456170337575,0.0450766880096,0.0445313000298,0.000545387979788,0.987900886159
340f8f1ec64c8c58,H2SO4,A,0.0228085168788,0.0227987114294,0.0226607553945,0.000137956034858,0.993948954734
14162d688ae64b89,H2SO4,A,0.0152056779192,0.0152575944565,0.0151960401276,6.15543289171e-05,0.995965659653
92b7558776c37660,H2SO4,A,0.0114042584394,0.0114652001684,0.0114305079793,3.46921890914e-05,0.996974131408
7c1fe2bf9d0eacb1,H2SO4,A,0.00912340675151,0.00918274385683,0.00916051474392,2.22291129107e-05,0.997579251555
4cf814ae8e9b52d7,H2SO4,A,0.0456170337575,0.0447564448433,0.0442188662901,0.000537578553224,0.987988801275
18dc1305d25174c6,H2SO4,A,0.0228085168788,0.0226351064358,0.0224991343879,0.000135972047934,0.993992869072
a73887842a8adf5f,H2SO4,A,0.0152056779192,0.0151477381003,0.0150870702901,6.06678101688e-05,0.995994926122
07c1a24b672cd856,H2SO4,A,0.0114042584394,0.0113825112684,0.0113483190873,3.41921811069e-05,0.996996077553
c4d8c513a0d78668,H2SO4,A,0.00912340675151,0.00911644990328,0.00909454131159,2.19085916942e-05,0.99759680666
39bf8280b02d3432,H2SO4,A,0.0456170337575,0.0444361083585,0.0439062839049,0.000529824453557,0.98807671344
78f475608be5665f,H2SO4,A,0.0228085168788,0.0224714775343,0.0223374752294,0.000134002304883,0.994036782642
ac99d4d9f07415e9,H2SO4,A,0.0152056779192,0.0150378710318,0.0149780833482,5.97876836001e-05,0.996024192289
cad29025ea728dd1,H2SO4,A,0.0114042584394,0.0112998163185,0.0112661205325,3.36957860099e-05,0.997018023562
12d3de1667b35081,H2SO4,A,0.00912340675151,0.00905015206855,0.00902856167921,2.15903893422e-05,0.997614361706
c505c355a56989b0,H2SO4,A,0.0456170337575,0.0441156784982,0.043593552771,0.000522125727286,0.988164622079
d059569681f90526,H2SO4,A,0.0228085168788,0.0223078247202,0.0221757779115,0.000132046808696,0.994080695435
de976e47a5d10b88,H2SO4,A,0.0152056779192,0.0149279932494,0.0148690792988,5.891395054e-05,0.99605345812
a55ad3a67dee94f6,H2SO4,A,0.0114042584394,0.0112171153176,0.011183912313,3.32030046209e-05,0.997039969397
26ad2aa363f4b40e,H2SO4,A,0.00912340675151,0.00898385035204,0.00896257584574,2.12745062935e-05,0.997631916666
887fdf0a42fb4296,H2SO4,A,0.0682415323523,0.0668277599667,0.0656155894473,0.0012121705194,0.981861272621
dd29c9dacc721525,H2SO4,A,0.0341207661762,0.0339921482594,0.0336837445886,0.000308403670799,0.990927208588
1cf74ae89d865439,H2SO4,A,0.0227471774508,0.0227919168908,0.0226540435426,0.000137873348201,0.99395077874
b601bba87b2d7563,H2SO4,A,0.0170603830881,0.0171431515794,0.0170653702481,7.77813313229e-05,0.995462833601
6e60c93e376de61b,H2SO4,A,0.0136483064705,0.013738216544,0.0136883488681,4.98676758963e-05,0.99637014923
540d6c6b13a0c355,H2SO4,A,0.0682415323523,0.066358842099,0.0651639132149,0.00119492888411,0.981992921421
cf321a5ea0977f55,H2SO4,A,0.0341207661762,0.0337500154694,0.0334460269339,0.000303988535502,0.99099293641
a484d013db91f6e5,H2SO4,A,0.0227471774508,0.0226287491087,0.0224928538599,0.000135895248876,0.993994575298
2308b6892a835bb3,H2SO4,A,0.0170603830881,0.0170201152003,0.0169434510303,7.66641699854e-05,0.995495672674
6b1045fee8559094,H2SO4,A,0.0136483064705,0.0136394688781,0.0135903179118,4.91509662204e-05,0.99639641641
cf7b4d5b76659a53,H2SO4,A,0.0682415323523,0.0658897204158,0.0647119129049,0.0011778075109,0.982124563536
2d829f118aa52fe1,H2SO4,A,0.0341207661762,0.0335078298248,0.0332082250097,0.000299604815108,0.991058662507
d819f23521bca68b,H2SO4,A,0.0227471774508,0.0224655575499,0.0223316262353,0.000133931314673,0.99403837121
b0b1f2822e68607e,H2SO4,A,0.0170603830881,0.0168970653662,0.0168215103323,7.55550339325e-05,0.995528511473
189743bfb9d65ba5,H2SO4,A,0.0136483064705,0.0135407125705,0.0134922731561,4.84394143883e-05,0.996422683508
df2a3e9ea6caac0c,H2SO4,A,0.0682415323523,0.0654203947678,0.0642595882547,0.00116080651307,0.982256198282
b2187fe74e9586cb,H2SO4,A,0.0341207661762,0.0332655913101,0.0329703387902,0.000295252519953,0.991124386842
0718b6096cd70968,H2SO4,A,0.0227471774508,0.022302342207,0.0221703606559,0.00013198155113,0.994082166353
6dc80ebfbdc51434,H2SO4,A,0.0170603830881,0.0167740020726,0.016699548146,7.4453926577e-05,0.995561349864
ae2317313019d689,H2SO4,A,0.0136483064705,0.0134419476176,0.0133942145945,4.77330231125e-05,0.99644895037
fbad8b6881c76ef1,H2SO4,A,0.0682415323523,0.0649508650536,0.0638069390983,0.0011439259553,0.982387825715
a5182b5dca93936b,H2SO4,A,0.0341207661762,0.0330232999109,0.0327323682513,0.000290931659624,0.991190109395
69cd5000207e2670,H2SO4,A,0.0227471774508,0.0221391030756,0.0220090571144,0.000130045961148,0.994125960717
1cc53cdcdfd12ab9,H2SO4,A,0.0170603830881,0.0166509253172,0.0165775644677,7.33608494711e-05,0.995594187826
12e7e617e121968c,H2SO4,A,0.0136483064705,0.0133431740182,0.0132961422249,4.70317933249e-05,0.996475216972
c448d64203118708,H2SO4,A,0.0908650316606,0.0875730931451,0.0854688586008,0.0021042345443,0.975971677273
17dcc544c3c59299,H2SO4,A,0.0454325158303,0.0447905895753,0.0442521810571,0.000538408518175,0.987979427749
8f88cde57a130ab3,H2SO4,A,0.0302883438869,0.0300880748512,0.0298469194832,0.000241155368005,0.991985018344
d56fa210cc6403e6,H2SO4,A,0.0227162579151,0.0226520892564,0.0225159119402,0.00013617731618,0.993988310984
6fe65496663c066f,H2SO4,A,0.0181730063321,0.0181631354746,0.018075778735,8.73567396201e-05,0.99519043726
a47c1b9956a49d91,H2SO4,A,0.0908650316606,0.0869616223507,0.0848873385236,0.0020742838271,0.976147135127
93873f7a61f69f44,H2SO4,A,0.0454325158303,0.0444715456346,0.0439408661516,0.000530679483081,0.988066988104
1e88a347ea497b29,H2SO4,A,0.0302883438869,0.0298723279083,0.0296346443528,0.000237683555537,0.992043353425
0adddf7b9c63bee7,H2SO4,A,0.0227162579151,0.0224891214444,0.0223549074414,0.000134214002953,0.994032047749
d796e4a6ec3ffd8f,H2SO4,A,0.0181730063321,0.0180322020857,0.0179461058869,8.60961987694e-05,0.995225419593
d58d8a575df05b37,H2SO4,A,0.0908650316606,0.086349798564,0.0843052581044,0.0020445404596,0.97632257986
8e87ef0f54f652c1,H2SO4,A,0.0454325158303,0.0441524090903,0.0436294037298,0.000523005360486,0.988154545329
161999b285e9ac93,H2SO4,A,0.0302883438869,0.0296565391412,0.0294223025192,0.000234236621991,0.992101687224
cc588179c9014e02,H2SO4,A,0.0227162579151,0.0223261299162,0.0221938650967,0.000132264819462,0.994075783848
ec6db4abbb48b534,H2SO4,A,0.0181730063321,0.017901253446,0.0178164086937,8.48447523689e-05,0.99526040159
e7ac52f5cc1f7606,H2SO4,A,0.0908650316606,0.0857376215358,0.08372261693,0.00201500460575,0.976498011379
290d26cb7722266a,H2SO4,A,0.0454325158303,0.0438331799032,0.0433177937249,0.00051538617822,0.988242099265
1cd5f16c2359ef62,H2SO4,A,0.0302883438869,0.0294407085363,0.0292098939593,0.000230814577058,0.992160019628
f7dbcd3c25659c73,H2SO4,A,0.0227162579151,0.0221631146651,0.0220327848947,0.000130329770426,0.994119519192
289af80c1ee00551,H2SO4,A,0.0181730063321,0.0177702895505,0.0176866871462,8.36024042493e-05,0.995295383116
d540f512d5ba83d8,H2SO4,A,0.0908650316606,0.085125091032,0.0831394146176,0.00198567641438,0.976673429769
eadcdd05890a8289,H2SO4,A,0.0454325158303,0.043513858043,0.0430060360877,0.000507821955311,0.988329649952
720cb17aa42e144f,H2SO4,A,0.0302883438869,0.029224836084,0.028997418657,0.000227417427055,0.992218350638
5f49e46894bbe1e1,H2SO4,A,0.0227162579151,0.0220000756865,0.0218716668274,0.00012840885909,0.994163253758
d1fe8e646f35eb30,H2SO4,A,0.0181730063321,0.0176393103966,0.0175569412406,8.23691560535e-05,0.995330364158
3881b3f3f5f399c3,H2SO4,A,0.113488125382,0.107657807151,0.104443607146,0.00321420000515,0.970144292456
108303d6c4b69b58,H2SO4,A,0.0567440626909,0.0553628945253,0.0545358638058,0.000827030719528,0.98506164234
2be5248e75ef7984,H2SO4,A,0.0378293751273,0.0372581523101,0.0368870262163,0.000371126093857,0.990039063377
3a00cc677fbf213a,H2SO4,A,0.0283720313454,0.0280759428947,0.0278661756889,0.000209767205791,0.992528578414
885e9470b8ad6239,H2SO4,A,0.0226976250764,0.0225245935596,0.0223899534448,0.000134640114757,0.994022528557
33b3ebdba29b0e12,H2SO4,A,0.113488125382,0.106909691488,0.103741276746,0.00316841474165,0.97036363404
32a9aef14a19d051,H2SO4,A,0.0567440626909,0.0549685254441,0.0541534002063,0.000815125237793,0.98517105505
4ef7016a4ac182a2,H2SO4,A,0.0378293751273,0.0369905482065,0.036624783662,0.000365764544517,0.990111945828
aed690614baf3ec6,H2SO4,A,0.0283720313454,0.0278734547603,0.0276667234174,0.000206731342934,0.992583217807
d13298ef559b4585,H2SO4,A,0.0226976250764,0.0223617395377,0.0222290501003,0.00013268943738,0.994066229188
bacc3b4dc7cbbe29,H2SO4,A,0.113488125382,0.10616103785,0.103038093805,0.00312294404493,0.970582954837
97d0cf8bfd754136,H2SO4,A,0.0567440626909,0.0545740135628,0.0537707093109,0.000803304251939,0.985280462266
45c99e5d3b706800,H2SO4,A,0.0378293751273,0.0367228793662,0.0363624379208,0.000360441445361,0.990184826147
c6e396f7519d70ec,H2SO4,A,0.0283720313454,0.0276709298448,0.0274672124758,0.000203717369056,0.992637856039
edb7a37e6a6f237f,H2SO4,A,0.0226976250764,0.0221988618351,0.0220681089661,0.000130752869003,0.99410992915
97c0cbb88af4bead,H2SO4,A,0.113488125382,0.10541184578,0.102334057572,0.00307778820787,0.97080225486
2e0cc4823f81f069,H2SO4,A,0.0567440626909,0.0541793588499,0.0533877910786,0.000791567771263,0.985389864552
044eaefc64250bca,H2SO4,A,0.0378293751273,0.0364551457681,0.0360999889576,0.000355156810472,0.990257704283
ef97474fa9a22cdc,H2SO4,A,0.0283720313454,0.0274683681389,0.0272676428487,0.000200725290235,0.992692493081
111a1df3b49b7671,H2SO4,A,0.0226976250764,0.0220359604456,0.0219071300316,0.00012883041392,0.994153628373
4d956feeff68dc49,H2SO4,A,0.113488125382,0.104662114824,0.1016291673,0.00303294752336,0.97102153412
2151bdb2c97d1147,H2SO4,A,0.0567440626909,0.0537845612411,0.0530046454026,0.000779915838496,0.985499261861
a124070d14bebcaf,H2SO4,A,0.0378293751273,0.036187347393,0.0358374367403,0.000349910652684,0.99033058022
3926b5b397b1f2ff,H2SO4,A,0.0283720313454,0.0272657696335,0.0270680145207,0.000197755112819,0.992747128892
4be7c71f4409b0d8,H2SO4,A,0.0226976250764,0.0218730353639,0.0217461132881,0.000126922075826,0.994197326813
3674008644952745,H2SO4,A,0.0561906905732,0.0558824674312,0.0550118100943,0.000870657336935,0.984419847996
241bdfba2506bd8d,H2SO4,A,0.0280953452866,0.0283432685108,0.0281223682827,0.000220900228085,0.992206254265
f77f1f7072430fd0,H2SO4,A,0.0187302301911,0.0189859978994,0.0188873351549,9.86627444306e-05,0.994803394325
d3f93b33284f3e8d,H2SO4,A,0.0140476726433,0.014273593189,0.0142179584459,5.56347431383e-05,0.996102260839
a9ff13e8450466ab,H2SO4,A,0.0112381381146,0.0114352818642,0.0113996229219,3.56589423416e-05,0.996881673511
98f59b9410b0585f,H2SO4,A,0.0561906905732,0.0554921502912,0.0546337828614,0.000858367429842,0.98453173241
9678ab0dd35485d7,H2SO4,A,0.0280953452866,0.0281428074605,0.0279250425391,0.000217764921397,0.992262146493
829339e89e04716a,H2SO4,A,0.0187302301911,0.018851155742,0.0187538959245,9.72598175259e-05,0.994840644316
caca153d7c00758a,H2SO4,A,0.0140476726433,0.014172007721,0.0141171647994,5.48429215199e-05,0.996130193929
41c163e932b08445,H2SO4,A,0.0112381381146,0.0113537947902,0.0113186436433,3.51511468453e-05,0.996904017776
67606e60fea56d5d,H2SO4,A,0.0561906905732,0.0551016930924,0.0542555301335,0.000846162958941,0.984643612356
610e9760c7538853,H2SO4,A,0.0280953452866,0.0279423103353,0.0277276585602,0.000214651775083,0.992318037682
e01b1674e3de76a7,H2SO4,A,0.0187302301911,0.018716297393,0.0186204305335,9.58668595096e-05,0.994877893982
bae4a340e2993f9b,H2SO4,A,0.0140476726433,0.0140704131007,0.0140163563597,5.40567410579e-05,0.996158126938
c61b20aab68ac659,H2SO4,A,0.0112381381146,0.0112723018424,0.0112376548685,3.46469739575e-05,0.996926362118
65865c894e188ddb,H2SO4,A,0.0561906905732,0.0547110957778,0.0538770518145,0.000834043963371,0.984755487867
b0a4b806cd4815eb,H2SO4,A,0.0280953452866,0.0277417771264,0.0275302163311,0.000211560795295,0.992373927801
35107c3aff6dfd6a,H2SO4,A,0.0187302301911,0.0185814228473,0.018486938973,9.44838743377e-05,0.994915143199
c3e77eb878ed17ed,H2SO4,A,0.0140476726433,0.0139688093249,0.0139155331204,5.32762045006e-05,0.996186059723
22a46900ab6bbde0,H2SO4,A,0.0112381381146,0.0111908030179,0.0111566565916,3.41464262411e-05,0.996948706345
392c0e5f596bb0e3,H2SO4,A,0.0561906905732,0.0543203582866,0.0534983477998,0.000822010486834,0.984867358892
250bf7b034a37e39,H2SO4,A,0.0280953452866,0.0275412078252,0.0273327158366,0.000208491988538,0.992429816809
ffbc0b699416574d,H2SO4,A,0.0187302301911,0.018446532102,0.0183534212379,9.31108641764e-05,0.994952391937
4a010333c29d688b,H2SO4,A,0.0140476726433,0.013867196392,0.0138146950791,5.25013129343e-05,0.996213992256
eecee2071ebaaabb,H2SO4,A,0.0112381381146,0.0111092983156,0.0110756488112,3.36495044081e-05,0.996971050425
2ef98ab569bd1252,H2SO4,A,0.111937580954,0.10774315764,0.104418596291,0.00332456134902,0.969143642883
e273232e86ee0845,H2SO4,A,0.0559687904771,0.0554080370207,0.0545523061574,0.000855730863301,0.98455583505
72f23dc687dfadbe,H2SO4,A,0.0373125269847,0.0372888181752,0.0369047675225,0.000384050652777,0.989700648302
d4c2f6a9a33e6d6a,H2SO4,A,0.0279843952386,0.0280991596583,0.0278820743917,0.000217085266546,0.992274314635
1f9451765093e903,H2SO4,A,0.0223875161908,0.0225432721565,0.0224039299517,0.000139342204823,0.993818900652
034c46f5517d3e18,H2SO4,A,0.111937580954,0.107005368539,0.103727462472,0.00327790606712,0.969366900821
9632346e065f718b,H2SO4,A,0.0559687904771,0.0550190790439,0.054175486687,0.000843592356894,0.984667275942
abe9ebd5015c5931,H2SO4,A,0.0373125269847,0.0370248799389,0.0366462967879,0.000378583151043,0.989774898618
aebf5f055a42b8d9,H2SO4,A,0.0279843952386,0.0278994433402,0.0276854542102,0.000213989129954,0.992329985679
1d82dbda46e4f501,H2SO4,A,0.0223875161908,0.0223826464778,0.0222452937871,0.000137352690707,0.993863429383
ad9bbf1b4be80ceb,H2SO4,A,0.111937580954,0.106267055079,0.103035488812,0.003231566267,0.969590140005
1f40dbf632d22d8d,H2SO4,A,0.0559687904771,0.0546299820368,0.0537984433659,0.00083153867096,0.984778712349
22e5caa968af5ab2,H2SO4,A,0.0373125269847,0.0367608786841,0.036387724411,0.000373154273129,0.989849147069
55c64440dce22f99,H2SO4,A,0.0279843952386,0.0276996912231,0.0274887762379,0.000210914985195,0.992385655728
1a5a407e514e5abc,H2SO4,A,0.0223875161908,0.0222219977522,0.0220866203979,0.000135377354264,0.993907957521
df884a91e4b25667,H2SO4,A,0.111937580954,0.105528216857,0.102342674639,0.00318554221811,0.969813360701
55d8eebe4f34859f,H2SO4,A,0.0559687904771,0.054240745946,0.0534211761048,0.000819569841215,0.984890144357
2341cb49459bc3af,H2SO4,A,0.0373125269847,0.0364968143895,0.0361290503544,0.000367764035138,0.989923393554
f43912a5fd6397b8,H2SO4,A,0.0279843952386,0.0274999032966,0.0272920404564,0.000207862840208,0.992441324685
e38013518b4c3b12,H2SO4,A,0.0223875161908,0.0220613259735,0.0219279097735,0.000133416200037,0.993952484987
99a4e9cc8a8dcac5,H2SO4,A,0.111937580954,0.104788853434,0.101649019204,0.00313983423055,0.970036562787
17b0580dff925dbc,H2SO4,A,0.0559687904771,0.0538513707112,0.0530436848003,0.000807685910882,0.985001571915
dca9af33c417d35d,H2SO4,A,0.0373125269847,0.0362326870375,0.0358702745881,0.000362412449448,0.98999763807
7290b780498e1a00,H2SO4,A,0.0279843952386,0.0273000795531,0.0270952468529,0.000204832700234,0.992496992551
f64be4dc30ddaf65,H2SO4,A,0.0223875161908,0.0219006311374,0.0217691619063,0.000131469231145,0.993997011761
bd4baa947d7c3629,H2SO4,A,0.167682106343,0.156287599414,0.149106714758,0.0071808846569,0.954053394615
2ee5627f0676ead7,H2SO4,A,0.0838410531715,0.0814652737613,0.0795905737244,0.0018747000369,0.976987740293
aa9a3b544db63c88,H2SO4,A,0.0558940354476,0.0550763620982,0.0542309875371,0.000845374561037,0.984650864203
40f9cbf99c8f1b4e,H2SO4,A,0.0419205265857,0.0415986632664,0.0411196726416,0.000478990624814,0.98848543229
0cb61eb80fccb61f,H2SO4,A,0.0335364212686,0.0334198549542,0.0331119604856,0.000307894468586,0.990787079447
f89a033193869f64,H2SO4,A,0.167682106343,0.155238121213,0.148157454129,0.00708066708413,0.954388348501
823d58687e86d5d7,H2SO4,A,0.0838410531715,0.0808975818599,0.0790494619776,0.00184811988231,0.977154819219
c75d7acb7c8b1e51,H2SO4,A,0.0558940354476,0.0546877963519,0.0538544722157,0.000833324136194,0.984762155512
6f7eaf5404f3270c,H2SO4,A,0.0419205265857,0.0413033673915,0.0408312229835,0.000472144407935,0.988568864048
527720385a60fe6a,H2SO4,A,0.0335364212686,0.0331817384259,0.0328782518436,0.000303486582313,0.990853807042
86b1e1d058a16ee3,H2SO4,A,0.167682106343,0.154187531868,0.147206422968,0.00698110890045,0.954723259294
5131bdb9dacaeab4,H2SO4,A,0.0838410531715,0.0803295868591,0.0785078634674,0.00182172339177,0.9773218877
f46d9a495643d401,H2SO4,A,0.0558940354476,0.0542990918715,0.0534777335016,0.000821358369928,0.984873441864
92b6bc94eb29a027,H2SO4,A,0.0419205265857,0.0410079923404,0.0405426456752,0.000465346665227,0.988652293403
15618b7cd85f91cb,H2SO4,A,0.0335364212686,0.0329435707761,0.032644460717,0.00029911005909,0.990920533141
3f9bbba1eb8aa748,H2SO4,A,0.167682106343,0.153135830036,0.146253619011,0.00688221102486,0.955058127002
9d6ac135bde95305,H2SO4,A,0.0838410531715,0.0797612885883,0.0779657779104,0.00179551067785,0.977488945958
85525ecc9654e2cc,H2SO4,A,0.0558940354476,0.0539102486279,0.0531007713563,0.000809477271571,0.984984723829
af255d63e23ef042,H2SO4,A,0.0419205265857,0.0407125380848,0.040253940667,0.000458597417778,0.988735720263
998ac56dfc5927ce,H2SO4,A,0.0335364212686,0.0327053519895,0.0324105870794,0.000294764910112,0.990987257676
713d7a08120f3cf5,H2SO4,A,0.167682106343,0.152083014383,0.145299040018,0.00678397436503,0.955392951721
c5b4cd39853bc23e,H2SO4,A,0.0838410531715,0.07919268686,0.0774232049882,0.00176948187173,0.977655993983
d3da661f637bbc0d,H2SO4,A,0.0558940354476,0.0535212665611,0.052723585677,0.000797680884131,0.985096001358
2a7512d6ecfb42cf,H2SO4,A,0.0419205265857,0.0404170045994,0.039965107916,0.000451896683452,0.988819144617
0f8b366269e3d374,H2SO4,A,0.0335364212686,0.0324670820528,0.0321766309079,0.000290451144882,0.991053980632
fd324083d691eb47,H2SO4,A,0.22342602982,0.201749821091,0.189474018662,0.0122758024285,0.939153341687
ce1b7ac1b8430312,H2SO4,A,0.11171301491,0.106557755287,0.103307981881,0.00324977340618,0.969502234751
e740f8b30213ecce,H2SO4,A,0.0744753432732,0.0723651888601,0.0708928469314,0.0014723419287,0.979654002817
f867f91cd64e268a,H2SO4,A,0.0558565074549,0.0547807568674,0.0539445577939,0.000836199073501,0.98473553267
fddf2b374a597125,H2SO4,A,0.0446852059639,0.0440703369982,0.0435320674955,0.000538269502709,0.98778612692
d123fab02850ff73,H2SO4,A,0.22342602982,0.200420978066,0.188315606216,0.0121053718509,0.939600275542
2193bb8813d25326,H2SO4,A,0.11171301491,0.105820537379,0.102616824413,0.00320371296608,0.969725035939
d88bf236b5e9c8f7,H2SO4,A,0.0744753432732,0.0718562697831,0.0704049437203,0.00145132606276,0.979802374001
7d375c6db4904953,H2SO4,A,0.0558565074549,0.0543923385522,0.0535681177055,0.000824220846641,0.984846747381
96c545220e775a7c,H2SO4,A,0.0446852059639,0.0437563229203,0.0432257804902,0.000530542430098,0.987875068226
b6f98d9a16bdaa3c,H2SO4,A,0.22342602982,0.199090270132,0.187154237134,0.011936032998,0.940047130429
cc9dc4016df94f48,H2SO4,A,0.11171301491,0.105082796528,0.101924829284,0.00315796724441,0.96994781878
8fb3a3bff0cde1a1,H2SO4,A,0.0744753432732,0.0713471091109,0.0699166521743,0.00143045693664,0.979950737255
085e48dd11e994ff,H2SO4,A,0.0558565074549,0.0540037817013,0.0531914545648,0.000812327136513,0.984957958296
0a7d500a75d4b23c,H2SO4,A,0.0446852059639,0.0434422191181,0.0429193488626,0.000522870255511,0.987964006763
430c4fa701870a7f,H2SO4,A,0.22342602982,0.197757694343,0.185989906498,0.0117677878447,0.940493906526
3894c1c88297a53a,H2SO4,A,0.11171301491,0.104344532286,0.101231995727,0.00311253655915,0.970170583058
8770bf3b0cf3de02,H2SO4,A,0.0744753432732,0.0708377066973,0.0694279720394,0.00140973465784,0.980099092368
aa14ccf80d6828a9,H2SO4,A,0.0558565074549,0.0536150862099,0.0528145681754,0.00080051803452,0.985069164463
c1e5e930b4a6005b,H2SO4,A,0.0446852059639,0.0431280255559,0.0426127725498,0.000515253006077,0.988052942386
79f6f199535b7421,H2SO4,A,0.22342602982,0.196423247756,0.18482260939,0.0116006383657,0.940940604036
6d6998a22adeb3b4,H2SO4,A,0.11171301491,0.103605744235,0.100538323037,0.0030674211978,0.97039332886
d42fedd658234c0f,H2SO4,A,0.0744753432732,0.0703280624157,0.068938903103,0.00138915931264,0.98024743943
bdf7d2152091f0b1,H2SO4,A,0.0558565074549,0.0532262520366,0.0524374584729,0.00078879356376,0.985180366199
93fde41470eec833,H2SO4,A,0.0446852059639,0.0428137422038,0.0423060515011,0.000507690702692,0.988141875095
019dc89cfc3a2758,H2SO4,A,0.279169710785,0.244344909182,0.225884097205,0.018460811977,0.924447732352
92f9a78d45b4be3b,H2SO4,A,0.139584855392,0.130725604883,0.125771069582,0.00495453530055,0.962099733216
b255f8521c140d2e,H2SO4,A,0.0930565702616,0.0891708123053,0.0869156952663,0.00225511703899,0.974710143592
91c4ca237ad4f02a,H2SO4,A,0.0697924276962,0.0676534893998,0.0663697391398,0.00128375025996,0.981024626056
d2f8a2b2adaa6488,H2SO4,A,0.055833942157,0.0544996076137,0.0536720875592,0.000827520054511,0.984816036468
ae7df046a53e64e1,H2SO4,A,0.279169710785,0.242765915399,0.22456014414,0.0182057712587,0.925006888925
f88d5524c863630b,H2SO4,A,0.139584855392,0.129827550807,0.124943222355,0.00488432845179,0.962378336328
ffea031966f90a00,H2SO4,A,0.0930565702616,0.0885456313564,0.0863227493132,0.00222288204319,0.974895632804
800ef79592eda011,H2SO4,A,0.0697924276962,0.0671743174077,0.0659089982343,0.00126531917337,0.98116364673
11ffc7c5ab6363ba,H2SO4,A,0.055833942157,0.0541112383734,0.0532956307829,0.000815607590517,0.984927205234
bc53d610089ad84c,H2SO4,A,0.279169710785,0.241184166298,0.223231844422,0.0179523218767,0.925565918558
40e7d43aa2e7b1c0,H2SO4,A,0.139584855392,0.128928702923,0.124114106785,0.00481459613855,0.962656910142
5cbd10f633828df7,H2SO4,A,0.0930565702616,0.0879200802658,0.0857292094023,0.00219087086348,0.97508110938
31653e6ecdaa2612,H2SO4,A,0.0697924276962,0.0666949321216,0.0654479143188,0.00124701780283,0.98130266029
bab06ff674d88fd9,H2SO4,A,0.055833942157,0.0537227306653,0.0529189510569,0.000803779608458,0.985038370193
646d694fdd46f233,H2SO4,A,0.279169710785,0.239599656535,0.221899189179,0.0177004673554,0.926124821665
3b92ba6ebbed5230,H2SO4,A,0.139584855392,0.128029060418,0.123283721493,0.00474533892464,0.962935454582
3ed0825280667501,H2SO4,A,0.0930565702616,0.0872941587784,0.0851350751001,0.00215908367837,0.97526657329
a1f88f894e57ec46,H2SO4,A,0.0697924276962,0.0662153334384,0.0649864872206,0.00122884621773,0.981441666848
0e77eccf0b6efcac,H2SO4,A,0.055833942157,0.0533340843856,0.0525420481868,0.000792036198786,0.9851495304
48e7add16aa88a76,H2SO4,A,0.279169710785,0.238012380739,0.220562169499,0.0174502112395,0.926683598621
21e879dbd1a8c483,H2SO4,A,0.139584855392,0.127128622494,0.122452065138,0.00467655735592,0.963213969725
5eb9b33e9f24500d,H2SO4,A,0.0930565702616,0.0866678666409,0.084540345976,0.0021275206649,0.975452024523
c1f6c976e12cc284,H2SO4,A,0.0697924276962,0.065735521246,0.0645247167485,0.00121080449748,0.981580666365
f9cb0bd3fe4f35ab,H2SO4,A,0.055833942157,0.0529452994929,0.0521649221086,0.000780377384363,0.985260686183
feaab7481770f661,H2SO4,A,0.126364676714,0.121302817091,0.116933785183,0.00436903190796,0.963982436577
9aaa79fb7847353d,H2SO4,A,0.0631823383572,0.0626134454449,0.0614840970713,0.00112934837354,0.981963165171
abca6b6fdb36cfff,H2SO4,A,0.0421215589048,0.0421909048427,0.0416833344457,0.000507570397023,0.987969672636
e7049018c6779747,H2SO4,A,0.0315911691786,0.0318132215282,0.0315261121628,0.000287109365412,0.990975155875
473e933fb18c8dd4,H2SO4,A,0.0252729353429,0.0255326669433,0.0253482989811,0.000184367962146,0.992779134175
a9b1ef3148b003be,H2SO4,A,0.126364676714,0.120481715257,0.116173504612,0.00430821064523,0.96424178859
27ba7d90517274a0,H2SO4,A,0.0631823383572,0.0621774818643,0.0610640504154,0.00111343144895,0.9820926899
dac352c8692d9f85,H2SO4,A,0.0421215589048,0.0418943658963,0.0413939789953,0.000500386900969,0.988055985805
86c33eeefffe98ef,H2SO4,A,0.0315911691786,0.0315885698067,0.0313055323175,0.000283037489107,0.991039876422
201e8afd9795da26,H2SO4,A,0.0252729353429,0.0253518573383,0.0251701074296,0.000181749908739,0.992830903617
cf0a05ddf0b57b3d,H2SO4,A,0.126364676714,0.119659954434,0.115412159928,0.00424779450642,0.964501118804
5b08573bf694ec31,H2SO4,A,0.0631823383572,0.0617413423487,0.0606437176998,0.00109762464895,0.982222209508
17654d2149ec250e,H2SO4,A,0.0421215589048,0.0415977470129,0.0411044932723,0.000493253740579,0.988142296735
157099288cf7f925,H2SO4,A,0.0315911691786,0.0313638726226,0.0310848782977,0.000278994324887,0.99110459578
6a43f1656dae6aeb,H2SO4,A,0.0252729353429,0.0251710184454,0.0249918680607,0.000179150384716,0.992882672384
0b6847b59a631e16,H2SO4,A,0.126364676714,0.118837534037,0.114649750115,0.00418778392158,0.964760427288
986ffa53e84306ab,H2SO4,A,0.0631823383572,0.0613050268072,0.0602230987617,0.00108192804553,0.9823517238
d150644e4a31b6af,H2SO4,A,0.0421215589048,0.0413010481653,0.0408148772285,0.000486170936757,0.988228605366
35d158204d3645f8,H2SO4,A,0.0315911691786,0.0311391299632,0.0308641500805,0.0002749798827,0.991169313882
55cc0f6151873205,H2SO4,A,0.0252729353429,0.0249901502557,0.0248135808584,0.000176569397295,0.99293444035
0a989981c2a0153e,H2SO4,A,0.126364676714,0.118014453466,0.113886274131,0.00412817933513,0.965019713994
4024efed18ab6664,H2SO4,A,0.0631823383572,0.0608685351645,0.0598021934714,0.0010663416931,0.98248123287
9946bf4477595853,H2SO4,A,0.0421215589048,0.0410042693263,0.0405251308153,0.000479138510993,0.988314911621
061705937186b2bd,H2SO4,A,0.0315911691786,0.0309143418175,0.0306433476465,0.000270994171026,0.991234030709
602e2ec6280cdb5b,H2SO4,A,0.0252729353429,0.0248092527635,0.0246352458127,0.000174006950831,0.992986207505
53c64b87ebdb0a5c,H2SO4,A,0.252237919364,0.226529864672,0.210379772641,0.0161500920307,0.92870656567
a9cb7c33d73afe57,H2SO4,A,0.126118959682,0.120536456169,0.116224200822,0.00431225534715,0.964224472129
f04f73f0cf902a51,H2SO4,A,0.0840793064547,0.082066763559,0.0801073883289,0.00195937523014,0.97612461921
a270c4091acad5d2,H2SO4,A,0.063059479841,0.0622047427883,0.0610903192511,0.00111442353715,0.982084588936
1c4e4230136a6f34,H2SO4,A,0.0504475838728,0.0500816232176,0.0493636300914,0.000717993126293,0.985663541232
5695730037b88261,H2SO4,A,0.252237919364,0.225072756779,0.209143278185,0.0159294785938,0.929225203344
cf38c33624a6021f,H2SO4,A,0.126118959682,0.119716287342,0.115464361797,0.00425192554417,0.964483316025
0b5dde73898e1b14,H2SO4,A,0.0840793064547,0.0814978186757,0.0795660800678,0.00193173860786,0.97629705139
95af93a9d3961160,H2SO4,A,0.063059479841,0.0617694499015,0.0606708098214,0.00109864008016,0.982213860057
54d850bdaf469b68,H2SO4,A,0.0504475838728,0.049729196937,0.0490213979403,0.000707798996693,0.985766932903
f3f0df1e81876c7b,H2SO4,A,0.252237919364,0.223613338376,0.207903103288,0.0157102350876,0.929743747839
c82482b346f09518,H2SO4,A,0.126118959682,0.118895461491,0.114703461729,0.00419199976239,0.964742138095
2f1c9213c25f42ef,H2SO4,A,0.0840793064547,0.0809285688119,0.0790242770287,0.00190429178319,0.976469474116
7ba2335e722a755e,H2SO4,A,0.063059479841,0.0613339817188,0.0602510153753,0.00108296634355,0.98234312671
ee4760028f0207ea,H2SO4,A,0.0504475838728,0.0493766569415,0.0486789806226,0.000697676318889,0.985870320874
936e909fed6c80da,H2SO4,A,0.252237919364,0.222151605457,0.206659241096,0.0154923643609,0.930262199416
0bd0b65cbd7e80a2,H2SO4,A,0.126118959682,0.118073978048,0.113941499632,0.00413247841557,0.965000938531
f10e76f994ca5acb,H2SO4,A,0.0840793064547,0.0803590137885,0.0784819789011,0.00187703488739,0.976641887464
916c37d8cd4666c3,H2SO4,A,0.063059479841,0.060898338115,0.0598309356763,0.00106740243864,0.982472388054
5e9ba1da34016569,H2SO4,A,0.0504475838728,0.049024003209,0.0483363781078,0.000687625101174,0.98597370561
e114a2f55aa18244,H2SO4,A,0.252237919364,0.220687554008,0.205411684738,0.0152758692697,0.93078055834
7ab411f2bed95dc1,H2SO4,A,0.126118959682,0.117251836414,0.113178474468,0.00407336194601,0.965259717284
e0ab0db22e7a0a91,H2SO4,A,0.0840793064547,0.0797891534205,0.077939185362,0.00184996805854,0.976814291426
8e7f5e5dddeef02c,H2SO4,A,0.063059479841,0.0604625190164,0.0594105705984,0.00105194841797,0.982601644207
3f6abca0605684ee,H2SO4,A,0.0504475838728,0.0486712356962,0.0479935903195,0.000677645376754,0.986077087071
f5dea2677a2f6321,H2SO4,A,0.378109880384,0.318296689621,0.284586999045,0.0337096905754,0.894093493038
9c912c86dacfe7cc,H2SO4,A,0.189054940192,0.174365051936,0.165075016342,0.00929003559322,0.946720770647
e1b53cfe85739fec,H2SO4,A,0.126036626795,0.119917290994,0.115650618707,0.00426667228709,0.964419874301
7f4b9b5650c72142,H2SO4,A,0.094527470096,0.0913598089704,0.0889199401394,0.00243986883095,0.973293849249
6e2ec2b7e7457ec2,H2SO4,A,0.0756219760768,0.0737819511119,0.0722048918046,0.00157705930729,0.978625405217
d6407eb7a7f0844a,H2SO4,A,0.378109880384,0.31635049417,0.283093148768,0.0332573454016,0.894871839891
1e25f766fa461cf7,H2SO4,A,0.189054940192,0.173205335371,0.164044360453,0.00916097491824,0.9471091644
52d5ffca2533373d,H2SO4,A,0.126036626795,0.119097121507,0.11489043801,0.00420668349668,0.964678546018
4a36495cf015aae7,H2SO4,A,0.094527470096,0.0907261832234,0.0883208274906,0.00240535573279,0.973487744691
787cd92f5c655cd9,H2SO4,A,0.0756219760768,0.0732659406679,0.0717112715955,0.00155466907244,0.978780466636
15b4dde9855330f2,H2SO4,A,0.378109880384,0.314399713413,0.281592092058,0.0328076213552,0.895649964184
bdbb8a96c86f2f53,H2SO4,A,0.189054940192,0.172044233469,0.163011482402,0.00903275106625,0.947497507565
fe8d9c6fdc27a581,H2SO4,A,0.126036626795,0.118276295387,0.11412919682,0.00414709856643,0.964937195971
3ab525a99f210bde,H2SO4,A,0.094527470096,0.0900921759671,0.0877210965852,0.00237107938194,0.973681628216
fe080e4252f2f9ca,H2SO4,A,0.0756219760768,0.072749681257,0.0712172471005,0.00153243415654,0.978935520678
9298844490011f37,H2SO4,A,0.378109880384,0.312444335796,0.280083809445,0.0323605263507,0.896427866845
87cf5c99f027c9a5,H2SO4,A,0.189054940192,0.170881744406,0.161976379054,0.00890536535251,0.947885800303
7658585326e9b22b,H2SO4,A,0.126036626795,0.117454812056,0.113366894137,0.00408791791811,0.965195824279
8c351b31f7e0cc3b,H2SO4,A,0.094527470096,0.0894577869495,0.0871207469867,0.00233703996284,0.973875499914
cf7193a27f037d05,H2SO4,A,0.0756219760768,0.0722331727292,0.0707228180521,0.00151035467707,0.979090567117
804232f7fd45d6cf,H2SO4,A,0.378109880384,0.310484349718,0.278568281373,0.0319160683449,0.89720554877
d68abcf9baf8a640,H2SO4,A,0.189054940192,0.169717866348,0.160939047237,0.00877881911064,0.948274042683
78d134a77d664792,H2SO4,A,0.126036626795,0.116632670926,0.112603528941,0.0040291419852,0.965454430965
45b45c5f36234f63,H2SO4,A,0.094527470096,0.0888230158985,0.0865197782153,0.00230323768328,0.974069359614
ab10078d9b2a7581,H2SO4,A,0.0756219760768,0.0717164149526,0.0702279842214,0.00148843073115,0.979245606015
6791442bfb816c7e,H2SO4,A,0.503981518172,0.39841681204,0.342717663929,0.0556991481111,0.860198800784
2fc67eed70e8aafc,H2SO4,A,0.251990759086,0.224415115668,0.208584554205,0.0158305614632,0.929458577618
b9a35f514b4fe973,H2SO4,A,0.167993839391,0.155856976369,0.148509434422,0.00734754194685,0.952857150716
f3900dc5140eaab6,H2SO4,A,0.125995379543,0.119334895054,0.115110863896,0.00422403115742,0.964603554094
e52be00df0bbb56e,H2SO4,A,0.100796303634,0.0966666225147,0.0939275719514,0.00273905056331,0.971664981231
e472e08260310f25,H2SO4,A,0.503981518172,0.396100355215,0.341136191167,0.0549641640481,0.86123677163
8daeef1f4f0b6a17,H2SO4,A,0.251990759086,0.22295577311,0.207343671718,0.0156121013926,0.929976689211
5f06eabb5333c66e,H2SO4,A,0.167993839391,0.154805145389,0.147560599505,0.00724454588467,0.953202163491
570a94d46bf473ee,H2SO4,A,0.125995379543,0.118514489799,0.114350144008,0.00416434579143,0.964862137967
4fcbb1d17e8e4d75,H2SO4,A,0.100796303634,0.0959946410524,0.093294480484,0.00270016056844,0.971871757227
9e729797e8e7fc3a,H2SO4,A,0.503981518172,0.393776677823,0.339543519221,0.0542331586017,0.862274325383
083635940e71536c,H2SO4,A,0.251990759086,0.221494118276,0.206099104903,0.015395013373,0.930494707973
a07e789e1da4cc44,H2SO4,A,0.167993839391,0.1537521959,0.146609966178,0.00714222972185,0.953547136806
09e0044804ae0a7b,H2SO4,A,0.125995379543,0.117693427919,0.113588363573,0.004105064346,0.965120700292
7b725381a6488d55,H2SO4,A,0.100796303634,0.0953222283602,0.0926606906146,0.00266153774561,0.972078519445
34d3caa7ae6604fb,H2SO4,A,0.503981518172,0.391445756326,0.337939609042,0.0535061472842,0.863311464183
512e58436da12278,H2SO4,A,0.251990759086,0.220030147145,0.204850846874,0.0151793002703,0.931012634099
b4a627c83386e335,H2SO4,A,0.167993839391,0.152698126584,0.145657532168,0.00704059441593,0.953892070758
9886d1833e762e2f,H2SO4,A,0.125995379543,0.116871708815,0.11282552155,0.00404618726534,0.965379240995
46a8e0e41110e4a9,H2SO4,A,0.100796303634,0.0946493841474,0.0920262018449,0.0026231823025,0.972285268138
7d59c8a9f08fde16,H2SO4,A,0.503981518172,0.389107567082,0.336324421386,0.0527831456965,0.864348190162
fa13fa67e14d4e34,H2SO4,A,0.251990759086,0.218563855708,0.203598890772,0.0149649649359,0.931530467893
b2ce4b9cbb02d7ab,H2SO4,A,0.167993839391,0.151642936119,0.144703295187,0.00693964093276,0.954236965398
02559721a7f3ec13,H2SO4,A,0.125995379543,0.116049331899,0.112061616913,0.00398771498568,0.965637760076
0fa5f67eadbaf704,H2SO4,A,0.100796303634,0.0939761080895,0.091391013604,0.00258509448549,0.972492003148
236521826be3000a,H2SO4,A,0.629853026211,0.468448174602,0.387440397661,0.0810077769415,0.827072061898
6137d64c8fbcaeed,H2SO4,A,0.314926513105,0.270976128524,0.247250524009,0.0237256045148,0.912443931338
3af973ffe9d25665,H2SO4,A,0.209951008737,0.189993046725,0.178866688019,0.0111263587055,0.941438074196
8b3af4f4d365aa7a,H2SO4,A,0.157463256553,0.14618346163,0.139753481143,0.00642998048736,0.956014309583
1b7c0e3cb8586b17,H2SO4,A,0.125970605242,0.118767040198,0.114584366364,0.0041826738337,0.964782537085
4439c5dd604714d5,H2SO4,A,0.629853026211,0.46585744894,0.385901901078,0.0799555478618,0.828369068599
f0cfe0d202251434,H2SO4,A,0.314926513105,0.269252855867,0.245852592634,0.023400263233,0.913091866166
68b0acc36aa0ff35,H2SO4,A,0.209951008737,0.188727627409,0.177756798104,0.0109708293045,0.941869510812
0ce814b20afd3838,H2SO4,A,0.157463256553,0.145187124159,0.138847911443,0.00633921271558,0.956337638394
7b963953cdab5911,H2SO4,A,0.125970605242,0.117946304758,0.113823027826,0.00412327693211,0.965041067284
b9fc3a7af83f2247,H2SO4,A,0.629853026211,0.463256691635,0.384348044978,0.0789086466561,0.829665392684
93dc9a38bd8e8f1f,H2SO4,A,0.314926513105,0.267526186147,0.244449284068,0.0230769020785,0.913739651393
0e8cd5a44b3eae97,H2SO4,A,0.209951008737,0.187460531964,0.176644225073,0.0108163068913,0.942300884469
93f96d3398f672d6,H2SO4,A,0.157463256553,0.144189792668,0.137940741552,0.00624905111522,0.956660932791
76fa1535b14488f6,H2SO4,A,0.125970605242,0.11712491251,0.113060628368,0.00406428414165,0.965299575858
2ebe09ea1509578f,H2SO4,A,0.629853026211,0.460645863033,0.382778764622,0.0778670984112,0.830961038272
6674de6d775e9433,H2SO4,A,0.314926513105,0.265796112115,0.243040585997,0.0227555261176,0.914387287547
04eacaa0bfdc6db3,H2SO4,A,0.209951008737,0.186191757933,0.175528964691,0.0106627932423,0.942732195234
3acd3d7daba50683,H2SO4,A,0.157463256553,0.143191466054,0.13703196956,0.00615949649362,0.95698419282
0fca47401f60b42b,H2SO4,A,0.125970605242,0.11630286286,0.112297166959,0.00400569590152,0.965558062777
2448ef6c03cf6041,H2SO4,A,0.629853026211,0.458024923264,0.381193994875,0.0768309283894,0.832256009472
49a9bfae8316495d,H2SO4,A,0.314926513105,0.264062626502,0.241626486068,0.0224361404345,0.915034775153
a39f926688e78389,H2SO4,A,0.209951008737,0.18492130287,0.174411012752,0.0105102901179,0.943163443287
fac79ee3710549ec,H2SO4,A,0.157463256553,0.142192143215,0.136121593557,0.00607054965757,0.957307418537
2bdf157c71f21387,H2SO4,A,0.125970605242,0.115480155227,0.111532642587,0.00394751263961,0.965816528114
c3b732dafcdf1427,H2SO4,A,0.264131154867,0.236832170386,0.218614473596,0.0182176967899,0.923077609092
6a94a873c7f5e21f,H2SO4,A,0.132065577433,0.126413901914,0.121529782145,0.00488411976901,0.96136406127
914ca800b16af471,H2SO4,A,0.0880437182889,0.0861611905593,0.0839389314907,0.00222225906857,0.97420812022
10f9632c9b317c2e,H2SO4,A,0.0660327887167,0.0653438231638,0.0640790100483,0.00126481311546,0.980643723397
f087ea99a41f2c13,H2SO4,A,0.0528262309734,0.052626233595,0.0518110109797,0.00081522261531,0.984509197037
97a6f045a5c02a0f,H2SO4,A,0.264131154867,0.235325312441,0.217354463367,0.017970849074,0.923634015875
1a78cc73f86d7975,H2SO4,A,0.132065577433,0.125560423244,0.120744194147,0.00481622909652,0.961642140317
aeeb843940b104be,H2SO4,A,0.0880437182889,0.0855679034243,0.0833768043804,0.00219109904393,0.974393447119
b6c06376ce1ed2f8,H2SO4,A,0.0660327887167,0.0648894324711,0.0636424322364,0.00124700023468,0.980782691616
1427b263b46c184f,H2SO4,A,0.0528262309734,0.0522581146214,0.0514544035373,0.00080371108404,0.9846203582
e70fc83143d610de,H2SO4,A,0.264131154867,0.233815946859,0.21609043704,0.017725509819,0.924190329799
4b69d8796b868f92,H2SO4,A,0.132065577433,0.124706227887,0.119957439404,0.00474878848301,0.961920197865
fd22aec9b9e65e24,H2SO4,A,0.0880437182889,0.0849742830505,0.0828141318234,0.00216015122716,0.974578764897
e40a62b81136ec34,H2SO4,A,0.0660327887167,0.0644348500546,0.0632055397754,0.00122931027923,0.980921655313
931da28e4168a55d,H2SO4,A,0.0528262309734,0.0518898712473,0.0510975915971,0.000792279650256,0.984731516359
6835ec8a3eb112ba,H2SO4,A,0.264131154867,0.232304069174,0.214822386791,0.0174816823831,0.924746551168
89755522a5aea593,H2SO4,A,0.132065577433,0.123851315173,0.119169516716,0.00468179845718,0.962198233821
3030e8fcabc29b13,H2SO4,A,0.0880437182889,0.0843803292111,0.082250913406,0.00212941580517,0.974764073273
9eb4ed9758aa43a7,H2SO4,A,0.0660327887167,0.0639800757861,0.0627683324198,0.0012117433663,0.981060613771
c960bc260042887a,H2SO4,A,0.0528262309734,0.0515215034002,0.0507405750183,0.000780928381854,0.984842670918
d7bc8781d16ff294,H2SO4,A,0.264131154867,0.230789674908,0.213550304769,0.017239370139,0.925302680261
f68acc90362130bd,H2SO4,A,0.132065577433,0.122995684446,0.118380424917,0.00461525952924,0.962476248252
1fabf3dce2322dad,H2SO4,A,0.0880437182889,0.0837860417047,0.0816871487697,0.00209889293501,0.974949372326
ff2e3d9e199ebbbf,H2SO4,A,0.0660327887167,0.0635251095789,0.0623308100153,0.00119429956352,0.981199567046
93708c118927425b,H2SO4,A,0.0528262309734,0.0511530110484,0.0503833537507,0.000769657297769,0.984953822229
39ca4d653f7f06a0,H2SO4,A,0.527761936909,0.415707334143,0.35282735715,0.062879976993,0.848739794012
ff544692dd7b85c0,H2SO4,A,0.263880968454,0.235645440921,0.217622236579,0.0180232043421,0.92351558226
6b741d06c68be9dc,H2SO4,A,0.175920645636,0.164026155089,0.155636691656,0.00838946343345,0.948852892218
c723e9adec99463f,H2SO4,A,0.131940484227,0.125734883092,0.120904812739,0.00483007035306,0.961585279802
ee59d5bc88233818,H2SO4,A,0.105552387382,0.101922352988,0.098787560125,0.00313479286269,0.969243323267
e4065566d41b5574,H2SO4,A,0.527761936909,0.413346274015,0.351282322977,0.0620639510378,0.849849980659
0e2ea3357d2aa0cc,H2SO4,A,0.263880968454,0.23413785527,0.216360109975,0.0177777452946,0.924071460917
d28b218ac567c1bb,H2SO4,A,0.175920645636,0.162934639335,0.154661372002,0.00827326733354,0.949223398
e6cfd77609024cb1,H2SO4,A,0.131940484227,0.124881597037,0.12011899931,0.00476259772623,0.961863094009
5e4fecfd53675a6c,H2SO4,A,0.105552387382,0.10122248899,0.0981317143947,0.00309077459549,0.969465534524
d5be3f7bd58f2276,H2SO4,A,0.527761936909,0.410977471192,0.34972528659,0.0612521846018,0.850959751093
9a71b0dd3e194469,H2SO4,A,0.263880968454,0.232627762895,0.215093967977,0.0175337949177,0.924627246982
2189dd9e49041045,H2SO4,A,0.175920645636,0.161841906443,0.153684081372,0.00815782507078,0.949593864469
a693cdd291f1d722,H2SO4,A,0.131940484227,0.124027595086,0.119332020312,0.00469557477422,0.962140886704
beefe7a97ae6b5a0,H2SO4,A,0.105552387382,0.100522154321,0.0974750998677,0.00304705445326,0.969687732283
090e615e808e4f06,H2SO4,A,0.527761936909,0.408600899733,0.348156204014,0.0604446957188,0.852069107634
fe998e84d745cef5,H2SO4,A,0.263880968454,0.23111515933,0.213823802758,0.0172913565725,0.925182940736
a27587914eab11ed,H2SO4,A,0.175920645636,0.160747954942,0.152704817166,0.00804313777589,0.949964291746
b817381c3b954cdf,H2SO4,A,0.131940484227,0.12317287658,0.118543874567,0.00462900201352,0.962418657889
f946453c001d966d,H2SO4,A,0.105552387382,0.0998213486198,0.096817715896,0.00300363272382,0.969909916412
89cb2dbc99074720,H2SO4,A,0.527761936909,0.406216533556,0.346575031007,0.0596415025493,0.853178052535
de5ce9bae2b935f5,H2SO4,A,0.263880968454,0.229600040102,0.212549606473,0.0170504336293,0.925738542459
be2a982f86944e4b,H2SO4,A,0.175920645636,0.159652783361,0.151723576776,0.00792920658438,0.950334679938
8477837fe25640e3,H2SO4,A,0.131940484227,0.122317440862,0.117754560905,0.00456287995727,0.9626964076
4f51c1f93ff1265c,H2SO4,A,0.105552387382,0.0991200715453,0.0961595618723,0.00296050967291,0.970132087006
0bc3b19e3c000d16,H2SO4,A,0.791392085206,0.551440407889,0.428685498525,0.122754909364,0.77739224836
03485049c4a8239b,H2SO4,A,0.395696042603,0.330335475379,0.292826312289,0.0375091630895,0.88645130213
ff3b31cc885706e9,H2SO4,A,0.263797361735,0.234587955099,0.216737062522,0.0178508925766,0.92390533193
93e8f360bb4c3c7b,H2SO4,A,0.197848021302,0.181689393206,0.171296019276,0.0103933739308,0.942795923596
57edc914eeb030ab,H2SO4,A,0.158278417041,0.148209009343,0.141417602254,0.00679140708955,0.954176826904
58fc8c594f28d2e6,H2SO4,A,0.791392085206,0.548645568136,0.427422073562,0.121223494574,0.77904953286
a8c7409da87326b9,H2SO4,A,0.395696042603,0.328332333034,0.291324222675,0.0370081103584,0.887284599672
c8c17d9a6b4184aa,H2SO4,A,0.263797361735,0.233078926891,0.215472385613,0.0176065412777,0.924461033382
1e7789697176aeca,H2SO4,A,0.197848021302,0.180485796771,0.170236485637,0.0102493111338,0.943212644334
f533f5192282775e,H2SO4,A,0.158278417041,0.147209783214,0.140513231799,0.00669655141479,0.95451014689
a21b39918129c845,H2SO4,A,0.791392085206,0.545837093575,0.426138183891,0.119698909684,0.780705798318
787aa6afd3350933,H2SO4,A,0.395696042603,0.326324234027,0.289814320278,0.0365099137492,0.888117675789
0631fec14cb7a55a,H2SO4,A,0.263797361735,0.231567390126,0.214203689696,0.0173637004303,0.925016642366
d6a7024aa74eccf6,H2SO4,A,0.197848021302,0.179280693161,0.169174517665,0.0101061754962,0.943629314914
17e21557fdde6576,H2SO4,A,0.158278417041,0.146209553284,0.139607232158,0.00660232112636,0.95484343548
08a893b959572279,H2SO4,A,0.791392085206,0.543014919647,0.424833723798,0.118181195849,0.782361052021
1d06016253b0c20c,H2SO4,A,0.395696042603,0.324311165514,0.288296582946,0.0360145825681,0.888950531472
c5389a883eef7fc0,H2SO4,A,0.263797361735,0.230053340337,0.212930966938,0.0171223733985,0.925572159164
eeb2d6d42902ee63,H2SO4,A,0.197848021302,0.178074080317,0.168110111713,0.00996396860426,0.94404593534
1ef9f466d2ac8296,H2SO4,A,0.158278417041,0.145208318445,0.138699601357,0.00650871708822,0.955176692645
bc9f3c54264cde85,H2SO4,A,0.791392085206,0.54017898142,0.423508586917,0.116670394504,0.784015301379
eddad42cb644c6dd,H2SO4,A,0.395696042603,0.322293114597,0.286770988422,0.0355221261758,0.88978316766
a25b2d1d7b8cb937,H2SO4,A,0.263797361735,0.228536773045,0.211654209488,0.0168825635569,0.926127584056
3a5097608096f9da,H2SO4,A,0.197848021302,0.176865956194,0.167043264168,0.00982269202649,0.944462505743
ba1f137f9a0f06a1,H2SO4,A,0.158278417041,0.1442060776,0.137790337449,0.00641574015054,0.955509918463
b6816d41807c5f60,H2SO4,A,1.05502207439,0.654696458837,0.464499192801,0.190197266037,0.709487864995
f399c670877f3825,H2SO4,A,0.527511037195,0.412518347659,0.350737172948,0.0617811747106,0.850234116709
86afacb215fc3e99,H2SO4,A,0.351674024797,0.298580668895,0.268538588089,0.0300420808063,0.89938370452
d5e1568bf7422802,H2SO4,A,0.263755518597,0.233561913694,0.215877311073,0.0176846026211,0.924283020543
ce9895a514043f26,H2SO4,A,0.211004414878,0.191688315891,0.180055379165,0.0116329367268,0.939313271794
84ee8635af43f625,H2SO4,A,1.05502207439,0.651736676401,0.463828356033,0.187908320368,0.711680610939
9e89e77d131f9432,H2SO4,A,0.527511037195,0.410146760772,0.349175916461,0.0609708443107,0.851343835568
fd483898418a4d88,H2SO4,A,0.351674024797,0.296723553824,0.267088121963,0.0296354318614,0.900124437445
a5b0c01cdf1870a9,H2SO4,A,0.263755518597,0.232051261903,0.214609971786,0.0174412901166,0.924838632751
ebd9728d55730fbf,H2SO4,A,0.211004414878,0.190419155009,0.17894787099,0.0114712840185,0.939757720183
d5dad60c92858cf3,H2SO4,A,1.05502207439,0.648757682177,0.463129576227,0.185628105949,0.713871432973
5e529146b7e79b71,H2SO4,A,0.527511037195,0.407767398483,0.347602599003,0.0601647994805,0.852453139451
32548c0c31585255,H2SO4,A,0.351674024797,0.294862344402,0.265631165616,0.0292311787856,0.900864999073
fcbdd4f310d62027,H2SO4,A,0.263755518597,0.230538099027,0.213338608782,0.0171994902451,0.92539415256
11e2c630529e9d01,H2SO4,A,0.211004414878,0.189148300558,0.177837631492,0.0113106690662,0.94020211108
7c2926f0ca0b4299,H2SO4,A,1.05502207439,0.645759362134,0.462402673509,0.183356688625,0.716060347899
02e9a193f06661c8,H2SO4,A,0.527511037195,0.405380234734,0.346017176376,0.0593630583583,0.853562030726
e5494e75d4e4f6bf,H2SO4,A,0.351674024797,0.29299703109,0.264167702502,0.0288293285884,0.901605390058
730f7012b9a6baec,H2SO4,A,0.263755518597,0.229022420599,0.212063214231,0.0169592063687,0.925949580288
e62c6056aa80c426,H2SO4,A,0.211004414878,0.187875750088,0.176724656341,0.0111510937467,0.94064644457
751651ee177b99aa,H2SO4,A,1.05502207439,0.642741601189,0.461647466078,0.181094135112,0.718247372231
42cd58b8583d6700,H2SO4,A,0.527511037195,0.402985243315,0.344419604088,0.0585656392275,0.85467051164
9b37604de1840599,H2SO4,A,0.351674024797,0.291127604331,0.262697716034,0.0284298882976,0.902345611084
31e95b2caa1b9272,H2SO4,A,0.263755518597,0.227504222135,0.210783780265,0.0167204418697,0.926504916204
d6c2d1a75f45d0cb,H2SO4,A,0.211004414878,0.186601501156,0.17560894123,0.0109925599268,0.941090720821
4674796cd492149f,H2SO4,A,1.31865199982,0.733446092391,0.473346119461,0.260099972929,0.645372747053
93e6597a4a055976,H2SO4,A,0.659325999909,0.483931629983,0.394365212096,0.0895664178863,0.814919273019
9029c80b345ac349,H2SO4,A,0.439550666606,0.356660268984,0.312186321599,0.0444739473857,0.875304452856
843b48fa71a1698e,H2SO4,A,0.329662999955,0.281676647488,0.255214043493,0.0264626039944,0.906053255638
f058c9a882c461da,H2SO4,A,0.263730399964,0.232547692041,0.215026596085,0.0175210959567,0.924655902611
4780eae1e32c71ba,H2SO4,A,1.31865199982,0.730489725966,0.473419230276,0.25707049569,0.648084721041
6e9610aeae62def3,H2SO4,A,0.659325999909,0.481293340787,0.392881589361,0.0884117514267,0.816303813217
090398874445323a,H2SO4,A,0.439550666606,0.354514771834,0.310636434505,0.0438783373297,0.876229875831
e9de1d33d60f3917,H2SO4,A,0.329662999955,0.279897454665,0.253796364709,0.0261010899557,0.906747669474
bb7ab2cea9aeb8b0,H2SO4,A,0.263730399964,0.231035342771,0.213756546978,0.0172787957936,0.925211460782
a7a4c68a9b7b4897,H2SO4,A,1.31865199982,0.727509281046,0.473458360786,0.25405092026,0.650793568028
8adebf2707047319,H2SO4,A,0.659325999909,0.478644290853,0.391381537427,0.0872627534257,0.817687675183
34053b75c6a191a7,H2SO4,A,0.439550666606,0.35236338928,0.309077316104,0.043286073176,0.877155020944
773253080dde9512,H2SO4,A,0.329662999955,0.278114579784,0.252372832266,0.0257417475185,0.907441934405
9d121ec7666e4d34,H2SO4,A,0.263730399964,0.22952047961,0.212482469003,0.0170380106069,0.925766926612
8d7d7769a39e1840,H2SO4,A,1.31865199982,0.724504589303,0.473463255385,0.251041333918,0.653499318535
dbd01fd4b693044a,H2SO4,A,0.659325999909,0.475984436362,0.389864983194,0.0861194531676,0.81907086327
b0b56c892f53428a,H2SO4,A,0.439550666606,0.350206104509,0.307508937536,0.0426971669729,0.878079889462
f7958371c511a179,H2SO4,A,0.329662999955,0.276328014768,0.250943432111,0.025384582657,0.908136050996
8b5c1f241d071327,H2SO4,A,0.263730399964,0.228003098088,0.211204354329,0.0167987437589,0.926322300444
861fa7f530235a20,H2SO4,A,1.31865199982,0.721475480755,0.473433655641,0.248041825114,0.656202003075
bf4da437384488f7,H2SO4,A,0.659325999909,0.473313733264,0.388331853133,0.0849818801308,0.820453381851
4221e39ced636b67,H2SO4,A,0.439550666606,0.348042900676,0.305931269885,0.0421116307912,0.879004482754
a157660daff99475,H2SO4,A,0.329662999955,0.274537751517,0.24950815015,0.0250296013667,0.908830019812
f9f85d6e4dc373f9,H2SO4,A,0.263730399964,0.226483193715,0.209922195077,0.0165609986378,0.926877582543
c99eddc91c442a37,H2SO4,B,0.0203280961255,0.0205888814134,0.0204932681447,9.56132686881e-05,0.99535607269
e20ebf68b7d2d7af,H2SO4,B,0.0101640480627,0.0103480300313,0.0103240064862,2.40235451321e-05,0.997678442654
1047fec3508407c6,H2SO4,B,0.00677603204182,0.00691065046415,0.00689995545471,1.06950094421e-05,0.998452387442
9414656354086319,H2SO4,B,0.00508202403137,0.00518748203515,0.00518146105877,6.02097638115e-06,0.998839325835
bc4d0262d18f7a15,H2SO4,B,0.00406561922509,0.00415214483059,0.00414828947256,3.8553580326e-06,0.999071477949
f8105dff10a38887,H2SO4,B,0.0203280961255,0.0204427574964,0.0203485038281,9.42536683447e-05,0.995389385783
c9471a06500730df,H2SO4,B,0.0101640480627,0.0102742551182,0.0102505738055,2.36813126816e-05,0.99769508228
c7d7d3bbba69966a,H2SO4,B,0.00677603204182,0.00686130756446,0.00685076500428,1.05425601787e-05,0.99846347652
3ca86d4b7a563a37,H2SO4,B,0.00508202403137,0.00515041483235,0.00514447970514,5.93512721531e-06,0.998847640936
91ed86ba2bfbf10f,H2SO4,B,0.00406561922509,0.00412246221143,0.00411866183332,3.8003781071e-06,0.999078129062
c653c9a72bce4dfe,H2SO4,B,0.0203280961255,0.0202966145917,0.020203710861,9.29037307212e-05,0.995422698189
d9109a0e9a844cb6,H2SO4,B,0.0101640480627,0.0102004754026,0.0101771338785,2.33415240617e-05,0.99771172194
50019f068867ab7b,H2SO4,B,0.00677603204182,0.00681196252375,0.00680157132359,1.039120016e-05,0.998474565865
11f72ff05e70a23b,H2SO4,B,0.00508202403137,0.00511334642456,0.0051074965337,5.84989085835e-06,0.998855956477
a3019fb35ac04310,H2SO4,B,0.00406561922509,0.00409277882138,0.00408903303132,3.74579005266e-06,0.999084780728
ef6fa018de225833,H2SO4,B,0.0203280961255,0.0201504526935,0.0200588892347,9.15634588137e-05,0.995456009837
d545511b5bb117f2,H2SO4,B,0.0101640480627,0.0101266908813,0.0101036867001,2.3004181245e-05,0.997728361464
42259723299096c1,H2SO4,B,0.00677603204182,0.00676261533906,0.00675237440779,1.02409312647e-05,0.998485655216
74272d6d4d249d0b,H2SO4,B,0.00508202403137,0.00507627680854,0.00507051153916,5.76526938129e-06,0.998864272064
c4fc4cacde6aa806,H2SO4,B,0.00406561922509,0.00406309465764,0.00405940306196,3.69159567591e-06,0.99909143252
940e355d49f756fc,H2SO4,B,0.0203280961255,0.0200042717974,0.0199140389426,9.02328547867e-05,0.995489320696
8c502fed736b94bf,H2SO4,B,0.0101640480627,0.0100529015533,0.0100302322685,2.26692848023e-05,0.997745000816
f7abffc0de2e1a51,H2SO4,B,0.00677603204182,0.00671326600965,0.00670317425571,1.00917539419e-05,0.998496744516
103b7bb10e9d606d,H2SO4,B,0.00508202403137,0.00503920598411,0.00503352472121,5.68126289942e-06,0.998872587682
7ac4178083d992af,H2SO4,B,0.00406561922509,0.00403340971947,0.00402977192403,3.6377954446e-06,0.999098084326
0ca3a9ef8b647bdd,H2SO4,B,0.0383689669116,0.038324065106,0.0379896572786,0.000334407827446,0.991274207824
c0c950da2f7ce924,H2SO4,B,0.0191844834558,0.0193494061426,0.0192650134481,8.43926944946e-05,0.995638486583
3dbec2089577904e,H2SO4,B,0.0127896556372,0.0129416044189,0.0129039785457,3.76258732558e-05,0.9970926423
d8139c62587a1087,H2SO4,B,0.00959224172789,0.00972200467846,0.00970080684482,2.11978336403e-05,0.997819602609
e4b4d306e52ce3c2,H2SO4,B,0.00767379338231,0.0077852015546,0.00777162214412,1.3579410484e-05,0.998255740665
e710b5d8051f32d5,H2SO4,B,0.0383689669116,0.0380529141991,0.0377232692745,0.000329644924641,0.991337196334
dff94957ac1ef135,H2SO4,B,0.0191844834558,0.0192113399773,0.0191281533712,8.31866060719e-05,0.995669921714
96579bde02d56f45,H2SO4,B,0.0127896556372,0.0128489990049,0.0128119114713,3.70875336183e-05,0.997113585766
fc7799d7828ac7b3,H2SO4,B,0.00959224172789,0.00965233901719,0.00963144464835,2.08943688427e-05,0.997835305121
55422d89ae9b82cb,H2SO4,B,0.00767379338231,0.00772936717098,0.00771598222697,1.33849440048e-05,0.998268300146
00be020a1bf7054b,H2SO4,B,0.0383689669116,0.037781697074,0.037456781358,0.000324915715994,0.991400182068
ce60f0719fe56ab4,H2SO4,B,0.0191844834558,0.019073256876,0.0189912677397,8.19891362343e-05,0.995701356262
385076682bdda2dd,H2SO4,B,0.0127896556372,0.0127563860083,0.0127198329556,3.6553052678e-05,0.997134529117
163f12a244812308,H2SO4,B,0.00959224172789,0.00958266907595,0.00956207599405,2.05930819056e-05,0.997851007716
a5436b6a9ea32137,H2SO4,B,0.00767379338231,0.00767353004314,0.00766033816936,1.31918737785e-05,0.998280859825
ceb8a91c4093a985,H2SO4,B,0.0383689669116,0.0375104137025,0.037190193487,0.000320220215478,0.991463164922
12b57fc491267683,H2SO4,B,0.0191844834558,0.018935156833,0.0188543565448,8.08002881035e-05,0.995732790131
bc87cd15074c21e5,H2SO4,B,0.0127896556372,0.0126637654251,0.0126277429923,3.60224327847e-05,0.997155472202
d3d4b785257c675d,H2SO4,B,0.00959224172789,0.00951299485143,0.00949270087652,2.02939749051e-05,0.997866710198
cb33c8f2a2b4a88e,H2SO4,B,0.00767379338231,0.00761769016813,0.00760468996645,1.30002016817e-05,0.998293419476
618902161304de32,H2SO4,B,0.0383689669116,0.037239064062,0.0369235056289,0.00031555843315,0.991526144894
692cb46a2757f0fe,H2SO4,B,0.0191844834558,0.0187970398446,0.0187174197811,7.9620063462e-05,0.995764223297
7b5d0eacb3c5ebd6,H2SO4,B,0.0127896556372,0.0125711372537,0.012535641579,3.54956747666e-05,0.997176414985
d58e115d9a211fa3,H2SO4,B,0.00959224172789,0.00944331634261,0.00942331929419,1.9997048419e-05,0.997882412524
f4441e69d834470c,H2SO4,B,0.00767379338231,0.00756184754515,0.00754903761697,1.28099281832e-05,0.998305979047
9b032ec89fe95405,H2SO4,B,0.0561966554365,0.0553660983633,0.0546617357465,0.000704362616883,0.987278088258
7436587475cfdc82,H2SO4,B,0.0280983277183,0.028077600058,0.0278990792657,0.000178520792368,0.993641878508
e11965e2114b8f93,H2SO4,B,0.0187322184788,0.0188071891251,0.0187274826507,7.97064743715e-05,0.995761914561
506ab71c492a689e,H2SO4,B,0.0140491638591,0.0141388456651,0.0140939080152,4.49376498922e-05,0.996821688916
ed9248929bd4d2ce,H2SO4,B,0.0112393310873,0.0113271749647,0.0112983753261,2.87996385186e-05,0.997457473853
8f936e2c2d3134be,H2SO4,B,0.0561966554365,0.0549755038951,0.0542811908787,0.000694313016406,0.987370502002
230e075dc61a18a4,H2SO4,B,0.0280983277183,0.0278770617171,0.0277011005683,0.000175961148762,0.993687959278
4c6587348b7e244d,H2SO4,B,0.0187322184788,0.0186723082206,0.0185937464811,7.85617394324e-05,0.995792606972
8af874118ba41996,H2SO4,B,0.0140491638591,0.014037235801,0.0139929440774,4.42917236658e-05,0.99684469761
b85d8248c59b11d4,H2SO4,B,0.0112393310873,0.0112456705794,0.0112172851084,2.83854709574e-05,0.997475875649
da4736ffb3123b76,H2SO4,B,0.0561966554365,0.0545847702541,0.0539004360099,0.000684334244276,0.987462908773
3e0ed7c45ae0e050,H2SO4,B,0.0280983277183,0.0276764874214,0.0275030676201,0.000173419801271,0.993734038622
2612ad67ab8ee163,H2SO4,B,0.0187322184788,0.018537411159,0.0184599859324,7.7425226636e-05,0.995823298843
f0e416f26ca95f37,H2SO4,B,0.0140491638591,0.0139356167994,0.0138919663519,4.36504474705e-05,0.996867706102
3e5081646b2178b1,H2SO4,B,0.0112393310873,0.0111641603278,0.0111361860392,2.79742886297e-05,0.997494277419
a41804d4801501da,H2SO4,B,0.0561966554365,0.0541938974561,0.0535194711919,0.000674426264186,0.987555309807
c25be2bbdd333f45,H2SO4,B,0.0280983277183,0.027475877158,0.0273049804014,0.000170896756617,0.993780116441
0f758506c11f5880,H2SO4,B,0.0187322184788,0.0184024979347,0.0183262009954,7.62969392393e-05,0.995853990066
8e20825ce5345822,H2SO4,B,0.0140491638591,0.013833988656,0.0137909748323,4.30138237383e-05,0.996890714254
c2bc58d2e02f8e94,H2SO4,B,0.0112393310873,0.0110826442064,0.0110550781128,2.75660936489e-05,0.997512679002
f74ae469b1a8584d,H2SO4,B,0.0561966554365,0.0538028853825,0.053138296237,0.000664589145452,0.98764770438
e514dcc2ad124bbe,H2SO4,B,0.0280983277183,0.0272752309176,0.0271068388987,0.000168392018915,0.993826192731
cf58abd2bd20ddce,H2SO4,B,0.0187322184788,0.0182675685443,0.0181923916655,7.51768787782e-05,0.995884680624
fa82c49cfe0b5933,H2SO4,B,0.0140491638591,0.0137323513692,0.0136899695158,4.23818533902e-05,0.996913722039
e7d91a152738a940,H2SO4,B,0.0112393310873,0.0110011222141,0.0109739613275,2.71608866479e-05,0.997531080364
7b759796e5c87fd9,H2SO4,B,0.0739537172491,0.0718769466451,0.0706791282194,0.00119781842568,0.983335151511
e2b7983b762cb42e,H2SO4,B,0.0369768586245,0.0366092444141,0.0363043722349,0.000304872179155,0.991672262456
7c48b15d9413ca25,H2SO4,B,0.024651239083,0.0245576988522,0.0244213861626,0.000136312689616,0.994449288981
db685bd8dc7b45c9,H2SO4,B,0.0184884293123,0.0184754531016,0.0183985470841,7.69060175135e-05,0.99583739478
fed4c6eb208ec232,H2SO4,B,0.0147907434498,0.0148078992534,0.0147585907846,4.93084688411e-05,0.996670123966
6de6a13081a91cee,H2SO4,B,0.0739537172491,0.0713712636132,0.0701905666551,0.00118069695802,0.983456969959
6312270068304c74,H2SO4,B,0.0369768586245,0.0363474976242,0.0360470112348,0.000300486389426,0.99173295525
e0faaef2a0df59c4,H2SO4,B,0.024651239083,0.0243811685866,0.0242468210951,0.000134347491467,0.994489702535
95834bde6df90d62,H2SO4,B,0.0184884293123,0.0183422855644,0.0182664894946,7.57960697402e-05,0.995867686746
1891434281d806d3,H2SO4,B,0.0147907434498,0.0147009937165,0.0146523973586,4.8596357904e-05,0.996694348774
a3a603a3d064513a,H2SO4,B,0.0739537172491,0.0708653445863,0.0697016490249,0.00116369556142,0.983578777917
81c19fc38a4787ee,H2SO4,B,0.0369768586245,0.0360856892032,0.0357895572424,0.00029613196073,0.991793645424
a16df35d4c3a7b59,H2SO4,B,0.024651239083,0.0242046105296,0.0240722140939,0.000132396435769,0.994530115012
c5b1362ab1baa382,H2SO4,B,0.0184884293123,0.0182091022819,0.0181344081474,7.46941345071e-05,0.995897978201
34b11ac82b91eacd,H2SO4,B,0.0147907434498,0.0145940780594,0.0145461886624,4.78893970423e-05,0.996718573325
b7192f5498d8cc1a,H2SO4,B,0.0739537172491,0.0703591893604,0.0692123750179,0.00114681434246,0.983700574823
6866a408faebf6a0,H2SO4,B,0.0369768586245,0.0358238191274,0.0355320102231,0.000291808904265,0.991854332917
ebf75426fa887f03,H2SO4,B,0.024651239083,0.024028024672,0.0238975651446,0.000130459527392,0.994570526326
5401da18621f2f90,H2SO4,B,0.0184884293123,0.0180759032485,0.0180023030334,7.36002150629e-05,0.99592826903
ca1c404836767f0a,H2SO4,B,0.0147907434498,0.0144871522779,0.0144399646892,4.71875887898e-05,0.996742797488
d9c524bc44241212,H2SO4,B,0.0739537172491,0.0698527977873,0.0687227444232,0.00113005336409,0.983822360737
bb7e27b28284135a,H2SO4,B,0.0369768586245,0.0355618873793,0.0352743701524,0.000287517226857,0.991915017789
b198c13036407fae,H2SO4,B,0.024651239083,0.0238514110073,0.0237228742382,0.000128536769127,0.994610936473
07cd13b1f278a05d,H2SO4,B,0.0184884293123,0.0179426884607,0.0178701741477,7.25143130577e-05,0.995958559208
06aa9c2de19c00a0,H2SO4,B,0.0147907434498,0.0143802163706,0.0143337254368,4.64909338032e-05,0.99676702126
435ddd70d6933289,H2SO4,B,0.0916785084351,0.0879100347009,0.08610232158,0.00180771312089,0.97943678299
6bccbff82ae30548,H2SO4,B,0.0458392542175,0.04496704197,0.0445050174048,0.000462024565225,0.989725262215
8f8eb1c42a94a170,H2SO4,B,0.0305595028117,0.0302075335184,0.0300006674255,0.000206866092924,0.993151837677
24e252cc38ef6b43,H2SO4,B,0.0229196271088,0.0227423743268,0.0226255813411,0.000116792985737,0.994864521001
fe8d75815a62f878,H2SO4,B,0.018335701687,0.0182356970924,0.0181607835772,7.49135152449e-05,0.995891930269
6103786ee956ba28,H2SO4,B,0.0916785084351,0.0872931700127,0.0855113461129,0.00178182389983,0.979588049104
586f4cc2d0c08e09,H2SO4,B,0.0458392542175,0.0446451799455,0.0441898243075,0.000455355638,0.989800564393
860ff64bd318fa70,H2SO4,B,0.0305595028117,0.0299898748897,0.0297860026795,0.000203872210278,0.993201965296
806800b94dbe3ba5,H2SO4,B,0.0229196271088,0.0225779594872,0.0224628590589,0.000115100428312,0.994902088987
3a784814073b002f,H2SO4,B,0.018335701687,0.0181035994793,0.0180297724812,7.38269981337e-05,0.995921971306
74f73ba09395fdf1,H2SO4,B,0.0916785084351,0.0866759498222,0.0849198342281,0.00175611559405,0.979739297952
28cfa8754a11f4fc,H2SO4,B,0.0458392542175,0.0443232241646,0.0438744897474,0.000448734417187,0.989875862471
3b9252404fd01352,H2SO4,B,0.0305595028117,0.0297721738395,0.0295712739251,0.000200899914428,0.99325209118
ed7a17cfb9e05040,H2SO4,B,0.0229196271088,0.0224135205712,0.0223001004481,0.000113420123062,0.994939656057
10fd55250ee49e08,H2SO4,B,0.018335701687,0.0179714863753,0.0178987380111,7.27483642175e-05,0.995952011831
cf5c251d4bfa2588,H2SO4,B,0.0916785084351,0.0860583738595,0.0843277855439,0.00173058831561,0.979890529672
0009b1af8ec6a982,H2SO4,B,0.0458392542175,0.0440011745741,0.0435590136428,0.000442160931332,0.989951156177
b26496b566fbe809,H2SO4,B,0.0305595028117,0.0295544303529,0.0293564811403,0.000197949212637,0.993302215259
e32cc3c8d05fc8a7,H2SO4,B,0.0229196271088,0.0222490575716,0.022137305498,0.000111752073557,0.99497722215
b701fdf30a94a137,H2SO4,B,0.018335701687,0.0178393577749,0.0177676801583,7.167761661e-05,0.995982051736
12b06c7ceb9c8a79,H2SO4,B,0.0916785084351,0.0854404418539,0.0837351996768,0.00170524217712,0.9800417444
b4daf95400d380ba,H2SO4,B,0.0458392542175,0.0436790311699,0.0432433959997,0.000435635170288,0.990026446132
cf91e46bdf3a7e1f,H2SO4,B,0.0305595028117,0.0293366444186,0.0291416243088,0.000195020109876,0.993352337538
b42706629bd394ca,H2SO4,B,0.0229196271088,0.0220845704823,0.0219744741995,0.000110096282849,0.995014787227
96f638f6865f6a84,H2SO4,B,0.018335701687,0.0177072136752,0.0176365989185,7.0614756705e-05,0.996012091004
a102cffd8dce2a5f,H2SO4,B,0.056475524052,0.056157594744,0.0554043298993,0.000753264844724,0.986586589968
afdaa57ac7cc64cd,H2SO4,B,0.028237762026,0.028484870404,0.0282938846722,0.000190985731792,0.993295186916
811fc98c8d058cd4,H2SO4,B,0.018825174684,0.0190813128449,0.0189960304501,8.52823947533e-05,0.995530580341
5148bd29668011be,H2SO4,B,0.014118881013,0.014345424351,0.0142973400844,4.80842665069e-05,0.996648111249
fe55f54ca16385fb,H2SO4,B,0.0112951048104,0.0114929129681,0.0114620955823,3.08173857725e-05,0.997318574859
4f8c5c5a8bce471e,H2SO4,B,0.056475524052,0.055765376915,0.0550227529187,0.000742623996338,0.986683063266
1fdb47d93629392c,H2SO4,B,0.028237762026,0.0282834169349,0.028095142902,0.000188274032935,0.993343306667
66397e4143c4f98d,H2SO4,B,0.018825174684,0.018945798367,0.0188617289265,8.40694405005e-05,0.995562634054
327932e9d3ea90bd,H2SO4,B,0.014118881013,0.0142433304276,0.0141959306414,4.73997862442e-05,0.99667214164
c5dded8711bc5cc9,H2SO4,B,0.0112951048104,0.0114110170554,0.0113806385814,3.03784739458e-05,0.997337794361
c673af9768698811,H2SO4,B,0.056475524052,0.055373018448,0.0546409611382,0.00073205730979,0.986779530351
275fb29771c0f0d7,H2SO4,B,0.028237762026,0.0280819271374,0.0278963456168,0.000185581520552,0.993391425038
382d5b329481b689,H2SO4,B,0.018825174684,0.0188102675659,0.0187274024539,8.28651119917e-05,0.995594687226
15a0fba4ce7ce957,H2SO4,B,0.014118881013,0.0141412272736,0.0140945070887,4.67201849524e-05,0.996696171835
6ecb5a765e8f8875,H2SO4,B,0.0112951048104,0.0113291152167,0.0112991725221,2.99426946825e-05,0.997357013844
0e6986212fd843a7,H2SO4,B,0.056475524052,0.0549805192886,0.0542589544819,0.000721564806703,0.986875991423
5c6d34fe15677362,H2SO4,B,0.028237762026,0.0278804009986,0.0276974927967,0.000182908201846,0.993439541926
87a38c9b39c1bc53,H2SO4,B,0.018825174684,0.0186747204368,0.0185930510249,8.16694119345e-05,0.995626739784
d522dd09aea8ac26,H2SO4,B,0.014118881013,0.014039114885,0.01399306942,4.60454650435e-05,0.996720201706
112c5748b16713a9,H2SO4,B,0.0112951048104,0.0112472074489,0.0112176973988,2.95100500962e-05,0.997376233147
1de687d31e423da9,H2SO4,B,0.056475524052,0.0545878793665,0.0538767328444,0.000711146522136,0.986972446441
c8ca860a6e86544d,H2SO4,B,0.028237762026,0.0276788385098,0.0274985844288,0.000180254081041,0.993487657332
c09bef7312563e3b,H2SO4,B,0.018825174684,0.0185391569761,0.0184586746337,8.04823423601e-05,0.995658791688
3368e8287ca94306,H2SO4,B,0.014118881013,0.0139369932602,0.0138916176328,4.53756274317e-05,0.996744231228
b1bc262c9687e96c,H2SO4,B,0.0112951048104,0.0111652937507,0.0111362132099,2.90805408659e-05,0.997395452237
6de45d95ca3318f6,H2SO4,B,0.108141270202,0.10428674815,0.101619952603,0.00266679554736,0.974428241415
9708a60f8fbbc322,H2SO4,B,0.0540706351008,0.0535802041818,0.052895439504,0.000684764677815,0.987219819553
86a4415528f488a9,H2SO4,B,0.0360470900672,0.0360472759264,0.0357402032137,0.000307072712707,0.991481389236
e2c7ac1fa2bfd76b,H2SO4,B,0.0270353175504,0.0271592602415,0.026985757172,0.000173503069492,0.993611642293
af45fcb0b3e4072a,H2SO4,B,0.0216282540403,0.0217871243704,0.0216757836857,0.000111340684708,0.994889610817
61e0ac3fcef17e86,H2SO4,B,0.108141270202,0.103571231931,0.100941949473,0.00262928245778,0.974613776347
43383d88ccb18665,H2SO4,B,0.0540706351008,0.0532037354216,0.0525286951432,0.000675040278381,0.987312163835
a7be3b3eba959b95,H2SO4,B,0.0360470900672,0.0357919747812,0.0354892769407,0.000302697840476,0.991542857238
f9ee6d6777ecb404,H2SO4,B,0.0270353175504,0.0269661398285,0.0267951126867,0.000171027141778,0.993657707671
091dd3aee4570cf1,H2SO4,B,0.0216282540403,0.0216318324772,0.0215220822063,0.000109750270915,0.994926445967
6b8b02e848041576,H2SO4,B,0.108141270202,0.102855229674,0.100263204672,0.00259202500188,0.974799288183
af756cc9946bf42d,H2SO4,B,0.0540706351008,0.0528271373192,0.0521617532168,0.000665384102474,0.987404502
f586fe7b6fd0e0e6,H2SO4,B,0.0360470900672,0.0355366149574,0.0352382610123,0.000298353945083,0.991604322881
68f03663bda14f3c,H2SO4,B,0.0270353175504,0.0267729860627,0.0266044172323,0.000168568830476,0.993703771776
2fca691e9970820c,H2SO4,B,0.0216282540403,0.0214765191049,0.0213683478993,0.000108171205614,0.994963280358
5f73f4396d632943,H2SO4,B,0.108141270202,0.102138740927,0.0995837175266,0.00255502340064,0.97498477681
0a4a7e40a76a8245,H2SO4,B,0.0540706351008,0.0524504098847,0.051794613764,0.000655796120618,0.987496835162
309064873b98cd6b,H2SO4,B,0.0360470900672,0.0352811964345,0.0349871553974,0.000294041037081,0.991665786118
e51df9c7508b57a7,H2SO4,B,0.0270353175504,0.0265797989339,0.0264136707927,0.000166128141213,0.993749834541
efad73849cd78db3,H2SO4,B,0.0216282540403,0.0213211842468,0.0212145807543,0.000106603492561,0.995000113909
0e6c7bae98abb015,H2SO4,B,0.108141270202,0.101421765261,0.0989034874061,0.00251827785522,0.975170242317
b6aa0c96fb25f8a3,H2SO4,B,0.0540706351008,0.0520735530098,0.0514272766073,0.000646276402495,0.987589162538
9009e1d58b37aedf,H2SO4,B,0.0360470900672,0.0350257191924,0.0347359600654,0.000289759126963,0.991727246902
57e842cde61edad0,H2SO4,B,0.0270353175504,0.0263865784336,0.0262228733553,0.000163705078304,0.993795895943
06c1aff78a96c268,H2SO4,B,0.0216282540403,0.0211658278985,0.0210607807644,0.000105047134111,0.9950369466
7996600c38b80b57,H2SO4,B,0.159489235888,0.149252813541,0.143649424308,0.00560338923279,0.962457061279
7b102c8f2d5130a4,H2SO4,B,0.0797446179441,0.0776437855548,0.0761870576662,0.00145672788863,0.981238319613
93f695eaf55019e9,H2SO4,B,0.0531630786294,0.0524572813868,0.0518013113678,0.00065597001903,0.987495157933
11308a50e26d13f6,H2SO4,B,0.039872308972,0.039607005835,0.0392355943392,0.000371411495874,0.990622580828
6f7b984b3f05dc84,H2SO4,B,0.0318978471776,0.0318132557704,0.0315746141791,0.000238641591239,0.992498674359
fdacf42e52d26ff6,H2SO4,B,0.159489235888,0.148246359439,0.142721491779,0.00552486765928,0.962731849334
35e5658d9b9f4bcc,H2SO4,B,0.0797446179441,0.0771016661171,0.0756656324278,0.00143603368933,0.981374803404
c3cbfdfdc72ef45f,H2SO4,B,0.0531630786294,0.0520867232355,0.0514401156988,0.000646607536713,0.987585943278
b91c026f3f783aea,H2SO4,B,0.039872308972,0.0393255837109,0.0389594858379,0.000366097872977,0.990690592779
78beffb5ca4a4753,H2SO4,B,0.0318978471776,0.0315864170767,0.0313511945118,0.000235222564885,0.992553046953
dc4e0016ad3c4ba2,H2SO4,B,0.159489235888,0.147238907295,0.141792037332,0.00544686996233,0.963006585267
89ec448ffcea6ea4,H2SO4,B,0.0797446179441,0.0765592735193,0.0751437901657,0.00141548335359,0.981511275009
11fa0e26c8280ae2,H2SO4,B,0.0531630786294,0.0517160398902,0.0510787287996,0.000637311090561,0.987676722891
db7e217b9bbeb69f,H2SO4,B,0.039872308972,0.0390440900968,0.0386832681152,0.000360821981662,0.990758601858
692430826a297ced,H2SO4,B,0.0318978471776,0.0313595322058,0.0311277042837,0.000231827922069,0.992607417721
62cb2797bc15428a,H2SO4,B,0.159489235888,0.146230455807,0.140861059058,0.00536939674973,0.963281269144
6f211d0d24d46696,H2SO4,B,0.0797446179441,0.0760166075609,0.0746215305771,0.00139507698382,0.981647734244
9b4d2e3ccabae3dd,H2SO4,B,0.0531630786294,0.05134523132,0.0507171506336,0.000628080686381,0.98776749719
d6930e5e2f2c2d2f,H2SO4,B,0.039872308972,0.0387625249619,0.0384069411229,0.000355583838999,0.990826607933
5fbe2f89e7ca9499,H2SO4,B,0.0318978471776,0.0311326011423,0.0309041434715,0.000228457670799,0.992661786603
08ce6daf484165a9,H2SO4,B,0.159489235888,0.145221003676,0.139928555049,0.00529244862721,0.963555901053
ca0fcd8de5f5d84f,H2SO4,B,0.0797446179441,0.0754736680609,0.0740988533946,0.00137481466637,0.981784181136
df52075953dc00ae,H2SO4,B,0.0531630786294,0.0509742974662,0.0503553811127,0.000618916353454,0.987858266142
c13bb5fd90218073,H2SO4,B,0.039872308972,0.038480888282,0.0381305048254,0.000350383456565,0.990894611008
c5207ef62b33a830,H2SO4,B,0.0318978471776,0.0309056238729,0.0306805120552,0.000225111817753,0.992716153582
d421cf88545c72ed,H2SO4,B,0.210739547084,0.191470761949,0.182016812804,0.00945394914466,0.950624580754
e34a85d86575ffaa,H2SO4,B,0.105369773542,0.100823517153,0.0983356932316,0.00248782392189,0.975324963936
9088a429338b6c69,H2SO4,B,0.0702465156947,0.0684002097774,0.0672753370339,0.00112487274347,0.983554542491
ac508cfcbd38bedd,H2SO4,B,0.052684886771,0.0517522301519,0.051114014687,0.00063821546487,0.987667865462
633361ef867186e7,H2SO4,B,0.0421479094168,0.0416208267309,0.0412102495649,0.000410577165956,0.990135295279
047d409285a6c20f,H2SO4,B,0.210739547084,0.190201299652,0.180879375185,0.00932192446647,0.95098916525
2087fa12fecda376,H2SO4,B,0.105369773542,0.100123849775,0.0976713847683,0.00245246500619,0.975505686091
d49a55be506d6612,H2SO4,B,0.0702465156947,0.0679182271299,0.0668094397029,0.00110878742707,0.983674670645
b79c5b697e51c972,H2SO4,B,0.052684886771,0.0513847509514,0.0507556900239,0.000629060927501,0.987757828619
87122595743f0c60,H2SO4,B,0.0421479094168,0.0413239236414,0.0409192467842,0.000404676857198,0.990207201506
a180f9e0fabd2072,H2SO4,B,0.210739547084,0.188930190283,0.179739427199,0.00919076308407,0.951353655706
e55ab78aaabd6fd0,H2SO4,B,0.105369773542,0.0994237189385,0.097006369048,0.00241734989047,0.975686386344
67ab67dc727c8ba2,H2SO4,B,0.0702465156947,0.0674360300887,0.0663432150003,0.00109281508839,0.983794789122
91a52ca0a94451dc,H2SO4,B,0.052684886771,0.0510171486767,0.0503971773604,0.000619971316362,0.987847785844
98b3c3e157c3cbfd,H2SO4,B,0.0421479094168,0.0410269408553,0.0406281222477,0.000398818607597,0.99027910443
1ea721921f302072,H2SO4,B,0.210739547084,0.187657431064,0.178596964802,0.00906046626224,0.951718052353
e39edecbb0fd4434,H2SO4,B,0.105369773542,0.0987231242305,0.0963406454554,0.00238247877507,0.975867064645
24b81efc2e0ba4a2,H2SO4,B,0.0702465156947,0.0669536185461,0.0658766627739,0.00107695577217,0.983914898171
0808a1923064e52c,H2SO4,B,0.052684886771,0.0506494233486,0.0500384767541,0.000610946594503,0.987937738396
687f60398b15069f,H2SO4,B,0.0421479094168,0.0407298783473,0.0403368759194,0.000393002427944,0.99035100413
b564fc23d43a32e0,H2SO4,B,0.210739547084,0.186383019197,0.177451983916,0.00893103528137,0.952082355357
c7e2fbfef67027de,H2SO4,B,0.105369773542,0.0980220652579,0.095674213416,0.00234785184193,0.976047721136
d2bc509f2fe461bd,H2SO4,B,0.0702465156947,0.0664709923688,0.0654097828236,0.00106120954512,0.984034997714
a6e43415c4eae40b,H2SO4,B,0.052684886771,0.0502815748609,0.0496795880294,0.000601986831475,0.988027685427
15ea131a185906b4,H2SO4,B,0.0421479094168,0.0404327360783,0.0400455077373,0.000387228341035,0.990422900387
8b9f2d779c074875,H2SO4,B,0.261946974505,0.231170110025,0.217050606127,0.0141195038985,0.938921585075
f8601415ba084f15,H2SO4,B,0.130973487253,0.123180166963,0.119419938067,0.00376022889597,0.969473747368
fc3033591fa6a3fb,H2SO4,B,0.0873156581684,0.08390751185,0.0822004434368,0.00170706841314,0.979655356529
8b991073996e309a,H2SO4,B,0.0654867436263,0.0636156097519,0.0626451094443,0.000970500307676,0.984744305502
800c475eac6a7cd2,H2SO4,B,0.052389394901,0.051225113645,0.0506000085235,0.000625105121522,0.987796901226
55f0aba7bd3af4ad,H2SO4,B,0.261946974505,0.229662645103,0.215739710164,0.0139229349393,0.939376580231
9d96eba1e9274511,H2SO4,B,0.130973487253,0.122330430434,0.118623677554,0.00370675287908,0.969698848717
93dbbbc7bb82fda3,H2SO4,B,0.0873156581684,0.0833176536239,0.0816350438397,0.00168260978424,0.979804882746
e1a727f42f1e3608,H2SO4,B,0.0654867436263,0.0631641450705,0.0622076027737,0.000956542296841,0.984856245647
aa1103ce3701419d,H2SO4,B,0.052389394901,0.0508595064754,0.0502434124809,0.000616093994414,0.987886355234
8e7dad65b37f4a51,H2SO4,B,0.261946974505,0.228152772004,0.214425144948,0.0137276270565,0.939831425514
e955da2dfcd32ea0,H2SO4,B,0.130973487253,0.1214799978,0.117826355148,0.00365364265171,0.969923915724
0ed88940a538f300,H2SO4,B,0.0873156581684,0.0827274704099,0.0810691481508,0.00165832225914,0.979954394218
d84683111cb7b4c3,H2SO4,B,0.0654867436263,0.0627124930141,0.0617698099723,0.000942683041784,0.984968177847
f420d8057c345b08,H2SO4,B,0.052389394901,0.0504937775959,0.0498866305401,0.000607147055742,0.987975804453
72e3780438a1e71a,H2SO4,B,0.261946974505,0.226640485751,0.213106903278,0.0135335824729,0.940286121308
4d36545b69c0a6e2,H2SO4,B,0.130973487253,0.120628868285,0.117027969696,0.00360089858872,0.970148948258
a8196a249dc7f2c7,H2SO4,B,0.0873156581684,0.0821369619546,0.0805027559901,0.00163420596452,0.980103890799
90a04ec83b23a618,H2SO4,B,0.0654867436263,0.0622606534625,0.0613317308566,0.000928922605926,0.98508010189
7f50538e91cf39d0,H2SO4,B,0.052389394901,0.0501279269053,0.0495296625344,0.000598264370888,0.9880652481
e4192b7a5c5ca469,H2SO4,B,0.261946974505,0.225125781357,0.211784977942,0.0133408034154,0.940740668017
bb3a9e134cb50f96,H2SO4,B,0.130973487253,0.119777041144,0.116228520104,0.00354852103926,0.970373946414
80645932f40b4b1e,H2SO4,B,0.0873156581684,0.0815461280212,0.0799358670074,0.00161026101377,0.980253372504
a97e7396430d7c53,H2SO4,B,0.0654867436263,0.0618086263099,0.0608933652687,0.00091526104118,0.985192017752
1deaf98ab7570255,H2SO4,B,0.052389394901,0.0497619543725,0.0491725084255,0.000589445947024,0.988154686558
067398f87f465b0c,H2SO4,B,0.192566354392,0.178853845545,0.170292638758,0.00856120678696,0.952132945418
cf739e29bcba2480,H2SO4,B,0.0962831771961,0.0938337810464,0.0915875730676,0.00224620797886,0.976061840908
b3486ddde8e2610b,H2SO4,B,0.0641887847974,0.0635783703706,0.0625637649957,0.00101460537497,0.98404165805
d5bab73e8552739a,H2SO4,B,0.0481415885981,0.0480735238944,0.0474981612028,0.000575362691618,0.988031609813
49a7e6863311094e,H2SO4,B,0.0385132708785,0.0386475345348,0.0382775043538,0.000370030181026,0.990425516518
58df42ea2d12af97,H2SO4,B,0.192566354392,0.177677718064,0.169234535145,0.00844318291976,0.952480350312
63bd48f977bef647,H2SO4,B,0.0962831771961,0.0931899108532,0.0909751976555,0.00221471319774,0.976234410169
640f695904e72298,H2SO4,B,0.0641887847974,0.063135853145,0.0621355568698,0.00100029627513,0.984156446372
29d11af61d8de593,H2SO4,B,0.0481415885981,0.0477365304381,0.0471693061058,0.000567224332286,0.988117604546
a3909d325e185b96,H2SO4,B,0.0385132708785,0.0383754552575,0.0380106683586,0.000364786898853,0.990494265243
97ff6c1eae47c3b7,H2SO4,B,0.192566354392,0.176500182617,0.168174259917,0.0083259227004,0.952827682233
23efd3f4de2f7588,H2SO4,B,0.0962831771961,0.0925456490115,0.0903622160276,0.00218343298394,0.976406962323
8af973ee7eae282e,H2SO4,B,0.0641887847974,0.0626931555198,0.0617070691689,0.000986086350875,0.984271227972
93dba8851e2a4538,H2SO4,B,0.0481415885981,0.0473994336037,0.0468402906741,0.000559142929624,0.988203594703
31693cb26bae6c8e,H2SO4,B,0.0385132708785,0.0381033091133,0.0377437286205,0.000359580492779,0.990563011425
6db221f29fab9bcc,H2SO4,B,0.192566354392,0.175321237099,0.167111809877,0.00820942722238,0.953174941278
fd23c4114d984788,H2SO4,B,0.0962831771961,0.0919009952103,0.0897486277029,0.00215236750742,0.97657949729
87fa7b22daf33f45,H2SO4,B,0.0641887847974,0.0622502773418,0.0612783016357,0.000971975706139,0.984386001996
d97e05a8f1ae0503,H2SO4,B,0.0481415885981,0.0470622333979,0.0465111149349,0.00055111846299,0.988289581195
74c7a3966d6a4134,H2SO4,B,0.0385132708785,0.0378310960776,0.0374766851004,0.000354410977179,0.990631754987
27343731433077de,H2SO4,B,0.192566354392,0.174140879416,0.16604718185,0.00809369756635,0.953522127639
92da7c35b20a3315,H2SO4,B,0.0962831771961,0.0912559491542,0.0891344322298,0.00212151692444,0.976752015139
86c0353f585263de,H2SO4,B,0.0641887847974,0.061807218529,0.0608492541477,0.000957964381304,0.984500768614
22ecedd4cc18572e,H2SO4,B,0.0481415885981,0.0467249297408,0.0461817787509,0.000543150989914,0.988375563261
f6871ce5ad42650b,H2SO4,B,0.0385132708785,0.0375588161289,0.0372095377649,0.000349278363987,0.990700495916
86aecf75977bea2c,H2SO4,B,0.374938448538,0.317357652374,0.287965306443,0.0293923459312,0.907384158815
ea247aaaee1c8965,H2SO4,B,0.187469224269,0.173798664831,0.165738377959,0.00806028687246,0.953622849288
5e99efb836f874aa,H2SO4,B,0.124979482846,0.119515096185,0.115819341213,0.00369575497197,0.969077086578
5f4b25ae3086a9e0,H2SO4,B,0.0937346121345,0.0910484560202,0.0889368149694,0.00211164105074,0.976807502916
bc181060cfd24790,H2SO4,B,0.0749876897076,0.0735280811151,0.07216385839,0.00136422272508,0.981446235174
e67f74679ba8dc05,H2SO4,B,0.374938448538,0.315420451172,0.286423357616,0.0289970935566,0.908068441825
41ddf25db69b3eb9,H2SO4,B,0.187469224269,0.172647215057,0.164698696611,0.00794851844643,0.953960922893
5fc70dcf8d0c327c,H2SO4,B,0.124979482846,0.118701231373,0.115057284289,0.00364394708431,0.969301522468
cccea88d22e29631,H2SO4,B,0.0937346121345,0.0904198450096,0.0883379705013,0.00208187450827,0.976975469179
98f0210b992865e7,H2SO4,B,0.0749876897076,0.0730162163124,0.0716712892614,0.00134492705107,0.981580433512
c196ffc397d65b9f,H2SO4,B,0.374938448538,0.313478857738,0.284874669756,0.0286041879822,0.908752417345
33cf3af86b9b8dec,H2SO4,B,0.187469224269,0.171494422025,0.163656943025,0.00783747900036,0.954298927581
18261682d14b3d34,H2SO4,B,0.124979482846,0.117886727031,0.114294238536,0.00359248849525,0.969525928951
6c7be819e6379749,H2SO4,B,0.0937346121345,0.0897908615771,0.0877385495153,0.00205231206184,0.977143419433
e1a82e79df42fdc3,H2SO4,B,0.0749876897076,0.072504108137,0.0711783431109,0.00132576502613,0.981714621968
0af51f61392ae27a,H2SO4,B,0.374938448538,0.311532860069,0.283319225085,0.0282136349845,0.909436086523
e2ea4e0a26d8bb14,H2SO4,B,0.187469224269,0.170340283778,0.162613114225,0.00772716955267,0.954636863452
f7d15b92d840cf79,H2SO4,B,0.124979482846,0.117071582523,0.113530202979,0.00354137954341,0.969750306034
9ea0d631149f8d23,H2SO4,B,0.0937346121345,0.089161505417,0.0871385515321,0.00202295388483,0.977311353421
42832078060d9510,H2SO4,B,0.0749876897076,0.0719917564176,0.0706850196664,0.0013067367512,0.981848800249
808d87c8b6b9a931,H2SO4,B,0.374938448538,0.309582446112,0.281757005737,0.0278254403753,0.91011945049
bdaab48972f09703,H2SO4,B,0.187469224269,0.169184798369,0.161567207259,0.00761759110981,0.95497473069
943f55dfe3e5ebd6,H2SO4,B,0.124979482846,0.116255797216,0.112765176651,0.00349062056451,0.969974653754
1299508a91d6b88a,H2SO4,B,0.0937346121345,0.0885317762563,0.086537976135,0.00199380012138,0.977479271221
fb4372b39d6d441b,H2SO4,B,0.0749876897076,0.0714791609951,0.0701913186786,0.00128784231657,0.981982968202
32b7acb1dd181f3a,H2SO4,B,0.556917913265,0.431219398986,0.372352684557,0.0588667144297,0.863487787033
80f12084f2a7f122,H2SO4,B,0.278458956633,0.245872341728,0.229025632274,0.0168467094538,0.931481884724
c68c1d89cb37b159,H2SO4,B,0.185639304422,0.171501596654,0.163663440909,0.00783815574532,0.95429689345
7f4b89827ad6db2c,H2SO4,B,0.139229478316,0.131605457354,0.127093804396,0.00451165295819,0.965718344445
ee9c7f80957769b9,H2SO4,B,0.111383582653,0.106750238751,0.103822488918,0.00292774983217,0.972573833404
241b63f6f953cd87,H2SO4,B,0.556917913265,0.428772059545,0.370679822106,0.0580922374394,0.864514871839
4929b3f18343ef3c,H2SO4,B,0.278458956633,0.244298496006,0.227683019624,0.0166154763824,0.931986988647
37a11502fb45e1e4,H2SO4,B,0.185639304422,0.17035848068,0.162629590007,0.0077288906727,0.954631606
79eb80a3e4718d92,H2SO4,B,0.139229478316,0.130710275345,0.126262021818,0.00444825352739,0.965968601048
cbbaf2aabaef81b3,H2SO4,B,0.111383582653,0.106015207971,0.103128801941,0.00288640603008,0.972773660635
8f9f8b159e8f5d48,H2SO4,B,0.556917913265,0.426316671773,0.36899464919,0.057322022583,0.865541212957
0f12af3022e485b9,H2SO4,B,0.278458956633,0.242721961425,0.22633627076,0.0163856906658,0.932491932046
095b3777f57e206f,H2SO4,B,0.185639304422,0.169214043594,0.161593700841,0.00762034275295,0.95496625108
a84f26129dd55d5d,H2SO4,B,0.139229478316,0.129814311481,0.125429030965,0.00438528051631,0.96621882082
965c8b31f8ebe149,H2SO4,B,0.111383582653,0.10527966121,0.102434316735,0.00284534447514,0.972973464747
266d1fa1db6f2b85,H2SO4,B,0.556917913265,0.423853204955,0.367297121537,0.0565560834177,0.866566814273
79f5e45cbfca6925,H2SO4,B,0.278458956633,0.241142732356,0.224985377231,0.0161573551246,0.932996715403
9c2f31c8f085a3c1,H2SO4,B,0.185639304422,0.168068283494,0.160555770518,0.00751251297588,0.955300828808
ec5f933366c52932,H2SO4,B,0.139229478316,0.128917564902,0.124594830522,0.00432273438077,0.966469003785
700778ca21377ea5,H2SO4,B,0.111383582653,0.104543598006,0.10173903259,0.00280456541563,0.973173245716
450c6e01011fbbec,H2SO4,B,0.556917913265,0.421381628168,0.365587194532,0.0557944336367,0.867591679592
e32e90817aec44be,H2SO4,B,0.278458956633,0.239560803141,0.223630330543,0.0159304725983,0.933501339161
2b6efa9e9df2a127,H2SO4,B,0.185639304422,0.166921198478,0.159515796152,0.00740540232609,0.955635339348
6f04e6ceec1fe675,H2SO4,B,0.139229478316,0.128020034751,0.123759419178,0.00426061557371,0.966719149999
bf2fd0a8cb2311e1,H2SO4,B,0.111383582653,0.103807017902,0.101042948808,0.00276406909446,0.973373003576
2c19b1fbc4730be8,H2SO4,B,0.738786227108,0.525150789833,0.430907379419,0.0942434104138,0.82054028626
e053080acb205d20,H2SO4,B,0.369393113554,0.3109945919,0.282888688541,0.0281059033586,0.909625748837
3d08eb753c0bd901,H2SO4,B,0.246262075703,0.219920273005,0.206655618964,0.0132646540415,0.939684259845
ae83ecc1ca533db7,H2SO4,B,0.184696556777,0.1699560321,0.162265416708,0.00769061539285,0.954749382544
792fd6ea8f510344,H2SO4,B,0.147757245422,0.138452022368,0.133439465326,0.00501255704141,0.963795710921
70b5500a63f98587,H2SO4,B,0.738786227108,0.52237582405,0.429348816824,0.0930270072253,0.821915557837
bbf9e63351a49719,H2SO4,B,0.369393113554,0.309070079921,0.281346349171,0.0277237307496,0.910299532207
16db9e82a9edb857,H2SO4,B,0.246262075703,0.218484969783,0.205404275801,0.0130806939822,0.940130005303
11aa2f003e6c2b99,H2SO4,B,0.184696556777,0.168816775209,0.16123392313,0.00758285207933,0.955082354405
1170e585b08b34ca,H2SO4,B,0.147757245422,0.137508905562,0.132567032863,0.00494187269959,0.964061435298
e751be3eaa51f2a8,H2SO4,B,0.738786227108,0.519588989522,0.427772113186,0.0918168763357,0.823289411078
9953a806246cc34d,H2SO4,B,0.369393113554,0.307141263331,0.279797403801,0.0273438595304,0.910973018624
d2598112f3e4a42b,H2SO4,B,0.246262075703,0.217047486728,0.204149576065,0.0128979106629,0.940575627678
44bef83bc6c69b59,H2SO4,B,0.184696556777,0.167676207956,0.160200407745,0.00747580021111,0.955415259551
cc68cbafbb7b6f08,H2SO4,B,0.147757245422,0.136564915708,0.131693251578,0.0048716641296,0.964327117954
21bfab20e8316697,H2SO4,B,0.738786227108,0.516790229868,0.42617718969,0.0906130401778,0.824661855157
b88cdd9d257e7d90,H2SO4,B,0.369393113554,0.305208130502,0.27824183518,0.0269662953225,0.911646209168
bc6e248a09c5df73,H2SO4,B,0.246262075703,0.215607819759,0.202891513602,0.0127163061568,0.94102112729
8497a2d490235a89,H2SO4,B,0.184696556777,0.166534328459,0.159164867691,0.00736946076798,0.955748098088
ac6ee67ca0eb484b,H2SO4,B,0.147757245422,0.135620051799,0.130818119941,0.00480193185762,0.964592759006
4f815eff93aa9fa4,H2SO4,B,0.738786227108,0.513979488281,0.424563966844,0.089415521437,0.82603289922
6d655939abc6016d,H2SO4,B,0.369393113554,0.303270669762,0.276679625987,0.0265910437749,0.912319104925
d162a80c5703a146,H2SO4,B,0.246262075703,0.214165964773,0.20163008222,0.0125358825527,0.941466504419
5ed10f9fe4b3deaa,H2SO4,B,0.184696556777,0.165391134844,0.158127300122,0.0072638347219,0.956080870182
63f904c5c04552bb,H2SO4,B,0.147757245422,0.134674312811,0.129941636383,0.00473267642801,0.964858358441
4da14fc81ece3171,H2SO4,B,0.920607633729,0.602804987493,0.469388627025,0.133416360467,0.778674093222
d7f1f2f26a5df282,H2SO4,B,0.460303816864,0.369905714218,0.328500991899,0.0414047223187,0.888066821551
891b598b6790581e,H2SO4,B,0.306869211243,0.265055589247,0.245240044414,0.019815544833,0.925240041573
3e91500162b8cf36,H2SO4,B,0.230151908432,0.206246467608,0.194675889453,0.0115705781543,0.943899266307
8cfeb244778fbe50,H2SO4,B,0.184121526746,0.168722103736,0.161148175074,0.00757392866181,0.955110038969
63dd23c8f6831a7e,H2SO4,B,0.920607633729,0.599835468896,0.468112768224,0.131722700672,0.780401947697
1701b62d0a34db40,H2SO4,B,0.460303816864,0.367691479372,0.326844949269,0.0408465301031,0.888910860342
ae7dc5d3025d5b01,H2SO4,B,0.306869211243,0.263361137526,0.243819102103,0.0195420354228,0.925797573604
7daf08ab3d02be86,H2SO4,B,0.230151908432,0.204883659216,0.193474792226,0.0114088669906,0.944315388381
4a50074139080d74,H2SO4,B,0.184121526746,0.167584844331,0.160117589048,0.00746725528266,0.955441941588
6089c1b3a285584d,H2SO4,B,0.920607633729,0.596850369215,0.466813050589,0.130037318626,0.782127438747
be59478b2290f250,H2SO4,B,0.460303816864,0.365471147764,0.325179567636,0.0402915801281,0.889754415979
bd9dac7af24225a7,H2SO4,B,0.306869211243,0.261663507746,0.24239327461,0.0192702331353,0.926354907869
66ace3a10ce9ff4a,H2SO4,B,0.230151908432,0.203518911279,0.192270706805,0.0112482044733,0.944731404061
24f7f946f4bebb25,H2SO4,B,0.184121526746,0.166446280612,0.159084990444,0.00736129016774,0.955773777938
5781fc793aad24be,H2SO4,B,0.920607633729,0.593849602308,0.465489357921,0.128360244387,0.783850584579
8be39c9d077a95b2,H2SO4,B,0.460303816864,0.363244699482,0.323504817845,0.0397398816365,0.890597490636
d885ba048f07135e,H2SO4,B,0.306869211243,0.259962692616,0.240962551025,0.0190001415915,0.926912044954
c3c87a2818ad8f97,H2SO4,B,0.230151908432,0.202152220373,0.191063628017,0.0110885923558,0.945147313567
31258da44a9ce31d,H2SO4,B,0.184121526746,0.165306410721,0.158050376438,0.00725603428279,0.956105548169
a3fbcf1ca55984cb,H2SO4,B,0.920607633729,0.590833081166,0.464141572614,0.126691508552,0.785571403175
1e61a4d8d4f739f6,H2SO4,B,0.460303816864,0.361012114494,0.321820670541,0.0391914439533,0.891440086413
039929f7ca023486,H2SO4,B,0.306869211243,0.258258684836,0.239526920417,0.0187317644189,0.927468985483
5b2f65dd110a6a8e,H2SO4,B,0.230151908432,0.200783583077,0.18985355069,0.0109300323874,0.945563117164
26efd3311c71c054,H2SO4,B,0.184121526746,0.164165232792,0.157013744195,0.0071514885972,0.956437252422
2aa2ef2b520a264b,H2SO4,B,0.577307740382,0.446001684757,0.379913487654,0.0660881971033,0.851820745611
635f98891fc3d158,H2SO4,B,0.288653870191,0.255739032499,0.236672936348,0.0190660961515,0.925447062323
ff1037b67c3907b4,H2SO4,B,0.192435913461,0.178744517586,0.169849302348,0.00889521523705,0.950235031781
161eb6899f62bbd5,H2SO4,B,0.144326935095,0.137305705434,0.13217848395,0.00512722148421,0.962658350809
69e99fc5b3e31622,H2SO4,B,0.115461548076,0.111444157524,0.108114155304,0.00333000221987,0.970119544229
f631fe3eacbe9fbf,H2SO4,B,0.577307740382,0.443527658968,0.378294454882,0.0652332040856,0.852921902915
d74255dbaaa92813,H2SO4,B,0.288653870191,0.254127739344,0.235319923677,0.018807815667,0.925990701702
10c2a1f754d1672e,H2SO4,B,0.192435913461,0.177569309753,0.168796622684,0.00877268706905,0.950595702144
e995ce8462773d52,H2SO4,B,0.144326935095,0.136383478804,0.131327493273,0.00505598553149,0.962928167137
a1fea822247e69d0,H2SO4,B,0.115461548076,0.110685978593,0.107402485772,0.00328349282044,0.970335060843
452b0d3315f89fac,H2SO4,B,0.577307740382,0.441045096736,0.376662353973,0.0643827427633,0.854022313728
99d7e3a4fcb684d4,H2SO4,B,0.288653870191,0.252513575746,0.233962458716,0.0185511170293,0.926534179501
45c6bafeebe28c2c,H2SO4,B,0.192435913461,0.176392688524,0.167741739234,0.00865094928991,0.950956304582
0b7e5690d119bf16,H2SO4,B,0.144326935095,0.135460414779,0.130475193322,0.00498522145697,0.963197946315
3179d8db823b2d3e,H2SO4,B,0.115461548076,0.109927246653,0.106689950144,0.00323729650904,0.970550554047
8fde663045f01b54,H2SO4,B,0.577307740382,0.438553965352,0.375017136069,0.0635368292828,0.855121982008
d76504def1920914,H2SO4,B,0.288653870191,0.250896535688,0.232600532112,0.0182960035752,0.927077496208
9a78ed53b75209cd,H2SO4,B,0.192435913461,0.17521465187,0.166684648811,0.00853000305942,0.951316839269
13366f39eea5992b,H2SO4,B,0.144326935095,0.13453651245,0.129621582663,0.00491492978761,0.963467688451
5c2e69d4ff2f1596,H2SO4,B,0.115461548076,0.10916796123,0.105976547668,0.00319141356148,0.970766023973
778c3778645469fb,H2SO4,B,0.577307740382,0.436054231934,0.373358752038,0.0626954798969,0.856220911746
23ba46f0846b7108,H2SO4,B,0.288653870191,0.249276613137,0.231234134485,0.018042478652,0.927620652315
f3eaf7d5b2ba8abe,H2SO4,B,0.192435913461,0.174035197747,0.165625348193,0.00840984955384,0.951677306299
032b0cf6146066a8,H2SO4,B,0.144326935095,0.133611770899,0.12876665984,0.00484511105898,0.963737393596
7844e3843e86e171,H2SO4,B,0.115461548076,0.108408121832,0.105262277565,0.00314584426643,0.970981470638
34fce18f0e0e233f,H2SO4,B,1.13740197278,0.685652753777,0.490759124557,0.19489362922,0.715754617558
e5166bb46651b8b3,H2SO4,B,0.568700986392,0.439539914171,0.375668716967,0.0638711972042,0.854686240897
cdee976c9d8ea7e1,H2SO4,B,0.379133990928,0.320268662221,0.28910575382,0.0311629084011,0.902697603365
50fc2454adfd0def,H2SO4,B,0.284350493196,0.251409008178,0.23303234123,0.0183766669471,0.926905296352
19e3114df6eb5ff1,H2SO4,B,0.227480394557,0.206783041883,0.194681801508,0.0121012403749,0.941478564854
32d9f234d1c61540,H2SO4,B,1.13740197278,0.682656872296,0.490119425234,0.192537447062,0.71795867752
87849d4718d491c8,H2SO4,B,0.568700986392,0.437077675882,0.374038179816,0.0630394960666,0.855770496767
5862aa2892c0a881,H2SO4,B,0.379133990928,0.318318957487,0.287574010974,0.030744946513,0.903414654422
a8335e6442f99ce3,H2SO4,B,0.284350493196,0.249813341914,0.231687056035,0.018126285879,0.92744068135
016df0a4da29fd3f,H2SO4,B,0.227480394557,0.205437314842,0.193502570116,0.0119347447262,0.94190566239
3923828595fb4e4b,H2SO4,B,1.13740197278,0.679641321731,0.489449944973,0.190191376758,0.720159191802
a625c14f43a4203c,H2SO4,B,0.568700986392,0.434607059279,0.372394811072,0.0622122482064,0.856854031985
dad203e99296518a,H2SO4,B,0.379133990928,0.316364739625,0.286035299112,0.0303294405138,0.90413141316
6bb8ca336ad7a7b0,H2SO4,B,0.284350493196,0.248214873399,0.230337423027,0.0178774503716,0.927975910038
40a62ab8be050a75,H2SO4,B,0.227480394557,0.204089683252,0.192320374731,0.0117693085213,0.942332663103
a7b2ea6b9bea2f0d,H2SO4,B,1.13740197278,0.676605979951,0.488750518908,0.187855461042,0.722356191626
a6d36d9451249e7e,H2SO4,B,0.568700986392,0.432128032603,0.370738563216,0.0613894693874,0.857936850295
df91c1a2bbee656d,H2SO4,B,0.379133990928,0.314405996542,0.284489599648,0.0299163968939,0.904847880693
b7fffb94725df6f7,H2SO4,B,0.284350493196,0.24661359684,0.228983433199,0.0176301636408,0.928510982903
b5502e5ece149ae9,H2SO4,B,0.227480394557,0.202740143901,0.191135210317,0.0116049335846,0.942759567191
dd15c553d215d040,H2SO4,B,1.13740197278,0.673550723522,0.488020980075,0.185529743448,0.724549708035
ac2f843dc9f79927,H2SO4,B,0.568700986392,0.429640563942,0.369069388473,0.0605711754697,0.859018955487
99e21fb1a281bd67,H2SO4,B,0.379133990928,0.312442716092,0.282936893912,0.0295058221798,0.905564058113
e61ce46a57108c04,H2SO4,B,0.284350493196,0.245009506423,0.2276250775,0.0173844289222,0.929045900398
133650f383e92078,H2SO4,B,0.227480394557,0.20138869358,0.189947071846,0.0114416217343,0.943186374911
5c3fafa40bc575fc,H2SO4,B,1.69713755838,0.820374089693,0.485523180587,0.334850909107,0.591831442127
139b30dea163d287,H2SO4,B,0.848568779192,0.576634786782,0.453338796589,0.123295990194,0.786180103907
d295f6ee11816a39,H2SO4,B,0.565712519462,0.436267174498,0.37349963861,0.062767535888,0.856125925678
f81a4b19e4068b38,H2SO4,B,0.424284389596,0.349446310423,0.311611602352,0.0378347080714,0.89172955346
e46226c1d8ab06dc,H2SO4,B,0.339427511677,0.29104749812,0.265797263888,0.0252502342322,0.913243596336
40fcf97af39db51a,H2SO4,B,1.69713755838,0.817542742556,0.486546469331,0.330996273225,0.595132760655
810c2736fccb412e,H2SO4,B,0.848568779192,0.573757687367,0.452013883299,0.121743804067,0.787813206257
5f55470526211a7c,H2SO4,B,0.565712519462,0.433805226075,0.371859678191,0.0619455478839,0.857204237846
794326e56881e55a,H2SO4,B,0.424284389596,0.347348737707,0.310020401996,0.0373283357112,0.892533550121
20f81ddcb5893512,H2SO4,B,0.339427511677,0.289234416506,0.264326798173,0.024907618333,0.913884320428
c87df967c522ec03,H2SO4,B,1.69713755838,0.814683549208,0.487527109999,0.327156439209,0.598425131418
511951fb65a5a5d8,H2SO4,B,0.848568779192,0.570866301373,0.450667270066,0.120199031307,0.789444514385
b670f0c07cd3febb,H2SO4,B,0.565712519462,0.431334939653,0.370206945132,0.0611279945205,0.858281838773
6286ffa6408336d5,H2SO4,B,0.424284389596,0.345245758037,0.308420869352,0.0368248886855,0.893337172642
7559612f1737d777,H2SO4,B,0.339427511677,0.28741755905,0.262850490094,0.0245670689565,0.914524815263
de517b786294dc5b,H2SO4,B,1.69713755838,0.811796304466,0.48846486468,0.323331439786,0.601708657693
d078c09bfe3d7de6,H2SO4,B,0.848568779192,0.567960555181,0.449298851601,0.11866170358,0.79107404115
b85018e7f2ba8d15,H2SO4,B,0.565712519462,0.428856283755,0.368541392304,0.0603148914508,0.859358732201
a3d89e4c2a986e5d,H2SO4,B,0.424284389596,0.343137355389,0.306812979927,0.0363243754619,0.894140422512
56588a1591ff568f,H2SO4,B,0.339427511677,0.285596916581,0.261368325479,0.0242285911019,0.91516508164
0bc6c885f9984c6a,H2SO4,B,1.69713755838,0.808880799911,0.489359490338,0.319521309573,0.604983441802
82c66402f23e1e18,H2SO4,B,0.848568779192,0.565040374551,0.447908521596,0.117131852956,0.792701799321
b15f650a9078934f,H2SO4,B,0.565712519462,0.426369226705,0.366862972234,0.0595062544707,0.860434921792
c2da08293cfa559d,H2SO4,B,0.424284389596,0.341023513688,0.305196709153,0.0358268045347,0.894943301278
12a332e6e48ab58a,H2SO4,B,0.339427511677,0.283772479888,0.259880290092,0.0238921897961,0.915805120336
a919a7ed838aee6d,H2SO4,B,2.25677711062,0.896606702678,0.432805005792,0.463801696886,0.482714443801
f39009a511ec079a,H2SO4,B,1.12838855531,0.679225245829,0.489351097847,0.189874147982,0.720454813557
2f470b0edeb8950c,H2SO4,B,0.752259036874,0.531560604054,0.430924377998,0.100636226055,0.810677794239
e84f80cab1b3b189,H2SO4,B,0.564194277656,0.433831451152,0.371877021845,0.0619544293071,0.857192397779
2063819803001073,H2SO4,B,0.451355422125,0.365636832306,0.323750055147,0.0418867771587,0.885441581761
d22d6c8ae4cbf924,H2SO4,B,2.25677711062,0.894158881787,0.435517680973,0.458641200814,0.487069680617
4fddd3550940b689,H2SO4,B,1.12838855531,0.676202257836,0.488651184374,0.187551073462,0.722640569018
41853ee6dd3e43d3,H2SO4,B,0.752259036874,0.528777028152,0.429430982878,0.0993460452742,0.812121102119
611be6d7da22e095,H2SO4,B,0.564194277656,0.4313667185,0.370228092231,0.0611386262693,0.85826763251
fae2d695f9ecad0c,H2SO4,B,0.451355422125,0.363455201723,0.322129546173,0.0413256555497,0.886297801342
3540e74dc0af9f98,H2SO4,B,2.25677711062,0.891677663413,0.43817751777,0.453500145643,0.491407978185
3f4471a5f499e20d,H2SO4,B,1.12838855531,0.673159568041,0.487921440299,0.185238127742,0.724822855477
117bb93d0e1f0267,H2SO4,B,0.752259036874,0.525981112511,0.427918799261,0.0980623132506,0.813563052136
d25e573c1aadbfc4,H2SO4,B,0.564194277656,0.428893657309,0.368566402393,0.060327254916,0.859342161191
ea98790998452738,H2SO4,B,0.451355422125,0.361267605014,0.320499853548,0.0407677514664,0.887153592239
066942907ee00a71,H2SO4,B,2.25677711062,0.889162797366,0.440784291941,0.448378505425,0.495729570835
7cb76ac753e18fc7,H2SO4,B,1.12838855531,0.670097054095,0.48716169971,0.182935354386,0.727001703309
3d3389740843a259,H2SO4,B,0.752259036874,0.523172798796,0.426387742271,0.0967850565254,0.815003653194
2717cfc024b35246,H2SO4,B,0.564194277656,0.426412236173,0.366891905274,0.0595203308983,0.860415987514
15a1f972b647b1ff,H2SO4,B,0.451355422125,0.359074023533,0.318860948877,0.040213074656,0.888008956314
a3cf3b7bc270853c,H2SO4,B,2.25677711062,0.886614028298,0.443337771254,0.443276257044,0.500034690524
226da80bd520f4a8,H2SO4,B,1.12838855531,0.667014592408,0.486371794707,0.180642797701,0.729177142813
5ab9cf46198706f0,H2SO4,B,0.752259036874,0.520352028221,0.424837726284,0.095514301937,0.816442914111
b79fbc163784a35f,H2SO4,B,0.564194277656,0.423922423507,0.365204553518,0.0587178699887,0.861489115148
ca27bda1bd4d2bd5,H2SO4,B,0.451355422125,0.356874438556,0.317212803643,0.0396616349128,0.888863895455
10babf829e0355ee,H2SO4,B,2.8163771343,0.940018263065,0.366068165949,0.573950097115,0.389426653006
4bae194b39bab394,H2SO4,B,1.40818856715,0.756213283459,0.497553948849,0.25865933461,0.657954521207
7365050a2545ba3c,H2SO4,B,0.938792378102,0.609990409546,0.467561866837,0.142428542709,0.766506914732
a5f206fe5ec31aa9,H2SO4,B,0.704094283576,0.506566602986,0.417087172036,0.0894794309499,0.823360974801
6ded29664794f5fd,H2SO4,B,0.563275426861,0.431735372773,0.370475043949,0.0612603288239,0.858106764728
7a143c0b95b1b7bf,H2SO4,B,2.8163771343,0.937986415947,0.370280454502,0.567705961445,0.394760998887
b5c5d536f52f1e7f,H2SO4,B,1.40818856715,0.753207264159,0.497638024945,0.255569239213,0.660692014835
7d326d23a238753f,H2SO4,B,0.938792378102,0.607023416205,0.466386795646,0.140636620559,0.768317635194
b765dc9f9bb0e0f1,H2SO4,B,0.704094283576,0.503840647436,0.415522192059,0.0883184553768,0.824709546905
0e8af8bb1e8af0b6,H2SO4,B,0.563275426861,0.429266583884,0.368817302256,0.0604492816279,0.859180090188
d1be5a464f4bb8c7,H2SO4,B,2.8163771343,0.935917216411,0.374430814372,0.561486402039,0.400068304981
c3a8363df5912667,H2SO4,B,1.40818856715,0.75017688562,0.497685133228,0.252491752392,0.663423710818
8ae6b3c05f1974b4,H2SO4,B,0.938792378102,0.604040201458,0.465187122499,0.138853078959,0.770126096535
cef8a7adbc5c7018,H2SO4,B,0.704094283576,0.50110333526,0.413939894583,0.0871634406771,0.826056953638
d746d396e28f0700,H2SO4,B,0.563275426861,0.426789463315,0.367146793748,0.0596426695666,0.860252713121
1d5fdb7cb271d95b,H2SO4,B,2.8163771343,0.933810409459,0.378519115213,0.555291294246,0.405348999517
65bb97bc89643a2d,H2SO4,B,1.40818856715,0.747121978202,0.497695058095,0.249426920107,0.666149668482
b46fbf4379734c5f,H2SO4,B,0.938792378102,0.601040675377,0.463962720645,0.137077954732,0.771932316151
4b1e3300f6ee206c,H2SO4,B,0.704094283576,0.498354615318,0.412340204564,0.0860144107538,0.827403202238
836b612cf9be5fc8,H2SO4,B,0.563275426861,0.424303979639,0.365463471299,0.05884050834,0.861324637138
e4c1930f449fc9e9,H2SO4,B,2.8163771343,0.93166573278,0.382545215149,0.549120517632,0.410603504764
a04463ae8d55a8b0,H2SO4,B,1.40818856715,0.74404237006,0.497667580435,0.246374789625,0.668869946741
44f1a5e07b813345,H2SO4,B,0.938792378102,0.598024747234,0.462713462034,0.1353112852,0.773736311372
9bda5de9ef2d7d6a,H2SO4,B,0.704094283576,0.495594436134,0.41072304641,0.0848713897241,0.828748299948
da5c70eb68eb5806,H2SO4,B,0.563275426861,0.421810101282,0.363767287546,0.0580428137362,0.862395865913
9ff7d90e83cea3d0,NaOH,A,0.256787799819,0.20359237391,0.193219341811,0.0103730320992,0.949049996815
75735a129dc8a2e3,NaOH,A,0.12839389991,0.113666551722,0.110600387245,0.00306616447682,0.973024918673
81df807ead5eaedf,NaOH,A,0.0855959332731,0.0788085720987,0.0773630899751,0.00144548212355,0.981658313492
0caa7a77ba225e8e,NaOH,A,0.0641969499548,0.0603073333861,0.0594693966009,0.000837936785212,0.986105557348
015dd6041f0dc5eb,NaOH,A,0.0513575599639,0.0488398562557,0.0482936854707,0.000546170784982,0.988817109082
1ce8eee7875148e9,NaOH,A,0.256787799819,0.183458466115,0.17513826454,0.00832020157497,0.954648036958
0d89d5b558c311e9,NaOH,A,0.12839389991,0.107324751257,0.104600974463,0.00272377679312,0.974621168358
eda6dd17389dd9d7,NaOH,A,0.0855959332731,0.0757444240099,0.0744114100155,0.00133301399432,0.982401160062
af927ea095c10830,NaOH,A,0.0641969499548,0.0585077545636,0.0577198495017,0.000787905061867,0.986533322502
6c58f84830cf4ee3,NaOH,A,0.0513575599639,0.0476573713158,0.0471376581025,0.000519713213239,0.989094799002
5f2f41db8b92f211,NaOH,A,0.256787799819,0.165776192184,0.159054062666,0.00672212951824,0.959450573513
64be7246e2169fb4,NaOH,A,0.12839389991,0.101433084506,0.0990082019592,0.00242488254652,0.976093770999
49d7d1442db81bc7,NaOH,A,0.0855959332731,0.0728339508286,0.071603378615,0.00123057221363,0.98310441491
ab6f63c457398fed,NaOH,A,0.0641969499548,0.0567779686467,0.0560366587934,0.000741309853351,0.986943705965
6b86540c3a63c54f,NaOH,A,0.0513575599639,0.0465122734459,0.0460175396434,0.000494733802485,0.989363370873
e3283e81c9ae58ae,NaOH,A,0.256787799819,0.150265246796,0.144792468617,0.00547277817902,0.963579215449
8e09a9a1884fd589,NaOH,A,0.12839389991,0.0959589068426,0.0937953408248,0.00216356601775,0.977453202741
442b670a44beb2d9,NaOH,A,0.0855959332731,0.0700690312034,0.0689318391515,0.00113719205193,0.983770404237
d0bfdf11f17f0932,NaOH,A,0.0641969499548,0.0551150777475,0.0544171825152,0.000697895232365,0.987337489832
b6c8f98a63cab07d,NaOH,A,0.0513575599639,0.0454032847981,0.0449321420507,0.000471142747362,0.989623157235
12d3321dcae8ffa5,NaOH,A,0.256787799819,0.136663113814,0.132171992358,0.0044911214559,0.967137281373
13bc07c7ce927df3,NaOH,A,0.12839389991,0.090871565565,0.0889368226579,0.00193474290714,0.978709039565
fba6f428188e0f21,NaOH,A,0.0855959332731,0.0674419400895,0.0663899344273,0.00105200566226,0.984401313769
ecd27d84204b6c87,NaOH,A,0.0641969499548,0.0535162996829,0.0528588744004,0.000657425282512,0.987715419668
9919e9208d24ea54,NaOH,A,0.0513575599639,0.0443291704889,0.0438803144952,0.000448855993636,0.989874477941
915bed13ce2947a9,NaOH,A,0.513575599639,0.367137961941,0.329512774264,0.0376251876769,0.897517577648
ad8f8dfa73570c92,NaOH,A,0.256787799819,0.214669191642,0.203057531535,0.0116116601068,0.945909051886
2d40772e4a253a6d,NaOH,A,0.171191866546,0.151493262508,0.145926664657,0.0055665978505,0.963255145751
27693280a953e916,NaOH,A,0.12839389991,0.117016999943,0.113761222758,0.00325577718449,0.972176887238
252ccceb39a64f61,NaOH,A,0.102715119928,0.0953153780044,0.0931815012004,0.00213387680402,0.977612460353
0165b631a664c413,NaOH,A,0.513575599639,0.335619922231,0.304878589737,0.0307413324943,0.908404327461
24634ecb9d2e6a2f,NaOH,A,0.256787799819,0.203592373907,0.193219341807,0.0103730321001,0.94904999681
0c98f3f198b8c31a,NaOH,A,0.171191866546,0.145912969896,0.140765736745,0.00514723315106,0.964723950484
0d0bbf5d3fa87a65,NaOH,A,0.12839389991,0.11366655172,0.110600387243,0.00306616447698,0.973024918671
cf5412ab9fece6fa,NaOH,A,0.102715119928,0.0930835754418,0.0910509912754,0.00203258416634,0.978163879538
7396c04b1a45c4ca,NaOH,A,0.513575599639,0.307035675743,0.281811647392,0.0252240283508,0.917846588056
217c6bc8924c8625,NaOH,A,0.256787799819,0.193200949222,0.183918964596,0.00928198462598,0.951956837358
533b3125b89fe1f5,NaOH,A,0.171191866546,0.140587793677,0.135824192886,0.00476360079133,0.966116540656
667d9b2256e4c242,NaOH,A,0.12839389991,0.110437266335,0.107548138147,0.00288912818854,0.973839191385
f25e0678d1fd6df4,NaOH,A,0.102715119928,0.0909184794751,0.088981687801,0.00193679167411,0.978697491585
6b63d9c80cc1e79d,NaOH,A,0.513575599639,0.281253618264,0.260451578607,0.0208020396568,0.926038143846
9eeacd0caa9866b0,NaOH,A,0.256787799819,0.183458466113,0.175138264538,0.00832020157555,0.954648036955
f9ca4462b60b5c9d,NaOH,A,0.171191866546,0.135506566505,0.131094090394,0.00441247611013,0.9674371787
c98c42c281815c9d,NaOH,A,0.12839389991,0.107324751254,0.10460097446,0.00272377679393,0.97462116835
6df6e0dcc4e0bb7b,NaOH,A,0.102715119928,0.0888180396926,0.0869718613709,0.00184617832166,0.979213926269
319fa97428561db8,NaOH,A,0.513575599639,0.258094072532,0.240840754304,0.0172533182279,0.933151048148
cc41309085529e51,NaOH,A,0.256787799819,0.174328734284,0.166857124161,0.0074716101228,0.957140685077
4b99d77834536df1,NaOH,A,0.171191866546,0.130658426594,0.126567497242,0.00409092935207,0.968689892733
14b09c4bdef7746b,NaOH,A,0.12839389991,0.104324738341,0.101755454643,0.0025692836983,0.975372248815
38a66cd5e3095565,NaOH,A,0.102715119928,0.0867802596884,0.0850198171898,0.00176044249862,0.979713790844
0c4a920c921778d3,NaOH,A,0.770363399458,0.498114311338,0.421296830949,0.0768174803888,0.845783430349
04d6d5e5e6fe911a,NaOH,A,0.385181699729,0.304377268011,0.279632943122,0.0247443248893,0.918705082508
058cbf7144e2d83e,NaOH,A,0.256787799819,0.218520056178,0.206459201977,0.012060854201,0.944806648818
654abf3556120a2a,NaOH,A,0.192590849865,0.17034018284,0.163223526931,0.00711665590881,0.958220921276
ed0ef4f9ab5440c2,NaOH,A,0.154072679892,0.139539529955,0.134849556003,0.00468997395192,0.966389639169
b13c59d5de0b7d1d,NaOH,A,0.770363399458,0.461213624711,0.397365577693,0.0638480470182,0.861565132517
c4ec5a116ee9bbd2,NaOH,A,0.385181699729,0.289871381631,0.267647812135,0.0222235694961,0.923332999032
9aeffb132d5858a0,NaOH,A,0.256787799819,0.210898516541,0.199717361266,0.011181155275,0.946983243608
5b12102d2ceffef1,NaOH,A,0.192590849865,0.165661802038,0.158949402084,0.0067123999542,0.959481305457
5e882cdf64b83d2e,NaOH,A,0.154072679892,0.136380295541,0.131908474988,0.00447182055279,0.967210655065
e293be25548ed577,NaOH,A,0.770363399458,0.426712073625,0.373547879753,0.0531641938723,0.875409679832
665c8713ab7cb4d2,NaOH,A,0.385181699729,0.276134572072,0.256150657714,0.0199839143581,0.927629799455
7b0a19227918cc35,NaOH,A,0.256787799819,0.203592373903,0.193219341802,0.0103730321018,0.949049996801
31227237a05e6aef,NaOH,A,0.192590849865,0.161140581877,0.154806558773,0.0063340231031,0.960692564037
e6c31d7b83523b1b,NaOH,A,0.154072679892,0.133310115875,0.129044939342,0.00426517653321,0.968005604787
2e955109ac44c6c2,NaOH,A,0.770363399458,0.394743961487,0.350349768256,0.0443941932308,0.887536738843
f1e2aa144b0ca3c0,NaOH,A,0.385181699729,0.263142564191,0.245148765156,0.0179937990348,0.931619580093
90100807c7d77aa5,NaOH,A,0.256787799819,0.196590854152,0.186960405567,0.00963044858544,0.95101273339
89b33db291595015,NaOH,A,0.192590849865,0.156771683828,0.150791901168,0.0059797826603,0.961856742785
41a8e3d72c5b88bd,NaOH,A,0.154072679892,0.130326568344,0.126257170973,0.00406939737078,0.968775381547
c4e003b10977d171,NaOH,A,0.770363399458,0.365340757343,0.328131719453,0.0372090378897,0.898152513395
ebe92b6d65576f89,NaOH,A,0.385181699729,0.250868396979,0.234643472179,0.0162249248001,0.935324955254
4acf55962b601511,NaOH,A,0.256787799819,0.189883146664,0.180935281724,0.00894786494012,0.952876992522
90e4ee3c018cd7c7,NaOH,A,0.192590849865,0.152550336011,0.14690228269,0.00564805332179,0.962975805433
beded8fdf5ed9f56,NaOH,A,0.154072679892,0.127427273315,0.123543398125,0.00388387518981,0.969520848334
a636ff82ab0bd7b0,NaOH,A,1.02715119928,0.602718056465,0.478697508014,0.12402054845,0.794231237773
1942c1f7c45cf2c2,NaOH,A,0.513575599639,0.384018915586,0.342339850957,0.041679064629,0.891466115503
23f415c00cb3413c,NaOH,A,0.342383733092,0.280320622592,0.259669143684,0.0206514789083,0.926329077335
7822e15cfb0547b5,NaOH,A,0.256787799819,0.220475975366,0.208183255069,0.0122927202968,0.944244626761
6c6a5c407463eb89,NaOH,A,0.205430239855,0.181619987836,0.173474739401,0.00814524843518,0.955152246555
19ab7ab827642dcd,NaOH,A,1.02715119928,0.564412948601,0.459681500468,0.104731448133,0.814441804723
b9afcae31631b101,NaOH,A,0.513575599639,0.367137961936,0.329512774257,0.0376251876791,0.897517577641
e71873c20f6b0706,NaOH,A,0.342383733092,0.271068204035,0.251874970498,0.0191932335371,0.929194080119
48481be020e8f881,NaOH,A,0.256787799819,0.214669191636,0.203057531526,0.0116116601094,0.945909051872
920416a01d41954e,NaOH,A,0.205430239855,0.177644776027,0.169870784776,0.00777399125092,0.956238559755
12caf63b86db565f,NaOH,A,1.02715119928,0.527549597405,0.439122786832,0.0884268105728,0.832381995915
f2590564a02cc694,NaOH,A,0.513575599639,0.35100654193,0.317013127426,0.0339934145035,0.903154470237
778abd2b93c3c3d2,NaOH,A,0.342383733092,0.262159469279,0.244311291609,0.0178481776703,0.931918622969
16df780ae4750f7d,NaOH,A,0.256787799819,0.209042832022,0.198070173152,0.0109726588705,0.947509997045
ec37365974e3aac8,NaOH,A,0.205430239855,0.173774969719,0.166353210855,0.00742175886329,0.957290978814
f2dfceb31ec12811,NaOH,A,1.02715119928,0.492495480952,0.417762520643,0.074732960309,0.848256556254
a315d8bc6b4d090f,NaOH,A,0.513575599639,0.335619922229,0.304878589734,0.0307413324952,0.908404327458
46d5c07f09643422,NaOH,A,0.342383733092,0.253586236215,0.236978807202,0.0166074290125,0.934509738145
b2c9c6c967f1f32a,NaOH,A,0.256787799819,0.203592373901,0.193219341798,0.0103730321028,0.949049996795
04871f5794f01720,NaOH,A,0.205430239855,0.170008085962,0.162920555485,0.00708753047748,0.958310627184
b3e7537e55d30753,NaOH,A,1.02715119928,0.459498851793,0.3962135034,0.0632853483932,0.862273108744
29f4f449e725a367,NaOH,A,0.513575599639,0.320967894719,0.29313785894,0.027830035779,0.913293397138
32e61988cf1d58ab,NaOH,A,0.342383733092,0.245339850075,0.22987709929,0.0154627507849,0.936974157357
e0b74fcba9795bc0,NaOH,A,0.256787799819,0.198313266886,0.188503005671,0.00981026121547,0.950531493079
4642e3e267f86b50,NaOH,A,0.205430239855,0.166341659567,0.159571319965,0.00677033960214,0.95929859291
2f9dfabd5e684d2b,NaOH,A,1.2839389991,0.686050294833,0.509897585333,0.176152709499,0.743236449534
a4e10774f9e1f6ac,NaOH,A,0.641969499548,0.454694464296,0.392967538429,0.0617269258673,0.864245266406
b46f599a924b868f,NaOH,A,0.427979666366,0.337294707708,0.306209199673,0.0310855080347,0.907838731755
2723c83da48b2347,NaOH,A,0.320984749774,0.267612045078,0.2489474411,0.0186646039779,0.930254992923
05cec3569253fffd,NaOH,A,0.256787799819,0.221659377979,0.209225150114,0.0124342278656,0.94390389444
69c93bdf4f7f8f83,NaOH,A,1.2839389991,0.648857720698,0.497902619401,0.150955101297,0.767352538959
8abb308dde574201,NaOH,A,0.641969499548,0.436282223515,0.380286131862,0.055996091653,0.871651677206
cf93f4084c59b252,NaOH,A,0.427979666366,0.32676490045,0.297804256146,0.0289606443045,0.911371618357
8fc823c45b5701d6,NaOH,A,0.320984749774,0.26085514463,0.243199103134,0.0176560414961,0.932314766032
80f2d9ba433fdf94,NaOH,A,0.256787799819,0.216970002298,0.205091121298,0.0118788810002,0.945251044502
deee72aacea48179,NaOH,A,1.2839389991,0.61207466014,0.482939636985,0.129135023155,0.789020798337
9e11937cf9513519,NaOH,A,0.641969499548,0.418533214007,0.367712228849,0.050820985158,0.878573591158
9d6f2ac2adbf27b9,NaOH,A,0.427979666366,0.316582621482,0.289589658453,0.0269929630288,0.914736434671
a81e784462115ee1,NaOH,A,0.320984749774,0.254291472162,0.237583942009,0.0167075301524,0.934297717456
8c1b9b2e47b22f6f,NaOH,A,0.256787799819,0.212397249338,0.201046082646,0.0113511666923,0.946556903502
e8c1651c69504f7e,NaOH,A,1.2839389991,0.57621353215,0.465809675824,0.110403856326,0.808397668285
e07fcd181bb6f4c8,NaOH,A,0.641969499548,0.401464063868,0.355311741457,0.0461523224102,0.885039966054
48de618d627f4cc3,NaOH,A,0.427979666366,0.306743553384,0.281572509934,0.0251710434501,0.9179410841
c62a2b975a4ac193,NaOH,A,0.320984749774,0.247917352718,0.23210190658,0.0158154461385,0.936206780344
9ff25f000a8b6299,NaOH,A,0.256787799819,0.207938813599,0.197089147113,0.010849666486,0.947822793166
9333236909489ab7,NaOH,A,1.2839389991,0.541685933282,0.447250068465,0.0944358648172,0.825663065967
ad5688b697154bda,NaOH,A,0.641969499548,0.385083945224,0.343140182861,0.0419437623621,0.8910789118
fae074dd7d5e0b83,NaOH,A,0.427979666366,0.297242476198,0.273758295527,0.0234841806716,0.920993187205
722b95f5c085e715,NaOH,A,0.320984749774,0.241728973949,0.226752605,0.0149763689487,0.938044791636
95facbc1d1c09fe0,NaOH,A,0.256787799819,0.203592373903,0.193219341802,0.0103730321016,0.949049996801
f5816ccf392486bb,NaOH,A,0.624591866767,0.3786859209,0.336842625821,0.0418432950788,0.889503958903
2c99602dcb2c232f,NaOH,A,0.312295933383,0.236752772125,0.221891371071,0.0148614010531,0.937228185673
8bb1cb864adfad43,NaOH,A,0.208197288922,0.171877084588,0.164347364667,0.0075297199217,0.956191251791
008bddaab926c22d,NaOH,A,0.156147966692,0.134850681109,0.130314213183,0.00453646792661,0.966359325075
ac1e3d7c08693da0,NaOH,A,0.124918373353,0.110932790282,0.107904055943,0.00302873433968,0.972697573621
cc9b60a4d0229bd2,NaOH,A,0.624591866767,0.309256967339,0.282675800692,0.026581166647,0.914048285231
d703a2351794f633,NaOH,A,0.312295933383,0.20956409522,0.198114264069,0.0114498311506,0.945363583687
1f769bca8f860cb5,NaOH,A,0.208197288922,0.157467357233,0.151200408307,0.006266948926,0.960201599645
e7789c698b24a003,NaOH,A,0.156147966692,0.125943166126,0.122006210241,0.00393695588496,0.968740218258
391cc1948bc8bf22,NaOH,A,0.124918373353,0.104886248185,0.102187805879,0.00269844230615,0.974272677755
f39424cc67583dba,NaOH,A,0.624591866767,0.254882699749,0.237459470899,0.0174232288497,0.931642167684
b0b2e9f53f413921,NaOH,A,0.312295933383,0.186184162873,0.17727335011,0.00891081276304,0.952139791991
db84cf490602cf4f,NaOH,A,0.208197288922,0.144562921384,0.139320357149,0.00524256423499,0.963735069928
d8dd8bb1d0b01cfd,NaOH,A,0.156147966692,0.117778681344,0.114351455678,0.00342722566548,0.970901137401
61049a474da2b8b1,NaOH,A,0.124918373353,0.0992596912121,0.0968505346427,0.00240915656933,0.975728752126
be15da8d8b0a7048,NaOH,A,0.624591866767,0.212916631511,0.201073269515,0.0118433619961,0.944375590051
f0726c2c71dc7b81,NaOH,A,0.312295933383,0.166126353535,0.159115829121,0.007010524414,0.957800046381
b036ff44e7991940,NaOH,A,0.208197288922,0.133011249004,0.128602325495,0.0044089235087,0.966853002722
a90e1052c3d941d3,NaOH,A,0.156147966692,0.11029501728,0.107302076037,0.00299294124295,0.972864220735
6b37f41c5cd91aa2,NaOH,A,0.124918373353,0.0940232048953,0.09186778345,0.00215542144535,0.977075643744
925a576eaa408e7a,NaOH,A,0.624591866767,0.180595225589,0.172239241465,0.00835598412357,0.953730869151
a962a7a4df45b3ed,NaOH,A,0.312295933383,0.148930788743,0.143352600011,0.00557818873217,0.962545093736
e62d0535017c2b7a,NaOH,A,0.208197288922,0.122670268364,0.11894218387,0.00372808449351,0.96960889918
cadb8e35c1565a07,NaOH,A,0.156147966692,0.103434072088,0.100811952607,0.00262211948079,0.974649364297
222c3f30824c7059,NaOH,A,0.124918373353,0.08914868879,0.0872161567004,0.00193253208968,0.978322372253
b02d03bde18dfebd,NaOH,A,1.24918373353,0.621942902072,0.482716865366,0.139226036706,0.776143378689
cde3acb4de0bc5e3,NaOH,A,0.624591866767,0.419567511211,0.366609494805,0.0529580164058,0.873779511066
2330592c63f6e905,NaOH,A,0.416394577844,0.315048852698,0.287354402646,0.0276944500528,0.912094743988
d83ae0b9123046a0,NaOH,A,0.312295933383,0.251928097222,0.234938473082,0.0169896241402,0.932561614494
6d55a19393fdb178,NaOH,A,0.249836746707,0.209791218396,0.198314963676,0.0114762547197,0.945296782165
93af47618fda2c53,NaOH,A,1.24918373353,0.535115398281,0.440326383534,0.0947890147463,0.822862479662
48d37e59ad154230,NaOH,A,0.624591866767,0.378685920897,0.336842625817,0.0418432950798,0.889503958899
252ccc103d14d4db,NaOH,A,0.416394577844,0.291576848128,0.268225607442,0.023351240686,0.919913940919
26a801fa3e8c81f6,NaOH,A,0.312295933383,0.236752772121,0.221891371066,0.0148614010546,0.937228185666
6f05dff2c9cf92e8,NaOH,A,0.249836746707,0.199189639244,0.188910404447,0.0102792347975,0.948394731591
c5737e1818b3990b,NaOH,A,1.24918373353,0.45820950764,0.393102671796,0.0651068358442,0.857910334119
9a6e94f21eab5e97,NaOH,A,0.624591866767,0.341955402192,0.308718288123,0.0332371140688,0.902802781135
f77ad0297d8e0ba6,NaOH,A,0.416394577844,0.27007852006,0.250323839419,0.0197546806413,0.92685578758
0879b0e083025a6d,NaOH,A,0.312295933383,0.222651552554,0.209622611479,0.0130289410747,0.941482819566
b3d22450213b3558,NaOH,A,0.249836746707,0.189233145084,0.180011282517,0.00922186256625,0.95126719179
cfa72b151918fee2,NaOH,A,1.24918373353,0.393225973783,0.347622954275,0.045603019508,0.884028465696
abf60ce586bb80ee,NaOH,A,0.624591866767,0.309256967335,0.282675800686,0.0265811666491,0.914048285223
0c8f60b37035d8ef,NaOH,A,0.416394577844,0.25044624506,0.233671707262,0.0167745377971,0.933021404281
255e8de8ab6bf321,NaOH,A,0.312295933383,0.209564095217,0.198114264065,0.0114498311519,0.94536358368
48e0f1a5fecc62ec,NaOH,A,0.249836746707,0.179887545152,0.171600406594,0.00828713855726,0.95393156013
3ba6258599a5bd35,NaOH,A,1.24918373353,0.339807483262,0.307035775115,0.0327717081465,0.903558015168
3e386c84224e3443,NaOH,A,0.624591866767,0.280340762376,0.258913625147,0.0214271372286,0.923567528864
fcf26a7874f68935,NaOH,A,0.416394577844,0.232558661283,0.218256704704,0.0143019565787,0.938501724684
e2685974824722f4,NaOH,A,0.312295933383,0.197428817234,0.187341253677,0.0100875635575,0.948905313324
72307d0863e90380,NaOH,A,0.249836746707,0.171119018452,0.163658907412,0.00746011103992,0.956403963116
448e9facf1294460,NaOH,A,1.8737756003,0.774089627541,0.514118894922,0.25997073262,0.664159390114
b3a37d10768a3ed0,NaOH,A,0.93688780015,0.560047115944,0.453823012844,0.1062241031,0.810330059605
754c7d9ec3bf713c,NaOH,A,0.624591866767,0.434110464505,0.376776922798,0.0573335417066,0.867928680844
f1c10087cafb00be,NaOH,A,0.468443900075,0.353497386149,0.31768916745,0.0358082186993,0.898703017045
ec933b2e67548b9f,NaOH,A,0.37475512006,0.297853455765,0.273384248322,0.024469207443,0.91784816671
33dcee779fb2fc10,NaOH,A,1.8737756003,0.694725028703,0.506300396303,0.188424632399,0.728778114197
4fc20973c732d531,NaOH,A,0.93688780015,0.514163061824,0.428256996939,0.0859060648855,0.832920582469
99e1cc6e442c0a3d,NaOH,A,0.624591866767,0.405479131114,0.356543979823,0.048935151291,0.87931524082
131669938965a4aa,NaOH,A,0.468443900075,0.334119452106,0.302560703277,0.0315587488287,0.905546508502
9dd10c5e2ead7c6b,NaOH,A,0.37475512006,0.283916530399,0.261887709982,0.0220288204171,0.922410926951
65ec857fcd3b7f3e,NaOH,A,1.8737756003,0.61562918346,0.480101845766,0.135527337694,0.779855566736
6708e7389ff7c02c,NaOH,A,0.93688780015,0.471187760037,0.401611452673,0.0695763073641,0.85233846618
70fc44cece579e8c,NaOH,A,0.624591866767,0.378685920898,0.33684262582,0.0418432950787,0.889503958902
e2e150c3c67a5a80,NaOH,A,0.468443900075,0.315874573908,0.288019150303,0.0278554236056,0.911814923053
dc71834b59c99c43,NaOH,A,0.37475512006,0.270710642184,0.250855251041,0.0198553911433,0.926654560075
be6829df2617cc32,NaOH,A,1.8737756003,0.542307548196,0.444319310573,0.0979882376223,0.819312421617
cdc2c891e16a0566,NaOH,A,0.93688780015,0.431529623781,0.374989485805,0.0565401379762,0.868977389129
bc141b7c3070038e,NaOH,A,0.624591866767,0.353741715308,0.317877775862,0.0358639394457,0.898615464635
a1b82a10c1ea33b9,NaOH,A,0.468443900075,0.298735580165,0.274106740368,0.024628839797,0.917556389556
cf4a55a09543febd,NaOH,A,0.37475512006,0.258211884485,0.240292452376,0.0179194321095,0.930601830566
445cd6718745e837,NaOH,A,1.8737756003,0.477664484489,0.405780423062,0.0718840614277,0.849509302529
74dfc0b5b03f7f74,NaOH,A,0.93688780015,0.395360785399,0.349188149417,0.0461726359826,0.883213920834
65d401d24a92df8d,NaOH,A,0.624591866767,0.330618162224,0.299792094729,0.0308260674949,0.906762328822
c265b4fa8b703ce4,NaOH,A,0.468443900075,0.282666588765,0.260849214448,0.0218173743176,0.922815871473
f818b7991aeb9048,NaOH,A,0.37475512006,0.246394139685,0.230199668326,0.0161944713597,0.934274121209
2fc0446a60760dec,NaOH,A,2.49836746707,0.867094022694,0.48352250054,0.383571522153,0.557635605696
9c5f49f05990b4ff,NaOH,A,1.24918373353,0.667522625471,0.499009557468,0.168513068004,0.747554522388
5ec73f4d1a700ab9,NaOH,A,0.832789155689,0.532969228244,0.439119714745,0.0938495134986,0.823911947397
84977c88fb51d38f,NaOH,A,0.624591866767,0.441549704976,0.381887545577,0.0596621593987,0.864880083202
d2565eb707dc8c59,NaOH,A,0.499673493413,0.376268043628,0.335030000777,0.0412380428509,0.890402484215
1cadcec5bbfc71a1,NaOH,A,2.49836746707,0.804071741587,0.510248820792,0.293822920794,0.634581212599
cf19c4920048fd74,NaOH,A,1.24918373353,0.621942902064,0.482716865354,0.139226036711,0.776143378679
efe1b1ee8c6affff,NaOH,A,0.832789155689,0.501968646638,0.420945609863,0.0810230367756,0.838589447133
71b6de613a918c9f,NaOH,A,0.624591866767,0.419567511204,0.366609494795,0.0529580164091,0.873779511056
f5061efa9a901554,NaOH,A,0.499673493413,0.35998665953,0.322680054556,0.0373066049732,0.896366701416
bf96e8e0a44ad31f,NaOH,A,2.49836746707,0.73386562256,0.512972576854,0.220893045706,0.699000690432
0719f4f5f2ee973a,NaOH,A,1.24918373353,0.577540902351,0.462690285199,0.114850617152,0.801138557141
9fd91c75e3ba7c32,NaOH,A,0.832789155689,0.472357732717,0.402368407029,0.0699893256879,0.851829829724
53e6bf80bf556b29,NaOH,A,0.624591866767,0.398607317795,0.351559647883,0.0470476699126,0.881969879096
8b5f71fcc971571f,NaOH,A,0.499673493413,0.344426087428,0.310648596344,0.0337774910843,0.901931089667
d8815ff8b844eb94,NaOH,A,2.49836746707,0.662446753091,0.49743541639,0.165011336701,0.750906263891
10d9548fa3e66868,NaOH,A,1.24918373353,0.535115398283,0.440326383536,0.0947890147462,0.822862479662
11ebc15d2c58e229,NaOH,A,0.832789155689,0.444271669018,0.383741854002,0.0605298150155,0.863754951673
e4c33057d5d5cafc,NaOH,A,0.624591866767,0.378685920898,0.336842625819,0.0418432950788,0.889503958902
165a8b8d7e22ad88,NaOH,A,0.499673493413,0.329579721526,0.298968929037,0.0306107924898,0.907121735682
e79bcad264ab4529,NaOH,A,2.49836746707,0.594660430165,0.470851453551,0.123808976614,0.791798864808
fdcbf9d55067aa94,NaOH,A,1.24918373353,0.495226420139,0.416816283502,0.0784101366364,0.841668106854
38dc9a286c38f926,NaOH,A,0.832789155689,0.417792325762,0.365352735473,0.0524395902881,0.874484074851
306c5f069def99e7,NaOH,A,0.624591866767,0.359805392548,0.322541166088,0.0372642264593,0.896432273581
ab6e8f783e291a6e,NaOH,A,0.499673493413,0.315436223376,0.287666326288,0.0277698970885,0.911963512652
0bccd9d87a7ec429,NaOH,A,3.12295933383,0.922845357599,0.424430966402,0.498414391196,0.459915589224
1231b15ce581e87b,NaOH,A,1.56147966692,0.74942333154,0.514177694938,0.235245636602,0.686097794529
5448ddd36d140a64,NaOH,A,1.04098644461,0.614935915377,0.479809776215,0.135126139163,0.78025980304
f486a5a9baed36b2,NaOH,A,0.780739833458,0.517832529823,0.430416532071,0.0874159977525,0.831188670626
142c2149f9ffe563,NaOH,A,0.624591866767,0.446066131736,0.384959681382,0.0611064503533,0.863010334106
a8c318c373a6f63f,NaOH,A,3.12295933383,0.876862652165,0.476294796898,0.400567855267,0.543180617537
0aef2ae65dbf549e,NaOH,A,1.56147966692,0.707140703094,0.508938268158,0.198202434937,0.719712874582
31dc49360b86c2d7,NaOH,A,1.04098644461,0.583508497001,0.465594798953,0.117913698048,0.797922911741
d287a300a5b59257,NaOH,A,0.780739833458,0.494467244904,0.41634752269,0.0781197222135,0.842012341528
7be4cecd6a04bce1,NaOH,A,0.624591866767,0.428239237283,0.372699969174,0.0555392681087,0.870307848339
fcbed000c19ccc31,NaOH,A,3.12295933383,0.820039069207,0.506171833697,0.31386723551,0.617253314756
762e75c9091aeccc,NaOH,A,1.56147966692,0.664394686964,0.498047088956,0.166347598008,0.749625333748
d3e060ca441adee8,NaOH,A,1.04098644461,0.552897795625,0.450053116615,0.10284467901,0.813989710533
68a557555c641f75,NaOH,A,0.780739833458,0.471916046859,0.402082841946,0.0698332049133,0.852021974294
4ce8613931250acf,NaOH,A,0.624591866767,0.41105949616,0.360555799316,0.0505036968443,0.877137744497
294bc14b1865fcfa,NaOH,A,3.12295933383,0.756690368118,0.51442334876,0.242267019358,0.679833351176
98318b9a3f93f3ec,NaOH,A,1.56147966692,0.622158472826,0.482804707936,0.139353764891,0.77601564396
8b69703a62d6bbca,NaOH,A,1.04098644461,0.52333673613,0.433619852938,0.0897168831913,0.82856757992
9f907a59ac4b3aff,NaOH,A,0.780739833458,0.450238463212,0.387776930425,0.0624615327865,0.861270109309
7faa0434836aa4c7,NaOH,A,0.624591866767,0.394539671189,0.348586667727,0.0459530034628,0.883527546611
2215bd10aa72ee1e,NaOH,A,3.12295933383,0.691795835274,0.505612480448,0.186183354826,0.730869506099
1ff3c0b655965d27,NaOH,A,1.56147966692,0.581241210462,0.464498675471,0.116742534991,0.799149590756
877f1be90f7001e0,NaOH,A,1.04098644461,0.495004208557,0.416679155616,0.0783250529404,0.841768915119
9c3d86fe09fc6124,NaOH,A,0.780739833458,0.429476080253,0.373561985262,0.0559140949904,0.869808593397
8b1c0a95a351cf57,NaOH,A,0.624591866767,0.378685920897,0.336842625818,0.0418432950792,0.889503958901
7af7b48cf386979a,NaOH,A,1.80392896201,0.607402176333,0.471328345067,0.136073831266,0.775974080159
1c18534044584d1f,NaOH,A,0.901964481004,0.462036344398,0.392812631831,0.0692237125669,0.850176910526
080bdd5898b885b3,NaOH,A,0.601309654003,0.369935918944,0.328523735076,0.0414121838685,0.888055790888
202bbb9bb7c6b044,NaOH,A,0.450982240502,0.307804566408,0.280330639254,0.0274739271539,0.910742301602
9bac0ba6095db642,NaOH,A,0.360785792402,0.263326107195,0.243789781305,0.0195363258895,0.925809384806
18769a971874343d,NaOH,A,1.80392896201,0.419078647916,0.363989932462,0.0550887154545,0.86854802618
c506b993d52fc44a,NaOH,A,0.901964481004,0.357492089054,0.319156776518,0.0383353125362,0.892765983612
e7ee95ff3594bce8,NaOH,A,0.601309654003,0.303531510196,0.276890498609,0.0266410115871,0.912229832185
7545cd55596156cd,NaOH,A,0.450982240502,0.261886055243,0.242580426458,0.0193056287853,0.926282333867
0edd683afa8a3faa,NaOH,A,0.360785792402,0.229681422182,0.215126732075,0.0145546901067,0.936630964889
3c8433f3647bf451,NaOH,A,1.80392896201,0.303570396818,0.276921874765,0.0266485220533,0.912216334884
e6498b195aaacfc6,NaOH,A,0.901964481004,0.280978834603,0.258483032754,0.0224958018485,0.919937735238
3eda6a5f9050236b,NaOH,A,0.601309654003,0.251274939327,0.233620332499,0.0176546068287,0.929739882235
7631dfa62be86cae,NaOH,A,0.450982240502,0.224184711712,0.21036484645,0.0138198652614,0.938355005764
e6bcc03de7e78669,NaOH,A,0.360785792402,0.201249567169,0.190265748816,0.0109838183528,0.945421903225
816062c3351877b1,NaOH,A,1.80392896201,0.234393992238,0.21919196511,0.0152020271274,0.93514327316
ee2e16cf818e9a46,NaOH,A,0.901964481004,0.226444990515,0.212325583826,0.0141194066895,0.937647520233
da35ee0e2744aebd,NaOH,A,0.601309654003,0.210690256075,0.19858344048,0.0121068155952,0.94253737301
28d21f78c8d32ae3,NaOH,A,0.450982240502,0.193437133534,0.183336570832,0.0101005627019,0.947783744944
22ef5a0a21690981,NaOH,A,0.360785792402,0.177308956139,0.168902607611,0.00840634852808,0.952589261642
3a1563a3c4b5d45c,NaOH,A,1.80392896201,0.190198704546,0.180452199968,0.00974650457797,0.948756198938
fc1da5600444a011,NaOH,A,0.901964481004,0.187410921094,0.17796358774,0.00944733335387,0.949590273082
70c349e30f4203e2,NaOH,A,0.601309654003,0.179230644617,0.170631439521,0.00859920509666,0.952021569107
67644b5fe40f576d,NaOH,A,0.450982240502,0.168403682382,0.160859711796,0.00754397058647,0.955203054472
d00a880e3dd29b16,NaOH,A,0.360785792402,0.157171063964,0.150642310486,0.00652875347897,0.958460843146
382935d85f7175b9,NaOH,A,3.60785792402,0.873623175932,0.466210286972,0.407412888961,0.533651464173
7317cfa1f1153130,NaOH,A,1.80392896201,0.724076985529,0.503812003651,0.220264981877,0.695798946411
81d21c31f6e11ee4,NaOH,A,1.20261930801,0.610321852383,0.472536767098,0.137785085285,0.77424192703
89228929c38867e7,NaOH,A,0.901964481004,0.525213760571,0.430943715971,0.0942700445998,0.820511091527
f95faca14e0f90ac,NaOH,A,0.721571584803,0.460095870619,0.391558105392,0.0685377652264,0.851035904464
a2c00e16170a3eea,NaOH,A,3.60785792402,0.704808778043,0.501021757616,0.203787020427,0.710861971679
0a0d3fbaf9430fd7,NaOH,A,1.80392896201,0.607402176309,0.471328345029,0.136073831281,0.775974080127
7977ab3ad27b8307,NaOH,A,1.20261930801,0.526126074258,0.431453157935,0.0946729163231,0.820056596783
ab41f55925aca342,NaOH,A,0.901964481004,0.462036344386,0.392812631813,0.0692237125737,0.850176910508
4fa16ac41746dd4e,NaOH,A,0.721571584803,0.411103649572,0.358407344273,0.0526963052988,0.871817471449
9a9781a887fd4941,NaOH,A,3.60785792402,0.548986778257,0.443799891703,0.105186886554,0.808398142323
d8cf2856297af274,NaOH,A,1.80392896201,0.50337816653,0.418385934625,0.0849922319048,0.83115630046
b1b6f349eccd79c3,NaOH,A,1.20261930801,0.45171690908,0.38608797687,0.0656289322099,0.85471225254
d94a496c1a75ae84,NaOH,A,0.901964481004,0.406027862191,0.354818273924,0.0512095882667,0.873876664546
f5852553c2574afc,NaOH,A,0.721571584803,0.367376498949,0.326609379636,0.0407671193124,0.889031771414
f7622df5c126d4ff,NaOH,A,3.60785792402,0.437411324914,0.37655393141,0.0608573935039,0.860869186421
adfdb75e1c064e53,NaOH,A,1.80392896201,0.419078647911,0.363989932451,0.0550887154604,0.868548026164
6f443134b2301300,NaOH,A,1.20261930801,0.388740814882,0.342390127996,0.0463506868854,0.88076712012
f929f2654978cdf4,NaOH,A,0.901964481004,0.35749208906,0.319156776525,0.038335312535,0.892765983617
f0a871ff31a0d09f,NaOH,A,0.721571584803,0.328861834522,0.297054407692,0.03180742683,0.903280273078
fc9755b646c31d1e,NaOH,A,3.60785792402,0.360653268927,0.321550419759,0.0391028491681,0.891577721493
89c443ebded4f331,NaOH,A,1.80392896201,0.353709839255,0.316280402169,0.0374294370857,0.894180390445
a5ecfd1ab9dccc19,NaOH,A,1.20261930801,0.336780610639,0.303242576451,0.0335380341877,0.900415780694
a1390a2b1c58ff0e,NaOH,A,0.901964481004,0.316054447035,0.2869285019,0.0291259451344,0.907845165896
3cd891193e084ec7,NaOH,A,0.721571584803,0.295249349551,0.270179167826,0.0250701817253,0.915088105144
1715c4ef68fb97af,NaOH,A,5.41178688602,0.965958993782,0.310278249059,0.655680744724,0.321212650905
7c26148a3531764f,NaOH,A,2.70589344301,0.864231947154,0.47317477475,0.391057172405,0.547509006474
2dffc889357a1e57,NaOH,A,1.80392896201,0.762909573836,0.50542690276,0.257482671076,0.662499095691
ee1ecb4463fe64d3,NaOH,A,1.35294672151,0.67698713564,0.494999278886,0.181987856754,0.731179741574
021c14bca22ed83b,NaOH,A,1.0823573772,0.606150884703,0.470805215514,0.135345669189,0.77671290663
4346aa2c84dbaeba,NaOH,A,5.41178688602,0.872329116976,0.467225917793,0.405103199183,0.535607385677
6b1e71e46987f235,NaOH,A,2.70589344301,0.771824343837,0.504936020229,0.266888323608,0.654211057556
7d3d8048ace719e5,NaOH,A,1.80392896201,0.684687486082,0.496886738169,0.187800747914,0.725713187796
3e0a8f09d4036797,NaOH,A,1.35294672151,0.612566651246,0.473454143205,0.139112508041,0.772902250297
54565222fc674efc,NaOH,A,1.0823573772,0.553010703636,0.445887207468,0.107123496168,0.806290374737
cc99e3b20dbfc7d1,NaOH,A,5.41178688602,0.734590942589,0.504808061077,0.229782881512,0.687196141159
04e0e8a9682a6359,NaOH,A,2.70589344301,0.671600507251,0.493583809631,0.17801669762,0.734936624231
b8a8037be871aaa6,NaOH,A,1.80392896201,0.607402176297,0.471328345009,0.136073831288,0.77597408011
317821dc6256c4f5,NaOH,A,1.35294672151,0.55112592574,0.444912816287,0.106213109453,0.807279780369
c16e6e5c77b4823b,NaOH,A,1.0823573772,0.503051159816,0.418192676819,0.084858482997,0.83131241954
1f12dbe51f2cc83a,NaOH,A,5.41178688602,0.608117624098,0.471626046533,0.136491577565,0.775550695859
a5a464cea909f318,NaOH,A,2.70589344301,0.578114382649,0.458293162297,0.119821220352,0.792737866505
7f5c140f38650056,NaOH,A,1.80392896201,0.535994783024,0.436883071072,0.0991117119516,0.815088289866
2632c56bc793888e,NaOH,A,1.35294672151,0.494578020361,0.413133349103,0.0814446712576,0.835324927707
9ff574b3534146f8,NaOH,A,1.0823573772,0.457063285454,0.389588218104,0.0674750673494,0.852372593694
6aae53bf45ec9d57,NaOH,A,5.41178688602,0.511034997842,0.422867874181,0.0881671236606,0.827473413694
bccee4dc369eaba4,NaOH,A,2.70589344301,0.498505105894,0.415490557541,0.0830145483536,0.8334730229
e573b558bb4c35ce,NaOH,A,1.80392896201,0.473018402056,0.39982370025,0.0731947018058,0.845260350363
033ded577f20941a,NaOH,A,1.35294672151,0.443891397079,0.380902602563,0.0629887945166,0.858098636443
73378b4e463ca77d,NaOH,A,1.0823573772,0.415416464115,0.361435006633,0.0539814574821,0.870054602681
dbf9c573a9751e2f,NaOH,A,7.21571584803,0.992043187717,0.170346487865,0.821696699853,0.171712774175
5e90f9b3c25d2ad8,NaOH,A,3.60785792402,0.935501175012,0.388097018501,0.547404156511,0.414854656378
c6b71fe89fe9a5c0,NaOH,A,2.40523861601,0.857796945119,0.477432013407,0.380364931712,0.556579288517
943b356872d98576,NaOH,A,1.80392896201,0.781839260489,0.503951831381,0.277887429108,0.644572173397
16c599145129bb5f,NaOH,A,1.44314316961,0.713907985651,0.502489263339,0.211418722312,0.703857182492
e4ef19b27c3a6c30,NaOH,A,7.21571584803,0.95369394339,0.347123441732,0.606570501658,0.363977819234
f18a6542d88edfa6,NaOH,A,3.60785792402,0.873623175915,0.466210286945,0.40741288897,0.533651464153
94a99aa815c73385,NaOH,A,2.40523861601,0.794542723976,0.501995438909,0.292547285067,0.631804211102
40cd5413f84a367f,NaOH,A,1.80392896201,0.724076985506,0.503812003614,0.220264981892,0.695798946382
d6d9999933a138b9,NaOH,A,1.44314316961,0.662992214955,0.491164558415,0.17182765654,0.740830054013
ec2680cfa7b0fea1,NaOH,A,7.21571584803,0.861802257417,0.474829257673,0.386972999744,0.550972399511
b82d88aa53794490,NaOH,A,3.60785792402,0.792567554588,0.502354187532,0.290213367056,0.633831380838
462b9729146200a8,NaOH,A,2.40523861601,0.725078216111,0.50392346393,0.221154752182,0.694991868094
a396a56c1a5f49cd,NaOH,A,1.80392896201,0.665045176207,0.491758760901,0.173286415306,0.739436625502
483372bcc158ba58,NaOH,A,1.44314316961,0.61270952598,0.473512184123,0.139197341856,0.772816749285
f3fec881bcc236ad,NaOH,A,7.21571584803,0.745539879868,0.505419367143,0.240120512725,0.677923986081
606b20201dba5d80,NaOH,A,3.60785792402,0.704808778028,0.501021757593,0.203787020436,0.71086197166
e136b6c3dfbe92bc,NaOH,A,2.40523861601,0.654991024732,0.488748180792,0.166242843939,0.746190653517
10e12536ff9649e4,NaOH,A,1.80392896201,0.607402176291,0.471328344999,0.136073831292,0.775974080102
afabe5c6c9a4da8a,NaOH,A,1.44314316961,0.564393328644,0.451646282796,0.112747045847,0.800233205948
7345d35859515d1b,NaOH,A,7.21571584803,0.640931936394,0.48412810545,0.156803830944,0.755350261018
6ef8376db9fbe435,NaOH,A,3.60785792402,0.621670458569,0.477068144876,0.144602313693,0.767397160827
95c07be3c43651e4,NaOH,A,2.40523861601,0.588697357285,0.463189873267,0.125507484018,0.786804743617
8b96622910b39ca0,NaOH,A,1.80392896201,0.553117038182,0.44594200665,0.107175031531,0.80623444202
57ca2d4801148b3b,NaOH,A,1.44314316961,0.518993331156,0.42743708263,0.0915562485255,0.823588776523
2a847df9e6af78ee,NaOH,A,9.01964481004,0.998322851853,0.083961994806,0.914360857047,0.0841030480773
762f0ef36d4f4776,NaOH,A,4.50982240502,0.970237428877,0.294819219919,0.675418208959,0.303862962965
29be8ed072d4a3c4,NaOH,A,3.00654827001,0.91575957148,0.420830487282,0.494929084197,0.459542548491
9f873d4e315bb174,NaOH,A,2.25491120251,0.853607071391,0.479994864728,0.373612206663,0.562313599331
dad68f05b198b2c1,NaOH,A,1.80392896201,0.79297631582,0.502281637183,0.290694678638,0.633413164002
42237f60ec298b52,NaOH,A,9.01964481004,0.985854520856,0.218230946277,0.767623574579,0.221362220957
1f16ca7a9bdf8ae8,NaOH,A,4.50982240502,0.933071956916,0.392678877984,0.540393078932,0.420845225359
41cd52f4f559eb59,NaOH,A,3.00654827001,0.8686957363,0.469980277188,0.398715459112,0.54101828471
e831b3cb733b0f20,NaOH,A,2.25491120251,0.805521548509,0.499613303435,0.305908245074,0.620235801711
101334d7489ba8a1,NaOH,A,1.80392896201,0.747499669611,0.50548082201,0.242018847601,0.676228823316
76ec1c36ce5acd0d,NaOH,A,9.01964481004,0.937911620692,0.38337065748,0.554540963211,0.408749235027
ef4426e7f6309fda,NaOH,A,4.50982240502,0.874962728416,0.465139304527,0.409823423889,0.531610421131
82ac37f8c1c40a03,NaOH,A,3.00654827001,0.811635396849,0.497987423543,0.313647973307,0.613560504477
ce834242f73015c6,NaOH,A,2.25491120251,0.753084280527,0.5055730898,0.247511190727,0.671336665593
9522c1b91c259d66,NaOH,A,1.80392896201,0.700455193748,0.500228615691,0.200226578057,0.714147914322
e5eacf82a87df1d1,NaOH,A,9.01964481004,0.849238901891,0.482500235952,0.366738665939,0.568156068778
f59515306df5386d,NaOH,A,4.50982240502,0.801653043446,0.500529450345,0.301123593102,0.624371671057
621c4694526ed98c,NaOH,A,3.00654827001,0.748835056013,0.505514117883,0.24332093813,0.675067378088
1a818b082b1da644,NaOH,A,2.25491120251,0.69884332472,0.499920403614,0.198922921106,0.715354051374
d77b68ef5b563ad0,NaOH,A,1.80392896201,0.653331211065,0.488227216893,0.165103994173,0.747288983939
490e389e3a18ef28,NaOH,A,9.01964481004,0.749845044484,0.505534641778,0.244310402705,0.674185480717
709abd6bb3899bd1,NaOH,A,4.50982240502,0.723516954764,0.503748166005,0.219768788759,0.696249289928
24cd9c83232d7afc,NaOH,A,3.00654827001,0.684977565731,0.496954646253,0.188022919478,0.725504996244
969825dbbffe09ef,NaOH,A,2.25491120251,0.645162040307,0.48556707664,0.159594963667,0.75262809388
a3a2aac1b217695a,NaOH,A,1.80392896201,0.607402176317,0.471328345037,0.13607383128,0.775974080131
b91e8f2863c5625d,NaOH,A,4.62029233101,0.722379591009,0.496424900118,0.225954690891,0.687207814695
804474d5e66ed95a,NaOH,A,2.3101461655,0.647301278721,0.480725730513,0.166575548207,0.742661487497
c4a6dd6b0bd93f55,NaOH,A,1.54009744367,0.576403189422,0.453231890588,0.123171298833,0.786310518238
77607cacec71bc58,NaOH,A,1.15507308275,0.516689427453,0.422804409128,0.0938850183253,0.818295065978
beeb6bb1bbebfd84,NaOH,A,0.924058466201,0.467063575893,0.393389703112,0.0736738727807,0.842261575119
0500db29a999dfda,NaOH,A,4.62029233101,0.436720238068,0.373800510926,0.0629197271418,0.8559266971
3807e7c99751b8ab,NaOH,A,2.3101461655,0.42818131556,0.368085925016,0.0600953905437,0.859649666252
217d210d90b21f25,NaOH,A,1.54009744367,0.408199444618,0.354384130368,0.0538153142502,0.868164165925
6873b0151f1c1aee,NaOH,A,1.15507308275,0.384034710194,0.33722490937,0.0468098008233,0.878110494753
00437c1e7fd25c88,NaOH,A,0.924058466201,0.359809537376,0.319410762547,0.0403987748293,0.887721778795
d11fa820a08d8b54,NaOH,A,4.62029233101,0.305291388156,0.277252061123,0.028039327033,0.908155525767
b0117fc6d74710ff,NaOH,A,2.3101461655,0.304582868419,0.276686412383,0.0278964560358,0.908410948453
2c70ce1cf942749e,NaOH,A,1.54009744367,0.300380044812,0.273322112464,0.0270579323488,0.909921005686
29ed82242742ff1d,NaOH,A,1.15507308275,0.292291697422,0.266804731773,0.0254869656491,0.912802977731
505d62f4adf6a244,NaOH,A,0.924058466201,0.281845841704,0.258305755856,0.0235400858473,0.916478860554
2f450c5995b02df1,NaOH,A,4.62029233101,0.23421748209,0.218434984456,0.0157824976339,0.93261605627
ee6df2655441b9a9,NaOH,A,2.3101461655,0.234159257371,0.218385162897,0.0157740944741,0.932635187474
3dd273283a1c42c2,NaOH,A,1.54009744367,0.233350847992,0.217693161558,0.0156576864342,0.932900666233
b1392f715c2906c2,NaOH,A,1.15507308275,0.230867642736,0.215564456271,0.0153031864647,0.933714459578
fd5eb51ff233781a,NaOH,A,0.924058466201,0.226658253594,0.211945456531,0.0147127970632,0.935088191893
a0c91a87c1722463,NaOH,A,4.62029233101,0.189895264652,0.179790529467,0.0101047351842,0.946787850646
f8d6a80c25bdcfa3,NaOH,A,2.3101461655,0.189890374653,0.179786188646,0.0101041860072,0.946789372417
cbca20f9636620f6,NaOH,A,1.54009744367,0.189738183643,0.17965108134,0.010087102303,0.946836729912
151b9a0b9d2047ed,NaOH,A,1.15507308275,0.189004447503,0.178999483214,0.0100049642889,0.947064926666
bbe97c55ebae3baf,NaOH,A,0.924058466201,0.187369079551,0.177545846563,0.00982323298829,0.947572817181
0c9870ec041541d0,NaOH,A,9.24058466201,0.968044955444,0.289750826268,0.678294129175,0.299315465298
73530fbf4918d6ed,NaOH,A,4.62029233101,0.908376836889,0.418519388999,0.48985744789,0.460733224366
2bc7860677411485,NaOH,A,3.08019488734,0.844688367208,0.47448440302,0.370203964188,0.56172716642
24538f801a983a07,NaOH,A,2.3101461655,0.784413547426,0.494864487818,0.289549059607,0.630871929026
a7b461878f1681df,NaOH,A,1.8481169324,0.729654176078,0.497024888022,0.232629288056,0.681178706731
0e5626454b2a8f84,NaOH,A,9.24058466201,0.74642079193,0.497674636549,0.248746155381,0.666748088919
d5781b5a78a800a4,NaOH,A,4.62029233101,0.722379590985,0.496424900078,0.225954690907,0.687207814663
a8f00103cd2e0667,NaOH,A,3.08019488734,0.685753174359,0.490778013524,0.194975160835,0.715677348461
6529deda1081b194,NaOH,A,2.3101461655,0.647301278678,0.480725730448,0.16657554823,0.742661487445
11e5882bc8f6fba2,NaOH,A,1.8481169324,0.610508952491,0.467764490776,0.142744461715,0.766187766563
61d8c30b389b96b5,NaOH,A,9.24058466201,0.554756735961,0.442888492327,0.111868243634,0.798347209898
3da9e2785dff6290,NaOH,A,4.62029233101,0.551902901131,0.441464292855,0.110438608276,0.799894858227
f32ad84a9f76e09b,NaOH,A,3.08019488734,0.541012664021,0.435905005357,0.105107658664,0.805720520694
2d1ec28338337e3e,NaOH,A,2.3101461655,0.524125249449,0.426906707627,0.0972185418216,0.814512767847
4ef18339d5c7ccbd,NaOH,A,1.8481169324,0.504521408142,0.415913389624,0.0886080185173,0.824372133496
2075fe6df24cde7f,NaOH,A,9.24058466201,0.436989472125,0.373979288857,0.0630101832674,0.855808463849
e577dee4600e6918,NaOH,A,4.62029233101,0.436720238058,0.373800510906,0.0629197271515,0.855926697074
849e0ce03b6ddee6,NaOH,A,3.08019488734,0.434246413694,0.372153792076,0.0620926216182,0.85701062885
7cd08901f4c55914,NaOH,A,2.3101461655,0.428181315551,0.368085924999,0.0600953905514,0.859649666231
abc4b746d7ba984f,NaOH,A,1.8481169324,0.419128757358,0.361934758582,0.0571939987761,0.863540743096
223e70ec2d066530,NaOH,A,9.24058466201,0.359643204264,0.319286411416,0.0403567928486,0.887786583007
416d417d920d2ff9,NaOH,A,4.62029233101,0.359618908457,0.319268245512,0.0403506629448,0.887796047438
410592ce47e6391b,NaOH,A,3.08019488734,0.359110158055,0.318887720852,0.0402224372029,0.887994153602
66cb3a1a02a1b953,NaOH,A,2.3101461655,0.357141527535,0.317412869143,0.0397286583916,0.888759342365
a0fe2c86df6f4dd9,NaOH,A,1.8481169324,0.353297930438,0.314522415223,0.038775515215,0.890246978897
571c0eba038c72b0,NaOH,A,13.860876993,0.998731284833,0.0666936034577,0.932037681375,0.066778326133
bafed28b7679e934,NaOH,A,6.93043849651,0.982229787776,0.227405158435,0.754824629341,0.23151930563
0e1d2cca9f4f3453,NaOH,A,4.62029233101,0.950003045826,0.343334665547,0.606668380279,0.361403752394
5fb9adb52496aee8,NaOH,A,3.46521924825,0.910436220958,0.415779926241,0.494656294717,0.45668210103
66d49193eaf6f379,NaOH,A,2.7721753986,0.868717377848,0.458803510669,0.40991386718,0.528138980948
8547788c4f8d091d,NaOH,A,13.860876993,0.926224072132,0.391931373059,0.534292699073,0.42314962961
95a4a3d54adce457,NaOH,A,6.93043849651,0.892169027706,0.437601409127,0.454567618578,0.490491594685
0564355d82b6b18d,NaOH,A,4.62029233101,0.852741655031,0.469815334098,0.382926320933,0.550946856326
4ae75f795d252705,NaOH,A,3.46521924825,0.813101723208,0.488018827251,0.325082895957,0.600194063451
d5230b99b23d9d35,NaOH,A,2.7721753986,0.774965338622,0.496172323143,0.278793015479,0.640250987257
8fc0aac05cfb2661,NaOH,A,13.860876993,0.748604583957,0.497680175968,0.25092440799,0.664810484243
734c0824f768299e,NaOH,A,6.93043849651,0.740983473115,0.497579924948,0.243403548167,0.671512851503
278ac2c53d50ee9e,NaOH,A,4.62029233101,0.722379590974,0.496424900061,0.225954690913,0.68720781465
43ec7fe13328e779,NaOH,A,3.46521924825,0.698473185752,0.493209697588,0.205263488164,0.706125457139
22aee60eb12a10b6,NaOH,A,2.7721753986,0.672883828303,0.487847942661,0.185035885642,0.72501065138
cb7a8cac50194bae,NaOH,A,13.860876993,0.608480034157,0.466964367799,0.141515666357,0.767427592668
3cb80969c3cbae44,NaOH,A,6.93043849651,0.607594341731,0.466612431658,0.140981910073,0.76796704579
e3bfb1f0035476f1,NaOH,A,4.62029233101,0.602276576282,0.464465803712,0.13781077257,0.77118357579
0dd459240ebdaca8,NaOH,A,3.46521924825,0.591841299441,0.460089510568,0.131751788873,0.777386625439
4219cda81b4b5eeb,NaOH,A,2.7721753986,0.578000486005,0.453962009325,0.12403847668,0.785400739821
cdcf84832d852bff,NaOH,A,13.860876993,0.509331796761,0.41866363121,0.0906681655515,0.821986048921
33a62f49909686fe,NaOH,A,6.93043849651,0.509243808374,0.418613628713,0.0906301796603,0.822029883977
8a426e9ba29aed89,NaOH,A,4.62029233101,0.508013276271,0.417913147971,0.0901001283003,0.822642177855
30dd2222a9cde933,NaOH,A,3.46521924825,0.504203583616,0.415730497187,0.0884730864293,0.824529040839
a98e1fe111e98ce6,NaOH,A,2.7721753986,0.497673195724,0.411940502812,0.085732692912,0.827732950762
b0e2e9def6fde930,NaOH,A,18.481169324,0.999975291381,0.00938855976373,0.990586731618,0.0093887917478
0422c3daac1fb3f7,NaOH,A,9.24058466201,0.99725729727,0.0967591181337,0.900498179137,0.0970252294955
ae3d1a6fe9bd30c4,NaOH,A,6.16038977467,0.985531833688,0.208068064724,0.777463768963,0.211122621931
26a7e421fd460348,NaOH,A,4.62029233101,0.964948751197,0.300464569304,0.664484181893,0.311378784553
cb8aa1689c7239f4,NaOH,A,3.6962338648,0.938583519335,0.368988953883,0.569594565452,0.393133851471
19338339e1e0ba81,NaOH,A,18.481169324,0.990291783941,0.174309973565,0.815981810376,0.176018802126
5b8e7f3712481da1,NaOH,A,9.24058466201,0.968044955436,0.289750826258,0.678294129178,0.29931546529
68f69c3769e665e6,NaOH,A,6.16038977467,0.939584074754,0.366931047822,0.572653026932,0.390524975552
7910173577cd098d,NaOH,A,4.62029233101,0.908376836879,0.418519388984,0.489857447895,0.460733224354
e90c450eed04978b,NaOH,A,3.6962338648,0.876376811348,0.452599717746,0.423777093602,0.516444196019
7cf256cf2ff858d2,NaOH,A,18.481169324,0.886305992534,0.443542807666,0.442763184868,0.500439815823
a6d67cb776198e30,NaOH,A,9.24058466201,0.871658906682,0.456496980756,0.415161925926,0.523710567582
c4bd8f489de3f757,NaOH,A,6.16038977467,0.847966327728,0.472650330115,0.375315997614,0.557392805184
724dcd9695dd7473,NaOH,A,4.62029233101,0.821284215991,0.485177234676,0.336106981314,0.590754363995
c5eca2e9e0964058,NaOH,A,3.6962338648,0.793963356938,0.493087847373,0.300875509564,0.621046101265
7847a4d1d92db82d,NaOH,A,18.481169324,0.748816812066,0.497679705979,0.251137106087,0.664621437393
e9a5f885dce7dfa9,NaOH,A,9.24058466201,0.746420791899,0.497674636498,0.2487461554,0.66674808888
d0b05eefbdb4d9f0,NaOH,A,6.16038977467,0.737137947814,0.497444764568,0.239693183247,0.674832663333
aa6bb9d2ebc36d97,NaOH,A,4.62029233101,0.722379590968,0.496424900053,0.225954690916,0.687207814644
eb59098ebc252d4a,NaOH,A,3.6962338648,0.704705394961,0.494223762522,0.210481632438,0.701319680617
22f1b33a75d336f1,NaOH,A,18.481169324,0.639040644342,0.478081719374,0.160958924968,0.748124119502
98f12aacb45a137f,NaOH,A,9.24058466201,0.638768024779,0.477991733359,0.160776291421,0.748302536784
516ba10854330124,NaOH,A,6.16038977467,0.636246141809,0.477151175034,0.159094966775,0.749947455363
34148052e6e6af59,NaOH,A,4.62029233101,0.630005567514,0.47500878825,0.154996779264,0.753975540445
6356d851296930ac,NaOH,A,3.6962338648,0.620565105747,0.471603135274,0.148961970473,0.759957546609
e8fe981a8e4c4776,NaOH,A,23.101461655,0.999999653436,0.00108868540746,0.998910968029,0.00108868578476
03aa6236e603dbc6,NaOH,A,11.5507308275,0.999637110414,0.0360289031524,0.963608207262,0.0360419824124
b8681d6cf521a974,NaOH,A,7.70048721834,0.996138952753,0.113825915441,0.882313037312,0.114267106137
78860a946935e0d6,NaOH,A,5.77536541376,0.986926114087,0.199026029244,0.787900084844,0.201662542315
1d96725584e2bd99,NaOH,A,4.62029233101,0.972146728559,0.27425100537,0.697895723188,0.282108654294
02c2820683ed14b7,NaOH,A,23.101461655,0.999526543102,0.0411013951797,0.958425147923,0.0411208641365
e71e64e66c6f398f,NaOH,A,11.5507308275,0.992826336161,0.151905826883,0.840920509277,0.153003421999
8bd7043a15b7fc8c,NaOH,A,7.70048721834,0.978215315626,0.247873537037,0.730341778589,0.253393637452
694131090ccf1832,NaOH,A,5.77536541376,0.958283921063,0.321174662323,0.63710925874,0.335156058934
05faef8be46e0c1d,NaOH,A,4.62029233101,0.935231983293,0.375648227824,0.559583755469,0.401663153672
383d27fac9495558,NaOH,A,23.101461655,0.966398360554,0.295544918328,0.670853442226,0.305821005489
e2ad15aee86171d6,NaOH,A,11.5507308275,0.948360225945,0.347341669352,0.601018556593,0.366254994515
0a6d79c0e3b0172b,NaOH,A,7.70048721834,0.925811636475,0.392625585083,0.533186051391,0.424087978175
68c2bad0c9fa3650,NaOH,A,5.77536541376,0.901429261302,0.427212768248,0.474216493054,0.47392822331
4f0e9c84195e8440,NaOH,A,4.62029233101,0.876392549993,0.452586296451,0.423806253542,0.516419607235
42643f7e90ae752c,NaOH,A,23.101461655,0.858008426745,0.466454017067,0.391554409678,0.543647361176
aafb164839282f2e,NaOH,A,11.5507308275,0.852631220506,0.469883139698,0.382748080808,0.5510977412
86e45d3c7fdcc203,NaOH,A,7.70048721834,0.839222496563,0.47734860758,0.361873888982,0.568798631514
6345f4608ef14054,NaOH,A,5.77536541376,0.821443015036,0.485117792771,0.336325222265,0.590567798242
eeb40d43d77837b5,NaOH,A,4.62029233101,0.801734700155,0.49128270276,0.310451997394,0.612774653093
04e24a6c48a56c73,NaOH,A,23.101461655,0.748837570079,0.49767965037,0.251157919709,0.664602939616
b4cdbf17219ca858,NaOH,A,11.5507308275,0.748086751566,0.497680570588,0.250406180979,0.665271199558
e743585bd79a4fd2,NaOH,A,7.70048721834,0.743546163213,0.497638807772,0.245907355441,0.669277621744
771ac998e9a246db,NaOH,A,5.77536541376,0.734531377759,0.497321754669,0.237209623089,0.677059918376
b46726f48599a92a,NaOH,A,4.62029233101,0.722379590968,0.496424900051,0.225954690917,0.687207814642
9bb17ee649b4a843,NaOH,A,10.6988099922,0.744247382817,0.490618891954,0.253628490863,0.659214803143
94d728f67b88ffa5,NaOH,A,5.34940499608,0.728162010738,0.490236662551,0.237925348187,0.673252181961
8db91a1b986bb947,NaOH,A,3.56626999739,0.699167963735,0.487253618209,0.211914345526,0.696904954864
feacfd77b078b20f,NaOH,A,2.67470249804,0.666502436074,0.480792376289,0.185710059786,0.721366270048
a38ca830f6563f44,NaOH,A,2.13976199843,0.633972260967,0.471537080756,0.162435180211,0.743781880987
36076beaac43ed11,NaOH,A,10.6988099922,0.435422645337,0.370845324038,0.0645773212989,0.851690485117
f2984505029b4e45,NaOH,A,5.34940499608,0.43533904537,0.370790541205,0.0645485041651,0.851728199316
9ecb0f4c76390c4d,NaOH,A,3.56626999739,0.43416695932,0.370021579795,0.0641453795247,0.852256423139
f5875bde8486a412,NaOH,A,2.67470249804,0.430537285149,0.367629715187,0.0629075699619,0.853885895294
55052e274449f9f4,NaOH,A,2.13976199843,0.424326506465,0.363500244226,0.060826262239,0.856652221079
dba3920ac4bc8472,NaOH,A,10.6988099922,0.304485576445,0.275637819557,0.028847756888,0.905257394374
3f378e2c384b229c,NaOH,A,5.34940499608,0.304485253547,0.275637563823,0.028847689724,0.905257514484
5ee9973a118e7274,NaOH,A,3.56626999739,0.30445666899,0.275614924601,0.0288417443891,0.905268147074
7e0837955227bb0c,NaOH,A,2.67470249804,0.304211993806,0.275421109718,0.0287908840875,0.905359142066
cdc86b86985392b0,NaOH,A,2.13976199843,0.303431118766,0.274802195405,0.0286289233608,0.905649349753
fbe3c16fd654b4ff,NaOH,A,10.6988099922,0.233730623757,0.217461247514,0.016269376243,0.930392620438
3fa86a1af16e3f12,NaOH,A,5.34940499608,0.233730622496,0.217461246441,0.0162693760552,0.930392620866
bba5add9caa8745e,NaOH,A,3.56626999739,0.233729951068,0.217460675022,0.0162692760463,0.93039284879
c01e7c546048494b,NaOH,A,2.67470249804,0.233715085517,0.217448023598,0.0162670619189,0.930397895014
8de475bb720f5355,NaOH,A,2.13976199843,0.233628391711,0.217374238851,0.0162541528607,0.930427322032
5d7b64227f89d965,NaOH,A,10.6988099922,0.189571024715,0.17914204943,0.0104289752848,0.944986448744
efe878bb98f76df9,NaOH,A,5.34940499608,0.18957102471,0.179142049426,0.0104289752843,0.944986448745
eb3351f1b1e81ac1,NaOH,A,3.56626999739,0.189571008664,0.179142035242,0.0104289734226,0.944986453909
25852257fb31c8b1,NaOH,A,2.67470249804,0.189570119962,0.179141249644,0.0104288703182,0.944986739892
d97ef08b5c31a304,NaOH,A,2.13976199843,0.189560858633,0.179133062751,0.0104277958821,0.94498972015
c95015086aeecc21,NaOH,A,21.3976199843,0.992080132537,0.1494070021,0.842673130437,0.150599732018
f32e24d75378e83b,NaOH,A,10.6988099922,0.974083423272,0.254863701114,0.719219722157,0.261644634356
b62cd9ab0f906e76,NaOH,A,7.13253999478,0.950676597959,0.329919512317,0.620757085641,0.347036534849
188c6022e33de3bc,NaOH,A,5.34940499608,0.924491153055,0.38343954146,0.541051611596,0.414757394046
a69add34987be7e9,NaOH,A,4.27952399687,0.897111009755,0.421442923192,0.475668086564,0.469777896613
e7a7dbe9edbcdbe5,NaOH,A,21.3976199843,0.745300331833,0.490609502756,0.254690829077,0.658270876586
daab4503cb0eb61e,NaOH,A,10.6988099922,0.744247382794,0.490618891911,0.253628490884,0.659214803106
6d5d9d79d6d0d8cf,NaOH,A,7.13253999478,0.738627474512,0.490596088265,0.248031386248,0.664199620504
99db932c43b00904,NaOH,A,5.34940499608,0.728162010718,0.490236662515,0.237925348203,0.673252181931
f4e799069b6cd9b2,NaOH,A,4.27952399687,0.714535606071,0.489183192374,0.225352413697,0.684616957109
8a8b9165fb9d2ab6,NaOH,A,21.3976199843,0.552424786151,0.438182905797,0.114241880354,0.793199213326
32ac9ab6c55734b8,NaOH,A,10.6988099922,0.552419149028,0.438180165233,0.114238983795,0.79320234645
900549411e755471,NaOH,A,7.13253999478,0.552213277389,0.438080040537,0.114133236852,0.793316746399
a6d31300aaf5e478,NaOH,A,5.34940499608,0.551127097422,0.437550578427,0.113576518994,0.793919552267
c3b3e5421b267c59,NaOH,A,4.27952399687,0.548558855971,0.436290664933,0.112268191039,0.795339752851
7152c9e85a55a546,NaOH,A,21.3976199843,0.435422670137,0.370845340273,0.0645773298634,0.851690473895
850f39701c6cf4e0,NaOH,A,10.6988099922,0.435422645326,0.370845324016,0.06457732131,0.851690485088
fa08699b9fa9cc26,NaOH,A,7.13253999478,0.435417093072,0.370841685903,0.0645754071686,0.851692990018
c28d7ad3dacdb380,NaOH,A,5.34940499608,0.435339045359,0.370790541183,0.064548504176,0.851728199287
5b5825477863deb2,NaOH,A,4.27952399687,0.434997991067,0.370566960932,0.0644310301348,0.851882005301
c99f6422c0242ad7,NaOH,A,21.3976199843,0.358544776818,0.317089553636,0.041455223182,0.884379229981
354e370f810aa814,NaOH,A,10.6988099922,0.358544776712,0.317089553557,0.0414552231545,0.884379230024
e848a9ab82ead54a,NaOH,A,7.13253999478,0.358544634758,0.317089448433,0.0414551863244,0.884379286968
b7d04e904d37c2e0,NaOH,A,5.34940499608,0.358539570332,0.317085697964,0.0414538723684,0.884381318553
c0074535e30c544b,NaOH,A,4.27952399687,0.358499590535,0.317056089942,0.0414435005927,0.88439735585
2096a504caa75fc1,NaOH,A,32.0964299765,0.999997320998,0.00249854620597,0.997498774792,0.0024985528996
ba3246b0eae3396b,NaOH,A,16.0482149883,0.999391761798,0.0418994510886,0.957492310709,0.0419249514457
3eec378e0eda4e3f,NaOH,A,10.6988099922,0.995873060841,0.109271409145,0.886601651695,0.109724234385
5c0504640f4f9336,NaOH,A,8.02410749413,0.988440931391,0.178202333932,0.810238597459,0.180286275358
5896a33a331cb1b7,NaOH,A,6.4192859953,0.977560097922,0.239651486539,0.737908611382,0.245152688872
af91beb93dedac61,NaOH,A,32.0964299765,0.933222674111,0.367939636356,0.565283037755,0.394267784703
c742ad3b915feb1c,NaOH,A,16.0482149883,0.927047099569,0.379104437033,0.547942662536,0.408937622705
c8ff38de91270871,NaOH,A,10.6988099922,0.915031455292,0.398191659515,0.516839795777,0.435167181644
070c81b290bec33e,NaOH,A,8.02410749413,0.900203130891,0.41781449763,0.482388633261,0.464133575293
499557a9cfbc8f59,NaOH,A,6.4192859953,0.884008558305,0.435293718304,0.448714840001,0.49240894131
58e5a58490d59ca0,NaOH,A,32.0964299765,0.745304708856,0.490609454569,0.254695254287,0.658266946042
68c350d4d85d34a5,NaOH,A,16.0482149883,0.745236647832,0.490610194638,0.254626453193,0.658328057357
449e46bbeb7df7c9,NaOH,A,10.6988099922,0.74424738277,0.490618891868,0.253628490902,0.65921480307
4956de207840839a,NaOH,A,8.02410749413,0.741105529496,0.490621160854,0.250484368642,0.662012549263
7205da5414f3a66d,NaOH,A,6.4192859953,0.73559921934,0.490533807495,0.245065411845,0.666849276886
3ea7e3ce0f20885d,NaOH,A,32.0964299765,0.605756161235,0.461512322472,0.144243838764,0.761878049297
f32ff7d1363b053c,NaOH,A,16.0482149883,0.605755802788,0.461512184258,0.144243618531,0.761878271959
88c3a80fb3c8b45d,NaOH,A,10.6988099922,0.605722587476,0.461499375582,0.144223211894,0.761898904093
c024de056e73873f,NaOH,A,8.02410749413,0.605431063967,0.461386858624,0.144044205343,0.762079923024
c9a02a3dd99440d1,NaOH,A,6.4192859953,0.604484841853,0.461020442212,0.143464399641,0.762666671341
52adbd515f9580f0,NaOH,A,32.0964299765,0.507284368017,0.414568736035,0.0927156319827,0.817231442899
e1fdc5dd259fb2bf,NaOH,A,16.0482149883,0.507284366363,0.414568735111,0.092715631252,0.817231443743
43296d1b0579a466,NaOH,A,10.6988099922,0.507283436882,0.414568216098,0.092715220784,0.817231918011
fb1db322c51531c2,NaOH,A,8.02410749413,0.507262278539,0.414556401147,0.0927058773927,0.817242713849
1c79a4344e933a15,NaOH,A,6.4192859953,0.507136673838,0.414486248951,0.0926504248875,0.817306793874
095769bd511ee850,NaOH,A,42.7952399687,0.999999999868,1.37432044223e-05,0.999986256663,1.37432044241e-05
c0cddf0732e1b1b3,NaOH,A,21.3976199843,0.999994126052,0.00376874915006,0.996225376901,0.00376877128763
83228de84dc346f0,NaOH,A,14.2650799896,0.999787975785,0.0243884260749,0.97539954971,0.0243935981084
36ef29e6f25ee6ce,NaOH,A,10.6988099922,0.998691293363,0.0618012183363,0.936890075027,0.0618822039874
ea22173d821a1d89,NaOH,A,8.55904799373,0.996002427556,0.107588298971,0.888414128585,0.108020117215
81fd78f12203d9bd,NaOH,A,42.7952399687,0.997735333141,0.0813200604829,0.916415272658,0.081504641343
057093fb15ee0ccc,NaOH,A,21.3976199843,0.99208013253,0.149407002095,0.842673130435,0.150599732013
37b9f2c7212d5bb3,NaOH,A,14.2650799896,0.983982406038,0.206640896248,0.777341509789,0.210004665714
371d9378193cafcb,NaOH,A,10.6988099922,0.974083423267,0.254863701107,0.71921972216,0.26164463435
e3072ce9a99449c0,NaOH,A,8.55904799373,0.962860148465,0.295555363895,0.667304784569,0.306955651209
b2198b890a414a44,NaOH,A,42.7952399687,0.884211429003,0.435096739014,0.449114689989,0.492073190577
15d3ca4e048e65b5,NaOH,A,21.3976199843,0.883603737016,0.435685235926,0.44791850109,0.493077629342
fd3199d46a1f20f6,NaOH,A,14.2650799896,0.880285932602,0.438817569921,0.441468362681,0.498494356969
f9b11cb646cad4a9,NaOH,A,10.6988099922,0.873960403934,0.444427184911,0.429533219023,0.508520961488
ae97d88832e2f40b,NaOH,A,8.55904799373,0.865497975197,0.451239800585,0.414258174612,0.521364363079
393e79b6a594d91c,NaOH,A,42.7952399687,0.745304727103,0.490609454361,0.254695272743,0.658266929645
1c12aa5fde9e87ab,NaOH,A,21.3976199843,0.745300331808,0.490609502706,0.254690829102,0.658270876541
160ccb48bd2ddf15,NaOH,A,14.2650799896,0.745134984322,0.490611266045,0.254523718277,0.658419315114
de4b43bb6466a2ca,NaOH,A,10.6988099922,0.744247382765,0.490618891861,0.253628490905,0.659214803064
8cc140700f26d5db,NaOH,A,8.55904799373,0.742121333395,0.490624620645,0.25149671275,0.661111059024
1333703e8ed52b56,NaOH,A,42.7952399687,0.636112436355,0.47222487271,0.163887563645,0.742360698709
df84ea0ce4a9ccc9,NaOH,A,21.3976199843,0.636112413654,0.472224865471,0.163887548183,0.742360713822
8e5be80bf39471a5,NaOH,A,14.2650799896,0.636107131002,0.472223180886,0.163883950116,0.742364230601
5b46fc2c29ed5cf0,NaOH,A,10.6988099922,0.636031318963,0.472198998016,0.163832320947,0.742414695531
e4c232539c9d93a6,NaOH,A,8.55904799373,0.635695554843,0.472091733441,0.163603821402,0.742638091213
92a4ccfa9a5286c7,NaOH,A,53.4940499608,1,6.02776925563e-08,0.999999939722,6.02776925563e-08
642dd7afc384d59f,NaOH,A,26.7470249804,0.999999960363,0.000274233314905,0.999725727048,0.000274233325775
71c558769dd855eb,NaOH,A,17.8313499869,0.999991634261,0.00453461836416,0.995457015897,0.00453465629992
49c5655d3ff8f194,NaOH,A,13.3735124902,0.999877545232,0.0183600440233,0.981517501209,0.0183622925735
502fde2ed9f94a41,NaOH,A,10.6988099922,0.999380917638,0.0422789861497,0.957101931488,0.0423051765384
6024f06eaed35854,NaOH,A,53.4940499608,0.999999001011,0.00149004545218,0.998508955559,0.00149004694072
3693159e92993117,NaOH,A,26.7470249804,0.999769786813,0.0254464710513,0.974323315762,0.0254523305134
d5cfbdbc3c52914d,NaOH,A,17.8313499869,0.998394035828,0.0684970356917,0.929897000136,0.0686072164233
044b4ca20cc5f988,NaOH,A,13.3735124902,0.995355834192,0.115724224382,0.87963160981,0.116264174486
cfb17c588942a233,NaOH,A,10.6988099922,0.990686576201,0.161220420932,0.829466155269,0.16273605074
dea0e8da91b921a2,NaOH,A,53.4940499608,0.96939655327,0.27320704816,0.696189505109,0.281832081245
61f1b2e7caba965d,NaOH,A,26.7470249804,0.966281821964,0.284271031018,0.682010790945,0.294190602117
581ac3a8b761c449,NaOH,A,17.8313499869,0.960067932822,0.304171444321,0.655896488501,0.316822835054
aec0bab59d1bc40b,NaOH,A,13.3735124902,0.952158490431,0.326149362465,0.626009127966,0.342536842073
eb55eab3e99a421d,NaOH,A,10.6988099922,0.943232037786,0.347462284882,0.595769752904,0.368374133789
c1d965ae56753148,NaOH,A,53.4940499608,0.854507016804,0.459014065002,0.395492951802,0.537168280629
adbfca7e990a1275,NaOH,A,26.7470249804,0.854460941042,0.459044274663,0.395416666379,0.537232601999
0031bcd745b6beca,NaOH,A,17.8313499869,0.853779145165,0.459489064351,0.394290080814,0.538182581471
32197b97c6566ed6,NaOH,A,13.3735124902,0.851586857186,0.460891217071,0.390695640115,0.541214572749
1d5a7cbdf9883d39,NaOH,A,10.6988099922,0.847699791421,0.463274447965,0.384425343455,0.54650768191
aa9885f2be672fc2,NaOH,A,53.4940499608,0.745304727178,0.490609454356,0.254695272821,0.658266929574
74ebf8a9745b4c5a,NaOH,A,26.7470249804,0.745304443352,0.490609457481,0.254694985872,0.658267184446
5cd4bff1d0ca59d1,NaOH,A,17.8313499869,0.745277417464,0.490609753509,0.254667663955,0.658291452301
d89b5f21368772b5,NaOH,A,13.3735124902,0.74503666211,0.490612263478,0.254424398632,0.658507545237
71972e9518fc15a8,NaOH,A,10.6988099922,0.744247382764,0.490618891858,0.253628490907,0.659214803061
814876cb13bd45ba,NaOH,A,22.7457112328,0.742118481587,0.484240671056,0.257877810532,0.6525112675
23d143f7f4bf8d82,NaOH,A,11.3728556164,0.741435054468,0.484252340669,0.257182713799,0.653128467222
8fe85587764eb8d3,NaOH,A,7.58190374428,0.737129133691,0.484284303255,0.252844830436,0.656987061182
0200fb51bc9ef095,NaOH,A,5.68642780821,0.728400249295,0.484134478918,0.244265770377,0.664654466259
dca6194ebfbdac78,NaOH,A,4.54914224657,0.716505594808,0.483487901759,0.233017693049,0.67478594063
b6d282bee94bce96,NaOH,A,22.7457112328,0.433995266716,0.367990533432,0.0660047332842,0.847913702415
17a8d9bb4a68f98a,NaOH,A,11.3728556164,0.433995258993,0.367990528432,0.0660047305609,0.847913705984
aeb4c206d161ca08,NaOH,A,7.58190374428,0.433992704069,0.367988874403,0.0660038296663,0.847914886478
fc28d815bd9ea3b3,NaOH,A,5.68642780821,0.433948583026,0.367960309653,0.0659882733732,0.847935271702
891b6e5db0e69db4,NaOH,A,4.54914224657,0.433728850426,0.367818014818,0.0659108356086,0.848036773335
4ec84326577a703f,NaOH,A,22.7457112328,0.30374512778,0.274156922226,0.0295882055537,0.902588707282
aa6fe838c60c7cb1,NaOH,A,11.3728556164,0.30374512778,0.274156922226,0.0295882055536,0.902588707283
c52b6bf0d56ac50e,NaOH,A,7.58190374428,0.303745126736,0.274156921406,0.0295882053309,0.902588707681
8f00aa00f3ce6932,NaOH,A,5.68642780821,0.303745000402,0.274156822051,0.0295881783513,0.902588755989
f8bc4f086cee712c,NaOH,A,4.54914224657,0.303742852196,0.274155132606,0.0295877195909,0.902589577411
6bda421936e5dd10,NaOH,A,22.7457112328,0.233282944168,0.216565888336,0.0167170558318,0.928339999774
ae9e5b8eef701cb3,NaOH,A,11.3728556164,0.233282944168,0.216565888336,0.0167170558318,0.928339999774
251baf3feed29bd9,NaOH,A,7.58190374428,0.233282944168,0.216565888336,0.0167170558317,0.928339999774
b65434ca4b781b9c,NaOH,A,5.68642780821,0.233282943815,0.216565888037,0.0167170557777,0.928339999898
dca1f00d256f5805,NaOH,A,4.54914224657,0.233282924447,0.216565871636,0.0167170528107,0.928340006667
6fc5b5fd21d60c3f,NaOH,A,22.7457112328,0.189272256317,0.178544512633,0.0107277436833,0.943321097915
71b328c4c386c645,NaOH,A,11.3728556164,0.189272256317,0.178544512633,0.0107277436833,0.943321097915
092b493bb316e968,NaOH,A,7.58190374428,0.189272256317,0.178544512634,0.0107277436833,0.943321097915
6c02d22489616d7b,NaOH,A,5.68642780821,0.189272256316,0.178544512633,0.0107277436831,0.943321097915
d4a847094dd97cce,NaOH,A,4.54914224657,0.189272256141,0.178544512479,0.0107277436623,0.943321097973
3873652570476579,NaOH,A,45.4914224657,0.997792660185,0.0744105014648,0.92338215872,0.0745751140833
95772e1defbf51b2,NaOH,A,22.7457112328,0.992484880999,0.137563548112,0.854921332886,0.138605182554
0fcaa753f3ef5f87,NaOH,A,15.1638074886,0.984973170397,0.191392408107,0.79358076229,0.194312306019
4d9140668fba3a95,NaOH,A,11.3728556164,0.975823915904,0.237371138579,0.738452777324,0.243252019868
373bdb35a5cde600,NaOH,A,9.09828449314,0.965453246303,0.276697084191,0.688756162112,0.286598118811
8d9977ef067d74e5,NaOH,A,45.4914224657,0.742120318612,0.48424063725,0.257879681362,0.652509606739
8f488cf8c574041d,NaOH,A,22.7457112328,0.742118481598,0.484240671075,0.257877810522,0.652511267517
e0ae90b19d7593c9,NaOH,A,15.1638074886,0.742025224566,0.484242370905,0.257782853661,0.652595565317
5c973915c60c44e6,NaOH,A,11.3728556164,0.741435054478,0.48425234069,0.257182713789,0.65312846724
4f164169907af027,NaOH,A,9.09828449314,0.739871266994,0.48427220937,0.255599057624,0.654535769902
96db33401be1be00,NaOH,A,45.4914224657,0.550286192753,0.43390571884,0.116380473913,0.788509187681
098eca10d4bc4b8f,NaOH,A,22.7457112328,0.550286192732,0.43390571883,0.116380473902,0.788509187693
252348addda9c1f9,NaOH,A,15.1638074886,0.550286141773,0.433905694537,0.116380447236,0.788509216567
9120fbe9c781a155,NaOH,A,11.3728556164,0.550283685606,0.433904523647,0.116379161959,0.788510608249
c2ae6513bad935d5,NaOH,A,9.09828449314,0.550260235404,0.43389334407,0.116366891335,0.788523894973
35a0c76a599c8cc2,NaOH,A,45.4914224657,0.433995266704,0.367990533408,0.0660047332962,0.847913702383
fc1184d5d4c3f9f2,NaOH,A,22.7457112328,0.433995266704,0.367990533408,0.0660047332963,0.847913702383
2d2adc193614be7f,NaOH,A,15.1638074886,0.43399526668,0.367990533392,0.066004733288,0.847913702394
2e43d0c97668b2ea,NaOH,A,11.3728556164,0.433995258981,0.367990528408,0.066004730573,0.847913705951
0b858e7d6bfe8ab1,NaOH,A,9.09828449314,0.433995015326,0.367990370669,0.0660046446574,0.847913818531
391fa1d6050d7b22,NaOH,A,45.4914224657,0.35754071265,0.3150814253,0.0424592873502,0.881246286512
64fbb3b19515edfe,NaOH,A,22.7457112328,0.35754071265,0.3150814253,0.0424592873502,0.881246286512
2c43c5b11052d7ed,NaOH,A,15.1638074886,0.35754071265,0.3150814253,0.0424592873502,0.881246286512
5e194f859b30cbf4,NaOH,A,11.3728556164,0.357540712626,0.315081425282,0.042459287344,0.881246286522
6dcbbef0c27c8835,NaOH,A,9.09828449314,0.357540710281,0.315081423561,0.04245928672,0.881246287488
dca85fc78f7c09ad,NaOH,A,68.2371336985,0.999999999984,3.07693277528e-06,0.999996923051,3.07693277533e-06
741af830dd92e51e,NaOH,A,34.1185668493,0.999998582523,0.0014676222002,0.998530960323,0.00146762428052
4435acc18560faab,NaOH,A,22.7457112328,0.999936031466,0.0114700307993,0.988466000666,0.0114707645673
51814af9f829df64,NaOH,A,17.0592834246,0.99955741173,0.0321779883142,0.967379423416,0.0321922362203
e6abed0f8769abae,NaOH,A,13.6474267397,0.998545196696,0.0600199717565,0.93852522494,0.0601074162242
9b74dfca473f3746,NaOH,A,68.2371336985,0.930935654771,0.361873517024,0.569062137747,0.388720224829
c7a0d7477620964f,NaOH,A,34.1185668493,0.930695518976,0.362315016719,0.568380502257,0.38929489756
b97afebfbc0b156d,NaOH,A,22.7457112328,0.929105379481,0.365200281513,0.563905097968,0.393066588116
7ab201487015ccba,NaOH,A,17.0592834246,0.925750557199,0.371076936227,0.554673620971,0.400839009322
e24cc49e5c265cbf,NaOH,A,13.6474267397,0.920991899743,0.378952986142,0.542038913601,0.411461801399
dad909f38a762954,NaOH,A,68.2371336985,0.742120318605,0.484240637209,0.257879681395,0.65250960669
015efe906ba4dba5,NaOH,A,34.1185668493,0.74212031367,0.4842406373,0.25787967637,0.652509611151
7bc830a93bbb88da,NaOH,A,22.7457112328,0.742118481577,0.484240671035,0.257877810542,0.652511267481
abb984b897a8e510,NaOH,A,17.0592834246,0.742084870091,0.484241287603,0.257843582489,0.65254165274
3044beb253054e59,NaOH,A,13.6474267397,0.741910867911,0.48424440889,0.257666459021,0.652698902031
42b4845b098a8477,NaOH,A,68.2371336985,0.603290186497,0.456580372994,0.146709813503,0.756817172256
c87909d219fecfc6,NaOH,A,34.1185668493,0.603290186497,0.456580372994,0.146709813503,0.756817172256
7c32052da03b35d1,NaOH,A,22.7457112328,0.603290185534,0.456580372632,0.146709812901,0.756817172864
8f8f5d33a5d4ed85,NaOH,A,17.0592834246,0.603290058985,0.456580325076,0.14670973391,0.756817252788
e33a0f1ab6032b3b,NaOH,A,13.6474267397,0.603287795669,0.456579474522,0.146708321147,0.756818682227
25af14f008e9e32f,NaOH,A,68.2371336985,0.505425253519,0.410850507038,0.0945747464812,0.812880844748
8bc3d468710e1fa7,NaOH,A,34.1185668493,0.505425253519,0.410850507038,0.0945747464812,0.812880844748
5259db2dd9dd55e5,NaOH,A,22.7457112328,0.505425253518,0.410850507037,0.094574746481,0.812880844749
eedf5ed0d0865fd4,NaOH,A,17.0592834246,0.505425253109,0.410850506813,0.0945747462968,0.812880844962
843b5353724cfac3,NaOH,A,13.6474267397,0.505425229321,0.410850493742,0.0945747355793,0.81288085736
f326cb563822ac11,NaOH,A,90.9828449314,1,2.19881280665e-11,0.999999999978,2.19881280665e-11
15ee1b870b02fdbc,NaOH,A,45.4914224657,0.999999999965,4.67264702652e-06,0.999995327318,4.67264702669e-06
d1bfff7c1cd31863,NaOH,A,30.3276149771,0.999999931036,0.000285264993356,0.999714666043,0.000285265013029
620d81113ef27785,NaOH,A,22.7457112328,0.999996939528,0.00222597694229,0.997770962585,0.00222598375485
103cd36de5d34407,NaOH,A,18.1965689863,0.999970091174,0.00762166949474,0.992348421679,0.00762189745675
7057d3b84ecec0a2,NaOH,A,90.9828449314,0.999369896104,0.0387673485073,0.960602547596,0.0387917913662
59e733fcc221a1dd,NaOH,A,45.4914224657,0.997792660179,0.0744105014675,0.923382158712,0.0745751140864
a3b0850d60fc9783,NaOH,A,30.3276149771,0.995458148605,0.107258396154,0.888199752451,0.107747770516
74888c3fa1a38816,NaOH,A,22.7457112328,0.992484880992,0.137563548108,0.854921332884,0.13860518255
a78bd10be1901014,NaOH,A,18.1965689863,0.988964673151,0.165543815135,0.823420858016,0.167391029861
56b8934407934a1b,NaOH,A,90.9828449314,0.881034595274,0.428735857233,0.452298738041,0.486627721014
1b2f7bc4f73403f9,NaOH,A,45.4914224657,0.881033636814,0.428736772143,0.452296864671,0.486629288858
e463ed550c187b37,NaOH,A,30.3276149771,0.880982380547,0.428785683234,0.452196697313,0.486713120151
168383d6df627ce0,NaOH,A,22.7457112328,0.880648449377,0.429103560367,0.45154488901,0.487258633875
9facfb324aa734e6,NaOH,A,18.1965689863,0.879746195584,0.429955749101,0.449790446483,0.488727034296
1125d16a15003be3,NaOH,A,90.9828449314,0.742120318601,0.484240637202,0.257879681399,0.652509606683
41ab99fac63feb92,NaOH,A,45.4914224657,0.742120318588,0.484240637202,0.257879681385,0.652509606695
854f04c69c6d2766,NaOH,A,30.3276149771,0.742120283104,0.484240637856,0.257879645248,0.652509638775
5b381c294024dfc7,NaOH,A,22.7457112328,0.742118481574,0.484240671028,0.257877810546,0.652511267474
df955eb90d48d3d7,NaOH,A,18.1965689863,0.74210070804,0.484240997615,0.257859710426,0.652527335398
ae16532c3ea04e80,NaOH,A,90.9828449314,0.633466719379,0.466933438757,0.166533280621,0.737108082355
b6feb457e79f3da7,NaOH,A,45.4914224657,0.633466719379,0.466933438757,0.166533280621,0.737108082355
5f199a8bfdd1e3e6,NaOH,A,30.3276149771,0.63346671936,0.466933438751,0.166533280609,0.737108082368
e34a4340c89b4e91,NaOH,A,22.7457112328,0.63346671291,0.466933436758,0.166533276152,0.737108086726
89050fef5830c2a1,NaOH,A,18.1965689863,0.633466499891,0.466933370916,0.166533128975,0.737108230659
6273fd9df28c10b1,NaOH,A,113.728556164,1,-5.95448280287e-14,1,-5.95448280287e-14
7f815469a839c6dd,NaOH,A,56.8642780821,1,1.18219147309e-08,0.999999988178,1.18219147309e-08
6c85e981c22404f5,NaOH,A,37.9095187214,0.99999999995,5.6422410549e-06,0.999994357709,5.64224105518e-06
d3dbe2921692e2b9,NaOH,A,28.4321390411,0.999999985333,0.000123239186169,0.999876746147,0.000123239187977
4be0871b978f2f6d,NaOH,A,22.7457112328,0.999999555102,0.000783519323822,0.999216035778,0.000783519672408
b8bde92ba702fa35,NaOH,A,113.728556164,0.999999999994,1.82283593679e-06,0.999998177158,1.8228359368e-06
b9b36019634f1702,NaOH,A,56.8642780821,0.999999459871,0.000870334300542,0.99912912557,0.000870334770635
cc19f01e6b2f45f8,NaOH,A,37.9095187214,0.999975540232,0.00683918886057,0.993136351371,0.00683935614964
5917f8964ad25b8c,NaOH,A,28.4321390411,0.999829512099,0.019384383342,0.980445128757,0.0193876887083
d718cc48477a96ab,NaOH,A,22.7457112328,0.999433754432,0.0366464974365,0.962787256995,0.03666726011
7a77a879bc5bedd6,NaOH,A,113.728556164,0.967746823695,0.268828485316,0.698918338379,0.277788031677
1e853c074b3d1578,NaOH,A,56.8642780821,0.967628260689,0.26924531565,0.698382945038,0.278252844185
0dc7ad7097899674,NaOH,A,37.9095187214,0.966829895885,0.272022937832,0.694806958053,0.281355530057
f62ca394bbf8805b,NaOH,A,28.4321390411,0.965123602973,0.27779541412,0.687328188853,0.287834027957
9457dc583e0878b4,NaOH,A,22.7457112328,0.962672190859,0.285723944739,0.67694824612,0.296802948555
936a3c185051d0c7,NaOH,A,113.728556164,0.851203215565,0.45240643113,0.398796784435,0.531490509972
e726a73516054746,NaOH,A,56.8642780821,0.851203212593,0.45240643306,0.398796779533,0.531490514094
965f8ab3ba6fdd60,NaOH,A,37.9095187214,0.851202043709,0.452407191642,0.398794852068,0.531492135134
76c0e67a16b90763,NaOH,A,28.4321390411,0.851179945042,0.45242153099,0.398758414052,0.531522780377
f969279c2addc1e2,NaOH,A,22.7457112328,0.851063323525,0.452497133708,0.398566189817,0.531684448383
9a9bd316b6507d0c,NaOH,A,113.728556164,0.742120318599,0.484240637199,0.257879681401,0.65250960668
da535b5c7b2ddc36,NaOH,A,56.8642780821,0.742120318599,0.484240637199,0.2578796814,0.652509606681
7af6fe5bf757a5f4,NaOH,A,37.9095187214,0.742120317914,0.484240637212,0.257879680702,0.652509607301
c2426fc67f41f240,NaOH,A,28.4321390411,0.742120223392,0.484240638952,0.257879584439,0.652509692755
4c5f068224c19a86,NaOH,A,22.7457112328,0.742118481572,0.484240671025,0.257877810548,0.652511267471
8e5f0825441ede97,NaOH,A,44.9520761566,0.739237549867,0.478475099758,0.260762450108,0.64725486394
8116b980bdd388fc,NaOH,A,22.4760380783,0.739235754903,0.478475144774,0.260760610129,0.647256496457
8b24c8cdfa481e16,NaOH,A,14.9840253855,0.739143715704,0.478477436285,0.260666279419,0.647340193956
e752697ac3b16590,NaOH,A,11.2380190392,0.738558055668,0.478491249164,0.260066806504,0.647872222762
931b932c0c9978ad,NaOH,A,8.99041523132,0.737001003369,0.478521540093,0.258479463276,0.649282074116
486b1a06bfc511be,NaOH,A,44.9520761566,0.432690154984,0.365380309969,0.0673098450155,0.844438695357
9000a0927ac8c85f,NaOH,A,22.4760380783,0.432690154985,0.365380309969,0.0673098450155,0.844438695357
9b5e60b861c36d97,NaOH,A,14.9840253855,0.432690154959,0.365380309952,0.0673098450062,0.844438695369
459468ddf581cebc,NaOH,A,11.2380190392,0.43269014665,0.365380304633,0.0673098420168,0.844438699291
50d547df2e95d7d2,NaOH,A,8.99041523132,0.432689887755,0.365380138891,0.0673097488647,0.844438821499
211a5ad5f19a1c35,NaOH,A,44.9520761566,0.303064401096,0.272795468859,0.0302689322371,0.900123762053
62c5ff5290128e5f,NaOH,A,22.4760380783,0.303064401096,0.272795468859,0.0302689322371,0.900123762053
78c918d6a14a0083,NaOH,A,14.9840253855,0.303064401096,0.272795468859,0.0302689322371,0.900123762053
7b3f21ef98fc9bc8,NaOH,A,11.2380190392,0.303064401096,0.272795468859,0.0302689322371,0.900123762053
3ba17e27da6a9f6f,NaOH,A,8.99041523132,0.30306440107,0.272795468839,0.0302689322314,0.900123762063
77e7f2716843a7b5,NaOH,A,44.9520761566,0.232870109836,0.215740219673,0.0171298901636,0.926440150797
db96bc7926e67371,NaOH,A,22.4760380783,0.232870109836,0.215740219673,0.0171298901636,0.926440150797
36ba09c320028a85,NaOH,A,14.9840253855,0.232870109836,0.215740219673,0.0171298901636,0.926440150797
25207a275d88b584,NaOH,A,11.2380190392,0.232870109836,0.215740219673,0.0171298901636,0.926440150797
a7c2eafa802b2e0c,NaOH,A,8.99041523132,0.232870109836,0.215740219673,0.0171298901636,0.926440150797
24142d9af1ef996d,NaOH,A,44.9520761566,0.188996208273,0.177992416546,0.011003791727,0.941777711693
8aebfe6a5672be37,NaOH,A,22.4760380783,0.188996208273,0.177992416546,0.011003791727,0.941777711693
c7663f64e48ab58f,NaOH,A,14.9840253855,0.188996208273,0.177992416546,0.011003791727,0.941777711693
ea3628919b97d9c8,NaOH,A,11.2380190392,0.188996208273,0.177992416546,0.011003791727,0.941777711693
b1e63945738abd67,NaOH,A,8.99041523132,0.188996208273,0.177992416546,0.011003791727,0.941777711693
cb502c4cace05180,NaOH,A,89.9041523132,0.999283538692,0.0380370454419,0.96124649325,0.0380643170523
89126d35fa52b86e,NaOH,A,44.9520761566,0.997566815482,0.0730092924463,0.924557523035,0.0731873708239
2b3f9214d63446af,NaOH,A,29.9680507711,0.995076098117,0.105260677743,0.889815420374,0.105781535645
903637272c914ae4,NaOH,A,22.4760380783,0.991941517412,0.13503975479,0.856901762622,0.13613681091
97c0a762ede539b1,NaOH,A,17.9808304626,0.988260390125,0.162557630739,0.825702759386,0.164488663477
0f5991c6584631c2,NaOH,A,89.9041523132,0.739237549855,0.47847509971,0.260762450145,0.647254863885
ddf48f123b38315d,NaOH,A,44.9520761566,0.739237549842,0.47847509971,0.260762450132,0.647254863897
cc9d6a7d871cc0ad,NaOH,A,29.9680507711,0.73923751551,0.478475100572,0.260762414938,0.647254895122
8b89149627cdbe91,NaOH,A,22.4760380783,0.73923575488,0.478475144726,0.260760610153,0.647256496413
9f55e451b2e4b548,NaOH,A,17.9808304626,0.739218274924,0.478475582453,0.260742692471,0.647272393938
8138c8437b40326c,NaOH,A,89.9041523132,0.548339623032,0.430012579397,0.118327043635,0.784208474703
5c51f95301e3e094,NaOH,A,44.9520761566,0.548339623032,0.430012579397,0.118327043635,0.784208474703
4bd85b3d99cd0c72,NaOH,A,29.9680507711,0.548339623032,0.430012579397,0.118327043635,0.784208474703
e8c703ec038da837,NaOH,A,22.4760380783,0.548339623009,0.430012579386,0.118327043623,0.784208474716
c0db2a5d3f7d11f9,NaOH,A,17.9808304626,0.548339620682,0.430012578297,0.118327042385,0.784208476057
32ab2dc52286d818,NaOH,A,89.9041523132,0.432690154971,0.365380309942,0.0673098450288,0.844438695322
874ceaa27141ecd5,NaOH,A,44.9520761566,0.432690154971,0.365380309942,0.0673098450288,0.844438695322
fc482521c8aab883,NaOH,A,29.9680507711,0.432690154971,0.365380309942,0.0673098450288,0.844438695322
074783fe34294ecc,NaOH,A,22.4760380783,0.432690154971,0.365380309943,0.0673098450288,0.844438695322
57a8e96bb4d0df32,NaOH,A,17.9808304626,0.432690154971,0.365380309942,0.0673098450287,0.844438695322
52b0e019cb4f67ca,NaOH,A,89.9041523132,0.356619750803,0.313239501606,0.0433802491972,0.878357132213
562845364b11bc4f,NaOH,A,44.9520761566,0.356619750803,0.313239501606,0.0433802491972,0.878357132213
69369588e255dfe2,NaOH,A,29.9680507711,0.356619750803,0.313239501606,0.0433802491972,0.878357132213
be50c50ef152bf92,NaOH,A,22.4760380783,0.356619750803,0.313239501606,0.0433802491972,0.878357132213
bb75d946944ef6e1,NaOH,A,17.9808304626,0.356619750803,0.313239501606,0.0433802491972,0.878357132213
dbb572992794d93e,NaOH,A,134.85622847,1,9.02586263067e-12,0.999999999991,9.02586263067e-12
f4047d825a83c8e9,NaOH,A,67.4281142349,0.999999999978,2.52210664753e-06,0.999997477871,2.52210664759e-06
a0aaf745f6bf5043,NaOH,A,44.9520761566,0.999999960451,0.000165703041082,0.99983425741,0.000165703047636
d86a8d8df6d3c873,NaOH,A,33.7140571175,0.999998321514,0.00134186491894,0.998656456595,0.00134186717125
65d1085095ad2934,NaOH,A,26.971245694,0.999984016641,0.00470317938402,0.995280837257,0.00470325455782
8677275df3e1ad6e,NaOH,A,134.85622847,0.928500716155,0.357001432319,0.571499283836,0.384492360757
a46e05faee06e153,NaOH,A,67.4281142349,0.928500188968,0.35700237567,0.571497813297,0.38449359506
45767e19eae284bf,NaOH,A,44.9520761566,0.928470149748,0.357056116546,0.571414033202,0.38456391586
05af3fb0d068e66e,NaOH,A,33.7140571175,0.928267503416,0.35741806653,0.570849436886,0.385037788369
abfc96407b218eed,NaOH,A,26.971245694,0.927707714731,0.358412610273,0.569295104458,0.386342168532
fc93eba0f5d9a4c5,NaOH,A,134.85622847,0.73923754987,0.47847509974,0.26076245013,0.647254863912
6de753526141d481,NaOH,A,67.4281142349,0.73923754987,0.47847509974,0.26076245013,0.647254863912
7efe24c90373d9f0,NaOH,A,44.9520761566,0.739237549857,0.47847509974,0.260762450117,0.647254863924
2b005f801b62866e,NaOH,A,33.7140571175,0.739237545119,0.478475099859,0.26076244526,0.647254868233
c9f84fa05b570be6,NaOH,A,26.971245694,0.739237382706,0.478475103933,0.260762278773,0.647255015948
14b2cd48c58c6b8c,NaOH,A,134.85622847,0.601049778997,0.452099557993,0.148950221003,0.752183219746
afb0c22a99e3c0fd,NaOH,A,67.4281142349,0.601049778997,0.452099557993,0.148950221003,0.752183219746
31f2551281ef8b96,NaOH,A,44.9520761566,0.601049778997,0.452099557993,0.148950221003,0.752183219746
002628c6ff17943a,NaOH,A,33.7140571175,0.601049778997,0.452099557993,0.148950221003,0.752183219746
1dedfa6ccd12f608,NaOH,A,26.971245694,0.601049778977,0.452099557986,0.148950220991,0.752183219759
91a424d09b9ceb1a,NaOH,A,134.85622847,0.503730221936,0.407460443872,0.096269778064,0.808886237371
f17a97ad20c678ab,NaOH,A,67.4281142349,0.503730221936,0.407460443872,0.096269778064,0.808886237371
4d78bbb6d767167f,NaOH,A,44.9520761566,0.503730221936,0.407460443872,0.096269778064,0.808886237371
15a0e12163d5d24f,NaOH,A,33.7140571175,0.503730221936,0.407460443872,0.096269778064,0.808886237371
611d644779756ead,NaOH,A,26.971245694,0.503730221936,0.407460443872,0.096269778064,0.808886237371
0601830a9b92e3ac,NaOH,A,179.808304626,1,-3.74295636959e-15,1,-3.74295636959e-15
09213eea3e0e9c8c,NaOH,A,89.9041523132,1,1.32749001663e-11,0.999999999987,1.32749001663e-11
3a87749e45e32219,NaOH,A,59.9361015422,1,5.85597739651e-08,0.99999994144,5.85597739651e-08
8c72df38a1321234,NaOH,A,44.9520761566,0.999999999953,3.8485986152e-06,0.999996151354,3.84859861538e-06
aa5dbc074e68fcfa,NaOH,A,35.9616609253,0.999999995792,4.74100280509e-05,0.999952585764,4.74100282504e-05
6f01c36d8d614a4a,NaOH,A,179.808304626,0.999791405458,0.0194331400533,0.980358265405,0.019437194546
34db9ee780e1a5f1,NaOH,A,89.9041523132,0.999283538688,0.0380370454485,0.96124649324,0.038064317059
7fd661a536c6c51c,NaOH,A,59.9361015422,0.998532152216,0.0558809963039,0.942651155912,0.0559631416774
27b82ddf44d9561d,NaOH,A,44.9520761566,0.997566815474,0.0730092924515,0.924557523023,0.0731873708297
00c097fe446dc3dd,NaOH,A,35.9616609253,0.996409030354,0.0894584377709,0.906950592583,0.0897808380351
4560fefd1b537468,NaOH,A,179.808304626,0.878151234572,0.42296913581,0.455182098761,0.481658647347
327c1e6eaa78be0e,NaOH,A,89.9041523132,0.878151234567,0.422969135815,0.455182098752,0.481658647356
d65c935a2c8ac935,NaOH,A,59.9361015422,0.878151218556,0.422969150853,0.455182067703,0.481658673262
65d7ca632f789585,NaOH,A,44.9520761566,0.878150338166,0.422969977748,0.455180360417,0.481660097782
6f44b05c35f32a2d,NaOH,A,35.9616609253,0.878141204517,0.422978555877,0.45516264864,0.481674876092
f0f3ccc5ec90a2c4,NaOH,A,179.808304626,0.739237549866,0.478475099733,0.260762450134,0.647254863906
d89207f49c3c6912,NaOH,A,89.9041523132,0.739237549866,0.478475099733,0.260762450134,0.647254863906
bf1888c634a0bd76,NaOH,A,59.9361015422,0.739237549867,0.478475099733,0.260762450134,0.647254863906
d4cbe96ca0a2ab2b,NaOH,A,44.9520761566,0.739237549854,0.478475099733,0.260762450121,0.647254863917
a4ef6adf99560e79,NaOH,A,35.9616609253,0.739237548417,0.478475099769,0.260762448647,0.647254865225
51a53c283af29bf9,NaOH,A,179.808304626,0.631065331685,0.462130663369,0.168934668315,0.732302410173
852cd179cc17fdb6,NaOH,A,89.9041523132,0.631065331685,0.462130663369,0.168934668315,0.732302410173
1b526d71abc7f859,NaOH,A,59.9361015422,0.631065331685,0.462130663369,0.168934668315,0.732302410173
3a666dba7435558d,NaOH,A,44.9520761566,0.631065331685,0.462130663369,0.168934668315,0.732302410173
b2f5544d4c0b022e,NaOH,A,35.9616609253,0.631065331684,0.462130663369,0.168934668315,0.732302410173
954f658abffe4a0a,NaOH,A,224.760380783,1,-3.48862099608e-16,1,-3.48862099608e-16
584df81e83748f03,NaOH,A,112.380190392,1,7.4975185346e-14,1,7.4975185346e-14
223ce47aba8f5f81,NaOH,A,74.9201269277,1,1.59804928043e-11,0.999999999984,1.59804928043e-11
392e6bcba7ec311c,NaOH,A,56.1900951958,1,8.74326803179e-09,0.999999991257,8.74326803179e-09
059cdcce970dd149,NaOH,A,44.9520761566,0.999999999999,3.78114592914e-07,0.999999621885,3.78114592915e-07
30649e0fd68d3a97,NaOH,A,224.760380783,1,5.22870215415e-12,0.999999999995,5.22870215415e-12
6d500f89aa51d9f9,NaOH,A,112.380190392,0.999999999991,1.48663922899e-06,0.999998513352,1.486639229e-06
4357f94e8b9397b1,NaOH,A,74.9201269277,0.999999984645,9.76925698712e-05,0.999902292076,9.76925713712e-05
a172926e004a4d26,NaOH,A,56.1900951958,0.999999348092,0.00079190158299,0.999207446509,0.000791902099237
6243d8d4bffba6ba,NaOH,A,44.9520761566,0.999993785452,0.00278186935212,0.9972119161,0.00278188664028
b633bdf20431c361,NaOH,A,224.760380783,0.966048202446,0.26542973823,0.700618464215,0.274758275579
a913f8d8eb392fc9,NaOH,A,112.380190392,0.966047956237,0.265430567331,0.700617388907,0.274759203844
98fc51dc6a26abca,NaOH,A,74.9201269277,0.96603340147,0.26547957226,0.70055382921,0.274814071497
fbc35fcbae8f33f0,NaOH,A,56.1900951958,0.96593320321,0.265816512897,0.700116690313,0.275191402483
44833dd84087e1b0,NaOH,A,44.9520761566,0.965652758147,0.266755696868,0.698897061278,0.276243913371
6cf0301136782d65,NaOH,A,224.760380783,0.84821115106,0.446422302121,0.40178884894,0.526310343318
7012754bc48214fe,NaOH,A,112.380190392,0.84821115106,0.446422302121,0.40178884894,0.526310343318
a70b350c7922c787,NaOH,A,74.9201269277,0.848211151054,0.446422302125,0.401788848929,0.526310343327
89981c8ae45bd99d,NaOH,A,56.1900951958,0.848211148346,0.446422303866,0.40178884448,0.52631034706
073073502fe83ed9,NaOH,A,44.9520761566,0.848211051053,0.44642236643,0.401788684623,0.52631048119
1bc870530bde9525,NaOH,A,224.760380783,0.739237549863,0.478475099726,0.260762450137,0.6472548639
39e5a616aa6d7993,NaOH,A,112.380190392,0.739237549863,0.478475099726,0.260762450137,0.6472548639
be4ed962c20c6543,NaOH,A,74.9201269277,0.739237549863,0.478475099726,0.260762450137,0.6472548639
e77946e076ae2f6d,NaOH,A,56.1900951958,0.739237549863,0.478475099726,0.260762450137,0.6472548639
701bd55b49c6a1a6,NaOH,A,44.9520761566,0.739237549851,0.478475099727,0.260762450124,0.647254863911
57569aaa423dfd91,NaOH,A,83.421727176,0.736616001551,0.473232003103,0.263383998449,0.642440568907
05091061492776d9,NaOH,A,41.710863588,0.736616001498,0.473232003104,0.263383998394,0.642440568955
47834573f79469f8,NaOH,A,27.807242392,0.736615912311,0.473232005879,0.263383906432,0.642440650507
26a103b1ccf62e70,NaOH,A,20.855431794,0.736612322898,0.473232117515,0.263380205383,0.642443932587
a7b619b19c0678d8,NaOH,A,16.6843454352,0.736581740664,0.473233066655,0.263348674008,0.642471894876
c8c05ea76efc6644,NaOH,A,83.421727176,0.431492642611,0.362985285223,0.0685073573886,0.841231690594
5a05b4a8ca6e410b,NaOH,A,41.710863588,0.431492642611,0.362985285223,0.0685073573886,0.841231690594
152ea29a732862f6,NaOH,A,27.807242392,0.431492642611,0.362985285223,0.0685073573886,0.841231690594
9c6bf5b634b91e2e,NaOH,A,20.855431794,0.431492642612,0.362985285223,0.0685073573886,0.841231690594
1891bbb6107dacb8,NaOH,A,16.6843454352,0.43149264261,0.362985285222,0.068507357388,0.841231690595
59f28b86334f61d2,NaOH,A,83.421727176,0.302436683119,0.271540032904,0.0308966502145,0.897840930221
35829337863e895c,NaOH,A,41.710863588,0.302436683119,0.271540032904,0.0308966502145,0.897840930221
13eac3ac02b7fef0,NaOH,A,27.807242392,0.302436683119,0.271540032904,0.0308966502145,0.897840930221
1eeb5e61801d15d2,NaOH,A,20.855431794,0.302436683119,0.271540032904,0.0308966502145,0.897840930221
94d13215ad76fb6b,NaOH,A,16.6843454352,0.302436683119,0.271540032904,0.0308966502145,0.897840930221
f4dcc4330e768459,NaOH,A,83.421727176,0.232488354575,0.214976709151,0.0175116454246,0.924677322197
87cbacd0e56f7888,NaOH,A,41.710863588,0.232488354575,0.214976709151,0.0175116454246,0.924677322197
1b8875e1f65cd317,NaOH,A,27.807242392,0.232488354575,0.214976709151,0.0175116454246,0.924677322197
c4f23d511fa1e688,NaOH,A,20.855431794,0.232488354575,0.214976709151,0.0175116454246,0.924677322197
c11d6dbe88002748,NaOH,A,16.6843454352,0.232488354575,0.214976709151,0.0175116454246,0.924677322197
a09b8e5c91410869,NaOH,A,83.421727176,0.188740486965,0.177480973931,0.0112595130346,0.940343944134
f84d916c7a1b7642,NaOH,A,41.710863588,0.188740486965,0.177480973931,0.0112595130346,0.940343944134
c31f543a6bdd46da,NaOH,A,27.807242392,0.188740486965,0.177480973931,0.0112595130346,0.940343944134
06a5808b0e55d75a,NaOH,A,20.855431794,0.188740486965,0.177480973931,0.0112595130346,0.940343944134
858cb7047a77ae40,NaOH,A,16.6843454352,0.188740486965,0.177480973931,0.0112595130346,0.940343944134
3de3b43756f33cde,NaOH,A,166.843454352,0.99973112605,0.0203324413985,0.979398684652,0.0203379097326
91fd6c710f689bbd,NaOH,A,83.421727176,0.999103515041,0.0397367042733,0.959366810768,0.0397723595954
d5488e7b1fccbc89,NaOH,A,55.614484784,0.998193972485,0.0583020442779,0.939891928208,0.0584075298839
fa7a6d1f569dd681,NaOH,A,41.710863588,0.997040973969,0.0760818340994,0.920959139869,0.076307630364
ffce7fc78505ecce,NaOH,A,33.3686908704,0.99567168792,0.0931189317428,0.902552756178,0.0935237316402
11b405d8ae7de27a,NaOH,A,166.843454352,0.736616001528,0.473232003057,0.263383998472,0.642440568865
6b7a6b62ff4777e8,NaOH,A,83.421727176,0.736616001528,0.473232003057,0.263383998472,0.642440568865
78a3ad84c2040809,NaOH,A,55.614484784,0.736616001528,0.473232003057,0.263383998472,0.642440568865
1a5efd857f067678,NaOH,A,41.710863588,0.736616001476,0.473232003058,0.263383998417,0.642440568913
3098a64d4c97f1bd,NaOH,A,33.3686908704,0.736615996973,0.473232003198,0.263383993775,0.64244057303
d2afa2d9bde6e8e4,NaOH,A,166.843454352,0.546560785039,0.42645490341,0.120105881628,0.780251556797
8341aad2b769e363,NaOH,A,83.421727176,0.546560785039,0.42645490341,0.120105881628,0.780251556797
cb60b117aa634cd4,NaOH,A,55.614484784,0.546560785039,0.42645490341,0.120105881628,0.780251556797
5f9cc42a00b7da72,NaOH,A,41.710863588,0.546560785039,0.42645490341,0.120105881628,0.780251556797
dd5a5889f2c2e437,NaOH,A,33.3686908704,0.546560785039,0.42645490341,0.120105881628,0.780251556797
9538891523a91357,NaOH,A,166.843454352,0.431492642597,0.362985285194,0.068507357403,0.841231690555
54c6cc96f10cb484,NaOH,A,83.421727176,0.431492642597,0.362985285194,0.068507357403,0.841231690555
de17e9c366b2b031,NaOH,A,55.614484784,0.431492642597,0.362985285194,0.068507357403,0.841231690555
e5e6b57c3375023b,NaOH,A,41.710863588,0.431492642597,0.362985285194,0.068507357403,0.841231690555
042f01764d069e03,NaOH,A,33.3686908704,0.431492642597,0.362985285194,0.068507357403,0.841231690555
a7965fd8a879b32a,NaOH,A,166.843454352,0.355772280127,0.311544560255,0.0442277198727,0.875685312366
7db160488f0cbadf,NaOH,A,83.421727176,0.355772280127,0.311544560255,0.0442277198727,0.875685312366
40c16ed3069a4bc7,NaOH,A,55.614484784,0.355772280127,0.311544560255,0.0442277198727,0.875685312366
954b5784b0aadaff,NaOH,A,41.710863588,0.355772280127,0.311544560255,0.0442277198727,0.875685312366
2eb15ab5371d6b63,NaOH,A,33.3686908704,0.355772280127,0.311544560255,0.0442277198727,0.875685312366
c43b819a5c70e46c,NaOH,A,250.265181528,1,-5.93903120896e-15,1,-5.93903120896e-15
8e7eb92c4dd6e5ed,NaOH,A,125.132590764,1,2.8916550967e-11,0.999999999971,2.8916550967e-11
5424a1ae2ec454b9,NaOH,A,83.421727176,1,8.58310261187e-08,0.999999914169,8.58310261187e-08
6c3bd5c527981a9b,NaOH,A,62.566295382,0.999999999885,4.63699446429e-06,0.999995362891,4.63699446482e-06
96bfaf6b6c048a0b,NaOH,A,50.0530363056,0.999999992557,5.07810650944e-05,0.999949211492,5.07810654724e-05
015b80d244c1361d,NaOH,A,250.265181528,0.926271614854,0.352543229708,0.573728385146,0.380604591628
4ad4d2d686fe32b6,NaOH,A,125.132590764,0.926271614844,0.352543229726,0.573728385117,0.380604591652
2a139f2ef5f45e42,NaOH,A,83.421727176,0.926271592318,0.352543269013,0.573728323305,0.380604643321
d2ff41684249a624,NaOH,A,62.566295382,0.926270568398,0.352545054802,0.573725513595,0.380606991985
7025beeeb2b5bc24,NaOH,A,50.0530363056,0.92626114684,0.352561485507,0.573699661333,0.380628602106
eb83fc2205569608,NaOH,A,250.265181528,0.736616001521,0.473232003043,0.263383998479,0.642440568852
03d18b8a53417b40,NaOH,A,125.132590764,0.736616001521,0.473232003043,0.263383998479,0.642440568852
91bbd4ab7037310e,NaOH,A,83.421727176,0.736616001521,0.473232003043,0.263383998479,0.642440568852
046b63f096037fbc,NaOH,A,62.566295382,0.736616001522,0.473232003043,0.263383998479,0.642440568852
d8068aa2cb54ef5d,NaOH,A,50.0530363056,0.736616001521,0.473232003043,0.263383998478,0.642440568853
e41ae219efb7d3fe,NaOH,A,250.265181528,0.599005817506,0.448011635011,0.150994182494,0.747925348834
a87dc9e0f6bc5458,NaOH,A,125.132590764,0.599005817506,0.448011635011,0.150994182494,0.747925348834
a3bfa2e22a48bf38,NaOH,A,83.421727176,0.599005817506,0.448011635011,0.150994182494,0.747925348834
7de69b1cd25753d5,NaOH,A,62.566295382,0.599005817506,0.448011635011,0.150994182494,0.747925348834
3e490053263f1035,NaOH,A,50.0530363056,0.599005817506,0.448011635011,0.150994182494,0.747925348834
eb0962ee367d8127,NaOH,A,250.265181528,0.502178904405,0.404357808809,0.0978210955953,0.805206680852
d2e33b579b6af7cc,NaOH,A,125.132590764,0.502178904405,0.404357808809,0.0978210955953,0.805206680852
42a7510e05357ead,NaOH,A,83.421727176,0.502178904405,0.404357808809,0.0978210955953,0.805206680852
d080f08184bf64f2,NaOH,A,62.566295382,0.502178904405,0.404357808809,0.0978210955953,0.805206680852
eca1cee5c30faf6a,NaOH,A,50.0530363056,0.502178904405,0.404357808809,0.0978210955953,0.805206680852
f9cf628a5f406183,NaOH,A,333.686908704,1,8.08746145328e-15,1,8.08746145328e-15
7fccaf352d03d5bf,NaOH,A,166.843454352,1,-5.5843932913e-15,1,-5.5843932913e-15
b791f228ad4b788c,NaOH,A,111.228969568,1,-3.31380484922e-13,1,-3.31380484922e-13
4dd087549017350c,NaOH,A,83.421727176,1,4.49261876277e-11,0.999999999955,4.49261876277e-11
7d54f2f1e860999c,NaOH,A,66.7373817408,1,5.40835949947e-09,0.999999994592,5.40835949947e-09
fb57be01b452e6df,NaOH,A,333.686908704,0.999919663296,0.0102920599838,0.989627603313,0.0102928868804
154e0a3a26d8c2e4,NaOH,A,166.843454352,0.999731126049,0.020332441401,0.979398684648,0.0203379097351
4ad3b59d9c93e74a,NaOH,A,111.228969568,0.999455741137,0.0301434892455,0.969312251892,0.0301599040405
c81b207ee27aef9c,NaOH,A,83.421727176,0.999103515036,0.0397367042861,0.959366810749,0.0397723596085
88f285a6912fa278,NaOH,A,66.7373817408,0.99868120448,0.0491205565296,0.94956064795,0.0491854220439
fae90cfb257c4159,NaOH,A,333.686908704,0.875525279635,0.417717225938,0.457808053698,0.477104700062
01fa85e7880f0529,NaOH,A,166.843454352,0.875525279635,0.417717225938,0.457808053698,0.477104700062
c312f7d7decee114,NaOH,A,111.228969568,0.875525279635,0.417717225938,0.457808053698,0.477104700062
92b9d9d31c964589,NaOH,A,83.421727176,0.875525279615,0.417717225956,0.457808053659,0.477104700095
9c3bd01ed693d8a5,NaOH,A,66.7373817408,0.875525277706,0.417717227724,0.457808049982,0.477104703154
01f0ff91b8313a0b,NaOH,A,333.686908704,0.736616001516,0.473232003033,0.263383998484,0.642440568842
157554ef1c3b00fc,NaOH,A,166.843454352,0.736616001516,0.473232003033,0.263383998484,0.642440568842
3a7d4544b4d8fdb9,NaOH,A,111.228969568,0.736616001516,0.473232003033,0.263383998484,0.642440568842
a6dc21891fff9cea,NaOH,A,83.421727176,0.736616001516,0.473232003033,0.263383998484,0.642440568842
543baff1840e5a1a,NaOH,A,66.7373817408,0.736616001516,0.473232003033,0.263383998484,0.642440568842
d0344dd70288cda1,NaOH,A,333.686908704,0.628876400344,0.457752800688,0.171123599656,0.727889932645
2b7fce82a23f0930,NaOH,A,166.843454352,0.628876400344,0.457752800688,0.171123599656,0.727889932645
3395bd2241a59b3e,NaOH,A,111.228969568,0.628876400344,0.457752800688,0.171123599656,0.727889932645
270944272b6efafb,NaOH,A,83.421727176,0.628876400344,0.457752800688,0.171123599656,0.727889932645
60e777e009aed680,NaOH,A,66.7373817408,0.628876400344,0.457752800688,0.171123599656,0.727889932645
cbea568aa7d2d06a,NaOH,A,417.10863588,1,-2.00203505415e-18,1,-2.00203505415e-18
bdeffd5ec664a87f,NaOH,A,208.55431794,1,-4.71690416472e-16,1,-4.71690416472e-16
4312a9b9a39c19f4,NaOH,A,139.03621196,1,-7.65562162392e-15,1,-7.65562162392e-15
c1b1bd01acc427ee,NaOH,A,104.27715897,1,-1.04281604069e-13,1,-1.04281604069e-13
33677a867b3267fd,NaOH,A,83.421727176,1,5.28687625525e-13,0.999999999999,5.28687625525e-13
4831deb4834029e5,NaOH,A,417.10863588,1,-2.30768981927e-15,1,-2.30768981927e-15
9137347907b76a49,NaOH,A,208.55431794,1,1.66528129593e-11,0.999999999983,1.66528129593e-11
8dd1eb421d71255a,NaOH,A,139.03621196,1,5.03512830069e-08,0.999999949649,5.03512830069e-08
44f54030373457f1,NaOH,A,104.27715897,0.999999999955,2.72025879094e-06,0.999997279696,2.72025879107e-06
1a2091eaa52d1852,NaOH,A,83.421727176,0.999999997061,2.97933148642e-05,0.999970203747,2.97933149518e-05
8de8996989d99f48,NaOH,A,417.10863588,0.964476657042,0.262286647417,0.702190009625,0.271947118162
2f2d5d9454c93223,NaOH,A,208.55431794,0.964476657037,0.26228664743,0.702190009607,0.271947118177
e2ad6699ab9c9651,NaOH,A,139.03621196,0.964476647009,0.262286679894,0.702189967116,0.271947154663
b19319e177bd5825,NaOH,A,104.27715897,0.964476171215,0.262288220143,0.702187951072,0.2719488858
2e94bbc35efaf043,NaOH,A,83.421727176,0.964471673151,0.262302780587,0.702168892564,0.271965250913
b6831f089c517576,NaOH,A,417.10863588,0.845489466654,0.440978933308,0.404510533346,0.521566442517
dfa803a398f354cf,NaOH,A,208.55431794,0.845489466654,0.440978933308,0.404510533346,0.521566442517
c5717050f9c9dfd3,NaOH,A,139.03621196,0.845489466654,0.440978933308,0.404510533346,0.521566442517
a5d91adf1d53cd51,NaOH,A,104.27715897,0.845489466654,0.440978933308,0.404510533346,0.521566442517
b50b962e8ee6d0ce,NaOH,A,83.421727176,0.845489466654,0.440978933308,0.404510533346,0.521566442517
2c92dabe7ec2a429,NaOH,A,417.10863588,0.736616001534,0.473232003069,0.263383998466,0.642440568876
ed88b3d680ec5c90,NaOH,A,208.55431794,0.736616001534,0.473232003069,0.263383998466,0.642440568876
56a191edb71fbb7b,NaOH,A,139.03621196,0.736616001534,0.473232003069,0.263383998466,0.642440568876
6b413b4939231832,NaOH,A,104.27715897,0.736616001534,0.473232003069,0.263383998466,0.642440568876
609538821eb2fbb4,NaOH,A,83.421727176,0.736616001534,0.473232003069,0.263383998466,0.642440568876
acae73eeb28cc0b2,NaOH,B,17.3331764878,0.760844659541,0.521823732839,0.239020926701,0.685847927427
8a7b655a579c2b44,NaOH,B,8.6665882439,0.756791521541,0.521683888758,0.235107632783,0.689336328313
eb4f061af9278090,NaOH,B,5.77772549594,0.74417430978,0.5208337892,0.22334052058,0.699881442231
930c5655259427a3,NaOH,B,4.33329412195,0.726055871146,0.518589915563,0.207465955583,0.714256211088
2ad20c3df8fdae5f,NaOH,B,3.46663529756,0.705460827386,0.514713141159,0.190747686227,0.729612646341
6242313ddc5f0494,NaOH,B,17.3331764878,0.442202381014,0.384404762032,0.0577976189821,0.86929600232
8685eb3f7f0ff994,NaOH,B,8.6665882439,0.442201476069,0.384404135409,0.0577973406592,0.869296364243
f0d76b4930b324b1,NaOH,B,5.77772549594,0.442141177462,0.384362380062,0.0577787974,0.86932047874
f2aba00bc33f1f70,NaOH,B,4.33329412195,0.441698766379,0.384055898076,0.0576428683027,0.869497330103
9823425c7405eb42,NaOH,B,3.46663529756,0.440416324763,0.383166261779,0.0572500629841,0.870009216813
13292ccea13322c6,NaOH,B,17.3331764878,0.307944104502,0.28255487567,0.0253892288315,0.917552476374
b0d5b2e19ece0848,NaOH,B,8.6665882439,0.307944104368,0.282554875561,0.0253892288071,0.917552476417
22cb7dacac966af1,NaOH,B,5.77772549594,0.307943944244,0.282554744613,0.0253891996305,0.917552528293
038d1df1a65e088f,NaOH,B,4.33329412195,0.307938551416,0.282550334411,0.0253882170051,0.917554275396
29737cbcf88af631,NaOH,B,3.46663529756,0.307897505106,0.282516766382,0.0253807387243,0.917567572639
fccdaa21fc388645,NaOH,B,17.3331764878,0.235802557133,0.221605114266,0.014197442867,0.939790971567
b931d133890fd5f9,NaOH,B,8.6665882439,0.235802557133,0.221605114266,0.014197442867,0.939790971567
2dc5e76cb53d9fd3,NaOH,B,5.77772549594,0.235802556717,0.221605113904,0.0141974428132,0.939790971689
f6f3a38107f2c51f,NaOH,B,4.33329412195,0.235802496269,0.221605061279,0.0141974349903,0.93979098943
bd3d89752e8cac6c,NaOH,B,3.46663529756,0.235801344339,0.221604058427,0.0141972859121,0.939791327518
074089fc55e2cd5c,NaOH,B,17.3331764878,0.190945858406,0.181891716813,0.00905414159356,0.952582676215
cc2b13fdb76eb5e0,NaOH,B,8.6665882439,0.190945858406,0.181891716813,0.00905414159356,0.952582676215
101fea6c2b7914c1,NaOH,B,5.77772549594,0.190945858405,0.181891716812,0.00905414159345,0.952582676215
fbd514a9a2343264,NaOH,B,4.33329412195,0.190945857727,0.181891716201,0.00905414152534,0.952582676403
02b141ea5ef72d24,NaOH,B,3.46663529756,0.190945826208,0.181891687845,0.00905413836292,0.952582685138
c186d939155112fe,NaOH,B,34.6663529756,0.997744345667,0.114917125558,0.882827220109,0.115176924888
e177ba795c93007e,NaOH,B,17.3331764878,0.990927117491,0.205067842617,0.785859274873,0.206945434228
ffe18d007b2a1f3e,NaOH,B,11.5554509919,0.980559554214,0.276052464959,0.704507089255,0.281525445112
bb5c405a0c205fb6,NaOH,B,8.6665882439,0.967642757591,0.332164872693,0.635477884898,0.343272214965
657c9dd70d7f0e19,NaOH,B,6.93327059512,0.952962446414,0.376627456359,0.576334990054,0.395217521715
c16b221911ec5187,NaOH,B,34.6663529756,0.760912735414,0.521825508456,0.239087226958,0.685788900842
eef6a32c76458e62,NaOH,B,17.3331764878,0.760844659499,0.521823732758,0.239020926741,0.685847927357
09ffac8611b75b14,NaOH,B,11.5554509919,0.759868683446,0.521796180011,0.238072503435,0.686692571202
a9219256e04ac8a7,NaOH,B,8.6665882439,0.756791521494,0.521683888683,0.235107632811,0.689336328257
b7c756a8f4f0170a,NaOH,B,6.93327059512,0.751418696219,0.52139712996,0.23002156626,0.693883626509
fd50f8e576809c50,NaOH,B,34.6663529756,0.562726969201,0.458787271734,0.103939697466,0.815292845101
c2c91b004c09c7fd,NaOH,B,17.3331764878,0.562726952677,0.458787262948,0.103939689729,0.815292853426
b9fab720a733a52b,NaOH,B,11.5554509919,0.562722658233,0.458784979344,0.103937678889,0.815295017237
ea0f2a17a23b5792,NaOH,B,8.6665882439,0.562657328049,0.458750235842,0.103907092207,0.815327932248
87ad9c8ca88c1b69,NaOH,B,6.93327059512,0.562357109038,0.458590486698,0.103766622339,0.815479131193
18ed35674f8f4351,NaOH,B,34.6663529756,0.442202381006,0.384404762013,0.0577976189936,0.869296002292
b3e7fe39845f689b,NaOH,B,17.3331764878,0.442202381004,0.384404762011,0.0577976189927,0.869296002293
d179b0a683608071,NaOH,B,11.5554509919,0.442202367625,0.384404752747,0.057797614878,0.869296007644
b019f1f9953e8add,NaOH,B,8.6665882439,0.442201476058,0.384404135388,0.0577973406698,0.869296364216
b1cebf81d8724cf7,NaOH,B,6.93327059512,0.442191038732,0.384396908077,0.0577941306557,0.86930053847
6f6456ecd3382862,NaOH,B,34.6663529756,0.363267422484,0.326534844969,0.0367325775155,0.898882819538
3e8c5b8cd05ebaa8,NaOH,B,17.3331764878,0.363267422485,0.326534844969,0.0367325775155,0.898882819538
6b90164747e7c8f1,NaOH,B,11.5554509919,0.363267422445,0.326534844939,0.0367325775066,0.898882819551
486929d4db562f6b,NaOH,B,8.6665882439,0.363267411411,0.32653483643,0.036732574981,0.898882823432
2f8f019fc78c6c39,NaOH,B,6.93327059512,0.363267093763,0.326534591482,0.0367325022813,0.898882935141
669f70408a1bfd6e,NaOH,B,51.9995294634,0.99999999718,0.000276076084089,0.999723921096,0.000276076084867
44d2445b98c5d9da,NaOH,B,25.9997647317,0.999983145977,0.0133494149716,0.986633731006,0.0133496399667
76811cab7f1da958,NaOH,B,17.3331764878,0.999671747302,0.0497504895124,0.949921257789,0.0497668256072
8c2e6e34714d0ffd,NaOH,B,12.9998823659,0.998454721927,0.0977179182472,0.90073680368,0.0978691533038
f4ab38dcf43f357b,NaOH,B,10.3999058927,0.995898842255,0.147969701773,0.847929140481,0.148579047886
7773df6244288364,NaOH,B,51.9995294634,0.946294531614,0.392717877758,0.553576653856,0.415005967633
ca7f9f8d3d3d455b,NaOH,B,25.9997647317,0.944692783671,0.396290352401,0.54840243127,0.419491245462
931d3abee2027d3f,NaOH,B,17.3331764878,0.939803287765,0.4065779529,0.533225334865,0.432620270851
02eb334be8a3bf20,NaOH,B,12.9998823659,0.932573378182,0.420275813025,0.512297565157,0.450662460304
97e8f203c7b4e48c,NaOH,B,10.3999058927,0.923925570526,0.434650050066,0.489275520461,0.470438381544
0f1ff773977ef8c5,NaOH,B,51.9995294634,0.760912754461,0.521825508933,0.239087245529,0.685788884301
2278f2cf9d20a376,NaOH,B,25.9997647317,0.760911615286,0.521825479376,0.23908613591,0.685789872165
5934f45492faf61a,NaOH,B,17.3331764878,0.76084465949,0.52182373274,0.23902092675,0.685847927341
4e032abbac3cc1a6,NaOH,B,12.9998823659,0.760385578335,0.521811259832,0.238574318503,0.686245603151
dc5bbdb627c25b2b,NaOH,B,10.3999058927,0.759107161309,0.521771971303,0.237335190006,0.687349557345
8778f42b430c6e63,NaOH,B,51.9995294634,0.617705471431,0.485410942863,0.132294528569,0.785829113247
87400bb154d60eaf,NaOH,B,25.9997647317,0.617705471153,0.485410942742,0.132294528411,0.785829113406
39c07d1c780d7aa0,NaOH,B,17.3331764878,0.617705189714,0.485410820785,0.132294368929,0.785829274009
c802ba679d60679d,NaOH,B,12.9998823659,0.617696503941,0.485407056858,0.132289447083,0.785834230502
a7dff97000edd72e,NaOH,B,10.3999058927,0.617633950281,0.485379945184,0.132254005097,0.785869923379
272adcd99d09c774,NaOH,B,51.9995294634,0.516192884905,0.432385769809,0.0838071150954,0.837643800319
bcb8e333eb8910e3,NaOH,B,25.9997647317,0.516192884905,0.432385769809,0.0838071150954,0.837643800319
74673633e86d35c1,NaOH,B,17.3331764878,0.516192883963,0.432385769243,0.0838071147197,0.837643800751
114258d69f9b72af,NaOH,B,12.9998823659,0.51619275991,0.432385694669,0.0838070652407,0.837643857587
664372157ee14ed8,NaOH,B,10.3999058927,0.51619053778,0.432384358842,0.0838061789386,0.837644875671
7a71cd81d135f1b1,NaOH,B,69.3327059512,1,1.78189415373e-07,0.999999821811,1.78189415373e-07
0e4d8503779167ee,NaOH,B,34.6663529756,0.999999993241,0.000407832737478,0.999592160503,0.000407832740235
f4344d5b8abf7c9c,NaOH,B,23.1109019837,0.999997804438,0.00538389087124,0.994613913567,0.00538390269193
64ed0d39dad13cf5,NaOH,B,17.3331764878,0.999959905599,0.0196257327403,0.980334172859,0.0196265196538
b90c93abd2c06077,NaOH,B,13.8665411902,0.999767128509,0.0427714864479,0.956995642061,0.0427814490277
00f2bdd8d3161fb9,NaOH,B,69.3327059512,0.999478662456,0.0609463762099,0.938532286246,0.0609781664174
3372ad0a97201506,NaOH,B,34.6663529756,0.99774434566,0.114917125558,0.882827220102,0.115176924889
3f22974ae967e7e7,NaOH,B,23.1109019837,0.994849209301,0.162707403054,0.832141806247,0.163549813914
cbafc4fc4451f345,NaOH,B,17.3331764878,0.990927117482,0.20506784261,0.785859274872,0.206945434222
c1d89a95fb088359,NaOH,B,13.8665411902,0.986119693476,0.242658612042,0.743461081434,0.246074197329
17e2ed2b890cab07,NaOH,B,69.3327059512,0.899682994603,0.466032702266,0.433650292337,0.517996566637
90b5284060bf11d8,NaOH,B,34.6663529756,0.899637279043,0.466081751048,0.433555527995,0.518077409535
9b1d1738c6f67251,NaOH,B,23.1109019837,0.899018368097,0.466742531451,0.432275836646,0.519169071528
d5888e07d74f8afc,NaOH,B,17.3331764878,0.897119774584,0.468732215472,0.428387559112,0.522485657714
56ed4588fb600a48,NaOH,B,13.8665411902,0.893834332708,0.472046025438,0.42178830727,0.528113553222
4d851ea2d0e04c4d,NaOH,B,69.3327059512,0.760912754462,0.521825508924,0.239087245538,0.685788884289
9febfbd5eaea1ecc,NaOH,B,34.6663529756,0.760912735401,0.52182550843,0.239087226971,0.685788900819
8b2a02824879e307,NaOH,B,23.1109019837,0.760908300558,0.521825393332,0.239082907226,0.685792746576
e73d6f9515c1cf82,NaOH,B,17.3331764878,0.760844659486,0.521823732731,0.239020926754,0.685847927334
c9b5fa0014938721,NaOH,B,13.8665411902,0.760562751656,0.521816176238,0.238746575419,0.686092206201
435dc88ce37c7d16,NaOH,B,69.3327059512,0.648972346888,0.497944693776,0.151027653112,0.767281835912
f521066148865714,NaOH,B,34.6663529756,0.648972346884,0.497944693775,0.151027653109,0.767281835915
53a954804255c0e2,NaOH,B,23.1109019837,0.648972328665,0.49794468709,0.151027641575,0.767281847154
6a196d6790e565a8,NaOH,B,17.3331764878,0.648971202245,0.497944273776,0.151026928469,0.767282542051
8fb785896bfbd8ed,NaOH,B,13.8665411902,0.648958622153,0.49793965761,0.151018964544,0.767290302666
db97727489f1fad5,NaOH,B,86.665882439,1,9.30970985414e-11,0.999999999907,9.30970985414e-11
060246eb1d79532e,NaOH,B,43.3329412195,0.999999999998,1.01496369375e-05,0.999989850361,1.01496369375e-05
6261ec87b150a52b,NaOH,B,28.8886274797,0.999999990007,0.000485584897238,0.99951440511,0.00048558490209
881edd7e9949c75c,NaOH,B,21.6664706098,0.99999923693,0.00336047088272,0.996638766047,0.003360473447
a8f69ca95dafb0de,NaOH,B,17.3331764878,0.999989669714,0.0107354519844,0.989254217729,0.0107355628858
8e965266dea8fd22,NaOH,B,86.665882439,0.999999999071,0.000168216157476,0.999831782913,0.000168216157633
d34a88c4454371a3,NaOH,B,43.3329412195,0.999994410499,0.00816573643499,0.991828674064,0.00816578207764
b7515aa0594882b6,NaOH,B,28.8886274797,0.999889137402,0.0308133174968,0.969075819905,0.03081673392
9e871e906fc6c1de,NaOH,B,21.6664706098,0.999464945816,0.0616430720479,0.937821873768,0.0616760720883
d7a8babd90858f59,NaOH,B,17.3331764878,0.998540395385,0.0953464343709,0.903193961014,0.0954858058938
96b060985136cc6c,NaOH,B,86.665882439,0.977949257251,0.289335546326,0.688613710925,0.29585946733
70d10185fb6eaeb5,NaOH,B,43.3329412195,0.977175362341,0.293044299276,0.684131063064,0.299889160707
3941d2331e305415,NaOH,B,28.8886274797,0.974821595809,0.303760103007,0.671061492803,0.311605840815
08e87710fd33a98e,NaOH,B,21.6664706098,0.971294711208,0.318432280273,0.652862430935,0.327843111466
9097abd12586cdce,NaOH,B,17.3331764878,0.966987068619,0.334493538906,0.632493529713,0.345913145854
a51c746657c88da2,NaOH,B,86.665882439,0.870666651965,0.491333303944,0.379333348021,0.564318505636
92176c3101a4a14d,NaOH,B,43.3329412195,0.870665712587,0.491333957215,0.379331755372,0.564319864802
1fb7a8dc939c2e0f,NaOH,B,28.8886274797,0.870613873369,0.491369993052,0.379243880316,0.564394857563
bccad872771d4410,NaOH,B,21.6664706098,0.870270322266,0.491608085257,0.378662237009,0.56489124434
9f331d3cc0fb43a3,NaOH,B,17.3331764878,0.869332428973,0.492251686238,0.377080742735,0.56624102568
63fd4cd8bd063f2c,NaOH,B,86.665882439,0.760912754457,0.521825508915,0.239087245543,0.685788884282
8bc1909faf1d8285,NaOH,B,43.3329412195,0.760912754139,0.521825508907,0.239087245232,0.685788884558
2bb271201b46c17c,NaOH,B,28.8886274797,0.760912463086,0.521825501356,0.23908696173,0.685789136952
9f5dd09ef07bd44f,NaOH,B,21.6664706098,0.760903947648,0.521825280274,0.239078667374,0.685796521213
88fe2338b6907bec,NaOH,B,17.3331764878,0.760844659481,0.521823732722,0.239020926759,0.685847927326
0980a2a9eab74e21,NaOH,B,42.1599510067,0.757216454847,0.51443291044,0.242783544407,0.679373654847
1d48cf9adab9300e,NaOH,B,21.0799755034,0.757206843311,0.51443274587,0.242774097441,0.679382061077
d28779b54e74a435,NaOH,B,14.0533170022,0.756933132601,0.514427901212,0.242505231389,0.679621328563
1df4c88e8e9ea5f4,NaOH,B,10.5399877517,0.755672912125,0.51440166602,0.241271246105,0.680720001691
ff3d3af3ff847400,NaOH,B,8.43199020135,0.752922066007,0.514322170944,0.238599895063,0.683101471141
d9679e11c7d23659,NaOH,B,42.1599510067,0.440629318147,0.381258636295,0.0593706818527,0.865259347466
a57ad7a38992be15,NaOH,B,21.0799755034,0.440629318147,0.381258636295,0.0593706818527,0.865259347466
75960fe27cc8aa9a,NaOH,B,14.0533170022,0.440629317858,0.381258636097,0.0593706817614,0.865259347585
094a8091a73f3aaf,NaOH,B,10.5399877517,0.440629267141,0.381258601415,0.0593706657261,0.865259368468
006fd26af10b2535,NaOH,B,8.43199020135,0.440628181455,0.381257858988,0.0593703224669,0.865259815496
2aab31303cab22e9,NaOH,B,42.1599510067,0.307150271877,0.280967210421,0.026183061456,0.914754881069
f9ca1e08915085d4,NaOH,B,21.0799755034,0.307150271877,0.280967210421,0.026183061456,0.914754881069
b3470fbf4f76cb57,NaOH,B,14.0533170022,0.307150271877,0.280967210421,0.026183061456,0.914754881069
949f15e815e0ce59,NaOH,B,10.5399877517,0.307150271876,0.28096721042,0.0261830614557,0.914754881069
df6f845ccbb90df8,NaOH,B,8.43199020135,0.307150271668,0.280967210252,0.0261830614166,0.914754881139
acfd01446c86fda3,NaOH,B,42.1599510067,0.235329787986,0.220659575972,0.014670212014,0.937661049459
53dbf344e75f843f,NaOH,B,21.0799755034,0.235329787986,0.220659575972,0.014670212014,0.937661049459
85fe0eae98ee8ed2,NaOH,B,14.0533170022,0.235329787986,0.220659575972,0.014670212014,0.937661049459
837359f28f02d2ad,NaOH,B,10.5399877517,0.235329787986,0.220659575972,0.014670212014,0.937661049459
8ec684ce68ef4ce9,NaOH,B,8.43199020135,0.235329787986,0.220659575972,0.014670212014,0.937661049459
c213c27b7ade2a61,NaOH,B,42.1599510067,0.190633304452,0.181266608903,0.0093666955483,0.950865376985
efd3dcea61d90454,NaOH,B,21.0799755034,0.190633304452,0.181266608903,0.0093666955483,0.950865376985
e903fe9fc41df9e9,NaOH,B,14.0533170022,0.190633304452,0.181266608903,0.0093666955483,0.950865376985
e76990aa7f3d6ef1,NaOH,B,10.5399877517,0.190633304452,0.181266608903,0.0093666955483,0.950865376985
07ae6d4c0afb7c36,NaOH,B,8.43199020135,0.190633304452,0.181266608903,0.0093666955483,0.950865376985
c85e85606feac7b3,NaOH,B,84.3199020135,0.999599674207,0.0487623689437,0.950837305263,0.0487818975956
ec0188df2f6f7889,NaOH,B,42.1599510067,0.998327089055,0.0929915288024,0.905335560253,0.0931473560338
51942921a33d4f3c,NaOH,B,28.1066340045,0.996228023837,0.133106538202,0.863121485635,0.133610513876
f3ba150f940a1e97,NaOH,B,21.0799755034,0.99338568946,0.169513305958,0.823872383501,0.170641985039
ed41dc4eb2c18db6,NaOH,B,16.8639804027,0.989886341021,0.20257956755,0.787306773471,0.204649320992
20ae358cafb3d72f,NaOH,B,84.3199020135,0.757216455183,0.514432910367,0.242783544817,0.679373654449
60cd5f44f27f9f4f,NaOH,B,42.1599510067,0.757216454807,0.51443291036,0.242783544447,0.679373654778
aea63429f15772e9,NaOH,B,28.1066340045,0.757216128827,0.514432904785,0.242783224041,0.679373939885
6278c7fb6607a7b9,NaOH,B,21.0799755034,0.757206843272,0.51443274579,0.242774097482,0.679382061006
28aa6e44c9fba82e,NaOH,B,16.8639804027,0.757143281035,0.514431647979,0.242711633055,0.679437645245
3c75cc1a471d886a,NaOH,B,84.3199020135,0.560314542442,0.453962418216,0.106352124225,0.81019210431
7920034048c32402,NaOH,B,42.1599510067,0.560314542442,0.453962418216,0.106352124225,0.81019210431
3d6d484b459f0a15,NaOH,B,28.1066340045,0.560314542441,0.453962418216,0.106352124225,0.810192104311
1eb806546a35ea0c,NaOH,B,21.0799755034,0.560314542096,0.453962418036,0.106352124059,0.810192104489
d80338cdcd81fd2f,NaOH,B,16.8639804027,0.560314521295,0.453962407198,0.106352114097,0.810192115222
82c9d830c1cb707c,NaOH,B,84.3199020135,0.440629318137,0.381258636274,0.0593706818631,0.86525934744
bcd7ebe4159d7d01,NaOH,B,42.1599510067,0.440629318137,0.381258636274,0.0593706818631,0.86525934744
16bfa012844e4fc9,NaOH,B,28.1066340045,0.440629318137,0.381258636274,0.0593706818631,0.86525934744
d799db2dba6de5be,NaOH,B,21.0799755034,0.440629318137,0.381258636274,0.0593706818631,0.865259347439
ff180406d96f3938,NaOH,B,16.8639804027,0.440629318132,0.381258636271,0.0593706818616,0.865259347441
a42c27bec2e7e68b,NaOH,B,84.3199020135,0.362178552819,0.324357105637,0.0378214471815,0.895572372005
fc9e8fb34bb9bf79,NaOH,B,42.1599510067,0.362178552819,0.324357105637,0.0378214471815,0.895572372005
96bcc3cd68e5ce33,NaOH,B,28.1066340045,0.362178552819,0.324357105637,0.0378214471815,0.895572372005
a16d6977da9b7938,NaOH,B,21.0799755034,0.362178552819,0.324357105637,0.0378214471815,0.895572372005
402ba91b12d54d19,NaOH,B,16.8639804027,0.362178552819,0.324357105637,0.0378214471815,0.895572372005
e072e44e8b939d42,NaOH,B,126.47985302,1,2.06175644245e-09,0.999999997938,2.06175644245e-09
e900dda4151a40c6,NaOH,B,63.2399265101,0.99999999993,3.63890956825e-05,0.999963610834,3.63890956851e-05
b88b5881b5f40b20,NaOH,B,42.1599510067,0.999999920684,0.00094814037687,0.999051780307,0.000948140452073
7fe615618f13a83a,NaOH,B,31.6199632551,0.999997315701,0.00485256470891,0.995144750992,0.00485257773468
2bc3ed12ad8703d5,NaOH,B,25.295970604,0.999977514752,0.0129778708612,0.986999643891,0.0129781626784
df9b1b659aaada4c,NaOH,B,126.47985302,0.943374011927,0.386748024685,0.556625987243,0.409962559701
d7663cc1ef057a31,NaOH,B,63.2399265101,0.943369835174,0.386757080342,0.556612754832,0.409973974068
8475d1c616de336b,NaOH,B,42.1599510067,0.943258657842,0.386997880293,0.556260777548,0.41027758089
9083e71c9a82559d,NaOH,B,31.6199632551,0.942764339248,0.388062851693,0.554701487555,0.411622327593
00cde74453ee308f,NaOH,B,25.295970604,0.941702212308,0.390320227692,0.551381984616,0.414483711083
8a60f4603cee56ca,NaOH,B,126.47985302,0.757216455175,0.51443291035,0.242783544825,0.679373654434
af17db8b03128d76,NaOH,B,63.2399265101,0.757216455175,0.51443291035,0.242783544825,0.679373654434
a062c43ffd6ad45c,NaOH,B,42.1599510067,0.757216454799,0.514432910343,0.242783544455,0.679373654763
fcff92ea979a8a1c,NaOH,B,31.6199632551,0.757216395038,0.514432909321,0.242783485717,0.67937370703
487c993131c5a9a9,NaOH,B,25.295970604,0.757215192371,0.514432888749,0.242782303621,0.679374758896
d0ced41005305d3d,NaOH,B,126.47985302,0.614896589981,0.479793179961,0.135103410019,0.78028271384
95e53d7a6b423c85,NaOH,B,63.2399265101,0.614896589981,0.479793179961,0.135103410019,0.78028271384
468a1173d53b6c5a,NaOH,B,42.1599510067,0.614896589981,0.479793179961,0.135103410019,0.78028271384
517294de2870c850,NaOH,B,31.6199632551,0.614896589978,0.47979317996,0.135103410018,0.780282713841
21b0c1dc63eca593,NaOH,B,25.295970604,0.614896589616,0.479793179807,0.135103409809,0.780282714053
a13f6320ae4d63b5,NaOH,B,126.47985302,0.51411399626,0.428227992521,0.0858860037397,0.832943657702
1738e3217e9f4170,NaOH,B,63.2399265101,0.51411399626,0.428227992521,0.0858860037397,0.832943657702
a4c3a2324ff32b7e,NaOH,B,42.1599510067,0.51411399626,0.428227992521,0.0858860037397,0.832943657702
fb35349c49ad87df,NaOH,B,31.6199632551,0.51411399626,0.428227992521,0.0858860037397,0.832943657701
3b2f4ce681e215db,NaOH,B,25.295970604,0.51411399626,0.428227992521,0.0858860037397,0.832943657702
7ce6048d15c8e75d,NaOH,B,168.639804027,1,-3.9546073039e-14,1,-3.9546073039e-14
fd7b98b015fe2560,NaOH,B,84.3199020135,1,3.06076741432e-09,0.999999996939,3.06076741432e-09
fd19890ef660d095,NaOH,B,56.213268009,1,2.07497175678e-06,0.999997925028,2.07497175678e-06
4bff417c99317aa9,NaOH,B,42.1599510067,0.999999999835,5.40247473849e-05,0.999945975088,5.40247473938e-05
07d2ecc4265f02f1,NaOH,B,33.7279608054,0.999999988832,0.000381931759365,0.999618057072,0.00038193176363
e9ecd07228a914f0,NaOH,B,168.639804027,0.999907078325,0.0249716986851,0.97493537964,0.0249740193128
63f86504dd44e34c,NaOH,B,84.3199020135,0.999599674202,0.0487623689583,0.950837305244,0.0487818976104
61ce2d92ce5ac756,NaOH,B,56.213268009,0.999071289306,0.0714178242525,0.927653465054,0.0714842124049
f1dac062fe0a110c,NaOH,B,42.1599510067,0.998327089048,0.0929915288068,0.905335560241,0.0931473560389
08eef2c85e2911e7,NaOH,B,33.7279608054,0.997375898942,0.113537106761,0.88383879218,0.113835823466
ba20559a77fcff70,NaOH,B,168.639804027,0.896039504283,0.458745675232,0.437293829051,0.511970368538
e45dbcc5e1f6ea0f,NaOH,B,84.3199020135,0.896039504,0.458745675528,0.437293828471,0.51197036903
ce76f536dcd8ca00,NaOH,B,56.213268009,0.896039279469,0.458745910595,0.437293368875,0.51197075966
ec4717fa3770890e,NaOH,B,42.1599510067,0.896033168552,0.458752307978,0.437280860574,0.511981390956
943ca864b334ba22,NaOH,B,33.7279608054,0.895992526065,0.45879484143,0.437197684635,0.51205208535
1d52f81fef5d6752,NaOH,B,168.639804027,0.757216455171,0.514432910342,0.242783544829,0.679373654427
ec1000b93f1d068e,NaOH,B,84.3199020135,0.757216455171,0.514432910342,0.242783544829,0.679373654427
b7e43b7740f73078,NaOH,B,56.213268009,0.75721645517,0.514432910342,0.242783544829,0.679373654427
5d90fff7bcec5548,NaOH,B,42.1599510067,0.757216454795,0.514432910335,0.242783544459,0.679373654756
518d4b4d80aa2cfc,NaOH,B,33.7279608054,0.757216433373,0.514432909969,0.242783523404,0.679373673491
465ae05610aa80b7,NaOH,B,168.639804027,0.645943316696,0.491886633392,0.154056683304,0.761501234982
3887849567574b10,NaOH,B,84.3199020135,0.645943316696,0.491886633392,0.154056683304,0.761501234982
e1a3bcc93f50c3c7,NaOH,B,56.213268009,0.645943316696,0.491886633392,0.154056683304,0.761501234982
95a61bb44506f2df,NaOH,B,42.1599510067,0.645943316696,0.491886633392,0.154056683304,0.761501234982
d52e8efbc9f5c035,NaOH,B,33.7279608054,0.64594331669,0.49188663339,0.1540566833,0.761501234985
b2bfdb4e229be1a0,NaOH,B,210.799755034,1,-3.03652422893e-15,1,-3.03652422893e-15
95fbf08be32268a7,NaOH,B,105.399877517,1,1.9436070353e-13,1,1.9436070353e-13
36cb8f2eda2b39a3,NaOH,B,70.2665850112,1,3.65318948789e-09,0.999999996347,3.65318948789e-09
d4f8d599e0f7800c,NaOH,B,52.6999387584,1,4.85431591724e-07,0.999999514568,4.85431591724e-07
cadf3537702d3d9a,NaOH,B,42.1599510067,0.999999999996,9.12313375851e-06,0.999990876863,9.12313375854e-06
82f2a3dd028529d6,NaOH,B,210.799755034,1,1.2492247652e-09,0.999999998751,1.2492247652e-09
d61b717c25902d94,NaOH,B,105.399877517,0.999999999976,2.20622010484e-05,0.999977937775,2.20622010489e-05
39bfc6ab76271229,NaOH,B,70.2665850112,0.99999997302,0.000574994100938,0.999424978919,0.000574994116451
060f15e49f5453d1,NaOH,B,52.6999387584,0.99999908527,0.00294638750951,0.99705269776,0.00294639020466
96a83d464b34f093,NaOH,B,42.1599510067,0.999992308925,0.00790121187356,0.992091097051,0.00790127264284
080589b638daa532,NaOH,B,210.799755034,0.976082974385,0.285499282804,0.690583691581,0.292494890595
2ef91f9b19363cf3,NaOH,B,105.399877517,0.976080864593,0.285508855203,0.69057200939,0.292505329794
177ddae71e98478e,NaOH,B,70.2665850112,0.976025906937,0.285757980447,0.690267926489,0.29277704456
622435cdf1be17ab,NaOH,B,52.6999387584,0.975784229864,0.286848406889,0.688935822975,0.293967045285
88e09c155be74abb,NaOH,B,42.1599510067,0.975267339057,0.289153126634,0.686114212422,0.296486014711
325932dbea47ef32,NaOH,B,210.799755034,0.866846270668,0.483692541337,0.383153729332,0.557991142955
9d0a7fb980204545,NaOH,B,105.399877517,0.866846270668,0.483692541337,0.383153729332,0.557991142955
5bb6df72da3e2576,NaOH,B,70.2665850112,0.866846270351,0.483692541554,0.383153728797,0.55799114341
89814e1eb70d0268,NaOH,B,52.6999387584,0.866846222429,0.483692574383,0.383153648046,0.55799121213
4d3654e8807c7fd9,NaOH,B,42.1599510067,0.866845287453,0.483693214891,0.383152072562,0.557992552872
403a1576f1c2527c,NaOH,B,210.799755034,0.757216455168,0.514432910337,0.242783544832,0.679373654423
6d7023c9d4d9d3a2,NaOH,B,105.399877517,0.757216455168,0.514432910337,0.242783544832,0.679373654423
a5d27cea96e2b2ba,NaOH,B,70.2665850112,0.757216455168,0.514432910337,0.242783544832,0.679373654423
495c58897698bb18,NaOH,B,52.6999387584,0.757216455166,0.514432910337,0.242783544829,0.679373654425
7e9749e6f615d947,NaOH,B,42.1599510067,0.757216454792,0.51443291033,0.242783544462,0.679373654752
62b9a1790c9d0672,NaOH,B,121.765204936,0.75278565307,0.505571306139,0.24721434693,0.671600613106
d5386c46e337d130,NaOH,B,60.8826024678,0.75278565307,0.505571306139,0.24721434693,0.671600613106
cf0ccf5a2c71344f,NaOH,B,40.5884016452,0.752785652559,0.505571306136,0.247214346423,0.671600613557
e87de2087e317e31,NaOH,B,30.4413012339,0.752785577232,0.50557130564,0.247214271592,0.671600680102
3b0d121e56d7c9fa,NaOH,B,24.3530409871,0.752784129341,0.505571296114,0.247212833227,0.671601959192
f64eb48ae6fafec5,NaOH,B,121.765204936,0.438717073142,0.377434146283,0.0612829268583,0.860313330367
1906a768120c8de4,NaOH,B,60.8826024678,0.438717073142,0.377434146283,0.0612829268583,0.860313330367
0540ca996e99d1bb,NaOH,B,40.5884016452,0.438717073142,0.377434146283,0.0612829268583,0.860313330367
8b61ff00f478f0cf,NaOH,B,30.4413012339,0.438717073142,0.377434146283,0.0612829268583,0.860313330367
96b3c7423326d2ae,NaOH,B,24.3530409871,0.438717073142,0.377434146283,0.0612829268584,0.860313330367
9d0a3cf19f52d48e,NaOH,B,121.765204936,0.306178232671,0.279023132009,0.0271551006621,0.911309499616
e37fd42dbe62f37d,NaOH,B,60.8826024678,0.306178232671,0.279023132009,0.0271551006621,0.911309499616
f32514c0fa085136,NaOH,B,40.5884016452,0.306178232671,0.279023132009,0.0271551006621,0.911309499616
317bef2404e60a01,NaOH,B,30.4413012339,0.306178232671,0.279023132009,0.0271551006621,0.911309499616
e29f18dd4bee3e90,NaOH,B,24.3530409871,0.306178232671,0.279023132009,0.0271551006621,0.911309499616
59c0b66690a36c51,NaOH,B,121.765204936,0.234748609191,0.219497218382,0.0152513908089,0.935030964139
427c0c0853e99268,NaOH,B,60.8826024678,0.234748609191,0.219497218382,0.0152513908089,0.935030964139
720b1c108152ca61,NaOH,B,40.5884016452,0.234748609191,0.219497218382,0.0152513908089,0.935030964139
c65afce842cdeb70,NaOH,B,30.4413012339,0.234748609191,0.219497218382,0.0152513908089,0.935030964139
9884e0f114363ade,NaOH,B,24.3530409871,0.234748609191,0.219497218382,0.0152513908089,0.935030964139
2a97e4be76e91091,NaOH,B,121.765204936,0.190248143107,0.180496286214,0.00975185689286,0.948741381999
ef4425261722d66b,NaOH,B,60.8826024678,0.190248143107,0.180496286214,0.00975185689286,0.948741381999
41b6a163c414503e,NaOH,B,40.5884016452,0.190248143107,0.180496286214,0.00975185689286,0.948741381999
a224266dbde0a138,NaOH,B,30.4413012339,0.190248143107,0.180496286214,0.00975185689286,0.948741381999
72ef470a2f93f1e0,NaOH,B,24.3530409871,0.190248143107,0.180496286214,0.00975185689286,0.948741381999
7601baf4329558b6,NaOH,B,243.530409871,0.999943895381,0.0166346282186,0.983309267163,0.0166355615504
b21b4c1f0589fc38,NaOH,B,121.765204936,0.99977071769,0.0327309719485,0.967039745741,0.0327384783024
8e67b96af198dfcd,NaOH,B,81.1768032904,0.999481546982,0.0483046706562,0.951176876326,0.0483297273492
1473ec59908c0ade,NaOH,B,60.8826024678,0.999079810059,0.0633730033221,0.935706806737,0.0634313722328
d8e1a9314f672534,NaOH,B,48.7060819742,0.998569592126,0.0779532690965,0.92061632303,0.0780649337925
761c9f797ff1464c,NaOH,B,243.530409871,0.752785653031,0.505571306062,0.247214346969,0.671600613039
3f878fb5536e72ad,NaOH,B,121.765204936,0.752785653031,0.505571306062,0.247214346969,0.671600613039
c636acf1f611102c,NaOH,B,81.1768032904,0.752785653031,0.505571306062,0.247214346969,0.671600613039
dfa482a77cadc00a,NaOH,B,60.8826024678,0.752785653031,0.505571306062,0.247214346969,0.671600613039
0458fb2357aca9d2,NaOH,B,48.7060819742,0.752785653022,0.505571306062,0.24721434696,0.671600613047
b92081f5f3441ca5,NaOH,B,243.530409871,0.557400231583,0.448133796499,0.109266435084,0.803971313801
80b3a9825a907a6e,NaOH,B,121.765204936,0.557400231583,0.448133796499,0.109266435084,0.803971313801
a162607c0be97416,NaOH,B,81.1768032904,0.557400231583,0.448133796499,0.109266435084,0.803971313801
1547e29ee68cb820,NaOH,B,60.8826024678,0.557400231583,0.448133796499,0.109266435084,0.803971313801
bf4425e7c73d91d9,NaOH,B,48.7060819742,0.557400231583,0.448133796499,0.109266435084,0.803971313801
0f05c5a3f7475b2f,NaOH,B,243.530409871,0.438717073132,0.377434146263,0.0612829268684,0.860313330341
028d44c235b4b63d,NaOH,B,121.765204936,0.438717073132,0.377434146263,0.0612829268684,0.860313330341
e896b37f894063ac,NaOH,B,81.1768032904,0.438717073132,0.377434146263,0.0612829268684,0.860313330341
aa641c8a6f783513,NaOH,B,60.8826024678,0.438717073132,0.377434146263,0.0612829268684,0.860313330341
2d2b833eb09ede78,NaOH,B,48.7060819742,0.438717073132,0.377434146263,0.0612829268684,0.860313330341
9f2b292d04f89ac8,NaOH,B,243.530409871,0.360849252119,0.321698504238,0.0391507478811,0.891503868579
72e051f492f2fe2e,NaOH,B,121.765204936,0.360849252119,0.321698504238,0.0391507478811,0.891503868579
08990b6761f2c37d,NaOH,B,81.1768032904,0.360849252119,0.321698504238,0.0391507478811,0.891503868579
e087bc7059affb4c,NaOH,B,60.8826024678,0.360849252119,0.321698504238,0.0391507478811,0.891503868579
f32831686e2caab8,NaOH,B,48.7060819742,0.360849252119,0.321698504238,0.0391507478811,0.891503868579
b5d4cde3d3ee7e88,NaOH,B,365.295614807,1,-2.29497876272e-15,1,-2.29497876272e-15
5c1eb9614f1fcbb5,NaOH,B,182.647807403,1,-1.49218229761e-14,1,-1.49218229761e-14
989efe3a4d792ccc,NaOH,B,121.765204936,1,1.79664027054e-09,0.999999998203,1.79664027054e-09
9604595cb0f6c6fa,NaOH,B,91.3239037017,1,2.4844478211e-07,0.999999751555,2.4844478211e-07
90fc3da9a33dd57d,NaOH,B,73.0591229613,0.999999999997,4.78236448938e-06,0.999995217633,4.78236448939e-06
bf84e99fba3ec83e,NaOH,B,365.295614807,0.939784215284,0.379568430569,0.560215784716,0.403888918749
62c1a9334be10437,NaOH,B,182.647807403,0.939784215284,0.379568430569,0.560215784716,0.403888918749
47eb17346ebe18fc,NaOH,B,121.765204936,0.939784215067,0.379568431018,0.560215784049,0.40388891932
c6e2362d5627a339,NaOH,B,91.3239037017,0.93978418413,0.379568494809,0.560215689321,0.403889000495
fcced5b2b9d3916b,NaOH,B,73.0591229613,0.939783602938,0.379569693221,0.560213909717,0.403890525473
8c46b32214bd9a89,NaOH,B,365.295614807,0.752785653023,0.505571306046,0.247214346977,0.671600613024
8ba4c9a81cc4a98a,NaOH,B,182.647807403,0.752785653023,0.505571306046,0.247214346977,0.671600613024
1900abe017a211dc,NaOH,B,121.765204936,0.752785653023,0.505571306046,0.247214346977,0.671600613024
c27d9c786b9e1e74,NaOH,B,91.3239037017,0.752785653023,0.505571306046,0.247214346977,0.671600613024
ef705d2ab918af65,NaOH,B,73.0591229613,0.752785653023,0.505571306046,0.247214346977,0.671600613024
973d7873feff8cf0,NaOH,B,365.295614807,0.611512262453,0.473024524906,0.138487737547,0.773532362227
8467688b83013ad8,NaOH,B,182.647807403,0.611512262453,0.473024524906,0.138487737547,0.773532362227
937a4011aec4aa4e,NaOH,B,121.765204936,0.611512262453,0.473024524906,0.138487737547,0.773532362227
31d6cb0abb74161c,NaOH,B,91.3239037017,0.611512262453,0.473024524906,0.138487737547,0.773532362227
8c9cc1a2588f8dfb,NaOH,B,73.0591229613,0.611512262453,0.473024524906,0.138487737547,0.773532362227
f231aff43ce2e9ac,NaOH,B,365.295614807,0.511596684999,0.423193369998,0.0884033150009,0.827201157488
c358d294f96723dc,NaOH,B,182.647807403,0.511596684999,0.423193369998,0.0884033150009,0.827201157488
81f93f94cf799972,NaOH,B,121.765204936,0.511596684999,0.423193369998,0.0884033150009,0.827201157488
fef14c70d3137e0a,NaOH,B,91.3239037017,0.511596684999,0.423193369998,0.0884033150009,0.827201157488
e8e98a3678ccc867,NaOH,B,73.0591229613,0.511596684999,0.423193369998,0.0884033150009,0.827201157488
26315c70251c003b,NaOH,B,487.060819742,1,-3.54243915106e-18,1,-3.54243915106e-18
4296a40561a958b5,NaOH,B,243.530409871,1,-3.14913177965e-15,1,-3.14913177965e-15
a3b911df1f7953a1,NaOH,B,162.353606581,1,-2.07409001796e-14,1,-2.07409001796e-14
df129427e3743067,NaOH,B,121.765204936,1,3.93693301778e-14,1,3.93693301778e-14
a04f8187fb1ed0f4,NaOH,B,97.4121639484,1,5.35732272113e-11,0.999999999946,5.35732272113e-11
925255127a3144e9,NaOH,B,487.060819742,0.999986399646,0.00838535804978,0.991601041596,0.00838547209518
c69963268ed62d70,NaOH,B,243.530409871,0.99994389538,0.0166346282272,0.983309267153,0.0166355615591
be15b177040b4655,NaOH,B,162.353606581,0.999871970017,0.0247491873852,0.975122782632,0.024752356429
ba9398ec923ee703,NaOH,B,121.765204936,0.999770717688,0.0327309719544,0.967039745733,0.0327384783085
68e0fb33bd508215,NaOH,B,97.4121639484,0.999640440964,0.0405820800714,0.959058360893,0.0405966769734
1336947c80a686b9,NaOH,B,487.060819742,0.891654508201,0.449975683068,0.441678825133,0.504652507142
2141a0e61997637e,NaOH,B,243.530409871,0.891654508201,0.449975683068,0.441678825133,0.504652507142
7c7506dd67bca11d,NaOH,B,162.353606581,0.891654508201,0.449975683068,0.441678825133,0.504652507142
0a1c94c85fa5422d,NaOH,B,121.765204936,0.891654508201,0.449975683068,0.441678825133,0.504652507142
24e77460f363ddac,NaOH,B,97.4121639484,0.891654508194,0.449975683074,0.44167882512,0.504652507153
f3891b69808fd79c,NaOH,B,487.060819742,0.752785653019,0.505571306038,0.247214346981,0.671600613017
bf92a6550f61f542,NaOH,B,243.530409871,0.752785653019,0.505571306038,0.247214346981,0.671600613017
42e8dcfb5ea0e8e5,NaOH,B,162.353606581,0.752785653019,0.505571306038,0.247214346981,0.671600613017
40d8703cc2bdf2f8,NaOH,B,121.765204936,0.752785653019,0.505571306038,0.247214346981,0.671600613017
5d010825d389de19,NaOH,B,97.4121639484,0.752785653019,0.505571306038,0.247214346981,0.671600613017
72afeccd0b34774f,NaOH,B,487.060819742,0.642298797094,0.484597594187,0.157701202906,0.754473768875
95991ea3eb15677c,NaOH,B,243.530409871,0.642298797094,0.484597594187,0.157701202906,0.754473768875
216c88cf7ef5fc78,NaOH,B,162.353606581,0.642298797094,0.484597594187,0.157701202906,0.754473768875
6255c47112e954d2,NaOH,B,121.765204936,0.642298797094,0.484597594187,0.157701202906,0.754473768875
792887a21574925d,NaOH,B,97.4121639484,0.642298797094,0.484597594187,0.157701202906,0.754473768875
674ab79783067745,NaOH,B,608.826024678,1,-7.15349421315e-19,1,-7.15349421315e-19
141f88baaf9c8dd7,NaOH,B,304.413012339,1,-9.16727100918e-17,1,-9.16727100918e-17
92e1c511e9dfe444,NaOH,B,202.942008226,1,-2.69162226972e-15,1,-2.69162226972e-15
86dc9a02b5e852c4,NaOH,B,152.206506169,1,-8.06939977367e-15,1,-8.06939977367e-15
49f4d0844c5f0e89,NaOH,B,121.765204936,1,-1.43885590226e-13,1,-1.43885590226e-13
dc0b64238bd604fd,NaOH,B,608.826024678,1,-2.06717549789e-15,1,-2.06717549789e-15
b8a0feabd6f87010,NaOH,B,304.413012339,1,-8.20737535544e-14,1,-8.20737535544e-14
c61d581aeb054824,NaOH,B,202.942008226,1,1.08257732891e-09,0.999999998917,1.08257732891e-09
974d6a7314333087,NaOH,B,152.206506169,1,1.49687515182e-07,0.999999850312,1.49687515182e-07
3bce13807fe4602d,NaOH,B,121.765204936,0.999999999999,2.88136268875e-06,0.999997118636,2.88136268876e-06
baae9def8d760956,NaOH,B,608.826024678,0.973740871175,0.280815075684,0.692925795491,0.288387890451
aadab2718d16034e,NaOH,B,304.413012339,0.973740871175,0.280815075684,0.692925795492,0.28838789045
acf9f1628c521673,NaOH,B,202.942008226,0.973740871064,0.28081507615,0.692925794914,0.288387890962
2fc97366e52079cb,NaOH,B,152.206506169,0.973740855464,0.280815141587,0.692925713877,0.288387962785
fb0684fa84df40ea,NaOH,B,121.765204936,0.973740564593,0.280816361718,0.692924202875,0.288389301965
c4296975ea65688d,NaOH,B,608.826024678,0.862260746865,0.474521493731,0.387739253135,0.550322504481
00a43795743d0c46,NaOH,B,304.413012339,0.862260746865,0.474521493731,0.387739253135,0.550322504481
a9627762f6a32a5a,NaOH,B,202.942008226,0.862260746865,0.474521493731,0.387739253135,0.550322504481
66aaa22d6692a78b,NaOH,B,152.206506169,0.862260746865,0.474521493731,0.387739253135,0.550322504481
7cefe88d17a3165b,NaOH,B,121.765204936,0.862260746865,0.474521493731,0.387739253135,0.550322504481
9787bbf75cadc421,NaOH,B,608.826024678,0.752785653017,0.505571306034,0.247214346983,0.671600613013
e2183c13c2ed4675,NaOH,B,304.413012339,0.752785653017,0.505571306034,0.247214346983,0.671600613013
052afacc59490961,NaOH,B,202.942008226,0.752785653017,0.505571306034,0.247214346983,0.671600613013
79e37cb8116a627f,NaOH,B,152.206506169,0.752785653017,0.505571306034,0.247214346983,0.671600613013
fa41fe7e6cc26649,NaOH,B,121.765204936,0.752785653017,0.505571306034,0.247214346983,0.671600613013
14d47650f9539734,NaOH,B,311.869732343,0.748839822168,0.497679644336,0.251160177832,0.664600932807
578dbc0d78fc2734,NaOH,B,155.934866171,0.748839822168,0.497679644336,0.251160177832,0.664600932807
d98a5b41d3d16ef0,NaOH,B,103.956577448,0.748839822168,0.497679644336,0.251160177832,0.664600932807
03c1d4cd9309362b,NaOH,B,77.9674330857,0.748839822168,0.497679644336,0.251160177832,0.664600932807
d01c37d6ee16a870,NaOH,B,62.3739464686,0.748839822168,0.497679644336,0.251160177832,0.664600932807
47fcfba26abd21eb,NaOH,B,311.869732343,0.436989730048,0.373979460096,0.0630102699518,0.855808350588
08e266f24352f531,NaOH,B,155.934866171,0.436989730048,0.373979460096,0.0630102699518,0.855808350588
7918432cfa400d1f,NaOH,B,103.956577448,0.436989730048,0.373979460096,0.0630102699518,0.855808350588
1ae121e8d44e0e89,NaOH,B,77.9674330857,0.436989730048,0.373979460096,0.0630102699518,0.855808350588
b6479f9bf27f34ce,NaOH,B,62.3739464686,0.436989730048,0.373979460096,0.0630102699518,0.855808350588
60721a6cdd66e081,NaOH,B,311.869732343,0.305293566391,0.277253799448,0.0280397669425,0.908154740128
5c5a6194c2539fa4,NaOH,B,155.934866171,0.305293566391,0.277253799448,0.0280397669425,0.908154740128
2dbb09216ab4df51,NaOH,B,103.956577448,0.305293566391,0.277253799448,0.0280397669425,0.908154740128
0160720609bf3256,NaOH,B,77.9674330857,0.305293566391,0.277253799448,0.0280397669425,0.908154740128
a42fd41eef22868a,NaOH,B,62.3739464686,0.305293566391,0.277253799448,0.0280397669425,0.908154740128
9699c96d643b17b9,NaOH,B,311.869732343,0.234217499809,0.218434999617,0.0157825001914,0.932616050447
5605781cd67a109c,NaOH,B,155.934866171,0.234217499809,0.218434999617,0.0157825001914,0.932616050447
286e1a6f6b1139c0,NaOH,B,103.956577448,0.234217499809,0.218434999617,0.0157825001914,0.932616050447
45348c2ea9b4bf12,NaOH,B,77.9674330857,0.234217499809,0.218434999617,0.0157825001914,0.932616050447
3204e3aaf4c0dc7c,NaOH,B,62.3739464686,0.234217499809,0.218434999617,0.0157825001914,0.932616050447
2ea7ab591b13f16b,NaOH,B,311.869732343,0.189895264799,0.179790529598,0.0101047352008,0.9467878506
67730066e7c0c6c8,NaOH,B,155.934866171,0.189895264799,0.179790529598,0.0101047352008,0.9467878506
036e580a018551f5,NaOH,B,103.956577448,0.189895264799,0.179790529598,0.0101047352008,0.9467878506
780eb3b93e9251e5,NaOH,B,77.9674330857,0.189895264799,0.179790529598,0.0101047352008,0.9467878506
b100e5315420b1e3,NaOH,B,62.3739464686,0.189895264799,0.179790529598,0.0101047352008,0.9467878506
81d8b7dc8e51a5ea,NaOH,B,623.739464686,0.999988821871,0.00629547108878,0.993693350782,0.00629554146116
f043f6f1aa4e7c8b,NaOH,B,311.869732343,0.999956276139,0.0125105618303,0.987445714309,0.0125111088643
6389fbcfa9a2f2e4,NaOH,B,207.913154895,0.999903136144,0.0186467607086,0.981256375435,0.0186485670807
68bc3b234b7d0ce1,NaOH,B,155.934866171,0.999829973447,0.0247053465699,0.975124626878,0.0247095478491
82c87f2434cad0cf,NaOH,B,124.747892937,0.999737286566,0.0306875162911,0.969049770275,0.0306955804324
34f57cb1c08fad58,NaOH,B,623.739464686,0.748839822145,0.49767964429,0.251160177855,0.664600932766
fbc633ab1e8510ca,NaOH,B,311.869732343,0.748839822145,0.49767964429,0.251160177855,0.664600932766
d8f690bc81c3410b,NaOH,B,207.913154895,0.748839822145,0.49767964429,0.251160177855,0.664600932766
67539da14b8fbf96,NaOH,B,155.934866171,0.748839822145,0.49767964429,0.251160177855,0.664600932766
393a4719c3e95491,NaOH,B,124.747892937,0.748839822145,0.49767964429,0.251160177855,0.664600932766
f2128594700de50f,NaOH,B,623.739464686,0.554784464734,0.442902262802,0.111882201933,0.798332128882
dab7178b67093ea1,NaOH,B,311.869732343,0.554784464734,0.442902262802,0.111882201933,0.798332128882
4f522507e43908c6,NaOH,B,207.913154895,0.554784464734,0.442902262802,0.111882201933,0.798332128882
c5ba1d957bff4aa6,NaOH,B,155.934866171,0.554784464734,0.442902262802,0.111882201933,0.798332128882
5e793a3768b820f2,NaOH,B,124.747892937,0.554784464734,0.442902262802,0.111882201933,0.798332128882
d8b6442fcf1b6a45,NaOH,B,623.739464686,0.436989730038,0.373979460077,0.0630102699616,0.855808350562
5d8ecf8e4dc8acd3,NaOH,B,311.869732343,0.436989730038,0.373979460077,0.0630102699616,0.855808350562
b8c8fd2bfb21724d,NaOH,B,207.913154895,0.436989730038,0.373979460077,0.0630102699616,0.855808350562
ed9cd308db96d603,NaOH,B,155.934866171,0.436989730038,0.373979460077,0.0630102699616,0.855808350562
9f5b59b2f98112c4,NaOH,B,124.747892937,0.436989730038,0.373979460077,0.0630102699616,0.855808350562
569b1be007ee2014,NaOH,B,623.739464686,0.35964320657,0.319286413139,0.0403567934303,0.887786582109
15054c5cb02f77d5,NaOH,B,311.869732343,0.35964320657,0.319286413139,0.0403567934303,0.887786582109
c56de80d8616650c,NaOH,B,207.913154895,0.35964320657,0.319286413139,0.0403567934303,0.887786582109
6e67b5fd0d6dbac5,NaOH,B,155.934866171,0.35964320657,0.319286413139,0.0403567934303,0.887786582109
d364bee6d7add189,NaOH,B,124.747892937,0.35964320657,0.319286413139,0.0403567934303,0.887786582109
bcd1a1a91a227a4d,NaOH,B,935.609197029,1,-1.29268061906e-18,1,-1.29268061906e-18
a25423c176843371,NaOH,B,467.804598514,1,-1.98377886979e-16,1,-1.98377886979e-16
f7bd365af3cdac56,NaOH,B,311.869732343,1,-4.66765861638e-15,1,-4.66765861638e-15
aeb4f8840bb5bf93,NaOH,B,233.902299257,1,-2.14955732253e-14,1,-2.14955732253e-14
9ff3184ef781220c,NaOH,B,187.121839406,1,-2.64265245826e-13,1,-2.64265245826e-13
e29394b0b4f5f049,NaOH,B,935.609197029,0.936542803853,0.373085607707,0.563457196147,0.398364715603
bbeca205048b179d,NaOH,B,467.804598514,0.936542803853,0.373085607707,0.563457196147,0.398364715603
1772d01108817ac3,NaOH,B,311.869732343,0.936542803853,0.373085607707,0.563457196147,0.398364715603
a53c910a1cfdee34,NaOH,B,233.902299257,0.936542803853,0.373085607707,0.563457196147,0.398364715603
c292ef69acaebb9d,NaOH,B,187.121839406,0.936542803854,0.373085607707,0.563457196147,0.398364715603
e327ae3854aa24c9,NaOH,B,935.609197029,0.748839822123,0.497679644246,0.251160177877,0.664600932727
bfaa3c6a1529eaf6,NaOH,B,467.804598514,0.748839822123,0.497679644246,0.251160177877,0.664600932727
75e093bdc35fa32e,NaOH,B,311.869732343,0.748839822123,0.497679644246,0.251160177877,0.664600932727
ee5496de4c79aac6,NaOH,B,233.902299257,0.748839822123,0.497679644246,0.251160177877,0.664600932727
c3ea43240ba8fc40,NaOH,B,187.121839406,0.748839822123,0.497679644246,0.251160177877,0.664600932727
fc816defeaf1adbd,NaOH,B,935.609197029,0.608482715379,0.466965430759,0.141517284621,0.767425957971
cd5d872ffc41f579,NaOH,B,467.804598514,0.608482715379,0.466965430759,0.141517284621,0.767425957971
cdfe362301b3fc1e,NaOH,B,311.869732343,0.608482715379,0.466965430759,0.141517284621,0.767425957971
b246ee299dba1c1d,NaOH,B,233.902299257,0.608482715379,0.466965430759,0.141517284621,0.767425957971
c875acd5698b8865,NaOH,B,187.121839406,0.608482715379,0.466965430759,0.141517284621,0.767425957971
509263925cf4ebb2,NaOH,B,935.609197029,0.509331823083,0.418663646167,0.0906681769167,0.821986035807
fd4c912046cd29fd,NaOH,B,467.804598514,0.509331823083,0.418663646167,0.0906681769167,0.821986035807
803117cd6c8512e2,NaOH,B,311.869732343,0.509331823083,0.418663646167,0.0906681769167,0.821986035807
181a66934e1a8bc8,NaOH,B,233.902299257,0.509331823083,0.418663646167,0.0906681769167,0.821986035807
030043cd030d5a07,NaOH,B,187.121839406,0.509331823083,0.418663646167,0.0906681769167,0.821986035807
098baaba67a6eb54,NaOH,B,1247.47892937,1,-4.45105196324e-19,1,-4.45105196324e-19
e64bb7e62ad2d412,NaOH,B,623.739464686,1,-1.55260811673e-18,1,-1.55260811673e-18
89bda0401b3a00f9,NaOH,B,415.826309791,1,-9.07614462476e-18,1,-9.07614462476e-18
0e66ba3ef259042e,NaOH,B,311.869732343,1,-2.15219013874e-16,1,-2.15219013874e-16
07c9155cf3a01acc,NaOH,B,249.495785874,1,-3.30420661503e-15,1,-3.30420661503e-15
97002ce49cac3580,NaOH,B,1247.47892937,0.999997150639,0.003157896776,0.996839253863,0.00315790577401
7285768e2091566f,NaOH,B,623.739464686,0.999988821871,0.00629547109674,0.993693350774,0.00629554146912
8585440c5a86ab26,NaOH,B,415.826309791,0.999975163641,0.00941296283816,0.990562200803,0.00941319662769
885e14b9db7be51b,NaOH,B,311.869732343,0.999956276138,0.0125105618368,0.987445714301,0.0125111088708
0cfff2756d17fd22,NaOH,B,249.495785874,0.999932242383,0.0155884403094,0.984343802073,0.0155894966165
75bcfe9df6d9fda2,NaOH,B,1247.47892937,0.887735224669,0.442137116004,0.445598108665,0.498050661636
54627b114304ad39,NaOH,B,623.739464686,0.887735224669,0.442137116004,0.445598108665,0.498050661636
05122c954758f2c8,NaOH,B,415.826309791,0.887735224669,0.442137116004,0.445598108665,0.498050661636
93e32e5cc40d7f4d,NaOH,B,311.869732343,0.887735224669,0.442137116004,0.445598108665,0.498050661636
ae97e204d850db71,NaOH,B,249.495785874,0.887735224669,0.442137116004,0.445598108665,0.498050661636
fa93ac333ae89234,NaOH,B,1247.47892937,0.748839822119,0.497679644239,0.251160177881,0.664600932721
4735925023025efc,NaOH,B,623.739464686,0.748839822119,0.497679644239,0.251160177881,0.664600932721
e930e705e3f81b34,NaOH,B,415.826309791,0.748839822119,0.497679644239,0.251160177881,0.664600932721
2a980c781c8107d2,NaOH,B,311.869732343,0.748839822119,0.497679644239,0.251160177881,0.664600932721
6cb5656ef14cf10a,NaOH,B,249.495785874,0.748839822119,0.497679644239,0.251160177881,0.664600932721
89f0767af726dcce,NaOH,B,1247.47892937,0.639040902204,0.478081804407,0.160959097796,0.748123950687
64ebfa60495f0484,NaOH,B,623.739464686,0.639040902204,0.478081804407,0.160959097796,0.748123950687
30bbfa34a01be1cb,NaOH,B,415.826309791,0.639040902204,0.478081804407,0.160959097796,0.748123950687
3bd82ace7305d247,NaOH,B,311.869732343,0.639040902204,0.478081804407,0.160959097796,0.748123950687
92af68e5b51a48f3,NaOH,B,249.495785874,0.639040902204,0.478081804407,0.160959097796,0.748123950687
b0f0caf47e640ca8,NaOH,B,1559.34866171,1,-4.86075533473e-21,1,-4.86075533473e-21
65536d89be3244d8,NaOH,B,779.674330857,1,-2.75341635699e-19,1,-2.75341635699e-19
3318d32a3bc6f6e7,NaOH,B,519.782887238,1,-7.0270252383e-19,1,-7.0270252383e-19
6c4eceda8ee13688,NaOH,B,389.837165429,1,-3.14286727449e-18,1,-3.14286727449e-18
85f91377841f8451,NaOH,B,311.869732343,1,-5.71088519825e-17,1,-5.71088519825e-17
3e9a86e64d44750c,NaOH,B,1559.34866171,1,-5.43786106452e-19,1,-5.43786106452e-19
5eadf2bbbb978d96,NaOH,B,779.674330857,1,-9.68881854974e-17,1,-9.68881854974e-17
0ec5e59cbac02ca9,NaOH,B,519.782887238,1,-2.05946721966e-15,1,-2.05946721966e-15
5f24764a497d9254,NaOH,B,389.837165429,1,-9.06326472438e-15,1,-9.06326472438e-15
e67d55f3df9bb200,NaOH,B,311.869732343,1,-1.79033422318e-13,1,-1.79033422318e-13
bb6d99ca12c56599,NaOH,B,1559.34866171,0.971579627331,0.276492587995,0.695087039336,0.284580471036
e733cc47eec0fceb,NaOH,B,779.674330857,0.971579627331,0.276492587995,0.695087039336,0.284580471036
8fba783a4a5d1a0f,NaOH,B,519.782887238,0.971579627331,0.276492587995,0.695087039336,0.284580471036
aadb91f71cb4c608,NaOH,B,389.837165429,0.971579627331,0.276492587995,0.695087039336,0.284580471036
0f97c6a7d3181310,NaOH,B,311.869732343,0.971579627331,0.276492587995,0.695087039336,0.284580471036
80a3f8324c64cb20,NaOH,B,1559.34866171,0.858172579599,0.466345159198,0.391827420401,0.543416522835
f4c43ec87e297ee3,NaOH,B,779.674330857,0.858172579599,0.466345159198,0.391827420401,0.543416522835
dfd129bce57da14e,NaOH,B,519.782887238,0.858172579599,0.466345159198,0.391827420401,0.543416522835
6ea8cf0ad37a20d7,NaOH,B,389.837165429,0.858172579599,0.466345159198,0.391827420401,0.543416522835
4f6eccecba146f72,NaOH,B,311.869732343,0.858172579599,0.466345159198,0.391827420401,0.543416522835
8f7f9fe6e42ad6d2,NaOH,B,1559.34866171,0.748839822117,0.497679644234,0.251160177883,0.664600932716
3d7c648eb579a372,NaOH,B,779.674330857,0.748839822117,0.497679644234,0.251160177883,0.664600932716
4d64fb07b761b72f,NaOH,B,519.782887238,0.748839822117,0.497679644234,0.251160177883,0.664600932716
ee1dd6080be656ff,NaOH,B,389.837165429,0.748839822117,0.497679644234,0.251160177883,0.664600932716
f31e8eb934ce3e31,NaOH,B,311.869732343,0.748839822117,0.497679644234,0.251160177883,0.664600932716
