ppm,observed,fitted,residual,component_EGDA,component_EGMA,component_EG,component_AcOH,component_exchange_pool,component_baseline
0,-0.198793,-0.239165,0.0403718,-0.024076,-0.00785157,-0.00132728,-0.00832563,-0.197431,-0.000153369
0.00586224,-0.194701,-0.239138,0.0444378,-0.0241299,-0.00786795,-0.00132933,-0.00834748,-0.197335,-0.000128356
0.0117245,-0.415896,-0.239111,-0.176785,-0.024184,-0.00788439,-0.00133138,-0.00836943,-0.197239,-0.000103358
0.0175867,-0.398207,-0.239084,-0.159123,-0.0242384,-0.00790091,-0.00133344,-0.00839151,-0.197141,-7.83746e-05
0.0234489,-0.296349,-0.239056,-0.0572932,-0.0242931,-0.00791751,-0.0013355,-0.00841369,-0.197043,-5.3406e-05
0.0293112,-0.270113,-0.239027,-0.0310864,-0.0243481,-0.00793418,-0.00133757,-0.008436,-0.196943,-2.84521e-05
0.0351734,-0.256789,-0.238998,-0.0177913,-0.0244033,-0.00795092,-0.00133965,-0.00845842,-0.196842,-3.51289e-06
0.0410357,-0.253174,-0.238968,-0.0142062,-0.0244587,-0.00796774,-0.00134173,-0.00848097,-0.19674,2.14115e-05
0.0468979,-0.112191,-0.238937,0.126746,-0.0245144,-0.00798464,-0.00134382,-0.00850363,-0.196637,4.63212e-05
0.0527601,-0.289513,-0.238906,-0.0506075,-0.0245704,-0.00800161,-0.00134592,-0.00852641,-0.196533,7.12161e-05
0.0586224,-0.247112,-0.238874,-0.00823812,-0.0246267,-0.00801866,-0.00134802,-0.00854931,-0.196427,9.60963e-05
0.0644846,-0.231737,-0.238842,0.00710494,-0.0246833,-0.00803579,-0.00135013,-0.00857234,-0.196321,0.000120962
0.0703468,-0.0777837,-0.238808,0.161025,-0.0247401,-0.008053,-0.00135225,-0.00859549,-0.196213,0.000145812
0.0762091,-0.243531,-0.238775,-0.00475637,-0.0247972,-0.00807029,-0.00135437,-0.00861877,-0.196105,0.000170648
0.0820713,-0.295269,-0.23874,-0.0565292,-0.0248545,-0.00808765,-0.0013565,-0.00864217,-0.195995,0.000195469
0.0879336,-0.252425,-0.238705,-0.0137198,-0.0249122,-0.0081051,-0.00135864,-0.00866569,-0.195884,0.000220276
0.0937958,-0.347549,-0.238669,-0.108879,-0.0249701,-0.00812263,-0.00136078,-0.00868935,-0.195771,0.000245068
0.099658,-0.285894,-0.238633,-0.0472608,-0.0250283,-0.00814024,-0.00136293,-0.00871313,-0.195658,0.000269844
0.10552,-0.118849,-0.238596,0.119747,-0.0250868,-0.00815793,-0.00136509,-0.00873704,-0.195544,0.000294607
0.111383,-0.0705895,-0.238558,0.167969,-0.0251456,-0.00817571,-0.00136725,-0.00876109,-0.195428,0.000319354
0.117245,-0.234599,-0.23852,0.00392108,-0.0252047,-0.00819356,-0.00136942,-0.00878526,-0.195311,0.000344087
0.123107,-0.186855,-0.238481,0.0516258,-0.0252641,-0.00821151,-0.0013716,-0.00880957,-0.195193,0.000368805
0.128969,-0.176663,-0.238441,0.0617776,-0.0253238,-0.00822953,-0.00137378,-0.00883401,-0.195073,0.000393508
0.134831,-0.151161,-0.2384,0.0872388,-0.0253838,-0.00824764,-0.00137597,-0.00885859,-0.194952,0.000418196
0.140694,-0.190317,-0.238359,0.0480418,-0.025444,-0.00826584,-0.00137817,-0.0088833,-0.194831,0.00044287
0.146556,-0.242505,-0.238317,-0.00418805,-0.0255046,-0.00828413,-0.00138037,-0.00890815,-0.194707,0.000467529
0.152418,-0.217092,-0.238275,0.0211823,-0.0255655,-0.0083025,-0.00138259,-0.00893314,-0.194583,0.000492173
0.15828,-0.283591,-0.238231,-0.04536,-0.0256267,-0.00832096,-0.00138481,-0.00895827,-0.194458,0.000516803
0.164143,-0.249971,-0.238187,-0.011784,-0.0256882,-0.0083395,-0.00138703,-0.00898354,-0.194331,0.000541417
0.170005,-0.240798,-0.238143,-0.00265566,-0.02575,-0.00835814,-0.00138926,-0.00900895,-0.194202,0.000566017
0.175867,-0.124041,-0.238097,0.114056,-0.0258121,-0.00837687,-0.00139151,-0.00903451,-0.194073,0.000590602
0.181729,-0.137091,-0.238051,0.10096,-0.0258746,-0.00839568,-0.00139375,-0.00906021,-0.193942,0.000615173
0.187592,-0.179262,-0.238004,0.0587421,-0.0259373,-0.00841459,-0.00139601,-0.00908605,-0.19381,0.000639729
0.193454,-0.154266,-0.237957,0.0836905,-0.0260004,-0.00843359,-0.00139827,-0.00911204,-0.193677,0.00066427
0.199316,-0.184273,-0.237909,0.0536355,-0.0260638,-0.00845268,-0.00140054,-0.00913818,-0.193542,0.000688796
0.205178,-0.169998,-0.23786,0.067862,-0.0261276,-0.00847187,-0.00140282,-0.00916447,-0.193406,0.000713307
0.211041,-0.0568222,-0.23781,0.180988,-0.0261916,-0.00849115,-0.0014051,-0.00919091,-0.193269,0.000737804
0.216903,-0.262712,-0.237759,-0.0249527,-0.026256,-0.00851052,-0.00140739,-0.0092175,-0.19313,0.000762286
0.222765,-0.0538848,-0.237708,0.183823,-0.0263208,-0.00852999,-0.00140969,-0.00924424,-0.19299,0.000786753
0.228627,-0.219799,-0.237656,0.0178572,-0.0263858,-0.00854956,-0.001412,-0.00927114,-0.192849,0.000811206
0.234489,-0.0466959,-0.237603,0.190907,-0.0264513,-0.00856922,-0.00141431,-0.0092982,-0.192706,0.000835643
0.240352,-0.0334521,-0.23755,0.204098,-0.026517,-0.00858898,-0.00141664,-0.00932541,-0.192562,0.000860066
0.246214,-0.174427,-0.237495,0.0630688,-0.0265831,-0.00860884,-0.00141896,-0.00935278,-0.192416,0.000884475
0.252076,-0.109473,-0.23744,0.127967,-0.0266496,-0.00862879,-0.0014213,-0.00938031,-0.192269,0.000908868
0.257938,-0.199712,-0.237385,0.0376729,-0.0267164,-0.00864885,-0.00142365,-0.009408,-0.192121,0.000933247
0.263801,-0.304163,-0.237328,-0.0668353,-0.0267835,-0.00866901,-0.001426,-0.00943585,-0.191971,0.000957611
0.269663,-0.361773,-0.237271,-0.124502,-0.0268511,-0.00868927,-0.00142836,-0.00946387,-0.19182,0.00098196
0.275525,-0.129342,-0.237212,0.107871,-0.0269189,-0.00870963,-0.00143073,-0.00949205,-0.191667,0.00100629
0.281387,-0.25194,-0.237153,-0.0147869,-0.0269872,-0.0087301,-0.0014331,-0.0095204,-0.191513,0.00103061
0.28725,-0.140535,-0.237094,0.0965583,-0.0270558,-0.00875067,-0.00143549,-0.00954892,-0.191358,0.00105492
0.293112,-0.0300177,-0.237033,0.207015,-0.0271248,-0.00877134,-0.00143788,-0.00957761,-0.191201,0.00107921
0.298974,-0.182536,-0.236972,0.054436,-0.0271941,-0.00879213,-0.00144028,-0.00960647,-0.191042,0.00110348
0.304836,-0.134884,-0.236909,0.102026,-0.0272639,-0.00881301,-0.00144269,-0.0096355,-0.190882,0.00112775
0.310699,-0.198188,-0.236846,0.0386584,-0.027334,-0.00883401,-0.0014451,-0.00966471,-0.190721,0.00115199
0.316561,-0.26679,-0.236783,-0.0300077,-0.0274045,-0.00885511,-0.00144753,-0.00969409,-0.190558,0.00117622
0.322423,-0.23446,-0.236718,0.00225805,-0.0274753,-0.00887632,-0.00144996,-0.00972365,-0.190393,0.00120044
0.328285,-0.133202,-0.236652,0.103451,-0.0275466,-0.00889764,-0.0014524,-0.00975339,-0.190227,0.00122464
0.334148,-0.10407,-0.236586,0.132517,-0.0276183,-0.00891908,-0.00145485,-0.00978331,-0.190059,0.00124883
0.34001,-0.24163,-0.236519,-0.00511058,-0.0276903,-0.00894062,-0.00145731,-0.00981342,-0.18989,0.001273
0.345872,-0.0918565,-0.236451,0.144594,-0.0277628,-0.00896228,-0.00145977,-0.0098437,-0.18972,0.00129716
0.351734,-0.22237,-0.236382,0.0140125,-0.0278356,-0.00898405,-0.00146224,-0.00987418,-0.189547,0.0013213
0.357596,-0.287563,-0.236312,-0.0512502,-0.0279089,-0.00900594,-0.00146473,-0.00990484,-0.189373,0.00134543
0.363459,-0.200986,-0.236242,0.0352562,-0.0279825,-0.00902794,-0.00146722,-0.00993569,-0.189198,0.00136954
0.369321,-0.280829,-0.23617,-0.0446584,-0.0280566,-0.00905006,-0.00146971,-0.00996673,-0.189021,0.00139364
0.375183,-0.156878,-0.236098,0.0792206,-0.0281311,-0.00907229,-0.00147222,-0.00999796,-0.188842,0.00141772
0.381045,-0.166018,-0.236025,0.0700067,-0.028206,-0.00909465,-0.00147474,-0.0100294,-0.188662,0.00144179
0.386908,-0.288887,-0.235951,-0.0529357,-0.0282814,-0.00911712,-0.00147726,-0.010061,-0.18848,0.00146585
0.39277,-0.223934,-0.235876,0.0119423,-0.0283571,-0.00913972,-0.0014798,-0.0100928,-0.188297,0.00148989
0.398632,-0.386937,-0.2358,-0.151137,-0.0284333,-0.00916243,-0.00148234,-0.0101249,-0.188111,0.00151391
0.404494,-0.263522,-0.235724,-0.0277979,-0.02851,-0.00918527,-0.00148489,-0.0101571,-0.187924,0.00153792
0.410357,-0.138357,-0.235646,0.0972888,-0.028587,-0.00920823,-0.00148745,-0.0101895,-0.187736,0.00156192
0.416219,-0.1644,-0.235568,0.0711679,-0.0286645,-0.00923132,-0.00149001,-0.0102221,-0.187546,0.0015859
0.422081,-0.397481,-0.235488,-0.161992,-0.0287425,-0.00925453,-0.00149259,-0.010255,-0.187354,0.00160986
0.427943,-0.437367,-0.235408,-0.201959,-0.0288209,-0.00927787,-0.00149518,-0.010288,-0.18716,0.00163381
0.433806,-0.423406,-0.235327,-0.188079,-0.0288998,-0.00930134,-0.00149777,-0.0103213,-0.186965,0.00165775
0.439668,-0.086082,-0.235245,0.149163,-0.0289791,-0.00932494,-0.00150038,-0.0103548,-0.186767,0.00168167
0.44553,-0.0956078,-0.235162,0.139554,-0.0290589,-0.00934866,-0.00150299,-0.0103885,-0.186568,0.00170558
0.451392,-0.304025,-0.235078,-0.0689469,-0.0291391,-0.00937252,-0.00150561,-0.0104224,-0.186368,0.00172947
0.457255,-0.157002,-0.234993,0.0779915,-0.0292198,-0.00939651,-0.00150824,-0.0104565,-0.186165,0.00175335
0.463117,-0.269778,-0.234907,-0.0348705,-0.029301,-0.00942064,-0.00151088,-0.0104909,-0.185961,0.00177721
0.468979,-0.101362,-0.234821,0.133458,-0.0293827,-0.0094449,-0.00151353,-0.0105254,-0.185755,0.00180106
0.474841,-0.0751362,-0.234733,0.159597,-0.0294649,-0.00946929,-0.00151619,-0.0105602,-0.185547,0.00182489
0.480703,-0.0992339,-0.234644,0.13541,-0.0295475,-0.00949382,-0.00151886,-0.0105953,-0.185337,0.00184871
0.486566,-0.115452,-0.234555,0.119103,-0.0296307,-0.00951849,-0.00152153,-0.0106305,-0.185126,0.00187251
0.492428,-0.18395,-0.234464,0.0505145,-0.0297143,-0.0095433,-0.00152422,-0.010666,-0.184913,0.0018963
0.49829,-0.157948,-0.234373,0.076425,-0.0297984,-0.00956825,-0.00152692,-0.0107017,-0.184697,0.00192008
0.504152,-0.254203,-0.23428,-0.0199229,-0.0298831,-0.00959335,-0.00152962,-0.0107377,-0.18448,0.00194384
0.510015,-0.228701,-0.234187,0.0054859,-0.0299682,-0.00961858,-0.00153234,-0.0107739,-0.184261,0.00196758
0.515877,-0.339138,-0.234092,-0.105046,-0.0300539,-0.00964396,-0.00153506,-0.0108104,-0.18404,0.00199131
0.521739,-0.219461,-0.233997,0.0145361,-0.0301401,-0.00966949,-0.0015378,-0.0108471,-0.183817,0.00201502
0.527601,-0.361073,-0.2339,-0.127172,-0.0302268,-0.00969517,-0.00154054,-0.010884,-0.183593,0.00203873
0.533464,-0.296763,-0.233803,-0.0629597,-0.030314,-0.00972099,-0.0015433,-0.0109212,-0.183366,0.00206241
0.539326,-0.248811,-0.233705,-0.0151064,-0.0304018,-0.00974696,-0.00154606,-0.0109586,-0.183137,0.00208608
0.545188,-0.308187,-0.233605,-0.0745821,-0.0304901,-0.00977309,-0.00154884,-0.0109963,-0.182907,0.00210974
0.55105,-0.223645,-0.233505,0.00985978,-0.030579,-0.00979936,-0.00155162,-0.0110343,-0.182674,0.00213338
0.556913,-0.277537,-0.233404,-0.0441333,-0.0306684,-0.00982579,-0.00155441,-0.0110725,-0.182439,0.00215701
0.562775,-0.176246,-0.233301,0.0570549,-0.0307584,-0.00985238,-0.00155722,-0.011111,-0.182203,0.00218062
0.568637,-0.266985,-0.233198,-0.0337873,-0.0308489,-0.00987912,-0.00156003,-0.0111497,-0.181964,0.00220421
0.574499,-0.422067,-0.233093,-0.188974,-0.03094,-0.00990603,-0.00156286,-0.0111887,-0.181724,0.0022278
0.580362,-0.189335,-0.232988,0.0436529,-0.0310317,-0.00993309,-0.00156569,-0.011228,-0.181481,0.00225136
0.586224,-0.182343,-0.232881,0.0505379,-0.0311239,-0.00996031,-0.00156854,-0.0112675,-0.181236,0.00227492
0.592086,-0.122496,-0.232774,0.110278,-0.0312168,-0.0099877,-0.00157139,-0.0113073,-0.180989,0.00229846
0.597948,0.0170764,-0.232665,0.249742,-0.0313102,-0.0100153,-0.00157426,-0.0113474,-0.18074,0.00232198
0.60381,-0.350551,-0.232556,-0.117995,-0.0314042,-0.010043,-0.00157713,-0.0113878,-0.180489,0.00234549
0.609673,-0.250468,-0.232445,-0.0180231,-0.0314988,-0.0100709,-0.00158002,-0.0114285,-0.180236,0.00236898
0.615535,-0.27673,-0.232333,-0.0443972,-0.031594,-0.0100989,-0.00158292,-0.0114695,-0.17998,0.00239246
0.621397,-0.361089,-0.23222,-0.128869,-0.0316899,-0.0101271,-0.00158582,-0.0115107,-0.179723,0.00241592
0.627259,-0.145758,-0.232107,0.0863487,-0.0317863,-0.0101555,-0.00158874,-0.0115523,-0.179463,0.00243937
0.633122,-0.173954,-0.231992,0.0580375,-0.0318834,-0.0101841,-0.00159167,-0.0115941,-0.179201,0.00246281
0.638984,-0.0583151,-0.231876,0.173561,-0.0319811,-0.0102128,-0.00159461,-0.0116362,-0.178937,0.00248623
0.644846,-0.056117,-0.231759,0.175642,-0.0320794,-0.0102418,-0.00159756,-0.0116787,-0.178671,0.00250963
0.650708,-0.233189,-0.23164,-0.00154898,-0.0321784,-0.0102709,-0.00160052,-0.0117214,-0.178402,0.00253302
0.656571,-0.177436,-0.231521,0.054085,-0.032278,-0.0103002,-0.0016035,-0.0117645,-0.178131,0.0025564
0.662433,-0.217585,-0.231401,0.0138159,-0.0323783,-0.0103296,-0.00160648,-0.0118078,-0.177858,0.00257976
0.668295,-0.384951,-0.231279,-0.153672,-0.0324793,-0.0103593,-0.00160947,-0.0118515,-0.177583,0.00260311
0.674157,-0.372986,-0.231157,-0.141829,-0.0325809,-0.0103891,-0.00161248,-0.0118955,-0.177305,0.00262644
0.68002,-0.234289,-0.231033,-0.00325549,-0.0326832,-0.0104192,-0.0016155,-0.0119399,-0.177025,0.00264976
0.685882,-0.138589,-0.230909,0.0923197,-0.0327862,-0.0104494,-0.00161852,-0.0119845,-0.176743,0.00267306
0.691744,-0.0609355,-0.230783,0.169847,-0.0328898,-0.0104798,-0.00162156,-0.0120295,-0.176458,0.00269635
0.697606,-0.151492,-0.230656,0.0791637,-0.0329942,-0.0105104,-0.00162462,-0.0120748,-0.176171,0.00271962
0.703468,-0.143716,-0.230528,0.0868115,-0.0330993,-0.0105412,-0.00162768,-0.0121205,-0.175882,0.00274288
0.709331,-0.212052,-0.230398,0.0183464,-0.0332051,-0.0105722,-0.00163075,-0.0121665,-0.17559,0.00276612
0.715193,-0.186693,-0.230268,0.0435754,-0.0333116,-0.0106034,-0.00163384,-0.0122128,-0.175296,0.00278935
0.721055,-0.229972,-0.230137,0.000165016,-0.0334188,-0.0106348,-0.00163694,-0.0122595,-0.174999,0.00281256
0.726917,-0.374457,-0.230004,-0.144453,-0.0335267,-0.0106664,-0.00164004,-0.0123065,-0.1747,0.00283576
0.73278,-0.437692,-0.22987,-0.207821,-0.0336354,-0.0106982,-0.00164317,-0.0123539,-0.174399,0.00285894
0.738642,-0.369686,-0.229735,-0.13995,-0.0337449,-0.0107302,-0.0016463,-0.0124017,-0.174094,0.00288211
0.744504,-0.226628,-0.229599,0.00297105,-0.0338551,-0.0107624,-0.00164944,-0.0124498,-0.173788,0.00290527
0.750366,-0.118235,-0.229462,0.111227,-0.0339661,-0.0107949,-0.0016526,-0.0124983,-0.173479,0.00292841
0.756229,-0.144458,-0.229324,0.084866,-0.0340778,-0.0108275,-0.00165577,-0.0125472,-0.173167,0.00295153
0.762091,-0.176278,-0.229184,0.0529068,-0.0341903,-0.0108604,-0.00165895,-0.0125964,-0.172853,0.00297464
0.767953,0.0255214,-0.229044,0.254565,-0.0343037,-0.0108935,-0.00166214,-0.0126461,-0.172536,0.00299774
0.773815,-0.215569,-0.228902,0.0133329,-0.0344178,-0.0109268,-0.00166535,-0.0126961,-0.172217,0.00302082
0.779678,-0.253577,-0.228759,-0.0248181,-0.0345327,-0.0109603,-0.00166857,-0.0127465,-0.171895,0.00304389
0.78554,-0.369662,-0.228615,-0.141047,-0.0346484,-0.0109941,-0.0016718,-0.0127972,-0.17157,0.00306694
0.791402,-0.257864,-0.22847,-0.0293944,-0.034765,-0.0110281,-0.00167504,-0.0128484,-0.171243,0.00308997
0.797264,-0.1714,-0.228323,0.0569235,-0.0348824,-0.0110623,-0.00167829,-0.0129,-0.170913,0.003113
0.803127,-0.0541741,-0.228175,0.174001,-0.0350006,-0.0110967,-0.00168156,-0.012952,-0.17058,0.003136
0.808989,-0.308012,-0.228027,-0.0799853,-0.0351197,-0.0111314,-0.00168484,-0.0130044,-0.170245,0.003159
0.814851,-0.283291,-0.227876,-0.0554145,-0.0352396,-0.0111664,-0.00168814,-0.0130573,-0.169907,0.00318197
0.820713,-0.437911,-0.227725,-0.210186,-0.0353605,-0.0112015,-0.00169144,-0.0131105,-0.169566,0.00320494
0.826575,-0.285867,-0.227573,-0.0582943,-0.0354822,-0.0112369,-0.00169476,-0.0131642,-0.169223,0.00322788
0.832438,-0.193857,-0.227419,0.0335624,-0.0356048,-0.0112726,-0.00169809,-0.0132183,-0.168876,0.00325082
0.8383,-0.16501,-0.227264,0.0622541,-0.0357282,-0.0113085,-0.00170144,-0.0132729,-0.168527,0.00327374
0.844162,-0.122531,-0.227108,0.104577,-0.0358526,-0.0113446,-0.0017048,-0.0133279,-0.168175,0.00329664
0.850024,-0.0493519,-0.226951,0.177599,-0.035978,-0.0113811,-0.00170817,-0.0133833,-0.16782,0.00331953
0.855887,-0.125556,-0.226793,0.101237,-0.0361042,-0.0114177,-0.00171155,-0.0134392,-0.167462,0.0033424
0.861749,-0.107388,-0.226633,0.119245,-0.0362314,-0.0114546,-0.00171495,-0.0134956,-0.167102,0.00336526
0.867611,-0.0921312,-0.226472,0.134341,-0.0363595,-0.0114918,-0.00171836,-0.0135524,-0.166738,0.00338811
0.873473,-0.103809,-0.22631,0.122501,-0.0364886,-0.0115293,-0.00172179,-0.0136097,-0.166372,0.00341094
0.879336,-0.369424,-0.226147,-0.143278,-0.0366187,-0.011567,-0.00172523,-0.0136674,-0.166002,0.00343375
0.885198,-0.236344,-0.225982,-0.010362,-0.0367498,-0.011605,-0.00172868,-0.0137257,-0.16563,0.00345656
0.89106,-0.284469,-0.225817,-0.0586526,-0.0368818,-0.0116433,-0.00173215,-0.0137844,-0.165254,0.00347934
0.896922,-0.239788,-0.22565,-0.0141384,-0.0370149,-0.0116818,-0.00173563,-0.0138436,-0.164876,0.00350211
0.902785,-0.208073,-0.225482,0.0174089,-0.037149,-0.0117207,-0.00173912,-0.0139034,-0.164494,0.00352487
0.908647,-0.227511,-0.225312,-0.00219887,-0.0372841,-0.0117598,-0.00174263,-0.0139636,-0.16411,0.00354761
0.914509,-0.310247,-0.225142,-0.0851053,-0.0374202,-0.0117992,-0.00174616,-0.0140243,-0.163722,0.00357034
0.920371,-0.418615,-0.22497,-0.193645,-0.0375574,-0.0118389,-0.00174969,-0.0140856,-0.163331,0.00359305
0.926234,-0.422435,-0.224797,-0.197638,-0.0376957,-0.0118788,-0.00175324,-0.0141474,-0.162937,0.00361575
0.932096,-0.207104,-0.224623,0.0175181,-0.037835,-0.0119191,-0.00175681,-0.0142097,-0.16254,0.00363843
0.937958,-0.216998,-0.224447,0.00744918,-0.0379755,-0.0119597,-0.00176039,-0.0142725,-0.16214,0.0036611
0.94382,-0.203954,-0.22427,0.0203165,-0.038117,-0.0120006,-0.00176398,-0.0143359,-0.161737,0.00368375
0.949682,-0.27019,-0.224092,-0.0460971,-0.0382597,-0.0120418,-0.00176759,-0.0143999,-0.16133,0.00370639
0.955545,-0.267205,-0.223913,-0.0432922,-0.0384035,-0.0120833,-0.00177122,-0.0144644,-0.16092,0.00372901
0.961407,-0.429901,-0.223733,-0.206168,-0.0385484,-0.0121251,-0.00177486,-0.0145294,-0.160507,0.00375162
0.967269,-0.221784,-0.223551,0.00176745,-0.0386945,-0.0121672,-0.00177851,-0.0145951,-0.16009,0.00377422
0.973131,-0.306974,-0.223368,-0.0836059,-0.0388418,-0.0122097,-0.00178218,-0.0146613,-0.15967,0.0037968
0.978994,-0.188627,-0.223184,0.0345576,-0.0389903,-0.0122525,-0.00178586,-0.0147281,-0.159247,0.00381936
0.984856,-0.0674729,-0.222999,0.155526,-0.0391399,-0.0122956,-0.00178956,-0.0147955,-0.15882,0.00384191
0.990718,-0.291981,-0.222813,-0.0691682,-0.0392908,-0.012339,-0.00179328,-0.0148635,-0.15839,0.00386445
0.99658,-0.224556,-0.222625,-0.00193095,-0.0394429,-0.0123828,-0.00179701,-0.0149321,-0.157957,0.00388697
1.00244,-0.102142,-0.222436,0.120294,-0.0395963,-0.0124269,-0.00180075,-0.0150013,-0.15752,0.00390947
1.0083,-0.0280474,-0.222246,0.194198,-0.0397509,-0.0124714,-0.00180451,-0.0150712,-0.15708,0.00393196
1.01417,0.0374805,-0.222054,0.259535,-0.0399068,-0.0125162,-0.00180829,-0.0151417,-0.156636,0.00395444
1.02003,-0.132108,-0.221862,0.0897533,-0.0400639,-0.0125614,-0.00181208,-0.0152128,-0.156188,0.0039769
1.02589,-0.251927,-0.221668,-0.0302594,-0.0402224,-0.0126069,-0.00181589,-0.0152846,-0.155737,0.00399935
1.03175,-0.256963,-0.221473,-0.0354905,-0.0403822,-0.0126528,-0.00181972,-0.015357,-0.155283,0.00402178
1.03762,-0.0444498,-0.221277,0.176827,-0.0405434,-0.0126991,-0.00182356,-0.0154301,-0.154825,0.0040442
1.04348,-0.0754119,-0.221079,0.145667,-0.0407059,-0.0127457,-0.00182741,-0.0155039,-0.154363,0.0040666
1.04934,-0.084199,-0.220881,0.136682,-0.0408698,-0.0127927,-0.00183129,-0.0155783,-0.153897,0.00408899
1.0552,-0.215922,-0.220681,0.00475867,-0.0410351,-0.0128401,-0.00183518,-0.0156535,-0.153428,0.00411136
1.06106,-0.281524,-0.22048,-0.0610439,-0.0412017,-0.0128879,-0.00183908,-0.0157294,-0.152955,0.00413372
1.06693,-0.164314,-0.220277,0.055964,-0.0413699,-0.0129361,-0.001843,-0.0158059,-0.152479,0.00415606
1.07279,-0.160001,-0.220074,0.0600736,-0.0415394,-0.0129847,-0.00184694,-0.0158832,-0.151998,0.00417839
1.07865,0.00225574,-0.219869,0.222125,-0.0417104,-0.0130336,-0.0018509,-0.0159612,-0.151514,0.0042007
1.08451,0.0579435,-0.219664,0.277607,-0.0418829,-0.013083,-0.00185487,-0.01604,-0.151026,0.004223
1.09038,-0.287354,-0.219457,-0.0678976,-0.0420569,-0.0131328,-0.00185886,-0.0161195,-0.150534,0.00424529
1.09624,-0.14323,-0.219249,0.0760185,-0.0422325,-0.013183,-0.00186287,-0.0161998,-0.150038,0.00426756
1.1021,-0.267588,-0.219039,-0.0485483,-0.0424095,-0.0132336,-0.00186689,-0.0162809,-0.149538,0.00428981
1.10796,-0.22266,-0.218829,-0.00383153,-0.0425882,-0.0132846,-0.00187094,-0.0163627,-0.149035,0.00431205
1.11383,-0.313887,-0.218617,-0.0952699,-0.0427684,-0.0133361,-0.00187499,-0.0164453,-0.148527,0.00433428
1.11969,-0.257532,-0.218405,-0.0391276,-0.0429502,-0.013388,-0.00187907,-0.0165288,-0.148015,0.00435649
1.12555,-0.305059,-0.218191,-0.0868682,-0.0431336,-0.0134404,-0.00188317,-0.016613,-0.147499,0.00437868
1.13141,-0.192029,-0.217976,0.0259468,-0.0433187,-0.0134932,-0.00188728,-0.0166981,-0.146979,0.00440087
1.13727,-0.18252,-0.21776,0.0352394,-0.0435054,-0.0135464,-0.00189141,-0.016784,-0.146455,0.00442303
1.14314,0.0499947,-0.217542,0.267537,-0.0436939,-0.0136002,-0.00189556,-0.0168708,-0.145927,0.00444518
1.149,-0.181358,-0.217324,0.035966,-0.043884,-0.0136544,-0.00189972,-0.0169584,-0.145395,0.00446732
1.15486,-0.208698,-0.217105,0.00840711,-0.0440759,-0.013709,-0.00190391,-0.0170469,-0.144858,0.00448944
1.16072,-0.202978,-0.216884,0.0139064,-0.0442695,-0.0137641,-0.00190811,-0.0171363,-0.144318,0.00451155
1.16659,-0.202409,-0.216663,0.0142531,-0.0444649,-0.0138198,-0.00191233,-0.0172266,-0.143773,0.00453364
1.17245,-0.0627235,-0.21644,0.153716,-0.0446622,-0.0138759,-0.00191657,-0.0173177,-0.143223,0.00455572
1.17831,-0.138798,-0.216216,0.0774187,-0.0448612,-0.0139325,-0.00192083,-0.0174099,-0.14267,0.00457778
1.18417,-0.229657,-0.215991,-0.013666,-0.0450621,-0.0139896,-0.00192511,-0.0175029,-0.142112,0.00459983
1.19003,-0.231933,-0.215766,-0.0161671,-0.0452649,-0.0140472,-0.00192941,-0.0175969,-0.141549,0.00462187
1.1959,-0.171355,-0.215539,0.0441834,-0.0454695,-0.0141054,-0.00193372,-0.0176919,-0.140982,0.00464389
1.20176,-0.0646393,-0.215311,0.150672,-0.0456761,-0.0141641,-0.00193806,-0.0177878,-0.140411,0.00466589
1.20762,0.00126859,-0.215082,0.216351,-0.0458847,-0.0142233,-0.00194241,-0.0178847,-0.139835,0.00468788
1.21348,-0.118443,-0.214852,0.096409,-0.0460952,-0.014283,-0.00194679,-0.0179827,-0.139254,0.00470985
1.21935,-0.184693,-0.214621,0.0299289,-0.0463078,-0.0143433,-0.00195118,-0.0180816,-0.138669,0.00473181
1.22521,-0.315759,-0.21439,-0.101369,-0.0465223,-0.0144041,-0.00195559,-0.0181816,-0.13808,0.00475376
1.23107,-0.259501,-0.214157,-0.0453439,-0.046739,-0.0144655,-0.00196003,-0.0182826,-0.137486,0.00477569
1.23693,-0.232964,-0.213923,-0.0190406,-0.0469577,-0.0145275,-0.00196448,-0.0183847,-0.136887,0.00479761
1.24279,-0.209539,-0.213689,0.00414953,-0.0471786,-0.01459,-0.00196896,-0.0184879,-0.136283,0.00481951
1.24866,-0.303355,-0.213453,-0.089902,-0.0474016,-0.0146532,-0.00197345,-0.0185921,-0.135674,0.00484139
1.25452,-0.113574,-0.213217,0.0996429,-0.0476267,-0.0147169,-0.00197797,-0.0186975,-0.135061,0.00486326
1.26038,-0.197169,-0.21298,0.0158106,-0.0478541,-0.0147812,-0.0019825,-0.018804,-0.134443,0.00488512
1.26624,-0.209757,-0.212742,0.00298478,-0.0480838,-0.0148461,-0.00198706,-0.0189116,-0.13382,0.00490696
1.27211,-0.295355,-0.212503,-0.0828519,-0.0483157,-0.0149117,-0.00199163,-0.0190204,-0.133192,0.00492879
1.27797,-0.225264,-0.212263,-0.0130009,-0.0485499,-0.0149778,-0.00199623,-0.0191303,-0.132559,0.0049506
1.28383,-0.331646,-0.212022,-0.119623,-0.0487864,-0.0150446,-0.00200085,-0.0192415,-0.131921,0.0049724
1.28969,-0.33019,-0.211781,-0.118409,-0.0490253,-0.0151121,-0.00200549,-0.0193538,-0.131278,0.00499418
1.29555,-0.224486,-0.211539,-0.0129472,-0.0492667,-0.0151802,-0.00201015,-0.0194674,-0.13063,0.00501595
1.30142,-0.242288,-0.211296,-0.0309916,-0.0495104,-0.0152489,-0.00201484,-0.0195822,-0.129977,0.00503771
1.30728,0.0133606,-0.211052,0.224413,-0.0497566,-0.0153183,-0.00201954,-0.0196982,-0.129319,0.00505945
1.31314,-0.114371,-0.210808,0.096437,-0.0500053,-0.0153884,-0.00202427,-0.0198156,-0.128656,0.00508117
1.319,-0.0123354,-0.210563,0.198228,-0.0502566,-0.0154592,-0.00202902,-0.0199342,-0.127987,0.00510288
1.32487,-0.0508896,-0.210318,0.159428,-0.0505104,-0.0155307,-0.00203379,-0.0200541,-0.127313,0.00512457
1.33073,-0.0606416,-0.210071,0.14943,-0.0507668,-0.0156029,-0.00203859,-0.0201754,-0.126634,0.00514625
1.33659,-0.128642,-0.209824,0.0811822,-0.0510259,-0.0156758,-0.0020434,-0.020298,-0.125949,0.00516792
1.34245,-0.153907,-0.209577,0.0556696,-0.0512877,-0.0157494,-0.00204824,-0.020422,-0.125259,0.00518957
1.34831,-0.302187,-0.209329,-0.0928586,-0.0515522,-0.0158238,-0.00205311,-0.0205473,-0.124564,0.0052112
1.35418,0.0400269,-0.20908,0.249107,-0.0518194,-0.0158989,-0.00205799,-0.0206741,-0.123863,0.00523282
1.36004,0.0696804,-0.208831,0.278512,-0.0520894,-0.0159748,-0.0020629,-0.0208023,-0.123156,0.00525443
1.3659,0.0646096,-0.208581,0.273191,-0.0523623,-0.0160514,-0.00206783,-0.0209319,-0.122444,0.00527602
1.37176,-0.161059,-0.208331,0.0472725,-0.0526381,-0.0161288,-0.00207279,-0.0210629,-0.121726,0.0052976
1.37763,-0.378046,-0.208081,-0.169966,-0.0529167,-0.016207,-0.00207777,-0.0211955,-0.121003,0.00531916
1.38349,-0.207161,-0.20783,0.000668803,-0.0531983,-0.016286,-0.00208277,-0.0213295,-0.120274,0.00534071
1.38935,-0.20902,-0.207578,-0.00144226,-0.0534829,-0.0163657,-0.0020878,-0.0214651,-0.119539,0.00536224
1.39521,0.0612031,-0.207326,0.26853,-0.0537706,-0.0164464,-0.00209285,-0.0216022,-0.118798,0.00538376
1.40107,-0.167138,-0.207074,0.0399364,-0.0540613,-0.0165278,-0.00209792,-0.0217409,-0.118052,0.00540526
1.40694,-0.103431,-0.206822,0.10339,-0.0543551,-0.0166101,-0.00210302,-0.0218811,-0.117299,0.00542675
1.4128,-0.188454,-0.206569,0.0181146,-0.0546521,-0.0166932,-0.00210815,-0.0220229,-0.116541,0.00544822
1.41866,-0.0944077,-0.206316,0.111908,-0.0549523,-0.0167772,-0.0021133,-0.0221664,-0.115776,0.00546968
1.42452,-0.103588,-0.206062,0.102474,-0.0552557,-0.016862,-0.00211847,-0.0223114,-0.115006,0.00549112
1.43039,-0.0975635,-0.205809,0.108245,-0.0555625,-0.0169478,-0.00212367,-0.0224582,-0.114229,0.00551255
1.43625,-0.0300002,-0.205555,0.175555,-0.0558725,-0.0170344,-0.0021289,-0.0226065,-0.113446,0.00553397
1.44211,-0.318467,-0.205301,-0.113166,-0.0561859,-0.017122,-0.00213415,-0.0227566,-0.112657,0.00555537
1.44797,-0.213852,-0.205046,-0.00880543,-0.0565028,-0.0172104,-0.00213943,-0.0229084,-0.111862,0.00557675
1.45383,-0.341854,-0.204792,-0.137062,-0.0568231,-0.0172998,-0.00214473,-0.0230619,-0.111061,0.00559812
1.4597,-0.197056,-0.204538,0.00748196,-0.0571469,-0.0173901,-0.00215006,-0.0232171,-0.110253,0.00561948
1.46556,-0.375325,-0.204283,-0.171042,-0.0574742,-0.0174814,-0.00215541,-0.0233741,-0.109439,0.00564082
1.47142,-0.419558,-0.204028,-0.21553,-0.0578051,-0.0175736,-0.0021608,-0.0235329,-0.108618,0.00566214
1.47728,-0.347059,-0.203773,-0.143286,-0.0581397,-0.0176668,-0.00216621,-0.0236934,-0.10779,0.00568345
1.48315,-0.3935,-0.203518,-0.189981,-0.0584779,-0.017761,-0.00217164,-0.0238558,-0.106957,0.00570475
1.48901,-0.0833464,-0.203263,0.119917,-0.0588199,-0.0178562,-0.00217711,-0.0240199,-0.106116,0.00572603
1.49487,-0.199719,-0.203008,0.00328901,-0.0591656,-0.0179524,-0.0021826,-0.0241859,-0.105269,0.0057473
1.50073,-0.0910212,-0.202753,0.111732,-0.0595151,-0.0180496,-0.00218811,-0.0243537,-0.104415,0.00576855
1.5066,-0.206326,-0.202498,-0.00382847,-0.0598684,-0.0181478,-0.00219366,-0.0245234,-0.103555,0.00578979
1.51246,-0.0277081,-0.202243,0.174535,-0.0602256,-0.018247,-0.00219924,-0.0246949,-0.102687,0.00581101
1.51832,0.0436785,-0.201987,0.245666,-0.0605867,-0.0183473,-0.00220484,-0.0248682,-0.101813,0.00583222
1.52418,-0.107304,-0.201732,0.094428,-0.0609518,-0.0184486,-0.00221047,-0.0250434,-0.100931,0.00585341
1.53004,-0.199872,-0.201477,0.00160436,-0.0613208,-0.018551,-0.00221613,-0.0252205,-0.100043,0.00587459
1.53591,-0.140317,-0.201221,0.0609046,-0.0616939,-0.0186544,-0.00222182,-0.0253994,-0.0991473,0.00589575
1.54177,-0.18424,-0.200965,0.0167251,-0.062071,-0.0187589,-0.00222753,-0.0255802,-0.0982447,0.0059169
1.54763,0.0360858,-0.20071,0.236795,-0.0624522,-0.0188645,-0.00223328,-0.0257628,-0.0973349,0.00593804
1.55349,-0.18479,-0.200454,0.0156638,-0.0628375,-0.0189711,-0.00223906,-0.0259473,-0.0964178,0.00595916
1.55936,-0.252622,-0.200197,-0.0524242,-0.0632269,-0.0190789,-0.00224486,-0.0261336,-0.0954934,0.00598026
1.56522,-0.253137,-0.199941,-0.0531963,-0.0636205,-0.0191877,-0.0022507,-0.0263217,-0.0945616,0.00600135
1.57108,-0.0761221,-0.199684,0.123562,-0.0640182,-0.0192976,-0.00225657,-0.0265116,-0.0936224,0.00602243
1.57694,-0.166294,-0.199427,0.0331328,-0.0644202,-0.0194086,-0.00226246,-0.0267032,-0.0926756,0.00604349
1.5828,-0.212666,-0.199169,-0.013497,-0.0648263,-0.0195207,-0.00226839,-0.0268966,-0.0917213,0.00606453
1.58867,-0.124788,-0.19891,0.0741227,-0.0652366,-0.0196339,-0.00227435,-0.0270916,-0.0907594,0.00608556
1.59453,-0.110694,-0.198651,0.087957,-0.0656511,-0.0197482,-0.00228034,-0.0272883,-0.0897897,0.00610658
1.60039,-0.207998,-0.198391,-0.00960705,-0.0660698,-0.0198635,-0.00228636,-0.0274865,-0.0888123,0.00612758
1.60625,-0.0279723,-0.19813,0.170157,-0.0664926,-0.0199799,-0.00229242,-0.0276863,-0.0878271,0.00614857
1.61212,-0.114502,-0.197867,0.0833657,-0.0669196,-0.0200974,-0.0022985,-0.0278875,-0.0868339,0.00616954
1.61798,-0.0486946,-0.197604,0.148909,-0.0673508,-0.0202159,-0.00230462,-0.0280901,-0.0858328,0.0061905
1.62384,-0.0607001,-0.197338,0.136638,-0.067786,-0.0203355,-0.00231077,-0.0282939,-0.0848237,0.00621144
1.6297,-0.183166,-0.197071,0.0139048,-0.0682253,-0.020456,-0.00231695,-0.028499,-0.0838064,0.00623237
1.63556,-0.133169,-0.196802,0.0636334,-0.0686685,-0.0205776,-0.00232316,-0.028705,-0.082781,0.00625328
1.64143,-0.0853764,-0.19653,0.111154,-0.0691157,-0.0207001,-0.00232941,-0.028912,-0.0817474,0.00627418
1.64729,-0.259356,-0.196256,-0.0631001,-0.0695667,-0.0208235,-0.0023357,-0.0291197,-0.0807054,0.00629506
1.65315,-0.104827,-0.195978,0.091151,-0.0700214,-0.0209478,-0.00234201,-0.029328,-0.079655,0.00631593
1.65901,-0.305893,-0.195697,-0.110195,-0.0704797,-0.021073,-0.00234836,-0.0295367,-0.0785962,0.00633678
1.66488,-0.0703791,-0.195412,0.125033,-0.0709415,-0.021199,-0.00235475,-0.0297456,-0.0775288,0.00635762
1.67074,-0.177261,-0.195122,0.0178611,-0.0714066,-0.0213257,-0.00236116,-0.0299544,-0.0764529,0.00637845
1.6766,-0.106563,-0.194828,0.0882641,-0.0718749,-0.0214531,-0.00236762,-0.0301629,-0.0753682,0.00639926
1.68246,-0.131846,-0.194527,0.0626811,-0.0723462,-0.0215811,-0.00237411,-0.0303708,-0.0742749,0.00642005
1.68832,-0.0483983,-0.19422,0.145822,-0.0728201,-0.0217097,-0.00238063,-0.0305776,-0.0731726,0.00644083
1.69419,-0.0558738,-0.193906,0.138032,-0.0732965,-0.0218387,-0.00238719,-0.0307832,-0.0720615,0.0064616
1.70005,-0.146042,-0.193583,0.0475411,-0.0737751,-0.0219681,-0.00239379,-0.0309869,-0.0709414,0.00648235
1.70591,-0.0793731,-0.193251,0.113878,-0.0742555,-0.0220978,-0.00240042,-0.0311885,-0.0698122,0.00650308
1.71177,-0.148574,-0.192909,0.0443353,-0.0747375,-0.0222275,-0.00240709,-0.0313872,-0.0686739,0.00652381
1.71764,-0.270649,-0.192556,-0.0780931,-0.0752204,-0.0223573,-0.00241379,-0.0315826,-0.0675263,0.00654451
1.7235,-0.148296,-0.19219,0.0438939,-0.075704,-0.0224869,-0.00242053,-0.031774,-0.0663694,0.0065652
1.72936,-0.143973,-0.191809,0.0478359,-0.0761877,-0.0226161,-0.00242732,-0.0319607,-0.0652032,0.00658588
1.73522,-0.0642575,-0.191413,0.127155,-0.0766708,-0.0227448,-0.00243413,-0.0321418,-0.0640275,0.00660654
1.74108,-0.186689,-0.190998,0.00430894,-0.0771528,-0.0228728,-0.00244099,-0.0323164,-0.0628422,0.00662719
1.74695,0.062236,-0.190564,0.2528,-0.077633,-0.0229997,-0.00244788,-0.0324836,-0.0616473,0.00664782
1.75281,-0.17389,-0.190107,0.0162172,-0.0781104,-0.0231254,-0.00245482,-0.0326421,-0.0604427,0.00666844
1.75867,-0.0514901,-0.189625,0.138135,-0.0785842,-0.0232495,-0.00246179,-0.0327907,-0.0592283,0.00668904
1.76453,-0.236267,-0.189116,-0.0471508,-0.0790535,-0.0233718,-0.0024688,-0.0329279,-0.0580039,0.00670963
1.7704,-0.296948,-0.188576,-0.108372,-0.0795169,-0.0234917,-0.00247585,-0.0330521,-0.0567696,0.00673021
1.77626,-0.173608,-0.188001,0.014393,-0.0799734,-0.0236089,-0.00248295,-0.0331615,-0.0555252,0.00675076
1.78212,-0.206669,-0.187388,-0.0192809,-0.0804215,-0.023723,-0.00249008,-0.033254,-0.0542707,0.00677131
1.78798,-0.333502,-0.186732,-0.146771,-0.0808595,-0.0238334,-0.00249725,-0.0333273,-0.0530059,0.00679184
1.79384,-0.168227,-0.186027,0.0177996,-0.0812858,-0.0239395,-0.00250447,-0.0333789,-0.0517307,0.00681235
1.79971,-0.360066,-0.185269,-0.174798,-0.0816984,-0.0240406,-0.00251172,-0.0334057,-0.0504452,0.00683285
1.80557,-0.217194,-0.18445,-0.0327442,-0.082095,-0.024136,-0.00251902,-0.0334044,-0.0491491,0.00685334
1.81143,-0.232868,-0.183564,-0.0493036,-0.0824732,-0.0242249,-0.00252636,-0.0333712,-0.0478423,0.00687381
1.81729,-0.118498,-0.182603,0.0641051,-0.0828302,-0.0243064,-0.00253374,-0.0333019,-0.0465249,0.00689426
1.82316,-0.318427,-0.181557,-0.13687,-0.0831628,-0.0243794,-0.00254117,-0.0331914,-0.0451966,0.00691471
1.82902,-0.247443,-0.180416,-0.067027,-0.0834677,-0.0244426,-0.00254863,-0.0330344,-0.0438574,0.00693513
1.83488,-0.0707277,-0.179168,0.10844,-0.0837409,-0.0244948,-0.00255615,-0.0328243,-0.0425072,0.00695554
1.84074,-0.217393,-0.1778,-0.0395929,-0.0839779,-0.0245345,-0.0025637,-0.0325538,-0.0411459,0.00697594
1.8466,-0.11384,-0.176297,0.0624571,-0.0841738,-0.02456,-0.0025713,-0.0322146,-0.0397734,0.00699632
1.85247,-0.142126,-0.174641,0.0325148,-0.0843229,-0.0245692,-0.00257895,-0.0317969,-0.0383895,0.00701669
1.85833,-0.142287,-0.172813,0.030526,-0.084419,-0.0245601,-0.00258664,-0.0312897,-0.0369943,0.00703704
1.86419,-0.0272297,-0.170789,0.14356,-0.0844548,-0.0245302,-0.00259438,-0.03068,-0.0355875,0.00705738
1.87005,-0.0166485,-0.168545,0.151897,-0.0844221,-0.0244765,-0.00260216,-0.0299528,-0.0341691,0.0070777
1.87592,-0.180474,-0.166049,-0.0144247,-0.0843118,-0.024396,-0.00260999,-0.0290907,-0.0327389,0.00709801
1.88178,-0.289321,-0.163268,-0.126054,-0.0841133,-0.0242847,-0.00261786,-0.0280732,-0.0312969,0.0071183
1.88764,-0.303737,-0.16016,-0.143577,-0.0838146,-0.0241386,-0.00262579,-0.0268763,-0.029843,0.00713858
1.8935,-0.33291,-0.156679,-0.176231,-0.0834021,-0.0239528,-0.00263376,-0.0254719,-0.028377,0.00715885
1.89936,-0.261503,-0.152769,-0.108733,-0.08286,-0.0237215,-0.00264178,-0.0238265,-0.0268988,0.0071791
1.90523,-0.382937,-0.148368,-0.234569,-0.0821703,-0.0234384,-0.00264984,-0.0219004,-0.0254084,0.00719933
1.91109,-0.228777,-0.143398,-0.0853783,-0.0813124,-0.0230958,-0.00265796,-0.0196463,-0.0239055,0.00721955
1.91695,-0.369623,-0.137771,-0.231851,-0.0802623,-0.0226851,-0.00266613,-0.0170074,-0.0223902,0.00723975
1.92281,-0.320398,-0.13138,-0.189018,-0.0789925,-0.022196,-0.00267434,-0.0139149,-0.0208622,0.00725994
1.92868,-0.198927,-0.124097,-0.0748299,-0.0774709,-0.0216166,-0.00268261,-0.0102857,-0.0193214,0.00728012
1.93454,-0.150962,-0.115769,-0.0351924,-0.0756601,-0.0209329,-0.00269092,-0.00601792,-0.0177678,0.00730028
1.9404,-0.0488204,-0.106211,0.0573911,-0.0735165,-0.0201283,-0.00269929,-0.000986451,-0.0162013,0.00732043
1.94626,-0.00529284,-0.0951973,0.0899045,-0.0709892,-0.0191832,-0.00270771,0.00496383,-0.0146216,0.00734056
1.95213,-0.0422944,-0.0824497,0.0401552,-0.0680179,-0.0180743,-0.00271618,0.0120267,-0.0130287,0.00736067
1.95799,0.0320363,-0.067625,0.0996613,-0.0645315,-0.0167737,-0.00272471,0.0204465,-0.0114224,0.00738078
1.96385,0.0736217,-0.0502946,0.123916,-0.0604458,-0.0152477,-0.00273329,0.0305341,-0.0098027,0.00740086
1.96971,-0.113429,-0.0299171,-0.0835121,-0.05566,-0.013456,-0.00274192,0.0426892,-0.00816937,0.00742094
1.97557,-0.157823,-0.0058025,-0.152021,-0.0500537,-0.0113491,-0.0027506,0.0574322,-0.00652231,0.00744099
1.98144,-0.0899765,0.0229408,-0.112917,-0.0434814,-0.00886658,-0.00275934,0.0754485,-0.00486139,0.00746104
1.9873,-0.0154035,0.0574798,-0.0728833,-0.0357672,-0.00593408,-0.00276814,0.0976546,-0.00318648,0.00748106
1.99316,-0.0569932,0.0993669,-0.15636,-0.026696,-0.00245902,-0.00277699,0.125295,-0.00149745,0.00750108
1.99902,0.204651,0.150703,0.0539482,-0.016004,0.00167452,-0.0027859,0.160091,0.000205833,0.00752108
2.00489,0.131096,0.214387,-0.0832911,-0.00336484,0.0066131,-0.00279486,0.204469,0.00192351,0.00754106
2.01075,0.232307,0.294518,-0.0622109,0.0116286,0.0125438,-0.00280388,0.261933,0.00365571,0.00756103
2.01661,0.213607,0.397036,-0.183429,0.0294881,0.0197083,-0.00281296,0.337669,0.00540258,0.00758098
2.02247,0.34656,0.530828,-0.184268,0.0508639,0.028422,-0.0028221,0.439599,0.00716425,0.00760092
2.02833,0.444631,0.70967,-0.265039,0.0765896,0.0391027,-0.00283129,0.580247,0.00894087,0.00762085
2.0342,0.639,0.955841,-0.316841,0.107747,0.0523114,-0.00284055,0.780249,0.0107326,0.00764076
2.04006,0.920206,1.30724,-0.38703,0.145758,0.0688146,-0.00284987,1.07531,0.0125395,0.00766065
2.04592,1.39346,1.8323,-0.438836,0.192515,0.0896781,-0.00285924,1.53092,0.0143618,0.00768053
2.05178,2.11426,2.66377,-0.549501,0.25058,0.116416,-0.00286868,2.27574,0.0161997,0.0077004
2.05765,3.46399,4.0808,-0.61681,0.323478,0.151233,-0.00287818,3.58319,0.0180532,0.00772025
2.06351,6.44124,6.71776,-0.276518,0.416159,0.19742,-0.00288774,6.07941,0.0199226,0.00774009
2.06937,13.014,12.0137,1.00022,0.535722,0.260062,-0.00289737,11.1913,0.0218079,0.00775991
2.07523,23.5927,21.6909,1.90181,0.692619,0.347297,-0.00290706,20.6224,0.0237094,0.00777971
2.08109,28.5666,28.0151,0.55159,0.902685,0.472737,-0.00291681,26.6091,0.0256272,0.00779951
2.08696,20.3327,20.7496,-0.416866,1.19074,0.660356,-0.00292663,18.866,0.0275614,0.00781928
2.09282,12.2789,13.4914,-1.21244,1.59726,0.95506,-0.00293651,10.9046,0.0295123,0.00783905
2.09868,8.41045,10.2943,-1.8839,2.19143,1.44727,-0.00294646,6.61925,0.0314799,0.00785879
2.10454,7.69208,9.83988,-2.14781,3.0983,2.33423,-0.00295648,4.36896,0.0334644,0.00787853
2.11041,9.41598,11.7681,-2.3521,4.55936,4.07448,-0.00296656,3.09384,0.0354661,0.00789825
2.11627,14.3657,17.0784,-2.71271,7.07816,7.64526,-0.00297671,2.31257,0.037485,0.00791795
2.12213,24.8167,26.8985,-2.08182,11.7904,13.2619,-0.00298693,1.80171,0.0395214,0.00793764
2.12799,38.4883,36.7642,1.72414,21.3344,13.9336,-0.00299722,1.44972,0.0415754,0.00795731
2.13385,52.3336,50.1109,2.22276,40.0713,8.79419,-0.00300758,1.19676,0.0436472,0.00797697
2.13972,65.1016,64.9666,0.134994,58.8071,5.10013,-0.00301802,1.00863,0.0457369,0.00799662
2.14558,52.3435,51.0245,1.31905,46.9275,3.17944,-0.00302852,0.864677,0.0478448,0.00801625
2.15144,30.4852,30.401,0.0841729,27.4454,2.14874,-0.0030391,0.751893,0.049971,0.00803586
2.1573,17.171,18.6147,-1.44377,16.3468,1.54905,-0.00304975,0.66173,0.0521158,0.00805546
2.16317,10.9537,12.4035,-1.44985,10.5826,1.17322,-0.00306047,0.588399,0.0542792,0.00807505
2.16903,7.65359,8.89133,-1.23774,7.37905,0.92294,-0.00307127,0.527862,0.0564614,0.00809462
2.17489,5.79639,6.73877,-0.942382,5.4499,0.747951,-0.00308214,0.477231,0.0586628,0.00811417
2.18075,4.3635,5.32705,-0.963547,4.20604,0.620687,-0.00309309,0.434397,0.0608834,0.00813371
2.18661,3.66738,4.34969,-0.682314,3.35862,0.525102,-0.00310412,0.39779,0.0631234,0.00815324
2.19248,3.20374,3.64317,-0.439429,2.75515,0.451365,-0.00311522,0.366221,0.0653831,0.00817275
2.19834,2.62215,3.11433,-0.492182,2.30964,0.393188,-0.0031264,0.338773,0.0676627,0.00819225
2.2042,2.42218,2.70705,-0.284873,1.97088,0.346402,-0.00313767,0.314734,0.0699622,0.00821173
2.21006,1.94711,2.38588,-0.438772,1.70683,0.308153,-0.00314901,0.29354,0.072282,0.0082312
2.21593,1.85072,2.12755,-0.276836,1.49667,0.276434,-0.00316043,0.27474,0.0746223,0.00825065
2.22179,1.68437,1.91624,-0.231868,1.32639,0.249799,-0.00317194,0.257974,0.0769832,0.00827009
2.22765,1.50725,1.74087,-0.233624,1.18627,0.227186,-0.00318353,0.242943,0.079365,0.00828951
2.23351,1.55572,1.59351,-0.0377895,1.06942,0.207797,-0.0031952,0.229407,0.0817679,0.00830892
2.23937,1.50748,1.46832,0.0391566,0.970817,0.191028,-0.00320696,0.217164,0.0841921,0.00832832
2.24524,1.23358,1.36096,-0.127378,0.886733,0.176409,-0.0032188,0.206047,0.0866378,0.0083477
2.2511,1.12306,1.26809,-0.145035,0.814362,0.163574,-0.00323073,0.195914,0.0891052,0.00836706
2.25696,1.16809,1.18717,-0.0190767,0.751551,0.152233,-0.00324275,0.186647,0.0915945,0.00838641
2.26282,1.04143,1.11618,-0.0747515,0.696627,0.142152,-0.00325485,0.178145,0.0941061,0.00840574
2.26869,1.18018,1.05353,0.126647,0.648271,0.133143,-0.00326704,0.170321,0.0966401,0.00842506
2.27455,0.944783,0.99795,-0.0531676,0.605435,0.125052,-0.00327933,0.163101,0.0991967,0.00844437
2.28041,0.915293,0.948396,-0.0331022,0.567273,0.117753,-0.0032917,0.156421,0.101776,0.00846366
2.28627,0.738262,0.904023,-0.165761,0.533101,0.11114,-0.00330417,0.150225,0.104379,0.00848294
2.29213,0.642363,0.864134,-0.221771,0.502354,0.105125,-0.00331673,0.144465,0.107005,0.0085022
2.298,0.763078,0.828147,-0.0650692,0.474568,0.0996347,-0.00332939,0.139097,0.109654,0.00852144
2.30386,0.745281,0.795575,-0.050294,0.449356,0.0946058,-0.00334214,0.134087,0.112328,0.00854068
2.30972,0.820753,0.766008,0.0547446,0.426394,0.0899852,-0.00335499,0.129399,0.115025,0.00855989
2.31558,0.807272,0.739098,0.0681744,0.405407,0.0857271,-0.00336793,0.125005,0.117747,0.00857909
2.32145,0.776221,0.714547,0.0616741,0.386163,0.0817924,-0.00338098,0.120881,0.120493,0.00859828
2.32731,0.766324,0.6921,0.0742245,0.368463,0.0781468,-0.00339412,0.117001,0.123265,0.00861745
2.33317,0.716256,0.671536,0.0447198,0.352138,0.0747609,-0.00340736,0.113348,0.126061,0.00863661
2.33903,0.599359,0.652666,-0.0533074,0.337039,0.071609,-0.00342071,0.1099,0.128883,0.00865575
2.34489,0.512677,0.635323,-0.122645,0.323039,0.0686684,-0.00343416,0.106644,0.13173,0.00867488
2.35076,0.756034,0.619361,0.136673,0.310029,0.0659192,-0.00344771,0.103563,0.134604,0.008694
2.35662,0.638194,0.604654,0.0335405,0.29791,0.0633441,-0.00346137,0.100645,0.137504,0.0087131
2.36248,0.582746,0.591089,-0.00834337,0.286598,0.0609275,-0.00347513,0.0978768,0.14043,0.00873218
2.36834,0.405058,0.578567,-0.173508,0.276018,0.0586556,-0.00348901,0.0952483,0.143382,0.00875125
2.37421,0.467446,0.567,-0.0995533,0.266104,0.0565162,-0.00350299,0.0927493,0.146362,0.0087703
2.38007,0.29919,0.556309,-0.257119,0.256798,0.0544983,-0.00351708,0.090371,0.14937,0.00878934
2.38593,0.415249,0.546425,-0.131176,0.248047,0.0525921,-0.00353129,0.0881049,0.152405,0.00880837
2.39179,0.367707,0.537286,-0.169579,0.239804,0.0507889,-0.0035456,0.0859437,0.155467,0.00882738
2.39766,0.371532,0.528835,-0.157303,0.232029,0.0490805,-0.00356004,0.0838805,0.158558,0.00884637
2.40352,0.470192,0.521022,-0.0508291,0.224684,0.0474601,-0.00357458,0.0819089,0.161678,0.00886536
2.40938,0.323961,0.513801,-0.189839,0.217735,0.0459209,-0.00358925,0.0800233,0.164826,0.00888432
2.41524,0.447595,0.507131,-0.0595364,0.211152,0.0444572,-0.00360403,0.0782182,0.168004,0.00890327
2.4211,0.538009,0.500975,0.0370338,0.204908,0.0430636,-0.00361893,0.0764889,0.171211,0.00892221
2.42697,0.525091,0.4953,0.0297914,0.198979,0.0417352,-0.00363395,0.0748307,0.174448,0.00894113
2.43283,0.538172,0.490074,0.0480975,0.193341,0.0404677,-0.0036491,0.0732395,0.177715,0.00896004
2.43869,0.35406,0.48527,-0.13121,0.187974,0.039257,-0.00366437,0.0717115,0.181013,0.00897893
2.44455,0.5596,0.480862,0.0787379,0.18286,0.0380993,-0.00367976,0.0702431,0.184341,0.00899781
2.45042,0.555617,0.476826,0.0787908,0.177982,0.0369913,-0.00369529,0.0688309,0.1877,0.00901667
2.45628,0.455568,0.473142,-0.0175739,0.173324,0.0359298,-0.00371094,0.0674719,0.191091,0.00903552
2.46214,0.57162,0.469789,0.101831,0.168872,0.034912,-0.00372672,0.0661633,0.194514,0.00905435
2.468,0.651607,0.46675,0.184857,0.164613,0.0339352,-0.00374263,0.0649023,0.197969,0.00907317
2.47386,0.493378,0.464008,0.0293699,0.160535,0.0329969,-0.00375868,0.0636865,0.201456,0.00909198
2.47973,0.317886,0.461548,-0.143662,0.156627,0.032095,-0.00377486,0.0625136,0.204976,0.00911077
2.48559,0.466892,0.459356,0.00753679,0.152879,0.0312273,-0.00379117,0.0613813,0.20853,0.00912954
2.49145,0.471715,0.457418,0.0142969,0.149281,0.0303918,-0.00380763,0.0602877,0.212117,0.0091483
2.49731,0.594998,0.455723,0.139275,0.145824,0.0295869,-0.00382423,0.0592309,0.215738,0.00916704
2.50318,0.515456,0.454259,0.0611964,0.142501,0.0288107,-0.00384096,0.0582091,0.219394,0.00918577
2.50904,0.559741,0.453017,0.106724,0.139304,0.0280618,-0.00385784,0.0572206,0.223084,0.00920449
2.5149,0.468873,0.451987,0.0168859,0.136226,0.0273386,-0.00387487,0.0562639,0.226809,0.00922319
2.52076,0.612701,0.451159,0.161542,0.133261,0.0266399,-0.00389204,0.0553375,0.23057,0.00924188
2.52662,0.429974,0.450526,-0.0205521,0.130403,0.0259644,-0.00390936,0.05444,0.234367,0.00926055
2.53249,0.461668,0.450079,0.0115884,0.127645,0.0253109,-0.00392684,0.0535702,0.238201,0.0092792
2.53835,0.416406,0.449813,-0.0334068,0.124984,0.0246783,-0.00394446,0.0527267,0.242071,0.00929785
2.54421,0.475101,0.44972,0.0253817,0.122413,0.0240656,-0.00396224,0.0519085,0.245978,0.00931647
2.55007,0.439203,0.449793,-0.0105905,0.119929,0.0234718,-0.00398018,0.0511144,0.249923,0.00933508
2.55594,0.37378,0.450028,-0.0762473,0.117527,0.0228959,-0.00399827,0.0503435,0.253906,0.00935368
2.5618,0.385407,0.450418,-0.0650113,0.115203,0.0223372,-0.00401653,0.0495947,0.257928,0.00937226
2.56766,0.485363,0.45096,0.0344037,0.112953,0.0217948,-0.00403495,0.0488671,0.261988,0.00939083
2.57352,0.466364,0.451647,0.0147168,0.110775,0.021268,-0.00405353,0.0481599,0.266088,0.00940939
2.57938,0.439994,0.452476,-0.0124817,0.108664,0.0207561,-0.00407228,0.0474723,0.270228,0.00942792
2.58525,0.55856,0.453442,0.105118,0.106617,0.0202583,-0.0040912,0.0468034,0.274408,0.00944645
2.59111,0.443963,0.454542,-0.0105795,0.104632,0.0197742,-0.00411029,0.0461525,0.278629,0.00946496
2.59697,0.501556,0.455773,0.0457834,0.102706,0.0193029,-0.00412955,0.0455189,0.282891,0.00948345
2.60283,0.575328,0.45713,0.118198,0.100836,0.0188441,-0.00414899,0.044902,0.287195,0.00950193
2.6087,0.525864,0.458611,0.0672532,0.0990202,0.0183972,-0.00416861,0.0443011,0.29154,0.0095204
2.61456,0.424685,0.460212,-0.0355275,0.0972556,0.0179616,-0.0041884,0.0437156,0.295929,0.00953885
2.62042,0.489215,0.461932,0.027283,0.0955402,0.0175369,-0.00420838,0.0431449,0.300361,0.00955728
2.62628,0.319838,0.463767,-0.143929,0.093872,0.0171227,-0.00422855,0.0425885,0.304837,0.0095757
2.63214,0.199278,0.465715,-0.266437,0.0922491,0.0167184,-0.0042489,0.0420459,0.309356,0.00959411
2.63801,0.316549,0.467774,-0.151224,0.0906696,0.0163238,-0.00426944,0.0415166,0.313921,0.0096125
2.64387,0.485236,0.469942,0.0152945,0.0891317,0.0159383,-0.00429018,0.0410001,0.318531,0.00963087
2.64973,0.539493,0.472216,0.0672764,0.0876338,0.0155617,-0.00431111,0.0404959,0.323186,0.00964924
2.65559,0.401196,0.474596,-0.0733992,0.0861744,0.0151936,-0.00433224,0.0400037,0.327889,0.00966758
2.66146,0.287335,0.477078,-0.189743,0.0847518,0.0148337,-0.00435357,0.039523,0.332637,0.00968591
2.66732,0.405778,0.479663,-0.0738844,0.0833647,0.0144816,-0.0043751,0.0390534,0.337434,0.00970423
2.67318,0.53789,0.482347,0.0555424,0.0820118,0.014137,-0.00439684,0.0385945,0.342278,0.00972253
2.67904,0.62602,0.485131,0.140889,0.0806917,0.0137997,-0.00441878,0.0381461,0.347172,0.00974082
2.6849,0.483259,0.488012,-0.00475293,0.0794032,0.0134694,-0.00444094,0.0377077,0.352114,0.00975909
2.69077,0.430621,0.49099,-0.0603694,0.0781452,0.0131457,-0.00446331,0.037279,0.357106,0.00977735
2.69663,0.537794,0.494063,0.0437305,0.0769166,0.0128286,-0.0044859,0.0368597,0.362149,0.0097956
2.70249,0.653968,0.497231,0.156738,0.0757162,0.0125176,-0.00450871,0.0364495,0.367242,0.00981382
2.70835,0.54902,0.500492,0.0485279,0.0745431,0.0122127,-0.00453174,0.0360482,0.372388,0.00983204
2.71422,0.556657,0.503845,0.0528119,0.0733963,0.0119136,-0.004555,0.0356553,0.377585,0.00985024
2.72008,0.591942,0.507291,0.0846505,0.0722748,0.01162,-0.00457849,0.0352708,0.382836,0.00986842
2.72594,0.58164,0.510828,0.0708121,0.0711779,0.0113318,-0.00460221,0.0348943,0.38814,0.00988659
2.7318,0.393391,0.514455,-0.121064,0.0701047,0.0110488,-0.00462617,0.0345255,0.393498,0.00990475
2.73766,0.366575,0.518173,-0.151598,0.0690543,0.0107707,-0.00465037,0.0341643,0.398911,0.00992289
2.74353,0.523412,0.52198,0.00143192,0.068026,0.0104975,-0.00467481,0.0338105,0.40438,0.00994101
2.74939,0.454067,0.525876,-0.0718093,0.067019,0.0102289,-0.00469949,0.0334637,0.409905,0.00995912
2.75525,0.658606,0.529861,0.128745,0.0660327,0.00996486,-0.00472443,0.0331238,0.415487,0.00997722
2.76111,0.670156,0.533934,0.136222,0.0650664,0.00970512,-0.00474961,0.0327906,0.421126,0.0099953
2.76698,0.565066,0.538095,0.0269708,0.0641194,0.00944955,-0.00477506,0.0324639,0.426824,0.0100134
2.77284,0.491655,0.542345,-0.0506894,0.063191,0.00919802,-0.00480076,0.0321435,0.432581,0.0100314
2.7787,0.477657,0.546681,-0.0690243,0.0622808,0.0089504,-0.00482673,0.0318293,0.438398,0.0100495
2.78456,0.84455,0.551106,0.293444,0.0613881,0.00870653,-0.00485296,0.031521,0.444276,0.0100675
2.79043,0.710169,0.555618,0.154551,0.0605124,0.0084663,-0.00487947,0.0312185,0.450215,0.0100855
2.79629,0.699001,0.560218,0.138784,0.0596532,0.00822959,-0.00490625,0.0309216,0.456216,0.0101035
2.80215,0.455609,0.564905,-0.109296,0.0588099,0.00799627,-0.00493331,0.0306303,0.46228,0.0101215
2.80801,0.636347,0.569679,0.0666677,0.057982,0.00776623,-0.00496065,0.0303443,0.468408,0.0101394
2.81387,0.686288,0.574541,0.111746,0.0571691,0.00753935,-0.00498828,0.0300634,0.4746,0.0101574
2.81974,0.729778,0.579491,0.150287,0.0563708,0.00731554,-0.0050162,0.0297876,0.480858,0.0101753
2.8256,0.625395,0.584529,0.0408662,0.0555866,0.00709468,-0.00504441,0.0295168,0.487182,0.0101932
2.83146,0.623393,0.589655,0.0337386,0.054816,0.00687669,-0.00507292,0.0292507,0.493573,0.0102111
2.83732,0.563017,0.594869,-0.0318514,0.0540588,0.00666145,-0.00510174,0.0289893,0.500032,0.010229
2.84319,0.618197,0.600172,0.0180254,0.0533144,0.00644888,-0.00513086,0.0287325,0.50656,0.0102469
2.84905,0.610919,0.605563,0.00535545,0.0525825,0.00623889,-0.0051603,0.0284801,0.513157,0.0102647
2.85491,0.593211,0.611044,-0.0178328,0.0518628,0.0060314,-0.00519005,0.028232,0.519825,0.0102826
2.86077,0.582119,0.616615,-0.0344957,0.0511549,0.0058263,-0.00522013,0.0279881,0.526565,0.0103004
2.86663,0.713802,0.622275,0.0915267,0.0504585,0.00562354,-0.00525053,0.0277483,0.533377,0.0103182
2.8725,0.662622,0.628026,0.0345961,0.0497733,0.00542301,-0.00528125,0.0275125,0.540263,0.010336
2.87836,0.540955,0.633868,-0.0929128,0.0490988,0.00522466,-0.00531232,0.0272807,0.547223,0.0103538
2.88422,0.497179,0.639802,-0.142622,0.0484349,0.0050284,-0.00534372,0.0270526,0.554258,0.0103716
2.89008,0.616841,0.645827,-0.028986,0.0477813,0.00483416,-0.00537547,0.0268283,0.561369,0.0103894
2.89595,0.818366,0.651945,0.166421,0.0471376,0.00464188,-0.00540756,0.0266076,0.568558,0.0104071
2.90181,0.588423,0.658156,-0.0697333,0.0465035,0.00445147,-0.00544001,0.0263904,0.575826,0.0104248
2.90767,0.762104,0.664461,0.0976434,0.0458789,0.00426289,-0.00547282,0.0261767,0.583172,0.0104425
2.91353,0.683232,0.67086,0.0123724,0.0452635,0.00407605,-0.00550599,0.0259664,0.5906,0.0104602
2.91939,0.784632,0.677354,0.107278,0.044657,0.00389091,-0.00553953,0.0257594,0.598108,0.0104779
2.92526,0.646702,0.683944,-0.0372419,0.0440592,0.0037074,-0.00557345,0.0255556,0.6057,0.0104956
2.93112,0.699483,0.690631,0.00885233,0.0434698,0.00352545,-0.00560774,0.0253549,0.613375,0.0105132
2.93698,0.422506,0.697415,-0.274909,0.0428887,0.00334502,-0.00564242,0.0251574,0.621135,0.0105309
2.94284,0.604019,0.704297,-0.100278,0.0423155,0.00316604,-0.00567748,0.0249628,0.628982,0.0105485
2.94871,0.49596,0.711278,-0.215318,0.0417502,0.00298847,-0.00571294,0.0247712,0.636915,0.0105661
2.95457,0.738464,0.718359,0.0201052,0.0411924,0.00281224,-0.0057488,0.0245825,0.644937,0.0105837
2.96043,0.828882,0.72554,0.103342,0.040642,0.00263731,-0.00578507,0.0243966,0.653048,0.0106013
2.96629,0.783044,0.732823,0.050221,0.0400989,0.00246362,-0.00582174,0.0242134,0.66125,0.0106189
2.97215,0.76182,0.740209,0.021611,0.0395627,0.00229113,-0.00585883,0.0240329,0.669545,0.0106364
2.97802,0.699019,0.747698,-0.0486794,0.0390334,0.00211979,-0.00589634,0.0238551,0.677933,0.0106539
2.98388,0.849188,0.755292,0.0938957,0.0385108,0.00194954,-0.00593428,0.0236798,0.686415,0.0106715
2.98974,0.754819,0.762992,-0.00817268,0.0379946,0.00178035,-0.00597264,0.0235071,0.694993,0.010689
2.9956,0.69535,0.770797,-0.0754472,0.0374848,0.00161217,-0.00601145,0.0233368,0.703669,0.0107065
3.00147,0.834283,0.778711,0.0555722,0.0369811,0.00144495,-0.00605069,0.0231689,0.712443,0.0107239
3.00733,0.702733,0.786734,-0.084001,0.0364834,0.00127865,-0.00609038,0.0230034,0.721317,0.0107414
3.01319,0.985762,0.794866,0.190895,0.0359916,0.00111323,-0.00613052,0.0228402,0.730293,0.0107588
3.01905,0.97346,0.80311,0.17035,0.0355055,0.000948649,-0.00617112,0.0226793,0.739371,0.0107763
3.02491,1.08553,0.811466,0.274064,0.035025,0.000784861,-0.00621218,0.0225206,0.748554,0.0107937
3.03078,1.00306,0.819936,0.183126,0.0345498,0.000621829,-0.0062537,0.0223641,0.757843,0.0108111
3.03664,0.969764,0.828521,0.141243,0.03408,0.000459515,-0.0062957,0.0222098,0.767239,0.0108285
3.0425,0.828207,0.837222,-0.00901486,0.0336153,0.000297879,-0.00633817,0.0220575,0.776743,0.0108459
3.04836,0.664857,0.84604,-0.181183,0.0331556,0.000136885,-0.00638112,0.0219072,0.786358,0.0108632
3.05423,0.850349,0.854977,-0.00462834,0.0327008,-2.35043e-05,-0.00642455,0.021759,0.796085,0.0108806
3.06009,0.99458,0.864035,0.130545,0.0322508,-0.000183325,-0.00646847,0.0216127,0.805926,0.0108979
3.06595,0.665096,0.873215,-0.208119,0.0318055,-0.000342614,-0.00651288,0.0214684,0.815881,0.0109152
3.07181,0.905528,0.882518,0.0230102,0.0313647,-0.000501403,-0.00655779,0.021326,0.825954,0.0109325
3.07767,0.813321,0.891945,-0.0786243,0.0309283,-0.000659729,-0.00660319,0.0211854,0.836145,0.0109498
3.08354,1.00483,0.901499,0.103333,0.0304962,-0.000817624,-0.0066491,0.0210466,0.846456,0.0109671
3.0894,0.946961,0.911181,0.0357803,0.0300683,-0.000975121,-0.0066955,0.0209096,0.856889,0.0109843
3.09526,0.894048,0.920992,-0.026944,0.0296445,-0.00113225,-0.00674241,0.0207744,0.867446,0.0110016
3.10112,0.874623,0.930934,-0.0563104,0.0292248,-0.00128905,-0.00678983,0.0206409,0.878128,0.0110188
3.10699,0.944085,0.941009,0.00307586,0.0288089,-0.00144555,-0.00683775,0.0205091,0.888938,0.011036
3.11285,1.01835,0.951219,0.0671321,0.0283968,-0.00160177,-0.00688617,0.0203789,0.899878,0.0110532
3.11871,0.830915,0.961564,-0.13065,0.0279884,-0.00175775,-0.0069351,0.0202503,0.910948,0.0110704
3.12457,1.08179,0.972048,0.109738,0.0275836,-0.00191352,-0.00698454,0.0201234,0.922152,0.0110875
3.13043,0.970165,0.982672,-0.0125073,0.0271824,-0.0020691,-0.00703448,0.019998,0.933491,0.0111047
3.1363,1.00048,0.993438,0.00703835,0.0267845,-0.00222453,-0.00708491,0.0198741,0.944967,0.0111218
3.14216,1.10251,1.00435,0.0981667,0.02639,-0.00237983,-0.00713584,0.0197518,0.956582,0.0111389
3.14802,1.08417,1.0154,0.0687664,0.0259987,-0.00253502,-0.00718726,0.0196309,0.968338,0.0111561
3.15388,1.32046,1.0266,0.293859,0.0256106,-0.00269014,-0.00723916,0.0195115,0.980239,0.0111731
3.15975,1.17559,1.03796,0.137635,0.0252256,-0.00284521,-0.00729153,0.0193935,0.992284,0.0111902
3.16561,1.07745,1.04946,0.0279851,0.0248436,-0.00300026,-0.00734437,0.019277,1.00448,0.0112073
3.17147,1.05891,1.06112,-0.00220469,0.0244645,-0.0031553,-0.00739765,0.0191618,1.01682,0.0112243
3.17733,1.15882,1.07293,0.0858835,0.0240883,-0.00331037,-0.00745138,0.0190479,1.02932,0.0112414
3.18319,0.863126,1.08491,-0.22178,0.0237148,-0.00346548,-0.00750553,0.0189354,1.04197,0.0112584
3.18906,1.09094,1.09704,-0.00610044,0.023344,-0.00362066,-0.00756008,0.0188242,1.05478,0.0112754
3.19492,1.24047,1.10933,0.131137,0.0229758,-0.00377593,-0.00761501,0.0187143,1.06774,0.0112924
3.20078,1.23799,1.1218,0.116194,0.0226102,-0.00393131,-0.00767031,0.0186056,1.08087,0.0113094
3.20664,1.31078,1.13443,0.17635,0.0222471,-0.00408681,-0.00772593,0.0184982,1.09417,0.0113263
3.21251,0.975698,1.14722,-0.171527,0.0218864,-0.00424246,-0.00778186,0.018392,1.10763,0.0113433
3.21837,1.02578,1.1602,-0.134414,0.021528,-0.00439827,-0.00783805,0.018287,1.12126,0.0113602
3.22423,1.11163,1.17334,-0.06171,0.0211719,-0.00455426,-0.00789448,0.0181832,1.13506,0.0113771
3.23009,1.25843,1.18667,0.0717599,0.020818,-0.00471044,-0.00795109,0.0180806,1.14904,0.011394
3.23596,1.19025,1.20018,-0.00992638,0.0204662,-0.00486683,-0.00800783,0.0179791,1.16319,0.0114109
3.24182,1.25617,1.21387,0.0423027,0.0201165,-0.00502344,-0.00806465,0.0178787,1.17753,0.0114278
3.24768,1.20539,1.22774,-0.0223485,0.0197688,-0.00518027,-0.00812149,0.0177794,1.19205,0.0114446
3.25354,1.25797,1.24181,0.016159,0.0194231,-0.00533734,-0.00817828,0.0176812,1.20676,0.0114615
3.2594,1.16907,1.25607,-0.0869932,0.0190793,-0.00549465,-0.00823494,0.0175841,1.22165,0.0114783
3.26527,1.1557,1.27052,-0.114814,0.0187373,-0.0056522,-0.00829139,0.017488,1.23674,0.0114951
3.27113,1.33333,1.28517,0.0481582,0.0183971,-0.00581001,-0.00834752,0.017393,1.25203,0.0115119
3.27699,1.40215,1.30002,0.102122,0.0180586,-0.00596805,-0.00840324,0.0172989,1.26751,0.0115287
3.28285,1.35044,1.31508,0.035359,0.0177218,-0.00612634,-0.00845841,0.0172059,1.28319,0.0115455
3.28872,1.38426,1.33035,0.0539151,0.0173866,-0.00628487,-0.00851291,0.0171139,1.29908,0.0115622
3.29458,1.33372,1.34583,-0.0121046,0.0170529,-0.00644362,-0.00856658,0.0170228,1.31518,0.011579
3.30044,1.43777,1.36152,0.076252,0.0167207,-0.00660258,-0.00861925,0.0169327,1.33149,0.0115957
3.3063,1.4881,1.37743,0.110666,0.01639,-0.00676173,-0.00867075,0.0168436,1.34802,0.0116124
3.31216,1.45421,1.39357,0.0606471,0.0160606,-0.00692105,-0.00872085,0.0167553,1.36476,0.0116291
3.31803,1.25359,1.40993,-0.156342,0.0157326,-0.00708052,-0.00876932,0.016668,1.38173,0.0116458
3.32389,1.3547,1.42652,-0.0718156,0.0154059,-0.00724009,-0.00881591,0.0165816,1.39893,0.0116624
3.32975,1.46567,1.44335,0.0223295,0.0150804,-0.00739974,-0.00886031,0.016496,1.41635,0.0116791
3.33561,1.66917,1.46041,0.208757,0.0147561,-0.0075594,-0.00890219,0.0164114,1.43401,0.0116957
3.34148,1.65937,1.47772,0.181653,0.0144328,-0.00771904,-0.00894119,0.0163275,1.4519,0.0117123
3.34734,1.69909,1.49527,0.203822,0.0141107,-0.00787858,-0.0089769,0.0162446,1.47004,0.0117289
3.3532,1.60415,1.51308,0.0910681,0.0137896,-0.00803795,-0.00900883,0.0161624,1.48843,0.0117455
3.35906,1.55158,1.53114,0.0204413,0.0134695,-0.00819708,-0.00903648,0.0160811,1.50706,0.0117621
3.36492,1.50896,1.54947,-0.0405049,0.0131503,-0.00835587,-0.00905924,0.0160006,1.52595,0.0117787
3.37079,1.52975,1.56806,-0.0383098,0.012832,-0.00851421,-0.00907645,0.0159209,1.5451,0.0117952
3.37665,1.49106,1.58692,-0.0958668,0.0125145,-0.00867199,-0.00908736,0.015842,1.56451,0.0118118
3.38251,1.56767,1.60606,-0.0383935,0.0121979,-0.00882906,-0.00909112,0.0157638,1.58419,0.0118283
3.38837,1.39117,1.62549,-0.234316,0.0118819,-0.00898527,-0.00908676,0.0156864,1.60415,0.0118448
3.39424,1.64744,1.6452,0.002236,0.0115667,-0.00914044,-0.00907318,0.0156098,1.62438,0.0118613
3.4001,1.57265,1.66521,-0.0925576,0.0112521,-0.00929438,-0.00904914,0.0155338,1.64489,0.0118777
3.40596,1.79581,1.68552,0.110289,0.0109381,-0.00944688,-0.00901322,0.0154587,1.66569,0.0118942
3.41182,1.75135,1.70614,0.0452171,0.0106246,-0.00959766,-0.00896381,0.0153842,1.68678,0.0119106
3.41768,1.66446,1.72707,-0.0626086,0.0103117,-0.00974646,-0.00889904,0.0153105,1.70817,0.0119271
3.42355,1.69947,1.74833,-0.0488569,0.00999919,-0.00989295,-0.00881679,0.0152374,1.72986,0.0119435
3.42941,1.64398,1.76992,-0.125934,0.00968713,-0.0100368,-0.00871463,0.015165,1.75186,0.0119599
3.43527,1.94079,1.79185,0.148949,0.00937544,-0.0101775,-0.00858973,0.0150934,1.77417,0.0119763
3.44113,1.87947,1.81413,0.0653405,0.00906409,-0.0103147,-0.00843884,0.0150223,1.7968,0.0119926
3.447,1.89755,1.83676,0.0607853,0.00875302,-0.0104479,-0.00825818,0.014952,1.81976,0.012009
3.45286,1.78578,1.85977,-0.0739922,0.00844218,-0.0105764,-0.00804338,0.0148823,1.84304,0.0120253
3.45872,1.85799,1.88316,-0.0251696,0.00813155,-0.0106996,-0.0077893,0.0148132,1.86667,0.0120417
3.46458,2.04196,1.90695,0.135009,0.00782107,-0.0108168,-0.00748995,0.0147448,1.89063,0.012058
3.47044,2.07595,1.93115,0.144804,0.0075107,-0.010927,-0.00713828,0.014677,1.91495,0.0120743
3.47631,1.98379,1.95577,0.0280221,0.00720039,-0.0110294,-0.00672598,0.0146098,1.93962,0.0120906
3.48217,1.93188,1.98083,-0.0489487,0.0068901,-0.0111228,-0.00624317,0.0145432,1.96465,0.0121068
3.48803,2.06496,2.00635,0.0586128,0.00657979,-0.0112059,-0.00567812,0.0144773,1.99005,0.0121231
3.49389,2.30581,2.03236,0.273446,0.00626942,-0.0112773,-0.00501676,0.0144119,2.01583,0.0121393
3.49976,2.11727,2.05888,0.0583887,0.00595893,-0.0113354,-0.00424217,0.0143471,2.04199,0.0121555
3.50562,2.27118,2.08593,0.185245,0.0056483,-0.0113782,-0.0033339,0.0142829,2.06854,0.0121717
3.51148,1.9415,2.11356,-0.172067,0.00533747,-0.0114036,-0.00226702,0.0142192,2.09549,0.0121879
3.51734,2.18707,2.14181,0.0452673,0.0050264,-0.011409,-0.00101098,0.0141561,2.12284,0.0122041
3.5232,2.34954,2.17071,0.178828,0.00471505,-0.0113915,0.000471917,0.0140936,2.1506,0.0122203
3.52907,2.28769,2.20034,0.0873479,0.00440337,-0.0113478,0.00222858,0.0140316,2.17879,0.0122364
3.53493,2.23965,2.23076,0.0088956,0.00409132,-0.0112738,0.00431785,0.0139701,2.2074,0.0122526
3.54079,2.30009,2.26205,0.0380402,0.00377887,-0.0111649,0.00681422,0.0139092,2.23645,0.0122687
3.54665,2.25362,2.29434,-0.0407232,0.00346596,-0.0110157,0.009813,0.0138488,2.26594,0.0122848
3.55252,2.37763,2.32775,0.0498851,0.00315255,-0.0108198,0.0134374,0.0137889,2.29589,0.0123009
3.55838,2.32706,2.36246,-0.0353962,0.00283861,-0.0105695,0.0178486,0.0137295,2.3263,0.012317
3.56424,2.40095,2.39871,0.00223739,0.00252408,-0.0102558,0.0232607,0.0136707,2.35718,0.012333
3.5701,2.39714,2.4368,-0.0396656,0.00220892,-0.00986795,0.0299617,0.0136123,2.38854,0.0123491
3.57596,2.56836,2.47715,0.0912104,0.0018931,-0.00939276,0.0383461,0.0135545,2.42039,0.0123651
3.58183,2.64831,2.52034,0.127965,0.00157656,-0.00881442,0.0489645,0.0134971,2.45274,0.0123811
3.58769,2.5355,2.56718,-0.0316768,0.00125927,-0.0081136,0.0626016,0.0134402,2.4856,0.0123971
3.59355,2.51983,2.61885,-0.0990245,0.000941183,-0.00726649,0.0804035,0.0133838,2.51897,0.0124131
3.59941,2.37978,2.67711,-0.297334,0.000622253,-0.00624358,0.104092,0.0133278,2.55288,0.0124291
3.60528,2.71708,2.74468,-0.0275989,0.000302441,-0.00500788,0.136337,0.0132723,2.58733,0.012445
3.61114,2.72724,2.82593,-0.0986889,-1.82979e-05,-0.00351262,0.181444,0.0132173,2.62233,0.012461
3.617,2.83118,2.92816,-0.0969784,-0.000340006,-0.00169794,0.246662,0.0131627,2.6579,0.0124769
3.62286,2.95961,3.06437,-0.104754,-0.000662725,0.000513698,0.344877,0.0131086,2.69404,0.0124928
3.62872,2.98976,3.25904,-0.26928,-0.000986498,0.00322422,0.500475,0.0130549,2.73076,0.0125087
3.63459,3.46431,3.56203,-0.0977187,-0.00131137,0.00656968,0.763163,0.0130016,2.76808,0.0125246
3.64045,3.96144,4.08329,-0.12185,-0.00163737,0.010735,1.24268,0.0129488,2.80602,0.0125405
3.64631,4.86275,5.07908,-0.216336,-0.00196456,0.0159766,2.19504,0.0128964,2.84457,0.0125563
3.65217,6.78903,7.06406,-0.275026,-0.00229297,0.0226584,4.13451,0.0128444,2.88377,0.0125722
3.65804,9.5331,9.81958,-0.286475,-0.00262265,0.0313111,6.8419,0.0127928,2.92361,0.012588
3.6639,9.83808,9.52783,0.310247,-0.00295363,0.0427323,6.4986,0.0127417,2.96411,0.0126038
3.66976,7.39869,7.04171,0.35698,-0.00328595,0.0581652,3.95623,0.0126909,3.0053,0.0126196
3.67562,5.58209,5.46103,0.121061,-0.00361966,0.0796313,2.31257,0.0126405,3.04717,0.0126354
3.68149,4.60706,4.68369,-0.0766268,-0.0039548,0.110588,1.46207,0.0125906,3.08975,0.0126511
3.68735,4.15261,4.3115,-0.158895,-0.00429141,0.157311,1.00022,0.012541,3.13305,0.0126669
3.69321,4.02151,4.15785,-0.13634,-0.00462951,0.232031,0.728183,0.0124918,3.17709,0.0126826
3.69907,3.96829,4.15857,-0.190284,-0.00496917,0.36058,0.555937,0.012443,3.22188,0.0126983
3.70493,4.14021,4.32937,-0.189163,-0.0053104,0.601846,0.440288,0.0123946,3.26744,0.012714
3.7108,5.14608,4.78159,0.364493,-0.00565325,1.08949,0.358892,0.0123466,3.31379,0.0127297
3.71666,6.40268,5.65978,0.742904,-0.00599775,1.98042,0.299379,0.0122989,3.36094,0.0127454
3.72252,6.78828,6.22575,0.562535,-0.00634393,2.54369,0.254482,0.0122516,3.40891,0.0127611
3.72838,5.84211,5.54315,0.298968,-0.00669184,1.84742,0.21972,0.0122046,3.45772,0.0127767
3.73425,4.94956,4.86952,0.0800387,-0.0070415,1.15202,0.19221,0.012158,3.50738,0.0127924
3.74011,4.49374,4.55953,-0.0657966,-0.00739294,0.81405,0.170029,0.0121118,3.55793,0.012808
3.74597,4.36511,4.47187,-0.106762,-0.00774619,0.693507,0.151854,0.0120659,3.60937,0.0128236
3.75183,4.22908,4.53224,-0.303163,-0.00810128,0.717002,0.136753,0.0120204,3.66172,0.0128392
3.75769,4.58522,4.74687,-0.161644,-0.00845824,0.891423,0.124052,0.0119751,3.71502,0.0128547
3.76356,5.06423,5.21172,-0.14749,-0.00881707,1.31321,0.113253,0.0119303,3.76927,0.0128703
3.76942,6.23323,6.18236,0.050876,-0.00917781,2.23827,0.103982,0.0118857,3.82451,0.0128858
3.77528,8.262,7.96562,0.296376,-0.00954048,3.97371,0.0959556,0.0118415,3.88075,0.0129014
3.78114,10.0725,9.09633,0.97615,-0.00990507,5.05456,0.0889517,0.0117976,3.93801,0.0129169
3.78701,8.87711,7.70201,1.17511,-0.0102716,3.60846,0.0827975,0.0117541,3.99633,0.0129324
3.79287,6.9543,6.29542,0.65888,-0.0106401,2.14832,0.0773556,0.0117108,4.05572,0.0129479
3.79873,5.68285,5.58049,0.102358,-0.0110105,1.37814,0.0725157,0.0116679,4.11621,0.0129634
3.80459,5.31329,5.25825,0.0550347,-0.0113829,0.999009,0.0681882,0.0116253,4.17783,0.0129788
3.81045,5.16064,5.14519,0.0154528,-0.0117573,0.827462,0.0643002,0.011583,4.2406,0.0129942
3.81632,5.03667,5.17793,-0.141263,-0.0121335,0.800164,0.0607913,0.011541,4.30456,0.0130097
3.82218,5.16681,5.37349,-0.206682,-0.0125117,0.934145,0.0576115,0.0114993,4.36972,0.0130251
3.82804,5.61493,5.84401,-0.229077,-0.0128917,1.34156,0.0547188,0.0114579,4.43612,0.0130405
3.8339,6.63018,6.73457,-0.104388,-0.0132736,2.16751,0.052078,0.0114168,4.50379,0.0130559
3.83977,7.73445,7.30866,0.425789,-0.0136573,2.67546,0.049659,0.011376,4.57275,0.0130712
3.84563,7.55126,6.62507,0.926181,-0.0140427,1.92421,0.0474364,0.0113355,4.64305,0.0130866
3.85149,6.51432,5.937,0.577325,-0.0144298,1.16693,0.0453883,0.0112952,4.71471,0.0131019
3.85735,5.87866,5.59447,0.284186,-0.0148186,0.753655,0.0434959,0.0112553,4.78777,0.0131172
3.86321,5.4498,5.4442,0.00559951,-0.0152088,0.531062,0.0417428,0.0112156,4.86226,0.0131326
3.86908,5.3745,5.38785,-0.0133541,-0.0156004,0.400795,0.040115,0.0111762,4.93822,0.0131479
3.87494,5.45222,5.38059,0.0716361,-0.0159933,0.318002,0.0386001,0.0111371,5.01568,0.0131631
3.8808,5.49862,5.40146,0.0971544,-0.0163874,0.261701,0.0371871,0.0110982,5.09468,0.0131784
3.88666,5.40098,5.43992,-0.0389435,-0.0167825,0.221312,0.0358667,0.0110597,5.17527,0.0131936
3.89253,5.52011,5.49025,0.0298607,-0.0171784,0.191086,0.0346303,0.0110214,5.25748,0.0132089
3.89839,5.547,5.54915,-0.0021419,-0.0175749,0.167689,0.0334706,0.0109833,5.34135,0.0132241
3.90425,5.69702,5.6146,0.0824161,-0.0179719,0.149076,0.0323809,0.0109455,5.42693,0.0132393
3.91011,5.64208,5.68535,-0.0432656,-0.0183689,0.133934,0.0313552,0.010908,5.51427,0.0132545
3.91597,5.75117,5.76054,-0.0093692,-0.0187658,0.121385,0.0303885,0.0108707,5.60339,0.0132697
3.92184,6.0777,5.83962,0.238077,-0.0191623,0.110823,0.0294758,0.0108337,5.69437,0.0132848
3.9277,5.97865,5.9222,0.0564567,-0.0195579,0.101814,0.028613,0.0107969,5.78723,0.0133
3.93356,6.17032,6.008,0.162315,-0.0199522,0.0940445,0.0277962,0.0107604,5.88204,0.0133151
3.93942,6.12152,6.09685,0.0246629,-0.0203449,0.0872789,0.027022,0.0107241,5.97884,0.0133302
3.94529,6.23327,6.18862,0.0446519,-0.0207353,0.0813389,0.0262873,0.0106881,6.07769,0.0133453
3.95115,6.27697,6.28321,-0.00624304,-0.021123,0.0760867,0.0255892,0.0106523,6.17865,0.0133604
3.95701,6.56638,6.38059,0.185791,-0.0215072,0.0714144,0.0249252,0.0106167,6.28177,0.0133755
3.96287,6.60645,6.48072,0.125731,-0.0218873,0.0672366,0.0242929,0.0105814,6.3871,0.0133905
3.96873,6.71138,6.58358,0.127802,-0.0222625,0.063485,0.0236902,0.0105463,6.49472,0.0134056
3.9746,6.57757,6.6892,-0.111629,-0.0226318,0.0601044,0.023115,0.0105115,6.60468,0.0134206
3.98046,6.70206,6.79758,-0.0955199,-0.0229943,0.0570502,0.0225657,0.0104768,6.71705,0.0134356
3.98632,6.8136,6.90876,-0.0951648,-0.0233489,0.054286,0.0220406,0.0104424,6.83189,0.0134506
3.99218,7.09323,7.02278,0.0704495,-0.0236943,0.0517823,0.0215382,0.0104082,6.94928,0.0134656
3.99805,7.07663,7.13969,-0.0630596,-0.0240291,0.0495152,0.021057,0.0103743,7.06929,0.0134806
4.00391,7.37479,7.25954,0.11525,-0.0243518,0.0474658,0.0205958,0.0103405,7.19199,0.0134955
4.00977,7.39835,7.38239,0.0159516,-0.0246605,0.0456189,0.0201534,0.010307,7.31746,0.0135105
4.01563,7.49273,7.50832,-0.0155962,-0.0249534,0.0439635,0.0197288,0.0102737,7.44578,0.0135254
4.02149,7.78332,7.6374,0.145924,-0.0252282,0.0424918,0.0193209,0.0102406,7.57703,0.0135403
4.02736,7.90495,7.76971,0.135237,-0.0254824,0.0411994,0.0189287,0.0102078,7.7113,0.0135552
4.03322,8.05175,7.90534,0.146408,-0.0257133,0.0400851,0.0185515,0.0101751,7.84867,0.0135701
4.03908,8.13981,8.04439,0.0954153,-0.0259176,0.0391514,0.0181883,0.0101426,7.98924,0.013585
4.04494,8.23889,8.18697,0.051926,-0.0260919,0.0384043,0.0178385,0.0101104,8.1331,0.0135998
4.05081,8.40757,8.33317,0.0744018,-0.0262321,0.0378543,0.0175013,0.0100783,8.28035,0.0136146
4.05667,8.44195,8.48313,-0.0411822,-0.0263337,0.0375167,0.0171761,0.0100465,8.4311,0.0136295
4.06253,8.69951,8.63698,0.0625313,-0.0263915,0.0374129,0.0168623,0.0100148,8.58543,0.0136443
4.06839,8.83066,8.79485,0.035814,-0.0263998,0.0375719,0.0165593,0.00998338,8.74348,0.0136591
4.07426,9.07019,8.95691,0.113276,-0.0263518,0.038032,0.0162666,0.00995212,8.90534,0.0136738
4.08012,9.08624,9.12334,-0.0370926,-0.0262401,0.038844,0.0159836,0.00992106,9.07114,0.0136886
4.08598,9.37103,9.29432,0.0767115,-0.026056,0.0400754,0.01571,0.00989019,9.241,0.0137034
4.09184,9.74541,9.47009,0.275323,-0.0257897,0.0418157,0.0154452,0.00985952,9.41504,0.0137181
4.0977,9.79365,9.65091,0.142746,-0.0254299,0.0441853,0.0151888,0.00982903,9.5934,0.0137328
4.10357,9.72974,9.83708,-0.107338,-0.0249635,0.0473487,0.0149405,0.00979873,9.77621,0.0137475
4.10943,10.071,10.029,0.0419839,-0.0243756,0.0515334,0.0147,0.00976861,9.96361,0.0137622
4.11529,10.4217,10.2272,0.194556,-0.023649,0.0570614,0.0144667,0.00973868,10.1558,0.0137769
4.12115,10.6094,10.4322,0.177201,-0.0227636,0.064399,0.0142405,0.00970893,10.3528,0.0137915
4.12702,10.8486,10.6449,0.203625,-0.021696,0.0742413,0.0140211,0.00967936,10.5549,0.0138062
4.13288,10.8163,10.8667,-0.0503979,-0.0204193,0.0876599,0.013808,0.00964997,10.7622,0.0138208
4.13874,11.2545,11.0994,0.155138,-0.0189014,0.106374,0.0136012,0.00962076,10.9749,0.0138354
4.1446,11.4489,11.3461,0.102789,-0.0171052,0.133273,0.0134002,0.00959172,11.1931,0.01385
4.15046,11.6816,11.6122,0.0693475,-0.0149864,0.173502,0.0132049,0.00956286,11.4171,0.0138646
4.15633,11.8865,11.9078,-0.0213066,-0.012493,0.236847,0.013015,0.00953417,11.647,0.0138792
4.16219,12.23,12.2532,-0.023163,-0.00956274,0.343439,0.0128304,0.00950565,11.8831,0.0138937
4.16805,12.7032,12.6936,0.00955163,-0.00612137,0.53818,0.0126507,0.0094773,12.1255,0.0139083
4.17391,13.2431,13.3335,-0.090453,-0.00207954,0.925294,0.0124759,0.00944912,12.3745,0.0139228
4.17978,14.6359,14.3575,0.278429,0.00267077,1.68889,0.0123056,0.0094211,12.6302,0.0139373
4.18564,15.91,15.479,0.43097,0.00826095,2.54222,0.0121399,0.00939325,12.893,0.0139518
4.1915,16.046,15.3754,0.670568,0.0148519,2.1622,0.0119784,0.00936557,13.1631,0.0139663
4.19736,15.1177,14.8601,0.257618,0.022642,1.36173,0.011821,0.00933804,13.4406,0.0139808
4.20322,14.6764,14.7156,-0.0392477,0.0318777,0.922819,0.0116676,0.00931068,13.7259,0.0139952
4.20909,14.9276,14.8416,0.0860438,0.0428679,0.744587,0.011518,0.00928347,14.0193,0.0140097
4.21495,15.0122,15.136,-0.123844,0.0560032,0.724313,0.0113721,0.00925643,14.321,0.0140241
4.22081,15.493,15.5823,-0.0892477,0.0717823,0.844578,0.0112297,0.00922954,14.6314,0.0140385
4.22667,16.0322,16.2443,-0.212133,0.090849,1.1684,0.0110908,0.0092028,14.9507,0.0140529
4.23254,17.0409,17.318,-0.277074,0.114044,1.89047,0.0109552,0.00917622,15.2793,0.0140673
4.2384,18.8504,19.165,-0.314655,0.142482,3.37101,0.0108228,0.0091498,15.6175,0.0140816
4.24426,21.2991,21.2098,0.0892789,0.177659,5.03264,0.0106934,0.00912352,15.9656,0.014096
4.25012,22.659,20.8028,1.85625,0.221618,4.2233,0.010567,0.00909739,16.3241,0.0141103
4.25598,21.0678,19.5633,1.50455,0.277203,2.55914,0.0104435,0.00907142,16.6933,0.0141246
4.26185,19.8248,19.0525,0.772302,0.348455,1.59703,0.0103228,0.00904559,17.0736,0.0141389
4.26771,19.2456,19.0599,0.185706,0.441254,1.11987,0.0102048,0.0090199,17.4654,0.0141532
4.27357,19.3362,19.3596,-0.0233802,0.564395,0.892789,0.0100894,0.00899436,17.8692,0.0141675
4.27943,19.5907,19.8707,-0.279988,0.731451,0.820809,0.00997648,0.00896897,18.2853,0.0141818
4.2853,20.2484,20.6075,-0.359069,0.96417,0.895913,0.00986602,0.00894371,18.7144,0.014196
4.29116,20.965,21.6847,-0.719722,1.29894,1.19598,0.00975793,0.0089186,19.1569,0.0142102
4.29702,22.3467,23.3367,-0.990042,1.7999,1.89076,0.00965212,0.00889363,19.6133,0.0142245
4.30288,24.3475,25.3904,-1.0429,2.58726,2.68645,0.00954853,0.0088688,20.0841,0.0142387
4.30874,26.7342,26.7585,-0.0243095,3.90328,2.25279,0.0094471,0.0088441,20.5699,0.0142529
4.31461,28.7042,28.7739,-0.069663,6.27686,1.39329,0.00934775,0.00881955,21.0713,0.014267
4.32047,32.9697,33.4439,-0.474237,10.9381,0.884652,0.00925042,0.00879513,21.5889,0.0142812
4.32633,42.9292,43.2699,-0.340692,20.4992,0.615115,0.00915505,0.00877084,22.1234,0.0142953
4.33219,57.5601,58.5983,-1.03814,35.4291,0.461734,0.00906159,0.00874668,22.6754,0.0143095
4.33806,60.6184,60.6023,0.0160727,36.9581,0.366616,0.00896998,0.00872266,23.2456,0.0143236
4.34392,47.9801,47.4417,0.538409,23.2719,0.30318,0.00888016,0.00869877,23.8347,0.0143377
4.34978,37.6413,38.2518,-0.610447,13.518,0.258354,0.00879209,0.00867501,24.4436,0.0143518
4.35564,32.8647,33.7792,-0.914504,8.4493,0.225198,0.00870571,0.00865138,25.073,0.0143658
4.3615,30.7543,31.6822,-0.927975,5.72709,0.199764,0.00862098,0.00862788,25.7238,0.0143799
4.36737,30.1202,30.7498,-0.629623,4.14185,0.179672,0.00853785,0.0086045,26.3967,0.0143939
4.37323,30.0764,30.4353,-0.35896,3.14763,0.163415,0.00845628,0.00858125,27.0928,0.0144079
4.37909,30.1646,30.4795,-0.314911,2.48517,0.149998,0.00837622,0.00855812,27.813,0.014422
4.38495,30.5931,30.7501,-0.156953,2.02177,0.138738,0.00829763,0.00853512,28.5583,0.014436
4.39082,30.9235,31.1746,-0.251122,1.68462,0.129153,0.00822048,0.00851224,29.3297,0.0144499
4.39668,31.5885,31.7116,-0.123096,1.43132,0.120896,0.00814472,0.00848949,30.1282,0.0144639
4.40254,32.273,32.3357,-0.0627124,1.23587,0.113707,0.00807033,0.00846685,30.9551,0.0144779
4.4084,32.9658,33.0315,-0.0656822,1.08163,0.107391,0.00799725,0.00844433,31.8115,0.0144918
4.41426,33.9922,33.7888,0.203424,0.957566,0.101797,0.00792546,0.00842194,32.6986,0.0145057
4.42013,34.6166,34.6014,0.0152428,0.856125,0.0968076,0.00785492,0.00839966,33.6177,0.0145196
4.42599,35.629,35.4651,0.163893,0.771992,0.0923283,0.00778561,0.0083775,34.57,0.0145335
4.43185,36.4546,36.3773,0.0773002,0.701337,0.0882841,0.00771749,0.00835545,35.5571,0.0145474
4.43771,37.3895,37.3368,0.0526731,0.641345,0.0846142,0.00765053,0.00833352,36.5803,0.0145613
4.44358,38.4295,38.3427,0.0867433,0.589905,0.0812682,0.00758471,0.00831171,37.6411,0.0145751
4.44944,39.4221,39.395,0.0271187,0.545412,0.0782046,0.00751998,0.00829001,38.741,0.0145889
4.4553,40.5838,40.494,0.0898286,0.506623,0.0753886,0.00745634,0.00826842,39.8816,0.0146028
4.46116,41.9499,41.6403,0.309641,0.472568,0.0727911,0.00739374,0.00824694,41.0647,0.0146166
4.46702,42.889,42.8348,0.0541976,0.442474,0.0703871,0.00733217,0.00822558,42.2918,0.0146303
4.47289,44.2502,44.0787,0.171505,0.415726,0.0681556,0.0072716,0.00820432,43.5647,0.0146441
4.47875,45.4296,45.3733,0.0563057,0.391822,0.0660782,0.00721201,0.00818317,44.8853,0.0146579
4.48461,46.7766,46.7198,0.0567358,0.370356,0.0641394,0.00715337,0.00816214,46.2554,0.0146716
4.49047,48.1905,48.12,0.0704239,0.35099,0.0623253,0.00709566,0.00814121,47.6768,0.0146854
4.49634,49.7549,49.5755,0.179488,0.333446,0.0606242,0.00703886,0.00812038,49.1515,0.0146991
4.5022,51.0452,51.0878,-0.042627,0.317491,0.0590256,0.00698295,0.00809966,50.6815,0.0147128
4.50806,52.7207,52.6589,0.0618145,0.302927,0.0575203,0.00692791,0.00807905,52.2687,0.0147265
4.51392,54.4198,54.2906,0.129259,0.28959,0.0561002,0.00687371,0.00805854,53.9152,0.0147401
4.51979,56.1664,55.9846,0.181809,0.277337,0.0547581,0.00682034,0.00803814,55.6229,0.0147538
4.52565,57.8206,57.7429,0.0777377,0.266048,0.0534877,0.00676779,0.00801784,57.3938,0.0147674
4.53151,59.6777,59.5673,0.110382,0.255617,0.052283,0.00671602,0.00799764,59.2299,0.0147811
4.53737,61.532,61.4597,0.0723183,0.245954,0.0511392,0.00666503,0.00797754,61.1331,0.0147947
4.54323,63.3961,63.4217,-0.0256418,0.236982,0.0500515,0.0066148,0.00795754,63.1053,0.0148083
4.5491,65.4905,65.4551,0.035404,0.228631,0.0490158,0.00656531,0.00793764,65.1482,0.0148219
4.55496,67.6514,67.5615,0.0898916,0.220842,0.0480283,0.00651654,0.00791784,67.2634,0.0148354
4.56082,69.8309,69.7423,0.0886099,0.213562,0.0470857,0.00646849,0.00789814,69.4524,0.014849
4.56668,72.036,71.9987,0.0373606,0.206745,0.0461849,0.00642112,0.00787854,71.7166,0.0148625
4.57255,74.3808,74.3317,0.0491096,0.200349,0.045323,0.00637444,0.00785903,74.0569,0.014876
4.57841,76.8562,76.7422,0.114067,0.194339,0.0444976,0.00632842,0.00783962,76.4743,0.0148895
4.58427,79.3391,79.2304,0.108701,0.188681,0.0437063,0.00628305,0.00782031,78.969,0.014903
4.59013,81.8125,81.7965,0.0159454,0.183346,0.0429469,0.00623832,0.00780109,81.5413,0.0149165
4.59599,84.5777,84.4401,0.137655,0.178308,0.0422175,0.00619421,0.00778196,84.1906,0.01493
4.60186,87.4305,87.1601,0.270422,0.173545,0.0415162,0.00615072,0.00776293,86.9162,0.0149434
4.60772,90.098,89.9551,0.142907,0.169034,0.0408415,0.00610782,0.00774399,89.7164,0.0149569
4.61358,92.857,92.8229,0.03405,0.164758,0.0401918,0.00606551,0.00772514,92.5892,0.0149703
4.61944,95.8614,95.7606,0.10083,0.160697,0.0395657,0.00602378,0.00770638,95.5316,0.0149837
4.62531,98.7417,98.7643,-0.0225805,0.156839,0.0389618,0.0059826,0.00768772,98.5398,0.0149971
4.63117,101.798,101.829,-0.0309878,0.153167,0.0383789,0.00594198,0.00766914,101.609,0.0150105
4.63703,104.809,104.95,-0.141371,0.149669,0.037816,0.0059019,0.00765065,104.734,0.0150238
4.64289,108.258,108.12,0.138237,0.146333,0.037272,0.00586236,0.00763225,107.907,0.0150372
4.64875,111.406,111.33,0.0757199,0.143149,0.0367458,0.00582333,0.00761394,111.122,0.0150505
4.65462,114.62,114.572,0.0476125,0.140106,0.0362367,0.00578481,0.00759572,114.367,0.0150638
4.66048,117.896,117.835,0.0612834,0.137196,0.0357437,0.00574679,0.00757758,117.634,0.0150771
4.66634,121.244,121.107,0.136531,0.134411,0.0352661,0.00570926,0.00755953,120.909,0.0150904
4.6722,124.473,124.376,0.0974482,0.131742,0.0348031,0.00567222,0.00754157,124.181,0.0151037
4.67807,127.585,127.625,-0.0402685,0.129183,0.0343541,0.00563565,0.00752369,127.434,0.0151169
4.68393,130.767,130.841,-0.0733228,0.126727,0.0339183,0.00559953,0.0075059,130.652,0.0151302
4.68979,134.101,134.005,0.096012,0.124368,0.0334952,0.00556388,0.00748818,133.819,0.0151434
4.69565,137.016,137.099,-0.0829502,0.122101,0.0330842,0.00552867,0.00747056,136.916,0.0151566
4.70151,140.159,140.104,0.0549752,0.119921,0.0326848,0.0054939,0.00745301,139.924,0.0151698
4.70738,142.89,143.001,-0.110914,0.117822,0.0322965,0.00545956,0.00743555,142.823,0.015183
4.71324,145.668,145.769,-0.100638,0.1158,0.0319187,0.00542564,0.00741817,145.593,0.0151962
4.7191,148.429,148.387,0.0420009,0.113852,0.0315511,0.00539213,0.00740087,148.213,0.0152093
4.72496,150.765,150.835,-0.0700369,0.111973,0.0311932,0.00535903,0.00738364,150.664,0.0152225
4.73083,153.032,153.093,-0.0612013,0.110159,0.0308446,0.00532633,0.0073665,152.924,0.0152356
4.73669,155.082,155.142,-0.0597189,0.108408,0.030505,0.00529403,0.00734944,154.975,0.0152487
4.74255,156.866,156.963,-0.0969146,0.106716,0.030174,0.00526211,0.00733246,156.798,0.0152618
4.74841,158.406,158.542,-0.135408,0.105081,0.0298512,0.00523056,0.00731555,158.379,0.0152749
4.75427,159.573,159.863,-0.290256,0.103499,0.0295363,0.00519939,0.00729873,159.702,0.015288
4.76014,160.715,160.915,-0.199954,0.101968,0.0292291,0.00516859,0.00728198,160.756,0.015301
4.766,161.574,161.688,-0.114152,0.100486,0.0289292,0.00513814,0.0072653,161.531,0.0153141
4.77186,162.227,162.176,0.0512229,0.0990498,0.0286363,0.00510805,0.00724871,162.021,0.0153271
4.77772,162.423,162.376,0.0473826,0.0976581,0.0283503,0.0050783,0.00723218,162.222,0.0153401
4.78359,162.338,162.287,0.0505383,0.0963087,0.0280708,0.0050489,0.00721574,162.135,0.0153531
4.78945,161.867,161.913,-0.0458175,0.0949996,0.0277977,0.00501983,0.00719936,161.762,0.0153661
4.79531,160.973,161.258,-0.285094,0.093729,0.0275306,0.00499109,0.00718307,161.109,0.015379
4.80117,160.019,160.331,-0.312029,0.0924954,0.0272694,0.00496268,0.00716684,160.184,0.015392
4.80703,159.104,159.144,-0.0400962,0.091297,0.0270139,0.00493458,0.00715069,158.998,0.0154049
4.8129,157.521,157.71,-0.188585,0.0901325,0.0267639,0.00490679,0.00713461,157.566,0.0154178
4.81876,156.037,156.044,-0.00705568,0.0890004,0.0265193,0.00487932,0.0071186,155.901,0.0154307
4.82462,154.227,154.163,0.0645902,0.0878994,0.0262797,0.00485215,0.00710266,154.021,0.0154436
4.83048,152.017,152.085,-0.0679536,0.0868282,0.0260451,0.00482527,0.0070868,151.945,0.0154565
4.83635,149.9,149.83,0.0705635,0.0857856,0.0258153,0.00479869,0.007071,149.691,0.0154694
4.84221,147.52,147.416,0.103905,0.0847705,0.0255901,0.0047724,0.00705528,147.278,0.0154822
4.84807,144.704,144.864,-0.159848,0.0837819,0.0253695,0.00474639,0.00703962,144.728,0.015495
4.85393,142.146,142.193,-0.0465015,0.0828186,0.0251532,0.00472066,0.00702404,142.058,0.0155078
4.85979,139.408,139.422,-0.0139808,0.0818797,0.0249411,0.00469521,0.00700852,139.288,0.0155206
4.86566,136.588,136.569,0.0187366,0.0809644,0.0247331,0.00467003,0.00699307,136.436,0.0155334
4.87152,133.674,133.652,0.0218898,0.0800717,0.0245291,0.00464511,0.00697769,133.52,0.0155462
4.87738,130.741,130.688,0.0527038,0.0792007,0.0243289,0.00462046,0.00696238,130.557,0.015559
4.88324,127.64,127.691,-0.0506352,0.0783508,0.0241325,0.00459606,0.00694713,127.561,0.0155717
4.88911,124.669,124.676,-0.00709609,0.0775211,0.0239397,0.00457192,0.00693195,124.548,0.0155844
4.89497,121.735,121.656,0.0788701,0.0767109,0.0237504,0.00454802,0.00691684,121.529,0.0155971
4.90083,118.895,118.643,0.251926,0.0759196,0.0235645,0.00452438,0.00690179,118.516,0.0156098
4.90669,115.931,115.646,0.285412,0.0751465,0.023382,0.00450098,0.00688681,115.52,0.0156225
4.91255,112.815,112.676,0.139287,0.0743909,0.0232027,0.00447781,0.00687189,112.551,0.0156352
4.91842,109.809,109.739,0.0694693,0.0736523,0.0230265,0.00445488,0.00685703,109.616,0.0156479
4.92428,106.927,106.844,0.0830637,0.07293,0.0228534,0.00443218,0.00684224,106.722,0.0156605
4.93014,104.195,103.997,0.198409,0.0722236,0.0226832,0.00440972,0.00682752,103.875,0.0156731
4.936,101.175,101.201,-0.0265086,0.0715325,0.0225159,0.00438747,0.00681285,101.08,0.0156857
4.94187,98.5432,98.4622,0.081054,0.0708563,0.0223515,0.00436545,0.00679825,98.3421,0.0156983
4.94773,95.8935,95.7829,0.110561,0.0701944,0.0221898,0.00434364,0.00678372,95.6637,0.0157109
4.95359,93.1171,93.166,-0.048982,0.0695463,0.0220307,0.00432205,0.00676924,93.0477,0.0157235
4.95945,90.4598,90.6136,-0.153805,0.0689118,0.0218743,0.00430068,0.00675482,90.496,0.015736
4.96532,88.0392,88.127,-0.0877661,0.0682902,0.0217204,0.00427951,0.00674047,88.0102,0.0157486
4.97118,85.8779,85.7071,0.17085,0.0676813,0.0215689,0.00425855,0.00672618,85.5911,0.0157611
4.97704,83.4481,83.3544,0.0937582,0.0670846,0.0214199,0.00423779,0.00671194,83.2391,0.0157736
4.9829,80.9601,81.069,-0.108874,0.0664997,0.0212731,0.00421723,0.00669777,80.9545,0.0157861
4.98876,78.7311,78.8507,-0.119549,0.0659264,0.0211287,0.00419686,0.00668366,78.7369,0.0157985
4.99463,76.5941,76.6988,-0.104779,0.0653642,0.0209865,0.00417669,0.0066696,76.5858,0.015811
5.00049,74.7097,74.6128,0.0969714,0.0648129,0.0208465,0.00415672,0.00665561,74.5005,0.0158235
5.00635,72.5456,72.5914,-0.0458487,0.0642721,0.0207086,0.00413693,0.00664167,72.4799,0.0158359
5.01221,70.5623,70.6337,-0.071479,0.0637415,0.0205728,0.00411732,0.0066278,70.5228,0.0158483
5.01808,68.8796,68.7384,0.141293,0.0632208,0.020439,0.00409791,0.00661397,68.6281,0.0158607
5.02394,66.7829,66.9039,-0.12105,0.0627097,0.0203072,0.00407867,0.00660021,66.7943,0.0158731
5.0298,65.0094,65.1289,-0.119492,0.0622081,0.0201773,0.00405961,0.00658651,65.02,0.0158855
5.03566,63.5313,63.4118,0.119544,0.0617155,0.0200492,0.00404073,0.00657286,63.3035,0.0158978
5.04152,61.8707,61.751,0.119678,0.0612318,0.0199231,0.00402202,0.00655926,61.6434,0.0159102
5.04739,60.1967,60.1449,0.0517614,0.0607567,0.0197987,0.00400348,0.00654573,60.0379,0.0159225
5.05325,58.6475,58.5919,0.0556722,0.06029,0.0196761,0.00398511,0.00653224,58.4854,0.0159348
5.05911,57.0371,57.0902,-0.0531532,0.0598314,0.0195552,0.00396691,0.00651882,56.9844,0.0159471
5.06497,55.6545,55.6383,0.0162204,0.0593808,0.019436,0.00394887,0.00650545,55.5331,0.0159594
5.07084,54.1453,54.2346,-0.0892839,0.0589379,0.0193184,0.00393099,0.00649213,54.1299,0.0159717
5.0767,52.9364,52.8773,0.0591171,0.0585025,0.0192024,0.00391327,0.00647887,52.7732,0.0159839
5.08256,51.4585,51.565,-0.106534,0.0580744,0.019088,0.00389572,0.00646566,51.4615,0.0159962
5.08842,50.3402,50.2961,0.0440873,0.0576535,0.0189752,0.00387831,0.00645251,50.1931,0.0160084
5.09428,49.0383,49.069,-0.0307011,0.0572396,0.0188639,0.00386106,0.00643941,48.9666,0.0160206
5.10015,47.6892,47.8824,-0.19317,0.0568324,0.018754,0.00384397,0.00642636,47.7805,0.0160328
5.10601,46.7128,46.7346,-0.0218098,0.0564319,0.0186456,0.00382702,0.00641336,46.6332,0.016045
5.11187,45.5407,45.6243,-0.0836418,0.0560378,0.0185386,0.00381022,0.00640042,45.5235,0.0160572
5.11773,44.5292,44.5503,-0.021013,0.05565,0.0184329,0.00379357,0.00638753,44.4499,0.0160693
5.1236,43.4898,43.511,-0.0211774,0.0552683,0.0183287,0.00377706,0.00637469,43.4112,0.0160814
5.12946,42.4972,42.5053,-0.00807178,0.0548926,0.0182257,0.00376069,0.0063619,42.406,0.0160936
5.13532,41.604,41.5319,0.0720898,0.0545227,0.0181241,0.00374446,0.00634916,41.4331,0.0161057
5.14118,40.4278,40.5896,-0.161856,0.0541586,0.0180238,0.00372838,0.00633648,40.4913,0.0161178
5.14704,39.4718,39.6773,-0.205553,0.0538,0.0179247,0.00371242,0.00632384,39.5795,0.0161299
5.15291,38.8592,38.7939,0.0652967,0.0534469,0.0178268,0.00369661,0.00631126,38.6965,0.0161419
5.15877,38.0169,37.9382,0.0786187,0.053099,0.0177301,0.00368092,0.00629872,37.8413,0.016154
5.16463,37.1259,37.1093,0.0165399,0.0527564,0.0176346,0.00366537,0.00628624,37.0128,0.016166
5.17049,36.3828,36.3062,0.0766325,0.0524188,0.0175403,0.00364995,0.0062738,36.2101,0.016178
5.17636,35.5941,35.5278,0.0662392,0.0520861,0.0174471,0.00363466,0.00626141,35.4322,0.01619
5.18222,34.849,34.7734,0.0755867,0.0517583,0.017355,0.00361949,0.00624907,34.6782,0.016202
5.18808,33.9256,34.042,-0.116356,0.0514353,0.017264,0.00360445,0.00623678,33.9472,0.016214
5.19394,33.2553,33.3327,-0.0773861,0.0511168,0.0171741,0.00358954,0.00622454,33.2383,0.0162259
5.1998,32.7202,32.6447,0.075486,0.0508029,0.0170852,0.00357474,0.00621235,32.5508,0.0162379
5.20567,31.9736,31.9774,-0.00375025,0.0504934,0.0169973,0.00356007,0.0062002,31.8839,0.0162498
5.21153,31.2214,31.3298,-0.108384,0.0501883,0.0169105,0.00354551,0.0061881,31.2367,0.0162617
5.21739,30.7072,30.7013,0.0058287,0.0498873,0.0168247,0.00353108,0.00617605,30.6086,0.0162736
5.22325,29.9604,30.0913,-0.130825,0.0495905,0.0167398,0.00351675,0.00616404,29.999,0.0162855
5.22912,29.6257,29.4989,0.126765,0.0492978,0.0166559,0.00350255,0.00615208,29.407,0.0162974
5.23498,29.0128,28.9237,0.0890423,0.049009,0.016573,0.00348846,0.00614017,28.8322,0.0163093
5.24084,28.2998,28.365,-0.0652001,0.0487242,0.0164909,0.00347448,0.0061283,28.2738,0.0163211
5.2467,27.8246,27.8221,0.00250318,0.0484431,0.0164098,0.00346061,0.00611648,27.7314,0.0163329
5.25256,27.3758,27.2946,0.0811469,0.0481657,0.0163296,0.00344685,0.00610471,27.2042,0.0163447
5.25843,26.8983,26.7819,0.11639,0.047892,0.0162502,0.0034332,0.00609298,26.6919,0.0163565
5.26429,26.3692,26.2835,0.0856893,0.0476219,0.0161717,0.00341966,0.00608129,26.1938,0.0163683
5.27015,25.831,25.7988,0.0322095,0.0473553,0.0160941,0.00340622,0.00606965,25.7095,0.0163801
5.27601,25.4821,25.3275,0.154641,0.0470921,0.0160173,0.00339289,0.00605806,25.2385,0.0163919
5.28188,24.9412,24.869,0.0722552,0.0468322,0.0159413,0.00337966,0.0060465,24.7803,0.0164036
5.28774,24.4451,24.4228,0.0223144,0.0465757,0.0158661,0.00336653,0.00603499,24.3346,0.0164153
5.2936,24.121,23.9887,0.132312,0.0463224,0.0157917,0.0033535,0.00602353,23.9008,0.016427
5.29946,23.6521,23.5661,0.0859711,0.0460722,0.0157181,0.00334058,0.00601211,23.4785,0.0164387
5.30532,23.0787,23.1547,-0.0759948,0.0458252,0.0156452,0.00332775,0.00600073,23.0674,0.0164504
5.31119,22.7753,22.7541,0.02117,0.0455812,0.0155731,0.00331502,0.0059894,22.6672,0.0164621
5.31705,22.5359,22.3639,0.172006,0.0453402,0.0155018,0.00330239,0.0059781,22.2773,0.0164737
5.32291,22.119,21.9839,0.135143,0.0451022,0.0154312,0.00328985,0.00596685,21.8976,0.0164854
5.32877,21.6878,21.6135,0.0742274,0.044867,0.0153613,0.00327741,0.00595564,21.5276,0.016497
5.33464,21.2286,21.2527,-0.0240186,0.0446346,0.015292,0.00326505,0.00594448,21.167,0.0165086
5.3405,20.8134,20.9009,-0.0875326,0.044405,0.0152235,0.0032528,0.00593335,20.8156,0.0165202
5.34636,20.5599,20.558,0.00187294,0.0441781,0.0151557,0.00324063,0.00592227,20.473,0.0165318
5.35222,20.265,20.2237,0.0413579,0.0439538,0.0150885,0.00322855,0.00591123,20.1389,0.0165433
5.35809,19.961,19.8976,0.0634393,0.0437322,0.0150221,0.00321657,0.00590023,19.8131,0.0165549
5.36395,19.5299,19.5795,-0.0495751,0.0435132,0.0149562,0.00320467,0.00588927,19.4954,0.0165664
5.36981,19.2001,19.2692,-0.0691406,0.0432967,0.014891,0.00319286,0.00587835,19.1854,0.0165779
5.37567,19.0257,18.9664,0.0593334,0.0430826,0.0148264,0.00318113,0.00586747,18.8829,0.0165894
5.38153,18.8507,18.6709,0.179838,0.042871,0.0147625,0.00316949,0.00585663,18.5876,0.0166009
5.3874,18.5499,18.3824,0.167492,0.0426618,0.0146991,0.00315793,0.00584584,18.2994,0.0166124
5.39326,18.2231,18.1008,0.122307,0.0424549,0.0146364,0.00314646,0.00583508,18.0181,0.0166238
5.39912,17.9459,17.8258,0.120146,0.0422504,0.0145743,0.00313507,0.00582436,17.7434,0.0166353
5.40498,17.5394,17.5572,-0.0177962,0.0420481,0.0145127,0.00312377,0.00581368,17.4751,0.0166467
5.41085,17.258,17.2949,-0.0369068,0.041848,0.0144517,0.00311254,0.00580304,17.213,0.0166581
5.41671,17.0373,17.0385,-0.00125797,0.0416501,0.0143913,0.00310139,0.00579243,16.9569,0.0166695
5.42257,16.8311,16.7881,0.0429835,0.0414544,0.0143315,0.00309032,0.00578187,16.7068,0.0166809
5.42843,16.6631,16.5433,0.119796,0.0412608,0.0142722,0.00307933,0.00577134,16.4623,0.0166923
5.43429,16.3282,16.3041,0.0240991,0.0410692,0.0142134,0.00306842,0.00576086,16.2233,0.0167036
5.44016,15.9891,16.0702,-0.081107,0.0408797,0.0141552,0.00305759,0.00575041,15.9896,0.016715
5.44602,15.7129,15.8415,-0.128609,0.0406922,0.0140975,0.00304683,0.00574,15.7612,0.0167263
5.45188,15.5464,15.6179,-0.0714826,0.0405067,0.0140403,0.00303615,0.00572962,15.5378,0.0167376
5.45774,15.5684,15.3991,0.169218,0.0403231,0.0139837,0.00302554,0.00571929,15.3193,0.0167489
5.46361,15.2246,15.1852,0.0394538,0.0401415,0.0139275,0.003015,0.00570899,15.1056,0.0167602
5.46947,15.1968,14.9758,0.220949,0.0399617,0.0138719,0.00300454,0.00569873,14.8965,0.0167715
5.47533,14.6782,14.771,-0.0927815,0.0397837,0.0138167,0.00299415,0.0056885,14.6919,0.0167827
5.48119,14.6816,14.5705,0.111096,0.0396076,0.013762,0.00298383,0.00567831,14.4917,0.016794
5.48705,14.4615,14.3742,0.087291,0.0394333,0.0137078,0.00297358,0.00566816,14.2957,0.0168052
5.49292,14.3819,14.1821,0.199756,0.0392607,0.0136541,0.0029634,0.00565804,14.1038,0.0168164
5.49878,14.0758,13.994,0.0818091,0.0390899,0.0136008,0.00295329,0.00564796,13.9159,0.0168276
5.50464,13.885,13.8098,0.0751718,0.0389208,0.013548,0.00294324,0.00563792,13.732,0.0168388
5.5105,13.6055,13.6295,-0.0239039,0.0387533,0.0134957,0.00293327,0.00562791,13.5518,0.0168499
5.51637,13.4574,13.4528,0.00465185,0.0385875,0.0134437,0.00292336,0.00561793,13.3753,0.0168611
5.52223,13.3189,13.2797,0.0392468,0.0384234,0.0133923,0.00291352,0.005608,13.2024,0.0168722
5.52809,13.0391,13.11,-0.0709604,0.0382608,0.0133412,0.00290375,0.00559809,13.0331,0.0168833
5.53395,12.8809,12.9439,-0.0629322,0.0380998,0.0132906,0.00289404,0.00558822,12.8671,0.0168944
5.53981,12.7025,12.781,-0.0784387,0.0379404,0.0132404,0.00288439,0.00557839,12.7044,0.0169055
5.54568,12.5381,12.6213,-0.0831952,0.0377825,0.0131907,0.00287481,0.00556859,12.545,0.0169166
5.55154,12.354,12.4648,-0.110823,0.0376261,0.0131413,0.00286529,0.00555883,12.3887,0.0169277
5.5574,12.2996,12.3113,-0.0117371,0.0374711,0.0130924,0.00285584,0.0055491,12.2354,0.0169387
5.56326,12.2052,12.1609,0.0443201,0.0373177,0.0130438,0.00284644,0.0055394,12.0852,0.0169497
5.56913,12.1644,12.0133,0.151057,0.0371657,0.0129957,0.00283711,0.00552974,11.9378,0.0169608
5.57499,12.0592,11.8686,0.190644,0.0370151,0.0129479,0.00282784,0.00552011,11.7933,0.0169718
5.58085,11.7442,11.7266,0.0175377,0.0368659,0.0129005,0.00281863,0.00551051,11.6515,0.0169827
5.58671,11.6098,11.5873,0.0224109,0.036718,0.0128535,0.00280948,0.00550095,11.5125,0.0169937
5.59257,11.4902,11.4507,0.0395349,0.0365716,0.0128069,0.00280038,0.00549142,11.376,0.0170047
5.59844,11.2274,11.3166,-0.0891914,0.0364264,0.0127607,0.00279135,0.00548192,11.2421,0.0170156
5.6043,11.1774,11.185,-0.0076195,0.0362826,0.0127148,0.00278237,0.00547246,11.1107,0.0170266
5.61016,10.9996,11.0558,-0.0561773,0.0361401,0.0126693,0.00277345,0.00546303,10.9817,0.0170375
5.61602,10.8079,10.929,-0.121138,0.0359989,0.0126241,0.00276459,0.00545363,10.8551,0.0170484
5.62189,10.8743,10.8045,0.0698228,0.0358589,0.0125793,0.00275579,0.00544426,10.7308,0.0170592
5.62775,10.6855,10.6823,0.0032762,0.0357202,0.0125348,0.00274703,0.00543493,10.6088,0.0170701
5.63361,10.5864,10.5622,0.0241992,0.0355827,0.0124907,0.00273834,0.00542562,10.4889,0.017081
5.63947,10.5229,10.4444,0.0784984,0.0354464,0.0124469,0.0027297,0.00541635,10.3712,0.0170918
5.64533,10.3629,10.3286,0.034335,0.0353113,0.0124035,0.00272111,0.00540711,10.2556,0.0171026
5.6512,10.1605,10.2149,-0.0543862,0.0351774,0.0123604,0.00271258,0.00539791,10.1421,0.0171134
5.65706,10.0394,10.1031,-0.0636873,0.0350446,0.0123176,0.0027041,0.00538873,10.0306,0.0171242
5.66292,10.095,9.99336,0.101585,0.034913,0.0122751,0.00269567,0.00537958,9.92097,0.017135
5.66878,9.74662,9.8855,-0.138879,0.0347825,0.012233,0.0026873,0.00537047,9.81328,0.0171458
5.67465,9.73056,9.7795,-0.0489399,0.0346531,0.0121912,0.00267897,0.00536139,9.70746,0.0171565
5.68051,9.72813,9.67533,0.0528003,0.0345248,0.0121497,0.0026707,0.00535233,9.60346,0.0171673
5.68637,9.48822,9.57293,-0.0847138,0.0343976,0.0121085,0.00266248,0.00534331,9.50124,0.017178
5.69223,9.6002,9.47227,0.127924,0.0342715,0.0120676,0.00265431,0.00533432,9.40076,0.0171887
5.69809,9.4177,9.37332,0.0443848,0.0341464,0.012027,0.00264619,0.00532536,9.30197,0.0171994
5.70396,9.31154,9.27602,0.0355244,0.0340224,0.0119867,0.00263812,0.00531642,9.20485,0.0172101
5.70982,9.39522,9.18035,0.214871,0.0338994,0.0119467,0.00263009,0.00530752,9.10934,0.0172207
5.71568,9.2853,9.08626,0.199038,0.0337774,0.011907,0.00262212,0.00529865,9.01543,0.0172314
5.72154,9.15971,8.99373,0.165975,0.0336564,0.0118676,0.00261419,0.00528981,8.92306,0.017242
5.72741,9.01085,8.90272,0.108125,0.0335364,0.0118284,0.00260631,0.00528099,8.83221,0.0172526
5.73327,9.00266,8.81319,0.189465,0.0334174,0.0117896,0.00259848,0.00527221,8.74285,0.0172632
5.73913,8.87281,8.72512,0.147697,0.0332993,0.011751,0.0025907,0.00526345,8.65494,0.0172738
5.74499,8.58606,8.63846,-0.0524024,0.0331822,0.0117127,0.00258296,0.00525473,8.56844,0.0172844
5.75085,8.73671,8.5532,0.183511,0.033066,0.0116747,0.00257527,0.00524603,8.48334,0.017295
5.75672,8.76943,8.46929,0.300134,0.0329507,0.0116369,0.00256762,0.00523736,8.39959,0.0173055
5.76258,8.49418,8.38672,0.107461,0.0328364,0.0115994,0.00256002,0.00522872,8.31718,0.017316
5.76844,8.38467,8.30545,0.0792234,0.0327229,0.0115622,0.00255246,0.00522011,8.23607,0.0173266
5.7743,8.25428,8.22546,0.028821,0.0326104,0.0115252,0.00254495,0.00521153,8.15623,0.0173371
5.78017,7.98055,8.14671,-0.16616,0.0324987,0.0114885,0.00253748,0.00520297,8.07763,0.0173475
5.78603,8.03015,8.06918,-0.039038,0.0323879,0.0114521,0.00253005,0.00519444,8.00026,0.017358
5.79189,7.94597,7.99286,-0.0468886,0.032278,0.0114159,0.00252267,0.00518594,7.92409,0.0173685
5.79775,7.81584,7.9177,-0.101866,0.0321689,0.0113799,0.00251533,0.00517747,7.84908,0.0173789
5.80362,7.82535,7.8437,-0.0183469,0.0320606,0.0113442,0.00250804,0.00516903,7.77522,0.0173893
5.80948,7.62531,7.77081,-0.145498,0.0319532,0.0113087,0.00250078,0.00516061,7.70249,0.0173998
5.81534,7.71942,7.69903,0.0203885,0.0318466,0.0112735,0.00249357,0.00515222,7.63085,0.0174101
5.8212,7.88406,7.62833,0.25573,0.0317407,0.0112385,0.0024864,0.00514386,7.5603,0.0174205
5.82706,7.64732,7.55868,0.0886409,0.0316357,0.0112037,0.00247927,0.00513553,7.4908,0.0174309
5.83293,7.715,7.49007,0.224931,0.0315315,0.0111692,0.00247218,0.00512722,7.42233,0.0174413
5.83879,7.32774,7.42248,-0.0947324,0.0314281,0.0111349,0.00246513,0.00511894,7.35488,0.0174516
5.84465,7.26305,7.35588,-0.0928223,0.0313254,0.0111009,0.00245812,0.00511068,7.28842,0.0174619
5.85051,7.34336,7.29025,0.0531032,0.0312235,0.011067,0.00245115,0.00510245,7.22294,0.0174722
5.85638,7.31416,7.22558,0.0885748,0.0311223,0.0110334,0.00244422,0.00509425,7.15841,0.0174825
5.86224,7.30739,7.16185,0.145539,0.0310219,0.011,0.00243732,0.00508608,7.09481,0.0174928
5.8681,7.12623,7.09904,0.0271878,0.0309222,0.0109669,0.00243047,0.00507793,7.03214,0.0175031
5.87396,6.95785,7.03713,-0.0792786,0.0308232,0.0109339,0.00242366,0.00506981,6.97036,0.0175133
5.87982,6.97932,6.9761,0.00322384,0.030725,0.0109012,0.00241688,0.00506171,6.90947,0.0175235
5.88569,6.86119,6.91593,-0.0547478,0.0306274,0.0108687,0.00241014,0.00505364,6.84944,0.0175338
5.89155,6.7768,6.85662,-0.0798227,0.0305306,0.0108363,0.00240344,0.00504559,6.79026,0.017544
5.89741,6.83759,6.79814,0.0394428,0.0304345,0.0108042,0.00239677,0.00503757,6.73192,0.0175542
5.90327,6.76886,6.74048,0.0283809,0.030339,0.0107723,0.00239014,0.00502958,6.67439,0.0175643
5.90914,6.75197,6.68362,0.068349,0.0302442,0.0107406,0.00238355,0.00502161,6.61766,0.0175745
5.915,6.5957,6.62755,-0.0318489,0.0301501,0.0107091,0.002377,0.00501366,6.56172,0.0175846
5.92086,6.52741,6.57226,-0.0448419,0.0300566,0.0106778,0.00237048,0.00500574,6.50655,0.0175948
5.92672,6.53793,6.51772,0.0202157,0.0299638,0.0106467,0.00236399,0.00499785,6.45214,0.0176049
5.93258,6.63233,6.46392,0.168409,0.0298717,0.0106158,0.00235754,0.00498998,6.39847,0.017615
5.93845,6.35045,6.41085,-0.0604043,0.0297802,0.0105851,0.00235113,0.00498214,6.34553,0.0176251
5.94431,6.4793,6.3585,0.120798,0.0296893,0.0105546,0.00234475,0.00497432,6.29331,0.0176352
5.95017,6.38539,6.30686,0.0785287,0.029599,0.0105243,0.00233841,0.00496652,6.24179,0.0176452
5.95603,6.40834,6.25591,0.152429,0.0295094,0.0104942,0.0023321,0.00495875,6.19096,0.0176553
5.9619,6.34121,6.20563,0.135575,0.0294204,0.0104642,0.00232582,0.004951,6.1408,0.0176653
5.96776,6.17928,6.15602,0.023259,0.0293319,0.0104344,0.00231958,0.00494328,6.09132,0.0176753
5.97362,6.18321,6.10707,0.0761379,0.0292441,0.0104048,0.00231337,0.00493558,6.04249,0.0176853
5.97948,6.21733,6.05876,0.15857,0.0291569,0.0103754,0.00230719,0.00492791,5.99429,0.0176953
5.98534,6.07168,6.01108,0.0606056,0.0290702,0.0103462,0.00230105,0.00492026,5.94673,0.0177053
5.99121,6.04993,5.96402,0.085917,0.0289842,0.0103172,0.00229493,0.00491263,5.89979,0.0177152
5.99707,5.93699,5.91756,0.0194267,0.0288987,0.0102883,0.00228886,0.00490502,5.85346,0.0177252
6.00293,5.85653,5.87171,-0.0151866,0.0288138,0.0102596,0.00228281,0.00489744,5.80772,0.0177351
6.00879,5.65956,5.82645,-0.166886,0.0287294,0.0102311,0.00227679,0.00488989,5.76258,0.017745
6.01466,5.76901,5.78176,-0.012748,0.0286456,0.0102027,0.00227081,0.00488235,5.718,0.0177549
6.02052,5.76046,5.73764,0.02282,0.0285623,0.0101745,0.00226486,0.00487484,5.674,0.0177648
6.02638,5.72579,5.69408,0.0317097,0.0284796,0.0101465,0.00225894,0.00486736,5.63055,0.0177746
6.03224,5.63405,5.65107,-0.0170171,0.0283974,0.0101187,0.00225304,0.00485989,5.58765,0.0177845
6.0381,5.61987,5.60859,0.0112732,0.0283158,0.010091,0.00224718,0.00485245,5.54529,0.0177943
6.04397,5.58087,5.56665,0.0142219,0.0282347,0.0100635,0.00224135,0.00484503,5.50346,0.0178041
6.04983,5.64405,5.52523,0.118821,0.0281541,0.0100361,0.00223555,0.00483763,5.46215,0.017814
6.05569,5.6173,5.48432,0.132988,0.028074,0.0100089,0.00222979,0.00483026,5.42135,0.0178237
6.06155,5.43967,5.44391,-0.00423583,0.0279944,0.00998187,0.00222404,0.00482291,5.38105,0.0178335
6.06742,5.43065,5.404,0.0266524,0.0279154,0.00995499,0.00221833,0.00481558,5.34125,0.0178433
6.07328,5.38301,5.36457,0.0184368,0.0278368,0.00992826,0.00221265,0.00480827,5.30193,0.017853
6.07914,5.40845,5.32562,0.0828216,0.0277588,0.00990168,0.002207,0.00480099,5.26309,0.0178628
6.085,5.34468,5.28715,0.0575309,0.0276812,0.00987526,0.00220138,0.00479373,5.22472,0.0178725
6.09086,5.27022,5.24914,0.0210834,0.0276041,0.00984899,0.00219578,0.00478649,5.18682,0.0178822
6.09673,5.20284,5.21158,-0.00873947,0.0275275,0.00982287,0.00219021,0.00477927,5.14937,0.0178919
6.10259,5.11371,5.17447,-0.0607602,0.0274514,0.0097969,0.00218467,0.00477207,5.11236,0.0179016
6.10845,5.2598,5.1378,0.122003,0.0273757,0.00977108,0.00217916,0.00476489,5.0758,0.0179112
6.11431,5.13223,5.10157,0.0306633,0.0273005,0.0097454,0.00217368,0.00475774,5.03967,0.0179209
6.12018,5.08995,5.06576,0.0241963,0.0272258,0.00971987,0.00216822,0.00475061,5.00396,0.0179305
6.12604,4.98362,5.03037,-0.0467445,0.0271515,0.00969448,0.00216279,0.0047435,4.96868,0.0179401
6.1319,4.99964,4.99539,0.00424641,0.0270777,0.00966923,0.00215739,0.00473641,4.9338,0.0179497
6.13776,5.00808,4.96083,0.0472578,0.0270043,0.00964412,0.00215202,0.00472934,4.89934,0.0179593
6.14362,5.00104,4.92666,0.0743828,0.0269314,0.00961916,0.00214667,0.00472229,4.86527,0.0179689
6.14949,4.9383,4.89288,0.0454153,0.0268589,0.00959433,0.00214135,0.00471526,4.83159,0.0179784
6.15535,5.06798,4.8595,0.208481,0.0267868,0.00956964,0.00213605,0.00470826,4.79831,0.017988
6.16121,4.83157,4.82649,0.00508294,0.0267152,0.00954509,0.00213078,0.00470127,4.7654,0.0179975
6.16707,4.73552,4.79386,-0.0583402,0.026644,0.00952067,0.00212554,0.00469431,4.73287,0.018007
6.17294,4.64691,4.7616,-0.114694,0.0265733,0.00949639,0.00212032,0.00468736,4.70071,0.0180165
6.1788,4.63361,4.72971,-0.0960983,0.0265029,0.00947223,0.00211513,0.00468044,4.66891,0.018026
6.18466,4.80812,4.69817,0.109955,0.026433,0.00944821,0.00210996,0.00467354,4.63747,0.0180355
6.19052,4.73594,4.66699,0.0689566,0.0263635,0.00942432,0.00210482,0.00466665,4.60638,0.0180449
6.19638,4.66746,4.63615,0.0313095,0.0262944,0.00940056,0.0020997,0.00465979,4.57564,0.0180543
6.20225,4.39315,4.60565,-0.212501,0.0262256,0.00937693,0.00209461,0.00465295,4.54524,0.0180638
6.20811,4.43451,4.5755,-0.140991,0.0261573,0.00935342,0.00208954,0.00464612,4.51518,0.0180732
6.21397,4.38667,4.54567,-0.159007,0.0260894,0.00933005,0.0020845,0.00463932,4.48545,0.0180826
6.21983,4.27321,4.51617,-0.242965,0.0260219,0.00930679,0.00207948,0.00463254,4.45604,0.018092
6.2257,4.43849,4.487,-0.0485117,0.0259548,0.00928366,0.00207449,0.00462578,4.42696,0.0181013
6.23156,4.27452,4.45814,-0.18362,0.025888,0.00926065,0.00206951,0.00461903,4.39819,0.0181107
6.23742,4.48037,4.42959,0.0507811,0.0258217,0.00923777,0.00206457,0.00461231,4.36974,0.01812
6.24328,4.5479,4.40136,0.146548,0.0257557,0.00921501,0.00205964,0.00460561,4.34159,0.0181293
6.24915,4.37089,4.37342,-0.00253571,0.0256901,0.00919236,0.00205474,0.00459892,4.31375,0.0181386
6.25501,4.36073,4.34579,0.014941,0.0256248,0.00916984,0.00204987,0.00459226,4.2862,0.0181479
6.26087,4.33988,4.31844,0.0214402,0.02556,0.00914743,0.00204501,0.00458561,4.25895,0.0181572
6.26673,4.23138,4.29139,-0.0600139,0.0254955,0.00912514,0.00204018,0.00457898,4.23199,0.0181665
6.27259,4.32405,4.26463,0.0594234,0.0254313,0.00910296,0.00203537,0.00457238,4.20531,0.0181757
6.27846,4.09096,4.23815,-0.147189,0.0253675,0.0090809,0.00203058,0.00456579,4.17892,0.0181849
6.28432,4.19149,4.21194,-0.0204531,0.0253041,0.00905896,0.00202582,0.00455922,4.1528,0.0181942
6.29018,4.29868,4.18601,0.112669,0.025241,0.00903713,0.00202108,0.00455267,4.12696,0.0182034
6.29604,4.11374,4.16035,-0.0466114,0.0251783,0.00901541,0.00201636,0.00454614,4.10138,0.0182125
6.30191,4.11948,4.13496,-0.0154738,0.0251159,0.0089938,0.00201166,0.00453962,4.07607,0.0182217
6.30777,3.97235,4.10982,-0.137471,0.0250539,0.0089723,0.00200699,0.00453313,4.05103,0.0182309
6.31363,3.98828,4.08495,-0.0966653,0.0249922,0.00895091,0.00200233,0.00452665,4.02624,0.01824
6.31949,3.96579,4.06033,-0.094537,0.0249308,0.00892963,0.0019977,0.00452019,4.0017,0.0182492
6.32535,4.07001,4.03596,0.0340472,0.0248698,0.00890846,0.00199309,0.00451375,3.97742,0.0182583
6.33122,4.13373,4.01184,0.121889,0.0248091,0.0088874,0.0019885,0.00450733,3.95338,0.0182674
6.33708,4.05026,3.98797,0.0622913,0.0247487,0.00886644,0.00198393,0.00450093,3.92959,0.0182765
6.34294,4.03821,3.96434,0.0738746,0.0246887,0.00884558,0.00197938,0.00449455,3.90604,0.0182855
6.3488,3.93507,3.94094,-0.00587396,0.024629,0.00882484,0.00197486,0.00448818,3.88273,0.0182946
6.35467,3.86685,3.91778,-0.0509262,0.0245696,0.00880419,0.00197035,0.00448183,3.85965,0.0183036
6.36053,3.88294,3.89485,-0.0119069,0.0245105,0.00878365,0.00196586,0.0044755,3.8368,0.0183126
6.36639,3.90341,3.87215,0.0312642,0.0244517,0.00876321,0.0019614,0.00446919,3.81418,0.0183217
6.37225,3.92899,3.84967,0.0793213,0.0243933,0.00874287,0.00195695,0.00446289,3.79178,0.0183307
6.37811,3.82476,3.82741,-0.00264826,0.0243351,0.00872263,0.00195253,0.00445661,3.76961,0.0183396
6.38398,3.67792,3.80538,-0.127453,0.0242773,0.00870249,0.00194812,0.00445035,3.74765,0.0183486
6.38984,3.81435,3.78355,0.030796,0.0242197,0.00868245,0.00194373,0.00444411,3.72591,0.0183576
6.3957,3.74156,3.76195,-0.020389,0.0241625,0.00866251,0.00193937,0.00443789,3.70438,0.0183665
6.40156,3.65332,3.74055,-0.0872273,0.0241056,0.00864267,0.00193502,0.00443168,3.68306,0.0183754
6.40743,3.68608,3.71936,-0.0332774,0.0240489,0.00862292,0.00193069,0.00442549,3.66195,0.0183843
6.41329,3.65792,3.69837,-0.0404523,0.0239926,0.00860327,0.00192639,0.00441932,3.64104,0.0183932
6.41915,3.67992,3.67759,0.00233195,0.0239365,0.00858371,0.0019221,0.00441316,3.62033,0.0184021
6.42501,3.5641,3.65701,-0.0929046,0.0238808,0.00856425,0.00191783,0.00440702,3.59982,0.018411
6.43087,3.59767,3.63662,-0.038948,0.0238253,0.00854488,0.00191358,0.0044009,3.57951,0.0184198
6.43674,3.63293,3.61642,0.01651,0.0237701,0.00852561,0.00190934,0.0043948,3.5594,0.0184286
6.4426,3.63668,3.59642,0.0402585,0.0237152,0.00850643,0.00190513,0.00438871,3.53947,0.0184375
6.44846,3.54947,3.57661,-0.0271361,0.0236605,0.00848734,0.00190094,0.00438264,3.51973,0.0184463
6.45432,3.64584,3.55698,0.0888607,0.0236062,0.00846834,0.00189676,0.00437659,3.50018,0.0184551
6.46019,3.53974,3.53754,0.00219932,0.0235521,0.00844943,0.0018926,0.00437055,3.48081,0.0184638
6.46605,3.45384,3.51828,-0.0644396,0.0234983,0.00843061,0.00188846,0.00436453,3.46162,0.0184726
6.47191,3.44786,3.4992,-0.0513369,0.0234448,0.00841188,0.00188434,0.00435852,3.44261,0.0184813
6.47777,3.48566,3.48029,0.00536816,0.0233915,0.00839324,0.00188023,0.00435254,3.42378,0.0184901
6.48363,3.58739,3.46156,0.125828,0.0233385,0.00837468,0.00187615,0.00434656,3.40513,0.0184988
6.4895,3.27995,3.443,-0.163053,0.0232858,0.00835621,0.00187208,0.00434061,3.38664,0.0185075
6.49536,3.2629,3.42462,-0.161714,0.0232333,0.00833783,0.00186803,0.00433467,3.36833,0.0185162
6.50122,3.19185,3.4064,-0.214545,0.0231811,0.00831954,0.00186399,0.00432875,3.35018,0.0185248
6.50708,3.22448,3.38835,-0.163866,0.0231291,0.00830133,0.00185998,0.00432284,3.3322,0.0185335
6.51295,3.3253,3.37046,-0.045164,0.0230774,0.0082832,0.00185598,0.00431695,3.31438,0.0185421
6.51881,3.39442,3.35273,0.0416861,0.023026,0.00826516,0.001852,0.00431108,3.29673,0.0185508
6.52467,3.26941,3.33517,-0.0657575,0.0229748,0.0082472,0.00184803,0.00430522,3.27923,0.0185594
6.53053,3.28903,3.31776,-0.0287296,0.0229238,0.00822933,0.00184408,0.00429938,3.26189,0.018568
6.53639,3.29836,3.30051,-0.00215119,0.0228731,0.00821153,0.00184015,0.00429355,3.24471,0.0185766
6.54226,3.27191,3.28341,-0.0114986,0.0228227,0.00819382,0.00183624,0.00428774,3.22768,0.0185851
6.54812,3.25059,3.26646,-0.0158727,0.0227725,0.00817619,0.00183234,0.00428195,3.21081,0.0185937
6.55398,3.34203,3.24967,0.0923662,0.0227225,0.00815864,0.00182846,0.00427617,3.19408,0.0186022
6.55984,3.27673,3.23302,0.0437118,0.0226728,0.00814117,0.00182459,0.0042704,3.1775,0.0186107
6.56571,3.43793,3.21652,0.221407,0.0226233,0.00812377,0.00182074,0.00426465,3.16107,0.0186193
6.57157,3.23402,3.20017,0.0338485,0.0225741,0.00810646,0.00181691,0.00425892,3.14478,0.0186278
6.57743,3.29829,3.18395,0.114333,0.0225251,0.00808923,0.00181309,0.0042532,3.12864,0.0186362
6.58329,3.23435,3.16788,0.0664677,0.0224763,0.00807207,0.00180929,0.0042475,3.11263,0.0186447
6.58915,3.21744,3.15195,0.0654849,0.0224277,0.00805499,0.00180551,0.00424181,3.09677,0.0186531
6.59502,3.35604,3.13616,0.219876,0.0223794,0.00803798,0.00180174,0.00423614,3.08104,0.0186616
6.60088,3.11073,3.1205,-0.00977116,0.0223313,0.00802106,0.00179799,0.00423049,3.06545,0.01867
6.60674,3.0273,3.10498,-0.0776791,0.0222835,0.0080042,0.00179425,0.00422484,3.05,0.0186784
6.6126,2.89986,3.0896,-0.189738,0.0222358,0.00798743,0.00179053,0.00421922,3.03468,0.0186868
6.61847,2.90201,3.07434,-0.172324,0.0221884,0.00797072,0.00178682,0.00421361,3.01948,0.0186952
6.62433,2.92598,3.05921,-0.133232,0.0221412,0.00795409,0.00178313,0.00420801,3.00442,0.0187035
6.63019,3.07983,3.04421,0.0356149,0.0220943,0.00793754,0.00177945,0.00420243,2.98949,0.0187119
6.63605,2.98345,3.02934,-0.0458952,0.0220475,0.00792105,0.00177579,0.00419686,2.97468,0.0187202
6.64191,3.01873,3.0146,0.00412812,0.022001,0.00790464,0.00177214,0.00419131,2.96,0.0187285
6.64778,2.99607,2.99998,-0.00390244,0.0219546,0.0078883,0.00176851,0.00418577,2.94544,0.0187368
6.65364,2.96501,2.98548,-0.020464,0.0219085,0.00787203,0.0017649,0.00418025,2.93101,0.0187451
6.6595,2.88168,2.9711,-0.0894182,0.0218626,0.00785584,0.00176129,0.00417474,2.91669,0.0187534
6.66536,2.98637,2.95684,0.0295257,0.0218169,0.00783971,0.00175771,0.00416925,2.9025,0.0187617
6.67123,2.93639,2.9427,-0.00631623,0.0217715,0.00782365,0.00175413,0.00416377,2.88842,0.0187699
6.67709,2.97806,2.92868,0.0493813,0.0217262,0.00780767,0.00175058,0.0041583,2.87446,0.0187781
6.68295,3.02684,2.91478,0.112069,0.0216811,0.00779175,0.00174703,0.00415285,2.86062,0.0187864
6.68881,2.953,2.90098,0.0520123,0.0216363,0.0077759,0.0017435,0.00414741,2.84689,0.0187946
6.69468,3.05501,2.8873,0.167701,0.0215916,0.00776012,0.00173999,0.00414199,2.83327,0.0188027
6.70054,2.9577,2.87374,0.0839675,0.0215471,0.0077444,0.00173649,0.00413658,2.81976,0.0188109
6.7064,2.85206,2.86028,-0.00822336,0.0215029,0.00772876,0.001733,0.00413119,2.80637,0.0188191
6.71226,2.92282,2.84693,0.075889,0.0214588,0.00771318,0.00172953,0.00412581,2.79308,0.0188272
6.71812,2.88702,2.83369,0.0533207,0.021415,0.00769766,0.00172607,0.00412044,2.7799,0.0188353
6.72399,2.82954,2.82056,0.00898186,0.0213713,0.00768221,0.00172262,0.00411509,2.76683,0.0188434
6.72985,2.93599,2.80754,0.128455,0.0213278,0.00766683,0.00171919,0.00410975,2.75386,0.0188515
6.73571,2.87191,2.79461,0.0772975,0.0212845,0.00765151,0.00171577,0.00410443,2.741,0.0188596
6.74157,2.74546,2.7818,-0.036332,0.0212415,0.00763626,0.00171237,0.00409912,2.72824,0.0188677
6.74744,2.75284,2.76908,-0.016239,0.0211986,0.00762107,0.00170898,0.00409382,2.71558,0.0188757
6.7533,2.54776,2.75646,-0.208702,0.0211558,0.00760595,0.0017056,0.00408853,2.70302,0.0188838
6.75916,2.5214,2.74395,-0.222553,0.0211133,0.00759088,0.00170223,0.00408326,2.69057,0.0188918
6.76502,2.66451,2.73153,-0.0670215,0.021071,0.00757588,0.00169888,0.00407801,2.67821,0.0188998
6.77088,2.75182,2.71921,0.0326022,0.0210288,0.00756095,0.00169554,0.00407277,2.66595,0.0189078
6.77675,2.61804,2.70699,-0.0889492,0.0209869,0.00754607,0.00169222,0.00406754,2.65378,0.0189158
6.78261,2.68475,2.69487,-0.0101162,0.0209451,0.00753126,0.00168891,0.00406232,2.64171,0.0189237
6.78847,2.59504,2.68283,-0.0877961,0.0209035,0.00751651,0.00168561,0.00405712,2.62974,0.0189317
6.79433,2.80073,2.6709,0.12983,0.020862,0.00750181,0.00168232,0.00405193,2.61786,0.0189396
6.8002,2.87187,2.65905,0.212824,0.0208208,0.00748718,0.00167905,0.00404675,2.60607,0.0189476
6.80606,2.65207,2.6473,0.00477022,0.0207797,0.00747261,0.00167579,0.00404159,2.59437,0.0189555
6.81192,2.72708,2.63563,0.0914432,0.0207388,0.0074581,0.00167254,0.00403644,2.58277,0.0189633
6.81778,2.72284,2.62406,0.0987789,0.0206981,0.00744365,0.0016693,0.0040313,2.57125,0.0189712
6.82364,2.56416,2.61258,-0.0484141,0.0206576,0.00742926,0.00166608,0.00402618,2.55982,0.0189791
6.82951,2.64254,2.60118,0.0413622,0.0206172,0.00741492,0.00166287,0.00402107,2.54848,0.0189869
6.83537,2.67444,2.58987,0.0845699,0.020577,0.00740065,0.00165967,0.00401597,2.53722,0.0189948
6.84123,2.61301,2.57865,0.0343612,0.020537,0.00738643,0.00165648,0.00401089,2.52605,0.0190026
6.84709,2.47888,2.56751,-0.0886303,0.0204971,0.00737227,0.00165331,0.00400582,2.51497,0.0190104
6.85296,2.56342,2.55645,0.00696487,0.0204574,0.00735816,0.00165015,0.00400076,2.50397,0.0190182
6.85882,2.6142,2.54548,0.0687186,0.0204179,0.00734412,0.001647,0.00399571,2.49305,0.0190259
6.86468,2.53581,2.53459,0.00122041,0.0203785,0.00733013,0.00164386,0.00399068,2.48221,0.0190337
6.87054,2.55881,2.52378,0.0350321,0.0203393,0.00731619,0.00164074,0.00398566,2.47146,0.0190414
6.8764,2.53864,2.51305,0.025581,0.0203003,0.00730231,0.00163762,0.00398065,2.46078,0.0190492
6.88227,2.45473,2.50241,-0.0476732,0.0202614,0.00728849,0.00163452,0.00397565,2.45019,0.0190569
6.88813,2.68818,2.49184,0.196345,0.0202227,0.00727472,0.00163143,0.00397067,2.43968,0.0190646
6.89399,2.57445,2.48135,0.0931052,0.0201842,0.00726101,0.00162835,0.0039657,2.42924,0.0190723
6.89985,2.4812,2.47094,0.0102592,0.0201458,0.00724735,0.00162528,0.00396074,2.41888,0.0190799
6.90572,2.57884,2.4606,0.118244,0.0201075,0.00723374,0.00162223,0.00395579,2.40859,0.0190876
6.91158,2.4299,2.45034,-0.0204431,0.0200695,0.00722019,0.00161918,0.00395086,2.39838,0.0190952
6.91744,2.51943,2.44015,0.0792775,0.0200316,0.00720669,0.00161615,0.00394594,2.38825,0.0191028
6.9233,2.15566,2.43004,-0.27438,0.0199938,0.00719324,0.00161313,0.00394103,2.37819,0.0191105
6.92916,2.42024,2.42001,0.000230456,0.0199562,0.00717985,0.00161012,0.00393613,2.36821,0.0191181
6.93503,2.46416,2.41004,0.0541159,0.0199187,0.00716651,0.00160712,0.00393125,2.35829,0.0191256
6.94089,2.33646,2.40015,-0.0636898,0.0198814,0.00715322,0.00160413,0.00392638,2.34845,0.0191332
6.94675,2.39573,2.39033,0.00540697,0.0198443,0.00713998,0.00160115,0.00392151,2.33868,0.0191408
6.95261,2.56534,2.38058,0.184768,0.0198073,0.0071268,0.00159819,0.00391667,2.32898,0.0191483
6.95848,2.43682,2.3709,0.0659248,0.0197704,0.00711366,0.00159523,0.00391183,2.31935,0.0191558
6.96434,2.49555,2.36128,0.134265,0.0197337,0.00710058,0.00159229,0.003907,2.30979,0.0191633
6.9702,2.48305,2.35174,0.13131,0.0196971,0.00708755,0.00158935,0.00390219,2.30029,0.0191708
6.97606,2.25205,2.34227,-0.0902134,0.0196607,0.00707456,0.00158643,0.00389739,2.29087,0.0191783
6.98192,2.30013,2.33286,-0.0327235,0.0196245,0.00706163,0.00158352,0.0038926,2.28151,0.0191857
6.98779,2.17136,2.32352,-0.152155,0.0195884,0.00704875,0.00158062,0.00388782,2.27222,0.0191932
6.99365,2.11729,2.31424,-0.196947,0.0195524,0.00703591,0.00157773,0.00388306,2.26299,0.0192006
6.99951,2.24413,2.30503,-0.0609047,0.0195165,0.00702313,0.00157485,0.0038783,2.25383,0.019208
7.00537,2.3548,2.29588,0.0589143,0.0194808,0.00701039,0.00157198,0.00387356,2.24473,0.0192154
7.01124,2.17735,2.2868,-0.109452,0.0194453,0.0069977,0.00156912,0.00386883,2.2357,0.0192228
7.0171,2.17157,2.27778,-0.106216,0.0194099,0.00698506,0.00156627,0.00386411,2.22673,0.0192302
7.02296,2.51655,2.26883,0.247719,0.0193746,0.00697247,0.00156343,0.0038594,2.21782,0.0192376
7.02882,2.27524,2.25993,0.0153036,0.0193395,0.00695992,0.0015606,0.00385471,2.20897,0.0192449
7.03468,2.1749,2.2511,-0.0761993,0.0193045,0.00694743,0.00155779,0.00385002,2.20019,0.0192522
7.04055,2.01804,2.24233,-0.224293,0.0192696,0.00693498,0.00155498,0.00384535,2.19147,0.0192596
7.04641,2.36438,2.23362,0.13076,0.0192349,0.00692257,0.00155218,0.00384069,2.1828,0.0192669
7.05227,2.24699,2.22497,0.0220197,0.0192003,0.00691021,0.00154939,0.00383603,2.1742,0.0192741
7.05813,2.29898,2.21638,0.0825992,0.0191658,0.0068979,0.00154661,0.00383139,2.16565,0.0192814
7.064,2.24621,2.20784,0.038363,0.0191315,0.00688564,0.00154385,0.00382677,2.15717,0.0192887
7.06986,2.07628,2.19937,-0.123083,0.0190973,0.00687342,0.00154109,0.00382215,2.14874,0.0192959
7.07572,2.2078,2.19095,0.0168501,0.0190633,0.00686124,0.00153834,0.00381754,2.14037,0.0193031
7.08158,2.11473,2.18259,-0.067861,0.0190293,0.00684912,0.0015356,0.00381295,2.13205,0.0193104
7.08745,1.96557,2.17428,-0.208712,0.0189956,0.00683703,0.00153287,0.00380836,2.12379,0.0193176
7.09331,2.12446,2.16604,-0.0415804,0.0189619,0.00682499,0.00153015,0.00380379,2.11559,0.0193247
7.09917,2.11304,2.15784,-0.0448009,0.0189283,0.006813,0.00152745,0.00379923,2.10744,0.0193319
7.10503,2.07432,2.1497,-0.0753894,0.0188949,0.00680104,0.00152475,0.00379468,2.09935,0.0193391
7.11089,2.07937,2.14162,-0.0622502,0.0188616,0.00678914,0.00152205,0.00379014,2.09131,0.0193462
7.11676,2.10782,2.13359,-0.0257734,0.0188285,0.00677727,0.00151937,0.00378561,2.08333,0.0193533
7.12262,2.23209,2.12561,0.106479,0.0187955,0.00676545,0.0015167,0.00378109,2.07539,0.0193604
7.12848,2.02848,2.11769,-0.0892075,0.0187625,0.00675368,0.00151404,0.00377658,2.06752,0.0193675
7.13434,2.22639,2.10982,0.116568,0.0187298,0.00674194,0.00151139,0.00377208,2.05969,0.0193746
7.14021,2.15699,2.102,0.0549887,0.0186971,0.00673025,0.00150874,0.0037676,2.05191,0.0193817
7.14607,2.11351,2.09423,0.0192761,0.0186646,0.0067186,0.00150611,0.00376312,2.04419,0.0193887
7.15193,1.99708,2.08651,-0.0894315,0.0186321,0.00670699,0.00150349,0.00375865,2.03652,0.0193957
7.15779,2.23486,2.07885,0.156014,0.0185998,0.00669543,0.00150087,0.0037542,2.02889,0.0194028
7.16365,2.12057,2.07123,0.0493413,0.0185677,0.0066839,0.00149826,0.00374976,2.02132,0.0194098
7.16952,2.10848,2.06366,0.0448132,0.0185356,0.00667242,0.00149566,0.00374532,2.0138,0.0194168
7.17538,2.1247,2.05614,0.0685588,0.0185037,0.00666098,0.00149308,0.0037409,2.00632,0.0194237
7.18124,1.97845,2.04867,-0.0702261,0.0184719,0.00664958,0.0014905,0.00373649,1.9989,0.0194307
7.1871,2.03983,2.04125,-0.00141955,0.0184402,0.00663822,0.00148792,0.00373208,1.99152,0.0194376
7.19297,1.907,2.03388,-0.126881,0.0184086,0.0066269,0.00148536,0.00372769,1.98419,0.0194446
7.19883,1.85942,2.02655,-0.167131,0.0183771,0.00661562,0.00148281,0.00372331,1.9769,0.0194515
7.20469,2.08392,2.01927,0.0646426,0.0183457,0.00660439,0.00148026,0.00371894,1.96967,0.0194584
7.21055,1.85514,2.01204,-0.1569,0.0183145,0.00659319,0.00147773,0.00371458,1.96248,0.0194653
7.21641,1.94027,2.00485,-0.0645876,0.0182834,0.00658203,0.0014752,0.00371023,1.95533,0.0194722
7.22228,1.94969,1.99771,-0.0480197,0.0182524,0.00657091,0.00147268,0.00370588,1.94823,0.019479
7.22814,2.20574,1.99062,0.215125,0.0182215,0.00655983,0.00147017,0.00370155,1.94118,0.0194859
7.234,2.03517,1.98357,0.0515983,0.0181907,0.00654879,0.00146767,0.00369723,1.93417,0.0194927
7.23986,2.08683,1.97656,0.110264,0.01816,0.00653778,0.00146518,0.00369292,1.92721,0.0194995
7.24573,2.0073,1.9696,0.037699,0.0181294,0.00652682,0.00146269,0.00368862,1.92029,0.0195063
7.25159,2.03883,1.96268,0.0761513,0.018099,0.00651589,0.00146022,0.00368433,1.91341,0.0195131
7.25745,2.11286,1.95581,0.15705,0.0180686,0.00650501,0.00145775,0.00368005,1.90657,0.0195198
7.26331,1.99842,1.94897,0.04945,0.0180384,0.00649416,0.00145529,0.00367578,1.89978,0.0195266
7.26917,1.97158,1.94218,0.0293916,0.0180083,0.00648335,0.00145284,0.00367152,1.89303,0.0195333
7.27504,1.8128,1.93544,-0.122638,0.0179783,0.00647257,0.00145039,0.00366727,1.88633,0.0195401
7.2809,1.68504,1.92873,-0.243695,0.0179483,0.00646184,0.00144796,0.00366303,1.87966,0.0195468
7.28676,1.73929,1.92207,-0.182777,0.0179185,0.00645114,0.00144553,0.0036588,1.87304,0.0195535
7.29262,1.78195,1.91544,-0.133492,0.0178888,0.00644047,0.00144311,0.00365458,1.86646,0.0195602
7.29849,1.97518,1.90886,0.0663164,0.0178592,0.00642985,0.0014407,0.00365036,1.85991,0.0195668
7.30435,1.94756,1.90232,0.0452432,0.0178298,0.00641926,0.0014383,0.00364616,1.85341,0.0195735
7.31021,1.84063,1.89582,-0.0551885,0.0178004,0.0064087,0.00143591,0.00364197,1.84695,0.0195801
7.31607,1.88224,1.88935,-0.00711702,0.0177711,0.00639819,0.00143352,0.00363779,1.84053,0.0195867
7.32193,1.83932,1.88293,-0.0436128,0.0177419,0.00638771,0.00143114,0.00363361,1.83414,0.0195933
7.3278,1.81373,1.87655,-0.0628147,0.0177128,0.00637726,0.00142877,0.00362945,1.8278,0.0195999
7.33366,1.99042,1.8702,0.120217,0.0176839,0.00636685,0.00142641,0.0036253,1.82149,0.0196065
7.33952,2.01863,1.8639,0.154732,0.017655,0.00635648,0.00142405,0.00362115,1.81523,0.0196131
7.34538,1.90963,1.85763,0.0519979,0.0176262,0.00634614,0.00142171,0.00361702,1.809,0.0196196
7.35125,1.97307,1.8514,0.121671,0.0175975,0.00633583,0.00141937,0.00361289,1.80281,0.0196262
7.35711,1.96509,1.8452,0.119886,0.017569,0.00632556,0.00141703,0.00360877,1.79665,0.0196327
7.36297,1.97858,1.83905,0.139535,0.0175405,0.00631533,0.00141471,0.00360467,1.79053,0.0196392
7.36883,1.89641,1.83293,0.0634827,0.0175121,0.00630513,0.00141239,0.00360057,1.78445,0.0196457
7.37469,1.71092,1.82685,-0.115924,0.0174838,0.00629496,0.00141008,0.00359648,1.77841,0.0196521
7.38056,1.77595,1.8208,-0.0448531,0.0174557,0.00628483,0.00140778,0.0035924,1.7724,0.0196586
7.38642,1.63288,1.81479,-0.181903,0.0174276,0.00627473,0.00140549,0.00358833,1.76643,0.019665
7.39228,1.74247,1.80881,-0.0663451,0.0173996,0.00626467,0.0014032,0.00358427,1.76049,0.0196715
7.39814,1.6425,1.80287,-0.16037,0.0173717,0.00625464,0.00140092,0.00358022,1.75459,0.0196779
7.40401,1.83721,1.79697,0.0402387,0.0173439,0.00624464,0.00139865,0.00357618,1.74872,0.0196843
7.40987,1.68635,1.7911,-0.104742,0.0173162,0.00623468,0.00139639,0.00357214,1.74289,0.0196907
7.41573,1.63333,1.78526,-0.151928,0.0172886,0.00622475,0.00139413,0.00356812,1.73709,0.019697
7.42159,1.74647,1.77946,-0.0329894,0.0172611,0.00621485,0.00139188,0.00356411,1.73132,0.0197034
7.42745,1.82894,1.77369,0.0552496,0.0172337,0.00620498,0.00138964,0.0035601,1.72559,0.0197097
7.43332,1.68773,1.76796,-0.0802298,0.0172064,0.00619515,0.0013874,0.0035561,1.71989,0.0197161
7.43918,1.63964,1.76225,-0.122612,0.0171791,0.00618535,0.00138517,0.00355211,1.71423,0.0197224
7.44504,1.72572,1.75659,-0.0308665,0.017152,0.00617558,0.00138295,0.00354813,1.7086,0.0197287
7.4509,1.59572,1.75095,-0.155236,0.0171249,0.00616585,0.00138074,0.00354416,1.703,0.019735
7.45677,1.71919,1.74535,-0.0261565,0.017098,0.00615614,0.00137853,0.0035402,1.69743,0.0197412
7.46263,1.71268,1.73978,-0.0270947,0.0170711,0.00614647,0.00137633,0.00353625,1.6919,0.0197475
7.46849,1.77105,1.73424,0.0368112,0.0170443,0.00613683,0.00137414,0.00353231,1.6864,0.0197537
7.47435,1.79072,1.72873,0.0619899,0.0170176,0.00612722,0.00137195,0.00352837,1.68093,0.0197599
7.48021,1.80715,1.72326,0.0838926,0.016991,0.00611765,0.00136977,0.00352445,1.67549,0.0197662
7.48608,1.72255,1.71781,0.00473542,0.0169645,0.0061081,0.0013676,0.00352053,1.67008,0.0197724
7.49194,1.80211,1.7124,0.089712,0.0169381,0.00609858,0.00136543,0.00351662,1.6647,0.0197785
7.4978,1.64739,1.70702,-0.0596323,0.0169118,0.0060891,0.00136328,0.00351272,1.65936,0.0197847
7.50366,1.75232,1.70167,0.0506552,0.0168855,0.00607964,0.00136112,0.00350883,1.65404,0.0197908
7.50953,1.65112,1.69634,-0.0452281,0.0168593,0.00607022,0.00135898,0.00350494,1.64875,0.019797
7.51539,1.72273,1.69105,0.0316766,0.0168333,0.00606083,0.00135684,0.00350107,1.6435,0.0198031
7.52125,1.66296,1.68579,-0.0228312,0.0168073,0.00605146,0.00135471,0.0034972,1.63827,0.0198092
7.52711,1.73545,1.68056,0.0548882,0.0167814,0.00604213,0.00135258,0.00349335,1.63307,0.0198153
7.53298,1.79084,1.67535,0.115483,0.0167556,0.00603283,0.00135047,0.0034895,1.6279,0.0198214
7.53884,1.6882,1.67018,0.0180149,0.0167298,0.00602355,0.00134835,0.00348566,1.62277,0.0198274
7.5447,1.85825,1.66503,0.193212,0.0167042,0.00601431,0.00134625,0.00348183,1.61765,0.0198335
7.55056,1.65342,1.65992,-0.00649509,0.0166786,0.00600509,0.00134415,0.003478,1.61257,0.0198395
7.55642,1.67433,1.65483,0.0194983,0.0166531,0.00599591,0.00134206,0.00347419,1.60752,0.0198455
7.56229,1.62893,1.64977,-0.0208367,0.0166277,0.00598675,0.00133997,0.00347038,1.60249,0.0198515
7.56815,1.64451,1.64474,-0.000223634,0.0166024,0.00597763,0.0013379,0.00346658,1.5975,0.0198575
7.57401,1.5482,1.63973,-0.091535,0.0165772,0.00596853,0.00133582,0.00346279,1.59253,0.0198635
7.57987,1.72747,1.63476,0.0927127,0.016552,0.00595946,0.00133376,0.00345901,1.58758,0.0198695
7.58574,1.72516,1.62981,0.095357,0.0165269,0.00595042,0.0013317,0.00345524,1.58267,0.0198754
7.5916,1.65199,1.62488,0.0271099,0.0165019,0.00594141,0.00132964,0.00345147,1.57778,0.0198813
7.59746,1.68726,1.61999,0.0672676,0.016477,0.00593242,0.0013276,0.00344772,1.57292,0.0198872
7.60332,1.70319,1.61512,0.0880746,0.0164522,0.00592347,0.00132556,0.00344397,1.56808,0.0198931
7.60918,1.68349,1.61028,0.0732184,0.0164274,0.00591454,0.00132352,0.00344023,1.56327,0.019899
7.61505,1.48571,1.60546,-0.119753,0.0164028,0.00590564,0.00132149,0.00343649,1.55849,0.0199049
7.62091,1.45091,1.60067,-0.149756,0.0163782,0.00589677,0.00131947,0.00343277,1.55373,0.0199107
7.62677,1.62767,1.59591,0.031764,0.0163536,0.00588792,0.00131746,0.00342905,1.549,0.0199166
7.63263,1.66529,1.59117,0.0741216,0.0163292,0.0058791,0.00131545,0.00342534,1.5443,0.0199224
7.6385,1.68647,1.58645,0.100016,0.0163048,0.00587031,0.00131344,0.00342164,1.53962,0.0199282
7.64436,1.55473,1.58177,-0.0270345,0.0162806,0.00586155,0.00131144,0.00341795,1.53496,0.019934
7.65022,1.728,1.5771,0.150898,0.0162563,0.00585282,0.00130945,0.00341427,1.53033,0.0199398
7.65608,1.58545,1.57247,0.012987,0.0162322,0.00584411,0.00130747,0.00341059,1.52573,0.0199456
7.66194,1.71193,1.56785,0.144076,0.0162082,0.00583543,0.00130549,0.00340692,1.52114,0.0199513
7.66781,1.49875,1.56326,-0.0645155,0.0161842,0.00582677,0.00130351,0.00340326,1.51659,0.0199571
7.67367,1.52731,1.5587,-0.0313933,0.0161603,0.00581814,0.00130155,0.00339961,1.51206,0.0199628
7.67953,1.67423,1.55416,0.120073,0.0161364,0.00580954,0.00129959,0.00339596,1.50755,0.0199685
7.68539,1.66633,1.54964,0.116688,0.0161127,0.00580097,0.00129763,0.00339232,1.50307,0.0199742
7.69126,1.4656,1.54515,-0.0795473,0.016089,0.00579242,0.00129568,0.00338869,1.49861,0.0199799
7.69712,1.51936,1.54068,-0.0213243,0.0160654,0.0057839,0.00129374,0.00338507,1.49417,0.0199855
7.70298,1.35901,1.53624,-0.177224,0.0160418,0.0057754,0.0012918,0.00338146,1.48976,0.0199912
7.70884,1.4978,1.53182,-0.0340186,0.0160184,0.00576693,0.00128987,0.00337785,1.48537,0.0199968
7.7147,1.56135,1.52742,0.0339382,0.015995,0.00575848,0.00128794,0.00337425,1.481,0.0200024
7.72057,1.62396,1.52304,0.100924,0.0159717,0.00575006,0.00128602,0.00337066,1.47665,0.020008
7.72643,1.67146,1.51869,0.152775,0.0159484,0.00574167,0.0012841,0.00336708,1.47233,0.0200136
7.73229,1.58169,1.51436,0.0673333,0.0159253,0.0057333,0.00128219,0.0033635,1.46803,0.0200192
7.73815,1.6103,1.51005,0.10025,0.0159021,0.00572496,0.00128029,0.00335993,1.46376,0.0200247
7.74402,1.72093,1.50576,0.215167,0.0158791,0.00571664,0.00127839,0.00335637,1.4595,0.0200303
7.74988,1.49891,1.5015,-0.00259105,0.0158562,0.00570834,0.0012765,0.00335282,1.45527,0.0200358
7.75574,1.44434,1.49726,-0.0529175,0.0158333,0.00570008,0.00127461,0.00334928,1.45106,0.0200413
7.7616,1.3099,1.49304,-0.183133,0.0158104,0.00569183,0.00127273,0.00334574,1.44687,0.0200468
7.76746,1.33965,1.48884,-0.149192,0.0157877,0.00568361,0.00127086,0.00334221,1.4427,0.0200523
7.77333,1.38125,1.48466,-0.103412,0.015765,0.00567542,0.00126899,0.00333868,1.43856,0.0200578
7.77919,1.47228,1.48051,-0.00822495,0.0157424,0.00566725,0.00126712,0.00333517,1.43443,0.0200633
7.78505,1.57784,1.47637,0.101469,0.0157198,0.0056591,0.00126526,0.00333166,1.43033,0.0200687
7.79091,1.55791,1.47226,0.0856472,0.0156974,0.00565098,0.00126341,0.00332816,1.42625,0.0200741
7.79678,1.5328,1.46817,0.06463,0.015675,0.00564288,0.00126156,0.00332466,1.42218,0.0200795
7.80264,1.42282,1.4641,-0.0412758,0.0156526,0.00563481,0.00125972,0.00332118,1.41814,0.0200849
7.8085,1.57837,1.46005,0.118326,0.0156303,0.00562676,0.00125788,0.0033177,1.41412,0.0200903
7.81436,1.39643,1.45602,-0.059586,0.0156081,0.00561873,0.00125605,0.00331423,1.41012,0.0200957
7.82022,1.38184,1.452,-0.0701679,0.015586,0.00561073,0.00125422,0.00331076,1.40614,0.020101
7.82609,1.37396,1.44801,-0.0740593,0.0155639,0.00560275,0.0012524,0.0033073,1.40218,0.0201064
7.83195,1.36163,1.44404,-0.0824139,0.0155419,0.0055948,0.00125058,0.00330385,1.39824,0.0201117
7.83781,1.39587,1.44009,-0.0442262,0.01552,0.00558687,0.00124877,0.00330041,1.39432,0.020117
7.84367,1.526,1.43616,0.0898342,0.0154981,0.00557896,0.00124696,0.00329698,1.39042,0.0201223
7.84954,1.35623,1.43225,-0.0760228,0.0154763,0.00557107,0.00124516,0.00329355,1.38654,0.0201276
7.8554,1.51678,1.42836,0.0884232,0.0154545,0.00556321,0.00124337,0.00329013,1.38268,0.0201329
7.86126,1.35186,1.42449,-0.0726283,0.0154329,0.00555537,0.00124158,0.00328671,1.37883,0.0201381
7.86712,1.46282,1.42064,0.0421842,0.0154112,0.00554756,0.00123979,0.0032833,1.37501,0.0201433
7.87298,1.29243,1.4168,-0.124369,0.0153897,0.00553976,0.00123801,0.0032799,1.37121,0.0201486
7.87885,1.39158,1.41299,-0.0214058,0.0153682,0.00553199,0.00123624,0.00327651,1.36742,0.0201538
7.88471,1.4054,1.40919,-0.00379489,0.0153468,0.00552424,0.00123447,0.00327312,1.36365,0.020159
7.89057,1.38406,1.40541,-0.0213529,0.0153254,0.00551652,0.0012327,0.00326974,1.3599,0.0201641
7.89643,1.42642,1.40165,0.0247659,0.0153041,0.00550881,0.00123094,0.00326637,1.35617,0.0201693
7.9023,1.57157,1.39791,0.173656,0.0152829,0.00550113,0.00122919,0.00326301,1.35246,0.0201744
7.90816,1.41481,1.39419,0.0206234,0.0152617,0.00549347,0.00122744,0.00325965,1.34877,0.0201796
7.91402,1.43541,1.39049,0.0449276,0.0152406,0.00548583,0.00122569,0.0032563,1.34509,0.0201847
7.91988,1.42138,1.3868,0.0345808,0.0152195,0.00547822,0.00122395,0.00325295,1.34144,0.0201898
7.92574,1.25415,1.38313,-0.12898,0.0151985,0.00547063,0.00122222,0.00324961,1.3378,0.0201949
7.93161,1.19703,1.37948,-0.182448,0.0151776,0.00546305,0.00122049,0.00324628,1.33417,0.0202
7.93747,1.22838,1.37585,-0.147467,0.0151567,0.0054555,0.00121876,0.00324296,1.33057,0.020205
7.94333,1.24324,1.37223,-0.12899,0.0151359,0.00544798,0.00121704,0.00323964,1.32698,0.0202101
7.94919,1.31839,1.36863,-0.0502473,0.0151152,0.00544047,0.00121533,0.00323633,1.32341,0.0202151
7.95506,1.16946,1.36505,-0.195598,0.0150945,0.00543298,0.00121361,0.00323303,1.31986,0.0202201
7.96092,1.38543,1.36149,0.0239442,0.0150738,0.00542552,0.00121191,0.00322973,1.31632,0.0202251
7.96678,1.21008,1.35794,-0.14786,0.0150533,0.00541807,0.00121021,0.00322644,1.3128,0.0202301
7.97264,1.21285,1.35441,-0.141559,0.0150327,0.00541065,0.00120851,0.00322316,1.3093,0.0202351
7.97851,1.38881,1.3509,0.0379136,0.0150123,0.00540325,0.00120682,0.00321988,1.30582,0.02024
7.98437,1.36616,1.3474,0.0187511,0.0149919,0.00539587,0.00120513,0.00321661,1.30235,0.020245
7.99023,1.32629,1.34392,-0.0176374,0.0149716,0.00538851,0.00120345,0.00321335,1.2989,0.0202499
7.99609,1.40963,1.34046,0.0691712,0.0149513,0.00538117,0.00120177,0.00321009,1.29546,0.0202548
8.00195,1.39171,1.33701,0.0546911,0.0149311,0.00537385,0.0012001,0.00320684,1.29204,0.0202597
8.00782,1.26261,1.33358,-0.0709785,0.0149109,0.00536656,0.00119843,0.00320359,1.28864,0.0202646
8.01368,1.25047,1.33017,-0.0797034,0.0148908,0.00535928,0.00119677,0.00320036,1.28525,0.0202694
8.01954,1.26218,1.32677,-0.0645954,0.0148707,0.00535202,0.00119511,0.00319713,1.28188,0.0202743
8.0254,1.32395,1.32339,0.000557318,0.0148508,0.00534478,0.00119346,0.0031939,1.27853,0.0202791
8.03127,1.38212,1.32002,0.0620986,0.0148308,0.00533757,0.00119181,0.00319068,1.27519,0.0202839
8.03713,1.51311,1.31667,0.196438,0.0148109,0.00533037,0.00119016,0.00318747,1.27186,0.0202888
8.04299,1.32337,1.31334,0.0100281,0.0147911,0.0053232,0.00118852,0.00318427,1.26856,0.0202935
8.04885,1.37982,1.31002,0.0697986,0.0147714,0.00531604,0.00118688,0.00318107,1.26526,0.0202983
8.05471,1.23744,1.30671,-0.069275,0.0147516,0.0053089,0.00118525,0.00317788,1.26199,0.0203031
8.06058,1.23541,1.30342,-0.0680178,0.014732,0.00530179,0.00118362,0.00317469,1.25872,0.0203078
8.06644,1.32902,1.30015,0.0288654,0.0147124,0.00529469,0.001182,0.00317151,1.25548,0.0203126
8.0723,1.24628,1.29689,-0.0506142,0.0146928,0.00528761,0.00118038,0.00316834,1.25225,0.0203173
8.07816,1.26828,1.29365,-0.0253681,0.0146733,0.00528055,0.00117877,0.00316517,1.24903,0.020322
8.08403,1.22001,1.29042,-0.0704139,0.0146539,0.00527351,0.00117716,0.00316201,1.24583,0.0203267
8.08989,1.38156,1.28721,0.0943522,0.0146345,0.0052665,0.00117556,0.00315886,1.24264,0.0203314
8.09575,1.27149,1.28401,-0.012514,0.0146152,0.0052595,0.00117395,0.00315571,1.23947,0.020336
8.10161,1.33469,1.28082,0.0538654,0.0145959,0.00525251,0.00117236,0.00315257,1.23631,0.0203407
8.10747,1.16799,1.27765,-0.109668,0.0145767,0.00524555,0.00117077,0.00314943,1.23317,0.0203453
8.11334,1.24363,1.2745,-0.0308702,0.0145575,0.00523861,0.00116918,0.00314631,1.23004,0.0203499
8.1192,1.30095,1.27136,0.0295916,0.0145384,0.00523169,0.00116759,0.00314318,1.22692,0.0203545
8.12506,1.17393,1.26823,-0.0942964,0.0145193,0.00522478,0.00116602,0.00314007,1.22382,0.0203591
8.13092,1.19706,1.26512,-0.068061,0.0145003,0.0052179,0.00116444,0.00313696,1.22073,0.0203637
8.13679,1.04968,1.26202,-0.212335,0.0144814,0.00521103,0.00116287,0.00313385,1.21766,0.0203682
8.14265,1.19628,1.25894,-0.0626595,0.0144625,0.00520418,0.0011613,0.00313075,1.2146,0.0203728
8.14851,1.12847,1.25586,-0.127396,0.0144436,0.00519735,0.00115974,0.00312766,1.21156,0.0203773
8.15437,1.14918,1.25281,-0.103628,0.0144248,0.00519054,0.00115818,0.00312458,1.20853,0.0203818
8.16023,1.16444,1.24976,-0.0853227,0.0144061,0.00518374,0.00115663,0.0031215,1.20551,0.0203863
8.1661,1.02494,1.24674,-0.221795,0.0143874,0.00517697,0.00115508,0.00311842,1.20251,0.0203908
8.17196,1.08798,1.24372,-0.15574,0.0143687,0.00517021,0.00115353,0.00311536,1.19952,0.0203953
8.17782,1.05031,1.24072,-0.190404,0.0143501,0.00516347,0.00115199,0.00311229,1.19654,0.0203997
8.18368,1.17076,1.23773,-0.0669715,0.0143316,0.00515675,0.00115046,0.00310924,1.19358,0.0204042
8.18955,1.31993,1.23475,0.085178,0.0143131,0.00515005,0.00114892,0.00310619,1.19063,0.0204086
8.19541,1.30759,1.23179,0.0758034,0.0142946,0.00514337,0.00114739,0.00310314,1.18769,0.020413
8.20127,1.34212,1.22884,0.113277,0.0142762,0.0051367,0.00114587,0.00310011,1.18476,0.0204174
8.20713,1.37518,1.2259,0.149273,0.0142579,0.00513005,0.00114435,0.00309707,1.18185,0.0204218
8.21299,1.31234,1.22298,0.0893594,0.0142396,0.00512342,0.00114283,0.00309405,1.17895,0.0204261
8.21886,1.11298,1.22007,-0.107091,0.0142213,0.00511681,0.00114132,0.00309103,1.17607,0.0204305
8.22472,1.10989,1.21717,-0.107279,0.0142031,0.00511021,0.00113981,0.00308802,1.1732,0.0204348
8.23058,0.969511,1.21429,-0.244777,0.014185,0.00510363,0.0011383,0.00308501,1.17034,0.0204391
8.23644,1.02817,1.21142,-0.183248,0.0141669,0.00509707,0.0011368,0.003082,1.16749,0.0204434
8.24231,1.17877,1.20856,-0.0297901,0.0141488,0.00509053,0.00113531,0.00307901,1.16465,0.0204477
8.24817,1.32278,1.20571,0.117068,0.0141308,0.005084,0.00113381,0.00307602,1.16183,0.020452
8.25403,1.03703,1.20287,-0.165841,0.0141128,0.00507749,0.00113232,0.00307303,1.15902,0.0204563
8.25989,1.22437,1.20005,0.0243178,0.0140949,0.005071,0.00113084,0.00307005,1.15622,0.0204605
8.26575,1.12566,1.19724,-0.0715858,0.0140771,0.00506452,0.00112936,0.00306708,1.15344,0.0204648
8.27162,1.24546,1.19444,0.0510186,0.0140592,0.00505807,0.00112788,0.00306411,1.15066,0.020469
8.27748,1.2304,1.19166,0.038741,0.0140415,0.00505162,0.0011264,0.00306115,1.1479,0.0204732
8.28334,1.1553,1.18888,-0.0335867,0.0140237,0.0050452,0.00112493,0.00305819,1.14515,0.0204774
8.2892,1.21095,1.18612,0.0248293,0.0140061,0.00503879,0.00112347,0.00305524,1.14242,0.0204815
8.29507,1.16093,1.18337,-0.0224441,0.0139884,0.0050324,0.00112201,0.0030523,1.13969,0.0204857
8.30093,1.19019,1.18063,0.00955267,0.0139709,0.00502603,0.00112055,0.00304936,1.13698,0.0204898
8.30679,1.14786,1.17791,-0.030048,0.0139533,0.00501967,0.00111909,0.00304643,1.13427,0.020494
8.31265,1.02829,1.17519,-0.146897,0.0139358,0.00501333,0.00111764,0.0030435,1.13158,0.0204981
8.31851,1.09834,1.17249,-0.0741498,0.0139184,0.00500701,0.0011162,0.00304058,1.1289,0.0205022
8.32438,1.05739,1.1698,-0.112404,0.013901,0.0050007,0.00111475,0.00303766,1.12624,0.0205063
8.33024,1.17774,1.16712,0.0106231,0.0138836,0.00499441,0.00111331,0.00303475,1.12358,0.0205103
8.3361,1.29875,1.16445,0.134304,0.0138663,0.00498813,0.00111188,0.00303184,1.12093,0.0205144
8.34196,1.23967,1.16179,0.0778805,0.0138491,0.00498187,0.00111044,0.00302894,1.1183,0.0205184
8.34783,1.23666,1.15914,0.0775182,0.0138319,0.00497563,0.00110902,0.00302605,1.11568,0.0205225
8.35369,1.07549,1.15651,-0.0810178,0.0138147,0.0049694,0.00110759,0.00302316,1.11307,0.0205265
8.35955,1.12206,1.15388,-0.0318233,0.0137975,0.00496319,0.00110617,0.00302028,1.11047,0.0205305
8.36541,1.11149,1.15127,-0.0397845,0.0137805,0.004957,0.00110475,0.0030174,1.10788,0.0205345
8.37128,1.0121,1.14867,-0.136566,0.0137634,0.00495082,0.00110334,0.00301453,1.1053,0.0205384
8.37714,1.22235,1.14608,0.0762694,0.0137464,0.00494466,0.00110193,0.00301166,1.10273,0.0205424
8.383,1.03765,1.1435,-0.105843,0.0137295,0.00493851,0.00110052,0.0030088,1.10017,0.0205463
8.38886,1.02712,1.14093,-0.113804,0.0137126,0.00493238,0.00109912,0.00300594,1.09763,0.0205502
8.39472,1.13385,1.13837,-0.00452455,0.0136957,0.00492626,0.00109772,0.00300309,1.09509,0.0205541
8.40059,1.18324,1.13582,0.0474162,0.0136789,0.00492016,0.00109632,0.00300025,1.09257,0.020558
8.40645,1.20275,1.13328,0.0694686,0.0136621,0.00491408,0.00109493,0.00299741,1.09005,0.0205619
8.41231,1.22044,1.13076,0.0896846,0.0136454,0.00490801,0.00109354,0.00299457,1.08755,0.0205658
8.41817,1.15885,1.12824,0.0306113,0.0136287,0.00490195,0.00109216,0.00299174,1.08506,0.0205696
8.42404,1.17652,1.12574,0.0507817,0.013612,0.00489591,0.00109077,0.00298892,1.08257,0.0205735
8.4299,1.0085,1.12324,-0.114744,0.0135954,0.00488989,0.00108939,0.0029861,1.0801,0.0205773
8.43576,1.09257,1.12075,-0.0281878,0.0135789,0.00488388,0.00108802,0.00298329,1.07764,0.0205811
8.44162,0.964789,1.11828,-0.15349,0.0135623,0.00487789,0.00108665,0.00298048,1.07519,0.0205849
8.44748,1.13609,1.11581,0.0202804,0.0135459,0.00487191,0.00108528,0.00297768,1.07274,0.0205887
8.45335,1.01861,1.11336,-0.0947488,0.0135294,0.00486595,0.00108392,0.00297488,1.07031,0.0205924
8.45921,1.02682,1.11091,-0.0840905,0.013513,0.00486,0.00108255,0.00297209,1.06789,0.0205962
8.46507,1.1775,1.10848,0.0690154,0.0134967,0.00485407,0.0010812,0.0029693,1.06548,0.0205999
8.47093,0.997625,1.10605,-0.10843,0.0134803,0.00484815,0.00107984,0.00296652,1.06308,0.0206036
8.4768,1.15857,1.10364,0.0549292,0.0134641,0.00484225,0.00107849,0.00296374,1.06068,0.0206073
8.48266,1.16115,1.10123,0.0599179,0.0134478,0.00483636,0.00107714,0.00296097,1.0583,0.020611
8.48852,1.06777,1.09884,-0.0310694,0.0134317,0.00483048,0.0010758,0.00295821,1.05593,0.0206147
8.49438,0.893867,1.09645,-0.202587,0.0134155,0.00482463,0.00107446,0.00295545,1.05357,0.0206183
8.50024,1.24639,1.09408,0.152308,0.0133994,0.00481878,0.00107312,0.00295269,1.05121,0.020622
8.50611,1.02632,1.09171,-0.0653941,0.0133833,0.00481295,0.00107179,0.00294994,1.04887,0.0206256
8.51197,0.96454,1.08935,-0.124815,0.0133673,0.00480714,0.00107046,0.0029472,1.04653,0.0206292
8.51783,0.869636,1.08701,-0.217371,0.0133513,0.00480133,0.00106913,0.00294446,1.04421,0.0206328
8.52369,1.23165,1.08467,0.146978,0.0133354,0.00479555,0.0010678,0.00294172,1.04189,0.0206364
8.52956,1.02571,1.08234,-0.0566342,0.0133194,0.00478978,0.00106648,0.00293899,1.03959,0.02064
8.53542,0.923737,1.08002,-0.156285,0.0133036,0.00478402,0.00106516,0.00293626,1.03729,0.0206435
8.54128,0.99993,1.07771,-0.077781,0.0132877,0.00477827,0.00106385,0.00293354,1.035,0.0206471
8.54714,0.965242,1.07541,-0.110169,0.0132719,0.00477254,0.00106254,0.00293083,1.03272,0.0206506
8.553,1.02515,1.07312,-0.047968,0.0132562,0.00476683,0.00106123,0.00292812,1.03045,0.0206541
8.55887,1.06844,1.07084,-0.00240146,0.0132405,0.00476113,0.00105993,0.00292541,1.02819,0.0206576
8.56473,0.931175,1.06856,-0.137388,0.0132248,0.00475544,0.00105862,0.00292271,1.02594,0.0206611
8.57059,1.25821,1.0663,0.191908,0.0132092,0.00474977,0.00105733,0.00292002,1.0237,0.0206645
8.57645,1.05432,1.06404,-0.00972751,0.0131936,0.00474411,0.00105603,0.00291733,1.02146,0.020668
8.58232,1.13638,1.0618,0.0745864,0.013178,0.00473846,0.00105474,0.00291464,1.01924,0.0206714
8.58818,1.04098,1.05956,-0.0185773,0.0131625,0.00473283,0.00105345,0.00291196,1.01702,0.0206748
8.59404,0.953997,1.05733,-0.103333,0.013147,0.00472721,0.00105216,0.00290929,1.01482,0.0206782
8.5999,0.699066,1.05511,-0.356044,0.0131316,0.0047216,0.00105088,0.00290662,1.01262,0.0206816
8.60576,1.07871,1.0529,0.025807,0.0131162,0.00471601,0.0010496,0.00290395,1.01043,0.020685
8.61163,0.893018,1.0507,-0.157678,0.0131008,0.00471044,0.00104832,0.00290129,1.00825,0.0206884
8.61749,0.993684,1.0485,-0.0548174,0.0130855,0.00470487,0.00104705,0.00289864,1.00607,0.0206917
8.62335,1.08881,1.04632,0.0424887,0.0130702,0.00469932,0.00104578,0.00289599,1.00391,0.0206951
8.62921,1.07749,1.04414,0.033353,0.0130549,0.00469378,0.00104451,0.00289334,1.00175,0.0206984
8.63508,1.12799,1.04197,0.0860195,0.0130397,0.00468826,0.00104325,0.0028907,0.999607,0.0207017
8.64094,1.15994,1.03981,0.120128,0.0130245,0.00468275,0.00104199,0.00288806,0.997468,0.020705
8.6468,1.02705,1.03766,-0.0106076,0.0130094,0.00467725,0.00104073,0.00288543,0.995338,0.0207082
8.65266,0.930828,1.03552,-0.104688,0.0129942,0.00467177,0.00103947,0.0028828,0.993216,0.0207115
8.65852,1.05476,1.03338,0.0213842,0.0129792,0.0046663,0.00103822,0.00288018,0.991102,0.0207147
8.66439,0.82761,1.03125,-0.203644,0.0129641,0.00466084,0.00103697,0.00287756,0.988996,0.020718
8.67025,1.20494,1.02913,0.175803,0.0129491,0.0046554,0.00103573,0.00287495,0.986898,0.0207212
8.67611,1.06667,1.02702,0.0396465,0.0129342,0.00464997,0.00103448,0.00287234,0.984809,0.0207244
8.68197,1.01165,1.02492,-0.0132703,0.0129192,0.00464455,0.00103324,0.00286974,0.982728,0.0207276
8.68784,0.898749,1.02283,-0.124079,0.0129044,0.00463914,0.00103201,0.00286714,0.980654,0.0207307
8.6937,1.02576,1.02074,0.00501774,0.0128895,0.00463375,0.00103077,0.00286455,0.978589,0.0207339
8.69956,0.989857,1.01866,-0.0288062,0.0128747,0.00462837,0.00102954,0.00286196,0.976531,0.020737
8.70542,1.13693,1.01659,0.120336,0.0128599,0.004623,0.00102831,0.00285938,0.974482,0.0207402
8.71128,1.00437,1.01453,-0.0101575,0.0128451,0.00461765,0.00102709,0.0028568,0.97244,0.0207433
8.71715,1.07618,1.01248,0.0637017,0.0128304,0.00461231,0.00102587,0.00285422,0.970406,0.0207464
8.72301,1.05994,1.01043,0.0495094,0.0128157,0.00460698,0.00102465,0.00285165,0.96838,0.0207495
8.72887,1.05991,1.00839,0.0515205,0.0128011,0.00460166,0.00102343,0.00284909,0.966361,0.0207525
8.73473,1.1431,1.00636,0.136739,0.0127865,0.00459636,0.00102222,0.00284652,0.964351,0.0207556
8.7406,1.14978,1.00433,0.145448,0.0127719,0.00459107,0.00102101,0.00284397,0.962347,0.0207586
8.74646,0.958876,1.00232,-0.0434421,0.0127574,0.00458579,0.0010198,0.00284142,0.960352,0.0207616
8.75232,1.12357,1.00031,0.123256,0.0127429,0.00458052,0.00101859,0.00283887,0.958364,0.0207647
8.75818,1.13918,0.998308,0.140869,0.0127284,0.00457527,0.00101739,0.00283633,0.956383,0.0207676
8.76404,1.07277,0.996315,0.0764596,0.0127139,0.00457003,0.00101619,0.00283379,0.95441,0.0207706
8.76991,0.954718,0.994329,-0.0396106,0.0126995,0.0045648,0.00101499,0.00283125,0.952445,0.0207736
8.77577,1.12809,0.99235,0.135743,0.0126852,0.00455958,0.0010138,0.00282873,0.950487,0.0207765
8.78163,0.926801,0.990379,-0.0635781,0.0126708,0.00455438,0.00101261,0.0028262,0.948536,0.0207795
8.78749,1.07049,0.988415,0.0820704,0.0126565,0.00454918,0.00101142,0.00282368,0.946592,0.0207824
8.79336,1.04737,0.986459,0.0609072,0.0126423,0.004544,0.00101024,0.00282117,0.944656,0.0207853
8.79922,1.06478,0.98451,0.0802695,0.012628,0.00453884,0.00100905,0.00281865,0.942727,0.0207882
8.80508,1.00574,0.982568,0.0231721,0.0126138,0.00453368,0.00100787,0.00281615,0.940805,0.0207911
8.81094,0.915973,0.980633,-0.0646595,0.0125997,0.00452854,0.0010067,0.00281365,0.93889,0.0207939
8.81681,1.0532,0.978705,0.0744924,0.0125855,0.0045234,0.00100552,0.00281115,0.936983,0.0207968
8.82267,0.852816,0.976785,-0.123969,0.0125714,0.00451828,0.00100435,0.00280865,0.935083,0.0207996
8.82853,0.907361,0.974871,-0.0675108,0.0125573,0.00451317,0.00100318,0.00280616,0.933189,0.0208024
8.83439,1.05228,0.972965,0.0793145,0.0125433,0.00450808,0.00100201,0.00280368,0.931303,0.0208052
8.84025,0.839427,0.971066,-0.131639,0.0125293,0.00450299,0.00100085,0.0028012,0.929423,0.020808
8.84612,0.92029,0.969173,-0.0488828,0.0125153,0.00449792,0.00099969,0.00279872,0.927551,0.0208108
8.85198,0.921303,0.967288,-0.0459848,0.0125014,0.00449286,0.000998532,0.00279625,0.925685,0.0208135
8.85784,0.902433,0.965409,-0.0629762,0.0124875,0.00448781,0.000997377,0.00279379,0.923827,0.0208163
8.8637,1.00444,0.963538,0.0409067,0.0124736,0.00448277,0.000996224,0.00279132,0.921975,0.020819
8.86957,0.991243,0.961673,0.0295701,0.0124598,0.00447774,0.000995074,0.00278886,0.92013,0.0208217
8.87543,0.758828,0.959815,-0.200987,0.0124459,0.00447273,0.000993926,0.00278641,0.918291,0.0208244
8.88129,0.800775,0.957963,-0.157188,0.0124322,0.00446773,0.000992782,0.00278396,0.91646,0.0208271
8.88715,0.985261,0.956119,0.0291423,0.0124184,0.00446273,0.000991639,0.00278152,0.914635,0.0208298
8.89301,0.948354,0.954281,-0.00592681,0.0124047,0.00445775,0.0009905,0.00277907,0.912816,0.0208324
8.89888,0.98319,0.95245,0.03074,0.012391,0.00445278,0.000989363,0.00277664,0.911005,0.0208351
8.90474,1.05119,0.950625,0.100565,0.0123774,0.00444783,0.000988228,0.00277421,0.9092,0.0208377
8.9106,1.16903,0.948807,0.220226,0.0123637,0.00444288,0.000987097,0.00277178,0.907401,0.0208403
8.91646,1.061,0.946996,0.114005,0.0123501,0.00443794,0.000985968,0.00276935,0.905609,0.0208429
8.92233,0.920764,0.945191,-0.0244269,0.0123366,0.00443302,0.000984841,0.00276693,0.903824,0.0208455
8.92819,0.944772,0.943392,0.00138007,0.012323,0.00442811,0.000983717,0.00276452,0.902045,0.0208481
8.93405,0.937499,0.9416,-0.00410117,0.0123095,0.0044232,0.000982595,0.00276211,0.900272,0.0208506
8.93991,0.863085,0.939814,-0.0767296,0.0122961,0.00441831,0.000981477,0.0027597,0.898506,0.0208531
8.94577,0.669026,0.938035,-0.269009,0.0122826,0.00441343,0.00098036,0.0027573,0.896746,0.0208557
8.95164,0.738864,0.936262,-0.197398,0.0122692,0.00440857,0.000979246,0.0027549,0.894992,0.0208582
8.9575,0.916109,0.934496,-0.0183864,0.0122559,0.00440371,0.000978135,0.0027525,0.893245,0.0208607
8.96336,0.87124,0.932735,-0.0614957,0.0122425,0.00439886,0.000977026,0.00275011,0.891504,0.0208631
8.96922,0.887995,0.930981,-0.0429859,0.0122292,0.00439402,0.00097592,0.00274773,0.889769,0.0208656
8.97509,1.00844,0.929234,0.0792108,0.0122159,0.0043892,0.000974816,0.00274534,0.88804,0.0208681
8.98095,0.98319,0.927492,0.0556978,0.0122026,0.00438439,0.000973715,0.00274297,0.886318,0.0208705
8.98681,0.870921,0.925757,-0.054836,0.0121894,0.00437958,0.000972616,0.00274059,0.884601,0.0208729
8.99267,0.828961,0.924027,-0.0950662,0.0121762,0.00437479,0.00097152,0.00273822,0.882891,0.0208753
8.99853,0.912069,0.922304,-0.0102352,0.0121631,0.00437001,0.000970426,0.00273586,0.881187,0.0208777
9.0044,0.909575,0.920587,-0.011012,0.0121499,0.00436524,0.000969335,0.00273349,0.879489,0.0208801
9.01026,0.947687,0.918876,0.028811,0.0121368,0.00436048,0.000968246,0.00273114,0.877797,0.0208824
9.01612,0.854885,0.917171,-0.0622855,0.0121237,0.00435573,0.000967159,0.00272878,0.87611,0.0208848
9.02198,0.962985,0.915471,0.0475134,0.0121107,0.00435099,0.000966075,0.00272643,0.87443,0.0208871
9.02785,0.794557,0.913778,-0.119221,0.0120977,0.00434626,0.000964993,0.00272409,0.872756,0.0208894
9.03371,0.988705,0.912091,0.0766137,0.0120847,0.00434154,0.000963914,0.00272175,0.871087,0.0208917
9.03957,0.803249,0.91041,-0.10716,0.0120717,0.00433683,0.000962837,0.00271941,0.869425,0.020894
9.04543,1.08999,0.908734,0.181255,0.0120588,0.00433214,0.000961763,0.00271708,0.867768,0.0208963
9.05129,0.829482,0.907064,-0.0775825,0.0120459,0.00432745,0.000960691,0.00271475,0.866117,0.0208985
9.05716,0.907979,0.9054,0.00257867,0.012033,0.00432277,0.000959621,0.00271242,0.864472,0.0209008
9.06302,0.848761,0.903742,-0.0549817,0.0120201,0.00431811,0.000958554,0.0027101,0.862832,0.020903
9.06888,0.933283,0.90209,0.0311931,0.0120073,0.00431345,0.000957489,0.00270778,0.861199,0.0209052
9.07474,1.05392,0.900443,0.153474,0.0119945,0.0043088,0.000956427,0.00270547,0.859571,0.0209074
9.08061,0.991881,0.898802,0.0930788,0.0119818,0.00430417,0.000955366,0.00270316,0.857948,0.0209096
9.08647,1.06148,0.897167,0.164316,0.011969,0.00429954,0.000954309,0.00270085,0.856331,0.0209118
9.09233,0.652566,0.895537,-0.242971,0.0119563,0.00429493,0.000953253,0.00269855,0.85472,0.0209139
9.09819,0.794875,0.893913,-0.0990378,0.0119436,0.00429032,0.0009522,0.00269625,0.853115,0.0209161
9.10405,0.877014,0.892294,-0.0152802,0.011931,0.00428573,0.000951149,0.00269396,0.851514,0.0209182
9.10992,1.0329,0.890681,0.142219,0.0119184,0.00428114,0.000950101,0.00269167,0.84992,0.0209203
9.11578,1.15502,0.889074,0.265945,0.0119058,0.00427657,0.000949054,0.00268938,0.848331,0.0209224
9.12164,0.821792,0.887472,-0.0656797,0.0118932,0.004272,0.000948011,0.0026871,0.846747,0.0209245
9.1275,0.877654,0.885875,-0.00822174,0.0118806,0.00426745,0.000946969,0.00268482,0.845169,0.0209265
9.13337,0.675252,0.884284,-0.209032,0.0118681,0.0042629,0.00094593,0.00268255,0.843596,0.0209286
9.13923,0.761964,0.882699,-0.120735,0.0118556,0.00425837,0.000944893,0.00268028,0.842029,0.0209306
9.14509,0.842432,0.881118,-0.0386867,0.0118432,0.00425384,0.000943858,0.00267801,0.840467,0.0209326
9.15095,0.790318,0.879543,-0.0892254,0.0118307,0.00424933,0.000942825,0.00267575,0.83891,0.0209346
9.15681,0.80274,0.877974,-0.0752333,0.0118183,0.00424482,0.000941795,0.00267349,0.837359,0.0209366
9.16268,0.812632,0.876409,-0.0637773,0.011806,0.00424033,0.000940767,0.00267123,0.835813,0.0209386
9.16854,0.759342,0.87485,-0.115509,0.0117936,0.00423584,0.000939741,0.00266898,0.834272,0.0209406
9.1744,0.753923,0.873297,-0.119374,0.0117813,0.00423136,0.000938718,0.00266673,0.832736,0.0209425
9.18026,0.960905,0.871748,0.0891572,0.011769,0.0042269,0.000937696,0.00266449,0.831206,0.0209444
9.18613,1.10157,0.870205,0.231366,0.0117567,0.00422244,0.000936677,0.00266225,0.82968,0.0209464
9.19199,0.911505,0.868667,0.042838,0.0117445,0.00421799,0.00093566,0.00266001,0.82816,0.0209483
9.19785,0.907351,0.867134,0.0402171,0.0117322,0.00421356,0.000934646,0.00265778,0.826645,0.0209502
9.20371,0.887377,0.865606,0.0217712,0.0117201,0.00420913,0.000933633,0.00265555,0.825135,0.020952
9.20957,0.903321,0.864083,0.0392374,0.0117079,0.00420471,0.000932623,0.00265333,0.823631,0.0209539
9.21544,0.878635,0.862565,0.0160693,0.0116957,0.0042003,0.000931615,0.00265111,0.822131,0.0209557
9.2213,0.676527,0.861053,-0.184525,0.0116836,0.0041959,0.000930609,0.00264889,0.820636,0.0209576
9.22716,0.827703,0.859545,-0.0318426,0.0116715,0.00419151,0.000929605,0.00264667,0.819146,0.0209594
9.23302,0.876334,0.858043,0.0182918,0.0116595,0.00418713,0.000928603,0.00264446,0.817662,0.0209612
9.23889,0.767558,0.856545,-0.088987,0.0116474,0.00418276,0.000927604,0.00264226,0.816182,0.020963
9.24475,0.882752,0.855052,0.0276998,0.0116354,0.00417839,0.000926607,0.00264005,0.814707,0.0209647
9.25061,0.911812,0.853565,0.058247,0.0116234,0.00417404,0.000925612,0.00263785,0.813237,0.0209665
9.25647,0.779636,0.852082,-0.0724457,0.0116115,0.0041697,0.000924619,0.00263566,0.811772,0.0209682
9.26234,0.742222,0.850604,-0.108382,0.0115995,0.00416536,0.000923628,0.00263347,0.810312,0.0209699
9.2682,0.860548,0.849131,0.0114168,0.0115876,0.00416104,0.000922639,0.00263128,0.808857,0.0209717
9.27406,0.746801,0.847663,-0.100862,0.0115758,0.00415672,0.000921652,0.00262909,0.807406,0.0209734
9.27992,0.745838,0.846199,-0.100361,0.0115639,0.00415241,0.000920668,0.00262691,0.80596,0.020975
9.28578,0.784847,0.844741,-0.0598938,0.0115521,0.00414811,0.000919685,0.00262473,0.804519,0.0209767
9.29165,0.967384,0.843287,0.124097,0.0115403,0.00414382,0.000918705,0.00262256,0.803083,0.0209783
9.29751,0.867231,0.841838,0.0253931,0.0115285,0.00413954,0.000917727,0.00262039,0.801652,0.02098
9.30337,0.93667,0.840394,0.0962761,0.0115167,0.00413527,0.00091675,0.00261822,0.800225,0.0209816
9.30923,0.791939,0.838954,-0.0470148,0.011505,0.00413101,0.000915776,0.00261606,0.798803,0.0209832
9.3151,0.667777,0.837519,-0.169742,0.0114933,0.00412676,0.000914804,0.0026139,0.797386,0.0209848
9.32096,0.912494,0.836089,0.0764055,0.0114816,0.00412251,0.000913834,0.00261175,0.795973,0.0209864
9.32682,0.878771,0.834663,0.0441077,0.0114699,0.00411828,0.000912866,0.00260959,0.794565,0.020988
9.33268,0.773169,0.833242,-0.0600734,0.0114583,0.00411405,0.0009119,0.00260744,0.793161,0.0209895
9.33854,0.84724,0.831826,0.0154145,0.0114467,0.00410984,0.000910936,0.0026053,0.791762,0.020991
9.34441,0.867815,0.830414,0.0374009,0.0114351,0.00410563,0.000909975,0.00260316,0.790368,0.0209926
9.35027,0.758187,0.829007,-0.0708197,0.0114235,0.00410143,0.000909015,0.00260102,0.788978,0.0209941
9.35613,0.708084,0.827604,-0.11952,0.011412,0.00409724,0.000908057,0.00259888,0.787592,0.0209955
9.36199,0.891365,0.826206,0.0651589,0.0114005,0.00409305,0.000907101,0.00259675,0.786211,0.020997
9.36786,0.829144,0.824812,0.00433172,0.011389,0.00408888,0.000906148,0.00259462,0.784835,0.0209985
9.37372,0.790663,0.823423,-0.0327601,0.0113775,0.00408472,0.000905196,0.0025925,0.783463,0.0209999
9.37958,0.77878,0.822038,-0.0432579,0.0113661,0.00408056,0.000904246,0.00259038,0.782095,0.0210014
9.38544,0.747205,0.820658,-0.0734523,0.0113546,0.00407641,0.000903298,0.00258826,0.780732,0.0210028
9.3913,0.848019,0.819282,0.0287372,0.0113432,0.00407227,0.000902353,0.00258615,0.779374,0.0210042
9.39717,0.654537,0.81791,-0.163373,0.0113319,0.00406814,0.000901409,0.00258404,0.778019,0.0210056
9.40303,0.829169,0.816543,0.0126263,0.0113205,0.00406402,0.000900467,0.00258193,0.776669,0.0210069
9.40889,0.718388,0.81518,-0.096792,0.0113092,0.00405991,0.000899527,0.00257983,0.775323,0.0210083
9.41475,0.785843,0.813822,-0.0279791,0.0112979,0.0040558,0.000898589,0.00257773,0.773982,0.0210096
9.42062,0.713493,0.812467,-0.0989748,0.0112866,0.00405171,0.000897653,0.00257563,0.772645,0.021011
9.42648,0.584417,0.811118,-0.226701,0.0112754,0.00404762,0.000896719,0.00257354,0.771312,0.0210123
9.43234,0.687213,0.809772,-0.122559,0.0112641,0.00404354,0.000895787,0.00257145,0.769983,0.0210136
9.4382,0.715224,0.808431,-0.0932068,0.0112529,0.00403947,0.000894857,0.00256936,0.768659,0.0210148
9.44406,0.727215,0.807093,-0.0798782,0.0112417,0.0040354,0.000893929,0.00256728,0.767339,0.0210161
9.44993,0.639316,0.80576,-0.166445,0.0112306,0.00403135,0.000893002,0.0025652,0.766023,0.0210174
9.45579,0.934378,0.804432,0.129946,0.0112194,0.0040273,0.000892078,0.00256312,0.764711,0.0210186
9.46165,0.723613,0.803107,-0.0794943,0.0112083,0.00402327,0.000891156,0.00256105,0.763404,0.0210198
9.46751,0.865093,0.801787,0.0633059,0.0111972,0.00401924,0.000890235,0.00255898,0.7621,0.021021
9.47338,0.857294,0.80047,0.0568236,0.0111861,0.00401521,0.000889316,0.00255691,0.760801,0.0210222
9.47924,0.709079,0.799158,-0.090079,0.0111751,0.0040112,0.0008884,0.00255485,0.759505,0.0210234
9.4851,0.737858,0.79785,-0.0599921,0.0111641,0.0040072,0.000887485,0.00255279,0.758214,0.0210246
9.49096,0.866284,0.796546,0.069738,0.0111531,0.0040032,0.000886572,0.00255073,0.756927,0.0210257
9.49682,0.937679,0.795246,0.142432,0.0111421,0.00399921,0.000885661,0.00254868,0.755644,0.0210269
9.50269,0.761426,0.793951,-0.0325244,0.0111311,0.00399523,0.000884752,0.00254663,0.754365,0.021028
9.50855,0.89454,0.792659,0.101881,0.0111202,0.00399126,0.000883844,0.00254458,0.75309,0.0210291
9.51441,0.825394,0.791371,0.0340229,0.0111093,0.00398729,0.000882939,0.00254254,0.751819,0.0210302
9.52027,0.745894,0.790087,-0.0441929,0.0110984,0.00398334,0.000882035,0.0025405,0.750552,0.0210313
9.52614,0.759753,0.788807,-0.0290538,0.0110875,0.00397939,0.000881133,0.00253846,0.749288,0.0210323
9.532,0.80606,0.787531,0.0185288,0.0110767,0.00397545,0.000880233,0.00253643,0.748029,0.0210334
9.53786,0.866957,0.786259,0.0806979,0.0110658,0.00397151,0.000879335,0.0025344,0.746774,0.0210344
9.54372,0.978594,0.784991,0.193603,0.011055,0.00396759,0.000878439,0.00253237,0.745522,0.0210354
9.54958,0.778199,0.783727,-0.00552834,0.0110442,0.00396367,0.000877544,0.00253035,0.744275,0.0210364
9.55545,0.912852,0.782467,0.130386,0.0110335,0.00395976,0.000876652,0.00252833,0.743031,0.0210374
9.56131,0.836039,0.781211,0.0548287,0.0110227,0.00395586,0.000875761,0.00252631,0.741791,0.0210384
9.56717,0.819318,0.779958,0.03936,0.011012,0.00395197,0.000874872,0.0025243,0.740555,0.0210393
9.57303,0.832135,0.778709,0.0534256,0.0110013,0.00394808,0.000873984,0.00252229,0.739323,0.0210403
9.5789,0.770676,0.777464,-0.00678823,0.0109906,0.00394421,0.000873099,0.00252028,0.738095,0.0210412
9.58476,0.748008,0.776223,-0.0282153,0.01098,0.00394034,0.000872215,0.00251827,0.73687,0.0210421
9.59062,0.699855,0.774986,-0.0751308,0.0109693,0.00393648,0.000871333,0.00251627,0.73565,0.021043
9.59648,0.581763,0.773752,-0.191989,0.0109587,0.00393262,0.000870453,0.00251427,0.734432,0.0210439
9.60234,0.64781,0.772523,-0.124713,0.0109481,0.00392877,0.000869575,0.00251228,0.733219,0.0210448
9.60821,0.761719,0.771297,-0.00957737,0.0109376,0.00392494,0.000868698,0.00251029,0.732009,0.0210456
9.61407,0.721851,0.770074,-0.0482228,0.010927,0.0039211,0.000867824,0.0025083,0.730804,0.0210465
9.61993,0.791944,0.768856,0.0230886,0.0109165,0.00391728,0.000866951,0.00250631,0.729601,0.0210473
9.62579,0.773566,0.767641,0.00592488,0.010906,0.00391346,0.000866079,0.00250433,0.728403,0.0210481
9.63166,0.913055,0.766429,0.146626,0.0108955,0.00390966,0.00086521,0.00250235,0.727208,0.0210489
9.63752,0.820001,0.765222,0.0547794,0.010885,0.00390585,0.000864342,0.00250038,0.726017,0.0210497
9.64338,0.681052,0.764018,-0.0829659,0.0108746,0.00390206,0.000863476,0.0024984,0.724829,0.0210505
9.64924,0.968423,0.762817,0.205605,0.0108642,0.00389827,0.000862612,0.00249643,0.723645,0.0210512
9.65511,0.841189,0.761621,0.0795686,0.0108538,0.0038945,0.000861749,0.00249447,0.722464,0.021052
9.66097,0.832739,0.760428,0.0723115,0.0108434,0.00389073,0.000860888,0.0024925,0.721287,0.0210527
9.66683,0.699524,0.759238,-0.0597138,0.010833,0.00388696,0.000860029,0.00249054,0.720114,0.0210534
9.67269,0.629558,0.758052,-0.128494,0.0108227,0.00388321,0.000859172,0.00248858,0.718944,0.0210541
9.67855,0.894818,0.756869,0.137948,0.0108123,0.00387946,0.000858316,0.00248663,0.717778,0.0210548
9.68442,0.870603,0.75569,0.114913,0.010802,0.00387572,0.000857462,0.00248468,0.716615,0.0210554
9.69028,0.725804,0.754515,-0.028711,0.0107918,0.00387198,0.00085661,0.00248273,0.715456,0.0210561
9.69614,0.768666,0.753343,0.0153226,0.0107815,0.00386825,0.000855759,0.00248079,0.7143,0.0210567
9.702,0.958381,0.752175,0.206207,0.0107713,0.00386453,0.00085491,0.00247884,0.713148,0.0210573
9.70787,0.90985,0.75101,0.15884,0.010761,0.00386082,0.000854063,0.0024769,0.711999,0.0210579
9.71373,0.848787,0.749848,0.0989391,0.0107508,0.00385712,0.000853217,0.00247497,0.710853,0.0210585
9.71959,0.648008,0.74869,-0.100682,0.0107406,0.00385342,0.000852373,0.00247304,0.709711,0.0210591
9.72545,0.597601,0.747535,-0.149934,0.0107305,0.00384973,0.000851531,0.00247111,0.708573,0.0210597
9.73131,0.495146,0.746384,-0.251238,0.0107203,0.00384605,0.000850691,0.00246918,0.707437,0.0210602
9.73718,0.570086,0.745236,-0.17515,0.0107102,0.00384237,0.000849852,0.00246725,0.706306,0.0210607
9.74304,0.68161,0.744092,-0.0624817,0.0107001,0.0038387,0.000849014,0.00246533,0.705177,0.0210612
9.7489,0.75017,0.74295,0.00721973,0.01069,0.00383504,0.000848179,0.00246342,0.704052,0.0210617
9.75476,0.692962,0.741813,-0.0488506,0.01068,0.00383138,0.000847345,0.0024615,0.70293,0.0210622
9.76063,0.555452,0.740678,-0.185226,0.0106699,0.00382774,0.000846512,0.00245959,0.701812,0.0210627
9.76649,0.653064,0.739547,-0.0864827,0.0106599,0.0038241,0.000845682,0.00245768,0.700697,0.0210632
9.77235,0.79911,0.738419,0.0606904,0.0106499,0.00382046,0.000844853,0.00245577,0.699585,0.0210636
9.77821,0.6465,0.737295,-0.0907945,0.0106399,0.00381684,0.000844025,0.00245387,0.698476,0.021064
9.78407,0.681541,0.736173,-0.0546321,0.0106299,0.00381322,0.000843199,0.00245197,0.697371,0.0210644
9.78994,0.789165,0.735055,0.05411,0.01062,0.0038096,0.000842375,0.00245007,0.696269,0.0210648
9.7958,0.675282,0.733941,-0.0586585,0.0106101,0.003806,0.000841552,0.00244818,0.69517,0.0210652
9.80166,0.71309,0.732829,-0.0197397,0.0106002,0.0038024,0.000840731,0.00244629,0.694074,0.0210656
9.80752,0.568451,0.731721,-0.16327,0.0105903,0.00379881,0.000839912,0.0024444,0.692982,0.0210659
9.81339,0.614613,0.730616,-0.116003,0.0105804,0.00379522,0.000839094,0.00244251,0.691892,0.0210663
9.81925,0.667216,0.729514,-0.062298,0.0105705,0.00379165,0.000838278,0.00244063,0.690806,0.0210666
9.82511,0.792164,0.728415,0.0637486,0.0105607,0.00378808,0.000837463,0.00243875,0.689724,0.0210669
9.83097,1.04594,0.72732,0.318625,0.0105509,0.00378451,0.00083665,0.00243687,0.688644,0.0210672
9.83683,0.76336,0.726228,0.0371324,0.0105411,0.00378095,0.000835839,0.002435,0.687567,0.0210675
9.8427,0.676497,0.725138,-0.0486419,0.0105313,0.0037774,0.000835029,0.00243313,0.686494,0.0210678
9.84856,0.691007,0.724052,-0.033045,0.0105216,0.00377386,0.000834221,0.00243126,0.685423,0.021068
9.85442,0.64125,0.722969,-0.0817195,0.0105118,0.00377032,0.000833414,0.00242939,0.684356,0.0210682
9.86028,0.579131,0.72189,-0.142759,0.0105021,0.00376679,0.000832608,0.00242753,0.683292,0.0210685
9.86615,0.572041,0.720813,-0.148772,0.0104924,0.00376327,0.000831805,0.00242567,0.682231,0.0210687
9.87201,0.689587,0.719739,-0.0301521,0.0104827,0.00375975,0.000831003,0.00242381,0.681173,0.0210689
9.87787,0.797893,0.718669,0.0792244,0.010473,0.00375624,0.000830202,0.00242196,0.680118,0.021069
9.88373,0.624283,0.717601,-0.0933181,0.0104634,0.00375274,0.000829403,0.00242011,0.679066,0.0210692
9.88959,0.830405,0.716537,0.113869,0.0104538,0.00374924,0.000828606,0.00241826,0.678017,0.0210694
9.89546,0.677944,0.715475,-0.0375308,0.0104441,0.00374575,0.00082781,0.00241642,0.676971,0.0210695
9.90132,0.814942,0.714417,0.100525,0.0104346,0.00374227,0.000827015,0.00241457,0.675929,0.0210696
9.90718,0.980296,0.713361,0.266934,0.010425,0.00373879,0.000826222,0.00241273,0.674889,0.0210697
9.91304,0.86907,0.712309,0.156761,0.0104154,0.00373532,0.000825431,0.0024109,0.673852,0.0210698
9.91891,0.590424,0.711259,-0.120835,0.0104059,0.00373186,0.000824641,0.00240906,0.672818,0.0210699
9.92477,0.599252,0.710213,-0.110961,0.0103964,0.0037284,0.000823853,0.00240723,0.671787,0.0210699
9.93063,0.543222,0.709169,-0.165947,0.0103869,0.00372495,0.000823066,0.0024054,0.670759,0.02107
9.93649,0.735287,0.708129,0.0271583,0.0103774,0.0037215,0.00082228,0.00240358,0.669734,0.02107
9.94235,0.696047,0.707091,-0.0110436,0.0103679,0.00371807,0.000821496,0.00240175,0.668712,0.02107
9.94822,0.648255,0.706056,-0.057801,0.0103585,0.00371464,0.000820714,0.00239993,0.667692,0.02107
9.95408,0.76171,0.705024,0.0566856,0.010349,0.00371121,0.000819933,0.00239811,0.666676,0.02107
9.95994,0.762626,0.703995,0.0586302,0.0103396,0.00370779,0.000819154,0.0023963,0.665663,0.02107
9.9658,0.863521,0.702969,0.160552,0.0103302,0.00370438,0.000818376,0.00239449,0.664652,0.0210699
9.97167,0.7735,0.701946,0.0715537,0.0103208,0.00370097,0.000817599,0.00239268,0.663644,0.0210699
9.97753,0.594665,0.700926,-0.106261,0.0103115,0.00369758,0.000816824,0.00239087,0.662639,0.0210698
9.98339,0.603449,0.699908,-0.0964593,0.0103021,0.00369418,0.000816051,0.00238907,0.661637,0.0210697
9.98925,0.482509,0.698894,-0.216385,0.0102928,0.0036908,0.000815279,0.00238727,0.660638,0.0210696
9.99511,0.658904,0.697882,-0.0389782,0.0102835,0.00368742,0.000814508,0.00238547,0.659641,0.0210695
10.001,0.888948,0.696873,0.192075,0.0102742,0.00368404,0.000813739,0.00238367,0.658648,0.0210694
10.0068,0.894254,0.695867,0.198387,0.0102649,0.00368067,0.000812971,0.00238188,0.657657,0.0210692
10.0127,0.966659,0.694863,0.271796,0.0102557,0.00367731,0.000812205,0.00238009,0.656669,0.021069
10.0186,0.68487,0.693863,-0.00899259,0.0102464,0.00367396,0.00081144,0.0023783,0.655684,0.0210689
10.0244,0.768178,0.692865,0.075313,0.0102372,0.00367061,0.000810677,0.00237651,0.654701,0.0210687
10.0303,0.84511,0.69187,0.15324,0.010228,0.00366726,0.000809915,0.00237473,0.653721,0.0210685
10.0362,0.724531,0.690877,0.0336537,0.0102188,0.00366393,0.000809155,0.00237295,0.652744,0.0210682
10.042,0.703111,0.689888,0.0132229,0.0102096,0.0036606,0.000808395,0.00237117,0.65177,0.021068
10.0479,0.516426,0.688901,-0.172475,0.0102005,0.00365727,0.000807638,0.0023694,0.650798,0.0210678
10.0537,0.651811,0.687917,-0.0361056,0.0101913,0.00365396,0.000806882,0.00236763,0.649829,0.0210675
10.0596,0.918802,0.686935,0.231867,0.0101822,0.00365064,0.000806127,0.00236586,0.648863,0.0210672
10.0655,0.818655,0.685956,0.132698,0.0101731,0.00364734,0.000805373,0.00236409,0.647899,0.0210669
10.0713,0.862711,0.68498,0.177731,0.010164,0.00364404,0.000804621,0.00236233,0.646939,0.0210666
10.0772,0.639527,0.684007,-0.0444793,0.0101549,0.00364074,0.000803871,0.00236057,0.64598,0.0210663
10.083,0.714765,0.683036,0.0317289,0.0101459,0.00363746,0.000803122,0.00235881,0.645025,0.0210659
10.0889,0.569583,0.682068,-0.112485,0.0101368,0.00363417,0.000802374,0.00235705,0.644072,0.0210656
10.0948,0.690298,0.681102,0.00919615,0.0101278,0.0036309,0.000801627,0.0023553,0.643121,0.0210652
10.1006,0.6467,0.680139,-0.0334393,0.0101188,0.00362763,0.000800882,0.00235355,0.642174,0.0210648
10.1065,0.832883,0.679179,0.153704,0.0101098,0.00362436,0.000800139,0.0023518,0.641229,0.0210644
10.1124,0.770885,0.678222,0.092663,0.0101008,0.00362111,0.000799396,0.00235006,0.640286,0.021064
10.1182,0.816959,0.677267,0.139692,0.0100919,0.00361786,0.000798656,0.00234831,0.639346,0.0210636
10.1241,0.575253,0.676314,-0.101061,0.0100829,0.00361461,0.000797916,0.00234657,0.638409,0.0210632
10.1299,0.617974,0.675364,-0.05739,0.010074,0.00361137,0.000797178,0.00234483,0.637474,0.0210627
10.1358,0.652421,0.674417,-0.0219955,0.0100651,0.00360814,0.000796441,0.0023431,0.636542,0.0210622
10.1417,0.500212,0.673472,-0.17326,0.0100562,0.00360491,0.000795706,0.00234137,0.635612,0.0210617
10.1475,0.524665,0.67253,-0.147865,0.0100473,0.00360169,0.000794972,0.00233964,0.634685,0.0210612
10.1534,0.647035,0.67159,-0.0245555,0.0100385,0.00359847,0.000794239,0.00233791,0.633761,0.0210607
10.1593,0.643663,0.670653,-0.0269907,0.0100296,0.00359526,0.000793507,0.00233618,0.632838,0.0210602
10.1651,0.618588,0.669719,-0.0511304,0.0100208,0.00359205,0.000792777,0.00233446,0.631919,0.0210596
10.171,0.66627,0.668786,-0.00251629,0.010012,0.00358885,0.000792049,0.00233274,0.631002,0.0210591
10.1768,0.832077,0.667857,0.164221,0.0100032,0.00358566,0.000791321,0.00233102,0.630087,0.0210585
10.1827,0.766869,0.66693,0.0999395,0.00999441,0.00358247,0.000790595,0.00232931,0.629175,0.0210579
10.1886,0.892774,0.666005,0.226769,0.00998565,0.00357929,0.000789871,0.0023276,0.628265,0.0210573
10.1944,0.600598,0.665083,-0.0644852,0.0099769,0.00357612,0.000789147,0.00232589,0.627358,0.0210567
10.2003,0.503146,0.664163,-0.161017,0.00996817,0.00357295,0.000788425,0.00232418,0.626453,0.0210561
10.2062,0.705854,0.663246,0.0426079,0.00995945,0.00356978,0.000787705,0.00232247,0.625551,0.0210554
10.212,0.654115,0.662331,-0.00821585,0.00995075,0.00356662,0.000786985,0.00232077,0.624651,0.0210547
10.2179,0.552464,0.661419,-0.108955,0.00994206,0.00356347,0.000786267,0.00231907,0.623754,0.0210541
10.2237,0.622474,0.660509,-0.0380351,0.00993339,0.00356032,0.00078555,0.00231738,0.622859,0.0210534
10.2296,0.704016,0.659601,0.0444153,0.00992473,0.00355718,0.000784835,0.00231568,0.621966,0.0210527
10.2355,0.746059,0.658696,0.087363,0.00991609,0.00355404,0.000784121,0.00231399,0.621076,0.0210519
10.2413,0.626364,0.657793,-0.0314291,0.00990747,0.00355091,0.000783408,0.0023123,0.620188,0.0210512
10.2472,0.54872,0.656893,-0.108173,0.00989886,0.00354779,0.000782696,0.00231061,0.619302,0.0210505
10.2531,0.520127,0.655995,-0.135867,0.00989026,0.00354467,0.000781986,0.00230893,0.618419,0.0210497
10.2589,0.364202,0.655099,-0.290897,0.00988169,0.00354156,0.000781277,0.00230724,0.617538,0.0210489
10.2648,0.524869,0.654206,-0.129337,0.00987312,0.00353845,0.000780569,0.00230556,0.61666,0.0210481
10.2706,0.675895,0.653315,0.0225798,0.00986457,0.00353534,0.000779863,0.00230389,0.615784,0.0210473
10.2765,0.589493,0.652426,-0.0629331,0.00985604,0.00353225,0.000779158,0.00230221,0.61491,0.0210465
10.2824,0.464572,0.65154,-0.186968,0.00984752,0.00352916,0.000778454,0.00230054,0.614039,0.0210456
10.2882,0.642736,0.650656,-0.00791967,0.00983902,0.00352607,0.000777751,0.00229887,0.61317,0.0210448
10.2941,0.633141,0.649774,-0.0166333,0.00983053,0.00352299,0.00077705,0.0022972,0.612303,0.0210439
10.3,0.627315,0.648895,-0.02158,0.00982206,0.00351991,0.00077635,0.00229553,0.611438,0.021043
10.3058,0.835273,0.648018,0.187255,0.0098136,0.00351684,0.000775651,0.00229387,0.610576,0.0210421
10.3117,0.739271,0.647143,0.0921277,0.00980516,0.00351378,0.000774953,0.00229221,0.609716,0.0210412
10.3175,0.767465,0.646271,0.121195,0.00979673,0.00351072,0.000774257,0.00229055,0.608858,0.0210403
10.3234,0.750548,0.6454,0.105147,0.00978832,0.00350767,0.000773562,0.0022889,0.608003,0.0210393
10.3293,0.756747,0.644533,0.112214,0.00977992,0.00350462,0.000772868,0.00228724,0.60715,0.0210384
10.3351,0.593377,0.643667,-0.0502896,0.00977153,0.00350158,0.000772176,0.00228559,0.606299,0.0210374
10.341,0.530531,0.642803,-0.112273,0.00976317,0.00349854,0.000771484,0.00228394,0.60545,0.0210364
10.3468,0.604753,0.641942,-0.037189,0.00975481,0.00349551,0.000770794,0.0022823,0.604603,0.0210354
10.3527,0.598679,0.641083,-0.0424042,0.00974647,0.00349248,0.000770105,0.00228065,0.603759,0.0210344
10.3586,0.619506,0.640226,-0.0207199,0.00973815,0.00348946,0.000769418,0.00227901,0.602917,0.0210334
10.3644,0.775559,0.639372,0.136187,0.00972984,0.00348644,0.000768731,0.00227737,0.602077,0.0210323
10.3703,0.732746,0.638519,0.0942266,0.00972154,0.00348343,0.000768046,0.00227573,0.601239,0.0210313
10.3762,0.634725,0.637669,-0.00294429,0.00971326,0.00348043,0.000767362,0.0022741,0.600404,0.0210302
10.382,0.569965,0.636821,-0.0668562,0.00970499,0.00347743,0.000766679,0.00227247,0.59957,0.0210291
10.3879,0.709861,0.635975,0.0738857,0.00969674,0.00347443,0.000765998,0.00227084,0.598739,0.021028
10.3937,0.516986,0.635132,-0.118146,0.0096885,0.00347144,0.000765318,0.00226921,0.59791,0.0210269
10.3996,0.605866,0.63429,-0.0284244,0.00968028,0.00346846,0.000764638,0.00226759,0.597083,0.0210257
10.4055,0.680456,0.633451,0.0470051,0.00967207,0.00346548,0.00076396,0.00226596,0.596259,0.0210246
10.4113,0.546819,0.632613,-0.0857946,0.00966387,0.0034625,0.000763284,0.00226434,0.595436,0.0210234
10.4172,0.443883,0.631778,-0.187896,0.00965569,0.00345953,0.000762608,0.00226272,0.594616,0.0210222
10.4231,0.500822,0.630945,-0.130123,0.00964752,0.00345657,0.000761934,0.00226111,0.593797,0.021021
10.4289,0.736616,0.630115,0.106502,0.00963937,0.00345361,0.000761261,0.00225949,0.592981,0.0210198
10.4348,0.696018,0.629286,0.0667323,0.00963123,0.00345066,0.000760589,0.00225788,0.592167,0.0210186
10.4406,0.476344,0.628459,-0.152115,0.00962311,0.00344771,0.000759918,0.00225627,0.591355,0.0210174
10.4465,0.818023,0.627635,0.190389,0.00961499,0.00344477,0.000759249,0.00225467,0.590545,0.0210161
10.4524,0.692692,0.626812,0.0658793,0.0096069,0.00344183,0.00075858,0.00225306,0.589737,0.0210148
10.4582,0.748098,0.625992,0.122106,0.00959882,0.0034389,0.000757913,0.00225146,0.588931,0.0210136
10.4641,0.671593,0.625174,0.0464199,0.00959075,0.00343597,0.000757247,0.00224986,0.588127,0.0210123
10.47,0.713436,0.624357,0.0890787,0.00958269,0.00343305,0.000756582,0.00224826,0.587326,0.0210109
10.4758,0.682897,0.623543,0.0593535,0.00957465,0.00343013,0.000755918,0.00224667,0.586526,0.0210096
10.4817,0.750292,0.622731,0.127561,0.00956662,0.00342721,0.000755256,0.00224507,0.585729,0.0210083
10.4875,0.821539,0.621921,0.199618,0.00955861,0.00342431,0.000754594,0.00224348,0.584933,0.0210069
10.4934,0.740151,0.621113,0.119038,0.00955061,0.0034214,0.000753934,0.0022419,0.58414,0.0210055
10.4993,0.515624,0.620307,-0.104682,0.00954262,0.00341851,0.000753275,0.00224031,0.583348,0.0210042
10.5051,0.497606,0.619503,-0.121897,0.00953465,0.00341561,0.000752617,0.00223872,0.582559,0.0210028
10.511,0.671347,0.618701,0.0526459,0.00952669,0.00341273,0.00075196,0.00223714,0.581771,0.0210013
10.5169,0.6072,0.617901,-0.0107011,0.00951875,0.00340984,0.000751305,0.00223556,0.580986,0.0209999
10.5227,0.776131,0.617103,0.159028,0.00951081,0.00340696,0.00075065,0.00223399,0.580202,0.0209985
10.5286,0.759138,0.616307,0.142831,0.0095029,0.00340409,0.000749997,0.00223241,0.579421,0.020997
10.5344,0.832994,0.615513,0.217481,0.00949499,0.00340122,0.000749345,0.00223084,0.578641,0.0209955
10.5403,0.65287,0.614721,0.0381495,0.0094871,0.00339836,0.000748693,0.00222927,0.577863,0.020994
10.5462,0.714018,0.613931,0.100087,0.00947922,0.0033955,0.000748043,0.0022277,0.577088,0.0209925
10.552,0.636467,0.613143,0.0233244,0.00947136,0.00339265,0.000747395,0.00222613,0.576314,0.020991
10.5579,0.550804,0.612356,-0.0615524,0.00946351,0.0033898,0.000746747,0.00222457,0.575542,0.0209895
10.5638,0.652336,0.611572,0.0407637,0.00945567,0.00338696,0.0007461,0.00222301,0.574773,0.0209879
10.5696,0.670411,0.61079,0.0596215,0.00944784,0.00338412,0.000745455,0.00222145,0.574005,0.0209864
10.5755,0.639326,0.61001,0.0293164,0.00944003,0.00338128,0.000744811,0.00221989,0.573239,0.0209848
10.5813,0.619282,0.609231,0.0100505,0.00943223,0.00337845,0.000744167,0.00221833,0.572475,0.0209832
10.5872,0.72932,0.608455,0.120865,0.00942445,0.00337563,0.000743525,0.00221678,0.571713,0.0209816
10.5931,0.555016,0.60768,-0.0526641,0.00941668,0.00337281,0.000742884,0.00221523,0.570953,0.02098
10.5989,0.514827,0.606907,-0.0920802,0.00940892,0.00336999,0.000742244,0.00221368,0.570194,0.0209783
10.6048,0.590904,0.606137,-0.0152329,0.00940117,0.00336718,0.000741605,0.00221213,0.569438,0.0209767
10.6106,0.562748,0.605368,-0.0426197,0.00939344,0.00336438,0.000740968,0.00221059,0.568683,0.020975
10.6165,0.549941,0.604601,-0.0546598,0.00938572,0.00336158,0.000740331,0.00220905,0.567931,0.0209733
10.6224,0.483192,0.603836,-0.120643,0.00937801,0.00335878,0.000739696,0.00220751,0.56718,0.0209716
10.6282,0.467258,0.603072,-0.135815,0.00937032,0.00335599,0.000739061,0.00220597,0.566431,0.0209699
10.6341,0.617741,0.602311,0.01543,0.00936264,0.00335321,0.000738428,0.00220443,0.565684,0.0209682
10.64,0.610858,0.601551,0.00930653,0.00935497,0.00335042,0.000737795,0.0022029,0.564939,0.0209665
10.6458,0.538627,0.600794,-0.0621664,0.00934731,0.00334765,0.000737164,0.00220137,0.564196,0.0209647
10.6517,0.672115,0.600038,0.0720776,0.00933967,0.00334487,0.000736534,0.00219984,0.563454,0.0209629
10.6575,0.584161,0.599284,-0.015123,0.00933204,0.00334211,0.000735905,0.00219831,0.562714,0.0209612
10.6634,0.667067,0.598532,0.0685351,0.00932443,0.00333934,0.000735277,0.00219679,0.561977,0.0209594
10.6693,0.684647,0.597781,0.0868655,0.00931682,0.00333658,0.00073465,0.00219526,0.561241,0.0209575
10.6751,0.689229,0.597033,0.0921963,0.00930923,0.00333383,0.000734024,0.00219374,0.560506,0.0209557
10.681,0.643583,0.596286,0.0472966,0.00930165,0.00333108,0.0007334,0.00219222,0.559774,0.0209539
10.6869,0.535037,0.595541,-0.0605037,0.00929408,0.00332834,0.000732776,0.00219071,0.559043,0.020952
10.6927,0.580084,0.594798,-0.014714,0.00928653,0.0033256,0.000732153,0.00218919,0.558314,0.0209501
10.6986,0.711227,0.594057,0.11717,0.00927899,0.00332286,0.000731532,0.00218768,0.557587,0.0209482
10.7044,0.554819,0.593317,-0.0384978,0.00927146,0.00332013,0.000730911,0.00218617,0.556862,0.0209463
10.7103,0.637583,0.592579,0.0450033,0.00926395,0.0033174,0.000730292,0.00218466,0.556139,0.0209444
10.7162,0.599608,0.591843,0.00776456,0.00925644,0.00331468,0.000729673,0.00218315,0.555417,0.0209425
10.722,0.523519,0.591109,-0.0675901,0.00924895,0.00331196,0.000729056,0.00218165,0.554697,0.0209405
10.7279,0.529601,0.590377,-0.0607756,0.00924147,0.00330925,0.00072844,0.00218015,0.553979,0.0209386
10.7338,0.675605,0.589646,0.0859592,0.009234,0.00330654,0.000727824,0.00217865,0.553262,0.0209366
10.7396,0.381451,0.588917,-0.207466,0.00922655,0.00330384,0.00072721,0.00217715,0.552548,0.0209346
10.7455,0.469671,0.58819,-0.118519,0.00921911,0.00330114,0.000726597,0.00217565,0.551835,0.0209326
10.7513,0.433089,0.587464,-0.154375,0.00921168,0.00329845,0.000725985,0.00217416,0.551123,0.0209306
10.7572,0.453623,0.586741,-0.133118,0.00920426,0.00329575,0.000725373,0.00217267,0.550414,0.0209286
10.7631,0.609992,0.586019,0.0239732,0.00919686,0.00329307,0.000724763,0.00217118,0.549706,0.0209265
10.7689,0.572509,0.585298,-0.0127895,0.00918946,0.00329039,0.000724154,0.00216969,0.549,0.0209244
10.7748,0.667112,0.58458,0.082532,0.00918208,0.00328771,0.000723546,0.0021682,0.548296,0.0209224
10.7807,0.661967,0.583863,0.0781045,0.00917471,0.00328504,0.000722939,0.00216672,0.547593,0.0209203
10.7865,0.635815,0.583147,0.0526673,0.00916736,0.00328237,0.000722333,0.00216524,0.546892,0.0209182
10.7924,0.549918,0.582434,-0.0325163,0.00916001,0.00327971,0.000721728,0.00216376,0.546193,0.020916
10.7982,0.476004,0.581722,-0.105718,0.00915268,0.00327705,0.000721124,0.00216228,0.545495,0.0209139
10.8041,0.590886,0.581012,0.00987431,0.00914536,0.00327439,0.000720521,0.0021608,0.544799,0.0209117
10.81,0.493805,0.580304,-0.0864986,0.00913805,0.00327174,0.000719919,0.00215933,0.544105,0.0209096
10.8158,0.728394,0.579597,0.148797,0.00913075,0.00326909,0.000719318,0.00215786,0.543412,0.0209074
10.8217,0.498761,0.578892,-0.0801306,0.00912347,0.00326645,0.000718718,0.00215639,0.542721,0.0209052
10.8276,0.842996,0.578188,0.264808,0.00911619,0.00326381,0.000718119,0.00215492,0.542032,0.020903
10.8334,0.650102,0.577486,0.0726159,0.00910893,0.00326118,0.000717521,0.00215345,0.541344,0.0209008
10.8393,0.709878,0.576786,0.133092,0.00910168,0.00325855,0.000716924,0.00215199,0.540658,0.0208985
10.8451,0.560298,0.576088,-0.0157897,0.00909445,0.00325593,0.000716328,0.00215053,0.539974,0.0208963
10.851,0.593335,0.575391,0.0179444,0.00908722,0.00325331,0.000715733,0.00214907,0.539291,0.020894
10.8569,0.5193,0.574695,-0.0553957,0.00908001,0.00325069,0.000715139,0.00214761,0.53861,0.0208917
10.8627,0.59232,0.574002,0.0183179,0.0090728,0.00324808,0.000714546,0.00214616,0.537931,0.0208894
10.8686,0.775785,0.57331,0.202475,0.00906561,0.00324547,0.000713954,0.0021447,0.537253,0.0208871
10.8745,0.620019,0.572619,0.0473999,0.00905843,0.00324287,0.000713363,0.00214325,0.536577,0.0208848
10.8803,0.627492,0.571931,0.0555614,0.00905127,0.00324027,0.000712773,0.0021418,0.535902,0.0208824
10.8862,0.739355,0.571243,0.168111,0.00904411,0.00323767,0.000712184,0.00214035,0.535229,0.02088
10.892,0.570895,0.570558,0.000336821,0.00903696,0.00323508,0.000711595,0.00213891,0.534558,0.0208777
10.8979,0.551278,0.569874,-0.0185954,0.00902983,0.00323249,0.000711008,0.00213746,0.533888,0.0208753
10.9038,0.475969,0.569191,-0.0932219,0.00902271,0.00322991,0.000710422,0.00213602,0.533219,0.0208729
10.9096,0.363084,0.56851,-0.205426,0.0090156,0.00322733,0.000709837,0.00213458,0.532553,0.0208705
10.9155,0.46544,0.567831,-0.102391,0.0090085,0.00322476,0.000709252,0.00213314,0.531888,0.020868
10.9213,0.749156,0.567154,0.182002,0.00900141,0.00322219,0.000708669,0.00213171,0.531224,0.0208656
10.9272,0.80922,0.566477,0.242743,0.00899434,0.00321962,0.000708087,0.00213027,0.530562,0.0208631
10.9331,0.685742,0.565803,0.119939,0.00898727,0.00321706,0.000707505,0.00212884,0.529901,0.0208606
10.9389,0.583441,0.56513,0.018311,0.00898022,0.0032145,0.000706925,0.00212741,0.529243,0.0208581
10.9448,0.59313,0.564458,0.0286712,0.00897318,0.00321195,0.000706345,0.00212598,0.528585,0.0208556
10.9507,0.661606,0.563788,0.0978175,0.00896615,0.0032094,0.000705767,0.00212455,0.527929,0.0208531
10.9565,0.732175,0.56312,0.169056,0.00895913,0.00320686,0.000705189,0.00212313,0.527275,0.0208506
10.9624,0.480133,0.562453,-0.0823199,0.00895212,0.00320432,0.000704612,0.00212171,0.526622,0.020848
10.9682,0.473475,0.561788,-0.0883131,0.00894512,0.00320178,0.000704037,0.00212029,0.525971,0.0208455
10.9741,0.56626,0.561124,0.00513578,0.00893814,0.00319925,0.000703462,0.00211887,0.525321,0.0208429
10.98,0.393452,0.560462,-0.16701,0.00893116,0.00319672,0.000702888,0.00211745,0.524673,0.0208403
10.9858,0.415767,0.559801,-0.144034,0.0089242,0.00319419,0.000702315,0.00211603,0.524026,0.0208377
10.9917,0.544436,0.559142,-0.0147058,0.00891725,0.00319167,0.000701743,0.00211462,0.523381,0.0208351
10.9976,0.387625,0.558484,-0.170859,0.00891031,0.00318915,0.000701172,0.00211321,0.522738,0.0208324
11.0034,0.52279,0.557827,-0.035037,0.00890338,0.00318664,0.000700602,0.0021118,0.522095,0.0208298
11.0093,0.465618,0.557173,-0.0915549,0.00889646,0.00318413,0.000700033,0.00211039,0.521455,0.0208271
11.0151,0.458534,0.556519,-0.0979856,0.00888955,0.00318163,0.000699464,0.00210899,0.520815,0.0208244
11.021,0.442463,0.555868,-0.113405,0.00888265,0.00317913,0.000698897,0.00210758,0.520178,0.0208217
11.0269,0.558555,0.555217,0.00333746,0.00887576,0.00317663,0.000698331,0.00210618,0.519541,0.020819
11.0327,0.550014,0.554568,-0.00455424,0.00886889,0.00317414,0.000697765,0.00210478,0.518906,0.0208163
11.0386,0.438332,0.553921,-0.115589,0.00886202,0.00317165,0.000697201,0.00210338,0.518273,0.0208135
11.0445,0.567815,0.553275,0.0145397,0.00885517,0.00316916,0.000696637,0.00210199,0.517641,0.0208108
11.0503,0.459719,0.55263,-0.0929118,0.00884833,0.00316668,0.000696074,0.00210059,0.517011,0.020808
11.0562,0.701246,0.551987,0.149259,0.00884149,0.00316421,0.000695512,0.0020992,0.516382,0.0208052
11.062,0.515409,0.551346,-0.0359372,0.00883467,0.00316173,0.000694951,0.00209781,0.515754,0.0208024
11.0679,0.400001,0.550706,-0.150705,0.00882786,0.00315926,0.000694391,0.00209642,0.515128,0.0207996
11.0738,0.555628,0.550067,0.00556128,0.00882106,0.0031568,0.000693832,0.00209503,0.514503,0.0207967
11.0796,0.441825,0.54943,-0.107604,0.00881427,0.00315434,0.000693274,0.00209365,0.51388,0.0207939
11.0855,0.714785,0.548794,0.165991,0.00880749,0.00315188,0.000692716,0.00209226,0.513258,0.020791
11.0914,0.510907,0.548159,-0.037252,0.00880072,0.00314943,0.00069216,0.00209088,0.512638,0.0207882
11.0972,0.528833,0.547526,-0.018693,0.00879397,0.00314698,0.000691604,0.0020895,0.512019,0.0207853
11.1031,0.563737,0.546895,0.0168427,0.00878722,0.00314453,0.00069105,0.00208812,0.511401,0.0207824
11.1089,0.552542,0.546265,0.00627727,0.00878048,0.00314209,0.000690496,0.00208675,0.510785,0.0207794
11.1148,0.432059,0.545636,-0.113577,0.00877376,0.00313965,0.000689943,0.00208537,0.510171,0.0207765
11.1207,0.644702,0.545008,0.0996934,0.00876704,0.00313722,0.000689391,0.002084,0.509557,0.0207736
11.1265,0.545952,0.544382,0.00156946,0.00876034,0.00313478,0.00068884,0.00208263,0.508945,0.0207706
11.1324,0.538911,0.543758,-0.0048468,0.00875364,0.00313236,0.00068829,0.00208126,0.508335,0.0207676
11.1383,0.551432,0.543135,0.00829712,0.00874696,0.00312993,0.00068774,0.00207989,0.507725,0.0207646
11.1441,0.476715,0.542513,-0.0657979,0.00874028,0.00312752,0.000687192,0.00207853,0.507118,0.0207616
11.15,0.74242,0.541892,0.200528,0.00873362,0.0031251,0.000686644,0.00207716,0.506511,0.0207586
11.1558,0.616862,0.541273,0.075589,0.00872697,0.00312269,0.000686097,0.0020758,0.505906,0.0207556
11.1617,0.625094,0.540655,0.0844384,0.00872032,0.00312028,0.000685551,0.00207444,0.505302,0.0207525
11.1676,0.399547,0.540039,-0.140492,0.00871369,0.00311788,0.000685006,0.00207308,0.5047,0.0207494
11.1734,0.462247,0.539424,-0.0771775,0.00870707,0.00311548,0.000684462,0.00207173,0.504099,0.0207464
11.1793,0.586234,0.53881,0.0474237,0.00870046,0.00311308,0.000683919,0.00207037,0.503499,0.0207433
11.1851,0.631142,0.538198,0.0929434,0.00869386,0.00311069,0.000683376,0.00206902,0.502901,0.0207401
11.191,0.524175,0.537587,-0.0134118,0.00868726,0.0031083,0.000682835,0.00206767,0.502304,0.020737
11.1969,0.520245,0.536978,-0.0167328,0.00868068,0.00310591,0.000682294,0.00206632,0.501709,0.0207339
11.2027,0.627825,0.536369,0.0914561,0.00867411,0.00310353,0.000681754,0.00206497,0.501114,0.0207307
11.2086,0.643515,0.535762,0.107753,0.00866755,0.00310115,0.000681215,0.00206362,0.500521,0.0207275
11.2145,0.556784,0.535157,0.0216276,0.008661,0.00309878,0.000680677,0.00206228,0.49993,0.0207244
11.2203,0.456786,0.534552,-0.0777669,0.00865446,0.00309641,0.00068014,0.00206094,0.499339,0.0207212
11.2262,0.525925,0.53395,-0.00802459,0.00864793,0.00309404,0.000679603,0.0020596,0.49875,0.0207179
11.232,0.592058,0.533348,0.0587099,0.00864141,0.00309168,0.000679068,0.00205826,0.498163,0.0207147
11.2379,0.596313,0.532748,0.0635659,0.0086349,0.00308932,0.000678533,0.00205692,0.497576,0.0207115
11.2438,0.632496,0.532148,0.100348,0.0086284,0.00308696,0.000677999,0.00205558,0.496991,0.0207082
11.2496,0.589762,0.531551,0.058211,0.00862191,0.00308461,0.000677466,0.00205425,0.496408,0.0207049
11.2555,0.463966,0.530954,-0.0669886,0.00861542,0.00308226,0.000676934,0.00205292,0.495825,0.0207016
11.2614,0.491597,0.530359,-0.0387626,0.00860895,0.00307992,0.000676402,0.00205159,0.495244,0.0206983
11.2672,0.66853,0.529765,0.138765,0.00860249,0.00307757,0.000675872,0.00205026,0.494664,0.020695
11.2731,0.43648,0.529173,-0.0926929,0.00859604,0.00307524,0.000675342,0.00204893,0.494085,0.0206917
11.2789,0.52905,0.528581,0.000468631,0.0085896,0.0030729,0.000674813,0.00204761,0.493508,0.0206883
11.2848,0.676295,0.527991,0.148304,0.00858317,0.00307057,0.000674285,0.00204628,0.492932,0.020685
11.2907,0.662907,0.527403,0.135504,0.00857675,0.00306824,0.000673758,0.00204496,0.492357,0.0206816
11.2965,0.859367,0.526815,0.332551,0.00857034,0.00306592,0.000673231,0.00204364,0.491784,0.0206782
11.3024,0.407361,0.526229,-0.118868,0.00856393,0.0030636,0.000672706,0.00204232,0.491212,0.0206748
11.3083,0.547503,0.525644,0.021859,0.00855754,0.00306128,0.000672181,0.00204101,0.490641,0.0206714
11.3141,0.439287,0.52506,-0.0857732,0.00855116,0.00305897,0.000671657,0.00203969,0.490071,0.0206679
11.32,0.500527,0.524478,-0.0239505,0.00854479,0.00305666,0.000671134,0.00203838,0.489502,0.0206645
11.3258,0.588013,0.523897,0.0641161,0.00853842,0.00305436,0.000670611,0.00203707,0.488935,0.020661
11.3317,0.653881,0.523317,0.130564,0.00853207,0.00305205,0.00067009,0.00203576,0.488369,0.0206576
11.3376,0.545205,0.522738,0.0224669,0.00852573,0.00304976,0.000669569,0.00203445,0.487805,0.0206541
11.3434,0.608316,0.522161,0.0861554,0.00851939,0.00304746,0.000669049,0.00203314,0.487241,0.0206505
11.3493,0.269312,0.521584,-0.252272,0.00851307,0.00304517,0.00066853,0.00203184,0.486679,0.020647
11.3552,0.523304,0.521009,0.00229486,0.00850675,0.00304288,0.000668012,0.00203054,0.486118,0.0206435
11.361,0.586482,0.520436,0.0660464,0.00850045,0.0030406,0.000667494,0.00202923,0.485558,0.0206399
11.3669,0.52274,0.519863,0.00287714,0.00849415,0.00303831,0.000666977,0.00202793,0.484999,0.0206364
11.3727,0.455578,0.519292,-0.0637134,0.00848786,0.00303604,0.000666461,0.00202664,0.484442,0.0206328
11.3786,0.331837,0.518722,-0.186884,0.00848159,0.00303376,0.000665946,0.00202534,0.483886,0.0206292
11.3845,0.516959,0.518153,-0.0011938,0.00847532,0.00303149,0.000665432,0.00202405,0.483331,0.0206256
11.3903,0.376773,0.517585,-0.140812,0.00846906,0.00302922,0.000664919,0.00202275,0.482777,0.0206219
11.3962,0.527827,0.517018,0.0108084,0.00846281,0.00302696,0.000664406,0.00202146,0.482225,0.0206183
11.4021,0.433041,0.516453,-0.0834122,0.00845657,0.0030247,0.000663894,0.00202017,0.481673,0.0206146
11.4079,0.566138,0.515889,0.0502488,0.00845034,0.00302244,0.000663383,0.00201888,0.481123,0.020611
11.4138,0.510088,0.515326,-0.00523811,0.00844412,0.00302019,0.000662872,0.0020176,0.480574,0.0206073
11.4196,0.655751,0.514764,0.140987,0.00843791,0.00301794,0.000662363,0.00201631,0.480026,0.0206036
11.4255,0.547996,0.514204,0.0337921,0.00843171,0.00301569,0.000661854,0.00201503,0.47948,0.0205999
11.4314,0.597774,0.513644,0.0841296,0.00842552,0.00301345,0.000661346,0.00201375,0.478934,0.0205961
11.4372,0.60504,0.513086,0.0919539,0.00841933,0.00301121,0.000660839,0.00201247,0.47839,0.0205924
11.4431,0.590194,0.512529,0.0776646,0.00841316,0.00300897,0.000660332,0.00201119,0.477847,0.0205886
11.4489,0.417428,0.511973,-0.0945451,0.00840699,0.00300673,0.000659827,0.00200991,0.477305,0.0205848
11.4548,0.569215,0.511419,0.0577963,0.00840084,0.0030045,0.000659322,0.00200864,0.476764,0.0205811
11.4607,0.387746,0.510865,-0.123119,0.00839469,0.00300228,0.000658817,0.00200736,0.476225,0.0205772
11.4665,0.472566,0.510313,-0.0377463,0.00838855,0.00300005,0.000658314,0.00200609,0.475686,0.0205734
11.4724,0.544336,0.509761,0.0345744,0.00838242,0.00299783,0.000657811,0.00200482,0.475149,0.0205696
11.4783,0.579782,0.509211,0.0705709,0.0083763,0.00299562,0.00065731,0.00200355,0.474613,0.0205657
11.4841,0.375493,0.508662,-0.13317,0.00837019,0.0029934,0.000656809,0.00200228,0.474078,0.0205619
11.49,0.534085,0.508115,0.0259704,0.00836409,0.00299119,0.000656308,0.00200102,0.473544,0.020558
11.4958,0.557246,0.507568,0.0496778,0.008358,0.00298899,0.000655809,0.00199975,0.473011,0.0205541
11.5017,0.437384,0.507023,-0.0696382,0.00835192,0.00298678,0.00065531,0.00199849,0.47248,0.0205502
11.5076,0.516687,0.506478,0.0102091,0.00834584,0.00298458,0.000654812,0.00199723,0.471949,0.0205463
11.5134,0.304849,0.505935,-0.201086,0.00833978,0.00298238,0.000654315,0.00199597,0.47142,0.0205423
11.5193,0.298194,0.505393,-0.207199,0.00833372,0.00298019,0.000653818,0.00199471,0.470892,0.0205384
11.5252,0.569925,0.504852,0.0650734,0.00832767,0.002978,0.000653322,0.00199346,0.470365,0.0205344
11.531,0.384973,0.504312,-0.119338,0.00832164,0.00297581,0.000652827,0.0019922,0.469839,0.0205304
11.5369,0.560191,0.503773,0.0564181,0.00831561,0.00297363,0.000652333,0.00199095,0.469314,0.0205264
11.5427,0.295027,0.503235,-0.208208,0.00830959,0.00297145,0.00065184,0.0019897,0.46879,0.0205224
11.5486,0.557965,0.502699,0.0552661,0.00830357,0.00296927,0.000651347,0.00198845,0.468268,0.0205184
11.5545,0.498395,0.502163,-0.00376802,0.00829757,0.0029671,0.000650855,0.0019872,0.467746,0.0205144
11.5603,0.315377,0.501629,-0.186252,0.00829158,0.00296492,0.000650363,0.00198596,0.467226,0.0205103
11.5662,0.47655,0.501096,-0.0245454,0.00828559,0.00296276,0.000649873,0.00198471,0.466707,0.0205062
11.5721,0.532925,0.500564,0.0323613,0.00827962,0.00296059,0.000649383,0.00198347,0.466188,0.0205021
11.5779,0.455179,0.500033,-0.0448539,0.00827365,0.00295843,0.000648894,0.00198223,0.465671,0.020498
11.5838,0.546282,0.499503,0.0467793,0.00826769,0.00295627,0.000648406,0.00198099,0.465155,0.0204939
11.5896,0.414993,0.498974,-0.083981,0.00826174,0.00295412,0.000647918,0.00197975,0.46464,0.0204898
11.5955,0.742961,0.498446,0.244515,0.0082558,0.00295197,0.000647431,0.00197851,0.464127,0.0204857
11.6014,0.629297,0.497919,0.131378,0.00824987,0.00294982,0.000646945,0.00197727,0.463614,0.0204815
11.6072,0.586233,0.497393,0.0888395,0.00824394,0.00294767,0.00064646,0.00197604,0.463102,0.0204773
11.6131,0.445138,0.496869,-0.0517308,0.00823803,0.00294553,0.000645975,0.00197481,0.462591,0.0204731
11.619,0.587026,0.496345,0.0906808,0.00823212,0.00294339,0.000645491,0.00197358,0.462082,0.0204689
11.6248,0.68668,0.495823,0.190857,0.00822622,0.00294125,0.000645008,0.00197235,0.461573,0.0204647
11.6307,0.449808,0.495301,-0.0454937,0.00822033,0.00293912,0.000644525,0.00197112,0.461066,0.0204605
11.6365,0.412868,0.494781,-0.0819131,0.00821445,0.00293699,0.000644043,0.00196989,0.46056,0.0204562
11.6424,0.56385,0.494262,0.0695885,0.00820858,0.00293486,0.000643562,0.00196867,0.460054,0.020452
11.6483,0.611219,0.493744,0.117475,0.00820272,0.00293274,0.000643082,0.00196744,0.45955,0.0204477
11.6541,0.546583,0.493226,0.0533571,0.00819686,0.00293062,0.000642602,0.00196622,0.459047,0.0204434
11.66,0.759014,0.49271,0.266304,0.00819101,0.0029285,0.000642124,0.001965,0.458545,0.0204391
11.6659,0.529552,0.492195,0.0373565,0.00818517,0.00292639,0.000641645,0.00196378,0.458043,0.0204348
11.6717,0.543295,0.491681,0.0516143,0.00817934,0.00292428,0.000641168,0.00196257,0.457543,0.0204304
11.6776,0.484163,0.491168,-0.00700477,0.00817352,0.00292217,0.000640691,0.00196135,0.457044,0.0204261
11.6834,0.314401,0.490656,-0.176255,0.00816771,0.00292006,0.000640215,0.00196014,0.456546,0.0204217
11.6893,0.399665,0.490145,-0.0904805,0.00816191,0.00291796,0.00063974,0.00195892,0.456049,0.0204173
11.6952,0.519939,0.489635,0.0303041,0.00815611,0.00291586,0.000639265,0.00195771,0.455553,0.0204129
11.701,0.309157,0.489126,-0.179969,0.00815032,0.00291376,0.000638791,0.0019565,0.455058,0.0204085
11.7069,0.555671,0.488618,0.0670524,0.00814454,0.00291167,0.000638318,0.00195529,0.454564,0.0204041
11.7128,0.553335,0.488111,0.0652235,0.00813877,0.00290958,0.000637845,0.00195409,0.454072,0.0203997
11.7186,0.661099,0.487606,0.173493,0.00813301,0.0029075,0.000637373,0.00195288,0.45358,0.0203952
11.7245,0.609994,0.487101,0.122893,0.00812725,0.00290541,0.000636902,0.00195168,0.453089,0.0203908
11.7303,0.535075,0.486597,0.0484779,0.00812151,0.00290333,0.000636432,0.00195047,0.452599,0.0203863
11.7362,0.609783,0.486094,0.123689,0.00811577,0.00290125,0.000635962,0.00194927,0.45211,0.0203818
11.7421,0.612011,0.485592,0.126418,0.00811004,0.00289918,0.000635493,0.00194807,0.451622,0.0203773
11.7479,0.494832,0.485091,0.00974044,0.00810432,0.00289711,0.000635024,0.00194688,0.451135,0.0203727
11.7538,0.459753,0.484592,-0.0248386,0.0080986,0.00289504,0.000634557,0.00194568,0.450649,0.0203682
11.7596,0.510927,0.484093,0.0268345,0.0080929,0.00289297,0.00063409,0.00194448,0.450165,0.0203636
11.7655,0.470005,0.483595,-0.0135896,0.0080872,0.00289091,0.000633623,0.00194329,0.449681,0.0203591
11.7714,0.386949,0.483098,-0.0961492,0.00808151,0.00288885,0.000633158,0.0019421,0.449198,0.0203545
11.7772,0.50477,0.482602,0.0221681,0.00807583,0.00288679,0.000632693,0.00194091,0.448716,0.0203499
11.7831,0.690541,0.482107,0.208434,0.00807016,0.00288474,0.000632229,0.00193972,0.448235,0.0203453
11.789,0.526916,0.481613,0.0453031,0.0080645,0.00288269,0.000631765,0.00193853,0.447755,0.0203406
11.7948,0.456823,0.48112,-0.0242969,0.00805884,0.00288064,0.000631302,0.00193735,0.447276,0.020336
11.8007,0.434013,0.480628,-0.0466151,0.00805319,0.00287859,0.00063084,0.00193616,0.446798,0.0203313
11.8065,0.505181,0.480137,0.0250437,0.00804755,0.00287655,0.000630378,0.00193498,0.446321,0.0203266
11.8124,0.627595,0.479647,0.147948,0.00804192,0.00287451,0.000629917,0.0019338,0.445845,0.020322
11.8183,0.56606,0.479158,0.0869016,0.00803629,0.00287248,0.000629457,0.00193261,0.44537,0.0203172
11.8241,0.397369,0.47867,-0.0813008,0.00803068,0.00287044,0.000628998,0.00193144,0.444896,0.0203125
11.83,0.3994,0.478183,-0.0787822,0.00802507,0.00286841,0.000628539,0.00193026,0.444423,0.0203078
11.8359,0.502308,0.477696,0.0246115,0.00801947,0.00286638,0.000628081,0.00192908,0.44395,0.020303
11.8417,0.513151,0.477211,0.03594,0.00801388,0.00286436,0.000627623,0.00192791,0.443479,0.0202983
11.8476,0.426052,0.476727,-0.0506746,0.00800829,0.00286234,0.000627166,0.00192673,0.443009,0.0202935
11.8534,0.43322,0.476243,-0.0430235,0.00800271,0.00286032,0.00062671,0.00192556,0.442539,0.0202887
11.8593,0.474943,0.475761,-0.00081819,0.00799715,0.0028583,0.000626255,0.00192439,0.442071,0.0202839
11.8652,0.335035,0.47528,-0.140245,0.00799159,0.00285629,0.0006258,0.00192322,0.441604,0.0202791
11.871,0.453742,0.474799,-0.0210573,0.00798603,0.00285428,0.000625345,0.00192206,0.441137,0.0202742
11.8769,0.436994,0.474319,-0.0373252,0.00798049,0.00285227,0.000624892,0.00192089,0.440671,0.0202694
11.8828,0.494586,0.473841,0.0207448,0.00797495,0.00285027,0.000624439,0.00191972,0.440207,0.0202645
11.8886,0.446609,0.473363,-0.0267542,0.00796942,0.00284827,0.000623987,0.00191856,0.439743,0.0202596
11.8945,0.42794,0.472886,-0.0449459,0.0079639,0.00284627,0.000623535,0.0019174,0.43928,0.0202547
11.9003,0.621031,0.47241,0.14862,0.00795838,0.00284427,0.000623084,0.00191624,0.438818,0.0202498
11.9062,0.48922,0.471935,0.0172849,0.00795288,0.00284228,0.000622634,0.00191508,0.438357,0.0202449
11.9121,0.425324,0.471461,-0.0461369,0.00794738,0.00284029,0.000622184,0.00191392,0.437897,0.02024
11.9179,0.411839,0.470988,-0.0591486,0.00794189,0.0028383,0.000621735,0.00191277,0.437438,0.020235
11.9238,0.370119,0.470516,-0.100396,0.00793641,0.00283631,0.000621287,0.00191161,0.43698,0.02023
11.9297,0.497477,0.470044,0.0274323,0.00793093,0.00283433,0.000620839,0.00191046,0.436523,0.0202251
11.9355,0.47847,0.469574,0.0088958,0.00792546,0.00283235,0.000620392,0.0019093,0.436066,0.0202201
11.9414,0.404542,0.469105,-0.0645626,0.00792,0.00283038,0.000619946,0.00190815,0.435611,0.020215
11.9472,0.414994,0.468636,-0.0536418,0.00791455,0.0028284,0.0006195,0.001907,0.435156,0.02021
11.9531,0.473185,0.468168,0.00501679,0.00790911,0.00282643,0.000619055,0.00190586,0.434703,0.020205
11.959,0.558384,0.467701,0.090683,0.00790367,0.00282446,0.00061861,0.00190471,0.43425,0.0201999
11.9648,0.497972,0.467236,0.0307362,0.00789824,0.0028225,0.000618167,0.00190356,0.433798,0.0201948
11.9707,0.434019,0.46677,-0.0327511,0.00789282,0.00282054,0.000617723,0.00190242,0.433347,0.0201897
11.9766,0.305423,0.466306,-0.160883,0.0078874,0.00281858,0.000617281,0.00190128,0.432897,0.0201846
11.9824,0.36364,0.465843,-0.102203,0.007882,0.00281662,0.000616839,0.00190014,0.432448,0.0201795
11.9883,0.39028,0.465381,-0.0751009,0.0078766,0.00281467,0.000616398,0.001899,0.432,0.0201744
11.9941,0.358659,0.464919,-0.10626,0.00787121,0.00281271,0.000615957,0.00189786,0.431552,0.0201692
12,0.449999,0.464459,-0.0144595,0.00786582,0.00281077,0.000615517,0.00189672,0.431106,0.0201641
