ppm,observed,fitted,residual,component_EGDA,component_EGMA,component_EG,component_AcOH,component_exchange_pool,component_baseline
0,0.602922,0.621971,-0.0190494,0.00636883,0.00441994,0.00643198,0.0211939,0.617362,-0.0338057
0.00586224,0.443072,0.623173,-0.180101,0.00638515,0.00443043,0.00644271,0.021258,0.61841,-0.033753
0.0117245,0.544544,0.62438,-0.0798357,0.00640156,0.00444098,0.00645348,0.0213224,0.619462,-0.0337003
0.0175867,0.60331,0.62559,-0.0222794,0.00641805,0.00445157,0.00646429,0.0213872,0.620516,-0.0336476
0.0234489,0.592217,0.626804,-0.034587,0.00643464,0.00446223,0.00647513,0.0214524,0.621574,-0.033595
0.0293112,0.588552,0.628021,-0.0394689,0.00645132,0.00447294,0.00648601,0.021518,0.622636,-0.0335424
0.0351734,0.757956,0.629243,0.128713,0.00646809,0.0044837,0.00649693,0.021584,0.6237,-0.0334898
0.0410357,0.548924,0.630469,-0.081545,0.00648495,0.00449453,0.00650788,0.0216504,0.624768,-0.0334373
0.0468979,0.569675,0.631698,-0.0620227,0.00650191,0.0045054,0.00651887,0.0217172,0.62584,-0.0333848
0.0527601,0.738447,0.632932,0.105516,0.00651896,0.00451634,0.0065299,0.0217844,0.626914,-0.0333324
0.0586224,0.696266,0.634169,0.0620969,0.0065361,0.00452733,0.00654097,0.0218521,0.627993,-0.0332799
0.0644846,0.537517,0.635411,-0.0978939,0.00655335,0.00453839,0.00655207,0.0219201,0.629074,-0.0332276
0.0703468,0.664361,0.636656,0.0277055,0.00657069,0.0045495,0.00656321,0.0219886,0.630159,-0.0331752
0.0762091,0.424483,0.637906,-0.213422,0.00658812,0.00456067,0.00657438,0.0220575,0.631248,-0.0331229
0.0820713,0.542683,0.639159,-0.0964763,0.00660566,0.0045719,0.0065856,0.0221269,0.63234,-0.0330706
0.0879336,0.679951,0.640417,0.0395345,0.00662329,0.00458319,0.00659685,0.0221966,0.633435,-0.0330183
0.0937958,0.540352,0.641678,-0.101326,0.00664103,0.00459454,0.00660815,0.0222668,0.634534,-0.0329661
0.099658,0.693376,0.642944,0.0504322,0.00665886,0.00460595,0.00661948,0.0223375,0.635636,-0.0329139
0.10552,0.681428,0.644214,0.0372142,0.0066768,0.00461743,0.00663085,0.0224086,0.636742,-0.0328617
0.111383,0.669332,0.645488,0.0238431,0.00669485,0.00462896,0.00664226,0.0224802,0.637852,-0.0328096
0.117245,0.917933,0.646767,0.271166,0.00671299,0.00464056,0.0066537,0.0225522,0.638965,-0.0327575
0.123107,0.82043,0.648049,0.172381,0.00673124,0.00465222,0.00666519,0.0226247,0.640081,-0.0327054
0.128969,0.730179,0.649336,0.0808429,0.0067496,0.00466395,0.00667672,0.0226976,0.641202,-0.0326534
0.134831,0.529779,0.650627,-0.120849,0.00676806,0.00467574,0.00668829,0.022771,0.642325,-0.0326014
0.140694,0.482892,0.651922,-0.169031,0.00678663,0.0046876,0.00669989,0.0228449,0.643453,-0.0325495
0.146556,0.578969,0.653222,-0.0742529,0.00680531,0.00469952,0.00671154,0.0229193,0.644584,-0.0324975
0.152418,0.653067,0.654526,-0.00145908,0.0068241,0.00471151,0.00672323,0.0229941,0.645719,-0.0324456
0.15828,0.73058,0.655834,0.0747456,0.006843,0.00472357,0.00673496,0.0230694,0.646857,-0.0323938
0.164143,0.602504,0.657147,-0.0546424,0.00686201,0.00473569,0.00674673,0.0231453,0.647999,-0.0323419
0.170005,0.613167,0.658464,-0.0452971,0.00688114,0.00474788,0.00675854,0.0232216,0.649145,-0.0322901
0.175867,0.709886,0.659785,0.0501004,0.00690038,0.00476014,0.00677039,0.0232984,0.650294,-0.0322384
0.181729,0.547174,0.661111,-0.113937,0.00691973,0.00477247,0.00678228,0.0233758,0.651448,-0.0321866
0.187592,0.634387,0.662442,-0.0280546,0.0069392,0.00478487,0.00679422,0.0234536,0.652605,-0.0321349
0.193454,0.761774,0.663777,0.0979976,0.00695879,0.00479734,0.0068062,0.023532,0.653765,-0.0320833
0.199316,0.674199,0.665116,0.00908327,0.00697849,0.00480988,0.00681822,0.0236109,0.65493,-0.0320316
0.205178,0.703551,0.66646,0.0370916,0.00699832,0.00482249,0.00683028,0.0236903,0.656098,-0.03198
0.211041,0.705076,0.667808,0.0372679,0.00701826,0.00483517,0.00684238,0.0237702,0.657271,-0.0319285
0.216903,0.740215,0.669161,0.071054,0.00703833,0.00484793,0.00685453,0.0238507,0.658447,-0.0318769
0.222765,0.749558,0.670519,0.0790393,0.00705851,0.00486076,0.00686672,0.0239318,0.659627,-0.0318254
0.228627,0.696364,0.671881,0.0244825,0.00707883,0.00487367,0.00687896,0.0240133,0.660811,-0.0317739
0.234489,0.65902,0.673248,-0.0142283,0.00709926,0.00488665,0.00689123,0.0240955,0.661998,-0.0317225
0.240352,0.656699,0.67462,-0.0179208,0.00711983,0.00489971,0.00690356,0.0241782,0.66319,-0.0316711
0.246214,0.742007,0.675996,0.0660105,0.00714052,0.00491284,0.00691592,0.0242614,0.664385,-0.0316197
0.252076,0.628741,0.677378,-0.0486366,0.00716134,0.00492605,0.00692833,0.0243453,0.665585,-0.0315684
0.257938,0.808199,0.678764,0.129435,0.00718229,0.00493934,0.00694079,0.0244297,0.666789,-0.0315171
0.263801,0.491416,0.680154,-0.188738,0.00720337,0.00495271,0.00695329,0.0245147,0.667996,-0.0314658
0.269663,0.694834,0.68155,0.0132839,0.00722458,0.00496616,0.00696583,0.0246003,0.669208,-0.0314146
0.275525,0.865783,0.68295,0.182833,0.00724592,0.00497969,0.00697842,0.0246865,0.670423,-0.0313634
0.281387,0.767456,0.684356,0.0831001,0.0072674,0.00499329,0.00699106,0.0247733,0.671643,-0.0313122
0.28725,0.789163,0.685766,0.103397,0.00728902,0.00500698,0.00700374,0.0248607,0.672866,-0.0312611
0.293112,0.771543,0.687181,0.0843622,0.00731078,0.00502076,0.00701646,0.0249487,0.674094,-0.03121
0.298974,0.996371,0.688601,0.30777,0.00733267,0.00503461,0.00702924,0.0250373,0.675326,-0.0311589
0.304836,0.891674,0.690026,0.201647,0.00735471,0.00504855,0.00704206,0.0251266,0.676562,-0.0311078
0.310699,0.914179,0.691456,0.222723,0.00737688,0.00506258,0.00705492,0.0252165,0.677802,-0.0310568
0.316561,0.725452,0.692891,0.032561,0.0073992,0.00507669,0.00706784,0.025307,0.679047,-0.0310058
0.322423,0.73083,0.694332,0.0364978,0.00742166,0.00509089,0.0070808,0.0253982,0.680295,-0.0309549
0.328285,0.682245,0.695777,-0.0135324,0.00744427,0.00510517,0.00709381,0.0254901,0.681548,-0.030904
0.334148,0.679343,0.697228,-0.0178843,0.00746703,0.00511955,0.00710686,0.0255826,0.682805,-0.0308531
0.34001,0.650005,0.698683,-0.0486785,0.00748994,0.00513401,0.00711997,0.0256757,0.684066,-0.0308023
0.345872,0.716618,0.700144,0.0164735,0.00751299,0.00514856,0.00713312,0.0257696,0.685331,-0.0307515
0.351734,0.639117,0.70161,-0.0624933,0.0075362,0.00516321,0.00714632,0.0258641,0.686601,-0.0307007
0.357596,0.781299,0.703082,0.0782167,0.00755957,0.00517794,0.00715957,0.0259594,0.687875,-0.0306499
0.363459,0.758965,0.704559,0.0544069,0.00758308,0.00519277,0.00717287,0.0260553,0.689154,-0.0305992
0.369321,0.80575,0.706041,0.0997091,0.00760676,0.00520769,0.00718622,0.026152,0.690436,-0.0305485
0.375183,0.691055,0.707528,-0.016473,0.00763059,0.00522271,0.00719961,0.0262493,0.691724,-0.0304979
0.381045,0.764234,0.709021,0.0552131,0.00765458,0.00523782,0.00721306,0.0263474,0.693015,-0.0304473
0.386908,0.984218,0.710519,0.273699,0.00767874,0.00525303,0.00722656,0.0264462,0.694311,-0.0303967
0.39277,0.903174,0.712023,0.191152,0.00770306,0.00526834,0.00724011,0.0265458,0.695611,-0.0303462
0.398632,0.851213,0.713532,0.137681,0.00772754,0.00528374,0.00725371,0.0266461,0.696916,-0.0302956
0.404494,0.861514,0.715046,0.146467,0.00775219,0.00529925,0.00726736,0.0267471,0.698226,-0.0302452
0.410357,0.904498,0.716567,0.187931,0.00777701,0.00531485,0.00728106,0.0268489,0.699539,-0.0301947
0.416219,0.927491,0.718092,0.209399,0.007802,0.00533056,0.00729482,0.0269515,0.700858,-0.0301443
0.422081,0.755013,0.719624,0.0353889,0.00782716,0.00534637,0.00730862,0.0270549,0.702181,-0.0300939
0.427943,0.716425,0.721161,-0.00473578,0.0078525,0.00536229,0.00732248,0.0271591,0.703508,-0.0300436
0.433806,0.771752,0.722704,0.0490482,0.00787801,0.0053783,0.00733639,0.027264,0.70484,-0.0299932
0.439668,0.90612,0.724252,0.181868,0.0079037,0.00539443,0.00735035,0.0273698,0.706177,-0.029943
0.44553,0.890916,0.725807,0.165109,0.00792957,0.00541066,0.00736437,0.0274764,0.707518,-0.0298927
0.451392,0.757917,0.727367,0.0305501,0.00795562,0.005427,0.00737844,0.0275838,0.708864,-0.0298425
0.457255,0.818496,0.728933,0.089563,0.00798185,0.00544345,0.00739257,0.0276921,0.710215,-0.0297923
0.463117,0.832917,0.730504,0.102412,0.00800828,0.00546001,0.00740674,0.0278012,0.71157,-0.0297421
0.468979,0.748214,0.732082,0.0161319,0.00803488,0.00547668,0.00742098,0.0279112,0.71293,-0.029692
0.474841,0.702886,0.733666,-0.0307799,0.00806168,0.00549346,0.00743526,0.028022,0.714295,-0.0296419
0.480703,0.574525,0.735255,-0.160731,0.00808867,0.00551036,0.0074496,0.0281337,0.715665,-0.0295919
0.486566,0.572039,0.736851,-0.164812,0.00811586,0.00552738,0.007464,0.0282463,0.717039,-0.0295419
0.492428,0.617805,0.738453,-0.120648,0.00814324,0.00554451,0.00747846,0.0283598,0.718419,-0.0294919
0.49829,0.886617,0.740061,0.146556,0.00817082,0.00556175,0.00749296,0.0284742,0.719803,-0.0294419
0.504152,0.824873,0.741675,0.0831982,0.0081986,0.00557912,0.00750753,0.0285895,0.721192,-0.029392
0.510015,0.890304,0.743295,0.14701,0.00822658,0.00559661,0.00752215,0.0287058,0.722586,-0.0293421
0.515877,0.835447,0.744921,0.0905264,0.00825477,0.00561422,0.00753683,0.028823,0.723985,-0.0292922
0.521739,0.779464,0.746554,0.0329103,0.00828316,0.00563195,0.00755157,0.0289412,0.725388,-0.0292424
0.527601,0.930567,0.748193,0.182375,0.00831177,0.00564981,0.00756636,0.0290603,0.726797,-0.0291926
0.533464,0.815275,0.749838,0.0654373,0.00834059,0.00566779,0.00758121,0.0291804,0.728211,-0.0291429
0.539326,0.871449,0.75149,0.119959,0.00836962,0.0056859,0.00759612,0.0293015,0.72963,-0.0290931
0.545188,0.837852,0.753148,0.0847041,0.00839887,0.00570414,0.00761109,0.0294236,0.731053,-0.0290435
0.55105,0.739824,0.754812,-0.0149884,0.00842834,0.00572251,0.00762612,0.0295467,0.732482,-0.0289938
0.556913,0.726907,0.756483,-0.0295766,0.00845803,0.00574102,0.0076412,0.0296708,0.733916,-0.0289442
0.562775,0.829104,0.758161,0.0709436,0.00848795,0.00575965,0.00765635,0.029796,0.735355,-0.0288946
0.568637,0.766522,0.759845,0.00667719,0.00851809,0.00577842,0.00767156,0.0299222,0.7368,-0.028845
0.574499,0.905647,0.761536,0.144111,0.00854847,0.00579733,0.00768682,0.0300495,0.738249,-0.0287955
0.580362,0.794279,0.763233,0.031046,0.00857908,0.00581637,0.00770215,0.0301779,0.739704,-0.028746
0.586224,0.857939,0.764937,0.0930015,0.00860992,0.00583555,0.00771754,0.0303073,0.741164,-0.0286965
0.592086,0.821457,0.766648,0.0548084,0.008641,0.00585488,0.00773299,0.0304379,0.742629,-0.0286471
0.597948,0.796531,0.768366,0.0281648,0.00867233,0.00587434,0.0077485,0.0305696,0.744099,-0.0285977
0.60381,0.844584,0.770091,0.0744935,0.00870389,0.00589396,0.00776408,0.0307025,0.745575,-0.0285483
0.609673,0.785961,0.771822,0.0141383,0.00873571,0.00591371,0.00777972,0.0308364,0.747056,-0.028499
0.615535,0.736826,0.773561,-0.0367351,0.00876777,0.00593362,0.00779542,0.0309716,0.748542,-0.0284497
0.621397,0.725601,0.775307,-0.0497055,0.00880009,0.00595368,0.00781118,0.0311079,0.750034,-0.0284005
0.627259,0.802873,0.777059,0.0258141,0.00883267,0.00597388,0.00782701,0.0312454,0.751531,-0.0283512
0.633122,0.82525,0.778819,0.0464311,0.0088655,0.00599424,0.0078429,0.0313842,0.753034,-0.028302
0.638984,0.927829,0.780586,0.147243,0.0088986,0.00601476,0.00785885,0.0315241,0.754542,-0.0282529
0.644846,0.879808,0.78236,0.0974481,0.00893197,0.00603543,0.00787487,0.0316653,0.756056,-0.0282037
0.650708,0.914171,0.784141,0.130029,0.0089656,0.00605626,0.00789096,0.0318078,0.757575,-0.0281546
0.656571,0.933319,0.78593,0.147389,0.00899951,0.00607726,0.00790711,0.0319516,0.7591,-0.0281056
0.662433,0.838506,0.787726,0.0507798,0.00903369,0.00609841,0.00792333,0.0320966,0.76063,-0.0280565
0.668295,0.928963,0.789529,0.139433,0.00906815,0.00611973,0.00793961,0.032243,0.762166,-0.0280075
0.674157,0.801364,0.79134,0.0100233,0.0091029,0.00614122,0.00795597,0.0323906,0.763708,-0.0279586
0.68002,0.641613,0.793159,-0.151545,0.00913793,0.00616288,0.00797239,0.0325397,0.765255,-0.0279096
0.685882,0.484565,0.794985,-0.31042,0.00917325,0.0061847,0.00798887,0.0326901,0.766809,-0.0278607
0.691744,0.705483,0.796818,-0.0913349,0.00920887,0.0062067,0.00800543,0.0328418,0.768367,-0.0278119
0.697606,0.895607,0.79866,0.0969478,0.00924478,0.00622888,0.00802205,0.032995,0.769932,-0.027763
0.703468,0.807675,0.800509,0.00716652,0.009281,0.00625123,0.00803874,0.0331496,0.771502,-0.0277142
0.709331,0.393846,0.802366,-0.408519,0.00931752,0.00627377,0.0080555,0.0333057,0.773078,-0.0276654
0.715193,0.832777,0.80423,0.0285465,0.00935435,0.00629648,0.00807233,0.0334632,0.774661,-0.0276167
0.721055,0.963402,0.806103,0.157299,0.0093915,0.00631938,0.00808924,0.0336222,0.776249,-0.027568
0.726917,0.796846,0.807983,-0.0111369,0.00942896,0.00634247,0.00810621,0.0337827,0.777842,-0.0275193
0.73278,0.864382,0.809872,0.0545102,0.00946675,0.00636575,0.00812325,0.0339448,0.779442,-0.0274707
0.738642,0.978017,0.811769,0.166248,0.00950486,0.00638922,0.00814037,0.0341083,0.781048,-0.0274221
0.744504,0.815702,0.813674,0.00202793,0.00954331,0.00641288,0.00815756,0.0342735,0.78266,-0.0273735
0.750366,0.768181,0.815587,-0.0474057,0.00958208,0.00643674,0.00817482,0.0344402,0.784278,-0.027325
0.756229,0.850401,0.817508,0.0328928,0.0096212,0.0064608,0.00819215,0.0346086,0.785902,-0.0272765
0.762091,0.926901,0.819438,0.107463,0.00966067,0.00648507,0.00820956,0.0347786,0.787532,-0.027228
0.767953,0.867122,0.821376,0.0457458,0.00970048,0.00650953,0.00822704,0.0349502,0.789168,-0.0271796
0.773815,0.894978,0.823322,0.0716552,0.00974064,0.00653421,0.00824459,0.0351236,0.790811,-0.0271311
0.779678,0.899132,0.825278,0.0738544,0.00978117,0.0065591,0.00826222,0.0352987,0.792459,-0.0270828
0.78554,0.911084,0.827241,0.0838431,0.00982206,0.0065842,0.00827993,0.0354754,0.794114,-0.0270344
0.791402,0.913196,0.829214,0.083982,0.00986331,0.00660951,0.00829771,0.035654,0.795775,-0.0269861
0.797264,0.788841,0.831195,-0.0423537,0.00990495,0.00663505,0.00831557,0.0358344,0.797443,-0.0269378
0.803127,0.65739,0.833185,-0.175795,0.00994696,0.0066608,0.0083335,0.0360165,0.799117,-0.0268896
0.808989,0.754791,0.835184,-0.080393,0.00998935,0.00668679,0.00835151,0.0362005,0.800797,-0.0268414
0.814851,0.7558,0.837192,-0.0813913,0.0100321,0.006713,0.0083696,0.0363864,0.802484,-0.0267932
0.820713,0.634905,0.839208,-0.204303,0.0100753,0.00673944,0.00838777,0.0365742,0.804177,-0.0267451
0.826575,0.928227,0.841234,0.0869922,0.0101189,0.00676612,0.00840602,0.0367639,0.805876,-0.026697
0.832438,0.818868,0.843269,-0.0244018,0.0101629,0.00679304,0.00842434,0.0369556,0.807582,-0.0266489
0.8383,0.943044,0.845314,0.0977301,0.0102073,0.0068202,0.00844275,0.0371492,0.809295,-0.0266008
0.844162,0.818805,0.847367,-0.0285625,0.0102521,0.0068476,0.00846124,0.0373449,0.811014,-0.0265528
0.850024,0.884963,0.849431,0.0355326,0.0102973,0.00687525,0.0084798,0.0375426,0.81274,-0.0265048
0.855887,0.909205,0.851503,0.057702,0.010343,0.00690316,0.00849845,0.0377425,0.814473,-0.0264569
0.861749,0.920323,0.853585,0.0667378,0.0103891,0.00693132,0.00851718,0.0379444,0.816212,-0.026409
0.867611,0.875587,0.855677,0.0199098,0.0104357,0.00695974,0.008536,0.0381485,0.817958,-0.0263611
0.873473,0.855597,0.857779,-0.00218154,0.0104827,0.00698842,0.00855489,0.0383547,0.819711,-0.0263132
0.879336,0.870792,0.85989,0.0109022,0.0105302,0.00701737,0.00857387,0.0385632,0.821471,-0.0262654
0.885198,1.14587,0.862011,0.283856,0.0105781,0.0070466,0.00859294,0.0387739,0.823237,-0.0262176
0.89106,1.09619,0.864142,0.232049,0.0106265,0.00707609,0.00861209,0.038987,0.825011,-0.0261699
0.896922,0.880709,0.866284,0.0144256,0.0106754,0.00710587,0.00863132,0.0392023,0.826791,-0.0261222
0.902785,0.87392,0.868435,0.00548472,0.0107247,0.00713593,0.00865064,0.0394201,0.828578,-0.0260745
0.908647,0.775685,0.870597,-0.0949119,0.0107746,0.00716628,0.00867005,0.0396402,0.830372,-0.0260268
0.914509,1.02103,0.872769,0.148266,0.0108249,0.00719692,0.00868954,0.0398628,0.832174,-0.0259792
0.920371,1.01483,0.874951,0.139883,0.0108758,0.00722786,0.00870912,0.0400878,0.833982,-0.0259316
0.926234,0.917934,0.877144,0.0407894,0.0109272,0.0072591,0.00872879,0.0403154,0.835798,-0.0258841
0.932096,0.801189,0.879348,-0.0781592,0.0109791,0.00729065,0.00874855,0.0405455,0.83762,-0.0258366
0.937958,0.77993,0.881562,-0.101632,0.0110315,0.0073225,0.0087684,0.0407783,0.83945,-0.0257891
0.94382,0.830828,0.883787,-0.0529588,0.0110845,0.00735468,0.00878834,0.0410137,0.841288,-0.0257416
0.949682,0.842874,0.886023,-0.0431493,0.011138,0.00738717,0.00880837,0.0412519,0.843132,-0.0256942
0.955545,0.859165,0.88827,-0.0291051,0.0111921,0.00741999,0.00882849,0.0414927,0.844984,-0.0256468
0.961407,0.878108,0.890528,-0.0124203,0.0112467,0.00745314,0.0088487,0.0417364,0.846843,-0.0255995
0.967269,0.791203,0.892798,-0.101595,0.011302,0.00748662,0.008869,0.0419829,0.848709,-0.0255521
0.973131,0.900387,0.895079,0.00530868,0.0113578,0.00752045,0.0088894,0.0422323,0.850583,-0.0255049
0.978994,0.909041,0.897371,0.0116706,0.0114142,0.00755463,0.00890989,0.0424847,0.852465,-0.0254576
0.984856,0.980557,0.899675,0.0808824,0.0114712,0.00758915,0.00893048,0.04274,0.854354,-0.0254104
0.990718,0.814191,0.90199,-0.0877988,0.0115288,0.00762404,0.00895116,0.0429984,0.856251,-0.0253632
0.99658,0.965443,0.904317,0.0611263,0.0115871,0.00765929,0.00897193,0.0432599,0.858155,-0.025316
1.00244,1.04138,0.906656,0.134727,0.011646,0.00769491,0.00899281,0.0435246,0.860067,-0.0252689
1.0083,0.998973,0.909007,0.0899661,0.0117055,0.00773091,0.00901378,0.0437925,0.861986,-0.0252218
1.01417,0.875648,0.91137,-0.0357224,0.0117657,0.00776729,0.00903484,0.0440637,0.863914,-0.0251748
1.02003,0.839509,0.913746,-0.0742371,0.0118266,0.00780406,0.00905601,0.0443381,0.865849,-0.0251277
1.02589,0.899453,0.916134,-0.0166806,0.0118881,0.00784123,0.00907727,0.044616,0.867792,-0.0250807
1.03175,0.959289,0.918534,0.0407552,0.0119503,0.0078788,0.00909864,0.0448974,0.869743,-0.0250338
1.03762,0.995364,0.920947,0.0744166,0.0120133,0.00791678,0.00912011,0.0451823,0.871702,-0.0249869
1.04348,0.966736,0.923373,0.0433632,0.0120769,0.00795518,0.00914167,0.0454707,0.873668,-0.02494
1.04934,0.795915,0.925812,-0.129897,0.0121413,0.007994,0.00916334,0.0457629,0.875643,-0.0248931
1.0552,0.875898,0.928263,-0.0523657,0.0122064,0.00803325,0.00918511,0.0460587,0.877626,-0.0248463
1.06106,0.926657,0.930728,-0.00407124,0.0122723,0.00807294,0.00920699,0.0463583,0.879617,-0.0247995
1.06693,0.89549,0.933207,-0.0377161,0.0123389,0.00811308,0.00922897,0.0466619,0.881616,-0.0247527
1.07279,0.976995,0.935698,0.0412972,0.0124063,0.00815367,0.00925105,0.0469693,0.883624,-0.024706
1.07865,1.07064,0.938204,0.132432,0.0124746,0.00819473,0.00927324,0.0472808,0.88564,-0.0246593
1.08451,0.882697,0.940723,-0.0580254,0.0125436,0.00823625,0.00929554,0.0475964,0.887664,-0.0246126
1.09038,0.988177,0.943256,0.0449211,0.0126134,0.00827826,0.00931794,0.0479162,0.889696,-0.024566
1.09624,0.894305,0.945803,-0.0514981,0.0126841,0.00832075,0.00934045,0.0482402,0.891737,-0.0245194
1.1021,0.858814,0.948364,-0.0895502,0.0127557,0.00836375,0.00936307,0.0485686,0.893786,-0.0244728
1.10796,0.911228,0.95094,-0.0397113,0.0128281,0.00840725,0.0093858,0.0489014,0.895843,-0.0244263
1.11383,1.13422,0.95353,0.180686,0.0129014,0.00845126,0.00940864,0.0492387,0.89791,-0.0243798
1.11969,1.0802,0.956135,0.124061,0.0129756,0.00849581,0.00943159,0.0495806,0.899985,-0.0243333
1.12555,0.989389,0.958755,0.0306344,0.0130507,0.00854088,0.00945465,0.0499273,0.902068,-0.0242869
1.13141,1.09573,0.96139,0.134339,0.0131268,0.00858651,0.00947783,0.0502788,0.90416,-0.0242405
1.13727,1.02687,0.96404,0.0628342,0.0132038,0.00863269,0.00950112,0.0506352,0.906261,-0.0241941
1.14314,1.04311,0.966706,0.0764045,0.0132818,0.00867944,0.00952452,0.0509965,0.908371,-0.0241478
1.149,0.906687,0.969387,-0.0626999,0.0133608,0.00872676,0.00954804,0.051363,0.91049,-0.0241015
1.15486,0.870287,0.972084,-0.101797,0.0134408,0.00877468,0.00957167,0.0517348,0.912617,-0.0240552
1.16072,0.815953,0.974797,-0.158844,0.0135218,0.00882319,0.00959542,0.0521118,0.914754,-0.024009
1.16659,1.03002,0.977526,0.0524982,0.0136039,0.00887232,0.00961929,0.0524943,0.916899,-0.0239628
1.17245,0.874943,0.980272,-0.10533,0.0136871,0.00892208,0.00964328,0.0528824,0.919054,-0.0239166
1.17831,1.09818,0.983035,0.115145,0.0137713,0.00897247,0.00966739,0.0532761,0.921218,-0.0238705
1.18417,0.90097,0.985814,-0.0848443,0.0138567,0.00902351,0.00969162,0.0536757,0.923391,-0.0238244
1.19003,0.973825,0.98861,-0.0147854,0.0139432,0.00907522,0.00971597,0.0540812,0.925573,-0.0237783
1.1959,1.01897,0.991424,0.0275482,0.0140309,0.0091276,0.00974044,0.0544927,0.927765,-0.0237323
1.20176,0.902456,0.994255,-0.0917991,0.0141198,0.00918067,0.00976503,0.0549105,0.929965,-0.0236863
1.20762,0.78875,0.997104,-0.208354,0.0142099,0.00923445,0.00978975,0.0553346,0.932176,-0.0236403
1.21348,0.897586,0.999971,-0.102385,0.0143012,0.00928895,0.00981459,0.0557652,0.934395,-0.0235944
1.21935,1.13647,1.00286,0.133617,0.0143938,0.00934419,0.00983956,0.0562025,0.936625,-0.0235485
1.22521,1.19312,1.00576,0.187359,0.0144877,0.00940018,0.00986466,0.0566465,0.938863,-0.0235026
1.23107,0.951226,1.00868,-0.0574565,0.0145828,0.00945693,0.00988989,0.0570975,0.941112,-0.0234568
1.23693,1.0095,1.01162,-0.00211996,0.0146794,0.00951447,0.00991524,0.0575555,0.94337,-0.0234109
1.24279,1.00363,1.01458,-0.0109507,0.0147773,0.0095728,0.00994072,0.0580209,0.945638,-0.0233652
1.24866,1.13492,1.01756,0.117359,0.0148766,0.00963196,0.00996634,0.0584937,0.947916,-0.0233194
1.25452,1.1026,1.02057,0.0820331,0.0149774,0.00969195,0.00999209,0.0589741,0.950203,-0.0232737
1.26038,0.974689,1.02359,-0.0488967,0.0150796,0.0097528,0.010018,0.0594623,0.952501,-0.023228
1.26624,1.24057,1.02663,0.213945,0.0151833,0.00981452,0.010044,0.0599585,0.954808,-0.0231824
1.27211,1.1822,1.02969,0.152509,0.0152886,0.00987714,0.0100701,0.0604629,0.957126,-0.0231368
1.27797,1.01334,1.03277,-0.0194323,0.0153954,0.00994066,0.0100964,0.0609758,0.959454,-0.0230912
1.28383,1.1574,1.03587,0.121527,0.0155039,0.0100051,0.0101228,0.0614972,0.961792,-0.0230457
1.28969,1.16878,1.039,0.129775,0.0156139,0.0100705,0.0101494,0.0620274,0.96414,-0.0230002
1.29555,1.21303,1.04215,0.170882,0.0157257,0.0101369,0.0101761,0.0625666,0.966498,-0.0229547
1.30142,0.998678,1.04532,-0.046641,0.0158392,0.0102043,0.0102029,0.0631151,0.968867,-0.0229092
1.30728,1.06469,1.04851,0.0161784,0.0159544,0.0102728,0.0102299,0.0636732,0.971246,-0.0228638
1.31314,1.00482,1.05173,-0.0469098,0.0160714,0.0103422,0.010257,0.0642409,0.973636,-0.0228185
1.319,1.03808,1.05497,-0.0168904,0.0161903,0.0104128,0.0102843,0.0648187,0.976037,-0.0227731
1.32487,1.04651,1.05823,-0.0117279,0.0163111,0.0104844,0.0103117,0.0654067,0.978448,-0.0227278
1.33073,1.11067,1.06152,0.0491497,0.0164338,0.0105572,0.0103393,0.0660053,0.980869,-0.0226825
1.33659,0.996405,1.06484,-0.0684305,0.0165584,0.0106311,0.010367,0.0666147,0.983302,-0.0226373
1.34245,1.15942,1.06817,0.0912489,0.0166851,0.0107062,0.0103948,0.0672352,0.985745,-0.022592
1.34831,1.07058,1.07154,-0.000958799,0.0168139,0.0107826,0.0104228,0.067867,0.988199,-0.0225469
1.35418,1.12663,1.07493,0.0517022,0.0169448,0.0108601,0.010451,0.0685107,0.990664,-0.0225017
1.36004,1.09708,1.07835,0.0187306,0.0170779,0.010939,0.0104793,0.0691663,0.993141,-0.0224566
1.3659,1.12897,1.08179,0.0471774,0.0172133,0.0110191,0.0105078,0.0698344,0.995628,-0.0224115
1.37176,1.18498,1.08526,0.0997157,0.0173509,0.0111006,0.0105364,0.0705151,0.998127,-0.0223665
1.37763,1.09688,1.08876,0.00811848,0.0174909,0.0111835,0.0105651,0.071209,1.00064,-0.0223215
1.38349,1.19221,1.09229,0.099921,0.0176333,0.0112678,0.0105941,0.0719163,1.00316,-0.0222765
1.38935,1.09783,1.09585,0.00197477,0.0177782,0.0113535,0.0106231,0.0726374,1.00569,-0.0222315
1.39521,1.15084,1.09944,0.0514045,0.0179256,0.0114407,0.0106524,0.0733729,1.00823,-0.0221866
1.40107,1.12059,1.10306,0.0175288,0.0180757,0.0115295,0.0106818,0.0741229,1.01079,-0.0221417
1.40694,1.05857,1.10671,-0.0481365,0.0182284,0.0116198,0.0107114,0.0748881,1.01336,-0.0220969
1.4128,0.89206,1.11039,-0.218329,0.0183839,0.0117117,0.0107411,0.0756689,1.01594,-0.022052
1.41866,0.981721,1.1141,-0.132382,0.0185422,0.0118053,0.010771,0.0764657,1.01853,-0.0220073
1.42452,1.02577,1.11785,-0.0920757,0.0187035,0.0119006,0.0108011,0.077279,1.02113,-0.0219625
1.43039,1.05842,1.12163,-0.0632106,0.0188677,0.0119977,0.0108313,0.0781093,1.02374,-0.0219178
1.43625,1.24003,1.12545,0.114581,0.019035,0.0120965,0.0108617,0.0789571,1.02637,-0.0218731
1.44211,1.08018,1.1293,-0.0491207,0.0192055,0.0121972,0.0108922,0.0798231,1.02901,-0.0218284
1.44797,1.18745,1.13318,0.0542677,0.0193792,0.0122998,0.010923,0.0807078,1.03166,-0.0217838
1.45383,1.41743,1.13711,0.280325,0.0195563,0.0124044,0.0109539,0.0816117,1.03432,-0.0217392
1.4597,1.14885,1.14107,0.00777715,0.0197368,0.012511,0.010985,0.0825356,1.037,-0.0216947
1.46556,1.20042,1.14507,0.0553461,0.0199208,0.0126197,0.0110163,0.08348,1.03968,-0.0216502
1.47142,1.24814,1.14911,0.0990254,0.0201086,0.0127305,0.0110477,0.0844456,1.04238,-0.0216057
1.47728,1.19844,1.15319,0.0452479,0.0203,0.0128436,0.0110793,0.0854332,1.0451,-0.0215612
1.48315,1.19909,1.15731,0.0417753,0.0204954,0.0129589,0.0111111,0.0864435,1.04782,-0.0215168
1.48901,1.25092,1.16148,0.0894425,0.0206948,0.0130766,0.0111431,0.0874772,1.05056,-0.0214724
1.49487,1.43805,1.16569,0.272359,0.0208982,0.0131967,0.0111753,0.0885352,1.05331,-0.021428
1.50073,1.19703,1.16994,0.0270904,0.021106,0.0133193,0.0112076,0.0896183,1.05607,-0.0213837
1.5066,1.24353,1.17424,0.0692841,0.0213181,0.0134445,0.0112402,0.0907274,1.05885,-0.0213394
1.51246,1.2298,1.17859,0.0512122,0.0215347,0.0135723,0.0112729,0.0918634,1.06164,-0.0212952
1.51832,1.41335,1.18298,0.230363,0.021756,0.013703,0.0113058,0.0930273,1.06444,-0.0212509
1.52418,1.41657,1.18743,0.229141,0.0219821,0.0138364,0.0113389,0.0942201,1.06726,-0.0212067
1.53004,1.46048,1.19193,0.268558,0.0222132,0.0139728,0.0113723,0.0954429,1.07009,-0.0211626
1.53591,1.34423,1.19648,0.147757,0.0224494,0.0141122,0.0114058,0.0966968,1.07293,-0.0211184
1.54177,1.29616,1.20108,0.0950807,0.0226909,0.0142548,0.0114395,0.0979829,1.07579,-0.0210743
1.54763,1.25152,1.20574,0.0457796,0.022938,0.0144006,0.0114734,0.0993025,1.07866,-0.0210303
1.55349,1.20208,1.21046,-0.00837832,0.0231907,0.0145498,0.0115075,0.100657,1.08154,-0.0209863
1.55936,1.15073,1.21524,-0.064504,0.0234493,0.0147025,0.0115418,0.102047,1.08444,-0.0209423
1.56522,1.24769,1.22008,0.0276126,0.0237139,0.0148588,0.0115763,0.103475,1.08735,-0.0208983
1.57108,1.31939,1.22498,0.0944131,0.0239849,0.0150188,0.011611,0.104943,1.09027,-0.0208544
1.57694,1.30098,1.22994,0.0710323,0.0242624,0.0151828,0.0116459,0.10645,1.09321,-0.0208105
1.5828,1.11977,1.23498,-0.115206,0.0245467,0.0153507,0.011681,0.108,1.09617,-0.0207666
1.58867,1.26788,1.24008,0.0277916,0.0248379,0.0155228,0.0117164,0.109595,1.09913,-0.0207228
1.59453,1.52888,1.24526,0.283624,0.0251365,0.0156992,0.0117519,0.111235,1.10212,-0.020679
1.60039,1.34016,1.25051,0.0896481,0.0254425,0.0158802,0.0117877,0.112923,1.10511,-0.0206352
1.60625,1.19264,1.25584,-0.0632023,0.0257564,0.0160658,0.0118237,0.114661,1.10812,-0.0205915
1.61212,1.37803,1.26125,0.11678,0.0260785,0.0162562,0.0118599,0.116451,1.11115,-0.0205478
1.61798,1.21707,1.26674,-0.0496707,0.026409,0.0164518,0.0118963,0.118295,1.11419,-0.0205041
1.62384,1.28075,1.27232,0.00843364,0.0267482,0.0166525,0.011933,0.120197,1.11725,-0.0204605
1.6297,1.31904,1.27798,0.0410622,0.0270966,0.0168588,0.0119699,0.122158,1.12032,-0.0204169
1.63556,1.25532,1.28374,-0.0284198,0.0274544,0.0170707,0.012007,0.124181,1.1234,-0.0203733
1.64143,1.20281,1.2896,-0.0867817,0.0278222,0.0172886,0.0120443,0.126269,1.1265,-0.0203298
1.64729,1.30707,1.29555,0.0115218,0.0282002,0.0175126,0.0120819,0.128426,1.12962,-0.0202863
1.65315,1.20528,1.30161,-0.0963321,0.0285889,0.0177432,0.0121197,0.130654,1.13275,-0.0202428
1.65901,1.32498,1.30778,0.017198,0.0289889,0.0179804,0.0121577,0.132958,1.13589,-0.0201994
1.66488,1.37497,1.31406,0.0609058,0.0294004,0.0182247,0.012196,0.13534,1.13906,-0.020156
1.67074,1.24039,1.32046,-0.0800697,0.0298241,0.0184763,0.0122345,0.137805,1.14223,-0.0201126
1.6766,1.38099,1.32698,0.0540111,0.0302606,0.0187357,0.0122733,0.140357,1.14543,-0.0200692
1.68246,1.23767,1.33364,-0.0959659,0.0307103,0.019003,0.0123123,0.143,1.14864,-0.0200259
1.68832,1.34214,1.34042,0.0017178,0.0311738,0.0192788,0.0123515,0.145741,1.15186,-0.0199827
1.69419,1.28576,1.34735,-0.0615966,0.0316519,0.0195634,0.012391,0.148582,1.1551,-0.0199394
1.70005,1.22785,1.35443,-0.126574,0.0321451,0.0198573,0.0124308,0.151531,1.15836,-0.0198962
1.70591,1.28247,1.36166,-0.0791875,0.0326543,0.0201609,0.0124708,0.154593,1.16163,-0.0198531
1.71177,1.367,1.36906,-0.0020532,0.0331801,0.0204746,0.012511,0.157775,1.16493,-0.0198099
1.71764,1.45082,1.37662,0.0741991,0.0337234,0.020799,0.0125516,0.161083,1.16823,-0.0197668
1.7235,1.4712,1.38437,0.086829,0.034285,0.0211347,0.0125924,0.164525,1.17156,-0.0197237
1.72936,1.34176,1.39231,-0.0505488,0.0348659,0.0214823,0.0126334,0.168109,1.1749,-0.0196807
1.73522,1.38036,1.40044,-0.02008,0.0354671,0.0218422,0.0126747,0.171843,1.17825,-0.0196377
1.74108,1.15636,1.40879,-0.252428,0.0360895,0.0222154,0.0127163,0.175737,1.18163,-0.0195947
1.74695,1.4237,1.41737,0.00633005,0.0367344,0.0226023,0.0127582,0.179801,1.18502,-0.0195518
1.75281,1.43139,1.42617,0.00521594,0.0374029,0.023004,0.0128003,0.184045,1.18843,-0.0195089
1.75867,1.42537,1.43523,-0.00986696,0.0380963,0.023421,0.0128427,0.188483,1.19186,-0.019466
1.76453,1.41776,1.44456,-0.0267977,0.038816,0.0238544,0.0128854,0.193125,1.1953,-0.0194231
1.7704,1.26666,1.45417,-0.187505,0.0395635,0.0243052,0.0129284,0.197987,1.19876,-0.0193803
1.77626,1.43898,1.46407,-0.0250953,0.0403403,0.0247742,0.0129717,0.203083,1.20224,-0.0193375
1.78212,1.48188,1.4743,0.00757315,0.0411482,0.0252628,0.0130152,0.208431,1.20574,-0.0192948
1.78798,1.47982,1.48487,-0.00504991,0.0419891,0.025772,0.0130591,0.214048,1.20926,-0.0192521
1.79384,1.59244,1.49581,0.0966336,0.0428648,0.0263031,0.0131032,0.219955,1.21279,-0.0192094
1.79971,1.5216,1.50713,0.0144693,0.0437776,0.0268577,0.0131477,0.226173,1.21634,-0.0191668
1.80557,1.47161,1.51887,-0.0472609,0.0447297,0.0274372,0.0131924,0.232726,1.21991,-0.0191241
1.81143,1.62317,1.53107,0.0921054,0.0457238,0.0280433,0.0132375,0.239642,1.2235,-0.0190816
1.81729,1.54633,1.54374,0.00259037,0.0467624,0.0286779,0.0132828,0.246949,1.22711,-0.019039
1.82316,1.47236,1.55694,-0.0845853,0.0478486,0.0293428,0.0133285,0.25468,1.23074,-0.0189965
1.82902,1.33175,1.5707,-0.238949,0.0489857,0.0300403,0.0133744,0.262871,1.23438,-0.018954
1.83488,1.46444,1.58507,-0.120632,0.050177,0.0307728,0.0134207,0.271562,1.23805,-0.0189116
1.84074,1.51726,1.6001,-0.0828437,0.0514265,0.0315428,0.0134674,0.280798,1.24173,-0.0188692
1.8466,1.47889,1.61585,-0.136955,0.0527383,0.0323533,0.0135143,0.29063,1.24544,-0.0188268
1.85247,1.62582,1.63237,-0.00655778,0.054117,0.0332073,0.0135615,0.301113,1.24916,-0.0187844
1.85833,1.48039,1.64976,-0.169371,0.0555677,0.0341083,0.0136091,0.31231,1.2529,-0.0187421
1.86419,1.59627,1.66807,-0.0718068,0.0570959,0.0350602,0.0136571,0.324294,1.25667,-0.0186998
1.87005,1.65736,1.68742,-0.0300614,0.0587077,0.0360673,0.0137053,0.337145,1.26045,-0.0186576
1.87592,1.77967,1.70789,0.0717842,0.0604098,0.0371342,0.0137539,0.350955,1.26425,-0.0186154
1.88178,1.7339,1.72961,0.00428982,0.0622098,0.0382662,0.0138029,0.365828,1.26808,-0.0185732
1.88764,1.70957,1.75271,-0.0431436,0.0641159,0.0394693,0.0138522,0.381886,1.27192,-0.018531
1.8935,1.84195,1.77735,0.0646004,0.0661372,0.0407499,0.0139018,0.399266,1.27579,-0.0184889
1.89936,1.93396,1.8037,0.130254,0.0682841,0.0421155,0.0139518,0.418127,1.27967,-0.0184468
1.90523,1.87102,1.83197,0.0390467,0.0705681,0.0435744,0.0140022,0.438655,1.28358,-0.0184048
1.91109,1.76604,1.8624,-0.0963563,0.073002,0.0451361,0.0140529,0.461065,1.28751,-0.0183627
1.91695,1.88444,1.89526,-0.0108192,0.0756002,0.0468111,0.014104,0.48561,1.29145,-0.0183207
1.92281,1.78589,1.93088,-0.144992,0.0783791,0.0486117,0.0141555,0.512589,1.29542,-0.0182788
1.92868,2.01381,1.96965,0.0441613,0.0813571,0.0505516,0.0142073,0.542354,1.29942,-0.0182369
1.93454,2.0108,2.01203,-0.00122316,0.0845553,0.0526468,0.0142595,0.575328,1.30343,-0.018195
1.9404,1.92834,2.05856,-0.13022,0.0879974,0.0549155,0.0143121,0.612019,1.30747,-0.0181531
1.94626,2.20031,2.10991,0.0904047,0.0917109,0.057379,0.0143651,0.65304,1.31152,-0.0181113
1.95213,2.00599,2.16688,-0.160892,0.0957271,0.0600618,0.0144185,0.699142,1.3156,-0.0180695
1.95799,2.2224,2.23047,-0.00807617,0.100082,0.0629927,0.0144722,0.751249,1.31971,-0.0180278
1.96385,2.20099,2.30191,-0.100912,0.104818,0.0662053,0.0145264,0.81051,1.32383,-0.017986
1.96971,2.23057,2.38271,-0.152144,0.109984,0.0697395,0.014581,0.878372,1.32798,-0.0179443
1.97557,2.20034,2.47483,-0.274491,0.115637,0.0736427,0.014636,0.956673,1.33215,-0.0179027
1.98144,2.22114,2.58077,-0.359627,0.121845,0.0779715,0.0146914,1.04778,1.33634,-0.0178611
1.9873,2.51167,2.70375,-0.192081,0.128686,0.0827941,0.0147472,1.15479,1.34056,-0.0178195
1.99316,2.57512,2.84808,-0.272957,0.136257,0.0881934,0.0148034,1.2818,1.3448,-0.0177779
1.99902,2.89763,3.01951,-0.121873,0.144671,0.0942708,0.0148601,1.43437,1.34907,-0.0177364
2.00489,3.02414,3.22595,-0.201807,0.154067,0.101152,0.0149172,1.62016,1.35335,-0.0176949
2.01075,3.2621,3.47853,-0.216435,0.164612,0.108993,0.0149747,1.84994,1.35767,-0.0176534
2.01661,3.68763,3.79326,-0.105636,0.176514,0.117991,0.0150327,2.13934,1.362,-0.017612
2.02247,3.73564,4.19396,-0.458327,0.190028,0.128399,0.0150911,2.51165,1.36636,-0.0175706
2.02833,4.26656,4.71728,-0.450721,0.205476,0.140543,0.01515,3.00289,1.37075,-0.0175292
2.0342,4.84203,5.42202,-0.579992,0.223266,0.15485,0.0152094,3.67103,1.37516,-0.0174879
2.04006,5.78445,6.40742,-0.622968,0.243923,0.171894,0.0152692,4.61419,1.37959,-0.0174466
2.04592,6.97479,7.85115,-0.876362,0.268127,0.192451,0.0153294,6.0086,1.38406,-0.0174053
2.05178,8.8731,10.0953,-1.22224,0.296781,0.2176,0.0153902,8.19439,1.38854,-0.0173641
2.05765,12.2626,13.8581,-1.5955,0.331098,0.248876,0.0154514,11.887,1.39305,-0.0173229
2.06351,19.6019,20.7965,-1.1946,0.372743,0.28852,0.0155131,18.7394,1.39759,-0.0172818
2.06937,36.5421,34.9462,1.59589,0.424049,0.339913,0.0155753,32.7818,1.40215,-0.0172406
2.07523,68.5571,63.2185,5.3386,0.488373,0.408344,0.015638,60.9166,1.40674,-0.0171995
2.08109,85.0676,85.1602,-0.0925212,0.570687,0.502461,0.0157012,82.6771,1.41136,-0.0171585
2.08696,53.8469,56.2103,-2.36338,0.678602,0.637165,0.015765,53.4799,1.416,-0.0171174
2.09282,26.6439,29.6994,-3.05546,0.824254,0.839811,0.0158292,26.6159,1.42067,-0.0170764
2.09868,14.5268,17.8435,-3.31671,1.02792,1.1646,0.0158939,14.2267,1.42537,-0.0170355
2.10454,10.0554,12.9073,-2.85188,1.32548,1.72906,0.0159592,8.42372,1.4301,-0.0169945
2.11041,8.88036,11.4352,-2.55483,1.78495,2.8122,0.016025,5.40411,1.43485,-0.0169536
2.11627,9.80679,12.7405,-2.93372,2.54633,5.0779,0.0160914,3.67748,1.43963,-0.0169128
2.12213,13.8298,17.0942,-3.26432,3.9262,9.11014,0.0161583,2.6141,1.44443,-0.0168719
2.12799,20.9254,19.8191,1.10628,6.69516,9.75502,0.0162258,1.92023,1.44927,-0.0168311
2.13385,23.9456,20.7597,3.18588,12.447,5.41271,0.0162938,1.44637,1.45413,-0.0167903
2.13972,23.9521,24.6002,-0.64812,19.3094,2.72141,0.0163624,1.1107,1.45903,-0.0167496
2.14558,20.9411,18.4416,2.49943,14.6045,1.50777,0.0164315,0.865734,1.46395,-0.0167089
2.15144,12.4327,10.4301,2.0026,7.35864,0.920287,0.0165013,0.682483,1.4689,-0.0166682
2.1573,6.72334,6.46047,0.262863,3.8397,0.604424,0.0165716,0.542529,1.47388,-0.0166276
2.16317,4.31488,4.55621,-0.241333,2.22448,0.41904,0.0166426,0.433744,1.47889,-0.016587
2.16903,3.14436,3.53914,-0.394779,1.40461,0.302533,0.0167141,0.347903,1.48393,-0.0165464
2.17489,2.49331,2.93908,-0.445766,0.945222,0.225297,0.0167863,0.279277,1.489,-0.0165059
2.18075,2.41594,2.5569,-0.140968,0.666739,0.171881,0.016859,0.223788,1.4941,-0.0164654
2.18661,2.2156,2.29913,-0.0835244,0.487259,0.133655,0.0169325,0.178473,1.49923,-0.0164249
2.19248,2.02978,2.11757,-0.0877928,0.365884,0.105524,0.0170065,0.141144,1.5044,-0.0163845
2.19834,1.76923,1.9854,-0.216172,0.280588,0.0843341,0.0170812,0.110155,1.50959,-0.0163441
2.2042,1.75321,1.88672,-0.133511,0.218744,0.068057,0.0171565,0.0842527,1.51482,-0.0163037
2.21006,1.78169,1.81159,-0.0298948,0.172733,0.0553434,0.0172325,0.062472,1.52007,-0.0162633
2.21593,1.50773,1.75353,-0.245802,0.137756,0.04527,0.0173092,0.0440585,1.52536,-0.016223
2.22179,1.65644,1.70817,-0.0517238,0.110676,0.037189,0.0173866,0.0284178,1.53068,-0.0161828
2.22765,1.65725,1.67245,-0.0152025,0.0893813,0.030636,0.0174646,0.0150766,1.53603,-0.0161425
2.23351,1.77912,1.6442,0.134919,0.0724083,0.0252718,0.0175434,0.00365508,1.54142,-0.0161023
2.23937,1.54456,1.62181,-0.077249,0.0587211,0.0208443,0.0176228,-0.0061545,1.54684,-0.0160621
2.24524,1.7319,1.6041,0.127792,0.0475703,0.0171631,0.017703,-0.014603,1.55229,-0.016022
2.2511,1.61527,1.59017,0.0250959,0.0384041,0.0140827,0.0177839,-0.0218965,1.55778,-0.0159819
2.25696,1.604,1.57932,0.0246829,0.0308096,0.0114904,0.0178655,-0.0282051,1.5633,-0.0159418
2.26282,1.64464,1.571,0.0736364,0.0244732,0.00929801,0.0179479,-0.0336705,1.56886,-0.0159017
2.26869,1.79321,1.56479,0.228418,0.0191539,0.00743574,0.018031,-0.0384109,1.57444,-0.0158617
2.27455,1.71424,1.56035,0.153897,0.014664,0.00584786,0.0181149,-0.0425258,1.58007,-0.0158218
2.28041,1.77216,1.55739,0.214764,0.0108558,0.0044895,0.0181996,-0.046099,1.58573,-0.0157818
2.28627,1.61993,1.5557,0.0642266,0.00761212,0.00332426,0.0182851,-0.0492018,1.59142,-0.0157419
2.29213,1.63683,1.55509,0.0817397,0.004839,0.00232237,0.0183713,-0.0518948,1.59715,-0.015702
2.298,1.66098,1.55541,0.10557,0.00246049,0.00145935,0.0184584,-0.0542298,1.60292,-0.0156622
2.30386,1.4595,1.55652,-0.0970296,0.000414771,0.000714913,0.0185463,-0.0562513,1.60872,-0.0156223
2.30972,1.5511,1.55834,-0.00723812,-0.00134885,7.21788e-05,0.0186351,-0.0579976,1.61456,-0.0155826
2.31558,1.57934,1.56076,0.0185717,-0.00287219,-0.000482997,0.0187246,-0.0595018,1.62044,-0.0155428
2.32145,1.62627,1.56372,0.0625481,-0.00418998,-0.000962513,0.0188151,-0.0607927,1.62635,-0.0155031
2.32731,1.74302,1.56715,0.175872,-0.00533121,-0.00137643,0.0189064,-0.061895,1.6323,-0.0154634
2.33317,1.69183,1.57099,0.12084,-0.0063202,-0.00173329,0.0189986,-0.0628308,1.63829,-0.0154238
2.33903,1.64364,1.57519,0.0684454,-0.00717748,-0.00204039,0.0190917,-0.0636188,1.64432,-0.0153841
2.34489,1.61569,1.57973,0.0359617,-0.00792043,-0.00230396,0.0191857,-0.0642759,1.65039,-0.0153446
2.35076,1.60816,1.58456,0.023599,-0.00856383,-0.00252935,0.0192806,-0.0648166,1.6565,-0.015305
2.35662,1.47294,1.58966,-0.116722,-0.00912033,-0.0027212,0.0193764,-0.0652538,1.66264,-0.0152655
2.36248,1.54641,1.59499,-0.0485774,-0.00960075,-0.00288349,0.0194732,-0.065599,1.66883,-0.015226
2.36834,1.50897,1.60054,-0.0915665,-0.0100144,-0.0030197,0.019571,-0.0658621,1.67505,-0.0151866
2.37421,1.45717,1.60629,-0.149119,-0.0103694,-0.00313284,0.0196697,-0.066052,1.68132,-0.0151471
2.38007,1.67183,1.61221,0.0596186,-0.0106726,-0.00322555,0.0197695,-0.0661768,1.68763,-0.0151078
2.38593,1.55566,1.6183,-0.062637,-0.0109302,-0.00330012,0.0198702,-0.0662433,1.69397,-0.0150684
2.39179,1.51634,1.62454,-0.108204,-0.0111474,-0.00335858,0.019972,-0.0662578,1.70036,-0.0150291
2.39766,1.44983,1.63092,-0.18109,-0.0113288,-0.0034027,0.0200748,-0.0662259,1.7068,-0.0149898
2.40352,1.70194,1.63743,0.0645064,-0.0114785,-0.00343404,0.0201786,-0.0661527,1.71327,-0.0149505
2.40938,1.80768,1.64406,0.163622,-0.0116,-0.00345399,0.0202835,-0.0660424,1.71979,-0.0149113
2.41524,1.74717,1.6508,0.0963699,-0.0116964,-0.00346377,0.0203896,-0.0658992,1.72635,-0.0148721
2.4211,1.66647,1.65765,0.00882138,-0.0117704,-0.00346445,0.0204967,-0.0657266,1.73295,-0.014833
2.42697,1.72687,1.6646,0.0622697,-0.0118246,-0.003457,0.0206049,-0.0655278,1.7396,-0.0147938
2.43283,1.75062,1.67164,0.078975,-0.0118611,-0.00344227,0.0207143,-0.0653057,1.74629,-0.0147548
2.43869,1.72211,1.67877,0.0433357,-0.0118817,-0.00342102,0.0208248,-0.0650628,1.75303,-0.0147157
2.44455,1.73545,1.68598,0.0494611,-0.0118882,-0.00339393,0.0209365,-0.0648016,1.75981,-0.0146767
2.45042,1.56009,1.69328,-0.13319,-0.011882,-0.0033616,0.0210494,-0.0645241,1.76664,-0.0146377
2.45628,1.68592,1.70065,-0.0147328,-0.0118646,-0.00332457,0.0211635,-0.0642322,1.77351,-0.0145987
2.46214,1.67447,1.7081,-0.0336339,-0.0118371,-0.00328334,0.0212788,-0.0639276,1.78043,-0.0145598
2.468,1.69747,1.71562,-0.0181533,-0.0118006,-0.00323832,0.0213954,-0.0636119,1.7874,-0.0145209
2.47386,1.7193,1.72321,-0.00391259,-0.011756,-0.00318991,0.0215132,-0.0632864,1.79441,-0.014482
2.47973,1.60949,1.73087,-0.121384,-0.0117043,-0.00313847,0.0216324,-0.0629524,1.80148,-0.0144432
2.48559,1.73865,1.73859,5.57875e-05,-0.0116461,-0.0030843,0.0217528,-0.0626111,1.80859,-0.0144044
2.49145,1.8184,1.74638,0.0720227,-0.0115822,-0.00302768,0.0218746,-0.0622635,1.81575,-0.0143657
2.49731,1.58162,1.75423,-0.172613,-0.0115133,-0.00296888,0.0219978,-0.0619106,1.82295,-0.0143269
2.50318,1.57699,1.76215,-0.185152,-0.0114398,-0.00290812,0.0221223,-0.0615531,1.83021,-0.0142882
2.50904,1.86413,1.77012,0.0940057,-0.0113622,-0.0028456,0.0222482,-0.0611918,1.83752,-0.0142496
2.5149,1.67623,1.77816,-0.101921,-0.0112811,-0.00278152,0.0223756,-0.0608275,1.84488,-0.0142109
2.52076,1.83658,1.78625,0.0503296,-0.0111968,-0.00271604,0.0225044,-0.0604607,1.85229,-0.0141723
2.52662,1.90513,1.7944,0.110731,-0.0111098,-0.00264931,0.0226346,-0.060092,1.85975,-0.0141338
2.53249,2.02552,1.80262,0.222908,-0.0110203,-0.00258147,0.0227664,-0.059722,1.86727,-0.0140952
2.53835,1.86118,1.81089,0.0502967,-0.0109286,-0.00251264,0.0228997,-0.0593511,1.87484,-0.0140568
2.54421,1.77474,1.81921,-0.0444708,-0.010835,-0.00244293,0.0230346,-0.0589798,1.88246,-0.0140183
2.55007,1.75878,1.8276,-0.0688191,-0.0107398,-0.00237245,0.023171,-0.0586083,1.89013,-0.0139799
2.55594,1.7573,1.83604,-0.0787423,-0.0106432,-0.00230128,0.023309,-0.0582371,1.89786,-0.0139415
2.5618,1.67554,1.84454,-0.169008,-0.0105454,-0.00222951,0.0234487,-0.0578665,1.90564,-0.0139031
2.56766,1.70827,1.8531,-0.144828,-0.0104466,-0.0021572,0.02359,-0.0574968,1.91348,-0.0138648
2.57352,1.77927,1.86172,-0.0824475,-0.0103469,-0.00208443,0.0237331,-0.0571281,1.92137,-0.0138265
2.57938,1.8138,1.87039,-0.0565954,-0.0102464,-0.00201126,0.0238778,-0.0567608,1.92932,-0.0137882
2.58525,1.94461,1.87913,0.065488,-0.0101455,-0.00193773,0.0240243,-0.056395,1.93733,-0.01375
2.59111,1.98913,1.88792,0.101214,-0.010044,-0.00186389,0.0241726,-0.056031,1.94539,-0.0137118
2.59697,1.94382,1.89677,0.0470527,-0.00994226,-0.0017898,0.0243227,-0.0556688,1.95352,-0.0136736
2.60283,1.76026,1.90567,-0.145413,-0.00984025,-0.00171548,0.0244747,-0.0553087,1.9617,-0.0136354
2.6087,1.93741,1.91464,0.0227706,-0.00973809,-0.00164097,0.0246285,-0.0549508,1.96994,-0.0135973
2.61456,1.91492,1.92367,-0.00874669,-0.00963587,-0.0015663,0.0247843,-0.0545952,1.97824,-0.0135593
2.62042,1.76332,1.93275,-0.169431,-0.00953365,-0.0014915,0.024942,-0.0542419,1.9866,-0.0135212
2.62628,1.85139,1.9419,-0.0905153,-0.00943151,-0.0014166,0.0251017,-0.0538912,1.99502,-0.0134832
2.63214,1.86024,1.95111,-0.0908695,-0.0093295,-0.0013416,0.0252635,-0.053543,2.00351,-0.0134453
2.63801,1.94415,1.96038,-0.0162269,-0.00922768,-0.00126653,0.0254273,-0.0531975,2.01205,-0.0134073
2.64387,2.0086,1.96971,0.0388814,-0.0091261,-0.00119141,0.0255932,-0.0528547,2.02066,-0.0133694
2.64973,2.15658,1.97911,0.177468,-0.0090248,-0.00111625,0.0257613,-0.0525146,2.02934,-0.0133315
2.65559,1.98877,1.98857,0.000200713,-0.00892382,-0.00104106,0.0259315,-0.0521773,2.03807,-0.0132937
2.66146,2.02369,1.99809,0.0255958,-0.00882319,-0.000965846,0.026104,-0.0518429,2.04687,-0.0132559
2.66732,1.92657,2.00768,-0.0811079,-0.00872295,-0.000890621,0.0262788,-0.0515114,2.05574,-0.0132181
2.67318,1.94997,2.01733,-0.067365,-0.00862311,-0.000815389,0.0264559,-0.0511828,2.06468,-0.0131804
2.67904,1.89131,2.02705,-0.135738,-0.00852371,-0.000740156,0.0266354,-0.0508571,2.07368,-0.0131427
2.6849,2.00057,2.03683,-0.0362597,-0.00842477,-0.000664923,0.0268173,-0.0505343,2.08275,-0.013105
2.69077,2.09868,2.04669,0.0519922,-0.0083263,-0.000589694,0.0270016,-0.0502145,2.09188,-0.0130674
2.69663,2.05219,2.05661,-0.00441212,-0.00822832,-0.000514469,0.0271885,-0.0498976,2.10109,-0.0130298
2.70249,2.20935,2.0666,0.142751,-0.00813085,-0.000439247,0.0273779,-0.0495837,2.11036,-0.0129922
2.70835,2.12465,2.07666,0.0479929,-0.00803389,-0.000364027,0.02757,-0.0492728,2.11971,-0.0129546
2.71422,2.19504,2.08678,0.108251,-0.00793746,-0.000288808,0.0277647,-0.0489648,2.12913,-0.0129171
2.72008,2.11299,2.09699,0.0160002,-0.00784156,-0.000213586,0.0279621,-0.0486598,2.13862,-0.0128796
2.72594,2.12071,2.10726,0.0134557,-0.0077462,-0.000138357,0.0281624,-0.0483578,2.14818,-0.0128422
2.7318,2.29574,2.1176,0.178137,-0.00765138,-6.31168e-05,0.0283654,-0.0480586,2.15782,-0.0128048
2.73766,2.10461,2.12802,-0.0234187,-0.00755712,1.21403e-05,0.0285714,-0.0477625,2.16753,-0.0127674
2.74353,2.20774,2.13852,0.0692216,-0.0074634,8.74203e-05,0.0287803,-0.0474692,2.17731,-0.0127301
2.74939,2.02601,2.14909,-0.123079,-0.00737023,0.00016273,0.0289923,-0.0471788,2.18717,-0.0126928
2.75525,2.11208,2.15973,-0.0476546,-0.00727762,0.000238075,0.0292074,-0.0468913,2.19711,-0.0126555
2.76111,2.2543,2.17046,0.0838396,-0.00718556,0.000313466,0.0294256,-0.0466066,2.20713,-0.0126182
2.76698,2.42685,2.18126,0.245594,-0.00709405,0.000388909,0.029647,-0.0463248,2.21722,-0.012581
2.77284,2.3588,2.19214,0.16666,-0.00700309,0.000464413,0.0298718,-0.0460458,2.2274,-0.0125438
2.7787,2.28556,2.2031,0.0824592,-0.00691267,0.000539987,0.0300999,-0.0457696,2.23765,-0.0125067
2.78456,2.22621,2.21415,0.0120607,-0.0068228,0.000615642,0.0303315,-0.0454962,2.24799,-0.0124696
2.79043,2.2097,2.22527,-0.0155698,-0.00673346,0.000691388,0.0305666,-0.0452256,2.25841,-0.0124325
2.79629,2.25169,2.23648,0.0152082,-0.00664465,0.000767234,0.0308053,-0.0449576,2.26891,-0.0123954
2.80215,2.27345,2.24777,0.0256784,-0.00655638,0.000843192,0.0310478,-0.0446924,2.27949,-0.0123584
2.80801,2.40036,2.25915,0.141205,-0.00646862,0.000919274,0.0312939,-0.0444298,2.29016,-0.0123214
2.81387,2.2456,2.27062,-0.0250216,-0.00638138,0.00099549,0.031544,-0.0441699,2.30091,-0.0122845
2.81974,2.20326,2.28217,-0.078906,-0.00629465,0.00107185,0.031798,-0.0439126,2.31175,-0.0122476
2.8256,2.3865,2.29381,0.0926887,-0.00620842,0.00114838,0.0320561,-0.0436579,2.32268,-0.0122107
2.83146,2.40855,2.30554,0.103014,-0.00612269,0.00122507,0.0323183,-0.0434058,2.3337,-0.0121738
2.83732,2.32143,2.31736,0.00406791,-0.00603745,0.00130195,0.0325847,-0.0431562,2.34481,-0.012137
2.84319,2.32533,2.32928,-0.00394141,-0.00595269,0.00137903,0.0328555,-0.0429091,2.356,-0.0121002
2.84905,2.4055,2.34128,0.0642203,-0.0058684,0.00145632,0.0331307,-0.0426645,2.36729,-0.0120635
2.85491,2.36092,2.35338,0.0075361,-0.00578458,0.00153384,0.0334105,-0.0424224,2.37867,-0.0120268
2.86077,2.31472,2.36558,-0.0508641,-0.00570122,0.0016116,0.033695,-0.0421827,2.39015,-0.0119901
2.86663,2.38927,2.37788,0.0113957,-0.0056183,0.00168961,0.0339843,-0.0419454,2.40172,-0.0119534
2.8725,2.47552,2.39027,0.0852519,-0.00553582,0.0017679,0.0342784,-0.0417105,2.41339,-0.0119168
2.87836,2.35322,2.40276,-0.0495454,-0.00545378,0.00184647,0.0345776,-0.0414779,2.42515,-0.0118802
2.88422,2.37268,2.41535,-0.0426714,-0.00537216,0.00192535,0.034882,-0.0412476,2.43701,-0.0118437
2.89008,2.48278,2.42805,0.0547334,-0.00529096,0.00200454,0.0351917,-0.0410197,2.44897,-0.0118071
2.89595,2.30281,2.44085,-0.138031,-0.00521016,0.00208408,0.0355067,-0.040794,2.46103,-0.0117706
2.90181,2.39936,2.45375,-0.0543903,-0.00512975,0.00216396,0.0358274,-0.0405706,2.47319,-0.0117342
2.90767,2.54894,2.46676,0.0821806,-0.00504974,0.00224421,0.0361538,-0.0403493,2.48546,-0.0116978
2.91353,2.43472,2.47987,-0.0451518,-0.0049701,0.00232486,0.036486,-0.0401303,2.49782,-0.0116614
2.91939,2.55183,2.4931,0.0587293,-0.00489083,0.00240591,0.0368243,-0.0399134,2.5103,-0.011625
2.92526,2.76235,2.50644,0.255913,-0.00481192,0.00248738,0.0371688,-0.0396986,2.52288,-0.0115887
2.93112,2.67414,2.51988,0.154255,-0.00473337,0.0025693,0.0375196,-0.039486,2.53557,-0.0115524
2.93698,2.50333,2.53344,-0.0301166,-0.00465515,0.00265168,0.037877,-0.0392754,2.54836,-0.0115161
2.94284,2.76888,2.54712,0.221759,-0.00457727,0.00273455,0.0382411,-0.0390669,2.56127,-0.0114799
2.94871,2.71648,2.56091,0.155567,-0.0044997,0.00281792,0.0386121,-0.0388604,2.57429,-0.0114437
2.95457,2.73506,2.57482,0.160236,-0.00442246,0.00290182,0.0389901,-0.0386559,2.58742,-0.0114076
2.96043,2.68621,2.58886,0.0973535,-0.00434551,0.00298626,0.0393755,-0.0384534,2.60066,-0.0113714
2.96629,2.57356,2.60301,-0.0294491,-0.00426886,0.00307127,0.0397684,-0.0382529,2.61402,-0.0113353
2.97215,2.61189,2.61728,-0.00539729,-0.0041925,0.00315687,0.040169,-0.0380543,2.6275,-0.0112993
2.97802,2.62409,2.63168,-0.00758739,-0.00411641,0.00324309,0.0405776,-0.0378576,2.6411,-0.0112632
2.98388,2.82926,2.64621,0.183053,-0.00404058,0.00332995,0.0409944,-0.0376628,2.65481,-0.0112273
2.98974,2.84767,2.66086,0.186807,-0.00396502,0.00341747,0.0414195,-0.0374698,2.66865,-0.0111913
2.9956,2.71823,2.67565,0.0425792,-0.0038897,0.00350568,0.0418534,-0.0372787,2.68261,-0.0111554
3.00147,2.74264,2.69056,0.0520786,-0.00381462,0.0035946,0.0422962,-0.0370894,2.6967,-0.0111195
3.00733,2.79127,2.70561,0.0856591,-0.00373976,0.00368426,0.0427483,-0.0369019,2.71091,-0.0110836
3.01319,2.8829,2.7208,0.162097,-0.00366512,0.00377469,0.0432099,-0.0367161,2.72524,-0.0110478
3.01905,2.88533,2.73612,0.149208,-0.0035907,0.00386592,0.0436812,-0.0365321,2.73971,-0.011012
3.02491,2.70307,2.75159,-0.0485146,-0.00351647,0.00395797,0.0441627,-0.0363499,2.75431,-0.0109762
3.03078,2.88053,2.76719,0.113342,-0.00344243,0.00405087,0.0446546,-0.0361693,2.76904,-0.0109405
3.03664,2.71966,2.78294,-0.0632755,-0.00336857,0.00414466,0.0451573,-0.0359904,2.7839,-0.0109048
3.0425,2.75019,2.79883,-0.0486381,-0.00329488,0.00423937,0.0456711,-0.0358132,2.7989,-0.0108691
3.04836,2.67107,2.81487,-0.143802,-0.00322136,0.00433502,0.0461964,-0.0356376,2.81403,-0.0108335
3.05423,2.76689,2.83106,-0.0641746,-0.00314798,0.00443165,0.0467336,-0.0354636,2.82931,-0.0107979
3.06009,2.91225,2.84741,0.0648478,-0.00307475,0.0045293,0.047283,-0.0352912,2.84472,-0.0107623
3.06595,2.90245,2.8639,0.0385493,-0.00300164,0.004628,0.0478452,-0.0351204,2.86028,-0.0107268
3.07181,3.00764,2.88056,0.127082,-0.00292866,0.00472779,0.0484204,-0.0349512,2.87598,-0.0106913
3.07767,3.04542,2.89737,0.148052,-0.00285579,0.00482871,0.0490092,-0.0347835,2.89183,-0.0106558
3.08354,2.95312,2.91435,0.0387708,-0.00278303,0.00493079,0.0496121,-0.0346173,2.90783,-0.0106204
3.0894,2.90637,2.93149,-0.0251159,-0.00271036,0.00503407,0.0502295,-0.0344527,2.92397,-0.010585
3.09526,3.0799,2.94879,0.131105,-0.00263777,0.0051386,0.050862,-0.0342895,2.94027,-0.0105496
3.10112,3.08668,2.96627,0.12041,-0.00256525,0.00524443,0.0515101,-0.0341277,2.95672,-0.0105143
3.10699,3.13177,2.98392,0.147857,-0.0024928,0.00535158,0.0521744,-0.0339675,2.97333,-0.0104789
3.11285,3.17813,3.00174,0.17639,-0.0024204,0.00546012,0.0528554,-0.0338086,2.9901,-0.0104437
3.11871,3.05949,3.01974,0.0397479,-0.00234804,0.00557009,0.0535539,-0.0336512,3.00702,-0.0104084
3.12457,2.99973,3.03792,-0.038187,-0.00227572,0.00568154,0.0542705,-0.0334951,3.02411,-0.0103732
3.13043,3.07846,3.05628,0.0221794,-0.00220342,0.00579452,0.0550058,-0.0333405,3.04136,-0.0103381
3.1363,3.04771,3.07483,-0.0271166,-0.00213114,0.00590908,0.0557606,-0.0331872,3.05878,-0.0103029
3.14216,3.0368,3.09357,-0.0567679,-0.00205886,0.00602528,0.0565356,-0.0330352,3.07637,-0.0102678
3.14802,3.02493,3.1125,-0.0875693,-0.00198657,0.00614319,0.0573318,-0.0328846,3.09413,-0.0102327
3.15388,3.10748,3.13162,-0.02414,-0.00191426,0.00626285,0.0581498,-0.0327352,3.11206,-0.0101977
3.15975,3.12727,3.15095,-0.0236763,-0.00184193,0.00638433,0.0589906,-0.0325872,3.13016,-0.0101627
3.16561,3.21831,3.17047,0.047832,-0.00176956,0.00650769,0.0598552,-0.0324405,3.14845,-0.0101277
3.17147,3.27418,3.19021,0.0839718,-0.00169714,0.00663301,0.0607446,-0.032295,3.16691,-0.0100928
3.17733,3.36716,3.21015,0.157012,-0.00162466,0.00676035,0.0616597,-0.0321507,3.18556,-0.0100579
3.18319,3.32088,3.2303,0.0905804,-0.00155211,0.00688979,0.0626017,-0.0320077,3.20439,-0.010023
3.18906,3.31321,3.25067,0.0625364,-0.00147949,0.00702141,0.0635717,-0.0318659,3.22341,-0.00998815
3.19492,3.3499,3.27127,0.0786305,-0.00140677,0.00715528,0.0645711,-0.0317254,3.24263,-0.00995334
3.20078,3.34518,3.29208,0.0530916,-0.00133394,0.00729148,0.0656011,-0.031586,3.26203,-0.00991856
3.20664,3.37816,3.31313,0.0650283,-0.00126101,0.00743011,0.066663,-0.0314477,3.28163,-0.00988381
3.21251,3.31389,3.33441,-0.0205214,-0.00118795,0.00757126,0.0677584,-0.0313107,3.30143,-0.0098491
3.21837,3.37581,3.35593,0.019882,-0.00111476,0.00771502,0.0688889,-0.0311748,3.32143,-0.00981442
3.22423,3.27403,3.37769,-0.10366,-0.00104142,0.00786148,0.070056,-0.03104,3.34163,-0.00977978
3.23009,3.48414,3.39969,0.0844478,-0.000967917,0.00801076,0.0712616,-0.0309064,3.36204,-0.00974516
3.23596,3.47923,3.42195,0.0572799,-0.000894248,0.00816297,0.0725074,-0.0307738,3.38266,-0.00971058
3.24182,3.52011,3.44447,0.0756421,-0.000820398,0.00831822,0.0737956,-0.0306424,3.40349,-0.00967604
3.24768,3.37174,3.46725,-0.0955045,-0.000746353,0.00847662,0.0751281,-0.030512,3.42454,-0.00964152
3.25354,3.38316,3.49029,-0.107134,-0.000672104,0.00863832,0.0765073,-0.0303827,3.44581,-0.00960704
3.2594,3.43571,3.51361,-0.0778968,-0.000597636,0.00880343,0.0779357,-0.0302544,3.4673,-0.00957259
3.26527,3.33424,3.53721,-0.202968,-0.000522938,0.0089721,0.0794157,-0.0301272,3.48901,-0.00953818
3.27113,3.6082,3.56109,0.0471022,-0.000447998,0.00914447,0.0809501,-0.0300011,3.51095,-0.0095038
3.27699,3.6692,3.58527,0.0839289,-0.000372802,0.0093207,0.0825418,-0.0298759,3.53313,-0.00946945
3.28285,3.64864,3.60975,0.0388933,-0.000297338,0.00950096,0.0841942,-0.0297518,3.55554,-0.00943513
3.28872,3.7587,3.63453,0.124176,-0.000221593,0.00968541,0.0859104,-0.0296286,3.57818,-0.00940085
3.29458,3.53622,3.65962,-0.123399,-0.000145553,0.00987424,0.0876943,-0.0295065,3.60107,-0.0093666
3.30044,3.56063,3.68504,-0.124411,-6.92048e-05,0.0100676,0.0895496,-0.0293853,3.62421,-0.00933238
3.3063,3.78537,3.71078,0.0745861,7.46495e-06,0.0102658,0.0914807,-0.029265,3.64759,-0.00929819
3.31216,3.83935,3.73687,0.102482,8.44704e-05,0.0104689,0.0934921,-0.0291458,3.67123,-0.00926404
3.31803,3.79342,3.76329,0.0301288,0.000161826,0.0106773,0.0955886,-0.0290274,3.69512,-0.00922992
3.32389,3.85074,3.79008,0.0606566,0.000239545,0.0108911,0.0977757,-0.02891,3.71928,-0.00919584
3.32975,3.85659,3.81723,0.0393606,0.000317644,0.0111106,0.100059,-0.0287936,3.7437,-0.00916178
3.33561,3.82299,3.84476,-0.0217627,0.000396136,0.0113361,0.102445,-0.028678,3.76838,-0.00912776
3.34148,3.82564,3.87267,-0.0470276,0.000475037,0.0115679,0.10494,-0.0285633,3.79334,-0.00909378
3.34734,3.80401,3.90098,-0.0969723,0.000554363,0.0118062,0.107552,-0.0284495,3.81858,-0.00905982
3.3532,3.90533,3.92971,-0.0243764,0.000634129,0.0120514,0.110288,-0.0283366,3.8441,-0.0090259
3.35906,3.93996,3.95886,-0.0188955,0.000714352,0.0123039,0.113158,-0.0282246,3.8699,-0.00899201
3.36492,4.07427,3.98845,0.085822,0.000795046,0.012564,0.116171,-0.0281134,3.89599,-0.00895816
3.37079,3.89825,4.01849,-0.120246,0.000876231,0.0128321,0.119337,-0.0280031,3.92237,-0.00892434
3.37665,4.01615,4.04901,-0.0328572,0.000957922,0.0131086,0.122668,-0.0278936,3.94906,-0.00889055
3.38251,4.03511,4.08001,-0.0449036,0.00104014,0.013394,0.126177,-0.027785,3.97604,-0.00885679
3.38837,4.03554,4.11153,-0.0759821,0.00112289,0.0136888,0.129877,-0.0276771,4.00334,-0.00882306
3.39424,4.09616,4.14357,-0.0474059,0.00120621,0.0139935,0.133784,-0.0275701,4.03094,-0.00878937
3.4001,4.31023,4.17616,0.134063,0.0012901,0.0143086,0.137915,-0.0274639,4.05887,-0.00875572
3.40596,4.42299,4.20933,0.213657,0.0013746,0.0146348,0.142288,-0.0273585,4.08712,-0.00872209
3.41182,4.10908,4.2431,-0.134023,0.0014597,0.0149727,0.146925,-0.0272539,4.11569,-0.0086885
3.41768,4.33566,4.27751,0.0581476,0.00154545,0.015323,0.151848,-0.02715,4.1446,-0.00865494
3.42355,4.17981,4.31258,-0.132763,0.00163185,0.0156865,0.157084,-0.027047,4.17384,-0.00862141
3.42941,4.20455,4.34834,-0.143791,0.00171893,0.016064,0.162663,-0.0269447,4.20343,-0.00858792
3.43527,4.25358,4.38485,-0.13127,0.00180671,0.0164564,0.168616,-0.0268431,4.23337,-0.00855446
3.44113,4.25784,4.42214,-0.164302,0.00189521,0.0168646,0.17498,-0.0267423,4.26366,-0.00852103
3.447,4.5183,4.46026,0.0580448,0.00198445,0.0172898,0.181798,-0.0266422,4.29432,-0.00848764
3.45286,4.66945,4.49926,0.170191,0.00207446,0.017733,0.189116,-0.0265429,4.32533,-0.00845428
3.45872,4.42109,4.53921,-0.118117,0.00216526,0.0181955,0.196989,-0.0264442,4.35673,-0.00842095
3.46458,4.60025,4.58018,0.0200689,0.00225688,0.0186788,0.205477,-0.0263463,4.3885,-0.00838765
3.47044,4.66372,4.62224,0.0414814,0.00234933,0.0191842,0.214653,-0.0262491,4.42065,-0.00835439
3.47631,4.62947,4.66548,-0.0360099,0.00244264,0.0197135,0.224596,-0.0261526,4.4532,-0.00832116
3.48217,4.65549,4.71001,-0.0545126,0.00253685,0.0202685,0.235401,-0.0260568,4.48614,-0.00828796
3.48803,4.71055,4.75594,-0.0453924,0.00263197,0.0208512,0.247178,-0.0259617,4.51949,-0.0082548
3.49389,4.74833,4.80341,-0.0550849,0.00272804,0.0214638,0.260055,-0.0258673,4.55325,-0.00822167
3.49976,4.73332,4.85259,-0.11927,0.00282508,0.0221089,0.274182,-0.0257735,4.58743,-0.00818857
3.50562,4.83856,4.90365,-0.0650907,0.00292312,0.0227892,0.289737,-0.0256804,4.62204,-0.0081555
3.51148,4.93441,4.95682,-0.0224143,0.0030222,0.0235078,0.306932,-0.0255879,4.65707,-0.00812247
3.51734,5.00214,5.01237,-0.0102321,0.00312234,0.0242681,0.32602,-0.0254961,4.69255,-0.00808947
3.5232,4.94245,5.07061,-0.128164,0.00322357,0.025074,0.347306,-0.025405,4.72847,-0.0080565
3.52907,5.13811,5.13193,0.00618388,0.00332593,0.0259299,0.371163,-0.0253145,4.76485,-0.00802357
3.53493,5.04493,5.19679,-0.151863,0.00342945,0.0268408,0.398046,-0.0252246,4.80169,-0.00799067
3.54079,5.12511,5.26578,-0.14067,0.00353416,0.0278124,0.428519,-0.0251353,4.839,-0.0079578
3.54665,5.14978,5.3396,-0.189827,0.00364011,0.028851,0.463287,-0.0250467,4.8768,-0.00792497
3.55252,5.14308,5.41918,-0.276101,0.00374732,0.029964,0.503241,-0.0249586,4.91508,-0.00789216
3.55838,5.38962,5.50566,-0.116045,0.00385584,0.0311601,0.549521,-0.0248712,4.95385,-0.0078594
3.56424,5.43405,5.60054,-0.166496,0.00396571,0.0324489,0.603606,-0.0247844,4.99314,-0.00782666
3.5701,5.71239,5.7058,0.00658947,0.00407696,0.033842,0.667441,-0.0246981,5.03293,-0.00779396
3.57596,5.72498,5.82405,-0.0990725,0.00418963,0.0353529,0.743631,-0.0246125,5.07325,-0.00776129
3.58183,5.92331,5.95888,-0.0355636,0.00430378,0.0369975,0.835727,-0.0245274,5.1141,-0.00772865
3.58769,5.9159,6.11525,-0.199349,0.00441945,0.0387945,0.948679,-0.0244429,5.1555,-0.00769604
3.59355,6.05292,6.30028,-0.247355,0.00453667,0.0407666,1.08955,-0.024359,5.19744,-0.00766347
3.59941,6.33843,6.52435,-0.185921,0.00465551,0.042941,1.2687,-0.0242757,5.23995,-0.00763093
3.60528,6.50244,6.80323,-0.300787,0.004776,0.045351,1.50186,-0.0241929,5.28304,-0.00759843
3.61114,6.72952,7.16172,-0.432201,0.0048982,0.0480373,1.81376,-0.0241106,5.3267,-0.00756596
3.617,7.17797,7.64065,-0.462685,0.00502216,0.0510511,2.24518,-0.0240289,5.37096,-0.00753352
3.62286,7.82102,8.31097,-0.48995,0.00514794,0.0544564,2.86699,-0.0239478,5.41583,-0.00750111
3.62872,8.5355,9.3043,-0.768808,0.00527559,0.0583354,3.81072,-0.0238672,5.46131,-0.00746874
3.63459,9.70162,10.8849,-1.18325,0.00540518,0.0627948,5.34047,-0.0237871,5.50742,-0.00743639
3.64045,11.9532,13.6339,-1.68069,0.00553675,0.0679756,8.03729,-0.0237076,5.55416,-0.00740409
3.64631,16.3333,18.9462,-2.61293,0.00567038,0.0740682,13.2959,-0.0236285,5.60157,-0.00737181
3.65217,26.5455,30.0435,-3.49804,0.00580613,0.0813357,24.3376,-0.02355,5.64963,-0.00733957
3.65804,44.6741,47.8933,-3.21911,0.00594407,0.090151,42.1296,-0.023472,5.69837,-0.00730736
3.6639,50.0829,45.6674,4.41548,0.00608427,0.10106,39.8431,-0.0233945,5.7478,-0.00727518
3.66976,31.5841,26.9714,4.61272,0.0062268,0.114891,21.0829,-0.0233175,5.79794,-0.00724304
3.67562,17.9423,16.6676,1.27478,0.00637174,0.132955,10.7099,-0.023241,5.84879,-0.00721093
3.68149,11.8955,12.0576,-0.162132,0.00651916,0.157438,6.02362,-0.023165,5.90037,-0.00717885
3.68735,9.35314,9.83857,-0.48543,0.00666916,0.192216,3.71722,-0.0230895,5.9527,-0.00714681
3.69321,8.28258,8.68569,-0.403109,0.0068218,0.244692,2.45851,-0.0230145,6.00579,-0.00711479
3.69907,7.69811,8.07792,-0.379816,0.00697719,0.330305,1.71101,-0.02294,6.05965,-0.00708282
3.70493,7.88415,7.81296,0.0711835,0.00713542,0.484535,1.2369,-0.0228659,6.11431,-0.00705087
3.7108,7.99728,7.86108,0.136196,0.00729658,0.793512,0.920316,-0.0227923,6.16977,-0.00701896
3.71666,8.68595,8.30702,0.378934,0.00746076,1.40313,0.700082,-0.0227191,6.22605,-0.00698708
3.72252,9.47393,8.67409,0.799837,0.00762809,1.87117,0.54172,-0.0226465,6.28317,-0.00695523
3.72838,8.50423,8.01637,0.487862,0.00779866,1.27221,0.424707,-0.0225742,6.34115,-0.00692342
3.73425,7.52824,7.45396,0.0742794,0.00797259,0.739122,0.336264,-0.0225025,6.4,-0.00689163
3.74011,7.14384,7.22843,-0.084599,0.00815,0.521713,0.268123,-0.0224312,6.45974,-0.00685989
3.74597,7.03287,7.17583,-0.142962,0.00833101,0.461539,0.21476,-0.0223603,6.52039,-0.00682817
3.75183,7.16366,7.22738,-0.0637204,0.00851575,0.4936,0.172377,-0.0222899,6.58197,-0.00679649
3.75769,7.34561,7.37974,-0.0341247,0.00870436,0.617216,0.138304,-0.0222199,6.6445,-0.00676484
3.76356,7.74317,7.68823,0.0549462,0.00889698,0.8896,0.110617,-0.0221503,6.708,-0.00673322
3.76942,8.40071,8.31673,0.0839784,0.00909376,1.47603,0.08791,-0.0220812,6.77248,-0.00670164
3.77528,10.0122,9.55191,0.460294,0.00929484,2.6642,0.0691327,-0.0220125,6.83797,-0.00667009
3.78114,12.0009,10.5073,1.49361,0.00950041,3.56838,0.053492,-0.0219442,6.9045,-0.00663857
3.78701,11.1902,9.32581,1.86437,0.00971062,2.33213,0.04038,-0.0218763,6.97207,-0.00660708
3.79287,9.34808,8.26732,1.08076,0.00992565,1.21573,0.0293251,-0.0218088,7.04072,-0.00657563
3.79873,8.31279,7.82614,0.48665,0.0101457,0.713846,0.0199573,-0.0217418,7.11047,-0.00654421
3.80459,7.72662,7.67344,0.0531856,0.010371,0.497925,0.0119838,-0.0216752,7.18135,-0.00651283
3.81045,7.65845,7.6569,0.00155098,0.0106016,0.415856,0.00517017,-0.0216089,7.25337,-0.00648147
3.81632,7.79375,7.72904,0.0647066,0.0108379,0.420311,-0.000672362,-0.0215431,7.32656,-0.00645015
3.82218,7.80929,7.89835,-0.0890507,0.0110801,0.519914,-0.00569724,-0.0214776,7.40094,-0.00641887
3.82804,8.04631,8.23789,-0.191579,0.0113284,0.787836,-0.01003,-0.0214126,7.47656,-0.00638761
3.8339,8.67281,8.88656,-0.213745,0.011583,1.36303,-0.0137741,-0.0213479,7.55342,-0.00635639
3.83977,9.86965,9.39956,0.47009,0.0118442,1.80078,-0.0170152,-0.0212836,7.63157,-0.0063252
3.84563,9.96256,8.84559,1.11697,0.0121124,1.1698,-0.0198249,-0.0212197,7.71102,-0.00629405
3.85149,9.00131,8.35268,0.648624,0.0123877,0.598165,-0.0222628,-0.0211562,7.79181,-0.00626292
3.85735,8.31584,8.16739,0.148448,0.0126706,0.332451,-0.0243796,-0.0210931,7.87397,-0.00623183
3.86321,8.23234,8.12313,0.109211,0.0129613,0.206083,-0.0262178,-0.0210303,7.95754,-0.00620078
3.86908,8.12189,8.13991,-0.0180256,0.0132602,0.139075,-0.0278137,-0.0209679,8.04253,-0.00616975
3.87494,8.08336,8.18628,-0.102922,0.0135676,0.0999635,-0.0291983,-0.0209059,8.12899,-0.00613876
3.8808,8.12651,8.24886,-0.122348,0.0138841,0.0753718,-0.030398,-0.0208442,8.21695,-0.0061078
3.88666,8.17275,8.32137,-0.148621,0.0142099,0.0590097,-0.0314357,-0.0207829,8.30645,-0.00607688
3.89253,8.41576,8.40061,0.0151493,0.0145455,0.0476436,-0.0323309,-0.0207219,8.39752,-0.00604598
3.89839,8.56816,8.48479,0.0833698,0.0148914,0.0394838,-0.0331007,-0.0206613,8.49019,-0.00601513
3.90425,8.53857,8.5729,-0.034328,0.015248,0.0334777,-0.0337599,-0.020601,8.58452,-0.0059843
3.91011,8.58737,8.6643,-0.0769297,0.015616,0.0289742,-0.0343214,-0.0205411,8.68053,-0.00595351
3.91597,8.93947,8.75862,0.180852,0.0159959,0.0255534,-0.0347963,-0.0204815,8.77827,-0.00592274
3.92184,8.99545,8.85559,0.139859,0.0163882,0.0229348,-0.0351944,-0.0204223,8.87778,-0.00589202
3.9277,9.14294,8.95507,0.187871,0.0167936,0.0209251,-0.0355245,-0.0203634,8.9791,-0.00586132
3.93356,9.17364,9.05696,0.11668,0.0172128,0.0193882,-0.035794,-0.0203049,9.08229,-0.00583066
3.93942,9.21687,9.16119,0.0556854,0.0176465,0.0182257,-0.0360096,-0.0202466,9.18737,-0.00580003
3.94529,9.31607,9.26773,0.04834,0.0180956,0.0173656,-0.0361773,-0.0201888,9.29441,-0.00576943
3.95115,9.55002,9.37659,0.17343,0.0185607,0.0167543,-0.0363023,-0.0201312,9.40345,-0.00573887
3.95701,9.75877,9.48776,0.27101,0.0190429,0.0163514,-0.0363892,-0.0200739,9.51453,-0.00570834
3.96287,9.73215,9.60126,0.130889,0.019543,0.0161264,-0.036442,-0.020017,9.62773,-0.00567784
3.96873,9.78192,9.71712,0.0648059,0.0200622,0.016056,-0.0364645,-0.0199604,9.74307,-0.00564738
3.9746,9.9619,9.83537,0.12653,0.0206014,0.0161227,-0.03646,-0.0199041,9.86063,-0.00561695
3.98046,10.0814,9.95607,0.125305,0.021162,0.0163134,-0.0364312,-0.0198482,9.98046,-0.00558655
3.98632,10.121,10.0793,0.0417277,0.0217451,0.0166184,-0.0363809,-0.0197925,10.1026,-0.00555618
3.99218,10.1743,10.205,-0.0306775,0.0223523,0.0170311,-0.0363113,-0.0197372,10.2272,-0.00552585
3.99805,10.2749,10.3333,-0.0583916,0.0229849,0.0175473,-0.0362245,-0.0196821,10.3542,-0.00549555
4.00391,10.613,10.4643,0.148699,0.0236445,0.018165,-0.0361224,-0.0196274,10.4837,-0.00546529
4.00977,10.6227,10.598,0.0247112,0.024333,0.0188842,-0.0360066,-0.0195729,10.6158,-0.00543505
4.01563,10.7295,10.7345,-0.00501451,0.0250523,0.0197066,-0.0358788,-0.0195188,10.7505,-0.00540485
4.02149,10.8563,10.8739,-0.0175693,0.0258044,0.0206361,-0.0357401,-0.0194649,10.888,-0.00537468
4.02736,10.9131,11.0162,-0.103073,0.0265916,0.0216783,-0.0355919,-0.0194114,11.0283,-0.00534455
4.03322,11.1969,11.1616,0.0353611,0.0274163,0.022841,-0.0354353,-0.0193581,11.1714,-0.00531445
4.03908,11.3347,11.3101,0.0246493,0.0282812,0.0241342,-0.0352712,-0.0193051,11.3175,-0.00528438
4.04494,11.5298,11.4618,0.0679987,0.0291893,0.0255707,-0.0351005,-0.0192524,11.4667,-0.00525434
4.05081,11.7906,11.6169,0.173763,0.0301438,0.0271661,-0.0349241,-0.0192,11.6189,-0.00522434
4.05667,11.8285,11.7754,0.0531081,0.0311482,0.0289401,-0.0347426,-0.0191479,11.7744,-0.00519437
4.06253,11.9828,11.9375,0.045313,0.0322065,0.0309167,-0.0345568,-0.0190961,11.9332,-0.00516443
4.06839,12.071,12.1032,-0.0322724,0.0333229,0.0331257,-0.0343673,-0.0190445,12.0953,-0.00513452
4.07426,12.3694,12.2728,0.0965599,0.0345022,0.0356042,-0.0341745,-0.0189932,12.261,-0.00510465
4.08012,12.5381,12.4464,0.0917768,0.0357497,0.0383985,-0.033979,-0.0189422,12.4302,-0.00507481
4.08598,12.7751,12.6241,0.151003,0.0370713,0.0415672,-0.0337812,-0.0188915,12.6032,-0.00504501
4.09184,13.0256,12.8061,0.21953,0.0384735,0.0451852,-0.0335815,-0.018841,12.7799,-0.00501523
4.0977,12.9558,12.9927,-0.0369055,0.0399635,0.0493497,-0.0333803,-0.0187908,12.9605,-0.00498549
4.10357,13.3464,13.1841,0.1623,0.0415495,0.0541887,-0.0331779,-0.0187408,13.1452,-0.00495579
4.10943,13.3333,13.3806,-0.0473021,0.0432408,0.0598742,-0.0329747,-0.0186912,13.3341,-0.00492611
4.11529,13.493,13.5826,-0.0895253,0.0450475,0.0666419,-0.0327708,-0.0186417,13.5272,-0.00489647
4.12115,13.6005,13.7905,-0.189972,0.0469814,0.0748239,-0.0325665,-0.0185926,13.7247,-0.00486686
4.12702,14.1207,14.005,0.11574,0.0490558,0.0849007,-0.0323621,-0.0185437,13.9267,-0.00483729
4.13288,14.239,14.2269,0.0121617,0.0512856,0.0975933,-0.0321577,-0.018495,14.1335,-0.00480775
4.13874,14.5447,14.4576,0.0871582,0.0536881,0.114027,-0.0319535,-0.0184466,14.345,-0.00477824
4.1446,14.6929,14.699,-0.00604274,0.0562829,0.136045,-0.0317498,-0.0183985,14.5615,-0.00474876
4.15046,15.1442,14.9545,0.189724,0.0590928,0.166847,-0.0315465,-0.0183506,14.7832,-0.00471932
4.15633,15.2025,15.2303,-0.0277933,0.0621439,0.212393,-0.031344,-0.0183029,15.0101,-0.00468991
4.16219,15.5668,15.5387,0.0281411,0.0654669,0.284748,-0.0311422,-0.0182555,15.2425,-0.00466053
4.16805,15.8651,15.9066,-0.04151,0.0690973,0.410798,-0.0309414,-0.0182083,15.4805,-0.00463118
4.17391,16.4944,16.3994,0.0949394,0.073077,0.655499,-0.0307415,-0.0181614,15.7244,-0.00460187
4.17978,17.6431,17.1567,0.486423,0.0774554,1.15824,-0.0305427,-0.0181147,15.9742,-0.00457259
4.18564,18.8542,18.0797,0.774442,0.0822912,1.82018,-0.0303451,-0.0180683,16.2302,-0.00454335
4.1915,18.8956,18.0281,0.867448,0.0876547,1.50051,-0.0301487,-0.0180221,16.4926,-0.00451413
4.19736,18.1894,17.6566,0.532805,0.0936306,0.85373,-0.0299536,-0.0179761,16.7617,-0.00448495
4.20322,17.7916,17.6408,0.150786,0.100322,0.555114,-0.0297598,-0.0179304,17.0375,-0.0044558
4.20909,17.7792,17.8321,-0.0529049,0.107854,0.45564,-0.0295675,-0.0178848,17.3205,-0.00442669
4.21495,18.0306,18.136,-0.105402,0.116383,0.460508,-0.0293766,-0.0178396,17.6107,-0.00439761
4.22081,18.4604,18.5348,-0.074367,0.126103,0.551573,-0.0291871,-0.0177945,17.9084,-0.00436856
4.22667,19.1432,19.0651,0.0780602,0.137259,0.764921,-0.0289991,-0.0177497,18.214,-0.00433954
4.23254,19.8709,19.849,0.0219607,0.150165,1.22195,-0.0288127,-0.0177051,18.5277,-0.00431056
4.2384,21.2501,21.1609,0.089155,0.165224,2.19658,-0.0286279,-0.0176607,18.8497,-0.00428161
4.24426,23.5976,22.8019,0.795683,0.18297,3.48895,-0.0284446,-0.0176165,19.1803,-0.0042527
4.25012,24.5256,22.4884,2.03715,0.204113,2.81447,-0.0282629,-0.0175726,19.5199,-0.00422381
4.25598,23.0017,21.5234,1.47831,0.229618,1.4748,-0.0280828,-0.0175288,19.8688,-0.00419496
4.26185,21.892,21.2555,0.636539,0.260828,0.81692,-0.0279043,-0.0174853,20.2273,-0.00416614
4.26771,21.493,21.3794,0.1136,0.299649,0.533371,-0.0277274,-0.017442,20.5957,-0.00413736
4.27357,21.8581,21.6909,0.167204,0.348869,0.416684,-0.0275522,-0.0173989,20.9744,-0.0041086
4.27943,21.99,22.1224,-0.132363,0.412694,0.394649,-0.0273786,-0.0173561,21.3639,-0.00407989
4.2853,22.5541,22.6728,-0.11871,0.497708,0.459312,-0.0272066,-0.0173134,21.7644,-0.0040512
4.29116,23.1352,23.4022,-0.26703,0.61468,0.659479,-0.0270363,-0.0172709,22.1764,-0.00402255
4.29702,24.163,24.4604,-0.297459,0.782178,1.12607,-0.0268676,-0.0172287,22.6003,-0.00399392
4.30288,25.6446,25.7795,-0.13481,1.03431,1.75643,-0.0267005,-0.0171866,23.0366,-0.00396534
4.30874,27.0203,26.283,0.737279,1.43874,1.40622,-0.026535,-0.0171448,23.4857,-0.00393678
4.31461,27.1508,26.7661,0.384718,2.1423,0.722988,-0.0263712,-0.0171031,23.9482,-0.00390826
4.32047,27.4819,28.251,-0.769047,3.49388,0.379755,-0.0262089,-0.0170617,24.4245,-0.00387977
4.32633,29.6914,31.4115,-1.72004,6.32232,0.220913,-0.0260483,-0.0170205,24.9151,-0.00385132
4.33219,34.3304,36.8401,-2.50966,11.3265,0.139459,-0.0258892,-0.0169794,25.4208,-0.00382289
4.33806,37.0971,38.0136,-0.916488,12.025,0.0931336,-0.0257317,-0.0169386,25.9419,-0.0037945
4.34392,33.3645,33.1401,0.224411,6.64265,0.064524,-0.0255758,-0.0168979,26.4792,-0.00376615
4.34978,30.3142,30.3704,-0.0562512,3.33753,0.0456974,-0.0254215,-0.0168574,27.0332,-0.00373782
4.35564,29.2729,29.4388,-0.16592,1.8472,0.0326839,-0.0252687,-0.0168172,27.6047,-0.00370953
4.3615,28.932,29.2971,-0.365049,1.12494,0.0233338,-0.0251174,-0.0167771,28.1944,-0.00368127
4.36737,29.3469,29.5102,-0.163235,0.736202,0.0164054,-0.0249677,-0.0167372,28.8029,-0.00365305
4.37323,29.9809,29.905,0.0759548,0.507851,0.0111417,-0.0248194,-0.0166975,29.4311,-0.00362485
4.37909,30.3848,30.4062,-0.0213935,0.364244,0.0070602,-0.0246727,-0.016658,30.0798,-0.00359669
4.38495,30.9468,30.9779,-0.0310872,0.26899,0.00384137,-0.0245274,-0.0166187,30.7498,-0.00356857
4.39082,31.5835,31.6018,-0.018241,0.203083,0.0012669,-0.0243836,-0.0165795,31.4419,-0.00354047
4.39668,32.307,32.268,0.0390402,0.155901,-0.000816693,-0.0242412,-0.0165406,32.1572,-0.00351241
4.40254,32.7503,32.9711,-0.220794,0.121166,-0.00251985,-0.0241003,-0.0165018,32.8966,-0.00348438
4.4084,33.6943,33.7083,-0.014001,0.0949934,-0.00392375,-0.0239608,-0.0164632,33.6611,-0.00345639
4.41426,34.4505,34.4778,-0.0273696,0.0748826,-0.00508917,-0.0238227,-0.0164248,34.4517,-0.00342843
4.42013,35.3474,35.2793,0.0681085,0.0591697,-0.00606234,-0.023686,-0.0163865,35.2697,-0.0034005
4.42599,36.0948,36.1126,-0.0178381,0.0467158,-0.00687894,-0.0235507,-0.0163484,36.116,-0.0033726
4.43185,36.9867,36.9782,0.00845842,0.0367217,-0.00756688,-0.0234167,-0.0163106,36.9921,-0.00334474
4.43771,37.9357,37.8767,0.0590051,0.0286145,-0.00814821,-0.0232841,-0.0162728,37.8991,-0.00331691
4.44358,38.9474,38.8091,0.138297,0.0219753,-0.00864059,-0.0231528,-0.0162353,38.8384,-0.00328911
4.44944,39.8309,39.7764,0.0544607,0.0164928,-0.00905825,-0.0230229,-0.0161979,39.8115,-0.00326135
4.4553,40.861,40.7798,0.0811256,0.0119323,-0.00941277,-0.0228942,-0.0161607,40.8196,-0.00323362
4.46116,41.7793,41.8208,-0.0414345,0.00811378,-0.00971365,-0.0227668,-0.0161237,41.8645,-0.00320592
4.46702,42.9134,42.9007,0.0127655,0.00489827,-0.00996875,-0.0226407,-0.0160868,42.9476,-0.00317825
4.47289,44.0934,44.021,0.0723498,0.00217673,-0.0101846,-0.0225158,-0.0160501,44.0707,-0.00315062
4.47875,45.4213,45.1835,0.237723,-0.000137054,-0.0103666,-0.0223922,-0.0160136,45.2356,-0.00312302
4.48461,46.4152,46.3899,0.0252561,-0.00211192,-0.0105195,-0.0222698,-0.0159772,46.4439,-0.00309545
4.49047,47.6983,47.6421,0.0561736,-0.00380329,-0.010647,-0.0221487,-0.015941,47.6977,-0.00306792
4.49634,48.9459,48.9419,0.00399866,-0.00525616,-0.0107526,-0.0220287,-0.015905,48.9989,-0.00304042
4.5022,50.3857,50.2913,0.0943355,-0.0065073,-0.010839,-0.0219099,-0.0158691,50.3495,-0.00301295
4.50806,51.6815,51.6926,-0.011088,-0.00758699,-0.0109086,-0.0217922,-0.0158334,51.7517,-0.00298551
4.51392,53.2621,53.1477,0.114336,-0.00852027,-0.0109635,-0.0216757,-0.0157979,53.2076,-0.00295811
4.51979,54.6312,54.6591,-0.027868,-0.00932804,-0.0110055,-0.0215604,-0.0157625,54.7197,-0.00293074
4.52565,56.4198,56.2289,0.1909,-0.0100278,-0.0110363,-0.0214462,-0.0157272,56.2901,-0.0029034
4.53151,57.9641,57.8598,0.104302,-0.0106341,-0.011057,-0.0213331,-0.0156921,57.9214,-0.0028761
4.53737,59.6032,59.554,0.049182,-0.0111596,-0.011069,-0.0212211,-0.0156572,59.616,-0.00284883
4.54323,61.3791,61.3142,0.0649606,-0.0116148,-0.0110732,-0.0211101,-0.0156224,61.3764,-0.00282159
4.5491,63.2288,63.1429,0.0859424,-0.0120086,-0.0110706,-0.0210003,-0.0155878,63.2054,-0.00279439
4.55496,65.1443,65.0428,0.101509,-0.0123489,-0.0110619,-0.0208915,-0.0155533,65.1054,-0.00276722
4.56082,67.188,67.0164,0.171582,-0.0126421,-0.0110479,-0.0207837,-0.015519,67.0792,-0.00274008
4.56668,69.1641,69.0666,0.0975161,-0.0128941,-0.0110291,-0.020677,-0.0154849,69.1294,-0.00271297
4.57255,71.2067,71.1958,0.0108963,-0.0131098,-0.0110062,-0.0205713,-0.0154508,71.2587,-0.0026859
4.57841,73.3186,73.4068,-0.0881945,-0.0132935,-0.0109795,-0.0204666,-0.015417,73.4696,-0.00265886
4.58427,75.6676,75.702,-0.0344298,-0.0134488,-0.0109496,-0.0203629,-0.0153833,75.7648,-0.00263185
4.59013,78.0199,78.084,-0.0640524,-0.0135791,-0.0109168,-0.0202601,-0.0153497,78.1467,-0.00260488
4.59599,80.6642,80.5549,0.109237,-0.0136873,-0.0108814,-0.0201584,-0.0153162,80.6175,-0.00257793
4.60186,83.0806,83.117,-0.036389,-0.0137757,-0.0108438,-0.0200576,-0.015283,83.1795,-0.00255103
4.60772,85.7516,85.772,-0.0204359,-0.0138466,-0.0108042,-0.0199577,-0.0152498,85.8344,-0.00252415
4.61358,88.5756,88.5216,0.0540065,-0.013902,-0.0107629,-0.0198588,-0.0152168,88.5838,-0.00249731
4.61944,91.5582,91.3669,0.19124,-0.0139436,-0.0107201,-0.0197607,-0.015184,91.429,-0.0024705
4.62531,94.2507,94.3087,-0.0579685,-0.0139728,-0.010676,-0.0196636,-0.0151512,94.3706,-0.00244372
4.63117,97.3486,97.347,0.00159473,-0.013991,-0.0106307,-0.0195674,-0.0151187,97.4088,-0.00241698
4.63703,100.601,100.482,0.119757,-0.0139994,-0.0105844,-0.0194721,-0.0150862,100.543,-0.00239027
4.64289,103.621,103.711,-0.0898923,-0.013999,-0.0105373,-0.0193777,-0.0150539,103.772,-0.00236359
4.64875,107.098,107.033,0.0654878,-0.0139909,-0.0104895,-0.0192841,-0.0150218,107.094,-0.00233694
4.65462,110.279,110.445,-0.165578,-0.0139758,-0.010441,-0.0191913,-0.0149898,110.505,-0.00231033
4.66048,113.9,113.941,-0.0412029,-0.0139545,-0.0103921,-0.0190994,-0.0149579,114.002,-0.00228375
4.66634,117.429,117.518,-0.089173,-0.0139276,-0.0103427,-0.0190084,-0.0149261,117.578,-0.0022572
4.6722,121.108,121.166,-0.0581055,-0.0138958,-0.0102931,-0.0189182,-0.0148945,121.227,-0.00223069
4.67807,124.901,124.879,0.0219841,-0.0138596,-0.0102431,-0.0188287,-0.014863,124.939,-0.00220421
4.68393,128.797,128.644,0.153314,-0.0138195,-0.010193,-0.0187401,-0.0148316,128.704,-0.00217776
4.68979,132.414,132.45,-0.0355374,-0.0137759,-0.0101428,-0.0186523,-0.0148004,132.509,-0.00215135
4.69565,136.416,136.282,0.134471,-0.0137292,-0.0100924,-0.0185652,-0.0147693,136.341,-0.00212497
4.70151,140.309,140.123,0.185969,-0.0136798,-0.0100421,-0.0184789,-0.0147384,140.182,-0.00209862
4.70738,143.852,143.954,-0.10256,-0.0136279,-0.00999179,-0.0183934,-0.0147075,144.013,-0.0020723
4.71324,147.704,147.755,-0.0504803,-0.0135739,-0.00994155,-0.0183087,-0.0146768,147.814,-0.00204602
4.7191,151.511,151.502,0.00955007,-0.0135181,-0.0098914,-0.0182246,-0.0146462,151.56,-0.00201977
4.72496,155.277,155.168,0.108447,-0.0134606,-0.00984138,-0.0181414,-0.0146158,155.227,-0.00199355
4.73083,158.786,158.728,0.0573942,-0.0134017,-0.00979153,-0.0180588,-0.0145855,158.786,-0.00196737
4.73669,162.081,162.152,-0.071264,-0.0133416,-0.00974186,-0.017977,-0.0145553,162.21,-0.00194122
4.74255,165.287,165.41,-0.122959,-0.0132804,-0.0096924,-0.0178958,-0.0145252,165.468,-0.0019151
4.74841,168.441,168.471,-0.0301313,-0.0132183,-0.00964318,-0.0178154,-0.0144952,168.528,-0.00188901
4.75427,171.152,171.303,-0.15028,-0.0131554,-0.0095942,-0.0177357,-0.0144654,171.359,-0.00186296
4.76014,173.781,173.875,-0.0937243,-0.0130919,-0.00954549,-0.0176566,-0.0144357,173.931,-0.00183694
4.766,176.055,176.158,-0.102833,-0.0130278,-0.00949706,-0.0175782,-0.0144061,176.214,-0.00181095
4.77186,177.93,178.123,-0.192723,-0.0129634,-0.00944893,-0.0175005,-0.0143766,178.179,-0.001785
4.77772,179.819,179.745,0.0737364,-0.0128986,-0.0094011,-0.0174235,-0.0143473,179.801,-0.00175908
4.78359,180.949,181.002,-0.0535478,-0.0128336,-0.00935359,-0.017347,-0.0143181,181.058,-0.00173319
4.78945,181.971,181.876,0.0948092,-0.0127684,-0.0093064,-0.0172713,-0.014289,181.931,-0.00170734
4.79531,182.39,182.353,0.0368647,-0.0127032,-0.00925955,-0.0171962,-0.01426,182.408,-0.00168152
4.80117,182.44,182.424,0.0154673,-0.0126379,-0.00921303,-0.0171217,-0.0142311,182.479,-0.00165573
4.80703,181.936,182.086,-0.150679,-0.0125727,-0.00916686,-0.0170478,-0.0142023,182.141,-0.00162997
4.8129,181.15,181.342,-0.192066,-0.0125075,-0.00912104,-0.0169745,-0.0141737,181.397,-0.00160425
4.81876,180.056,180.199,-0.142858,-0.0124425,-0.00907557,-0.0169019,-0.0141452,180.253,-0.00157856
4.82462,178.525,178.669,-0.14485,-0.0123777,-0.00903047,-0.0168298,-0.0141167,178.723,-0.0015529
4.83048,176.526,176.772,-0.245323,-0.012313,-0.00898572,-0.0167583,-0.0140884,176.825,-0.00152727
4.83635,174.583,174.527,0.0564375,-0.0122486,-0.00894133,-0.0166874,-0.0140603,174.58,-0.00150168
4.84221,172.125,171.961,0.163638,-0.0121845,-0.00889731,-0.0166171,-0.0140322,172.015,-0.00147612
4.84807,169.136,169.103,0.0330421,-0.0121207,-0.00885365,-0.0165474,-0.0140042,169.156,-0.0014506
4.85393,165.941,165.983,-0.0412164,-0.0120573,-0.00881035,-0.0164782,-0.0139764,166.035,-0.00142511
4.85979,162.532,162.632,-0.0999916,-0.0119942,-0.00876742,-0.0164096,-0.0139486,162.684,-0.00139965
4.86566,158.898,159.083,-0.18518,-0.0119314,-0.00872486,-0.0163416,-0.013921,159.135,-0.00137422
4.87152,155.302,155.369,-0.0665494,-0.0118691,-0.00868266,-0.016274,-0.0138935,155.421,-0.00134883
4.87738,151.453,151.521,-0.06793,-0.0118072,-0.00864082,-0.0162071,-0.013866,151.572,-0.00132346
4.88324,147.566,147.569,-0.00332847,-0.0117457,-0.00859935,-0.0161406,-0.0138387,147.621,-0.00129814
4.88911,143.601,143.543,0.0575554,-0.0116846,-0.00855824,-0.0160747,-0.0138115,143.595,-0.00127284
4.89497,139.664,139.469,0.194632,-0.0116239,-0.00851748,-0.0160093,-0.0137844,139.521,-0.00124758
4.90083,135.406,135.373,0.0330052,-0.0115638,-0.00847709,-0.0159444,-0.0137574,135.424,-0.00122235
4.90669,131.29,131.275,0.014631,-0.011504,-0.00843705,-0.0158801,-0.0137306,131.326,-0.00119715
4.91255,127.165,127.197,-0.0321132,-0.0114448,-0.00839736,-0.0158162,-0.0137038,127.248,-0.00117199
4.91842,123.171,123.156,0.0145464,-0.011386,-0.00835803,-0.0157528,-0.0136771,123.207,-0.00114686
4.92428,119.072,119.168,-0.0955656,-0.0113277,-0.00831904,-0.01569,-0.0136505,119.218,-0.00112176
4.93014,115.37,115.244,0.125528,-0.0112699,-0.0082804,-0.0156276,-0.013624,115.294,-0.0010967
4.936,111.489,111.397,0.0917801,-0.0112126,-0.0082421,-0.0155657,-0.0135977,111.447,-0.00107166
4.94187,107.546,107.635,-0.0885865,-0.0111557,-0.00820414,-0.0155042,-0.0135714,107.685,-0.00104667
4.94773,103.95,103.966,-0.0155168,-0.0110994,-0.00816652,-0.0154433,-0.0135452,104.015,-0.0010217
4.95359,100.516,100.394,0.121704,-0.0110435,-0.00812924,-0.0153828,-0.0135192,100.443,-0.000996767
4.95945,97.04,96.9255,0.114535,-0.0109881,-0.00809229,-0.0153228,-0.0134932,96.9743,-0.000971867
4.96532,93.5561,93.5619,-0.00580578,-0.0109332,-0.00805566,-0.0152632,-0.0134673,93.6106,-0.000946999
4.97118,90.3839,90.3056,0.0783283,-0.0108788,-0.00801936,-0.015204,-0.0134416,90.354,-0.000922165
4.97704,87.2338,87.1573,0.0765313,-0.0108249,-0.00798339,-0.0151454,-0.0134159,87.2055,-0.000897364
4.9829,84.1051,84.1171,-0.0119276,-0.0107715,-0.00794773,-0.0150871,-0.0133903,84.1651,-0.000872595
4.98876,81.2368,81.1843,0.0525293,-0.0107185,-0.00791239,-0.0150293,-0.0133649,81.2322,-0.00084786
4.99463,78.2882,78.3578,-0.0695665,-0.0106661,-0.00787736,-0.0149719,-0.0133395,78.4055,-0.000823157
5.00049,75.6042,75.6358,-0.0316789,-0.0106141,-0.00784264,-0.014915,-0.0133142,75.6833,-0.000798488
5.00635,72.9141,73.0163,-0.102209,-0.0105626,-0.00780823,-0.0148585,-0.013289,73.0636,-0.000773851
5.01221,70.5838,70.4969,0.0869109,-0.0105116,-0.00777413,-0.0148024,-0.0132639,70.544,-0.000749247
5.01808,68.2271,68.0748,0.152273,-0.010461,-0.00774032,-0.0147467,-0.0132389,68.1217,-0.000724676
5.02394,65.7792,65.7473,0.0318854,-0.0104109,-0.00770681,-0.0146914,-0.013214,65.794,-0.000700138
5.0298,63.5665,63.5114,0.0551202,-0.0103613,-0.00767359,-0.0146365,-0.0131892,63.5579,-0.000675633
5.03566,61.5492,61.3641,0.185096,-0.0103121,-0.00764066,-0.014582,-0.0131645,61.4104,-0.000651161
5.04152,59.2384,59.3022,-0.0637876,-0.0102634,-0.00760803,-0.0145279,-0.0131398,59.3484,-0.000626722
5.04739,57.3271,57.3228,0.00434209,-0.0102151,-0.00757567,-0.0144742,-0.0131153,57.3687,-0.000602316
5.05325,55.5054,55.4225,0.0828393,-0.0101673,-0.0075436,-0.0144209,-0.0130909,55.4683,-0.000577943
5.05911,53.7077,53.5985,0.109251,-0.0101199,-0.0075118,-0.014368,-0.0130665,53.6441,-0.000553602
5.06497,51.8651,51.8476,0.0174625,-0.010073,-0.00748028,-0.0143154,-0.0130422,51.893,-0.000529295
5.07084,50.0134,50.1669,-0.153529,-0.0100265,-0.00744903,-0.0142633,-0.0130181,50.2121,-0.00050502
5.0767,48.4686,48.5534,-0.08487,-0.00998046,-0.00741805,-0.0142115,-0.012994,48.5985,-0.000480778
5.08256,47.1046,47.0045,0.100153,-0.00993483,-0.00738733,-0.01416,-0.01297,47.0494,-0.00045657
5.08842,45.5174,45.5172,0.000162746,-0.00988962,-0.00735688,-0.014109,-0.0129461,45.5619,-0.000432394
5.09428,44.1355,44.089,0.0464543,-0.00984483,-0.00732668,-0.0140582,-0.0129223,44.1336,-0.000408251
5.10015,42.7414,42.7173,0.0240894,-0.00980045,-0.00729675,-0.0140079,-0.0128985,42.7617,-0.000384141
5.10601,41.5202,41.3997,0.120501,-0.00975648,-0.00726706,-0.0139579,-0.0128749,41.4439,-0.000360064
5.11187,40.1335,40.1338,-0.000239273,-0.00971292,-0.00723763,-0.0139082,-0.0128513,40.1778,-0.00033602
5.11773,38.9751,38.9172,0.0578657,-0.00966975,-0.00720844,-0.0138589,-0.0128278,38.9611,-0.000312009
5.1236,37.8137,37.748,0.065793,-0.00962699,-0.0071795,-0.01381,-0.0128045,37.7917,-0.000288031
5.12946,36.5692,36.6238,-0.0545772,-0.00958462,-0.0071508,-0.0137614,-0.0127811,36.6674,-0.000264085
5.13532,35.5825,35.5429,0.0396293,-0.00954263,-0.00712234,-0.0137131,-0.0127579,35.5862,-0.000240173
5.14118,34.6328,34.5031,0.12971,-0.00950103,-0.00709412,-0.0136651,-0.0127348,34.5463,-0.000216294
5.14704,33.6026,33.5028,0.0997775,-0.0094598,-0.00706613,-0.0136175,-0.0127117,33.5459,-0.000192447
5.15291,32.5291,32.5402,-0.01108,-0.00941895,-0.00703837,-0.0135702,-0.0126888,32.5831,-0.000168633
5.15877,31.575,31.6136,-0.0386438,-0.00937847,-0.00701083,-0.0135232,-0.0126659,31.6563,-0.000144853
5.16463,30.6068,30.7214,-0.114682,-0.00933836,-0.00698353,-0.0134765,-0.0126431,30.764,-0.000121105
5.17049,29.7428,29.8622,-0.119436,-0.00929861,-0.00695645,-0.0134302,-0.0126204,29.9046,-9.73902e-05
5.17636,28.8234,29.0344,-0.211012,-0.00925921,-0.00692958,-0.0133841,-0.0125977,29.0767,-7.37082e-05
5.18222,28.2278,28.2368,-0.0090425,-0.00922017,-0.00690294,-0.0133384,-0.0125752,28.2789,-5.00593e-05
5.18808,27.4884,27.468,0.0204062,-0.00918148,-0.00687651,-0.013293,-0.0125527,27.5099,-2.64432e-05
5.19394,26.7502,26.7267,0.0235441,-0.00914313,-0.00685029,-0.0132479,-0.0125303,26.7685,-2.86005e-06
5.1998,26.2774,26.0118,0.265636,-0.00910512,-0.00682428,-0.0132031,-0.0125079,26.0534,2.06902e-05
5.20567,25.4273,25.3221,0.105138,-0.00906745,-0.00679849,-0.0131585,-0.0124857,25.3636,4.42075e-05
5.21153,24.7809,24.6566,0.124211,-0.00903011,-0.00677289,-0.0131143,-0.0124635,24.698,6.76918e-05
5.21739,23.9473,24.0143,-0.0669838,-0.0089931,-0.0067475,-0.0130704,-0.0124415,24.0555,9.11433e-05
5.22325,23.3593,23.3941,-0.0348036,-0.00895641,-0.00672231,-0.0130267,-0.0124195,23.4351,0.000114562
5.22912,22.7427,22.7952,-0.0524847,-0.00892005,-0.00669732,-0.0129834,-0.0123975,22.836,0.000137947
5.23498,22.2342,22.2166,0.0176163,-0.008884,-0.00667253,-0.0129403,-0.0123757,22.2573,0.0001613
5.24084,21.5773,21.6574,-0.0801847,-0.00884826,-0.00664793,-0.0128975,-0.0123539,21.698,0.00018462
5.2467,21.0448,21.117,-0.0722248,-0.00881284,-0.00662352,-0.012855,-0.0123322,21.1575,0.000207907
5.25256,20.5239,20.5946,-0.0706447,-0.00877772,-0.0065993,-0.0128128,-0.0123106,20.6348,0.000231161
5.25843,20.1085,20.0893,0.0192516,-0.0087429,-0.00657526,-0.0127708,-0.012289,20.1294,0.000254381
5.26429,19.5016,19.6005,-0.0989654,-0.00870838,-0.00655142,-0.0127291,-0.0122676,19.6405,0.00027757
5.27015,19.1298,19.1276,0.00215539,-0.00867415,-0.00652775,-0.0126877,-0.0122462,19.1674,0.000300725
5.27601,18.7332,18.6699,0.063305,-0.00864021,-0.00650427,-0.0126465,-0.0122248,18.7096,0.000323847
5.28188,18.272,18.2268,0.0452891,-0.00860656,-0.00648097,-0.0126056,-0.0122036,18.2663,0.000346936
5.28774,17.9387,17.7977,0.141001,-0.0085732,-0.00645784,-0.012565,-0.0121824,17.8371,0.000369992
5.2936,17.4474,17.382,0.0653894,-0.00854011,-0.00643489,-0.0125246,-0.0121613,17.4213,0.000393016
5.29946,17.0331,16.9794,0.0536868,-0.00850731,-0.00641211,-0.0124844,-0.0121403,17.0185,0.000416006
5.30532,16.6424,16.5892,0.0532178,-0.00847477,-0.0063895,-0.0124446,-0.0121193,16.6281,0.000438964
5.31119,16.3276,16.2109,0.116695,-0.00844251,-0.00636706,-0.0124049,-0.0120984,16.2498,0.000461889
5.31705,15.9379,15.8442,0.0937711,-0.00841052,-0.00634479,-0.0123656,-0.0120776,15.8829,0.00048478
5.32291,15.5355,15.4885,0.0469977,-0.00837879,-0.00632269,-0.0123264,-0.0120569,15.5271,0.000507639
5.32877,15.2387,15.1435,0.095164,-0.00834731,-0.00630074,-0.0122875,-0.0120362,15.182,0.000530465
5.33464,14.7776,14.8088,-0.0311357,-0.0083161,-0.00627896,-0.0122489,-0.0120156,14.8471,0.000553258
5.3405,14.5666,14.4839,0.0826339,-0.00828514,-0.00625734,-0.0122105,-0.0119951,14.5221,0.000576018
5.34636,14.0944,14.1686,-0.074192,-0.00825444,-0.00623588,-0.0121723,-0.0119746,14.2066,0.000598745
5.35222,13.9802,13.8624,0.117754,-0.00822398,-0.00621458,-0.0121344,-0.0119542,13.9003,0.000621439
5.35809,13.5568,13.5651,-0.0082209,-0.00819377,-0.00619342,-0.0120967,-0.0119339,13.6028,0.000644101
5.36395,13.2653,13.2762,-0.0109704,-0.0081638,-0.00617243,-0.0120592,-0.0119136,13.3139,0.000666729
5.36981,12.9825,12.9956,-0.013101,-0.00813407,-0.00615158,-0.012022,-0.0118934,13.0331,0.000689324
5.37567,12.7808,12.7229,0.0578968,-0.00810458,-0.00613088,-0.0119849,-0.0118733,12.7603,0.000711887
5.38153,12.3071,12.4578,-0.150759,-0.00807532,-0.00611034,-0.0119481,-0.0118533,12.4951,0.000734416
5.3874,12.1241,12.2001,-0.0760545,-0.00804629,-0.00608994,-0.0119116,-0.0118333,12.2373,0.000756913
5.39326,12.0007,11.9495,0.0511238,-0.0080175,-0.00606968,-0.0118752,-0.0118134,11.9865,0.000779377
5.39912,11.7672,11.7058,0.0613596,-0.00798892,-0.00604957,-0.0118391,-0.0117935,11.7427,0.000801808
5.40498,11.3883,11.4687,-0.0803595,-0.00796058,-0.00602959,-0.0118032,-0.0117737,11.5055,0.000824205
5.41085,11.3438,11.238,0.105818,-0.00793245,-0.00600976,-0.0117675,-0.011754,11.2746,0.00084657
5.41671,11.2352,11.0135,0.221767,-0.00790454,-0.00599007,-0.011732,-0.0117344,11.05,0.000868902
5.42257,10.7909,10.7949,-0.00403225,-0.00787685,-0.00597052,-0.0116967,-0.0117148,10.8313,0.000891201
5.42843,10.552,10.5821,-0.0301624,-0.00784937,-0.0059511,-0.0116617,-0.0116953,10.6184,0.000913468
5.43429,10.2613,10.3749,-0.113661,-0.0078221,-0.00593182,-0.0116268,-0.0116758,10.4111,0.000935701
5.44016,10.0902,10.1731,-0.0829525,-0.00779504,-0.00591267,-0.0115921,-0.0116564,10.2091,0.000957901
5.44602,9.94246,9.97653,-0.03407,-0.00776819,-0.00589365,-0.0115577,-0.0116371,10.0124,0.000980069
5.45188,9.98583,9.78499,0.200837,-0.00774154,-0.00587476,-0.0115234,-0.0116178,9.82075,0.0010022
5.45774,9.54353,9.59833,-0.0548047,-0.00771509,-0.005856,-0.0114894,-0.0115986,9.63397,0.0010243
5.46361,9.58694,9.4164,0.170544,-0.00768884,-0.00583737,-0.0114555,-0.0115795,9.45191,0.00104637
5.46947,9.29763,9.23904,0.0585914,-0.00766278,-0.00581886,-0.0114219,-0.0115604,9.27444,0.00106841
5.47533,9.05851,9.06611,-0.00760476,-0.00763692,-0.00580048,-0.0113884,-0.0115414,9.10139,0.00109041
5.48119,8.85917,8.89747,-0.0383038,-0.00761126,-0.00578223,-0.0113552,-0.0115225,8.93263,0.00111238
5.48705,8.78926,8.73299,0.056275,-0.00758578,-0.00576409,-0.0113221,-0.0115036,8.76803,0.00113432
5.49292,8.56317,8.57253,-0.00936468,-0.00756049,-0.00574608,-0.0112892,-0.0114848,8.60746,0.00115622
5.49878,8.40257,8.41597,-0.0134001,-0.00753539,-0.00572819,-0.0112565,-0.011466,8.45078,0.00117809
5.50464,8.25159,8.2632,-0.0116065,-0.00751047,-0.00571041,-0.011224,-0.0114473,8.29789,0.00119993
5.5105,8.12384,8.11408,0.00975959,-0.00748574,-0.00569276,-0.0111917,-0.0114287,8.14866,0.00122174
5.51637,8.00598,7.96852,0.0374549,-0.00746118,-0.00567522,-0.0111595,-0.0114101,8.00299,0.00124351
5.52223,7.81896,7.82641,-0.00744473,-0.0074368,-0.00565779,-0.0111276,-0.0113915,7.86076,0.00126525
5.52809,7.61876,7.68764,-0.0688772,-0.0074126,-0.00564048,-0.0110958,-0.0113731,7.72187,0.00128696
5.53395,7.60083,7.55211,0.0487215,-0.00738857,-0.00562328,-0.0110642,-0.0113547,7.58623,0.00130863
5.53981,7.45555,7.41973,0.0358163,-0.00736471,-0.0056062,-0.0110328,-0.0113363,7.45374,0.00133027
5.54568,7.31286,7.2904,0.0224603,-0.00734103,-0.00558922,-0.0110016,-0.0113181,7.3243,0.00135188
5.55154,6.99354,7.16404,-0.170503,-0.00731751,-0.00557236,-0.0109705,-0.0112998,7.19783,0.00137345
5.5574,6.99008,7.04056,-0.0504837,-0.00729416,-0.0055556,-0.0109396,-0.0112817,7.07424,0.00139499
5.56326,6.83948,6.91987,-0.0803866,-0.00727097,-0.00553895,-0.0109089,-0.0112636,6.95344,0.0014165
5.56913,6.68606,6.8019,-0.115841,-0.00724794,-0.00552241,-0.0108783,-0.0112455,6.83536,0.00143798
5.57499,6.61329,6.68656,-0.0732763,-0.00722508,-0.00550597,-0.0108479,-0.0112275,6.71991,0.00145942
5.58085,6.46997,6.57379,-0.103823,-0.00720238,-0.00548964,-0.0108177,-0.0112096,6.60703,0.00148083
5.58671,6.25291,6.46351,-0.210597,-0.00717983,-0.00547341,-0.0107877,-0.0111917,6.49664,0.00150221
5.59257,6.18244,6.35565,-0.173208,-0.00715744,-0.00545728,-0.0107578,-0.0111739,6.38867,0.00152355
5.59844,6.28919,6.25014,0.0390464,-0.0071352,-0.00544125,-0.0107281,-0.0111561,6.28306,0.00154486
5.6043,6.1449,6.14692,-0.00201703,-0.00711312,-0.00542533,-0.0106985,-0.0111384,6.17973,0.00156614
5.61016,5.96909,6.04593,-0.0768401,-0.00709119,-0.0054095,-0.0106691,-0.0111208,6.07863,0.00158739
5.61602,5.92533,5.94709,-0.0217665,-0.00706941,-0.00539377,-0.0106399,-0.0111032,5.97969,0.0016086
5.62189,5.6599,5.85037,-0.190473,-0.00704777,-0.00537814,-0.0106108,-0.0110856,5.88286,0.00162978
5.62775,5.84007,5.75569,0.0843789,-0.00702628,-0.00536261,-0.0105819,-0.0110681,5.78808,0.00165093
5.63361,5.79687,5.66301,0.133865,-0.00700494,-0.00534717,-0.0105531,-0.0110507,5.69529,0.00167204
5.63947,5.60449,5.57226,0.0322291,-0.00698374,-0.00533182,-0.0105245,-0.0110333,5.60444,0.00169312
5.64533,5.53001,5.48341,0.046605,-0.00696268,-0.00531657,-0.010496,-0.011016,5.51548,0.00171417
5.6512,5.35196,5.39639,-0.0444254,-0.00694176,-0.00530142,-0.0104677,-0.0109987,5.42836,0.00173519
5.65706,5.25666,5.31116,-0.0545015,-0.00692099,-0.00528635,-0.0104396,-0.0109815,5.34303,0.00175617
5.66292,5.19013,5.22767,-0.0375414,-0.00690034,-0.00527138,-0.0104116,-0.0109644,5.25944,0.00177712
5.66878,5.08783,5.14589,-0.0580559,-0.00687984,-0.0052565,-0.0103837,-0.0109473,5.17756,0.00179803
5.67465,5.10202,5.06575,0.0362625,-0.00685947,-0.0052417,-0.010356,-0.0109302,5.09732,0.00181892
5.68051,4.89262,4.98723,-0.0946165,-0.00683923,-0.005227,-0.0103284,-0.0109132,5.0187,0.00183977
5.68637,4.93665,4.91028,0.026369,-0.00681913,-0.00521238,-0.010301,-0.0108963,4.94165,0.00186058
5.69223,4.75495,4.83486,-0.0799087,-0.00679915,-0.00519785,-0.0102738,-0.0108794,4.86613,0.00188137
5.69809,4.75367,4.76093,-0.00726222,-0.00677931,-0.0051834,-0.0102466,-0.0108625,4.7921,0.00190212
5.70396,4.80864,4.68846,0.120182,-0.00675959,-0.00516905,-0.0102196,-0.0108457,4.71953,0.00192284
5.70982,4.82304,4.6174,0.205636,-0.00674,-0.00515477,-0.0101928,-0.010829,4.64837,0.00194352
5.71568,4.475,4.54773,-0.0727265,-0.00672054,-0.00514058,-0.0101661,-0.0108123,4.5786,0.00196418
5.72154,4.52212,4.4794,0.042718,-0.0067012,-0.00512648,-0.0101395,-0.0107957,4.51018,0.0019848
5.72741,4.56693,4.41239,0.154532,-0.00668198,-0.00511245,-0.0101131,-0.0107791,4.44307,0.00200538
5.73327,4.39949,4.34667,0.0528217,-0.00666288,-0.00509851,-0.0100868,-0.0107625,4.37725,0.00202594
5.73913,4.43276,4.28219,0.150566,-0.00664391,-0.00508465,-0.0100606,-0.0107461,4.31268,0.00204646
5.74499,4.19203,4.21894,-0.0269059,-0.00662505,-0.00507087,-0.0100346,-0.0107296,4.24933,0.00206695
5.75085,4.15463,4.15688,-0.00224807,-0.00660631,-0.00505716,-0.0100087,-0.0107132,4.18718,0.0020874
5.75672,4.31421,4.09598,0.218228,-0.00658769,-0.00504354,-0.00998293,-0.0106969,4.12619,0.00210783
5.76258,4.17764,4.03622,0.141413,-0.00656919,-0.00503,-0.0099573,-0.0106806,4.06633,0.00212822
5.76844,4.11382,3.97757,0.136251,-0.0065508,-0.00501653,-0.0099318,-0.0106644,4.00759,0.00214857
5.7743,3.95071,3.92,0.030705,-0.00653253,-0.00500314,-0.00990643,-0.0106482,3.94992,0.0021689
5.78017,3.8586,3.86349,-0.00488829,-0.00651436,-0.00498982,-0.00988119,-0.0106321,3.89332,0.00218919
5.78603,3.89738,3.80801,0.0893655,-0.00649631,-0.00497658,-0.00985608,-0.010616,3.83775,0.00220944
5.79189,3.79299,3.75355,0.0394417,-0.00647837,-0.00496342,-0.00983109,-0.0105999,3.78319,0.00222967
5.79775,3.87492,3.70006,0.17486,-0.00646054,-0.00495033,-0.00980623,-0.0105839,3.72961,0.00224986
5.80362,3.63295,3.64754,-0.0145969,-0.00644281,-0.00493731,-0.00978149,-0.010568,3.677,0.00227002
5.80948,3.51272,3.59596,-0.0832439,-0.0064252,-0.00492437,-0.00975687,-0.0105521,3.62533,0.00229015
5.81534,3.5673,3.5453,0.0219958,-0.00640769,-0.00491149,-0.00973238,-0.0105363,3.57458,0.00231024
5.8212,3.36853,3.49554,-0.12701,-0.00639028,-0.00489869,-0.00970801,-0.0105205,3.52473,0.0023303
5.82706,3.47161,3.44666,0.024951,-0.00637298,-0.00488596,-0.00968376,-0.0105047,3.47576,0.00235033
5.83293,3.54613,3.39864,0.147494,-0.00635579,-0.0048733,-0.00965963,-0.010489,3.42765,0.00237032
5.83879,3.57315,3.35146,0.221699,-0.00633869,-0.00486071,-0.00963562,-0.0104733,3.38037,0.00239028
5.84465,3.26205,3.30509,-0.0430471,-0.0063217,-0.00484819,-0.00961173,-0.0104577,3.33392,0.00241021
5.85051,3.21567,3.25953,-0.0438602,-0.00630481,-0.00483574,-0.00958796,-0.0104422,3.28827,0.00243011
5.85638,3.28491,3.21476,0.0701543,-0.00628802,-0.00482336,-0.0095643,-0.0104266,3.24341,0.00244997
5.86224,3.15576,3.17075,-0.014994,-0.00627132,-0.00481104,-0.00954076,-0.0104112,3.19932,0.0024698
5.8681,3.17137,3.1275,0.0438725,-0.00625473,-0.00479879,-0.00951733,-0.0103957,3.15598,0.0024896
5.87396,2.94725,3.08498,-0.137735,-0.00623823,-0.00478661,-0.00949401,-0.0103804,3.11337,0.00250936
5.87982,2.99734,3.04318,-0.0458418,-0.00622182,-0.00477449,-0.00947081,-0.010365,3.07149,0.00252909
5.88569,3.05104,3.00209,0.0489515,-0.00620551,-0.00476244,-0.00944773,-0.0103497,3.0303,0.00254879
5.89155,2.91962,2.96168,-0.0420597,-0.0061893,-0.00475045,-0.00942475,-0.0103345,2.98981,0.00256845
5.89741,2.95888,2.92195,0.0369307,-0.00617318,-0.00473852,-0.00940188,-0.0103193,2.94999,0.00258809
5.90327,2.90754,2.88288,0.024667,-0.00615715,-0.00472666,-0.00937913,-0.0103041,2.91084,0.00260769
5.90914,2.82824,2.84445,-0.0162148,-0.00614121,-0.00471486,-0.00935648,-0.010289,2.87232,0.00262725
5.915,2.7161,2.80666,-0.090561,-0.00612537,-0.00470313,-0.00933394,-0.0102739,2.83445,0.00264679
5.92086,2.72866,2.76948,-0.0408192,-0.00610961,-0.00469146,-0.00931151,-0.0102589,2.79719,0.00266629
5.92672,2.7574,2.73292,0.0244868,-0.00609395,-0.00467984,-0.00928919,-0.0102439,2.76054,0.00268575
5.93258,2.68648,2.69694,-0.0104573,-0.00607837,-0.00466829,-0.00926697,-0.010229,2.72448,0.00270519
5.93845,2.72565,2.66155,0.064095,-0.00606288,-0.0046568,-0.00924486,-0.0102141,2.689,0.00272459
5.94431,2.69667,2.62673,0.0699433,-0.00604747,-0.00464537,-0.00922285,-0.0101992,2.6541,0.00274396
5.95017,2.50974,2.59247,-0.0827274,-0.00603216,-0.004634,-0.00920095,-0.0101844,2.61975,0.00276329
5.95603,2.54307,2.55875,-0.015684,-0.00601693,-0.00462269,-0.00917915,-0.0101697,2.58595,0.0027826
5.9619,2.62496,2.52557,0.099393,-0.00600178,-0.00461144,-0.00915745,-0.0101549,2.55269,0.00280187
5.96776,2.58487,2.49291,0.0919606,-0.00598671,-0.00460024,-0.00913586,-0.0101403,2.51996,0.0028211
5.97362,2.46507,2.46077,0.00429605,-0.00597173,-0.0045891,-0.00911436,-0.0101256,2.48773,0.00284031
5.97948,2.30874,2.42914,-0.120398,-0.00595684,-0.00457802,-0.00909297,-0.010111,2.45602,0.00285948
5.98534,2.37852,2.39799,-0.0194768,-0.00594202,-0.004567,-0.00907167,-0.0100965,2.42479,0.00287862
5.99121,2.38648,2.36734,0.0191413,-0.00592729,-0.00455603,-0.00905047,-0.010082,2.39406,0.00289772
5.99707,2.45634,2.33715,0.119183,-0.00591263,-0.00454512,-0.00902938,-0.0100675,2.36379,0.0029168
6.00293,2.34055,2.30744,0.0331126,-0.00589806,-0.00453427,-0.00900838,-0.0100531,2.334,0.00293584
6.00879,2.29526,2.27818,0.0170853,-0.00588356,-0.00452346,-0.00898747,-0.0100387,2.30466,0.00295484
6.01466,2.29251,2.24937,0.0431439,-0.00586914,-0.00451272,-0.00896666,-0.0100243,2.27577,0.00297382
6.02052,2.36795,2.22099,0.146957,-0.0058548,-0.00450203,-0.00894595,-0.01001,2.24731,0.00299276
6.02638,2.33375,2.19305,0.140703,-0.00584054,-0.00449139,-0.00892534,-0.00999576,2.21929,0.00301167
6.03224,2.39471,2.16553,0.229182,-0.00582635,-0.0044808,-0.00890481,-0.00998153,2.1917,0.00303054
6.0381,2.16558,2.13843,0.0271533,-0.00581224,-0.00447027,-0.00888438,-0.00996735,2.16451,0.00304938
6.04397,2.2231,2.11173,0.111374,-0.0057982,-0.00445979,-0.00886405,-0.00995321,2.13774,0.00306819
6.04983,2.14678,2.08543,0.0613507,-0.00578424,-0.00444936,-0.00884381,-0.0099391,2.11136,0.00308697
6.05569,2.22634,2.05952,0.166816,-0.00577035,-0.00443898,-0.00882365,-0.00992504,2.08537,0.00310571
6.06155,2.04493,2.034,0.01093,-0.00575654,-0.00442866,-0.00880359,-0.00991101,2.05977,0.00312442
6.06742,2.08762,2.00885,0.0787759,-0.0057428,-0.00441838,-0.00878362,-0.00989703,2.03455,0.0031431
6.07328,2.07781,1.98407,0.0937365,-0.00572913,-0.00440816,-0.00876374,-0.00988308,2.00969,0.00316174
6.07914,1.9106,1.95965,-0.0490514,-0.00571553,-0.00439798,-0.00874395,-0.00986917,1.9852,0.00318035
6.085,1.92756,1.9356,-0.00803817,-0.005702,-0.00438786,-0.00872425,-0.00985531,1.96107,0.00319893
6.09086,1.89533,1.91189,-0.0165591,-0.00568854,-0.00437778,-0.00870463,-0.00984148,1.93728,0.00321748
6.09673,1.84451,1.88852,-0.0440131,-0.00567515,-0.00436776,-0.00868511,-0.00982769,1.91384,0.00323599
6.10259,1.79229,1.86549,-0.0732017,-0.00566183,-0.00435778,-0.00866567,-0.00981394,1.89074,0.00325447
6.10845,1.69438,1.84279,-0.148417,-0.00564858,-0.00434785,-0.00864631,-0.00980022,1.86796,0.00327292
6.11431,1.81852,1.82042,-0.00190267,-0.0056354,-0.00433797,-0.00862705,-0.00978655,1.84552,0.00329133
6.12018,1.81038,1.79837,0.0120107,-0.00562229,-0.00432813,-0.00860786,-0.00977291,1.82339,0.00330971
6.12604,1.79883,1.77662,0.0222091,-0.00560924,-0.00431835,-0.00858877,-0.00975931,1.80157,0.00332806
6.1319,1.75584,1.75519,0.000652212,-0.00559626,-0.0043086,-0.00856975,-0.00974575,1.78007,0.00334638
6.13776,1.76985,1.73406,0.0357854,-0.00558334,-0.00429891,-0.00855082,-0.00973223,1.75886,0.00336466
6.14362,1.66678,1.71323,-0.0464472,-0.00557049,-0.00428926,-0.00853198,-0.00971874,1.73795,0.00338291
6.14949,1.59585,1.69268,-0.0968299,-0.0055577,-0.00427966,-0.00851321,-0.00970529,1.71734,0.00340113
6.15535,1.6851,1.67243,0.0126722,-0.00554498,-0.0042701,-0.00849453,-0.00969188,1.69701,0.00341931
6.16121,1.69335,1.65245,0.0409,-0.00553232,-0.00426059,-0.00847593,-0.0096785,1.67696,0.00343746
6.16707,1.6989,1.63276,0.0661436,-0.00551973,-0.00425112,-0.00845741,-0.00966516,1.65719,0.00345558
6.17294,1.67585,1.61333,0.0625228,-0.00550719,-0.0042417,-0.00843897,-0.00965186,1.6377,0.00347366
6.1788,1.50369,1.59417,-0.0904853,-0.00549472,-0.00423232,-0.00842061,-0.0096386,1.61847,0.00349171
6.18466,1.44389,1.57527,-0.131384,-0.00548231,-0.00422299,-0.00840233,-0.00962537,1.5995,0.00350973
6.19052,1.45446,1.55664,-0.102176,-0.00546997,-0.0042137,-0.00838413,-0.00961218,1.58079,0.00352772
6.19638,1.68457,1.53825,0.146316,-0.00545768,-0.00420445,-0.008366,-0.00959902,1.56233,0.00354567
6.20225,1.62433,1.52011,0.104215,-0.00544545,-0.00419524,-0.00834796,-0.0095859,1.54412,0.00356359
6.20811,1.43401,1.50222,-0.0682153,-0.00543329,-0.00418608,-0.00832999,-0.00957281,1.52616,0.00358148
6.21397,1.56137,1.48457,0.0767984,-0.00542118,-0.00417696,-0.0083121,-0.00955976,1.50844,0.00359933
6.21983,1.5649,1.46716,0.0977441,-0.00540913,-0.00416788,-0.00829428,-0.00954675,1.49096,0.00361715
6.2257,1.44063,1.44998,-0.0093465,-0.00539714,-0.00415885,-0.00827654,-0.00953377,1.47371,0.00363494
6.23156,1.49906,1.43302,0.0660381,-0.00538521,-0.00414985,-0.00825888,-0.00952083,1.45669,0.0036527
6.23742,1.45695,1.4163,0.0406527,-0.00537334,-0.0041409,-0.00824129,-0.00950792,1.43989,0.00367042
6.24328,1.41742,1.39979,0.0176273,-0.00536152,-0.00413198,-0.00822377,-0.00949505,1.42332,0.00368811
6.24915,1.42032,1.3835,0.0368176,-0.00534976,-0.00412311,-0.00820633,-0.00948221,1.40696,0.00370577
6.25501,1.49407,1.36743,0.126644,-0.00533806,-0.00411428,-0.00818896,-0.0094694,1.39082,0.00372339
6.26087,1.4575,1.35157,0.10593,-0.00532641,-0.00410548,-0.00817167,-0.00945663,1.37488,0.00374098
6.26673,1.21007,1.33591,-0.125838,-0.00531482,-0.00409673,-0.00815445,-0.0094439,1.35916,0.00375854
6.27259,1.23055,1.32046,-0.0899045,-0.00530328,-0.00408801,-0.0081373,-0.0094312,1.34364,0.00377607
6.27846,1.41114,1.3052,0.105935,-0.0052918,-0.00407934,-0.00812022,-0.00941853,1.32832,0.00379356
6.28432,1.53271,1.29015,0.24256,-0.00528037,-0.0040707,-0.00810321,-0.0094059,1.3132,0.00381102
6.29018,1.25048,1.27528,-0.0248096,-0.00526899,-0.0040621,-0.00808628,-0.0093933,1.29827,0.00382844
6.29604,1.36617,1.26061,0.105557,-0.00525767,-0.00405354,-0.00806941,-0.00938073,1.28353,0.00384584
6.30191,1.14453,1.24613,-0.101601,-0.0052464,-0.00404502,-0.00805262,-0.0093682,1.26898,0.0038632
6.30777,1.32335,1.23183,0.0915155,-0.00523519,-0.00403654,-0.00803589,-0.0093557,1.25461,0.00388052
6.31363,1.22783,1.21771,0.0101162,-0.00522402,-0.00402809,-0.00801923,-0.00934324,1.24043,0.00389782
6.31949,1.32004,1.20378,0.116262,-0.00521291,-0.00401968,-0.00800264,-0.00933081,1.22643,0.00391508
6.32535,1.28685,1.19001,0.0968312,-0.00520185,-0.00401131,-0.00798612,-0.00931841,1.2126,0.00393231
6.33122,1.13675,1.17643,-0.039679,-0.00519084,-0.00400297,-0.00796967,-0.00930604,1.19895,0.00394951
6.33708,1.06515,1.16301,-0.0978562,-0.00517988,-0.00399467,-0.00795329,-0.00929371,1.18546,0.00396667
6.34294,1.00921,1.14976,-0.140549,-0.00516897,-0.00398641,-0.00793697,-0.0092814,1.17215,0.0039838
6.3488,0.92907,1.13667,-0.207602,-0.00515811,-0.00397818,-0.00792072,-0.00926914,1.159,0.0040009
6.35467,0.762154,1.12375,-0.361597,-0.00514731,-0.00396999,-0.00790453,-0.0092569,1.14601,0.00401796
6.36053,0.907088,1.11099,-0.2039,-0.00513655,-0.00396184,-0.00788841,-0.0092447,1.13318,0.00403499
6.36639,1.0497,1.09838,-0.0486866,-0.00512584,-0.00395372,-0.00787235,-0.00923252,1.12052,0.00405199
6.37225,1.0417,1.08593,-0.0442335,-0.00511517,-0.00394563,-0.00785637,-0.00922038,1.108,0.00406895
6.37811,1.11287,1.07364,0.0392335,-0.00510456,-0.00393758,-0.00784044,-0.00920828,1.09564,0.00408589
6.38398,1.03438,1.06149,-0.0271079,-0.00509399,-0.00392956,-0.00782458,-0.0091962,1.08343,0.00410279
6.38984,1.10624,1.0495,0.056743,-0.00508348,-0.00392158,-0.00780878,-0.00918415,1.07137,0.00411965
6.3957,1.10023,1.03764,0.0625894,-0.005073,-0.00391363,-0.00779305,-0.00917214,1.05946,0.00413649
6.40156,1.00972,1.02594,-0.0162199,-0.00506258,-0.00390572,-0.00777738,-0.00916016,1.04769,0.00415329
6.40743,0.900194,1.01437,-0.114176,-0.0050522,-0.00389784,-0.00776177,-0.00914821,1.03606,0.00417005
6.41329,0.792578,1.00294,-0.210365,-0.00504187,-0.00388999,-0.00774622,-0.00913629,1.02457,0.00418679
6.41915,0.995333,0.991654,0.00367884,-0.00503158,-0.00388218,-0.00773074,-0.0091244,1.01322,0.00420349
6.42501,0.982085,0.9805,0.00158471,-0.00502134,-0.0038744,-0.00771532,-0.00911254,1.002,0.00422016
6.43087,0.800092,0.96948,-0.169388,-0.00501115,-0.00386665,-0.00769996,-0.00910071,0.990922,0.0042368
6.43674,0.836537,0.958591,-0.122053,-0.005001,-0.00385893,-0.00768465,-0.00908892,0.979971,0.0042534
6.4426,0.879699,0.947831,-0.0681317,-0.00499089,-0.00385125,-0.00766941,-0.00907715,0.96915,0.00426997
6.44846,1.0688,0.937199,0.131604,-0.00498083,-0.0038436,-0.00765423,-0.00906542,0.958456,0.00428651
6.45432,1.0689,0.926692,0.142209,-0.00497081,-0.00383598,-0.00763911,-0.00905371,0.947888,0.00430301
6.46019,0.943467,0.916309,0.0271584,-0.00496084,-0.00382839,-0.00762405,-0.00904204,0.937445,0.00431948
6.46605,0.9825,0.906048,0.076452,-0.00495091,-0.00382084,-0.00760905,-0.00903039,0.927123,0.00433592
6.47191,0.780825,0.895907,-0.115082,-0.00494102,-0.00381331,-0.00759411,-0.00901877,0.916922,0.00435233
6.47777,0.81173,0.885885,-0.0741544,-0.00493118,-0.00380582,-0.00757922,-0.00900719,0.906839,0.0043687
6.48363,0.818724,0.875979,-0.0572551,-0.00492138,-0.00379836,-0.0075644,-0.00899563,0.896874,0.00438504
6.4895,0.724576,0.866188,-0.141613,-0.00491162,-0.00379092,-0.00754963,-0.00898411,0.887023,0.00440135
6.49536,0.9336,0.856511,0.077089,-0.0049019,-0.00378352,-0.00753492,-0.00897261,0.877287,0.00441762
6.50122,0.837904,0.846946,-0.00904204,-0.00489222,-0.00377615,-0.00752026,-0.00896114,0.867662,0.00443386
6.50708,0.961089,0.83749,0.123599,-0.00488259,-0.00376881,-0.00750566,-0.0089497,0.858147,0.00445007
6.51295,0.717689,0.828144,-0.110455,-0.00487299,-0.0037615,-0.00749112,-0.0089383,0.848741,0.00446625
6.51881,0.877759,0.818904,0.0588548,-0.00486344,-0.00375422,-0.00747664,-0.00892691,0.839443,0.00448239
6.52467,0.907152,0.80977,0.0973825,-0.00485393,-0.00374697,-0.00746221,-0.00891556,0.83025,0.0044985
6.53053,0.733918,0.80074,-0.066822,-0.00484446,-0.00373975,-0.00744783,-0.00890424,0.821161,0.00451457
6.53639,0.804845,0.791812,0.0130332,-0.00483503,-0.00373255,-0.00743351,-0.00889295,0.812176,0.00453062
6.54226,0.815416,0.782986,0.0324306,-0.00482563,-0.00372539,-0.00741925,-0.00888168,0.803291,0.00454663
6.54812,0.851199,0.774259,0.0769404,-0.00481628,-0.00371825,-0.00740504,-0.00887045,0.794506,0.0045626
6.55398,0.752787,0.765631,-0.0128434,-0.00480697,-0.00371115,-0.00739088,-0.00885924,0.78582,0.00457855
6.55984,0.671717,0.757099,-0.0853818,-0.00479769,-0.00370407,-0.00737678,-0.00884806,0.777231,0.00459446
6.56571,0.629996,0.748663,-0.118667,-0.00478845,-0.00369702,-0.00736273,-0.00883691,0.768738,0.00461034
6.57157,0.724786,0.740322,-0.0155364,-0.00477926,-0.00369,-0.00734873,-0.00882578,0.76034,0.00462619
6.57743,0.67348,0.732073,-0.0585939,-0.0047701,-0.003683,-0.00733479,-0.00881469,0.752034,0.004642
6.58329,0.708271,0.723917,-0.015646,-0.00476098,-0.00367604,-0.0073209,-0.00880362,0.74382,0.00465778
6.58915,0.487261,0.71585,-0.228589,-0.00475189,-0.0036691,-0.00730706,-0.00879258,0.735697,0.00467353
6.59502,0.616997,0.707873,-0.0908757,-0.00474284,-0.00366219,-0.00729328,-0.00878156,0.727664,0.00468924
6.60088,0.508591,0.699984,-0.191393,-0.00473383,-0.0036553,-0.00727954,-0.00877058,0.719718,0.00470492
6.60674,0.652451,0.692182,-0.0397303,-0.00472486,-0.00364845,-0.00726586,-0.00875962,0.71186,0.00472057
6.6126,0.801682,0.684465,0.117217,-0.00471593,-0.00364162,-0.00725223,-0.00874869,0.704087,0.00473619
6.61847,0.74649,0.676833,0.0696579,-0.00470703,-0.00363481,-0.00723865,-0.00873779,0.696399,0.00475177
6.62433,0.66644,0.669284,-0.00284367,-0.00469816,-0.00362804,-0.00722512,-0.00872691,0.688795,0.00476732
6.63019,0.749594,0.661817,0.0877775,-0.00468934,-0.00362129,-0.00721164,-0.00871606,0.681272,0.00478283
6.63605,0.490047,0.654431,-0.164385,-0.00468055,-0.00361456,-0.00719821,-0.00870524,0.673832,0.00479832
6.64191,0.551079,0.647126,-0.0960466,-0.00467179,-0.00360787,-0.00718483,-0.00869444,0.666471,0.00481377
6.64778,0.714071,0.639899,0.0741715,-0.00466307,-0.00360119,-0.0071715,-0.00868367,0.659189,0.00482919
6.65364,0.610168,0.632751,-0.0225822,-0.00465438,-0.00359455,-0.00715822,-0.00867293,0.651986,0.00484457
6.6595,0.444427,0.625679,-0.181251,-0.00464573,-0.00358793,-0.00714499,-0.00866222,0.64486,0.00485992
6.66536,0.47093,0.618683,-0.147752,-0.00463712,-0.00358133,-0.00713181,-0.00865153,0.637809,0.00487524
6.67123,0.61786,0.611762,0.00609834,-0.00462854,-0.00357476,-0.00711867,-0.00864086,0.630834,0.00489053
6.67709,0.660894,0.604915,0.0559791,-0.00461999,-0.00356822,-0.00710558,-0.00863023,0.623933,0.00490578
6.68295,0.634313,0.59814,0.0361732,-0.00461147,-0.0035617,-0.00709254,-0.00861962,0.617105,0.004921
6.68881,0.695403,0.591438,0.103965,-0.004603,-0.00355521,-0.00707955,-0.00860903,0.610349,0.00493619
6.69468,0.631517,0.584807,0.0467099,-0.00459455,-0.00354874,-0.00706661,-0.00859847,0.603664,0.00495134
6.70054,0.619181,0.578245,0.0409352,-0.00458614,-0.00354229,-0.00705371,-0.00858794,0.597049,0.00496647
6.7064,0.684166,0.571754,0.112413,-0.00457776,-0.00353587,-0.00704086,-0.00857743,0.590504,0.00498156
6.71226,0.430972,0.56533,-0.134358,-0.00456941,-0.00352948,-0.00702806,-0.00856695,0.584027,0.00499661
6.71812,0.783936,0.558974,0.224962,-0.0045611,-0.00352311,-0.0070153,-0.0085565,0.577618,0.00501163
6.72399,0.662119,0.552684,0.109435,-0.00455282,-0.00351676,-0.00700259,-0.00854607,0.571276,0.00502662
6.72985,0.798522,0.54646,0.252062,-0.00454457,-0.00351043,-0.00698992,-0.00853566,0.564999,0.00504158
6.73571,0.639427,0.540301,0.099126,-0.00453635,-0.00350413,-0.0069773,-0.00852528,0.558787,0.0050565
6.74157,0.693817,0.534206,0.159611,-0.00452817,-0.00349786,-0.00696473,-0.00851493,0.55264,0.0050714
6.74744,0.634283,0.528174,0.106109,-0.00452001,-0.0034916,-0.0069522,-0.0085046,0.546556,0.00508625
6.7533,0.6022,0.522204,0.079996,-0.00451189,-0.00348538,-0.00693972,-0.00849429,0.540535,0.00510108
6.75916,0.557825,0.516297,0.0415283,-0.0045038,-0.00347917,-0.00692728,-0.00848401,0.534575,0.00511587
6.76502,0.51229,0.51045,0.00184029,-0.00449574,-0.00347299,-0.00691488,-0.00847376,0.528676,0.00513063
6.77088,0.653314,0.504663,0.148651,-0.00448771,-0.00346683,-0.00690253,-0.00846353,0.522838,0.00514536
6.77675,0.632293,0.498935,0.133358,-0.00447972,-0.00346069,-0.00689022,-0.00845332,0.517059,0.00516005
6.78261,0.699849,0.493266,0.206583,-0.00447175,-0.00345457,-0.00687796,-0.00844314,0.511339,0.00517471
6.78847,0.418713,0.487655,-0.0689424,-0.00446381,-0.00344848,-0.00686574,-0.00843298,0.505677,0.00518934
6.79433,0.292026,0.482101,-0.190076,-0.00445591,-0.00344241,-0.00685356,-0.00842285,0.500072,0.00520393
6.8002,0.47506,0.476604,-0.00154356,-0.00444803,-0.00343636,-0.00684143,-0.00841274,0.494524,0.0052185
6.80606,0.634486,0.471162,0.163324,-0.00444018,-0.00343034,-0.00682934,-0.00840266,0.489032,0.00523302
6.81192,0.413723,0.465776,-0.0520521,-0.00443237,-0.00342433,-0.00681729,-0.0083926,0.483595,0.00524752
6.81778,0.35128,0.460443,-0.109163,-0.00442458,-0.00341835,-0.00680528,-0.00838257,0.478212,0.00526198
6.82364,0.343656,0.455165,-0.111509,-0.00441682,-0.00341239,-0.00679332,-0.00837255,0.472883,0.00527641
6.82951,0.409849,0.449939,-0.0400904,-0.0044091,-0.00340645,-0.00678139,-0.00836257,0.467608,0.00529081
6.83537,0.539764,0.444766,0.094998,-0.0044014,-0.00340054,-0.00676951,-0.0083526,0.462385,0.00530518
6.84123,0.46566,0.439645,0.0260157,-0.00439373,-0.00339464,-0.00675767,-0.00834266,0.457214,0.00531951
6.84709,0.476509,0.434574,0.041935,-0.00438608,-0.00338877,-0.00674588,-0.00833275,0.452094,0.00533381
6.85296,0.295751,0.429554,-0.133803,-0.00437847,-0.00338292,-0.00673412,-0.00832285,0.447025,0.00534807
6.85882,0.210267,0.424585,-0.214317,-0.00437089,-0.00337709,-0.0067224,-0.00831298,0.442006,0.0053623
6.86468,0.388243,0.419664,-0.0314207,-0.00436333,-0.00337128,-0.00671073,-0.00830314,0.437036,0.0053765
6.87054,0.441541,0.414792,0.0267486,-0.0043558,-0.00336549,-0.00669909,-0.00829331,0.432115,0.00539067
6.8764,0.357387,0.409968,-0.0525814,-0.0043483,-0.00335972,-0.0066875,-0.00828351,0.427243,0.0054048
6.88227,0.416973,0.405192,0.0117806,-0.00434083,-0.00335397,-0.00667594,-0.00827374,0.422418,0.0054189
6.88813,0.422711,0.400463,0.0222479,-0.00433338,-0.00334824,-0.00666442,-0.00826398,0.41764,0.00543297
6.89399,0.468525,0.39578,0.0727451,-0.00432596,-0.00334253,-0.00665295,-0.00825425,0.412909,0.00544701
6.89985,0.363175,0.391143,-0.027968,-0.00431857,-0.00333685,-0.00664151,-0.00824454,0.408224,0.00546101
6.90572,0.383702,0.386552,-0.00284982,-0.0043112,-0.00333118,-0.00663011,-0.00823486,0.403584,0.00547498
6.91158,0.553502,0.382005,0.171497,-0.00430387,-0.00332553,-0.00661876,-0.0082252,0.398989,0.00548892
6.91744,0.355057,0.377502,-0.0224456,-0.00429656,-0.00331991,-0.00660744,-0.00821556,0.394439,0.00550282
6.9233,0.332806,0.373044,-0.0402371,-0.00428927,-0.0033143,-0.00659616,-0.00820594,0.389932,0.00551669
6.92916,0.308719,0.368628,-0.0599093,-0.00428201,-0.00330871,-0.00658491,-0.00819635,0.385469,0.00553053
6.93503,0.423736,0.364255,0.0594808,-0.00427478,-0.00330314,-0.00657371,-0.00818677,0.381049,0.00554433
6.94089,0.296164,0.359924,-0.0637599,-0.00426758,-0.00329759,-0.00656254,-0.00817722,0.376671,0.0055581
6.94675,0.213994,0.355635,-0.141642,-0.0042604,-0.00329207,-0.00655141,-0.0081677,0.372335,0.00557184
6.95261,0.241139,0.351388,-0.110248,-0.00425324,-0.00328656,-0.00654032,-0.00815819,0.36804,0.00558555
6.95848,0.181172,0.347181,-0.166009,-0.00424612,-0.00328107,-0.00652927,-0.00814871,0.363787,0.00559922
6.96434,0.32301,0.343014,-0.020004,-0.00423901,-0.00327559,-0.00651825,-0.00813924,0.359573,0.00561286
6.9702,0.514314,0.338887,0.175427,-0.00423194,-0.00327014,-0.00650727,-0.0081298,0.3554,0.00562647
6.97606,0.453903,0.3348,0.119103,-0.00422489,-0.00326471,-0.00649633,-0.00812039,0.351266,0.00564004
6.98192,0.423346,0.330751,0.0925952,-0.00421786,-0.00325929,-0.00648542,-0.00811099,0.347171,0.00565358
6.98779,0.402176,0.326741,0.0754345,-0.00421086,-0.0032539,-0.00647455,-0.00810162,0.343115,0.00566709
6.99365,0.317773,0.322769,-0.00499645,-0.00420388,-0.00324852,-0.00646372,-0.00809226,0.339097,0.00568057
6.99951,0.172869,0.318835,-0.145966,-0.00419693,-0.00324316,-0.00645292,-0.00808293,0.335117,0.00569401
7.00537,0.176644,0.314937,-0.138293,-0.00419,-0.00323782,-0.00644216,-0.00807362,0.331173,0.00570742
7.01124,0.359121,0.311077,0.0480444,-0.0041831,-0.0032325,-0.00643143,-0.00806433,0.327267,0.0057208
7.0171,0.189581,0.307253,-0.117672,-0.00417622,-0.00322719,-0.00642074,-0.00805507,0.323398,0.00573414
7.02296,0.435268,0.303464,0.131804,-0.00416936,-0.00322191,-0.00641009,-0.00804582,0.319564,0.00574745
7.02882,0.235469,0.299711,-0.0642428,-0.00416253,-0.00321664,-0.00639947,-0.0080366,0.315766,0.00576073
7.03468,0.240649,0.295994,-0.0553451,-0.00415572,-0.00321139,-0.00638888,-0.00802739,0.312003,0.00577397
7.04055,0.196091,0.292311,-0.0962202,-0.00414894,-0.00320616,-0.00637833,-0.00801821,0.308275,0.00578718
7.04641,0.148315,0.288662,-0.140347,-0.00414218,-0.00320094,-0.00636782,-0.00800905,0.304582,0.00580036
7.05227,0.201924,0.285047,-0.0831231,-0.00413545,-0.00319575,-0.00635734,-0.00799991,0.300922,0.00581351
7.05813,0.239515,0.281466,-0.0419516,-0.00412873,-0.00319057,-0.00634689,-0.00799079,0.297297,0.00582662
7.064,0.242806,0.277918,-0.0351123,-0.00412204,-0.00318541,-0.00633648,-0.00798169,0.293704,0.0058397
7.06986,0.306296,0.274403,0.0318927,-0.00411538,-0.00318026,-0.0063261,-0.00797261,0.290145,0.00585275
7.07572,0.296714,0.270921,0.0257938,-0.00410873,-0.00317513,-0.00631576,-0.00796355,0.286618,0.00586577
7.08158,0.403004,0.26747,0.135534,-0.00410211,-0.00317002,-0.00630545,-0.00795452,0.283124,0.00587875
7.08745,0.268857,0.264051,0.00480546,-0.00409551,-0.00316493,-0.00629517,-0.0079455,0.279661,0.0058917
7.09331,0.178852,0.260664,-0.0818125,-0.00408894,-0.00315986,-0.00628493,-0.0079365,0.27623,0.00590461
7.09917,0.170971,0.257308,-0.0863367,-0.00408239,-0.0031548,-0.00627472,-0.00792753,0.27283,0.00591749
7.10503,0.220058,0.253982,-0.0339245,-0.00407586,-0.00314975,-0.00626454,-0.00791857,0.26946,0.00593034
7.11089,0.353632,0.250687,0.102945,-0.00406935,-0.00314473,-0.00625439,-0.00790964,0.266122,0.00594316
7.11676,0.297457,0.247422,0.0500348,-0.00406286,-0.00313972,-0.00624428,-0.00790072,0.262813,0.00595594
7.12262,0.225473,0.244186,-0.0187133,-0.0040564,-0.00313473,-0.0062342,-0.00789182,0.259535,0.0059687
7.12848,0.255941,0.24098,0.0149611,-0.00404995,-0.00312975,-0.00622416,-0.00788295,0.256286,0.00598141
7.13434,0.131139,0.237803,-0.106665,-0.00404353,-0.00312479,-0.00621414,-0.00787409,0.253066,0.0059941
7.14021,0.166089,0.234655,-0.0685662,-0.00403714,-0.00311985,-0.00620416,-0.00786526,0.249875,0.00600675
7.14607,0.149684,0.231535,-0.0818517,-0.00403076,-0.00311492,-0.00619421,-0.00785644,0.246712,0.00601937
7.15193,0.108125,0.228444,-0.120318,-0.0040244,-0.00311001,-0.00618429,-0.00784765,0.243578,0.00603196
7.15779,0.248562,0.22538,0.023182,-0.00401807,-0.00310512,-0.0061744,-0.00783887,0.240472,0.00604451
7.16365,0.151571,0.222344,-0.0707729,-0.00401175,-0.00310024,-0.00616455,-0.00783011,0.237393,0.00605703
7.16952,0.139485,0.219335,-0.0798495,-0.00400546,-0.00309538,-0.00615472,-0.00782137,0.234342,0.00606952
7.17538,0.0874124,0.216353,-0.12894,-0.00399919,-0.00309053,-0.00614493,-0.00781266,0.231318,0.00608197
7.18124,0.205476,0.213398,-0.00792193,-0.00399294,-0.0030857,-0.00613517,-0.00780396,0.228321,0.00609439
7.1871,0.107341,0.210469,-0.103127,-0.00398671,-0.00308088,-0.00612544,-0.00779528,0.22535,0.00610678
7.19297,0.376178,0.207566,0.168613,-0.0039805,-0.00307608,-0.00611574,-0.00778662,0.222406,0.00611914
7.19883,0.160763,0.204689,-0.0439259,-0.00397431,-0.0030713,-0.00610607,-0.00777798,0.219487,0.00613146
7.20469,0.273141,0.201838,0.0713039,-0.00396814,-0.00306653,-0.00609643,-0.00776936,0.216594,0.00614375
7.21055,0.274067,0.199012,0.0750553,-0.003962,-0.00306178,-0.00608682,-0.00776075,0.213727,0.00615601
7.21641,0.304892,0.19621,0.108681,-0.00395587,-0.00305704,-0.00607724,-0.00775217,0.210885,0.00616823
7.22228,0.244594,0.193434,0.0511594,-0.00394976,-0.00305231,-0.00606769,-0.00774361,0.208067,0.00618043
7.22814,0.113058,0.190682,-0.0776243,-0.00394367,-0.00304761,-0.00605817,-0.00773506,0.205274,0.00619258
7.234,0.374167,0.187955,0.186212,-0.00393761,-0.00304291,-0.00604868,-0.00772653,0.202506,0.00620471
7.23986,0.264348,0.185251,0.0790967,-0.00393156,-0.00303824,-0.00603922,-0.00771803,0.199762,0.0062168
7.24573,0.10608,0.182572,-0.0764919,-0.00392553,-0.00303357,-0.00602979,-0.00770954,0.197041,0.00622886
7.25159,0.282677,0.179915,0.102762,-0.00391952,-0.00302892,-0.00602039,-0.00770106,0.194344,0.00624089
7.25745,0.206452,0.177282,0.0291693,-0.00391353,-0.00302429,-0.00601102,-0.00769261,0.191671,0.00625288
7.26331,0.120722,0.174672,-0.0539508,-0.00390757,-0.00301967,-0.00600168,-0.00768418,0.189021,0.00626484
7.26917,0.221184,0.172085,0.0490984,-0.00390161,-0.00301507,-0.00599237,-0.00767576,0.186393,0.00627677
7.27504,0.195248,0.169521,0.0257271,-0.00389568,-0.00301048,-0.00598308,-0.00766737,0.183789,0.00628867
7.2809,0.236761,0.166978,0.0697822,-0.00388977,-0.0030059,-0.00597382,-0.00765899,0.181206,0.00630053
7.28676,0.186494,0.164458,0.0220355,-0.00388388,-0.00300134,-0.0059646,-0.00765063,0.178646,0.00631236
7.29262,0.270527,0.16196,0.108568,-0.00387801,-0.0029968,-0.0059554,-0.00764229,0.176108,0.00632415
7.29849,0.237312,0.159483,0.0778287,-0.00387215,-0.00299226,-0.00594623,-0.00763396,0.173592,0.00633592
7.30435,0.149899,0.157028,-0.0071284,-0.00386631,-0.00298775,-0.00593708,-0.00762566,0.171097,0.00634765
7.31021,0.158348,0.154594,0.00375408,-0.0038605,-0.00298324,-0.00592797,-0.00761737,0.168623,0.00635934
7.31607,0.258762,0.152181,0.106582,-0.0038547,-0.00297875,-0.00591888,-0.0076091,0.166171,0.00637101
7.32193,0.18482,0.149788,0.0350314,-0.00384892,-0.00297428,-0.00590982,-0.00760085,0.163739,0.00638264
7.3278,0.0959414,0.147416,-0.051475,-0.00384316,-0.00296982,-0.00590079,-0.00759261,0.161329,0.00639424
7.33366,0.147622,0.145065,0.00255715,-0.00383741,-0.00296537,-0.00589179,-0.0075844,0.158938,0.0064058
7.33952,0.201258,0.142734,0.058524,-0.00383169,-0.00296093,-0.00588281,-0.0075762,0.156568,0.00641734
7.34538,0.207605,0.140422,0.0671822,-0.00382598,-0.00295651,-0.00587386,-0.00756802,0.154218,0.00642884
7.35125,0.0369621,0.138131,-0.101169,-0.00382029,-0.00295211,-0.00586494,-0.00755985,0.151888,0.0064403
7.35711,0.00398286,0.135859,-0.131876,-0.00381462,-0.00294771,-0.00585605,-0.00755171,0.149577,0.00645174
7.36297,0.0714144,0.133606,-0.0621917,-0.00380896,-0.00294333,-0.00584718,-0.00754358,0.147286,0.00646314
7.36883,0.194705,0.131373,0.063332,-0.00380333,-0.00293897,-0.00583834,-0.00753547,0.145014,0.00647451
7.37469,0.17185,0.129158,0.0426917,-0.00379771,-0.00293462,-0.00582952,-0.00752738,0.142761,0.00648584
7.38056,0.289384,0.126962,0.162422,-0.00379211,-0.00293028,-0.00582073,-0.0075193,0.140528,0.00649715
7.38642,0.326058,0.124785,0.201273,-0.00378652,-0.00292595,-0.00581197,-0.00751124,0.138312,0.00650841
7.39228,0.262594,0.122626,0.139968,-0.00378096,-0.00292164,-0.00580324,-0.0075032,0.136116,0.00651965
7.39814,0.183936,0.120486,0.0634497,-0.00377541,-0.00291734,-0.00579453,-0.00749518,0.133938,0.00653086
7.40401,0.127042,0.118364,0.00867824,-0.00376988,-0.00291305,-0.00578584,-0.00748717,0.131777,0.00654203
7.40987,0.0417249,0.116259,-0.0745341,-0.00376436,-0.00290878,-0.00577719,-0.00747918,0.129635,0.00655316
7.41573,0.114916,0.114172,0.000743693,-0.00375886,-0.00290452,-0.00576855,-0.00747121,0.127511,0.00656427
7.42159,0.0110268,0.112103,-0.101076,-0.00375338,-0.00290027,-0.00575995,-0.00746325,0.125404,0.00657534
7.42745,0.166749,0.110051,0.0566986,-0.00374792,-0.00289603,-0.00575137,-0.00745531,0.123315,0.00658638
7.43332,-0.0292165,0.108016,-0.137232,-0.00374247,-0.00289181,-0.00574281,-0.00744739,0.121243,0.00659739
7.43918,0.18102,0.105998,0.075022,-0.00373704,-0.0028876,-0.00573428,-0.00743948,0.119188,0.00660836
7.44504,0.112109,0.103997,0.00811183,-0.00373163,-0.00288341,-0.00572578,-0.0074316,0.11715,0.0066193
7.4509,0.0394803,0.102013,-0.0625326,-0.00372623,-0.00287922,-0.0057173,-0.00742372,0.115129,0.00663021
7.45677,0.09784,0.100045,-0.00220519,-0.00372085,-0.00287505,-0.00570885,-0.00741587,0.113125,0.00664108
7.46263,0.113822,0.0980938,0.0157281,-0.00371549,-0.00287089,-0.00570042,-0.00740803,0.111137,0.00665192
7.46849,0.109841,0.0961587,0.0136825,-0.00371014,-0.00286674,-0.00569201,-0.00740021,0.109165,0.00666273
7.47435,-0.0191593,0.0942396,-0.113399,-0.00370481,-0.00286261,-0.00568363,-0.0073924,0.10721,0.00667351
7.48021,-0.203311,0.0923364,-0.295647,-0.00369949,-0.00285849,-0.00567528,-0.00738461,0.10527,0.00668425
7.48608,0.0957673,0.0904489,0.00531838,-0.0036942,-0.00285438,-0.00566695,-0.00737684,0.103346,0.00669496
7.49194,0.0962775,0.0885771,0.0077004,-0.00368891,-0.00285028,-0.00565864,-0.00736908,0.101438,0.00670563
7.4978,0.160649,0.0867206,0.0739284,-0.00368365,-0.0028462,-0.00565036,-0.00736134,0.0995459,0.00671628
7.50366,-0.116354,0.0848795,-0.201234,-0.00367839,-0.00284212,-0.0056421,-0.00735362,0.0976689,0.00672689
7.50953,-0.00980063,0.0830536,-0.0928542,-0.00367316,-0.00283806,-0.00563387,-0.00734591,0.0958071,0.00673747
7.51539,-0.0355382,0.0812426,-0.116781,-0.00366794,-0.00283401,-0.00562566,-0.00733822,0.0939604,0.00674801
7.52125,0.0591615,0.0794465,-0.020285,-0.00366273,-0.00282998,-0.00561747,-0.00733054,0.0921287,0.00675852
7.52711,0.167633,0.0776651,0.0899677,-0.00365755,-0.00282595,-0.00560931,-0.00732288,0.0903118,0.006769
7.53298,-0.00425861,0.0758984,-0.080157,-0.00365237,-0.00282194,-0.00560117,-0.00731524,0.0885096,0.00677945
7.53884,0.0985586,0.074146,0.0244126,-0.00364722,-0.00281794,-0.00559306,-0.00730761,0.086722,0.00678986
7.5447,0.13109,0.072408,0.0586823,-0.00364207,-0.00281395,-0.00558496,-0.0073,0.0849487,0.00680024
7.55056,-0.105496,0.0706841,-0.17618,-0.00363695,-0.00280997,-0.0055769,-0.00729241,0.0831898,0.00681059
7.55642,0.00925707,0.0689743,-0.0597173,-0.00363183,-0.002806,-0.00556885,-0.00728483,0.081445,0.00682091
7.56229,0.0515819,0.0672785,-0.0156966,-0.00362674,-0.00280204,-0.00556083,-0.00727726,0.0797141,0.00683119
7.56815,0.0355982,0.0655963,-0.0299981,-0.00362166,-0.0027981,-0.00555283,-0.00726971,0.0779972,0.00684144
7.57401,0.104084,0.0639279,0.0401564,-0.00361659,-0.00279417,-0.00554485,-0.00726218,0.076294,0.00685165
7.57987,0.193726,0.062273,0.131453,-0.00361154,-0.00279025,-0.0055369,-0.00725466,0.0746045,0.00686184
7.58574,0.172307,0.0606314,0.111676,-0.0036065,-0.00278634,-0.00552897,-0.00724716,0.0729284,0.00687199
7.5916,0.206848,0.0590032,0.147845,-0.00360148,-0.00278244,-0.00552106,-0.00723967,0.0712657,0.0068821
7.59746,0.189618,0.0573881,0.13223,-0.00359647,-0.00277855,-0.00551318,-0.0072322,0.0696163,0.00689219
7.60332,0.0880926,0.055786,0.0323066,-0.00359148,-0.00277468,-0.00550531,-0.00722475,0.06798,0.00690224
7.60918,0.00818209,0.0541968,-0.0460147,-0.0035865,-0.00277081,-0.00549747,-0.00721731,0.0663567,0.00691226
7.61505,-0.0723858,0.0526205,-0.125006,-0.00358154,-0.00276696,-0.00548966,-0.00720988,0.0647462,0.00692224
7.62091,-0.164491,0.0510568,-0.215548,-0.00357659,-0.00276312,-0.00548186,-0.00720247,0.0631486,0.00693219
7.62677,-0.0698257,0.0495056,-0.119331,-0.00357166,-0.00275929,-0.00547409,-0.00719508,0.0615636,0.00694211
7.63263,0.0434415,0.0479669,-0.00452538,-0.00356674,-0.00275547,-0.00546633,-0.0071877,0.0599911,0.006952
7.6385,0.0335961,0.0464405,-0.0128444,-0.00356183,-0.00275166,-0.0054586,-0.00718033,0.0584311,0.00696185
7.64436,0.0367271,0.0449264,-0.00819932,-0.00355694,-0.00274786,-0.0054509,-0.00717298,0.0568834,0.00697167
7.65022,0.121811,0.0434243,0.0783867,-0.00355206,-0.00274407,-0.00544321,-0.00716565,0.0553478,0.00698146
7.65608,0.154517,0.0419342,0.112583,-0.0035472,-0.00274029,-0.00543554,-0.00715833,0.0538244,0.00699122
7.66194,0.0541524,0.0404561,0.0136964,-0.00354235,-0.00273653,-0.0054279,-0.00715102,0.0523129,0.00700094
7.66781,0.0342978,0.0389896,-0.00469187,-0.00353751,-0.00273277,-0.00542028,-0.00714373,0.0508133,0.00701063
7.67367,-0.102689,0.0375349,-0.140223,-0.00353269,-0.00272903,-0.00541268,-0.00713646,0.0493255,0.00702028
7.67953,0.0996833,0.0360917,0.0635916,-0.00352788,-0.00272529,-0.0054051,-0.0071292,0.0478493,0.00702991
7.68539,0.0386643,0.03466,0.00400427,-0.00352309,-0.00272157,-0.00539754,-0.00712195,0.0463846,0.0070395
7.69126,-0.212718,0.0332396,-0.245957,-0.00351831,-0.00271786,-0.00539,-0.00711472,0.0449315,0.00704906
7.69712,-0.0397667,0.0318305,-0.0715972,-0.00351354,-0.00271415,-0.00538249,-0.00710751,0.0434896,0.00705858
7.70298,-0.00809829,0.0304325,-0.0385308,-0.00350879,-0.00271046,-0.00537499,-0.00710031,0.042059,0.00706807
7.70884,0.0880849,0.0290456,0.0590393,-0.00350405,-0.00270678,-0.00536752,-0.00709312,0.0406396,0.00707753
7.7147,0.0475793,0.0276697,0.0199097,-0.00349932,-0.00270311,-0.00536006,-0.00708595,0.0392311,0.00708696
7.72057,0.0792307,0.0263046,0.0529262,-0.00349461,-0.00269944,-0.00535263,-0.00707879,0.0378337,0.00709635
7.72643,-0.010004,0.0249502,-0.0349542,-0.00348991,-0.00269579,-0.00534522,-0.00707165,0.0364471,0.00710571
7.73229,0.094865,0.0236065,0.0712585,-0.00348522,-0.00269215,-0.00533783,-0.00706452,0.0350712,0.00711504
7.73815,-0.0608849,0.0222734,-0.0831582,-0.00348055,-0.00268852,-0.00533045,-0.0070574,0.033706,0.00712433
7.74402,-0.0163266,0.0209507,-0.0372773,-0.00347589,-0.0026849,-0.0053231,-0.0070503,0.0323513,0.00713359
7.74988,0.0290361,0.0196384,0.00939767,-0.00347124,-0.00268129,-0.00531577,-0.00704322,0.0310071,0.00714282
7.75574,-0.00787735,0.0183364,-0.0262138,-0.00346661,-0.00267769,-0.00530846,-0.00703615,0.0296733,0.00715201
7.7616,0.0935755,0.0170447,0.0765308,-0.00346199,-0.0026741,-0.00530117,-0.00702909,0.0283498,0.00716118
7.76746,0.0769968,0.015763,0.0612339,-0.00345738,-0.00267052,-0.0052939,-0.00702205,0.0270365,0.00717031
7.77333,0.0579214,0.0144913,0.0434302,-0.00345279,-0.00266695,-0.00528665,-0.00701502,0.0257333,0.0071794
7.77919,0.0463535,0.0132295,0.033124,-0.0034482,-0.00266338,-0.00527942,-0.007008,0.0244401,0.00718847
7.78505,0.0687119,0.0119776,0.0567343,-0.00344363,-0.00265983,-0.00527221,-0.007001,0.0231568,0.0071975
7.79091,0.0850925,0.0107355,0.0743571,-0.00343908,-0.00265629,-0.00526501,-0.00699401,0.0218834,0.00720649
7.79678,-0.055303,0.00950299,-0.064806,-0.00343453,-0.00265276,-0.00525784,-0.00698704,0.0206197,0.00721546
7.80264,-0.0118937,0.00828009,-0.0201738,-0.00343,-0.00264924,-0.00525069,-0.00698008,0.0193657,0.00722439
7.8085,-0.0224657,0.00706669,-0.0295324,-0.00342548,-0.00264572,-0.00524355,-0.00697313,0.0181213,0.00723329
7.81436,-0.031992,0.00586271,-0.0378547,-0.00342098,-0.00264222,-0.00523644,-0.0069662,0.0168864,0.00724216
7.82022,0.00231255,0.00466806,-0.00235551,-0.00341648,-0.00263873,-0.00522935,-0.00695928,0.0156609,0.00725099
7.82609,0.00558326,0.00348267,0.00210059,-0.003412,-0.00263524,-0.00522227,-0.00695238,0.0144448,0.00725979
7.83195,-0.117432,0.00230645,-0.119738,-0.00340753,-0.00263177,-0.00521521,-0.00694549,0.0132379,0.00726856
7.83781,-0.0566486,0.00113932,-0.057788,-0.00340308,-0.0026283,-0.00520818,-0.00693861,0.0120402,0.00727729
7.84367,0.0783403,-1.879e-05,0.0783591,-0.00339863,-0.00262485,-0.00520116,-0.00693175,0.0108516,0.00728599
7.84954,0.0848498,-0.00116796,0.0860178,-0.0033942,-0.0026214,-0.00519416,-0.0069249,0.00967203,0.00729466
7.8554,-0.151185,-0.00230828,-0.148876,-0.00338978,-0.00261796,-0.00518718,-0.00691806,0.00850141,0.00730329
7.86126,-0.102265,-0.00343981,-0.0988253,-0.00338537,-0.00261454,-0.00518021,-0.00691124,0.00733966,0.0073119
7.86712,0.00204454,-0.00456263,0.00660716,-0.00338097,-0.00261112,-0.00517327,-0.00690443,0.0061867,0.00732047
7.87298,-0.126998,-0.00567681,-0.121321,-0.00337659,-0.00260771,-0.00516634,-0.00689763,0.00504246,0.007329
7.87885,-0.0269366,-0.00678244,-0.0201541,-0.00337222,-0.00260431,-0.00515944,-0.00689085,0.00390686,0.00733751
7.88471,0.13131,-0.00787958,0.13919,-0.00336786,-0.00260092,-0.00515255,-0.00688408,0.00277984,0.00734598
7.89057,0.0758708,-0.00896831,0.0848391,-0.00336351,-0.00259754,-0.00514568,-0.00687733,0.00166132,0.00735442
7.89643,-0.0704755,-0.0100487,-0.0604268,-0.00335917,-0.00259416,-0.00513883,-0.00687058,0.000551223,0.00736282
7.9023,0.00487684,-0.0111208,0.0159977,-0.00335484,-0.0025908,-0.00513199,-0.00686385,-0.000550518,0.00737119
7.90816,-0.172971,-0.0121847,-0.160786,-0.00335053,-0.00258744,-0.00512518,-0.00685714,-0.00164397,0.00737953
7.91402,-0.070645,-0.0132405,-0.0574045,-0.00334623,-0.0025841,-0.00511838,-0.00685043,-0.00272921,0.00738784
7.91988,-0.219079,-0.0142882,-0.20479,-0.00334194,-0.00258076,-0.0051116,-0.00684374,-0.00380631,0.00739611
7.92574,-0.127388,-0.015328,-0.11206,-0.00333766,-0.00257743,-0.00510484,-0.00683706,-0.00487533,0.00740435
7.93161,-0.229625,-0.0163598,-0.213265,-0.00333339,-0.00257411,-0.0050981,-0.0068304,-0.00593633,0.00741256
7.93747,-0.149316,-0.0173837,-0.131933,-0.00332914,-0.0025708,-0.00509137,-0.00682375,-0.0069894,0.00742073
7.94333,-0.0977969,-0.0183999,-0.0793971,-0.00332489,-0.0025675,-0.00508466,-0.00681711,-0.00803459,0.00742888
7.94919,0.0529468,-0.0194083,0.0723551,-0.00332066,-0.00256421,-0.00507797,-0.00681049,-0.00907197,0.00743698
7.95506,0.0373985,-0.0204091,0.0578076,-0.00331644,-0.00256092,-0.0050713,-0.00680387,-0.0101016,0.00744506
7.96092,0.167184,-0.0214022,0.188586,-0.00331223,-0.00255765,-0.00506464,-0.00679727,-0.0111236,0.0074531
7.96678,0.156326,-0.0223879,0.178714,-0.00330803,-0.00255438,-0.00505801,-0.00679069,-0.0121379,0.00746111
7.97264,0.0380074,-0.023366,0.0613735,-0.00330384,-0.00255112,-0.00505139,-0.00678411,-0.0131447,0.00746909
7.97851,0.0569302,-0.0243368,0.081267,-0.00329966,-0.00254787,-0.00504478,-0.00677755,-0.014144,0.00747703
7.98437,-0.0923264,-0.0253002,-0.0670262,-0.00329549,-0.00254463,-0.0050382,-0.006771,-0.0151358,0.00748495
7.99023,-0.043797,-0.0262563,-0.0175407,-0.00329134,-0.0025414,-0.00503163,-0.00676446,-0.0161203,0.00749282
7.99609,-0.0775122,-0.0272052,-0.0503069,-0.00328719,-0.00253817,-0.00502507,-0.00675794,-0.0170975,0.00750067
8.00195,-0.136285,-0.028147,-0.108138,-0.00328306,-0.00253496,-0.00501854,-0.00675143,-0.0180675,0.00750848
8.00782,0.0327848,-0.0290816,0.0618664,-0.00327894,-0.00253175,-0.00501202,-0.00674493,-0.0190302,0.00751626
8.01368,-0.0720743,-0.0300092,-0.0420651,-0.00327483,-0.00252855,-0.00500552,-0.00673845,-0.0199859,0.00752401
8.01954,-0.00984756,-0.0309298,0.0210822,-0.00327072,-0.00252536,-0.00499904,-0.00673197,-0.0209344,0.00753172
8.0254,-0.0544624,-0.0318435,-0.0226189,-0.00326663,-0.00252217,-0.00499257,-0.00672551,-0.021876,0.0075394
8.03127,0.0489379,-0.0327503,0.0816882,-0.00326255,-0.002519,-0.00498612,-0.00671906,-0.0228106,0.00754705
8.03713,0.0335833,-0.0336503,0.0672336,-0.00325849,-0.00251583,-0.00497968,-0.00671262,-0.0237383,0.00755466
8.04299,-0.160694,-0.0345435,-0.12615,-0.00325443,-0.00251267,-0.00497327,-0.0067062,-0.0246592,0.00756225
8.04885,-0.0401343,-0.03543,-0.0047043,-0.00325038,-0.00250952,-0.00496687,-0.00669979,-0.0255733,0.0075698
8.05471,0.214708,-0.0363099,0.251018,-0.00324634,-0.00250638,-0.00496048,-0.00669339,-0.0264806,0.00757731
8.06058,0.107376,-0.0371832,0.144559,-0.00324232,-0.00250325,-0.00495411,-0.006687,-0.0273813,0.00758479
8.06644,0.111731,-0.0380499,0.149781,-0.0032383,-0.00250012,-0.00494776,-0.00668063,-0.0282753,0.00759224
8.0723,0.0618414,-0.0389102,0.100752,-0.00323429,-0.00249701,-0.00494142,-0.00667426,-0.0291628,0.00759966
8.07816,0.141263,-0.039764,0.181027,-0.0032303,-0.0024939,-0.0049351,-0.00666791,-0.0300438,0.00760705
8.08403,-0.0368794,-0.0406114,0.00373196,-0.00322631,-0.00249079,-0.0049288,-0.00666157,-0.0309183,0.0076144
8.08989,-0.0997054,-0.0414525,-0.0582529,-0.00322234,-0.0024877,-0.00492251,-0.00665525,-0.0317864,0.00762172
8.09575,-0.0985721,-0.0422873,-0.0562848,-0.00321837,-0.00248461,-0.00491624,-0.00664893,-0.0326482,0.007629
8.10161,-0.187752,-0.0431159,-0.144636,-0.00321442,-0.00248153,-0.00490999,-0.00664263,-0.0335036,0.00763625
8.10747,-0.178267,-0.0439384,-0.134329,-0.00321047,-0.00247846,-0.00490375,-0.00663634,-0.0343528,0.00764347
8.11334,0.02486,-0.0447547,0.0696146,-0.00320654,-0.0024754,-0.00489752,-0.00663006,-0.0351958,0.00765066
8.1192,-0.0857126,-0.0455649,-0.0401477,-0.00320262,-0.00247235,-0.00489132,-0.00662379,-0.0360326,0.00765782
8.12506,-0.123287,-0.0463691,-0.0769179,-0.0031987,-0.0024693,-0.00488512,-0.00661753,-0.0368634,0.00766494
8.13092,0.0519828,-0.0471673,0.0991501,-0.0031948,-0.00246626,-0.00487895,-0.00661129,-0.037688,0.00767202
8.13679,0.0352393,-0.0479596,0.0831988,-0.0031909,-0.00246323,-0.00487279,-0.00660506,-0.0385067,0.00767908
8.14265,-0.0686486,-0.048746,-0.0199026,-0.00318702,-0.0024602,-0.00486664,-0.00659884,-0.0393194,0.0076861
8.14851,-0.117138,-0.0495265,-0.0676114,-0.00318314,-0.00245719,-0.00486051,-0.00659263,-0.0401262,0.00769309
8.15437,-0.0889784,-0.0503013,-0.0386771,-0.00317928,-0.00245418,-0.00485439,-0.00658643,-0.0409271,0.00770005
8.16023,-0.0528374,-0.0510703,-0.00176707,-0.00317542,-0.00245118,-0.0048483,-0.00658025,-0.0417222,0.00770697
8.1661,0.0492729,-0.0518337,0.101107,-0.00317158,-0.00244818,-0.00484221,-0.00657407,-0.0425115,0.00771386
8.17196,0.015569,-0.0525914,0.0681603,-0.00316774,-0.0024452,-0.00483614,-0.00656791,-0.0432951,0.00772072
8.17782,-0.115368,-0.0533434,-0.0620246,-0.00316392,-0.00244222,-0.00483009,-0.00656176,-0.044073,0.00772754
8.18368,-0.0874063,-0.0540899,-0.0333164,-0.0031601,-0.00243925,-0.00482405,-0.00655562,-0.0448453,0.00773433
8.18955,-0.190434,-0.0548309,-0.135603,-0.00315629,-0.00243628,-0.00481803,-0.0065495,-0.0456119,0.00774109
8.19541,-0.146521,-0.0555665,-0.0909541,-0.0031525,-0.00243333,-0.00481202,-0.00654338,-0.0463731,0.00774782
8.20127,0.07494,-0.0562966,0.131237,-0.00314871,-0.00243038,-0.00480602,-0.00653727,-0.0471287,0.00775451
8.20713,-0.140616,-0.0570213,-0.0835945,-0.00314493,-0.00242744,-0.00480005,-0.00653118,-0.0478788,0.00776117
8.21299,-0.127108,-0.0577406,-0.069367,-0.00314116,-0.0024245,-0.00479408,-0.0065251,-0.0486236,0.0077678
8.21886,0.00120989,-0.0584547,0.0596646,-0.0031374,-0.00242157,-0.00478813,-0.00651903,-0.0493629,0.00777439
8.22472,-0.0189919,-0.0591635,0.0401716,-0.00313365,-0.00241865,-0.0047822,-0.00651297,-0.050097,0.00778096
8.23058,-0.0722934,-0.0598671,-0.0124263,-0.00312991,-0.00241574,-0.00477628,-0.00650692,-0.0508257,0.00778748
8.23644,-0.132735,-0.0605655,-0.0721696,-0.00312618,-0.00241284,-0.00477037,-0.00650088,-0.0515492,0.00779398
8.24231,-0.159454,-0.0612587,-0.0981953,-0.00312246,-0.00240994,-0.00476448,-0.00649486,-0.0522674,0.00780044
8.24817,-0.0228442,-0.0619469,0.0391027,-0.00311875,-0.00240705,-0.00475861,-0.00648884,-0.0529805,0.00780687
8.25403,-0.0598205,-0.06263,0.00280954,-0.00311504,-0.00240416,-0.00475275,-0.00648284,-0.0536885,0.00781327
8.25989,-0.0300301,-0.0633081,0.033278,-0.00311135,-0.00240129,-0.0047469,-0.00647685,-0.0543914,0.00781963
8.26575,0.0100101,-0.0639812,0.0739914,-0.00310766,-0.00239842,-0.00474107,-0.00647087,-0.0550892,0.00782596
8.27162,-0.177608,-0.0646494,-0.112959,-0.00310399,-0.00239555,-0.00473525,-0.0064649,-0.055782,0.00783226
8.27748,-0.260654,-0.0653127,-0.195341,-0.00310032,-0.0023927,-0.00472944,-0.00645894,-0.0564698,0.00783852
8.28334,-0.0830188,-0.0659711,-0.0170477,-0.00309666,-0.00238985,-0.00472365,-0.00645299,-0.0571527,0.00784476
8.2892,0.0197745,-0.0666247,0.0863992,-0.00309301,-0.00238701,-0.00471788,-0.00644705,-0.0578307,0.00785096
8.29507,-0.0398031,-0.0672735,0.0274704,-0.00308937,-0.00238417,-0.00471211,-0.00644112,-0.0585038,0.00785712
8.30093,0.0165877,-0.0679175,0.0845053,-0.00308574,-0.00238134,-0.00470637,-0.00643521,-0.0591721,0.00786326
8.30679,-0.18546,-0.0685569,-0.116903,-0.00308212,-0.00237852,-0.00470063,-0.0064293,-0.0598357,0.00786936
8.31265,-0.133407,-0.0691916,-0.0642156,-0.00307851,-0.00237571,-0.00469491,-0.00642341,-0.0604944,0.00787542
8.31851,-0.137028,-0.0698216,-0.0672062,-0.0030749,-0.0023729,-0.00468921,-0.00641753,-0.0611485,0.00788146
8.32438,-0.139466,-0.070447,-0.0690187,-0.00307131,-0.0023701,-0.00468352,-0.00641165,-0.0617979,0.00788746
8.33024,-0.0448691,-0.0710679,0.0261988,-0.00306772,-0.0023673,-0.00467784,-0.00640579,-0.0624426,0.00789343
8.3361,-0.312209,-0.0716842,-0.240525,-0.00306414,-0.00236452,-0.00467217,-0.00639994,-0.0630828,0.00789936
8.34196,-0.191313,-0.072296,-0.119018,-0.00306057,-0.00236174,-0.00466652,-0.0063941,-0.0637183,0.00790527
8.34783,-0.0117242,-0.0729034,0.0611792,-0.00305701,-0.00235896,-0.00466088,-0.00638827,-0.0643494,0.00791114
8.35369,-0.0884294,-0.0735063,-0.0149231,-0.00305346,-0.0023562,-0.00465526,-0.00638245,-0.0649759,0.00791697
8.35955,-0.184013,-0.0741048,-0.109908,-0.00304992,-0.00235343,-0.00464965,-0.00637664,-0.0655979,0.00792278
8.36541,-0.0784197,-0.074699,-0.00372069,-0.00304638,-0.00235068,-0.00464405,-0.00637085,-0.0662156,0.00792855
8.37128,-0.202153,-0.0752888,-0.126864,-0.00304285,-0.00234793,-0.00463847,-0.00636506,-0.0668288,0.00793429
8.37714,-0.0342323,-0.0758744,0.0416421,-0.00303934,-0.00234519,-0.0046329,-0.00635928,-0.0674376,0.00793999
8.383,-0.134835,-0.0764557,-0.0583796,-0.00303583,-0.00234246,-0.00462734,-0.00635352,-0.0680422,0.00794566
8.38886,0.0329472,-0.0770327,0.10998,-0.00303232,-0.00233973,-0.0046218,-0.00634776,-0.0686424,0.0079513
8.39472,-0.012977,-0.0776056,0.0646285,-0.00302883,-0.00233701,-0.00461627,-0.00634201,-0.0692383,0.00795691
8.40059,-0.173967,-0.0781743,-0.0957925,-0.00302535,-0.0023343,-0.00461075,-0.00633628,-0.0698301,0.00796248
8.40645,-0.121632,-0.0787388,-0.0428929,-0.00302187,-0.00233159,-0.00460525,-0.00633055,-0.0704176,0.00796802
8.41231,-0.105112,-0.0792993,-0.025813,-0.0030184,-0.00232889,-0.00459976,-0.00632484,-0.0710009,0.00797353
8.41817,-0.0341541,-0.0798556,0.0457015,-0.00301494,-0.00232619,-0.00459428,-0.00631913,-0.0715801,0.00797901
8.42404,-0.19946,-0.080408,-0.119052,-0.00301149,-0.0023235,-0.00458882,-0.00631344,-0.0721552,0.00798445
8.4299,-0.0358076,-0.0809563,0.0451487,-0.00300805,-0.00232082,-0.00458337,-0.00630776,-0.0727262,0.00798986
8.43576,-0.158638,-0.0815007,-0.0771376,-0.00300461,-0.00231814,-0.00457793,-0.00630208,-0.0732931,0.00799523
8.44162,-0.278921,-0.0820411,-0.19688,-0.00300119,-0.00231547,-0.0045725,-0.00629642,-0.0738561,0.00800058
8.44748,-0.163257,-0.0825775,-0.0806797,-0.00299777,-0.00231281,-0.00456709,-0.00629077,-0.074415,0.00800589
8.45335,-0.181854,-0.0831101,-0.098744,-0.00299436,-0.00231015,-0.00456169,-0.00628512,-0.07497,0.00801116
8.45921,-0.109447,-0.0836389,-0.025808,-0.00299095,-0.0023075,-0.0045563,-0.00627949,-0.075521,0.00801641
8.46507,0.0522635,-0.0841638,0.136427,-0.00298756,-0.00230486,-0.00455093,-0.00627387,-0.0760682,0.00802162
8.47093,-0.0576114,-0.0846848,0.0270735,-0.00298417,-0.00230222,-0.00454557,-0.00626826,-0.0766114,0.0080268
8.4768,0.0794253,-0.0852022,0.164627,-0.00298079,-0.00229958,-0.00454022,-0.00626265,-0.0771509,0.00803194
8.48266,0.154351,-0.0857157,0.240067,-0.00297742,-0.00229696,-0.00453488,-0.00625706,-0.0776865,0.00803706
8.48852,0.173277,-0.0862256,0.259502,-0.00297406,-0.00229434,-0.00452956,-0.00625148,-0.0782183,0.00804213
8.49438,0.0121243,-0.0867317,0.0988561,-0.00297071,-0.00229172,-0.00452424,-0.00624591,-0.0787463,0.00804718
8.50024,0.0689527,-0.0872342,0.156187,-0.00296736,-0.00228912,-0.00451894,-0.00624034,-0.0792707,0.0080522
8.50611,0.0846786,-0.0877331,0.172412,-0.00296402,-0.00228651,-0.00451366,-0.00623479,-0.0797913,0.00805718
8.51197,0.08524,-0.0882283,0.173468,-0.00296069,-0.00228392,-0.00450838,-0.00622925,-0.0803082,0.00806212
8.51783,-0.0364756,-0.08872,0.0522444,-0.00295736,-0.00228133,-0.00450312,-0.00622371,-0.0808215,0.00806704
8.52369,0.0516761,-0.0892081,0.140884,-0.00295405,-0.00227874,-0.00449787,-0.00621819,-0.0813312,0.00807192
8.52956,0.0481198,-0.0896927,0.137812,-0.00295074,-0.00227617,-0.00449263,-0.00621268,-0.0818373,0.00807677
8.53542,-0.0199274,-0.0901738,0.0702464,-0.00294744,-0.00227359,-0.00448741,-0.00620717,-0.0823398,0.00808159
8.54128,-0.152656,-0.0906514,-0.0620044,-0.00294415,-0.00227103,-0.00448219,-0.00620168,-0.0828387,0.00808637
8.54714,-0.0484306,-0.0911256,0.0426949,-0.00294086,-0.00226847,-0.00447699,-0.00619619,-0.0833342,0.00809112
8.553,-0.0350618,-0.0915963,0.0565345,-0.00293758,-0.00226591,-0.0044718,-0.00619072,-0.0838261,0.00809584
8.55887,-0.205863,-0.0920636,-0.1138,-0.00293431,-0.00226337,-0.00446662,-0.00618525,-0.0843146,0.00810052
8.56473,-0.233348,-0.0925276,-0.140821,-0.00293105,-0.00226082,-0.00446146,-0.0061798,-0.0847996,0.00810517
8.57059,-0.0186171,-0.0929882,0.074371,-0.0029278,-0.00225829,-0.00445631,-0.00617435,-0.0852812,0.00810979
8.57645,-0.0919814,-0.0934454,0.00146407,-0.00292455,-0.00225576,-0.00445116,-0.00616892,-0.0857594,0.00811438
8.58232,-0.0172677,-0.0938994,0.0766317,-0.00292131,-0.00225323,-0.00444603,-0.00616349,-0.0862343,0.00811893
8.58818,-0.0990945,-0.0943501,-0.00474439,-0.00291808,-0.00225071,-0.00444092,-0.00615807,-0.0867058,0.00812345
8.59404,-0.217615,-0.0947975,-0.122817,-0.00291485,-0.0022482,-0.00443581,-0.00615266,-0.0871739,0.00812794
8.5999,-0.195838,-0.0952417,-0.100596,-0.00291164,-0.00224569,-0.00443072,-0.00614727,-0.0876388,0.00813239
8.60576,-0.342509,-0.0956828,-0.246826,-0.00290842,-0.00224319,-0.00442563,-0.00614188,-0.0881004,0.00813681
8.61163,-0.120272,-0.0961206,-0.0241511,-0.00290522,-0.00224069,-0.00442056,-0.0061365,-0.0885588,0.0081412
8.61749,-0.238324,-0.0965552,-0.141768,-0.00290203,-0.0022382,-0.0044155,-0.00613113,-0.0890139,0.00814556
8.62335,0.0622464,-0.0969868,0.159233,-0.00289884,-0.00223572,-0.00441045,-0.00612577,-0.0894659,0.00814988
8.62921,-0.127333,-0.0974152,-0.0299178,-0.00289566,-0.00223324,-0.00440542,-0.00612042,-0.0899146,0.00815417
8.63508,-0.0890469,-0.0978405,0.00879358,-0.00289248,-0.00223077,-0.00440039,-0.00611507,-0.0903602,0.00815843
8.64094,-0.193153,-0.0982628,-0.0948906,-0.00288932,-0.0022283,-0.00439538,-0.00610974,-0.0908027,0.00816265
8.6468,-0.268334,-0.098682,-0.169652,-0.00288616,-0.00222584,-0.00439038,-0.00610442,-0.091242,0.00816684
8.65266,-0.155622,-0.0990982,-0.0565242,-0.002883,-0.00222338,-0.00438538,-0.00609911,-0.0916783,0.008171
8.65852,-0.184121,-0.0995114,-0.0846092,-0.00287986,-0.00222093,-0.00438041,-0.0060938,-0.0921115,0.00817512
8.66439,0.0962202,-0.0999216,0.196142,-0.00287672,-0.00221848,-0.00437544,-0.0060885,-0.0925416,0.00817921
8.67025,-0.0665504,-0.100329,0.0337784,-0.00287359,-0.00221604,-0.00437048,-0.00608322,-0.0929687,0.00818327
8.67611,-0.316794,-0.100733,-0.216061,-0.00287047,-0.00221361,-0.00436553,-0.00607794,-0.0933929,0.0081873
8.68197,-0.16518,-0.101135,-0.0640452,-0.00286735,-0.00221118,-0.0043606,-0.00607267,-0.093814,0.00819129
8.68784,-0.205416,-0.101533,-0.103883,-0.00286424,-0.00220875,-0.00435568,-0.00606741,-0.0942322,0.00819525
8.6937,-0.180567,-0.101929,-0.0786386,-0.00286114,-0.00220634,-0.00435076,-0.00606216,-0.0946474,0.00819918
8.69956,-0.202148,-0.102321,-0.099827,-0.00285804,-0.00220392,-0.00434586,-0.00605692,-0.0950597,0.00820307
8.70542,-0.224798,-0.102711,-0.122087,-0.00285495,-0.00220152,-0.00434097,-0.00605169,-0.0954692,0.00820694
8.71128,-0.298996,-0.103098,-0.195898,-0.00285187,-0.00219911,-0.00433609,-0.00604647,-0.0958757,0.00821076
8.71715,-0.141482,-0.103483,-0.0379992,-0.00284879,-0.00219672,-0.00433122,-0.00604126,-0.0962794,0.00821456
8.72301,-0.115123,-0.103864,-0.0112588,-0.00284573,-0.00219432,-0.00432637,-0.00603605,-0.0966802,0.00821832
8.72887,-0.114905,-0.104243,-0.0106613,-0.00284266,-0.00219194,-0.00432152,-0.00603086,-0.0970783,0.00822205
8.73473,-0.1418,-0.104619,-0.0371803,-0.00283961,-0.00218956,-0.00431668,-0.00602567,-0.0974735,0.00822575
8.7406,0.0354194,-0.104993,0.140412,-0.00283656,-0.00218718,-0.00431186,-0.00602049,-0.0978659,0.00822941
8.74646,-0.131417,-0.105363,-0.0260534,-0.00283352,-0.00218481,-0.00430704,-0.00601532,-0.0982556,0.00823304
8.75232,-0.161601,-0.105731,-0.0558695,-0.00283049,-0.00218245,-0.00430224,-0.00601016,-0.0986426,0.00823664
8.75818,0.0323088,-0.106097,0.138405,-0.00282746,-0.00218009,-0.00429745,-0.00600501,-0.0990268,0.00824021
8.76404,-0.0358199,-0.106459,0.0706394,-0.00282444,-0.00217773,-0.00429267,-0.00599987,-0.0994084,0.00824374
8.76991,-0.138576,-0.106819,-0.0317566,-0.00282142,-0.00217538,-0.00428789,-0.00599473,-0.0997872,0.00824724
8.77577,-0.195237,-0.107177,-0.0880597,-0.00281842,-0.00217304,-0.00428313,-0.00598961,-0.100163,0.00825071
8.78163,-0.180591,-0.107532,-0.0730589,-0.00281542,-0.0021707,-0.00427838,-0.00598449,-0.100537,0.00825414
8.78749,-0.158513,-0.107884,-0.050629,-0.00281242,-0.00216837,-0.00427364,-0.00597939,-0.100908,0.00825754
8.79336,-0.133228,-0.108234,-0.0249942,-0.00280943,-0.00216604,-0.00426891,-0.00597429,-0.101276,0.00826091
8.79922,0.0252363,-0.108581,0.133818,-0.00280645,-0.00216371,-0.00426419,-0.0059692,-0.101642,0.00826424
8.80508,-0.200092,-0.108926,-0.0911659,-0.00280348,-0.00216139,-0.00425949,-0.00596412,-0.102005,0.00826754
8.81094,-0.12563,-0.109268,-0.016362,-0.00280051,-0.00215908,-0.00425479,-0.00595904,-0.102366,0.00827081
8.81681,-0.0511496,-0.109608,0.0584585,-0.00279755,-0.00215677,-0.0042501,-0.00595398,-0.102724,0.00827405
8.82267,-0.027163,-0.109945,0.0827824,-0.00279459,-0.00215447,-0.00424542,-0.00594892,-0.103079,0.00827725
8.82853,-0.108974,-0.11028,0.00130605,-0.00279164,-0.00215217,-0.00424075,-0.00594388,-0.103432,0.00828042
8.83439,-0.181886,-0.110613,-0.071273,-0.0027887,-0.00214988,-0.0042361,-0.00593884,-0.103783,0.00828356
8.84025,-0.0977496,-0.110943,0.0131933,-0.00278577,-0.00214759,-0.00423145,-0.00593381,-0.104131,0.00828666
8.84612,-0.0441026,-0.111271,0.067168,-0.00278284,-0.0021453,-0.00422681,-0.00592879,-0.104477,0.00828973
8.85198,-0.102553,-0.111596,0.0090426,-0.00277991,-0.00214303,-0.00422219,-0.00592377,-0.10482,0.00829277
8.85784,-0.147193,-0.111919,-0.0352739,-0.002777,-0.00214075,-0.00421757,-0.00591877,-0.105161,0.00829578
8.8637,0.00515482,-0.11224,0.117394,-0.00277409,-0.00213848,-0.00421296,-0.00591377,-0.105499,0.00829875
8.86957,-0.100409,-0.112558,0.0121486,-0.00277118,-0.00213622,-0.00420837,-0.00590879,-0.105835,0.00830169
8.87543,-0.118768,-0.112874,-0.00589362,-0.00276828,-0.00213396,-0.00420378,-0.00590381,-0.106169,0.0083046
8.88129,0.0164646,-0.113188,0.129652,-0.00276539,-0.00213171,-0.00419921,-0.00589884,-0.1065,0.00830747
8.88715,-0.0733349,-0.113499,0.0401641,-0.00276251,-0.00212946,-0.00419464,-0.00589387,-0.106829,0.00831031
8.89301,-0.100224,-0.113808,0.0135847,-0.00275963,-0.00212721,-0.00419008,-0.00588892,-0.107156,0.00831312
8.89888,-0.131728,-0.114115,-0.0176125,-0.00275676,-0.00212497,-0.00418554,-0.00588397,-0.10748,0.00831589
8.90474,0.0284008,-0.11442,0.142821,-0.00275389,-0.00212274,-0.004181,-0.00587904,-0.107802,0.00831864
8.9106,-0.0754527,-0.114722,0.0392698,-0.00275103,-0.00212051,-0.00417647,-0.00587411,-0.108122,0.00832135
8.91646,0.0325915,-0.115023,0.147614,-0.00274817,-0.00211829,-0.00417196,-0.00586919,-0.108439,0.00832402
8.92233,0.00543571,-0.115321,0.120757,-0.00274533,-0.00211607,-0.00416745,-0.00586427,-0.108754,0.00832666
8.92819,-0.0723135,-0.115617,0.0433034,-0.00274248,-0.00211385,-0.00416295,-0.00585937,-0.109068,0.00832927
8.93405,-0.00851678,-0.115911,0.107394,-0.00273965,-0.00211164,-0.00415846,-0.00585447,-0.109378,0.00833185
8.93991,-0.13766,-0.116202,-0.0214571,-0.00273682,-0.00210943,-0.00415398,-0.00584958,-0.109687,0.0083344
8.94577,0.0636361,-0.116492,0.180128,-0.00273399,-0.00210723,-0.00414951,-0.0058447,-0.109993,0.00833691
8.95164,-0.133197,-0.116779,-0.0164177,-0.00273117,-0.00210503,-0.00414506,-0.00583983,-0.110298,0.00833939
8.9575,-0.0874288,-0.117065,0.0296361,-0.00272836,-0.00210284,-0.00414061,-0.00583497,-0.1106,0.00834183
8.96336,-0.017095,-0.117348,0.100253,-0.00272556,-0.00210066,-0.00413617,-0.00583011,-0.1109,0.00834425
8.96922,-0.0550824,-0.117629,0.062547,-0.00272276,-0.00209847,-0.00413174,-0.00582527,-0.111198,0.00834663
8.97509,0.0196689,-0.117909,0.137578,-0.00271996,-0.00209629,-0.00412731,-0.00582043,-0.111494,0.00834897
8.98095,0.0634361,-0.118186,0.181622,-0.00271717,-0.00209412,-0.0041229,-0.0058156,-0.111787,0.00835129
8.98681,-0.169523,-0.118461,-0.0510625,-0.00271439,-0.00209195,-0.0041185,-0.00581077,-0.112079,0.00835357
8.99267,-0.162215,-0.118734,-0.0434805,-0.00271162,-0.00208979,-0.00411411,-0.00580596,-0.112368,0.00835582
8.99853,-0.0794581,-0.119005,0.0395471,-0.00270885,-0.00208763,-0.00410972,-0.00580115,-0.112656,0.00835803
9.0044,-0.0892252,-0.119274,0.0300492,-0.00270608,-0.00208547,-0.00410535,-0.00579635,-0.112941,0.00836021
9.01026,-0.128663,-0.119542,-0.00912107,-0.00270332,-0.00208332,-0.00410099,-0.00579156,-0.113225,0.00836236
9.01612,-0.080126,-0.119807,0.0396809,-0.00270057,-0.00208118,-0.00409663,-0.00578677,-0.113506,0.00836448
9.02198,-0.183472,-0.12007,-0.0634018,-0.00269782,-0.00207904,-0.00409228,-0.005782,-0.113786,0.00836656
9.02785,-0.189382,-0.120332,-0.0690505,-0.00269508,-0.0020769,-0.00408795,-0.00577723,-0.114063,0.00836861
9.03371,-0.0266035,-0.120591,0.0939876,-0.00269234,-0.00207477,-0.00408362,-0.00577247,-0.114339,0.00837063
9.03957,-0.0617691,-0.120849,0.0590796,-0.00268961,-0.00207264,-0.0040793,-0.00576772,-0.114612,0.00837262
9.04543,0.0335357,-0.121104,0.15464,-0.00268689,-0.00207051,-0.00407499,-0.00576297,-0.114884,0.00837457
9.05129,-0.280576,-0.121358,-0.159217,-0.00268417,-0.00206839,-0.00407069,-0.00575824,-0.115153,0.00837649
9.05716,-0.27689,-0.12161,-0.15528,-0.00268146,-0.00206628,-0.0040664,-0.00575351,-0.115421,0.00837837
9.06302,-0.289611,-0.12186,-0.167751,-0.00267875,-0.00206417,-0.00406212,-0.00574879,-0.115687,0.00838023
9.06888,-0.14618,-0.122109,-0.0240716,-0.00267605,-0.00206206,-0.00405784,-0.00574407,-0.115951,0.00838205
9.07474,0.0239333,-0.122355,0.146288,-0.00267335,-0.00205996,-0.00405358,-0.00573937,-0.116213,0.00838383
9.08061,-0.212047,-0.1226,-0.0894474,-0.00267066,-0.00205786,-0.00404932,-0.00573467,-0.116473,0.00838559
9.08647,-0.15914,-0.122843,-0.0362976,-0.00266798,-0.00205577,-0.00404507,-0.00572998,-0.116731,0.00838731
9.09233,-0.00510843,-0.123084,0.117975,-0.0026653,-0.00205368,-0.00404084,-0.0057253,-0.116988,0.008389
9.09819,-0.189284,-0.123323,-0.0659612,-0.00266262,-0.0020516,-0.00403661,-0.00572062,-0.117242,0.00839065
9.10405,0.0691311,-0.123561,0.192692,-0.00265996,-0.00204952,-0.00403239,-0.00571595,-0.117495,0.00839228
9.10992,-0.176925,-0.123796,-0.0531286,-0.00265729,-0.00204744,-0.00402818,-0.00571129,-0.117746,0.00839386
9.11578,-0.221516,-0.12403,-0.0974858,-0.00265464,-0.00204537,-0.00402397,-0.00570664,-0.117995,0.00839542
9.12164,-0.32361,-0.124263,-0.199347,-0.00265199,-0.0020433,-0.00401978,-0.005702,-0.118243,0.00839695
9.1275,-0.135139,-0.124493,-0.0106451,-0.00264934,-0.00204124,-0.0040156,-0.00569736,-0.118488,0.00839844
9.13337,-0.28945,-0.124722,-0.164727,-0.0026467,-0.00203918,-0.00401142,-0.00569273,-0.118732,0.00839989
9.13923,-0.168598,-0.12495,-0.0436486,-0.00264406,-0.00203713,-0.00400725,-0.00568811,-0.118974,0.00840132
9.14509,-0.135478,-0.125175,-0.010303,-0.00264143,-0.00203508,-0.00400309,-0.00568349,-0.119215,0.00840271
9.15095,-0.186546,-0.125399,-0.0611469,-0.00263881,-0.00203303,-0.00399894,-0.00567889,-0.119453,0.00840407
9.15681,-0.187799,-0.125621,-0.0621773,-0.00263619,-0.00203099,-0.0039948,-0.00567429,-0.11969,0.0084054
9.16268,-0.183967,-0.125842,-0.0581252,-0.00263358,-0.00202895,-0.00399067,-0.0056697,-0.119926,0.00840669
9.16854,-0.108798,-0.126061,0.0172628,-0.00263097,-0.00202692,-0.00398654,-0.00566511,-0.120159,0.00840795
9.1744,-0.192762,-0.126278,-0.0664838,-0.00262836,-0.00202489,-0.00398243,-0.00566053,-0.120391,0.00840918
9.18026,-0.226832,-0.126494,-0.100338,-0.00262577,-0.00202287,-0.00397832,-0.00565596,-0.120621,0.00841037
9.18613,-0.26806,-0.126708,-0.141352,-0.00262317,-0.00202084,-0.00397422,-0.0056514,-0.12085,0.00841153
9.19199,-0.0719094,-0.126921,0.0550112,-0.00262059,-0.00201883,-0.00397013,-0.00564685,-0.121077,0.00841266
9.19785,0.0198243,-0.127132,0.146956,-0.002618,-0.00201682,-0.00396605,-0.0056423,-0.121302,0.00841376
9.20371,-0.0336998,-0.127341,0.0936411,-0.00261543,-0.00201481,-0.00396197,-0.00563776,-0.121526,0.00841482
9.20957,-0.250826,-0.127549,-0.123277,-0.00261286,-0.0020128,-0.00395791,-0.00563322,-0.121748,0.00841585
9.21544,-0.161654,-0.127755,-0.033899,-0.00261029,-0.0020108,-0.00395385,-0.0056287,-0.121968,0.00841685
9.2213,-0.0898447,-0.12796,0.038115,-0.00260773,-0.00200881,-0.0039498,-0.00562418,-0.122187,0.00841781
9.22716,-0.025699,-0.128163,0.102464,-0.00260517,-0.00200681,-0.00394576,-0.00561967,-0.122404,0.00841874
9.23302,-0.101444,-0.128365,0.0269207,-0.00260262,-0.00200482,-0.00394173,-0.00561516,-0.12262,0.00841964
9.23889,-0.199453,-0.128565,-0.0708879,-0.00260008,-0.00200284,-0.0039377,-0.00561067,-0.122834,0.00842051
9.24475,0.0491533,-0.128763,0.177917,-0.00259753,-0.00200086,-0.00393369,-0.00560618,-0.123047,0.00842134
9.25061,-0.0741336,-0.128961,0.0548271,-0.002595,-0.00199888,-0.00392968,-0.00560169,-0.123258,0.00842214
9.25647,-0.186501,-0.129156,-0.0573444,-0.00259247,-0.00199691,-0.00392568,-0.00559722,-0.123467,0.00842291
9.26234,-0.106564,-0.129351,0.022787,-0.00258994,-0.00199494,-0.00392169,-0.00559275,-0.123675,0.00842364
9.2682,-0.0130372,-0.129543,0.116506,-0.00258742,-0.00199298,-0.0039177,-0.00558829,-0.123881,0.00842434
9.27406,-0.127952,-0.129735,0.00178264,-0.00258491,-0.00199102,-0.00391373,-0.00558384,-0.124086,0.00842501
9.27992,-0.0777102,-0.129925,0.0522145,-0.0025824,-0.00198906,-0.00390976,-0.00557939,-0.12429,0.00842564
9.28578,-0.0923955,-0.130113,0.0377177,-0.00257989,-0.00198711,-0.0039058,-0.00557495,-0.124492,0.00842625
9.29165,-0.138179,-0.1303,-0.00787833,-0.00257739,-0.00198516,-0.00390185,-0.00557052,-0.124692,0.00842681
9.29751,-0.162501,-0.130486,-0.0320148,-0.0025749,-0.00198321,-0.00389791,-0.00556609,-0.124891,0.00842735
9.30337,-0.111149,-0.13067,0.0195208,-0.00257241,-0.00198127,-0.00389397,-0.00556167,-0.125089,0.00842785
9.30923,-0.406153,-0.130853,-0.2753,-0.00256992,-0.00197934,-0.00389004,-0.00555726,-0.125285,0.00842832
9.3151,-0.225433,-0.131034,-0.0943981,-0.00256744,-0.0019774,-0.00388612,-0.00555285,-0.125479,0.00842876
9.32096,-0.277491,-0.131215,-0.146277,-0.00256497,-0.00197547,-0.00388221,-0.00554846,-0.125673,0.00842917
9.32682,-0.280211,-0.131393,-0.148818,-0.0025625,-0.00197355,-0.00387831,-0.00554407,-0.125864,0.00842954
9.33268,-0.143023,-0.131571,-0.0114526,-0.00256003,-0.00197163,-0.00387441,-0.00553968,-0.126055,0.00842988
9.33854,-0.171022,-0.131747,-0.0392754,-0.00255757,-0.00196971,-0.00387052,-0.0055353,-0.126244,0.00843018
9.34441,-0.173007,-0.131921,-0.0410851,-0.00255511,-0.00196779,-0.00386664,-0.00553093,-0.126431,0.00843045
9.35027,-0.154101,-0.132095,-0.0220058,-0.00255266,-0.00196588,-0.00386277,-0.00552657,-0.126618,0.00843069
9.35613,-0.324986,-0.132267,-0.192719,-0.00255022,-0.00196398,-0.00385891,-0.00552221,-0.126802,0.0084309
9.36199,-0.347113,-0.132438,-0.214675,-0.00254778,-0.00196207,-0.00385505,-0.00551787,-0.126986,0.00843107
9.36786,-0.0611605,-0.132607,0.0714465,-0.00254534,-0.00196017,-0.0038512,-0.00551352,-0.127168,0.00843122
9.37372,-0.210261,-0.132775,-0.0774859,-0.00254291,-0.00195828,-0.00384736,-0.00550919,-0.127349,0.00843132
9.37958,-0.196974,-0.132942,-0.0640324,-0.00254048,-0.00195639,-0.00384352,-0.00550486,-0.127528,0.0084314
9.38544,-0.1053,-0.133108,0.0278072,-0.00253806,-0.0019545,-0.0038397,-0.00550054,-0.127706,0.00843144
9.3913,-0.155238,-0.133272,-0.021966,-0.00253564,-0.00195262,-0.00383588,-0.00549622,-0.127883,0.00843145
9.39717,-0.152578,-0.133435,-0.0191434,-0.00253323,-0.00195074,-0.00383207,-0.00549191,-0.128058,0.00843143
9.40303,-0.327773,-0.133597,-0.194176,-0.00253082,-0.00194886,-0.00382826,-0.00548761,-0.128233,0.00843137
9.40889,-0.308679,-0.133757,-0.174921,-0.00252842,-0.00194699,-0.00382447,-0.00548331,-0.128405,0.00843128
9.41475,-0.166875,-0.133917,-0.032958,-0.00252602,-0.00194512,-0.00382068,-0.00547903,-0.128577,0.00843116
9.42062,-0.129746,-0.134075,0.00432855,-0.00252363,-0.00194325,-0.0038169,-0.00547474,-0.128747,0.008431
9.42648,-0.0342509,-0.134232,0.0999807,-0.00252124,-0.00194139,-0.00381312,-0.00547047,-0.128916,0.00843081
9.43234,-0.0407404,-0.134387,0.0936468,-0.00251885,-0.00193953,-0.00380936,-0.0054662,-0.129084,0.00843059
9.4382,-0.155817,-0.134542,-0.0212753,-0.00251647,-0.00193767,-0.0038056,-0.00546194,-0.12925,0.00843034
9.44406,-0.133764,-0.134695,0.000931409,-0.0025141,-0.00193582,-0.00380185,-0.00545768,-0.129416,0.00843005
9.44993,-0.199473,-0.134847,-0.0646264,-0.00251173,-0.00193398,-0.0037981,-0.00545343,-0.12958,0.00842973
9.45579,-0.0964867,-0.134998,0.0385113,-0.00250936,-0.00193213,-0.00379436,-0.00544919,-0.129742,0.00842938
9.46165,-0.195132,-0.135148,-0.0599841,-0.002507,-0.00193029,-0.00379063,-0.00544496,-0.129904,0.00842899
9.46751,-0.111461,-0.135296,0.0238355,-0.00250464,-0.00192845,-0.00378691,-0.00544073,-0.130064,0.00842858
9.47338,-0.0907117,-0.135444,0.0447319,-0.00250229,-0.00192662,-0.0037832,-0.00543651,-0.130223,0.00842812
9.47924,0.0082096,-0.13559,0.143799,-0.00249994,-0.00192479,-0.00377949,-0.00543229,-0.130381,0.00842764
9.4851,-0.181518,-0.135735,-0.045783,-0.0024976,-0.00192296,-0.00377579,-0.00542808,-0.130538,0.00842712
9.49096,-0.152135,-0.135879,-0.0162557,-0.00249526,-0.00192114,-0.0037721,-0.00542388,-0.130693,0.00842657
9.49682,-0.275211,-0.136022,-0.139189,-0.00249293,-0.00191932,-0.00376841,-0.00541968,-0.130847,0.00842599
9.50269,-0.0869736,-0.136163,0.0491899,-0.0024906,-0.00191751,-0.00376473,-0.00541549,-0.131001,0.00842537
9.50855,-0.143736,-0.136304,-0.00743166,-0.00248827,-0.00191569,-0.00376106,-0.00541131,-0.131152,0.00842472
9.51441,-0.201786,-0.136444,-0.0653428,-0.00248595,-0.00191388,-0.0037574,-0.00540713,-0.131303,0.00842404
9.52027,-0.26103,-0.136582,-0.124448,-0.00248363,-0.00191208,-0.00375374,-0.00540296,-0.131453,0.00842333
9.52614,-0.249723,-0.136719,-0.113004,-0.00248132,-0.00191028,-0.00375009,-0.0053988,-0.131601,0.00842258
9.532,-0.202591,-0.136856,-0.0657358,-0.00247901,-0.00190848,-0.00374645,-0.00539464,-0.131749,0.0084218
9.53786,-0.189239,-0.136991,-0.052248,-0.00247671,-0.00190668,-0.00374281,-0.00539049,-0.131895,0.00842098
9.54372,-0.0209942,-0.137125,0.116131,-0.00247441,-0.00190489,-0.00373918,-0.00538635,-0.13204,0.00842014
9.54958,-0.128152,-0.137258,0.00910548,-0.00247212,-0.0019031,-0.00373556,-0.00538221,-0.132184,0.00841926
9.55545,-0.135511,-0.13739,0.00187828,-0.00246983,-0.00190132,-0.00373195,-0.00537808,-0.132327,0.00841834
9.56131,-0.330337,-0.137521,-0.192817,-0.00246754,-0.00189954,-0.00372834,-0.00537395,-0.132469,0.0084174
9.56717,-0.255519,-0.137651,-0.117868,-0.00246526,-0.00189776,-0.00372474,-0.00536983,-0.132609,0.00841642
9.57303,0.013503,-0.137779,0.151282,-0.00246298,-0.00189599,-0.00372114,-0.00536572,-0.132749,0.00841541
9.5789,0.0701486,-0.137907,0.208056,-0.00246071,-0.00189422,-0.00371756,-0.00536161,-0.132887,0.00841436
9.58476,-0.289631,-0.138034,-0.151597,-0.00245844,-0.00189245,-0.00371398,-0.00535751,-0.133025,0.00841329
9.59062,-0.0321279,-0.13816,0.106032,-0.00245618,-0.00189068,-0.0037104,-0.00535342,-0.133161,0.00841218
9.59648,-0.129495,-0.138284,0.0087891,-0.00245392,-0.00188892,-0.00370684,-0.00534933,-0.133296,0.00841103
9.60234,-0.262123,-0.138408,-0.123715,-0.00245166,-0.00188716,-0.00370328,-0.00534525,-0.133431,0.00840986
9.60821,-0.120084,-0.138531,0.018447,-0.00244941,-0.00188541,-0.00369972,-0.00534117,-0.133564,0.00840865
9.61407,-0.0608531,-0.138653,0.0777996,-0.00244717,-0.00188366,-0.00369618,-0.0053371,-0.133696,0.00840741
9.61993,-0.0466909,-0.138774,0.0920826,-0.00244492,-0.00188191,-0.00369264,-0.00533304,-0.133827,0.00840613
9.62579,-0.0689264,-0.138893,0.0699669,-0.00244268,-0.00188017,-0.00368911,-0.00532898,-0.133957,0.00840482
9.63166,0.028471,-0.139012,0.167483,-0.00244045,-0.00187842,-0.00368558,-0.00532493,-0.134086,0.00840348
9.63752,-0.0981629,-0.13913,0.0409671,-0.00243822,-0.00187669,-0.00368206,-0.00532089,-0.134214,0.00840211
9.64338,-0.0714584,-0.139247,0.0677885,-0.00243599,-0.00187495,-0.00367855,-0.00531685,-0.134341,0.0084007
9.64924,0.12405,-0.139363,0.263413,-0.00243377,-0.00187322,-0.00367504,-0.00531282,-0.134467,0.00839926
9.65511,-0.0484454,-0.139478,0.0910325,-0.00243156,-0.00187149,-0.00367154,-0.00530879,-0.134592,0.00839779
9.66097,-0.258038,-0.139592,-0.118446,-0.00242934,-0.00186977,-0.00366805,-0.00530477,-0.134716,0.00839629
9.66683,-0.0344178,-0.139705,0.105287,-0.00242713,-0.00186805,-0.00366457,-0.00530076,-0.134839,0.00839475
9.67269,-0.0939634,-0.139817,0.0458539,-0.00242493,-0.00186633,-0.00366109,-0.00529675,-0.134961,0.00839318
9.67855,-0.235822,-0.139929,-0.0958936,-0.00242273,-0.00186461,-0.00365762,-0.00529275,-0.135082,0.00839157
9.68442,-0.00440564,-0.140039,0.135633,-0.00242053,-0.0018629,-0.00365415,-0.00528875,-0.135203,0.00838994
9.69028,0.00650962,-0.140148,0.146658,-0.00241834,-0.00186119,-0.00365069,-0.00528476,-0.135322,0.00838827
9.69614,-0.107382,-0.140257,0.0328752,-0.00241615,-0.00185949,-0.00364724,-0.00528078,-0.13544,0.00838656
9.702,-0.10396,-0.140365,0.036405,-0.00241396,-0.00185778,-0.00364379,-0.0052768,-0.135557,0.00838483
9.70787,-0.299662,-0.140471,-0.159191,-0.00241178,-0.00185608,-0.00364035,-0.00527283,-0.135673,0.00838306
9.71373,-0.174,-0.140577,-0.033423,-0.00240961,-0.00185439,-0.00363692,-0.00526886,-0.135789,0.00838126
9.71959,-0.360022,-0.140682,-0.21934,-0.00240743,-0.0018527,-0.00363349,-0.0052649,-0.135903,0.00837942
9.72545,-0.325438,-0.140786,-0.184652,-0.00240526,-0.00185101,-0.00363007,-0.00526095,-0.136017,0.00837756
9.73131,-0.0476872,-0.140889,0.0932023,-0.0024031,-0.00184932,-0.00362666,-0.005257,-0.136129,0.00837566
9.73718,-0.093494,-0.140992,0.0474979,-0.00240094,-0.00184763,-0.00362325,-0.00525306,-0.136241,0.00837372
9.74304,-0.301027,-0.141093,-0.159934,-0.00239878,-0.00184595,-0.00361985,-0.00524912,-0.136351,0.00837176
9.7489,-0.254092,-0.141194,-0.112898,-0.00239663,-0.00184428,-0.00361646,-0.00524519,-0.136461,0.00836976
9.75476,-0.0989548,-0.141294,0.042339,-0.00239448,-0.0018426,-0.00361307,-0.00524127,-0.13657,0.00836773
9.76063,-0.15279,-0.141393,-0.0113971,-0.00239234,-0.00184093,-0.00360969,-0.00523735,-0.136678,0.00836566
9.76649,-0.138319,-0.141491,0.00317193,-0.0023902,-0.00183926,-0.00360631,-0.00523344,-0.136785,0.00836356
9.77235,-0.161774,-0.141588,-0.0201859,-0.00238806,-0.0018376,-0.00360294,-0.00522953,-0.136892,0.00836143
9.77821,-0.266044,-0.141685,-0.124359,-0.00238593,-0.00183594,-0.00359958,-0.00522563,-0.136997,0.00835927
9.78407,-0.0565612,-0.14178,0.0852191,-0.0023838,-0.00183428,-0.00359622,-0.00522173,-0.137101,0.00835707
9.78994,-0.286155,-0.141875,-0.14428,-0.00238167,-0.00183262,-0.00359287,-0.00521784,-0.137205,0.00835484
9.7958,-0.218043,-0.141969,-0.0760734,-0.00237955,-0.00183097,-0.00358953,-0.00521396,-0.137308,0.00835258
9.80166,-0.301331,-0.142062,-0.159268,-0.00237743,-0.00182932,-0.00358619,-0.00521008,-0.13741,0.00835028
9.80752,-0.214797,-0.142155,-0.0726421,-0.00237532,-0.00182767,-0.00358286,-0.00520621,-0.137511,0.00834796
9.81339,-0.170447,-0.142246,-0.0282003,-0.00237321,-0.00182603,-0.00357953,-0.00520234,-0.137611,0.0083456
9.81925,-0.174043,-0.142337,-0.0317062,-0.0023711,-0.00182439,-0.00357621,-0.00519848,-0.13771,0.0083432
9.82511,-0.136863,-0.142427,0.00556402,-0.002369,-0.00182275,-0.0035729,-0.00519463,-0.137809,0.00834077
9.83097,-0.0755379,-0.142517,0.0669786,-0.0023669,-0.00182112,-0.00356959,-0.00519078,-0.137906,0.00833831
9.83683,-0.31433,-0.142605,-0.171725,-0.00236481,-0.00181948,-0.00356629,-0.00518694,-0.138003,0.00833582
9.8427,-0.193991,-0.142693,-0.051298,-0.00236272,-0.00181785,-0.00356299,-0.0051831,-0.138099,0.0083333
9.84856,-0.0437277,-0.14278,0.0990519,-0.00236063,-0.00181623,-0.0035597,-0.00517927,-0.138195,0.00833074
9.85442,0.037053,-0.142866,0.179919,-0.00235855,-0.00181461,-0.00355642,-0.00517544,-0.138289,0.00832814
9.86028,-0.00463595,-0.142951,0.138315,-0.00235647,-0.00181299,-0.00355314,-0.00517162,-0.138383,0.00832552
9.86615,-0.233431,-0.143036,-0.0903947,-0.00235439,-0.00181137,-0.00354987,-0.0051678,-0.138475,0.00832286
9.87201,-0.242306,-0.14312,-0.0991863,-0.00235232,-0.00180975,-0.00354661,-0.00516399,-0.138567,0.00832017
9.87787,-0.0937353,-0.143203,0.0494677,-0.00235025,-0.00180814,-0.00354335,-0.00516019,-0.138659,0.00831745
9.88373,-0.0196126,-0.143285,0.123673,-0.00234819,-0.00180654,-0.0035401,-0.00515639,-0.138749,0.00831469
9.88959,-0.150576,-0.143367,-0.00720847,-0.00234613,-0.00180493,-0.00353685,-0.0051526,-0.138839,0.0083119
9.89546,-0.176674,-0.143448,-0.0332263,-0.00234407,-0.00180333,-0.00353361,-0.00514881,-0.138927,0.00830908
9.90132,-0.0867968,-0.143528,0.0567316,-0.00234202,-0.00180173,-0.00353037,-0.00514503,-0.139015,0.00830623
9.90718,-0.0249389,-0.143608,0.118669,-0.00233997,-0.00180013,-0.00352715,-0.00514125,-0.139103,0.00830334
9.91304,-0.154547,-0.143687,-0.01086,-0.00233792,-0.00179854,-0.00352392,-0.00513748,-0.139189,0.00830042
9.91891,-0.247809,-0.143765,-0.104044,-0.00233588,-0.00179695,-0.0035207,-0.00513372,-0.139275,0.00829746
9.92477,-0.340297,-0.143842,-0.196455,-0.00233384,-0.00179536,-0.00351749,-0.00512996,-0.13936,0.00829448
9.93063,-0.272778,-0.143919,-0.128859,-0.00233181,-0.00179377,-0.00351429,-0.0051262,-0.139444,0.00829146
9.93649,-0.338371,-0.143995,-0.194376,-0.00232978,-0.00179219,-0.00351109,-0.00512246,-0.139528,0.0082884
9.94235,-0.280824,-0.14407,-0.136753,-0.00232775,-0.00179061,-0.00350789,-0.00511871,-0.139611,0.00828532
9.94822,-0.0803068,-0.144145,0.0638381,-0.00232573,-0.00178903,-0.00350471,-0.00511498,-0.139693,0.0082822
9.95408,-0.0895614,-0.144219,0.0546574,-0.00232371,-0.00178746,-0.00350152,-0.00511124,-0.139774,0.00827905
9.95994,-0.180152,-0.144292,-0.0358594,-0.00232169,-0.00178589,-0.00349835,-0.00510752,-0.139855,0.00827586
9.9658,-0.0637876,-0.144365,0.0805771,-0.00231968,-0.00178432,-0.00349518,-0.0051038,-0.139934,0.00827265
9.97167,-0.261816,-0.144437,-0.11738,-0.00231767,-0.00178276,-0.00349201,-0.00510008,-0.140013,0.0082694
9.97753,-0.136946,-0.144508,0.00756152,-0.00231566,-0.00178119,-0.00348885,-0.00509637,-0.140092,0.00826611
9.98339,-0.20036,-0.144578,-0.0557819,-0.00231366,-0.00177963,-0.0034857,-0.00509266,-0.14017,0.0082628
9.98925,-0.124975,-0.144648,0.0196734,-0.00231166,-0.00177808,-0.00348255,-0.00508896,-0.140247,0.00825945
9.99511,-0.0304575,-0.144718,0.11426,-0.00230966,-0.00177652,-0.00347941,-0.00508527,-0.140323,0.00825607
10.001,-0.223252,-0.144786,-0.0784654,-0.00230767,-0.00177497,-0.00347627,-0.00508158,-0.140398,0.00825265
10.0068,-0.112667,-0.144854,0.0321868,-0.00230568,-0.00177342,-0.00347314,-0.0050779,-0.140473,0.0082492
10.0127,-0.151446,-0.144922,-0.00652403,-0.0023037,-0.00177187,-0.00347001,-0.00507422,-0.140548,0.00824572
10.0186,-0.176351,-0.144988,-0.0313628,-0.00230172,-0.00177033,-0.0034669,-0.00507055,-0.140621,0.00824221
10.0244,-0.314763,-0.145054,-0.169709,-0.00229974,-0.00176879,-0.00346378,-0.00506688,-0.140694,0.00823866
10.0303,-0.209562,-0.14512,-0.064442,-0.00229777,-0.00176725,-0.00346067,-0.00506322,-0.140766,0.00823508
10.0362,-0.179943,-0.145185,-0.0347586,-0.00229579,-0.00176572,-0.00345757,-0.00505956,-0.140837,0.00823147
10.042,-0.153777,-0.145249,-0.00852809,-0.00229383,-0.00176418,-0.00345447,-0.00505591,-0.140908,0.00822783
10.0479,-0.171732,-0.145312,-0.0264196,-0.00229186,-0.00176265,-0.00345138,-0.00505226,-0.140978,0.00822415
10.0537,-0.264095,-0.145375,-0.118719,-0.0022899,-0.00176113,-0.00344829,-0.00504862,-0.141048,0.00822044
10.0596,-0.0462687,-0.145438,0.099169,-0.00228795,-0.0017596,-0.00344521,-0.00504498,-0.141117,0.00821669
10.0655,-0.139928,-0.145499,0.00557164,-0.00228599,-0.00175808,-0.00344214,-0.00504135,-0.141185,0.00821292
10.0713,-0.0377797,-0.145561,0.107781,-0.00228404,-0.00175656,-0.00343907,-0.00503773,-0.141252,0.00820911
10.0772,-0.147945,-0.145621,-0.00232404,-0.00228209,-0.00175505,-0.003436,-0.00503411,-0.141319,0.00820526
10.083,-0.230161,-0.145681,-0.0844795,-0.00228015,-0.00175353,-0.00343294,-0.00503049,-0.141385,0.00820139
10.0889,-0.0576016,-0.14574,0.0881388,-0.00227821,-0.00175202,-0.00342989,-0.00502688,-0.141451,0.00819748
10.0948,-0.0144942,-0.145799,0.131305,-0.00227627,-0.00175051,-0.00342684,-0.00502328,-0.141516,0.00819354
10.1006,-0.15007,-0.145857,-0.00421245,-0.00227434,-0.00174901,-0.0034238,-0.00501968,-0.14158,0.00818956
10.1065,-0.136904,-0.145915,0.00901108,-0.00227241,-0.0017475,-0.00342076,-0.00501608,-0.141644,0.00818555
10.1124,-0.103766,-0.145972,0.0422059,-0.00227048,-0.001746,-0.00341773,-0.00501249,-0.141707,0.00818151
10.1182,-0.270447,-0.146028,-0.124419,-0.00226856,-0.0017445,-0.0034147,-0.00500891,-0.141769,0.00817744
10.1241,-0.236772,-0.146084,-0.0906881,-0.00226664,-0.00174301,-0.00341168,-0.00500533,-0.141831,0.00817333
10.1299,-0.372707,-0.14614,-0.226568,-0.00226472,-0.00174152,-0.00340867,-0.00500176,-0.141892,0.0081692
10.1358,-0.128843,-0.146194,0.0173515,-0.00226281,-0.00174003,-0.00340566,-0.00499819,-0.141953,0.00816502
10.1417,-0.32999,-0.146249,-0.183742,-0.0022609,-0.00173854,-0.00340265,-0.00499462,-0.142013,0.00816082
10.1475,-0.225934,-0.146302,-0.0796314,-0.00225899,-0.00173705,-0.00339965,-0.00499107,-0.142072,0.00815658
10.1534,-0.302512,-0.146355,-0.156156,-0.00225709,-0.00173557,-0.00339666,-0.00498751,-0.142131,0.00815231
10.1593,-0.208476,-0.146408,-0.0620676,-0.00225519,-0.00173409,-0.00339367,-0.00498396,-0.142189,0.00814801
10.1651,-0.194442,-0.14646,-0.0479825,-0.00225329,-0.00173261,-0.00339068,-0.00498042,-0.142247,0.00814367
10.171,-0.215431,-0.146511,-0.0689193,-0.0022514,-0.00173114,-0.0033877,-0.00497688,-0.142304,0.0081393
10.1768,-0.126659,-0.146562,0.0199036,-0.00224951,-0.00172967,-0.00338473,-0.00497335,-0.14236,0.0081349
10.1827,-0.179238,-0.146613,-0.0326254,-0.00224762,-0.0017282,-0.00338176,-0.00496982,-0.142416,0.00813046
10.1886,-0.0813819,-0.146663,0.0652806,-0.00224574,-0.00172673,-0.0033788,-0.0049663,-0.142471,0.00812599
10.1944,-0.106878,-0.146712,0.0398334,-0.00224386,-0.00172527,-0.00337584,-0.00496278,-0.142526,0.00812149
10.2003,-0.246449,-0.146761,-0.0996888,-0.00224198,-0.0017238,-0.00337289,-0.00495926,-0.14258,0.00811696
10.2062,-0.213638,-0.146809,-0.0668293,-0.00224011,-0.00172234,-0.00336994,-0.00495576,-0.142633,0.00811239
10.212,-0.168886,-0.146857,-0.0220293,-0.00223824,-0.00172089,-0.003367,-0.00495225,-0.142686,0.00810779
10.2179,-0.0836599,-0.146904,0.0632441,-0.00223637,-0.00171943,-0.00336406,-0.00494875,-0.142739,0.00810316
10.2237,-0.0178591,-0.146951,0.129092,-0.0022345,-0.00171798,-0.00336113,-0.00494526,-0.14279,0.00809849
10.2296,-0.134007,-0.146997,0.0129896,-0.00223264,-0.00171653,-0.0033582,-0.00494177,-0.142842,0.00809379
10.2355,-0.120062,-0.147043,0.0269807,-0.00223078,-0.00171508,-0.00335528,-0.00493829,-0.142892,0.00808906
10.2413,-0.147112,-0.147088,-2.37988e-05,-0.00222893,-0.00171364,-0.00335236,-0.00493481,-0.142942,0.0080843
10.2472,-0.123682,-0.147133,0.0234507,-0.00222708,-0.0017122,-0.00334945,-0.00493133,-0.142992,0.0080795
10.2531,-0.242005,-0.147177,-0.0948278,-0.00222523,-0.00171076,-0.00334654,-0.00492787,-0.143041,0.00807467
10.2589,-0.241547,-0.147221,-0.0943266,-0.00222338,-0.00170932,-0.00334364,-0.0049244,-0.14309,0.0080698
10.2648,-0.105656,-0.147264,0.0416082,-0.00222154,-0.00170788,-0.00334074,-0.00492094,-0.143138,0.00806491
10.2706,-0.0208901,-0.147307,0.126417,-0.0022197,-0.00170645,-0.00333785,-0.00491749,-0.143185,0.00805998
10.2765,-0.0884014,-0.147349,0.0589475,-0.00221786,-0.00170502,-0.00333497,-0.00491404,-0.143232,0.00805502
10.2824,-0.160435,-0.147391,-0.0130447,-0.00221603,-0.00170359,-0.00333208,-0.00491059,-0.143278,0.00805002
10.2882,-0.111305,-0.147432,0.0361271,-0.0022142,-0.00170217,-0.00332921,-0.00490715,-0.143324,0.00804499
10.2941,-0.203801,-0.147473,-0.0563286,-0.00221237,-0.00170075,-0.00332633,-0.00490372,-0.14337,0.00803993
10.3,-0.00772904,-0.147513,0.139784,-0.00221055,-0.00169933,-0.00332347,-0.00490029,-0.143414,0.00803484
10.3058,-0.239642,-0.147553,-0.0920886,-0.00220873,-0.00169791,-0.00332061,-0.00489686,-0.143459,0.00802971
10.3117,-0.155847,-0.147593,-0.00825432,-0.00220691,-0.00169649,-0.00331775,-0.00489344,-0.143503,0.00802455
10.3175,-0.042736,-0.147632,0.104896,-0.0022051,-0.00169508,-0.0033149,-0.00489002,-0.143546,0.00801936
10.3234,-0.155121,-0.14767,-0.00745077,-0.00220328,-0.00169367,-0.00331205,-0.00488661,-0.143589,0.00801413
10.3293,-0.241232,-0.147708,-0.0935242,-0.00220148,-0.00169226,-0.00330921,-0.00488321,-0.143631,0.00800887
10.3351,-0.230071,-0.147746,-0.0823254,-0.00219967,-0.00169086,-0.00330637,-0.0048798,-0.143673,0.00800358
10.341,-0.156505,-0.147783,-0.00872158,-0.00219787,-0.00168945,-0.00330354,-0.00487641,-0.143714,0.00799826
10.3468,-0.0496383,-0.14782,0.0981814,-0.00219607,-0.00168805,-0.00330071,-0.00487302,-0.143755,0.0079929
10.3527,-0.124638,-0.147856,0.0232182,-0.00219427,-0.00168665,-0.00329789,-0.00486963,-0.143795,0.00798751
10.3586,-0.100821,-0.147892,0.0470706,-0.00219248,-0.00168526,-0.00329507,-0.00486624,-0.143835,0.00798209
10.3644,-0.0668794,-0.147927,0.0810479,-0.00219069,-0.00168386,-0.00329225,-0.00486287,-0.143874,0.00797663
10.3703,-0.0979398,-0.147962,0.0500224,-0.0021889,-0.00168247,-0.00328945,-0.00485949,-0.143913,0.00797114
10.3762,-0.0784952,-0.147997,0.0695015,-0.00218711,-0.00168108,-0.00328664,-0.00485612,-0.143951,0.00796562
10.382,-0.0805957,-0.148031,0.0674351,-0.00218533,-0.00167969,-0.00328384,-0.00485276,-0.143989,0.00796007
10.3879,-0.0675597,-0.148064,0.0805048,-0.00218355,-0.00167831,-0.00328105,-0.0048494,-0.144027,0.00795448
10.3937,-0.202139,-0.148098,-0.0540411,-0.00218178,-0.00167693,-0.00327826,-0.00484605,-0.144064,0.00794886
10.3996,-0.222974,-0.148131,-0.0748439,-0.00218001,-0.00167555,-0.00327547,-0.00484269,-0.1441,0.0079432
10.4055,-0.239545,-0.148163,-0.0913825,-0.00217824,-0.00167417,-0.00327269,-0.00483935,-0.144136,0.00793752
10.4113,0.00167911,-0.148195,0.149874,-0.00217647,-0.00167279,-0.00326992,-0.00483601,-0.144172,0.0079318
10.4172,-0.122263,-0.148226,0.0259633,-0.00217471,-0.00167142,-0.00326715,-0.00483267,-0.144207,0.00792604
10.4231,-0.181834,-0.148258,-0.0335759,-0.00217294,-0.00167005,-0.00326438,-0.00482934,-0.144241,0.00792026
10.4289,-0.0502946,-0.148288,0.0979938,-0.00217119,-0.00166868,-0.00326162,-0.00482601,-0.144275,0.00791444
10.4348,-0.0728797,-0.148319,0.075439,-0.00216943,-0.00166731,-0.00325886,-0.00482269,-0.144309,0.00790859
10.4406,-0.161531,-0.148349,-0.013182,-0.00216768,-0.00166595,-0.00325611,-0.00481937,-0.144342,0.00790271
10.4465,-0.0491601,-0.148378,0.0992181,-0.00216593,-0.00166459,-0.00325336,-0.00481606,-0.144375,0.00789679
10.4524,-0.204198,-0.148407,-0.0557906,-0.00216418,-0.00166323,-0.00325062,-0.00481275,-0.144407,0.00789084
10.4582,-0.268422,-0.148436,-0.119986,-0.00216244,-0.00166187,-0.00324788,-0.00480945,-0.144439,0.00788486
10.4641,-0.26415,-0.148464,-0.115685,-0.0021607,-0.00166051,-0.00324515,-0.00480615,-0.144471,0.00787884
10.47,-0.0590812,-0.148492,0.0894111,-0.00215896,-0.00165916,-0.00324242,-0.00480285,-0.144502,0.00787279
10.4758,-0.123901,-0.14852,0.0246187,-0.00215722,-0.00165781,-0.0032397,-0.00479956,-0.144532,0.00786671
10.4817,-0.0322354,-0.148547,0.116312,-0.00215549,-0.00165646,-0.00323698,-0.00479627,-0.144562,0.00786059
10.4875,-0.221076,-0.148574,-0.0725019,-0.00215376,-0.00165512,-0.00323426,-0.00479299,-0.144592,0.00785445
10.4934,-0.340393,-0.1486,-0.191793,-0.00215204,-0.00165377,-0.00323155,-0.00478971,-0.144621,0.00784827
10.4993,-0.182673,-0.148626,-0.0340465,-0.00215031,-0.00165243,-0.00322885,-0.00478644,-0.14465,0.00784205
10.5051,-0.189392,-0.148652,-0.0407404,-0.00214859,-0.00165109,-0.00322614,-0.00478317,-0.144679,0.00783581
10.511,-0.342134,-0.148677,-0.193457,-0.00214687,-0.00164975,-0.00322345,-0.00477991,-0.144707,0.00782953
10.5169,-0.187333,-0.148702,-0.0386314,-0.00214516,-0.00164842,-0.00322075,-0.00477665,-0.144734,0.00782322
10.5227,0.029339,-0.148727,0.178066,-0.00214345,-0.00164708,-0.00321807,-0.00477339,-0.144762,0.00781687
10.5286,-0.0741067,-0.148751,0.0746441,-0.00214174,-0.00164575,-0.00321538,-0.00477014,-0.144788,0.00781049
10.5344,-0.256712,-0.148775,-0.107938,-0.00214003,-0.00164443,-0.0032127,-0.0047669,-0.144815,0.00780408
10.5403,-0.248556,-0.148798,-0.0997583,-0.00213833,-0.0016431,-0.00321003,-0.00476366,-0.144841,0.00779764
10.5462,-0.254245,-0.148821,-0.105424,-0.00213662,-0.00164177,-0.00320736,-0.00476042,-0.144866,0.00779116
10.552,-0.367534,-0.148844,-0.218691,-0.00213493,-0.00164045,-0.00320469,-0.00475718,-0.144891,0.00778465
10.5579,-0.312398,-0.148866,-0.163532,-0.00213323,-0.00163913,-0.00320203,-0.00475396,-0.144916,0.00777811
10.5638,-0.303984,-0.148888,-0.155096,-0.00213154,-0.00163781,-0.00319937,-0.00475073,-0.14494,0.00777153
10.5696,-0.241627,-0.14891,-0.0927171,-0.00212985,-0.0016365,-0.00319672,-0.00474751,-0.144964,0.00776492
10.5755,-0.226567,-0.148931,-0.077636,-0.00212816,-0.00163519,-0.00319407,-0.0047443,-0.144988,0.00775828
10.5813,-0.162774,-0.148952,-0.0138221,-0.00212647,-0.00163387,-0.00319143,-0.00474109,-0.145011,0.00775161
10.5872,-0.110425,-0.148973,0.0385481,-0.00212479,-0.00163256,-0.00318879,-0.00473788,-0.145034,0.0077449
10.5931,-0.0999569,-0.148993,0.0490361,-0.00212311,-0.00163126,-0.00318616,-0.00473468,-0.145056,0.00773816
10.5989,-0.135575,-0.149013,0.0134374,-0.00212143,-0.00162995,-0.00318353,-0.00473148,-0.145078,0.00773139
10.6048,-0.231537,-0.149033,-0.0825044,-0.00211976,-0.00162865,-0.0031809,-0.00472828,-0.145099,0.00772458
10.6106,-0.165032,-0.149052,-0.0159805,-0.00211809,-0.00162735,-0.00317828,-0.00472509,-0.145121,0.00771774
10.6165,-0.136266,-0.149071,0.0128047,-0.00211642,-0.00162605,-0.00317566,-0.00472191,-0.145142,0.00771087
10.6224,0.172676,-0.149089,0.321765,-0.00211475,-0.00162475,-0.00317305,-0.00471873,-0.145162,0.00770397
10.6282,-0.0869769,-0.149108,0.0621307,-0.00211309,-0.00162346,-0.00317044,-0.00471555,-0.145182,0.00769703
10.6341,-0.102002,-0.149125,0.0471233,-0.00211143,-0.00162217,-0.00316783,-0.00471238,-0.145202,0.00769006
10.64,-0.0711108,-0.149143,0.0780322,-0.00210977,-0.00162088,-0.00316523,-0.00470921,-0.145221,0.00768305
10.6458,-0.055678,-0.14916,0.0934823,-0.00210812,-0.00161959,-0.00316264,-0.00470605,-0.14524,0.00767602
10.6517,-0.313248,-0.149177,-0.164071,-0.00210646,-0.0016183,-0.00316004,-0.00470289,-0.145259,0.00766895
10.6575,-0.220341,-0.149194,-0.0711467,-0.00210481,-0.00161702,-0.00315746,-0.00469973,-0.145277,0.00766185
10.6634,-0.311874,-0.14921,-0.162664,-0.00210317,-0.00161573,-0.00315487,-0.00469658,-0.145295,0.00765471
10.6693,-0.117006,-0.149226,0.0322198,-0.00210152,-0.00161445,-0.00315229,-0.00469343,-0.145312,0.00764754
10.6751,-0.284928,-0.149242,-0.135686,-0.00209988,-0.00161318,-0.00314972,-0.00469029,-0.145329,0.00764034
10.681,-0.374436,-0.149257,-0.225179,-0.00209824,-0.0016119,-0.00314715,-0.00468715,-0.145346,0.00763311
10.6869,-0.307442,-0.149272,-0.15817,-0.0020966,-0.00161063,-0.00314458,-0.00468402,-0.145362,0.00762584
10.6927,-0.0246187,-0.149287,0.124669,-0.00209497,-0.00160936,-0.00314202,-0.00468089,-0.145379,0.00761854
10.6986,-0.0231106,-0.149302,0.126191,-0.00209334,-0.00160809,-0.00313946,-0.00467776,-0.145394,0.00761121
10.7044,-0.0172595,-0.149316,0.132056,-0.00209171,-0.00160682,-0.0031369,-0.00467464,-0.14541,0.00760384
10.7103,-0.169187,-0.14933,-0.019857,-0.00209008,-0.00160555,-0.00313435,-0.00467152,-0.145425,0.00759644
10.7162,-0.124848,-0.149343,0.024495,-0.00208846,-0.00160429,-0.00313181,-0.00466841,-0.145439,0.00758901
10.722,-0.233694,-0.149357,-0.0843373,-0.00208684,-0.00160303,-0.00312927,-0.0046653,-0.145454,0.00758155
10.7279,-0.19601,-0.149369,-0.0466408,-0.00208522,-0.00160177,-0.00312673,-0.0046622,-0.145468,0.00757405
10.7338,-0.0600171,-0.149382,0.0893651,-0.0020836,-0.00160051,-0.0031242,-0.00465909,-0.145481,0.00756652
10.7396,-0.0226149,-0.149395,0.12678,-0.00208199,-0.00159925,-0.00312167,-0.004656,-0.145495,0.00755896
10.7455,-0.123509,-0.149407,0.0258972,-0.00208038,-0.001598,-0.00311914,-0.0046529,-0.145508,0.00755136
10.7513,-0.22561,-0.149418,-0.0761917,-0.00207877,-0.00159675,-0.00311662,-0.00464982,-0.14552,0.00754373
10.7572,-0.220703,-0.14943,-0.0712728,-0.00207716,-0.0015955,-0.0031141,-0.00464673,-0.145533,0.00753607
10.7631,-0.326173,-0.149441,-0.176732,-0.00207556,-0.00159425,-0.00311159,-0.00464365,-0.145545,0.00752837
10.7689,-0.364107,-0.149452,-0.214655,-0.00207396,-0.001593,-0.00310908,-0.00464057,-0.145556,0.00752065
10.7748,-0.255204,-0.149463,-0.105742,-0.00207236,-0.00159176,-0.00310658,-0.0046375,-0.145568,0.00751288
10.7807,-0.14322,-0.149473,0.00625298,-0.00207076,-0.00159052,-0.00310407,-0.00463443,-0.145579,0.00750509
10.7865,-0.0376843,-0.149483,0.111799,-0.00206917,-0.00158928,-0.00310158,-0.00463137,-0.145589,0.00749726
10.7924,0.0411464,-0.149493,0.19064,-0.00206758,-0.00158804,-0.00309908,-0.00462831,-0.1456,0.0074894
10.7982,-0.10047,-0.149503,0.0490331,-0.00206599,-0.00158681,-0.0030966,-0.00462525,-0.14561,0.00748151
10.8041,-0.0702911,-0.149512,0.079221,-0.0020644,-0.00158557,-0.00309411,-0.0046222,-0.145619,0.00747359
10.81,-0.305735,-0.149521,-0.156214,-0.00206282,-0.00158434,-0.00309163,-0.00461915,-0.145629,0.00746563
10.8158,-0.144401,-0.14953,0.00512915,-0.00206124,-0.00158311,-0.00308915,-0.00461611,-0.145638,0.00745764
10.8217,0.0830456,-0.149538,0.232584,-0.00205966,-0.00158188,-0.00308668,-0.00461307,-0.145647,0.00744961
10.8276,-0.0148171,-0.149547,0.134729,-0.00205808,-0.00158065,-0.00308421,-0.00461003,-0.145655,0.00744156
10.8334,0.0358811,-0.149554,0.185436,-0.00205651,-0.00157943,-0.00308174,-0.004607,-0.145663,0.00743347
10.8393,-0.0146196,-0.149562,0.134943,-0.00205494,-0.00157821,-0.00307928,-0.00460397,-0.145671,0.00742534
10.8451,-0.0255928,-0.14957,0.123977,-0.00205337,-0.00157699,-0.00307683,-0.00460095,-0.145679,0.00741719
10.851,-0.0014369,-0.149577,0.14814,-0.0020518,-0.00157577,-0.00307437,-0.00459793,-0.145686,0.007409
10.8569,-0.214212,-0.149584,-0.064628,-0.00205024,-0.00157455,-0.00307192,-0.00459491,-0.145693,0.00740078
10.8627,-0.210075,-0.14959,-0.0604842,-0.00204868,-0.00157334,-0.00306948,-0.0045919,-0.1457,0.00739252
10.8686,-0.0335396,-0.149597,0.116057,-0.00204712,-0.00157212,-0.00306704,-0.00458889,-0.145706,0.00738423
10.8745,-0.177814,-0.149603,-0.028211,-0.00204556,-0.00157091,-0.0030646,-0.00458589,-0.145712,0.00737591
10.8803,-0.0368401,-0.149609,0.112769,-0.00204401,-0.0015697,-0.00306216,-0.00458289,-0.145718,0.00736756
10.8862,-0.183414,-0.149615,-0.0337992,-0.00204246,-0.0015685,-0.00305973,-0.00457989,-0.145723,0.00735917
10.892,-0.183595,-0.14962,-0.0339746,-0.00204091,-0.00156729,-0.00305731,-0.0045769,-0.145728,0.00735075
10.8979,-0.231203,-0.149625,-0.081578,-0.00203936,-0.00156609,-0.00305489,-0.00457391,-0.145733,0.0073423
10.9038,-0.0803192,-0.14963,0.0693109,-0.00203782,-0.00156489,-0.00305247,-0.00457092,-0.145738,0.00733382
10.9096,-0.0952886,-0.149635,0.0543463,-0.00203627,-0.00156369,-0.00305005,-0.00456794,-0.145742,0.0073253
10.9155,-0.335736,-0.149639,-0.186097,-0.00203473,-0.00156249,-0.00304764,-0.00456497,-0.145746,0.00731675
10.9213,-0.31532,-0.149644,-0.165676,-0.0020332,-0.00156129,-0.00304523,-0.00456199,-0.14575,0.00730816
10.9272,-0.305379,-0.149648,-0.155731,-0.00203166,-0.0015601,-0.00304283,-0.00455902,-0.145753,0.00729955
10.9331,-0.146067,-0.149651,0.00358386,-0.00203013,-0.00155891,-0.00304043,-0.00455606,-0.145757,0.0072909
10.9389,-0.113119,-0.149655,0.0365358,-0.0020286,-0.00155772,-0.00303804,-0.0045531,-0.14576,0.00728221
10.9448,-0.313121,-0.149658,-0.163463,-0.00202707,-0.00155653,-0.00303564,-0.00455014,-0.145762,0.0072735
10.9507,-0.147701,-0.149661,0.0019602,-0.00202554,-0.00155534,-0.00303326,-0.00454719,-0.145765,0.00726475
10.9565,-0.036593,-0.149664,0.113071,-0.00202402,-0.00155416,-0.00303087,-0.00454424,-0.145767,0.00725597
10.9624,-0.101885,-0.149667,0.0477817,-0.0020225,-0.00155297,-0.00302849,-0.00454129,-0.145768,0.00724715
10.9682,-0.0774995,-0.149669,0.0721695,-0.00202098,-0.00155179,-0.00302611,-0.00453835,-0.14577,0.00723831
10.9741,0.229519,-0.149671,0.37919,-0.00201946,-0.00155061,-0.00302374,-0.00453541,-0.145771,0.00722943
10.98,-0.0374083,-0.149673,0.112265,-0.00201795,-0.00154943,-0.00302137,-0.00453247,-0.145772,0.00722051
10.9858,-0.152174,-0.149675,-0.00249961,-0.00201644,-0.00154826,-0.003019,-0.00452954,-0.145773,0.00721157
10.9917,-0.0986893,-0.149676,0.0509869,-0.00201493,-0.00154708,-0.00301664,-0.00452661,-0.145774,0.00720259
10.9976,-0.14082,-0.149677,0.0088573,-0.00201342,-0.00154591,-0.00301428,-0.00452369,-0.145774,0.00719358
11.0034,-0.253721,-0.149679,-0.104043,-0.00201192,-0.00154474,-0.00301193,-0.00452077,-0.145774,0.00718453
11.0093,-0.210241,-0.149679,-0.060562,-0.00201041,-0.00154357,-0.00300958,-0.00451786,-0.145773,0.00717545
11.0151,-0.276909,-0.14968,-0.127229,-0.00200891,-0.00154241,-0.00300723,-0.00451494,-0.145773,0.00716634
11.021,-0.0250796,-0.14968,0.124601,-0.00200742,-0.00154124,-0.00300489,-0.00451204,-0.145772,0.0071572
11.0269,-0.222819,-0.149681,-0.0731383,-0.00200592,-0.00154008,-0.00300255,-0.00450913,-0.145771,0.00714802
11.0327,0.000254734,-0.149681,0.149935,-0.00200443,-0.00153892,-0.00300021,-0.00450623,-0.14577,0.00713881
11.0386,-0.166837,-0.14968,-0.0171566,-0.00200294,-0.00153776,-0.00299788,-0.00450333,-0.145768,0.00712957
11.0445,-0.286361,-0.14968,-0.136681,-0.00200145,-0.0015366,-0.00299555,-0.00450044,-0.145766,0.0071203
11.0503,-0.217547,-0.149679,-0.0678674,-0.00199996,-0.00153544,-0.00299322,-0.00449755,-0.145764,0.00711099
11.0562,-0.0120747,-0.149678,0.137604,-0.00199848,-0.00153429,-0.0029909,-0.00449466,-0.145762,0.00710165
11.062,-0.0927339,-0.149677,0.0569435,-0.00199699,-0.00153313,-0.00298858,-0.00449178,-0.145759,0.00709227
11.0679,0.022971,-0.149676,0.172647,-0.00199551,-0.00153198,-0.00298627,-0.0044889,-0.145756,0.00708286
11.0738,-0.0146616,-0.149675,0.135013,-0.00199404,-0.00153083,-0.00298396,-0.00448603,-0.145753,0.00707342
11.0796,-0.0749357,-0.149673,0.0747373,-0.00199256,-0.00152969,-0.00298165,-0.00448316,-0.14575,0.00706395
11.0855,-0.185296,-0.149671,-0.0356246,-0.00199109,-0.00152854,-0.00297935,-0.00448029,-0.145746,0.00705445
11.0914,-0.0760823,-0.149669,0.0735869,-0.00198962,-0.0015274,-0.00297704,-0.00447742,-0.145743,0.00704491
11.0972,-0.112094,-0.149667,0.0375732,-0.00198815,-0.00152626,-0.00297475,-0.00447456,-0.145739,0.00703534
11.1031,-0.18488,-0.149665,-0.0352157,-0.00198668,-0.00152511,-0.00297245,-0.00447171,-0.145734,0.00702573
11.1089,-0.166595,-0.149662,-0.0169334,-0.00198522,-0.00152398,-0.00297016,-0.00446885,-0.14573,0.00701609
11.1148,-0.085816,-0.149659,0.0638431,-0.00198375,-0.00152284,-0.00296788,-0.00446601,-0.145725,0.00700642
11.1207,-0.0972391,-0.149656,0.0524171,-0.00198229,-0.0015217,-0.00296559,-0.00446316,-0.14572,0.00699672
11.1265,-0.0110751,-0.149653,0.138578,-0.00198084,-0.00152057,-0.00296332,-0.00446032,-0.145715,0.00698698
11.1324,0.109992,-0.14965,0.259641,-0.00197938,-0.00151944,-0.00296104,-0.00445748,-0.145709,0.00697721
11.1383,-0.00570942,-0.149646,0.143937,-0.00197793,-0.00151831,-0.00295877,-0.00445464,-0.145704,0.00696741
11.1441,-0.0250605,-0.149642,0.124582,-0.00197648,-0.00151718,-0.0029565,-0.00445181,-0.145698,0.00695758
11.15,-0.0385454,-0.149638,0.111093,-0.00197503,-0.00151605,-0.00295423,-0.00444899,-0.145692,0.00694771
11.1558,-0.0596861,-0.149634,0.0899482,-0.00197358,-0.00151493,-0.00295197,-0.00444616,-0.145685,0.00693781
11.1617,-0.12996,-0.14963,0.0196704,-0.00197213,-0.0015138,-0.00294971,-0.00444334,-0.145679,0.00692787
11.1676,-0.198878,-0.149626,-0.049252,-0.00197069,-0.00151268,-0.00294746,-0.00444052,-0.145672,0.00691791
11.1734,-0.204299,-0.149621,-0.0546777,-0.00196925,-0.00151156,-0.00294521,-0.00443771,-0.145665,0.00690791
11.1793,-0.250209,-0.149616,-0.100593,-0.00196781,-0.00151044,-0.00294296,-0.0044349,-0.145658,0.00689787
11.1851,-0.107711,-0.149611,0.0418999,-0.00196638,-0.00150933,-0.00294071,-0.00443209,-0.14565,0.00688781
11.191,-0.257947,-0.149606,-0.108341,-0.00196494,-0.00150821,-0.00293847,-0.00442929,-0.145643,0.00687771
11.1969,-0.188285,-0.149601,-0.0386844,-0.00196351,-0.0015071,-0.00293623,-0.00442649,-0.145635,0.00686758
11.2027,-0.238923,-0.149595,-0.0893275,-0.00196208,-0.00150599,-0.002934,-0.0044237,-0.145627,0.00685742
11.2086,-0.249482,-0.149589,-0.0998922,-0.00196065,-0.00150488,-0.00293177,-0.00442091,-0.145618,0.00684722
11.2145,-0.108958,-0.149584,0.0406255,-0.00195923,-0.00150377,-0.00292954,-0.00441812,-0.14561,0.00683699
11.2203,-0.116363,-0.149578,0.0332149,-0.0019578,-0.00150266,-0.00292732,-0.00441533,-0.145601,0.00682672
11.2262,-0.0452735,-0.149571,0.104298,-0.00195638,-0.00150156,-0.0029251,-0.00441255,-0.145592,0.00681643
11.232,-0.199242,-0.149565,-0.0496773,-0.00195496,-0.00150045,-0.00292288,-0.00440977,-0.145583,0.0068061
11.2379,-0.211802,-0.149558,-0.0622433,-0.00195355,-0.00149935,-0.00292066,-0.004407,-0.145574,0.00679574
11.2438,-0.153181,-0.149552,-0.00362952,-0.00195213,-0.00149825,-0.00291845,-0.00440423,-0.145564,0.00678534
11.2496,-0.08144,-0.149545,0.068105,-0.00195072,-0.00149715,-0.00291625,-0.00440146,-0.145554,0.00677492
11.2555,-0.0721385,-0.149538,0.0773994,-0.00194931,-0.00149605,-0.00291404,-0.00439869,-0.145544,0.00676445
11.2614,0.00541366,-0.149531,0.154944,-0.0019479,-0.00149496,-0.00291184,-0.00439593,-0.145534,0.00675396
11.2672,-0.219144,-0.149523,-0.0696201,-0.00194649,-0.00149387,-0.00290964,-0.00439318,-0.145524,0.00674343
11.2731,-0.182559,-0.149516,-0.0330426,-0.00194509,-0.00149277,-0.00290745,-0.00439042,-0.145513,0.00673288
11.2789,-0.218855,-0.149508,-0.069347,-0.00194368,-0.00149168,-0.00290526,-0.00438767,-0.145502,0.00672228
11.2848,-0.00592275,-0.149501,0.143578,-0.00194228,-0.00149059,-0.00290307,-0.00438493,-0.145491,0.00671166
11.2907,-0.248264,-0.149493,-0.0987716,-0.00194088,-0.00148951,-0.00290089,-0.00438218,-0.14548,0.006701
11.2965,-0.262079,-0.149484,-0.112594,-0.00193949,-0.00148842,-0.0028987,-0.00437944,-0.145469,0.00669031
11.3024,-0.0807521,-0.149476,0.0687242,-0.00193809,-0.00148734,-0.00289653,-0.00437671,-0.145457,0.00667958
11.3083,-0.213831,-0.149468,-0.0643636,-0.0019367,-0.00148625,-0.00289435,-0.00437397,-0.145445,0.00666883
11.3141,-0.336819,-0.149459,-0.18736,-0.00193531,-0.00148517,-0.00289218,-0.00437124,-0.145433,0.00665804
11.32,-0.0667894,-0.149451,0.0826612,-0.00193392,-0.00148409,-0.00289001,-0.00436852,-0.145421,0.00664721
11.3258,-0.0459797,-0.149442,0.103462,-0.00193253,-0.00148302,-0.00288785,-0.00436579,-0.145409,0.00663636
11.3317,-0.171207,-0.149433,-0.0217743,-0.00193115,-0.00148194,-0.00288569,-0.00436307,-0.145396,0.00662547
11.3376,-0.245833,-0.149424,-0.0964097,-0.00192977,-0.00148087,-0.00288353,-0.00436036,-0.145384,0.00661455
11.3434,-0.195535,-0.149414,-0.0461206,-0.00192839,-0.00147979,-0.00288137,-0.00435765,-0.145371,0.00660359
11.3493,-0.234056,-0.149405,-0.0846509,-0.00192701,-0.00147872,-0.00287922,-0.00435494,-0.145358,0.00659261
11.3552,-0.236943,-0.149395,-0.0875475,-0.00192563,-0.00147765,-0.00287707,-0.00435223,-0.145344,0.00658159
11.361,-0.101731,-0.149386,0.0476549,-0.00192426,-0.00147658,-0.00287493,-0.00434953,-0.145331,0.00657053
11.3669,-0.209441,-0.149376,-0.0600656,-0.00192289,-0.00147552,-0.00287279,-0.00434683,-0.145317,0.00655945
11.3727,-0.187868,-0.149366,-0.0385027,-0.00192152,-0.00147445,-0.00287065,-0.00434413,-0.145303,0.00654833
11.3786,-0.226412,-0.149356,-0.0770567,-0.00192015,-0.00147339,-0.00286851,-0.00434144,-0.145289,0.00653718
11.3845,-0.0977979,-0.149345,0.0515474,-0.00191878,-0.00147233,-0.00286638,-0.00433875,-0.145275,0.00652599
11.3903,-0.145345,-0.149335,0.00398949,-0.00191742,-0.00147127,-0.00286425,-0.00433606,-0.145261,0.00651477
11.3962,-0.0389252,-0.149324,0.110399,-0.00191605,-0.00147021,-0.00286212,-0.00433338,-0.145246,0.00650352
11.4021,-0.233524,-0.149314,-0.0842107,-0.00191469,-0.00146915,-0.00286,-0.0043307,-0.145231,0.00649224
11.4079,-0.233438,-0.149303,-0.0841349,-0.00191334,-0.00146809,-0.00285788,-0.00432803,-0.145216,0.00648092
11.4138,-0.197923,-0.149292,-0.0486313,-0.00191198,-0.00146704,-0.00285576,-0.00432535,-0.145201,0.00646957
11.4196,-0.15351,-0.149281,-0.00422872,-0.00191062,-0.00146599,-0.00285365,-0.00432268,-0.145186,0.00645819
11.4255,-0.191336,-0.14927,-0.042066,-0.00190927,-0.00146493,-0.00285154,-0.00432002,-0.145171,0.00644677
11.4314,0.0367212,-0.149258,0.185979,-0.00190792,-0.00146388,-0.00284943,-0.00431736,-0.145155,0.00643533
11.4372,-0.146464,-0.149247,0.00278325,-0.00190657,-0.00146284,-0.00284733,-0.0043147,-0.145139,0.00642384
11.4431,-0.181718,-0.149235,-0.0324824,-0.00190523,-0.00146179,-0.00284522,-0.00431204,-0.145123,0.00641233
11.4489,-0.285482,-0.149224,-0.136259,-0.00190388,-0.00146074,-0.00284313,-0.00430939,-0.145107,0.00640078
11.4548,-0.227372,-0.149212,-0.0781607,-0.00190254,-0.0014597,-0.00284103,-0.00430674,-0.145091,0.0063892
11.4607,0.038036,-0.1492,0.187236,-0.0019012,-0.00145866,-0.00283894,-0.00430409,-0.145074,0.00637759
11.4665,-0.0635839,-0.149188,0.0856036,-0.00189986,-0.00145762,-0.00283685,-0.00430145,-0.145058,0.00636594
11.4724,-0.207309,-0.149175,-0.058134,-0.00189852,-0.00145658,-0.00283476,-0.00429881,-0.145041,0.00635427
11.4783,-0.0704461,-0.149163,0.0787169,-0.00189719,-0.00145554,-0.00283268,-0.00429617,-0.145024,0.00634255
11.4841,-0.15634,-0.149151,-0.00718927,-0.00189585,-0.00145451,-0.0028306,-0.00429354,-0.145007,0.00633081
11.49,-0.0960695,-0.149138,0.0530685,-0.00189452,-0.00145347,-0.00282852,-0.00429091,-0.14499,0.00631903
11.4958,-0.243815,-0.149125,-0.0946893,-0.00189319,-0.00145244,-0.00282645,-0.00428828,-0.144972,0.00630722
11.5017,-0.232783,-0.149112,-0.0836701,-0.00189186,-0.00145141,-0.00282438,-0.00428566,-0.144955,0.00629538
11.5076,-0.0322474,-0.1491,0.116852,-0.00189054,-0.00145038,-0.00282231,-0.00428304,-0.144937,0.0062835
11.5134,-0.105508,-0.149086,0.0435783,-0.00188921,-0.00144935,-0.00282025,-0.00428042,-0.144919,0.00627159
11.5193,-0.11307,-0.149073,0.0360036,-0.00188789,-0.00144832,-0.00281819,-0.0042778,-0.144901,0.00625965
11.5252,-0.0927844,-0.14906,0.0562756,-0.00188657,-0.00144729,-0.00281613,-0.00427519,-0.144882,0.00624767
11.531,-0.0399174,-0.149047,0.109129,-0.00188525,-0.00144627,-0.00281407,-0.00427258,-0.144864,0.00623567
11.5369,-0.17104,-0.149033,-0.0220066,-0.00188394,-0.00144525,-0.00281202,-0.00426998,-0.144846,0.00622363
11.5427,-0.254621,-0.149019,-0.105601,-0.00188262,-0.00144422,-0.00280997,-0.00426738,-0.144827,0.00621155
11.5486,-0.192301,-0.149006,-0.0432955,-0.00188131,-0.0014432,-0.00280792,-0.00426478,-0.144808,0.00619944
11.5545,-0.0706526,-0.148992,0.0783393,-0.00188,-0.00144219,-0.00280588,-0.00426219,-0.144789,0.0061873
11.5603,-0.15867,-0.148978,-0.00969189,-0.00187869,-0.00144117,-0.00280384,-0.00425959,-0.14477,0.00617513
11.5662,-0.0480633,-0.148964,0.100901,-0.00187738,-0.00144015,-0.0028018,-0.004257,-0.14475,0.00616293
11.5721,-0.272074,-0.14895,-0.123124,-0.00187608,-0.00143914,-0.00279977,-0.00425442,-0.144731,0.00615069
11.5779,-0.248019,-0.148935,-0.0990833,-0.00187477,-0.00143813,-0.00279774,-0.00425184,-0.144711,0.00613842
11.5838,-0.276083,-0.148921,-0.127162,-0.00187347,-0.00143712,-0.00279571,-0.00424926,-0.144692,0.00612611
11.5896,-0.375211,-0.148907,-0.226305,-0.00187217,-0.00143611,-0.00279368,-0.00424668,-0.144672,0.00611377
11.5955,-0.0121599,-0.148892,0.136732,-0.00187088,-0.0014351,-0.00279166,-0.00424411,-0.144652,0.0061014
11.6014,-0.114722,-0.148877,0.0341552,-0.00186958,-0.00143409,-0.00278964,-0.00424154,-0.144631,0.006089
11.6072,0.0623083,-0.148862,0.211171,-0.00186829,-0.00143308,-0.00278762,-0.00423897,-0.144611,0.00607657
11.6131,-0.0328753,-0.148848,0.115972,-0.00186699,-0.00143208,-0.00278561,-0.00423641,-0.144591,0.0060641
11.619,-0.21536,-0.148833,-0.0665275,-0.0018657,-0.00143108,-0.00278359,-0.00423384,-0.14457,0.00605159
11.6248,-0.0383994,-0.148817,0.110418,-0.00186441,-0.00143008,-0.00278159,-0.00423129,-0.144549,0.00603906
11.6307,-0.0521288,-0.148802,0.0966734,-0.00186313,-0.00142908,-0.00277958,-0.00422873,-0.144528,0.00602649
11.6365,0.0779597,-0.148787,0.226747,-0.00186184,-0.00142808,-0.00277758,-0.00422618,-0.144507,0.00601389
11.6424,-0.00117757,-0.148772,0.147594,-0.00186056,-0.00142708,-0.00277558,-0.00422363,-0.144486,0.00600126
11.6483,-0.119895,-0.148756,0.0288606,-0.00185928,-0.00142609,-0.00277358,-0.00422109,-0.144465,0.00598859
11.6541,-0.0907332,-0.14874,0.0580072,-0.001858,-0.00142509,-0.00277159,-0.00421854,-0.144443,0.00597589
11.66,-0.148297,-0.148725,0.000427523,-0.00185672,-0.0014241,-0.0027696,-0.00421601,-0.144421,0.00596316
11.6659,-0.247588,-0.148709,-0.0988788,-0.00185544,-0.00142311,-0.00276761,-0.00421347,-0.1444,0.00595039
11.6717,-0.211235,-0.148693,-0.0625415,-0.00185417,-0.00142212,-0.00276562,-0.00421094,-0.144378,0.0059376
11.6776,-0.0626169,-0.148677,0.0860601,-0.0018529,-0.00142113,-0.00276364,-0.00420841,-0.144356,0.00592476
11.6834,-0.215709,-0.148661,-0.0670483,-0.00185162,-0.00142014,-0.00276166,-0.00420588,-0.144334,0.0059119
11.6893,-0.0689063,-0.148645,0.0797385,-0.00185036,-0.00141915,-0.00275968,-0.00420336,-0.144311,0.005899
11.6952,0.00251315,-0.148629,0.151142,-0.00184909,-0.00141817,-0.00275771,-0.00420083,-0.144289,0.00588607
11.701,-0.0846492,-0.148612,0.063963,-0.00184782,-0.00141719,-0.00275574,-0.00419832,-0.144266,0.00587311
11.7069,-0.160059,-0.148596,-0.0114627,-0.00184656,-0.00141621,-0.00275377,-0.0041958,-0.144244,0.00586011
11.7128,-0.0710741,-0.148579,0.0775052,-0.0018453,-0.00141523,-0.0027518,-0.00419329,-0.144221,0.00584709
11.7186,-0.171486,-0.148563,-0.0229234,-0.00184404,-0.00141425,-0.00274984,-0.00419078,-0.144198,0.00583402
11.7245,-0.07428,-0.148546,0.074266,-0.00184278,-0.00141327,-0.00274788,-0.00418827,-0.144175,0.00582093
11.7303,-0.064327,-0.148529,0.0842022,-0.00184152,-0.00141229,-0.00274592,-0.00418577,-0.144152,0.0058078
11.7362,-0.126657,-0.148512,0.021855,-0.00184027,-0.00141132,-0.00274397,-0.00418327,-0.144128,0.00579464
11.7421,-0.185474,-0.148495,-0.0369789,-0.00183901,-0.00141034,-0.00274202,-0.00418077,-0.144105,0.00578145
11.7479,-0.246132,-0.148478,-0.0976539,-0.00183776,-0.00140937,-0.00274007,-0.00417828,-0.144081,0.00576822
11.7538,-0.187657,-0.148461,-0.0391953,-0.00183651,-0.0014084,-0.00273812,-0.00417579,-0.144057,0.00575496
11.7596,-0.264508,-0.148444,-0.116064,-0.00183526,-0.00140743,-0.00273618,-0.0041733,-0.144034,0.00574167
11.7655,-0.191869,-0.148427,-0.0434422,-0.00183402,-0.00140646,-0.00273424,-0.00417082,-0.14401,0.00572835
11.7714,-0.139956,-0.148409,0.00845331,-0.00183277,-0.0014055,-0.0027323,-0.00416833,-0.143985,0.00571499
11.7772,-0.175167,-0.148392,-0.0267754,-0.00183153,-0.00140453,-0.00273037,-0.00416585,-0.143961,0.0057016
11.7831,-0.106995,-0.148374,0.0413792,-0.00183029,-0.00140357,-0.00272843,-0.00416338,-0.143937,0.00568817
11.789,-0.0367401,-0.148357,0.111617,-0.00182905,-0.0014026,-0.0027265,-0.00416091,-0.143912,0.00567472
11.7948,-0.238323,-0.148339,-0.0899842,-0.00182781,-0.00140164,-0.00272458,-0.00415843,-0.143888,0.00566123
11.8007,-0.176098,-0.148321,-0.0277766,-0.00182657,-0.00140068,-0.00272265,-0.00415597,-0.143863,0.0056477
11.8065,-0.237135,-0.148304,-0.0888313,-0.00182534,-0.00139972,-0.00272073,-0.0041535,-0.143838,0.00563415
11.8124,-0.237576,-0.148286,-0.0892904,-0.00182411,-0.00139877,-0.00271881,-0.00415104,-0.143813,0.00562056
11.8183,-0.196123,-0.148268,-0.047855,-0.00182288,-0.00139781,-0.0027169,-0.00414858,-0.143788,0.00560694
11.8241,-0.0592461,-0.14825,0.0890034,-0.00182165,-0.00139686,-0.00271498,-0.00414613,-0.143763,0.00559328
11.83,-0.00548275,-0.148231,0.142749,-0.00182042,-0.0013959,-0.00271307,-0.00414367,-0.143738,0.0055796
11.8359,-0.161127,-0.148213,-0.0129136,-0.00181919,-0.00139495,-0.00271117,-0.00414122,-0.143713,0.00556588
11.8417,-0.153894,-0.148195,-0.00569955,-0.00181797,-0.001394,-0.00270926,-0.00413878,-0.143687,0.00555212
11.8476,-0.168193,-0.148177,-0.0200161,-0.00181675,-0.00139305,-0.00270736,-0.00413633,-0.143661,0.00553834
11.8534,-0.173857,-0.148158,-0.0256986,-0.00181552,-0.0013921,-0.00270546,-0.00413389,-0.143636,0.00552452
11.8593,0.00478886,-0.14814,0.152928,-0.0018143,-0.00139115,-0.00270356,-0.00413145,-0.14361,0.00551067
11.8652,-0.0102676,-0.148121,0.137853,-0.00181309,-0.00139021,-0.00270167,-0.00412902,-0.143584,0.00549678
11.871,-0.279833,-0.148102,-0.13173,-0.00181187,-0.00138926,-0.00269977,-0.00412658,-0.143558,0.00548286
11.8769,-0.145182,-0.148084,0.00290148,-0.00181066,-0.00138832,-0.00269788,-0.00412415,-0.143532,0.00546891
11.8828,-0.0784005,-0.148065,0.0696643,-0.00180944,-0.00138738,-0.002696,-0.00412173,-0.143505,0.00545493
11.8886,-0.23479,-0.148046,-0.086744,-0.00180823,-0.00138644,-0.00269411,-0.0041193,-0.143479,0.00544091
11.8945,-0.0267989,-0.148027,0.121228,-0.00180702,-0.0013855,-0.00269223,-0.00411688,-0.143452,0.00542686
11.9003,-0.0256728,-0.148008,0.122335,-0.00180582,-0.00138456,-0.00269035,-0.00411446,-0.143426,0.00541278
11.9062,0.0509768,-0.147989,0.198966,-0.00180461,-0.00138362,-0.00268848,-0.00411205,-0.143399,0.00539867
11.9121,-0.209067,-0.14797,-0.0610968,-0.00180341,-0.00138269,-0.0026866,-0.00410964,-0.143372,0.00538452
11.9179,-0.19213,-0.147951,-0.0441789,-0.0018022,-0.00138176,-0.00268473,-0.00410723,-0.143345,0.00537034
11.9238,-0.230277,-0.147932,-0.0823455,-0.001801,-0.00138082,-0.00268286,-0.00410482,-0.143318,0.00535612
11.9297,-0.237497,-0.147912,-0.0895846,-0.0017998,-0.00137989,-0.002681,-0.00410241,-0.143291,0.00534188
11.9355,-0.237066,-0.147893,-0.0891732,-0.0017986,-0.00137896,-0.00267914,-0.00410001,-0.143264,0.0053276
11.9414,-0.300371,-0.147873,-0.152498,-0.00179741,-0.00137803,-0.00267727,-0.00409761,-0.143236,0.00531328
11.9472,-0.183357,-0.147854,-0.0355032,-0.00179621,-0.0013771,-0.00267542,-0.00409522,-0.143209,0.00529894
11.9531,-0.303082,-0.147834,-0.155247,-0.00179502,-0.00137618,-0.00267356,-0.00409283,-0.143181,0.00528456
11.959,-0.0948892,-0.147815,0.0529255,-0.00179383,-0.00137525,-0.00267171,-0.00409044,-0.143154,0.00527015
11.9648,-0.0590374,-0.147795,0.0887576,-0.00179264,-0.00137433,-0.00266986,-0.00408805,-0.143126,0.0052557
11.9707,-0.338378,-0.147775,-0.190602,-0.00179145,-0.00137341,-0.00266801,-0.00408566,-0.143098,0.00524123
11.9766,-0.281083,-0.147755,-0.133328,-0.00179026,-0.00137248,-0.00266617,-0.00408328,-0.14307,0.00522672
11.9824,-0.15918,-0.147736,-0.0114448,-0.00178908,-0.00137156,-0.00266432,-0.0040809,-0.143042,0.00521217
11.9883,0.0990861,-0.147716,0.246802,-0.00178789,-0.00137065,-0.00266248,-0.00407853,-0.143014,0.0051976
11.9941,-0.104588,-0.147696,0.0431077,-0.00178671,-0.00136973,-0.00266065,-0.00407615,-0.142985,0.00518299
12,0.00423441,-0.147676,0.15191,-0.00178553,-0.00136881,-0.00265881,-0.00407378,-0.142957,0.00516835
