ppm,observed,fitted,residual,component_EGDA,component_EGMA,component_EG,component_AcOH,component_exchange_pool,component_baseline
0,0.0251924,0.085753,-0.0605606,-0.00872103,-0.00151599,-0.000171952,-0.00131639,0.136309,-0.0388304
0.00586224,0.184618,0.08635,0.0982684,-0.00873676,-0.00151858,-0.00017219,-0.0013191,0.136838,-0.038741
0.0117245,0.151913,0.086949,0.0649645,-0.00875254,-0.00152117,-0.000172429,-0.00132182,0.137369,-0.0386518
0.0175867,0.311287,0.0875501,0.223737,-0.00876837,-0.00152377,-0.000172668,-0.00132455,0.137902,-0.0385626
0.0234489,0.068338,0.0881533,-0.0198153,-0.00878425,-0.00152638,-0.000172908,-0.00132729,0.138438,-0.0384736
0.0293112,0.148184,0.0887585,0.0594255,-0.00880019,-0.001529,-0.000173149,-0.00133004,0.138975,-0.0383845
0.0351734,0.212801,0.0893658,0.123435,-0.00881617,-0.00153162,-0.00017339,-0.0013328,0.139515,-0.0382956
0.0410357,-0.162217,0.0899753,-0.252192,-0.00883222,-0.00153426,-0.000173632,-0.00133556,0.140058,-0.0382067
0.0468979,-0.0494414,0.0905868,-0.140028,-0.00884831,-0.0015369,-0.000173875,-0.00133834,0.140602,-0.038118
0.0527601,0.019947,0.0912005,-0.0712535,-0.00886446,-0.00153955,-0.000174118,-0.00134113,0.141149,-0.0380292
0.0586224,0.0179272,0.0918164,-0.0738891,-0.00888066,-0.00154221,-0.000174362,-0.00134393,0.141698,-0.0379406
0.0644846,0.0155656,0.0924344,-0.0768687,-0.00889692,-0.00154488,-0.000174607,-0.00134673,0.14225,-0.037852
0.0703468,0.0171921,0.0930545,-0.0758625,-0.00891323,-0.00154755,-0.000174852,-0.00134955,0.142803,-0.0377636
0.0762091,-0.191232,0.0936769,-0.284908,-0.00892959,-0.00155024,-0.000175098,-0.00135238,0.143359,-0.0376751
0.0820713,0.116782,0.0943014,0.0224809,-0.00894601,-0.00155293,-0.000175344,-0.00135521,0.143918,-0.0375868
0.0879336,0.0954675,0.0949281,0.000539336,-0.00896248,-0.00155563,-0.000175592,-0.00135806,0.144478,-0.0374985
0.0937958,0.126532,0.0955571,0.0309747,-0.00897901,-0.00155835,-0.00017584,-0.00136091,0.145042,-0.0374103
0.099658,0.0776676,0.0961882,-0.0185206,-0.00899559,-0.00156107,-0.000176088,-0.00136378,0.145607,-0.0373222
0.10552,0.0791654,0.0968216,-0.0176562,-0.00901223,-0.00156379,-0.000176338,-0.00136666,0.146175,-0.0372342
0.111383,0.161147,0.0974573,0.0636901,-0.00902893,-0.00156653,-0.000176588,-0.00136954,0.146745,-0.0371462
0.117245,0.0793781,0.0980952,-0.0187171,-0.00904568,-0.00156928,-0.000176838,-0.00137244,0.147318,-0.0370583
0.123107,0.0527083,0.0987354,-0.0460271,-0.00906248,-0.00157203,-0.00017709,-0.00137535,0.147893,-0.0369705
0.128969,0.162883,0.0993779,0.0635056,-0.00907934,-0.0015748,-0.000177342,-0.00137826,0.14847,-0.0368828
0.134831,0.102654,0.100023,0.00263182,-0.00909626,-0.00157757,-0.000177595,-0.00138119,0.14905,-0.0367951
0.140694,0.152016,0.10067,0.0513466,-0.00911323,-0.00158035,-0.000177848,-0.00138413,0.149633,-0.0367075
0.146556,0.1502,0.101319,0.0488808,-0.00913026,-0.00158314,-0.000178102,-0.00138708,0.150218,-0.03662
0.152418,0.0798643,0.101971,-0.0221067,-0.00914734,-0.00158594,-0.000178357,-0.00139003,0.150805,-0.0365326
0.15828,0.148334,0.102625,0.0457085,-0.00916448,-0.00158875,-0.000178613,-0.001393,0.151395,-0.0364452
0.164143,0.351681,0.103282,0.248399,-0.00918168,-0.00159156,-0.000178869,-0.00139598,0.151988,-0.0363579
0.170005,0.0863183,0.10394,-0.0176222,-0.00919894,-0.00159439,-0.000179126,-0.00139897,0.152583,-0.0362707
0.175867,0.305233,0.104602,0.200632,-0.00921625,-0.00159723,-0.000179384,-0.00140197,0.15318,-0.0361835
0.181729,0.24207,0.105265,0.136805,-0.00923362,-0.00160007,-0.000179642,-0.00140498,0.15378,-0.0360965
0.187592,0.270185,0.105932,0.164254,-0.00925105,-0.00160292,-0.000179902,-0.001408,0.154383,-0.0360095
0.193454,0.29649,0.1066,0.18989,-0.00926853,-0.00160579,-0.000180162,-0.00141103,0.154988,-0.0359226
0.199316,0.241113,0.107271,0.133842,-0.00928608,-0.00160866,-0.000180422,-0.00141407,0.155596,-0.0358357
0.205178,0.0760393,0.107944,-0.0319052,-0.00930368,-0.00161154,-0.000180684,-0.00141712,0.156206,-0.035749
0.211041,0.143432,0.10862,0.034812,-0.00932133,-0.00161443,-0.000180946,-0.00142018,0.15682,-0.0356623
0.216903,0.115909,0.109299,0.00660987,-0.00933905,-0.00161733,-0.000181209,-0.00142325,0.157435,-0.0355756
0.222765,0.0437013,0.10998,-0.0662784,-0.00935683,-0.00162024,-0.000181472,-0.00142633,0.158054,-0.0354891
0.228627,0.173676,0.110663,0.0630131,-0.00937466,-0.00162315,-0.000181737,-0.00142942,0.158675,-0.0354026
0.234489,0.112019,0.111349,0.000669945,-0.00939255,-0.00162608,-0.000182002,-0.00143253,0.159298,-0.0353162
0.240352,-0.0432162,0.112038,-0.155254,-0.0094105,-0.00162902,-0.000182268,-0.00143564,0.159925,-0.0352299
0.246214,-0.0938095,0.112729,-0.206538,-0.00942851,-0.00163196,-0.000182534,-0.00143876,0.160554,-0.0351437
0.252076,-0.108804,0.113422,-0.222226,-0.00944658,-0.00163492,-0.000182801,-0.0014419,0.161186,-0.0350575
0.257938,0.139188,0.114119,0.0250691,-0.0094647,-0.00163788,-0.00018307,-0.00144504,0.161821,-0.0349714
0.263801,0.191913,0.114817,0.0770957,-0.00948289,-0.00164086,-0.000183338,-0.0014482,0.162458,-0.0348854
0.269663,0.0950291,0.115519,-0.0204897,-0.00950113,-0.00164384,-0.000183608,-0.00145136,0.163098,-0.0347995
0.275525,0.165397,0.116223,0.0491745,-0.00951944,-0.00164683,-0.000183879,-0.00145454,0.163741,-0.0347136
0.281387,0.0872755,0.11693,-0.0296543,-0.0095378,-0.00164983,-0.00018415,-0.00145773,0.164387,-0.0346278
0.28725,0.258744,0.117639,0.141105,-0.00955623,-0.00165285,-0.000184422,-0.00146093,0.165036,-0.0345421
0.293112,0.154932,0.118351,0.0365807,-0.00957471,-0.00165587,-0.000184694,-0.00146413,0.165687,-0.0344564
0.298974,0.138083,0.119066,0.0190173,-0.00959325,-0.0016589,-0.000184968,-0.00146735,0.166341,-0.0343708
0.304836,0.253415,0.119784,0.133631,-0.00961186,-0.00166194,-0.000185242,-0.00147058,0.166999,-0.0342854
0.310699,0.206818,0.120504,0.086314,-0.00963052,-0.00166499,-0.000185517,-0.00147382,0.167659,-0.0341999
0.316561,0.309344,0.121227,0.188118,-0.00964924,-0.00166805,-0.000185793,-0.00147707,0.168322,-0.0341146
0.322423,0.232313,0.121953,0.110361,-0.00966802,-0.00167111,-0.00018607,-0.00148033,0.168987,-0.0340293
0.328285,0.0754974,0.122681,-0.0471837,-0.00968686,-0.00167419,-0.000186347,-0.0014836,0.169656,-0.0339441
0.334148,0.123344,0.123412,-6.81792e-05,-0.00970577,-0.00167728,-0.000186626,-0.00148689,0.170328,-0.033859
0.34001,0.308918,0.124147,0.184771,-0.00972473,-0.00168038,-0.000186905,-0.00149018,0.171003,-0.0337739
0.345872,0.285657,0.124884,0.160773,-0.00974375,-0.00168348,-0.000187185,-0.00149348,0.17168,-0.033689
0.351734,-0.077874,0.125623,-0.203497,-0.00976283,-0.0016866,-0.000187465,-0.00149679,0.172361,-0.0336041
0.357596,0.0932052,0.126366,-0.0331608,-0.00978198,-0.00168973,-0.000187747,-0.00150012,0.173045,-0.0335193
0.363459,0.0362486,0.127112,-0.0908629,-0.00980118,-0.00169286,-0.000188029,-0.00150345,0.173732,-0.0334345
0.369321,0.101193,0.12786,-0.0266671,-0.00982045,-0.00169601,-0.000188312,-0.0015068,0.174421,-0.0333498
0.375183,0.285895,0.128611,0.157284,-0.00983977,-0.00169916,-0.000188596,-0.00151015,0.175114,-0.0332652
0.381045,0.183211,0.129366,0.0538459,-0.00985915,-0.00170233,-0.000188881,-0.00151352,0.17581,-0.0331807
0.386908,0.166784,0.130123,0.0366616,-0.0098786,-0.0017055,-0.000189167,-0.00151689,0.176509,-0.0330963
0.39277,0.262428,0.130883,0.131545,-0.0098981,-0.00170868,-0.000189453,-0.00152028,0.177211,-0.0330119
0.398632,0.272926,0.131646,0.14128,-0.00991767,-0.00171188,-0.000189741,-0.00152367,0.177917,-0.0329276
0.404494,0.277685,0.132412,0.145273,-0.00993729,-0.00171508,-0.000190029,-0.00152708,0.178625,-0.0328434
0.410357,-0.00493917,0.133181,-0.138121,-0.00995698,-0.00171829,-0.000190318,-0.0015305,0.179337,-0.0327592
0.416219,0.137114,0.133954,0.00316038,-0.00997673,-0.00172152,-0.000190608,-0.00153392,0.180052,-0.0326751
0.422081,0.034551,0.134729,-0.100178,-0.00999653,-0.00172475,-0.000190898,-0.00153736,0.18077,-0.0325911
0.427943,0.0403314,0.135507,-0.0951759,-0.0100164,-0.00172799,-0.00019119,-0.00154081,0.181491,-0.0325072
0.433806,-0.106202,0.136289,-0.242491,-0.0100363,-0.00173124,-0.000191482,-0.00154427,0.182215,-0.0324234
0.439668,-0.00124235,0.137073,-0.138316,-0.0100563,-0.0017345,-0.000191775,-0.00154773,0.182943,-0.0323396
0.44553,0.115567,0.137861,-0.0222943,-0.0100764,-0.00173777,-0.00019207,-0.00155121,0.183674,-0.0322559
0.451392,0.167624,0.138652,0.0289727,-0.0100965,-0.00174105,-0.000192365,-0.0015547,0.184409,-0.0321723
0.457255,0.236932,0.139446,0.0974863,-0.0101166,-0.00174434,-0.00019266,-0.00155819,0.185146,-0.0320887
0.463117,0.214004,0.140243,0.0737607,-0.0101368,-0.00174764,-0.000192957,-0.0015617,0.185887,-0.0320052
0.468979,0.12623,0.141043,-0.0148131,-0.0101571,-0.00175095,-0.000193255,-0.00156522,0.186632,-0.0319218
0.474841,0.217714,0.141847,0.0758676,-0.0101775,-0.00175427,-0.000193553,-0.00156874,0.187379,-0.0318385
0.480703,0.151234,0.142654,0.00858062,-0.0101979,-0.00175759,-0.000193853,-0.00157228,0.18813,-0.0317553
0.486566,0.136994,0.143464,-0.00646968,-0.0102183,-0.00176093,-0.000194153,-0.00157582,0.188885,-0.0316721
0.492428,0.0349172,0.144277,-0.10936,-0.0102389,-0.00176428,-0.000194454,-0.00157938,0.189643,-0.031589
0.49829,0.093916,0.145094,-0.0511776,-0.0102594,-0.00176763,-0.000194756,-0.00158294,0.190404,-0.031506
0.504152,0.0101892,0.145914,-0.135724,-0.0102801,-0.001771,-0.000195059,-0.00158651,0.191169,-0.031423
0.510015,0.0140947,0.146737,-0.132642,-0.0103008,-0.00177438,-0.000195363,-0.00159009,0.191938,-0.0313401
0.515877,0.0473575,0.147564,-0.100206,-0.0103215,-0.00177776,-0.000195668,-0.00159369,0.19271,-0.0312573
0.521739,0.0562907,0.148394,-0.0921029,-0.0103423,-0.00178115,-0.000195974,-0.00159729,0.193485,-0.0311746
0.527601,0.0851466,0.149227,-0.0640805,-0.0103632,-0.00178456,-0.000196281,-0.00160089,0.194264,-0.0310919
0.533464,0.0391723,0.150064,-0.110892,-0.0103841,-0.00178797,-0.000196588,-0.00160451,0.195047,-0.0310094
0.539326,0.0463423,0.150904,-0.104562,-0.0104051,-0.00179139,-0.000196897,-0.00160814,0.195833,-0.0309269
0.545188,0.0833172,0.151748,-0.068431,-0.0104261,-0.00179482,-0.000197206,-0.00161177,0.196623,-0.0308444
0.55105,-0.0456307,0.152596,-0.198226,-0.0104472,-0.00179826,-0.000197517,-0.00161541,0.197416,-0.0307621
0.556913,0.138784,0.153446,-0.0146619,-0.0104684,-0.00180171,-0.000197828,-0.00161906,0.198213,-0.0306798
0.562775,0.0862533,0.154301,-0.0680474,-0.0104896,-0.00180517,-0.00019814,-0.00162272,0.199014,-0.0305976
0.568637,0.193989,0.155159,0.0388307,-0.0105108,-0.00180863,-0.000198453,-0.00162639,0.199818,-0.0305155
0.574499,0.176213,0.15602,0.0201927,-0.0105321,-0.00181211,-0.000198767,-0.00163006,0.200627,-0.0304334
0.580362,0.0450899,0.156885,-0.111795,-0.0105535,-0.00181559,-0.000199083,-0.00163375,0.201438,-0.0303514
0.586224,0.127933,0.157754,-0.0298208,-0.0105749,-0.00181908,-0.000199399,-0.00163744,0.202254,-0.0302695
0.592086,0.292284,0.158626,0.133658,-0.0105964,-0.00182259,-0.000199716,-0.00164113,0.203074,-0.0301877
0.597948,0.186356,0.159502,0.0268537,-0.0106179,-0.0018261,-0.000200034,-0.00164484,0.203897,-0.0301059
0.60381,0.0374598,0.160382,-0.122922,-0.0106395,-0.00182962,-0.000200353,-0.00164855,0.204724,-0.0300243
0.609673,0.115975,0.161265,-0.0452901,-0.0106611,-0.00183314,-0.000200673,-0.00165227,0.205555,-0.0299426
0.615535,0.181846,0.162153,0.0196935,-0.0106828,-0.00183668,-0.000200993,-0.00165599,0.20639,-0.0298611
0.621397,0.145032,0.163043,-0.0180111,-0.0107045,-0.00184022,-0.000201315,-0.00165972,0.207229,-0.0297797
0.627259,0.216628,0.163938,0.0526903,-0.0107262,-0.00184377,-0.000201638,-0.00166346,0.208072,-0.0296983
0.633122,0.140074,0.164837,-0.024763,-0.0107481,-0.00184734,-0.000201962,-0.0016672,0.208918,-0.029617
0.638984,0.130905,0.165739,-0.0348345,-0.0107699,-0.0018509,-0.000202287,-0.00167095,0.209769,-0.0295357
0.644846,0.157331,0.166645,-0.00931391,-0.0107919,-0.00185448,-0.000202613,-0.0016747,0.210624,-0.0294546
0.650708,0.355916,0.167555,0.18836,-0.0108138,-0.00185806,-0.00020294,-0.00167846,0.211482,-0.0293735
0.656571,0.221199,0.168469,0.0527299,-0.0108358,-0.00186166,-0.000203268,-0.00168222,0.212345,-0.0292925
0.662433,0.313594,0.169387,0.144207,-0.0108579,-0.00186526,-0.000203597,-0.00168599,0.213212,-0.0292116
0.668295,0.127524,0.170309,-0.0427858,-0.01088,-0.00186886,-0.000203927,-0.00168976,0.214083,-0.0291307
0.674157,0.26901,0.171235,0.0977747,-0.0109021,-0.00187248,-0.000204257,-0.00169354,0.214958,-0.0290499
0.68002,0.218535,0.172165,0.0463702,-0.0109243,-0.0018761,-0.000204589,-0.00169732,0.215837,-0.0289692
0.685882,0.255629,0.173099,0.0825294,-0.0109465,-0.00187973,-0.000204922,-0.0017011,0.21672,-0.0288886
0.691744,0.179081,0.174037,0.00504354,-0.0109688,-0.00188336,-0.000205256,-0.00170489,0.217607,-0.028808
0.697606,0.154855,0.174979,-0.0201244,-0.0109911,-0.001887,-0.000205592,-0.00170868,0.218499,-0.0287275
0.703468,0.11388,0.175926,-0.0620458,-0.0110134,-0.00189065,-0.000205928,-0.00171247,0.219395,-0.0286471
0.709331,0.202595,0.176876,0.0257195,-0.0110358,-0.00189431,-0.000206265,-0.00171627,0.220295,-0.0285668
0.715193,0.192325,0.17783,0.0144945,-0.0110582,-0.00189797,-0.000206603,-0.00172006,0.2212,-0.0284865
0.721055,0.302814,0.178789,0.124025,-0.0110806,-0.00190164,-0.000206942,-0.00172386,0.222109,-0.0284064
0.726917,0.128439,0.179752,-0.0513131,-0.0111031,-0.00190531,-0.000207283,-0.00172766,0.223022,-0.0283262
0.73278,0.304407,0.18072,0.123688,-0.0111256,-0.00190899,-0.000207624,-0.00173146,0.223939,-0.0282462
0.738642,0.315998,0.181691,0.134307,-0.0111481,-0.00191267,-0.000207967,-0.00173525,0.224861,-0.0281662
0.744504,0.199967,0.182667,0.0173003,-0.0111707,-0.00191636,-0.00020831,-0.00173905,0.225788,-0.0280864
0.750366,0.106884,0.183647,-0.0767634,-0.0111932,-0.00192006,-0.000208655,-0.00174285,0.226719,-0.0280066
0.756229,0.134969,0.184632,-0.0496629,-0.0112159,-0.00192376,-0.000209001,-0.00174665,0.227654,-0.0279268
0.762091,0.259825,0.185621,0.0742042,-0.0112385,-0.00192747,-0.000209347,-0.00175044,0.228594,-0.0278472
0.767953,0.344676,0.186614,0.158062,-0.0112611,-0.00193117,-0.000209695,-0.00175423,0.229538,-0.0277676
0.773815,0.219436,0.187612,0.0318237,-0.0112838,-0.00193489,-0.000210044,-0.00175802,0.230487,-0.0276881
0.779678,0.155101,0.188615,-0.0335136,-0.0113065,-0.00193861,-0.000210394,-0.00176181,0.23144,-0.0276086
0.78554,0.273791,0.189621,0.0841697,-0.0113292,-0.00194233,-0.000210746,-0.00176559,0.232399,-0.0275293
0.791402,0.385138,0.190633,0.194506,-0.0113519,-0.00194605,-0.000211098,-0.00176937,0.233361,-0.02745
0.797264,0.299487,0.191649,0.107838,-0.0113747,-0.00194978,-0.000211452,-0.00177314,0.234329,-0.0273708
0.803127,0.316336,0.19267,0.123666,-0.0113974,-0.00195351,-0.000211806,-0.00177691,0.235301,-0.0272916
0.808989,0.231433,0.193695,0.0377382,-0.0114202,-0.00195724,-0.000212162,-0.00178067,0.236278,-0.0272126
0.814851,0.248013,0.194725,0.0532883,-0.0114429,-0.00196098,-0.000212519,-0.00178442,0.23726,-0.0271336
0.820713,0.257992,0.19576,0.062232,-0.0114657,-0.00196471,-0.000212877,-0.00178817,0.238246,-0.0270547
0.826575,0.101083,0.196799,-0.0957164,-0.0114885,-0.00196845,-0.000213236,-0.00179191,0.239237,-0.0269758
0.832438,0.243311,0.197844,0.045467,-0.0115112,-0.00197219,-0.000213596,-0.00179563,0.240233,-0.0268971
0.8383,0.0591191,0.198893,-0.139774,-0.011534,-0.00197593,-0.000213958,-0.00179935,0.241234,-0.0268184
0.844162,0.224747,0.199947,0.0247999,-0.0115567,-0.00197967,-0.00021432,-0.00180306,0.24224,-0.0267398
0.850024,0.35329,0.201006,0.152285,-0.0115795,-0.00198341,-0.000214684,-0.00180675,0.243251,-0.0266612
0.855887,0.256011,0.20207,0.0539416,-0.0116022,-0.00198715,-0.000215049,-0.00181044,0.244267,-0.0265828
0.861749,0.265925,0.203138,0.0627865,-0.0116249,-0.00199089,-0.000215415,-0.00181411,0.245288,-0.0265044
0.867611,0.162207,0.204212,-0.0420051,-0.0116476,-0.00199463,-0.000215782,-0.00181776,0.246314,-0.0264261
0.873473,0.273394,0.205291,0.0681027,-0.0116703,-0.00199837,-0.000216151,-0.0018214,0.247345,-0.0263478
0.879336,0.251901,0.206375,0.0455264,-0.0116929,-0.0020021,-0.00021652,-0.00182503,0.248381,-0.0262697
0.885198,0.0913207,0.207464,-0.116143,-0.0117155,-0.00200583,-0.000216891,-0.00182863,0.249422,-0.0261916
0.89106,0.159099,0.208558,-0.0494592,-0.0117381,-0.00200956,-0.000217263,-0.00183222,0.250468,-0.0261135
0.896922,0.0859568,0.209657,-0.1237,-0.0117606,-0.00201328,-0.000217637,-0.00183579,0.25152,-0.0260356
0.902785,0.0922914,0.210762,-0.11847,-0.0117831,-0.002017,-0.000218011,-0.00183934,0.252577,-0.0259577
0.908647,0.141851,0.211871,-0.0700205,-0.0118056,-0.00202072,-0.000218387,-0.00184287,0.253639,-0.02588
0.914509,0.282656,0.212986,0.0696694,-0.011828,-0.00202443,-0.000218764,-0.00184637,0.254706,-0.0258022
0.920371,0.163821,0.214107,-0.0502861,-0.0118504,-0.00202813,-0.000219142,-0.00184985,0.255779,-0.0257246
0.926234,0.278813,0.215233,0.0635803,-0.0118727,-0.00203183,-0.000219521,-0.00185331,0.256857,-0.025647
0.932096,0.275224,0.216364,0.0588602,-0.0118949,-0.00203552,-0.000219902,-0.00185674,0.25794,-0.0255695
0.937958,0.362341,0.2175,0.14484,-0.0119171,-0.0020392,-0.000220284,-0.00186014,0.259029,-0.0254921
0.94382,0.283413,0.218643,0.0647701,-0.0119392,-0.00204287,-0.000220667,-0.00186351,0.260124,-0.0254148
0.949682,0.365658,0.21979,0.145868,-0.0119612,-0.00204654,-0.000221051,-0.00186685,0.261224,-0.0253375
0.955545,0.0974544,0.220944,-0.123489,-0.0119832,-0.00205019,-0.000221437,-0.00187015,0.262329,-0.0252603
0.961407,0.234739,0.222103,0.0126362,-0.012005,-0.00205383,-0.000221824,-0.00187343,0.26344,-0.0251832
0.967269,0.248615,0.223267,0.0253477,-0.0120268,-0.00205746,-0.000222212,-0.00187666,0.264557,-0.0251062
0.973131,0.159889,0.224438,-0.0645484,-0.0120484,-0.00206108,-0.000222601,-0.00187986,0.265679,-0.0250292
0.978994,0.223317,0.225614,-0.00229698,-0.01207,-0.00206469,-0.000222992,-0.00188302,0.266807,-0.0249523
0.984856,0.203398,0.226796,-0.0233979,-0.0120914,-0.00206828,-0.000223384,-0.00188614,0.26794,-0.0248755
0.990718,0.33848,0.227983,0.110497,-0.0121128,-0.00207185,-0.000223777,-0.00188922,0.26908,-0.0247987
0.99658,0.345057,0.229177,0.11588,-0.012134,-0.00207541,-0.000224172,-0.00189225,0.270225,-0.0247221
1.00244,0.2209,0.230377,-0.00947679,-0.0121551,-0.00207895,-0.000224568,-0.00189523,0.271376,-0.0246455
1.0083,0.290337,0.231582,0.0587551,-0.012176,-0.00208247,-0.000224965,-0.00189817,0.272533,-0.024569
1.01417,0.459944,0.232794,0.22715,-0.0121968,-0.00208598,-0.000225364,-0.00190105,0.273696,-0.0244925
1.02003,0.498874,0.234012,0.264862,-0.0122174,-0.00208946,-0.000225763,-0.00190388,0.274864,-0.0244161
1.02589,0.289508,0.235236,0.0542726,-0.0122379,-0.00209292,-0.000226165,-0.00190666,0.276039,-0.0243399
1.03175,0.2235,0.236466,-0.0129652,-0.0122582,-0.00209636,-0.000226567,-0.00190937,0.27722,-0.0242636
1.03762,0.356419,0.237702,0.118717,-0.0122783,-0.00209978,-0.000226971,-0.00191203,0.278407,-0.0241875
1.04348,0.372523,0.238945,0.133578,-0.0122983,-0.00210317,-0.000227376,-0.00191462,0.2796,-0.0241114
1.04934,0.287263,0.240194,0.0470689,-0.012318,-0.00210653,-0.000227783,-0.00191714,0.280799,-0.0240354
1.0552,0.254933,0.241449,0.0134835,-0.0123376,-0.00210986,-0.000228191,-0.0019196,0.282004,-0.0239595
1.06106,0.267964,0.242711,0.0252525,-0.0123569,-0.00211317,-0.0002286,-0.00192198,0.283215,-0.0238837
1.06693,0.42951,0.243979,0.18553,-0.012376,-0.00211644,-0.00022901,-0.00192429,0.284433,-0.0238079
1.07279,0.365943,0.245254,0.120688,-0.0123948,-0.00211969,-0.000229422,-0.00192652,0.285657,-0.0237322
1.07865,0.296054,0.246536,0.0495177,-0.0124134,-0.0021229,-0.000229836,-0.00192867,0.286888,-0.0236566
1.08451,0.253444,0.247824,0.00561977,-0.0124318,-0.00212607,-0.000230251,-0.00193073,0.288124,-0.023581
1.09038,0.439081,0.24912,0.189962,-0.0124499,-0.0021292,-0.000230667,-0.0019327,0.289367,-0.0235056
1.09624,0.289377,0.250421,0.0389551,-0.0124676,-0.0021323,-0.000231084,-0.00193459,0.290617,-0.0234302
1.1021,0.0682854,0.25173,-0.183445,-0.0124851,-0.00213535,-0.000231503,-0.00193637,0.291873,-0.0233548
1.10796,0.105433,0.253046,-0.147613,-0.0125023,-0.00213837,-0.000231924,-0.00193806,0.293136,-0.0232796
1.11383,0.164179,0.254369,-0.0901897,-0.0125192,-0.00214133,-0.000232346,-0.00193965,0.294406,-0.0232044
1.11969,0.146946,0.255698,-0.108753,-0.0125357,-0.00214425,-0.000232769,-0.00194112,0.295682,-0.0231293
1.12555,0.308713,0.257035,0.0516774,-0.0125519,-0.00214712,-0.000233193,-0.00194248,0.296964,-0.0230543
1.13141,0.1957,0.258379,-0.0626795,-0.0125677,-0.00214994,-0.00023362,-0.00194373,0.298254,-0.0229794
1.13727,0.259973,0.259731,0.000242611,-0.0125831,-0.00215271,-0.000234047,-0.00194485,0.29955,-0.0229045
1.14314,0.179703,0.261089,-0.0813868,-0.0125981,-0.00215542,-0.000234476,-0.00194585,0.300853,-0.0228297
1.149,0.116887,0.262456,-0.145568,-0.0126127,-0.00215807,-0.000234906,-0.00194672,0.302163,-0.022755
1.15486,0.283283,0.263829,0.0194536,-0.0126269,-0.00216066,-0.000235338,-0.00194745,0.30348,-0.0226803
1.16072,0.317315,0.26521,0.0521044,-0.0126406,-0.00216319,-0.000235772,-0.00194803,0.304804,-0.0226057
1.16659,0.248552,0.266599,-0.0180469,-0.0126539,-0.00216565,-0.000236207,-0.00194847,0.306135,-0.0225312
1.17245,0.231651,0.267996,-0.0363445,-0.0126666,-0.00216804,-0.000236643,-0.00194875,0.307472,-0.0224568
1.17831,0.365966,0.2694,0.0965657,-0.0126788,-0.00217036,-0.000237081,-0.00194887,0.308817,-0.0223825
1.18417,0.27698,0.270812,0.00616835,-0.0126905,-0.0021726,-0.00023752,-0.00194883,0.31017,-0.0223082
1.19003,0.249948,0.272232,-0.0222842,-0.0127017,-0.00217477,-0.000237961,-0.00194861,0.311529,-0.022234
1.1959,0.189931,0.27366,-0.0837292,-0.0127122,-0.00217685,-0.000238403,-0.00194821,0.312896,-0.0221599
1.20176,0.212363,0.275096,-0.0627334,-0.0127222,-0.00217884,-0.000238847,-0.00194762,0.31427,-0.0220858
1.20762,0.420791,0.276541,0.14425,-0.0127315,-0.00218075,-0.000239292,-0.00194684,0.315651,-0.0220118
1.21348,0.417299,0.277993,0.139306,-0.0127402,-0.00218257,-0.000239739,-0.00194585,0.31704,-0.0219379
1.21935,0.426271,0.279454,0.146816,-0.0127482,-0.00218429,-0.000240188,-0.00194465,0.318436,-0.0218641
1.22521,0.354498,0.280924,0.0735737,-0.0127555,-0.0021859,-0.000240638,-0.00194323,0.31984,-0.0217904
1.23107,0.270426,0.282402,-0.0119761,-0.012762,-0.00218741,-0.000241089,-0.00194159,0.321251,-0.0217167
1.23693,0.240162,0.283889,-0.0437266,-0.0127678,-0.00218882,-0.000241542,-0.0019397,0.32267,-0.0216431
1.24279,0.599511,0.285384,0.314127,-0.0127728,-0.0021901,-0.000241997,-0.00193756,0.324096,-0.0215696
1.24866,0.449024,0.286889,0.162136,-0.0127769,-0.00219127,-0.000242453,-0.00193517,0.32553,-0.0214961
1.25452,0.321428,0.288402,0.0330266,-0.0127802,-0.00219232,-0.000242911,-0.00193251,0.326973,-0.0214227
1.26038,0.263961,0.289924,-0.0259634,-0.0127825,-0.00219323,-0.00024337,-0.00192956,0.328422,-0.0213494
1.26624,0.387947,0.291456,0.0964908,-0.012784,-0.00219401,-0.000243831,-0.00192633,0.32988,-0.0212762
1.27211,0.259775,0.292997,-0.0332213,-0.0127844,-0.00219466,-0.000244293,-0.00192279,0.331346,-0.0212031
1.27797,0.220831,0.294547,-0.0737157,-0.0127838,-0.00219515,-0.000244758,-0.00191894,0.332819,-0.02113
1.28383,0.465868,0.296106,0.169761,-0.0127822,-0.00219549,-0.000245223,-0.00191476,0.334301,-0.021057
1.28969,0.276149,0.297676,-0.0215267,-0.0127795,-0.00219568,-0.000245691,-0.00191024,0.335791,-0.020984
1.29555,0.183864,0.299255,-0.115391,-0.0127756,-0.0021957,-0.000246159,-0.00190536,0.337289,-0.0209112
1.30142,0.270464,0.300844,-0.03038,-0.0127705,-0.00219554,-0.00024663,-0.00190011,0.338795,-0.0208384
1.30728,0.320569,0.302443,0.0181258,-0.0127642,-0.00219521,-0.000247102,-0.00189447,0.34031,-0.0207657
1.31314,0.368763,0.304052,0.0647109,-0.0127566,-0.00219469,-0.000247576,-0.00188843,0.341832,-0.0206931
1.319,0.485172,0.305671,0.179501,-0.0127476,-0.00219398,-0.000248052,-0.00188197,0.343363,-0.0206205
1.32487,0.46471,0.307301,0.157409,-0.0127372,-0.00219306,-0.000248529,-0.00187507,0.344903,-0.0205481
1.33073,0.489584,0.308942,0.180642,-0.0127254,-0.00219193,-0.000249008,-0.00186772,0.346451,-0.0204756
1.33659,0.466754,0.310593,0.156162,-0.012712,-0.00219059,-0.000249488,-0.0018599,0.348008,-0.0204033
1.34245,0.489441,0.312255,0.177186,-0.012697,-0.00218901,-0.00024997,-0.00185158,0.349573,-0.0203311
1.34831,0.468353,0.313928,0.154425,-0.0126804,-0.00218719,-0.000250454,-0.00184274,0.351147,-0.0202589
1.35418,0.240642,0.315612,-0.0749697,-0.0126621,-0.00218512,-0.00025094,-0.00183336,0.35273,-0.0201868
1.36004,0.190141,0.317307,-0.127166,-0.012642,-0.0021828,-0.000251427,-0.00182343,0.354322,-0.0201148
1.3659,0.293714,0.319014,-0.0253005,-0.01262,-0.0021802,-0.000251916,-0.00181291,0.355922,-0.0200428
1.37176,0.4232,0.320733,0.102467,-0.012596,-0.00217732,-0.000252406,-0.00180177,0.357532,-0.0199709
1.37763,0.432943,0.322464,0.110479,-0.01257,-0.00217414,-0.000252899,-0.00179,0.35915,-0.0198991
1.38349,0.375909,0.324207,0.0517026,-0.0125419,-0.00217065,-0.000253393,-0.00177757,0.360778,-0.0198274
1.38935,0.43847,0.325962,0.112508,-0.0125116,-0.00216685,-0.000253889,-0.00176444,0.362414,-0.0197557
1.39521,0.413611,0.327729,0.0858819,-0.012479,-0.00216271,-0.000254386,-0.00175058,0.36406,-0.0196841
1.40107,0.504263,0.329509,0.174753,-0.012444,-0.00215822,-0.000254885,-0.00173597,0.365715,-0.0196126
1.40694,0.600852,0.331303,0.269549,-0.0124065,-0.00215336,-0.000255386,-0.00172057,0.36738,-0.0195412
1.4128,0.433874,0.333109,0.100765,-0.0123664,-0.00214813,-0.000255889,-0.00170434,0.369054,-0.0194699
1.41866,0.384155,0.334929,0.0492269,-0.0123236,-0.00214249,-0.000256394,-0.00168724,0.370737,-0.0193986
1.42452,0.402287,0.336762,0.0655255,-0.0122779,-0.00213645,-0.0002569,-0.00166924,0.37243,-0.0193274
1.43039,0.354422,0.338609,0.0158127,-0.0122293,-0.00212996,-0.000257408,-0.0016503,0.374132,-0.0192562
1.43625,0.423143,0.34047,0.0826722,-0.0121775,-0.00212303,-0.000257918,-0.00163037,0.375844,-0.0191852
1.44211,0.485345,0.342346,0.142999,-0.0121226,-0.00211562,-0.00025843,-0.0016094,0.377566,-0.0191142
1.44797,0.531146,0.344236,0.18691,-0.0120642,-0.00210771,-0.000258943,-0.00158736,0.379298,-0.0190433
1.45383,0.486972,0.346142,0.14083,-0.0120024,-0.00209929,-0.000259459,-0.00156418,0.38104,-0.0189724
1.4597,0.574507,0.348063,0.226444,-0.0119369,-0.00209033,-0.000259976,-0.00153982,0.382791,-0.0189017
1.46556,0.457151,0.349999,0.107153,-0.0118675,-0.00208081,-0.000260495,-0.00151421,0.384553,-0.018831
1.47142,0.459736,0.351951,0.107785,-0.0117941,-0.00207069,-0.000261015,-0.0014873,0.386325,-0.0187604
1.47728,0.219566,0.35392,-0.134353,-0.0117165,-0.00205996,-0.000261538,-0.00145903,0.388106,-0.0186899
1.48315,0.271786,0.355905,-0.0841189,-0.0116345,-0.00204857,-0.000262062,-0.00142933,0.389899,-0.0186194
1.48901,0.276767,0.357907,-0.0811404,-0.011548,-0.00203651,-0.000262589,-0.00139814,0.391701,-0.018549
1.49487,0.570643,0.359927,0.210716,-0.0114566,-0.00202374,-0.000263117,-0.00136537,0.393514,-0.0184787
1.50073,0.516126,0.361964,0.154161,-0.0113602,-0.00201023,-0.000263647,-0.00133095,0.395338,-0.0184085
1.5066,0.546349,0.36402,0.18233,-0.0112586,-0.00199594,-0.000264179,-0.00129479,0.397172,-0.0183383
1.51246,0.498173,0.366094,0.132079,-0.0111514,-0.00198084,-0.000264713,-0.00125682,0.399016,-0.0182682
1.51832,0.411479,0.368188,0.043291,-0.0110385,-0.00196488,-0.000265248,-0.00121694,0.400872,-0.0181982
1.52418,0.422033,0.370301,0.0517322,-0.0109196,-0.00194803,-0.000265786,-0.00117504,0.402738,-0.0181283
1.53004,0.533011,0.372435,0.160577,-0.0107943,-0.00193023,-0.000266325,-0.00113104,0.404615,-0.0180584
1.53591,0.39247,0.374589,0.0178814,-0.0106624,-0.00191145,-0.000266867,-0.00108482,0.406503,-0.0179886
1.54177,0.374187,0.376764,-0.00257747,-0.0105236,-0.00189164,-0.00026741,-0.00103625,0.408402,-0.0179189
1.54763,0.345988,0.378962,-0.032974,-0.0103775,-0.00187074,-0.000267955,-0.00098523,0.410312,-0.0178493
1.55349,0.278546,0.381182,-0.102635,-0.0102237,-0.0018487,-0.000268502,-0.000931616,0.412234,-0.0177797
1.55936,0.4821,0.383425,0.0986757,-0.0100619,-0.00182546,-0.000269051,-0.000875271,0.414167,-0.0177103
1.56522,0.549375,0.385692,0.163683,-0.00989169,-0.00180097,-0.000269602,-0.000816049,0.416111,-0.0176408
1.57108,0.531011,0.387983,0.143027,-0.00971263,-0.00177515,-0.000270155,-0.000753792,0.418066,-0.0175715
1.57694,0.323473,0.3903,-0.0668267,-0.00952428,-0.00174794,-0.00027071,-0.000688332,0.420034,-0.0175022
1.5828,0.412765,0.392643,0.0201222,-0.00932616,-0.00171926,-0.000271267,-0.000619492,0.422013,-0.0174331
1.58867,0.56903,0.395013,0.174016,-0.00911777,-0.00168904,-0.000271825,-0.000547081,0.424003,-0.0173639
1.59453,0.397633,0.397412,0.000221498,-0.00889858,-0.0016572,-0.000272386,-0.000470897,0.426006,-0.0172949
1.60039,0.495051,0.399839,0.0952128,-0.00866803,-0.00162365,-0.000272949,-0.000390724,0.42802,-0.0172259
1.60625,0.367069,0.402296,-0.0352266,-0.00842552,-0.00158829,-0.000273514,-0.00030633,0.430046,-0.0171571
1.61212,0.471699,0.404784,0.0669155,-0.00817041,-0.00155103,-0.00027408,-0.000217468,0.432085,-0.0170882
1.61798,0.392614,0.407304,-0.0146892,-0.00790203,-0.00151177,-0.000274649,-0.000123874,0.434135,-0.0170195
1.62384,0.551763,0.409857,0.141906,-0.00761966,-0.00147039,-0.00027522,-2.52652e-05,0.436198,-0.0169508
1.6297,0.524303,0.412445,0.111858,-0.00732254,-0.00142678,-0.000275793,7.86617e-05,0.438274,-0.0168823
1.63556,0.45923,0.415069,0.0441613,-0.00700985,-0.00138081,-0.000276367,0.000188232,0.440362,-0.0168137
1.64143,0.314802,0.417731,-0.102929,-0.00668073,-0.00133233,-0.000276944,0.000303794,0.442462,-0.0167453
1.64729,0.342173,0.420431,-0.0782579,-0.00633426,-0.00128122,-0.000277523,0.000425724,0.444575,-0.0166769
1.65315,0.553153,0.423172,0.129981,-0.00596945,-0.00122732,-0.000278104,0.000554424,0.446701,-0.0166086
1.65901,0.35739,0.425955,-0.0685653,-0.00558525,-0.00117045,-0.000278687,0.000690329,0.44884,-0.0165404
1.66488,0.53064,0.428783,0.101857,-0.00518054,-0.00111045,-0.000279272,0.000833905,0.450991,-0.0164723
1.67074,0.517359,0.431657,0.0857029,-0.00475413,-0.00104713,-0.000279858,0.000985658,0.453156,-0.0164042
1.6766,0.420435,0.434579,-0.014144,-0.00430473,-0.000980286,-0.000280448,0.00114613,0.455334,-0.0163362
1.68246,0.465908,0.437551,0.0283563,-0.00383097,-0.000909697,-0.000281039,0.00131591,0.457525,-0.0162683
1.68832,0.198352,0.440577,-0.242225,-0.00333138,-0.000835134,-0.000281632,0.00149563,0.45973,-0.0162005
1.69419,0.397872,0.443658,-0.0457868,-0.00280437,-0.000756345,-0.000282227,0.00168599,0.461948,-0.0161327
1.70005,0.530002,0.446798,0.0832036,-0.00224827,-0.000673064,-0.000282824,0.00188772,0.46418,-0.016065
1.70591,0.543678,0.45,0.0936782,-0.00166126,-0.000584999,-0.000283424,0.00210165,0.466425,-0.0159974
1.71177,0.479174,0.453266,0.0259083,-0.00104137,-0.000491839,-0.000284025,0.00232864,0.468685,-0.0159299
1.71764,0.527533,0.456601,0.0709329,-0.000386513,-0.000393247,-0.000284629,0.00256966,0.470958,-0.0158624
1.7235,0.430232,0.460007,-0.0297748,0.000305581,-0.00028886,-0.000285234,0.00282576,0.473245,-0.015795
1.72936,0.574176,0.46349,0.110686,0.00103735,-0.000178285,-0.000285842,0.00309806,0.475546,-0.0157277
1.73522,0.433139,0.467053,-0.0339143,0.00181143,-6.10964e-05,-0.000286452,0.00338782,0.477862,-0.0156605
1.74108,0.541478,0.470702,0.0707767,0.00263066,6.31656e-05,-0.000287064,0.00369639,0.480192,-0.0155933
1.74695,0.599086,0.474441,0.124645,0.00349813,0.000195001,-0.000287678,0.00402527,0.482536,-0.0155262
1.75281,0.436574,0.478276,-0.0417018,0.00441715,0.000334951,-0.000288294,0.00437609,0.484895,-0.0154592
1.75867,0.448221,0.482213,-0.0339927,0.00539135,0.000483606,-0.000288913,0.00475064,0.487269,-0.0153922
1.76453,0.486963,0.48626,0.000702695,0.00642464,0.000641608,-0.000289533,0.00515092,0.489658,-0.0153254
1.7704,0.61002,0.490423,0.119598,0.00752127,0.000809656,-0.000290156,0.0055791,0.492061,-0.0152586
1.77626,0.439415,0.494709,-0.0552941,0.00868588,0.000988513,-0.000290781,0.00603759,0.49448,-0.0151919
1.78212,0.525412,0.499129,0.026283,0.0099235,0.00117901,-0.000291408,0.00652906,0.496914,-0.0151252
1.78798,0.442175,0.50369,-0.0615157,0.0112396,0.00138207,-0.000292037,0.00705647,0.499363,-0.0150586
1.79384,0.6132,0.508405,0.104795,0.0126403,0.00159869,-0.000292668,0.00762311,0.501827,-0.0149922
1.79971,0.528663,0.513283,0.0153801,0.014132,0.00182996,-0.000293301,0.00823263,0.504308,-0.0149257
1.80557,0.491717,0.518338,-0.0266216,0.015722,0.00207709,-0.000293937,0.00888912,0.506804,-0.0148594
1.81143,0.583686,0.523584,0.0601021,0.0174182,0.00234142,-0.000294574,0.00959714,0.509315,-0.0147931
1.81729,0.681936,0.529036,0.1529,0.0192292,0.00262442,-0.000295214,0.0103618,0.511843,-0.0147269
1.82316,0.578325,0.534711,0.0436138,0.0211646,0.0029277,-0.000295856,0.0111889,0.514387,-0.0146608
1.82902,0.356943,0.540628,-0.183685,0.0232348,0.00325306,-0.0002965,0.0120849,0.516947,-0.0145948
1.83488,0.378893,0.546808,-0.167915,0.0254515,0.0036025,-0.000297147,0.013057,0.519523,-0.0145288
1.84074,0.467342,0.553275,-0.085933,0.0278276,0.00397824,-0.000297795,0.0141137,0.522116,-0.0144629
1.8466,0.561817,0.560054,0.00176344,0.0303772,0.00438274,-0.000298446,0.0152643,0.524725,-0.0143971
1.85247,0.7946,0.567175,0.227425,0.0331161,0.00481876,-0.000299098,0.0165196,0.527351,-0.0143313
1.85833,0.610585,0.574672,0.0359125,0.036062,0.0052894,-0.000299753,0.0178918,0.529994,-0.0142657
1.86419,0.56667,0.582582,-0.0159121,0.0392345,0.0057981,-0.000300411,0.019395,0.532655,-0.0142001
1.87005,0.332055,0.590946,-0.258891,0.0426554,0.00634877,-0.00030107,0.0210455,0.535332,-0.0141345
1.87592,0.626504,0.599813,0.0266906,0.0463493,0.0069458,-0.000301731,0.0228621,0.538027,-0.0140691
1.88178,0.422856,0.609237,-0.186381,0.0503439,0.00759415,-0.000302395,0.0248665,0.540739,-0.0140037
1.88764,0.500898,0.619281,-0.118383,0.05467,0.00829945,-0.000303061,0.0270841,0.543468,-0.0139384
1.8935,0.686634,0.630015,0.0566197,0.0593629,0.00906811,-0.000303729,0.0295447,0.546216,-0.0138732
1.89936,0.710557,0.641522,0.0690355,0.0644622,0.00990742,-0.000304399,0.0322833,0.548981,-0.0138081
1.90523,0.724616,0.653897,0.0707191,0.070013,0.0108258,-0.000305071,0.0353413,0.551765,-0.013743
1.91109,0.766842,0.66725,0.0995922,0.0760665,0.0118327,-0.000305746,0.0387682,0.554567,-0.013678
1.91695,0.809014,0.681711,0.127303,0.0826814,0.0129394,-0.000306422,0.0426228,0.557387,-0.0136131
1.92281,0.68591,0.69743,-0.0115196,0.089925,0.0141587,-0.000307101,0.0469762,0.560225,-0.0135482
1.92868,0.709986,0.714586,-0.00459963,0.0978746,0.0155054,-0.000307782,0.0519148,0.563083,-0.0134834
1.93454,0.687493,0.733392,-0.0458991,0.10662,0.0169969,-0.000308465,0.0575438,0.565959,-0.0134187
1.9404,0.727313,0.754101,-0.0267875,0.116264,0.0186538,-0.000309151,0.063993,0.568854,-0.0133541
1.94626,0.833054,0.77702,0.0560347,0.126927,0.0205,-0.000309838,0.0714235,0.571768,-0.0132896
1.95213,0.833227,0.80252,0.0307067,0.138752,0.0225642,-0.000310528,0.0800375,0.574702,-0.0132251
1.95799,0.874163,0.831059,0.0431049,0.151904,0.0248803,-0.000311219,0.0900911,0.577655,-0.0131607
1.96385,0.993726,0.863201,0.130525,0.16658,0.0274892,-0.000311913,0.101912,0.580628,-0.0130964
1.96971,1.03269,0.899654,0.133035,0.183011,0.0304401,-0.000312609,0.115927,0.58362,-0.0130321
1.97557,0.779125,0.941319,-0.162193,0.201479,0.033793,-0.000313307,0.132696,0.586633,-0.012968
1.98144,0.947823,0.98935,-0.0415265,0.222316,0.0376212,-0.000314007,0.152965,0.589666,-0.0129039
1.9873,0.90767,1.04526,-0.13759,0.24593,0.0420152,-0.00031471,0.17775,0.592719,-0.0128398
1.99316,0.950467,1.11106,-0.160595,0.272815,0.0470881,-0.000315414,0.208458,0.595792,-0.0127759
1.99902,1.04533,1.1895,-0.144171,0.30358,0.0529818,-0.000316121,0.247076,0.598887,-0.012712
2.00489,1.13518,1.28438,-0.149198,0.33898,0.0598768,-0.000316829,0.296486,0.602002,-0.0126482
2.01075,1.32862,1.40118,-0.0725587,0.379957,0.0680056,-0.00031754,0.360985,0.605138,-0.0125845
2.01661,1.4551,1.54802,-0.092925,0.427705,0.0776706,-0.000318252,0.44719,0.608296,-0.0125208
2.02247,1.68814,1.73741,-0.0492635,0.483748,0.089272,-0.000318967,0.565688,0.611475,-0.0124573
2.02833,1.84143,1.98955,-0.148114,0.550058,0.103346,-0.000319684,0.734182,0.614675,-0.0123937
2.0342,2.05141,2.33897,-0.287562,0.629219,0.120627,-0.000320403,0.983875,0.617898,-0.0123303
2.04006,2.58433,2.84861,-0.264274,0.724669,0.142137,-0.000321124,1.37325,0.621142,-0.012267
2.04592,3.18503,3.6421,-0.457074,0.841058,0.169332,-0.000321846,2.01983,0.624409,-0.0122037
2.05178,4.8326,4.98107,-0.148466,0.984793,0.204343,-0.000322571,3.1767,0.627698,-0.0121405
2.05765,8.0234,7.43482,0.588573,1.16489,0.250376,-0.000323298,5.40095,0.63101,-0.0120774
2.06351,13.3355,11.9312,1.40431,1.39433,0.312431,-0.000324027,9.60245,0.634344,-0.0120143
2.06937,17.8473,17.037,0.810286,1.69234,0.398611,-0.000324757,14.3207,0.637702,-0.0119513
2.07523,15.4812,15.6786,-0.197343,2.08831,0.52269,-0.00032549,12.4387,0.641082,-0.0118884
2.08109,10.664,11.4274,-0.763398,2.62878,0.709407,-0.000326225,7.4569,0.644486,-0.0118256
2.08696,8.19277,9.39353,-1.20075,3.39073,1.00615,-0.000326961,4.36082,0.647914,-0.0117629
2.09282,7.89504,9.4016,-1.50656,4.50811,1.5104,-0.000327699,2.74375,0.651366,-0.0117002
2.09868,9.2105,11.1652,-1.95467,6.22809,2.43571,-0.000328439,1.85849,0.654841,-0.0116376
2.10454,13.0179,15.2593,-2.24143,9.03913,4.23815,-0.000329181,1.33561,0.658341,-0.011575
2.11041,21.031,23.0347,-2.00368,13.9775,7.40224,-0.000329925,1.00495,0.661866,-0.0115126
2.11627,34.4448,34.2957,0.149079,23.3367,9.52161,-0.000330671,0.783789,0.665415,-0.0114502
2.12213,52.4295,49.7275,2.70206,41.4468,6.99437,-0.000331418,0.628997,0.668989,-0.0113879
2.12799,73.1309,72.0276,1.10326,66.7907,4.05939,-0.000332167,0.516567,0.672588,-0.0113257
2.13385,70.6796,70.1498,0.52983,66.6297,2.42305,-0.000332917,0.432373,0.676212,-0.0112635
2.13972,44.8465,44.475,0.37154,41.8759,1.56306,-0.00033367,0.367694,0.679862,-0.0112014
2.14558,25.0785,26.311,-1.23246,24.2414,1.08061,-0.000334424,0.316921,0.683539,-0.0111394
2.15144,14.6524,16.7097,-2.05724,14.9686,0.788896,-0.000335179,0.276322,0.687241,-0.0110775
2.1573,9.78084,11.4994,-1.71854,9.97563,0.6008,-0.000335937,0.243336,0.690969,-0.0110157
2.16317,7.05486,8.45062,-1.39576,7.07803,0.472995,-0.000336695,0.216159,0.694724,-0.0109539
2.16903,5.63602,6.53597,-0.899955,5.27282,0.382388,-0.000337456,0.193492,0.698506,-0.0108922
2.17489,4.42922,5.26138,-0.832163,4.07997,0.315881,-0.000338217,0.174382,0.702315,-0.0108305
2.18075,3.75702,4.37205,-0.615027,3.25325,0.265639,-0.000338981,0.158113,0.706151,-0.010769
2.18661,3.21269,3.72747,-0.51478,2.6576,0.226755,-0.000339745,0.144142,0.710015,-0.0107075
2.19248,2.75315,3.24552,-0.492378,2.21451,0.196038,-0.000340511,0.132052,0.713907,-0.0106461
2.19834,2.486,2.87578,-0.389778,1.87603,0.171343,-0.000341278,0.121514,0.717826,-0.0105848
2.2042,2.34025,2.58594,-0.245693,1.61158,0.151182,-0.000342047,0.112269,0.721774,-0.0105235
2.21006,2.07554,2.35454,-0.279008,1.40098,0.134503,-0.000342817,0.104112,0.725751,-0.0104623
2.21593,1.94577,2.16691,-0.221132,1.23048,0.120541,-0.000343588,0.0968751,0.729757,-0.0104012
2.22179,1.81914,2.0127,-0.193554,1.09044,0.10873,-0.00034436,0.0904227,0.733792,-0.0103402
2.22765,1.73163,1.88448,-0.152845,0.973958,0.098646,-0.000345133,0.0846433,0.737856,-0.0102792
2.23351,1.63003,1.77678,-0.146753,0.875989,0.0899636,-0.000345907,0.0794446,0.74195,-0.0102183
2.23937,1.46921,1.68552,-0.216311,0.792767,0.0824313,-0.000346683,0.0747499,0.746074,-0.0101575
2.24524,1.45914,1.60757,-0.148428,0.721442,0.0758516,-0.000347459,0.0704946,0.750228,-0.0100968
2.2511,1.41226,1.54054,-0.128286,0.659821,0.0700681,-0.000348236,0.0666244,0.754413,-0.0100361
2.25696,1.41858,1.48255,-0.0639722,0.606197,0.0649552,-0.000349014,0.0630932,0.758628,-0.00997556
2.26282,1.36392,1.43211,-0.0681863,0.559225,0.0604113,-0.000349792,0.0598615,0.762875,-0.00991505
2.26869,1.23742,1.38803,-0.150611,0.517831,0.0563534,-0.000350571,0.0568957,0.767153,-0.00985461
2.27455,1.18228,1.34935,-0.167065,0.48115,0.0527134,-0.000351351,0.0541665,0.771463,-0.00979426
2.28041,1.09484,1.31529,-0.220441,0.448482,0.0494346,-0.000352132,0.0516488,0.775805,-0.00973397
2.28627,1.13143,1.28519,-0.153768,0.419251,0.0464697,-0.000352913,0.0493208,0.78018,-0.00967376
2.29213,1.0749,1.25854,-0.183645,0.392982,0.043779,-0.000353694,0.0471632,0.784587,-0.00961363
2.298,1.01586,1.23489,-0.219024,0.36928,0.041329,-0.000354475,0.0451595,0.789027,-0.00955357
2.30386,1.05095,1.21385,-0.162896,0.347813,0.039091,-0.000355257,0.0432949,0.793501,-0.00949358
2.30972,1.31011,1.19512,0.114987,0.328304,0.0370408,-0.000356039,0.0415565,0.798008,-0.00943367
2.31558,1.1714,1.17842,-0.00702362,0.310515,0.0351572,-0.000356821,0.0399327,0.802549,-0.00937384
2.32145,1.05091,1.16353,-0.112628,0.294246,0.0334224,-0.000357603,0.0384134,0.807124,-0.00931408
2.32731,0.99409,1.15026,-0.156166,0.279324,0.0318205,-0.000358385,0.0369895,0.811734,-0.00925439
2.33317,1.04012,1.13842,-0.0982938,0.265601,0.0303379,-0.000359167,0.035653,0.816379,-0.00919478
2.33903,1.12211,1.12787,-0.00575977,0.252947,0.0289628,-0.000359948,0.0343965,0.82106,-0.00913524
2.34489,0.979498,1.11849,-0.138991,0.241252,0.0276846,-0.000360729,0.0332137,0.825776,-0.00907578
2.35076,0.940971,1.11016,-0.169191,0.230419,0.0264942,-0.00036151,0.0320987,0.830528,-0.0090164
2.35662,1.1726,1.10279,0.0698091,0.220362,0.0253835,-0.000362289,0.0310462,0.835316,-0.00895708
2.36248,1.11547,1.09628,0.0191813,0.211007,0.0243452,-0.000363068,0.0300514,0.840141,-0.00889785
2.36834,1.09551,1.09057,0.00494043,0.202288,0.0233731,-0.000363847,0.0291101,0.845004,-0.00883868
2.37421,1.23946,1.08559,0.153878,0.194146,0.0224613,-0.000364624,0.0282183,0.849904,-0.0087796
2.38007,0.974724,1.08126,-0.10654,0.186531,0.0216049,-0.0003654,0.0273726,0.854841,-0.00872059
2.38593,1.06782,1.07756,-0.00973978,0.179397,0.0207992,-0.000366175,0.0265696,0.859817,-0.00866165
2.39179,1.12505,1.07441,0.0506364,0.172702,0.0200402,-0.000366948,0.0258064,0.864832,-0.00860278
2.39766,1.01562,1.07179,-0.0561658,0.166409,0.0193242,-0.00036772,0.0250803,0.869885,-0.008544
2.40352,0.810569,1.06965,-0.259079,0.160487,0.0186479,-0.000368491,0.024389,0.874978,-0.00848528
2.40938,1.07962,1.06796,0.0116583,0.154905,0.0180083,-0.000369259,0.02373,0.880111,-0.00842665
2.41524,1.08637,1.06669,0.0196841,0.149637,0.0174027,-0.000370026,0.0231013,0.885284,-0.00836808
2.4211,0.987002,1.06581,-0.0788051,0.144659,0.0168286,-0.00037079,0.0225011,0.890498,-0.00830959
2.42697,0.992277,1.06529,-0.0730141,0.13995,0.0162838,-0.000371552,0.0219275,0.895753,-0.00825118
2.43283,1.08599,1.06512,0.0208764,0.135489,0.0157661,-0.000372312,0.0213789,0.901049,-0.00819284
2.43869,1.06889,1.06527,0.00362146,0.131258,0.0152739,-0.000373069,0.0208539,0.906387,-0.00813458
2.44455,1.11093,1.06572,0.045219,0.127242,0.0148052,-0.000373823,0.020351,0.911767,-0.00807639
2.45042,0.979768,1.06645,-0.0866832,0.123426,0.0143587,-0.000374574,0.019869,0.91719,-0.00801827
2.45628,1.12898,1.06746,0.0615231,0.119795,0.0139328,-0.000375322,0.0194066,0.922657,-0.00796023
2.46214,1.14734,1.06872,0.0786233,0.116338,0.0135263,-0.000376066,0.0189628,0.928167,-0.00790227
2.468,1.0668,1.07022,-0.00341351,0.113044,0.0131379,-0.000376807,0.0185366,0.933721,-0.00784438
2.47386,1.10308,1.07195,0.0311289,0.109901,0.0127665,-0.000377544,0.0181269,0.939319,-0.00778656
2.47973,1.25111,1.0739,0.177207,0.1069,0.0124111,-0.000378277,0.017733,0.944963,-0.00772882
2.48559,1.19262,1.07606,0.11656,0.104032,0.0120707,-0.000379005,0.0173539,0.950652,-0.00767115
2.49145,1.28629,1.07842,0.207873,0.10129,0.0117445,-0.000379729,0.0169888,0.956387,-0.00761356
2.49731,1.10889,1.08097,0.0279238,0.0986652,0.0114316,-0.000380448,0.0166372,0.962169,-0.00755605
2.50318,1.22173,1.0837,0.138034,0.0961512,0.0111312,-0.000381162,0.0162982,0.967997,-0.00749861
2.50904,1.11117,1.08661,0.0245637,0.0937414,0.0108428,-0.000381871,0.0159713,0.973873,-0.00744124
2.5149,1.25487,1.08968,0.165191,0.0914298,0.0105656,-0.000382574,0.0156559,0.979797,-0.00738395
2.52076,1.30475,1.09292,0.211825,0.089211,0.0102989,-0.000383271,0.0153513,0.985769,-0.00732673
2.52662,1.08678,1.09632,-0.00953543,0.0870797,0.0100424,-0.000383962,0.0150571,0.991791,-0.00726959
2.53249,1.12824,1.09986,0.0283791,0.0850313,0.00979532,-0.000384646,0.0147729,0.997861,-0.00721252
2.53835,0.985381,1.10356,-0.118176,0.0830611,0.00955729,-0.000385324,0.014498,1.00398,-0.00715553
2.54421,0.770866,1.10739,-0.336528,0.0811651,0.00932782,-0.000385994,0.0142322,1.01015,-0.00709861
2.55007,1.09051,1.11137,-0.020861,0.0793394,0.00910648,-0.000386657,0.0139749,1.01638,-0.00704177
2.55594,1.06249,1.11548,-0.052989,0.0775804,0.00889287,-0.000387312,0.0137258,1.02265,-0.006985
2.5618,1.19105,1.11972,0.0713328,0.0758846,0.00868662,-0.000387958,0.0134846,1.02898,-0.00692831
2.56766,1.26634,1.12408,0.142258,0.0742489,0.00848735,-0.000388596,0.0132509,1.03535,-0.00687169
2.57352,1.29691,1.12857,0.168337,0.0726704,0.00829475,-0.000389225,0.0130243,1.04179,-0.00681515
2.57938,1.17632,1.13318,0.0431384,0.0711461,0.00810849,-0.000389844,0.0128046,1.04827,-0.00675868
2.58525,1.09059,1.13791,-0.04733,0.0696737,0.00792829,-0.000390454,0.0125915,1.05481,-0.00670228
2.59111,1.02987,1.14276,-0.112887,0.0682504,0.00775387,-0.000391053,0.0123846,1.06141,-0.00664596
2.59697,1.16583,1.14772,0.0181108,0.0668742,0.00758496,-0.000391641,0.0121838,1.06806,-0.00658972
2.60283,1.10935,1.1528,-0.0434504,0.0655427,0.00742132,-0.000392218,0.0119888,1.07477,-0.00653355
2.6087,1.17162,1.15798,0.0136362,0.064254,0.00726271,-0.000392784,0.0117994,1.08153,-0.00647745
2.61456,1.28609,1.16327,0.122816,0.0630061,0.00710893,-0.000393337,0.0116153,1.08836,-0.00642143
2.62042,1.2758,1.16867,0.107129,0.0617972,0.00695976,-0.000393877,0.0114363,1.09524,-0.00636549
2.62628,1.01471,1.17418,-0.159465,0.0606256,0.006815,-0.000394404,0.0112622,1.10218,-0.00630962
2.63214,1.20193,1.17978,0.022142,0.0594896,0.00667447,-0.000394917,0.0110929,1.10918,-0.00625382
2.63801,1.175,1.1855,-0.0104916,0.0583878,0.00653801,-0.000395415,0.0109281,1.11624,-0.0061981
2.64387,1.32991,1.19131,0.138598,0.0573187,0.00640543,-0.000395899,0.0107678,1.12336,-0.00614246
2.64973,1.2364,1.19722,0.0391817,0.0562809,0.00627658,-0.000396366,0.0106116,1.13054,-0.00608689
2.65559,1.29646,1.20324,0.0932196,0.0552731,0.00615132,-0.000396817,0.0104595,1.13778,-0.00603139
2.66146,1.19234,1.20935,-0.0170043,0.0542941,0.00602951,-0.000397251,0.0103113,1.14509,-0.00597597
2.66732,1.16067,1.21556,-0.0548884,0.0533428,0.005911,-0.000397668,0.0101669,1.15246,-0.00592062
2.67318,1.26081,1.22187,0.0389439,0.0524179,0.00579568,-0.000398065,0.0100261,1.15989,-0.00586535
2.67904,1.17827,1.22827,-0.0499997,0.0515186,0.00568341,-0.000398444,0.00988889,1.16739,-0.00581015
2.6849,1.18149,1.23478,-0.0532826,0.0506437,0.0055741,-0.000398802,0.00975502,1.17496,-0.00575503
2.69077,1.15104,1.24137,-0.0903302,0.0497923,0.00546762,-0.000399139,0.00962443,1.18259,-0.00569998
2.69663,1.15172,1.24807,-0.0963495,0.0489636,0.00536387,-0.000399454,0.00949699,1.19029,-0.00564501
2.70249,1.23749,1.25486,-0.0173682,0.0481566,0.00526276,-0.000399747,0.0093726,1.19806,-0.00559011
2.70835,1.24341,1.26174,-0.0183377,0.0473706,0.00516419,-0.000400016,0.00925116,1.20589,-0.00553529
2.71422,1.23329,1.26872,-0.0354301,0.0466048,0.00506807,-0.000400261,0.00913256,1.2138,-0.00548054
2.72008,1.42001,1.2758,0.144205,0.0458584,0.00497431,-0.00040048,0.00901673,1.22178,-0.00542587
2.72594,1.32506,1.28297,0.0420865,0.0451308,0.00488284,-0.000400673,0.00890355,1.22982,-0.00537127
2.7318,1.30916,1.29024,0.0189234,0.0444212,0.00479357,-0.000400838,0.00879296,1.23794,-0.00531675
2.73766,1.11246,1.2976,-0.185135,0.0437291,0.00470643,-0.000400974,0.00868485,1.24614,-0.0052623
2.74353,1.26719,1.30505,-0.0378617,0.0430537,0.00462136,-0.00040108,0.00857917,1.25441,-0.00520792
2.74939,1.32016,1.3126,0.00756276,0.0423946,0.00453827,-0.000401155,0.00847582,1.26275,-0.00515362
2.75525,1.4295,1.32025,0.109249,0.0417511,0.00445711,-0.000401197,0.00837474,1.27117,-0.0050994
2.76111,1.44862,1.32799,0.120629,0.0411227,0.00437782,-0.000401206,0.00827586,1.27966,-0.00504525
2.76698,1.60187,1.33583,0.26604,0.040509,0.00430033,-0.00040118,0.0081791,1.28823,-0.00499118
2.77284,1.47272,1.34376,0.128962,0.0399094,0.0042246,-0.000401117,0.00808441,1.29688,-0.00493718
2.7787,1.24388,1.35179,-0.107909,0.0393235,0.00415056,-0.000401017,0.00799172,1.30561,-0.00488325
2.78456,1.33902,1.35992,-0.0209004,0.0387507,0.00407816,-0.000400877,0.00790097,1.31442,-0.0048294
2.79043,1.33782,1.36814,-0.0303231,0.0381907,0.00400736,-0.000400695,0.00781211,1.32331,-0.00477562
2.79629,1.39331,1.37647,0.0168427,0.0376431,0.00393811,-0.000400472,0.00772507,1.33228,-0.00472192
2.80215,1.47728,1.38489,0.0923882,0.0371075,0.00387036,-0.000400203,0.00763981,1.34134,-0.0046683
2.80801,1.59719,1.39341,0.203787,0.0365835,0.00380407,-0.000399889,0.00755627,1.35048,-0.00461475
2.81387,1.45103,1.40203,0.0490042,0.0360706,0.00373919,-0.000399526,0.00747441,1.3597,-0.00456127
2.81974,1.47028,1.41075,0.059535,0.0355687,0.0036757,-0.000399113,0.00739417,1.36901,-0.00450787
2.8256,1.55431,1.41957,0.134739,0.0350773,0.00361354,-0.000398649,0.00731552,1.37841,-0.00445454
2.83146,1.47946,1.42849,0.0509698,0.0345961,0.00355269,-0.00039813,0.0072384,1.3879,-0.00440129
2.83732,1.37794,1.43751,-0.0595676,0.0341249,0.0034931,-0.000397554,0.00716277,1.39748,-0.00434811
2.84319,1.63654,1.44664,0.189904,0.0336632,0.00343476,-0.00039692,0.0070886,1.40714,-0.00429501
2.84905,1.60126,1.45587,0.145389,0.0332109,0.00337761,-0.000396225,0.00701584,1.4169,-0.00424198
2.85491,1.61057,1.4652,0.145365,0.0327676,0.00332164,-0.000395466,0.00694446,1.42675,-0.00418903
2.86077,1.57705,1.47464,0.102412,0.0323331,0.00326682,-0.000394641,0.00687442,1.4367,-0.00413615
2.86663,1.51451,1.48419,0.0303257,0.0319072,0.00321311,-0.000393747,0.00680567,1.44674,-0.00408335
2.8725,1.48959,1.49384,-0.00425017,0.0314895,0.00316049,-0.000392781,0.0067382,1.45688,-0.00403062
2.87836,1.5852,1.5036,0.0816002,0.0310799,0.00310893,-0.00039174,0.00667196,1.46711,-0.00397797
2.88422,1.58097,1.51347,0.0675047,0.0306781,0.00305841,-0.000390622,0.00660692,1.47744,-0.00392539
2.89008,1.55954,1.52345,0.0360912,0.0302839,0.00300891,-0.000389422,0.00654305,1.48787,-0.00387289
2.89595,1.40053,1.53354,-0.13301,0.0298972,0.00296041,-0.000388138,0.00648033,1.49841,-0.00382046
2.90181,1.4664,1.54374,-0.0773365,0.0295176,0.00291288,-0.000386766,0.00641872,1.50905,-0.0037681
2.90767,1.56326,1.55405,0.00920465,0.029145,0.0028663,-0.000385301,0.00635819,1.51979,-0.00371582
2.91353,1.43052,1.56448,-0.133962,0.0287792,0.00282065,-0.000383742,0.00629872,1.53063,-0.00366362
2.91939,1.38316,1.57503,-0.191867,0.02842,0.00277592,-0.000382082,0.00624028,1.54158,-0.00361149
2.92526,1.61409,1.58568,0.0284099,0.0280673,0.00273209,-0.000380319,0.00618284,1.55264,-0.00355944
2.93112,1.64398,1.59646,0.0475139,0.0277208,0.00268914,-0.000378448,0.00612639,1.56381,-0.00350746
2.93698,1.55588,1.60736,-0.0514783,0.0273805,0.00264705,-0.000376463,0.00607089,1.57509,-0.00345555
2.94284,1.66896,1.61837,0.0505864,0.0270461,0.00260582,-0.00037436,0.00601632,1.58648,-0.00340372
2.94871,1.70299,1.62951,0.0734818,0.0267175,0.00256543,-0.000372135,0.00596267,1.59799,-0.00335196
2.95457,1.70172,1.64077,0.0609511,0.0263946,0.00252586,-0.000369781,0.0059099,1.60961,-0.00330028
2.96043,1.675,1.65215,0.0228505,0.0260772,0.0024871,-0.000367293,0.00585801,1.62134,-0.00324868
2.96629,1.62151,1.66366,-0.0421421,0.0257651,0.00244914,-0.000364665,0.00580696,1.6332,-0.00319715
2.97215,1.81032,1.67529,0.135026,0.0254583,0.00241197,-0.000361892,0.00575674,1.64517,-0.00314569
2.97802,1.78262,1.68705,0.0955635,0.0251566,0.00237558,-0.000358966,0.00570733,1.65727,-0.00309431
2.98388,1.67764,1.69894,-0.0213055,0.0248599,0.00233997,-0.00035588,0.0056587,1.66948,-0.003043
2.98974,1.68146,1.71097,-0.029501,0.024568,0.00230511,-0.000352629,0.00561085,1.68183,-0.00299177
2.9956,1.7605,1.72312,0.0373834,0.0242808,0.00227102,-0.000349203,0.00556376,1.69429,-0.00294061
3.00147,1.7644,1.73541,0.0289883,0.0239983,0.00223767,-0.000345596,0.0055174,1.70689,-0.00288953
3.00733,1.63898,1.74783,-0.108854,0.0237204,0.00220506,-0.000341799,0.00547177,1.71962,-0.00283852
3.01319,1.84523,1.76039,0.084839,0.0234468,0.00217318,-0.000337803,0.00542683,1.73247,-0.00278759
3.01905,1.84702,1.77309,0.0739227,0.0231775,0.00214204,-0.0003336,0.00538259,1.74546,-0.00273673
3.02491,1.97284,1.78593,0.186911,0.0229125,0.00211163,-0.000329178,0.00533902,1.75859,-0.00268595
3.03078,1.6715,1.79892,-0.127417,0.0226516,0.00208194,-0.00032453,0.00529612,1.77185,-0.00263524
3.03664,1.6269,1.81204,-0.185138,0.0223946,0.00205298,-0.000319643,0.00525385,1.78524,-0.00258461
3.0425,1.80902,1.82531,-0.0162964,0.0221417,0.00202473,-0.000314506,0.00521222,1.79878,-0.00253405
3.04836,1.79857,1.83873,-0.0401619,0.0218925,0.00199721,-0.000309109,0.00517121,1.81247,-0.00248357
3.05423,2.0422,1.8523,0.189898,0.0216471,0.0019704,-0.000303437,0.0051308,1.82629,-0.00243316
3.06009,1.90361,1.86602,0.0375887,0.0214054,0.00194432,-0.000297478,0.00509098,1.84026,-0.00238282
3.06595,1.98751,1.8799,0.107609,0.0211673,0.00191896,-0.000291218,0.00505174,1.85438,-0.00233256
3.07181,1.83021,1.89393,-0.063714,0.0209327,0.00189432,-0.000284643,0.00501307,1.86865,-0.00228238
3.07767,1.89068,1.90811,-0.0174354,0.0207015,0.00187041,-0.000277736,0.00497495,1.88307,-0.00223227
3.08354,2.02045,1.92246,0.0979937,0.0204737,0.00184724,-0.000270481,0.00493738,1.89765,-0.00218223
3.0894,2.03413,1.93696,0.0971688,0.0202493,0.0018248,-0.000262862,0.00490034,1.91238,-0.00213227
3.09526,1.93513,1.95163,-0.0165054,0.020028,0.00180311,-0.000254859,0.00486382,1.92728,-0.00208239
3.10112,1.96121,1.96647,-0.00526149,0.0198099,0.00178216,-0.000246453,0.00482781,1.94233,-0.00203258
3.10699,1.83945,1.98148,-0.142028,0.0195949,0.00176198,-0.000237624,0.00479231,1.95755,-0.00198284
3.11285,1.86859,1.99665,-0.128056,0.0193829,0.00174256,-0.000228349,0.0047573,1.97293,-0.00193318
3.11871,2.07516,2.012,0.0631588,0.0191739,0.00172392,-0.000218606,0.00472276,1.98848,-0.0018836
3.12457,1.95625,2.02752,-0.0712673,0.0189679,0.00170608,-0.000208369,0.0046887,2.0042,-0.00183408
3.13043,2.12439,2.04322,0.0811728,0.0187647,0.00168903,-0.000197614,0.0046551,2.02009,-0.00178465
3.1363,1.89414,2.0591,-0.164961,0.0185643,0.0016728,-0.000186311,0.00462196,2.03616,-0.00173529
3.14216,2.06686,2.07516,-0.00829799,0.0183666,0.0016574,-0.000174432,0.00458926,2.05241,-0.001686
3.14802,2.03179,2.09141,-0.059616,0.0181717,0.00164285,-0.000161946,0.004557,2.06883,-0.00163679
3.15388,2.26569,2.10784,0.157849,0.0179794,0.00162917,-0.000148818,0.00452516,2.08544,-0.00158765
3.15975,2.3223,2.12447,0.197835,0.0177897,0.00161637,-0.000135014,0.00449374,2.10224,-0.00153859
3.16561,2.27007,2.14128,0.128783,0.0176025,0.00160448,-0.000120496,0.00446274,2.11922,-0.0014896
3.17147,2.26071,2.1583,0.102417,0.0174179,0.00159352,-0.000105223,0.00443214,2.1364,-0.00144069
3.17733,2.21402,2.17551,0.0385159,0.0172357,0.00158351,-8.9152e-05,0.00440193,2.15377,-0.00139185
3.18319,2.32642,2.19292,0.133499,0.017056,0.00157448,-7.22375e-05,0.00437211,2.17133,-0.00134309
3.18906,2.18879,2.21054,-0.0217478,0.0168786,0.00156646,-5.44303e-05,0.00434268,2.1891,-0.0012944
3.19492,2.33871,2.22836,0.110351,0.0167036,0.00155948,-3.56777e-05,0.00431362,2.20707,-0.00124578
3.20078,2.25661,2.2464,0.0102123,0.0165308,0.00155357,-1.59237e-05,0.00428493,2.22524,-0.00119725
3.20664,2.31796,2.26465,0.0533121,0.0163604,0.00154877,4.89209e-06,0.00425659,2.24362,-0.00114878
3.21251,2.32938,2.28311,0.0462658,0.0161921,0.00154511,2.68341e-05,0.00422862,2.26222,-0.00110039
3.21837,2.45619,2.3018,0.154392,0.0160261,0.00154263,4.99717e-05,0.00420099,2.28103,-0.00105208
3.22423,2.50893,2.32071,0.188225,0.0158622,0.00154138,7.4379e-05,0.0041737,2.30006,-0.00100384
3.23009,2.49019,2.33984,0.150349,0.0157004,0.00154141,0.000100136,0.00414675,2.31931,-0.000955675
3.23596,2.4327,2.35921,0.0734881,0.0155407,0.00154276,0.000127329,0.00412013,2.33878,-0.000907585
3.24182,2.43267,2.37881,0.0538661,0.0153831,0.00154548,0.00015605,0.00409383,2.35849,-0.00085957
3.24768,2.29662,2.39865,-0.102027,0.0152275,0.00154964,0.000186399,0.00406785,2.37843,-0.00081163
3.25354,2.46688,2.41872,0.048157,0.015074,0.00155529,0.000218484,0.00404218,2.3986,-0.000763765
3.2594,2.3701,2.43905,-0.0689495,0.0149224,0.00156249,0.00025242,0.00401682,2.41901,-0.000715974
3.26527,2.43726,2.45962,-0.0223638,0.0147727,0.00157133,0.000288335,0.00399176,2.43966,-0.000668259
3.27113,2.48737,2.48044,0.0069296,0.014625,0.00158186,0.000326362,0.003967,2.46056,-0.000620618
3.27699,2.501,2.50153,-0.000523362,0.0144792,0.00159417,0.00036665,0.00394253,2.48172,-0.000573052
3.28285,2.48364,2.52287,-0.0392287,0.0143352,0.00160835,0.000409359,0.00391835,2.50312,-0.00052556
3.28872,2.37591,2.54448,-0.168572,0.0141931,0.00162449,0.000454662,0.00389445,2.52479,-0.000478144
3.29458,2.52937,2.56636,-0.0369875,0.0140529,0.00164268,0.000502748,0.00387082,2.54672,-0.000430802
3.30044,2.53234,2.58851,-0.0561635,0.0139145,0.00166303,0.000553822,0.00384747,2.56891,-0.000383535
3.3063,2.51041,2.61094,-0.100526,0.0137778,0.00168566,0.000608109,0.00382439,2.59138,-0.000336343
3.31216,2.69392,2.63365,0.060263,0.013643,0.00171068,0.000665852,0.00380157,2.61412,-0.000289226
3.31803,2.70999,2.65666,0.0533309,0.0135099,0.00173822,0.000727319,0.003779,2.63714,-0.000242184
3.32389,2.7356,2.67995,0.0556452,0.0133785,0.00176844,0.000792803,0.0037567,2.66045,-0.000195216
3.32975,2.79892,2.70354,0.0953766,0.0132489,0.00180147,0.000862625,0.00373464,2.68405,-0.000148323
3.33561,2.78982,2.72744,0.0623831,0.013121,0.00183748,0.000937135,0.00371283,2.70793,-0.000101505
3.34148,2.88967,2.75165,0.13802,0.0129947,0.00187664,0.00101672,0.00369126,2.73212,-5.47623e-05
3.34734,2.78266,2.77617,0.00648802,0.0128702,0.00191916,0.00110182,0.00366993,2.75661,-8.09394e-06
3.3532,2.74294,2.80101,-0.0580646,0.0127474,0.00196523,0.00119288,0.00364884,2.78141,3.84996e-05
3.35906,2.74545,2.82617,-0.0807265,0.0126262,0.00201507,0.00129045,0.00362798,2.80653,8.50183e-05
3.36492,2.83225,2.85167,-0.0194199,0.0125067,0.00206893,0.00139508,0.00360734,2.83196,0.000131462
3.37079,2.87891,2.8775,0.00140692,0.0123888,0.00212706,0.00150743,0.00358693,2.85772,0.000177831
3.37665,2.81811,2.90368,-0.0855692,0.0122726,0.00218976,0.00162821,0.00356674,2.8838,0.000224126
3.38251,2.98733,2.93021,0.057113,0.012158,0.00225732,0.0017582,0.00354677,2.91022,0.000270345
3.38837,3.10784,2.9571,0.15074,0.012045,0.00233008,0.0018983,0.003527,2.93698,0.00031649
3.39424,2.86749,2.98435,-0.116866,0.0119337,0.0024084,0.0020495,0.00350745,2.96409,0.00036256
3.4001,2.89643,3.01198,-0.11555,0.0118239,0.00249269,0.00221291,0.00348811,2.99155,0.000408555
3.40596,2.7973,3.03998,-0.24268,0.0117158,0.00258338,0.00238978,0.00346897,3.01937,0.000454475
3.41182,3.04785,3.06837,-0.0205229,0.0116094,0.00268093,0.00258153,0.00345003,3.04755,0.00050032
3.41768,2.98297,3.09716,-0.114194,0.0115045,0.00278588,0.00278977,0.00343129,3.0761,0.000546091
3.42355,3.21841,3.12635,0.0920565,0.0114013,0.00289879,0.00301629,0.00341274,3.10503,0.000591787
3.42941,3.2448,3.15596,0.0888427,0.0112996,0.00302028,0.00326317,0.00339439,3.13434,0.000637408
3.43527,3.26689,3.18599,0.0808964,0.0111996,0.00315106,0.00353276,0.00337622,3.16405,0.000682954
3.44113,3.27971,3.21646,0.0632563,0.0111013,0.00329187,0.00382777,0.00335824,3.19415,0.000728425
3.447,3.27506,3.24737,0.027695,0.0110045,0.00344356,0.00415129,0.00334044,3.22465,0.000773822
3.45286,3.30385,3.27873,0.0251146,0.0109095,0.00360706,0.00450691,0.00332282,3.25557,0.000819143
3.45872,3.30669,3.31057,-0.00388032,0.010816,0.00378341,0.00489876,0.00330538,3.2869,0.00086439
3.46458,3.33481,3.34289,-0.00807782,0.0107242,0.00397375,0.00533169,0.00328812,3.31866,0.000909562
3.47044,3.30359,3.3757,-0.0721153,0.0106341,0.00417936,0.00581132,0.00327103,3.35085,0.00095466
3.47631,3.44221,3.40903,0.0331845,0.0105457,0.00440167,0.00634428,0.00325411,3.38348,0.000999682
3.48217,3.52551,3.44289,0.0826221,0.010459,0.00464228,0.00693836,0.00323735,3.41657,0.00104463
3.48803,3.63443,3.47729,0.157136,0.010374,0.00490299,0.00760285,0.00322076,3.4501,0.0010895
3.49389,3.53126,3.51227,0.0189889,0.0102907,0.00518582,0.00834878,0.00320434,3.48411,0.0011343
3.49976,3.40205,3.54784,-0.145797,0.0102091,0.00549306,0.00918944,0.00318807,3.51859,0.00117902
3.50562,3.61251,3.58404,0.0284759,0.0101293,0.0058273,0.0101408,0.00317197,3.55355,0.00122367
3.51148,3.5958,3.62089,-0.0250878,0.0100514,0.00619148,0.0112225,0.00315601,3.589,0.00126825
3.51734,3.59211,3.65842,-0.0663133,0.00997517,0.00658896,0.0124584,0.00314022,3.62495,0.00131274
3.5232,3.67086,3.69669,-0.0258333,0.00990083,0.00702359,0.0138781,0.00312457,3.66141,0.00135717
3.52907,3.6203,3.73575,-0.115442,0.00982835,0.00749978,0.0155185,0.00310908,3.69839,0.00140152
3.53493,3.74206,3.77564,-0.0335867,0.00975777,0.00802262,0.0174262,0.00309373,3.7359,0.00144579
3.54079,3.89797,3.81646,0.0815067,0.0096891,0.00859804,0.0196605,0.00307853,3.77394,0.00148999
3.54665,4.04932,3.85829,0.19103,0.0096224,0.00923293,0.0222977,0.00306347,3.81254,0.00153412
3.55252,3.90961,3.90125,0.00835844,0.00955769,0.00993534,0.0254375,0.00304855,3.85169,0.00157817
3.55838,4.02614,3.94549,0.0806442,0.009495,0.0107148,0.0292122,0.00303377,3.89142,0.00162214
3.56424,4.12257,3.99122,0.13135,0.00943439,0.0115825,0.0337993,0.00301913,3.93172,0.00166604
3.5701,4.1375,4.0387,0.0987952,0.00937589,0.012552,0.0394427,0.00300462,3.97262,0.00170987
3.57596,4.01416,4.0883,-0.0741422,0.00931955,0.0136392,0.0464828,0.00299025,4.01411,0.00175362
3.58183,4.0619,4.14054,-0.0786353,0.00926541,0.0148638,0.0554068,0.00297602,4.05623,0.00179729
3.58769,4.1253,4.19616,-0.0708572,0.00921354,0.0162495,0.0669304,0.00296191,4.09897,0.00184089
3.59355,4.36954,4.2563,0.113241,0.00916397,0.0178255,0.0821362,0.00294793,4.14234,0.00188442
3.59941,4.2095,4.3227,-0.113205,0.00911677,0.0196284,0.102721,0.00293407,4.18637,0.00192787
3.60528,4.28355,4.39819,-0.114635,0.009072,0.0217038,0.131456,0.00292035,4.23107,0.00197125
3.61114,4.35413,4.48758,-0.133456,0.00902972,0.0241101,0.173086,0.00290674,4.27644,0.00201455
3.617,4.51003,4.59957,-0.0895448,0.00899001,0.0269223,0.236215,0.00289326,4.3225,0.00205778
3.62286,4.68342,4.75094,-0.0675161,0.00895292,0.030239,0.337502,0.0028799,4.36926,0.00210093
3.62872,5.00265,4.97646,0.0261813,0.00891854,0.0341912,0.511601,0.00286665,4.41674,0.00214401
3.63459,5.41277,5.3527,0.0600745,0.00888695,0.038957,0.834856,0.00285353,4.46496,0.00218701
3.64045,6.0296,6.03833,-0.00873478,0.00885823,0.0447838,1.4657,0.00284052,4.51392,0.00222994
3.64631,7.15987,7.13967,0.0201948,0.00883247,0.0520233,2.51007,0.00282762,4.56365,0.00227279
3.65217,7.57094,7.65597,-0.0850327,0.00880976,0.0611913,2.96669,0.00281484,4.61415,0.00231557
3.65804,6.75357,6.79467,-0.0410994,0.00879021,0.0730689,2.04221,0.00280217,4.66545,0.00235827
3.6639,6.01426,5.99971,0.0145559,0.00877392,0.0888868,1.1793,0.00278961,4.71756,0.0024009
3.66976,5.53839,5.60731,-0.0689229,0.00876099,0.110675,0.712162,0.00277715,4.77049,0.00244345
3.67562,5.45674,5.44517,0.0115703,0.00875155,0.141969,0.464921,0.00276481,4.82428,0.00248593
3.68149,5.37414,5.40683,-0.0326931,0.00874571,0.189329,0.324558,0.00275257,4.87892,0.00252834
3.68735,5.49185,5.4531,0.0387499,0.00874362,0.265833,0.238771,0.00274043,4.93444,0.00257067
3.69321,5.79498,5.5874,0.207581,0.0087454,0.399483,0.182965,0.0027284,4.99086,0.00261292
3.69907,6.25963,5.85874,0.400891,0.0087512,0.651636,0.144775,0.00271647,5.0482,0.0026551
3.70493,7.1018,6.35986,0.741935,0.00876117,1.12168,0.117542,0.00270464,5.10648,0.0026972
3.7108,7.3728,6.9235,0.449297,0.00877548,1.64612,0.0974569,0.00269291,5.16571,0.00273923
3.71666,6.94489,6.77676,0.168132,0.0087943,1.45435,0.0822227,0.00268128,5.22593,0.00278119
3.72252,6.25934,6.31317,-0.053838,0.0088178,0.941331,0.0703929,0.00266974,5.28714,0.00282307
3.72838,5.99382,6.07006,-0.0762373,0.00884619,0.645294,0.0610209,0.0026583,5.34937,0.00286488
3.73425,6.0613,6.00751,0.0537829,0.00887965,0.526967,0.0534672,0.00264696,5.41265,0.00290661
3.74011,5.96328,6.05723,-0.0939507,0.00891841,0.518453,0.0472875,0.00263571,5.47699,0.00294826
3.74597,6.25785,6.20487,0.0529743,0.00896269,0.605712,0.0421652,0.00262455,5.54242,0.00298984
3.75183,6.67606,6.48737,0.188687,0.00901274,0.825878,0.0378702,0.00261348,5.60896,0.00303135
3.75769,7.35289,7.01761,0.335284,0.00906879,1.29199,0.0342317,0.0026025,5.67665,0.00307278
3.76356,8.65076,7.98864,0.662119,0.00913113,2.19719,0.031121,0.00259161,5.74549,0.00311414
3.76942,9.82498,9.07038,0.754592,0.00920004,3.21148,0.0284396,0.00258081,5.81553,0.00315542
3.77528,9.18648,8.71763,0.468848,0.00927582,2.7897,0.0261109,0.0025701,5.88678,0.00319663
3.78114,7.97284,7.71372,0.259115,0.00935879,1.71521,0.0240748,0.00255947,5.95928,0.00323776
3.78701,7.18247,7.1298,0.0526662,0.0094493,1.05919,0.0222835,0.00254893,6.03305,0.00327882
3.79287,6.94171,6.8769,0.0648096,0.00954769,0.732678,0.0206987,0.00253847,6.10812,0.0033198
3.79873,6.84035,6.79957,0.0407815,0.00965436,0.580213,0.0192892,0.0025281,6.18453,0.00336071
3.80459,6.68355,6.83073,-0.147181,0.00976971,0.534715,0.0180298,0.0025178,6.26229,0.00340154
3.81045,6.93921,6.96117,-0.0219606,0.00989418,0.58697,0.0168993,0.00250759,6.34146,0.0034423
3.81632,7.20847,7.23378,-0.0253174,0.0100282,0.77985,0.0158805,0.00249746,6.42204,0.00348298
3.82218,7.74053,7.73795,0.00257918,0.0101723,1.20271,0.0149588,0.00248741,6.50409,0.00352359
3.82804,8.59115,8.30498,0.286161,0.010327,1.68685,0.014122,0.00247743,6.58764,0.00356412
3.8339,8.56455,8.15958,0.404972,0.0104929,1.45693,0.0133598,0.00246754,6.67272,0.00360458
3.83977,8.02008,7.69036,0.329716,0.0106705,0.90156,0.0126632,0.00245772,6.75936,0.00364497
3.84563,7.5665,7.43164,0.134861,0.0108604,0.555009,0.0120249,0.00244797,6.84761,0.00368527
3.85149,7.56151,7.33681,0.224698,0.0110634,0.370636,0.0114384,0.0024383,6.93751,0.00372551
3.85735,7.37611,7.32451,0.0516001,0.0112802,0.267055,0.010898,0.0024287,7.02909,0.00376567
3.86321,7.42421,7.3545,0.069708,0.0115115,0.203977,0.0103988,0.00241918,7.12239,0.00380575
3.86908,7.49679,7.40815,0.0886417,0.0117581,0.162737,0.00993684,0.00240973,7.21746,0.00384576
3.87494,7.55699,7.47634,0.0806448,0.0120211,0.134181,0.00950823,0.00240035,7.31435,0.0038857
3.8808,7.65291,7.5543,0.0986131,0.0123012,0.113483,0.00910978,0.00239104,7.41309,0.00392556
3.88666,7.58735,7.63934,-0.051984,0.0125995,0.0979255,0.00873866,0.00238181,7.51373,0.00396535
3.89253,7.82903,7.72989,0.0991374,0.0129171,0.0858825,0.00839234,0.00237264,7.61632,0.00400506
3.89839,7.93761,7.82498,0.112628,0.0132552,0.0763353,0.00806859,0.00236354,7.72091,0.00404469
3.90425,8.04925,7.924,0.125255,0.0136151,0.0686172,0.00776544,0.0023545,7.82756,0.00408425
3.91011,8.0462,8.02653,0.0196649,0.013998,0.0622764,0.00748111,0.00234554,7.93631,0.00412374
3.91597,8.1388,8.13233,0.00647806,0.0144054,0.0569971,0.00721403,0.00233664,8.04721,0.00416315
3.92184,8.26134,8.24121,0.0201313,0.014839,0.0525527,0.00696278,0.0023278,8.16033,0.00420249
3.9277,8.29914,8.35308,-0.0539429,0.0153004,0.0487773,0.00672609,0.00231904,8.27571,0.00424175
3.93356,8.47831,8.46786,0.0104437,0.0157914,0.0455464,0.00650283,0.00231033,8.39343,0.00428094
3.93942,8.37953,8.58553,-0.206,0.016314,0.0427656,0.00629195,0.00230169,8.51354,0.00432005
3.94529,8.76615,8.70608,0.0600687,0.0168704,0.0403619,0.00609253,0.00229311,8.6361,0.00435909
3.95115,8.77036,8.82951,-0.0591521,0.0174628,0.0382785,0.00590372,0.00228459,8.76118,0.00439805
3.95701,9.02538,8.95585,0.0695342,0.0180939,0.0364707,0.00572476,0.00227614,8.88885,0.00443694
3.96287,9.06723,9.08514,-0.0179103,0.0187663,0.0349028,0.00555494,0.00226774,9.01917,0.00447575
3.96873,9.44124,9.21742,0.223819,0.019483,0.0335467,0.00539362,0.00225941,9.15222,0.00451449
3.9746,9.54764,9.35274,0.194897,0.0202472,0.0323799,0.00524023,0.00225113,9.28807,0.00455315
3.98046,9.73162,9.49118,0.240442,0.0210625,0.0313847,0.00509424,0.00224292,9.4268,0.00459174
3.98632,9.91723,9.63279,0.284436,0.0219327,0.0305471,0.00495515,0.00223476,9.56849,0.00463025
3.99218,9.88322,9.77766,0.105569,0.022862,0.0298566,0.00482253,0.00222666,9.71322,0.00466869
3.99805,10.0716,9.92585,0.145716,0.023855,0.0293056,0.00469596,0.00221861,9.86107,0.00470706
4.00391,10.2014,10.0775,0.123941,0.0249169,0.0288889,0.00457505,0.00221063,10.0121,0.00474535
4.00977,10.2346,10.2326,0.00200053,0.026053,0.028604,0.00445948,0.0022027,10.1665,0.00478356
4.01563,10.4885,10.3913,0.0971168,0.0272696,0.0284505,0.0043489,0.00219482,10.3243,0.0048217
4.02149,10.696,10.5538,0.14221,0.0285733,0.0284306,0.00424303,0.002187,10.4855,0.00485977
4.02736,10.6985,10.7201,-0.0215812,0.0299715,0.0285489,0.00414159,0.00217923,10.6504,0.00489776
4.03322,10.9454,10.8903,0.0550678,0.0314725,0.0288129,0.00404432,0.00217152,10.8189,0.00493567
4.03908,11.1706,11.0646,0.105917,0.0330852,0.0292332,0.003951,0.00216386,10.9912,0.00497351
4.04494,11.3189,11.2432,0.0757343,0.0348199,0.029824,0.00386139,0.00215625,11.1675,0.00501128
4.05081,11.5046,11.426,0.0785264,0.0366876,0.0306039,0.00377529,0.0021487,11.3478,0.00504897
4.05667,11.6722,11.6134,0.0587678,0.0387008,0.0315973,0.00369253,0.00214119,11.5322,0.00508658
4.06253,11.7289,11.8055,-0.0765525,0.0408735,0.032835,0.0036129,0.00213374,11.7209,0.00512412
4.06839,11.8558,12.0024,-0.146673,0.0432212,0.0343571,0.00353627,0.00212634,11.914,0.00516159
4.07426,12.338,12.2044,0.13357,0.0457614,0.0362151,0.00346246,0.00211898,12.1117,0.00519898
4.08012,12.348,12.4117,-0.063691,0.0485138,0.038476,0.00339133,0.00211168,12.314,0.0052363
4.08598,12.5373,12.6245,-0.0872012,0.0515006,0.0412282,0.00332275,0.00210443,12.5211,0.00527354
4.09184,12.8104,12.8431,-0.032787,0.0547467,0.0445892,0.00325659,0.00209722,12.7331,0.00531071
4.0977,13.1659,13.0679,0.0979288,0.0582807,0.0487187,0.00319274,0.00209006,12.9503,0.0053478
4.10357,13.4299,13.2993,0.130589,0.0621349,0.0538371,0.00313108,0.00208295,13.1728,0.00538482
4.10943,13.7916,13.5378,0.253815,0.0663461,0.0602566,0.00307151,0.00207589,13.4006,0.00542176
4.11529,13.988,13.7841,0.203955,0.0709567,0.0684303,0.00301393,0.00206888,13.6341,0.00545863
4.12115,14.022,14.039,-0.0169398,0.0760151,0.0790382,0.00295824,0.00206191,13.8734,0.00549542
4.12702,14.3378,14.3038,0.0340021,0.0815773,0.0931379,0.00290437,0.00205498,14.1186,0.00553214
4.13288,14.6141,14.5806,0.0335079,0.0877082,0.112448,0.00285222,0.0020481,14.37,0.00556878
4.13874,14.957,14.8726,0.0844715,0.0944829,0.139906,0.00280173,0.00204127,14.6277,0.00560535
4.1446,15.2476,15.1853,0.0622866,0.10199,0.180849,0.00275281,0.00203448,14.892,0.00564185
4.15046,15.5366,15.5295,0.00707543,0.110331,0.245671,0.00270541,0.00202773,15.1631,0.00567827
4.15633,16.0386,15.9273,0.111315,0.11963,0.356152,0.00265945,0.00202103,15.4411,0.00571461
4.16219,16.4634,16.4271,0.0363172,0.130029,0.560254,0.00261488,0.00201437,15.7264,0.00575088
4.16805,17.3172,17.1225,0.194698,0.141702,0.951286,0.00257162,0.00200776,16.0191,0.00578707
4.17391,18.4364,18.0119,0.424478,0.154854,1.5271,0.00252965,0.00200118,16.3196,0.00582319
4.17978,18.794,18.4176,0.376378,0.169734,1.60952,0.00248888,0.00199465,16.628,0.00585924
4.18564,18.504,18.2378,0.266161,0.186644,1.0962,0.00244929,0.00198816,16.9446,0.00589521
4.1915,18.2899,18.2098,0.0801598,0.205957,0.723678,0.00241082,0.00198171,17.2698,0.0059311
4.19736,18.3784,18.4003,-0.0219593,0.228129,0.558124,0.00237343,0.0019753,17.6038,0.00596692
4.20322,18.7359,18.729,0.0068986,0.253732,0.518084,0.00233707,0.00196893,17.9468,0.00600267
4.20909,19.178,19.1661,0.0118875,0.283482,0.57298,0.00230171,0.00196261,18.2994,0.00603834
4.21495,19.6576,19.7327,-0.0750787,0.318295,0.742462,0.00226731,0.00195632,18.6616,0.00607394
4.22081,20.4628,20.5142,-0.0513893,0.359344,1.11062,0.00223382,0.00195007,19.034,0.00610946
4.22667,21.7272,21.6927,0.0345406,0.408159,1.85746,0.00220123,0.00194386,19.4168,0.0061449
4.23254,23.3502,23.2623,0.0879481,0.466765,2.97486,0.00216948,0.00193769,19.8104,0.00618028
4.2384,24.7501,23.867,0.883162,0.537878,3.10366,0.00213856,0.00193155,20.2152,0.00621557
4.24426,24.4543,23.2996,1.15466,0.625208,2.03256,0.00210843,0.00192546,20.6316,0.00625079
4.25012,23.6606,23.0338,0.626755,0.733931,1.2296,0.00207906,0.0019194,21.06,0.00628594
4.25598,23.4133,23.2013,0.211947,0.871422,0.818755,0.00205043,0.00191338,21.5008,0.00632101
4.26185,23.5494,23.6345,-0.0850599,1.04847,0.621095,0.00202252,0.0019074,21.9546,0.00635601
4.26771,24.0618,24.2578,-0.196016,1.28132,0.544441,0.00199528,0.00190145,22.4217,0.00639093
4.27357,24.7702,25.0715,-0.301362,1.59531,0.563178,0.00196871,0.00189554,22.9027,0.00642578
4.27943,25.5256,26.1423,-0.616683,2.03154,0.702348,0.00194278,0.00188966,23.3981,0.00646056
4.2853,26.8816,27.6217,-0.740048,2.65988,1.04315,0.00191746,0.00188383,23.9084,0.00649525
4.29116,28.8699,29.6272,-0.757243,3.60594,1.57685,0.00189275,0.00187802,24.4341,0.00652988
4.29702,31.1245,31.7179,-0.593377,5.11046,1.6213,0.0018686,0.00187225,24.9758,0.00656443
4.30288,33.3378,34.2811,-0.943312,7.66916,1.06741,0.00184502,0.00186652,25.5342,0.0065989
4.30874,37.9417,39.1361,-1.19436,12.3683,0.647615,0.00182198,0.00186082,26.1098,0.0066333
4.31461,47.6437,48.66,-1.01626,21.5241,0.42213,0.00179946,0.00185515,26.7034,0.00666762
4.32047,63.9477,65.1645,-1.21679,37.5403,0.298402,0.00177744,0.00184952,27.3155,0.00670187
4.32633,75.8037,76.1926,-0.388925,48.0105,0.224879,0.00175592,0.00184392,27.9469,0.00673605
4.33219,65.6945,63.8855,1.80905,35.099,0.177759,0.00173487,0.00183835,28.5984,0.00677015
4.33806,50.3594,49.7927,0.566689,20.3661,0.145623,0.00171428,0.00183282,29.2706,0.00680417
4.34392,41.6136,42.2696,-0.656052,12.1722,0.12259,0.00169413,0.00182732,29.9644,0.00683812
4.34978,37.5685,38.6605,-1.09202,7.86403,0.105412,0.00167442,0.00182185,30.6807,0.006872
4.35564,36.1538,36.9679,-0.814151,5.44512,0.0921804,0.00165512,0.00181641,31.4202,0.0069058
4.3615,35.7956,36.2575,-0.46192,3.98142,0.0817181,0.00163624,0.00181101,32.184,0.00693952
4.36737,35.7218,36.0935,-0.371677,3.03703,0.073263,0.00161774,0.00180564,32.9728,0.00697318
4.37323,35.9278,36.2594,-0.331672,2.39501,0.0663041,0.00159963,0.00180029,33.7877,0.00700675
4.37909,36.4323,36.6403,-0.208031,1.93967,0.0604873,0.00158189,0.00179498,34.6297,0.00704025
4.38495,37.1408,37.1712,-0.0303613,1.60532,0.0555601,0.0015645,0.0017897,35.4999,0.00707368
4.39082,37.7779,37.8137,-0.0357689,1.35266,0.0513384,0.00154747,0.00178445,36.3992,0.00710703
4.39668,38.3146,38.5442,-0.229532,1.15707,0.0476847,0.00153078,0.00177923,37.3289,0.00714031
4.40254,39.2117,39.3476,-0.135957,1.00253,0.0444947,0.00151442,0.00177404,38.2902,0.00717351
4.4084,40.1431,40.2145,-0.0713709,0.878258,0.0416876,0.00149838,0.00176888,39.2841,0.00720664
4.41426,41.2994,41.1384,0.160943,0.776789,0.0392002,0.00148265,0.00176375,40.3119,0.00723969
4.42013,42.1037,42.1154,-0.0117141,0.692829,0.0369824,0.00146723,0.00175865,41.3751,0.00727267
4.42599,43.2563,43.1428,0.113553,0.622535,0.0349937,0.0014521,0.00175358,42.4747,0.00730557
4.43185,44.3967,44.2191,0.1776,0.563065,0.0332013,0.00143726,0.00174853,43.6123,0.0073384
4.43771,45.4072,45.3436,0.0635569,0.512282,0.0315783,0.00142269,0.00174351,44.7892,0.00737115
4.44358,46.5277,46.5161,0.0116498,0.468553,0.0301024,0.0014084,0.00173853,46.0069,0.00740383
4.44944,47.8539,47.7367,0.117226,0.430612,0.028755,0.00139438,0.00173357,47.2667,0.00743643
4.4553,49.1377,49.0059,0.131752,0.397466,0.0275205,0.00138061,0.00172863,48.5703,0.00746896
4.46116,50.5778,50.3245,0.253302,0.368327,0.0263857,0.00136709,0.00172373,49.9192,0.00750142
4.46702,51.7346,51.6933,0.0412478,0.342565,0.0253392,0.00135382,0.00171885,51.3148,0.00753379
4.47289,52.9197,53.1135,-0.19376,0.319667,0.0243714,0.00134078,0.001714,52.7588,0.0075661
4.47875,54.647,54.586,0.0610031,0.299217,0.023474,0.00132798,0.00170918,54.2527,0.00759833
4.48461,56.2568,56.1123,0.144501,0.28087,0.0226397,0.00131541,0.00170438,55.7981,0.00763048
4.49047,57.7337,57.6935,0.0402646,0.264342,0.0218623,0.00130305,0.00169961,57.3966,0.00766256
4.49634,59.3574,59.3309,0.0264893,0.249396,0.0211363,0.00129091,0.00169486,59.0497,0.00769457
4.5022,61.129,61.0259,0.103088,0.23583,0.0204569,0.00127898,0.00169015,60.7589,0.0077265
4.50806,63.1598,62.7797,0.380066,0.223477,0.0198199,0.00126725,0.00168545,62.5257,0.00775835
4.51392,64.7942,64.5937,0.20051,0.212192,0.0192214,0.00125572,0.00168079,64.3515,0.00779013
4.51979,66.7242,66.4689,0.255306,0.201852,0.0186583,0.00124439,0.00167614,66.2377,0.00782184
4.52565,68.6302,68.4065,0.223629,0.192353,0.0181274,0.00123325,0.00167153,68.1853,0.00785347
4.53151,70.6416,70.4076,0.234034,0.183602,0.0176262,0.00122229,0.00166693,70.1956,0.00788503
4.53737,72.5904,72.4729,0.117506,0.175521,0.0171523,0.00121151,0.00166237,72.2694,0.00791651
4.54323,74.5939,74.603,-0.00913911,0.168042,0.0167036,0.00120091,0.00165782,74.4075,0.00794792
4.5491,76.8961,76.7985,0.0975193,0.161103,0.0162782,0.00119049,0.00165331,76.6103,0.00797925
4.55496,79.1849,79.0596,0.125346,0.154654,0.0158742,0.00118023,0.00164881,78.8782,0.0080105
4.56082,81.428,81.3861,0.0418939,0.148647,0.0154903,0.00117013,0.00164434,81.2111,0.00804169
4.56668,83.7065,83.7775,-0.0709882,0.143041,0.0151249,0.0011602,0.00163989,83.6085,0.00807279
4.57255,86.457,86.2331,0.2239,0.137801,0.0147767,0.00115043,0.00163547,86.0696,0.00810383
4.57841,89.0011,88.7514,0.249656,0.132893,0.0144446,0.0011408,0.00163107,88.5932,0.00813478
4.58427,91.4468,91.3308,0.116022,0.128291,0.0141276,0.00113133,0.00162669,91.1774,0.00816567
4.59013,94.0529,93.9687,0.0841702,0.123967,0.0138245,0.00112201,0.00162234,93.82,0.00819647
4.59599,96.9506,96.6622,0.288397,0.119899,0.0135346,0.00111282,0.00161801,96.5178,0.00822721
4.60186,99.5656,99.4075,0.158092,0.116066,0.013257,0.00110378,0.0016137,99.2672,0.00825787
4.60772,102.481,102.2,0.281195,0.11245,0.012991,0.00109488,0.00160942,102.064,0.00828845
4.61358,105.105,105.035,0.0700254,0.109035,0.0127358,0.00108611,0.00160515,104.902,0.00831896
4.61944,107.775,107.905,-0.130168,0.105804,0.0124908,0.00107747,0.00160091,107.776,0.00834939
4.62531,110.757,110.805,-0.0474046,0.102745,0.0122554,0.00106896,0.00159669,110.679,0.00837975
4.63117,113.666,113.724,-0.0580837,0.0998448,0.0120291,0.00106058,0.0015925,113.602,0.00841004
4.63703,116.776,116.656,0.11989,0.0970921,0.0118114,0.00105232,0.00158832,116.536,0.00844025
4.64289,119.706,119.588,0.1182,0.0944767,0.0116017,0.00104418,0.00158417,119.471,0.00847038
4.64875,122.591,122.511,0.0808877,0.0919892,0.0113997,0.00103616,0.00158003,122.396,0.00850044
4.65462,125.224,125.411,-0.186225,0.089621,0.0112049,0.00102825,0.00157592,125.299,0.00853043
4.66048,128.088,128.275,-0.186732,0.0873643,0.011017,0.00102046,0.00157183,128.166,0.00856034
4.66634,130.975,131.09,-0.114477,0.0852119,0.0108355,0.00101278,0.00156776,130.982,0.00859017
4.6722,133.777,133.839,-0.0625836,0.083157,0.0106603,0.0010052,0.00156371,133.734,0.00861993
4.67807,136.407,136.508,-0.101409,0.0811936,0.0104909,0.000997735,0.00155968,136.405,0.00864962
4.68393,138.975,139.079,-0.104718,0.0793161,0.0103271,0.000990372,0.00155568,138.978,0.00867923
4.68979,141.512,141.537,-0.0246674,0.0775192,0.0101686,0.000983111,0.00155169,141.438,0.00870877
4.69565,143.98,143.863,0.117468,0.0757982,0.0100151,0.000975951,0.00154772,143.766,0.00873823
4.70151,146.19,146.041,0.149396,0.0741486,0.00986652,0.000968889,0.00154377,145.945,0.00876761
4.70738,147.998,148.054,-0.0562216,0.0725663,0.00972248,0.000961922,0.00153984,147.961,0.00879693
4.71324,149.606,149.887,-0.280312,0.0710476,0.00958283,0.000955051,0.00153593,149.795,0.00882616
4.7191,151.558,151.523,0.0344972,0.0695887,0.00944736,0.000948271,0.00153204,151.433,0.00885532
4.72496,152.961,152.95,0.0108638,0.0681866,0.00931589,0.000941583,0.00152818,152.861,0.00888441
4.73083,154.206,154.155,0.0507484,0.066838,0.00918825,0.000934983,0.00152432,154.068,0.00891342
4.73669,155.003,155.127,-0.123772,0.0655402,0.00906427,0.00092847,0.00152049,155.041,0.00894236
4.74255,155.712,155.857,-0.144915,0.0642905,0.0089438,0.000922043,0.00151668,155.772,0.00897123
4.74841,156.295,156.339,-0.0440627,0.0630863,0.00882669,0.0009157,0.00151289,156.256,0.00900001
4.75427,156.454,156.569,-0.114651,0.0619254,0.00871279,0.00090944,0.00150911,156.487,0.00902873
4.76014,156.56,156.545,0.0150422,0.0608055,0.00860199,0.00090326,0.00150535,156.464,0.00905737
4.766,156.224,156.267,-0.0426017,0.0597247,0.00849415,0.00089716,0.00150162,156.187,0.00908593
4.77186,155.569,155.739,-0.170631,0.0586811,0.00838915,0.000891137,0.0014979,155.661,0.00911442
4.77772,154.827,154.967,-0.139682,0.0576728,0.00828689,0.000885191,0.00149419,154.889,0.00914283
4.78359,153.785,153.958,-0.172522,0.0566981,0.00818725,0.00087932,0.00149051,153.881,0.00917117
4.78945,152.536,152.721,-0.185016,0.0557555,0.00809015,0.000873522,0.00148684,152.646,0.00919944
4.79531,151.139,151.27,-0.130252,0.0548435,0.00799547,0.000867797,0.00148319,151.195,0.00922762
4.80117,149.539,149.616,-0.0768134,0.0539607,0.00790314,0.000862143,0.00147956,149.542,0.00925574
4.80703,147.642,147.774,-0.132531,0.0531058,0.00781306,0.000856559,0.00147595,147.702,0.00928378
4.8129,145.727,145.761,-0.0331456,0.0522775,0.00772515,0.000851043,0.00147235,145.689,0.00931174
4.81876,143.503,143.591,-0.0876373,0.0514746,0.00763934,0.000845595,0.00146878,143.52,0.00933964
4.82462,141.14,141.282,-0.142079,0.0506961,0.00755555,0.000840212,0.00146521,141.212,0.00936745
4.83048,138.747,138.85,-0.103326,0.0499409,0.0074737,0.000834895,0.00146167,138.781,0.00939519
4.83635,136.396,136.312,0.0840997,0.049208,0.00739374,0.000829641,0.00145814,136.244,0.00942286
4.84221,133.632,133.685,-0.0525681,0.0484965,0.00731559,0.00082445,0.00145463,133.617,0.00945045
4.84807,130.993,130.984,0.00902923,0.0478055,0.00723919,0.000819321,0.00145114,130.917,0.00947797
4.85393,128.254,128.224,0.0301102,0.0471341,0.00716449,0.000814252,0.00144766,128.158,0.00950541
4.85979,125.378,125.42,-0.0425447,0.0464816,0.00709143,0.000809243,0.0014442,125.355,0.00953277
4.86566,122.5,122.586,-0.0852855,0.0458472,0.00701995,0.000804292,0.00144075,122.521,0.00956007
4.87152,119.827,119.733,0.0936974,0.0452302,0.00695001,0.000799399,0.00143732,119.669,0.00958728
4.87738,116.92,116.873,0.0461758,0.0446299,0.00688155,0.000794563,0.00143391,116.81,0.00961442
4.88324,114.122,114.018,0.104655,0.0440456,0.00681452,0.000789782,0.00143051,113.955,0.00964149
4.88911,111.179,111.175,0.00322077,0.0434768,0.00674889,0.000785056,0.00142713,111.113,0.00966848
4.89497,108.345,108.355,-0.00962511,0.0429228,0.0066846,0.000780383,0.00142376,108.293,0.0096954
4.90083,105.539,105.563,-0.0235169,0.0423832,0.00662162,0.000775764,0.00142041,105.502,0.00972225
4.90669,102.734,102.807,-0.0729183,0.0418574,0.0065599,0.000771196,0.00141708,102.747,0.00974901
4.91255,100.095,100.093,0.00242329,0.0413448,0.00649942,0.00076668,0.00141376,100.033,0.00977571
4.91842,97.4607,97.4243,0.0363988,0.040845,0.00644012,0.000762214,0.00141046,97.365,0.00980233
4.92428,94.9619,94.8062,0.155716,0.0403575,0.00638198,0.000757798,0.00140717,94.7475,0.00982887
4.93014,92.254,92.2417,0.0123128,0.0398819,0.00632495,0.00075343,0.00140389,92.1834,0.00985534
4.936,89.7513,89.7334,0.0179207,0.0394179,0.00626902,0.000749111,0.00140063,89.6757,0.00988173
4.94187,87.4048,87.2835,0.121356,0.0389648,0.00621415,0.000744838,0.00139739,87.2263,0.00990805
4.94773,84.9341,84.8935,0.0405714,0.0385225,0.0061603,0.000740612,0.00139416,84.8368,0.0099343
4.95359,82.6528,82.5647,0.0881807,0.0380906,0.00610745,0.000736432,0.00139095,82.5084,0.00996047
4.95945,80.2504,80.2975,-0.0471036,0.0376686,0.00605557,0.000732297,0.00138775,80.2417,0.00998656
4.96532,78.2552,78.0925,0.162747,0.0372562,0.00600463,0.000728206,0.00138456,78.0371,0.0100126
4.97118,76.0366,75.9495,0.0870747,0.0368532,0.00595461,0.000724158,0.00138139,75.8946,0.0100385
4.97704,73.7975,73.8684,-0.0708864,0.0364592,0.00590548,0.000720154,0.00137823,73.8138,0.0100644
4.9829,71.8066,71.8485,-0.0419023,0.036074,0.00585722,0.000716192,0.00137509,71.7944,0.0100902
4.98876,69.9626,69.8892,0.0734517,0.0356972,0.0058098,0.000712271,0.00137196,69.8355,0.0101159
4.99463,68.0853,67.9896,0.0957109,0.0353286,0.00576321,0.000708392,0.00136885,67.9362,0.0101416
5.00049,66.2487,66.1486,0.100106,0.0349679,0.00571742,0.000704553,0.00136575,66.0957,0.0101671
5.00635,64.5784,64.3651,0.213327,0.0346149,0.0056724,0.000700754,0.00136266,64.3125,0.0101926
5.01221,62.8842,62.6378,0.246329,0.0342693,0.00562815,0.000696993,0.00135959,62.5857,0.010218
5.01808,61.1053,60.9655,0.13985,0.033931,0.00558464,0.000693272,0.00135653,60.9137,0.0102434
5.02394,59.6048,59.3467,0.258144,0.0335996,0.00554185,0.000689588,0.00135349,59.2952,0.0102687
5.0298,57.8445,57.78,0.0644915,0.033275,0.00549976,0.000685942,0.00135045,57.7289,0.0102939
5.03566,56.2184,56.2639,-0.045502,0.032957,0.00545836,0.000682333,0.00134743,56.2131,0.010319
5.04152,54.9389,54.797,0.141916,0.0326454,0.00541762,0.00067876,0.00134443,54.7466,0.010344
5.04739,53.2445,53.3778,-0.133364,0.03234,0.00537754,0.000675223,0.00134144,53.3277,0.010369
5.05325,52.0961,52.0049,0.0911947,0.0320406,0.00533809,0.000671721,0.00133846,51.9551,0.0103939
5.05911,50.8678,50.6767,0.191072,0.031747,0.00529927,0.000668254,0.00133549,50.6272,0.0104187
5.06497,49.5578,49.3918,0.165947,0.0314592,0.00526105,0.000664822,0.00133254,49.3427,0.0104435
5.07084,48.357,48.1489,0.208136,0.0311768,0.00522343,0.000661423,0.0013296,48.1,0.0104681
5.0767,47.1448,46.9463,0.198503,0.0308998,0.00518638,0.000658057,0.00132667,46.8978,0.0104927
5.08256,45.7705,45.7829,-0.0124018,0.030628,0.00514989,0.000654724,0.00132376,45.7346,0.0105173
5.08842,44.6147,44.6572,-0.0425087,0.0303613,0.00511396,0.000651424,0.00132085,44.6092,0.0105417
5.09428,43.5513,43.568,-0.0166853,0.0300996,0.00507857,0.000648155,0.00131796,43.5203,0.0105661
5.10015,42.4314,42.5139,-0.0825267,0.0298426,0.0050437,0.000644918,0.00131509,42.4665,0.0105904
5.10601,41.7009,41.4937,0.207182,0.0295902,0.00500934,0.000641712,0.00131222,41.4465,0.0106146
5.11187,40.6664,40.5062,0.160228,0.0293425,0.00497549,0.000638537,0.00130937,40.4593,0.0106388
5.11773,39.5883,39.5503,0.0380244,0.0290991,0.00494213,0.000635392,0.00130653,39.5036,0.0106628
5.1236,38.5844,38.6247,-0.0402815,0.0288601,0.00490925,0.000632276,0.0013037,38.5783,0.0106868
5.12946,37.5927,37.7284,-0.135704,0.0286252,0.00487685,0.00062919,0.00130088,37.6823,0.0107108
5.13532,36.7404,36.8604,-0.119967,0.0283944,0.0048449,0.000626133,0.00129808,36.8145,0.0107346
5.14118,36.0029,36.0195,-0.016669,0.0281676,0.0048134,0.000623104,0.00129529,35.9739,0.0107584
5.14704,35.2071,35.2049,0.00220902,0.0279447,0.00478234,0.000620103,0.00129251,35.1595,0.0107821
5.15291,34.3078,34.4156,-0.107783,0.0277256,0.00475171,0.00061713,0.00128974,34.3704,0.0108057
5.15877,33.4947,33.6506,-0.155887,0.0275101,0.0047215,0.000614185,0.00128698,33.6057,0.0108293
5.16463,32.7992,32.9091,-0.109926,0.0272983,0.00469171,0.000611267,0.00128424,32.8644,0.0108527
5.17049,32.1653,32.1902,-0.0248894,0.0270899,0.00466232,0.000608375,0.0012815,32.1457,0.0108762
5.17636,31.4979,31.4931,0.00481192,0.026885,0.00463332,0.000605509,0.00127878,31.4488,0.0108995
5.18222,30.9071,30.817,0.0900667,0.0266834,0.00460472,0.00060267,0.00127607,30.773,0.0109227
5.18808,30.1601,30.1612,-0.00114552,0.026485,0.00457649,0.000599856,0.00127337,30.1173,0.0109459
5.19394,29.5223,29.5249,-0.00262767,0.0262899,0.00454864,0.000597068,0.00127068,29.4812,0.010969
5.1998,28.9866,28.9074,0.0792068,0.0260978,0.00452115,0.000594304,0.001268,28.864,0.010992
5.20567,28.3329,28.3081,0.024834,0.0259088,0.00449401,0.000591565,0.00126534,28.2648,0.011015
5.21153,27.8463,27.7263,0.120014,0.0257227,0.00446723,0.00058885,0.00126268,27.6832,0.0110379
5.21739,27.2165,27.1613,0.0551597,0.0255395,0.00444079,0.00058616,0.00126004,27.1184,0.0110607
5.22325,26.7237,26.6127,0.11102,0.0253591,0.00441469,0.000583492,0.00125741,26.57,0.0110834
5.22912,26.2744,26.0797,0.194657,0.0251815,0.00438891,0.000580849,0.00125478,26.0372,0.0111061
5.23498,25.6627,25.5619,0.100793,0.0250066,0.00436346,0.000578228,0.00125217,25.5196,0.0111286
5.24084,25.086,25.0587,0.0272387,0.0248343,0.00433833,0.00057563,0.00124957,25.0166,0.0111511
5.2467,24.5846,24.5697,0.0148696,0.0246646,0.00431351,0.000573055,0.00124698,24.5277,0.0111736
5.25256,23.9132,24.0943,-0.181069,0.0244974,0.00428899,0.000570502,0.0012444,24.0525,0.0111959
5.25843,23.5301,23.632,-0.101888,0.0243326,0.00426477,0.000567971,0.00124183,23.5904,0.0112182
5.26429,23.036,23.1824,-0.146455,0.0241703,0.00424085,0.000565461,0.00123927,23.141,0.0112404
5.27015,22.9815,22.7451,0.236334,0.0240103,0.00421721,0.000562973,0.00123673,22.7039,0.0112625
5.27601,22.6008,22.3197,0.281132,0.0238526,0.00419386,0.000560506,0.00123419,22.2786,0.0112846
5.28188,21.9558,21.9057,0.0500373,0.0236972,0.00417079,0.00055806,0.00123166,21.8648,0.0113066
5.28774,21.4372,21.5028,-0.0655584,0.023544,0.00414799,0.000555635,0.00122914,21.462,0.0113285
5.2936,21.0599,21.1106,-0.0506423,0.0233929,0.00412546,0.000553229,0.00122664,21.0699,0.0113503
5.29946,20.6877,20.7287,-0.0409617,0.023244,0.00410319,0.000550844,0.00122414,20.6882,0.0113721
5.30532,20.2853,20.3568,-0.0715215,0.0230971,0.00408117,0.000548479,0.00122165,20.3165,0.0113937
5.31119,20.0453,19.9946,0.0507299,0.0229522,0.00405942,0.000546134,0.00121917,19.9544,0.0114153
5.31705,19.6295,19.6417,-0.0122929,0.0228094,0.00403791,0.000543807,0.00121671,19.6017,0.0114369
5.32291,19.3778,19.2979,0.0799058,0.0226684,0.00401664,0.0005415,0.00121425,19.258,0.0114583
5.32877,19.0641,18.9629,0.101207,0.0225294,0.00399562,0.000539212,0.0012118,18.9231,0.0114797
5.33464,18.779,18.6363,0.14273,0.0223922,0.00397484,0.000536942,0.00120936,18.5967,0.011501
5.3405,18.4384,18.3179,0.120509,0.0222569,0.00395428,0.000534691,0.00120694,18.2784,0.0115223
5.34636,18.0396,18.0075,0.0321744,0.0221233,0.00393395,0.000532458,0.00120452,17.9681,0.0115434
5.35222,17.6841,17.7047,-0.0206284,0.0219916,0.00391385,0.000530244,0.00120211,17.6655,0.0115645
5.35809,17.3346,17.4094,-0.074812,0.0218615,0.00389397,0.000528047,0.00119971,17.3703,0.0115855
5.36395,17.2267,17.1213,0.105454,0.0217331,0.00387431,0.000525867,0.00119732,17.0824,0.0116064
5.36981,16.743,16.8402,-0.0971745,0.0216063,0.00385486,0.000523705,0.00119494,16.8014,0.0116273
5.37567,16.5261,16.5658,-0.0397439,0.0214812,0.00383562,0.000521561,0.00119257,16.5272,0.0116481
5.38153,16.2556,16.2981,-0.0425123,0.0213577,0.00381658,0.000519433,0.00119021,16.2595,0.0116688
5.3874,16.1332,16.0367,0.0965158,0.0212357,0.00379775,0.000517322,0.00118785,15.9982,0.0116894
5.39326,15.9055,15.7814,0.124045,0.0211152,0.00377912,0.000515227,0.00118551,15.7431,0.01171
5.39912,15.4817,15.5322,-0.0504615,0.0209963,0.00376068,0.000513149,0.00118317,15.494,0.0117305
5.40498,15.1529,15.2887,-0.135857,0.0208788,0.00374244,0.000511087,0.00118085,15.2507,0.0117509
5.41085,15.1367,15.0509,0.0858288,0.0207628,0.00372438,0.000509042,0.00117853,15.013,0.0117712
5.41671,14.8441,14.8185,0.0255492,0.0206482,0.00370652,0.000507012,0.00117623,14.7807,0.0117915
5.42257,14.5325,14.5915,-0.0590354,0.0205349,0.00368884,0.000504998,0.00117393,14.5538,0.0118116
5.42843,14.368,14.3696,-0.00156469,0.0204231,0.00367133,0.000502999,0.00117164,14.332,0.0118318
5.43429,14.2433,14.1527,0.090577,0.0203126,0.00365401,0.000501016,0.00116936,14.1152,0.0118518
5.44016,13.8201,13.9406,-0.120538,0.0202034,0.00363686,0.000499047,0.00116708,13.9032,0.0118718
5.44602,13.5682,13.7333,-0.165055,0.0200954,0.00361989,0.000497094,0.00116482,13.696,0.0118916
5.45188,13.2472,13.5305,-0.283276,0.0199888,0.00360308,0.000495156,0.00116257,13.4933,0.0119114
5.45774,13.161,13.3322,-0.171174,0.0198834,0.00358645,0.000493232,0.00116032,13.2951,0.0119312
5.46361,13.1593,13.1382,0.0210853,0.0197792,0.00356997,0.000491322,0.00115808,13.1012,0.0119508
5.46947,13.0516,12.9484,0.103263,0.0196762,0.00355366,0.000489427,0.00115585,12.9115,0.0119704
5.47533,12.8254,12.7626,0.0627475,0.0195744,0.00353751,0.000487547,0.00115363,12.7259,0.0119899
5.48119,12.5327,12.5809,-0.0481646,0.0194738,0.00352152,0.00048568,0.00115142,12.5443,0.0120094
5.48705,12.4014,12.403,-0.00157839,0.0193743,0.00350568,0.000483827,0.00114922,12.3665,0.0120287
5.49292,12.3214,12.2289,0.0925076,0.0192759,0.00348999,0.000481988,0.00114702,12.1924,0.012048
5.49878,12.1591,12.0584,0.100726,0.0191787,0.00347446,0.000480162,0.00114484,12.022,0.0120672
5.50464,11.9893,11.8914,0.0978585,0.0190825,0.00345907,0.00047835,0.00114266,11.8552,0.0120864
5.5105,11.6822,11.7279,-0.0457341,0.0189874,0.00344383,0.000476551,0.00114049,11.6918,0.0121054
5.51637,11.4801,11.5678,-0.087707,0.0188933,0.00342873,0.000474765,0.00113832,11.5317,0.0121244
5.52223,11.405,11.4109,-0.00589674,0.0188002,0.00341378,0.000472992,0.00113617,11.375,0.0121433
5.52809,11.3379,11.2573,0.0806651,0.0187082,0.00339896,0.000471232,0.00113402,11.2214,0.0121622
5.53395,11.2857,11.1067,0.178961,0.0186171,0.00338428,0.000469485,0.00113189,11.0709,0.0121809
5.53981,10.9647,10.9592,0.00557294,0.0185271,0.00336974,0.00046775,0.00112976,10.9235,0.0121996
5.54568,10.7813,10.8145,-0.0332126,0.018438,0.00335533,0.000466028,0.00112763,10.7789,0.0122182
5.55154,10.825,10.6728,0.152211,0.0183498,0.00334106,0.000464318,0.00112552,10.6373,0.0122368
5.5574,10.7047,10.5338,0.170854,0.0182626,0.00332691,0.00046262,0.00112341,10.4984,0.0122552
5.56326,10.3958,10.3976,-0.00178707,0.0181763,0.00331289,0.000460934,0.00112131,10.3623,0.0122736
5.56913,10.2818,10.264,0.0178224,0.0180909,0.003299,0.000459261,0.00111922,10.2288,0.0122919
5.57499,10.0622,10.133,-0.0707772,0.0180063,0.00328523,0.000457599,0.00111714,10.0978,0.0123102
5.58085,9.99562,10.0045,-0.00890946,0.0179227,0.00327159,0.000455948,0.00111506,9.96943,0.0123284
5.58671,9.75446,9.87849,-0.124032,0.0178399,0.00325807,0.00045431,0.00111299,9.84348,0.0123464
5.59257,9.60513,9.75485,-0.149728,0.017758,0.00324467,0.000452682,0.00111093,9.71992,0.0123645
5.59844,9.46921,9.63355,-0.164332,0.0176768,0.00323138,0.000451067,0.00110888,9.59869,0.0123824
5.6043,9.62956,9.51451,0.11505,0.0175965,0.00321821,0.000449462,0.00110683,9.47974,0.0124003
5.61016,9.44331,9.3977,0.0456081,0.0175171,0.00320516,0.000447868,0.0011048,9.36301,0.0124181
5.61602,9.30822,9.28306,0.0251633,0.0174384,0.00319222,0.000446286,0.00110277,9.24844,0.0124358
5.62189,9.17971,9.17052,0.00918078,0.0173604,0.00317939,0.000444714,0.00110074,9.13599,0.0124534
5.62775,9.03743,9.06005,-0.0226203,0.0172833,0.00316667,0.000443153,0.00109873,9.02559,0.012471
5.63361,8.91167,8.9516,-0.0399267,0.0172069,0.00315406,0.000441603,0.00109672,8.91721,0.0124885
5.63947,9.05797,8.8451,0.212868,0.0171313,0.00314156,0.000440063,0.00109472,8.81079,0.0125059
5.64533,8.91276,8.74053,0.172227,0.0170564,0.00312916,0.000438533,0.00109272,8.70629,0.0125232
5.6512,8.60341,8.63783,-0.0344144,0.0169822,0.00311687,0.000437014,0.00109074,8.60366,0.0125405
5.65706,8.617,8.53695,0.0800432,0.0169087,0.00310468,0.000435506,0.00108876,8.50286,0.0125577
5.66292,8.54456,8.43787,0.106694,0.016836,0.00309259,0.000434007,0.00108678,8.40384,0.0125748
5.66878,8.37498,8.34052,0.0344527,0.0167639,0.00308061,0.000432518,0.00108482,8.30657,0.0125918
5.67465,8.1849,8.24489,-0.0599891,0.0166925,0.00306872,0.00043104,0.00108286,8.211,0.0126088
5.68051,8.26305,8.15091,0.112135,0.0166218,0.00305693,0.000429571,0.00108091,8.1171,0.0126257
5.68637,8.10043,8.05857,0.0418665,0.0165517,0.00304524,0.000428112,0.00107896,8.02482,0.0126425
5.69223,7.95889,7.96781,-0.00892262,0.0164823,0.00303364,0.000426663,0.00107702,7.93413,0.0126593
5.69809,7.79826,7.87861,-0.0803499,0.0164136,0.00302214,0.000425223,0.00107509,7.84499,0.0126759
5.70396,7.73726,7.79092,-0.0536658,0.0163455,0.00301073,0.000423792,0.00107317,7.75738,0.0126925
5.70982,7.752,7.70472,0.0472729,0.016278,0.00299941,0.000422371,0.00107125,7.67124,0.0127091
5.71568,7.49147,7.61998,-0.128503,0.0162111,0.00298818,0.00042096,0.00106934,7.58656,0.0127255
5.72154,7.66547,7.53665,0.128823,0.0161448,0.00297705,0.000419557,0.00106744,7.5033,0.0127419
5.72741,7.62482,7.45471,0.170111,0.0160791,0.002966,0.000418164,0.00106554,7.42142,0.0127582
5.73327,7.44839,7.37413,0.074266,0.0160141,0.00295504,0.000416779,0.00106365,7.3409,0.0127744
5.73913,7.41484,7.29488,0.119961,0.0159496,0.00294416,0.000415404,0.00106177,7.26171,0.0127905
5.74499,7.16521,7.21692,-0.0517118,0.0158856,0.00293337,0.000414037,0.00105989,7.18382,0.0128066
5.75085,6.98482,7.14024,-0.155422,0.0158223,0.00292267,0.000412679,0.00105802,7.1072,0.0128226
5.75672,7.0859,7.0648,0.0211001,0.0157595,0.00291205,0.00041133,0.00105615,7.03182,0.0128385
5.76258,6.99471,6.99058,0.00413377,0.0156972,0.00290151,0.00040999,0.0010543,6.95766,0.0128544
5.76844,6.99746,6.91755,0.0799045,0.0156355,0.00289105,0.000408658,0.00105245,6.88469,0.0128701
5.7743,6.73203,6.84569,-0.113654,0.0155744,0.00288067,0.000407334,0.0010506,6.81289,0.0128858
5.78017,6.64273,6.77497,-0.132233,0.0155137,0.00287037,0.000406019,0.00104876,6.74223,0.0129014
5.78603,6.56719,6.70536,-0.138168,0.0154536,0.00286015,0.000404712,0.00104693,6.67268,0.012917
5.79189,6.62738,6.63685,-0.00947012,0.015394,0.00285001,0.000403413,0.0010451,6.60423,0.0129325
5.79775,6.4147,6.56941,-0.154718,0.0153349,0.00283995,0.000402122,0.00104329,6.53685,0.0129479
5.80362,6.49207,6.50303,-0.0109553,0.0152763,0.00282996,0.00040084,0.00104147,6.47051,0.0129632
5.80948,6.37029,6.43767,-0.0673723,0.0152182,0.00282004,0.000399565,0.00103967,6.40521,0.0129784
5.81534,6.42856,6.37331,0.0552505,0.0151606,0.0028102,0.000398298,0.00103787,6.34091,0.0129936
5.8212,6.41996,6.30995,0.110015,0.0151035,0.00280043,0.00039704,0.00103607,6.2776,0.0130087
5.82706,6.23133,6.24754,-0.0162194,0.0150469,0.00279074,0.000395788,0.00103428,6.21525,0.0130237
5.83293,6.22418,6.18609,0.0380849,0.0149907,0.00278111,0.000394545,0.0010325,6.15385,0.0130387
5.83879,6.10402,6.12557,-0.021547,0.014935,0.00277156,0.000393309,0.00103072,6.09338,0.0130535
5.84465,5.90123,6.06595,-0.16472,0.0148797,0.00276207,0.000392081,0.00102895,6.03382,0.0130683
5.85051,5.85519,6.00722,-0.152038,0.0148249,0.00275266,0.00039086,0.00102719,5.97514,0.0130831
5.85638,5.95478,5.94937,0.00540659,0.0147706,0.00274331,0.000389647,0.00102543,5.91735,0.0130977
5.86224,5.83355,5.89238,-0.0588302,0.0147167,0.00273403,0.000388441,0.00102368,5.8604,0.0131123
5.8681,6.05857,5.83622,0.222353,0.0146632,0.00272482,0.000387242,0.00102193,5.8043,0.0131268
5.87396,5.75032,5.78089,-0.0305739,0.0146101,0.00271568,0.000386051,0.00102019,5.74902,0.0131412
5.87982,5.72842,5.72636,0.00205383,0.0145575,0.0027066,0.000384867,0.00101846,5.69454,0.0131556
5.88569,5.65846,5.67263,-0.0141676,0.0145053,0.00269758,0.00038369,0.00101673,5.64086,0.0131698
5.89155,5.6492,5.61967,0.0295289,0.0144535,0.00268863,0.000382519,0.00101501,5.58795,0.013184
5.89741,5.6212,5.56748,0.0537208,0.0144021,0.00267974,0.000381356,0.00101329,5.53581,0.0131982
5.90327,5.60801,5.51603,0.091977,0.0143511,0.00267091,0.0003802,0.00101158,5.48441,0.0132122
5.90914,5.52413,5.46532,0.0588119,0.0143005,0.00266215,0.000379051,0.00100987,5.43374,0.0132262
5.915,5.44237,5.41532,0.027045,0.0142503,0.00265344,0.000377908,0.00100817,5.38379,0.0132401
5.92086,5.40154,5.36603,0.0355142,0.0142005,0.0026448,0.000376772,0.00100648,5.33455,0.0132539
5.92672,5.25853,5.31743,-0.0588988,0.0141511,0.00263622,0.000375643,0.00100479,5.286,0.0132677
5.93258,5.36084,5.26951,0.0913319,0.0141021,0.00262769,0.00037452,0.00100311,5.23812,0.0132813
5.93845,5.39713,5.22226,0.17487,0.0140534,0.00261923,0.000373404,0.00100143,5.19092,0.0132949
5.94431,5.11129,5.17566,-0.0643749,0.0140051,0.00261082,0.000372295,0.000999758,5.14437,0.0133085
5.95017,5.17906,5.12971,0.049356,0.0139572,0.00260247,0.000371192,0.000998092,5.09846,0.0133219
5.95603,4.96128,5.08438,-0.123103,0.0139097,0.00259417,0.000370095,0.000996431,5.05318,0.0133353
5.9619,5.05567,5.03968,0.0159932,0.0138625,0.00258594,0.000369004,0.000994776,5.00852,0.0133486
5.96776,5.15688,4.99558,0.161299,0.0138156,0.00257775,0.00036792,0.000993126,4.96446,0.0133618
5.97362,4.86934,4.95208,-0.0827454,0.0137691,0.00256963,0.000366843,0.000991481,4.92101,0.013375
5.97948,4.85092,4.90917,-0.058244,0.0137229,0.00256155,0.000365771,0.000989842,4.87814,0.013388
5.98534,4.93892,4.86683,0.0720869,0.0136771,0.00255353,0.000364705,0.000988209,4.83584,0.013401
5.99121,4.87948,4.82506,0.0544281,0.0136317,0.00254557,0.000363646,0.00098658,4.79411,0.013414
5.99707,4.79279,4.78384,0.00895218,0.0135865,0.00253766,0.000362592,0.000984957,4.75294,0.0134268
6.00293,4.74033,4.74317,-0.00283329,0.0135417,0.00252979,0.000361545,0.000983339,4.71231,0.0134396
6.00879,4.65178,4.70303,-0.0512515,0.0134972,0.00252199,0.000360503,0.000981727,4.67222,0.0134523
6.01466,4.71521,4.66342,0.0517873,0.013453,0.00251423,0.000359468,0.000980119,4.63265,0.0134649
6.02052,4.59484,4.62433,-0.0294911,0.0134092,0.00250652,0.000358438,0.000978517,4.5936,0.0134775
6.02638,4.76477,4.58575,0.17902,0.0133657,0.00249886,0.000357414,0.00097692,4.55506,0.01349
6.03224,4.61408,4.54766,0.0664169,0.0133224,0.00249125,0.000356395,0.000975329,4.51701,0.0135024
6.0381,4.51445,4.51007,0.00437929,0.0132795,0.0024837,0.000355383,0.000973742,4.47946,0.0135147
6.04397,4.55057,4.47296,0.0776059,0.0132369,0.00247619,0.000354376,0.000972161,4.44239,0.013527
6.04983,4.45962,4.43632,0.0232949,0.0131946,0.00246872,0.000353374,0.000970584,4.4058,0.0135391
6.05569,4.53114,4.40015,0.130985,0.0131526,0.00246131,0.000352378,0.000969013,4.36967,0.0135512
6.06155,4.37126,4.36444,0.00681486,0.0131109,0.00245394,0.000351388,0.000967446,4.334,0.0135633
6.06742,4.2013,4.32918,-0.127887,0.0130695,0.00244662,0.000350403,0.000965885,4.29877,0.0135752
6.07328,4.21603,4.29437,-0.0783327,0.0130283,0.00243935,0.000349423,0.000964329,4.264,0.0135871
6.07914,4.13591,4.25998,-0.124068,0.0129875,0.00243212,0.000348449,0.000962777,4.22965,0.0135989
6.085,4.16777,4.22603,-0.0582565,0.0129469,0.00242493,0.00034748,0.000961231,4.19574,0.0136106
6.09086,4.27678,4.1925,0.0842784,0.0129066,0.0024178,0.000346517,0.00095969,4.16224,0.0136223
6.09673,4.15927,4.15938,-0.000110384,0.0128666,0.0024107,0.000345558,0.000958153,4.12916,0.0136339
6.10259,4.13179,4.12667,0.00512274,0.0128269,0.00240365,0.000344605,0.000956621,4.09649,0.0136454
6.10845,4.09294,4.09436,-0.00142123,0.0127874,0.00239665,0.000343657,0.000955094,4.06422,0.0136568
6.11431,4.11405,4.06244,0.0516097,0.0127482,0.00238968,0.000342714,0.000953572,4.03234,0.0136682
6.12018,3.86403,4.03092,-0.166891,0.0127093,0.00238276,0.000341776,0.000952055,4.00085,0.0136795
6.12604,3.98291,3.99977,-0.0168612,0.0126706,0.00237589,0.000340843,0.000950543,3.96974,0.0136907
6.1319,4.01113,3.969,0.0421318,0.0126322,0.00236905,0.000339915,0.000949035,3.93901,0.0137018
6.13776,3.97363,3.9386,0.0350309,0.012594,0.00236226,0.000338993,0.000947532,3.90864,0.0137129
6.14362,3.87103,3.90856,-0.0375335,0.0125561,0.0023555,0.000338075,0.000946034,3.87864,0.0137238
6.14949,3.86596,3.87888,-0.0129206,0.0125184,0.00234879,0.000337162,0.00094454,3.849,0.0137347
6.15535,3.80547,3.84955,-0.0440866,0.012481,0.00234212,0.000336253,0.000943051,3.8197,0.0137456
6.16121,3.83126,3.82057,0.0106858,0.0124439,0.00233549,0.00033535,0.000941567,3.79076,0.0137563
6.16707,3.77714,3.79193,-0.014785,0.012407,0.00232889,0.000334451,0.000940087,3.76215,0.013767
6.17294,3.92841,3.76362,0.164785,0.0123703,0.00232234,0.000333557,0.000938612,3.73388,0.0137776
6.1788,3.78539,3.73565,0.0497444,0.0123338,0.00231583,0.000332668,0.000937142,3.70594,0.0137882
6.18466,3.66673,3.708,-0.0412652,0.0122976,0.00230935,0.000331783,0.000935676,3.67833,0.0137986
6.19052,3.71593,3.68067,0.0352597,0.0122617,0.00230292,0.000330903,0.000934215,3.65103,0.013809
6.19638,3.63098,3.65365,-0.0226745,0.0122259,0.00229652,0.000330028,0.000932758,3.62405,0.0138193
6.20225,3.63928,3.62695,0.0123319,0.0121904,0.00229015,0.000329157,0.000931306,3.59738,0.0138296
6.20811,3.50512,3.60055,-0.0954306,0.0121551,0.00228383,0.00032829,0.000929858,3.57101,0.0138397
6.21397,3.59075,3.57445,0.016298,0.0121201,0.00227754,0.000327428,0.000928415,3.54495,0.0138498
6.21983,3.57917,3.54865,0.0305223,0.0120852,0.00227129,0.000326571,0.000926976,3.51918,0.0138598
6.2257,3.60723,3.52314,0.0840894,0.0120506,0.00226508,0.000325718,0.000925541,3.4937,0.0138697
6.23156,3.47634,3.49792,-0.0215818,0.0120162,0.0022589,0.000324869,0.000924111,3.46851,0.0138796
6.23742,3.33277,3.47298,-0.140214,0.011982,0.00225276,0.000324025,0.000922685,3.44361,0.0138894
6.24328,3.50597,3.44832,0.05765,0.011948,0.00224665,0.000323185,0.000921264,3.41898,0.0138991
6.24915,3.43041,3.42393,0.00647614,0.0119143,0.00224057,0.000322349,0.000919847,3.39463,0.0139087
6.25501,3.31095,3.39982,-0.0888622,0.0118807,0.00223454,0.000321517,0.000918434,3.37054,0.0139183
6.26087,3.34061,3.37597,-0.0353571,0.0118474,0.00222853,0.00032069,0.000917026,3.34673,0.0139278
6.26673,3.46792,3.35238,0.115536,0.0118142,0.00222256,0.000319867,0.000915622,3.32317,0.0139372
6.27259,3.43835,3.32905,0.109293,0.0117813,0.00221662,0.000319048,0.000914222,3.29988,0.0139465
6.27846,3.30834,3.30598,0.00235746,0.0117486,0.00221072,0.000318233,0.000912826,3.27684,0.0139558
6.28432,3.22494,3.28316,-0.0582186,0.011716,0.00220485,0.000317422,0.000911435,3.25404,0.013965
6.29018,3.29694,3.26059,0.0363578,0.0116837,0.00219902,0.000316615,0.000910048,3.2315,0.0139741
6.29604,3.37464,3.23826,0.136383,0.0116515,0.00219321,0.000315813,0.000908665,3.2092,0.0139831
6.30191,3.20604,3.21617,-0.0101266,0.0116196,0.00218744,0.000315014,0.000907286,3.18714,0.0139921
6.30777,3.10924,3.19431,-0.0850687,0.0115878,0.0021817,0.000314219,0.000905911,3.16532,0.014001
6.31363,3.24969,3.17269,0.077,0.0115562,0.00217599,0.000313428,0.00090454,3.14373,0.0140098
6.31949,3.24954,3.15131,0.0982326,0.0115249,0.00217031,0.000312641,0.000903174,3.12238,0.0140185
6.32535,3.21522,3.13014,0.0850805,0.0114937,0.00216467,0.000311858,0.000901812,3.10124,0.0140272
6.33122,3.13103,3.1092,0.0218253,0.0114627,0.00215905,0.000311079,0.000900453,3.08034,0.0140358
6.33708,3.02757,3.08849,-0.0609181,0.0114318,0.00215347,0.000310304,0.000899099,3.05965,0.0140443
6.34294,2.97794,3.06799,-0.0900457,0.0114012,0.00214791,0.000309532,0.000897749,3.03918,0.0140527
6.3488,3.17711,3.0477,0.129406,0.0113707,0.00214239,0.000308764,0.000896403,3.01892,0.0140611
6.35467,2.86803,3.02763,-0.159591,0.0113404,0.0021369,0.000308,0.00089506,2.99888,0.0140694
6.36053,3.02131,3.00776,0.0135519,0.0113103,0.00213143,0.00030724,0.000893722,2.97904,0.0140776
6.36639,2.90023,2.9881,-0.0878668,0.0112804,0.002126,0.000306483,0.000892388,2.95941,0.0140857
6.37225,3.0357,2.96864,0.0670641,0.0112506,0.00212059,0.00030573,0.000891058,2.93998,0.0140938
6.37811,2.84162,2.94938,-0.107766,0.011221,0.00211522,0.000304981,0.000889731,2.92075,0.0141018
6.38398,2.99591,2.93032,0.0655851,0.0111916,0.00210987,0.000304235,0.000888409,2.90172,0.0141097
6.38984,2.90595,2.91145,-0.0055088,0.0111623,0.00210455,0.000303493,0.00088709,2.88288,0.0141176
6.3957,3.01416,2.89278,0.121378,0.0111333,0.00209926,0.000302754,0.000885776,2.86423,0.0141253
6.40156,2.82924,2.87429,-0.0450517,0.0111043,0.00209399,0.000302019,0.000884465,2.84578,0.014133
6.40743,2.99995,2.85599,0.143952,0.0110756,0.00208876,0.000301288,0.000883158,2.8275,0.0141406
6.41329,2.81892,2.83788,-0.0189556,0.011047,0.00208355,0.00030056,0.000881855,2.80942,0.0141482
6.41915,2.78673,2.81994,-0.033218,0.0110186,0.00207837,0.000299835,0.000880556,2.79151,0.0141556
6.42501,2.88605,2.80219,0.0838629,0.0109903,0.00207322,0.000299114,0.00087926,2.77378,0.014163
6.43087,2.65146,2.78461,-0.13315,0.0109622,0.00206809,0.000298396,0.000877968,2.75623,0.0141703
6.43674,2.94575,2.76721,0.178541,0.0109342,0.00206299,0.000297682,0.00087668,2.73886,0.0141776
6.4426,2.7062,2.74998,-0.0437798,0.0109064,0.00205792,0.000296971,0.000875396,2.72165,0.0141848
6.44846,2.7398,2.73291,0.00688411,0.0108787,0.00205287,0.000296263,0.000874116,2.70462,0.0141918
6.45432,2.67037,2.71602,-0.0456491,0.0108512,0.00204785,0.000295558,0.000872839,2.68775,0.0141989
6.46019,2.61292,2.69929,-0.0863751,0.0108239,0.00204285,0.000294857,0.000871566,2.67105,0.0142058
6.46605,2.57769,2.68272,-0.105029,0.0107967,0.00203788,0.00029416,0.000870296,2.65451,0.0142127
6.47191,2.71075,2.66632,0.0444327,0.0107697,0.00203294,0.000293465,0.000869031,2.63813,0.0142195
6.47777,2.60497,2.65007,-0.0451036,0.0107428,0.00202802,0.000292774,0.000867768,2.62192,0.0142262
6.48363,2.62067,2.63398,-0.0133145,0.010716,0.00202312,0.000292085,0.00086651,2.60585,0.0142328
6.4895,2.65412,2.61805,0.0360748,0.0106894,0.00201825,0.0002914,0.000865255,2.58995,0.0142394
6.49536,2.56158,2.60227,-0.0406884,0.0106629,0.00201341,0.000290719,0.000864004,2.57419,0.0142459
6.50122,2.4737,2.58664,-0.112932,0.0106366,0.00200859,0.00029004,0.000862756,2.55859,0.0142523
6.50708,2.58585,2.57115,0.0146946,0.0106104,0.00200379,0.000289364,0.000861512,2.54313,0.0142587
6.51295,2.48541,2.55582,-0.0704102,0.0105844,0.00199902,0.000288692,0.000860272,2.52782,0.0142649
6.51881,2.55271,2.54063,0.0120829,0.0105585,0.00199427,0.000288023,0.000859035,2.51266,0.0142711
6.52467,2.40847,2.52558,-0.11711,0.0105327,0.00198954,0.000287356,0.000857801,2.49764,0.0142772
6.53053,2.54336,2.51068,0.0326855,0.0105071,0.00198484,0.000286693,0.000856571,2.48276,0.0142833
6.53639,2.56833,2.49591,0.0724187,0.0104816,0.00198016,0.000286033,0.000855345,2.46802,0.0142893
6.54226,2.51921,2.48128,0.0379306,0.0104563,0.00197551,0.000285375,0.000854122,2.45342,0.0142952
6.54812,2.53075,2.46679,0.0639605,0.010431,0.00197088,0.000284721,0.000852902,2.43895,0.014301
6.55398,2.42534,2.45243,-0.0270922,0.0104059,0.00196627,0.00028407,0.000851686,2.42462,0.0143067
6.55984,2.32903,2.43821,-0.109183,0.010381,0.00196168,0.000283421,0.000850474,2.41042,0.0143124
6.56571,2.47533,2.42411,0.0512187,0.0103562,0.00195712,0.000282776,0.000849265,2.39635,0.014318
6.57157,2.45251,2.41015,0.0423557,0.0103314,0.00195257,0.000282133,0.000848059,2.38241,0.0143235
6.57743,2.47645,2.39631,0.080135,0.0103069,0.00194805,0.000281493,0.000846857,2.3686,0.014329
6.58329,2.39722,2.3826,0.0146166,0.0102824,0.00194355,0.000280857,0.000845658,2.35492,0.0143343
6.58915,2.34888,2.36902,-0.0201356,0.0102581,0.00193908,0.000280223,0.000844462,2.34136,0.0143396
6.59502,2.2222,2.35556,-0.133359,0.0102339,0.00193462,0.000279591,0.00084327,2.32792,0.0143448
6.60088,2.27247,2.34222,-0.0697524,0.0102098,0.00193019,0.000278963,0.000842081,2.31461,0.01435
6.60674,2.35439,2.329,0.0253961,0.0101859,0.00192578,0.000278337,0.000840895,2.30141,0.0143551
6.6126,2.28722,2.3159,-0.0286769,0.0101621,0.00192139,0.000277714,0.000839713,2.28834,0.0143601
6.61847,2.36867,2.30291,0.0657598,0.0101384,0.00191702,0.000277094,0.000838534,2.27538,0.014365
6.62433,2.35989,2.29005,0.069845,0.0101148,0.00191267,0.000276477,0.000837358,2.26253,0.0143698
6.63019,2.2421,2.27729,-0.0351902,0.0100913,0.00190834,0.000275862,0.000836186,2.24981,0.0143746
6.63605,2.46977,2.26465,0.205121,0.010068,0.00190403,0.00027525,0.000835017,2.23719,0.0143793
6.64191,2.33858,2.25212,0.0864546,0.0100447,0.00189974,0.000274641,0.000833851,2.22469,0.0143839
6.64778,2.36422,2.23971,0.124516,0.0100216,0.00189548,0.000274034,0.000832688,2.21229,0.0143885
6.65364,2.24796,2.2274,0.0205656,0.00999861,0.00189123,0.00027343,0.000831528,2.20001,0.014393
6.6595,2.13081,2.2152,-0.0843871,0.00997573,0.001887,0.000272828,0.000830372,2.18783,0.0143974
6.66536,2.20048,2.2031,-0.00262154,0.00995295,0.00188279,0.00027223,0.000829219,2.17576,0.0144017
6.67123,2.11725,2.19111,-0.0738679,0.00993029,0.00187861,0.000271633,0.000828069,2.1638,0.0144059
6.67709,2.17829,2.17923,-0.00093934,0.00990775,0.00187444,0.00027104,0.000826922,2.15194,0.0144101
6.68295,2.25788,2.16745,0.0904344,0.00988531,0.00187029,0.000270449,0.000825779,2.14018,0.0144142
6.68881,2.2093,2.15577,0.0535373,0.00986298,0.00186616,0.00026986,0.000824638,2.12853,0.0144182
6.69468,2.22088,2.14419,0.0766896,0.00984076,0.00186205,0.000269274,0.000823501,2.11697,0.0144222
6.70054,2.18964,2.13271,0.0569312,0.00981865,0.00185796,0.00026869,0.000822367,2.10551,0.0144261
6.7064,2.13737,2.12133,0.0160445,0.00979665,0.00185388,0.000268109,0.000821236,2.09416,0.0144299
6.71226,2.20308,2.11004,0.0930379,0.00977475,0.00184983,0.000267531,0.000820108,2.0829,0.0144336
6.71812,2.06052,2.09885,-0.0383277,0.00975296,0.00184579,0.000266955,0.000818983,2.07173,0.0144372
6.72399,2.30413,2.08776,0.216368,0.00973128,0.00184177,0.000266381,0.000817861,2.06066,0.0144408
6.72985,1.99493,2.07676,-0.0818294,0.0097097,0.00183777,0.00026581,0.000816742,2.04968,0.0144443
6.73571,2.31406,2.06585,0.248207,0.00968822,0.00183379,0.000265241,0.000815626,2.0388,0.0144477
6.74157,2.22921,2.05503,0.174179,0.00966685,0.00182983,0.000264675,0.000814513,2.02801,0.0144511
6.74744,2.15038,2.04431,0.106074,0.00964557,0.00182589,0.000264111,0.000813403,2.0173,0.0144544
6.7533,2.17207,2.03367,0.138396,0.0096244,0.00182196,0.000263549,0.000812297,2.00669,0.0144576
6.75916,2.1699,2.02312,0.146775,0.00960333,0.00181805,0.00026299,0.000811193,1.99617,0.0144607
6.76502,2.04894,2.01266,0.0362732,0.00958236,0.00181416,0.000262433,0.000810092,1.98573,0.0144637
6.77088,2.02453,2.00229,0.0222373,0.00956148,0.00181028,0.000261878,0.000808994,1.97538,0.0144667
6.77675,2.03574,1.992,0.0437406,0.00954071,0.00180642,0.000261326,0.000807899,1.96512,0.0144696
6.78261,2.02458,1.9818,0.0427833,0.00952003,0.00180258,0.000260776,0.000806807,1.95494,0.0144725
6.78847,1.77317,1.97168,-0.198515,0.00949945,0.00179876,0.000260228,0.000805718,1.94484,0.0144752
6.79433,2.11698,1.96165,0.155332,0.00947897,0.00179495,0.000259682,0.000804632,1.93483,0.0144779
6.8002,1.99861,1.95169,0.0469182,0.00945858,0.00179116,0.000259139,0.000803549,1.9249,0.0144805
6.80606,1.93673,1.94182,-0.0050824,0.00943828,0.00178739,0.000258598,0.000802469,1.91505,0.014483
6.81192,2.10844,1.93202,0.176413,0.00941808,0.00178363,0.000258059,0.000801391,1.90528,0.0144855
6.81778,2.08283,1.92231,0.160517,0.00939797,0.00177989,0.000257523,0.000800317,1.89559,0.0144879
6.82364,1.86639,1.91267,-0.0462852,0.00937796,0.00177617,0.000256988,0.000799245,1.88597,0.0144902
6.82951,1.71763,1.90312,-0.185484,0.00935804,0.00177246,0.000256456,0.000798176,1.87644,0.0144924
6.83537,1.79407,1.89363,-0.0995641,0.0093382,0.00176877,0.000255926,0.00079711,1.86698,0.0144945
6.84123,1.58907,1.88423,-0.295162,0.00931846,0.0017651,0.000255398,0.000796047,1.8576,0.0144966
6.84709,1.79872,1.8749,-0.0761805,0.00929881,0.00176144,0.000254873,0.000794987,1.84829,0.0144986
6.85296,1.71137,1.86564,-0.15427,0.00927925,0.00175779,0.000254349,0.000793929,1.83905,0.0145006
6.85882,1.90255,1.85646,0.0460949,0.00925978,0.00175417,0.000253828,0.000792874,1.82989,0.0145024
6.86468,1.82365,1.84735,-0.0236964,0.00924039,0.00175055,0.000253308,0.000791822,1.82081,0.0145042
6.87054,1.9261,1.83831,0.0877886,0.00922109,0.00174696,0.000252791,0.000790773,1.81179,0.0145059
6.8764,1.79145,1.82934,-0.0378844,0.00920188,0.00174338,0.000252276,0.000789727,1.80284,0.0145075
6.88227,1.65224,1.82044,-0.168205,0.00918276,0.00173981,0.000251763,0.000788683,1.79397,0.0145091
6.88813,1.81686,1.81161,0.0052488,0.00916372,0.00173626,0.000251252,0.000787642,1.78516,0.0145106
6.89399,1.85339,1.80285,0.0505363,0.00914476,0.00173272,0.000250743,0.000786604,1.77643,0.014512
6.89985,1.86179,1.79416,0.0676233,0.00912589,0.0017292,0.000250236,0.000785568,1.76776,0.0145133
6.90572,1.66865,1.78554,-0.116891,0.0091071,0.0017257,0.000249731,0.000784535,1.75916,0.0145146
6.91158,1.68977,1.77698,-0.0872128,0.0090884,0.00172221,0.000249228,0.000783505,1.75062,0.0145157
6.91744,1.87867,1.76849,0.110175,0.00906978,0.00171873,0.000248727,0.000782478,1.74216,0.0145169
6.9233,1.80723,1.76007,0.0471598,0.00905124,0.00171527,0.000248228,0.000781453,1.73375,0.0145179
6.92916,1.652,1.7517,-0.0997062,0.00903278,0.00171182,0.000247731,0.000780431,1.72541,0.0145188
6.93503,1.708,1.74341,-0.0354081,0.00901441,0.00170839,0.000247236,0.000779412,1.71714,0.0145197
6.94089,1.78071,1.73517,0.0455324,0.00899611,0.00170497,0.000246743,0.000778395,1.70893,0.0145205
6.94675,1.78646,1.727,0.0594572,0.00897789,0.00170157,0.000246252,0.000777381,1.70078,0.0145213
6.95261,1.5412,1.71889,-0.17769,0.00895976,0.00169818,0.000245763,0.000776369,1.69269,0.0145219
6.95848,1.89164,1.71085,0.180795,0.0089417,0.0016948,0.000245276,0.00077536,1.68467,0.0145225
6.96434,1.62599,1.70286,-0.0768685,0.00892372,0.00169144,0.000244791,0.000774354,1.6767,0.014523
6.9702,1.63216,1.69493,-0.0627717,0.00890581,0.00168809,0.000244307,0.00077335,1.6688,0.0145235
6.97606,1.54149,1.68706,-0.145575,0.00888799,0.00168476,0.000243826,0.000772349,1.66095,0.0145238
6.98192,1.73385,1.67925,0.0545928,0.00887024,0.00168144,0.000243346,0.00077135,1.65316,0.0145241
6.98779,1.59539,1.6715,-0.0761119,0.00885257,0.00167813,0.000242868,0.000770354,1.64544,0.0145243
6.99365,1.54375,1.66381,-0.120058,0.00883497,0.00167484,0.000242392,0.000769361,1.63777,0.0145244
6.99951,1.65078,1.65618,-0.00539651,0.00881745,0.00167156,0.000241918,0.00076837,1.63015,0.0145245
7.00537,1.52533,1.6486,-0.123267,0.0088,0.00166829,0.000241446,0.000767382,1.62259,0.0145245
7.01124,1.55633,1.64107,-0.0847472,0.00878262,0.00166504,0.000240975,0.000766396,1.61509,0.0145244
7.0171,1.69983,1.63361,0.0662266,0.00876532,0.0016618,0.000240506,0.000765412,1.60765,0.0145242
7.02296,1.57674,1.62619,-0.0494575,0.0087481,0.00165857,0.00024004,0.000764432,1.60026,0.014524
7.02882,1.47392,1.61883,-0.144913,0.00873094,0.00165535,0.000239575,0.000763453,1.59292,0.0145237
7.03468,1.69093,1.61153,0.0793966,0.00871386,0.00165215,0.000239111,0.000762477,1.58564,0.0145233
7.04055,1.61334,1.60428,0.0090655,0.00869685,0.00164897,0.00023865,0.000761504,1.57841,0.0145228
7.04641,1.70044,1.59708,0.103365,0.00867991,0.00164579,0.00023819,0.000760533,1.57123,0.0145223
7.05227,1.56718,1.58993,-0.022756,0.00866304,0.00164263,0.000237732,0.000759565,1.56411,0.0145217
7.05813,1.68868,1.58284,0.105843,0.00864624,0.00163948,0.000237276,0.000758599,1.55703,0.014521
7.064,1.65412,1.57579,0.0783296,0.00862951,0.00163634,0.000236821,0.000757635,1.55001,0.0145202
7.06986,1.71341,1.5688,0.144609,0.00861285,0.00163321,0.000236368,0.000756674,1.54304,0.0145194
7.07572,1.49324,1.56186,-0.0686179,0.00859626,0.0016301,0.000235917,0.000755715,1.53612,0.0145185
7.08158,1.66556,1.55496,0.110593,0.00857974,0.001627,0.000235468,0.000754759,1.52925,0.0145175
7.08745,1.68644,1.54812,0.138323,0.00856328,0.00162391,0.00023502,0.000753805,1.52243,0.0145164
7.09331,1.60662,1.54132,0.0652935,0.0085469,0.00162084,0.000234574,0.000752854,1.51565,0.0145153
7.09917,1.4611,1.53458,-0.0734743,0.00853058,0.00161777,0.00023413,0.000751904,1.50893,0.0145141
7.10503,1.5955,1.52788,0.0676229,0.00851432,0.00161472,0.000233687,0.000750958,1.50225,0.0145128
7.11089,1.36292,1.52123,-0.158309,0.00849814,0.00161168,0.000233246,0.000750013,1.49562,0.0145114
7.11676,1.4263,1.51462,-0.0883207,0.00848201,0.00160865,0.000232806,0.000749071,1.48904,0.01451
7.12262,1.33502,1.50806,-0.173041,0.00846596,0.00160564,0.000232369,0.000748132,1.4825,0.0145085
7.12848,1.4958,1.50155,-0.00575435,0.00844997,0.00160263,0.000231932,0.000747194,1.47601,0.0145069
7.13434,1.51528,1.49508,0.0201943,0.00843404,0.00159964,0.000231498,0.000746259,1.46957,0.0145052
7.14021,1.51012,1.48866,0.0214576,0.00841818,0.00159666,0.000231065,0.000745327,1.46317,0.0145035
7.14607,1.606,1.48228,0.123715,0.00840238,0.00159369,0.000230634,0.000744396,1.45681,0.0145017
7.15193,1.51664,1.47595,0.0406901,0.00838664,0.00159073,0.000230204,0.000743468,1.4505,0.0144998
7.15779,1.33977,1.46966,-0.129889,0.00837097,0.00158779,0.000229776,0.000742543,1.44423,0.0144978
7.16365,1.59962,1.46341,0.136202,0.00835536,0.00158485,0.000229349,0.000741619,1.43801,0.0144958
7.16952,1.58664,1.45721,0.129428,0.00833982,0.00158193,0.000228924,0.000740698,1.43183,0.0144937
7.17538,1.50061,1.45105,0.0495578,0.00832433,0.00157901,0.000228501,0.000739779,1.42569,0.0144915
7.18124,1.56044,1.44493,0.11551,0.00830891,0.00157611,0.000228079,0.000738862,1.41959,0.0144893
7.1871,1.45421,1.43886,0.0153537,0.00829354,0.00157322,0.000227658,0.000737948,1.41354,0.0144869
7.19297,1.38621,1.43282,-0.0466104,0.00827824,0.00157034,0.000227239,0.000737036,1.40753,0.0144845
7.19883,1.4387,1.42683,0.0118722,0.008263,0.00156747,0.000226822,0.000736126,1.40155,0.014482
7.20469,1.52765,1.42088,0.106777,0.00824781,0.00156462,0.000226406,0.000735218,1.39562,0.0144795
7.21055,1.29243,1.41496,-0.122535,0.00823269,0.00156177,0.000225992,0.000734313,1.38973,0.0144768
7.21641,1.44395,1.40909,0.0348573,0.00821763,0.00155893,0.000225579,0.00073341,1.38388,0.0144741
7.22228,1.43067,1.40326,0.0274134,0.00820262,0.00155611,0.000225168,0.000732509,1.37807,0.0144713
7.22814,1.53785,1.39746,0.140388,0.00818768,0.00155329,0.000224758,0.00073161,1.3723,0.0144685
7.234,1.47543,1.39171,0.0837255,0.00817279,0.00155049,0.00022435,0.000730713,1.36657,0.0144656
7.23986,1.38362,1.38599,-0.00237377,0.00815796,0.00154769,0.000223943,0.000729819,1.36087,0.0144626
7.24573,1.23103,1.38031,-0.149281,0.00814318,0.00154491,0.000223537,0.000728927,1.35521,0.0144595
7.25159,1.37816,1.37467,0.00348175,0.00812847,0.00154214,0.000223133,0.000728037,1.3496,0.0144563
7.25745,1.33312,1.36907,-0.0359514,0.00811381,0.00153937,0.000222731,0.000727149,1.34401,0.0144531
7.26331,1.28724,1.3635,-0.076269,0.0080992,0.00153662,0.00022233,0.000726263,1.33847,0.0144498
7.26917,1.36654,1.35797,0.00856254,0.00808466,0.00153388,0.00022193,0.000725379,1.33296,0.0144464
7.27504,1.43547,1.35248,0.0829907,0.00807016,0.00153115,0.000221532,0.000724498,1.32749,0.0144429
7.2809,1.24525,1.34703,-0.101773,0.00805573,0.00152842,0.000221135,0.000723618,1.32206,0.0144394
7.28676,1.19268,1.3416,-0.148927,0.00804135,0.00152571,0.00022074,0.000722741,1.31666,0.0144358
7.29262,1.34352,1.33622,0.00729653,0.00802702,0.00152301,0.000220346,0.000721866,1.31129,0.0144321
7.29849,1.38788,1.33087,0.0570144,0.00801275,0.00152032,0.000219953,0.000720993,1.30597,0.0144284
7.30435,1.2676,1.32555,-0.0579506,0.00799853,0.00151763,0.000219562,0.000720122,1.30067,0.0144245
7.31021,1.33332,1.32027,0.0130488,0.00798436,0.00151496,0.000219172,0.000719253,1.29541,0.0144206
7.31607,1.26713,1.31503,-0.0478937,0.00797025,0.0015123,0.000218783,0.000718386,1.29019,0.0144166
7.32193,1.22863,1.30981,-0.0811783,0.00795619,0.00150965,0.000218396,0.000717522,1.285,0.0144126
7.3278,1.24682,1.30463,-0.0578127,0.00794219,0.001507,0.00021801,0.000716659,1.27984,0.0144085
7.33366,1.30806,1.29949,0.00857252,0.00792823,0.00150437,0.000217626,0.000715798,1.27472,0.0144043
7.33952,1.42188,1.29438,0.1275,0.00791433,0.00150174,0.000217243,0.00071494,1.26963,0.0144
7.34538,1.27694,1.2893,-0.0123587,0.00790048,0.00149913,0.000216861,0.000714084,1.26457,0.0143956
7.35125,1.27687,1.28425,-0.00738079,0.00788669,0.00149652,0.000216481,0.000713229,1.25954,0.0143912
7.35711,1.24681,1.27923,-0.0324243,0.00787294,0.00149393,0.000216101,0.000712377,1.25455,0.0143867
7.36297,1.24064,1.27425,-0.033609,0.00785924,0.00149134,0.000215724,0.000711526,1.24959,0.0143821
7.36883,1.36911,1.2693,0.0998177,0.0078456,0.00148876,0.000215347,0.000710678,1.24466,0.0143775
7.37469,1.50741,1.26438,0.243038,0.007832,0.00148619,0.000214972,0.000709832,1.23976,0.0143727
7.38056,1.39774,1.25949,0.138254,0.00781846,0.00148363,0.000214598,0.000708987,1.23489,0.0143679
7.38642,1.28257,1.25463,0.0279467,0.00780496,0.00148108,0.000214225,0.000708145,1.23006,0.0143631
7.39228,1.39549,1.2498,0.145694,0.00779152,0.00147854,0.000213854,0.000707305,1.22525,0.0143581
7.39814,1.31347,1.245,0.0684631,0.00777812,0.00147601,0.000213484,0.000706466,1.22048,0.0143531
7.40401,1.25819,1.24023,0.0179514,0.00776477,0.00147349,0.000213115,0.00070563,1.21573,0.014348
7.40987,1.16916,1.2355,-0.0663336,0.00775148,0.00147097,0.000212748,0.000704795,1.21101,0.0143428
7.41573,1.37928,1.23079,0.148487,0.00773823,0.00146847,0.000212381,0.000703963,1.20633,0.0143375
7.42159,1.13488,1.22611,-0.0912255,0.00772502,0.00146597,0.000212016,0.000703132,1.20167,0.0143322
7.42745,1.39606,1.22146,0.174603,0.00771187,0.00146349,0.000211652,0.000702304,1.19704,0.0143268
7.43332,1.22113,1.21684,0.00429421,0.00769876,0.00146101,0.00021129,0.000701477,1.19244,0.0143213
7.43918,1.14441,1.21224,-0.067835,0.0076857,0.00145854,0.000210928,0.000700653,1.18787,0.0143158
7.44504,1.36113,1.20768,0.153446,0.00767269,0.00145607,0.000210568,0.00069983,1.18333,0.0143102
7.4509,1.0797,1.20314,-0.12344,0.00765972,0.00145362,0.000210209,0.000699009,1.17882,0.0143045
7.45677,0.916624,1.19863,-0.282011,0.0076468,0.00145118,0.000209852,0.00069819,1.17433,0.0142987
7.46263,1.16661,1.19415,-0.0275388,0.00763393,0.00144874,0.000209495,0.000697373,1.16987,0.0142928
7.46849,1.23287,1.1897,0.0431667,0.0076211,0.00144631,0.00020914,0.000696558,1.16544,0.0142869
7.47435,1.43779,1.18527,0.252514,0.00760832,0.00144389,0.000208786,0.000695745,1.16104,0.0142809
7.48021,1.09761,1.18087,-0.0832616,0.00759559,0.00144148,0.000208433,0.000694933,1.15666,0.0142748
7.48608,0.999711,1.1765,-0.176789,0.0075829,0.00143908,0.000208081,0.000694124,1.15231,0.0142687
7.49194,1.10157,1.17215,-0.0705843,0.00757025,0.00143669,0.000207731,0.000693316,1.14798,0.0142625
7.4978,1.30019,1.16783,0.132353,0.00755765,0.0014343,0.000207381,0.000692511,1.14369,0.0142562
7.50366,1.14962,1.16354,-0.0139191,0.00754509,0.00143192,0.000207033,0.000691707,1.13941,0.0142498
7.50953,1.19339,1.15927,0.034116,0.00753258,0.00142955,0.000206686,0.000690905,1.13517,0.0142433
7.51539,1.31624,1.15503,0.161215,0.00752011,0.00142719,0.00020634,0.000690105,1.13095,0.0142368
7.52125,1.26593,1.15081,0.115118,0.00750768,0.00142484,0.000205995,0.000689306,1.12675,0.0142302
7.52711,1.20942,1.14662,0.0627992,0.0074953,0.00142249,0.000205652,0.00068851,1.12258,0.0142236
7.53298,1.12207,1.14245,-0.0203838,0.00748296,0.00142016,0.000205309,0.000687715,1.11844,0.0142168
7.53884,0.980585,1.13831,-0.157722,0.00747067,0.00141783,0.000204968,0.000686922,1.11432,0.01421
7.5447,1.1071,1.13419,-0.027092,0.00745842,0.0014155,0.000204628,0.000686131,1.11022,0.0142031
7.55056,1.13705,1.13009,0.00695693,0.00744621,0.00141319,0.000204288,0.000685342,1.10615,0.0141961
7.55642,1.04029,1.12603,-0.0857341,0.00743404,0.00141088,0.00020395,0.000684555,1.1021,0.0141891
7.56229,1.05855,1.12198,-0.0634252,0.00742191,0.00140859,0.000203613,0.000683769,1.09808,0.0141819
7.56815,1.09741,1.11796,-0.0205496,0.00740983,0.0014063,0.000203278,0.000682985,1.09408,0.0141747
7.57401,1.08918,1.11396,-0.0247779,0.00739779,0.00140401,0.000202943,0.000682203,1.0901,0.0141675
7.57987,0.978884,1.10998,-0.1311,0.00738578,0.00140174,0.000202609,0.000681423,1.08615,0.0141601
7.58574,0.945149,1.10603,-0.160884,0.00737383,0.00139947,0.000202277,0.000680645,1.08222,0.0141527
7.5916,0.994944,1.1021,-0.10716,0.00736191,0.00139721,0.000201945,0.000679868,1.07832,0.0141452
7.59746,1.06891,1.0982,-0.0292852,0.00735003,0.00139496,0.000201615,0.000679093,1.07443,0.0141376
7.60332,1.05693,1.09431,-0.0373888,0.00733819,0.00139271,0.000201286,0.00067832,1.07057,0.01413
7.60918,1.03956,1.09045,-0.0508949,0.00732639,0.00139048,0.000200957,0.000677548,1.06674,0.0141223
7.61505,0.947562,1.08662,-0.139054,0.00731464,0.00138825,0.00020063,0.000676779,1.06292,0.0141145
7.62091,0.984106,1.0828,-0.0986932,0.00730292,0.00138602,0.000200304,0.000676011,1.05913,0.0141066
7.62677,0.987753,1.079,-0.0912522,0.00729124,0.00138381,0.000199979,0.000675245,1.05536,0.0140987
7.63263,1.04642,1.07523,-0.0288164,0.0072796,0.0013816,0.000199655,0.00067448,1.05161,0.0140906
7.6385,1.01241,1.07148,-0.0590734,0.007268,0.0013794,0.000199332,0.000673717,1.04788,0.0140825
7.64436,0.980288,1.06775,-0.0874632,0.00725644,0.0013772,0.00019901,0.000672956,1.04417,0.0140744
7.65022,1.0156,1.06404,-0.0484474,0.00724492,0.00137502,0.000198689,0.000672197,1.04049,0.0140661
7.65608,1.0107,1.06036,-0.0496585,0.00723344,0.00137284,0.000198369,0.000671439,1.03682,0.0140578
7.66194,1.19384,1.05669,0.137147,0.007222,0.00137067,0.00019805,0.000670683,1.03318,0.0140494
7.66781,1.23462,1.05304,0.181577,0.00721059,0.0013685,0.000197733,0.000669929,1.02956,0.014041
7.67367,1.10704,1.04942,0.0576232,0.00719922,0.00136634,0.000197416,0.000669177,1.02595,0.0140324
7.67953,1.00406,1.04581,-0.041758,0.00718789,0.00136419,0.0001971,0.000668426,1.02237,0.0140238
7.68539,0.976377,1.04223,-0.0658538,0.0071766,0.00136205,0.000196785,0.000667677,1.01881,0.0140151
7.69126,1.03433,1.03867,-0.00433879,0.00716534,0.00135991,0.000196471,0.000666929,1.01527,0.0140063
7.69712,0.944845,1.03512,-0.0902771,0.00715413,0.00135778,0.000196158,0.000666183,1.01175,0.0139975
7.70298,0.953683,1.0316,-0.0779145,0.00714295,0.00135566,0.000195846,0.000665439,1.00825,0.0139886
7.70884,0.98321,1.02809,-0.0448833,0.0071318,0.00135354,0.000195535,0.000664696,1.00477,0.0139796
7.7147,0.884243,1.02461,-0.140365,0.0071207,0.00135143,0.000195226,0.000663956,1.00131,0.0139705
7.72057,1.10763,1.02114,0.0864891,0.00710962,0.00134933,0.000194917,0.000663216,0.997864,0.0139614
7.72643,0.99663,1.0177,-0.0210663,0.00709859,0.00134723,0.000194609,0.000662479,0.994441,0.0139522
7.73229,1.08155,1.01427,0.0672768,0.00708759,0.00134514,0.000194302,0.000661743,0.991037,0.0139429
7.73815,0.929443,1.01086,-0.0814171,0.00707663,0.00134306,0.000193996,0.000661008,0.987652,0.0139335
7.74402,0.845977,1.00747,-0.161494,0.0070657,0.00134099,0.00019369,0.000660276,0.984286,0.0139241
7.74988,0.790224,1.0041,-0.213875,0.00705481,0.00133892,0.000193386,0.000659544,0.980938,0.0139145
7.75574,0.80118,1.00075,-0.199567,0.00704396,0.00133685,0.000193083,0.000658815,0.977609,0.0139049
7.7616,0.8976,0.997412,-0.0998128,0.00703314,0.0013348,0.000192781,0.000658087,0.974298,0.0138953
7.76746,0.882627,0.994096,-0.111469,0.00702235,0.00133275,0.00019248,0.000657361,0.971006,0.0138855
7.77333,1.0804,0.990799,0.0896031,0.0070116,0.0013307,0.000192179,0.000656636,0.967732,0.0138757
7.77919,0.974192,0.987519,-0.0133264,0.00700088,0.00132867,0.00019188,0.000655913,0.964475,0.0138658
7.78505,1.21986,0.984256,0.235606,0.0069902,0.00132664,0.000191581,0.000655191,0.961237,0.0138559
7.79091,0.911964,0.981012,-0.0690479,0.00697955,0.00132461,0.000191284,0.000654471,0.958016,0.0138458
7.79678,0.962482,0.977785,-0.015303,0.00696894,0.00132259,0.000190987,0.000653753,0.954813,0.0138357
7.80264,1.04207,0.974576,0.0674959,0.00695836,0.00132058,0.000190691,0.000653036,0.951627,0.0138255
7.8085,1.11028,0.971383,0.138898,0.00694782,0.00131858,0.000190396,0.000652321,0.948459,0.0138153
7.81436,0.92034,0.968208,-0.0478685,0.00693731,0.00131658,0.000190102,0.000651607,0.945308,0.0138049
7.82022,1.20219,0.96505,0.237142,0.00692683,0.00131459,0.000189809,0.000650895,0.942174,0.0137945
7.82609,0.931803,0.961909,-0.0301066,0.00691638,0.0013126,0.000189517,0.000650184,0.939056,0.013784
7.83195,1.00066,0.958785,0.0418719,0.00690597,0.00131062,0.000189226,0.000649475,0.935956,0.0137735
7.83781,0.738957,0.955677,-0.216721,0.00689559,0.00130865,0.000188935,0.000648768,0.932872,0.0137628
7.84367,0.87021,0.952586,-0.0823758,0.00688525,0.00130668,0.000188646,0.000648062,0.929805,0.0137521
7.84954,0.87522,0.949511,-0.0742916,0.00687493,0.00130472,0.000188357,0.000647357,0.926755,0.0137413
7.8554,0.83921,0.946453,-0.107243,0.00686465,0.00130276,0.000188069,0.000646654,0.92372,0.0137305
7.86126,1.0388,0.943411,0.0953922,0.0068544,0.00130081,0.000187782,0.000645953,0.920702,0.0137195
7.86712,1.06247,0.940384,0.12209,0.00684419,0.00129887,0.000187496,0.000645253,0.9177,0.0137085
7.87298,1.10851,0.937374,0.171136,0.006834,0.00129693,0.000187211,0.000644555,0.914714,0.0136974
7.87885,0.97011,0.93438,0.0357305,0.00682385,0.001295,0.000186927,0.000643858,0.911744,0.0136863
7.88471,0.925782,0.931401,-0.00561896,0.00681373,0.00129307,0.000186643,0.000643162,0.908789,0.013675
7.89057,0.818373,0.928438,-0.110065,0.00680364,0.00129115,0.000186361,0.000642468,0.905851,0.0136637
7.89643,1.00491,0.92549,0.0794232,0.00679358,0.00128924,0.000186079,0.000641776,0.902927,0.0136523
7.9023,0.885374,0.922558,-0.0371844,0.00678356,0.00128733,0.000185798,0.000641085,0.900019,0.0136409
7.90816,0.914131,0.919641,-0.00551023,0.00677356,0.00128543,0.000185518,0.000640395,0.897127,0.0136293
7.91402,0.841515,0.916739,-0.0752242,0.0067636,0.00128353,0.000185239,0.000639708,0.894249,0.0136177
7.91988,1.06527,0.913852,0.15142,0.00675366,0.00128164,0.000184961,0.000639021,0.891387,0.013606
7.92574,0.812872,0.91098,-0.0981087,0.00674376,0.00127975,0.000184683,0.000638336,0.88854,0.0135943
7.93161,0.806918,0.908123,-0.101206,0.00673389,0.00127787,0.000184406,0.000637652,0.885707,0.0135824
7.93747,0.938238,0.905281,0.0329568,0.00672404,0.001276,0.00018413,0.00063697,0.882889,0.0135705
7.94333,0.989668,0.902453,0.0872148,0.00671423,0.00127413,0.000183855,0.00063629,0.880086,0.0135585
7.94919,0.90654,0.89964,0.00689956,0.00670445,0.00127227,0.000183581,0.00063561,0.877298,0.0135465
7.95506,0.832894,0.896841,-0.0639475,0.0066947,0.00127041,0.000183307,0.000634933,0.874524,0.0135343
7.96092,0.914179,0.894057,0.020122,0.00668498,0.00126856,0.000183035,0.000634256,0.871764,0.0135221
7.96678,0.827686,0.891287,-0.0636004,0.00667528,0.00126671,0.000182763,0.000633581,0.869018,0.0135099
7.97264,0.824404,0.88853,-0.0641263,0.00666562,0.00126487,0.000182492,0.000632908,0.866287,0.0134975
7.97851,0.662949,0.885788,-0.22284,0.00665599,0.00126304,0.000182222,0.000632236,0.86357,0.0134851
7.98437,0.743728,0.88306,-0.139332,0.00664638,0.00126121,0.000181952,0.000631565,0.860866,0.0134726
7.99023,0.523332,0.880346,-0.357014,0.00663681,0.00125939,0.000181683,0.000630896,0.858177,0.01346
7.99609,0.91221,0.877645,0.0345652,0.00662726,0.00125757,0.000181416,0.000630228,0.855501,0.0134473
8.00195,0.753416,0.874958,-0.121542,0.00661774,0.00125575,0.000181148,0.000629562,0.852839,0.0134346
8.00782,0.798202,0.872284,-0.0740817,0.00660825,0.00125395,0.000180882,0.000628897,0.85019,0.0134218
8.01368,0.834027,0.869624,-0.035597,0.00659879,0.00125214,0.000180617,0.000628233,0.847555,0.0134089
8.01954,0.837999,0.866977,-0.0289777,0.00658936,0.00125035,0.000180352,0.000627571,0.844934,0.0133959
8.0254,0.806111,0.864344,-0.0582326,0.00657995,0.00124856,0.000180088,0.00062691,0.842325,0.0133829
8.03127,0.875179,0.861723,0.0134563,0.00657058,0.00124677,0.000179825,0.000626251,0.83973,0.0133698
8.03713,0.682998,0.859116,-0.176118,0.00656123,0.00124499,0.000179562,0.000625592,0.837148,0.0133566
8.04299,0.894404,0.856521,0.0378825,0.00655191,0.00124321,0.0001793,0.000624936,0.834579,0.0133434
8.04885,0.975153,0.85394,0.121213,0.00654262,0.00124144,0.000179039,0.00062428,0.832022,0.01333
8.05471,0.944502,0.851371,0.0931305,0.00653335,0.00123968,0.000178779,0.000623626,0.829479,0.0133166
8.06058,0.954537,0.848815,0.105722,0.00652412,0.00123791,0.00017852,0.000622974,0.826948,0.0133031
8.06644,0.857889,0.846272,0.0116179,0.00651491,0.00123616,0.000178261,0.000622323,0.82443,0.0132896
8.0723,0.574843,0.843741,-0.268898,0.00650572,0.00123441,0.000178003,0.000621673,0.821925,0.0132759
8.07816,0.74327,0.841222,-0.0979519,0.00649657,0.00123266,0.000177746,0.000621024,0.819432,0.0132622
8.08403,1.11564,0.838716,0.276922,0.00648744,0.00123092,0.000177489,0.000620377,0.816951,0.0132485
8.08989,0.893631,0.836222,0.0574086,0.00647834,0.00122919,0.000177234,0.000619731,0.814483,0.0132346
8.09575,0.819417,0.833741,-0.0143233,0.00646926,0.00122746,0.000176978,0.000619087,0.812027,0.0132207
8.10161,0.719578,0.831271,-0.111693,0.00646022,0.00122573,0.000176724,0.000618444,0.809583,0.0132067
8.10747,0.971851,0.828813,0.143037,0.00645119,0.00122401,0.000176471,0.000617802,0.807151,0.0131926
8.11334,0.701296,0.826368,-0.125072,0.0064422,0.0012223,0.000176218,0.000617161,0.804732,0.0131784
8.1192,0.753821,0.823934,-0.0701137,0.00643323,0.00122059,0.000175966,0.000616522,0.802324,0.0131642
8.12506,0.793415,0.821512,-0.0280974,0.00642429,0.00121888,0.000175714,0.000615884,0.799928,0.0131499
8.13092,0.867934,0.819102,0.0488319,0.00641537,0.00121718,0.000175463,0.000615248,0.797543,0.0131355
8.13679,0.835543,0.816703,0.01884,0.00640648,0.00121549,0.000175213,0.000614612,0.795171,0.0131211
8.14265,0.665966,0.814316,-0.14835,0.00639761,0.0012138,0.000174964,0.000613978,0.79281,0.0131065
8.14851,0.821431,0.811941,0.0094898,0.00638877,0.00121211,0.000174716,0.000613346,0.79046,0.0130919
8.15437,0.726177,0.809577,-0.0834001,0.00637996,0.00121043,0.000174468,0.000612714,0.788122,0.0130773
8.16023,0.755037,0.807224,-0.0521871,0.00637117,0.00120875,0.00017422,0.000612084,0.785795,0.0130625
8.1661,0.725463,0.804882,-0.0794188,0.00636241,0.00120708,0.000173974,0.000611456,0.78348,0.0130477
8.17196,0.685815,0.802552,-0.116737,0.00635367,0.00120541,0.000173728,0.000610828,0.781175,0.0130328
8.17782,0.843594,0.800232,0.0433614,0.00634496,0.00120375,0.000173483,0.000610202,0.778882,0.0130178
8.18368,0.968428,0.797924,0.170504,0.00633627,0.00120209,0.000173239,0.000609577,0.7766,0.0130028
8.18955,0.942229,0.795627,0.146603,0.00632761,0.00120044,0.000172995,0.000608953,0.774329,0.0129876
8.19541,0.94748,0.79334,0.15414,0.00631897,0.00119879,0.000172752,0.000608331,0.772069,0.0129724
8.20127,0.878871,0.791064,0.0878064,0.00631035,0.00119715,0.000172509,0.00060771,0.769819,0.0129571
8.20713,0.71506,0.788799,-0.0737389,0.00630176,0.00119551,0.000172268,0.00060709,0.767581,0.0129418
8.21299,0.695007,0.786545,-0.091538,0.0062932,0.00119388,0.000172027,0.000606471,0.765353,0.0129264
8.21886,0.79421,0.784301,0.00990923,0.00628466,0.00119225,0.000171786,0.000605854,0.763136,0.0129109
8.22472,0.787711,0.782068,0.00564307,0.00627614,0.00119062,0.000171547,0.000605238,0.760929,0.0128953
8.23058,0.821286,0.779845,0.0414412,0.00626765,0.001189,0.000171308,0.000604623,0.758733,0.0128796
8.23644,0.832929,0.777633,0.0552964,0.00625918,0.00118739,0.000171069,0.00060401,0.756547,0.0128639
8.24231,0.775639,0.775431,0.000208888,0.00625074,0.00118578,0.000170831,0.000603397,0.754372,0.0128481
8.24817,0.683243,0.773239,-0.0899953,0.00624232,0.00118417,0.000170594,0.000602786,0.752207,0.0128322
8.25403,0.781445,0.771057,0.0103881,0.00623392,0.00118257,0.000170358,0.000602176,0.750052,0.0128163
8.25989,0.713075,0.768886,-0.055811,0.00622555,0.00118097,0.000170122,0.000601568,0.747907,0.0128003
8.26575,0.75004,0.766724,-0.0166839,0.0062172,0.00117937,0.000169887,0.00060096,0.745772,0.0127842
8.27162,0.909524,0.764573,0.144951,0.00620887,0.00117779,0.000169653,0.000600354,0.743648,0.012768
8.27748,0.886424,0.762431,0.123993,0.00620057,0.0011762,0.000169419,0.000599749,0.741533,0.0127517
8.28334,0.868263,0.760299,0.107964,0.00619229,0.00117462,0.000169186,0.000599145,0.739429,0.0127354
8.2892,0.619107,0.758177,-0.13907,0.00618403,0.00117304,0.000168953,0.000598542,0.737334,0.012719
8.29507,0.660015,0.756065,-0.0960505,0.0061758,0.00117147,0.000168721,0.000597941,0.735249,0.0127025
8.30093,0.632896,0.753962,-0.121067,0.00616759,0.0011699,0.00016849,0.000597341,0.733173,0.012686
8.30679,0.727604,0.75187,-0.0242654,0.0061594,0.00116834,0.000168259,0.000596742,0.731107,0.0126694
8.31265,0.884877,0.749786,0.135091,0.00615123,0.00116678,0.000168029,0.000596144,0.729051,0.0126527
8.31851,0.689048,0.747712,-0.058664,0.00614309,0.00116523,0.0001678,0.000595548,0.727005,0.0126359
8.32438,0.728291,0.745648,-0.0173567,0.00613497,0.00116368,0.000167571,0.000594952,0.724967,0.0126191
8.33024,0.80516,0.743593,0.0615676,0.00612687,0.00116213,0.000167343,0.000594358,0.72294,0.0126021
8.3361,0.854653,0.741547,0.113106,0.0061188,0.00116059,0.000167115,0.000593765,0.720921,0.0125851
8.34196,0.83064,0.73951,0.0911299,0.00611074,0.00115905,0.000166888,0.000593173,0.718912,0.0125681
8.34783,0.641972,0.737483,-0.0955106,0.00610271,0.00115752,0.000166662,0.000592582,0.716912,0.0125509
8.35369,0.66869,0.735464,-0.066774,0.0060947,0.00115599,0.000166436,0.000591993,0.714922,0.0125337
8.35955,0.621815,0.733455,-0.11164,0.00608672,0.00115446,0.000166211,0.000591405,0.71294,0.0125164
8.36541,0.796705,0.731455,0.06525,0.00607875,0.00115294,0.000165987,0.000590817,0.710968,0.012499
8.37128,0.782248,0.729464,0.0527845,0.00607081,0.00115142,0.000165763,0.000590231,0.709004,0.0124816
8.37714,0.580981,0.727482,-0.146501,0.00606288,0.00114991,0.000165539,0.000589647,0.707049,0.0124641
8.383,0.733204,0.725508,0.00769615,0.00605498,0.0011484,0.000165317,0.000589063,0.705104,0.0124465
8.38886,0.594372,0.723543,-0.129171,0.0060471,0.0011469,0.000165095,0.00058848,0.703167,0.0124288
8.39472,0.782388,0.721587,0.060801,0.00603925,0.0011454,0.000164873,0.000587899,0.701239,0.0124111
8.40059,0.958423,0.71964,0.238783,0.00603141,0.0011439,0.000164652,0.000587319,0.69932,0.0123932
8.40645,0.97271,0.717701,0.255009,0.00602359,0.00114241,0.000164432,0.000586739,0.697409,0.0123753
8.41231,0.749874,0.715771,0.034103,0.0060158,0.00114092,0.000164212,0.000586161,0.695507,0.0123574
8.41817,0.645324,0.71385,-0.0685254,0.00600803,0.00113943,0.000163993,0.000585585,0.693613,0.0123393
8.42404,0.609087,0.711937,-0.102849,0.00600027,0.00113795,0.000163774,0.000585009,0.691728,0.0123212
8.4299,0.633619,0.710032,-0.0764131,0.00599254,0.00113648,0.000163556,0.000584434,0.689852,0.012303
8.43576,0.861271,0.708136,0.153135,0.00598483,0.001135,0.000163339,0.000583861,0.687984,0.0122847
8.44162,0.880617,0.706248,0.17437,0.00597714,0.00113353,0.000163122,0.000583288,0.686124,0.0122664
8.44748,0.644157,0.704368,-0.0602109,0.00596947,0.00113207,0.000162906,0.000582717,0.684273,0.012248
8.45335,0.652025,0.702496,-0.0504713,0.00596182,0.00113061,0.00016269,0.000582147,0.682429,0.0122295
8.45921,0.614052,0.700633,-0.086581,0.00595419,0.00112915,0.000162475,0.000581578,0.680594,0.0122109
8.46507,0.797384,0.698777,0.0986064,0.00594659,0.0011277,0.00016226,0.00058101,0.678768,0.0121923
8.47093,0.76289,0.69693,0.0659596,0.005939,0.00112625,0.000162046,0.000580443,0.676949,0.0121736
8.4768,0.888897,0.695091,0.193806,0.00593143,0.0011248,0.000161833,0.000579878,0.675138,0.0121548
8.48266,0.734642,0.69326,0.0413822,0.00592388,0.00112336,0.00016162,0.000579313,0.673336,0.0121359
8.48852,0.758547,0.691436,0.0671106,0.00591635,0.00112192,0.000161407,0.00057875,0.671541,0.012117
8.49438,0.732127,0.689621,0.042506,0.00590885,0.00112049,0.000161196,0.000578187,0.669754,0.0120979
8.50024,0.831011,0.687813,0.143198,0.00590136,0.00111905,0.000160984,0.000577626,0.667975,0.0120788
8.50611,0.802527,0.686013,0.116513,0.00589389,0.00111763,0.000160774,0.000577066,0.666204,0.0120597
8.51197,0.639358,0.684221,-0.0448628,0.00588644,0.0011162,0.000160563,0.000576506,0.664441,0.0120404
8.51783,0.645118,0.682436,-0.0373187,0.00587901,0.00111478,0.000160354,0.000575948,0.662685,0.0120211
8.52369,0.595696,0.680659,-0.0849632,0.0058716,0.00111337,0.000160145,0.000575391,0.660937,0.0120017
8.52956,0.538526,0.67889,-0.140364,0.00586421,0.00111196,0.000159936,0.000574835,0.659197,0.0119823
8.53542,0.747429,0.677128,0.0703009,0.00585684,0.00111055,0.000159728,0.000574281,0.657464,0.0119627
8.54128,0.658499,0.675374,-0.0168749,0.00584949,0.00110914,0.000159521,0.000573727,0.655739,0.0119431
8.54714,0.698972,0.673627,0.0253452,0.00584216,0.00110774,0.000159314,0.000573174,0.654021,0.0119234
8.553,0.716752,0.671888,0.0448643,0.00583484,0.00110634,0.000159108,0.000572622,0.652311,0.0119036
8.55887,0.780113,0.670156,0.109957,0.00582755,0.00110495,0.000158902,0.000572072,0.650608,0.0118838
8.56473,0.848647,0.668431,0.180217,0.00582027,0.00110356,0.000158696,0.000571522,0.648913,0.0118639
8.57059,0.729658,0.666713,0.062945,0.00581302,0.00110217,0.000158492,0.000570974,0.647225,0.0118439
8.57645,0.598421,0.665003,-0.0665821,0.00580578,0.00110079,0.000158287,0.000570426,0.645544,0.0118238
8.58232,0.674059,0.6633,0.0107593,0.00579856,0.00109941,0.000158084,0.00056988,0.64387,0.0118037
8.58818,0.757178,0.661604,0.0955745,0.00579136,0.00109803,0.00015788,0.000569334,0.642204,0.0117835
8.59404,0.694484,0.659915,0.0345691,0.00578418,0.00109666,0.000157678,0.00056879,0.640544,0.0117632
8.5999,0.526982,0.658233,-0.131251,0.00577701,0.00109529,0.000157475,0.000568247,0.638892,0.0117428
8.60576,0.511034,0.656558,-0.145524,0.00576987,0.00109392,0.000157274,0.000567704,0.637247,0.0117224
8.61163,0.684538,0.65489,0.0296474,0.00576274,0.00109256,0.000157073,0.000567163,0.635609,0.0117019
8.61749,0.622552,0.653229,-0.0306768,0.00575563,0.0010912,0.000156872,0.000566623,0.633978,0.0116813
8.62335,0.6113,0.651575,-0.0402757,0.00574854,0.00108985,0.000156672,0.000566084,0.632354,0.0116606
8.62921,0.449903,0.649928,-0.200025,0.00574147,0.00108849,0.000156472,0.000565546,0.630736,0.0116399
8.63508,0.550403,0.648288,-0.097885,0.00573442,0.00108715,0.000156273,0.000565008,0.629126,0.0116191
8.64094,0.691308,0.646654,0.0446541,0.00572738,0.0010858,0.000156074,0.000564472,0.627522,0.0115982
8.6468,0.732683,0.645027,0.0876563,0.00572037,0.00108446,0.000155876,0.000563937,0.625925,0.0115772
8.65266,0.509671,0.643407,-0.133736,0.00571337,0.00108312,0.000155679,0.000563403,0.624335,0.0115562
8.65852,0.624522,0.641793,-0.0172712,0.00570638,0.00108179,0.000155482,0.00056287,0.622752,0.0115351
8.66439,0.634795,0.640186,-0.00539132,0.00569942,0.00108045,0.000155285,0.000562338,0.621175,0.0115139
8.67025,0.597138,0.638586,-0.0414483,0.00569247,0.00107913,0.000155089,0.000561807,0.619605,0.0114926
8.67611,0.566872,0.636992,-0.0701206,0.00568554,0.0010778,0.000154893,0.000561277,0.618041,0.0114713
8.68197,0.642205,0.635405,0.00680002,0.00567863,0.00107648,0.000154698,0.000560748,0.616484,0.0114499
8.68784,0.771481,0.633824,0.137657,0.00567174,0.00107516,0.000154503,0.000560219,0.614934,0.0114284
8.6937,0.737861,0.63225,0.105611,0.00566486,0.00107385,0.000154309,0.000559692,0.61339,0.0114068
8.69956,0.76381,0.630682,0.133129,0.005658,0.00107253,0.000154115,0.000559166,0.611853,0.0113852
8.70542,0.635168,0.62912,0.0060478,0.00565116,0.00107123,0.000153922,0.000558641,0.610321,0.0113635
8.71128,0.708318,0.627564,0.0807534,0.00564433,0.00106992,0.00015373,0.000558117,0.608797,0.0113417
8.71715,0.648101,0.626015,0.0220856,0.00563752,0.00106862,0.000153537,0.000557594,0.607278,0.0113198
8.72301,0.668852,0.624472,0.0443793,0.00563073,0.00106732,0.000153345,0.000557071,0.605766,0.0112979
8.72887,0.428934,0.622936,-0.194001,0.00562396,0.00106602,0.000153154,0.00055655,0.60426,0.0112759
8.73473,0.516943,0.621405,-0.104462,0.0056172,0.00106473,0.000152963,0.00055603,0.60276,0.0112538
8.7406,0.651132,0.619881,0.0312513,0.00561046,0.00106344,0.000152773,0.000555511,0.601267,0.0112317
8.74646,0.544546,0.618362,-0.0738164,0.00560374,0.00106216,0.000152583,0.000554992,0.599779,0.0112094
8.75232,0.668626,0.61685,0.0517755,0.00559703,0.00106087,0.000152394,0.000554475,0.598298,0.0111871
8.75818,0.568751,0.615344,-0.0465927,0.00559034,0.0010596,0.000152205,0.000553959,0.596823,0.0111647
8.76404,0.553535,0.613844,-0.0603087,0.00558367,0.00105832,0.000152016,0.000553443,0.595354,0.0111423
8.76991,0.717077,0.612349,0.104728,0.00557701,0.00105705,0.000151828,0.000552929,0.593891,0.0111197
8.77577,0.600568,0.610861,-0.0102936,0.00557037,0.00105578,0.000151641,0.000552415,0.592434,0.0110971
8.78163,0.483217,0.609379,-0.126162,0.00556375,0.00105451,0.000151454,0.000551902,0.590983,0.0110744
8.78749,0.579127,0.607902,-0.0287746,0.00555714,0.00105324,0.000151267,0.000551391,0.589537,0.0110517
8.79336,0.491811,0.606431,-0.11462,0.00555055,0.00105198,0.000151081,0.00055088,0.588098,0.0110289
8.79922,0.444237,0.604966,-0.160729,0.00554397,0.00105073,0.000150895,0.00055037,0.586664,0.011006
8.80508,0.464232,0.603507,-0.139275,0.00553741,0.00104947,0.00015071,0.000549861,0.585237,0.010983
8.81094,0.505687,0.602054,-0.0963667,0.00553087,0.00104822,0.000150525,0.000549354,0.583815,0.0109599
8.81681,0.65962,0.600606,0.0590144,0.00552434,0.00104697,0.000150341,0.000548847,0.582399,0.0109368
8.82267,0.796591,0.599164,0.197427,0.00551783,0.00104573,0.000150157,0.000548341,0.580988,0.0109136
8.82853,0.866114,0.597727,0.268386,0.00551133,0.00104448,0.000149973,0.000547836,0.579583,0.0108903
8.83439,0.658054,0.596296,0.0617575,0.00550485,0.00104324,0.00014979,0.000547331,0.578184,0.0108669
8.84025,0.5585,0.594871,-0.0363715,0.00549839,0.00104201,0.000149608,0.000546828,0.576791,0.0108435
8.84612,0.546577,0.593451,-0.0468745,0.00549194,0.00104077,0.000149425,0.000546326,0.575403,0.01082
8.85198,0.422265,0.592037,-0.169772,0.00548551,0.00103954,0.000149244,0.000545824,0.57402,0.0107964
8.85784,0.57426,0.590628,-0.0163679,0.00547909,0.00103832,0.000149063,0.000545324,0.572644,0.0107728
8.8637,0.554085,0.589225,-0.0351397,0.00547269,0.00103709,0.000148882,0.000544824,0.571272,0.010749
8.86957,0.484017,0.587827,-0.10381,0.00546631,0.00103587,0.000148701,0.000544326,0.569906,0.0107252
8.87543,0.512265,0.586434,-0.0741692,0.00545994,0.00103465,0.000148521,0.000543828,0.568546,0.0107013
8.88129,0.69467,0.585047,0.109623,0.00545358,0.00103343,0.000148342,0.000543331,0.567191,0.0106774
8.88715,0.542449,0.583665,-0.0412166,0.00544724,0.00103222,0.000148163,0.000542835,0.565841,0.0106534
8.89301,0.490024,0.582289,-0.0922649,0.00544092,0.00103101,0.000147984,0.00054234,0.564497,0.0106293
8.89888,0.422764,0.580917,-0.158154,0.00543461,0.0010298,0.000147806,0.000541846,0.563158,0.0106051
8.90474,0.523156,0.579551,-0.0563955,0.00542831,0.0010286,0.000147628,0.000541353,0.561825,0.0105808
8.9106,0.565693,0.57819,-0.0124974,0.00542203,0.0010274,0.000147451,0.00054086,0.560496,0.0105565
8.91646,0.619939,0.576835,0.0431044,0.00541577,0.0010262,0.000147274,0.000540369,0.559173,0.0105321
8.92233,0.376806,0.575484,-0.198678,0.00540952,0.00102501,0.000147097,0.000539878,0.557855,0.0105076
8.92819,0.469383,0.574139,-0.104756,0.00540329,0.00102381,0.000146921,0.000539389,0.556542,0.0104831
8.93405,0.558175,0.572798,-0.0146232,0.00539707,0.00102262,0.000146745,0.0005389,0.555235,0.0104584
8.93991,0.75847,0.571463,0.187006,0.00539086,0.00102144,0.00014657,0.000538412,0.553932,0.0104337
8.94577,0.601186,0.570133,0.0310528,0.00538467,0.00102025,0.000146395,0.000537925,0.552635,0.010409
8.95164,0.605473,0.568808,0.0366654,0.0053785,0.00101907,0.000146221,0.000537439,0.551343,0.0103841
8.9575,0.520747,0.567488,-0.0467408,0.00537234,0.00101789,0.000146047,0.000536954,0.550055,0.0103592
8.96336,0.620542,0.566172,0.0543693,0.00536619,0.00101672,0.000145873,0.000536469,0.548773,0.0103342
8.96922,0.600712,0.564862,0.0358499,0.00536006,0.00101554,0.0001457,0.000535986,0.547496,0.0103091
8.97509,0.510898,0.563557,-0.0526589,0.00535395,0.00101437,0.000145527,0.000535503,0.546223,0.0102839
8.98095,0.640578,0.562256,0.0783217,0.00534784,0.0010132,0.000145355,0.000535021,0.544956,0.0102587
8.98681,0.574311,0.560961,0.0133501,0.00534176,0.00101204,0.000145183,0.00053454,0.543694,0.0102334
8.99267,0.525316,0.55967,-0.0343538,0.00533568,0.00101088,0.000145011,0.00053406,0.542436,0.010208
8.99853,0.432539,0.558384,-0.125845,0.00532962,0.00100972,0.00014484,0.000533581,0.541183,0.0101826
9.0044,0.665702,0.557102,0.1086,0.00532358,0.00100856,0.000144669,0.000533103,0.539935,0.0101571
9.01026,0.596906,0.555826,0.0410799,0.00531755,0.00100741,0.000144499,0.000532625,0.538692,0.0101315
9.01612,0.605363,0.554554,0.0508087,0.00531153,0.00100626,0.000144329,0.000532148,0.537454,0.0101058
9.02198,0.685441,0.553287,0.132154,0.00530553,0.00100511,0.000144159,0.000531673,0.53622,0.01008
9.02785,0.686354,0.552025,0.134329,0.00529954,0.00100396,0.00014399,0.000531198,0.534992,0.0100542
9.03371,0.632364,0.550767,0.0815975,0.00529357,0.00100282,0.000143821,0.000530723,0.533768,0.0100283
9.03957,0.675385,0.549514,0.125872,0.0052876,0.00100168,0.000143653,0.00053025,0.532548,0.0100023
9.04543,0.688063,0.548265,0.139798,0.00528166,0.00100054,0.000143485,0.000529778,0.531333,0.00997628
9.05129,0.539938,0.547021,-0.00708287,0.00527572,0.000999403,0.000143317,0.000529306,0.530123,0.00995016
9.05716,0.514947,0.545782,-0.0308348,0.00526981,0.00099827,0.00014315,0.000528835,0.528918,0.00992396
9.06302,0.519331,0.544547,-0.0252159,0.0052639,0.00099714,0.000142983,0.000528366,0.527717,0.00989769
9.06888,0.562823,0.543316,0.0195069,0.00525801,0.000996013,0.000142817,0.000527896,0.52652,0.00987134
9.07474,0.591354,0.54209,0.0492639,0.00525213,0.000994888,0.000142651,0.000527428,0.525328,0.00984491
9.08061,0.638021,0.540869,0.097152,0.00524627,0.000993765,0.000142485,0.000526961,0.524141,0.00981842
9.08647,0.480247,0.539652,-0.0594048,0.00524041,0.000992645,0.00014232,0.000526494,0.522958,0.00979184
9.09233,0.55129,0.538439,0.0128505,0.00523458,0.000991528,0.000142155,0.000526028,0.52178,0.00976519
9.09819,0.606425,0.537231,0.0691942,0.00522875,0.000990414,0.00014199,0.000525563,0.520606,0.00973847
9.10405,0.527536,0.536027,-0.00849102,0.00522294,0.000989302,0.000141826,0.000525099,0.519436,0.00971167
9.10992,0.415726,0.534828,-0.119102,0.00521714,0.000988192,0.000141662,0.000524636,0.518271,0.0096848
9.11578,0.655037,0.533632,0.121405,0.00521136,0.000987085,0.000141499,0.000524173,0.51711,0.00965785
9.12164,0.46725,0.532442,-0.0651918,0.00520559,0.00098598,0.000141336,0.000523712,0.515954,0.00963083
9.1275,0.538867,0.531255,0.00761205,0.00519983,0.000984878,0.000141173,0.000523251,0.514802,0.00960374
9.13337,0.43096,0.530072,-0.0991125,0.00519409,0.000983779,0.000141011,0.000522791,0.513654,0.00957656
9.13923,0.393597,0.528894,-0.135298,0.00518836,0.000982682,0.000140849,0.000522331,0.512511,0.00954932
9.14509,0.450086,0.52772,-0.077634,0.00518264,0.000981588,0.000140687,0.000521873,0.511372,0.009522
9.15095,0.435349,0.52655,-0.0912016,0.00517693,0.000980496,0.000140526,0.000521415,0.510237,0.0094946
9.15681,0.47253,0.525385,-0.0528547,0.00517124,0.000979406,0.000140365,0.000520958,0.509106,0.00946713
9.16268,0.469643,0.524223,-0.0545805,0.00516556,0.000978319,0.000140205,0.000520502,0.507979,0.00943958
9.16854,0.701039,0.523066,0.177973,0.00515989,0.000977234,0.000140045,0.000520047,0.506857,0.00941196
9.1744,0.66841,0.521913,0.146497,0.00515424,0.000976152,0.000139885,0.000519593,0.505739,0.00938427
9.18026,0.527044,0.520763,0.00628099,0.0051486,0.000975073,0.000139726,0.000519139,0.504624,0.0093565
9.18613,0.48745,0.519618,-0.032168,0.00514297,0.000973995,0.000139567,0.000518686,0.503514,0.00932865
9.19199,0.620107,0.518477,0.10163,0.00513735,0.00097292,0.000139408,0.000518234,0.502409,0.00930073
9.19785,0.594055,0.51734,0.0767146,0.00513175,0.000971848,0.00013925,0.000517782,0.501307,0.00927274
9.20371,0.555576,0.516207,0.039369,0.00512616,0.000970778,0.000139092,0.000517332,0.500209,0.00924467
9.20957,0.666281,0.515078,0.151203,0.00512058,0.00096971,0.000138934,0.000516882,0.499115,0.00921652
9.21544,0.480197,0.513953,-0.0337558,0.00511502,0.000968645,0.000138777,0.000516433,0.498025,0.0091883
9.2213,0.493839,0.512831,-0.0189921,0.00510946,0.000967582,0.00013862,0.000515985,0.49694,0.00916001
9.22716,0.523081,0.511714,0.0113674,0.00510392,0.000966522,0.000138464,0.000515537,0.495858,0.00913164
9.23302,0.476563,0.5106,-0.0340379,0.0050984,0.000965464,0.000138308,0.000515091,0.49478,0.0091032
9.23889,0.344508,0.509491,-0.164983,0.00509288,0.000964408,0.000138152,0.000514645,0.493706,0.00907468
9.24475,0.261547,0.508385,-0.246839,0.00508738,0.000963355,0.000137996,0.0005142,0.492636,0.00904609
9.25061,0.514675,0.507283,0.00739142,0.00508189,0.000962303,0.000137841,0.000513755,0.49157,0.00901742
9.25647,0.622209,0.506185,0.116024,0.00507641,0.000961255,0.000137686,0.000513312,0.490508,0.00898868
9.26234,0.55751,0.505091,0.0524191,0.00507094,0.000960208,0.000137532,0.000512869,0.489449,0.00895986
9.2682,0.414305,0.504,-0.0896947,0.00506549,0.000959164,0.000137378,0.000512427,0.488395,0.00893097
9.27406,0.277893,0.502913,-0.225021,0.00506004,0.000958123,0.000137224,0.000511986,0.487344,0.008902
9.27992,0.289912,0.50183,-0.211918,0.00505461,0.000957083,0.000137071,0.000511545,0.486297,0.00887296
9.28578,0.420448,0.500751,-0.0803032,0.00504919,0.000956046,0.000136918,0.000511105,0.485254,0.00884384
9.29165,0.63275,0.499675,0.133075,0.00504379,0.000955011,0.000136765,0.000510666,0.484215,0.00881465
9.29751,0.471558,0.498603,-0.0270459,0.00503839,0.000953978,0.000136613,0.000510228,0.483179,0.00878538
9.30337,0.481152,0.497535,-0.0163834,0.00503301,0.000952948,0.000136461,0.00050979,0.482147,0.00875604
9.30923,0.498208,0.49647,0.00173793,0.00502764,0.00095192,0.000136309,0.000509354,0.481119,0.00872662
9.3151,0.485239,0.495409,-0.0101703,0.00502228,0.000950894,0.000136158,0.000508918,0.480094,0.00869713
9.32096,0.422514,0.494352,-0.0718381,0.00501693,0.000949871,0.000136007,0.000508482,0.479073,0.00866757
9.32682,0.419482,0.493298,-0.0738163,0.0050116,0.000948849,0.000135856,0.000508048,0.478056,0.00863793
9.33268,0.391582,0.492248,-0.100666,0.00500628,0.00094783,0.000135706,0.000507614,0.477042,0.00860821
9.33854,0.413533,0.491201,-0.0776684,0.00500096,0.000946813,0.000135556,0.000507181,0.476032,0.00857842
9.34441,0.547667,0.490158,0.0575088,0.00499566,0.000945799,0.000135406,0.000506748,0.475026,0.00854856
9.35027,0.538202,0.489118,0.0490833,0.00499037,0.000944786,0.000135257,0.000506317,0.474023,0.00851862
9.35613,0.451464,0.488082,-0.0366178,0.0049851,0.000943776,0.000135108,0.000505886,0.473024,0.0084886
9.36199,0.570775,0.487049,0.0837254,0.00497983,0.000942768,0.000134959,0.000505456,0.472028,0.00845851
9.36786,0.512521,0.48602,0.0265012,0.00497458,0.000941762,0.00013481,0.000505026,0.471036,0.00842835
9.37372,0.416089,0.484994,-0.0689052,0.00496933,0.000940759,0.000134662,0.000504598,0.470047,0.00839811
9.37958,0.456334,0.483972,-0.0276375,0.0049641,0.000939757,0.000134515,0.00050417,0.469062,0.00836779
9.38544,0.397507,0.482953,-0.085446,0.00495888,0.000938758,0.000134367,0.000503742,0.46808,0.00833741
9.3913,0.373554,0.481937,-0.108384,0.00495367,0.000937761,0.00013422,0.000503316,0.467102,0.00830694
9.39717,0.502352,0.480925,0.0214268,0.00494847,0.000936766,0.000134073,0.00050289,0.466127,0.0082764
9.40303,0.241011,0.479916,-0.238905,0.00494329,0.000935773,0.000133927,0.000502465,0.465155,0.00824579
9.40889,0.442238,0.478911,-0.0366731,0.00493811,0.000934782,0.000133781,0.000502041,0.464187,0.0082151
9.41475,0.474686,0.477909,-0.00322306,0.00493295,0.000933794,0.000133635,0.000501617,0.463223,0.00818434
9.42062,0.443558,0.47691,-0.033352,0.0049278,0.000932807,0.000133489,0.000501194,0.462261,0.0081535
9.42648,0.586119,0.475914,0.110204,0.00492265,0.000931823,0.000133344,0.000500772,0.461303,0.00812259
9.43234,0.369115,0.474922,-0.105807,0.00491752,0.000930841,0.000133199,0.00050035,0.460349,0.0080916
9.4382,0.382147,0.473933,-0.0917861,0.0049124,0.00092986,0.000133055,0.000499929,0.459397,0.00806054
9.44406,0.440197,0.472947,-0.0327509,0.00490729,0.000928882,0.000132911,0.000499509,0.458449,0.0080294
9.44993,0.447818,0.471965,-0.0241469,0.0049022,0.000927907,0.000132767,0.00049909,0.457505,0.00799819
9.45579,0.380993,0.470986,-0.0899928,0.00489711,0.000926933,0.000132623,0.000498671,0.456563,0.00796691
9.46165,0.428049,0.47001,-0.0419609,0.00489203,0.000925961,0.00013248,0.000498253,0.455625,0.00793555
9.46751,0.594685,0.469037,0.125648,0.00488697,0.000924991,0.000132337,0.000497836,0.45469,0.00790411
9.47338,0.524041,0.468067,0.0559736,0.00488191,0.000924024,0.000132194,0.000497419,0.453759,0.0078726
9.47924,0.524062,0.4671,0.0569614,0.00487687,0.000923058,0.000132052,0.000497003,0.45283,0.00784101
9.4851,0.555027,0.466137,0.0888905,0.00487184,0.000922095,0.000131909,0.000496588,0.451905,0.00780935
9.49096,0.366502,0.465177,-0.0986743,0.00486681,0.000921133,0.000131768,0.000496173,0.450983,0.00777762
9.49682,0.492686,0.464219,0.0284667,0.0048618,0.000920174,0.000131626,0.00049576,0.450064,0.00774581
9.50269,0.309074,0.463265,-0.154191,0.0048568,0.000919216,0.000131485,0.000495346,0.449148,0.00771392
9.50855,0.489862,0.462314,0.0275479,0.00485181,0.000918261,0.000131344,0.000494934,0.448236,0.00768196
9.51441,0.322021,0.461366,-0.139345,0.00484683,0.000917308,0.000131203,0.000494522,0.447326,0.00764993
9.52027,0.278393,0.460421,-0.182028,0.00484186,0.000916356,0.000131063,0.000494111,0.44642,0.00761782
9.52614,0.468835,0.459479,0.00935561,0.0048369,0.000915407,0.000130923,0.000493701,0.445517,0.00758563
9.532,0.300485,0.45854,-0.158056,0.00483195,0.00091446,0.000130784,0.000493291,0.444617,0.00755338
9.53786,0.491309,0.457605,0.0337045,0.00482702,0.000913514,0.000130644,0.000492882,0.443719,0.00752104
9.54372,0.434166,0.456672,-0.0225061,0.00482209,0.000912571,0.000130505,0.000492473,0.442825,0.00748863
9.54958,0.530845,0.455742,0.0751033,0.00481717,0.00091163,0.000130366,0.000492066,0.441934,0.00745615
9.55545,0.426056,0.454815,-0.028759,0.00481226,0.00091069,0.000130228,0.000491659,0.441046,0.00742359
9.56131,0.425838,0.453891,-0.0280524,0.00480737,0.000909753,0.00013009,0.000491252,0.440161,0.00739096
9.56717,0.35148,0.45297,-0.10149,0.00480248,0.000908817,0.000129952,0.000490847,0.439279,0.00735825
9.57303,0.573421,0.452052,0.12137,0.0047976,0.000907884,0.000129814,0.000490441,0.4384,0.00732547
9.5789,0.363836,0.451136,-0.0873007,0.00479274,0.000906952,0.000129677,0.000490037,0.437524,0.00729261
9.58476,0.467128,0.450224,0.0169035,0.00478788,0.000906023,0.00012954,0.000489633,0.436651,0.00725968
9.59062,0.448336,0.449315,-0.000978679,0.00478304,0.000905095,0.000129403,0.00048923,0.435781,0.00722667
9.59648,0.582427,0.448408,0.134019,0.0047782,0.000904169,0.000129266,0.000488828,0.434914,0.00719359
9.60234,0.390782,0.447504,-0.0567218,0.00477337,0.000903245,0.00012913,0.000488426,0.43405,0.00716043
9.60821,0.43221,0.446603,-0.0143937,0.00476856,0.000902323,0.000128994,0.000488025,0.433188,0.0071272
9.61407,0.459499,0.445705,0.0137935,0.00476375,0.000901403,0.000128859,0.000487625,0.43233,0.00709389
9.61993,0.43563,0.44481,-0.00918022,0.00475896,0.000900485,0.000128723,0.000487225,0.431474,0.00706051
9.62579,0.504696,0.443917,0.0607791,0.00475417,0.000899569,0.000128588,0.000486826,0.430621,0.00702706
9.63166,0.372082,0.443028,-0.0709453,0.00474939,0.000898655,0.000128453,0.000486427,0.429771,0.00699353
9.63752,0.394383,0.442141,-0.0477575,0.00474463,0.000897742,0.000128319,0.00048603,0.428924,0.00695992
9.64338,0.427344,0.441257,-0.0139123,0.00473987,0.000896832,0.000128185,0.000485632,0.42808,0.00692624
9.64924,0.389535,0.440375,-0.0508398,0.00473512,0.000895923,0.000128051,0.000485236,0.427238,0.00689248
9.65511,0.347808,0.439496,-0.0916885,0.00473039,0.000895017,0.000127917,0.00048484,0.4264,0.00685865
9.66097,0.363736,0.43862,-0.0748847,0.00472566,0.000894112,0.000127784,0.000484445,0.425564,0.00682475
9.66683,0.483675,0.437747,0.0459277,0.00472094,0.000893209,0.000127651,0.00048405,0.424731,0.00679077
9.67269,0.393687,0.436877,-0.0431899,0.00471624,0.000892307,0.000127518,0.000483656,0.4239,0.00675672
9.67855,0.369807,0.436009,-0.066202,0.00471154,0.000891408,0.000127385,0.000483263,0.423072,0.00672259
9.68442,0.552481,0.435143,0.117337,0.00470685,0.00089051,0.000127253,0.00048287,0.422248,0.00668838
9.69028,0.538095,0.434281,0.103814,0.00470217,0.000889615,0.000127121,0.000482478,0.421425,0.0066541
9.69614,0.498576,0.433421,0.0651546,0.0046975,0.000888721,0.000126989,0.000482087,0.420606,0.00661975
9.702,0.453545,0.432564,0.0209815,0.00469284,0.000887829,0.000126858,0.000481696,0.419789,0.00658532
9.70787,0.225007,0.431709,-0.206702,0.00468819,0.000886939,0.000126727,0.000481306,0.418975,0.00655082
9.71373,0.409738,0.430857,-0.0211186,0.00468355,0.00088605,0.000126596,0.000480917,0.418163,0.00651624
9.71959,0.365112,0.430007,-0.0648953,0.00467892,0.000885164,0.000126465,0.000480528,0.417355,0.00648159
9.72545,0.333219,0.42916,-0.0959413,0.0046743,0.000884279,0.000126335,0.00048014,0.416549,0.00644686
9.73131,0.409315,0.428316,-0.0190012,0.00466968,0.000883396,0.000126205,0.000479752,0.415745,0.00641206
9.73718,0.406314,0.427474,-0.0211599,0.00466508,0.000882515,0.000126075,0.000479365,0.414944,0.00637718
9.74304,0.43365,0.426635,0.00701486,0.00466049,0.000881635,0.000125945,0.000478979,0.414146,0.00634223
9.7489,0.466526,0.425798,0.0407276,0.0046559,0.000880758,0.000125816,0.000478593,0.41335,0.0063072
9.75476,0.440662,0.424964,0.0156975,0.00465133,0.000879882,0.000125687,0.000478208,0.412557,0.0062721
9.76063,0.398853,0.424133,-0.0252794,0.00464676,0.000879008,0.000125558,0.000477823,0.411767,0.00623692
9.76649,0.516966,0.423303,0.0936626,0.0046422,0.000878135,0.00012543,0.000477439,0.410979,0.00620167
9.77235,0.319611,0.422477,-0.102866,0.00463766,0.000877265,0.000125301,0.000477056,0.410193,0.00616634
9.77821,0.310887,0.421653,-0.110766,0.00463312,0.000876396,0.000125173,0.000476673,0.40941,0.00613094
9.78407,0.130873,0.420831,-0.289957,0.00462859,0.000875529,0.000125046,0.000476291,0.40863,0.00609547
9.78994,0.354136,0.420012,-0.0658757,0.00462407,0.000874664,0.000124918,0.00047591,0.407852,0.00605992
9.7958,0.444608,0.419195,0.0254131,0.00461956,0.0008738,0.000124791,0.000475529,0.407077,0.00602429
9.80166,0.381124,0.41838,-0.0372562,0.00461505,0.000872938,0.000124664,0.000475149,0.406304,0.00598859
9.80752,0.454952,0.417568,0.0373833,0.00461056,0.000872078,0.000124537,0.000474769,0.405534,0.00595281
9.81339,0.412553,0.416759,-0.00420538,0.00460608,0.00087122,0.000124411,0.00047439,0.404766,0.00591696
9.81925,0.589678,0.415952,0.173726,0.0046016,0.000870363,0.000124284,0.000474012,0.404,0.00588104
9.82511,0.442489,0.415147,0.0273418,0.00459713,0.000869508,0.000124159,0.000473634,0.403237,0.00584504
9.83097,0.418033,0.414344,0.00368822,0.00459268,0.000868655,0.000124033,0.000473257,0.402477,0.00580897
9.83683,0.475621,0.413544,0.0620762,0.00458823,0.000867803,0.000123907,0.00047288,0.401719,0.00577282
9.8427,0.398918,0.412747,-0.0138284,0.00458379,0.000866953,0.000123782,0.000472504,0.400963,0.00573659
9.84856,0.316491,0.411951,-0.0954603,0.00457936,0.000866105,0.000123657,0.000472129,0.40021,0.00570029
9.85442,0.642309,0.411158,0.231151,0.00457493,0.000865258,0.000123533,0.000471754,0.399459,0.00566392
9.86028,0.408307,0.410368,-0.00206049,0.00457052,0.000864414,0.000123408,0.000471379,0.398711,0.00562747
9.86615,0.328721,0.409579,-0.0808583,0.00456612,0.00086357,0.000123284,0.000471006,0.397964,0.00559095
9.87201,0.40802,0.408793,-0.000773009,0.00456172,0.000862729,0.00012316,0.000470633,0.397221,0.00555435
9.87787,0.268019,0.40801,-0.139991,0.00455733,0.000861889,0.000123036,0.00047026,0.396479,0.00551768
9.88373,0.227415,0.407228,-0.179813,0.00455295,0.000861051,0.000122913,0.000469888,0.39574,0.00548093
9.88959,0.237957,0.406449,-0.168492,0.00454858,0.000860214,0.00012279,0.000469517,0.395004,0.00544411
9.89546,0.590727,0.405672,0.185055,0.00454422,0.00085938,0.000122667,0.000469146,0.394269,0.00540721
9.90132,0.541306,0.404897,0.136408,0.00453987,0.000858546,0.000122544,0.000468776,0.393537,0.00537024
9.90718,0.448602,0.404125,0.0444775,0.00453552,0.000857715,0.000122422,0.000468407,0.392808,0.00533319
9.91304,0.322134,0.403355,-0.0812206,0.00453119,0.000856885,0.000122299,0.000468038,0.39208,0.00529607
9.91891,0.311011,0.402587,-0.0915755,0.00452686,0.000856056,0.000122177,0.000467669,0.391355,0.00525887
9.92477,0.262503,0.401821,-0.139318,0.00452254,0.00085523,0.000122056,0.000467302,0.390632,0.0052216
9.93063,0.309932,0.401057,-0.0911251,0.00451823,0.000854405,0.000121934,0.000466934,0.389911,0.00518425
9.93649,0.343443,0.400296,-0.0568528,0.00451393,0.000853581,0.000121813,0.000466568,0.389193,0.00514683
9.94235,0.281019,0.399537,-0.118518,0.00450964,0.000852759,0.000121692,0.000466202,0.388477,0.00510934
9.94822,0.376271,0.39878,-0.0225089,0.00450535,0.000851939,0.000121571,0.000465836,0.387763,0.00507177
9.95408,0.435797,0.398025,0.0377725,0.00450107,0.00085112,0.000121451,0.000465471,0.387051,0.00503412
9.95994,0.241553,0.397272,-0.155719,0.00449681,0.000850303,0.00012133,0.000465107,0.386342,0.0049964
9.9658,0.27521,0.396521,-0.121311,0.00449255,0.000849488,0.00012121,0.000464743,0.385635,0.0049586
9.97167,0.420852,0.395773,0.0250788,0.00448829,0.000848674,0.000121091,0.00046438,0.38493,0.00492073
9.97753,0.401837,0.395027,0.00681006,0.00448405,0.000847862,0.000120971,0.000464017,0.384227,0.00488279
9.98339,0.375722,0.394282,-0.0185604,0.00447981,0.000847051,0.000120852,0.000463655,0.383526,0.00484477
9.98925,0.443569,0.39354,0.0500285,0.00447559,0.000846242,0.000120733,0.000463294,0.382828,0.00480668
9.99511,0.411977,0.3928,0.0191763,0.00447137,0.000845434,0.000120614,0.000462933,0.382131,0.00476851
10.001,0.0915499,0.392062,-0.300512,0.00446716,0.000844628,0.000120495,0.000462572,0.381437,0.00473026
10.0068,0.358582,0.391326,-0.0327448,0.00446295,0.000843824,0.000120377,0.000462212,0.380745,0.00469194
10.0127,0.402006,0.390593,0.0114134,0.00445876,0.000843021,0.000120258,0.000461853,0.380055,0.00465355
10.0186,0.587175,0.389861,0.197314,0.00445457,0.00084222,0.00012014,0.000461494,0.379367,0.00461508
10.0244,0.619403,0.389131,0.230272,0.00445039,0.00084142,0.000120023,0.000461136,0.378682,0.00457654
10.0303,0.36172,0.388404,-0.0266835,0.00444622,0.000840622,0.000119905,0.000460778,0.377998,0.00453792
10.0362,0.336652,0.387678,-0.0510265,0.00444206,0.000839825,0.000119788,0.000460421,0.377317,0.00449923
10.042,0.345413,0.386954,-0.041541,0.0044379,0.00083903,0.000119671,0.000460065,0.376637,0.00446046
10.0479,0.219949,0.386233,-0.166284,0.00443376,0.000838236,0.000119554,0.000459709,0.37596,0.00442162
10.0537,0.313627,0.385513,-0.0718866,0.00442962,0.000837444,0.000119438,0.000459353,0.375285,0.0043827
10.0596,0.460889,0.384796,0.0760936,0.00442549,0.000836653,0.000119321,0.000458999,0.374612,0.00434371
10.0655,0.459339,0.38408,0.0752588,0.00442137,0.000835864,0.000119205,0.000458644,0.37394,0.00430464
10.0713,0.203332,0.383367,-0.180034,0.00441725,0.000835077,0.000119089,0.00045829,0.373271,0.0042655
10.0772,0.341559,0.382655,-0.0410965,0.00441314,0.000834291,0.000118974,0.000457937,0.372604,0.00422628
10.083,0.320251,0.381945,-0.0616946,0.00440904,0.000833506,0.000118858,0.000457585,0.371939,0.00418699
10.0889,0.35645,0.381238,-0.024788,0.00440495,0.000832723,0.000118743,0.000457232,0.371276,0.00414763
10.0948,0.334453,0.380532,-0.0460791,0.00440087,0.000831941,0.000118628,0.000456881,0.370615,0.00410818
10.1006,0.29192,0.379828,-0.0879082,0.00439679,0.000831161,0.000118513,0.00045653,0.369956,0.00406867
10.1065,0.342631,0.379126,-0.0364948,0.00439272,0.000830382,0.000118399,0.000456179,0.369299,0.00402908
10.1124,0.375692,0.378426,-0.0027344,0.00438866,0.000829605,0.000118284,0.000455829,0.368644,0.00398941
10.1182,0.427201,0.377728,0.0494732,0.00438461,0.00082883,0.00011817,0.00045548,0.367991,0.00394967
10.1241,0.371608,0.377032,-0.00542361,0.00438056,0.000828055,0.000118056,0.000455131,0.36734,0.00390986
10.1299,0.452204,0.376338,0.0758659,0.00437653,0.000827283,0.000117942,0.000454782,0.366691,0.00386997
10.1358,0.416448,0.375645,0.0408031,0.0043725,0.000826511,0.000117829,0.000454434,0.366044,0.00383
10.1417,0.301183,0.374955,-0.0737719,0.00436847,0.000825742,0.000117716,0.000454087,0.365399,0.00378996
10.1475,0.429765,0.374266,0.0554991,0.00436446,0.000824973,0.000117603,0.00045374,0.364756,0.00374985
10.1534,0.172775,0.37358,-0.200805,0.00436045,0.000824206,0.00011749,0.000453394,0.364114,0.00370966
10.1593,0.322752,0.372895,-0.0501425,0.00435645,0.000823441,0.000117377,0.000453048,0.363475,0.0036694
10.1651,0.382983,0.372212,0.0107717,0.00435246,0.000822677,0.000117265,0.000452703,0.362837,0.00362906
10.171,0.429833,0.37153,0.0583028,0.00434847,0.000821914,0.000117153,0.000452358,0.362202,0.00358864
10.1768,0.255511,0.370851,-0.11534,0.0043445,0.000821153,0.000117041,0.000452014,0.361568,0.00354816
10.1827,0.2928,0.370173,-0.0773729,0.00434053,0.000820393,0.000116929,0.00045167,0.360936,0.00350759
10.1886,0.199934,0.369498,-0.169564,0.00433657,0.000819635,0.000116817,0.000451327,0.360306,0.00346695
10.1944,0.2186,0.368824,-0.150224,0.00433261,0.000818878,0.000116706,0.000450985,0.359678,0.00342624
10.2003,0.287598,0.368152,-0.0805533,0.00432866,0.000818123,0.000116595,0.000450643,0.359052,0.00338545
10.2062,0.216885,0.367481,-0.150596,0.00432472,0.000817369,0.000116484,0.000450301,0.358428,0.00334459
10.212,0.506337,0.366813,0.139524,0.00432079,0.000816616,0.000116373,0.00044996,0.357805,0.00330365
10.2179,0.438226,0.366146,0.0720806,0.00431686,0.000815865,0.000116263,0.000449619,0.357185,0.00326264
10.2237,0.439387,0.365481,0.0739059,0.00431294,0.000815115,0.000116153,0.000449279,0.356566,0.00322155
10.2296,0.386326,0.364818,0.0215086,0.00430903,0.000814366,0.000116043,0.00044894,0.355949,0.00318039
10.2355,0.478159,0.364156,0.114003,0.00430513,0.000813619,0.000115933,0.000448601,0.355334,0.00313916
10.2413,0.509654,0.363496,0.146158,0.00430123,0.000812874,0.000115823,0.000448262,0.35472,0.00309785
10.2472,0.549876,0.362838,0.187038,0.00429734,0.000812129,0.000115714,0.000447924,0.354109,0.00305646
10.2531,0.478937,0.362182,0.116755,0.00429346,0.000811387,0.000115604,0.000447587,0.353499,0.003015
10.2589,0.220929,0.361527,-0.140598,0.00428959,0.000810645,0.000115495,0.00044725,0.352891,0.00297346
10.2648,0.403282,0.360875,0.0424072,0.00428572,0.000809905,0.000115387,0.000446913,0.352285,0.00293185
10.2706,0.463228,0.360224,0.103005,0.00428186,0.000809166,0.000115278,0.000446577,0.35168,0.00289017
10.2765,0.315505,0.359574,-0.0440692,0.004278,0.000808429,0.00011517,0.000446242,0.351078,0.00284841
10.2824,0.350077,0.358926,-0.00884906,0.00427416,0.000807693,0.000115061,0.000445907,0.350477,0.00280657
10.2882,0.286492,0.35828,-0.0717887,0.00427032,0.000806958,0.000114953,0.000445573,0.349878,0.00276466
10.2941,0.414217,0.357636,0.0565812,0.00426649,0.000806225,0.000114846,0.000445239,0.34928,0.00272268
10.3,0.469779,0.356993,0.112785,0.00426266,0.000805493,0.000114738,0.000444905,0.348685,0.00268062
10.3058,0.178638,0.356352,-0.177714,0.00425884,0.000804762,0.000114631,0.000444572,0.348091,0.00263848
10.3117,0.233833,0.355713,-0.12188,0.00425503,0.000804033,0.000114523,0.00044424,0.347499,0.00259627
10.3175,0.277093,0.355075,-0.0779819,0.00425123,0.000803305,0.000114416,0.000443908,0.346908,0.00255399
10.3234,0.248517,0.354439,-0.105923,0.00424743,0.000802578,0.000114309,0.000443576,0.34632,0.00251163
10.3293,0.317785,0.353805,-0.0360199,0.00424364,0.000801853,0.000114203,0.000443245,0.345733,0.0024692
10.3351,0.444319,0.353172,0.0911474,0.00423985,0.000801129,0.000114096,0.000442915,0.345147,0.00242669
10.341,0.432837,0.352541,0.0802964,0.00423608,0.000800406,0.00011399,0.000442585,0.344564,0.00238411
10.3468,0.346604,0.351911,-0.00530753,0.00423231,0.000799685,0.000113884,0.000442255,0.343982,0.00234145
10.3527,0.283819,0.351283,-0.0674648,0.00422854,0.000798965,0.000113778,0.000441926,0.343401,0.00229872
10.3586,0.125185,0.350657,-0.225472,0.00422479,0.000798246,0.000113673,0.000441598,0.342823,0.00225591
10.3644,0.261482,0.350032,-0.0885502,0.00422104,0.000797529,0.000113567,0.00044127,0.342246,0.00221303
10.3703,0.255048,0.349409,-0.0943615,0.0042173,0.000796813,0.000113462,0.000440942,0.341671,0.00217007
10.3762,0.167022,0.348788,-0.181766,0.00421356,0.000796098,0.000113357,0.000440615,0.341097,0.00212704
10.382,0.34767,0.348168,-0.000497207,0.00420983,0.000795384,0.000113252,0.000440288,0.340525,0.00208393
10.3879,0.305587,0.347549,-0.0419618,0.00420611,0.000794672,0.000113148,0.000439962,0.339955,0.00204075
10.3937,0.256774,0.346932,-0.0901584,0.00420239,0.000793961,0.000113043,0.000439637,0.339386,0.00199749
10.3996,0.149324,0.346317,-0.196993,0.00419869,0.000793252,0.000112939,0.000439312,0.338819,0.00195416
10.4055,0.0349824,0.345703,-0.310721,0.00419498,0.000792543,0.000112835,0.000438987,0.338253,0.00191075
10.4113,0.247822,0.345091,-0.0972696,0.00419129,0.000791836,0.000112731,0.000438663,0.337689,0.00186727
10.4172,0.427518,0.344481,0.0830378,0.0041876,0.000791131,0.000112627,0.000438339,0.337127,0.00182372
10.4231,0.424649,0.343872,0.0807778,0.00418392,0.000790426,0.000112524,0.000438016,0.336567,0.00178009
10.4289,0.157361,0.343264,-0.185903,0.00418024,0.000789723,0.00011242,0.000437693,0.336007,0.00173638
10.4348,0.432141,0.342658,0.0894836,0.00417657,0.000789021,0.000112317,0.000437371,0.33545,0.0016926
10.4406,0.3753,0.342053,0.0332467,0.00417291,0.00078832,0.000112214,0.000437049,0.334894,0.00164875
10.4465,0.317812,0.34145,-0.0236387,0.00416925,0.000787621,0.000112111,0.000436728,0.33434,0.00160482
10.4524,0.348319,0.340849,0.00747033,0.0041656,0.000786923,0.000112009,0.000436407,0.333787,0.00156081
10.4582,0.451835,0.340249,0.111587,0.00416196,0.000786226,0.000111907,0.000436086,0.333236,0.00151673
10.4641,0.416447,0.33965,0.0767972,0.00415833,0.00078553,0.000111804,0.000435766,0.332686,0.00147258
10.47,0.337864,0.339053,-0.00118872,0.0041547,0.000784836,0.000111702,0.000435447,0.332138,0.00142835
10.4758,0.308447,0.338458,-0.0300104,0.00415107,0.000784143,0.000111601,0.000435128,0.331592,0.00138405
10.4817,0.473127,0.337864,0.135263,0.00414746,0.000783451,0.000111499,0.000434809,0.331047,0.00133967
10.4875,0.354467,0.337271,0.0171966,0.00414385,0.00078276,0.000111397,0.000434491,0.330503,0.00129521
10.4934,0.106266,0.33668,-0.230414,0.00414024,0.000782071,0.000111296,0.000434174,0.329961,0.00125069
10.4993,0.095977,0.33609,-0.240113,0.00413664,0.000781382,0.000111195,0.000433857,0.329421,0.00120608
10.5051,0.368207,0.335502,0.032705,0.00413305,0.000780695,0.000111094,0.00043354,0.328882,0.0011614
10.511,0.251724,0.334915,-0.0831907,0.00412947,0.00078001,0.000110993,0.000433224,0.328345,0.00111665
10.5169,0.207644,0.33433,-0.126686,0.00412589,0.000779325,0.000110893,0.000432908,0.327809,0.00107182
10.5227,0.374312,0.333746,0.0405664,0.00412232,0.000778642,0.000110793,0.000432593,0.327274,0.00102692
10.5286,0.437587,0.333163,0.104424,0.00411875,0.000777959,0.000110692,0.000432278,0.326741,0.000981945
10.5344,0.435076,0.332582,0.102494,0.00411519,0.000777279,0.000110592,0.000431963,0.32621,0.000936893
10.5403,0.294164,0.332002,-0.0378387,0.00411164,0.000776599,0.000110493,0.000431649,0.32568,0.000891766
10.5462,0.225034,0.331424,-0.10639,0.00410809,0.00077592,0.000110393,0.000431336,0.325152,0.000846565
10.552,0.374231,0.330847,0.0433839,0.00410455,0.000775243,0.000110293,0.000431023,0.324625,0.000801288
10.5579,0.330633,0.330272,0.000361226,0.00410102,0.000774567,0.000110194,0.00043071,0.324099,0.000755937
10.5638,0.494537,0.329697,0.164839,0.00409749,0.000773892,0.000110095,0.000430398,0.323575,0.000710511
10.5696,0.493313,0.329125,0.164188,0.00409397,0.000773218,0.000109996,0.000430087,0.323052,0.00066501
10.5755,0.329947,0.328553,0.00139337,0.00409045,0.000772546,0.000109897,0.000429775,0.322531,0.000619435
10.5813,0.237859,0.327983,-0.0901241,0.00408694,0.000771874,0.000109799,0.000429465,0.322012,0.000573784
10.5872,0.27437,0.327415,-0.053045,0.00408344,0.000771204,0.0001097,0.000429154,0.321493,0.000528059
10.5931,0.425785,0.326848,0.0989379,0.00407994,0.000770535,0.000109602,0.000428845,0.320976,0.000482259
10.5989,0.310807,0.326282,-0.015475,0.00407645,0.000769867,0.000109504,0.000428535,0.320461,0.000436384
10.6048,0.414791,0.325717,0.0890736,0.00407296,0.000769201,0.000109406,0.000428226,0.319947,0.000390434
10.6106,0.35184,0.325154,0.0266857,0.00406948,0.000768535,0.000109309,0.000427918,0.319434,0.00034441
10.6165,0.421976,0.324592,0.0973843,0.00406601,0.000767871,0.000109211,0.00042761,0.318923,0.000298311
10.6224,0.437127,0.324032,0.113096,0.00406254,0.000767208,0.000109114,0.000427302,0.318413,0.000252136
10.6282,0.350199,0.323472,0.0267266,0.00405908,0.000766546,0.000109017,0.000426995,0.317905,0.000205887
10.6341,0.286546,0.322915,-0.0363687,0.00405563,0.000765885,0.00010892,0.000426688,0.317398,0.000159564
10.64,0.286906,0.322358,-0.0354525,0.00405218,0.000765225,0.000108823,0.000426382,0.316892,0.000113165
10.6458,0.490232,0.321803,0.168429,0.00404873,0.000764567,0.000108726,0.000426076,0.316388,6.66917e-05
10.6517,0.558341,0.321249,0.237092,0.0040453,0.000763909,0.00010863,0.00042577,0.315885,2.01435e-05
10.6575,0.448957,0.320696,0.128261,0.00404187,0.000763253,0.000108533,0.000425465,0.315384,-2.64795e-05
10.6634,0.502402,0.320145,0.182257,0.00403844,0.000762598,0.000108437,0.000425161,0.314884,-7.31773e-05
10.6693,0.298355,0.319595,-0.0212405,0.00403502,0.000761944,0.000108341,0.000424857,0.314385,-0.00011995
10.6751,0.254899,0.319046,-0.0641475,0.00403161,0.000761291,0.000108245,0.000424553,0.313887,-0.000166797
10.681,0.314305,0.318499,-0.00419361,0.0040282,0.000760639,0.00010815,0.00042425,0.313391,-0.00021372
10.6869,0.308758,0.317953,-0.00919489,0.0040248,0.000759989,0.000108054,0.000423947,0.312897,-0.000260717
10.6927,0.205492,0.317408,-0.111916,0.0040214,0.000759339,0.000107959,0.000423644,0.312403,-0.000307789
10.6986,0.209346,0.316864,-0.107518,0.00401801,0.000758691,0.000107864,0.000423342,0.311911,-0.000354935
10.7044,0.297382,0.316322,-0.0189401,0.00401463,0.000758044,0.000107769,0.000423041,0.31142,-0.000402157
10.7103,0.343175,0.315781,0.027394,0.00401125,0.000757398,0.000107674,0.00042274,0.310931,-0.000449453
10.7162,0.369398,0.315241,0.0541568,0.00400788,0.000756753,0.000107579,0.000422439,0.310443,-0.000496824
10.722,0.42527,0.314702,0.110567,0.00400451,0.000756109,0.000107485,0.000422139,0.309956,-0.00054427
10.7279,0.321096,0.314165,0.00693078,0.00400115,0.000755466,0.000107391,0.000421839,0.309471,-0.000591791
10.7338,0.249133,0.313629,-0.0644955,0.0039978,0.000754825,0.000107296,0.000421539,0.308987,-0.000639387
10.7396,0.329702,0.313094,0.0166083,0.00399445,0.000754184,0.000107202,0.00042124,0.308504,-0.000687057
10.7455,0.340121,0.31256,0.0275608,0.0039911,0.000753545,0.000107109,0.000420942,0.308022,-0.000734802
10.7513,0.369308,0.312028,0.05728,0.00398777,0.000752906,0.000107015,0.000420644,0.307542,-0.000782622
10.7572,0.414741,0.311497,0.103244,0.00398443,0.000752269,0.000106922,0.000420346,0.307063,-0.000830517
10.7631,0.349479,0.310967,0.0385125,0.00398111,0.000751633,0.000106828,0.000420049,0.306585,-0.000878487
10.7689,0.4456,0.310438,0.135162,0.00397779,0.000750998,0.000106735,0.000419752,0.306109,-0.000926531
10.7748,0.406297,0.30991,0.0963865,0.00397447,0.000750364,0.000106642,0.000419455,0.305634,-0.000974651
10.7807,0.356547,0.309384,0.0471637,0.00397116,0.000749731,0.000106549,0.000419159,0.30516,-0.00102284
10.7865,0.428114,0.308859,0.119256,0.00396786,0.000749099,0.000106457,0.000418864,0.304687,-0.00107111
10.7924,0.252817,0.308335,-0.0555171,0.00396456,0.000748468,0.000106364,0.000418568,0.304216,-0.00111946
10.7982,0.396416,0.307812,0.0886044,0.00396127,0.000747839,0.000106272,0.000418274,0.303746,-0.00116788
10.8041,0.509328,0.30729,0.202038,0.00395798,0.00074721,0.000106179,0.000417979,0.303277,-0.00121637
10.81,0.4158,0.30677,0.10903,0.0039547,0.000746582,0.000106087,0.000417685,0.302809,-0.00126494
10.8158,0.262302,0.30625,-0.0439479,0.00395142,0.000745956,0.000105996,0.000417392,0.302343,-0.00131358
10.8217,0.357802,0.305732,0.0520694,0.00394815,0.000745331,0.000105904,0.000417099,0.301878,-0.0013623
10.8276,0.371168,0.305215,0.0659532,0.00394488,0.000744706,0.000105812,0.000416806,0.301414,-0.00141109
10.8334,0.215808,0.304699,-0.0888916,0.00394163,0.000744083,0.000105721,0.000416513,0.300951,-0.00145996
10.8393,0.266018,0.304185,-0.0381672,0.00393837,0.000743461,0.00010563,0.000416222,0.30049,-0.0015089
10.8451,0.301089,0.303671,-0.00258244,0.00393512,0.00074284,0.000105539,0.00041593,0.30003,-0.00155792
10.851,0.324912,0.303159,0.0217528,0.00393188,0.000742219,0.000105448,0.000415639,0.299571,-0.00160701
10.8569,0.122082,0.302648,-0.180566,0.00392864,0.0007416,0.000105357,0.000415348,0.299113,-0.00165618
10.8627,0.389479,0.302138,0.0873414,0.00392541,0.000740982,0.000105266,0.000415058,0.298656,-0.00170542
10.8686,0.344193,0.301629,0.0425647,0.00392218,0.000740365,0.000105176,0.000414768,0.298201,-0.00175473
10.8745,0.326622,0.301121,0.0255012,0.00391896,0.000739749,0.000105085,0.000414478,0.297747,-0.00180412
10.8803,0.204935,0.300614,-0.0956788,0.00391574,0.000739134,0.000104995,0.000414189,0.297294,-0.00185359
10.8862,0.131092,0.300109,-0.169017,0.00391253,0.000738521,0.000104905,0.000413901,0.296842,-0.00190313
10.892,0.288328,0.299604,-0.0112761,0.00390933,0.000737908,0.000104815,0.000413612,0.296391,-0.00195275
10.8979,0.305144,0.299101,0.0060431,0.00390613,0.000737296,0.000104726,0.000413325,0.295942,-0.00200244
10.9038,0.133424,0.298598,-0.165174,0.00390293,0.000736685,0.000104636,0.000413037,0.295493,-0.0020522
10.9096,0.35403,0.298097,0.0559328,0.00389975,0.000736075,0.000104547,0.00041275,0.295046,-0.00210204
10.9155,0.0998278,0.297597,-0.197769,0.00389656,0.000735467,0.000104458,0.000412463,0.2946,-0.00215196
10.9213,0.212135,0.297098,-0.0849636,0.00389338,0.000734859,0.000104368,0.000412177,0.294155,-0.00220195
10.9272,0.33493,0.2966,0.0383293,0.00389021,0.000734252,0.00010428,0.000411891,0.293712,-0.00225201
10.9331,0.225436,0.296104,-0.0706673,0.00388704,0.000733646,0.000104191,0.000411606,0.293269,-0.00230215
10.9389,0.267303,0.295608,-0.0283044,0.00388388,0.000733042,0.000104102,0.000411321,0.292828,-0.00235236
10.9448,0.250923,0.295113,-0.0441905,0.00388072,0.000732438,0.000104014,0.000411036,0.292388,-0.00240265
10.9507,0.363743,0.29462,0.0691234,0.00387757,0.000731835,0.000103925,0.000410752,0.291949,-0.00245302
10.9565,0.225327,0.294127,-0.0688004,0.00387442,0.000731234,0.000103837,0.000410468,0.291511,-0.00250345
10.9624,0.301732,0.293636,0.00809616,0.00387128,0.000730633,0.000103749,0.000410184,0.291074,-0.00255397
10.9682,0.259194,0.293145,-0.0339513,0.00386814,0.000730033,0.000103661,0.000409901,0.290638,-0.00260456
10.9741,0.225125,0.292656,-0.0675313,0.00386501,0.000729435,0.000103573,0.000409618,0.290204,-0.00265522
10.98,0.324843,0.292168,0.0326753,0.00386188,0.000728837,0.000103486,0.000409336,0.28977,-0.00270596
10.9858,0.392854,0.291681,0.101173,0.00385876,0.00072824,0.000103398,0.000409054,0.289338,-0.00275677
10.9917,0.289266,0.291194,-0.00192834,0.00385565,0.000727644,0.000103311,0.000408772,0.288907,-0.00280766
10.9976,0.478104,0.290709,0.187394,0.00385254,0.00072705,0.000103224,0.000408491,0.288477,-0.00285862
11.0034,0.319546,0.290225,0.0293206,0.00384943,0.000726456,0.000103137,0.00040821,0.288048,-0.00290966
11.0093,0.30471,0.289742,0.014968,0.00384633,0.000725863,0.00010305,0.00040793,0.28762,-0.00296077
11.0151,0.302494,0.28926,0.0132339,0.00384323,0.000725271,0.000102963,0.00040765,0.287193,-0.00301195
11.021,0.304841,0.288779,0.0160618,0.00384014,0.000724681,0.000102877,0.00040737,0.286767,-0.00306322
11.0269,0.428186,0.288299,0.139887,0.00383706,0.000724091,0.00010279,0.000407091,0.286343,-0.00311455
11.0327,0.218063,0.28782,-0.0697573,0.00383398,0.000723502,0.000102704,0.000406812,0.285919,-0.00316596
11.0386,0.379716,0.287342,0.0923739,0.0038309,0.000722914,0.000102618,0.000406533,0.285497,-0.00321745
11.0445,0.216518,0.286865,-0.0703474,0.00382783,0.000722327,0.000102532,0.000406255,0.285075,-0.00326901
11.0503,0.398419,0.286389,0.112029,0.00382476,0.000721741,0.000102446,0.000405978,0.284655,-0.00332064
11.0562,0.225588,0.285914,-0.0603264,0.0038217,0.000721156,0.000102361,0.0004057,0.284236,-0.00337236
11.062,0.22438,0.28544,-0.0610601,0.00381865,0.000720572,0.000102275,0.000405423,0.283817,-0.00342414
11.0679,0.341526,0.284967,0.0565585,0.0038156,0.000719989,0.00010219,0.000405147,0.2834,-0.003476
11.0738,0.215707,0.284495,-0.0687878,0.00381255,0.000719407,0.000102104,0.00040487,0.282984,-0.00352793
11.0796,0.324502,0.284024,0.040478,0.00380951,0.000718826,0.000102019,0.000404594,0.282569,-0.00357994
11.0855,0.105387,0.283554,-0.178167,0.00380648,0.000718245,0.000101934,0.000404319,0.282155,-0.00363203
11.0914,0.161058,0.283085,-0.122027,0.00380345,0.000717666,0.000101849,0.000404044,0.281742,-0.00368419
11.0972,0.250515,0.282617,-0.0321024,0.00380042,0.000717088,0.000101765,0.000403769,0.28133,-0.00373642
11.1031,0.313148,0.28215,0.0309976,0.0037974,0.00071651,0.00010168,0.000403495,0.28092,-0.00378873
11.1089,0.43617,0.281684,0.154486,0.00379438,0.000715934,0.000101596,0.000403221,0.28051,-0.00384111
11.1148,0.365583,0.281219,0.0843643,0.00379137,0.000715358,0.000101511,0.000402947,0.280101,-0.00389357
11.1207,0.42013,0.280754,0.139376,0.00378836,0.000714784,0.000101427,0.000402674,0.279693,-0.00394611
11.1265,0.212842,0.280291,-0.0674488,0.00378536,0.00071421,0.000101343,0.000402401,0.279287,-0.00399871
11.1324,0.102847,0.279829,-0.176982,0.00378237,0.000713637,0.000101259,0.000402128,0.278881,-0.0040514
11.1383,0.353235,0.279368,0.0738671,0.00377937,0.000713065,0.000101176,0.000401856,0.278476,-0.00410415
11.1441,0.169605,0.278907,-0.109303,0.00377639,0.000712495,0.000101092,0.000401584,0.278073,-0.00415699
11.15,0.186604,0.278448,-0.0918433,0.00377341,0.000711925,0.000101009,0.000401313,0.27767,-0.00420989
11.1558,0.337122,0.277989,0.0591329,0.00377043,0.000711356,0.000100925,0.000401042,0.277268,-0.00426288
11.1617,0.190915,0.277532,-0.0866169,0.00376746,0.000710787,0.000100842,0.000400771,0.276868,-0.00431593
11.1676,0.226519,0.277075,-0.0505563,0.00376449,0.00071022,0.000100759,0.000400501,0.276468,-0.00436906
11.1734,0.286627,0.276619,0.0100078,0.00376152,0.000709654,0.000100676,0.000400231,0.276069,-0.00442227
11.1793,0.442621,0.276164,0.166456,0.00375857,0.000709089,0.000100593,0.000399961,0.275672,-0.00447555
11.1851,0.229962,0.275711,-0.0457486,0.00375561,0.000708524,0.000100511,0.000399692,0.275275,-0.00452891
11.191,0.158007,0.275258,-0.117251,0.00375266,0.000707961,0.000100428,0.000399423,0.274879,-0.00458234
11.1969,0.0651707,0.274806,-0.209635,0.00374972,0.000707398,0.000100346,0.000399155,0.274485,-0.00463585
11.2027,0.37996,0.274354,0.105606,0.00374678,0.000706836,0.000100264,0.000398887,0.274091,-0.00468943
11.2086,0.219697,0.273904,-0.0542073,0.00374385,0.000706275,0.000100181,0.000398619,0.273698,-0.00474308
11.2145,0.223112,0.273455,-0.050343,0.00374092,0.000705715,0.0001001,0.000398351,0.273307,-0.00479681
11.2203,0.45035,0.273006,0.177344,0.00373799,0.000705156,0.000100018,0.000398084,0.272916,-0.00485062
11.2262,0.132506,0.272559,-0.140053,0.00373507,0.000704598,9.9936e-05,0.000397818,0.272526,-0.0049045
11.232,0.131488,0.272112,-0.140624,0.00373215,0.000704041,9.98544e-05,0.000397551,0.272137,-0.00495845
11.2379,0.252127,0.271666,-0.0195398,0.00372924,0.000703485,9.9773e-05,0.000397285,0.271749,-0.00501248
11.2438,0.366205,0.271222,0.094983,0.00372633,0.000702929,9.96917e-05,0.00039702,0.271362,-0.00506659
11.2496,0.19797,0.270778,-0.0728078,0.00372343,0.000702374,9.96105e-05,0.000396754,0.270976,-0.00512076
11.2555,0.361767,0.270335,0.0914323,0.00372053,0.000701821,9.95295e-05,0.000396489,0.270591,-0.00517502
11.2614,0.342652,0.269892,0.0727597,0.00371764,0.000701268,9.94486e-05,0.000396225,0.270207,-0.00522935
11.2672,0.213139,0.269451,-0.0563125,0.00371475,0.000700716,9.93678e-05,0.00039596,0.269824,-0.00528375
11.2731,0.391105,0.269011,0.122094,0.00371187,0.000700165,9.92872e-05,0.000395697,0.269442,-0.00533823
11.2789,0.45262,0.268571,0.184049,0.00370899,0.000699615,9.92066e-05,0.000395433,0.26906,-0.00539278
11.2848,0.31852,0.268132,0.0503882,0.00370612,0.000699065,9.91263e-05,0.00039517,0.26868,-0.00544741
11.2907,0.380895,0.267694,0.1132,0.00370324,0.000698517,9.9046e-05,0.000394907,0.268301,-0.00550211
11.2965,0.426665,0.267257,0.159408,0.00370038,0.000697969,9.89659e-05,0.000394645,0.267922,-0.00555689
11.3024,0.396515,0.266821,0.129694,0.00369752,0.000697423,9.88859e-05,0.000394382,0.267545,-0.00561174
11.3083,0.266493,0.266386,0.000106852,0.00369466,0.000696877,9.8806e-05,0.000394121,0.267168,-0.00566667
11.3141,0.188539,0.265951,-0.0774125,0.00369181,0.000696332,9.87263e-05,0.000393859,0.266792,-0.00572167
11.32,0.107553,0.265518,-0.157965,0.00368896,0.000695788,9.86467e-05,0.000393598,0.266417,-0.00577675
11.3258,0.310423,0.265085,0.0453379,0.00368612,0.000695244,9.85672e-05,0.000393337,0.266044,-0.0058319
11.3317,0.230032,0.264653,-0.0346207,0.00368328,0.000694702,9.84879e-05,0.000393077,0.265671,-0.00588713
11.3376,0.29221,0.264222,0.0279886,0.00368044,0.00069416,9.84086e-05,0.000392817,0.265298,-0.00594243
11.3434,0.188519,0.263792,-0.0752726,0.00367761,0.00069362,9.83295e-05,0.000392557,0.264927,-0.0059978
11.3493,0.426581,0.263362,0.163219,0.00367479,0.00069308,9.82506e-05,0.000392298,0.264557,-0.00605326
11.3552,0.482209,0.262934,0.219276,0.00367197,0.000692541,9.81717e-05,0.000392039,0.264188,-0.00610878
11.361,0.360292,0.262506,0.097786,0.00366915,0.000692003,9.8093e-05,0.00039178,0.263819,-0.00616438
11.3669,0.435711,0.262079,0.173632,0.00366634,0.000691465,9.80144e-05,0.000391522,0.263451,-0.00622006
11.3727,0.277734,0.261653,0.0160812,0.00366353,0.000690929,9.79359e-05,0.000391264,0.263085,-0.00627581
11.3786,0.24509,0.261227,-0.0161374,0.00366073,0.000690393,9.78576e-05,0.000391006,0.262719,-0.00633163
11.3845,0.196445,0.260803,-0.0643574,0.00365793,0.000689859,9.77794e-05,0.000390749,0.262354,-0.00638753
11.3903,0.358779,0.260379,0.0984,0.00365513,0.000689325,9.77013e-05,0.000390492,0.26199,-0.00644351
11.3962,0.279803,0.259956,0.0198468,0.00365234,0.000688791,9.76233e-05,0.000390235,0.261627,-0.00649956
11.4021,0.195542,0.259534,-0.0639917,0.00364956,0.000688259,9.75455e-05,0.000389979,0.261264,-0.00655568
11.4079,0.347376,0.259113,0.0882632,0.00364677,0.000687728,9.74678e-05,0.000389723,0.260903,-0.00661188
11.4138,0.382265,0.258692,0.123573,0.003644,0.000687197,9.73902e-05,0.000389467,0.260542,-0.00666815
11.4196,0.408264,0.258272,0.149992,0.00364122,0.000686667,9.73127e-05,0.000389212,0.260183,-0.0067245
11.4255,0.0963743,0.257854,-0.161479,0.00363845,0.000686138,9.72353e-05,0.000388957,0.259824,-0.00678092
11.4314,0.173095,0.257435,-0.0843405,0.00363569,0.00068561,9.71581e-05,0.000388702,0.259466,-0.00683742
11.4372,0.110811,0.257018,-0.146207,0.00363293,0.000685083,9.7081e-05,0.000388448,0.259108,-0.006894
11.4431,0.181367,0.256601,-0.0752348,0.00363017,0.000684556,9.7004e-05,0.000388194,0.258752,-0.00695064
11.4489,0.166747,0.256186,-0.0894388,0.00362742,0.000684031,9.69272e-05,0.00038794,0.258397,-0.00700737
11.4548,0.172093,0.255771,-0.0836779,0.00362467,0.000683506,9.68504e-05,0.000387687,0.258042,-0.00706416
11.4607,0.430904,0.255356,0.175548,0.00362193,0.000682982,9.67738e-05,0.000387434,0.257688,-0.00712104
11.4665,0.240507,0.254943,-0.0144364,0.00361919,0.000682458,9.66973e-05,0.000387181,0.257335,-0.00717798
11.4724,0.314753,0.25453,0.0602231,0.00361646,0.000681936,9.66209e-05,0.000386929,0.256983,-0.00723501
11.4783,0.264225,0.254118,0.0101063,0.00361372,0.000681414,9.65447e-05,0.000386677,0.256632,-0.0072921
11.4841,0.203,0.253707,-0.0507068,0.003611,0.000680894,9.64685e-05,0.000386425,0.256282,-0.00734927
11.49,0.327634,0.253297,0.0743373,0.00360828,0.000680374,9.63925e-05,0.000386174,0.255932,-0.00740652
11.4958,0.406723,0.252887,0.153836,0.00360556,0.000679854,9.63166e-05,0.000385923,0.255583,-0.00746384
11.5017,0.431044,0.252478,0.178566,0.00360284,0.000679336,9.62408e-05,0.000385672,0.255235,-0.00752124
11.5076,0.380339,0.25207,0.128269,0.00360013,0.000678818,9.61652e-05,0.000385421,0.254888,-0.00757871
11.5134,0.417674,0.251663,0.166012,0.00359743,0.000678301,9.60896e-05,0.000385171,0.254542,-0.00763625
11.5193,0.305682,0.251256,0.0544264,0.00359473,0.000677785,9.60142e-05,0.000384922,0.254196,-0.00769387
11.5252,0.23859,0.25085,-0.0122602,0.00359203,0.00067727,9.59389e-05,0.000384672,0.253852,-0.00775157
11.531,0.229564,0.250445,-0.0208806,0.00358933,0.000676756,9.58637e-05,0.000384423,0.253508,-0.00780934
11.5369,0.314479,0.250041,0.0644389,0.00358664,0.000676242,9.57886e-05,0.000384174,0.253165,-0.00786719
11.5427,0.393891,0.249637,0.144254,0.00358396,0.000675729,9.57137e-05,0.000383926,0.252823,-0.0079251
11.5486,0.397819,0.249234,0.148585,0.00358128,0.000675217,9.56388e-05,0.000383678,0.252481,-0.0079831
11.5545,0.140389,0.248832,-0.108443,0.0035786,0.000674706,9.55641e-05,0.00038343,0.252141,-0.00804117
11.5603,0.359924,0.24843,0.111494,0.00357593,0.000674195,9.54895e-05,0.000383183,0.251801,-0.00809931
11.5662,0.304334,0.248029,0.0563047,0.00357326,0.000673686,9.5415e-05,0.000382935,0.251462,-0.00815753
11.5721,0.277159,0.247629,0.02953,0.00357059,0.000673177,9.53407e-05,0.000382688,0.251123,-0.00821583
11.5779,0.433959,0.24723,0.186729,0.00356793,0.000672668,9.52664e-05,0.000382442,0.250786,-0.00827419
11.5838,0.259532,0.246831,0.0127001,0.00356528,0.000672161,9.51923e-05,0.000382196,0.250449,-0.00833264
11.5896,0.246746,0.246434,0.000312818,0.00356262,0.000671654,9.51182e-05,0.00038195,0.250113,-0.00839116
11.5955,0.187216,0.246036,-0.0588207,0.00355997,0.000671148,9.50443e-05,0.000381704,0.249778,-0.00844975
11.6014,0.194213,0.24564,-0.0514273,0.00355733,0.000670643,9.49705e-05,0.000381459,0.249444,-0.00850842
11.6072,0.275596,0.245244,0.0303516,0.00355469,0.000670139,9.48968e-05,0.000381214,0.24911,-0.00856716
11.6131,0.206723,0.244849,-0.0381263,0.00355205,0.000669635,9.48233e-05,0.000380969,0.248778,-0.00862598
11.619,0.337314,0.244455,0.0928589,0.00354942,0.000669133,9.47498e-05,0.000380725,0.248446,-0.00868487
11.6248,0.240164,0.244061,-0.00389754,0.00354679,0.000668631,9.46765e-05,0.000380481,0.248114,-0.00874384
11.6307,0.273569,0.243668,0.0299012,0.00354417,0.000668129,9.46032e-05,0.000380237,0.247784,-0.00880288
11.6365,0.390217,0.243276,0.146942,0.00354154,0.000667629,9.45301e-05,0.000379994,0.247454,-0.00886199
11.6424,0.230533,0.242884,-0.0123509,0.00353893,0.000667129,9.44571e-05,0.000379751,0.247125,-0.00892119
11.6483,0.209986,0.242493,-0.0325072,0.00353631,0.00066663,9.43842e-05,0.000379508,0.246797,-0.00898045
11.6541,0.1865,0.242103,-0.0556037,0.0035337,0.000666132,9.43115e-05,0.000379266,0.24647,-0.00903979
11.66,0.223275,0.241714,-0.0184391,0.0035311,0.000665634,9.42388e-05,0.000379024,0.246143,-0.00909921
11.6659,0.239574,0.241325,-0.00175091,0.0035285,0.000665137,9.41662e-05,0.000378782,0.245817,-0.0091587
11.6717,0.242194,0.240937,0.00125697,0.0035259,0.000664641,9.40938e-05,0.00037854,0.245492,-0.00921827
11.6776,0.323099,0.240549,0.0825501,0.00352331,0.000664146,9.40215e-05,0.000378299,0.245167,-0.00927791
11.6834,0.177696,0.240163,-0.0624665,0.00352072,0.000663652,9.39492e-05,0.000378058,0.244844,-0.00933762
11.6893,0.250903,0.239776,0.0111262,0.00351813,0.000663158,9.38771e-05,0.000377817,0.244521,-0.00939741
11.6952,0.246931,0.239391,0.00754011,0.00351555,0.000662665,9.38051e-05,0.000377577,0.244199,-0.00945728
11.701,0.25931,0.239006,0.0203035,0.00351297,0.000662173,9.37332e-05,0.000377337,0.243877,-0.00951722
11.7069,0.17691,0.238622,-0.0617122,0.0035104,0.000661681,9.36615e-05,0.000377097,0.243557,-0.00957723
11.7128,0.296406,0.238239,0.0581669,0.00350783,0.00066119,9.35898e-05,0.000376858,0.243237,-0.00963732
11.7186,0.182317,0.237856,-0.0555394,0.00350526,0.0006607,9.35182e-05,0.000376619,0.242917,-0.00969748
11.7245,0.209121,0.237474,-0.0283528,0.0035027,0.000660211,9.34468e-05,0.00037638,0.242599,-0.00975772
11.7303,0.351722,0.237092,0.114629,0.00350014,0.000659722,9.33754e-05,0.000376142,0.242281,-0.00981804
11.7362,0.452941,0.236711,0.21623,0.00349758,0.000659234,9.33042e-05,0.000375903,0.241964,-0.00987843
11.7421,0.319064,0.236331,0.0827323,0.00349503,0.000658747,9.32331e-05,0.000375666,0.241648,-0.00993889
11.7479,0.248171,0.235952,0.0122196,0.00349248,0.000658261,9.3162e-05,0.000375428,0.241332,-0.00999943
11.7538,0.0865657,0.235573,-0.149007,0.00348994,0.000657775,9.30911e-05,0.000375191,0.241017,-0.01006
11.7596,0.178429,0.235195,-0.0567659,0.0034874,0.00065729,9.30203e-05,0.000374954,0.240703,-0.0101207
11.7655,0.130797,0.234817,-0.104021,0.00348486,0.000656806,9.29496e-05,0.000374717,0.240389,-0.0101815
11.7714,0.25113,0.23444,0.0166896,0.00348233,0.000656322,9.2879e-05,0.000374481,0.240077,-0.0102423
11.7772,0.210135,0.234064,-0.0239286,0.0034798,0.000655839,9.28086e-05,0.000374244,0.239764,-0.0103032
11.7831,0.290785,0.233688,0.0570965,0.00347727,0.000655357,9.27382e-05,0.000374009,0.239453,-0.0103642
11.789,0.194239,0.233313,-0.0390744,0.00347475,0.000654876,9.26679e-05,0.000373773,0.239142,-0.0104253
11.7948,0.139871,0.232939,-0.0930674,0.00347224,0.000654395,9.25977e-05,0.000373538,0.238833,-0.0104864
11.8007,0.226298,0.232565,-0.00626707,0.00346972,0.000653915,9.25277e-05,0.000373303,0.238523,-0.0105476
11.8065,0.27154,0.232192,0.0393484,0.00346721,0.000653436,9.24577e-05,0.000373068,0.238215,-0.0106089
11.8124,0.234746,0.231819,0.00292639,0.0034647,0.000652957,9.23879e-05,0.000372834,0.237907,-0.0106703
11.8183,0.175892,0.231448,-0.0555553,0.0034622,0.00065248,9.23182e-05,0.0003726,0.2376,-0.0107317
11.8241,0.271038,0.231076,0.0399614,0.0034597,0.000652002,9.22485e-05,0.000372366,0.237293,-0.0107932
11.83,0.42001,0.230706,0.189305,0.00345721,0.000651526,9.2179e-05,0.000372133,0.236987,-0.0108548
11.8359,0.191175,0.230336,-0.0391605,0.00345471,0.00065105,9.21096e-05,0.0003719,0.236682,-0.0109165
11.8417,0.0737756,0.229966,-0.156191,0.00345223,0.000650575,9.20402e-05,0.000371667,0.236378,-0.0109782
11.8476,0.297189,0.229597,0.0675921,0.00344974,0.000650101,9.1971e-05,0.000371434,0.236074,-0.01104
11.8534,0.142043,0.229229,-0.0871857,0.00344726,0.000649627,9.19019e-05,0.000371202,0.235771,-0.0111019
11.8593,0.281857,0.228862,0.0529957,0.00344478,0.000649154,9.18329e-05,0.00037097,0.235469,-0.0111639
11.8652,0.211259,0.228495,-0.0172355,0.00344231,0.000648682,9.1764e-05,0.000370738,0.235167,-0.0112259
11.871,0.241114,0.228128,0.0129862,0.00343984,0.000648211,9.16952e-05,0.000370507,0.234866,-0.011288
11.8769,0.30234,0.227762,0.0745775,0.00343737,0.00064774,9.16265e-05,0.000370276,0.234566,-0.0113502
11.8828,0.269257,0.227397,0.0418599,0.00343491,0.00064727,9.15579e-05,0.000370045,0.234266,-0.0114125
11.8886,0.203685,0.227033,-0.0233476,0.00343245,0.0006468,9.14894e-05,0.000369815,0.233967,-0.0114748
11.8945,0.504136,0.226669,0.277467,0.00342999,0.000646331,9.1421e-05,0.000369584,0.233668,-0.0115372
11.9003,0.241644,0.226305,0.0153384,0.00342754,0.000645863,9.13527e-05,0.000369354,0.233371,-0.0115997
11.9062,0.199525,0.225942,-0.0264174,0.00342509,0.000645396,9.12845e-05,0.000369125,0.233074,-0.0116622
11.9121,0.163427,0.22558,-0.0621531,0.00342265,0.000644929,9.12164e-05,0.000368895,0.232777,-0.0117249
11.9179,0.210918,0.225219,-0.014301,0.0034202,0.000644463,9.11484e-05,0.000368666,0.232482,-0.0117876
11.9238,0.248512,0.224858,0.0236545,0.00341777,0.000643998,9.10805e-05,0.000368437,0.232187,-0.0118504
11.9297,0.0510488,0.224497,-0.173448,0.00341533,0.000643533,9.10127e-05,0.000368209,0.231892,-0.0119132
11.9355,0.240045,0.224137,0.0159081,0.0034129,0.000643069,9.09451e-05,0.00036798,0.231598,-0.0119761
11.9414,0.311284,0.223778,0.0875062,0.00341047,0.000642606,9.08775e-05,0.000367752,0.231305,-0.0120392
11.9472,0.0655197,0.223419,-0.157899,0.00340805,0.000642143,9.081e-05,0.000367525,0.231013,-0.0121022
11.9531,0.148362,0.223061,-0.0746994,0.00340563,0.000641681,9.07426e-05,0.000367297,0.230721,-0.0121654
11.959,0.217784,0.222703,-0.00491949,0.00340321,0.00064122,9.06753e-05,0.00036707,0.23043,-0.0122286
11.9648,0.220372,0.222346,-0.00197448,0.0034008,0.000640759,9.06081e-05,0.000366843,0.230139,-0.0122919
11.9707,0.242732,0.22199,0.0207423,0.00339839,0.000640299,9.0541e-05,0.000366617,0.229849,-0.0123553
11.9766,0.0575418,0.221634,-0.164092,0.00339598,0.00063984,9.04741e-05,0.00036639,0.22956,-0.0124188
11.9824,0.250992,0.221279,0.0297133,0.00339358,0.000639381,9.04072e-05,0.000366164,0.229272,-0.0124823
11.9883,0.308446,0.220924,0.0875217,0.00339118,0.000638923,9.03404e-05,0.000365939,0.228984,-0.0125459
11.9941,0.296028,0.22057,0.0754579,0.00338878,0.000638466,9.02737e-05,0.000365713,0.228696,-0.0126096
12,0.370422,0.220216,0.150206,0.00338639,0.000638009,9.02071e-05,0.000365488,0.228409,-0.0126733
