ppm,observed,fitted,residual,component_EGDA,component_EGMA,component_EG,component_AcOH,component_exchange_pool,component_baseline
0,-0.141086,-0.149428,0.00834212,-0.00684905,-0.00410958,-0.00268144,-0.00944446,-0.0303717,-0.095972
0.00586224,-0.128476,-0.14914,0.0206634,-0.00686378,-0.00411783,-0.00268549,-0.00946817,-0.0301209,-0.0958835
0.0117245,-0.09145,-0.14885,0.0574,-0.00687857,-0.00412611,-0.00268954,-0.009492,-0.0298687,-0.0957951
0.0175867,-0.0251941,-0.148559,0.123365,-0.00689342,-0.00413443,-0.00269361,-0.00951595,-0.0296153,-0.0957067
0.0234489,-0.245919,-0.148268,-0.0976511,-0.00690835,-0.00414278,-0.00269769,-0.00954001,-0.0293604,-0.0956184
0.0293112,0.00211978,-0.147975,0.150095,-0.00692334,-0.00415117,-0.00270178,-0.0095642,-0.0291043,-0.0955301
0.0351734,-0.144337,-0.147681,0.0033438,-0.0069384,-0.0041596,-0.00270588,-0.0095885,-0.0288467,-0.0954419
0.0410357,-0.0111084,-0.147386,0.136278,-0.00695353,-0.00416806,-0.00271,-0.00961293,-0.0285879,-0.0953538
0.0468979,0.033122,-0.14709,0.180212,-0.00696872,-0.00417655,-0.00271413,-0.00963748,-0.0283276,-0.0952657
0.0527601,-0.172134,-0.146793,-0.0253404,-0.00698399,-0.00418509,-0.00271827,-0.00966216,-0.028066,-0.0951777
0.0586224,-0.321412,-0.146495,-0.174917,-0.00699932,-0.00419366,-0.00272242,-0.00968696,-0.027803,-0.0950897
0.0644846,-0.177891,-0.146196,-0.0316951,-0.00701473,-0.00420227,-0.00272659,-0.00971188,-0.0275386,-0.0950018
0.0703468,-0.0750469,-0.145895,0.0708486,-0.00703021,-0.00421091,-0.00273077,-0.00973693,-0.0272728,-0.0949139
0.0762091,-0.355709,-0.145594,-0.210115,-0.00704575,-0.00421959,-0.00273496,-0.00976211,-0.0270056,-0.0948261
0.0820713,-0.248045,-0.145292,-0.102753,-0.00706137,-0.00422832,-0.00273917,-0.00978742,-0.0267369,-0.0947383
0.0879336,-0.130168,-0.144988,0.0148203,-0.00707707,-0.00423707,-0.00274339,-0.00981285,-0.0264669,-0.0946506
0.0937958,-0.201335,-0.144683,-0.056652,-0.00709283,-0.00424587,-0.00274762,-0.00983842,-0.0261954,-0.094563
0.099658,-0.0417878,-0.144377,0.102589,-0.00710867,-0.00425471,-0.00275186,-0.00986411,-0.0259225,-0.0944754
0.10552,-0.137287,-0.14407,0.00678283,-0.00712458,-0.00426358,-0.00275612,-0.00988994,-0.0256481,-0.0943879
0.111383,-0.170663,-0.143762,-0.0269014,-0.00714057,-0.0042725,-0.00276039,-0.0099159,-0.0253723,-0.0943004
0.117245,-0.146915,-0.143453,-0.00346221,-0.00715663,-0.00428145,-0.00276467,-0.009942,-0.025095,-0.0942129
0.123107,-0.154425,-0.143142,-0.0112833,-0.00717276,-0.00429045,-0.00276897,-0.00996823,-0.0248162,-0.0941256
0.128969,-0.237112,-0.142831,-0.0942815,-0.00718897,-0.00429948,-0.00277328,-0.00999459,-0.024536,-0.0940383
0.134831,-0.278489,-0.142518,-0.135971,-0.00720526,-0.00430856,-0.0027776,-0.0100211,-0.0242542,-0.093951
0.140694,-0.164738,-0.142204,-0.0225343,-0.00722163,-0.00431767,-0.00278194,-0.0100477,-0.023971,-0.0938638
0.146556,-0.230376,-0.141889,-0.0884872,-0.00723807,-0.00432683,-0.00278629,-0.0100745,-0.0236862,-0.0937766
0.152418,-0.205285,-0.141572,-0.0637126,-0.00725459,-0.00433602,-0.00279065,-0.0101014,-0.0234,-0.0936895
0.15828,-0.156007,-0.141255,-0.0147526,-0.00727119,-0.00434526,-0.00279503,-0.0101285,-0.0231122,-0.0936025
0.164143,0.0624657,-0.140936,0.203402,-0.00728787,-0.00435454,-0.00279942,-0.0101557,-0.0228228,-0.0935155
0.170005,-0.031128,-0.140616,0.109488,-0.00730463,-0.00436386,-0.00280382,-0.0101831,-0.022532,-0.0934286
0.175867,-0.136225,-0.140295,0.00406985,-0.00732147,-0.00437323,-0.00280824,-0.0102106,-0.0222395,-0.0933417
0.181729,-0.00965932,-0.139972,0.130313,-0.00733839,-0.00438264,-0.00281268,-0.0102382,-0.0219456,-0.0932549
0.187592,0.112449,-0.139649,0.252098,-0.00735539,-0.00439209,-0.00281712,-0.010266,-0.02165,-0.0931681
0.193454,-0.129281,-0.139324,0.0100431,-0.00737248,-0.00440158,-0.00282158,-0.0102939,-0.0213529,-0.0930814
0.199316,-0.195864,-0.138998,-0.0568658,-0.00738964,-0.00441112,-0.00282606,-0.010322,-0.0210541,-0.0929948
0.205178,-0.14034,-0.13867,-0.00166987,-0.00740689,-0.0044207,-0.00283055,-0.0103502,-0.0207538,-0.0929082
0.211041,-0.115122,-0.138342,0.0232194,-0.00742423,-0.00443032,-0.00283505,-0.0103786,-0.0204519,-0.0928216
0.216903,-0.186612,-0.138012,-0.0486004,-0.00744165,-0.00443999,-0.00283957,-0.0104072,-0.0201484,-0.0927351
0.222765,0.0356153,-0.137681,0.173296,-0.00745915,-0.00444971,-0.0028441,-0.0104358,-0.0198432,-0.0926487
0.228627,-0.205672,-0.137348,-0.0683234,-0.00747674,-0.00445947,-0.00284864,-0.0104647,-0.0195364,-0.0925623
0.234489,-0.207055,-0.137014,-0.0700403,-0.00749441,-0.00446927,-0.0028532,-0.0104937,-0.0192279,-0.092476
0.240352,-0.124714,-0.136679,0.0119656,-0.00751218,-0.00447912,-0.00285778,-0.0105229,-0.0189178,-0.0923897
0.246214,-0.0318531,-0.136343,0.10449,-0.00753003,-0.00448902,-0.00286237,-0.0105522,-0.018606,-0.0923035
0.252076,-0.0201791,-0.136005,0.115826,-0.00754797,-0.00449896,-0.00286697,-0.0105817,-0.0182926,-0.0922173
0.257938,0.0295021,-0.135667,0.165169,-0.007566,-0.00450895,-0.00287159,-0.0106113,-0.0179775,-0.0921312
0.263801,0.151788,-0.135326,0.287115,-0.00758412,-0.00451899,-0.00287623,-0.0106411,-0.0176606,-0.0920452
0.269663,-0.0541707,-0.134985,0.080814,-0.00760233,-0.00452907,-0.00288087,-0.0106711,-0.0173421,-0.0919592
0.275525,-0.0650505,-0.134642,0.0695912,-0.00762063,-0.0045392,-0.00288554,-0.0107012,-0.0170219,-0.0918733
0.281387,-0.169769,-0.134297,-0.0354718,-0.00763902,-0.00454939,-0.00289022,-0.0107315,-0.0166999,-0.0917874
0.28725,-0.111331,-0.133952,0.0226208,-0.0076575,-0.00455961,-0.00289491,-0.010762,-0.0163762,-0.0917015
0.293112,-0.147731,-0.133605,-0.0141266,-0.00767608,-0.00456989,-0.00289962,-0.0107926,-0.0160507,-0.0916158
0.298974,-0.015206,-0.133256,0.11805,-0.00769475,-0.00458022,-0.00290434,-0.0108234,-0.0157235,-0.0915301
0.304836,-0.0057961,-0.132907,0.12711,-0.00771352,-0.0045906,-0.00290908,-0.0108544,-0.0153946,-0.0914444
0.310699,-0.189546,-0.132555,-0.0569911,-0.00773238,-0.00460102,-0.00291384,-0.0108855,-0.0150638,-0.0913588
0.316561,-0.0786096,-0.132203,0.0535932,-0.00775134,-0.0046115,-0.00291861,-0.0109169,-0.0147313,-0.0912732
0.322423,-0.189584,-0.131849,-0.0577354,-0.00777039,-0.00462203,-0.0029234,-0.0109484,-0.014397,-0.0911877
0.328285,-0.0324348,-0.131494,0.0990587,-0.00778954,-0.0046326,-0.0029282,-0.0109801,-0.0140608,-0.0911023
0.334148,0.0282457,-0.131137,0.159382,-0.00780879,-0.00464323,-0.00293302,-0.0110119,-0.0137229,-0.0910169
0.34001,-0.0355674,-0.130778,0.0952111,-0.00782814,-0.00465392,-0.00293785,-0.011044,-0.0133831,-0.0909316
0.345872,-0.0200753,-0.130419,0.110344,-0.00784759,-0.00466465,-0.0029427,-0.0110762,-0.0130414,-0.0908463
0.351734,-0.00575074,-0.130058,0.124307,-0.00786714,-0.00467544,-0.00294756,-0.0111086,-0.0126979,-0.0907611
0.357596,-0.094778,-0.129695,0.0349172,-0.00788679,-0.00468628,-0.00295245,-0.0111412,-0.0123526,-0.0906759
0.363459,-0.0495107,-0.129331,0.0798205,-0.00790655,-0.00469717,-0.00295734,-0.011174,-0.0120054,-0.0905908
0.369321,-0.0271502,-0.128966,0.101816,-0.0079264,-0.00470812,-0.00296226,-0.0112069,-0.0116563,-0.0905057
0.375183,-0.0890076,-0.128599,0.0395912,-0.00794636,-0.00471912,-0.00296719,-0.0112401,-0.0113053,-0.0904207
0.381045,-0.260152,-0.12823,-0.131921,-0.00796643,-0.00473017,-0.00297213,-0.0112734,-0.0109524,-0.0903358
0.386908,-0.158179,-0.12786,-0.0303183,-0.0079866,-0.00474128,-0.00297709,-0.011307,-0.0105975,-0.0902509
0.39277,0.0402016,-0.127489,0.167691,-0.00800687,-0.00475245,-0.00298207,-0.0113407,-0.0102408,-0.0901661
0.398632,-0.0768343,-0.127116,0.0502816,-0.00802726,-0.00476367,-0.00298707,-0.0113746,-0.00988205,-0.0900813
0.404494,-0.31058,-0.126741,-0.183838,-0.00804775,-0.00477495,-0.00299208,-0.0114088,-0.00952139,-0.0899966
0.410357,-0.152224,-0.126365,-0.0258583,-0.00806835,-0.00478628,-0.00299711,-0.0114431,-0.00915876,-0.0899119
0.416219,-0.0951321,-0.125988,0.0308559,-0.00808906,-0.00479767,-0.00300216,-0.0114776,-0.00879415,-0.0898273
0.422081,-0.103784,-0.125609,0.0218244,-0.00810988,-0.00480912,-0.00300722,-0.0115124,-0.00842755,-0.0897427
0.427943,-0.0333713,-0.125228,0.0918569,-0.00813081,-0.00482063,-0.0030123,-0.0115473,-0.00805895,-0.0896582
0.433806,0.0993124,-0.124846,0.224158,-0.00815186,-0.0048322,-0.0030174,-0.0115824,-0.00768834,-0.0895738
0.439668,-0.0600131,-0.124462,0.064449,-0.00817302,-0.00484382,-0.00302251,-0.0116178,-0.00731569,-0.0894894
0.44553,-0.265154,-0.124077,-0.141077,-0.00819429,-0.00485551,-0.00302764,-0.0116534,-0.00694101,-0.089405
0.451392,-0.132558,-0.12369,-0.00886861,-0.00821568,-0.00486725,-0.00303279,-0.0116891,-0.00656427,-0.0893207
0.457255,-0.0775423,-0.123301,0.045759,-0.00823718,-0.00487906,-0.00303796,-0.0117251,-0.00618547,-0.0892365
0.463117,-0.040424,-0.122911,0.0824871,-0.0082588,-0.00489092,-0.00304314,-0.0117613,-0.00580459,-0.0891523
0.468979,-0.0569295,-0.122519,0.0655898,-0.00828054,-0.00490285,-0.00304834,-0.0117977,-0.00542162,-0.0890682
0.474841,-0.0652686,-0.122126,0.0568572,-0.00830239,-0.00491484,-0.00305356,-0.0118344,-0.00503655,-0.0889842
0.480703,0.0247933,-0.121731,0.146524,-0.00832437,-0.00492689,-0.0030588,-0.0118712,-0.00464937,-0.0889001
0.486566,-0.140089,-0.121334,-0.0187548,-0.00834647,-0.004939,-0.00306405,-0.0119083,-0.00426005,-0.0888162
0.492428,0.0678444,-0.120936,0.18878,-0.00836869,-0.00495118,-0.00306932,-0.0119456,-0.00386859,-0.0887323
0.49829,-0.00490332,-0.120536,0.115632,-0.00839103,-0.00496342,-0.00307461,-0.0119831,-0.00347498,-0.0886484
0.504152,-0.0326907,-0.120134,0.0874432,-0.0084135,-0.00497573,-0.00307992,-0.0120209,-0.0030792,-0.0885647
0.510015,-0.0182788,-0.11973,0.101452,-0.00843609,-0.00498809,-0.00308525,-0.0120589,-0.00268123,-0.0884809
0.515877,0.0283755,-0.119325,0.147701,-0.0084588,-0.00500053,-0.0030906,-0.0120971,-0.00228107,-0.0883972
0.521739,-0.23001,-0.118919,-0.111091,-0.00848165,-0.00501303,-0.00309596,-0.0121356,-0.00187871,-0.0883136
0.527601,-0.231765,-0.11851,-0.113255,-0.00850462,-0.0050256,-0.00310134,-0.0121743,-0.00147412,-0.0882301
0.533464,-0.0412853,-0.1181,0.0768144,-0.00852772,-0.00503823,-0.00310674,-0.0122132,-0.00106729,-0.0881465
0.539326,-0.0999256,-0.117688,0.0177621,-0.00855095,-0.00505093,-0.00311216,-0.0122524,-0.000658212,-0.0880631
0.545188,-0.110783,-0.117274,0.00649138,-0.00857431,-0.0050637,-0.0031176,-0.0122918,-0.00024687,-0.0879797
0.55105,0.0336746,-0.116858,0.150533,-0.0085978,-0.00507654,-0.00312306,-0.0123315,0.00016675,-0.0878963
0.556913,-0.0370397,-0.116441,0.0794015,-0.00862143,-0.00508945,-0.00312854,-0.0123714,0.000582662,-0.087813
0.562775,-0.191921,-0.116022,-0.0758985,-0.00864519,-0.00510242,-0.00313403,-0.0124115,0.00100088,-0.0877298
0.568637,-0.0501526,-0.115601,0.0654487,-0.00866909,-0.00511547,-0.00313955,-0.0124519,0.00142142,-0.0876466
0.574499,-0.149395,-0.115179,-0.0342165,-0.00869312,-0.00512859,-0.00314508,-0.0124926,0.0018443,-0.0875635
0.580362,-0.229037,-0.114754,-0.114283,-0.00871729,-0.00514178,-0.00315064,-0.0125335,0.00226952,-0.0874804
0.586224,-0.0802841,-0.114328,0.0340437,-0.00874161,-0.00515504,-0.00315621,-0.0125747,0.00269712,-0.0873974
0.592086,0.0619162,-0.1139,0.175816,-0.00876606,-0.00516837,-0.0031618,-0.0126161,0.00312709,-0.0873144
0.597948,0.0961441,-0.11347,0.209614,-0.00879065,-0.00518178,-0.00316741,-0.0126578,0.00355946,-0.0872315
0.60381,-0.0849664,-0.113038,0.0280716,-0.00881538,-0.00519526,-0.00317305,-0.0126998,0.00399423,-0.0871487
0.609673,0.00769017,-0.112604,0.120294,-0.00884026,-0.00520881,-0.0031787,-0.012742,0.00443143,-0.0870659
0.615535,-0.0497328,-0.112169,0.062436,-0.00886529,-0.00522244,-0.00318437,-0.0127845,0.00487108,-0.0869832
0.621397,0.0285196,-0.111731,0.140251,-0.00889046,-0.00523615,-0.00319006,-0.0128273,0.00531318,-0.0869005
0.627259,-0.216651,-0.111292,-0.105359,-0.00891578,-0.00524993,-0.00319578,-0.0128704,0.00575775,-0.0868178
0.633122,-0.192577,-0.110851,-0.0817258,-0.00894124,-0.00526379,-0.00320151,-0.0129137,0.0062048,-0.0867353
0.638984,-0.0393661,-0.110408,0.0710414,-0.00896686,-0.00527772,-0.00320726,-0.0129573,0.00665436,-0.0866527
0.644846,-0.115189,-0.109962,-0.00522656,-0.00899263,-0.00529173,-0.00321304,-0.0130012,0.00710644,-0.0865703
0.650708,-0.0563726,-0.109515,0.0531428,-0.00901855,-0.00530583,-0.00321883,-0.0130454,0.00756105,-0.0864879
0.656571,-0.129026,-0.109066,-0.0199591,-0.00904463,-0.00532,-0.00322465,-0.0130899,0.00801822,-0.0864055
0.662433,-0.172272,-0.108615,-0.0636569,-0.00907086,-0.00533425,-0.00323048,-0.0131346,0.00847795,-0.0863232
0.668295,-0.0230853,-0.108163,0.0850772,-0.00909725,-0.00534858,-0.00323634,-0.0131797,0.00894026,-0.086241
0.674157,-0.0457972,-0.107708,0.0619104,-0.00912379,-0.005363,-0.00324222,-0.013225,0.00940518,-0.0861588
0.68002,0.0717302,-0.107251,0.178981,-0.0091505,-0.00537749,-0.00324812,-0.0132706,0.00987271,-0.0860766
0.685882,-0.0673173,-0.106792,0.0394745,-0.00917736,-0.00539207,-0.00325404,-0.0133166,0.0103429,-0.0859946
0.691744,-0.210302,-0.106331,-0.103971,-0.00920439,-0.00540674,-0.00325998,-0.0133628,0.0108157,-0.0859125
0.697606,-0.107948,-0.105868,-0.00208017,-0.00923158,-0.00542148,-0.00326595,-0.0134094,0.0112912,-0.0858306
0.703468,-0.156805,-0.105403,-0.051402,-0.00925894,-0.00543631,-0.00327193,-0.0134562,0.0117693,-0.0857487
0.709331,-0.0779429,-0.104936,0.0269928,-0.00928646,-0.00545123,-0.00327794,-0.0135034,0.0122502,-0.0856668
0.715193,-0.0734005,-0.104466,0.031066,-0.00931416,-0.00546624,-0.00328397,-0.0135509,0.0127338,-0.085585
0.721055,-0.0193442,-0.103995,0.084651,-0.00934202,-0.00548133,-0.00329002,-0.0135987,0.0132201,-0.0855032
0.726917,0.00627144,-0.103522,0.109793,-0.00937005,-0.00549651,-0.0032961,-0.0136468,0.0137092,-0.0854216
0.73278,0.0108406,-0.103046,0.113887,-0.00939826,-0.00551177,-0.0033022,-0.0136953,0.014201,-0.0853399
0.738642,-0.0221683,-0.102569,0.0804005,-0.00942664,-0.00552713,-0.00330831,-0.0137441,0.0146957,-0.0852583
0.744504,-0.144324,-0.102089,-0.0422353,-0.00945519,-0.00554258,-0.00331446,-0.0137932,0.0151931,-0.0851768
0.750366,-0.0146329,-0.101607,0.0869743,-0.00948392,-0.00555812,-0.00332062,-0.0138426,0.0156934,-0.0850953
0.756229,-0.0727275,-0.101123,0.0283957,-0.00951283,-0.00557375,-0.00332681,-0.0138924,0.0161965,-0.0850139
0.762091,-0.0531074,-0.100637,0.0475297,-0.00954192,-0.00558947,-0.00333302,-0.0139425,0.0167025,-0.0849326
0.767953,0.0085245,-0.100149,0.108673,-0.0095712,-0.00560528,-0.00333925,-0.013993,0.0172113,-0.0848512
0.773815,0.232128,-0.099658,0.331786,-0.00960065,-0.00562119,-0.00334551,-0.0140438,0.0177231,-0.08477
0.779678,0.0177546,-0.0991652,0.11692,-0.0096303,-0.0056372,-0.00335178,-0.0140949,0.0182378,-0.0846888
0.78554,-0.0285599,-0.0986702,0.0701103,-0.00966012,-0.0056533,-0.00335809,-0.0141464,0.0187554,-0.0846077
0.791402,-0.146907,-0.098173,-0.0487336,-0.00969014,-0.0056695,-0.00336441,-0.0141983,0.019276,-0.0845266
0.797264,-0.0937812,-0.0976734,0.00389221,-0.00972035,-0.00568579,-0.00337076,-0.0142505,0.0197995,-0.0844455
0.803127,-0.161517,-0.0971717,-0.0643451,-0.00975075,-0.00570219,-0.00337714,-0.0143031,0.0203261,-0.0843646
0.808989,-0.0707112,-0.0966676,0.0259564,-0.00978134,-0.00571868,-0.00338354,-0.014356,0.0208556,-0.0842836
0.814851,-0.0890125,-0.0961613,0.00714877,-0.00981213,-0.00573527,-0.00338996,-0.0144093,0.0213882,-0.0842028
0.820713,-0.0274824,-0.0956526,0.0681702,-0.00984312,-0.00575196,-0.0033964,-0.014463,0.0219239,-0.084122
0.826575,-0.0186435,-0.0951416,0.0764981,-0.0098743,-0.00576876,-0.00340287,-0.0145171,0.0224626,-0.0840412
0.832438,-0.0684382,-0.0946283,0.0261901,-0.00990569,-0.00578566,-0.00340937,-0.0145715,0.0230044,-0.0839605
0.8383,-0.102683,-0.0941127,-0.00857026,-0.00993728,-0.00580266,-0.00341589,-0.0146263,0.0235494,-0.0838799
0.844162,-0.0408867,-0.0935946,0.0527079,-0.00996907,-0.00581976,-0.00342243,-0.0146815,0.0240974,-0.0837993
0.850024,0.15301,-0.0930742,0.246084,-0.0100011,-0.00583698,-0.003429,-0.0147371,0.0246487,-0.0837187
0.855887,0.24782,-0.0925514,0.340372,-0.0100333,-0.00585429,-0.0034356,-0.0147931,0.0252031,-0.0836383
0.861749,0.00976979,-0.0920262,0.101796,-0.0100657,-0.00587172,-0.00344222,-0.0148495,0.0257607,-0.0835578
0.867611,-0.0353363,-0.0914986,0.0561623,-0.0100983,-0.00588925,-0.00344886,-0.0149063,0.0263215,-0.0834775
0.873473,-0.147176,-0.0909686,-0.056207,-0.0101312,-0.00590689,-0.00345553,-0.0149635,0.0268856,-0.0833971
0.879336,-0.0381946,-0.0904361,0.0522414,-0.0101642,-0.00592464,-0.00346223,-0.0150211,0.027453,-0.0833169
0.885198,-0.187299,-0.0899011,-0.0973978,-0.0101975,-0.00594251,-0.00346895,-0.0150791,0.0280236,-0.0832367
0.89106,-0.141695,-0.0893637,-0.0523312,-0.010231,-0.00596048,-0.0034757,-0.0151375,0.0285975,-0.0831565
0.896922,-0.0660245,-0.0888237,0.0227992,-0.0102647,-0.00597857,-0.00348247,-0.0151963,0.0291748,-0.0830764
0.902785,-0.278095,-0.0882813,-0.189814,-0.0102986,-0.00599677,-0.00348927,-0.0152556,0.0297554,-0.0829964
0.908647,-0.159497,-0.0877363,-0.0717612,-0.0103328,-0.00601509,-0.0034961,-0.0153153,0.0303394,-0.0829164
0.914509,-0.286661,-0.0871888,-0.199472,-0.0103672,-0.00603352,-0.00350295,-0.0153754,0.0309268,-0.0828365
0.920371,-0.290349,-0.0866387,-0.20371,-0.0104018,-0.00605207,-0.00350983,-0.015436,0.0315176,-0.0827566
0.926234,-0.0265471,-0.086086,0.0595389,-0.0104367,-0.00607074,-0.00351674,-0.0154969,0.0321119,-0.0826768
0.932096,-0.150003,-0.0855308,-0.0644723,-0.0104718,-0.00608953,-0.00352367,-0.0155584,0.0327096,-0.082597
0.937958,-0.127415,-0.0849729,-0.0424425,-0.0105071,-0.00610844,-0.00353064,-0.0156203,0.0333108,-0.0825173
0.94382,0.0470025,-0.0844125,0.131415,-0.0105427,-0.00612747,-0.00353762,-0.0156826,0.0339155,-0.0824377
0.949682,0.0849977,-0.0838494,0.168847,-0.0105785,-0.00614662,-0.00354464,-0.0157454,0.0345238,-0.0823581
0.955545,0.0734221,-0.0832836,0.156706,-0.0106145,-0.00616589,-0.00355168,-0.0158086,0.0351356,-0.0822785
0.961407,0.0789315,-0.0827152,0.161647,-0.0106508,-0.00618529,-0.00355875,-0.0158723,0.035751,-0.082199
0.967269,-0.0455916,-0.0821441,0.0365525,-0.0106873,-0.00620481,-0.00356585,-0.0159365,0.03637,-0.0821196
0.973131,0.00100783,-0.0815702,0.0825781,-0.0107241,-0.00622446,-0.00357298,-0.0160011,0.0369927,-0.0820402
0.978994,-0.0770583,-0.0809937,0.00393541,-0.0107612,-0.00624424,-0.00358014,-0.0160662,0.037619,-0.0819609
0.984856,-0.141376,-0.0804144,-0.0609613,-0.0107985,-0.00626415,-0.00358732,-0.0161318,0.038249,-0.0818816
0.990718,-0.228446,-0.0798324,-0.148614,-0.010836,-0.00628418,-0.00359453,-0.0161979,0.0388827,-0.0818024
0.99658,-0.0476456,-0.0792475,0.0316019,-0.0108738,-0.00630435,-0.00360177,-0.0162645,0.0395201,-0.0817233
1.00244,-0.127155,-0.0786599,-0.0484951,-0.0109119,-0.00632465,-0.00360904,-0.0163315,0.0401613,-0.0816442
1.0083,-0.205867,-0.0780695,-0.127798,-0.0109502,-0.00634508,-0.00361634,-0.0163991,0.0408063,-0.0815651
1.01417,-0.0295266,-0.0774763,0.0479496,-0.0109888,-0.00636565,-0.00362367,-0.0164671,0.0414551,-0.0814861
1.02003,0.0165432,-0.0768802,0.0934234,-0.0110276,-0.00638635,-0.00363103,-0.0165357,0.0421077,-0.0814072
1.02589,-0.0276153,-0.0762812,0.0486659,-0.0110668,-0.00640719,-0.00363842,-0.0166048,0.0427642,-0.0813283
1.03175,-0.176209,-0.0756793,-0.100529,-0.0111062,-0.00642816,-0.00364584,-0.0166743,0.0434246,-0.0812495
1.03762,-0.197391,-0.0750746,-0.122317,-0.0111458,-0.00644928,-0.00365329,-0.0167444,0.0440889,-0.0811707
1.04348,-0.18368,-0.0744669,-0.109213,-0.0111858,-0.00647053,-0.00366076,-0.016815,0.0447572,-0.081092
1.04934,-0.29357,-0.0738563,-0.219714,-0.011226,-0.00649193,-0.00366827,-0.0168862,0.0454294,-0.0810133
1.0552,-0.0243843,-0.0732427,0.0488584,-0.0112665,-0.00651346,-0.00367581,-0.0169578,0.0461056,-0.0809347
1.06106,0.00266229,-0.0726262,0.0752884,-0.0113073,-0.00653515,-0.00368338,-0.01703,0.0467859,-0.0808562
1.06693,-0.137153,-0.0720066,-0.0651467,-0.0113484,-0.00655697,-0.00369098,-0.0171028,0.0474702,-0.0807777
1.07279,-0.0191201,-0.071384,0.0522639,-0.0113898,-0.00657894,-0.00369861,-0.017176,0.0481586,-0.0806992
1.07865,-0.19996,-0.0707584,-0.129202,-0.0114314,-0.00660106,-0.00370628,-0.0172499,0.0488511,-0.0806208
1.08451,-0.00290315,-0.0701297,0.0672265,-0.0114734,-0.00662333,-0.00371397,-0.0173242,0.0495477,-0.0805425
1.09038,-0.135924,-0.0694979,-0.0664263,-0.0115156,-0.00664574,-0.0037217,-0.0173991,0.0502485,-0.0804642
1.09624,-0.101747,-0.068863,-0.032884,-0.0115582,-0.00666831,-0.00372946,-0.0174746,0.0509536,-0.080386
1.1021,-0.129047,-0.068225,-0.0608217,-0.011601,-0.00669102,-0.00373725,-0.0175507,0.0516628,-0.0803079
1.10796,-0.118216,-0.0675838,-0.0506317,-0.0116441,-0.00671389,-0.00374507,-0.0176273,0.0523763,-0.0802297
1.11383,-0.0513609,-0.0669395,0.0155785,-0.0116876,-0.00673692,-0.00375292,-0.0177044,0.0530941,-0.0801517
1.11969,-0.0371436,-0.0662919,0.0291483,-0.0117313,-0.00676009,-0.00376081,-0.0177822,0.0538162,-0.0800737
1.12555,0.00190617,-0.0656412,0.0675474,-0.0117754,-0.00678343,-0.00376873,-0.0178605,0.0545426,-0.0799958
1.13141,0.0351596,-0.0649872,0.100147,-0.0118198,-0.00680692,-0.00377669,-0.0179394,0.0552735,-0.0799179
1.13727,0.10864,-0.0643299,0.17297,-0.0118645,-0.00683057,-0.00378467,-0.0180189,0.0560087,-0.07984
1.14314,0.0635539,-0.0636694,0.127223,-0.0119095,-0.00685437,-0.0037927,-0.018099,0.0567484,-0.0797622
1.149,0.0915079,-0.0630055,0.154513,-0.0119548,-0.00687834,-0.00380075,-0.0181796,0.0574926,-0.0796845
1.15486,0.0682071,-0.0623383,0.130545,-0.0120005,-0.00690247,-0.00380884,-0.0182609,0.0582412,-0.0796069
1.16072,-0.0400672,-0.0616677,0.0216005,-0.0120464,-0.00692677,-0.00381696,-0.0183427,0.0589944,-0.0795292
1.16659,-0.00791161,-0.0609937,0.0530821,-0.0120927,-0.00695122,-0.00382512,-0.0184252,0.0597522,-0.0794517
1.17245,-0.0854303,-0.0603163,-0.025114,-0.0121393,-0.00697584,-0.00383331,-0.0185082,0.0605145,-0.0793742
1.17831,-0.0797797,-0.0596355,-0.0201442,-0.0121863,-0.00700063,-0.00384154,-0.0185918,0.0612815,-0.0792967
1.18417,-0.124328,-0.0589512,-0.0653771,-0.0122336,-0.00702558,-0.0038498,-0.0186761,0.0620532,-0.0792193
1.19003,-0.142185,-0.0582634,-0.0839219,-0.0122812,-0.0070507,-0.00385809,-0.018761,0.0628296,-0.079142
1.1959,-0.157181,-0.057572,-0.0996093,-0.0123291,-0.00707599,-0.00386642,-0.0188464,0.0636107,-0.0790647
1.20176,-0.193648,-0.0568771,-0.136771,-0.0123774,-0.00710144,-0.00387479,-0.0189325,0.0643966,-0.0789875
1.20762,0.0466065,-0.0561786,0.102785,-0.0124261,-0.00712707,-0.0038832,-0.0190192,0.0651872,-0.0789103
1.21348,-0.0709692,-0.0554765,-0.0154927,-0.012475,-0.00715287,-0.00389164,-0.0191065,0.0659828,-0.0788332
1.21935,0.101537,-0.0547707,0.156307,-0.0125243,-0.00717884,-0.00390011,-0.0191944,0.0667831,-0.0787561
1.22521,0.0686235,-0.0540613,0.122685,-0.012574,-0.00720498,-0.00390862,-0.019283,0.0675884,-0.0786791
1.23107,-0.028405,-0.0533481,0.0249431,-0.012624,-0.00723129,-0.00391717,-0.0193721,0.0683987,-0.0786022
1.23693,0.0892409,-0.0526312,0.141872,-0.0126744,-0.00725778,-0.00392576,-0.0194619,0.0692139,-0.0785253
1.24279,-0.0207876,-0.0519105,0.0311228,-0.012725,-0.00728444,-0.00393438,-0.0195523,0.0700341,-0.0784484
1.24866,0.0338228,-0.0511859,0.0850088,-0.0127761,-0.00731128,-0.00394304,-0.0196433,0.0708594,-0.0783717
1.25452,0.128988,-0.0504576,0.179446,-0.0128275,-0.00733829,-0.00395174,-0.0197349,0.0716897,-0.0782949
1.26038,-0.0628044,-0.0497253,-0.0130791,-0.0128793,-0.00736548,-0.00396048,-0.0198271,0.0725252,-0.0782182
1.26624,-0.14093,-0.0489891,-0.091941,-0.0129314,-0.00739284,-0.00396926,-0.0199199,0.0733659,-0.0781416
1.27211,-0.00116919,-0.0482489,0.0470797,-0.0129838,-0.00742038,-0.00397807,-0.0200133,0.0742117,-0.0780651
1.27797,0.0219239,-0.0475047,0.0694287,-0.0130366,-0.00744809,-0.00398692,-0.0201074,0.0750628,-0.0779885
1.28383,-0.0568068,-0.0467565,-0.0100503,-0.0130898,-0.00747599,-0.00399581,-0.020202,0.0759192,-0.0779121
1.28969,0.0837646,-0.0460042,0.129769,-0.0131433,-0.00750405,-0.00400474,-0.0202972,0.0767809,-0.0778357
1.29555,0.118442,-0.0452477,0.163689,-0.0131972,-0.0075323,-0.00401371,-0.0203931,0.0776479,-0.0777593
1.30142,-0.0355406,-0.0444871,0.00894643,-0.0132514,-0.00756072,-0.00402272,-0.0204895,0.0785203,-0.0776831
1.30728,-0.0913839,-0.0437222,-0.0476617,-0.013306,-0.00758931,-0.00403178,-0.0205864,0.0793982,-0.0776068
1.31314,-0.0247252,-0.042953,0.0182279,-0.013361,-0.00761808,-0.00404087,-0.020684,0.0802815,-0.0775306
1.319,-0.0209232,-0.0421795,0.0212563,-0.0134163,-0.00764703,-0.00405,-0.0207821,0.0811704,-0.0774545
1.32487,0.0798838,-0.0414017,0.121285,-0.0134719,-0.00767615,-0.00405917,-0.0208808,0.0820648,-0.0773784
1.33073,0.150119,-0.0406194,0.190738,-0.0135279,-0.00770544,-0.00406838,-0.0209799,0.0829648,-0.0773024
1.33659,0.168312,-0.0398326,0.208145,-0.0135843,-0.0077349,-0.00407764,-0.0210797,0.0838704,-0.0772265
1.34245,-0.0321066,-0.0390412,0.00693457,-0.013641,-0.00776453,-0.00408693,-0.0211799,0.0847817,-0.0771506
1.34831,-0.019592,-0.0382453,0.0186532,-0.013698,-0.00779434,-0.00409627,-0.0212807,0.0856987,-0.0770747
1.35418,-0.0913012,-0.0374446,-0.0538566,-0.0137554,-0.00782431,-0.00410565,-0.0213819,0.0866215,-0.0769989
1.36004,-0.110205,-0.0366393,-0.0735658,-0.0138131,-0.00785444,-0.00411507,-0.0214836,0.0875501,-0.0769232
1.3659,-0.103773,-0.0358291,-0.0679434,-0.0138712,-0.00788474,-0.00412454,-0.0215858,0.0884846,-0.0768475
1.37176,0.0537054,-0.0350141,0.0887195,-0.0139296,-0.0079152,-0.00413405,-0.0216883,0.0894249,-0.0767719
1.37763,-0.0383556,-0.0341941,-0.00416141,-0.0139883,-0.00794582,-0.0041436,-0.0217913,0.0903712,-0.0766963
1.38349,0.0770539,-0.0333692,0.110423,-0.0140473,-0.00797659,-0.0041532,-0.0218947,0.0913235,-0.0766208
1.38935,0.0495128,-0.0325391,0.0820519,-0.0141067,-0.00800751,-0.00416284,-0.0219985,0.0922818,-0.0765453
1.39521,0.119699,-0.0317038,0.151403,-0.0141664,-0.00803859,-0.00417252,-0.0221026,0.0932461,-0.0764699
1.40107,-0.0566038,-0.0308633,-0.0257405,-0.0142263,-0.00806981,-0.00418225,-0.022207,0.0942166,-0.0763946
1.40694,0.0419153,-0.0300174,0.0719327,-0.0142866,-0.00810117,-0.00419202,-0.0223116,0.0951932,-0.0763193
1.4128,0.0251684,-0.0291661,0.0543345,-0.0143472,-0.00813266,-0.00420184,-0.0224165,0.0961761,-0.076244
1.41866,0.0121642,-0.0283092,0.0404735,-0.014408,-0.00816429,-0.0042117,-0.0225216,0.0971652,-0.0761688
1.42452,-0.00200565,-0.0274467,0.0254411,-0.0144691,-0.00819604,-0.00422161,-0.0226269,0.0981606,-0.0760937
1.43039,-0.00134102,-0.0265784,0.0252374,-0.0145305,-0.00822792,-0.00423157,-0.0227323,0.0991624,-0.0760186
1.43625,0.153372,-0.0257043,0.179076,-0.0145921,-0.0082599,-0.00424157,-0.0228377,0.100171,-0.0759436
1.44211,0.00819596,-0.0248242,0.0330201,-0.0146539,-0.00829199,-0.00425162,-0.0229432,0.101185,-0.0758686
1.44797,0.0329637,-0.0239379,0.0569016,-0.014716,-0.00832419,-0.00426172,-0.0230487,0.102206,-0.0757937
1.45383,-0.013841,-0.0230455,0.00920444,-0.0147783,-0.00835647,-0.00427186,-0.023154,0.103234,-0.0757189
1.4597,-0.078898,-0.0221466,-0.0567514,-0.0148407,-0.00838883,-0.00428205,-0.0232592,0.104268,-0.0756441
1.46556,-0.0578807,-0.0212412,-0.0366395,-0.0149034,-0.00842127,-0.00429229,-0.0233642,0.105309,-0.0755693
1.47142,0.0907629,-0.0203292,0.111092,-0.0149662,-0.00845376,-0.00430258,-0.0234689,0.106357,-0.0754946
1.47728,-0.223821,-0.0194103,-0.204411,-0.0150291,-0.00848631,-0.00431292,-0.0235732,0.107411,-0.07542
1.48315,0.140688,-0.0184844,0.159172,-0.0150922,-0.0085189,-0.0043233,-0.0236771,0.108472,-0.0753454
1.48901,0.0021732,-0.0175513,0.0197245,-0.0151553,-0.00855151,-0.00433374,-0.0237804,0.109541,-0.0752709
1.49487,0.205564,-0.0166108,0.222175,-0.0152185,-0.00858414,-0.00434422,-0.0238831,0.110615,-0.0751964
1.50073,0.113733,-0.0156628,0.129396,-0.0152817,-0.00861676,-0.00435475,-0.023985,0.111697,-0.075122
1.5066,0.097291,-0.014707,0.111998,-0.015345,-0.00864936,-0.00436534,-0.024086,0.112786,-0.0750476
1.51246,-0.0564363,-0.0137432,-0.0426931,-0.0154082,-0.00868192,-0.00437598,-0.0241861,0.113882,-0.0749733
1.51832,-0.0884026,-0.0127711,-0.0756315,-0.0154714,-0.00871443,-0.00438666,-0.0242851,0.114985,-0.0748991
1.52418,-0.151883,-0.0117906,-0.140092,-0.0155344,-0.00874687,-0.0043974,-0.0243828,0.116096,-0.0748249
1.53004,0.101493,-0.0108012,0.112295,-0.0155974,-0.0087792,-0.00440819,-0.0244791,0.117213,-0.0747507
1.53591,0.0832184,-0.00980287,0.0930213,-0.0156601,-0.00881142,-0.00441903,-0.0245739,0.118338,-0.0746767
1.54177,0.0105869,-0.00879516,0.0193821,-0.0157227,-0.00884349,-0.00442993,-0.0246669,0.11947,-0.0746026
1.54763,-0.0581065,-0.00777778,-0.0503288,-0.0157849,-0.00887538,-0.00444088,-0.024758,0.12061,-0.0745286
1.55349,0.173603,-0.00675039,0.180353,-0.0158469,-0.00890708,-0.00445188,-0.024847,0.121757,-0.0744547
1.55936,0.0174466,-0.00571263,0.0231592,-0.0159084,-0.00893854,-0.00446294,-0.0249337,0.122912,-0.0743809
1.56522,0.0678635,-0.00466411,0.0725276,-0.0159696,-0.00896974,-0.00447404,-0.0250178,0.124074,-0.0743071
1.57108,0.0694729,-0.00360443,0.0730774,-0.0160302,-0.00900063,-0.00448521,-0.025099,0.125244,-0.0742333
1.57694,-0.00365073,-0.00253314,-0.00111759,-0.0160902,-0.00903118,-0.00449643,-0.0251772,0.126421,-0.0741596
1.5828,-0.0844276,-0.00144976,-0.0829778,-0.0161496,-0.00906135,-0.0045077,-0.0252519,0.127607,-0.074086
1.58867,-0.0167416,-0.000353813,-0.0163878,-0.0162083,-0.00909109,-0.00451903,-0.025323,0.1288,-0.0740124
1.59453,0.0464491,0.000755256,0.0456938,-0.0162662,-0.00912035,-0.00453042,-0.02539,0.130001,-0.0739388
1.60039,0.101597,0.00187802,0.0997191,-0.0163231,-0.00914908,-0.00454186,-0.0254527,0.13121,-0.0738654
1.60625,0.0903472,0.00301509,0.0873321,-0.016379,-0.00917723,-0.00455336,-0.0255105,0.132427,-0.0737919
1.61212,0.081061,0.00416714,0.0768939,-0.0164338,-0.00920473,-0.00456492,-0.0255631,0.133652,-0.0737186
1.61798,-0.0559528,0.00533486,-0.0612876,-0.0164873,-0.00923153,-0.00457653,-0.02561,0.134886,-0.0736452
1.62384,0.127812,0.00651903,0.121293,-0.0165395,-0.00925754,-0.00458821,-0.0256507,0.136127,-0.073572
1.6297,0.25331,0.00772045,0.24559,-0.0165902,-0.00928269,-0.00459994,-0.0256847,0.137377,-0.0734988
1.63556,0.00572769,0.00894002,-0.00321233,-0.0166392,-0.0093069,-0.00461173,-0.0257113,0.138635,-0.0734256
1.64143,0.176364,0.0101787,0.166186,-0.0166865,-0.00933009,-0.00462358,-0.02573,0.139901,-0.0733525
1.64729,0.0148731,0.0114375,0.00343568,-0.0167317,-0.00935215,-0.00463549,-0.02574,0.141176,-0.0732795
1.65315,-0.0841754,0.0127175,-0.0968928,-0.0167748,-0.00937299,-0.00464746,-0.0257407,0.14246,-0.0732065
1.65901,0.0559825,0.0140199,0.0419627,-0.0168155,-0.00939249,-0.00465949,-0.0257311,0.143752,-0.0731336
1.66488,-0.0570411,0.015346,-0.072387,-0.0168536,-0.00941054,-0.00467159,-0.0257105,0.145053,-0.0730607
1.67074,-0.064668,0.0166972,-0.0813652,-0.016889,-0.00942699,-0.00468374,-0.0256778,0.146363,-0.0729879
1.6766,-0.0108502,0.018075,-0.0289252,-0.0169212,-0.00944172,-0.00469596,-0.025632,0.147681,-0.0729151
1.68246,0.0881793,0.019481,0.0686983,-0.0169502,-0.00945456,-0.00470824,-0.0255719,0.149008,-0.0728424
1.68832,-0.0674915,0.020917,-0.0884086,-0.0169755,-0.00946536,-0.00472058,-0.0254964,0.150345,-0.0727698
1.69419,0.207498,0.022385,0.185113,-0.0169969,-0.00947393,-0.00473299,-0.025404,0.15169,-0.0726972
1.70005,0.225704,0.023887,0.201817,-0.0170139,-0.00948008,-0.00474546,-0.0252933,0.153044,-0.0726247
1.70591,0.0556038,0.0254254,0.0301785,-0.0170264,-0.00948359,-0.00475799,-0.0251627,0.154408,-0.0725522
1.71177,-0.0385326,0.0270025,-0.0655351,-0.0170337,-0.00948424,-0.0047706,-0.0250104,0.155781,-0.0724797
1.71764,0.195414,0.0286211,0.166793,-0.0170356,-0.00948177,-0.00478326,-0.0248343,0.157163,-0.0724074
1.7235,0.204674,0.0302842,0.17439,-0.0170315,-0.00947591,-0.00479599,-0.0246325,0.158555,-0.072335
1.72936,-0.0344415,0.031995,-0.0664366,-0.0170208,-0.00946637,-0.00480879,-0.0244026,0.159956,-0.0722628
1.73522,0.155897,0.0337571,0.12214,-0.0170031,-0.00945281,-0.00482166,-0.0241419,0.161367,-0.0721906
1.74108,0.0403485,0.0355744,0.00477416,-0.0169778,-0.00943489,-0.00483459,-0.0238477,0.162788,-0.0721184
1.74695,0.0407296,0.037451,0.00327856,-0.016944,-0.00941221,-0.00484759,-0.0235167,0.164218,-0.0720463
1.75281,0.0854685,0.0393918,0.0460766,-0.0169012,-0.00938435,-0.00486066,-0.0231456,0.165658,-0.0719743
1.75867,0.0962873,0.0414019,0.0548854,-0.0168485,-0.00935086,-0.0048738,-0.0227306,0.167108,-0.0719023
1.76453,0.047109,0.043487,0.00362197,-0.016785,-0.0093112,-0.00488701,-0.0222673,0.168568,-0.0718303
1.7704,0.0445907,0.0456535,-0.00106276,-0.0167097,-0.00926484,-0.00490029,-0.021751,0.170038,-0.0717585
1.77626,0.31488,0.0479082,0.266972,-0.0166217,-0.00921115,-0.00491364,-0.0211766,0.171518,-0.0716866
1.78212,0.162677,0.0502589,0.112418,-0.0165198,-0.00914946,-0.00492707,-0.0205383,0.173008,-0.0716149
1.78798,0.197623,0.0527143,0.144909,-0.0164027,-0.00907902,-0.00494056,-0.0198294,0.174509,-0.0715431
1.79384,0.0614129,0.0552837,0.00612912,-0.016269,-0.00899901,-0.00495413,-0.0190429,0.17602,-0.0714715
1.79971,0.118867,0.057978,0.0608893,-0.0161171,-0.00890852,-0.00496776,-0.0181706,0.177542,-0.0713999
1.80557,0.0517095,0.060809,-0.00909948,-0.0159454,-0.00880655,-0.00498148,-0.0172033,0.179074,-0.0713283
1.81143,-0.0566767,0.0637899,-0.120467,-0.0157521,-0.00869198,-0.00499527,-0.016131,0.180617,-0.0712568
1.81729,0.0852385,0.0669356,0.0183028,-0.015535,-0.00856357,-0.00500913,-0.0149419,0.182171,-0.0711854
1.82316,-0.0567232,0.070263,-0.126986,-0.0152919,-0.00841995,-0.00502306,-0.0136233,0.183735,-0.071114
1.82902,-0.0139199,0.0737909,-0.0877108,-0.0150202,-0.00825959,-0.00503708,-0.0121602,0.185311,-0.0710427
1.83488,0.034703,0.0775406,-0.0428376,-0.0147171,-0.00808078,-0.00505117,-0.0105362,0.186897,-0.0709714
1.84074,0.124528,0.0815362,0.0429915,-0.0143795,-0.00788161,-0.00506534,-0.00873205,0.188495,-0.0709002
1.8466,0.20635,0.0858051,0.120545,-0.0140039,-0.00765995,-0.00507958,-0.00672622,0.190104,-0.070829
1.85247,0.0977889,0.0903785,0.00741038,-0.0135865,-0.00741338,-0.0050939,-0.00449387,0.191724,-0.0707579
1.85833,0.0204357,0.095292,-0.0748563,-0.0131227,-0.00713921,-0.00510831,-0.00200654,0.193356,-0.0706869
1.86419,0.102555,0.100587,0.00196867,-0.0126078,-0.0068344,-0.00512279,0.000768543,0.194999,-0.0706159
1.87005,0.0995502,0.106309,-0.00675864,-0.0120363,-0.00649551,-0.00513735,0.00386928,0.196654,-0.0705449
1.87592,0.0717203,0.112513,-0.0407929,-0.011402,-0.00611865,-0.005152,0.0073396,0.19832,-0.070474
1.88178,0.0505976,0.119262,-0.0686646,-0.0106979,-0.00569938,-0.00516672,0.0112307,0.199999,-0.0704032
1.88764,0.106821,0.126629,-0.0198077,-0.00991608,-0.00523267,-0.00518153,0.0156024,0.201689,-0.0703324
1.8935,0.0410525,0.134698,-0.0936453,-0.00904765,-0.00471277,-0.00519642,0.020525,0.203391,-0.0702617
1.89936,0.0581519,0.143569,-0.0854173,-0.00808242,-0.00413309,-0.00521139,0.0260813,0.205106,-0.0701911
1.90523,0.215765,0.153361,0.0624045,-0.0070088,-0.00348606,-0.00522645,0.0323698,0.206833,-0.0701204
1.91109,0.26146,0.164211,0.0972483,-0.00581353,-0.00276294,-0.0052416,0.0395076,0.208572,-0.0700499
1.91695,0.269705,0.176287,0.0934174,-0.00448138,-0.00195364,-0.00525683,0.0476352,0.210323,-0.0699794
1.92281,0.354589,0.189787,0.164802,-0.00299486,-0.00104642,-0.00527214,0.0569221,0.212087,-0.0699089
1.92868,0.26794,0.204951,0.0629896,-0.00133376,-2.76075e-05,-0.00528755,0.0675742,0.213864,-0.0698385
1.93454,0.445727,0.22207,0.223658,0.000525359,0.00111882,-0.00530304,0.079843,0.215654,-0.0697682
1.9404,0.395366,0.2415,0.153867,0.00260974,0.00241169,-0.00531862,0.0940385,0.217456,-0.0696979
1.94626,0.251394,0.26368,-0.0122862,0.00495122,0.00387328,-0.00533429,0.110546,0.219272,-0.0696277
1.95213,0.14957,0.289158,-0.139588,0.00758715,0.00553003,-0.00535004,0.129848,0.2211,-0.0695575
1.95799,0.236631,0.318619,-0.0819879,0.0105615,0.00741351,-0.00536589,0.152555,0.222942,-0.0694874
1.96385,0.394796,0.352937,0.0418591,0.0139265,0.00956167,-0.00538184,0.17945,0.224797,-0.0694174
1.96971,0.344443,0.39323,-0.048787,0.0177442,0.0120203,-0.00539787,0.211544,0.226666,-0.0693473
1.97557,0.420537,0.440957,-0.0204194,0.0220888,0.0148453,-0.005414,0.250165,0.228549,-0.0692774
1.98144,0.434285,0.498041,-0.0637564,0.02705,0.018105,-0.00543022,0.297079,0.230445,-0.0692075
1.9873,0.510063,0.567065,-0.0570022,0.0327361,0.0218838,-0.00544653,0.354675,0.232355,-0.0691377
1.99316,0.492513,0.651555,-0.159041,0.0392796,0.0262871,-0.00546294,0.426241,0.234278,-0.0690679
1.99902,0.530494,0.756427,-0.225933,0.0468434,0.031447,-0.00547945,0.516398,0.236216,-0.0689981
2.00489,0.706376,0.888701,-0.182324,0.0556294,0.0375316,-0.00549605,0.631796,0.238169,-0.0689285
2.01075,0.912776,1.05867,-0.145891,0.0658901,0.0447568,-0.00551275,0.782256,0.240135,-0.0688589
2.01661,1.17015,1.28189,-0.111739,0.0779445,0.053403,-0.00552956,0.982749,0.242116,-0.0687893
2.02247,1.31226,1.58281,-0.27055,0.0921995,0.0638398,-0.00554646,1.25693,0.244112,-0.0687198
2.02833,1.6858,2.00146,-0.315661,0.10918,0.0765613,-0.00556346,1.64381,0.246122,-0.0686503
2.0342,2.27188,2.60698,-0.335096,0.129574,0.0922396,-0.00558056,2.21118,0.248148,-0.0685809
2.04006,2.80305,3.52648,-0.723433,0.154291,0.111806,-0.00559776,3.08431,0.250188,-0.0685116
2.04592,4.03155,5.01257,-0.98102,0.184559,0.136579,-0.00561507,4.51324,0.252244,-0.0684423
2.05178,6.58186,7.61638,-1.03452,0.222057,0.16847,-0.00563248,7.04554,0.254314,-0.0683731
2.05765,11.7007,12.6758,-0.975108,0.269139,0.210331,-0.00565,12.0139,0.2564,-0.0683039
2.06351,25.0785,23.6918,1.38676,0.329166,0.266557,-0.00566762,22.9115,0.258502,-0.0682348
2.06937,51.5703,47.3702,4.20011,0.407074,0.344183,-0.00568535,46.4321,0.26062,-0.0681657
2.07523,65.9634,65.8278,0.135676,0.510326,0.454999,-0.00570318,64.6735,0.262753,-0.0680967
2.08109,41.0532,42.9006,-1.84744,0.650611,0.61987,-0.00572113,41.439,0.264902,-0.0680277
2.08696,20.7535,23.4752,-2.7217,0.847,0.878274,-0.00573918,21.5565,0.267068,-0.0679588
2.09282,12.2522,14.9547,-2.70248,1.13219,1.31125,-0.00575734,12.3156,0.26925,-0.06789
2.09868,9.39624,11.7016,-2.30534,1.56569,2.10229,-0.00577562,7.83574,0.271448,-0.0678212
2.10454,9.28249,11.5877,-2.30525,2.26396,3.71281,-0.005794,5.41085,0.273663,-0.0677524
2.11041,12.7398,14.9807,-2.24096,3.47618,7.3341,-0.00581251,3.96804,0.275894,-0.0676838
2.11627,21.4274,23.2576,-1.83023,5.79381,14.2152,-0.00583112,3.04391,0.278143,-0.0676151
2.12213,30.7389,28.5875,2.15135,10.7556,15.2078,-0.00584985,2.4171,0.280409,-0.0675466
2.12799,34.3556,32.5531,1.80241,21.873,8.49847,-0.0058687,1.97232,0.282691,-0.067478
2.13385,41.7519,41.9429,-0.190945,35.5766,4.50958,-0.00588766,1.64502,0.284992,-0.0674096
2.13972,32.0559,30.7855,1.27039,26.5019,2.67264,-0.00590674,1.39689,0.28731,-0.0673412
2.14558,17.1138,16.9731,0.140694,13.8028,1.74982,-0.00592594,1.20408,0.289645,-0.0672728
2.15144,9.34303,10.1754,-0.832404,7.67198,1.23352,-0.00594527,1.05108,0.291999,-0.0672045
2.1573,5.8625,6.83553,-0.973029,4.76853,0.918231,-0.00596471,0.9275,0.29437,-0.0671363
2.16317,4.12687,4.99819,-0.871321,3.23618,0.712183,-0.00598428,0.826125,0.29676,-0.0670681
2.16903,3.39993,3.88091,-0.480984,2.3427,0.570204,-0.00600396,0.741845,0.299168,-0.067
2.17489,2.50425,3.14706,-0.642814,1.7793,0.468174,-0.00602378,0.670945,0.301595,-0.0669319
2.18075,2.22108,2.63594,-0.414863,1.40182,0.392316,-0.00604372,0.610675,0.30404,-0.0668639
2.18661,2.04775,2.26346,-0.21571,1.13654,0.334315,-0.00606379,0.558963,0.306505,-0.0667959
2.19248,1.73311,1.98218,-0.249061,0.942859,0.288918,-0.00608398,0.514222,0.308988,-0.066728
2.19834,1.55003,1.7636,-0.213575,0.79698,0.252675,-0.00610431,0.475219,0.311491,-0.0666601
2.2042,1.44247,1.58976,-0.147293,0.684231,0.223244,-0.00612476,0.440987,0.314013,-0.0665923
2.21006,1.40585,1.44881,-0.0429583,0.595177,0.19899,-0.00614535,0.410755,0.316555,-0.0665246
2.21593,1.18586,1.33266,-0.146801,0.523524,0.178743,-0.00616607,0.383904,0.319117,-0.0664569
2.22179,1.00468,1.23565,-0.230974,0.464947,0.161649,-0.00618692,0.359931,0.321699,-0.0663893
2.22765,0.876761,1.15366,-0.276899,0.416392,0.147071,-0.00620791,0.338426,0.324302,-0.0663217
2.23351,1.07569,1.08367,-0.00798038,0.375651,0.134527,-0.00622904,0.319049,0.326924,-0.0662542
2.23937,0.886734,1.02339,-0.136658,0.341099,0.123644,-0.0062503,0.301518,0.329568,-0.0661867
2.24524,0.79401,0.971086,-0.177076,0.311514,0.114134,-0.0062717,0.285597,0.332232,-0.0661193
2.2511,0.966275,0.925392,0.0408835,0.285964,0.105769,-0.00629324,0.271088,0.334917,-0.0660519
2.25696,0.859985,0.885237,-0.0252514,0.263727,0.0983654,-0.00631493,0.25782,0.337624,-0.0659846
2.26282,0.847047,0.849766,-0.00271885,0.244239,0.0917774,-0.00633675,0.245651,0.340352,-0.0659174
2.26869,0.856842,0.818287,0.0385546,0.227052,0.0858851,-0.00635873,0.234458,0.343101,-0.0658502
2.27455,0.591387,0.790238,-0.198851,0.211805,0.0805903,-0.00638084,0.224134,0.345873,-0.065783
2.28041,0.669585,0.765155,-0.0955694,0.198208,0.0758119,-0.0064031,0.214588,0.348667,-0.065716
2.28627,0.644899,0.742651,-0.0977522,0.186022,0.0714822,-0.00642552,0.205739,0.351483,-0.0656489
2.29213,0.534183,0.722407,-0.188224,0.175053,0.0675444,-0.00644808,0.197518,0.354321,-0.065582
2.298,0.565885,0.704149,-0.138264,0.165137,0.0639506,-0.00647079,0.189865,0.357183,-0.065515
2.30386,0.653618,0.687649,-0.0340314,0.156139,0.0606601,-0.00649365,0.182725,0.360067,-0.0654482
2.30972,0.69499,0.67271,0.0222795,0.147944,0.0576382,-0.00651667,0.176052,0.362975,-0.0653814
2.31558,0.620521,0.659165,-0.0386438,0.140455,0.054855,-0.00653984,0.169804,0.365906,-0.0653146
2.32145,0.532905,0.646867,-0.113962,0.133591,0.0522848,-0.00656317,0.163942,0.36886,-0.0652479
2.32731,0.703673,0.635692,0.0679813,0.12728,0.0499054,-0.00658665,0.158435,0.371839,-0.0651813
2.33317,0.588438,0.62553,-0.0370913,0.121462,0.0476973,-0.0066103,0.153253,0.374842,-0.0651147
2.33903,0.690898,0.616285,0.0746129,0.116085,0.0456436,-0.00663411,0.148369,0.377869,-0.0650482
2.34489,0.605664,0.607874,-0.00220987,0.111102,0.0437294,-0.00665808,0.14376,0.380922,-0.0649817
2.35076,0.584698,0.600222,-0.0155246,0.106476,0.0419417,-0.00668221,0.139404,0.383998,-0.0649153
2.35662,0.451909,0.593266,-0.141356,0.102169,0.0402689,-0.00670651,0.135282,0.387101,-0.0648489
2.36248,0.616046,0.586945,0.0291007,0.0981535,0.0387008,-0.00673097,0.131376,0.390228,-0.0647826
2.36834,0.599136,0.58121,0.0179261,0.0944008,0.0372283,-0.0067556,0.127671,0.393381,-0.0647163
2.37421,0.37214,0.576014,-0.203874,0.0908877,0.0358433,-0.00678041,0.124153,0.396561,-0.0646501
2.38007,0.522596,0.571316,-0.0487205,0.0875931,0.0345385,-0.00680538,0.120808,0.399766,-0.064584
2.38593,0.524363,0.567079,-0.0427157,0.0844981,0.0333074,-0.00683053,0.117624,0.402998,-0.0645179
2.39179,0.410584,0.56327,-0.152686,0.0815862,0.0321442,-0.00685585,0.11459,0.406257,-0.0644519
2.39766,0.446162,0.559859,-0.113697,0.0788422,0.0310438,-0.00688135,0.111698,0.409543,-0.0643859
2.40352,0.44893,0.556819,-0.107889,0.0762527,0.0300012,-0.00690703,0.108937,0.412856,-0.0643199
2.40938,0.380909,0.554126,-0.173217,0.0738057,0.0290122,-0.00693288,0.106298,0.416197,-0.0642541
2.41524,0.548809,0.551757,-0.00294813,0.0714902,0.028073,-0.00695892,0.103776,0.419565,-0.0641883
2.4211,0.469677,0.549692,-0.0800153,0.0692963,0.0271799,-0.00698514,0.101361,0.422962,-0.0641225
2.42697,0.350856,0.547913,-0.197057,0.0672152,0.0263298,-0.00701155,0.0990488,0.426387,-0.0640568
2.43283,0.339787,0.546403,-0.206616,0.0652388,0.0255198,-0.00703814,0.096832,0.429841,-0.0639911
2.43869,0.553365,0.545146,0.00821848,0.0633596,0.024747,-0.00706492,0.0947055,0.433325,-0.0639256
2.44455,0.56749,0.544129,0.0233606,0.0615709,0.0240092,-0.00709189,0.0926639,0.436837,-0.06386
2.45042,0.690815,0.543339,0.147475,0.0598667,0.023304,-0.00711905,0.0907026,0.440379,-0.0637945
2.45628,0.496296,0.542764,-0.0464685,0.0582413,0.0226294,-0.0071464,0.0888172,0.443952,-0.0637291
2.46214,0.61187,0.542393,0.0694768,0.0566896,0.0219834,-0.00717395,0.0870034,0.447554,-0.0636637
2.468,0.461144,0.542216,-0.081072,0.0552069,0.0213643,-0.0072017,0.0852574,0.451188,-0.0635984
2.47386,0.508805,0.542224,-0.0334191,0.0537888,0.0207706,-0.00722964,0.0835756,0.454852,-0.0635331
2.47973,0.482185,0.542408,-0.0602231,0.0524313,0.0202006,-0.00725779,0.0819548,0.458547,-0.0634679
2.48559,0.630993,0.542761,0.0882314,0.0511309,0.019653,-0.00728614,0.0803917,0.462275,-0.0634028
2.49145,0.66634,0.543276,0.123065,0.049884,0.0191265,-0.00731469,0.0788835,0.466034,-0.0633377
2.49731,0.486173,0.543944,-0.057771,0.0486876,0.01862,-0.00734345,0.0774274,0.469825,-0.0632726
2.50318,0.566653,0.544762,0.0218919,0.0475387,0.0181323,-0.00737241,0.0760209,0.47365,-0.0632076
2.50904,0.465715,0.545721,-0.0800063,0.0464347,0.0176624,-0.00740159,0.0746616,0.477507,-0.0631427
2.5149,0.474897,0.546818,-0.071921,0.0453731,0.0172094,-0.00743098,0.0733473,0.481397,-0.0630778
2.52076,0.488363,0.548048,-0.0596849,0.0443515,0.0167723,-0.00746058,0.0720757,0.485322,-0.063013
2.52662,0.619362,0.549405,0.0699575,0.0433677,0.0163503,-0.00749039,0.070845,0.48928,-0.0629482
2.53249,0.656336,0.550885,0.105451,0.0424198,0.0159427,-0.00752043,0.0696533,0.493273,-0.0628835
2.53835,0.651618,0.552485,0.0991327,0.0415059,0.0155487,-0.00755068,0.0684988,0.497301,-0.0628189
2.54421,0.443746,0.554201,-0.110454,0.0406243,0.0151677,-0.00758116,0.0673798,0.501364,-0.0627543
2.55007,0.501879,0.556028,-0.0541495,0.0397732,0.0147989,-0.00761185,0.0662949,0.505463,-0.0626897
2.55594,0.582978,0.557965,0.0250123,0.0389512,0.0144419,-0.00764278,0.0652425,0.509598,-0.0626252
2.5618,0.611877,0.560008,0.0518683,0.0381569,0.014096,-0.00767393,0.0642212,0.513769,-0.0625608
2.56766,0.642709,0.562154,0.0805543,0.0373888,0.0137607,-0.00770531,0.0632298,0.517977,-0.0624964
2.57352,0.533185,0.564401,-0.0312162,0.0366458,0.0134355,-0.00773692,0.0622669,0.522222,-0.0624321
2.57938,0.714855,0.566747,0.148109,0.0359266,0.0131201,-0.00776876,0.0613314,0.526505,-0.0623678
2.58525,0.669703,0.569188,0.100515,0.0352302,0.0128138,-0.00780084,0.0604223,0.530826,-0.0623036
2.59111,0.568707,0.571723,-0.00301617,0.0345554,0.0125163,-0.00783316,0.0595383,0.535185,-0.0622394
2.59697,0.654964,0.57435,0.0806138,0.0339014,0.0122273,-0.00786571,0.0586786,0.539584,-0.0621753
2.60283,0.603986,0.577067,0.0269189,0.0332671,0.0119463,-0.00789851,0.0578422,0.544022,-0.0621113
2.6087,0.609652,0.579873,0.0297794,0.0326518,0.011673,-0.00793155,0.0570281,0.548499,-0.0620473
2.61456,0.622055,0.582766,0.039289,0.0320545,0.011407,-0.00796483,0.0562356,0.553017,-0.0619833
2.62042,0.554786,0.585744,-0.0309575,0.0314745,0.0111481,-0.00799836,0.0554637,0.557575,-0.0619195
2.62628,0.54095,0.588806,-0.0478566,0.0309111,0.010896,-0.00803214,0.0547118,0.562175,-0.0618556
2.63214,0.629541,0.591951,0.0375899,0.0303636,0.0106504,-0.00806617,0.0539791,0.566816,-0.0617919
2.63801,0.532133,0.595178,-0.0630452,0.0298312,0.010411,-0.00810046,0.0532648,0.5715,-0.0617281
2.64387,0.492024,0.598486,-0.106462,0.0293135,0.0101775,-0.008135,0.0525684,0.576226,-0.0616645
2.64973,0.561724,0.601873,-0.0401487,0.0288097,0.00994978,-0.0081698,0.0518892,0.580995,-0.0616009
2.65559,0.740804,0.605339,0.135465,0.0283194,0.00972756,-0.00820485,0.0512265,0.585807,-0.0615373
2.66146,0.594482,0.608883,-0.0144005,0.027842,0.00951062,-0.00824017,0.0505798,0.590664,-0.0614738
2.66732,0.650141,0.612504,0.0376369,0.027377,0.00929877,-0.00827575,0.0499485,0.595566,-0.0614104
2.67318,0.625061,0.616201,0.00885984,0.0269239,0.0090918,-0.00831159,0.0493322,0.600512,-0.061347
2.67904,0.389338,0.619975,-0.230636,0.0264822,0.00888952,-0.0083477,0.0487302,0.605504,-0.0612836
2.6849,0.493734,0.623823,-0.130089,0.0260516,0.00869177,-0.00838408,0.0481421,0.610542,-0.0612204
2.69077,0.725709,0.627747,0.0979623,0.0256316,0.00849838,-0.00842072,0.0475675,0.615627,-0.0611571
2.69663,0.71668,0.631744,0.0849355,0.0252218,0.00830918,-0.00845764,0.0470059,0.620759,-0.061094
2.70249,0.537513,0.635816,-0.0983033,0.0248219,0.00812401,-0.00849484,0.0464569,0.625939,-0.0610309
2.70835,0.520172,0.639961,-0.119789,0.0244314,0.00794274,-0.0085323,0.04592,0.631167,-0.0609678
2.71422,0.739389,0.64418,0.0952087,0.0240501,0.00776523,-0.00857005,0.045395,0.636445,-0.0609048
2.72008,0.681959,0.648472,0.0334873,0.0236777,0.00759133,-0.00860807,0.0448813,0.641771,-0.0608418
2.72594,0.71906,0.652836,0.0662238,0.0233137,0.00742092,-0.00864638,0.0443787,0.647148,-0.0607789
2.7318,0.608829,0.657273,-0.048444,0.0229579,0.00725388,-0.00868496,0.0438868,0.652575,-0.0607161
2.73766,0.705568,0.661782,0.0437854,0.0226101,0.00709009,-0.00872383,0.0434053,0.658054,-0.0606533
2.74353,0.738517,0.666364,0.0721528,0.0222699,0.00692944,-0.00876298,0.0429338,0.663585,-0.0605906
2.74939,0.711346,0.671019,0.0403273,0.0219372,0.00677182,-0.00880242,0.0424721,0.669168,-0.0605279
2.75525,0.877495,0.675745,0.20175,0.0216116,0.00661714,-0.00884215,0.0420199,0.674804,-0.0604653
2.76111,0.629108,0.680544,-0.0514365,0.0212929,0.00646528,-0.00888216,0.0415769,0.680494,-0.0604027
2.76698,0.667991,0.685416,-0.0174253,0.0209809,0.00631615,-0.00892246,0.0411427,0.686239,-0.0603402
2.77284,0.697293,0.69036,0.00693303,0.0206753,0.00616967,-0.00896306,0.0407172,0.692038,-0.0602778
2.7787,0.773366,0.695376,0.0779893,0.0203761,0.00602575,-0.00900394,0.0403002,0.697894,-0.0602154
2.78456,0.829545,0.700466,0.129079,0.0200828,0.0058843,-0.00904512,0.0398913,0.703806,-0.060153
2.79043,0.805939,0.705628,0.100311,0.0197955,0.00574524,-0.00908658,0.0394903,0.709774,-0.0600908
2.79629,0.86935,0.710864,0.158486,0.0195138,0.0056085,-0.00912834,0.039097,0.715801,-0.0600285
2.80215,0.863009,0.716173,0.146836,0.0192377,0.005474,-0.0091704,0.0387113,0.721887,-0.0599664
2.80801,0.735326,0.721555,0.0137702,0.0189669,0.00534167,-0.00921274,0.0383328,0.728031,-0.0599042
2.81387,0.72536,0.727012,-0.00165249,0.0187012,0.00521144,-0.00925538,0.0379614,0.734236,-0.0598422
2.81974,0.723319,0.732543,-0.00922441,0.0184406,0.00508324,-0.00929832,0.0375969,0.740501,-0.0597802
2.8256,0.727191,0.738149,-0.0109575,0.0181848,0.00495701,-0.00934154,0.0372391,0.746828,-0.0597182
2.83146,0.641971,0.74383,-0.101859,0.0179338,0.0048327,-0.00938506,0.0368878,0.753217,-0.0596563
2.83732,0.724214,0.749586,-0.0253719,0.0176873,0.00471023,-0.00942887,0.0365429,0.759669,-0.0595945
2.84319,0.821737,0.755418,0.0663195,0.0174453,0.00458956,-0.00947297,0.0362042,0.766184,-0.0595327
2.84905,0.876055,0.761326,0.114729,0.0172076,0.00447062,-0.00951736,0.0358715,0.772765,-0.0594709
2.85491,0.789192,0.767311,0.0218801,0.0169741,0.00435337,-0.00956204,0.0355447,0.779411,-0.0594092
2.86077,0.906512,0.773374,0.133138,0.0167446,0.00423775,-0.00960701,0.0352236,0.786123,-0.0593476
2.86663,0.828534,0.779514,0.0490191,0.0165191,0.00412371,-0.00965226,0.0349081,0.792902,-0.059286
2.8725,0.66366,0.785733,-0.122073,0.0162975,0.00401122,-0.00969779,0.034598,0.799749,-0.0592245
2.87836,0.808198,0.792031,0.0161667,0.0160795,0.00390021,-0.0097436,0.0342932,0.806665,-0.0591631
2.88422,0.625108,0.798409,-0.173301,0.0158652,0.00379065,-0.00978969,0.0339936,0.81365,-0.0591017
2.89008,0.80014,0.804866,-0.00472642,0.0156544,0.0036825,-0.00983605,0.033699,0.820707,-0.0590403
2.89595,0.898141,0.811405,0.0867363,0.0154471,0.0035757,-0.00988268,0.0334094,0.827834,-0.058979
2.90181,0.722466,0.818025,-0.0955584,0.0152431,0.00347023,-0.00992957,0.0331245,0.835034,-0.0589178
2.90767,0.857022,0.824727,0.0322954,0.0150423,0.00336605,-0.00997673,0.0328443,0.842307,-0.0588566
2.91353,0.852415,0.831512,0.0209034,0.0148447,0.00326311,-0.0100241,0.0325687,0.849655,-0.0587955
2.91939,0.731824,0.838381,-0.106557,0.0146502,0.00316138,-0.0100718,0.0322975,0.857078,-0.0587344
2.92526,0.798496,0.845334,-0.0468382,0.0144586,0.00306082,-0.0101197,0.0320307,0.864577,-0.0586734
2.93112,0.664561,0.852372,-0.187811,0.01427,0.00296141,-0.0101678,0.0317682,0.872153,-0.0586124
2.93698,0.936252,0.859497,0.0767551,0.0140841,0.00286311,-0.0102162,0.0315098,0.879808,-0.0585515
2.94284,0.794435,0.866708,-0.0722737,0.0139011,0.00276589,-0.0102648,0.0312555,0.887541,-0.0584907
2.94871,0.851204,0.874007,-0.0228029,0.0137207,0.00266971,-0.0103136,0.0310051,0.895355,-0.0584299
2.95457,0.961219,0.881395,0.0798244,0.013543,0.00257455,-0.0103626,0.0307586,0.903251,-0.0583691
2.96043,0.944347,0.888872,0.0554747,0.0133678,0.00248039,-0.0104118,0.0305159,0.911228,-0.0583084
2.96629,0.918418,0.89644,0.0219783,0.0131951,0.00238719,-0.0104612,0.0302769,0.91929,-0.0582478
2.97215,0.920814,0.904099,0.0167151,0.0130248,0.00229492,-0.0105107,0.0300415,0.927436,-0.0581872
2.97802,1.03374,0.91185,0.121892,0.0128568,0.00220356,-0.0105604,0.0298096,0.935667,-0.0581267
2.98388,0.984612,0.919695,0.064917,0.0126912,0.00211309,-0.0106102,0.0295813,0.943986,-0.0580662
2.98974,0.8933,0.927634,-0.0343346,0.0125278,0.00202349,-0.0106602,0.0293563,0.952393,-0.0580058
2.9956,0.91373,0.935669,-0.0219383,0.0123666,0.00193472,-0.0107102,0.0291346,0.960889,-0.0579455
3.00147,0.848767,0.9438,-0.0950334,0.0122075,0.00184677,-0.0107604,0.0289161,0.969475,-0.0578852
3.00733,0.916669,0.952029,-0.0353592,0.0120505,0.00175962,-0.0108106,0.0287009,0.978153,-0.0578249
3.01319,0.864074,0.960356,-0.0962822,0.0118956,0.00167325,-0.0108608,0.0284887,0.986924,-0.0577647
3.01905,0.992356,0.968784,0.0235724,0.0117426,0.00158763,-0.0109111,0.0282796,0.99579,-0.0577046
3.02491,1.05821,0.977312,0.0808957,0.0115915,0.00150274,-0.0109614,0.0280734,1.00475,-0.0576445
3.03078,0.952923,0.985943,-0.0330202,0.0114423,0.00141858,-0.0110117,0.0278702,1.01381,-0.0575845
3.03664,1.12158,0.994677,0.126904,0.011295,0.00133512,-0.0110618,0.0276698,1.02296,-0.0575245
3.0425,1.00448,1.00352,0.000959886,0.0111494,0.00125234,-0.0111119,0.0274722,1.03222,-0.0574646
3.04836,1.14076,1.01246,0.128297,0.0110056,0.00117024,-0.0111619,0.0272773,1.04158,-0.0574047
3.05423,1.06934,1.02151,0.0478228,0.0108635,0.00108878,-0.0112118,0.0270852,1.05103,-0.0573449
3.06009,1.12853,1.03068,0.0978566,0.0107231,0.00100797,-0.0112614,0.0268956,1.0606,-0.0572852
3.06595,1.06148,1.03995,0.0215336,0.0105843,0.000927786,-0.0113108,0.0267087,1.07026,-0.0572255
3.07181,1.12323,1.04933,0.0738936,0.010447,0.000848213,-0.0113599,0.0265242,1.08004,-0.0571658
3.07767,1.2026,1.05883,0.143769,0.0103114,0.000769242,-0.0114087,0.0263422,1.08992,-0.0571062
3.08354,1.31905,1.06844,0.25061,0.0101772,0.000690861,-0.0114571,0.0261627,1.09991,-0.0570467
3.0894,1.07581,1.07817,-0.00235387,0.0100445,0.00061306,-0.011505,0.0259855,1.11002,-0.0569872
3.09526,1.09813,1.08801,0.0101233,0.00991329,0.000535828,-0.0115525,0.0258107,1.12023,-0.0569278
3.10112,1.22157,1.09797,0.123599,0.00978345,0.000459156,-0.0115994,0.0256382,1.13056,-0.0568685
3.10699,1.24092,1.10806,0.132865,0.009655,0.000383038,-0.0116457,0.0254679,1.14101,-0.0568091
3.11285,1.07285,1.11827,-0.045412,0.00952789,0.000307464,-0.0116913,0.0252998,1.15157,-0.0567499
3.11871,1.18183,1.1286,0.053228,0.00940208,0.00023243,-0.011736,0.0251338,1.16226,-0.0566907
3.12457,1.22737,1.13905,0.0883161,0.00927756,0.000157928,-0.01178,0.02497,1.17306,-0.0566315
3.13043,1.21994,1.14964,0.0703037,0.0091543,8.39559e-05,-0.0118229,0.0248083,1.18399,-0.0565725
3.1363,1.18461,1.16035,0.0242539,0.00903225,1.05084e-05,-0.0118648,0.0246486,1.19504,-0.0565134
3.14216,1.19597,1.1712,0.0247727,0.0089114,-6.24167e-05,-0.0119056,0.0244908,1.20622,-0.0564544
3.14802,1.07764,1.18218,-0.104536,0.00879171,-0.000134821,-0.011945,0.0243351,1.21753,-0.0563955
3.15388,1.14382,1.19329,-0.0494696,0.00867316,-0.000206705,-0.0119831,0.0241813,1.22896,-0.0563367
3.15975,1.27392,1.20454,0.0693769,0.00855573,-0.000278068,-0.0120196,0.0240294,1.24053,-0.0562778
3.16561,1.25626,1.21594,0.0403233,0.00843938,-0.000348909,-0.0120544,0.0238793,1.25224,-0.0562191
3.17147,1.37496,1.22747,0.147491,0.00832409,-0.000419224,-0.0120874,0.0237311,1.26408,-0.0561604
3.17733,1.33198,1.23914,0.0928342,0.00820984,-0.000489009,-0.0121183,0.0235847,1.27606,-0.0561017
3.18319,1.15837,1.25096,-0.0925903,0.00809661,-0.000558259,-0.0121471,0.02344,1.28818,-0.0560431
3.18906,1.10777,1.26293,-0.15516,0.00798436,-0.000626965,-0.0121735,0.0232971,1.30044,-0.0559846
3.19492,1.26555,1.27505,-0.00950088,0.00787308,-0.00069512,-0.0121973,0.0231558,1.31284,-0.0559261
3.20078,1.28703,1.28732,-0.000295563,0.00776274,-0.000762713,-0.0122183,0.0230162,1.32539,-0.0558677
3.20664,1.37852,1.29975,0.0787734,0.00765333,-0.000829731,-0.0122362,0.0228783,1.33809,-0.0558093
3.21251,1.4468,1.31234,0.134469,0.00754481,-0.000896162,-0.0122508,0.022742,1.35095,-0.055751
3.21837,1.3927,1.32508,0.0676202,0.00743718,-0.000961988,-0.0122617,0.0226073,1.36395,-0.0556927
3.22423,1.33265,1.33799,-0.00533424,0.00733041,-0.00102719,-0.0122687,0.0224741,1.37711,-0.0556345
3.23009,1.23507,1.35106,-0.115993,0.00722447,-0.00109175,-0.0122714,0.0223424,1.39043,-0.0555764
3.23596,1.38654,1.3643,0.022235,0.00711935,-0.00115565,-0.0122694,0.0222123,1.40391,-0.0555183
3.24182,1.5108,1.37771,0.133088,0.00701504,-0.00121885,-0.0122624,0.0220837,1.41756,-0.0554602
3.24768,1.26362,1.3913,-0.127682,0.0069115,-0.00128134,-0.0122498,0.0219565,1.43136,-0.0554023
3.25354,1.57457,1.40506,0.169505,0.00680873,-0.00134307,-0.0122313,0.0218307,1.44534,-0.0553443
3.2594,1.38714,1.419,-0.0318651,0.00670671,-0.00140402,-0.0122063,0.0217063,1.45949,-0.0552864
3.26527,1.35979,1.43313,-0.0733456,0.00660541,-0.00146415,-0.0121742,0.0215834,1.47381,-0.0552286
3.27113,1.44923,1.44745,0.00178,0.00650482,-0.00152341,-0.0121345,0.0214617,1.48831,-0.0551709
3.27699,1.44978,1.46195,-0.0121689,0.00640492,-0.00158176,-0.0120863,0.0213415,1.50298,-0.0551131
3.28285,1.50286,1.47665,0.0262174,0.0063057,-0.00163914,-0.0120291,0.0212225,1.51784,-0.0550555
3.28872,1.56843,1.49154,0.0768858,0.00620714,-0.00169551,-0.011962,0.0211048,1.53289,-0.0549979
3.29458,1.50787,1.50664,0.00123406,0.00610923,-0.00175081,-0.0118841,0.0209885,1.54812,-0.0549403
3.30044,1.46451,1.52194,-0.0574314,0.00601194,-0.00180495,-0.0117945,0.0208733,1.56354,-0.0548829
3.3063,1.60551,1.53745,0.0680608,0.00591526,-0.00185788,-0.011692,0.0207594,1.57915,-0.0548254
3.31216,1.62214,1.55318,0.0689648,0.00581919,-0.00190952,-0.0115755,0.0206468,1.59497,-0.054768
3.31803,1.64782,1.56912,0.0786916,0.0057237,-0.00195977,-0.0114438,0.0205353,1.61098,-0.0547107
3.32389,1.63711,1.58529,0.0518192,0.00562878,-0.00200855,-0.0112953,0.020425,1.62719,-0.0546534
3.32975,1.66477,1.60169,0.0630804,0.00553441,-0.00205575,-0.0111286,0.0203159,1.64362,-0.0545962
3.33561,1.73709,1.61832,0.118776,0.00544058,-0.00210125,-0.0109419,0.0202079,1.66025,-0.0545391
3.34148,1.83358,1.63518,0.198392,0.00534729,-0.00214494,-0.0107333,0.020101,1.6771,-0.054482
3.34734,1.79348,1.6523,0.141178,0.0052545,-0.00218667,-0.0105007,0.0199952,1.69416,-0.0544249
3.3532,1.72931,1.66966,0.059652,0.00516222,-0.00222631,-0.0102417,0.0198905,1.71144,-0.0543679
3.35906,1.66087,1.68728,-0.0264166,0.00507043,-0.00226368,-0.00995361,0.0197869,1.72895,-0.054311
3.36492,1.63941,1.70517,-0.0657562,0.00497912,-0.00229862,-0.00963363,0.0196844,1.74669,-0.0542541
3.37079,1.71415,1.72332,-0.00917384,0.00488827,-0.00233092,-0.00927846,0.0195829,1.76466,-0.0541973
3.37665,1.56522,1.74176,-0.17654,0.00479787,-0.00236038,-0.00888446,0.0194824,1.78286,-0.0541405
3.38251,1.62515,1.76048,-0.135332,0.00470791,-0.00238676,-0.00844753,0.0193829,1.80131,-0.0540838
3.38837,1.96776,1.7795,0.188267,0.00461838,-0.0024098,-0.0079631,0.0192845,1.81999,-0.0540271
3.39424,1.95936,1.79882,0.160538,0.00452927,-0.00242922,-0.00742602,0.019187,1.83893,-0.0539705
3.4001,1.91175,1.81846,0.0932876,0.00444056,-0.00244471,-0.00683045,0.0190904,1.85812,-0.053914
3.40596,1.89978,1.83843,0.0613556,0.00435226,-0.00245593,-0.00616984,0.0189949,1.87756,-0.0538575
3.41182,1.81367,1.85873,-0.0450685,0.00426433,-0.00246251,-0.00543673,0.0189002,1.89727,-0.053801
3.41768,1.90322,1.87939,0.0238239,0.00417679,-0.00246401,-0.00462266,0.0188065,1.91724,-0.0537446
3.42355,1.82338,1.90042,-0.0770379,0.00408961,-0.00245998,-0.00371799,0.0187137,1.93748,-0.0536883
3.42941,1.92845,1.92183,0.0066224,0.00400278,-0.00244992,-0.0027117,0.0186218,1.958,-0.053632
3.43527,2.07698,1.94364,0.133334,0.0039163,-0.00243324,-0.00159118,0.0185308,1.9788,-0.0535758
3.44113,2.07785,1.96588,0.111972,0.00383016,-0.00240933,-0.000341913,0.0184407,1.99988,-0.0535196
3.447,1.96887,1.98855,-0.0196856,0.00374434,-0.00237748,0.00105285,0.0183514,2.02125,-0.0534635
3.45286,1.88446,2.0117,-0.127242,0.00365885,-0.00233691,0.00261247,0.0182629,2.04291,-0.0534075
3.45872,2.21665,2.03535,0.181304,0.00357366,-0.00228674,0.00435949,0.0181754,2.06488,-0.0533515
3.46458,2.2336,2.05952,0.174073,0.00348878,-0.002226,0.00632018,0.0180886,2.08715,-0.0532955
3.47044,2.18904,2.08427,0.104775,0.00340419,-0.00215359,0.00852531,0.0180026,2.10973,-0.0532396
3.47631,2.14056,2.10962,0.0309351,0.00331989,-0.00206828,0.0110111,0.0179175,2.13263,-0.0531838
3.48217,2.15654,2.13564,0.0208962,0.00323586,-0.00196868,0.0138205,0.0178331,2.15585,-0.053128
3.48803,2.17851,2.16238,0.0161383,0.00315211,-0.00185323,0.0170044,0.0177495,2.1794,-0.0530723
3.49389,2.21529,2.1899,0.0253896,0.00306862,-0.00172014,0.0206236,0.0176667,2.20328,-0.0530166
3.49976,2.28225,2.21829,0.0639621,0.00298538,-0.00156741,0.0247515,0.0175846,2.2275,-0.052961
3.50562,2.468,2.24765,0.220353,0.0029024,-0.00139274,0.0294765,0.0175033,2.25207,-0.0529054
3.51148,2.21221,2.27809,-0.065879,0.00281967,-0.0011935,0.0349067,0.0174228,2.27699,-0.0528499
3.51734,2.30566,2.30976,-0.00409685,0.00273717,-0.000966698,0.0411743,0.0173429,2.30227,-0.0527945
3.5232,2.33188,2.34283,-0.010952,0.00265491,-0.000708876,0.0484432,0.0172638,2.32791,-0.0527391
3.52907,2.28766,2.37751,-0.0898542,0.00257287,-0.000416046,0.0569176,0.0171854,2.35393,-0.0526837
3.53493,2.33537,2.41407,-0.0787089,0.00249106,-8.35878e-05,0.0668549,0.0171077,2.38033,-0.0526284
3.54079,2.33801,2.45286,-0.114853,0.00240946,0.000293877,0.0785822,0.0170307,2.40712,-0.0525732
3.54665,2.48503,2.49431,-0.00927567,0.00232808,0.000722636,0.0925206,0.0169543,2.4343,-0.052518
3.55252,2.55129,2.53897,0.0123193,0.00224691,0.00121008,0.109219,0.0168787,2.46188,-0.0524629
3.55838,2.59128,2.5876,0.00368323,0.00216594,0.00176493,0.1294,0.0168037,2.48987,-0.0524079
3.56424,2.51663,2.64118,-0.124547,0.00208518,0.00239755,0.154036,0.0167293,2.51828,-0.0523529
3.5701,2.43053,2.70105,-0.270513,0.00200462,0.00312033,0.184449,0.0166556,2.54712,-0.0522979
3.57596,2.71988,2.76907,-0.049196,0.00192426,0.00394817,0.22248,0.0165826,2.57638,-0.052243
3.58183,2.66448,2.8479,-0.183416,0.0018441,0.00489913,0.270743,0.0165101,2.60609,-0.0521882
3.58769,2.94692,2.94136,0.00555602,0.00176413,0.00599527,0.333043,0.0164383,2.63625,-0.0521334
3.59355,3.07972,3.05519,0.0245239,0.00168436,0.00726376,0.415085,0.0163671,2.66687,-0.0520786
3.59941,2.99173,3.19829,-0.206556,0.00160478,0.0087384,0.525707,0.0162965,2.69796,-0.052024
3.60528,3.20715,3.38493,-0.177778,0.00152539,0.0104617,0.679154,0.0162266,2.72953,-0.0519693
3.61114,3.24308,3.63924,-0.396153,0.0014462,0.0124875,0.899477,0.0161572,2.76158,-0.0519148
3.617,3.58057,4.00427,-0.423698,0.00136721,0.0148856,1.22965,0.0160884,2.79413,-0.0518602
3.62286,4.22678,4.56238,-0.335597,0.00128841,0.0177465,1.75194,0.0160201,2.82719,-0.0518058
3.62872,4.95175,5.48494,-0.533195,0.00120982,0.0211911,2.63757,0.0159525,2.86077,-0.0517514
3.63459,6.40735,7.16631,-0.758964,0.00113143,0.0253821,4.28074,0.0158854,2.89487,-0.051697
3.64045,9.28511,10.6117,-1.32663,0.00105325,0.0305447,7.68645,0.0158188,2.92951,-0.0516427
3.64631,17.3912,18.3535,-0.962241,0.000975289,0.0369967,15.3866,0.0157528,2.9647,-0.0515885
3.65217,30.7014,31.5337,-0.832341,0.000897546,0.0451999,28.523,0.0156874,3.00046,-0.0515343
3.65804,31.5115,29.7737,1.73787,0.000820029,0.0558465,26.7161,0.0156224,3.03678,-0.0514802
3.6639,18.5963,17.4893,1.10702,0.000742748,0.0700136,14.3807,0.015558,3.07369,-0.0514261
3.66976,10.6251,10.9127,-0.287612,0.000665711,0.0894537,7.74724,0.0154942,3.11119,-0.0513721
3.67562,7.40188,7.90449,-0.502602,0.000588928,0.117172,4.6733,0.0154308,3.14931,-0.0513181
3.68149,6.00847,6.41326,-0.404789,0.00051241,0.158667,3.10193,0.015368,3.18804,-0.0512642
3.68735,5.13386,5.62629,-0.492427,0.000436169,0.224815,2.20953,0.0153056,3.22741,-0.0512104
3.69321,4.85942,5.22936,-0.369938,0.00036022,0.339285,1.65819,0.0152438,3.26743,-0.0511566
3.69907,4.62165,5.12653,-0.504882,0.000284577,0.559439,1.29461,0.0151825,3.30812,-0.0511029
3.70493,5.14193,5.3912,-0.24927,0.000209257,1.03515,1.0423,0.0151216,3.34947,-0.0510492
3.7108,6.10821,6.26632,-0.158115,0.000134279,2.05066,0.859942,0.0150612,3.39152,-0.0509955
3.71666,7.34148,6.94961,0.391862,5.96616e-05,2.82749,0.723732,0.0150013,3.43428,-0.050942
3.72252,6.35271,5.92056,0.432146,-1.45724e-05,1.85958,0.619186,0.0149419,3.47775,-0.0508884
3.72838,5.25991,5.07958,0.180332,-8.83993e-05,1.05656,0.537094,0.0148829,3.52197,-0.050835
3.73425,4.56504,4.71979,-0.154752,-0.000161793,0.717602,0.471375,0.0148244,3.56693,-0.0507816
3.74011,4.50303,4.59952,-0.0964922,-0.000234726,0.605169,0.417883,0.0147664,3.61267,-0.0507282
3.74597,4.51696,4.62362,-0.106668,-0.000307166,0.626992,0.373712,0.0147087,3.65919,-0.0506749
3.75183,4.77694,4.79179,-0.0148475,-0.000379082,0.784844,0.336774,0.0146516,3.70652,-0.0506217
3.75769,4.7896,5.19704,-0.407436,-0.000450436,1.17325,0.30554,0.0145949,3.75467,-0.0505685
3.76356,5.76628,6.12758,-0.361299,-0.00052119,2.08155,0.278868,0.0145386,3.80366,-0.0505153
3.76942,7.49557,8.14494,-0.64937,-0.000591301,4.07211,0.255888,0.0144827,3.85351,-0.0504623
3.77528,10.3294,9.69042,0.638939,-0.000660724,5.58689,0.235933,0.0144273,3.90425,-0.0504092
3.78114,9.89648,7.74234,2.15414,-0.000729408,3.6047,0.218478,0.0143722,3.95588,-0.0503563
3.78701,7.31342,6.11236,1.20106,-0.000797301,1.9376,0.203112,0.0143176,4.00843,-0.0503033
3.79287,5.69321,5.39172,0.301494,-0.000864345,1.17714,0.189504,0.0142634,4.06192,-0.0502505
3.79873,5.26003,5.08834,0.171695,-0.000930477,0.831484,0.177387,0.0142096,4.11638,-0.0501977
3.80459,5.11407,4.98482,0.129246,-0.000995629,0.683436,0.166544,0.0141562,4.17183,-0.0501449
3.81045,5.03667,5.01391,0.022763,-0.00105973,0.665878,0.156796,0.0141032,4.22828,-0.0500922
3.81632,5.14404,5.19317,-0.0491262,-0.0011227,0.796512,0.147995,0.0140506,4.28577,-0.0500396
3.82218,5.31534,5.65281,-0.337463,-0.00118445,1.20564,0.140018,0.0139984,4.34432,-0.049987
3.82804,5.94485,6.66638,-0.721526,-0.00124489,2.1669,0.132761,0.0139466,4.40395,-0.0499345
3.8339,7.29448,7.45212,-0.157642,-0.00130393,2.89859,0.126136,0.0138951,4.46468,-0.049882
3.83977,7.88252,6.49423,1.38829,-0.00136144,1.88495,0.12007,0.013844,4.52656,-0.0498296
3.84563,6.76925,5.69576,1.07349,-0.00141733,1.02907,0.114498,0.0137933,4.5896,-0.0497772
3.85149,5.72454,5.35132,0.373224,-0.00147146,0.625578,0.109366,0.013743,4.65383,-0.0497249
3.85735,5.57744,5.21153,0.365912,-0.00152369,0.425127,0.104627,0.013693,4.71928,-0.0496727
3.86321,5.37542,5.16191,0.213508,-0.00157389,0.313235,0.10024,0.0136434,4.78598,-0.0496205
3.86908,5.10473,5.15684,-0.0521117,-0.00162188,0.244295,0.0961686,0.0135941,4.85397,-0.0495683
3.87494,5.00481,5.17647,-0.171661,-0.0016675,0.19846,0.0923825,0.0135452,4.92327,-0.0495162
3.8808,5.02985,5.21125,-0.181403,-0.00171056,0.166156,0.0888542,0.0134966,4.99392,-0.0494642
3.88666,5.17433,5.25613,-0.0818013,-0.00175086,0.142335,0.0855596,0.0134484,5.06595,-0.0494122
3.89253,5.34554,5.30826,0.0372885,-0.00178818,0.124131,0.0824775,0.0134005,5.1394,-0.0493603
3.89839,5.42107,5.36592,0.0551489,-0.00182228,0.109818,0.0795891,0.0133529,5.21429,-0.0493084
3.90425,5.48608,5.42806,0.0580214,-0.0018529,0.0982993,0.0768776,0.0133057,5.29068,-0.0492566
3.91011,5.38324,5.49396,-0.11072,-0.00187977,0.0888512,0.0743281,0.0132588,5.3686,-0.0492049
3.91597,5.67414,5.56315,0.110986,-0.00190256,0.0809779,0.0719272,0.0132123,5.44809,-0.0491532
3.92184,5.81116,5.63532,0.175837,-0.00192096,0.0743296,0.0696629,0.013166,5.52919,-0.0491015
3.9277,5.86059,5.71025,0.150339,-0.0019346,0.0686527,0.0675246,0.0131201,5.61193,-0.0490499
3.93356,5.87786,5.78777,0.0900902,-0.00194309,0.0637598,0.0655025,0.0130745,5.69638,-0.0489984
3.93942,5.94179,5.86779,0.0739918,-0.001946,0.0595092,0.0635878,0.0130292,5.78256,-0.0489469
3.94529,5.9604,5.95024,0.0101546,-0.00194285,0.0557925,0.0617726,0.0129843,5.87053,-0.0488955
3.95115,6.06498,6.03508,0.0299023,-0.00193314,0.0525252,0.0600497,0.0129396,5.96034,-0.0488441
3.95701,6.12106,6.12227,-0.00121046,-0.00191631,0.0496409,0.0584126,0.0128952,6.05203,-0.0487928
3.96287,6.39646,6.21182,0.184647,-0.00189174,0.0470867,0.0568554,0.0128512,6.14566,-0.0487416
3.96873,6.32528,6.30372,0.0215569,-0.00185876,0.0448205,0.0553725,0.0128074,6.24127,-0.0486903
3.9746,6.31835,6.39801,-0.0796607,-0.00181663,0.0428084,0.0539591,0.0127639,6.33893,-0.0486392
3.98046,6.62081,6.4947,0.126115,-0.00176455,0.0410231,0.0526106,0.0127207,6.43869,-0.0485881
3.98632,6.7126,6.59382,0.118778,-0.00170163,0.0394427,0.0513229,0.0126778,6.54062,-0.0485371
3.99218,6.92302,6.69542,0.227599,-0.00162688,0.0380499,0.050092,0.0126352,6.64476,-0.0484861
3.99805,6.76046,6.79955,-0.0390819,-0.00153922,0.0368312,0.0489145,0.0125929,6.75118,-0.0484351
4.00391,7.027,6.90625,0.120758,-0.00143748,0.0357765,0.0477871,0.0125509,6.85995,-0.0483843
4.00977,7.22428,7.01558,0.208698,-0.00132033,0.0348786,0.0467069,0.0125091,6.97114,-0.0483335
4.01563,7.1248,7.12762,-0.00282023,-0.00118631,0.0341332,0.045671,0.0124676,7.08481,-0.0482827
4.02149,7.28146,7.24242,0.0390445,-0.00103381,0.0335389,0.0446769,0.0124264,7.20104,-0.048232
4.02736,7.37366,7.36007,0.0135959,-0.000861048,0.0330969,0.0437223,0.0123854,7.3199,-0.0481813
4.03322,7.27504,7.48064,-0.205597,-0.000666021,0.0328114,0.0428049,0.0123448,7.44147,-0.0481307
4.03908,7.79378,7.60422,0.189557,-0.000446514,0.0326899,0.0419226,0.0123043,7.56583,-0.0480802
4.04494,7.80929,7.73091,0.0783773,-0.000200052,0.0327437,0.0410736,0.0122642,7.69306,-0.0480297
4.05081,7.80708,7.86081,-0.0537374,7.61329e-05,0.0329882,0.0402561,0.0122243,7.82325,-0.0479793
4.05667,8.11515,7.99404,0.121108,0.000385141,0.0334444,0.0394685,0.0121846,7.95648,-0.0479289
4.06253,8.35636,8.1307,0.225652,0.00073045,0.0341395,0.0387092,0.0121453,8.09286,-0.0478786
4.06839,8.2272,8.27095,-0.0437423,0.00111597,0.0351095,0.0379767,0.0121061,8.23247,-0.0478283
4.07426,8.398,8.41492,-0.0169193,0.00154612,0.036401,0.0372698,0.0120672,8.37541,-0.0477781
4.08012,8.62018,8.56278,0.0574028,0.00202589,0.038075,0.0365871,0.0120286,8.52179,-0.0477279
4.08598,8.77714,8.71473,0.0624057,0.00256091,0.0402123,0.0359275,0.0119902,8.67172,-0.0476778
4.09184,8.97288,8.87099,0.101886,0.0031576,0.0429201,0.0352899,0.0119521,8.8253,-0.0476278
4.0977,9.24254,9.03183,0.21071,0.00382327,0.0463441,0.0346732,0.0119141,8.98266,-0.0475778
4.10357,9.07515,9.19758,-0.122428,0.00456625,0.0506847,0.0340765,0.0118765,9.1439,-0.0475278
4.10943,9.42993,9.36865,0.0612891,0.0053961,0.0562236,0.0334988,0.011839,9.30917,-0.047478
4.11529,9.57921,9.54558,0.0336293,0.0063238,0.0633676,0.0329392,0.0118018,9.47857,-0.0474281
4.12115,9.80836,9.72913,0.0792314,0.00736202,0.0727207,0.0323971,0.0117649,9.65226,-0.0473784
4.12702,9.94076,9.92038,0.0203808,0.00852539,0.0852118,0.0318715,0.0117281,9.83037,-0.0473286
4.13288,10.1566,10.121,0.0356229,0.00983093,0.10233,0.0313618,0.0116916,10.013,-0.047279
4.13874,10.4202,10.3336,0.086628,0.0112985,0.126587,0.0308673,0.0116553,10.2004,-0.0472294
4.1446,10.5017,10.563,-0.0612924,0.0129513,0.162472,0.0303873,0.0116192,10.3927,-0.0471798
4.15046,10.849,10.8178,0.0311589,0.0148166,0.21864,0.0299213,0.0115834,10.59,-0.0471303
4.15633,11.2216,11.1167,0.104881,0.0169268,0.313317,0.0294686,0.0115478,10.7925,-0.0470809
4.16219,11.5682,11.5024,0.0657971,0.0193203,0.489164,0.0290287,0.0115124,11.0004,-0.0470315
4.16805,11.8612,12.0853,-0.224096,0.0220428,0.856247,0.0286011,0.0114772,11.2139,-0.0469822
4.17391,12.8732,13.1254,-0.252158,0.0251493,1.67438,0.0281853,0.0114422,11.4331,-0.0469329
4.17978,14.4976,14.4758,0.0217416,0.0287064,2.79647,0.0277808,0.0114074,11.6583,-0.0468837
4.18564,15.3375,14.1645,1.17293,0.0327951,2.2501,0.0273872,0.0113728,11.8897,-0.0468345
4.1915,14.216,13.423,0.793019,0.0375146,1.26644,0.0270041,0.0113385,12.1275,-0.0467854
4.19736,13.4094,13.2163,0.193157,0.0429874,0.810226,0.0266311,0.0113043,12.3719,-0.0467363
4.20322,13.3174,13.3043,0.0131147,0.0493663,0.64095,0.0262677,0.0112704,12.6231,-0.0466873
4.20909,13.5557,13.5518,0.00396508,0.0568434,0.622935,0.0259137,0.0112367,12.8815,-0.0466384
4.21495,13.7771,13.935,-0.157814,0.0656626,0.731921,0.0255686,0.0112031,13.1472,-0.0465895
4.22081,14.2984,14.5139,-0.215521,0.0761372,1.02738,0.0252322,0.0111698,13.4205,-0.0465407
4.22667,14.887,15.4968,-0.609833,0.0886746,1.71681,0.0249042,0.0111366,13.7018,-0.0464919
4.23254,16.2624,17.3969,-1.13447,0.103811,3.31253,0.0245842,0.0111037,13.9913,-0.0464432
4.2384,18.9025,19.9182,-1.01574,0.122266,5.51773,0.024272,0.0110709,14.2893,-0.0463945
4.24426,21.3449,19.1127,2.23214,0.145014,4.38296,0.0239672,0.0110383,14.5961,-0.0463459
4.25012,19.7214,17.4338,2.28765,0.173409,2.35987,0.0236697,0.0110059,14.9121,-0.0462973
4.25598,17.7859,16.8086,0.977388,0.209367,1.37344,0.0233792,0.0109738,15.2376,-0.0462488
4.26185,17.0537,16.7458,0.307931,0.255668,0.929218,0.0230954,0.0109417,15.5731,-0.0462004
4.26771,16.9716,16.9525,0.0190949,0.316461,0.729725,0.0228182,0.0109099,15.9188,-0.046152
4.27357,17.2361,17.3326,-0.0965286,0.398139,0.671985,0.0225473,0.0108783,16.2752,-0.0461036
4.27943,17.8286,17.8882,-0.0596072,0.510943,0.747559,0.0222824,0.0108468,16.6427,-0.0460554
4.2853,18.2262,18.7229,-0.496698,0.672046,1.04231,0.0220235,0.0108156,17.0217,-0.0460071
4.29116,19.0676,20.1143,-1.04674,0.911856,1.80308,0.0217703,0.0107845,17.4128,-0.045959
4.29702,20.6703,21.968,-1.29769,1.28795,2.87741,0.0215226,0.0107535,17.8163,-0.0459108
4.30288,22.7352,22.4248,0.310336,1.91865,2.2872,0.0212803,0.0107228,18.2328,-0.0458628
4.30874,23.3046,22.9741,0.330457,3.07216,1.25316,0.0210431,0.0106922,18.6629,-0.0458148
4.31461,24.0855,25.2536,-1.16807,5.4236,0.737217,0.020811,0.0106618,19.1071,-0.0457668
4.32047,27.8978,30.7545,-2.85676,10.7138,0.489301,0.0205838,0.0106316,19.5659,-0.0457189
4.32633,36.7898,41.0835,-4.29369,20.7023,0.355812,0.0203613,0.0106016,20.04,-0.0456711
4.33219,44.2038,42.7325,1.47126,21.9415,0.275863,0.0201434,0.0105717,20.5301,-0.0456233
4.33806,37.1291,33.4729,3.65615,12.2275,0.223825,0.0199299,0.0105419,21.0368,-0.0455756
4.34392,29.5147,28.2329,1.2818,6.49972,0.187724,0.0197207,0.0105124,21.5608,-0.0455279
4.34978,26.296,26.1101,0.185893,3.86131,0.161412,0.0195158,0.010483,22.1028,-0.0454803
4.35564,25.2755,25.3238,-0.048254,2.53423,0.141477,0.0193149,0.0104538,22.6637,-0.0454327
4.3615,25.1526,25.1453,0.00724186,1.79097,0.125897,0.0191179,0.0104247,23.2443,-0.0453852
4.36737,25.187,25.2795,-0.0925518,1.33671,0.113409,0.0189248,0.0103958,23.8454,-0.0453377
4.37323,25.4567,25.5946,-0.137918,1.03964,0.10319,0.0187354,0.0103671,24.468,-0.0452903
4.37909,26.0051,26.0261,-0.0210231,0.834843,0.0946801,0.0185497,0.0103385,25.1129,-0.045243
4.38495,26.4601,26.5399,-0.0797769,0.687607,0.0874888,0.0183675,0.01031,25.7813,-0.0451957
4.39082,27.0608,27.1169,-0.0560824,0.578103,0.0813346,0.0181887,0.0102818,26.4741,-0.0451485
4.39668,27.857,27.746,0.111017,0.494353,0.0760102,0.0180132,0.0102536,27.1925,-0.0451013
4.40254,28.4895,28.4207,0.0687032,0.428788,0.0713598,0.017841,0.0102257,27.9376,-0.0450541
4.4084,29.1912,29.1372,0.0540204,0.376432,0.0672639,0.0176719,0.0101978,28.7107,-0.0450071
4.41426,29.9112,29.8932,0.0179817,0.333909,0.0636296,0.0175059,0.0101702,29.513,-0.0449601
4.42013,30.7152,30.6877,0.0275478,0.298861,0.0603836,0.0173429,0.0101426,30.3459,-0.0449131
4.42599,31.5599,31.5203,0.0395755,0.269601,0.0574672,0.0171828,0.0101153,31.2108,-0.0448662
4.43185,32.5124,32.3913,0.121069,0.244894,0.0548328,0.0170256,0.010088,32.1093,-0.0448193
4.43771,33.2891,33.3012,-0.0120981,0.223821,0.0524417,0.0168711,0.010061,33.0428,-0.0447726
4.44358,34.1733,34.2511,-0.0777636,0.205686,0.0502617,0.0167193,0.010034,34.0131,-0.0447258
4.44944,35.3219,35.242,0.079834,0.189952,0.0482663,0.0165701,0.0100072,35.0219,-0.0446791
4.4553,36.4036,36.2754,0.128152,0.176203,0.0464329,0.0164235,0.00998058,36.071,-0.0446325
4.46116,37.3604,37.3528,0.00757117,0.164107,0.0447426,0.0162794,0.00995407,37.1623,-0.0445859
4.46702,38.5928,38.476,0.116743,0.153402,0.0431795,0.0161377,0.0099277,38.2979,-0.0445394
4.47289,39.6009,39.6468,-0.0459648,0.143876,0.0417295,0.0159984,0.00990146,39.4798,-0.0444929
4.47875,40.8726,40.8673,0.00528485,0.135355,0.040381,0.0158615,0.00987537,40.7103,-0.0444465
4.48461,42.3322,42.1396,0.1926,0.127699,0.0391236,0.0157267,0.00984941,41.9916,-0.0444002
4.49047,43.5544,43.466,0.0883795,0.120789,0.0379483,0.0155942,0.00982358,43.3262,-0.0443539
4.49634,44.9988,44.849,0.149768,0.114528,0.0368474,0.0154639,0.00979789,44.7167,-0.0443076
4.5022,46.293,46.291,0.00199851,0.108834,0.0358139,0.0153356,0.00977234,46.1655,-0.0442615
4.50806,47.5595,47.7948,-0.235362,0.103637,0.034842,0.0152094,0.00974691,47.6756,-0.0442153
4.51392,49.3887,49.3632,0.0255517,0.0988795,0.0339261,0.0150852,0.00972162,49.2498,-0.0441692
4.51979,50.8879,50.999,-0.111089,0.0945102,0.0330615,0.0149629,0.00969646,50.8909,-0.0441232
4.52565,52.737,52.7053,0.0316894,0.0904864,0.0322441,0.0148426,0.00967142,52.6021,-0.0440773
4.53151,54.5173,54.4852,0.032052,0.0867708,0.03147,0.0147241,0.00964652,54.3866,-0.0440313
4.53737,56.3718,56.342,0.0297697,0.0833312,0.0307359,0.0146075,0.00962174,56.2477,-0.0439855
4.54323,58.2689,58.2789,-0.0100262,0.0801396,0.0300387,0.0144926,0.00959709,58.1886,-0.0439397
4.5491,60.2285,60.2994,-0.0709087,0.0771715,0.0293757,0.0143795,0.00957256,60.2128,-0.0438939
4.55496,62.3794,62.4069,-0.0275056,0.0744053,0.0287443,0.0142681,0.00954816,62.3238,-0.0438482
4.56082,64.5958,64.6049,-0.00914814,0.0718223,0.0281424,0.0141584,0.00952388,64.5251,-0.0438026
4.56668,66.7391,66.897,-0.157876,0.0694057,0.0275679,0.0140503,0.00949972,66.8202,-0.043757
4.57255,69.3664,69.2865,0.0798559,0.0671406,0.0270189,0.0139438,0.00947569,69.2126,-0.0437115
4.57841,72.0296,71.777,0.25269,0.065014,0.0264939,0.0138388,0.00945177,71.7058,-0.043666
4.58427,74.2513,74.3717,-0.12037,0.0630142,0.0259911,0.0137354,0.00942798,74.3031,-0.0436206
4.59013,77.0594,77.0738,-0.0143972,0.0611306,0.0255092,0.0136335,0.0094043,77.0077,-0.0435752
4.59599,79.888,79.8862,0.00175804,0.0593538,0.0250469,0.0135331,0.00938075,79.8225,-0.0435299
4.60186,82.8054,82.8117,-0.00635827,0.0576755,0.024603,0.0134341,0.0093573,82.7502,-0.0434847
4.60772,85.816,85.8525,-0.0365404,0.056088,0.0241764,0.0133365,0.00933398,85.793,-0.0434395
4.61358,88.9394,89.0104,-0.0710151,0.0545845,0.0237661,0.0132402,0.00931077,88.9529,-0.0433944
4.61944,92.3666,92.2865,0.0800358,0.0531587,0.0233712,0.0131453,0.00928768,92.2309,-0.0433493
4.62531,95.7348,95.6814,0.0533419,0.0518051,0.0229908,0.0130518,0.0092647,95.6276,-0.0433042
4.63117,99.2568,99.1947,0.0620428,0.0505184,0.022624,0.0129595,0.00924183,99.1427,-0.0432593
4.63703,102.981,102.825,0.156041,0.0492941,0.0222702,0.0128685,0.00921907,102.775,-0.0432143
4.64289,106.725,106.57,0.155686,0.0481279,0.0219287,0.0127787,0.00919643,106.521,-0.0431695
4.64875,110.397,110.425,-0.0281112,0.047016,0.0215988,0.0126902,0.0091739,110.377,-0.0431247
4.65462,114.384,114.385,-0.000917713,0.0459546,0.0212799,0.0126028,0.00915147,114.339,-0.0430799
4.66048,118.489,118.442,0.0474874,0.0449407,0.0209714,0.0125166,0.00912916,118.397,-0.0430352
4.66634,122.655,122.587,0.0677975,0.0439712,0.0206729,0.0124316,0.00910695,122.544,-0.0429906
4.6722,127.006,126.81,0.196845,0.0430434,0.0203839,0.0123477,0.00908485,126.768,-0.042946
4.67807,131.133,131.094,0.0386761,0.0421547,0.0201039,0.0122648,0.00906285,131.054,-0.0429014
4.68393,135.464,135.425,0.0385937,0.0413027,0.0198324,0.0121831,0.00904097,135.385,-0.042857
4.68979,139.815,139.783,0.0328325,0.0404854,0.0195691,0.0121024,0.00901918,139.744,-0.0428125
4.69565,144.2,144.145,0.0548153,0.0397007,0.0193136,0.0120228,0.0089975,144.108,-0.0427682
4.70151,148.457,148.487,-0.0298668,0.0389467,0.0190656,0.0119442,0.00897593,148.451,-0.0427239
4.70738,152.774,152.781,-0.00772439,0.0382218,0.0188247,0.0118665,0.00895446,152.746,-0.0426796
4.71324,157.083,156.997,0.0851835,0.0375244,0.0185906,0.0117899,0.00893309,156.963,-0.0426354
4.7191,161.111,161.103,0.00847792,0.0368528,0.018363,0.0117142,0.00891182,161.069,-0.0425912
4.72496,165.002,165.062,-0.060311,0.0362059,0.0181416,0.0116395,0.00889065,165.03,-0.0425472
4.73083,168.859,168.839,0.0196853,0.0355823,0.0179262,0.0115657,0.00886958,168.808,-0.0425031
4.73669,172.374,172.397,-0.0234207,0.0349807,0.0177165,0.0114928,0.00884861,172.367,-0.0424591
4.74255,175.411,175.699,-0.287348,0.0344001,0.0175124,0.0114208,0.00882774,175.669,-0.0424152
4.74841,178.634,178.707,-0.0724269,0.0338394,0.0173135,0.0113497,0.00880696,178.678,-0.0423713
4.75427,181.3,181.386,-0.0857932,0.0332976,0.0171197,0.0112794,0.00878629,181.358,-0.0423275
4.76014,183.653,183.705,-0.0520494,0.0327738,0.0169307,0.01121,0.00876571,183.677,-0.0422837
4.766,185.629,185.633,-0.00368798,0.0322672,0.0167464,0.0111415,0.00874522,185.606,-0.04224
4.77186,187.095,187.147,-0.0520802,0.0317769,0.0165666,0.0110737,0.00872483,187.121,-0.0421964
4.77772,188.033,188.227,-0.194294,0.0313022,0.0163912,0.0110068,0.00870454,188.202,-0.0421528
4.78359,188.725,188.859,-0.133868,0.0308423,0.0162199,0.0109406,0.00868434,188.835,-0.0421093
4.78945,188.954,189.037,-0.0827662,0.0303967,0.0160526,0.0108752,0.00866423,189.013,-0.0420658
4.79531,188.643,188.759,-0.116305,0.0299645,0.0158893,0.0108106,0.00864421,188.736,-0.0420223
4.80117,187.879,188.031,-0.152512,0.0295453,0.0157296,0.0107467,0.00862429,188.009,-0.041979
4.80703,186.91,186.866,0.0435463,0.0291386,0.0155736,0.0106836,0.00860446,186.844,-0.0419356
4.8129,185.158,185.282,-0.124285,0.0287436,0.015421,0.0106212,0.00858471,185.26,-0.0418924
4.81876,183.28,183.301,-0.0217371,0.02836,0.0152718,0.0105595,0.00856506,183.28,-0.0418492
4.82462,181.039,180.952,0.0868483,0.0279873,0.0151258,0.0104985,0.0085455,180.932,-0.041806
4.83048,178.326,178.266,0.0602749,0.027625,0.014983,0.0104382,0.00852603,178.246,-0.0417629
4.83635,175.256,175.277,-0.0206931,0.0272727,0.0148432,0.0103785,0.00850664,175.258,-0.0417199
4.84221,172.074,172.02,0.0540077,0.02693,0.0147063,0.0103196,0.00848734,172.001,-0.0416769
4.84807,168.542,168.532,0.00991251,0.0265965,0.0145723,0.0102613,0.00846813,168.514,-0.0416339
4.85393,164.793,164.849,-0.0559451,0.0262719,0.014441,0.0102036,0.00844901,164.831,-0.041591
4.85979,160.962,161.007,-0.0449084,0.0259558,0.0143123,0.0101466,0.00842997,160.989,-0.0415482
4.86566,157.156,157.039,0.116726,0.0256479,0.0141863,0.0100902,0.00841101,157.022,-0.0415055
4.87152,153.066,152.979,0.0874094,0.0253478,0.0140627,0.0100344,0.00839215,152.962,-0.0414627
4.87738,148.946,148.856,0.090335,0.0250553,0.0139416,0.00997916,0.00837336,148.84,-0.0414201
4.88324,144.611,144.697,-0.0856095,0.0247701,0.0138228,0.00992456,0.00835466,144.682,-0.0413775
4.88911,140.323,140.528,-0.205151,0.0244919,0.0137063,0.00987055,0.00833604,140.513,-0.0413349
4.89497,136.355,136.371,-0.0164132,0.0242205,0.013592,0.00981711,0.00831751,136.356,-0.0412924
4.90083,132.354,132.245,0.108402,0.0239556,0.0134798,0.00976423,0.00829905,132.231,-0.04125
4.90669,128.158,128.167,-0.00875255,0.023697,0.0133697,0.00971192,0.00828068,128.153,-0.0412076
4.91255,124.19,124.152,0.0378161,0.0234445,0.0132616,0.00966015,0.00826239,124.138,-0.0411653
4.91842,120.364,120.211,0.153171,0.0231978,0.0131555,0.00960892,0.00824418,120.198,-0.041123
4.92428,116.487,116.354,0.133457,0.0229568,0.0130513,0.00955823,0.00822604,116.341,-0.0410808
4.93014,112.551,112.59,-0.0384432,0.0227213,0.012949,0.00950806,0.00820799,112.577,-0.0410386
4.936,108.826,108.924,-0.0974132,0.0224911,0.0128484,0.0094584,0.00819002,108.912,-0.0409965
4.94187,105.322,105.361,-0.039053,0.0222659,0.0127496,0.00940925,0.00817212,105.349,-0.0409545
4.94773,101.924,101.904,0.0199569,0.0220457,0.0126525,0.00936061,0.0081543,101.893,-0.0409125
4.95359,98.628,98.5561,0.0718642,0.0218303,0.0125571,0.00931245,0.00813656,98.5451,-0.0408705
4.95945,95.421,95.3174,0.103605,0.0216195,0.0124633,0.00926478,0.0081189,95.3067,-0.0408286
4.96532,92.2078,92.1882,0.0196023,0.0214132,0.0123711,0.00921759,0.00810131,92.1779,-0.0407868
4.97118,89.1609,89.168,-0.0070812,0.0212112,0.0122804,0.00917087,0.0080838,89.158,-0.040745
4.97704,86.1932,86.2556,-0.0624278,0.0210135,0.0121911,0.00912462,0.00806636,86.2459,-0.0407033
4.9829,83.3482,83.4493,-0.101142,0.0208198,0.0121034,0.00907882,0.008049,83.4399,-0.0406616
4.98876,80.7925,80.747,0.0454723,0.02063,0.012017,0.00903348,0.00803171,80.7379,-0.04062
4.99463,78.2566,78.1462,0.110374,0.0204441,0.0119321,0.00898857,0.0080145,78.1374,-0.0405785
5.00049,75.5767,75.6443,-0.0676782,0.0202618,0.0118485,0.00894411,0.00799736,75.6358,-0.040537
5.00635,73.2186,73.2384,-0.0198305,0.0200832,0.0117662,0.00890008,0.00798029,73.2302,-0.0404955
5.01221,71.0022,70.9255,0.076669,0.0199081,0.0116851,0.00885647,0.0079633,70.9175,-0.0404541
5.01808,68.6869,68.7025,-0.0155589,0.0197363,0.0116054,0.00881328,0.00794637,68.6948,-0.0404128
5.02394,66.4925,66.5662,-0.0736781,0.0195679,0.0115268,0.00877051,0.00792952,66.5588,-0.0403715
5.0298,64.5429,64.5135,0.0294042,0.0194026,0.0114495,0.00872814,0.00791274,64.5063,-0.0403303
5.03566,62.621,62.5413,0.0797399,0.0192405,0.0113733,0.00868617,0.00789603,62.5344,-0.0402891
5.04152,60.6936,60.6464,0.0471867,0.0190813,0.0112982,0.0086446,0.00787939,60.6398,-0.040248
5.04739,58.9217,58.8258,0.0958525,0.0189251,0.0112242,0.00860342,0.00786282,58.8194,-0.0402069
5.05325,57.126,57.0765,0.0495233,0.0187718,0.0111514,0.00856263,0.00784632,57.0703,-0.0401659
5.05911,55.4026,55.3954,0.00717137,0.0186212,0.0110796,0.00852222,0.00782989,55.3895,-0.040125
5.06497,53.5895,53.7799,-0.190349,0.0184733,0.0110088,0.00848218,0.00781352,53.7742,-0.0400841
5.07084,52.3122,52.227,0.08517,0.0183281,0.010939,0.00844251,0.00779723,52.2216,-0.0400432
5.0767,50.7201,50.7342,-0.0141556,0.0181854,0.0108702,0.0084032,0.007781,50.729,-0.0400024
5.08256,49.3403,49.2989,0.0414001,0.0180452,0.0108024,0.00836426,0.00776484,49.2939,-0.0399617
5.08842,47.9376,47.9185,0.0191167,0.0179074,0.0107356,0.00832566,0.00774874,47.9137,-0.039921
5.09428,46.537,46.5907,-0.0537682,0.017772,0.0106696,0.00828742,0.00773272,46.5861,-0.0398804
5.10015,45.2415,45.3132,-0.0717233,0.0176388,0.0106046,0.00824953,0.00771675,45.3089,-0.0398399
5.10601,43.98,44.0839,-0.103886,0.0175079,0.0105404,0.00821197,0.00770086,44.0797,-0.0397994
5.11187,43.0015,42.9005,0.101017,0.0173792,0.0104771,0.00817475,0.00768503,42.8965,-0.0397589
5.11773,41.9096,41.7611,0.148496,0.0172526,0.0104147,0.00813787,0.00766926,41.7573,-0.0397185
5.1236,40.792,40.6637,0.12827,0.0171281,0.0103531,0.0081013,0.00765356,40.6602,-0.0396782
5.12946,39.7147,39.6066,0.108075,0.0170056,0.0102923,0.00806507,0.00763792,39.6032,-0.0396379
5.13532,38.6786,38.588,0.0906062,0.0168851,0.0102323,0.00802915,0.00762234,38.5848,-0.0395976
5.14118,37.6496,37.6061,0.04343,0.0167665,0.0101731,0.00799354,0.00760683,37.6031,-0.0395575
5.14704,36.7066,36.6595,0.0471535,0.0166498,0.0101146,0.00795825,0.00759138,36.6567,-0.0395173
5.15291,35.8116,35.7465,0.065105,0.0165349,0.0100569,0.00792326,0.007576,35.7439,-0.0394773
5.15877,35.1223,34.8658,0.256554,0.0164218,0.00999997,0.00788858,0.00756067,34.8634,-0.0394372
5.16463,34.2491,34.0159,0.233234,0.0163104,0.00994372,0.00785419,0.00754541,34.0136,-0.0393973
5.17049,33.2335,33.1955,0.0379892,0.0162008,0.00988817,0.0078201,0.00753021,33.1935,-0.0393574
5.17636,32.4012,32.4034,-0.00227581,0.0160928,0.00983332,0.0077863,0.00751507,32.4015,-0.0393175
5.18222,31.8309,31.6384,0.192468,0.0159864,0.00977914,0.00775279,0.00749999,31.6367,-0.0392777
5.18808,30.9281,30.8993,0.0287944,0.0158817,0.00972563,0.00771956,0.00748497,30.8978,-0.039238
5.19394,30.1032,30.1851,-0.0819264,0.0157784,0.00967277,0.00768661,0.00747001,30.1837,-0.0391983
5.1998,29.6045,29.4947,0.109872,0.0156767,0.00962054,0.00765394,0.00745511,29.4934,-0.0391587
5.20567,28.827,28.8271,-8.08361e-05,0.0155765,0.00956895,0.00762155,0.00744026,28.826,-0.0391191
5.21153,28.212,28.1813,0.0306336,0.0154777,0.00951797,0.00758942,0.00742548,28.1804,-0.0390796
5.21739,27.5737,27.5566,0.017144,0.0153804,0.00946759,0.00755756,0.00741076,27.5558,-0.0390401
5.22325,27.0915,26.952,0.139518,0.0152844,0.00941781,0.00752596,0.00739609,26.9514,-0.0390007
5.22912,26.2093,26.3667,-0.157415,0.0151898,0.0093686,0.00749462,0.00738148,26.3663,-0.0389614
5.23498,25.6197,25.8,-0.1803,0.0150965,0.00931997,0.00746354,0.00736693,25.7997,-0.0389221
5.24084,25.2556,25.2511,0.00453506,0.0150045,0.0092719,0.00743271,0.00735244,25.2509,-0.0388828
5.2467,24.7359,24.7193,0.0166694,0.0149138,0.00922438,0.00740214,0.007338,24.7192,-0.0388437
5.25256,24.2822,24.2039,0.0782695,0.0148243,0.0091774,0.00737181,0.00732362,24.204,-0.0388045
5.25843,23.6604,23.7043,-0.0438847,0.0147361,0.00913095,0.00734173,0.00730929,23.7045,-0.0387655
5.26429,23.0879,23.2198,-0.131953,0.014649,0.00908502,0.00731188,0.00729502,23.2202,-0.0387264
5.27015,22.7551,22.75,0.00509337,0.0145631,0.00903961,0.00728228,0.00728081,22.7505,-0.0386875
5.27601,22.1238,22.2942,-0.170433,0.0144784,0.00899469,0.00725292,0.00726665,22.2948,-0.0386486
5.28188,21.8903,21.8519,0.0383942,0.0143948,0.00895028,0.00722378,0.00725255,21.8527,-0.0386097
5.28774,21.3749,21.4225,-0.0476736,0.0143122,0.00890634,0.00719488,0.0072385,21.4235,-0.0385709
5.2936,20.9151,21.0057,-0.0905898,0.0142308,0.00886289,0.00716621,0.0072245,21.0068,-0.0385322
5.29946,20.5815,20.6009,-0.0194496,0.0141504,0.00881991,0.00713776,0.00721056,20.6021,-0.0384935
5.30532,20.2421,20.2077,0.0343724,0.014071,0.00877738,0.00710953,0.00719667,20.209,-0.0384548
5.31119,19.845,19.8256,0.0193118,0.0139926,0.00873531,0.00708152,0.00718284,19.8271,-0.0384162
5.31705,19.4731,19.4544,0.0187551,0.0139152,0.00869369,0.00705374,0.00716906,19.4559,-0.0383777
5.32291,19.0651,19.0934,-0.0283377,0.0138388,0.0086525,0.00702616,0.00715533,19.0951,-0.0383393
5.32877,18.5356,18.7425,-0.206882,0.0137634,0.00861175,0.0069988,0.00714165,18.7443,-0.0383008
5.33464,18.3551,18.4012,-0.0461408,0.0136889,0.00857142,0.00697165,0.00712802,18.4031,-0.0382625
5.3405,18.0497,18.0692,-0.0195023,0.0136153,0.00853151,0.00694471,0.00711445,18.0712,-0.0382242
5.34636,17.7012,17.7462,-0.0450283,0.0135426,0.00849201,0.00691797,0.00710093,17.7483,-0.0381859
5.35222,17.4353,17.4319,0.00345039,0.0134708,0.00845292,0.00689143,0.00708746,17.4341,-0.0381477
5.35809,17.1803,17.1259,0.0544496,0.0133999,0.00841422,0.0068651,0.00707404,17.1282,-0.0381096
5.36395,17.0855,16.8279,0.257608,0.0133298,0.00837591,0.00683896,0.00706067,16.8304,-0.0380715
5.36981,16.7805,16.5378,0.242691,0.0132605,0.00833799,0.00681302,0.00704735,16.5404,-0.0380335
5.37567,16.2446,16.2552,-0.0106183,0.0131921,0.00830044,0.00678728,0.00703408,16.2579,-0.0379955
5.38153,15.8451,15.9799,-0.134716,0.0131244,0.00826327,0.00676172,0.00702086,15.9826,-0.0379576
5.3874,15.7132,15.7116,0.00160103,0.0130576,0.00822647,0.00673636,0.00700769,15.7145,-0.0379197
5.39326,15.599,15.4501,0.14891,0.0129915,0.00819002,0.00671119,0.00699457,15.4531,-0.0378819
5.39912,15.3265,15.1952,0.131364,0.0129262,0.00815394,0.0066862,0.0069815,15.1983,-0.0378442
5.40498,15.028,14.9466,0.0814009,0.0128616,0.0081182,0.00666139,0.00696848,14.9498,-0.0378065
5.41085,14.6382,14.7042,-0.0659691,0.0127978,0.00808281,0.00663676,0.0069555,14.7075,-0.0377688
5.41671,14.6183,14.4678,0.150506,0.0127347,0.00804776,0.00661232,0.00694258,14.4712,-0.0377312
5.42257,14.1733,14.2371,-0.0637704,0.0126723,0.00801304,0.00658805,0.0069297,14.2406,-0.0376937
5.42843,13.8928,14.012,-0.119199,0.0126106,0.00797866,0.00656396,0.00691686,14.0156,-0.0376562
5.43429,13.7069,13.7923,-0.0853988,0.0125496,0.0079446,0.00654004,0.00690408,13.796,-0.0376188
5.44016,13.5669,13.5778,-0.0109366,0.0124892,0.00791085,0.0065163,0.00689134,13.5816,-0.0375814
5.44602,13.2449,13.3685,-0.123543,0.0124296,0.00787743,0.00649272,0.00687865,13.3723,-0.0375441
5.45188,13.1335,13.164,-0.0305134,0.0123705,0.00784431,0.00646931,0.00686601,13.168,-0.0375069
5.45774,12.7977,12.9643,-0.166547,0.0123121,0.0078115,0.00644607,0.00685341,12.9683,-0.0374697
5.46361,12.7872,12.7692,0.0180252,0.0122543,0.00777899,0.006423,0.00684086,12.7734,-0.0374325
5.46947,12.5002,12.5786,-0.078369,0.0121972,0.00774678,0.00640009,0.00682835,12.5828,-0.0373954
5.47533,12.3377,12.3924,-0.05465,0.0121406,0.00771486,0.00637734,0.00681589,12.3967,-0.0373584
5.48119,12.0344,12.2103,-0.175898,0.0120847,0.00768323,0.00635475,0.00680348,12.2147,-0.0373214
5.48705,11.8774,12.0324,-0.154962,0.0120293,0.00765189,0.00633231,0.00679111,12.0368,-0.0372845
5.49292,11.9161,11.8584,0.0577641,0.0119745,0.00762083,0.00631004,0.00677878,11.8629,-0.0372476
5.49878,11.6871,11.6882,-0.00112151,0.0119203,0.00759004,0.00628791,0.0067665,11.6929,-0.0372108
5.50464,11.4546,11.5219,-0.0672901,0.0118667,0.00755952,0.00626595,0.00675427,11.5266,-0.037174
5.5105,11.2616,11.3591,-0.0975002,0.0118136,0.00752928,0.00624413,0.00674207,11.3639,-0.0371373
5.51637,11.0746,11.1999,-0.125288,0.011761,0.0074993,0.00622246,0.00672992,11.2048,-0.0371007
5.52223,11.1455,11.0441,0.101468,0.011709,0.00746958,0.00620094,0.00671782,11.049,-0.0370641
5.52809,10.9129,10.8916,0.0212671,0.0116574,0.00744012,0.00617957,0.00670576,10.8966,-0.0370275
5.53395,10.644,10.7424,-0.0984064,0.0116064,0.00741092,0.00615835,0.00669374,10.7475,-0.0369911
5.53981,10.537,10.5963,-0.0593063,0.011556,0.00738196,0.00613727,0.00668176,10.6015,-0.0369546
5.54568,10.345,10.4532,-0.108283,0.011506,0.00735325,0.00611633,0.00666983,10.4585,-0.0369183
5.55154,10.1769,10.3132,-0.13629,0.0114565,0.00732479,0.00609553,0.00665794,10.3185,-0.0368819
5.5574,10.2745,10.176,0.0984424,0.0114075,0.00729657,0.00607487,0.00664609,10.1814,-0.0368457
5.56326,10.0583,10.0417,0.016677,0.0113589,0.00726859,0.00605435,0.00663428,10.0472,-0.0368095
5.56913,9.817,9.91006,-0.0930585,0.0113109,0.00724084,0.00603397,0.00662252,9.91562,-0.0367733
5.57499,9.82771,9.78111,0.0466011,0.0112632,0.00721332,0.00601372,0.0066108,9.78675,-0.0367372
5.58085,9.71155,9.65475,0.0567978,0.0112161,0.00718604,0.00599361,0.00659911,9.66046,-0.0367012
5.58671,9.52019,9.53092,-0.0107282,0.0111694,0.00715897,0.00597363,0.00658747,9.53669,-0.0366652
5.59257,9.35273,9.40954,-0.0568149,0.0111231,0.00713213,0.00595378,0.00657587,9.41539,-0.0366292
5.59844,9.41856,9.29056,0.127998,0.0110773,0.00710551,0.00593407,0.00656431,9.29647,-0.0365934
5.6043,9.20311,9.1739,0.0292071,0.0110319,0.00707911,0.00591448,0.0065528,9.17988,-0.0365575
5.61016,9.16549,9.05952,0.105973,0.010987,0.00705292,0.00589502,0.00654132,9.06556,-0.0365218
5.61602,9.0743,8.94734,0.126959,0.0109424,0.00702695,0.00587568,0.00652988,8.95346,-0.0364861
5.62189,8.72846,8.83732,-0.10886,0.0108983,0.00700118,0.00585648,0.00651848,8.8435,-0.0364504
5.62775,8.82315,8.7294,0.0937415,0.0108545,0.00697562,0.00583739,0.00650712,8.73564,-0.0364148
5.63361,8.70128,8.62353,0.0777494,0.0108112,0.00695026,0.00581843,0.0064958,8.62983,-0.0363792
5.63947,8.44582,8.51965,-0.0738298,0.0107682,0.0069251,0.00579959,0.00648452,8.52602,-0.0363438
5.64533,8.2521,8.41772,-0.165615,0.0107257,0.00690014,0.00578087,0.00647328,8.42415,-0.0363083
5.6512,8.19975,8.31768,-0.117929,0.0106835,0.00687538,0.00576227,0.00646208,8.32417,-0.0362729
5.65706,8.03582,8.21949,-0.183673,0.0106417,0.00685081,0.00574379,0.00645091,8.22605,-0.0362376
5.66292,7.81265,8.12311,-0.310463,0.0106003,0.00682643,0.00572543,0.00643979,8.12972,-0.0362023
5.66878,7.84339,8.02849,-0.185105,0.0105592,0.00680225,0.00570718,0.0064287,8.03516,-0.0361671
5.67465,8.09037,7.93559,0.15478,0.0105185,0.00677824,0.00568905,0.00641765,7.94231,-0.036132
5.68051,8.00257,7.84436,0.158209,0.0104781,0.00675443,0.00567103,0.00640664,7.85114,-0.0360969
5.68637,7.70664,7.75476,-0.0481237,0.0104381,0.00673079,0.00565313,0.00639566,7.76161,-0.0360618
5.69223,7.73279,7.66677,0.066024,0.0103985,0.00670734,0.00563533,0.00638473,7.67367,-0.0360268
5.69809,7.68513,7.58033,0.104802,0.0103592,0.00668406,0.00561765,0.00637383,7.58729,-0.0359919
5.70396,7.53514,7.49542,0.0397202,0.0103202,0.00666096,0.00560008,0.00636296,7.50243,-0.035957
5.70982,7.48872,7.41199,0.076726,0.0102816,0.00663803,0.00558261,0.00635214,7.41906,-0.0359221
5.71568,7.30132,7.33001,-0.0286976,0.0102432,0.00661527,0.00556526,0.00634135,7.33714,-0.0358874
5.72154,7.19748,7.24946,-0.0519779,0.0102053,0.00659269,0.00554801,0.0063306,7.25663,-0.0358526
5.72741,7.21805,7.17029,0.0477613,0.0101676,0.00657027,0.00553087,0.00631988,7.17751,-0.035818
5.73327,7.10338,7.09247,0.0109097,0.0101302,0.00654801,0.00551383,0.0063092,7.09975,-0.0357834
5.73913,6.97432,7.01597,-0.0416501,0.0100932,0.00652592,0.00549689,0.00629856,7.02331,-0.0357488
5.74499,6.82808,6.94077,-0.112693,0.0100565,0.00650399,0.00548006,0.00628795,6.94816,-0.0357143
5.75085,6.88644,6.86683,0.0196088,0.01002,0.00648223,0.00546333,0.00627738,6.87427,-0.0356799
5.75672,6.81707,6.79413,0.0229384,0.00998388,0.00646062,0.0054467,0.00626684,6.80162,-0.0356455
5.76258,6.79133,6.72264,0.0686942,0.00994804,0.00643916,0.00543017,0.00625634,6.73017,-0.0356111
5.76844,6.65075,6.65232,-0.00157039,0.00991249,0.00641786,0.00541375,0.00624587,6.65991,-0.0355769
5.7743,6.73877,6.58316,0.155603,0.00987723,0.00639672,0.00539741,0.00623544,6.5908,-0.0355426
5.78017,6.60601,6.51513,0.0908775,0.00984225,0.00637572,0.00538118,0.00622504,6.52282,-0.0355085
5.78603,6.51276,6.44821,0.0645505,0.00980755,0.00635488,0.00536504,0.00621468,6.45594,-0.0354744
5.79189,6.36383,6.38237,-0.0185418,0.00977313,0.00633418,0.005349,0.00620435,6.39015,-0.0354403
5.79775,6.29012,6.31758,-0.0274603,0.00973898,0.00631363,0.00533306,0.00619406,6.32541,-0.0354063
5.80362,6.21416,6.25383,-0.0396731,0.0097051,0.00629322,0.00531721,0.0061838,6.26171,-0.0353723
5.80948,6.17551,6.1911,-0.0155855,0.00967149,0.00627295,0.00530145,0.00617357,6.19902,-0.0353385
5.81534,5.9931,6.12935,-0.13625,0.00963813,0.00625283,0.00528578,0.00616338,6.13732,-0.0353046
5.8212,5.9207,6.06858,-0.147879,0.00960504,0.00623285,0.00527021,0.00615322,6.07659,-0.0352708
5.82706,5.9533,6.00875,-0.0554516,0.00957221,0.006213,0.00525473,0.00614309,6.01681,-0.0352371
5.83293,5.9945,5.94986,0.0446453,0.00953963,0.00619329,0.00523933,0.006133,5.95796,-0.0352034
5.83879,5.91856,5.89187,0.0266831,0.0095073,0.00617372,0.00522403,0.00612294,5.90002,-0.0351698
5.84465,5.73616,5.83478,-0.0986232,0.00947521,0.00615428,0.00520881,0.00611291,5.84297,-0.0351362
5.85051,5.76338,5.77857,-0.0151817,0.00944337,0.00613497,0.00519369,0.00610292,5.78679,-0.0351027
5.85638,5.73348,5.7232,0.0102812,0.00941178,0.0061158,0.00517865,0.00609296,5.73147,-0.0350693
5.86224,5.65781,5.66868,-0.0108706,0.00938042,0.00609675,0.00516369,0.00608303,5.67699,-0.0350359
5.8681,5.66317,5.61498,0.0481898,0.00934929,0.00607783,0.00514882,0.00607313,5.62333,-0.0350025
5.87396,5.63041,5.56208,0.068335,0.0093184,0.00605904,0.00513404,0.00606326,5.57047,-0.0349693
5.87982,5.6517,5.50997,0.141734,0.00928774,0.00604038,0.00511934,0.00605343,5.5184,-0.034936
5.88569,5.55931,5.45863,0.100677,0.00925731,0.00602183,0.00510473,0.00604363,5.46711,-0.0349028
5.89155,5.40965,5.40805,0.00160066,0.0092271,0.00600342,0.00509019,0.00603386,5.41657,-0.0348697
5.89741,5.26909,5.35821,-0.0891285,0.00919711,0.00598512,0.00507574,0.00602412,5.36677,-0.0348367
5.90327,5.38234,5.3091,0.0732325,0.00916734,0.00596694,0.00506137,0.00601442,5.3177,-0.0348036
5.90914,5.30044,5.26071,0.0397336,0.00913779,0.00594888,0.00504708,0.00600474,5.26934,-0.0347707
5.915,5.32424,5.21301,0.111229,0.00910845,0.00593094,0.00503287,0.0059951,5.22168,-0.0347378
5.92086,5.40593,5.166,0.239923,0.00907933,0.00591312,0.00501874,0.00598548,5.17471,-0.0347049
5.92672,5.19046,5.11966,0.0707979,0.00905041,0.00589541,0.00500469,0.0059759,5.12841,-0.0346722
5.93258,5.14811,5.07399,0.0741262,0.00902171,0.00587782,0.00499072,0.00596635,5.08277,-0.0346394
5.93845,5.09101,5.02896,0.0620533,0.0089932,0.00586034,0.00497682,0.00595682,5.03778,-0.0346067
5.94431,4.92736,4.98456,-0.0572044,0.0089649,0.00584297,0.004963,0.00594733,4.99342,-0.0345741
5.95017,4.89741,4.94079,-0.0433806,0.0089368,0.00582571,0.00494926,0.00593787,4.94968,-0.0345415
5.95603,4.82589,4.89763,-0.0717357,0.0089089,0.00580857,0.00493559,0.00592844,4.90655,-0.034509
5.9619,4.99385,4.85506,0.138788,0.00888119,0.00579153,0.004922,0.00591904,4.86403,-0.0344766
5.96776,4.93472,4.81309,0.121626,0.00885368,0.0057746,0.00490848,0.00590966,4.82209,-0.0344442
5.97362,4.9215,4.7717,0.149807,0.00882635,0.00575777,0.00489503,0.00590032,4.78073,-0.0344118
5.97948,4.89184,4.73087,0.160969,0.00879922,0.00574105,0.00488166,0.00589101,4.73993,-0.0343795
5.98534,4.69984,4.69059,0.00924936,0.00877228,0.00572444,0.00486836,0.00588172,4.69969,-0.0343473
5.99121,4.66039,4.65087,0.00952739,0.00874551,0.00570793,0.00485513,0.00587247,4.66,-0.0343151
5.99707,4.76598,4.61168,0.1543,0.00871894,0.00569152,0.00484198,0.00586324,4.62084,-0.034283
6.00293,4.66248,4.57301,0.0894693,0.00869254,0.00567521,0.00482889,0.00585405,4.58221,-0.0342509
6.00879,4.55625,4.53487,0.021379,0.00866632,0.005659,0.00481587,0.00584488,4.5441,-0.0342189
6.01466,4.27369,4.49723,-0.223542,0.00864028,0.0056429,0.00480293,0.00583574,4.50649,-0.0341869
6.02052,4.43098,4.46009,-0.0291094,0.00861442,0.00562689,0.00479005,0.00582663,4.46938,-0.034155
6.02638,4.39791,4.42344,-0.0255235,0.00858873,0.00561098,0.00477724,0.00581754,4.43277,-0.0341231
6.03224,4.35269,4.38727,-0.0345747,0.00856321,0.00559516,0.0047645,0.00580849,4.39663,-0.0340913
6.0381,4.38178,4.35157,0.0302115,0.00853786,0.00557944,0.00475183,0.00579946,4.36096,-0.0340596
6.04397,4.29108,4.31634,-0.0252546,0.00851268,0.00556382,0.00473922,0.00579046,4.32576,-0.0340279
6.04983,4.30109,4.28156,0.0195344,0.00848766,0.00554829,0.00472668,0.00578149,4.29101,-0.0339963
6.05569,4.35671,4.24723,0.109481,0.00846281,0.00553285,0.0047142,0.00577255,4.25671,-0.0339647
6.06155,4.18832,4.21334,-0.0250173,0.00843812,0.00551751,0.0047018,0.00576364,4.22285,-0.0339332
6.06742,4.17279,4.17989,-0.00709467,0.00841359,0.00550225,0.00468945,0.00575475,4.18943,-0.0339017
6.07328,4.1013,4.14685,-0.0455524,0.00838923,0.00548709,0.00467717,0.00574589,4.15643,-0.0338703
6.07914,4.02095,4.11424,-0.0932872,0.00836502,0.00547202,0.00466495,0.00573705,4.12384,-0.0338389
6.085,4.109,4.08204,0.026964,0.00834096,0.00545703,0.0046528,0.00572825,4.09167,-0.0338076
6.09086,4.05946,4.05024,0.00921689,0.00831706,0.00544214,0.00464071,0.00571947,4.0599,-0.0337764
6.09673,4.22605,4.01884,0.207211,0.00829332,0.00542733,0.00462868,0.00571071,4.02853,-0.0337452
6.10259,4.09106,3.98783,0.103231,0.00826972,0.0054126,0.00461672,0.00570199,3.99754,-0.0337141
6.10845,4.04116,3.9572,0.083962,0.00824628,0.00539797,0.00460481,0.00569329,3.96694,-0.033683
6.11431,3.90876,3.92695,-0.0181971,0.00822298,0.00538341,0.00459297,0.00568462,3.93672,-0.0336519
6.12018,3.91079,3.89707,0.0137146,0.00819983,0.00536894,0.00458119,0.00567597,3.90687,-0.033621
6.12604,4.02202,3.86756,0.15446,0.00817683,0.00535456,0.00456946,0.00566735,3.87738,-0.0335901
6.1319,3.96445,3.83841,0.126048,0.00815397,0.00534026,0.0045578,0.00565875,3.84825,-0.0335592
6.13776,3.7782,3.8096,-0.0314036,0.00813125,0.00532604,0.00454619,0.00565018,3.81948,-0.0335284
6.14362,3.75078,3.78115,-0.0303677,0.00810867,0.0053119,0.00453465,0.00564164,3.79105,-0.0334976
6.14949,3.78125,3.75304,0.0282156,0.00808623,0.00529784,0.00452316,0.00563313,3.76296,-0.0334669
6.15535,3.89379,3.72526,0.168534,0.00806394,0.00528386,0.00451173,0.00562463,3.73521,-0.0334363
6.16121,3.77276,3.69781,0.0749437,0.00804177,0.00526995,0.00450036,0.00561617,3.70779,-0.0334057
6.16707,3.70494,3.67069,0.0342473,0.00801975,0.00525613,0.00448904,0.00560773,3.68069,-0.0333752
6.17294,3.62627,3.64389,-0.0176257,0.00799786,0.00524239,0.00447778,0.00559931,3.65392,-0.0333447
6.1788,3.62722,3.61741,0.00981922,0.0079761,0.00522872,0.00446658,0.00559092,3.62746,-0.0333143
6.18466,3.71263,3.59123,0.121398,0.00795447,0.00521513,0.00445543,0.00558256,3.60131,-0.0332839
6.19052,3.68458,3.56536,0.119221,0.00793298,0.00520161,0.00444434,0.00557422,3.57546,-0.0332536
6.19638,3.56233,3.53979,0.022537,0.00791161,0.00518817,0.0044333,0.0055659,3.54991,-0.0332234
6.20225,3.31923,3.51451,-0.19528,0.00789037,0.0051748,0.00442232,0.00555761,3.52466,-0.0331932
6.20811,3.56367,3.48953,0.0741396,0.00786926,0.0051615,0.00441139,0.00554935,3.4997,-0.033163
6.21397,3.42711,3.46483,-0.0377244,0.00784827,0.00514828,0.00440051,0.00554111,3.47503,-0.0331329
6.21983,3.31634,3.44042,-0.12408,0.00782741,0.00513513,0.00438969,0.00553289,3.45063,-0.0331029
6.2257,3.46637,3.41628,0.0500944,0.00780667,0.00512206,0.00437892,0.0055247,3.42652,-0.0330729
6.23156,3.50881,3.39241,0.1164,0.00778605,0.00510905,0.0043682,0.00551653,3.40268,-0.033043
6.23742,3.44808,3.36882,0.0792628,0.00776556,0.00509612,0.00435754,0.00550838,3.3791,-0.0330131
6.24328,3.26621,3.34549,-0.0792749,0.00774518,0.00508325,0.00434692,0.00550026,3.35579,-0.0329833
6.24915,3.24522,3.32242,-0.077199,0.00772492,0.00507045,0.00433636,0.00549217,3.33275,-0.0329535
6.25501,3.26919,3.2996,-0.0304133,0.00770478,0.00505773,0.00432585,0.00548409,3.30996,-0.0329238
6.26087,3.23958,3.27705,-0.0374638,0.00768476,0.00504507,0.00431539,0.00547604,3.28742,-0.0328942
6.26673,3.35335,3.25474,0.0986169,0.00766485,0.00503247,0.00430498,0.00546802,3.26513,-0.0328646
6.27259,3.39101,3.23267,0.158339,0.00764506,0.00501995,0.00429462,0.00546002,3.24309,-0.0328351
6.27846,3.37186,3.21085,0.161009,0.00762538,0.00500749,0.00428431,0.00545204,3.22128,-0.0328056
6.28432,3.298,3.18926,0.108741,0.00760581,0.0049951,0.00427405,0.00544408,3.19972,-0.0327761
6.29018,3.11828,3.16792,-0.0496372,0.00758635,0.00498277,0.00426383,0.00543615,3.17839,-0.0327468
6.29604,3.06697,3.1468,-0.079827,0.00756701,0.00497051,0.00425367,0.00542824,3.1573,-0.0327175
6.30191,3.15722,3.12591,0.031308,0.00754777,0.00495831,0.00424355,0.00542035,3.13643,-0.0326882
6.30777,3.16718,3.10524,0.0619353,0.00752864,0.00494617,0.00423348,0.00541249,3.11578,-0.032659
6.31363,3.06447,3.0848,-0.0203299,0.00750962,0.0049341,0.00422346,0.00540465,3.09536,-0.0326298
6.31949,3.12057,3.06457,0.0559979,0.00749071,0.00492209,0.00421349,0.00539683,3.07515,-0.0326007
6.32535,3.04518,3.04456,0.000616894,0.0074719,0.00491015,0.00420356,0.00538903,3.05516,-0.0325717
6.33122,2.98774,3.02476,-0.0370253,0.00745319,0.00489826,0.00419368,0.00538126,3.03538,-0.0325427
6.33708,2.8641,3.00517,-0.141076,0.00743459,0.00488644,0.00418384,0.00537351,3.01581,-0.0325138
6.34294,2.8164,2.98579,-0.169393,0.00741609,0.00487468,0.00417406,0.00536578,2.99644,-0.0324849
6.3488,3.10168,2.96661,0.135069,0.00739769,0.00486297,0.00416431,0.00535807,2.97728,-0.0324561
6.35467,2.90181,2.94763,-0.0458196,0.0073794,0.00485133,0.00415461,0.00535039,2.95832,-0.0324273
6.36053,2.976,2.92884,0.0471568,0.0073612,0.00483975,0.00414496,0.00534273,2.93955,-0.0323986
6.36639,3.07389,2.91025,0.163641,0.0073431,0.00482822,0.00413535,0.00533509,2.92098,-0.0323699
6.37225,2.90389,2.89185,0.0120373,0.0073251,0.00481676,0.00412579,0.00532747,2.9026,-0.0323413
6.37811,2.99321,2.87365,0.119566,0.0073072,0.00480535,0.00411627,0.00531987,2.88441,-0.0323128
6.38398,2.83989,2.85562,-0.0157336,0.0072894,0.004794,0.00410679,0.00531229,2.86641,-0.0322843
6.38984,2.8662,2.83778,0.0284146,0.00727169,0.0047827,0.00409736,0.00530474,2.84858,-0.0322559
6.3957,2.91561,2.82013,0.0954847,0.00725407,0.00477146,0.00408796,0.00529721,2.83094,-0.0322275
6.40156,2.89584,2.80265,0.0931908,0.00723655,0.00476028,0.00407862,0.0052897,2.81348,-0.0321992
6.40743,2.73968,2.78535,-0.0456673,0.00721913,0.00474916,0.00406931,0.00528221,2.7962,-0.0321709
6.41329,2.69468,2.76822,-0.0735393,0.00720179,0.00473808,0.00406005,0.00527474,2.77909,-0.0321427
6.41915,2.80486,2.75126,0.0536021,0.00718455,0.00472707,0.00405083,0.00526729,2.76214,-0.0321145
6.42501,2.87583,2.73447,0.141359,0.0071674,0.00471611,0.00404165,0.00525986,2.74537,-0.0320864
6.43087,2.8518,2.71785,0.133952,0.00715034,0.0047052,0.00403251,0.00525246,2.72877,-0.0320584
6.43674,2.62582,2.70139,-0.0755742,0.00713337,0.00469435,0.00402341,0.00524507,2.71233,-0.0320304
6.4426,2.70791,2.6851,0.022808,0.00711648,0.00468354,0.00401435,0.00523771,2.69605,-0.0320024
6.44846,2.73336,2.66897,0.0643922,0.00709969,0.0046728,0.00400534,0.00523036,2.67993,-0.0319745
6.45432,2.70197,2.65299,0.0489799,0.00708298,0.0046621,0.00399636,0.00522304,2.66397,-0.0319467
6.46019,2.63168,2.63717,-0.00549033,0.00706636,0.00465146,0.00398743,0.00521574,2.64817,-0.0319189
6.46605,2.49994,2.6215,-0.12156,0.00704982,0.00464086,0.00397853,0.00520845,2.63252,-0.0318912
6.47191,2.58724,2.60599,-0.0187504,0.00703337,0.00463032,0.00396967,0.00520119,2.61702,-0.0318636
6.47777,2.60802,2.59063,0.0173948,0.00701701,0.00461983,0.00396086,0.00519395,2.60167,-0.031836
6.48363,2.53833,2.57541,-0.0370823,0.00700073,0.00460939,0.00395208,0.00518673,2.58647,-0.0318084
6.4895,2.55547,2.56034,-0.00487298,0.00698453,0.004599,0.00394334,0.00517952,2.57141,-0.0317809
6.49536,2.55485,2.54541,0.00943373,0.00696841,0.00458866,0.00393464,0.00517234,2.5565,-0.0317535
6.50122,2.6299,2.53063,0.0992746,0.00695237,0.00457837,0.00392597,0.00516518,2.54173,-0.0317261
6.50708,2.42406,2.51599,-0.0919296,0.00693642,0.00456812,0.00391735,0.00515804,2.5271,-0.0316987
6.51295,2.36377,2.50148,-0.13771,0.00692055,0.00455793,0.00390876,0.00515091,2.51261,-0.0316715
6.51881,2.38781,2.48711,-0.0992991,0.00690475,0.00454778,0.00390021,0.00514381,2.49826,-0.0316442
6.52467,2.45308,2.47288,-0.0197953,0.00688904,0.00453769,0.00389169,0.00513673,2.48404,-0.0316171
6.53053,2.44252,2.45878,-0.0162567,0.0068734,0.00452764,0.00388322,0.00512966,2.46995,-0.03159
6.53639,2.52713,2.44481,0.0823181,0.00685784,0.00451763,0.00387478,0.00512262,2.456,-0.0315629
6.54226,2.38614,2.43097,-0.0448309,0.00684236,0.00450768,0.00386638,0.00511559,2.44217,-0.0315359
6.54812,2.48403,2.41726,0.0667692,0.00682696,0.00449776,0.00385801,0.00510859,2.42848,-0.0315089
6.55398,2.45495,2.40367,0.0512781,0.00681163,0.0044879,0.00384968,0.0051016,2.41491,-0.0314821
6.55984,2.40129,2.39021,0.0110791,0.00679638,0.00447808,0.00384138,0.00509463,2.40146,-0.0314552
6.56571,2.43992,2.37688,0.0630361,0.0067812,0.00446831,0.00383312,0.00508768,2.38814,-0.0314284
6.57157,2.44411,2.36367,0.0804474,0.0067661,0.00445858,0.0038249,0.00508075,2.37494,-0.0314017
6.57743,2.28235,2.35057,-0.0682217,0.00675107,0.0044489,0.00381671,0.00507384,2.36186,-0.031375
6.58329,2.27705,2.3376,-0.0605469,0.00673611,0.00443926,0.00380855,0.00506695,2.34889,-0.0313484
6.58915,2.42997,2.32474,0.105227,0.00672122,0.00442966,0.00380043,0.00506007,2.33605,-0.0313219
6.59502,2.33829,2.312,0.0262939,0.00670641,0.00442011,0.00379235,0.00505322,2.32332,-0.0312954
6.60088,2.32376,2.29937,0.0243829,0.00669167,0.00441061,0.0037843,0.00504638,2.31071,-0.0312689
6.60674,2.34444,2.28686,0.0575801,0.006677,0.00440114,0.00377628,0.00503956,2.29821,-0.0312425
6.6126,2.02529,2.27446,-0.249172,0.0066624,0.00439172,0.0037683,0.00503276,2.28582,-0.0312162
6.61847,2.15953,2.26217,-0.102639,0.00664787,0.00438234,0.00376035,0.00502598,2.27354,-0.0311899
6.62433,2.29756,2.24998,0.0475728,0.00663341,0.004373,0.00375243,0.00501921,2.26137,-0.0311636
6.63019,2.1903,2.23791,-0.0476122,0.00661902,0.00436371,0.00374455,0.00501247,2.24931,-0.0311375
6.63605,2.17386,2.22594,-0.0520772,0.0066047,0.00435446,0.0037367,0.00500574,2.23735,-0.0311114
6.64191,2.30253,2.21408,0.0884543,0.00659044,0.00434525,0.00372888,0.00499903,2.2255,-0.0310853
6.64778,2.32677,2.20232,0.124448,0.00657625,0.00433608,0.00372109,0.00499234,2.21375,-0.0310593
6.65364,2.17059,2.19066,-0.0200688,0.00656213,0.00432695,0.00371334,0.00498567,2.20211,-0.0310333
6.6595,2.11554,2.17911,-0.0635688,0.00654807,0.00431786,0.00370562,0.00497901,2.19057,-0.0310074
6.66536,2.15334,2.16765,-0.0143128,0.00653408,0.00430881,0.00369793,0.00497237,2.17912,-0.0309816
6.67123,2.30456,2.1563,0.148266,0.00652016,0.0042998,0.00369027,0.00496575,2.16778,-0.0309558
6.67709,2.30004,2.14504,0.155004,0.0065063,0.00429083,0.00368265,0.00495915,2.15653,-0.0309301
6.68295,2.19531,2.13388,0.0614301,0.0064925,0.0042819,0.00367505,0.00495256,2.14538,-0.0309044
6.68881,2.23791,2.12281,0.115096,0.00647877,0.00427301,0.00366749,0.004946,2.13433,-0.0308788
6.69468,2.1278,2.11184,0.0159561,0.0064651,0.00426416,0.00365996,0.00493945,2.12337,-0.0308532
6.70054,2.17263,2.10097,0.071668,0.0064515,0.00425535,0.00365246,0.00493291,2.1125,-0.0308277
6.7064,2.08072,2.09018,-0.009455,0.00643796,0.00424657,0.00364499,0.0049264,2.10173,-0.0308022
6.71226,1.92859,2.07949,-0.150894,0.00642447,0.00423784,0.00363754,0.0049199,2.09104,-0.0307768
6.71812,1.92644,2.06888,-0.142446,0.00641105,0.00422914,0.00363013,0.00491341,2.08045,-0.0307515
6.72399,2.12562,2.05837,0.0672553,0.0063977,0.00422048,0.00362275,0.00490695,2.06995,-0.0307262
6.72985,2.01113,2.04794,-0.0368072,0.0063844,0.00421185,0.0036154,0.0049005,2.05953,-0.0307009
6.73571,1.96225,2.0376,-0.0753495,0.00637116,0.00420327,0.00360808,0.00489407,2.0492,-0.0306757
6.74157,1.97692,2.02735,-0.0504297,0.00635798,0.00419472,0.00360079,0.00488766,2.03896,-0.0306506
6.74744,1.97404,2.01718,-0.0431357,0.00634486,0.00418621,0.00359353,0.00488126,2.0288,-0.0306255
6.7533,1.94972,2.00709,-0.0573745,0.0063318,0.00417773,0.0035863,0.00487488,2.01872,-0.0306005
6.75916,1.87696,1.99709,-0.120135,0.0063188,0.00416929,0.00357909,0.00486851,2.00873,-0.0305756
6.76502,1.95897,1.98717,-0.0282068,0.00630586,0.00416088,0.00357192,0.00486217,1.99882,-0.0305507
6.77088,2.00223,1.97734,0.0248904,0.00629297,0.00415252,0.00356477,0.00485584,1.989,-0.0305258
6.77675,2.06805,1.96758,0.100473,0.00628015,0.00414418,0.00355765,0.00484952,1.97925,-0.030501
6.78261,1.93138,1.9579,-0.0265172,0.00626738,0.00413588,0.00355056,0.00484322,1.96958,-0.0304763
6.78847,1.81842,1.9483,-0.129885,0.00625466,0.00412762,0.0035435,0.00483694,1.95999,-0.0304516
6.79433,1.96749,1.93878,0.0287114,0.006242,0.00411939,0.00353647,0.00483068,1.95048,-0.0304269
6.8002,1.98198,1.92934,0.0526397,0.0062294,0.0041112,0.00352946,0.00482443,1.94104,-0.0304024
6.80606,1.81899,1.91997,-0.100978,0.00621685,0.00410304,0.00352248,0.00481819,1.93169,-0.0303779
6.81192,1.97487,1.91068,0.0641921,0.00620436,0.00409491,0.00351553,0.00481198,1.9224,-0.0303534
6.81778,2.03313,1.90146,0.131673,0.00619192,0.00408682,0.00350861,0.00480577,1.91319,-0.030329
6.82364,1.83455,1.89231,-0.0577578,0.00617954,0.00407876,0.00350171,0.00479959,1.90406,-0.0303046
6.82951,1.81113,1.88324,-0.0721141,0.0061672,0.00407074,0.00349484,0.00479342,1.89499,-0.0302803
6.83537,1.78714,1.87424,-0.0871011,0.00615493,0.00406275,0.003488,0.00478727,1.886,-0.0302561
6.84123,1.96415,1.86531,0.0988399,0.0061427,0.00405479,0.00348118,0.00478113,1.87708,-0.0302319
6.84709,1.93862,1.85645,0.0821691,0.00613053,0.00404686,0.00347439,0.00477501,1.86823,-0.0302077
6.85296,1.93131,1.84766,0.0836532,0.00611841,0.00403897,0.00346763,0.0047689,1.85945,-0.0301837
6.85882,1.87102,1.83894,0.0320744,0.00610635,0.00403111,0.00346089,0.00476281,1.85074,-0.0301596
6.86468,1.81894,1.83029,-0.0113468,0.00609433,0.00402328,0.00345418,0.00475673,1.8421,-0.0301357
6.87054,1.80184,1.8217,-0.0198678,0.00608237,0.00401548,0.0034475,0.00475067,1.83352,-0.0301118
6.8764,1.83291,1.81319,0.0197273,0.00607045,0.00400771,0.00344084,0.00474463,1.82501,-0.0300879
6.88227,1.87202,1.80473,0.067285,0.00605859,0.00399998,0.0034342,0.0047386,1.81657,-0.0300641
6.88813,1.8776,1.79635,0.0812508,0.00604678,0.00399228,0.00342759,0.00473258,1.80819,-0.0300403
6.89399,1.77178,1.78803,-0.0162456,0.00603501,0.00398461,0.00342101,0.00472659,1.79988,-0.0300166
6.89985,1.7895,1.77977,0.0097342,0.0060233,0.00397697,0.00341445,0.0047206,1.79163,-0.029993
6.90572,1.73881,1.77157,-0.0327658,0.00601164,0.00396936,0.00340792,0.00471463,1.78344,-0.0299694
6.91158,1.83967,1.76344,0.0762256,0.00600002,0.00396178,0.00340141,0.00470868,1.77532,-0.0299459
6.91744,1.84245,1.75537,0.087076,0.00598846,0.00395423,0.00339493,0.00470274,1.76725,-0.0299224
6.9233,1.67144,1.74736,-0.075924,0.00597694,0.00394671,0.00338847,0.00469682,1.75925,-0.029899
6.92916,1.67353,1.73941,-0.0658862,0.00596547,0.00393922,0.00338204,0.00469091,1.75131,-0.0298756
6.93503,1.85188,1.73153,0.120356,0.00595404,0.00393176,0.00337563,0.00468502,1.74343,-0.0298523
6.94089,1.71061,1.7237,-0.0130844,0.00594267,0.00392433,0.00336924,0.00467914,1.73561,-0.0298291
6.94675,1.657,1.71593,-0.0589297,0.00593134,0.00391693,0.00336288,0.00467327,1.72785,-0.0298059
6.95261,1.5952,1.70821,-0.113011,0.00592006,0.00390956,0.00335654,0.00466742,1.72014,-0.0297827
6.95848,1.62894,1.70056,-0.0716226,0.00590882,0.00390222,0.00335023,0.00466159,1.7125,-0.0297596
6.96434,1.65392,1.69296,-0.0390404,0.00589763,0.00389491,0.00334394,0.00465577,1.70491,-0.0297366
6.9702,1.52494,1.68542,-0.160481,0.00588649,0.00388762,0.00333767,0.00464996,1.69737,-0.0297136
6.97606,1.61675,1.67794,-0.0611882,0.00587539,0.00388037,0.00333142,0.00464417,1.6899,-0.0296907
6.98192,1.52466,1.67051,-0.14585,0.00586434,0.00387314,0.0033252,0.00463839,1.68247,-0.0296678
6.98779,1.74786,1.66313,0.0847253,0.00585333,0.00386594,0.00331901,0.00463263,1.67511,-0.029645
6.99365,1.75995,1.65581,0.104138,0.00584237,0.00385877,0.00331283,0.00462688,1.66779,-0.0296223
6.99951,1.56276,1.64854,-0.085779,0.00583145,0.00385163,0.00330668,0.00462115,1.66053,-0.0295996
7.00537,1.52335,1.64133,-0.117982,0.00582057,0.00384451,0.00330055,0.00461543,1.65332,-0.0295769
7.01124,1.67355,1.63417,0.0393839,0.00580974,0.00383743,0.00329445,0.00460972,1.64617,-0.0295543
7.0171,1.57305,1.62706,-0.0540058,0.00579895,0.00383037,0.00328836,0.00460403,1.63907,-0.0295318
7.02296,1.56881,1.62,-0.0511928,0.00578821,0.00382333,0.0032823,0.00459835,1.63202,-0.0295093
7.02882,1.63194,1.61299,0.0189505,0.00577751,0.00381633,0.00327626,0.00459269,1.62502,-0.0294869
7.03468,1.62831,1.60604,0.0222756,0.00576685,0.00380935,0.00327025,0.00458704,1.61807,-0.0294645
7.04055,1.42423,1.59913,-0.174904,0.00575623,0.00380239,0.00326425,0.0045814,1.61117,-0.0294422
7.04641,1.4848,1.59227,-0.107476,0.00574566,0.00379547,0.00325828,0.00457578,1.60432,-0.0294199
7.05227,1.58845,1.58546,0.00298882,0.00573513,0.00378857,0.00325233,0.00457017,1.59751,-0.0293977
7.05813,1.57961,1.5787,0.000903799,0.00572463,0.00378169,0.0032464,0.00456457,1.59076,-0.0293756
7.064,1.60918,1.57199,0.0371931,0.00571418,0.00377485,0.00324049,0.00455899,1.58406,-0.0293535
7.06986,1.62072,1.56533,0.0553935,0.00570378,0.00376803,0.0032346,0.00455342,1.5774,-0.0293315
7.07572,1.60957,1.55871,0.0508567,0.00569341,0.00376123,0.00322874,0.00454787,1.57079,-0.0293095
7.08158,1.5632,1.55214,0.0110575,0.00568308,0.00375446,0.00322289,0.00454233,1.56422,-0.0292875
7.08745,1.41885,1.54562,-0.126769,0.00567279,0.00374772,0.00321707,0.0045368,1.55771,-0.0292657
7.09331,1.39263,1.53914,-0.146503,0.00566255,0.003741,0.00321127,0.00453129,1.55124,-0.0292438
7.09917,1.40556,1.5327,-0.12714,0.00565234,0.0037343,0.00320548,0.00452579,1.54481,-0.0292221
7.10503,1.49993,1.52632,-0.0263855,0.00564217,0.00372763,0.00319972,0.0045203,1.53843,-0.0292004
7.11089,1.43459,1.51997,-0.085384,0.00563204,0.00372099,0.00319398,0.00451483,1.53209,-0.0291787
7.11676,1.48368,1.51367,-0.0299945,0.00562196,0.00371437,0.00318826,0.00450937,1.5258,-0.0291571
7.12262,1.28529,1.50742,-0.222125,0.00561191,0.00370777,0.00318256,0.00450392,1.51955,-0.0291356
7.12848,1.32617,1.5012,-0.175035,0.00560189,0.0037012,0.00317689,0.00449848,1.51334,-0.0291141
7.13434,1.43116,1.49503,-0.0638764,0.00559192,0.00369466,0.00317123,0.00449306,1.50717,-0.0290926
7.14021,1.51784,1.48891,0.0289315,0.00558199,0.00368814,0.00316559,0.00448765,1.50105,-0.0290713
7.14607,1.434,1.48282,-0.0488192,0.00557209,0.00368164,0.00315997,0.00448226,1.49497,-0.0290499
7.15193,1.50323,1.47678,0.0264548,0.00556223,0.00367516,0.00315437,0.00447688,1.48894,-0.0290287
7.15779,1.412,1.47077,-0.0587726,0.00555241,0.00366871,0.00314879,0.00447151,1.48294,-0.0290075
7.16365,1.58385,1.46481,0.11904,0.00554262,0.00366229,0.00314323,0.00446615,1.47698,-0.0289863
7.16952,1.53426,1.45889,0.0753739,0.00553287,0.00365588,0.00313769,0.00446081,1.47107,-0.0289652
7.17538,1.44969,1.45301,-0.0033109,0.00552316,0.00364951,0.00313217,0.00445548,1.46519,-0.0289442
7.18124,1.44144,1.44716,-0.00572827,0.00551349,0.00364315,0.00312667,0.00445016,1.45935,-0.0289232
7.1871,1.39011,1.44136,-0.051254,0.00550385,0.00363682,0.00312119,0.00444485,1.45356,-0.0289022
7.19297,1.42024,1.4356,-0.0153562,0.00549425,0.0036305,0.00311572,0.00443956,1.4478,-0.0288813
7.19883,1.51164,1.42987,0.0817723,0.00548468,0.00362422,0.00311028,0.00443428,1.44208,-0.0288605
7.20469,1.51524,1.42418,0.0910522,0.00547515,0.00361795,0.00310486,0.00442901,1.4364,-0.0288397
7.21055,1.36764,1.41853,-0.0508948,0.00546566,0.00361171,0.00309945,0.00442376,1.43075,-0.028819
7.21641,1.31662,1.41292,-0.0963052,0.0054562,0.00360549,0.00309406,0.00441851,1.42515,-0.0287984
7.22228,1.51102,1.40735,0.103667,0.00544678,0.00359929,0.00308869,0.00441328,1.41958,-0.0287778
7.22814,1.59517,1.40181,0.193358,0.00543739,0.00359312,0.00308334,0.00440806,1.41405,-0.0287572
7.234,1.39111,1.39631,-0.00519676,0.00542803,0.00358696,0.00307801,0.00440286,1.40855,-0.0287367
7.23986,1.39931,1.39084,0.00846538,0.00541871,0.00358083,0.0030727,0.00439766,1.40309,-0.0287163
7.24573,1.37595,1.38542,-0.00946684,0.00540943,0.00357472,0.0030674,0.00439248,1.39767,-0.0286959
7.25159,1.48172,1.38002,0.101701,0.00540017,0.00356864,0.00306213,0.00438731,1.39228,-0.0286755
7.25745,1.33185,1.37466,-0.042812,0.00539096,0.00356257,0.00305687,0.00438216,1.38693,-0.0286553
7.26331,1.27812,1.36934,-0.0912204,0.00538177,0.00355653,0.00305163,0.00437701,1.38161,-0.028635
7.26917,1.39629,1.36405,0.0322448,0.00537262,0.0035505,0.0030464,0.00437188,1.37632,-0.0286149
7.27504,1.35628,1.3588,-0.00251907,0.0053635,0.0035445,0.0030412,0.00436676,1.37107,-0.0285948
7.2809,1.38612,1.35357,0.0325424,0.00535442,0.00353852,0.00303601,0.00436165,1.36586,-0.0285747
7.28676,1.24115,1.34839,-0.107238,0.00534537,0.00353256,0.00303084,0.00435655,1.36068,-0.0285547
7.29262,1.64589,1.34323,0.302657,0.00533635,0.00352662,0.00302569,0.00435147,1.35553,-0.0285348
7.29849,1.30298,1.33811,-0.0351342,0.00532736,0.0035207,0.00302055,0.00434639,1.35041,-0.0285149
7.30435,1.35797,1.33302,0.024942,0.00531841,0.00351481,0.00301544,0.00434133,1.34533,-0.028495
7.31021,1.54015,1.32797,0.212186,0.00530949,0.00350893,0.00301034,0.00433628,1.34028,-0.0284753
7.31607,1.43791,1.32295,0.114963,0.0053006,0.00350307,0.00300525,0.00433124,1.33526,-0.0284555
7.32193,1.15729,1.31795,-0.160662,0.00529174,0.00349724,0.00300019,0.00432622,1.33027,-0.0284359
7.3278,1.60667,1.31299,0.293672,0.00528291,0.00349142,0.00299514,0.0043212,1.32532,-0.0284163
7.33366,1.21386,1.30807,-0.0942086,0.00527412,0.00348563,0.00299011,0.0043162,1.3204,-0.0283967
7.33952,1.13734,1.30317,-0.165828,0.00526536,0.00347985,0.00298509,0.00431121,1.3155,-0.0283772
7.34538,1.28239,1.2983,-0.0159119,0.00525662,0.0034741,0.00298009,0.00430623,1.31064,-0.0283577
7.35125,1.34999,1.29347,0.0565242,0.00524792,0.00346836,0.00297511,0.00430126,1.30581,-0.0283383
7.35711,1.12046,1.28866,-0.168203,0.00523925,0.00346264,0.00297015,0.0042963,1.30101,-0.028319
7.36297,1.2513,1.28388,-0.0325867,0.00523061,0.00345695,0.0029652,0.00429136,1.29624,-0.0282997
7.36883,1.32301,1.27914,0.0438756,0.005222,0.00345127,0.00296027,0.00428642,1.2915,-0.0282805
7.37469,1.29785,1.27442,0.0234264,0.00521342,0.00344561,0.00295535,0.0042815,1.28679,-0.0282613
7.38056,1.19116,1.26973,-0.078574,0.00520487,0.00343997,0.00295045,0.00427659,1.2821,-0.0282422
7.38642,1.33137,1.26508,0.066294,0.00519635,0.00343436,0.00294557,0.00427169,1.27745,-0.0282231
7.39228,1.1888,1.26045,-0.0716495,0.00518786,0.00342876,0.0029407,0.0042668,1.27283,-0.0282041
7.39814,1.28996,1.25584,0.0341112,0.0051794,0.00342317,0.00293585,0.00426192,1.26823,-0.0281852
7.40401,1.33284,1.25127,0.0815641,0.00517097,0.00341761,0.00293101,0.00425705,1.26366,-0.0281663
7.40987,1.25627,1.24673,0.00954217,0.00516257,0.00341207,0.00292619,0.0042522,1.25912,-0.0281474
7.41573,1.23627,1.24221,-0.0059367,0.0051542,0.00340654,0.00292139,0.00424735,1.25461,-0.0281287
7.42159,1.27277,1.23772,0.0350491,0.00514586,0.00340104,0.0029166,0.00424252,1.25012,-0.0281099
7.42745,1.33896,1.23326,0.105697,0.00513754,0.00339555,0.00291183,0.00423769,1.24567,-0.0280912
7.43332,1.11939,1.22882,-0.109431,0.00512926,0.00339008,0.00290707,0.00423288,1.24124,-0.0280726
7.43918,1.35044,1.22441,0.126027,0.005121,0.00338463,0.00290233,0.00422808,1.23683,-0.0280541
7.44504,1.11296,1.22003,-0.10707,0.00511277,0.0033792,0.0028976,0.00422329,1.23246,-0.0280355
7.4509,1.09886,1.21568,-0.116816,0.00510457,0.00337378,0.00289289,0.00421851,1.22811,-0.0280171
7.45677,1.23094,1.21135,0.0195907,0.0050964,0.00336839,0.0028882,0.00421374,1.22378,-0.0279987
7.46263,1.17079,1.20705,-0.0362558,0.00508825,0.00336301,0.00288352,0.00420898,1.21948,-0.0279803
7.46849,1.28181,1.20277,0.0790451,0.00508013,0.00335765,0.00287885,0.00420424,1.21521,-0.027962
7.47435,1.23747,1.19852,0.0389499,0.00507205,0.0033523,0.0028742,0.0041995,1.21096,-0.0279438
7.48021,1.11904,1.19429,-0.0752548,0.00506398,0.00334698,0.00286957,0.00419478,1.20674,-0.0279256
7.48608,1.1408,1.19009,-0.0492897,0.00505595,0.00334167,0.00286495,0.00419006,1.20254,-0.0279075
7.49194,1.03505,1.18591,-0.150864,0.00504794,0.00333638,0.00286034,0.00418536,1.19837,-0.0278894
7.4978,1.13314,1.18176,-0.0486262,0.00503996,0.00333111,0.00285575,0.00418066,1.19423,-0.0278714
7.50366,1.07406,1.17763,-0.103577,0.005032,0.00332585,0.00285117,0.00417598,1.1901,-0.0278535
7.50953,1.20891,1.17353,0.035383,0.00502408,0.00332061,0.00284661,0.0041713,1.186,-0.0278355
7.51539,1.16101,1.16945,-0.00844157,0.00501618,0.00331539,0.00284207,0.00416664,1.18193,-0.0278177
7.52125,1.21265,1.1654,0.0472504,0.0050083,0.00331019,0.00283753,0.00416199,1.17788,-0.0277999
7.52711,1.05216,1.16137,-0.109211,0.00500045,0.003305,0.00283301,0.00415735,1.17385,-0.0277822
7.53298,1.3239,1.15736,0.166544,0.00499263,0.00329983,0.00282851,0.00415272,1.16985,-0.0277645
7.53884,1.2118,1.15338,0.0584245,0.00498484,0.00329468,0.00282402,0.00414809,1.16587,-0.0277468
7.5447,1.34845,1.14941,0.199038,0.00497707,0.00328954,0.00281955,0.00414348,1.16191,-0.0277293
7.55056,1.36421,1.14548,0.218733,0.00496932,0.00328442,0.00281509,0.00413888,1.15798,-0.0277118
7.55642,1.22486,1.14156,0.0833039,0.0049616,0.00327932,0.00281064,0.00413429,1.15407,-0.0276943
7.56229,1.32715,1.13767,0.189484,0.00495391,0.00327423,0.00280621,0.00412971,1.15018,-0.0276769
7.56815,1.25747,1.1338,0.123668,0.00494624,0.00326916,0.00280179,0.00412514,1.14631,-0.0276595
7.57401,1.15239,1.12995,0.0224449,0.0049386,0.0032641,0.00279738,0.00412058,1.14247,-0.0276422
7.57987,0.958401,1.12612,-0.167722,0.00493098,0.00325906,0.00279299,0.00411603,1.13865,-0.027625
7.58574,1.01293,1.12232,-0.109391,0.00492339,0.00325404,0.00278861,0.00411149,1.13485,-0.0276078
7.5916,1.09283,1.11854,-0.0257105,0.00491582,0.00324904,0.00278425,0.00410696,1.13107,-0.0275907
7.59746,1.10177,1.11478,-0.0130082,0.00490828,0.00324404,0.0027799,0.00410244,1.12731,-0.0275736
7.60332,1.16244,1.11104,0.0514059,0.00490076,0.00323907,0.00277556,0.00409793,1.12358,-0.0275566
7.60918,1.14436,1.10732,0.0370415,0.00489327,0.00323411,0.00277124,0.00409343,1.11987,-0.0275396
7.61505,1.22208,1.10362,0.118461,0.0048858,0.00322917,0.00276693,0.00408894,1.11617,-0.0275227
7.62091,1.08389,1.09994,-0.0160502,0.00487835,0.00322424,0.00276263,0.00408446,1.1125,-0.0275058
7.62677,1.08129,1.09629,-0.0149957,0.00487093,0.00321933,0.00275835,0.00407999,1.10885,-0.027489
7.63263,1.14229,1.09265,0.0496411,0.00486353,0.00321443,0.00275408,0.00407553,1.10522,-0.0274723
7.6385,1.14557,1.08904,0.0565285,0.00485616,0.00320955,0.00274982,0.00407107,1.10161,-0.0274556
7.64436,1.17636,1.08544,0.0909197,0.00484881,0.00320469,0.00274558,0.00406663,1.09802,-0.0274389
7.65022,1.15745,1.08187,0.0755792,0.00484148,0.00319984,0.00274134,0.0040622,1.09445,-0.0274224
7.65608,1.11459,1.07832,0.0362792,0.00483418,0.003195,0.00273713,0.00405778,1.0909,-0.0274058
7.66194,1.12098,1.07478,0.046198,0.0048269,0.00319018,0.00273292,0.00405337,1.08737,-0.0273894
7.66781,1.00753,1.07127,-0.0637394,0.00481964,0.00318538,0.00272873,0.00404896,1.08386,-0.0273729
7.67367,1.03771,1.06777,-0.0300556,0.00481241,0.00318059,0.00272455,0.00404457,1.08036,-0.0273566
7.67953,1.10779,1.06429,0.043501,0.0048052,0.00317581,0.00272038,0.00404018,1.07689,-0.0273403
7.68539,0.945824,1.06084,-0.115011,0.00479801,0.00317105,0.00271623,0.00403581,1.07344,-0.027324
7.69126,1.18682,1.0574,0.129421,0.00479084,0.00316631,0.00271209,0.00403144,1.07,-0.0273078
7.69712,1.06677,1.05398,0.0127959,0.0047837,0.00316158,0.00270796,0.00402709,1.06659,-0.0272917
7.70298,1.04805,1.05058,-0.00252867,0.00477658,0.00315686,0.00270384,0.00402274,1.06319,-0.0272756
7.70884,1.15127,1.0472,0.104072,0.00476949,0.00315216,0.00269974,0.00401841,1.05982,-0.0272596
7.7147,1.2267,1.04383,0.182867,0.00476241,0.00314747,0.00269565,0.00401408,1.05646,-0.0272436
7.72057,1.10673,1.04049,0.0662414,0.00475536,0.0031428,0.00269157,0.00400976,1.05311,-0.0272277
7.72643,1.17176,1.03716,0.134596,0.00474833,0.00313814,0.0026875,0.00400545,1.04979,-0.0272118
7.73229,1.15143,1.03385,0.117581,0.00474132,0.0031335,0.00268345,0.00400115,1.04649,-0.027196
7.73815,0.923027,1.03056,-0.107531,0.00473433,0.00312887,0.00267941,0.00399686,1.0432,-0.0271802
7.74402,1.04395,1.02729,0.0166685,0.00472737,0.00312426,0.00267538,0.00399258,1.03993,-0.0271645
7.74988,1.02062,1.02403,-0.00341252,0.00472042,0.00311965,0.00267136,0.00398831,1.03668,-0.0271489
7.75574,1.00754,1.02079,-0.0132484,0.0047135,0.00311507,0.00266735,0.00398404,1.03344,-0.0271333
7.7616,0.990433,1.01757,-0.0271368,0.0047066,0.00311049,0.00266336,0.00397979,1.03023,-0.0271178
7.76746,0.836145,1.01437,-0.178221,0.00469972,0.00310593,0.00265938,0.00397554,1.02703,-0.0271023
7.77333,0.96503,1.01118,-0.0461492,0.00469287,0.00310139,0.00265541,0.00397131,1.02385,-0.0270869
7.77919,1.11679,1.00801,0.108777,0.00468603,0.00309686,0.00265145,0.00396708,1.02068,-0.0270715
7.78505,1.07382,1.00486,0.068965,0.00467922,0.00309234,0.0026475,0.00396286,1.01753,-0.0270562
7.79091,1.01993,1.00172,0.0182098,0.00467242,0.00308783,0.00264357,0.00395865,1.0144,-0.0270409
7.79678,1.04747,0.998601,0.04887,0.00466565,0.00308334,0.00263965,0.00395445,1.01128,-0.0270257
7.80264,0.924029,0.995498,-0.0714681,0.00465889,0.00307887,0.00263573,0.00395026,1.00818,-0.0270106
7.8085,0.963002,0.992411,-0.0294087,0.00465216,0.0030744,0.00263183,0.00394608,1.0051,-0.0269955
7.81436,1.01105,0.98934,0.0217124,0.00464545,0.00306995,0.00262795,0.0039419,1.00204,-0.0269804
7.82022,1.12836,0.986286,0.142079,0.00463876,0.00306551,0.00262407,0.00393774,0.998985,-0.0269655
7.82609,1.0034,0.983247,0.0201525,0.00463209,0.00306109,0.0026202,0.00393358,0.995951,-0.0269505
7.83195,1.06164,0.980225,0.0814155,0.00462544,0.00305668,0.00261635,0.00392944,0.992933,-0.0269357
7.83781,1.03796,0.977218,0.060744,0.00461881,0.00305228,0.00261251,0.0039253,0.98993,-0.0269208
7.84367,1.12046,0.974227,0.146235,0.0046122,0.0030479,0.00260867,0.00392117,0.986943,-0.0269061
7.84954,0.893313,0.971252,-0.0779386,0.00460561,0.00304353,0.00260485,0.00391705,0.983972,-0.0268914
7.8554,1.04568,0.968291,0.0773872,0.00459904,0.00303917,0.00260104,0.00391293,0.981016,-0.0268767
7.86126,1.05944,0.965347,0.0940956,0.00459249,0.00303482,0.00259724,0.00390883,0.978075,-0.0268621
7.86712,0.926933,0.962417,-0.0354839,0.00458595,0.00303049,0.00259346,0.00390474,0.97515,-0.0268476
7.87298,0.809018,0.959503,-0.150484,0.00457944,0.00302617,0.00258968,0.00390065,0.97224,-0.0268331
7.87885,0.892668,0.956603,-0.0639347,0.00457295,0.00302186,0.00258592,0.00389657,0.969344,-0.0268186
7.88471,0.831411,0.953718,-0.122307,0.00456648,0.00301757,0.00258216,0.0038925,0.966464,-0.0268043
7.89057,1.03901,0.950849,0.0881592,0.00456003,0.00301328,0.00257842,0.00388844,0.963598,-0.02679
7.89643,0.989424,0.947993,0.0414306,0.00455359,0.00300901,0.00257469,0.00388439,0.960747,-0.0267757
7.9023,1.05715,0.945153,0.111993,0.00454718,0.00300476,0.00257096,0.00388034,0.957911,-0.0267615
7.90816,1.00482,0.942327,0.0624941,0.00454078,0.00300051,0.00256725,0.00387631,0.955089,-0.0267473
7.91402,0.969806,0.939515,0.0302917,0.0045344,0.00299628,0.00256355,0.00387228,0.952281,-0.0267332
7.91988,1.03157,0.936717,0.0948513,0.00452805,0.00299206,0.00255986,0.00386826,0.949488,-0.0267192
7.92574,0.806118,0.933934,-0.127815,0.00452171,0.00298785,0.00255618,0.00386425,0.946709,-0.0267052
7.93161,0.952215,0.931164,0.0210505,0.00451539,0.00298366,0.00255251,0.00386025,0.943944,-0.0266912
7.93747,0.972159,0.928409,0.0437499,0.00450909,0.00297947,0.00254886,0.00385625,0.941193,-0.0266774
7.94333,0.891495,0.925667,-0.0341723,0.0045028,0.0029753,0.00254521,0.00385227,0.938455,-0.0266635
7.94919,0.992942,0.92294,0.0700028,0.00449654,0.00297114,0.00254157,0.00384829,0.935732,-0.0266498
7.95506,1.01788,0.920226,0.0976523,0.00449029,0.002967,0.00253794,0.00384432,0.933022,-0.026636
7.96092,1.00431,0.917525,0.0867837,0.00448406,0.00296286,0.00253433,0.00384036,0.930326,-0.0266224
7.96678,1.0098,0.914838,0.0949595,0.00447785,0.00295874,0.00253072,0.0038364,0.927643,-0.0266088
7.97264,0.808883,0.912164,-0.103281,0.00447166,0.00295463,0.00252712,0.00383246,0.924974,-0.0265952
7.97851,0.881173,0.909504,-0.0283305,0.00446549,0.00295053,0.00252354,0.00382852,0.922318,-0.0265817
7.98437,0.85786,0.906857,-0.0489968,0.00445933,0.00294644,0.00251996,0.00382459,0.919675,-0.0265683
7.99023,0.890007,0.904223,-0.0142157,0.00445319,0.00294236,0.0025164,0.00382067,0.917045,-0.0265549
7.99609,0.729773,0.901602,-0.171829,0.00444707,0.0029383,0.00251284,0.00381676,0.914428,-0.0265416
8.00195,0.844049,0.898993,-0.0549447,0.00444097,0.00293424,0.00250929,0.00381285,0.911824,-0.0265283
8.00782,0.948816,0.896398,0.0524176,0.00443488,0.0029302,0.00250576,0.00380896,0.909233,-0.0265151
8.01368,0.763245,0.893815,-0.130571,0.00442882,0.00292617,0.00250223,0.00380507,0.906655,-0.0265019
8.01954,0.956278,0.891246,0.0650329,0.00442277,0.00292215,0.00249872,0.00380119,0.90409,-0.0264888
8.0254,0.870405,0.888688,-0.0182829,0.00441673,0.00291815,0.00249521,0.00379731,0.901537,-0.0264758
8.03127,0.693222,0.886143,-0.192921,0.00441072,0.00291415,0.00249171,0.00379345,0.898996,-0.0264628
8.03713,0.739062,0.883611,-0.144549,0.00440472,0.00291017,0.00248823,0.00378959,0.896468,-0.0264498
8.04299,0.866819,0.881091,-0.0142721,0.00439874,0.00290619,0.00248475,0.00378574,0.893952,-0.0264369
8.04885,0.998072,0.878583,0.119489,0.00439278,0.00290223,0.00248128,0.0037819,0.891449,-0.0264241
8.05471,0.972056,0.876087,0.0959685,0.00438683,0.00289828,0.00247783,0.00377806,0.888957,-0.0264113
8.06058,0.719795,0.873603,-0.153808,0.0043809,0.00289434,0.00247438,0.00377424,0.886478,-0.0263986
8.06644,0.787033,0.871132,-0.0840991,0.00437499,0.00289041,0.00247094,0.00377042,0.884011,-0.0263859
8.0723,0.755959,0.868672,-0.112713,0.00436909,0.00288649,0.00246751,0.00376661,0.881555,-0.0263733
8.07816,0.922203,0.866224,0.0559791,0.00436321,0.00288259,0.00246409,0.00376281,0.879112,-0.0263608
8.08403,0.843141,0.863788,-0.0206468,0.00435735,0.00287869,0.00246068,0.00375901,0.87668,-0.0263483
8.08989,0.750415,0.861363,-0.110948,0.0043515,0.0028748,0.00245728,0.00375522,0.87426,-0.0263358
8.09575,0.919977,0.85895,0.0610269,0.00434567,0.00287093,0.00245389,0.00375144,0.871852,-0.0263234
8.10161,0.694652,0.856549,-0.161896,0.00433986,0.00286707,0.00245051,0.00374767,0.869455,-0.0263111
8.10747,0.712614,0.854159,-0.141544,0.00433406,0.00286321,0.00244714,0.0037439,0.867069,-0.0262988
8.11334,0.824115,0.85178,-0.0276649,0.00432828,0.00285937,0.00244377,0.00374015,0.864695,-0.0262866
8.1192,0.77384,0.849413,-0.0755721,0.00432251,0.00285554,0.00244042,0.0037364,0.862332,-0.0262744
8.12506,0.76255,0.847056,-0.0845065,0.00431676,0.00285172,0.00243707,0.00373265,0.85998,-0.0262623
8.13092,0.957418,0.844711,0.112707,0.00431103,0.00284791,0.00243374,0.00372892,0.85764,-0.0262502
8.13679,0.983682,0.842377,0.141305,0.00430531,0.00284411,0.00243041,0.00372519,0.855311,-0.0262382
8.14265,0.948532,0.840054,0.108478,0.00429961,0.00284032,0.00242709,0.00372147,0.852992,-0.0262263
8.14851,0.848139,0.837742,0.0103972,0.00429393,0.00283654,0.00242379,0.00371776,0.850685,-0.0262144
8.15437,0.714279,0.835441,-0.121162,0.00428826,0.00283277,0.00242049,0.00371405,0.848388,-0.0262025
8.16023,0.79495,0.83315,-0.0382008,0.00428261,0.00282901,0.0024172,0.00371036,0.846102,-0.0261907
8.1661,0.743702,0.830871,-0.0871691,0.00427697,0.00282526,0.00241391,0.00370666,0.843827,-0.026179
8.17196,0.823627,0.828602,-0.00497435,0.00427135,0.00282152,0.00241064,0.00370298,0.841562,-0.0261673
8.17782,0.868201,0.826343,0.0418583,0.00426574,0.0028178,0.00240738,0.00369931,0.839308,-0.0261557
8.18368,0.734175,0.824095,-0.0899197,0.00426015,0.00281408,0.00240412,0.00369564,0.837065,-0.0261441
8.18955,0.72753,0.821857,-0.0943268,0.00425457,0.00281037,0.00240088,0.00369198,0.834832,-0.0261326
8.19541,0.897774,0.81963,0.0781441,0.00424901,0.00280667,0.00239764,0.00368832,0.832609,-0.0261212
8.20127,0.819327,0.817413,0.00191456,0.00424347,0.00280299,0.00239441,0.00368467,0.830397,-0.0261098
8.20713,0.805978,0.815206,-0.00922841,0.00423794,0.00279931,0.00239119,0.00368103,0.828195,-0.0260984
8.21299,0.924874,0.813009,0.111865,0.00423242,0.00279564,0.00238798,0.0036774,0.826003,-0.0260871
8.21886,0.799094,0.810823,-0.0117286,0.00422692,0.00279198,0.00238477,0.00367378,0.823821,-0.0260759
8.22472,0.798324,0.808646,-0.0103218,0.00422143,0.00278833,0.00238158,0.00367016,0.821649,-0.0260647
8.23058,0.733134,0.80648,-0.0733456,0.00421596,0.0027847,0.00237839,0.00366655,0.819488,-0.0260536
8.23644,0.659405,0.804323,-0.144918,0.00421051,0.00278107,0.00237522,0.00366294,0.817336,-0.0260425
8.24231,0.888666,0.802176,0.0864902,0.00420507,0.00277745,0.00237205,0.00365935,0.815194,-0.0260315
8.24817,0.790602,0.800039,-0.00943688,0.00419964,0.00277384,0.00236889,0.00365576,0.813061,-0.0260206
8.25403,0.785545,0.797912,-0.0123669,0.00419423,0.00277024,0.00236574,0.00365217,0.810939,-0.0260097
8.25989,0.802127,0.795794,0.00633297,0.00418883,0.00276665,0.00236259,0.0036486,0.808826,-0.0259988
8.26575,0.817268,0.793686,0.0235827,0.00418345,0.00276307,0.00235946,0.00364503,0.806723,-0.025988
8.27162,1.04052,0.791587,0.248936,0.00417808,0.0027595,0.00235633,0.00364147,0.804629,-0.0259773
8.27748,0.911607,0.789498,0.122109,0.00417273,0.00275594,0.00235321,0.00363791,0.802545,-0.0259666
8.28334,0.78686,0.787418,-0.000558493,0.00416739,0.00275239,0.0023501,0.00363436,0.80047,-0.025956
8.2892,0.597181,0.785348,-0.188166,0.00416207,0.00274885,0.002347,0.00363082,0.798404,-0.0259454
8.29507,0.698741,0.783287,-0.084546,0.00415676,0.00274531,0.0023439,0.00362729,0.796348,-0.0259349
8.30093,0.617578,0.781235,-0.163657,0.00415146,0.00274179,0.00234082,0.00362376,0.794301,-0.0259244
8.30679,0.81591,0.779192,0.036718,0.00414618,0.00273827,0.00233774,0.00362024,0.792264,-0.025914
8.31265,0.778831,0.777158,0.00167292,0.00414091,0.00273477,0.00233467,0.00361672,0.790235,-0.0259037
8.31851,0.863277,0.775134,0.0881432,0.00413566,0.00273127,0.00233161,0.00361322,0.788215,-0.0258934
8.32438,0.820437,0.773118,0.0473188,0.00413042,0.00272779,0.00232855,0.00360972,0.786205,-0.0258831
8.33024,0.784104,0.771112,0.0129928,0.00412519,0.00272431,0.00232551,0.00360622,0.784203,-0.0258729
8.3361,0.720069,0.769114,-0.049045,0.00411998,0.00272084,0.00232247,0.00360274,0.782211,-0.0258628
8.34196,0.759708,0.767125,-0.00741642,0.00411478,0.00271738,0.00231944,0.00359926,0.780227,-0.0258527
8.34783,0.64863,0.765145,-0.116514,0.0041096,0.00271393,0.00231642,0.00359578,0.778252,-0.0258427
8.35369,0.72434,0.763173,-0.0388331,0.00410443,0.00271049,0.0023134,0.00359232,0.776285,-0.0258327
8.35955,0.87126,0.76121,0.110049,0.00409927,0.00270706,0.0023104,0.00358886,0.774328,-0.0258228
8.36541,0.595254,0.759256,-0.164002,0.00409412,0.00270364,0.0023074,0.0035854,0.772379,-0.025813
8.37128,0.704018,0.757311,-0.0532931,0.00408899,0.00270022,0.00230441,0.00358196,0.770438,-0.0258032
8.37714,0.666546,0.755374,-0.0888272,0.00408388,0.00269682,0.00230142,0.00357852,0.768506,-0.0257934
8.383,0.676814,0.753445,-0.0766307,0.00407877,0.00269342,0.00229845,0.00357508,0.766583,-0.0257837
8.38886,0.761147,0.751525,0.00962226,0.00407368,0.00269003,0.00229548,0.00357166,0.764668,-0.0257741
8.39472,0.786329,0.749613,0.0367159,0.00406861,0.00268665,0.00229252,0.00356824,0.762761,-0.0257645
8.40059,0.802765,0.747709,0.0550559,0.00406354,0.00268328,0.00228957,0.00356482,0.760863,-0.025755
8.40645,0.879159,0.745814,0.133346,0.00405849,0.00267992,0.00228662,0.00356142,0.758973,-0.0257455
8.41231,0.742794,0.743927,-0.00113273,0.00405345,0.00267657,0.00228368,0.00355802,0.757091,-0.0257361
8.41817,0.737668,0.742048,-0.00437948,0.00404843,0.00267322,0.00228075,0.00355462,0.755217,-0.0257267
8.42404,0.692409,0.740177,-0.047768,0.00404342,0.00266989,0.00227783,0.00355123,0.753352,-0.0257174
8.4299,0.65163,0.738314,-0.0866844,0.00403842,0.00266656,0.00227492,0.00354785,0.751494,-0.0257082
8.43576,0.647998,0.736459,-0.0884614,0.00403343,0.00266324,0.00227201,0.00354448,0.749645,-0.025699
8.44162,0.670488,0.734612,-0.0641246,0.00402846,0.00265993,0.00226911,0.00354111,0.747803,-0.0256899
8.44748,0.857131,0.732773,0.124358,0.0040235,0.00265663,0.00226622,0.00353775,0.74597,-0.0256808
8.45335,0.771563,0.730942,0.0406207,0.00401855,0.00265333,0.00226333,0.00353439,0.744144,-0.0256717
8.45921,0.628348,0.729119,-0.100771,0.00401362,0.00265005,0.00226045,0.00353104,0.742326,-0.0256628
8.46507,0.617443,0.727303,-0.109861,0.0040087,0.00264677,0.00225758,0.0035277,0.740516,-0.0256538
8.47093,0.883702,0.725495,0.158206,0.00400379,0.0026435,0.00225472,0.00352436,0.738714,-0.025645
8.4768,0.715587,0.723695,-0.00810766,0.00399889,0.00264024,0.00225186,0.00352103,0.736919,-0.0256362
8.48266,0.802866,0.721903,0.0809634,0.00399401,0.00263699,0.00224901,0.00351771,0.735132,-0.0256274
8.48852,0.878685,0.720118,0.158568,0.00398913,0.00263375,0.00224617,0.00351439,0.733353,-0.0256187
8.49438,0.895094,0.71834,0.176754,0.00398427,0.00263051,0.00224334,0.00351108,0.731581,-0.0256101
8.50024,0.699068,0.71657,-0.0175022,0.00397943,0.00262728,0.00224051,0.00350777,0.729817,-0.0256015
8.50611,0.731687,0.714808,0.0168796,0.00397459,0.00262407,0.00223769,0.00350447,0.72806,-0.025593
8.51197,0.840345,0.713052,0.127293,0.00396977,0.00262085,0.00223488,0.00350118,0.72631,-0.0255845
8.51783,0.519315,0.711305,-0.19199,0.00396496,0.00261765,0.00223207,0.00349789,0.724568,-0.0255761
8.52369,0.557187,0.709564,-0.152377,0.00396016,0.00261446,0.00222927,0.00349461,0.722833,-0.0255677
8.52956,0.599874,0.707831,-0.107957,0.00395538,0.00261127,0.00222648,0.00349134,0.721106,-0.0255594
8.53542,0.609955,0.706105,-0.09615,0.0039506,0.00260809,0.00222369,0.00348807,0.719386,-0.0255511
8.54128,0.747328,0.704386,0.0429423,0.00394584,0.00260492,0.00222091,0.00348481,0.717673,-0.0255429
8.54714,0.673032,0.702674,-0.0296421,0.00394109,0.00260176,0.00221814,0.00348155,0.715967,-0.0255348
8.553,0.648833,0.70097,-0.0521366,0.00393635,0.0025986,0.00221538,0.0034783,0.714268,-0.0255267
8.55887,0.559046,0.699272,-0.140227,0.00393163,0.00259545,0.00221262,0.00347506,0.712576,-0.0255186
8.56473,0.614798,0.697582,-0.0827835,0.00392691,0.00259231,0.00220987,0.00347182,0.710892,-0.0255107
8.57059,0.785982,0.695898,0.0900841,0.00392221,0.00258918,0.00220713,0.00346859,0.709214,-0.0255027
8.57645,0.615006,0.694222,-0.0792153,0.00391752,0.00258606,0.00220439,0.00346536,0.707543,-0.0254949
8.58232,0.744006,0.692552,0.0514537,0.00391284,0.00258294,0.00220166,0.00346214,0.70588,-0.025487
8.58818,0.854316,0.690889,0.163427,0.00390817,0.00257983,0.00219893,0.00345893,0.704223,-0.0254793
8.59404,0.889411,0.689233,0.200178,0.00390352,0.00257673,0.00219622,0.00345572,0.702573,-0.0254716
8.5999,0.82423,0.687584,0.136646,0.00389887,0.00257364,0.00219351,0.00345252,0.700929,-0.0254639
8.60576,0.786384,0.685941,0.100443,0.00389424,0.00257055,0.0021908,0.00344932,0.699293,-0.0254563
8.61163,0.573267,0.684306,-0.111039,0.00388962,0.00256747,0.00218811,0.00344613,0.697663,-0.0254488
8.61749,0.756186,0.682676,0.0735098,0.00388501,0.0025644,0.00218542,0.00344295,0.69604,-0.0254413
8.62335,0.606873,0.681054,-0.0741813,0.00388041,0.00256134,0.00218273,0.00343977,0.694423,-0.0254339
8.62921,0.770457,0.679438,0.0910194,0.00387582,0.00255828,0.00218006,0.0034366,0.692814,-0.0254265
8.63508,0.762938,0.677828,0.0851097,0.00387124,0.00255524,0.00217738,0.00343343,0.69121,-0.0254192
8.64094,0.601826,0.676225,-0.0743995,0.00386668,0.0025522,0.00217472,0.00343027,0.689614,-0.0254119
8.6468,0.643871,0.674629,-0.0307578,0.00386213,0.00254916,0.00217206,0.00342711,0.688023,-0.0254047
8.65266,0.510152,0.673039,-0.162887,0.00385758,0.00254614,0.00216941,0.00342396,0.686439,-0.0253976
8.65852,0.758361,0.671455,0.086906,0.00385305,0.00254312,0.00216677,0.00342082,0.684862,-0.0253905
8.66439,0.676806,0.669878,0.00692839,0.00384853,0.00254011,0.00216413,0.00341768,0.683291,-0.0253834
8.67025,0.697676,0.668307,0.0293687,0.00384402,0.0025371,0.0021615,0.00341455,0.681726,-0.0253764
8.67611,0.701752,0.666742,0.0350096,0.00383952,0.00253411,0.00215887,0.00341142,0.680168,-0.0253695
8.68197,0.790093,0.665184,0.124909,0.00383504,0.00253112,0.00215625,0.0034083,0.678616,-0.0253626
8.68784,0.781249,0.663632,0.117617,0.00383056,0.00252814,0.00215364,0.00340519,0.67707,-0.0253558
8.6937,0.591464,0.662086,-0.0706215,0.0038261,0.00252516,0.00215103,0.00340208,0.67553,-0.025349
8.69956,0.47834,0.660546,-0.182205,0.00382164,0.00252219,0.00214843,0.00339898,0.673997,-0.0253423
8.70542,0.482642,0.659012,-0.17637,0.0038172,0.00251923,0.00214584,0.00339588,0.672469,-0.0253356
8.71128,0.80012,0.657484,0.142636,0.00381276,0.00251628,0.00214325,0.00339279,0.670948,-0.025329
8.71715,0.727965,0.655963,0.0720025,0.00380834,0.00251333,0.00214067,0.0033897,0.669433,-0.0253225
8.72301,0.724335,0.654447,0.0698885,0.00380393,0.00251039,0.0021381,0.00338662,0.667924,-0.025316
8.72887,0.596812,0.652937,-0.0561251,0.00379953,0.00250746,0.00213553,0.00338354,0.666421,-0.0253096
8.73473,0.684129,0.651433,0.032696,0.00379514,0.00250454,0.00213296,0.00338047,0.664923,-0.0253032
8.7406,0.728847,0.649936,0.0789113,0.00379076,0.00250162,0.00213041,0.00337741,0.663432,-0.0252968
8.74646,0.693286,0.648444,0.0448422,0.00378639,0.00249871,0.00212786,0.00337435,0.661947,-0.0252906
8.75232,0.576653,0.646957,-0.0703047,0.00378203,0.0024958,0.00212531,0.0033713,0.660467,-0.0252844
8.75818,0.614601,0.645477,-0.0308758,0.00377768,0.0024929,0.00212277,0.00336825,0.658994,-0.0252782
8.76404,0.716643,0.644002,0.0726409,0.00377334,0.00249001,0.00212024,0.00336521,0.657526,-0.0252721
8.76991,0.558838,0.642534,-0.0836954,0.00376902,0.00248713,0.00211771,0.00336217,0.656064,-0.025266
8.77577,0.483513,0.641071,-0.157558,0.0037647,0.00248425,0.00211519,0.00335914,0.654607,-0.02526
8.78163,0.642555,0.639613,0.00294144,0.00376039,0.00248138,0.00211268,0.00335611,0.653157,-0.0252541
8.78749,0.691578,0.638161,0.0534162,0.00375609,0.00247852,0.00211017,0.00335309,0.651712,-0.0252482
8.79336,0.632217,0.636715,-0.00449824,0.00375181,0.00247566,0.00210767,0.00335008,0.650272,-0.0252424
8.79922,0.57658,0.635275,-0.058694,0.00374753,0.00247281,0.00210517,0.00334707,0.648839,-0.0252366
8.80508,0.605368,0.633839,-0.028472,0.00374326,0.00246997,0.00210268,0.00334406,0.64741,-0.0252309
8.81094,0.535546,0.63241,-0.0968641,0.00373901,0.00246713,0.0021002,0.00334106,0.645988,-0.0252252
8.81681,0.584372,0.630986,-0.0466137,0.00373476,0.0024643,0.00209772,0.00333807,0.644571,-0.0252196
8.82267,0.517153,0.629567,-0.112414,0.00373053,0.00246148,0.00209524,0.00333508,0.643159,-0.025214
8.82853,0.486701,0.628154,-0.141453,0.0037263,0.00245867,0.00209278,0.0033321,0.641753,-0.0252085
8.83439,0.609726,0.626747,-0.017021,0.00372208,0.00245586,0.00209032,0.00332912,0.640352,-0.0252031
8.84025,0.647849,0.625344,0.0225044,0.00371788,0.00245305,0.00208786,0.00332615,0.638957,-0.0251977
8.84612,0.548162,0.623947,-0.0757848,0.00371368,0.00245026,0.00208541,0.00332318,0.637567,-0.0251924
8.85198,0.703274,0.622556,0.0807188,0.00370949,0.00244747,0.00208297,0.00332022,0.636183,-0.0251871
8.85784,0.599593,0.621169,-0.0215758,0.00370532,0.00244468,0.00208053,0.00331727,0.634803,-0.0251819
8.8637,0.76012,0.619788,0.140332,0.00370115,0.0024419,0.00207809,0.00331431,0.633429,-0.0251767
8.86957,0.640293,0.618412,0.0218807,0.00369699,0.00243913,0.00207567,0.00331137,0.632061,-0.0251716
8.87543,0.622228,0.617041,0.00518704,0.00369284,0.00243637,0.00207325,0.00330843,0.630697,-0.0251665
8.88129,0.601255,0.615676,-0.0144208,0.0036887,0.00243361,0.00207083,0.00330549,0.629339,-0.0251615
8.88715,0.452827,0.614316,-0.161488,0.00368458,0.00243086,0.00206842,0.00330256,0.627986,-0.0251566
8.89301,0.775248,0.61296,0.162287,0.00368046,0.00242811,0.00206602,0.00329964,0.626638,-0.0251517
8.89888,0.764401,0.61161,0.152791,0.00367635,0.00242538,0.00206362,0.00329672,0.625295,-0.0251468
8.90474,0.639023,0.610265,0.0287584,0.00367225,0.00242264,0.00206122,0.0032938,0.623957,-0.0251421
8.9106,0.55985,0.608925,-0.0490752,0.00366816,0.00241992,0.00205883,0.00329089,0.622624,-0.0251373
8.91646,0.472305,0.60759,-0.135284,0.00366408,0.0024172,0.00205645,0.00328799,0.621297,-0.0251327
8.92233,0.588082,0.60626,-0.0181779,0.00366001,0.00241448,0.00205408,0.00328509,0.619974,-0.025128
8.92819,0.692629,0.604935,0.0876943,0.00365594,0.00241178,0.0020517,0.0032822,0.618656,-0.0251235
8.93405,0.589562,0.603614,-0.0140521,0.00365189,0.00240908,0.00204934,0.00327931,0.617344,-0.025119
8.93991,0.635855,0.602299,0.0335556,0.00364785,0.00240638,0.00204698,0.00327642,0.616036,-0.0251145
8.94577,0.631977,0.600989,0.0309879,0.00364381,0.00240369,0.00204462,0.00327354,0.614733,-0.0251101
8.95164,0.697567,0.599683,0.0978842,0.00363979,0.00240101,0.00204227,0.00327067,0.613435,-0.0251058
8.9575,0.638472,0.598382,0.0400896,0.00363577,0.00239833,0.00203993,0.0032678,0.612142,-0.0251015
8.96336,0.581287,0.597087,-0.0157991,0.00363177,0.00239566,0.00203759,0.00326494,0.610854,-0.0250972
8.96922,0.680362,0.595795,0.0845663,0.00362777,0.002393,0.00203526,0.00326208,0.60957,-0.0250931
8.97509,0.715247,0.594509,0.120738,0.00362378,0.00239034,0.00203293,0.00325923,0.608292,-0.0250889
8.98095,0.628342,0.593227,0.0351144,0.0036198,0.00238769,0.0020306,0.00325638,0.607018,-0.0250849
8.98681,0.828019,0.59195,0.236069,0.00361583,0.00238504,0.00202829,0.00325353,0.605748,-0.0250809
8.99267,0.641168,0.590678,0.05049,0.00361187,0.0023824,0.00202597,0.00325069,0.604484,-0.0250769
8.99853,0.66845,0.58941,0.0790402,0.00360792,0.00237977,0.00202367,0.00324786,0.603224,-0.025073
9.0044,0.567789,0.588147,-0.0203585,0.00360397,0.00237714,0.00202137,0.00324503,0.601969,-0.0250692
9.01026,0.430674,0.586889,-0.156215,0.00360004,0.00237452,0.00201907,0.00324221,0.600718,-0.0250654
9.01612,0.346823,0.585635,-0.238812,0.00359611,0.0023719,0.00201678,0.00323939,0.599472,-0.0250616
9.02198,0.555316,0.584386,-0.0290694,0.0035922,0.00236929,0.00201449,0.00323657,0.598231,-0.0250579
9.02785,0.514009,0.583141,-0.0691318,0.00358829,0.00236668,0.00201221,0.00323377,0.596994,-0.0250543
9.03371,0.514585,0.581901,-0.0673157,0.00358439,0.00236408,0.00200993,0.00323096,0.595762,-0.0250508
9.03957,0.462129,0.580665,-0.118536,0.0035805,0.00236149,0.00200766,0.00322816,0.594534,-0.0250472
9.04543,0.472558,0.579433,-0.106876,0.00357662,0.0023589,0.0020054,0.00322537,0.593311,-0.0250438
9.05129,0.507074,0.578207,-0.0711323,0.00357275,0.00235632,0.00200314,0.00322258,0.592092,-0.0250404
9.05716,0.590046,0.576984,0.013062,0.00356888,0.00235375,0.00200088,0.00321979,0.590878,-0.025037
9.06302,0.425853,0.575766,-0.149913,0.00356503,0.00235118,0.00199863,0.00321701,0.589668,-0.0250337
9.06888,0.725909,0.574552,0.151357,0.00356118,0.00234861,0.00199639,0.00321424,0.588462,-0.0250305
9.07474,0.536699,0.573343,-0.0366438,0.00355734,0.00234605,0.00199414,0.00321146,0.587261,-0.0250273
9.08061,0.37602,0.572138,-0.196117,0.00355351,0.0023435,0.00199191,0.0032087,0.586064,-0.0250242
9.08647,0.450122,0.570937,-0.120815,0.00354969,0.00234095,0.00198968,0.00320594,0.584872,-0.0250211
9.09233,0.698833,0.569741,0.129092,0.00354588,0.00233841,0.00198745,0.00320318,0.583684,-0.0250181
9.09819,0.586616,0.568548,0.0180672,0.00354208,0.00233588,0.00198523,0.00320043,0.5825,-0.0250151
9.10405,0.649294,0.56736,0.0819334,0.00353828,0.00233335,0.00198302,0.00319768,0.58132,-0.0250122
9.10992,0.580116,0.566177,0.0139396,0.00353449,0.00233082,0.00198081,0.00319494,0.580145,-0.0250093
9.11578,0.517645,0.564997,-0.0473525,0.00353072,0.0023283,0.0019786,0.0031922,0.578974,-0.0250065
9.12164,0.375475,0.563822,-0.188347,0.00352694,0.00232579,0.0019764,0.00318947,0.577807,-0.0250038
9.1275,0.49657,0.56265,-0.0660807,0.00352318,0.00232328,0.00197421,0.00318674,0.576644,-0.0250011
9.13337,0.468058,0.561483,-0.0934253,0.00351943,0.00232078,0.00197201,0.00318402,0.575485,-0.0249985
9.13923,0.684808,0.56032,0.124488,0.00351568,0.00231828,0.00196983,0.0031813,0.574331,-0.0249959
9.14509,0.578883,0.559161,0.0197218,0.00351195,0.00231579,0.00196765,0.00317858,0.573181,-0.0249934
9.15095,0.632828,0.558006,0.0748218,0.00350822,0.00231331,0.00196547,0.00317587,0.572034,-0.0249909
9.15681,0.718699,0.556856,0.161844,0.0035045,0.00231082,0.0019633,0.00317317,0.570892,-0.0249885
9.16268,0.749806,0.555709,0.194097,0.00350078,0.00230835,0.00196113,0.00317047,0.569754,-0.0249861
9.16854,0.551923,0.554566,-0.00264318,0.00349708,0.00230588,0.00195897,0.00316777,0.56862,-0.0249838
9.1744,0.486911,0.553427,-0.0665163,0.00349338,0.00230342,0.00195681,0.00316508,0.56749,-0.0249816
9.18026,0.457264,0.552292,-0.0950285,0.00348969,0.00230096,0.00195466,0.00316239,0.566364,-0.0249794
9.18613,0.564951,0.551161,0.0137895,0.00348601,0.0022985,0.00195251,0.00315971,0.565242,-0.0249773
9.19199,0.59786,0.550034,0.0478252,0.00348234,0.00229606,0.00195037,0.00315703,0.564124,-0.0249752
9.19785,0.522219,0.548911,-0.026692,0.00347868,0.00229361,0.00194823,0.00315436,0.56301,-0.0249731
9.20371,0.441912,0.547792,-0.105881,0.00347502,0.00229118,0.0019461,0.00315169,0.561899,-0.0249712
9.20957,0.505448,0.546677,-0.0412288,0.00347137,0.00228874,0.00194397,0.00314903,0.560793,-0.0249693
9.21544,0.622318,0.545565,0.0767527,0.00346773,0.00228632,0.00194184,0.00314637,0.55969,-0.0249674
9.2213,0.625532,0.544458,0.0810741,0.0034641,0.00228389,0.00193972,0.00314371,0.558592,-0.0249656
9.22716,0.376862,0.543354,-0.166492,0.00346048,0.00228148,0.00193761,0.00314106,0.557497,-0.0249638
9.23302,0.583042,0.542254,0.0407888,0.00345686,0.00227907,0.0019355,0.00313842,0.556406,-0.0249621
9.23889,0.608328,0.541157,0.0671706,0.00345325,0.00227666,0.00193339,0.00313578,0.555319,-0.0249605
9.24475,0.515756,0.540065,-0.0243093,0.00344965,0.00227426,0.00193129,0.00313314,0.554235,-0.0249589
9.25061,0.553299,0.538976,0.0143232,0.00344605,0.00227186,0.00192919,0.00313051,0.553156,-0.0249574
9.25647,0.641231,0.537891,0.10334,0.00344247,0.00226947,0.0019271,0.00312788,0.55208,-0.0249559
9.26234,0.481671,0.53681,-0.0551381,0.00343889,0.00226709,0.00192501,0.00312525,0.551008,-0.0249545
9.2682,0.634726,0.535732,0.0989942,0.00343532,0.00226471,0.00192293,0.00312263,0.549939,-0.0249531
9.27406,0.486806,0.534658,-0.0478514,0.00343176,0.00226233,0.00192085,0.00312002,0.548875,-0.0249518
9.27992,0.52004,0.533587,-0.0135473,0.0034282,0.00225996,0.00191878,0.00311741,0.547814,-0.0249505
9.28578,0.562246,0.532521,0.0297257,0.00342466,0.0022576,0.00191671,0.0031148,0.546756,-0.0249493
9.29165,0.521817,0.531457,-0.0096408,0.00342112,0.00225524,0.00191464,0.0031122,0.545702,-0.0249482
9.29751,0.511106,0.530398,-0.0192922,0.00341758,0.00225288,0.00191258,0.0031096,0.544652,-0.0249471
9.30337,0.454493,0.529342,-0.0748487,0.00341406,0.00225053,0.00191052,0.00310701,0.543606,-0.0249461
9.30923,0.244806,0.528289,-0.283484,0.00341054,0.00224819,0.00190847,0.00310442,0.542563,-0.0249451
9.3151,0.290633,0.52724,-0.236608,0.00340703,0.00224585,0.00190642,0.00310183,0.541523,-0.0249442
9.32096,0.393688,0.526195,-0.132506,0.00340353,0.00224351,0.00190438,0.00309925,0.540488,-0.0249433
9.32682,0.447134,0.525153,-0.0780191,0.00340003,0.00224118,0.00190234,0.00309668,0.539455,-0.0249425
9.33268,0.46645,0.524115,-0.0576651,0.00339655,0.00223886,0.00190031,0.0030941,0.538427,-0.0249417
9.33854,0.312366,0.52308,-0.210714,0.00339307,0.00223654,0.00189828,0.00309154,0.537401,-0.024941
9.34441,0.582818,0.522048,0.0607699,0.00338959,0.00223422,0.00189625,0.00308897,0.536379,-0.0249404
9.35027,0.482322,0.52102,-0.0386978,0.00338613,0.00223191,0.00189423,0.00308641,0.535361,-0.0249398
9.35613,0.342161,0.519995,-0.177834,0.00338267,0.00222961,0.00189221,0.00308386,0.534346,-0.0249392
9.36199,0.481516,0.518974,-0.0374584,0.00337922,0.0022273,0.0018902,0.00308131,0.533335,-0.0249388
9.36786,0.539214,0.517956,0.0212582,0.00337578,0.00222501,0.00188819,0.00307876,0.532327,-0.0249383
9.37372,0.572068,0.516942,0.0551262,0.00337234,0.00222272,0.00188619,0.00307622,0.531322,-0.024938
9.37958,0.488018,0.515931,-0.0279125,0.00336891,0.00222043,0.00188419,0.00307368,0.530321,-0.0249376
9.38544,0.674056,0.514923,0.159134,0.00336549,0.00221815,0.00188219,0.00307115,0.529323,-0.0249374
9.3913,0.57946,0.513918,0.0655415,0.00336207,0.00221587,0.0018802,0.00306862,0.528329,-0.0249372
9.39717,0.73972,0.512917,0.226803,0.00335867,0.0022136,0.00187821,0.00306609,0.527337,-0.024937
9.40303,0.508277,0.511919,-0.00364222,0.00335527,0.00221133,0.00187623,0.00306357,0.52635,-0.0249369
9.40889,0.424768,0.510924,-0.086156,0.00335187,0.00220907,0.00187425,0.00306105,0.525365,-0.0249369
9.41475,0.595098,0.509933,0.0851646,0.00334849,0.00220681,0.00187227,0.00305854,0.524384,-0.0249369
9.42062,0.503346,0.508945,-0.00559935,0.00334511,0.00220456,0.0018703,0.00305603,0.523406,-0.024937
9.42648,0.665831,0.50796,0.157871,0.00334173,0.00220231,0.00186833,0.00305353,0.522431,-0.0249371
9.43234,0.52507,0.506978,0.0180922,0.00333837,0.00220007,0.00186637,0.00305102,0.52146,-0.0249373
9.4382,0.334586,0.506,-0.171413,0.00333501,0.00219783,0.00186441,0.00304853,0.520491,-0.0249375
9.44406,0.27209,0.505024,-0.232935,0.00333166,0.0021956,0.00186246,0.00304603,0.519526,-0.0249378
9.44993,0.566638,0.504052,0.0625856,0.00332832,0.00219337,0.00186051,0.00304355,0.518565,-0.0249381
9.45579,0.48061,0.503083,-0.0224734,0.00332498,0.00219114,0.00185856,0.00304106,0.517606,-0.0249385
9.46165,0.615976,0.502117,0.113858,0.00332165,0.00218892,0.00185662,0.00303858,0.51665,-0.024939
9.46751,0.425842,0.501155,-0.0753128,0.00331832,0.00218671,0.00185468,0.0030361,0.515698,-0.0249395
9.47338,0.502389,0.500195,0.00219434,0.00331501,0.00218449,0.00185275,0.00303363,0.514749,-0.02494
9.47924,0.622335,0.499238,0.123097,0.0033117,0.00218229,0.00185082,0.00303116,0.513803,-0.0249407
9.4851,0.563158,0.498285,0.0648734,0.00330839,0.00218009,0.00184889,0.0030287,0.51286,-0.0249413
9.49096,0.437986,0.497334,-0.0593484,0.0033051,0.00217789,0.00184697,0.00302624,0.51192,-0.0249421
9.49682,0.381739,0.496387,-0.114648,0.00330181,0.00217569,0.00184505,0.00302378,0.510983,-0.0249428
9.50269,0.526206,0.495443,0.0307634,0.00329853,0.00217351,0.00184314,0.00302133,0.51005,-0.0249437
9.50855,0.390888,0.494501,-0.103613,0.00329525,0.00217132,0.00184123,0.00301888,0.509119,-0.0249446
9.51441,0.579316,0.493563,0.0857528,0.00329198,0.00216914,0.00183932,0.00301644,0.508192,-0.0249455
9.52027,0.673292,0.492628,0.180665,0.00328872,0.00216697,0.00183742,0.003014,0.507267,-0.0249465
9.52614,0.570733,0.491695,0.0790376,0.00328546,0.0021648,0.00183552,0.00301156,0.506345,-0.0249476
9.532,0.41373,0.490766,-0.0770359,0.00328221,0.00216263,0.00183363,0.00300913,0.505427,-0.0249487
9.53786,0.40612,0.489839,-0.0837195,0.00327897,0.00216047,0.00183174,0.0030067,0.504511,-0.0249499
9.54372,0.551231,0.488916,0.0623153,0.00327573,0.00215831,0.00182985,0.00300427,0.503599,-0.0249511
9.54958,0.445205,0.487995,-0.0427898,0.0032725,0.00215616,0.00182797,0.00300185,0.502689,-0.0249524
9.55545,0.329689,0.487078,-0.157388,0.00326928,0.00215401,0.00182609,0.00299943,0.501782,-0.0249537
9.56131,0.341236,0.486163,-0.144927,0.00326606,0.00215186,0.00182421,0.00299702,0.500879,-0.0249551
9.56717,0.508098,0.485251,0.0228468,0.00326285,0.00214972,0.00182234,0.00299461,0.499978,-0.0249566
9.57303,0.485574,0.484342,0.00123207,0.00325965,0.00214759,0.00182047,0.00299221,0.49908,-0.0249581
9.5789,0.405459,0.483436,-0.0779762,0.00325645,0.00214546,0.00181861,0.00298981,0.498185,-0.0249596
9.58476,0.433369,0.482532,-0.0491627,0.00325326,0.00214333,0.00181675,0.00298741,0.497293,-0.0249612
9.59062,0.673843,0.481632,0.192211,0.00325008,0.00214121,0.00181489,0.00298501,0.496403,-0.0249629
9.59648,0.632925,0.480734,0.152192,0.0032469,0.00213909,0.00181304,0.00298262,0.495517,-0.0249646
9.60234,0.501674,0.479839,0.0218349,0.00324373,0.00213697,0.00181119,0.00298024,0.494633,-0.0249664
9.60821,0.525017,0.478947,0.04607,0.00324057,0.00213486,0.00180935,0.00297786,0.493752,-0.0249682
9.61407,0.478786,0.478058,0.000728501,0.00323741,0.00213276,0.00180751,0.00297548,0.492874,-0.0249701
9.61993,0.458472,0.477171,-0.0186994,0.00323426,0.00213066,0.00180567,0.0029731,0.491999,-0.0249721
9.62579,0.55728,0.476287,0.0809931,0.00323111,0.00212856,0.00180384,0.00297073,0.491127,-0.0249741
9.63166,0.578269,0.475406,0.102863,0.00322797,0.00212647,0.00180201,0.00296836,0.490257,-0.0249761
9.63752,0.560648,0.474528,0.0861201,0.00322484,0.00212438,0.00180018,0.002966,0.48939,-0.0249782
9.64338,0.662652,0.473652,0.189,0.00322171,0.00212229,0.00179836,0.00296364,0.488526,-0.0249804
9.64924,0.697422,0.472779,0.224643,0.00321859,0.00212021,0.00179654,0.00296128,0.487665,-0.0249826
9.65511,0.581835,0.471909,0.109926,0.00321547,0.00211814,0.00179473,0.00295893,0.486806,-0.0249849
9.66097,0.620481,0.471041,0.149439,0.00321237,0.00211606,0.00179291,0.00295658,0.48595,-0.0249872
9.66683,0.444245,0.470176,-0.0259315,0.00320926,0.002114,0.00179111,0.00295424,0.485097,-0.0249896
9.67269,0.395902,0.469314,-0.0734123,0.00320617,0.00211193,0.0017893,0.0029519,0.484247,-0.024992
9.67855,0.372339,0.468454,-0.0961155,0.00320308,0.00210987,0.0017875,0.00294956,0.483399,-0.0249945
9.68442,0.419948,0.467597,-0.0476489,0.00319999,0.00210782,0.00178571,0.00294723,0.482554,-0.0249971
9.69028,0.473295,0.466743,0.006552,0.00319692,0.00210576,0.00178391,0.0029449,0.481711,-0.0249997
9.69614,0.417944,0.465891,-0.0479473,0.00319384,0.00210372,0.00178212,0.00294257,0.480871,-0.0250023
9.702,0.448254,0.465042,-0.0167879,0.00319078,0.00210167,0.00178034,0.00294025,0.480034,-0.025005
9.70787,0.487697,0.464195,0.0235017,0.00318772,0.00209963,0.00177855,0.00293793,0.479199,-0.0250078
9.71373,0.612482,0.463351,0.149131,0.00318467,0.0020976,0.00177678,0.00293561,0.478367,-0.0250106
9.71959,0.424125,0.46251,-0.0383845,0.00318162,0.00209557,0.001775,0.0029333,0.477538,-0.0250135
9.72545,0.448115,0.461671,-0.0135555,0.00317858,0.00209354,0.00177323,0.00293099,0.476711,-0.0250164
9.73131,0.469934,0.460834,0.00909967,0.00317554,0.00209152,0.00177146,0.00292869,0.475887,-0.0250194
9.73718,0.487102,0.460001,0.0271012,0.00317251,0.0020895,0.0017697,0.00292639,0.475065,-0.0250225
9.74304,0.524518,0.459169,0.0653492,0.00316949,0.00208748,0.00176793,0.00292409,0.474246,-0.0250256
9.7489,0.362879,0.45834,-0.0954609,0.00316647,0.00208547,0.00176618,0.0029218,0.473429,-0.0250287
9.75476,0.475872,0.457514,0.0183581,0.00316346,0.00208346,0.00176442,0.00291951,0.472615,-0.0250319
9.76063,0.331441,0.45669,-0.125249,0.00316045,0.00208146,0.00176267,0.00291722,0.471803,-0.0250352
9.76649,0.49272,0.455869,0.036851,0.00315745,0.00207946,0.00176093,0.00291494,0.470994,-0.0250385
9.77235,0.492264,0.45505,0.0372147,0.00315446,0.00207746,0.00175918,0.00291266,0.470188,-0.0250419
9.77821,0.416585,0.454233,-0.0376478,0.00315147,0.00207547,0.00175744,0.00291038,0.469384,-0.0250453
9.78407,0.526883,0.453419,0.0734636,0.00314849,0.00207348,0.0017557,0.00290811,0.468582,-0.0250488
9.78994,0.572094,0.452607,0.119486,0.00314551,0.0020715,0.00175397,0.00290584,0.467783,-0.0250524
9.7958,0.471063,0.451798,0.0192649,0.00314254,0.00206952,0.00175224,0.00290358,0.466986,-0.025056
9.80166,0.440893,0.450991,-0.0100979,0.00313958,0.00206754,0.00175051,0.00290132,0.466192,-0.0250596
9.80752,0.338625,0.450187,-0.111562,0.00313662,0.00206557,0.00174879,0.00289906,0.4654,-0.0250633
9.81339,0.381115,0.449385,-0.06827,0.00313366,0.0020636,0.00174707,0.0028968,0.464611,-0.0250671
9.81925,0.449298,0.448585,0.000713259,0.00313072,0.00206163,0.00174535,0.00289455,0.463824,-0.0250709
9.82511,0.492525,0.447788,0.0447375,0.00312777,0.00205967,0.00174364,0.0028923,0.463039,-0.0250748
9.83097,0.357239,0.446993,-0.0897537,0.00312484,0.00205772,0.00174193,0.00289006,0.462257,-0.0250787
9.83683,0.583473,0.4462,0.137273,0.00312191,0.00205576,0.00174022,0.00288782,0.461477,-0.0250827
9.8427,0.470997,0.44541,0.0255871,0.00311898,0.00205381,0.00173852,0.00288558,0.4607,-0.0250867
9.84856,0.297523,0.444622,-0.147099,0.00311606,0.00205187,0.00173682,0.00288335,0.459924,-0.0250908
9.85442,0.257467,0.443836,-0.186369,0.00311315,0.00204992,0.00173513,0.00288112,0.459152,-0.0250949
9.86028,0.45692,0.443053,0.0138673,0.00311024,0.00204798,0.00173343,0.00287889,0.458381,-0.0250991
9.86615,0.509426,0.442272,0.0671546,0.00310734,0.00204605,0.00173174,0.00287667,0.457613,-0.0251034
9.87201,0.638558,0.441493,0.197065,0.00310444,0.00204412,0.00173006,0.00287445,0.456847,-0.0251077
9.87787,0.655819,0.440716,0.215103,0.00310155,0.00204219,0.00172837,0.00287223,0.456084,-0.0251121
9.88373,0.618699,0.439942,0.178757,0.00309866,0.00204027,0.00172669,0.00287002,0.455323,-0.0251165
9.88959,0.427627,0.43917,-0.0115427,0.00309578,0.00203835,0.00172502,0.00286781,0.454564,-0.025121
9.89546,0.449966,0.4384,0.0115656,0.00309291,0.00203643,0.00172334,0.0028656,0.453807,-0.0251255
9.90132,0.790617,0.437633,0.352985,0.00309004,0.00203452,0.00172167,0.0028634,0.453053,-0.0251301
9.90718,0.616713,0.436867,0.179846,0.00308717,0.00203261,0.00172,0.0028612,0.452301,-0.0251348
9.91304,0.370694,0.436104,-0.0654103,0.00308432,0.0020307,0.00171834,0.002859,0.451551,-0.0251394
9.91891,0.500297,0.435343,0.0649534,0.00308146,0.0020288,0.00171668,0.00285681,0.450804,-0.0251442
9.92477,0.52024,0.434584,0.0856556,0.00307861,0.0020269,0.00171502,0.00285462,0.450058,-0.025149
9.93063,0.537152,0.433828,0.103324,0.00307577,0.00202501,0.00171337,0.00285244,0.449315,-0.0251539
9.93649,0.182565,0.433073,-0.250508,0.00307293,0.00202312,0.00171172,0.00285025,0.448574,-0.0251588
9.94235,0.179221,0.432321,-0.2531,0.0030701,0.00202123,0.00171007,0.00284807,0.447835,-0.0251638
9.94822,0.449336,0.431571,0.0177652,0.00306728,0.00201935,0.00170843,0.0028459,0.447099,-0.0251688
9.95408,0.368893,0.430823,-0.0619302,0.00306446,0.00201747,0.00170678,0.00284373,0.446365,-0.0251739
9.95994,0.616063,0.430077,0.185986,0.00306164,0.00201559,0.00170515,0.00284156,0.445632,-0.025179
9.9658,0.537918,0.429334,0.108584,0.00305883,0.00201372,0.00170351,0.00283939,0.444902,-0.0251842
9.97167,0.409561,0.428592,-0.0190313,0.00305603,0.00201185,0.00170188,0.00283723,0.444175,-0.0251895
9.97753,0.500948,0.427853,0.0730949,0.00305323,0.00200998,0.00170025,0.00283507,0.443449,-0.0251948
9.98339,0.434072,0.427115,0.00695629,0.00305043,0.00200812,0.00169862,0.00283291,0.442725,-0.0252001
9.98925,0.306337,0.42638,-0.120043,0.00304764,0.00200626,0.001697,0.00283076,0.442004,-0.0252055
9.99511,0.429452,0.425647,0.00380546,0.00304486,0.0020044,0.00169538,0.00282861,0.441285,-0.025211
10.001,0.461074,0.424916,0.0361578,0.00304208,0.00200255,0.00169376,0.00282646,0.440568,-0.0252165
10.0068,0.411634,0.424187,-0.012553,0.00303931,0.0020007,0.00169215,0.00282432,0.439852,-0.0252221
10.0127,0.367094,0.42346,-0.0563662,0.00303654,0.00199886,0.00169054,0.00282218,0.439139,-0.0252278
10.0186,0.612246,0.422735,0.189511,0.00303377,0.00199702,0.00168893,0.00282004,0.438429,-0.0252335
10.0244,0.495526,0.422012,0.0735138,0.00303102,0.00199518,0.00168733,0.00281791,0.43772,-0.0252392
10.0303,0.488165,0.421291,0.0668742,0.00302826,0.00199334,0.00168573,0.00281578,0.437013,-0.025245
10.0362,0.419482,0.420572,-0.00109057,0.00302552,0.00199151,0.00168413,0.00281365,0.436308,-0.0252509
10.042,0.443077,0.419855,0.0232219,0.00302277,0.00198968,0.00168253,0.00281153,0.435606,-0.0252568
10.0479,0.658229,0.419141,0.239088,0.00302004,0.00198786,0.00168094,0.00280941,0.434905,-0.0252627
10.0537,0.550718,0.418428,0.13229,0.0030173,0.00198604,0.00167935,0.00280729,0.434207,-0.0252688
10.0596,0.51338,0.417717,0.0956629,0.00301458,0.00198422,0.00167777,0.00280518,0.43351,-0.0252748
10.0655,0.417515,0.417008,0.000506894,0.00301185,0.00198241,0.00167618,0.00280307,0.432816,-0.025281
10.0713,0.403352,0.416301,-0.0129491,0.00300914,0.0019806,0.0016746,0.00280096,0.432123,-0.0252872
10.0772,0.543195,0.415596,0.127598,0.00300642,0.00197879,0.00167303,0.00279885,0.431433,-0.0252934
10.083,0.285293,0.414893,-0.1296,0.00300372,0.00197698,0.00167145,0.00279675,0.430744,-0.0252997
10.0889,0.235089,0.414192,-0.179104,0.00300101,0.00197518,0.00166988,0.00279465,0.430058,-0.025306
10.0948,0.324258,0.413493,-0.0892349,0.00299832,0.00197339,0.00166831,0.00279256,0.429373,-0.0253125
10.1006,0.328991,0.412796,-0.0838048,0.00299562,0.00197159,0.00166675,0.00279047,0.428691,-0.0253189
10.1065,0.25483,0.412101,-0.157271,0.00299294,0.0019698,0.00166518,0.00278838,0.42801,-0.0253254
10.1124,0.416206,0.411407,0.00479882,0.00299025,0.00196801,0.00166362,0.00278629,0.427331,-0.025332
10.1182,0.104465,0.410716,-0.306251,0.00298758,0.00196623,0.00166207,0.00278421,0.426655,-0.0253386
10.1241,0.301107,0.410027,-0.10892,0.0029849,0.00196445,0.00166051,0.00278213,0.42598,-0.0253453
10.1299,0.421304,0.409339,0.0119655,0.00298224,0.00196267,0.00165896,0.00278005,0.425307,-0.0253521
10.1358,0.394474,0.408653,-0.0141789,0.00297957,0.0019609,0.00165741,0.00277798,0.424636,-0.0253589
10.1417,0.329241,0.407969,-0.0787282,0.00297692,0.00195912,0.00165587,0.00277591,0.423967,-0.0253657
10.1475,0.409613,0.407287,0.00232535,0.00297426,0.00195736,0.00165433,0.00277384,0.4233,-0.0253726
10.1534,0.669817,0.406607,0.26321,0.00297162,0.00195559,0.00165279,0.00277178,0.422635,-0.0253796
10.1593,0.452735,0.405929,0.0468063,0.00296897,0.00195383,0.00165125,0.00276972,0.421972,-0.0253866
10.1651,0.442419,0.405252,0.0371667,0.00296633,0.00195207,0.00164972,0.00276766,0.42131,-0.0253936
10.171,0.377852,0.404578,-0.026726,0.0029637,0.00195032,0.00164819,0.0027656,0.420651,-0.0254008
10.1768,0.465276,0.403905,0.0613716,0.00296107,0.00194856,0.00164666,0.00276355,0.419993,-0.025408
10.1827,0.368298,0.403234,-0.034936,0.00295845,0.00194682,0.00164513,0.0027615,0.419337,-0.0254152
10.1886,0.44898,0.402565,0.0464152,0.00295583,0.00194507,0.00164361,0.00275946,0.418683,-0.0254225
10.1944,0.241296,0.401897,-0.160601,0.00295321,0.00194333,0.00164209,0.00275741,0.418031,-0.0254298
10.2003,0.1569,0.401232,-0.244331,0.0029506,0.00194159,0.00164058,0.00275537,0.417381,-0.0254372
10.2062,0.378522,0.400568,-0.0220455,0.002948,0.00193985,0.00163906,0.00275334,0.416732,-0.0254447
10.212,0.410963,0.399906,0.0110569,0.0029454,0.00193812,0.00163755,0.0027513,0.416086,-0.0254522
10.2179,0.340098,0.399246,-0.0591477,0.0029428,0.00193639,0.00163604,0.00274927,0.415441,-0.0254598
10.2237,0.26558,0.398587,-0.133008,0.00294021,0.00193466,0.00163454,0.00274724,0.414798,-0.0254674
10.2296,0.387965,0.397931,-0.00996601,0.00293762,0.00193294,0.00163303,0.00274522,0.414157,-0.025475
10.2355,0.297548,0.397276,-0.0997281,0.00293504,0.00193122,0.00163153,0.0027432,0.413517,-0.0254828
10.2413,0.31219,0.396622,-0.0844323,0.00293247,0.0019295,0.00163004,0.00274118,0.41288,-0.0254906
10.2472,0.601086,0.395971,0.205115,0.00292989,0.00192779,0.00162854,0.00273916,0.412244,-0.0254984
10.2531,0.388414,0.395321,-0.00690774,0.00292733,0.00192608,0.00162705,0.00273715,0.41161,-0.0255063
10.2589,0.393663,0.394673,-0.00100984,0.00292476,0.00192437,0.00162556,0.00273514,0.410978,-0.0255143
10.2648,0.3021,0.394027,-0.0919267,0.0029222,0.00192266,0.00162407,0.00273313,0.410347,-0.0255223
10.2706,0.272707,0.393383,-0.120676,0.00291965,0.00192096,0.00162259,0.00273113,0.409718,-0.0255303
10.2765,0.482029,0.39274,0.0892895,0.0029171,0.00191926,0.00162111,0.00272913,0.409091,-0.0255384
10.2824,0.349048,0.392098,-0.0430506,0.00291456,0.00191757,0.00161963,0.00272713,0.408466,-0.0255466
10.2882,0.411505,0.391459,0.0200459,0.00291201,0.00191588,0.00161816,0.00272513,0.407843,-0.0255548
10.2941,0.534654,0.390821,0.143832,0.00290948,0.00191419,0.00161668,0.00272314,0.407221,-0.0255631
10.3,0.433696,0.390185,0.0435107,0.00290695,0.0019125,0.00161521,0.00272115,0.406601,-0.0255715
10.3058,0.562388,0.389551,0.172837,0.00290442,0.00191082,0.00161375,0.00271917,0.405982,-0.0255799
10.3117,0.391733,0.388918,0.00281501,0.0029019,0.00190914,0.00161228,0.00271718,0.405366,-0.0255883
10.3175,0.41406,0.388287,0.0257732,0.00289938,0.00190746,0.00161082,0.0027152,0.404751,-0.0255968
10.3234,0.295458,0.387657,-0.0921994,0.00289687,0.00190578,0.00160936,0.00271322,0.404137,-0.0256054
10.3293,0.353127,0.38703,-0.0339023,0.00289436,0.00190411,0.0016079,0.00271125,0.403526,-0.025614
10.3351,0.385462,0.386403,-0.000941597,0.00289185,0.00190244,0.00160645,0.00270928,0.402916,-0.0256226
10.341,0.292597,0.385779,-0.0931819,0.00288935,0.00190078,0.001605,0.00270731,0.402308,-0.0256314
10.3468,0.216366,0.385156,-0.16879,0.00288686,0.00189912,0.00160355,0.00270534,0.401701,-0.0256401
10.3527,0.370783,0.384535,-0.0137514,0.00288437,0.00189746,0.0016021,0.00270338,0.401096,-0.025649
10.3586,0.45244,0.383915,0.0685253,0.00288188,0.0018958,0.00160066,0.00270142,0.400493,-0.0256579
10.3644,0.444652,0.383297,0.0613548,0.0028794,0.00189415,0.00159922,0.00269946,0.399891,-0.0256668
10.3703,0.452444,0.38268,0.0697642,0.00287692,0.00189249,0.00159778,0.0026975,0.399291,-0.0256758
10.3762,0.452368,0.382065,0.0703023,0.00287445,0.00189085,0.00159634,0.00269555,0.398693,-0.0256849
10.382,0.307984,0.381452,-0.0734676,0.00287198,0.0018892,0.00159491,0.0026936,0.398096,-0.025694
10.3879,0.256413,0.38084,-0.124427,0.00286951,0.00188756,0.00159348,0.00269165,0.397501,-0.0257031
10.3937,0.406589,0.38023,0.0263592,0.00286705,0.00188592,0.00159205,0.00268971,0.396908,-0.0257124
10.3996,0.262166,0.379622,-0.117456,0.0028646,0.00188428,0.00159062,0.00268777,0.396316,-0.0257216
10.4055,0.211259,0.379014,-0.167755,0.00286214,0.00188265,0.0015892,0.00268583,0.395726,-0.025731
10.4113,0.211748,0.378409,-0.166661,0.0028597,0.00188102,0.00158778,0.0026839,0.395137,-0.0257403
10.4172,0.471946,0.377805,0.0941408,0.00285725,0.00187939,0.00158636,0.00268196,0.39455,-0.0257498
10.4231,0.444225,0.377203,0.067022,0.00285481,0.00187777,0.00158494,0.00268003,0.393964,-0.0257593
10.4289,0.494959,0.376602,0.118357,0.00285238,0.00187614,0.00158353,0.00267811,0.39338,-0.0257688
10.4348,0.279046,0.376002,-0.0969566,0.00284995,0.00187453,0.00158212,0.00267618,0.392798,-0.0257784
10.4406,0.458765,0.375405,0.0833601,0.00284752,0.00187291,0.00158071,0.00267426,0.392217,-0.0257881
10.4465,0.501665,0.374808,0.126857,0.0028451,0.0018713,0.00157931,0.00267234,0.391638,-0.0257978
10.4524,0.408645,0.374214,0.0344312,0.00284268,0.00186968,0.0015779,0.00267043,0.391061,-0.0258076
10.4582,0.176676,0.37362,-0.196945,0.00284027,0.00186808,0.0015765,0.00266851,0.390484,-0.0258174
10.4641,0.180504,0.373029,-0.192524,0.00283786,0.00186647,0.00157511,0.0026666,0.38991,-0.0258273
10.47,0.464123,0.372438,0.0916849,0.00283545,0.00186487,0.00157371,0.00266469,0.389337,-0.0258372
10.4758,0.415134,0.37185,0.0432842,0.00283305,0.00186327,0.00157232,0.00266279,0.388765,-0.0258472
10.4817,0.32792,0.371262,-0.0433418,0.00283066,0.00186167,0.00157093,0.00266089,0.388195,-0.0258573
10.4875,0.579825,0.370676,0.209148,0.00282826,0.00186008,0.00156954,0.00265899,0.387627,-0.0258674
10.4934,0.460028,0.370092,0.0899359,0.00282587,0.00185849,0.00156815,0.00265709,0.38706,-0.0258775
10.4993,0.303984,0.369509,-0.0655256,0.00282349,0.0018569,0.00156677,0.0026552,0.386495,-0.0258877
10.5051,0.297133,0.368928,-0.071795,0.00282111,0.00185531,0.00156539,0.0026533,0.385931,-0.025898
10.511,0.378931,0.368348,0.0105836,0.00281873,0.00185373,0.00156401,0.00265142,0.385368,-0.0259083
10.5169,0.45541,0.367769,0.0876412,0.00281636,0.00185215,0.00156263,0.00264953,0.384807,-0.0259187
10.5227,0.318652,0.367192,-0.0485397,0.00281399,0.00185057,0.00156126,0.00264765,0.384248,-0.0259291
10.5286,0.340169,0.366616,-0.0264479,0.00281163,0.001849,0.00155989,0.00264577,0.38369,-0.0259396
10.5344,0.338517,0.366042,-0.0275254,0.00280927,0.00184743,0.00155852,0.00264389,0.383133,-0.0259502
10.5403,0.396553,0.365469,0.0310837,0.00280691,0.00184586,0.00155715,0.00264201,0.382578,-0.0259608
10.5462,0.574615,0.364898,0.209717,0.00280456,0.00184429,0.00155579,0.00264014,0.382025,-0.0259714
10.552,0.540159,0.364328,0.175831,0.00280221,0.00184273,0.00155443,0.00263827,0.381473,-0.0259821
10.5579,0.512648,0.36376,0.148888,0.00279987,0.00184117,0.00155307,0.0026364,0.380922,-0.0259929
10.5638,0.438493,0.363192,0.0753002,0.00279753,0.00183961,0.00155171,0.00263454,0.380373,-0.0260037
10.5696,0.495521,0.362627,0.132894,0.00279519,0.00183805,0.00155036,0.00263267,0.379825,-0.0260146
10.5755,0.418931,0.362062,0.0568692,0.00279286,0.0018365,0.001549,0.00263081,0.379279,-0.0260255
10.5813,0.43214,0.361499,0.0706406,0.00279053,0.00183495,0.00154765,0.00262896,0.378734,-0.0260365
10.5872,0.537181,0.360938,0.176244,0.00278821,0.0018334,0.00154631,0.0026271,0.37819,-0.0260475
10.5931,0.412462,0.360377,0.0520847,0.00278589,0.00183185,0.00154496,0.00262525,0.377648,-0.0260586
10.5989,0.292822,0.359819,-0.0669966,0.00278357,0.00183031,0.00154362,0.0026234,0.377107,-0.0260698
10.6048,0.360932,0.359261,0.00167056,0.00278126,0.00182877,0.00154228,0.00262156,0.376568,-0.026081
10.6106,0.228861,0.358705,-0.129844,0.00277895,0.00182723,0.00154094,0.00261971,0.37603,-0.0260922
10.6165,0.164055,0.35815,-0.194096,0.00277665,0.0018257,0.0015396,0.00261787,0.375494,-0.0261035
10.6224,0.313802,0.357597,-0.0437953,0.00277435,0.00182417,0.00153827,0.00261603,0.374959,-0.0261149
10.6282,0.425787,0.357045,0.0687419,0.00277205,0.00182264,0.00153694,0.0026142,0.374425,-0.0261263
10.6341,0.494417,0.356494,0.137923,0.00276976,0.00182111,0.00153561,0.00261236,0.373893,-0.0261378
10.64,0.415707,0.355945,0.0597624,0.00276747,0.00181959,0.00153428,0.00261053,0.373362,-0.0261494
10.6458,0.300911,0.355397,-0.0544857,0.00276518,0.00181807,0.00153296,0.0026087,0.372833,-0.0261609
10.6517,0.281258,0.35485,-0.0735915,0.0027629,0.00181655,0.00153164,0.00260688,0.372305,-0.0261726
10.6575,0.324839,0.354304,-0.0294652,0.00276063,0.00181503,0.00153032,0.00260505,0.371778,-0.0261843
10.6634,0.359728,0.35376,0.00596764,0.00275835,0.00181352,0.001529,0.00260323,0.371252,-0.026196
10.6693,0.261892,0.353218,-0.0913259,0.00275608,0.001812,0.00152769,0.00260141,0.370728,-0.0262079
10.6751,0.324417,0.352676,-0.028259,0.00275382,0.0018105,0.00152637,0.0025996,0.370206,-0.0262197
10.681,0.172174,0.352136,-0.179962,0.00275156,0.00180899,0.00152506,0.00259778,0.369684,-0.0262316
10.6869,0.38397,0.351597,0.0323731,0.0027493,0.00180749,0.00152375,0.00259597,0.369164,-0.0262436
10.6927,0.395293,0.351059,0.0442335,0.00274704,0.00180598,0.00152245,0.00259417,0.368645,-0.0262557
10.6986,0.391773,0.350523,0.0412498,0.00274479,0.00180449,0.00152114,0.00259236,0.368128,-0.0262677
10.7044,0.459739,0.349988,0.109751,0.00274255,0.00180299,0.00151984,0.00259056,0.367612,-0.0262799
10.7103,0.522391,0.349454,0.172937,0.0027403,0.0018015,0.00151854,0.00258876,0.367097,-0.0262921
10.7162,0.447881,0.348922,0.0989587,0.00273806,0.0018,0.00151724,0.00258696,0.366584,-0.0263043
10.722,0.295955,0.348391,-0.052436,0.00273583,0.00179852,0.00151595,0.00258516,0.366072,-0.0263166
10.7279,0.272526,0.347861,-0.0753346,0.0027336,0.00179703,0.00151466,0.00258337,0.365561,-0.026329
10.7338,0.177276,0.347332,-0.170056,0.00273137,0.00179555,0.00151337,0.00258158,0.365052,-0.0263414
10.7396,0.433476,0.346805,0.0866719,0.00272914,0.00179406,0.00151208,0.00257979,0.364543,-0.0263539
10.7455,0.288741,0.346278,-0.0575371,0.00272692,0.00179259,0.00151079,0.002578,0.364036,-0.0263664
10.7513,0.482691,0.345753,0.136938,0.00272471,0.00179111,0.00150951,0.00257622,0.363531,-0.026379
10.7572,0.358246,0.34523,0.0130162,0.00272249,0.00178964,0.00150822,0.00257444,0.363026,-0.0263916
10.7631,0.388232,0.344707,0.0435254,0.00272028,0.00178816,0.00150694,0.00257266,0.362523,-0.0264043
10.7689,0.193747,0.344186,-0.150439,0.00271808,0.0017867,0.00150567,0.00257089,0.362022,-0.0264171
10.7748,0.282587,0.343666,-0.0610784,0.00271587,0.00178523,0.00150439,0.00256911,0.361521,-0.0264299
10.7807,0.275679,0.343147,-0.0674682,0.00271368,0.00178377,0.00150312,0.00256734,0.361022,-0.0264427
10.7865,0.239671,0.342629,-0.102958,0.00271148,0.0017823,0.00150185,0.00256557,0.360524,-0.0264556
10.7924,0.285566,0.342113,-0.0565474,0.00270929,0.00178084,0.00150058,0.00256381,0.360027,-0.0264686
10.7982,0.151556,0.341598,-0.190042,0.0027071,0.00177939,0.00149931,0.00256204,0.359532,-0.0264816
10.8041,0.398877,0.341084,0.0577934,0.00270492,0.00177793,0.00149805,0.00256028,0.359037,-0.0264947
10.81,0.324183,0.340571,-0.016388,0.00270274,0.00177648,0.00149678,0.00255852,0.358544,-0.0265079
10.8158,0.293211,0.340059,-0.0468481,0.00270056,0.00177503,0.00149552,0.00255677,0.358053,-0.026521
10.8217,0.366872,0.339549,0.0273227,0.00269839,0.00177359,0.00149427,0.00255501,0.357562,-0.0265343
10.8276,0.243759,0.33904,-0.0952809,0.00269622,0.00177214,0.00149301,0.00255326,0.357073,-0.0265476
10.8334,0.363325,0.338532,0.0247935,0.00269405,0.0017707,0.00149176,0.00255151,0.356585,-0.0265609
10.8393,0.362678,0.338025,0.0246535,0.00269189,0.00176926,0.0014905,0.00254977,0.356098,-0.0265744
10.8451,0.546098,0.337519,0.208579,0.00268973,0.00176782,0.00148925,0.00254802,0.355612,-0.0265878
10.851,0.517675,0.337015,0.180661,0.00268757,0.00176639,0.00148801,0.00254628,0.355128,-0.0266013
10.8569,0.183624,0.336511,-0.152887,0.00268542,0.00176495,0.00148676,0.00254454,0.354644,-0.0266149
10.8627,0.386305,0.336009,0.0502959,0.00268327,0.00176352,0.00148552,0.0025428,0.354162,-0.0266285
10.8686,0.386269,0.335508,0.0507615,0.00268113,0.00176209,0.00148427,0.00254107,0.353681,-0.0266422
10.8745,0.132536,0.335008,-0.202472,0.00267898,0.00176067,0.00148304,0.00253933,0.353202,-0.026656
10.8803,0.356453,0.334509,0.0219442,0.00267685,0.00175924,0.0014818,0.0025376,0.352723,-0.0266698
10.8862,0.31755,0.334011,-0.0164618,0.00267471,0.00175782,0.00148056,0.00253588,0.352246,-0.0266836
10.892,0.271938,0.333515,-0.061577,0.00267258,0.00175641,0.00147933,0.00253415,0.35177,-0.0266975
10.8979,0.379871,0.33302,0.0468512,0.00267045,0.00175499,0.0014781,0.00253243,0.351295,-0.0267115
10.9038,0.253782,0.332525,-0.078743,0.00266833,0.00175357,0.00147687,0.00253071,0.350821,-0.0267255
10.9096,0.368729,0.332032,0.0366965,0.00266621,0.00175216,0.00147564,0.00252899,0.350349,-0.0267396
10.9155,0.473878,0.33154,0.142337,0.00266409,0.00175075,0.00147442,0.00252727,0.349877,-0.0267537
10.9213,0.289532,0.331049,-0.0415172,0.00266198,0.00174935,0.00147319,0.00252556,0.349407,-0.0267679
10.9272,0.432039,0.33056,0.101479,0.00265987,0.00174794,0.00147197,0.00252385,0.348938,-0.0267821
10.9331,0.275468,0.330071,-0.0546034,0.00265776,0.00174654,0.00147075,0.00252214,0.34847,-0.0267964
10.9389,0.272906,0.329583,-0.0566777,0.00265565,0.00174514,0.00146954,0.00252043,0.348003,-0.0268107
10.9448,0.332923,0.329097,0.00382603,0.00265355,0.00174374,0.00146832,0.00251873,0.347538,-0.0268251
10.9507,0.426827,0.328611,0.0982159,0.00265146,0.00174234,0.00146711,0.00251702,0.347073,-0.0268396
10.9565,0.384807,0.328127,0.0566798,0.00264936,0.00174095,0.0014659,0.00251532,0.34661,-0.0268541
10.9624,0.468857,0.327644,0.141213,0.00264727,0.00173956,0.00146469,0.00251363,0.346148,-0.0268687
10.9682,0.31367,0.327162,-0.0134919,0.00264519,0.00173817,0.00146348,0.00251193,0.345686,-0.0268833
10.9741,0.352415,0.326681,0.0257342,0.0026431,0.00173678,0.00146228,0.00251024,0.345226,-0.026898
10.98,0.398614,0.326201,0.0724132,0.00264102,0.0017354,0.00146107,0.00250855,0.344768,-0.0269127
10.9858,0.326609,0.325722,0.000887358,0.00263895,0.00173402,0.00145987,0.00250686,0.34431,-0.0269275
10.9917,0.27882,0.325244,-0.0464239,0.00263687,0.00173264,0.00145867,0.00250517,0.343853,-0.0269423
10.9976,0.314134,0.324767,-0.0106331,0.0026348,0.00173126,0.00145748,0.00250349,0.343398,-0.0269572
11.0034,0.293583,0.324292,-0.0307091,0.00263274,0.00172988,0.00145628,0.00250181,0.342943,-0.0269722
11.0093,0.227529,0.323817,-0.096288,0.00263067,0.00172851,0.00145509,0.00250013,0.34249,-0.0269872
11.0151,0.3114,0.323343,-0.0119438,0.00262861,0.00172714,0.0014539,0.00249845,0.342038,-0.0270023
11.021,0.234685,0.322871,-0.0881864,0.00262656,0.00172577,0.00145271,0.00249678,0.341587,-0.0270174
11.0269,0.53238,0.322399,0.209981,0.0026245,0.0017244,0.00145152,0.0024951,0.341136,-0.0270326
11.0327,0.352205,0.321929,0.0302759,0.00262245,0.00172304,0.00145033,0.00249343,0.340688,-0.0270478
11.0386,0.332956,0.32146,0.0114963,0.0026204,0.00172167,0.00144915,0.00249176,0.34024,-0.0270631
11.0445,0.279303,0.320991,-0.0416882,0.00261836,0.00172031,0.00144797,0.0024901,0.339793,-0.0270784
11.0503,0.271258,0.320524,-0.0492657,0.00261632,0.00171896,0.00144679,0.00248843,0.339347,-0.0270938
11.0562,0.35388,0.320058,0.0338226,0.00261428,0.0017176,0.00144561,0.00248677,0.338903,-0.0271093
11.062,0.389118,0.319592,0.0695258,0.00261225,0.00171625,0.00144443,0.00248511,0.338459,-0.0271248
11.0679,0.301957,0.319128,-0.0171709,0.00261022,0.00171489,0.00144326,0.00248346,0.338016,-0.0271403
11.0738,0.34695,0.318665,0.0282854,0.00260819,0.00171355,0.00144209,0.0024818,0.337575,-0.0271559
11.0796,0.393528,0.318202,0.0753258,0.00260617,0.0017122,0.00144092,0.00248015,0.337135,-0.0271716
11.0855,0.352311,0.317741,0.0345696,0.00260414,0.00171085,0.00143975,0.0024785,0.336695,-0.0271873
11.0914,0.25987,0.317281,-0.0574105,0.00260213,0.00170951,0.00143858,0.00247685,0.336257,-0.0272031
11.0972,0.410067,0.316822,0.0932451,0.00260011,0.00170817,0.00143742,0.0024752,0.33582,-0.027219
11.1031,0.496695,0.316363,0.180332,0.0025981,0.00170683,0.00143626,0.00247356,0.335383,-0.0272348
11.1089,0.441533,0.315906,0.125627,0.00259609,0.00170549,0.0014351,0.00247192,0.334948,-0.0272508
11.1148,0.348801,0.31545,0.0333511,0.00259409,0.00170416,0.00143394,0.00247028,0.334514,-0.0272668
11.1207,0.254285,0.314995,-0.0607096,0.00259208,0.00170283,0.00143278,0.00246864,0.334081,-0.0272828
11.1265,0.418993,0.31454,0.104453,0.00259009,0.0017015,0.00143163,0.00246701,0.333649,-0.027299
11.1324,0.297697,0.314087,-0.0163895,0.00258809,0.00170017,0.00143047,0.00246537,0.333218,-0.0273151
11.1383,0.36572,0.313635,0.0520857,0.0025861,0.00169884,0.00142932,0.00246374,0.332788,-0.0273313
11.1441,0.375068,0.313183,0.0618847,0.00258411,0.00169752,0.00142817,0.00246211,0.332359,-0.0273476
11.15,0.189465,0.312733,-0.123267,0.00258212,0.0016962,0.00142702,0.00246049,0.331931,-0.0273639
11.1558,0.104846,0.312283,-0.207437,0.00258014,0.00169488,0.00142588,0.00245886,0.331504,-0.0273803
11.1617,0.218267,0.311835,-0.0935682,0.00257816,0.00169356,0.00142473,0.00245724,0.331078,-0.0273968
11.1676,0.364869,0.311387,0.0534819,0.00257618,0.00169224,0.00142359,0.00245562,0.330653,-0.0274133
11.1734,0.157544,0.310941,-0.153397,0.00257421,0.00169093,0.00142245,0.002454,0.330229,-0.0274298
11.1793,0.405779,0.310495,0.0952837,0.00257223,0.00168962,0.00142131,0.00245238,0.329806,-0.0274464
11.1851,0.323961,0.31005,0.0139109,0.00257027,0.00168831,0.00142018,0.00245077,0.329384,-0.0274631
11.191,0.233258,0.309607,-0.0763486,0.0025683,0.001687,0.00141904,0.00244916,0.328963,-0.0274798
11.1969,0.28076,0.309164,-0.0284038,0.00256634,0.0016857,0.00141791,0.00244755,0.328543,-0.0274966
11.2027,0.393484,0.308722,0.0847619,0.00256438,0.00168439,0.00141678,0.00244594,0.328124,-0.0275134
11.2086,0.327553,0.308281,0.0192716,0.00256243,0.00168309,0.00141565,0.00244434,0.327706,-0.0275303
11.2145,0.281183,0.307841,-0.0266585,0.00256047,0.00168179,0.00141452,0.00244273,0.327289,-0.0275472
11.2203,0.309108,0.307402,0.00170593,0.00255852,0.00168049,0.00141339,0.00244113,0.326873,-0.0275642
11.2262,0.309182,0.306964,0.00221808,0.00255658,0.0016792,0.00141227,0.00243953,0.326458,-0.0275813
11.232,0.267857,0.306527,-0.0386694,0.00255463,0.00167791,0.00141115,0.00243794,0.326044,-0.0275984
11.2379,0.321536,0.30609,0.0154454,0.00255269,0.00167661,0.00141003,0.00243634,0.32563,-0.0276155
11.2438,0.30175,0.305655,-0.00390486,0.00255075,0.00167533,0.00140891,0.00243475,0.325218,-0.0276328
11.2496,0.337939,0.305221,0.0327181,0.00254882,0.00167404,0.00140779,0.00243316,0.324807,-0.02765
11.2555,0.261367,0.304787,-0.0434205,0.00254689,0.00167275,0.00140668,0.00243157,0.324397,-0.0276673
11.2614,0.274453,0.304354,-0.0299013,0.00254496,0.00167147,0.00140556,0.00242998,0.323987,-0.0276847
11.2672,0.336165,0.303923,0.0322425,0.00254303,0.00167019,0.00140445,0.0024284,0.323579,-0.0277022
11.2731,0.330948,0.303492,0.027456,0.00254111,0.00166891,0.00140334,0.00242682,0.323171,-0.0277196
11.2789,0.25587,0.303062,-0.0471921,0.00253919,0.00166763,0.00140223,0.00242524,0.322765,-0.0277372
11.2848,0.347859,0.302633,0.0452264,0.00253727,0.00166636,0.00140113,0.00242366,0.322359,-0.0277548
11.2907,0.245143,0.302205,-0.0570621,0.00253536,0.00166508,0.00140002,0.00242208,0.321955,-0.0277724
11.2965,0.374538,0.301777,0.0727602,0.00253345,0.00166381,0.00139892,0.00242051,0.321551,-0.0277902
11.3024,0.381206,0.301351,0.0798554,0.00253154,0.00166254,0.00139782,0.00241893,0.321148,-0.0278079
11.3083,0.480742,0.300926,0.179817,0.00252964,0.00166128,0.00139672,0.00241736,0.320746,-0.0278257
11.3141,0.301874,0.300501,0.00137302,0.00252773,0.00166001,0.00139562,0.0024158,0.320345,-0.0278436
11.32,0.109505,0.300077,-0.190572,0.00252584,0.00165875,0.00139453,0.00241423,0.319945,-0.0278615
11.3258,0.136534,0.299654,-0.163121,0.00252394,0.00165749,0.00139343,0.00241267,0.319546,-0.0278795
11.3317,0.20579,0.299232,-0.0934427,0.00252205,0.00165623,0.00139234,0.0024111,0.319148,-0.0278976
11.3376,0.359969,0.298811,0.0611576,0.00252016,0.00165497,0.00139125,0.00240954,0.318751,-0.0279157
11.3434,0.351347,0.298391,0.0529565,0.00251827,0.00165371,0.00139016,0.00240799,0.318354,-0.0279338
11.3493,0.479668,0.297971,0.181696,0.00251638,0.00165246,0.00138907,0.00240643,0.317959,-0.027952
11.3552,0.307946,0.297553,0.0103931,0.0025145,0.00165121,0.00138798,0.00240488,0.317564,-0.0279703
11.361,0.377725,0.297135,0.0805901,0.00251262,0.00164996,0.0013869,0.00240332,0.317171,-0.0279886
11.3669,0.214999,0.296718,-0.0817191,0.00251075,0.00164871,0.00138582,0.00240177,0.316778,-0.028007
11.3727,0.143916,0.296302,-0.152386,0.00250887,0.00164746,0.00138474,0.00240023,0.316386,-0.0280254
11.3786,0.232283,0.295887,-0.0636045,0.002507,0.00164622,0.00138366,0.00239868,0.315995,-0.0280439
11.3845,0.350109,0.295473,0.0546363,0.00250513,0.00164498,0.00138258,0.00239714,0.315605,-0.0280624
11.3903,0.441955,0.295059,0.146895,0.00250327,0.00164374,0.00138151,0.00239559,0.315216,-0.028081
11.3962,0.406623,0.294646,0.111977,0.00250141,0.0016425,0.00138043,0.00239405,0.314828,-0.0280997
11.4021,0.338955,0.294235,0.0447198,0.00249955,0.00164126,0.00137936,0.00239252,0.31444,-0.0281184
11.4079,0.314361,0.293824,0.0205377,0.00249769,0.00164003,0.00137829,0.00239098,0.314054,-0.0281371
11.4138,0.223897,0.293413,-0.0695165,0.00249584,0.00163879,0.00137722,0.00238945,0.313668,-0.0281559
11.4196,0.0889762,0.293004,-0.204028,0.00249399,0.00163756,0.00137615,0.00238791,0.313283,-0.0281748
11.4255,0.175239,0.292596,-0.117357,0.00249214,0.00163633,0.00137509,0.00238638,0.312899,-0.0281937
11.4314,0.345483,0.292188,0.0532954,0.0024903,0.00163511,0.00137402,0.00238486,0.312516,-0.0282127
11.4372,0.312936,0.291781,0.0211554,0.00248845,0.00163388,0.00137296,0.00238333,0.312134,-0.0282317
11.4431,0.308623,0.291375,0.0172481,0.00248661,0.00163266,0.0013719,0.0023818,0.311753,-0.0282508
11.4489,0.338766,0.29097,0.0477966,0.00248478,0.00163144,0.00137084,0.00238028,0.311372,-0.02827
11.4548,0.306462,0.290565,0.0158967,0.00248294,0.00163022,0.00136978,0.00237876,0.310993,-0.0282892
11.4607,0.289259,0.290162,-0.000902403,0.00248111,0.001629,0.00136873,0.00237724,0.310614,-0.0283084
11.4665,0.237167,0.289759,-0.0525913,0.00247928,0.00162778,0.00136767,0.00237573,0.310236,-0.0283277
11.4724,0.205567,0.289357,-0.0837902,0.00247746,0.00162657,0.00136662,0.00237421,0.309859,-0.0283471
11.4783,0.318409,0.288955,0.0294536,0.00247563,0.00162535,0.00136557,0.0023727,0.309483,-0.0283665
11.4841,0.454187,0.288555,0.165632,0.00247381,0.00162414,0.00136452,0.00237119,0.309107,-0.028386
11.49,0.201464,0.288155,-0.0866913,0.002472,0.00162293,0.00136347,0.00236968,0.308733,-0.0284055
11.4958,0.27899,0.287756,-0.00876601,0.00247018,0.00162173,0.00136243,0.00236817,0.308359,-0.0284251
11.5017,0.291165,0.287358,0.00380627,0.00246837,0.00162052,0.00136138,0.00236667,0.307986,-0.0284447
11.5076,0.307846,0.286961,0.0208847,0.00246656,0.00161932,0.00136034,0.00236517,0.307614,-0.0284644
11.5134,0.31057,0.286565,0.024006,0.00246475,0.00161812,0.0013593,0.00236366,0.307243,-0.0284842
11.5193,0.265376,0.286169,-0.020793,0.00246295,0.00161692,0.00135826,0.00236216,0.306872,-0.028504
11.5252,0.341174,0.285774,0.0553999,0.00246115,0.00161572,0.00135722,0.00236067,0.306503,-0.0285238
11.531,0.260389,0.28538,-0.0249902,0.00245935,0.00161452,0.00135618,0.00235917,0.306134,-0.0285438
11.5369,0.107595,0.284986,-0.177391,0.00245755,0.00161333,0.00135515,0.00235768,0.305766,-0.0285637
11.5427,0.256428,0.284594,-0.0281659,0.00245576,0.00161214,0.00135411,0.00235619,0.305399,-0.0285838
11.5486,0.366009,0.284202,0.0818077,0.00245397,0.00161095,0.00135308,0.0023547,0.305033,-0.0286038
11.5545,0.22621,0.28381,-0.0576,0.00245218,0.00160976,0.00135205,0.00235321,0.304667,-0.028624
11.5603,0.172736,0.28342,-0.110684,0.00245039,0.00160857,0.00135102,0.00235172,0.304303,-0.0286442
11.5662,0.219526,0.28303,-0.0635046,0.00244861,0.00160738,0.00135,0.00235024,0.303939,-0.0286644
11.5721,0.273689,0.282642,-0.00895309,0.00244683,0.0016062,0.00134897,0.00234876,0.303576,-0.0286847
11.5779,0.168523,0.282254,-0.113731,0.00244505,0.00160502,0.00134795,0.00234728,0.303213,-0.0287051
11.5838,0.160475,0.281866,-0.121391,0.00244328,0.00160384,0.00134692,0.0023458,0.302852,-0.0287255
11.5896,0.377088,0.28148,0.0956087,0.00244151,0.00160266,0.0013459,0.00234432,0.302491,-0.0287459
11.5955,0.414189,0.281094,0.133095,0.00243974,0.00160148,0.00134488,0.00234285,0.302131,-0.0287665
11.6014,0.267274,0.280709,-0.013435,0.00243797,0.00160031,0.00134387,0.00234137,0.301772,-0.028787
11.6072,0.170826,0.280324,-0.109498,0.00243621,0.00159913,0.00134285,0.0023399,0.301414,-0.0288077
11.6131,0.123278,0.279941,-0.156663,0.00243444,0.00159796,0.00134184,0.00233843,0.301056,-0.0288284
11.619,0.381294,0.279558,0.101737,0.00243268,0.00159679,0.00134082,0.00233697,0.300699,-0.0288491
11.6248,0.366382,0.279175,0.0872063,0.00243093,0.00159563,0.00133981,0.0023355,0.300343,-0.0288699
11.6307,0.218071,0.278794,-0.0607229,0.00242917,0.00159446,0.0013388,0.00233404,0.299988,-0.0288907
11.6365,0.167556,0.278413,-0.110857,0.00242742,0.00159329,0.00133779,0.00233257,0.299634,-0.0289117
11.6424,0.46943,0.278033,0.191397,0.00242567,0.00159213,0.00133678,0.00233111,0.29928,-0.0289326
11.6483,0.420059,0.277654,0.142405,0.00242393,0.00159097,0.00133578,0.00232966,0.298927,-0.0289536
11.6541,0.326698,0.277275,0.0494222,0.00242218,0.00158981,0.00133477,0.0023282,0.298575,-0.0289747
11.66,0.44157,0.276898,0.164672,0.00242044,0.00158865,0.00133377,0.00232674,0.298224,-0.0289958
11.6659,0.415166,0.27652,0.138645,0.0024187,0.0015875,0.00133277,0.00232529,0.297873,-0.029017
11.6717,0.191326,0.276144,-0.0848183,0.00241697,0.00158634,0.00133177,0.00232384,0.297523,-0.0290383
11.6776,0.273194,0.275768,-0.00257411,0.00241523,0.00158519,0.00133077,0.00232239,0.297174,-0.0290596
11.6834,0.26592,0.275393,-0.00947358,0.0024135,0.00158404,0.00132978,0.00232094,0.296826,-0.0290809
11.6893,0.332096,0.275019,0.0570774,0.00241177,0.00158289,0.00132878,0.0023195,0.296478,-0.0291023
11.6952,0.208965,0.274646,-0.0656805,0.00241005,0.00158174,0.00132779,0.00231805,0.296132,-0.0291238
11.701,0.224921,0.274273,-0.0493519,0.00240832,0.0015806,0.0013268,0.00231661,0.295786,-0.0291453
11.7069,0.104865,0.2739,-0.169035,0.0024066,0.00157945,0.0013258,0.00231517,0.29544,-0.0291668
11.7128,0.22797,0.273529,-0.0455591,0.00240488,0.00157831,0.00132482,0.00231373,0.295096,-0.0291885
11.7186,0.06488,0.273158,-0.208278,0.00240317,0.00157717,0.00132383,0.0023123,0.294752,-0.0292101
11.7245,0.18233,0.272788,-0.0904582,0.00240146,0.00157603,0.00132284,0.00231086,0.294409,-0.0292319
11.7303,0.236278,0.272419,-0.0361406,0.00239974,0.00157489,0.00132186,0.00230943,0.294066,-0.0292537
11.7362,0.447986,0.27205,0.175936,0.00239804,0.00157376,0.00132087,0.002308,0.293725,-0.0292755
11.7421,0.262853,0.271682,-0.00882924,0.00239633,0.00157262,0.00131989,0.00230657,0.293384,-0.0292974
11.7479,0.174851,0.271315,-0.0964637,0.00239463,0.00157149,0.00131891,0.00230514,0.293044,-0.0293194
11.7538,0.372178,0.270948,0.10123,0.00239292,0.00157036,0.00131793,0.00230371,0.292704,-0.0293414
11.7596,0.187202,0.270582,-0.0833797,0.00239123,0.00156923,0.00131695,0.00230229,0.292366,-0.0293634
11.7655,0.255263,0.270217,-0.0149536,0.00238953,0.0015681,0.00131598,0.00230087,0.292028,-0.0293856
11.7714,0.335491,0.269852,0.0656392,0.00238784,0.00156698,0.001315,0.00229945,0.29169,-0.0294077
11.7772,0.299664,0.269488,0.0301763,0.00238614,0.00156585,0.00131403,0.00229803,0.291354,-0.02943
11.7831,0.119884,0.269125,-0.149241,0.00238446,0.00156473,0.00131306,0.00229661,0.291018,-0.0294523
11.789,0.266292,0.268762,-0.00246952,0.00238277,0.00156361,0.00131209,0.0022952,0.290683,-0.0294746
11.7948,0.29274,0.2684,0.0243404,0.00238108,0.00156249,0.00131112,0.00229378,0.290349,-0.029497
11.8007,0.131894,0.268039,-0.136145,0.0023794,0.00156137,0.00131015,0.00229237,0.290015,-0.0295194
11.8065,0.362303,0.267678,0.0946252,0.00237772,0.00156026,0.00130919,0.00229096,0.289682,-0.029542
11.8124,0.344181,0.267318,0.0768625,0.00237605,0.00155914,0.00130822,0.00228955,0.28935,-0.0295645
11.8183,0.359098,0.266959,0.0921392,0.00237437,0.00155803,0.00130726,0.00228814,0.289018,-0.0295871
11.8241,0.327803,0.2666,0.0612024,0.0023727,0.00155692,0.0013063,0.00228674,0.288687,-0.0296098
11.83,0.261455,0.266242,-0.0047874,0.00237103,0.00155581,0.00130534,0.00228534,0.288357,-0.0296325
11.8359,0.442845,0.265885,0.176961,0.00236936,0.0015547,0.00130438,0.00228393,0.288028,-0.0296553
11.8417,0.27381,0.265528,0.00828191,0.0023677,0.00155359,0.00130342,0.00228253,0.287699,-0.0296782
11.8476,0.121937,0.265172,-0.143235,0.00236604,0.00155249,0.00130246,0.00228114,0.287371,-0.029701
11.8534,0.218533,0.264816,-0.0462831,0.00236438,0.00155138,0.00130151,0.00227974,0.287043,-0.029724
11.8593,0.20818,0.264462,-0.0562813,0.00236272,0.00155028,0.00130056,0.00227834,0.286717,-0.029747
11.8652,0.220927,0.264108,-0.0431805,0.00236106,0.00154918,0.0012996,0.00227695,0.286391,-0.0297701
11.871,0.212473,0.263754,-0.0512805,0.00235941,0.00154808,0.00129865,0.00227556,0.286065,-0.0297932
11.8769,0.149237,0.263401,-0.114164,0.00235776,0.00154699,0.0012977,0.00227417,0.285741,-0.0298163
11.8828,0.110405,0.263049,-0.152644,0.00235611,0.00154589,0.00129676,0.00227278,0.285417,-0.0298396
11.8886,0.232003,0.262697,-0.0306946,0.00235446,0.0015448,0.00129581,0.0022714,0.285094,-0.0298628
11.8945,0.303436,0.262346,0.0410899,0.00235282,0.0015437,0.00129487,0.00227001,0.284771,-0.0298862
11.9003,0.281253,0.261996,0.0192571,0.00235118,0.00154261,0.00129392,0.00226863,0.284449,-0.0299096
11.9062,0.078832,0.261646,-0.182814,0.00234954,0.00154152,0.00129298,0.00226725,0.284128,-0.029933
11.9121,0.0794953,0.261297,-0.181802,0.0023479,0.00154044,0.00129204,0.00226587,0.283807,-0.0299565
11.9179,0.242018,0.260949,-0.0189305,0.00234627,0.00153935,0.0012911,0.00226449,0.283487,-0.0299801
11.9238,0.180246,0.260601,-0.0803544,0.00234464,0.00153827,0.00129016,0.00226311,0.283168,-0.0300037
11.9297,0.204946,0.260253,-0.0553075,0.00234301,0.00153718,0.00128922,0.00226174,0.28285,-0.0300273
11.9355,0.310281,0.259907,0.0503745,0.00234138,0.0015361,0.00128829,0.00226037,0.282532,-0.030051
11.9414,0.298315,0.259561,0.0387544,0.00233975,0.00153502,0.00128736,0.002259,0.282214,-0.0300748
11.9472,0.0536002,0.259215,-0.205615,0.00233813,0.00153394,0.00128642,0.00225763,0.281898,-0.0300986
11.9531,0.0968798,0.258871,-0.161991,0.00233651,0.00153286,0.00128549,0.00225626,0.281582,-0.0301225
11.959,0.130023,0.258526,-0.128503,0.00233489,0.00153179,0.00128456,0.00225489,0.281267,-0.0301465
11.9648,0.304328,0.258183,0.0461452,0.00233328,0.00153072,0.00128363,0.00225353,0.280952,-0.0301705
11.9707,0.17019,0.25784,-0.0876498,0.00233166,0.00152964,0.0012827,0.00225216,0.280638,-0.0301945
11.9766,0.170574,0.257497,-0.086923,0.00233005,0.00152857,0.00128178,0.0022508,0.280325,-0.0302186
11.9824,0.348111,0.257156,0.0909556,0.00232844,0.0015275,0.00128085,0.00224944,0.280012,-0.0302428
11.9883,0.22325,0.256814,-0.0335645,0.00232683,0.00152644,0.00127993,0.00224809,0.2797,-0.030267
11.9941,0.363679,0.256474,0.107206,0.00232523,0.00152537,0.00127901,0.00224673,0.279389,-0.0302913
12,0.404541,0.256134,0.148407,0.00232363,0.0015243,0.00127809,0.00224537,0.279078,-0.0303156
