ppm,observed,fitted,residual,component_EGDA,component_EGMA,component_EG,component_AcOH,component_exchange_pool,component_baseline
0,0.718023,0.704101,0.0139224,0.0327734,0.00111888,4.74366e-05,0.000618699,0.65835,0.0111925
0.00586224,0.722628,0.705335,0.0172928,0.0328592,0.00112159,4.75168e-05,0.000620609,0.659543,0.0111425
0.0117245,0.738503,0.706574,0.0319297,0.0329454,0.00112431,4.75973e-05,0.00062253,0.660741,0.0110925
0.0175867,0.776368,0.707817,0.068551,0.0330321,0.00112705,4.76781e-05,0.000624464,0.661943,0.0110427
0.0234489,0.913633,0.709064,0.204569,0.0331193,0.00112981,4.77592e-05,0.000626409,0.663148,0.0109928
0.0293112,0.62078,0.710317,-0.0895366,0.033207,0.00113257,4.78406e-05,0.000628367,0.664358,0.0109431
0.0351734,0.714844,0.711573,0.00327085,0.0332952,0.00113536,4.79222e-05,0.000630336,0.665571,0.0108934
0.0410357,0.671403,0.712835,-0.0414316,0.0333839,0.00113816,4.80041e-05,0.000632318,0.666788,0.0108438
0.0468979,0.838823,0.7141,0.124723,0.0334731,0.00114097,4.80863e-05,0.000634313,0.66801,0.0107943
0.0527601,0.738373,0.715371,0.0230021,0.0335628,0.0011438,4.81687e-05,0.000636319,0.669235,0.0107448
0.0586224,0.79307,0.716646,0.0764242,0.033653,0.00114664,4.82515e-05,0.000638339,0.670464,0.0106954
0.0644846,0.728889,0.717926,0.0109633,0.0337437,0.0011495,4.83345e-05,0.000640371,0.671698,0.0106461
0.0703468,0.812188,0.71921,0.092978,0.0338349,0.00115237,4.84178e-05,0.000642416,0.672935,0.0105969
0.0762091,0.871164,0.7205,0.150665,0.0339267,0.00115526,4.85014e-05,0.000644474,0.674177,0.0105477
0.0820713,0.755053,0.721794,0.0332598,0.034019,0.00115817,4.85853e-05,0.000646546,0.675423,0.0104986
0.0879336,0.763727,0.723092,0.0406342,0.0341118,0.00116109,4.86695e-05,0.00064863,0.676673,0.0104495
0.0937958,0.627072,0.724396,-0.0973239,0.0342052,0.00116403,4.8754e-05,0.000650728,0.677927,0.0104005
0.099658,0.751624,0.725704,0.0259204,0.0342991,0.00116698,4.88388e-05,0.00065284,0.679185,0.0103516
0.10552,0.842465,0.727017,0.115448,0.0343935,0.00116995,4.89238e-05,0.000654965,0.680447,0.0103028
0.111383,0.735981,0.728335,0.00764581,0.0344885,0.00117294,4.90092e-05,0.000657103,0.681714,0.010254
0.117245,0.864826,0.729658,0.135168,0.0345841,0.00117594,4.90948e-05,0.000659256,0.682984,0.0102053
0.123107,0.599758,0.730986,-0.131228,0.0346802,0.00117896,4.91808e-05,0.000661423,0.684259,0.0101567
0.128969,0.542352,0.732318,-0.189967,0.0347769,0.001182,4.9267e-05,0.000663604,0.685539,0.0101081
0.134831,0.570248,0.733656,-0.163408,0.0348742,0.00118505,4.93536e-05,0.000665799,0.686822,0.0100596
0.140694,0.665747,0.734999,-0.0692521,0.0349721,0.00118812,4.94405e-05,0.000668009,0.68811,0.0100112
0.146556,0.743368,0.736346,0.00702174,0.0350705,0.00119121,4.95276e-05,0.000670233,0.689402,0.00996287
0.152418,0.758308,0.737699,0.0206091,0.0351695,0.00119432,4.96151e-05,0.000672472,0.690699,0.00991458
0.15828,0.76487,0.739057,0.0258128,0.0352691,0.00119744,4.97029e-05,0.000674726,0.691999,0.00986637
0.164143,0.843223,0.74042,0.102803,0.0353694,0.00120058,4.9791e-05,0.000676995,0.693305,0.00981823
0.170005,0.75363,0.741788,0.0118427,0.0354702,0.00120374,4.98794e-05,0.000679279,0.694614,0.00977015
0.175867,0.65222,0.743161,-0.0909412,0.0355716,0.00120692,4.99681e-05,0.000681578,0.695928,0.00972215
0.181729,0.624655,0.744539,-0.119884,0.0356737,0.00121012,5.00571e-05,0.000683893,0.697247,0.00967421
0.187592,0.937545,0.745922,0.191622,0.0357764,0.00121333,5.01465e-05,0.000686224,0.69857,0.00962634
0.193454,0.606477,0.747311,-0.140834,0.0358797,0.00121656,5.02361e-05,0.00068857,0.699898,0.00957855
0.199316,0.715695,0.748705,-0.0330103,0.0359836,0.00121982,5.03261e-05,0.000690933,0.70123,0.00953082
0.205178,0.905342,0.750104,0.155237,0.0360882,0.00122309,5.04164e-05,0.000693311,0.702566,0.00948316
0.211041,0.870259,0.751509,0.118751,0.0361935,0.00122638,5.05071e-05,0.000695706,0.703907,0.00943557
0.216903,0.735483,0.752919,-0.0174361,0.0362994,0.00122969,5.0598e-05,0.000698117,0.705253,0.00938805
0.222765,0.775389,0.754334,0.0210552,0.0364059,0.00123302,5.06893e-05,0.000700545,0.706603,0.0093406
0.228627,0.870565,0.755755,0.114811,0.0365131,0.00123637,5.07809e-05,0.00070299,0.707958,0.00929322
0.234489,0.93296,0.757181,0.175779,0.036621,0.00123974,5.08729e-05,0.000705451,0.709318,0.00924591
0.240352,0.751644,0.758612,-0.0069682,0.0367296,0.00124312,5.09651e-05,0.00070793,0.710682,0.00919867
0.246214,0.856596,0.760049,0.0965464,0.0368389,0.00124653,5.10578e-05,0.000710426,0.712051,0.00915149
0.252076,0.84064,0.761492,0.0791488,0.0369488,0.00124996,5.11507e-05,0.00071294,0.713424,0.00910439
0.257938,0.91814,0.76294,0.1552,0.0370595,0.00125341,5.1244e-05,0.000715471,0.714803,0.00905736
0.263801,0.969696,0.764393,0.205303,0.0371708,0.00125688,5.13376e-05,0.00071802,0.716186,0.00901039
0.269663,0.820804,0.765852,0.0549513,0.0372829,0.00126038,5.14316e-05,0.000720587,0.717574,0.0089635
0.275525,0.671634,0.767317,-0.0956834,0.0373957,0.00126389,5.15259e-05,0.000723173,0.718966,0.00891667
0.281387,0.803961,0.768788,0.0351728,0.0375092,0.00126743,5.16206e-05,0.000725777,0.720364,0.00886991
0.28725,0.976416,0.770264,0.206152,0.0376235,0.00127098,5.17156e-05,0.000728399,0.721766,0.00882323
0.293112,0.925117,0.771746,0.153371,0.0377385,0.00127456,5.18109e-05,0.000731041,0.723174,0.00877661
0.298974,0.86733,0.773234,0.0940962,0.0378542,0.00127816,5.19066e-05,0.000733701,0.724586,0.00873006
0.304836,1.05813,0.774727,0.283406,0.0379707,0.00128179,5.20027e-05,0.000736381,0.726003,0.00868358
0.310699,0.788173,0.776227,0.0119459,0.038088,0.00128543,5.20991e-05,0.00073908,0.727425,0.00863717
0.316561,0.893595,0.777732,0.115863,0.038206,0.0012891,5.21959e-05,0.000741799,0.728852,0.00859083
0.322423,0.785729,0.779243,0.00648617,0.0383249,0.00129279,5.2293e-05,0.000744538,0.730284,0.00854456
0.328285,0.813588,0.78076,0.0328277,0.0384445,0.00129651,5.23905e-05,0.000747296,0.731721,0.00849836
0.334148,0.826833,0.782283,0.0445504,0.0385649,0.00130025,5.24883e-05,0.000750076,0.733163,0.00845223
0.34001,0.967818,0.783812,0.184006,0.0386861,0.00130401,5.25866e-05,0.000752875,0.73461,0.00840617
0.345872,0.777416,0.785347,-0.00793051,0.0388081,0.00130779,5.26851e-05,0.000755696,0.736062,0.00836017
0.351734,0.759625,0.786888,-0.0272622,0.038931,0.0013116,5.27841e-05,0.000758537,0.73752,0.00831425
0.357596,0.654463,0.788435,-0.133972,0.0390547,0.00131544,5.28834e-05,0.0007614,0.738982,0.0082684
0.363459,0.82244,0.789988,0.0324521,0.0391792,0.0013193,5.29831e-05,0.000764284,0.74045,0.00822261
0.369321,0.783742,0.791547,-0.00780567,0.0393046,0.00132318,5.30832e-05,0.00076719,0.741923,0.0081769
0.375183,0.857199,0.793113,0.0640859,0.0394308,0.00132709,5.31836e-05,0.000770118,0.743401,0.00813125
0.381045,0.737705,0.794685,-0.0569794,0.0395579,0.00133103,5.32845e-05,0.000773068,0.744884,0.00808567
0.386908,0.771067,0.796263,-0.0251958,0.0396859,0.00133499,5.33857e-05,0.00077604,0.746373,0.00804017
0.39277,0.91558,0.797847,0.117733,0.0398147,0.00133897,5.34873e-05,0.000779036,0.747866,0.00799473
0.398632,0.844317,0.799438,0.0448784,0.0399445,0.00134299,5.35893e-05,0.000782054,0.749366,0.00794936
0.404494,0.900372,0.801035,0.0993363,0.0400751,0.00134702,5.36916e-05,0.000785095,0.75087,0.00790406
0.410357,0.909033,0.802639,0.106394,0.0402067,0.00135109,5.37944e-05,0.00078816,0.75238,0.00785883
0.416219,0.828673,0.804249,0.0244244,0.0403392,0.00135518,5.38976e-05,0.000791249,0.753896,0.00781367
0.422081,0.690602,0.805865,-0.115263,0.0404726,0.0013593,5.40011e-05,0.000794362,0.755416,0.00776858
0.427943,0.893113,0.807488,0.085625,0.040607,0.00136345,5.4105e-05,0.000797499,0.756943,0.00772356
0.433806,0.877296,0.809118,0.0681777,0.0407423,0.00136763,5.42094e-05,0.00080066,0.758475,0.00767861
0.439668,0.951215,0.810754,0.140461,0.0408786,0.00137183,5.43141e-05,0.000803847,0.760012,0.00763373
0.44553,0.688749,0.812397,-0.123648,0.0410158,0.00137607,5.44193e-05,0.000807059,0.761555,0.00758891
0.451392,0.645327,0.814047,-0.16872,0.0411541,0.00138033,5.45249e-05,0.000810296,0.763103,0.00754417
0.457255,0.586901,0.815703,-0.228802,0.0412933,0.00138462,5.46308e-05,0.000813559,0.764657,0.00749949
0.463117,0.6913,0.817366,-0.126066,0.0414336,0.00138894,5.47372e-05,0.000816848,0.766217,0.00745489
0.468979,0.906834,0.819036,0.0877986,0.0415749,0.00139329,5.4844e-05,0.000820164,0.767782,0.00741035
0.474841,0.927269,0.820712,0.106557,0.0417172,0.00139767,5.49512e-05,0.000823506,0.769353,0.00736589
0.480703,0.877333,0.822396,0.0549369,0.0418605,0.00140208,5.50588e-05,0.000826875,0.77093,0.00732149
0.486566,0.879317,0.824086,0.0552311,0.0420049,0.00140652,5.51669e-05,0.000830272,0.772512,0.00727716
0.492428,0.941161,0.825784,0.115377,0.0421504,0.001411,5.52754e-05,0.000833696,0.774101,0.00723291
0.49829,0.859514,0.827488,0.0320253,0.0422969,0.0014155,5.53842e-05,0.000837149,0.775695,0.00718872
0.504152,0.902828,0.8292,0.0736281,0.0424445,0.00142004,5.54936e-05,0.00084063,0.777295,0.0071446
0.510015,0.892598,0.830919,0.0616796,0.0425933,0.00142461,5.56033e-05,0.000844139,0.7789,0.00710055
0.515877,0.66876,0.832644,-0.163884,0.0427431,0.00142921,5.57135e-05,0.000847678,0.780512,0.00705657
0.521739,0.774747,0.834377,-0.0596304,0.0428941,0.00143384,5.58241e-05,0.000851246,0.78213,0.00701266
0.527601,0.974093,0.836118,0.137975,0.0430462,0.00143851,5.59352e-05,0.000854844,0.783753,0.00696882
0.533464,0.867745,0.837865,0.0298795,0.0431995,0.00144321,5.60467e-05,0.000858472,0.785383,0.00692504
0.539326,0.861186,0.83962,0.0215657,0.0433539,0.00144795,5.61587e-05,0.000862131,0.787018,0.00688134
0.545188,0.816214,0.841382,-0.0251677,0.0435096,0.00145272,5.62711e-05,0.00086582,0.78866,0.00683771
0.55105,0.815626,0.843152,-0.0275253,0.0436664,0.00145752,5.63839e-05,0.000869541,0.790308,0.00679414
0.556913,0.970153,0.844929,0.125224,0.0438244,0.00146236,5.64972e-05,0.000873294,0.791962,0.00675065
0.562775,0.884967,0.846713,0.0382535,0.0439837,0.00146724,5.6611e-05,0.000877079,0.793621,0.00670722
0.568637,0.788756,0.848505,-0.0597497,0.0441442,0.00147215,5.67252e-05,0.000880896,0.795288,0.00666387
0.574499,0.561839,0.850305,-0.288466,0.0443059,0.0014771,5.68398e-05,0.000884747,0.79696,0.00662058
0.580362,0.737206,0.852113,-0.114907,0.044469,0.00148208,5.6955e-05,0.00088863,0.798639,0.00657737
0.586224,0.658101,0.853928,-0.195827,0.0446333,0.0014871,5.70706e-05,0.000892548,0.800324,0.00653422
0.592086,0.649297,0.855751,-0.206454,0.0447989,0.00149216,5.71866e-05,0.0008965,0.802015,0.00649114
0.597948,0.897771,0.857581,0.04019,0.0449658,0.00149726,5.73032e-05,0.000900486,0.803712,0.00644813
0.60381,0.965353,0.85942,0.105933,0.0451341,0.0015024,5.74202e-05,0.000904508,0.805416,0.00640519
0.609673,0.73643,0.861266,-0.124837,0.0453037,0.00150758,5.75377e-05,0.000908565,0.807127,0.00636232
0.615535,0.933171,0.863121,0.0700506,0.0454747,0.00151279,5.76556e-05,0.000912659,0.808843,0.00631952
0.621397,0.956095,0.864983,0.0911122,0.045647,0.00151805,5.77741e-05,0.000916789,0.810567,0.00627679
0.627259,0.845718,0.866853,-0.0211356,0.0458208,0.00152335,5.7893e-05,0.000920956,0.812296,0.00623413
0.633122,0.958727,0.868732,0.0899946,0.0459959,0.00152869,5.80125e-05,0.00092516,0.814033,0.00619154
0.638984,0.768726,0.870619,-0.101892,0.0461726,0.00153407,5.81324e-05,0.000929403,0.815776,0.00614901
0.644846,0.753333,0.872514,-0.119181,0.0463506,0.00153949,5.82528e-05,0.000933684,0.817525,0.00610656
0.650708,0.727609,0.874417,-0.146808,0.0465302,0.00154495,5.83737e-05,0.000938004,0.819281,0.00606418
0.656571,0.75254,0.876329,-0.123789,0.0467112,0.00155046,5.84951e-05,0.000942364,0.821044,0.00602186
0.662433,0.951219,0.878249,0.0729706,0.0468937,0.00155601,5.8617e-05,0.000946765,0.822814,0.00597962
0.668295,0.801135,0.880177,-0.0790423,0.0470778,0.00156161,5.87395e-05,0.000951205,0.82459,0.00593744
0.674157,0.774862,0.882114,-0.107252,0.0472634,0.00156725,5.88624e-05,0.000955688,0.826373,0.00589533
0.68002,0.787386,0.884059,-0.0966734,0.0474506,0.00157294,5.89858e-05,0.000960212,0.828163,0.0058533
0.685882,0.901947,0.886013,0.0159332,0.0476394,0.00157867,5.91098e-05,0.000964778,0.82996,0.00581133
0.691744,0.886641,0.887976,-0.0013349,0.0478297,0.00158445,5.92343e-05,0.000969387,0.831764,0.00576943
0.697606,0.9981,0.889948,0.108152,0.0480218,0.00159028,5.93593e-05,0.000974041,0.833575,0.0057276
0.703468,0.882805,0.891928,-0.0091227,0.0482154,0.00159615,5.94848e-05,0.000978738,0.835392,0.00568584
0.709331,0.794468,0.893917,-0.0994487,0.0484108,0.00160208,5.96109e-05,0.00098348,0.837217,0.00564415
0.715193,0.844281,0.895915,-0.0516347,0.0486078,0.00160805,5.97375e-05,0.000988268,0.839049,0.00560253
0.721055,0.912049,0.897922,0.0141271,0.0488066,0.00161407,5.98646e-05,0.000993102,0.840888,0.00556098
0.726917,0.841361,0.899938,-0.0585773,0.0490071,0.00162014,5.99923e-05,0.000997983,0.842734,0.0055195
0.73278,0.936821,0.901964,0.0348569,0.0492093,0.00162627,6.01205e-05,0.00100291,0.844587,0.00547809
0.738642,1.11354,0.903998,0.209542,0.0494134,0.00163244,6.02493e-05,0.00100789,0.846447,0.00543674
0.744504,0.939084,0.906042,0.0330427,0.0496193,0.00163867,6.03786e-05,0.00101291,0.848315,0.00539547
0.750366,0.947763,0.908095,0.0396679,0.049827,0.00164495,6.05085e-05,0.00101799,0.85019,0.00535427
0.756229,1.07649,0.910157,0.166337,0.0500366,0.00165129,6.06389e-05,0.00102311,0.852072,0.00531313
0.762091,0.925672,0.912229,0.0134435,0.0502481,0.00165768,6.07699e-05,0.00102829,0.853962,0.00527206
0.767953,0.862782,0.91431,-0.0515278,0.0504615,0.00166412,6.09014e-05,0.00103352,0.855859,0.00523107
0.773815,0.82177,0.916401,-0.0946307,0.0506768,0.00167063,6.10336e-05,0.0010388,0.857763,0.00519014
0.779678,0.953158,0.918501,0.0346566,0.0508941,0.00167718,6.11662e-05,0.00104413,0.859675,0.00514928
0.78554,1.00507,0.920611,0.0844627,0.0511134,0.0016838,6.12995e-05,0.00104952,0.861595,0.0051085
0.791402,0.958795,0.922731,0.0360631,0.0513347,0.00169047,6.14334e-05,0.00105497,0.863522,0.00506778
0.797264,0.964507,0.924861,0.0396452,0.0515581,0.00169721,6.15678e-05,0.00106046,0.865457,0.00502713
0.803127,1.0851,0.927001,0.158103,0.0517836,0.001704,6.17028e-05,0.00106602,0.867399,0.00498655
0.808989,1.08392,0.929151,0.154771,0.0520112,0.00171086,6.18384e-05,0.00107163,0.869349,0.00494604
0.814851,0.868548,0.931311,-0.0627625,0.0522409,0.00171778,6.19746e-05,0.00107731,0.871307,0.0049056
0.820713,0.938125,0.933481,0.00464411,0.0524728,0.00172476,6.21114e-05,0.00108304,0.873273,0.00486523
0.826575,0.971369,0.935661,0.0357081,0.052707,0.0017318,6.22488e-05,0.00108883,0.875246,0.00482493
0.832438,1.04143,0.937852,0.103577,0.0529433,0.00173891,6.23869e-05,0.00109468,0.877228,0.00478469
0.8383,0.973898,0.940053,0.0338454,0.053182,0.00174608,6.25255e-05,0.0011006,0.879217,0.00474453
0.844162,0.914843,0.942264,-0.0274216,0.0534229,0.00175332,6.26647e-05,0.00110658,0.881214,0.00470444
0.850024,0.916463,0.944486,-0.0280236,0.0536662,0.00176063,6.28046e-05,0.00111262,0.88322,0.00466441
0.855887,0.792514,0.946719,-0.154205,0.0539119,0.00176801,6.29451e-05,0.00111873,0.885233,0.00462446
0.861749,0.924002,0.948962,-0.0249601,0.0541599,0.00177545,6.30862e-05,0.0011249,0.887254,0.00458457
0.867611,0.910475,0.951216,-0.0407417,0.0544105,0.00178297,6.32279e-05,0.00113115,0.889284,0.00454475
0.873473,1.00935,0.953482,0.0558646,0.0546635,0.00179056,6.33703e-05,0.00113746,0.891322,0.00450501
0.879336,0.898123,0.955758,-0.0576346,0.054919,0.00179822,6.35133e-05,0.00114384,0.893368,0.00446533
0.885198,0.922587,0.958045,-0.0354577,0.0551771,0.00180595,6.36569e-05,0.00115029,0.895422,0.00442572
0.89106,0.879696,0.960343,-0.0806465,0.0554378,0.00181376,6.38012e-05,0.00115681,0.897485,0.00438618
0.896922,0.860025,0.962653,-0.102627,0.0557012,0.00182165,6.39462e-05,0.0011634,0.899556,0.00434671
0.902785,1.0241,0.964973,0.0591305,0.0559672,0.00182961,6.40918e-05,0.00117007,0.901635,0.00430731
0.908647,0.963777,0.967306,-0.00352884,0.0562359,0.00183765,6.42381e-05,0.00117682,0.903723,0.00426798
0.914509,1.03397,0.969649,0.0643232,0.0565075,0.00184577,6.4385e-05,0.00118364,0.905819,0.00422872
0.920371,0.907468,0.972005,-0.0645374,0.0567818,0.00185397,6.45327e-05,0.00119054,0.907925,0.00418953
0.926234,0.987128,0.974372,0.0127561,0.057059,0.00186225,6.4681e-05,0.00119752,0.910038,0.00415041
0.932096,0.842238,0.976751,-0.134513,0.0573391,0.00187062,6.48299e-05,0.00120458,0.912161,0.00411136
0.937958,0.915871,0.979142,-0.063271,0.0576221,0.00187907,6.49796e-05,0.00121172,0.914292,0.00407237
0.94382,0.937243,0.981545,-0.0443021,0.0579081,0.00188761,6.51299e-05,0.00121895,0.916431,0.00403346
0.949682,1.04879,0.98396,0.0648343,0.0581972,0.00189624,6.5281e-05,0.00122626,0.91858,0.00399461
0.955545,1.04548,0.986387,0.0590918,0.0584894,0.00190495,6.54327e-05,0.00123366,0.920738,0.00395584
0.961407,1.01227,0.988826,0.0234437,0.0587847,0.00191375,6.55851e-05,0.00124115,0.922904,0.00391713
0.967269,1.10055,0.991278,0.109268,0.0590832,0.00192265,6.57383e-05,0.00124872,0.925079,0.0038785
0.973131,1.06705,0.993743,0.0733075,0.059385,0.00193164,6.58922e-05,0.00125639,0.927264,0.00383993
0.978994,1.09173,0.99622,0.0955149,0.0596901,0.00194073,6.60467e-05,0.00126415,0.929458,0.00380143
0.984856,1.12264,0.99871,0.123933,0.0599985,0.00194991,6.6202e-05,0.001272,0.93166,0.003763
0.990718,1.05421,1.00121,0.0529979,0.0603104,0.00195919,6.63581e-05,0.00127995,0.933872,0.00372464
0.99658,1.01375,1.00373,0.0100193,0.0606257,0.00196856,6.65148e-05,0.001288,0.936093,0.00368636
1.00244,1.06251,1.00626,0.0562547,0.0609446,0.00197804,6.66723e-05,0.00129615,0.938324,0.00364814
1.0083,1.00796,1.0088,-0.000834679,0.061267,0.00198763,6.68306e-05,0.0013044,0.940563,0.00360998
1.01417,1.07005,1.01135,0.0586913,0.0615931,0.00199732,6.69896e-05,0.00131275,0.942813,0.0035719
1.02003,1.15909,1.01392,0.145167,0.0619229,0.00200711,6.71493e-05,0.00132121,0.945071,0.00353389
1.02589,1.16341,1.01651,0.146909,0.0622566,0.00201701,6.73099e-05,0.00132978,0.947339,0.00349595
1.03175,1.04872,1.0191,0.0296225,0.062594,0.00202703,6.74711e-05,0.00133845,0.949617,0.00345808
1.03762,0.930034,1.02171,-0.0916778,0.0629354,0.00203715,6.76332e-05,0.00134724,0.951905,0.00342027
1.04348,1.01336,1.02434,-0.010978,0.0632808,0.0020474,6.7796e-05,0.00135614,0.954202,0.00338254
1.04934,1.03353,1.02697,0.00655315,0.0636302,0.00205775,6.79596e-05,0.00136516,0.956508,0.00334487
1.0552,1.15873,1.02963,0.129108,0.0639838,0.00206823,6.8124e-05,0.00137429,0.958825,0.00330728
1.06106,1.05633,1.03229,0.0240346,0.0643415,0.00207882,6.82892e-05,0.00138355,0.961151,0.00326975
1.06693,1.04401,1.03497,0.00903747,0.0647036,0.00208954,6.84552e-05,0.00139293,0.963488,0.0032323
1.07279,1.13213,1.03767,0.0944619,0.06507,0.00210039,6.8622e-05,0.00140243,0.965834,0.00319491
1.07865,1.04494,1.04038,0.0045584,0.0654409,0.00211136,6.87896e-05,0.00141206,0.968191,0.00315759
1.08451,1.05097,1.04311,0.00786385,0.0658162,0.00212246,6.8958e-05,0.00142182,0.970557,0.00312034
1.09038,1.23308,1.04585,0.18723,0.0661962,0.00213369,6.91273e-05,0.00143172,0.972934,0.00308316
1.09624,1.26827,1.0486,0.219668,0.0665809,0.00214506,6.92973e-05,0.00144175,0.975321,0.00304605
1.1021,1.19884,1.05138,0.147467,0.0669704,0.00215657,6.94683e-05,0.00145191,0.977718,0.00300901
1.10796,1.14556,1.05416,0.0914007,0.0673647,0.00216821,6.964e-05,0.00146222,0.980125,0.00297204
1.11383,1.0137,1.05697,-0.04327,0.067764,0.00218,6.98126e-05,0.00147267,0.982543,0.00293514
1.11969,1.12153,1.05978,0.0617486,0.0681684,0.00219193,6.9986e-05,0.00148327,0.984972,0.00289831
1.12555,1.10821,1.06262,0.0455963,0.0685779,0.00220401,7.01603e-05,0.00149402,0.987411,0.00286155
1.13141,1.12169,1.06547,0.0562255,0.0689927,0.00221624,7.03355e-05,0.00150492,0.98986,0.00282485
1.13727,1.05736,1.06834,-0.0109764,0.0694128,0.00222862,7.05116e-05,0.00151598,0.99232,0.00278823
1.14314,1.08829,1.07122,0.0170722,0.0698385,0.00224116,7.06885e-05,0.0015272,0.994791,0.00275167
1.149,1.0832,1.07412,0.00907465,0.0702697,0.00225386,7.08663e-05,0.00153858,0.997273,0.00271519
1.15486,1.13128,1.07704,0.0542443,0.0707066,0.00226673,7.1045e-05,0.00155013,0.999766,0.00267877
1.16072,1.25367,1.07997,0.173696,0.0711492,0.00227976,7.12246e-05,0.00156185,1.00227,0.00264243
1.16659,1.19091,1.08293,0.107988,0.0715978,0.00229296,7.14051e-05,0.00157374,1.00478,0.00260615
1.17245,0.981872,1.0859,-0.104024,0.0720525,0.00230633,7.15865e-05,0.00158581,1.00731,0.00256994
1.17831,0.98672,1.08888,-0.102163,0.0725133,0.00231988,7.17689e-05,0.00159806,1.00985,0.00253381
1.18417,0.93185,1.09189,-0.160038,0.0729804,0.00233361,7.19521e-05,0.0016105,1.01239,0.00249774
1.19003,0.992751,1.09491,-0.10216,0.0734539,0.00234752,7.21363e-05,0.00162313,1.01495,0.00246174
1.1959,1.14189,1.09795,0.0439336,0.073934,0.00236162,7.23215e-05,0.00163595,1.01752,0.00242581
1.20176,1.17371,1.10101,0.0726932,0.0744208,0.00237591,7.25075e-05,0.00164897,1.02011,0.00238995
1.20762,1.09019,1.10409,-0.013899,0.0749144,0.0023904,7.26946e-05,0.0016622,1.0227,0.00235416
1.21348,1.1497,1.10719,0.0425056,0.075415,0.00240509,7.28826e-05,0.00167563,1.0253,0.00231844
1.21935,1.07228,1.11031,-0.0380261,0.0759227,0.00241999,7.30716e-05,0.00168927,1.02792,0.00228278
1.22521,0.988063,1.11344,-0.125382,0.0764377,0.00243509,7.32615e-05,0.00170313,1.03055,0.0022472
1.23107,0.966359,1.1166,-0.150242,0.0769601,0.0024504,7.34524e-05,0.00171722,1.03319,0.00221169
1.23693,1.01414,1.11978,-0.105634,0.0774902,0.00246594,7.36444e-05,0.00173153,1.03584,0.00217624
1.24279,1.24771,1.12297,0.124739,0.078028,0.00248169,7.38373e-05,0.00174608,1.0385,0.00214087
1.24866,1.05713,1.12619,-0.0690664,0.0785738,0.00249768,7.40312e-05,0.00176087,1.04118,0.00210556
1.25452,1.2482,1.12943,0.118767,0.0791277,0.00251389,7.42262e-05,0.0017759,1.04387,0.00207033
1.26038,1.31582,1.13269,0.183127,0.0796899,0.00253035,7.44221e-05,0.00179118,1.04657,0.00203516
1.26624,1.19462,1.13597,0.0586558,0.0802606,0.00254705,7.46191e-05,0.00180672,1.04928,0.00200006
1.27211,1.17321,1.13927,0.0339368,0.08084,0.002564,7.48172e-05,0.00182253,1.052,0.00196504
1.27797,1.11538,1.14259,-0.0272123,0.0814283,0.0025812,7.50163e-05,0.0018386,1.05474,0.00193008
1.28383,1.15635,1.14594,0.010412,0.0820257,0.00259867,7.52164e-05,0.00185495,1.05749,0.00189519
1.28969,1.23598,1.14931,0.0866732,0.0826324,0.0026164,7.54176e-05,0.00187159,1.06025,0.00186037
1.29555,1.2004,1.1527,0.0477032,0.0832486,0.0026344,7.56199e-05,0.00188852,1.06303,0.00182562
1.30142,1.28614,1.15611,0.130023,0.0838746,0.00265269,7.58233e-05,0.00190574,1.06581,0.00179094
1.30728,1.33226,1.15955,0.172714,0.0845106,0.00267126,7.60277e-05,0.00192328,1.06861,0.00175633
1.31314,1.26823,1.16301,0.105217,0.0851568,0.00269013,7.62333e-05,0.00194113,1.07143,0.00172179
1.319,1.24987,1.1665,0.0833734,0.0858135,0.0027093,7.644e-05,0.0019593,1.07425,0.00168731
1.32487,1.20979,1.17001,0.0397796,0.086481,0.00272877,7.66477e-05,0.00197781,1.07709,0.00165291
1.33073,1.23903,1.17354,0.065485,0.0871594,0.00274856,7.68566e-05,0.00199665,1.07994,0.00161858
1.33659,1.11121,1.1771,-0.0658962,0.0878491,0.00276868,7.70667e-05,0.00201585,1.08281,0.00158431
1.34245,1.22003,1.18069,0.0393388,0.0885504,0.00278913,7.72779e-05,0.0020354,1.08569,0.00155012
1.34831,1.23611,1.1843,0.0518096,0.0892636,0.00280992,7.74902e-05,0.00205533,1.08858,0.00151599
1.35418,1.14182,1.18794,-0.046116,0.0899888,0.00283106,7.77037e-05,0.00207564,1.09148,0.00148194
1.36004,1.40303,1.1916,0.211427,0.0907266,0.00285255,7.79184e-05,0.00209634,1.0944,0.00144795
1.3659,1.18655,1.19529,-0.00874698,0.0914772,0.00287442,7.81342e-05,0.00211744,1.09733,0.00141403
1.37176,1.13398,1.19901,-0.0650326,0.0922408,0.00289666,7.83513e-05,0.00213895,1.10028,0.00138019
1.37763,1.23002,1.20276,0.0272605,0.093018,0.00291929,7.85695e-05,0.00216089,1.10324,0.00134641
1.38349,1.05051,1.20654,-0.156031,0.093809,0.00294232,7.8789e-05,0.00218327,1.10621,0.0013127
1.38935,1.10836,1.21034,-0.101982,0.0946142,0.00296576,7.90097e-05,0.0022061,1.1092,0.00127906
1.39521,1.05857,1.21418,-0.155613,0.0954339,0.00298962,7.92316e-05,0.00222939,1.1122,0.00124549
1.40107,1.09943,1.21804,-0.118616,0.0962687,0.00301391,7.94548e-05,0.00225316,1.11522,0.00121199
1.40694,1.19375,1.22194,-0.0281909,0.0971188,0.00303865,7.96792e-05,0.00227743,1.11825,0.00117856
1.4128,1.26779,1.22587,0.0419264,0.0979848,0.00306384,7.99048e-05,0.0023022,1.12129,0.00114519
1.41866,1.36742,1.22983,0.137592,0.098867,0.0030895,8.01318e-05,0.0023275,1.12435,0.0011119
1.42452,1.37171,1.23382,0.137894,0.099766,0.00311564,8.036e-05,0.00235334,1.12742,0.00107868
1.43039,1.41181,1.23784,0.173969,0.100682,0.00314228,8.05895e-05,0.00237973,1.13051,0.00104553
1.43625,1.36988,1.2419,0.127976,0.101616,0.00316943,8.08204e-05,0.0024067,1.13361,0.00101244
1.44211,1.25949,1.24599,0.0135032,0.102568,0.00319711,8.10525e-05,0.00243426,1.13673,0.000979426
1.44797,1.38001,1.25012,0.129894,0.103539,0.00322533,8.1286e-05,0.00246243,1.13986,0.00094648
1.45383,1.26635,1.25428,0.0120725,0.104529,0.00325411,8.15208e-05,0.00249124,1.14301,0.000913604
1.4597,1.22315,1.25848,-0.0353325,0.105539,0.00328346,8.1757e-05,0.0025207,1.14617,0.000880798
1.46556,1.41722,1.26272,0.154501,0.106569,0.0033134,8.19945e-05,0.00255083,1.14935,0.00084806
1.47142,1.4078,1.26699,0.140807,0.107621,0.00334396,8.22334e-05,0.00258166,1.15255,0.000815392
1.47728,1.35378,1.2713,0.0824761,0.108694,0.00337514,8.24737e-05,0.00261322,1.15575,0.000782794
1.48315,1.39132,1.27565,0.115662,0.10979,0.00340698,8.27154e-05,0.00264552,1.15898,0.000750265
1.48901,1.41766,1.28005,0.137611,0.110908,0.00343949,8.29585e-05,0.00267859,1.16222,0.000717805
1.49487,1.21511,1.28448,-0.0693737,0.112051,0.00347268,8.32031e-05,0.00271246,1.16547,0.000685414
1.50073,1.27827,1.28895,-0.0106792,0.113218,0.0035066,8.3449e-05,0.00274717,1.16875,0.000653094
1.5066,1.19695,1.29347,-0.0965262,0.114411,0.00354125,8.36964e-05,0.00278272,1.17203,0.000620842
1.51246,1.29965,1.29803,0.00161688,0.115629,0.00357666,8.39453e-05,0.00281917,1.17534,0.00058866
1.51832,1.25807,1.30264,-0.0445767,0.116875,0.00361286,8.41957e-05,0.00285654,1.17866,0.000556547
1.52418,1.44215,1.3073,0.134857,0.118149,0.00364987,8.44475e-05,0.00289487,1.18199,0.000524504
1.53004,1.42058,1.312,0.108582,0.119452,0.00368773,8.47008e-05,0.00293418,1.18534,0.00049253
1.53591,1.29061,1.31674,-0.0261364,0.120785,0.00372646,8.49557e-05,0.00297453,1.18871,0.000460625
1.54177,1.3305,1.32154,0.00895722,0.122148,0.00376609,8.52121e-05,0.00301594,1.1921,0.00042879
1.54763,1.23212,1.32639,-0.0942708,0.123544,0.00380666,8.547e-05,0.00305847,1.1955,0.000397024
1.55349,1.32527,1.33129,-0.00602209,0.124972,0.00384819,8.57295e-05,0.00310215,1.19892,0.000365328
1.55936,1.40489,1.33625,0.0686356,0.126435,0.00389073,8.59905e-05,0.00314703,1.20236,0.000333701
1.56522,1.40514,1.34126,0.0638845,0.127934,0.0039343,8.62531e-05,0.00319317,1.20581,0.000302144
1.57108,1.19971,1.34633,-0.14662,0.129469,0.00397895,8.65174e-05,0.0032406,1.20928,0.000270655
1.57694,1.29352,1.35145,-0.0579265,0.131042,0.00402473,8.67832e-05,0.00328938,1.21277,0.000239237
1.5828,1.40565,1.35664,0.0490187,0.132655,0.00407166,8.70507e-05,0.00333958,1.21627,0.000207887
1.58867,1.42355,1.36188,0.0616677,0.134309,0.00411979,8.73198e-05,0.00339124,1.2198,0.000176607
1.59453,1.51387,1.36719,0.146678,0.136005,0.00416918,8.75905e-05,0.00344444,1.22334,0.000145397
1.60039,1.31163,1.37256,-0.0609364,0.137746,0.00421986,8.78629e-05,0.00349924,1.2269,0.000114256
1.60625,1.4271,1.378,0.0490988,0.139532,0.0042719,8.81371e-05,0.00355571,1.23047,8.31841e-05
1.61212,1.35354,1.38351,-0.0299723,0.141367,0.00432535,8.84129e-05,0.00361392,1.23407,5.21818e-05
1.61798,1.41592,1.38909,0.0268254,0.143251,0.00438026,8.86904e-05,0.00367396,1.23768,2.12488e-05
1.62384,1.45856,1.39475,0.0638078,0.145186,0.00443669,8.89697e-05,0.00373591,1.24131,-9.61468e-06
1.6297,1.50207,1.40048,0.101588,0.147175,0.00449472,8.92507e-05,0.00379985,1.24496,-4.04088e-05
1.63556,1.39859,1.40629,-0.00769512,0.14922,0.00455439,8.95335e-05,0.00386588,1.24863,-7.11335e-05
1.64143,1.44419,1.41218,0.032012,0.151323,0.0046158,8.98181e-05,0.00393411,1.25231,-0.000101789
1.64729,1.33292,1.41815,-0.085228,0.153487,0.004679,9.01045e-05,0.00400463,1.25602,-0.000132375
1.65315,1.28055,1.42421,-0.143661,0.155714,0.00474408,9.03927e-05,0.00407756,1.25974,-0.000162891
1.65901,1.45645,1.43036,0.0260961,0.158007,0.00481113,9.06827e-05,0.00415302,1.26349,-0.000193338
1.66488,1.45533,1.4366,0.0187338,0.16037,0.00488024,9.09746e-05,0.00423114,1.26725,-0.000223716
1.67074,1.31013,1.44294,-0.132809,0.162804,0.00495148,9.12684e-05,0.00431206,1.27103,-0.000254024
1.6766,1.34423,1.44938,-0.105146,0.165313,0.00502498,9.1564e-05,0.00439592,1.27484,-0.000284263
1.68246,1.44176,1.45592,-0.014162,0.167901,0.00510083,9.18616e-05,0.00448288,1.27866,-0.000314433
1.68832,1.62199,1.46257,0.159422,0.170571,0.00517914,9.2161e-05,0.0045731,1.2825,-0.000344533
1.69419,1.63198,1.46933,0.162648,0.173327,0.00526005,9.24624e-05,0.00466677,1.28636,-0.000374564
1.70005,1.61611,1.47621,0.139896,0.176173,0.00534366,9.27658e-05,0.00476407,1.29024,-0.000404525
1.70591,1.36973,1.48321,-0.113483,0.179115,0.00543012,9.30712e-05,0.00486522,1.29414,-0.000434417
1.71177,1.46159,1.49034,-0.0287502,0.182155,0.00551958,9.33786e-05,0.00497043,1.29807,-0.000464239
1.71764,1.54882,1.4976,0.0512159,0.185299,0.00561218,9.36879e-05,0.00507994,1.30201,-0.000493993
1.7235,1.57203,1.505,0.0670314,0.188553,0.00570809,9.39994e-05,0.00519402,1.30597,-0.000523676
1.72936,1.58619,1.51254,0.07365,0.191922,0.0058075,9.43128e-05,0.00531292,1.30996,-0.000553291
1.73522,1.53371,1.52023,0.0134806,0.195412,0.00591058,9.46284e-05,0.00543696,1.31396,-0.000582835
1.74108,1.71311,1.52808,0.185028,0.19903,0.00601754,9.49461e-05,0.00556646,1.31799,-0.000612311
1.74695,1.74548,1.5361,0.209377,0.202781,0.00612859,9.52659e-05,0.00570176,1.32204,-0.000641717
1.75281,1.61097,1.54429,0.0666753,0.206674,0.00624397,9.55878e-05,0.00584325,1.32611,-0.000671054
1.75867,1.49175,1.55266,-0.0609189,0.210717,0.00636394,9.59119e-05,0.00599134,1.3302,-0.000700321
1.76453,1.75099,1.56123,0.18976,0.214918,0.00648874,9.62382e-05,0.00614647,1.33431,-0.000729519
1.7704,1.5861,1.56999,0.016102,0.219285,0.00661869,9.65666e-05,0.00630913,1.33844,-0.000758647
1.77626,1.70946,1.57897,0.130483,0.223829,0.00675409,9.68974e-05,0.00647985,1.3426,-0.000787707
1.78212,1.82056,1.58818,0.232388,0.22856,0.00689527,9.72303e-05,0.00665922,1.34678,-0.000816696
1.78798,1.58816,1.59761,-0.00945352,0.23349,0.00704261,9.75656e-05,0.00684787,1.35098,-0.000845617
1.79384,1.64257,1.6073,0.0352716,0.23863,0.0071965,9.79031e-05,0.0070465,1.35521,-0.000874467
1.79971,1.60467,1.61726,-0.0125814,0.243994,0.00735736,9.8243e-05,0.00725588,1.35945,-0.000903249
1.80557,1.68237,1.62749,0.0548775,0.249596,0.00752567,9.85852e-05,0.00747685,1.36372,-0.000931961
1.81143,1.69413,1.63802,0.0561091,0.255452,0.00770193,9.89298e-05,0.00771033,1.36802,-0.000960604
1.81729,1.85985,1.64886,0.210984,0.261578,0.0078867,9.92768e-05,0.00795737,1.37233,-0.000989177
1.82316,1.78772,1.66005,0.127674,0.267992,0.00808057,9.96262e-05,0.00821911,1.37667,-0.00101768
1.82902,1.71661,1.67159,0.045027,0.274715,0.00828422,9.99781e-05,0.0084968,1.38104,-0.00104612
1.83488,1.81138,1.68351,0.12787,0.281768,0.00849835,0.000100332,0.00879187,1.38542,-0.00107448
1.84074,1.71465,1.69584,0.0188087,0.289175,0.00872378,0.000100689,0.00910589,1.38983,-0.00110278
1.8466,1.68515,1.7086,-0.0234533,0.296961,0.00896135,0.000101049,0.00944062,1.39427,-0.001131
1.85247,1.93336,1.72184,0.211526,0.305156,0.00921205,0.00010141,0.00979805,1.39873,-0.00115916
1.85833,1.72508,1.73557,-0.0104988,0.313789,0.00947693,0.000101775,0.0101804,1.40321,-0.00118725
1.86419,1.70365,1.74985,-0.0462003,0.322896,0.00975716,0.000102142,0.0105902,1.40772,-0.00121526
1.87005,1.75782,1.76472,-0.00689964,0.332515,0.010054,0.000102512,0.0110303,1.41226,-0.00124321
1.87592,1.67923,1.78021,-0.100976,0.342687,0.010369,0.000102884,0.0115039,1.41682,-0.00127109
1.88178,1.56589,1.79638,-0.230487,0.353458,0.0107037,0.000103259,0.0120148,1.4214,-0.0012989
1.88764,1.84482,1.8133,0.0315242,0.36488,0.01106,0.000103637,0.0125672,1.42601,-0.00132664
1.8935,1.76455,1.83101,-0.0664643,0.37701,0.0114397,0.000104017,0.013166,1.43065,-0.00135431
1.89936,1.77584,1.84961,-0.0737658,0.389912,0.0118453,0.000104401,0.0138167,1.43531,-0.00138192
1.90523,1.80808,1.86916,-0.061071,0.403658,0.0122792,0.000104787,0.014526,1.44,-0.00140945
1.91109,1.77308,1.88975,-0.116674,0.418328,0.0127444,0.000105176,0.0153015,1.44471,-0.00143691
1.91695,1.76791,1.9115,-0.14359,0.434011,0.0132442,0.000105568,0.0161521,1.44945,-0.0014643
1.92281,1.89912,1.93451,-0.0353965,0.450809,0.0137822,0.000105962,0.0170884,1.45422,-0.00149163
1.92868,2.16773,1.95893,0.208801,0.468839,0.0143627,0.00010636,0.0181228,1.45901,-0.00151888
1.93454,2.1067,1.98489,0.121813,0.48823,0.0149907,0.000106761,0.0192703,1.46384,-0.00154607
1.9404,2.10736,2.01257,0.0947909,0.509131,0.0156717,0.000107164,0.0205488,1.46869,-0.00157318
1.94626,1.91192,2.04218,-0.130258,0.531715,0.0164123,0.000107571,0.0219799,1.47356,-0.00160023
1.95213,2.01518,2.07393,-0.0587534,0.556176,0.0172201,0.000107981,0.0235902,1.47847,-0.00162721
1.95799,1.95774,2.10811,-0.15037,0.582742,0.0181039,0.000108394,0.0254122,1.4834,-0.00165412
1.96385,2.15097,2.14502,0.00595004,0.611674,0.0190741,0.00010881,0.0274863,1.48836,-0.00168095
1.96971,2.13947,2.18504,-0.0455628,0.643279,0.020143,0.000109229,0.0298633,1.49335,-0.00170772
1.97557,2.18967,2.22859,-0.0389213,0.677915,0.0213252,0.000109651,0.0326075,1.49837,-0.00173442
1.98144,2.22355,2.27621,-0.0526592,0.716003,0.022638,0.000110077,0.0358017,1.50341,-0.00176105
1.9873,2.22047,2.32851,-0.108038,0.758042,0.0241026,0.000110505,0.0395535,1.50849,-0.00178761
1.99316,2.16767,2.38627,-0.218598,0.804627,0.0257443,0.000110938,0.0440054,1.5136,-0.0018141
1.99902,2.39407,2.45042,-0.0563427,0.856471,0.0275944,0.000111373,0.0493489,1.51873,-0.00184053
2.00489,2.32164,2.52211,-0.20047,0.914435,0.0296914,0.000111812,0.0558463,1.5239,-0.00186688
2.01075,2.37215,2.60283,-0.230675,0.979568,0.032083,0.000112255,0.0638648,1.52909,-0.00189316
2.01661,2.53188,2.69443,-0.162547,1.05316,0.0348298,0.0001127,0.0739311,1.53432,-0.00191938
2.02247,2.61035,2.79937,-0.189022,1.1368,0.0380086,0.00011315,0.0868214,1.53957,-0.00194552
2.02833,2.8073,2.92094,-0.113631,1.2325,0.0417186,0.000113603,0.103718,1.54486,-0.00197159
2.0342,3.03388,3.06365,-0.0297615,1.34277,0.0460896,0.000114059,0.126488,1.55018,-0.0019976
2.04006,3.14524,3.23399,-0.0887543,1.47087,0.0512941,0.000114519,0.15821,1.55553,-0.00202354
2.04592,3.31753,3.44176,-0.124224,1.62099,0.0575654,0.000114983,0.204229,1.56091,-0.0020494
2.05178,3.53824,3.70261,-0.164373,1.79867,0.0652252,0.000115451,0.274364,1.56632,-0.0020752
2.05765,3.9419,4.04365,-0.101757,2.01132,0.0747273,0.000115922,0.387829,1.57177,-0.00210093
2.06351,4.20591,4.51531,-0.309403,2.26905,0.0867281,0.000116397,0.584296,1.57724,-0.00212659
2.06937,5.16907,5.21291,-0.0438351,2.58595,0.102205,0.000116877,0.944031,1.58275,-0.00215218
2.07523,6.38587,6.2558,0.130061,2.98209,0.122662,0.00011736,1.56482,1.5883,-0.00217769
2.08109,7.79196,7.35795,0.434007,3.48684,0.15051,0.000117846,2.12881,1.59387,-0.00220315
2.08696,8.24049,7.67851,0.561972,4.1446,0.189782,0.000118337,1.74676,1.59948,-0.00222853
2.09282,7.8676,7.90547,-0.0378672,5.02484,0.247607,0.000118832,1.03003,1.60513,-0.00225384
2.09868,8.18254,8.77821,-0.595669,6.24091,0.337348,0.000119332,0.59131,1.6108,-0.00227908
2.10454,9.38083,10.449,-1.06814,7.98704,0.485678,0.000119835,0.36192,1.61652,-0.00230425
2.11041,11.3182,13.2203,-1.90206,10.6151,0.74811,0.000120342,0.236978,1.62226,-0.00232936
2.11627,15.602,17.8239,-2.22185,14.8037,1.2304,0.000120854,0.163957,1.62804,-0.00235439
2.12213,24.0029,25.6748,-1.67193,21.9397,1.98505,0.00012137,0.11843,1.63386,-0.00237935
2.12799,39.7652,38.949,0.816214,34.8865,2.33658,0.000121891,0.0884754,1.63971,-0.00240425
2.13385,65.4372,61.4505,3.98672,58.0872,1.65209,0.000122416,0.0678832,1.6456,-0.00242907
2.13972,90.3086,88.234,2.07465,85.586,0.945596,0.000122945,0.0532089,1.65152,-0.00245383
2.14558,80.8842,81.8136,-0.92935,79.5631,0.552905,0.000123479,0.0424363,1.65749,-0.00247852
2.15144,49.8382,51.0134,-1.17523,48.9714,0.346638,0.000124017,0.0343289,1.66348,-0.00250313
2.1573,27.5755,29.8212,-2.24573,27.8942,0.231743,0.000124561,0.0280974,1.66952,-0.00252768
2.16317,15.9452,18.6558,-2.71056,16.7963,0.163098,0.000125108,0.0232208,1.67559,-0.00255216
2.16903,10.2282,12.6595,-2.43126,10.8414,0.119497,0.000125661,0.0193447,1.6817,-0.00257657
2.17489,7.39515,9.21017,-1.81502,7.4182,0.0903713,0.000126219,0.016222,1.68785,-0.00260091
2.18075,5.79923,7.08939,-1.29016,5.31408,0.0701002,0.000126781,0.0136763,1.69403,-0.00262518
2.18661,4.56685,5.71062,-1.14377,3.9458,0.0555073,0.000127349,0.0115789,1.70026,-0.00264938
2.19248,3.93144,4.77261,-0.84117,3.01409,0.0447038,0.000127921,0.00983496,1.70652,-0.00267351
2.19834,3.63912,4.11049,-0.471362,2.35535,0.0365153,0.000128498,0.00837269,1.71282,-0.00269758
2.2042,3.39108,3.62879,-0.237708,1.8749,0.0301838,0.000129081,0.00713747,1.71916,-0.00272157
2.21006,2.93581,3.26952,-0.333711,1.5153,0.0252036,0.000129669,0.00608703,1.72555,-0.00274549
2.21593,2.85981,2.99595,-0.136141,1.2402,0.0212279,0.000130262,0.00518828,1.73197,-0.00276935
2.22179,2.51526,2.78398,-0.268724,1.02578,0.0180129,0.000130861,0.00441509,1.73843,-0.00279313
2.22765,2.3083,2.61734,-0.309042,0.855959,0.0153833,0.000131465,0.00374658,1.74494,-0.00281685
2.23351,2.04923,2.48471,-0.435488,0.719564,0.0132109,0.000132075,0.00316595,1.75148,-0.00284049
2.23937,2.22759,2.37807,-0.150476,0.608671,0.0114002,0.00013269,0.00265953,1.75807,-0.00286407
2.24524,2.11485,2.29158,-0.176729,0.517537,0.00987894,0.000133311,0.00221616,1.7647,-0.00288758
2.2511,2.3081,2.22094,0.0871595,0.441925,0.00859164,0.000133938,0.00182664,1.77137,-0.00291101
2.25696,2.14867,2.16292,-0.0142492,0.378653,0.00749535,0.00013457,0.00148334,1.77809,-0.00293438
2.26282,2.06621,2.11506,-0.0488563,0.325304,0.0065563,0.000135209,0.00117988,1.78485,-0.00295768
2.26869,1.83415,2.07547,-0.241326,0.280012,0.00574772,0.000135853,0.000910926,1.79165,-0.00298091
2.27455,2.06615,2.04267,0.0234812,0.241323,0.00504817,0.000136503,0.000671968,1.7985,-0.00300407
2.28041,1.94696,2.01548,-0.0685262,0.208087,0.00444034,0.00013716,0.000459185,1.80539,-0.00302716
2.28627,1.92163,1.99298,-0.0713553,0.179392,0.00391013,0.000137823,0.000269323,1.81232,-0.00305018
2.29213,1.71199,1.97442,-0.262427,0.154502,0.00344599,0.000138492,9.95992e-05,1.8193,-0.00307313
2.298,1.94264,1.95918,-0.0165421,0.132821,0.00303836,0.000139168,-5.23778e-05,1.82633,-0.00309602
2.30386,2.01386,1.94678,0.0670775,0.113863,0.00267931,0.00013985,-0.000188669,1.8334,-0.00311883
2.30972,1.88035,1.9368,-0.0564534,0.0972276,0.00236223,0.000140539,-0.00031106,1.84052,-0.00314157
2.31558,1.90522,1.92891,-0.0236917,0.0825837,0.00208153,0.000141235,-0.000421098,1.84769,-0.00316425
2.32145,1.9404,1.92283,0.0175743,0.069655,0.0018325,0.000141937,-0.000520134,1.8549,-0.00318685
2.32731,2.00527,1.91831,0.086959,0.0582101,0.00161115,0.000142647,-0.000609347,1.86216,-0.00320939
2.33317,1.94341,1.91516,0.0282422,0.048054,0.00141407,0.000143363,-0.000689773,1.86947,-0.00323185
2.33903,2.08037,1.91322,0.167149,0.0390216,0.00123834,0.000144087,-0.00076232,1.87683,-0.00325425
2.34489,1.93566,1.91233,0.0233237,0.0309725,0.00108144,0.000144817,-0.000827789,1.88424,-0.00327658
2.35076,1.85965,1.91239,-0.0527323,0.0237867,0.000941214,0.000145555,-0.00088689,1.8917,-0.00329883
2.35662,1.8527,1.91327,-0.0605704,0.0173612,0.000815778,0.000146301,-0.000940248,1.89921,-0.00332102
2.36248,1.65595,1.91489,-0.258944,0.0116072,0.0007035,0.000147054,-0.000988422,1.90676,-0.00334314
2.36834,1.76525,1.91717,-0.151928,0.0064482,0.000602955,0.000147815,-0.00103191,1.91437,-0.00336519
2.37421,1.97458,1.92005,0.0545244,0.00181745,0.000512899,0.000148583,-0.00107114,1.92203,-0.00338717
2.38007,1.97036,1.92347,0.0468937,-0.00234294,0.000432238,0.00014936,-0.00110653,1.92974,-0.00340908
2.38593,1.86975,1.92737,-0.0576193,-0.0060836,0.00036001,0.000150144,-0.00113842,1.93751,-0.00343092
2.39179,1.95527,1.9317,0.0235636,-0.00944886,0.000295367,0.000150937,-0.00116712,1.94533,-0.0034527
2.39766,1.75943,1.93644,-0.177015,-0.0124777,0.000237559,0.000151738,-0.00119293,1.9532,-0.0034744
2.40352,1.87068,1.94154,-0.0708645,-0.0152044,0.000185922,0.000152547,-0.0012161,1.96112,-0.00349603
2.40938,1.98608,1.94698,0.0390975,-0.0176592,0.000139863,0.000153365,-0.00123686,1.9691,-0.00351759
2.41524,2.04213,1.95273,0.0894077,-0.0198691,9.88587e-05,0.000154191,-0.00125542,1.97714,-0.00353909
2.4211,1.92354,1.95875,-0.0352145,-0.0218577,6.2438e-05,0.000155026,-0.00127197,1.98523,-0.00356051
2.42697,2.05414,1.96504,0.0890948,-0.0236464,3.01821e-05,0.000155871,-0.00128668,1.99337,-0.00358187
2.43283,2.18991,1.97158,0.21834,-0.0252539,1.71505e-06,0.000156724,-0.00129971,2.00157,-0.00360316
2.43869,2.01702,1.97833,0.0386827,-0.0266971,-2.33001e-05,0.000157587,-0.00131119,2.00983,-0.00362437
2.44455,2.0821,1.98531,0.096793,-0.0279911,-4.51665e-05,0.000158459,-0.00132125,2.01815,-0.00364552
2.45042,1.88801,1.99247,-0.104468,-0.0291494,-6.41568e-05,0.00015934,-0.00133002,2.02653,-0.0036666
2.45628,1.79694,1.99983,-0.202893,-0.0301841,-8.05172e-05,0.000160231,-0.00133759,2.03496,-0.00368761
2.46214,2.02108,2.00736,0.0137171,-0.0311063,-9.44697e-05,0.000161132,-0.00134407,2.04345,-0.00370855
2.468,2.03993,2.01506,0.0248685,-0.0319256,-0.000106215,0.000162043,-0.00134954,2.05201,-0.00372942
2.47386,2.06656,2.02291,0.0436449,-0.0326511,-0.000115936,0.000162965,-0.00135408,2.06062,-0.00375022
2.47973,2.00596,2.03091,-0.0249576,-0.0332908,-0.000123797,0.000163896,-0.00135777,2.06929,-0.00377095
2.48559,2.02155,2.03906,-0.0175099,-0.0338518,-0.000129947,0.000164838,-0.00136068,2.07803,-0.00379161
2.49145,2.13786,2.04734,0.0905192,-0.0343409,-0.000134524,0.000165791,-0.00136286,2.08683,-0.0038122
2.49731,2.26564,2.05576,0.209883,-0.034764,-0.000137651,0.000166755,-0.00136439,2.09569,-0.00383272
2.50318,2.12578,2.0643,0.0614838,-0.0351265,-0.000139441,0.00016773,-0.00136529,2.10461,-0.00385318
2.50904,1.95346,2.07296,-0.119501,-0.0354335,-0.000139997,0.000168716,-0.00136564,2.1136,-0.00387356
2.5149,2.18737,2.08174,0.105629,-0.0356893,-0.000139413,0.000169713,-0.00136546,2.12266,-0.00389388
2.52076,2.20004,2.09063,0.109404,-0.0358981,-0.000137775,0.000170722,-0.00136481,2.13178,-0.00391412
2.52662,2.21806,2.09964,0.118423,-0.0360638,-0.000135162,0.000171743,-0.00136372,2.14096,-0.0039343
2.53249,2.18249,2.10875,0.0737394,-0.0361896,-0.000131646,0.000172776,-0.00136222,2.15021,-0.0039544
2.53835,2.38289,2.11797,0.264928,-0.0362788,-0.000127292,0.000173821,-0.00136034,2.15953,-0.00397444
2.54421,2.23538,2.12729,0.108095,-0.0363342,-0.000122162,0.000174879,-0.00135813,2.16892,-0.00399441
2.55007,2.23988,2.13671,0.10317,-0.0363585,-0.00011631,0.000175949,-0.00135559,2.17838,-0.00401431
2.55594,2.02226,2.14623,-0.123972,-0.0363541,-0.000109788,0.000177033,-0.00135277,2.1879,-0.00403413
2.5618,2.08556,2.15585,-0.0702809,-0.0363232,-0.000102641,0.000178129,-0.00134967,2.1975,-0.00405389
2.56766,2.10134,2.16556,-0.0642241,-0.0362678,-9.49147e-05,0.000179239,-0.00134634,2.20716,-0.00407358
2.57352,2.17589,2.17537,0.000516366,-0.0361899,-8.66469e-05,0.000180363,-0.00134277,2.2169,-0.0040932
2.57938,2.24151,2.18527,0.0562341,-0.0360912,-7.78743e-05,0.0001815,-0.001339,2.22671,-0.00411276
2.58525,2.16368,2.19527,-0.0315906,-0.0359732,-6.86305e-05,0.000182652,-0.00133504,2.23659,-0.00413224
2.59111,2.38435,2.20536,0.178992,-0.0358375,-5.89463e-05,0.000183818,-0.00133091,2.24655,-0.00415165
2.59697,2.19103,2.21554,-0.0245085,-0.0356853,-4.88502e-05,0.000184998,-0.00132661,2.25658,-0.00417099
2.60283,2.19912,2.22581,-0.0266864,-0.035518,-3.83682e-05,0.000186194,-0.00132217,2.26669,-0.00419027
2.6087,2.27476,2.23617,0.0385857,-0.0353367,-2.75244e-05,0.000187405,-0.0013176,2.27687,-0.00420947
2.61456,2.16283,2.24662,-0.0837877,-0.0351425,-1.63412e-05,0.000188631,-0.00131291,2.28713,-0.00422861
2.62042,2.3107,2.25716,0.053531,-0.0349363,-4.83884e-06,0.000189873,-0.00130811,2.29747,-0.00424767
2.62628,2.36863,2.2678,0.100837,-0.0347191,6.96369e-06,0.000191132,-0.00130321,2.30789,-0.00426667
2.63214,2.3054,2.27852,0.0268814,-0.0344916,1.90491e-05,0.000192406,-0.00129822,2.31838,-0.00428559
2.63801,2.50431,2.28933,0.214983,-0.0342548,3.14013e-05,0.000193698,-0.00129315,2.32896,-0.00430445
2.64387,2.3974,2.30023,0.0971643,-0.0340093,4.40057e-05,0.000195006,-0.00128801,2.33961,-0.00432324
2.64973,2.39223,2.31123,0.0810006,-0.0337558,5.68487e-05,0.000196332,-0.00128281,2.35035,-0.00434196
2.65559,2.28013,2.32231,-0.0421805,-0.0334949,6.99179e-05,0.000197676,-0.00127754,2.36117,-0.00436061
2.66146,2.18632,2.33348,-0.147157,-0.0332272,8.32017e-05,0.000199038,-0.00127223,2.37208,-0.00437918
2.66732,2.26583,2.34475,-0.0789183,-0.0329532,9.66898e-05,0.000200418,-0.00126687,2.38307,-0.00439769
2.67318,2.32734,2.3561,-0.0287596,-0.0326735,0.000110372,0.000201817,-0.00126147,2.39414,-0.00441614
2.67904,2.3412,2.36755,-0.0263532,-0.0323884,0.000124241,0.000203235,-0.00125604,2.4053,-0.00443451
2.6849,2.47044,2.37909,0.0913535,-0.0320984,0.000138287,0.000204673,-0.00125058,2.41655,-0.00445281
2.69077,2.21636,2.39072,-0.174369,-0.031804,0.000152503,0.000206131,-0.0012451,2.42789,-0.00447104
2.69663,2.26805,2.40245,-0.134404,-0.0315054,0.000166883,0.000207609,-0.00123959,2.43931,-0.0044892
2.70249,2.2259,2.41427,-0.188371,-0.031203,0.000181421,0.000209108,-0.00123408,2.45083,-0.0045073
2.70835,2.52415,2.42619,0.0979603,-0.0308972,0.000196111,0.000210629,-0.00122855,2.46243,-0.00452532
2.71422,2.44018,2.4382,0.00198039,-0.0305882,0.000210947,0.000212171,-0.00122301,2.47413,-0.00454328
2.72008,2.42841,2.45031,-0.021897,-0.0302763,0.000225926,0.000213735,-0.00121747,2.48592,-0.00456116
2.72594,2.37755,2.46251,-0.0849607,-0.0299617,0.000241044,0.000215322,-0.00121192,2.49781,-0.00457898
2.7318,2.56208,2.47481,0.0872692,-0.0296448,0.000256297,0.000216932,-0.00120638,2.50979,-0.00459673
2.73766,2.50111,2.48721,0.0138964,-0.0293256,0.000271681,0.000218566,-0.00120084,2.52186,-0.0046144
2.74353,2.55221,2.49971,0.052501,-0.0290045,0.000287195,0.000220224,-0.00119531,2.53404,-0.00463201
2.74939,2.36111,2.51231,-0.151201,-0.0286815,0.000302835,0.000221907,-0.00118978,2.54631,-0.00464955
2.75525,2.61885,2.52501,0.0938325,-0.028357,0.0003186,0.000223615,-0.00118426,2.55868,-0.00466702
2.76111,2.63116,2.53782,0.0933457,-0.0280309,0.000334488,0.000225348,-0.00117876,2.57115,-0.00468442
2.76698,2.65904,2.55072,0.108316,-0.0277036,0.000350497,0.000227109,-0.00117327,2.58372,-0.00470175
2.77284,2.74202,2.56373,0.178283,-0.027375,0.000366627,0.000228896,-0.0011678,2.5964,-0.00471901
2.7787,2.63975,2.57685,0.0629023,-0.0270454,0.000382876,0.00023071,-0.00116234,2.60918,-0.0047362
2.78456,2.62096,2.59007,0.0308916,-0.0267149,0.000399245,0.000232553,-0.00115691,2.62206,-0.00475332
2.79043,2.70932,2.6034,0.105916,-0.0263835,0.000415732,0.000234425,-0.00115149,2.63505,-0.00477038
2.79629,2.71757,2.61684,0.10073,-0.0260515,0.000432338,0.000236326,-0.00114609,2.64815,-0.00478736
2.80215,2.66554,2.63038,0.035155,-0.0257187,0.000449063,0.000238258,-0.00114072,2.66136,-0.00480427
2.80801,2.68723,2.64404,0.043186,-0.0253855,0.000465907,0.00024022,-0.00113537,2.67468,-0.00482112
2.81387,2.65114,2.65781,-0.00666541,-0.0250517,0.000482872,0.000242214,-0.00113004,2.6881,-0.00483789
2.81974,2.76663,2.67169,0.0949342,-0.0247176,0.000499957,0.000244241,-0.00112474,2.70164,-0.0048546
2.8256,2.83212,2.68569,0.146434,-0.0243831,0.000517164,0.000246301,-0.00111947,2.7153,-0.00487124
2.83146,2.7731,2.6998,0.0732995,-0.0240483,0.000534494,0.000248394,-0.00111422,2.72907,-0.0048878
2.83732,2.94448,2.71403,0.230449,-0.0237133,0.000551948,0.000250523,-0.001109,2.74295,-0.0049043
2.84319,2.67965,2.72837,-0.0487267,-0.0233782,0.000569529,0.000252687,-0.0011038,2.75695,-0.00492073
2.84905,2.73512,2.74284,-0.00771434,-0.0230429,0.000587238,0.000254888,-0.00109864,2.77108,-0.00493709
2.85491,2.94791,2.75743,0.190486,-0.0227075,0.000605077,0.000257127,-0.00109351,2.78532,-0.00495338
2.86077,2.81841,2.77213,0.0462725,-0.022372,0.000623048,0.000259403,-0.0010884,2.79968,-0.0049696
2.86663,2.67745,2.78697,-0.109521,-0.0220365,0.000641153,0.00026172,-0.00108332,2.81417,-0.00498575
2.8725,2.93204,2.80192,0.130115,-0.021701,0.000659395,0.000264076,-0.00107828,2.82878,-0.00500183
2.87836,2.9379,2.81701,0.120893,-0.0213656,0.000677777,0.000266475,-0.00107326,2.84352,-0.00501784
2.88422,2.78416,2.83222,-0.0480573,-0.0210301,0.000696301,0.000268915,-0.00106828,2.85839,-0.00503378
2.89008,2.93713,2.84756,0.0895715,-0.0206948,0.000714971,0.0002714,-0.00106333,2.87338,-0.00504965
2.89595,2.82215,2.86303,-0.0408761,-0.0203595,0.000733789,0.000273929,-0.00105841,2.88851,-0.00506546
2.90181,2.76836,2.87863,-0.110271,-0.0200243,0.000752759,0.000276505,-0.00105352,2.90376,-0.00508119
2.90767,2.87696,2.89437,-0.0174075,-0.0196891,0.000771884,0.000279127,-0.00104866,2.91916,-0.00509686
2.91353,2.88937,2.91025,-0.0208729,-0.0193541,0.000791168,0.000281798,-0.00104383,2.93468,-0.00511245
2.91939,2.84546,2.92626,-0.0808004,-0.0190192,0.000810616,0.000284519,-0.00103904,2.95035,-0.00512798
2.92526,2.91372,2.94241,-0.0286837,-0.0186844,0.00083023,0.000287291,-0.00103427,2.96615,-0.00514343
2.93112,2.88466,2.9587,-0.074038,-0.0183497,0.000850015,0.000290116,-0.00102954,2.98209,-0.00515882
2.93698,2.98936,2.97513,0.014226,-0.0180151,0.000869975,0.000292995,-0.00102484,2.99818,-0.00517414
2.94284,3.02457,2.99171,0.0328628,-0.0176806,0.000890116,0.00029593,-0.00102018,3.01441,-0.00518939
2.94871,3.12043,3.00843,0.111997,-0.0173462,0.00091044,0.000298922,-0.00101554,3.03079,-0.00520457
2.95457,3.04641,3.0253,0.0211099,-0.0170119,0.000930954,0.000301973,-0.00101094,3.04731,-0.00521968
2.96043,2.9524,3.04232,-0.0899209,-0.0166776,0.000951663,0.000305085,-0.00100637,3.06398,-0.00523472
2.96629,2.93753,3.05949,-0.121961,-0.0163435,0.000972571,0.000308259,-0.00100183,3.08081,-0.00524969
2.97215,3.04799,3.07682,-0.0288223,-0.0160093,0.000993685,0.000311497,-0.000997323,3.09778,-0.00526459
2.97802,3.26391,3.0943,0.169619,-0.0156752,0.00101501,0.000314802,-0.000992848,3.11491,-0.00527942
2.98388,3.27543,3.11193,0.163501,-0.0153412,0.00103655,0.000318174,-0.000988405,3.1322,-0.00529418
2.98974,3.14902,3.12973,0.0192905,-0.0150071,0.00105831,0.000321617,-0.000983993,3.14965,-0.00530888
2.9956,3.27522,3.14769,0.127535,-0.014673,0.00108031,0.000325133,-0.000979613,3.16726,-0.0053235
3.00147,3.1249,3.16581,-0.0409085,-0.0143389,0.00110253,0.000328723,-0.000975264,3.18503,-0.00533805
3.00733,3.30058,3.18409,0.116484,-0.0140048,0.001125,0.00033239,-0.000970946,3.20296,-0.00535254
3.01319,3.23281,3.20254,0.0302654,-0.0136706,0.00114772,0.000336136,-0.000966659,3.22107,-0.00536695
3.01905,3.3358,3.22117,0.114633,-0.0133363,0.0011707,0.000339964,-0.000962403,3.23934,-0.0053813
3.02491,3.36603,3.23996,0.126068,-0.0130018,0.00119394,0.000343877,-0.000958178,3.25778,-0.00539558
3.03078,3.30247,3.25893,0.0435339,-0.0126673,0.00121745,0.000347878,-0.000953984,3.2764,-0.00540978
3.03664,3.35481,3.27808,0.0767325,-0.0123325,0.00124124,0.000351968,-0.00094982,3.29519,-0.00542392
3.0425,3.25078,3.2974,-0.046615,-0.0119976,0.00126532,0.000356152,-0.000945686,3.31416,-0.00543799
3.04836,3.32838,3.3169,0.0114774,-0.0116624,0.0012897,0.000360432,-0.000941583,3.33331,-0.00545199
3.05423,3.47626,3.33659,0.139671,-0.011327,0.00131438,0.000364812,-0.000937509,3.35264,-0.00546592
3.06009,3.82301,3.35647,0.466545,-0.0109914,0.00133937,0.000369295,-0.000933465,3.37216,-0.00547978
3.06595,3.61656,3.37653,0.240035,-0.0106554,0.00136469,0.000373884,-0.00092945,3.39187,-0.00549357
3.07181,3.51013,3.39678,0.113348,-0.0103191,0.00139035,0.000378584,-0.000925465,3.41176,-0.00550729
3.07767,3.38739,3.41723,-0.0298361,-0.00998241,0.00141635,0.000383398,-0.000921509,3.43185,-0.00552094
3.08354,3.56336,3.43787,0.125494,-0.00964533,0.0014427,0.00038833,-0.000917582,3.45213,-0.00553453
3.0894,3.37113,3.45871,-0.0875796,-0.00930782,0.00146942,0.000393385,-0.000913684,3.47261,-0.00554804
3.09526,3.41001,3.47975,-0.069735,-0.00896984,0.00149652,0.000398567,-0.000909814,3.4933,-0.00556148
3.10112,3.54776,3.50099,0.0467676,-0.00863136,0.00152401,0.000403881,-0.000905972,3.51418,-0.00557486
3.10699,3.45469,3.52245,-0.0677576,-0.00829234,0.0015519,0.000409331,-0.000902159,3.53527,-0.00558816
3.11285,3.70476,3.54411,0.160656,-0.00795275,0.00158021,0.000414923,-0.000898373,3.55657,-0.0056014
3.11871,3.75248,3.56598,0.186493,-0.00761255,0.00160894,0.000420663,-0.000894616,3.57807,-0.00561457
3.12457,3.62349,3.58807,0.0354145,-0.0072717,0.00163812,0.000426555,-0.000890885,3.5998,-0.00562766
3.13043,3.60181,3.61038,-0.00857063,-0.00693016,0.00166776,0.000432607,-0.000887182,3.62174,-0.00564069
3.1363,3.53819,3.63291,-0.0947166,-0.0065879,0.00169786,0.000438824,-0.000883506,3.6439,-0.00565365
3.14216,3.52738,3.65566,-0.128286,-0.00624487,0.00172846,0.000445212,-0.000879857,3.66628,-0.00566654
3.14802,3.71674,3.67864,0.0381027,-0.00590104,0.00175956,0.00045178,-0.000876234,3.68889,-0.00567936
3.15388,3.80729,3.70185,0.10544,-0.00555635,0.00179118,0.000458533,-0.000872638,3.71172,-0.00569211
3.15975,3.825,3.7253,0.0996991,-0.00521078,0.00182334,0.000465481,-0.000869068,3.73479,-0.00570479
3.16561,3.83887,3.74898,0.0898886,-0.00486427,0.00185606,0.000472631,-0.000865523,3.7581,-0.0057174
3.17147,3.78091,3.7729,0.00800351,-0.00451678,0.00188936,0.000479991,-0.000862005,3.78164,-0.00572994
3.17733,3.8687,3.79707,0.0716336,-0.00416826,0.00192325,0.000487572,-0.000858512,3.80543,-0.00574241
3.18319,3.73697,3.82148,-0.084514,-0.00381868,0.00195776,0.000495381,-0.000855045,3.82946,-0.00575481
3.18906,3.85655,3.84615,0.010397,-0.00346797,0.00199292,0.000503431,-0.000851602,3.85374,-0.00576715
3.19492,4.05032,3.87107,0.17925,-0.00311611,0.00202873,0.00051173,-0.000848185,3.87827,-0.00577941
3.20078,4.11181,3.89625,0.215566,-0.00276303,0.00206524,0.000520292,-0.000844792,3.90306,-0.00579161
3.20664,3.97729,3.92169,0.0556069,-0.00240868,0.00210245,0.000529128,-0.000841423,3.92811,-0.00580373
3.21251,3.96748,3.94739,0.0200905,-0.00205303,0.00214041,0.00053825,-0.000838079,3.95342,-0.00581579
3.21837,4.14678,3.97337,0.173415,-0.001696,0.00217913,0.000547673,-0.000834759,3.979,-0.00582777
3.22423,4.25836,3.99962,0.258746,-0.00133756,0.00221865,0.00055741,-0.000831463,4.00485,-0.00583969
3.23009,3.99624,4.02614,-0.0298999,-0.000977651,0.002259,0.000567478,-0.00082819,4.03097,-0.00585154
3.23596,4.03899,4.05295,-0.0139631,-0.000616214,0.0023002,0.000577892,-0.000824941,4.05738,-0.00586332
3.24182,4.13422,4.08004,0.0541783,-0.000253194,0.00234229,0.00058867,-0.000821715,4.08406,-0.00587503
3.24768,4.2764,4.10743,0.16897,0.000111464,0.00238531,0.000599831,-0.000818512,4.11104,-0.00588666
3.25354,4.14174,4.13511,0.00663972,0.000477818,0.0024293,0.000611394,-0.000815331,4.1383,-0.00589823
3.2594,4.26287,4.16308,0.0997831,0.000845927,0.00247429,0.000623381,-0.000812174,4.16586,-0.00590974
3.26527,4.22895,4.19136,0.0375873,0.00121585,0.00252032,0.000635815,-0.000809038,4.19372,-0.00592117
3.27113,4.49522,4.21995,0.275269,0.00158765,0.00256744,0.000648718,-0.000805925,4.22188,-0.00593253
3.27699,4.40926,4.24885,0.160406,0.00196139,0.00261569,0.000662119,-0.000802834,4.25036,-0.00594382
3.28285,4.35006,4.27807,0.0719941,0.00233714,0.00266512,0.000676044,-0.000799765,4.27914,-0.00595504
3.28872,4.33402,4.30761,0.0264075,0.00271495,0.00271578,0.000690524,-0.000796717,4.30825,-0.0059662
3.29458,4.48351,4.33748,0.146033,0.0030949,0.00276773,0.00070559,-0.000793691,4.33768,-0.00597728
3.30044,4.51366,4.36767,0.145986,0.00347705,0.00282101,0.000721277,-0.000790686,4.36743,-0.0059883
3.3063,4.37556,4.39821,-0.0226458,0.00386148,0.0028757,0.000737623,-0.000787702,4.39752,-0.00599924
3.31216,4.48046,4.42909,0.0513751,0.00424825,0.00293185,0.000754668,-0.000784738,4.42795,-0.00601012
3.31803,4.38501,4.46032,-0.0753069,0.00463744,0.00298954,0.000772456,-0.000781796,4.45872,-0.00602092
3.32389,4.43454,4.4919,-0.0573596,0.00502911,0.00304883,0.000791033,-0.000778874,4.48984,-0.00603166
3.32975,4.42039,4.52383,-0.103446,0.00542336,0.00310979,0.000810451,-0.000775972,4.52131,-0.00604233
3.33561,4.436,4.55614,-0.120138,0.00582025,0.00317252,0.000830765,-0.00077309,4.55314,-0.00605293
3.34148,4.52499,4.58881,-0.0638166,0.00621986,0.00323708,0.000852035,-0.000770228,4.58534,-0.00606346
3.34734,4.54697,4.62186,-0.0748862,0.00662228,0.00330359,0.000874327,-0.000767386,4.6179,-0.00607392
3.3532,4.72164,4.65529,0.0663517,0.00702759,0.00337213,0.000897711,-0.000764563,4.65084,-0.00608431
3.35906,4.82372,4.68911,0.134606,0.00743587,0.0034428,0.000922267,-0.00076176,4.68417,-0.00609463
3.36492,4.77934,4.72333,0.0560093,0.00784721,0.00351573,0.000948079,-0.000758976,4.71788,-0.00610488
3.37079,4.70619,4.75794,-0.0517553,0.0082617,0.00359102,0.000975241,-0.000756211,4.75199,-0.00611506
3.37665,4.89324,4.79297,0.100275,0.00867943,0.0036688,0.00100386,-0.000753465,4.78649,-0.00612517
3.38251,4.70351,4.82841,-0.124898,0.00910049,0.00374922,0.00103403,-0.000750737,4.82141,-0.00613522
3.38837,4.68083,4.86427,-0.183439,0.00952498,0.0038324,0.0010659,-0.000748028,4.85674,-0.00614519
3.39424,4.95436,4.90055,0.0538024,0.00995301,0.00391853,0.0010996,-0.000745337,4.89248,-0.0061551
3.4001,5.05556,4.93728,0.118277,0.0103847,0.00400775,0.00113527,-0.000742665,4.92866,-0.00616493
3.40596,5.14269,4.97445,0.168247,0.01082,0.00410025,0.00117309,-0.00074001,4.96527,-0.0061747
3.41182,5.08142,5.01206,0.0693537,0.0112593,0.00419624,0.00121325,-0.000737374,5.00232,-0.00618439
3.41768,4.9898,5.05014,-0.060343,0.0117024,0.00429592,0.00125595,-0.000734755,5.03981,-0.00619402
3.42355,5.0616,5.08868,-0.0270846,0.0121496,0.00439951,0.00130142,-0.000732153,5.07777,-0.00620358
3.42941,5.21382,5.1277,0.0861237,0.012601,0.00450728,0.00134994,-0.000729569,5.11618,-0.00621306
3.43527,5.15967,5.1672,-0.00752308,0.0130567,0.00461949,0.00140179,-0.000727002,5.15507,-0.00622248
3.44113,5.17787,5.20719,-0.0293204,0.0135168,0.00473643,0.0014573,-0.000724452,5.19443,-0.00623183
3.447,5.14561,5.24768,-0.102067,0.0139814,0.00485843,0.00151686,-0.000721919,5.23429,-0.00624111
3.45286,5.18703,5.28868,-0.101644,0.0144507,0.00498583,0.00158088,-0.000719403,5.27463,-0.00625032
3.45872,5.42106,5.3302,0.0908667,0.0149248,0.00511901,0.00164986,-0.000716903,5.31548,-0.00625946
3.46458,5.48376,5.37224,0.111516,0.0154038,0.0052584,0.00172435,-0.00071442,5.35684,-0.00626854
3.47044,5.37786,5.41483,-0.0369699,0.0158879,0.00540445,0.00180498,-0.000711953,5.39872,-0.00627754
3.47631,5.38436,5.45796,-0.0736047,0.0163772,0.00555767,0.00189248,-0.000709502,5.44113,-0.00628647
3.48217,5.46681,5.50165,-0.0348397,0.0168718,0.00571861,0.00198772,-0.000707067,5.48408,-0.00629533
3.48803,5.62918,5.54591,0.0832694,0.017372,0.00588789,0.00209168,-0.000704648,5.52757,-0.00630413
3.49389,5.54513,5.59076,-0.0456231,0.0178778,0.0060662,0.0022055,-0.000702245,5.57162,-0.00631285
3.49976,5.6478,5.63619,0.0116112,0.0183894,0.0062543,0.00233056,-0.000699857,5.61624,-0.00632151
3.50562,5.5218,5.68223,-0.160438,0.018907,0.00645302,0.00246846,-0.000697485,5.66143,-0.00633009
3.51148,5.60199,5.72889,-0.1269,0.0194307,0.00666332,0.0026211,-0.000695128,5.70721,-0.00633861
3.51734,5.8202,5.77619,0.0440091,0.0199608,0.00688625,0.00279078,-0.000692786,5.75359,-0.00634706
3.5232,5.96522,5.82413,0.141087,0.0204974,0.00712301,0.00298024,-0.000690459,5.80057,-0.00635543
3.52907,5.84623,5.87273,-0.0265038,0.0210407,0.00737494,0.00319283,-0.000688148,5.84817,-0.00636374
3.53493,5.88198,5.92201,-0.0400311,0.0215909,0.00764357,0.00343266,-0.00068585,5.8964,-0.00637198
3.54079,6.07851,5.97199,0.106514,0.0221481,0.00793063,0.00370479,-0.000683568,5.94527,-0.00638015
3.54665,6.0594,6.02269,0.0367028,0.0227127,0.0082381,0.00401554,-0.0006813,5.9948,-0.00638825
3.55252,6.07543,6.07413,0.00129848,0.0232847,0.00856825,0.0043729,-0.000679046,6.04498,-0.00639628
3.55838,6.21859,6.12634,0.0922584,0.0238645,0.00892369,0.00478704,-0.000676807,6.09584,-0.00640424
3.56424,6.2679,6.17933,0.0885708,0.0244522,0.00930747,0.00527112,-0.000674581,6.14739,-0.00641213
3.5701,6.40829,6.23316,0.175129,0.0250481,0.00972312,0.00584241,-0.00067237,6.19964,-0.00641996
3.57596,6.45838,6.28785,0.170528,0.0256524,0.0101748,0.00652391,-0.000670173,6.2526,-0.00642771
3.58183,6.38116,6.34346,0.0377035,0.0262654,0.0106673,0.00734681,-0.000667989,6.30629,-0.00643539
3.58769,6.44139,6.40005,0.0413357,0.0268872,0.0112065,0.00835427,-0.000665819,6.36071,-0.00644301
3.59355,6.50534,6.4577,0.0476381,0.0275183,0.0117994,0.00960741,-0.000663662,6.41589,-0.00645055
3.59941,6.44129,6.51653,-0.0752415,0.0281589,0.0124542,0.011195,-0.000661519,6.47184,-0.00645803
3.60528,6.50036,6.57668,-0.0763214,0.0288091,0.0131813,0.0132498,-0.000659389,6.52857,-0.00646543
3.61114,6.74684,6.6384,0.108434,0.0294695,0.0139931,0.0159774,-0.000657272,6.58609,-0.00647277
3.617,6.61896,6.70205,-0.0830937,0.0301401,0.0149052,0.0197092,-0.000655169,6.64443,-0.00648004
3.62286,6.87221,6.76822,0.103988,0.0308215,0.0159371,0.0250046,-0.000653078,6.7036,-0.00648724
3.62872,6.92581,6.83795,0.0878661,0.0315138,0.017114,0.0328602,-0.000651,6.76361,-0.00649436
3.63459,6.9486,6.91317,0.0354306,0.0322175,0.0184681,0.0451631,-0.000648934,6.82447,-0.00650142
3.64045,7.07067,6.99775,0.0729244,0.0329328,0.020042,0.0657133,-0.000646882,6.88621,-0.00650841
3.64631,7.15765,7.09967,0.0579845,0.0336603,0.0218929,0.102423,-0.000644841,6.94885,-0.00651533
3.65217,7.32037,7.23336,0.0870045,0.0344001,0.0240991,0.169633,-0.000642814,7.0124,-0.00652218
3.65804,7.2915,7.39897,-0.107463,0.0351528,0.0267708,0.267342,-0.000640798,7.07687,-0.00652897
3.6639,7.35964,7.49164,-0.131998,0.0359188,0.0300673,0.290537,-0.000638795,7.14229,-0.00653568
3.66976,7.39741,7.46631,-0.0688989,0.0366984,0.0342268,0.193889,-0.000636803,7.20867,-0.00654232
3.67562,7.63799,7.45629,0.181698,0.0374922,0.0396194,0.110321,-0.000634824,7.27604,-0.00654889
3.68149,7.6649,7.48748,0.177421,0.0383005,0.0468462,0.0651013,-0.000632856,7.34442,-0.0065554
3.68735,7.54891,7.54388,0.0050267,0.0391239,0.0569364,0.0412045,-0.000630901,7.41381,-0.00656183
3.69321,7.63404,7.61652,0.0175114,0.0399629,0.0717604,0.0277459,-0.000628956,7.48425,-0.0065682
3.69907,7.70041,7.70394,-0.00353121,0.0408179,0.0949463,0.0196224,-0.000627024,7.55576,-0.00657449
3.70493,7.8928,7.81119,0.081605,0.0416896,0.133935,0.0144185,-0.000625103,7.62835,-0.00658072
3.7108,8.12139,7.95204,0.169349,0.0425785,0.203701,0.0109182,-0.000623193,7.70206,-0.00658687
3.71666,8.58602,8.14392,0.442105,0.0434852,0.322286,0.00846795,-0.000621294,7.77689,-0.00659296
3.72252,8.43832,8.32693,0.111391,0.0444103,0.430155,0.00669568,-0.000619407,7.85288,-0.00659898
3.72838,8.56366,8.33867,0.224983,0.0453545,0.365107,0.00537835,-0.000617531,7.93006,-0.00660493
3.73425,8.47145,8.2945,0.176956,0.0463184,0.242596,0.00437647,-0.000615666,8.00843,-0.00661081
3.74011,8.34709,8.30646,0.0406284,0.0473027,0.174748,0.00359949,-0.000613811,8.08804,-0.00661662
3.74597,8.41446,8.36349,0.0509677,0.0483082,0.150536,0.00298674,-0.000611968,8.1689,-0.00662236
3.75183,8.47394,8.45006,0.0238735,0.0493356,0.154429,0.00249645,-0.000610135,8.25104,-0.00662803
3.75769,8.63842,8.56372,0.0746978,0.0503858,0.183981,0.00209912,-0.000608313,8.33449,-0.00663363
3.76356,8.91657,8.71472,0.20185,0.0514596,0.249454,0.00177352,-0.000606501,8.41928,-0.00663916
3.76942,8.97799,8.93065,0.0473431,0.0525578,0.378394,0.00150404,-0.0006047,8.50544,-0.00664463
3.77528,9.59294,9.24616,0.346777,0.0536815,0.605465,0.00127905,-0.000602909,8.59299,-0.00665002
3.78114,9.88896,9.5414,0.347562,0.0548315,0.810765,0.00108971,-0.000601128,8.68197,-0.00665534
3.78701,9.99922,9.4908,0.508423,0.0560088,0.668716,0.000929241,-0.000599358,8.7724,-0.0066606
3.79287,9.66331,9.32361,0.339704,0.0572146,0.408536,0.00079237,-0.000597598,8.86433,-0.00666578
3.79873,9.562,9.26251,0.299496,0.05845,0.252876,0.000674949,-0.000595847,8.95777,-0.0066709
3.80459,9.48503,9.28244,0.202585,0.0597161,0.176649,0.000573684,-0.000594107,9.05277,-0.00667594
3.81045,9.56641,9.34681,0.219594,0.0610142,0.14322,0.000485933,-0.000592376,9.14936,-0.00668092
3.81632,9.56525,9.43997,0.125281,0.0623456,0.136911,0.000409562,-0.000590656,9.24758,-0.00668583
3.82218,9.57368,9.56033,0.013342,0.0637116,0.156098,0.000342828,-0.000588945,9.34746,-0.00669067
3.82804,9.85079,9.71838,0.132416,0.0651137,0.211221,0.000284304,-0.000587243,9.44904,-0.00669544
3.8339,10.1233,9.92972,0.193605,0.0665534,0.317855,0.000232807,-0.000585552,9.55236,-0.00670014
3.83977,10.5435,10.1335,0.410009,0.0680324,0.415139,0.000187355,-0.000583869,9.65746,-0.00670477
3.84563,10.3144,10.1663,0.148116,0.0695522,0.339541,0.000147127,-0.000582196,9.76438,-0.00670933
3.85149,10.3129,10.142,0.170828,0.0711147,0.204953,0.000111429,-0.000580533,9.87316,-0.00671382
3.85735,10.4096,10.1717,0.237926,0.0727218,0.122329,7.96779e-05,-0.000578878,9.98384,-0.00671824
3.86321,10.2582,10.2421,0.0161042,0.0743754,0.0785198,5.13765e-05,-0.000577233,10.0965,-0.00672259
3.86908,10.377,10.3341,0.0429206,0.0760778,0.0541912,2.61009e-05,-0.000575597,10.2111,-0.00672687
3.87494,10.7121,10.438,0.27415,0.077831,0.0396525,3.48746e-06,-0.00057397,10.3278,-0.00673109
3.8808,10.8251,10.5492,0.275837,0.0796376,0.0303723,-1.67765e-05,-0.000572351,10.4465,-0.00673523
3.88666,10.722,10.6657,0.0563137,0.0814999,0.0241224,-3.49611e-05,-0.000570742,10.5674,-0.00673931
3.89253,10.9971,10.7863,0.21075,0.0834207,0.0197302,-5.13006e-05,-0.000569142,10.6905,-0.00674331
3.89839,11.1443,10.9104,0.233862,0.0854028,0.0165381,-6.59986e-05,-0.00056755,10.8159,-0.00674725
3.90425,11.2397,11.0377,0.201944,0.0874492,0.014156,-7.9233e-05,-0.000565967,10.9435,-0.00675111
3.91011,11.3226,11.168,0.1546,0.0895632,0.0123412,-9.11593e-05,-0.000564392,11.0735,-0.00675491
3.91597,11.4281,11.3012,0.126907,0.091748,0.0109367,-0.000101914,-0.000562826,11.2059,-0.00675864
3.92184,11.4501,11.4372,0.0128609,0.0940074,0.00983681,-0.000111618,-0.000561269,11.3408,-0.0067623
3.9277,11.5887,11.5761,0.0126386,0.0963453,0.00896894,-0.000120376,-0.00055972,11.4782,-0.00676589
3.93356,11.8501,11.7178,0.132235,0.0987658,0.00828147,-0.000128283,-0.000558179,11.6182,-0.00676941
3.93942,11.9742,11.8625,0.11176,0.101273,0.0077371,-0.000135422,-0.000556647,11.7609,-0.00677286
3.94529,12.2792,12.01,0.269179,0.103872,0.00730833,-0.000141866,-0.000555122,11.9063,-0.00677624
3.95115,12.2686,12.1606,0.10798,0.106569,0.00697461,-0.000147683,-0.000553606,12.0545,-0.00677955
3.95701,12.1765,12.3142,-0.137668,0.109367,0.00672036,-0.00015293,-0.000552098,12.2056,-0.00678279
3.96287,12.4573,12.4709,-0.0136255,0.112274,0.0065337,-0.00015766,-0.000550598,12.3596,-0.00678596
3.96873,12.7132,12.6309,0.0822893,0.115295,0.00640552,-0.000161921,-0.000549106,12.5167,-0.00678907
3.9746,12.9154,12.7941,0.121338,0.118437,0.00632879,-0.000165755,-0.000547622,12.6768,-0.0067921
3.98046,13.0639,12.9606,0.103207,0.121708,0.00629817,-0.000169199,-0.000546145,12.8402,-0.00679506
3.98632,13.1436,13.1306,0.0129284,0.125115,0.00630963,-0.000172288,-0.000544677,13.0067,-0.00679796
3.99218,13.5117,13.3042,0.207492,0.128667,0.00636021,-0.000175054,-0.000543216,13.1767,-0.00680078
3.99805,13.5411,13.4814,0.059791,0.132373,0.00644787,-0.000177523,-0.000541763,13.3501,-0.00680354
4.00391,13.8093,13.6623,0.147071,0.136243,0.00657136,-0.000179722,-0.000540317,13.527,-0.00680623
4.00977,13.9251,13.847,0.0780802,0.140288,0.00673012,-0.000181672,-0.000538879,13.7075,-0.00680884
4.01563,14.0063,14.0357,-0.0293827,0.144519,0.00692428,-0.000183396,-0.000537448,13.8918,-0.00681139
4.02149,14.4164,14.2284,0.187973,0.14895,0.00715457,-0.000184912,-0.000536025,14.0798,-0.00681387
4.02736,14.3039,14.4253,-0.121407,0.153594,0.00742242,-0.000186237,-0.000534609,14.2719,-0.00681628
4.03322,14.5709,14.6266,-0.0557008,0.158466,0.00772989,-0.000187386,-0.000533201,14.4679,-0.00681862
4.03908,14.919,14.8322,0.0867912,0.163584,0.00807982,-0.000188375,-0.0005318,14.6681,-0.00682089
4.04494,15.0967,15.0425,0.0542654,0.168964,0.0084759,-0.000189216,-0.000530405,14.8726,-0.00682309
4.05081,15.4077,15.2574,0.150319,0.174628,0.00892277,-0.000189921,-0.000529019,15.0814,-0.00682522
4.05667,15.5752,15.4773,0.0979924,0.180597,0.00942627,-0.000190501,-0.000527639,15.2948,-0.00682728
4.06253,15.7507,15.7021,0.0485963,0.186895,0.00999363,-0.000190965,-0.000526266,15.5128,-0.00682928
4.06839,16.2155,15.9322,0.28338,0.193549,0.0106339,-0.000191324,-0.0005249,15.7355,-0.0068312
4.07426,16.294,16.1676,0.126428,0.200589,0.0113582,-0.000191585,-0.000523541,15.9632,-0.00683305
4.08012,16.4937,16.4086,0.0851755,0.208047,0.0121807,-0.000191757,-0.000522189,16.1959,-0.00683484
4.08598,16.6397,16.6553,-0.0156293,0.21596,0.0131192,-0.000191846,-0.000520844,16.4338,-0.00683655
4.09184,16.894,16.908,-0.0140642,0.224368,0.0141963,-0.000191859,-0.000519506,16.677,-0.0068382
4.0977,17.2865,17.167,0.119549,0.233317,0.0154416,-0.000191801,-0.000518174,16.9258,-0.00683978
4.10357,17.5835,17.4324,0.15116,0.242858,0.0168936,-0.000191679,-0.000516849,17.1802,-0.00684128
4.10943,17.8111,17.7045,0.10662,0.253047,0.0186039,-0.000191498,-0.000515531,17.4404,-0.00684272
4.11529,18.0094,17.9837,0.0257796,0.263949,0.020643,-0.000191261,-0.000514219,17.7066,-0.00684409
4.12115,18.4035,18.2702,0.133309,0.275637,0.0231091,-0.000190975,-0.000512914,17.979,-0.00684539
4.12702,18.5014,18.5646,-0.063217,0.288193,0.0261431,-0.000190641,-0.000511616,18.2578,-0.00684662
4.13288,18.8743,18.8673,0.00698023,0.301712,0.0299532,-0.000190265,-0.000510323,18.5432,-0.00684778
4.13874,19.2144,19.1789,0.0355244,0.3163,0.0348592,-0.00018985,-0.000509038,18.8353,-0.00684887
4.1446,19.4864,19.5003,-0.0138731,0.332082,0.0413725,-0.000189399,-0.000507758,19.1344,-0.00684989
4.15046,19.8976,19.8326,0.0649394,0.349198,0.0503536,-0.000188914,-0.000506485,19.4406,-0.00685084
4.15633,20.1859,20.1779,0.00797234,0.367813,0.0633353,-0.000188399,-0.000505218,19.7543,-0.00685172
4.16219,20.5144,20.5394,-0.0250313,0.388117,0.0832296,-0.000187857,-0.000503957,20.0756,-0.00685254
4.16805,21.1347,20.9235,0.211207,0.410335,0.11592,-0.000187288,-0.000502703,20.4048,-0.00685328
4.17391,21.5254,21.3428,0.182542,0.434726,0.173536,-0.000186696,-0.000501455,20.7421,-0.00685395
4.17978,22.0462,21.8178,0.228492,0.461602,0.275887,-0.000186083,-0.000500212,21.0878,-0.00685456
4.18564,22.5059,22.3313,0.174554,0.491328,0.405391,-0.00018545,-0.000498976,21.4422,-0.00685509
4.1915,23.0656,22.7225,0.343134,0.524343,0.400259,-0.0001848,-0.000497746,21.8054,-0.00685556
4.19736,23.3461,23.0054,0.340675,0.561178,0.273857,-0.000184133,-0.000496522,22.178,-0.00685596
4.20322,23.6363,23.3423,0.293966,0.602474,0.187409,-0.000183452,-0.000495303,22.56,-0.00685628
4.20909,24.0938,23.7448,0.349048,0.649015,0.151467,-0.000182758,-0.000494091,22.9518,-0.00685654
4.21495,24.2939,24.1952,0.0986584,0.701772,0.14715,-0.000182051,-0.000492884,23.3538,-0.00685673
4.22081,24.7423,24.6887,0.0536085,0.761952,0.167951,-0.000181334,-0.000491683,23.7663,-0.00685685
4.22667,25.2231,25.233,-0.00987797,0.831076,0.219808,-0.000180607,-0.000490488,24.1896,-0.0068569
4.23254,25.4685,25.8517,-0.383263,0.911082,0.324052,-0.000179872,-0.000489298,24.6241,-0.00685688
4.2384,26.2726,26.5858,-0.313184,1.00447,0.518644,-0.000179129,-0.000488115,25.0702,-0.00685679
4.24426,27.3009,27.4026,-0.101694,1.11451,0.767427,-0.000178379,-0.000486936,25.5282,-0.00685663
4.25012,28.2945,27.9826,0.311884,1.24556,0.74593,-0.000177623,-0.000485764,25.9986,-0.0068564
4.25598,28.6996,28.3569,0.3427,1.4035,0.479171,-0.000176863,-0.000484597,26.4818,-0.0068561
4.26185,29.1184,28.8552,0.263241,1.59645,0.288128,-0.000176098,-0.000483435,26.9781,-0.00685574
4.26771,29.6142,29.5079,0.106303,1.83585,0.19144,-0.000175329,-0.000482279,27.4881,-0.0068553
4.27357,30.1017,30.2898,-0.188092,2.13827,0.146775,-0.000174557,-0.000481129,28.0123,-0.00685479
4.27943,31.0238,31.2044,-0.180584,2.5284,0.132455,-0.000173783,-0.000479983,28.5511,-0.00685422
4.2853,32.0353,32.2845,-0.249235,3.04424,0.142854,-0.000173007,-0.000478844,29.1049,-0.00685357
4.29116,33.0618,33.5981,-0.536283,3.74666,0.184489,-0.000172229,-0.000477709,29.6745,-0.00685286
4.29702,34.2982,35.2646,-0.966416,4.73772,0.274193,-0.000171451,-0.00047658,30.2602,-0.00685208
4.30288,36.3224,37.4456,-1.12318,6.19771,0.392753,-0.000170672,-0.000475456,30.8626,-0.00685122
4.30874,38.7677,40.3172,-1.54946,8.46499,0.377239,-0.000169893,-0.000474337,31.4824,-0.0068503
4.31461,42.5163,44.5673,-2.05098,12.2153,0.239336,-0.000169115,-0.000473224,32.1202,-0.00684931
4.32047,49.3015,51.7632,-2.46178,18.8551,0.139123,-0.000168337,-0.000472115,32.7765,-0.00684825
4.32633,61.9825,64.586,-2.60353,31.056,0.0854132,-0.00016756,-0.000471012,33.4521,-0.00684712
4.33219,81.6774,84.2578,-2.58044,50.0616,0.0561826,-0.000166784,-0.000469913,34.1476,-0.00684592
4.33806,94.2789,93.5115,0.767438,58.6162,0.0390846,-0.00016601,-0.00046882,34.8636,-0.00684465
4.34392,81.2043,76.8735,4.33078,41.2516,0.0283532,-0.000165238,-0.000467732,35.6011,-0.00684331
4.34978,62.3993,59.9527,2.44664,23.5784,0.0212094,-0.000164468,-0.000466649,36.3606,-0.0068419
4.35564,50.9414,50.9286,0.0128566,13.7769,0.0162226,-0.0001637,-0.00046557,37.143,-0.00684043
4.3615,45.7604,46.5807,-0.82036,8.62657,0.0126056,-0.000162935,-0.000464497,37.949,-0.00683888
4.36737,43.8199,44.5376,-0.717743,5.75555,0.00989927,-0.000162172,-0.000463428,38.7796,-0.00683726
4.37323,43.0591,43.6749,-0.615861,4.03897,0.00782209,-0.000161412,-0.000462365,39.6356,-0.00683558
4.37909,43.3099,43.4645,-0.15466,2.94796,0.00619373,-0.000160656,-0.000461306,40.5178,-0.00683382
4.38495,43.4003,43.6435,-0.243155,2.21881,0.00489441,-0.000159902,-0.000460252,41.4273,-0.006832
4.39082,43.8246,44.0723,-0.247692,1.7111,0.00384198,-0.000159152,-0.000459202,42.3648,-0.00683011
4.39668,44.6309,44.6725,-0.0415906,1.34547,0.00297857,-0.000158406,-0.000458158,43.3315,-0.00682814
4.40254,45.4126,45.3978,0.0147622,1.07469,0.00226239,-0.000157663,-0.000457118,44.3283,-0.00682611
4.4084,46.2036,46.2198,-0.0162138,0.869396,0.00166265,-0.000156923,-0.000456082,45.3562,-0.00682401
4.41426,47.097,47.1207,-0.0236874,0.710612,0.00115624,-0.000156188,-0.000455052,46.4164,-0.00682184
4.42013,48.1428,48.0887,0.0540345,0.585683,0.000725513,-0.000155456,-0.000454026,47.5098,-0.0068196
4.42599,49.2472,49.1164,0.130733,0.485924,0.000356822,-0.000154729,-0.000453004,48.6376,-0.00681729
4.43185,50.3575,50.1987,0.15883,0.40523,3.94481e-05,-0.000154005,-0.000451987,49.8009,-0.00681491
4.43771,51.4083,51.3324,0.0758945,0.33921,-0.00023511,-0.000153286,-0.000450975,51.0008,-0.00681246
4.44358,52.645,52.5154,0.129647,0.284653,-0.000473675,-0.00015257,-0.000449966,52.2386,-0.00680994
4.44944,53.9389,53.7464,0.192482,0.239163,-0.000681771,-0.000151859,-0.000448963,53.5154,-0.00680735
4.4553,55.2351,55.0249,0.210157,0.200929,-0.000863912,-0.000151152,-0.000447964,54.8323,-0.00680469
4.46116,56.2042,56.3507,-0.146461,0.168564,-0.00102382,-0.00015045,-0.000446969,56.1906,-0.00680197
4.46702,57.6846,57.7238,-0.0392467,0.140988,-0.00116457,-0.000149752,-0.000445978,57.5914,-0.00679917
4.47289,59.1525,59.1446,0.00787203,0.117356,-0.00128876,-0.000149058,-0.000444992,59.0359,-0.00679631
4.47875,60.691,60.6135,0.0775005,0.0969956,-0.00139853,-0.000148369,-0.00044401,60.5253,-0.00679337
4.48461,62.2716,62.1312,0.140366,0.0793699,-0.00149574,-0.000147684,-0.000443033,62.0607,-0.00679037
4.49047,63.9308,63.6984,0.23248,0.0640444,-0.00158192,-0.000147003,-0.00044206,63.6433,-0.00678729
4.49634,65.5487,65.3156,0.23313,0.0506655,-0.00165843,-0.000146327,-0.00044109,65.274,-0.00678415
4.5022,67.1475,66.9836,0.163864,0.0389433,-0.00172638,-0.000145656,-0.000440126,66.9538,-0.00678094
4.50806,68.8618,68.7032,0.158578,0.0286384,-0.00178678,-0.000144989,-0.000439165,68.6837,-0.00677766
4.51392,70.7982,70.4749,0.323386,0.0195516,-0.00184048,-0.000144326,-0.000438208,70.4645,-0.00677431
4.51979,72.4462,72.2992,0.146985,0.0115168,-0.00188821,-0.000143669,-0.000437256,72.2969,-0.00677089
4.52565,74.3583,74.1766,0.18162,0.00439402,-0.00193061,-0.000143015,-0.000436307,74.1815,-0.0067674
4.53151,76.4195,76.1075,0.311996,-0.00193486,-0.00196826,-0.000142366,-0.000435363,76.1188,-0.00676384
4.53737,78.3261,78.092,0.234099,-0.00757016,-0.00200166,-0.000141722,-0.000434423,78.1089,-0.00676021
4.54323,80.1118,80.13,-0.0182404,-0.0125974,-0.00203122,-0.000141082,-0.000433486,80.152,-0.00675651
4.5491,82.3567,82.2213,0.135363,-0.01709,-0.00205735,-0.000140446,-0.000432554,82.2478,-0.00675274
4.55496,84.4724,84.3654,0.106958,-0.0211108,-0.00208039,-0.000139815,-0.000431626,84.3959,-0.0067489
4.56082,86.6839,86.5615,0.122452,-0.0247144,-0.00210063,-0.000139188,-0.000430701,86.5956,-0.006745
4.56668,89.0439,88.8083,0.235622,-0.0279479,-0.00211834,-0.000138566,-0.000429781,88.8457,-0.00674102
4.57255,91.3156,91.1044,0.211189,-0.0308523,-0.00213377,-0.000137949,-0.000428864,91.1447,-0.00673698
4.57841,93.5783,93.4478,0.130573,-0.0334633,-0.00214713,-0.000137335,-0.000427951,93.4907,-0.00673286
4.58427,96.049,95.8361,0.212965,-0.0358122,-0.00215861,-0.000136726,-0.000427042,95.8813,-0.00672868
4.59013,98.4563,98.2663,0.190011,-0.0379265,-0.00216839,-0.000136122,-0.000426137,98.3137,-0.00672443
4.59599,100.882,100.735,0.14713,-0.0398303,-0.00217661,-0.000135522,-0.000425236,100.784,-0.0067201
4.60186,103.386,103.238,0.14805,-0.0415449,-0.00218342,-0.000134926,-0.000424338,103.289,-0.00671571
4.60772,105.91,105.771,0.138465,-0.0430892,-0.00218895,-0.000134334,-0.000423444,105.824,-0.00671125
4.61358,108.402,108.328,0.0733783,-0.0444799,-0.00219331,-0.000133747,-0.000422554,108.382,-0.00670672
4.61944,110.94,110.903,0.0363964,-0.0457318,-0.00219659,-0.000133164,-0.000421668,110.959,-0.00670212
4.62531,113.555,113.49,0.0650937,-0.0468581,-0.0021989,-0.000132585,-0.000420785,113.546,-0.00669745
4.63117,116.053,116.08,-0.0264623,-0.0478707,-0.00220032,-0.000132011,-0.000419906,116.137,-0.00669271
4.63703,118.575,118.665,-0.0900297,-0.0487801,-0.00220093,-0.000131441,-0.000419031,118.723,-0.0066879
4.64289,121.363,121.235,0.127779,-0.0495957,-0.00220079,-0.000130874,-0.000418159,121.294,-0.00668302
4.64875,123.82,123.782,0.0386185,-0.050326,-0.00219997,-0.000130312,-0.00041729,123.841,-0.00667807
4.65462,126.318,126.293,0.0247244,-0.0509786,-0.00219852,-0.000129754,-0.000416426,126.353,-0.00667306
4.66048,128.759,128.757,0.00211315,-0.0515604,-0.00219651,-0.000129201,-0.000415565,128.818,-0.00666797
4.66634,131.165,131.163,0.00252549,-0.0520777,-0.00219397,-0.000128651,-0.000414707,131.224,-0.00666282
4.6722,133.491,133.496,-0.0053399,-0.0525359,-0.00219096,-0.000128105,-0.000413853,133.558,-0.00665759
4.67807,135.733,135.744,-0.0115087,-0.0529402,-0.00218751,-0.000127563,-0.000413002,135.807,-0.0066523
4.68393,137.79,137.894,-0.104071,-0.0532951,-0.00218366,-0.000127025,-0.000412155,137.957,-0.00664693
4.68979,139.957,139.931,0.026366,-0.0536048,-0.00217945,-0.000126492,-0.000411311,139.994,-0.0066415
4.69565,141.745,141.842,-0.0966221,-0.0538731,-0.0021749,-0.000125962,-0.000410471,141.905,-0.006636
4.70151,143.636,143.612,0.0244221,-0.0541034,-0.00217005,-0.000125436,-0.000409634,143.675,-0.00663042
4.70738,145.002,145.229,-0.227373,-0.0542989,-0.00216492,-0.000124913,-0.0004088,145.293,-0.00662478
4.71324,146.453,146.68,-0.226933,-0.0544624,-0.00215953,-0.000124395,-0.00040797,146.743,-0.00661907
4.7191,147.916,147.952,-0.0360868,-0.0545965,-0.00215391,-0.00012388,-0.000407143,148.016,-0.00661329
4.72496,148.944,149.036,-0.0921235,-0.0547036,-0.00214809,-0.000123369,-0.000406319,149.1,-0.00660744
4.73083,149.758,149.921,-0.162598,-0.0547858,-0.00214207,-0.000122862,-0.000405499,149.985,-0.00660152
4.73669,150.512,150.599,-0.0869486,-0.0548453,-0.00213587,-0.000122359,-0.000404682,150.663,-0.00659554
4.74255,150.861,151.063,-0.20198,-0.0548837,-0.00212952,-0.000121859,-0.000403868,151.127,-0.00658948
4.74841,151.178,151.309,-0.130791,-0.0549028,-0.00212303,-0.000121363,-0.000403058,151.373,-0.00658335
4.75427,151.004,151.333,-0.328616,-0.0549042,-0.00211641,-0.00012087,-0.00040225,151.397,-0.00657715
4.76014,150.915,151.134,-0.219513,-0.0548891,-0.00210967,-0.000120381,-0.000401446,151.198,-0.00657089
4.766,150.509,150.714,-0.204522,-0.054859,-0.00210283,-0.000119895,-0.000400645,150.778,-0.00656455
4.77186,149.989,150.074,-0.0846868,-0.0548151,-0.00209589,-0.000119414,-0.000399847,150.138,-0.00655815
4.77772,149.206,149.22,-0.0140716,-0.0547584,-0.00208887,-0.000118935,-0.000399053,149.284,-0.00655167
4.78359,148.003,148.158,-0.154681,-0.0546899,-0.00208178,-0.00011846,-0.000398261,148.222,-0.00654513
4.78945,146.938,146.896,0.0420068,-0.0546106,-0.00207462,-0.000117988,-0.000397473,146.96,-0.00653852
4.79531,145.34,145.444,-0.104539,-0.0545214,-0.00206741,-0.00011752,-0.000396688,145.508,-0.00653183
4.80117,143.53,143.813,-0.283289,-0.0544231,-0.00206015,-0.000117055,-0.000395905,143.877,-0.00652508
4.80703,141.652,142.015,-0.362566,-0.0543163,-0.00205284,-0.000116594,-0.000395126,142.078,-0.00651826
4.8129,140.056,140.063,-0.00700242,-0.0542019,-0.0020455,-0.000116136,-0.00039435,140.126,-0.00651137
4.81876,137.92,137.97,-0.0497481,-0.0540804,-0.00203813,-0.000115681,-0.000393577,138.033,-0.00650441
4.82462,135.64,135.75,-0.110093,-0.0539523,-0.00203073,-0.000115229,-0.000392807,135.813,-0.00649738
4.83048,133.287,133.419,-0.131847,-0.0538184,-0.00202332,-0.000114781,-0.000392039,133.481,-0.00649028
4.83635,130.824,130.989,-0.165281,-0.053679,-0.00201589,-0.000114335,-0.000391275,131.052,-0.00648311
4.84221,128.54,128.476,0.063746,-0.0535346,-0.00200845,-0.000113893,-0.000390514,128.539,-0.00647588
4.84807,125.894,125.893,0.00120574,-0.0533856,-0.00200101,-0.000113454,-0.000389756,125.955,-0.00646857
4.85393,123.42,123.253,0.166798,-0.0532326,-0.00199356,-0.000113018,-0.000389,123.316,-0.00646119
4.85979,120.602,120.57,0.0320835,-0.0530757,-0.00198612,-0.000112585,-0.000388248,120.632,-0.00645375
4.86566,117.647,117.855,-0.208431,-0.0529154,-0.00197867,-0.000112156,-0.000387498,117.917,-0.00644623
4.87152,115.149,115.12,0.0290195,-0.052752,-0.00197124,-0.000111729,-0.000386751,115.181,-0.00643865
4.87738,112.364,112.374,-0.010869,-0.0525859,-0.00196382,-0.000111305,-0.000386007,112.436,-0.00643099
4.88324,109.623,109.629,-0.00608174,-0.0524171,-0.00195641,-0.000110884,-0.000385266,109.69,-0.00642327
4.88911,107.064,106.893,0.171408,-0.0522462,-0.00194902,-0.000110467,-0.000384528,106.954,-0.00641548
4.89497,104.226,104.173,0.0536286,-0.0520731,-0.00194164,-0.000110052,-0.000383793,104.234,-0.00640762
4.90083,101.634,101.477,0.157555,-0.0518983,-0.00193429,-0.00010964,-0.00038306,101.538,-0.00639968
4.90669,98.8916,98.8113,0.0803801,-0.0517219,-0.00192695,-0.00010923,-0.00038233,98.8718,-0.00639168
4.91255,96.1701,96.1814,-0.0113701,-0.0515441,-0.00191964,-0.000108824,-0.000381603,96.2418,-0.00638361
4.91842,93.6759,93.5923,0.0835942,-0.051365,-0.00191235,-0.000108421,-0.000380878,93.6524,-0.00637547
4.92428,91.0563,91.0479,0.0084586,-0.0511849,-0.00190509,-0.00010802,-0.000380157,91.1078,-0.00636726
4.93014,88.7139,88.5517,0.162187,-0.0510039,-0.00189786,-0.000107622,-0.000379438,88.6115,-0.00635898
4.936,86.291,86.1067,0.184235,-0.0508221,-0.00189066,-0.000107227,-0.000378721,86.1663,-0.00635064
4.94187,83.8218,83.7152,0.106554,-0.0506397,-0.00188349,-0.000106834,-0.000378008,83.7746,-0.00634222
4.94773,81.5155,81.379,0.136502,-0.0504568,-0.00187635,-0.000106444,-0.000377297,81.4381,-0.00633373
4.95359,79.2415,79.0994,0.142007,-0.0502735,-0.00186924,-0.000106057,-0.000376589,79.1584,-0.00632518
4.95945,76.9417,76.8776,0.0641488,-0.0500899,-0.00186216,-0.000105672,-0.000375883,76.9363,-0.00631655
4.96532,74.8669,74.7139,0.152932,-0.0499062,-0.00185512,-0.00010529,-0.00037518,74.7725,-0.00630786
4.97118,72.6816,72.6088,0.0727818,-0.0497224,-0.00184811,-0.000104911,-0.000374479,72.6672,-0.00629909
4.97704,70.6916,70.5623,0.129335,-0.0495386,-0.00184114,-0.000104534,-0.000373782,70.6204,-0.00629026
4.9829,68.5709,68.574,-0.00314639,-0.0493549,-0.00183421,-0.00010416,-0.000373086,68.632,-0.00628135
4.98876,66.701,66.6436,0.0573645,-0.0491713,-0.00182731,-0.000103788,-0.000372394,66.7014,-0.00627238
4.99463,64.8756,64.7704,0.105228,-0.048988,-0.00182045,-0.000103419,-0.000371704,64.8279,-0.00626334
5.00049,62.9579,62.9535,0.0043274,-0.048805,-0.00181362,-0.000103052,-0.000371016,63.0109,-0.00625423
5.00635,61.2014,61.1921,0.0093018,-0.0486223,-0.00180683,-0.000102688,-0.000370331,61.2493,-0.00624505
5.01221,59.4843,59.4851,-0.000866545,-0.0484401,-0.00180008,-0.000102326,-0.000369648,59.5421,-0.0062358
5.01808,57.9472,57.8314,0.115842,-0.0482583,-0.00179337,-0.000101967,-0.000368968,57.8881,-0.00622648
5.02394,56.2418,56.2297,0.0121126,-0.048077,-0.0017867,-0.00010161,-0.00036829,56.2863,-0.00621709
5.0298,54.7697,54.6789,0.0907976,-0.0478963,-0.00178007,-0.000101255,-0.000367615,54.7352,-0.00620763
5.03566,53.3949,53.1775,0.217337,-0.0477162,-0.00177347,-0.000100902,-0.000366943,53.2337,-0.0061981
5.04152,51.8675,51.7243,0.143109,-0.0475367,-0.00176692,-0.000100552,-0.000366272,51.7803,-0.0061885
5.04739,50.2502,50.318,-0.0677347,-0.0473579,-0.0017604,-0.000100204,-0.000365604,50.3737,-0.00617884
5.05325,48.991,48.9571,0.0339321,-0.0471799,-0.00175393,-9.9859e-05,-0.000364939,49.0126,-0.0061691
5.05911,47.7912,47.6403,0.150885,-0.0470025,-0.00174749,-9.95157e-05,-0.000364276,47.6956,-0.0061593
5.06497,46.4247,46.3662,0.0585091,-0.0468259,-0.00174109,-9.91747e-05,-0.000363615,46.4214,-0.00614942
5.07084,45.2966,45.1335,0.163027,-0.0466501,-0.00173473,-9.8836e-05,-0.000362957,45.1885,-0.00613948
5.0767,44.0875,43.9409,0.146628,-0.0464751,-0.00172841,-9.84994e-05,-0.000362301,43.9957,-0.00612946
5.08256,42.9091,42.787,0.122011,-0.0463009,-0.00172214,-9.81649e-05,-0.000361648,42.8416,-0.00611938
5.08842,41.7193,41.6706,0.0486181,-0.0461276,-0.0017159,-9.78327e-05,-0.000360996,41.725,-0.00610923
5.09428,40.5922,40.5904,0.00174328,-0.0459552,-0.00170969,-9.75026e-05,-0.000360348,40.6447,-0.00609901
5.10015,39.5564,39.5452,0.0112199,-0.0457836,-0.00170353,-9.71746e-05,-0.000359701,39.5992,-0.00608872
5.10601,38.5773,38.5337,0.0436058,-0.0456129,-0.00169741,-9.68487e-05,-0.000359057,38.5876,-0.00607835
5.11187,37.6512,37.5548,0.0963189,-0.0454432,-0.00169133,-9.65249e-05,-0.000358415,37.6085,-0.00606792
5.11773,36.7089,36.6074,0.101467,-0.0452744,-0.00168528,-9.62031e-05,-0.000357775,36.6609,-0.00605742
5.1236,35.7237,35.6903,0.0333161,-0.0451064,-0.00167928,-9.58834e-05,-0.000357138,35.7436,-0.00604686
5.12946,34.8495,34.8025,0.0469524,-0.0449395,-0.00167331,-9.55657e-05,-0.000356502,34.8556,-0.00603622
5.13532,34.0239,33.943,0.0809458,-0.0447735,-0.00166738,-9.52501e-05,-0.000355869,33.9959,-0.00602551
5.14118,33.009,33.1106,-0.101679,-0.0446084,-0.00166149,-9.49364e-05,-0.000355239,33.1634,-0.00601473
5.14704,32.229,32.3046,-0.075573,-0.0444443,-0.00165564,-9.46247e-05,-0.00035461,32.3571,-0.00600389
5.15291,31.4523,31.5238,-0.0714872,-0.0442812,-0.00164982,-9.4315e-05,-0.000353984,31.5762,-0.00599297
5.15877,30.7531,30.7674,-0.0142955,-0.044119,-0.00164405,-9.40072e-05,-0.00035336,30.8196,-0.00598199
5.16463,30.0299,30.0346,-0.00475395,-0.0439578,-0.00163831,-9.37013e-05,-0.000352738,30.0866,-0.00597093
5.17049,29.3235,29.3245,-0.000972613,-0.0437976,-0.0016326,-9.33973e-05,-0.000352118,29.3763,-0.00595981
5.17636,28.577,28.6362,-0.0592426,-0.0436384,-0.00162694,-9.30952e-05,-0.000351501,28.6879,-0.00594861
5.18222,28.039,27.9691,0.0699704,-0.0434802,-0.00162131,-9.2795e-05,-0.000350885,28.0205,-0.00593735
5.18808,27.3926,27.3222,0.0703421,-0.0433229,-0.00161572,-9.24967e-05,-0.000350272,27.3735,-0.00592602
5.19394,26.5815,26.695,-0.113464,-0.0431666,-0.00161016,-9.22002e-05,-0.000349661,26.7461,-0.00591462
5.1998,26.0754,26.0867,-0.0113173,-0.0430113,-0.00160465,-9.19055e-05,-0.000349052,26.1376,-0.00590315
5.20567,25.4065,25.4966,-0.0900643,-0.042857,-0.00159916,-9.16126e-05,-0.000348445,25.5474,-0.0058916
5.21153,25.0796,24.9241,0.155483,-0.0427036,-0.00159372,-9.13215e-05,-0.00034784,24.9747,-0.00588
5.21739,24.3912,24.3686,0.0226485,-0.0425513,-0.0015883,-9.10322e-05,-0.000347237,24.419,-0.00586832
5.22325,23.8175,23.8294,-0.0119351,-0.0423999,-0.00158293,-9.07446e-05,-0.000346636,23.8797,-0.00585657
5.22912,23.3287,23.306,0.0226418,-0.0422495,-0.00157759,-9.04588e-05,-0.000346038,23.3562,-0.00584475
5.23498,22.8032,22.7979,0.005332,-0.0421,-0.00157228,-9.01748e-05,-0.000345441,22.8478,-0.00583286
5.24084,22.3175,22.3045,0.0130662,-0.0419515,-0.00156701,-8.98924e-05,-0.000344846,22.3542,-0.0058209
5.2467,21.9932,21.8252,0.16799,-0.041804,-0.00156177,-8.96117e-05,-0.000344254,21.8748,-0.00580888
5.25256,21.4475,21.3596,0.0878668,-0.0416575,-0.00155657,-8.93328e-05,-0.000343663,21.4091,-0.00579678
5.25843,21.0287,20.9073,0.121375,-0.0415119,-0.0015514,-8.90555e-05,-0.000343075,20.9566,-0.00578462
5.26429,20.6265,20.4677,0.158778,-0.0413672,-0.00154626,-8.87799e-05,-0.000342488,20.5168,-0.00577238
5.27015,20.0094,20.0404,-0.0310236,-0.0412235,-0.00154116,-8.85059e-05,-0.000341904,20.0894,-0.00576008
5.27601,19.7907,19.6251,0.165649,-0.0410807,-0.00153609,-8.82335e-05,-0.000341321,19.6739,-0.00574771
5.28188,19.3499,19.2212,0.128674,-0.0409389,-0.00153105,-8.79628e-05,-0.000340741,19.2699,-0.00573526
5.28774,18.9713,18.8285,0.142759,-0.040798,-0.00152604,-8.76936e-05,-0.000340162,18.877,-0.00572275
5.2936,18.4194,18.4465,-0.0271454,-0.0406581,-0.00152107,-8.74261e-05,-0.000339586,18.4948,-0.00571017
5.29946,18.1566,18.0749,0.0817628,-0.040519,-0.00151613,-8.71601e-05,-0.000339011,18.123,-0.00569752
5.30532,17.7888,17.7133,0.0754642,-0.0403809,-0.00151122,-8.68957e-05,-0.000338438,17.7613,-0.0056848
5.31119,17.3439,17.3614,-0.0175294,-0.0402437,-0.00150634,-8.66329e-05,-0.000337867,17.4092,-0.00567201
5.31705,17.242,17.0189,0.223167,-0.0401074,-0.0015015,-8.63715e-05,-0.000337298,17.0666,-0.00565915
5.32291,16.8167,16.6854,0.13127,-0.039972,-0.00149668,-8.61117e-05,-0.000336731,16.733,-0.00564622
5.32877,16.3871,16.3607,0.0264036,-0.0398374,-0.0014919,-8.58535e-05,-0.000336166,16.4081,-0.00563322
5.33464,16.0805,16.0445,0.0359046,-0.0397038,-0.00148715,-8.55967e-05,-0.000335603,16.0918,-0.00562016
5.3405,15.8433,15.7366,0.10671,-0.0395711,-0.00148242,-8.53414e-05,-0.000335041,15.7836,-0.00560702
5.34636,15.5851,15.4365,0.148581,-0.0394392,-0.00147773,-8.50875e-05,-0.000334482,15.4835,-0.00559381
5.35222,15.2527,15.1442,0.10846,-0.0393082,-0.00147306,-8.48352e-05,-0.000333924,15.191,-0.00558054
5.35809,15.016,14.8593,0.156716,-0.0391781,-0.00146843,-8.45843e-05,-0.000333368,14.9059,-0.00556719
5.36395,14.7766,14.5816,0.194989,-0.0390488,-0.00146382,-8.43348e-05,-0.000332814,14.6281,-0.00555378
5.36981,14.259,14.3109,-0.0518819,-0.0389204,-0.00145925,-8.40867e-05,-0.000332262,14.3573,-0.00554029
5.37567,13.9922,14.047,-0.0547965,-0.0387928,-0.0014547,-8.38401e-05,-0.000331712,14.0932,-0.00552674
5.38153,13.6904,13.7896,-0.0992705,-0.038666,-0.00145018,-8.35949e-05,-0.000331163,13.8357,-0.00551312
5.3874,13.5246,13.5386,-0.0140036,-0.0385401,-0.00144569,-8.3351e-05,-0.000330617,13.5845,-0.00549943
5.39326,13.4334,13.2937,0.139689,-0.038415,-0.00144123,-8.31086e-05,-0.000330072,13.3395,-0.00548567
5.39912,13.165,13.0548,0.110147,-0.0382908,-0.00143679,-8.28675e-05,-0.000329529,13.1005,-0.00547184
5.40498,12.7607,12.8217,-0.0610459,-0.0381673,-0.00143239,-8.26278e-05,-0.000328987,12.8672,-0.00545794
5.41085,12.5533,12.5942,-0.0409283,-0.0380447,-0.00142801,-8.23894e-05,-0.000328448,12.6396,-0.00544397
5.41671,12.4631,12.3722,0.0909759,-0.0379228,-0.00142366,-8.21523e-05,-0.00032791,12.4173,-0.00542993
5.42257,12.1369,12.1554,-0.0185223,-0.0378018,-0.00141933,-8.19166e-05,-0.000327374,12.2004,-0.00541582
5.42843,11.9336,11.9437,-0.0101459,-0.0376815,-0.00141503,-8.16822e-05,-0.000326839,11.9886,-0.00540164
5.43429,11.7674,11.737,0.0303912,-0.037562,-0.00141076,-8.14491e-05,-0.000326307,11.7818,-0.00538739
5.44016,11.3747,11.5351,-0.160487,-0.0374433,-0.00140651,-8.12173e-05,-0.000325776,11.5798,-0.00537308
5.44602,11.3681,11.3379,0.0301477,-0.0373254,-0.00140229,-8.09867e-05,-0.000325246,11.3824,-0.00535869
5.45188,11.1907,11.1453,0.0454011,-0.0372082,-0.0013981,-8.07575e-05,-0.000324719,11.1897,-0.00534424
5.45774,11.0284,10.9571,0.071339,-0.0370918,-0.00139393,-8.05295e-05,-0.000324193,11.0013,-0.00532971
5.46361,10.7044,10.7731,-0.0686829,-0.0369761,-0.00138979,-8.03027e-05,-0.000323669,10.8172,-0.00531512
5.46947,10.5025,10.5933,-0.0907985,-0.0368612,-0.00138567,-8.00772e-05,-0.000323147,10.6373,-0.00530045
5.47533,10.3363,10.4176,-0.0813051,-0.036747,-0.00138157,-7.9853e-05,-0.000322626,10.4614,-0.00528572
5.48119,10.2479,10.2457,0.00218564,-0.0366335,-0.00137751,-7.96299e-05,-0.000322107,10.2894,-0.00527092
5.48705,10.0876,10.0777,0.00985274,-0.0365208,-0.00137346,-7.94081e-05,-0.000321589,10.1213,-0.00525605
5.49292,9.9309,9.91345,0.0174519,-0.0364088,-0.00136944,-7.91874e-05,-0.000321074,9.95687,-0.00524111
5.49878,9.93105,9.75277,0.17828,-0.0362975,-0.00136545,-7.8968e-05,-0.00032056,9.79605,-0.0052261
5.50464,9.77556,9.59559,0.179971,-0.0361869,-0.00136147,-7.87498e-05,-0.000320047,9.63875,-0.00521102
5.5105,9.42901,9.44182,-0.012815,-0.036077,-0.00135753,-7.85327e-05,-0.000319536,9.48485,-0.00519587
5.51637,9.22681,9.29137,-0.0645642,-0.0359678,-0.0013536,-7.83168e-05,-0.000319027,9.33427,-0.00518065
5.52223,9.28991,9.14415,0.145762,-0.0358593,-0.0013497,-7.8102e-05,-0.000318519,9.18692,-0.00516536
5.52809,9.01486,9.00006,0.0147988,-0.0357515,-0.00134582,-7.78884e-05,-0.000318013,9.04271,-0.00515
5.53395,8.99616,8.85903,0.13713,-0.0356443,-0.00134197,-7.7676e-05,-0.000317509,8.90155,-0.00513457
5.53981,8.91562,8.72097,0.194649,-0.0355379,-0.00133813,-7.74646e-05,-0.000317006,8.76336,-0.00511908
5.54568,8.59334,8.58581,0.00752766,-0.0354321,-0.00133432,-7.72544e-05,-0.000316505,8.62807,-0.00510351
5.55154,8.43074,8.45346,-0.0227171,-0.0353269,-0.00133054,-7.70453e-05,-0.000316005,8.4956,-0.00508788
5.5574,8.32553,8.32385,0.0016846,-0.0352224,-0.00132677,-7.68373e-05,-0.000315507,8.36586,-0.00507217
5.56326,8.11549,8.19691,-0.0814241,-0.0351186,-0.00132303,-7.66304e-05,-0.000315011,8.2388,-0.0050564
5.56913,7.9552,8.07257,-0.117368,-0.0350154,-0.00131931,-7.64246e-05,-0.000314516,8.11434,-0.00504056
5.57499,7.8775,7.95076,-0.0732629,-0.0349128,-0.0013156,-7.62199e-05,-0.000314022,7.99241,-0.00502464
5.58085,7.89089,7.83142,0.0594627,-0.0348109,-0.00131193,-7.60162e-05,-0.00031353,7.87295,-0.00500866
5.58671,7.68958,7.71449,-0.0249041,-0.0347096,-0.00130827,-7.58137e-05,-0.00031304,7.75589,-0.00499261
5.59257,7.57261,7.59989,-0.0272825,-0.0346089,-0.00130463,-7.56121e-05,-0.000312551,7.64117,-0.00497649
5.59844,7.43478,7.48758,-0.0528048,-0.0345088,-0.00130102,-7.54116e-05,-0.000312064,7.52874,-0.0049603
5.6043,7.23111,7.37749,-0.146384,-0.0344094,-0.00129742,-7.52122e-05,-0.000311578,7.41853,-0.00494404
5.61016,7.36681,7.26957,0.0972364,-0.0343105,-0.00129385,-7.50138e-05,-0.000311093,7.31049,-0.00492771
5.61602,6.96896,7.16377,-0.194813,-0.0342123,-0.00129029,-7.48164e-05,-0.000310611,7.20457,-0.00491131
5.62189,6.93854,7.06003,-0.121486,-0.0341146,-0.00128676,-7.462e-05,-0.000310129,7.10071,-0.00489484
5.62775,6.9744,6.95829,0.0161114,-0.0340175,-0.00128324,-7.44246e-05,-0.000309649,6.99886,-0.00487831
5.63361,6.72937,6.85852,-0.129156,-0.0339211,-0.00127975,-7.42302e-05,-0.000309171,6.89897,-0.0048617
5.63947,6.77868,6.76066,0.0180186,-0.0338252,-0.00127628,-7.40369e-05,-0.000308694,6.80099,-0.00484502
5.64533,6.78853,6.66467,0.123859,-0.0337298,-0.00127282,-7.38445e-05,-0.000308219,6.70488,-0.00482828
5.6512,6.52455,6.5705,-0.0459524,-0.0336351,-0.00126939,-7.3653e-05,-0.000307745,6.6106,-0.00481146
5.65706,6.48303,6.47811,0.0049275,-0.0335409,-0.00126597,-7.34626e-05,-0.000307272,6.51809,-0.00479458
5.66292,6.28172,6.38745,-0.105729,-0.0334473,-0.00126257,-7.32731e-05,-0.000306801,6.42731,-0.00477762
5.66878,6.31376,6.29848,0.0152844,-0.0333542,-0.00125919,-7.30846e-05,-0.000306331,6.33823,-0.0047606
5.67465,6.22274,6.21117,0.0115707,-0.0332617,-0.00125584,-7.2897e-05,-0.000305863,6.25081,-0.00474351
5.68051,6.14797,6.12547,0.0225082,-0.0331697,-0.00125249,-7.27104e-05,-0.000305396,6.16499,-0.00472635
5.68637,6.17682,6.04134,0.135477,-0.0330783,-0.00124917,-7.25247e-05,-0.000304931,6.08076,-0.00470911
5.69223,6.04267,5.95876,0.083918,-0.0329874,-0.00124587,-7.23399e-05,-0.000304467,5.99806,-0.00469181
5.69809,6.0295,5.87767,0.15183,-0.032897,-0.00124258,-7.21561e-05,-0.000304004,5.91686,-0.00467444
5.70396,5.90229,5.79806,0.104233,-0.0328071,-0.00123931,-7.19732e-05,-0.000303543,5.83714,-0.004657
5.70982,5.63484,5.71988,-0.0850423,-0.0327178,-0.00123606,-7.17912e-05,-0.000303083,5.75885,-0.0046395
5.71568,5.64059,5.6431,-0.00251319,-0.032629,-0.00123283,-7.161e-05,-0.000302625,5.68196,-0.00462192
5.72154,5.61163,5.56769,0.0439431,-0.0325408,-0.00122962,-7.14298e-05,-0.000302168,5.60644,-0.00460427
5.72741,5.36684,5.49362,-0.126776,-0.032453,-0.00122642,-7.12505e-05,-0.000301712,5.53226,-0.00458655
5.73327,5.50792,5.42085,0.087063,-0.0323657,-0.00122324,-7.10721e-05,-0.000301258,5.45938,-0.00456877
5.73913,5.37981,5.34937,0.0304397,-0.0322789,-0.00122007,-7.08945e-05,-0.000300805,5.38779,-0.00455091
5.74499,5.32116,5.27913,0.042022,-0.0321927,-0.00121693,-7.07178e-05,-0.000300353,5.31745,-0.00453298
5.75085,5.13493,5.21012,-0.0751896,-0.0321069,-0.0012138,-7.05419e-05,-0.000299903,5.24833,-0.00451499
5.75672,5.12434,5.1423,-0.017959,-0.0320216,-0.00121069,-7.0367e-05,-0.000299454,5.1804,-0.00449693
5.76258,5.09649,5.07565,0.0208415,-0.0319368,-0.00120759,-7.01928e-05,-0.000299007,5.11364,-0.00447879
5.76844,4.98285,5.01014,-0.0272931,-0.0318525,-0.00120451,-7.00196e-05,-0.000298561,5.04803,-0.00446059
5.7743,4.94279,4.94575,-0.00296486,-0.0317686,-0.00120145,-6.98471e-05,-0.000298116,4.98354,-0.00444232
5.78017,4.67686,4.88246,-0.205602,-0.0316853,-0.0011984,-6.96755e-05,-0.000297672,4.92013,-0.00442397
5.78603,4.88591,4.82023,0.0656804,-0.0316024,-0.00119537,-6.95047e-05,-0.00029723,4.8578,-0.00440556
5.79189,4.66986,4.75905,-0.0891947,-0.0315199,-0.00119236,-6.93348e-05,-0.000296789,4.79652,-0.00438708
5.79775,4.46131,4.6989,-0.237589,-0.0314379,-0.00118936,-6.91656e-05,-0.000296349,4.73626,-0.00436853
5.80362,4.47415,4.63975,-0.165595,-0.0313564,-0.00118637,-6.89973e-05,-0.000295911,4.677,-0.00434991
5.80948,4.44951,4.58157,-0.132068,-0.0312753,-0.00118341,-6.88298e-05,-0.000295474,4.61873,-0.00433122
5.81534,4.53382,4.52436,0.00945408,-0.0311947,-0.00118045,-6.86631e-05,-0.000295038,4.56142,-0.00431247
5.8212,4.38092,4.46809,-0.087169,-0.0311146,-0.00117752,-6.84971e-05,-0.000294603,4.50504,-0.00429364
5.82706,4.41083,4.41274,-0.00191082,-0.0310348,-0.0011746,-6.8332e-05,-0.00029417,4.44959,-0.00427474
5.83293,4.26327,4.35829,-0.0950238,-0.0309555,-0.00117169,-6.81676e-05,-0.000293738,4.39504,-0.00425578
5.83879,4.4838,4.30473,0.179071,-0.0308767,-0.0011688,-6.8004e-05,-0.000293307,4.34137,-0.00423674
5.84465,4.35477,4.25202,0.102742,-0.0307982,-0.00116592,-6.78412e-05,-0.000292878,4.28857,-0.00421763
5.85051,4.41456,4.20017,0.214395,-0.0307202,-0.00116306,-6.76792e-05,-0.00029245,4.23661,-0.00419846
5.85638,4.1136,4.14914,-0.0355416,-0.0306427,-0.00116021,-6.75179e-05,-0.000292023,4.18548,-0.00417922
5.86224,4.14846,4.09893,0.0495321,-0.0305655,-0.00115738,-6.73573e-05,-0.000291597,4.13517,-0.0041599
5.8681,3.96999,4.04951,-0.0795162,-0.0304888,-0.00115456,-6.71976e-05,-0.000291173,4.08565,-0.00414052
5.87396,4.029,4.00087,0.028127,-0.0304124,-0.00115176,-6.70385e-05,-0.000290749,4.03691,-0.00412107
5.87982,4.02287,3.953,0.0698737,-0.0303365,-0.00114897,-6.68802e-05,-0.000290327,3.98894,-0.00410155
5.88569,3.77144,3.90587,-0.134429,-0.030261,-0.00114619,-6.67227e-05,-0.000289906,3.94171,-0.00408196
5.89155,3.70739,3.85948,-0.152083,-0.0301859,-0.00114343,-6.65658e-05,-0.000289487,3.89522,-0.00406229
5.89741,3.65354,3.8138,-0.160268,-0.0301112,-0.00114068,-6.64097e-05,-0.000289068,3.84945,-0.00404257
5.90327,3.57389,3.76883,-0.19495,-0.0300369,-0.00113795,-6.62543e-05,-0.000288651,3.80439,-0.00402277
5.90914,3.59286,3.72456,-0.131698,-0.029963,-0.00113523,-6.60997e-05,-0.000288235,3.76001,-0.0040029
5.915,3.54632,3.68096,-0.134635,-0.0298895,-0.00113252,-6.59457e-05,-0.00028782,3.71632,-0.00398296
5.92086,3.45619,3.63802,-0.181828,-0.0298163,-0.00112982,-6.57925e-05,-0.000287407,3.67328,-0.00396295
5.92672,3.54689,3.59574,-0.0488452,-0.0297436,-0.00112714,-6.56399e-05,-0.000286994,3.6309,-0.00394288
5.93258,3.58781,3.55409,0.0337192,-0.0296712,-0.00112448,-6.5488e-05,-0.000286583,3.58916,-0.00392273
5.93845,3.39405,3.51307,-0.119018,-0.0295992,-0.00112182,-6.53369e-05,-0.000286173,3.54805,-0.00390251
5.94431,3.38006,3.47267,-0.0926086,-0.0295276,-0.00111918,-6.51864e-05,-0.000285764,3.50755,-0.00388223
5.95017,3.40203,3.43287,-0.0308406,-0.0294564,-0.00111656,-6.50366e-05,-0.000285356,3.46765,-0.00386187
5.95603,3.35843,3.39366,-0.0352257,-0.0293855,-0.00111394,-6.48875e-05,-0.00028495,3.42835,-0.00384145
5.9619,3.27371,3.35503,-0.0813124,-0.029315,-0.00111134,-6.4739e-05,-0.000284544,3.38962,-0.00382096
5.96776,3.36592,3.31696,0.0489546,-0.0292449,-0.00110875,-6.45913e-05,-0.00028414,3.35147,-0.00380039
5.97362,3.37095,3.27946,0.0914927,-0.0291751,-0.00110617,-6.44442e-05,-0.000283737,3.31387,-0.00377976
5.97948,3.33077,3.24251,0.0882596,-0.0291057,-0.00110361,-6.42977e-05,-0.000283335,3.27682,-0.00375906
5.98534,3.20863,3.20609,0.00253694,-0.0290366,-0.00110106,-6.41519e-05,-0.000282934,3.24031,-0.00373829
5.99121,3.35635,3.1702,0.186151,-0.0289679,-0.00109852,-6.40068e-05,-0.000282534,3.20433,-0.00371745
5.99707,3.35258,3.13483,0.217747,-0.0288995,-0.00109599,-6.38623e-05,-0.000282136,3.16887,-0.00369654
6.00293,3.12278,3.09997,0.0228153,-0.0288315,-0.00109347,-6.37184e-05,-0.000281738,3.13391,-0.00367556
6.00879,3.05679,3.0656,-0.00881791,-0.0287638,-0.00109097,-6.35752e-05,-0.000281342,3.09946,-0.00365451
6.01466,3.13822,3.03173,0.106491,-0.0286965,-0.00108848,-6.34326e-05,-0.000280946,3.06549,-0.0036334
6.02052,2.94976,2.99834,-0.0485737,-0.0286295,-0.001086,-6.32907e-05,-0.000280552,3.03201,-0.00361221
6.02638,2.98458,2.96542,0.0191612,-0.0285629,-0.00108353,-6.31493e-05,-0.000280159,2.999,-0.00359095
6.03224,2.9388,2.93296,0.00583795,-0.0284966,-0.00108108,-6.30086e-05,-0.000279767,2.96645,-0.00356963
6.0381,2.83128,2.90096,-0.0696776,-0.0284306,-0.00107863,-6.28686e-05,-0.000279376,2.93436,-0.00354823
6.04397,2.82205,2.86941,-0.0473627,-0.0283649,-0.0010762,-6.27291e-05,-0.000278987,2.90272,-0.00352677
6.04983,2.66977,2.8383,-0.16853,-0.0282996,-0.00107378,-6.25902e-05,-0.000278598,2.87152,-0.00350523
6.05569,2.70083,2.80761,-0.106783,-0.0282346,-0.00107137,-6.2452e-05,-0.00027821,2.84074,-0.00348363
6.06155,2.55053,2.77736,-0.226827,-0.0281699,-0.00106897,-6.23143e-05,-0.000277824,2.8104,-0.00346195
6.06742,2.8925,2.74752,0.144985,-0.0281055,-0.00106658,-6.21773e-05,-0.000277438,2.78047,-0.00344021
6.07328,2.90072,2.71808,0.182632,-0.0280415,-0.00106421,-6.20408e-05,-0.000277054,2.75095,-0.0034184
6.07914,2.85652,2.68905,0.167465,-0.0279777,-0.00106184,-6.19049e-05,-0.00027667,2.72183,-0.00339652
6.085,2.73491,2.66042,0.0744882,-0.0279143,-0.00105949,-6.17697e-05,-0.000276288,2.69311,-0.00337457
6.09086,2.74518,2.63217,0.113009,-0.0278512,-0.00105714,-6.1635e-05,-0.000275907,2.66477,-0.00335255
6.09673,2.75495,2.60431,0.150636,-0.0277884,-0.00105481,-6.15008e-05,-0.000275526,2.63682,-0.00333046
6.10259,2.71427,2.57682,0.137444,-0.0277259,-0.00105249,-6.13673e-05,-0.000275147,2.60924,-0.0033083
6.10845,2.67384,2.5497,0.124143,-0.0276637,-0.00105018,-6.12343e-05,-0.000274769,2.58204,-0.00328607
6.11431,2.46844,2.52294,-0.0545048,-0.0276018,-0.00104788,-6.11019e-05,-0.000274392,2.55519,-0.00326377
6.12018,2.51631,2.49654,0.0197702,-0.0275402,-0.00104559,-6.09701e-05,-0.000274016,2.5287,-0.00324141
6.12604,2.42062,2.47049,-0.0498642,-0.0274789,-0.00104331,-6.08388e-05,-0.000273641,2.50256,-0.00321897
6.1319,2.31237,2.44478,-0.132414,-0.0274178,-0.00104104,-6.07081e-05,-0.000273267,2.47677,-0.00319646
6.13776,2.26594,2.41941,-0.153476,-0.0273571,-0.00103878,-6.05779e-05,-0.000272894,2.45131,-0.00317389
6.14362,2.38424,2.39437,-0.0101389,-0.0272967,-0.00103653,-6.04483e-05,-0.000272522,2.42619,-0.00315125
6.14949,2.46214,2.36967,0.0924764,-0.0272365,-0.00103429,-6.03193e-05,-0.000272151,2.4014,-0.00312853
6.15535,2.23758,2.34528,-0.107702,-0.0271767,-0.00103206,-6.01907e-05,-0.000271781,2.37692,-0.00310575
6.16121,2.45041,2.32121,0.129206,-0.0271171,-0.00102985,-6.00628e-05,-0.000271412,2.35277,-0.00308289
6.16707,2.47134,2.29745,0.173894,-0.0270578,-0.00102764,-5.99353e-05,-0.000271044,2.32892,-0.00305997
6.17294,2.28481,2.27399,0.0108116,-0.0269988,-0.00102544,-5.98084e-05,-0.000270677,2.30539,-0.00303698
6.1788,2.20483,2.25084,-0.0460132,-0.0269401,-0.00102325,-5.9682e-05,-0.000270311,2.28215,-0.00301392
6.18466,2.2021,2.22798,-0.025883,-0.0268816,-0.00102107,-5.95562e-05,-0.000269946,2.25921,-0.00299079
6.19052,2.28612,2.20542,0.0807054,-0.0268234,-0.0010189,-5.94308e-05,-0.000269582,2.23656,-0.00296759
6.19638,2.16564,2.18314,-0.0174968,-0.0267655,-0.00101674,-5.9306e-05,-0.000269219,2.2142,-0.00294432
6.20225,2.04516,2.16114,-0.115986,-0.0267078,-0.00101459,-5.91817e-05,-0.000268857,2.19212,-0.00292098
6.20811,2.13217,2.13943,-0.00725725,-0.0266504,-0.00101245,-5.9058e-05,-0.000268496,2.17031,-0.00289757
6.21397,1.91353,2.11798,-0.204454,-0.0265933,-0.00101032,-5.89347e-05,-0.000268135,2.14879,-0.0028741
6.21983,2.0436,2.0968,-0.0532075,-0.0265365,-0.0010082,-5.8812e-05,-0.000267776,2.12753,-0.00285055
6.2257,2.16516,2.07589,0.0892676,-0.0264799,-0.00100608,-5.86897e-05,-0.000267418,2.10653,-0.00282693
6.23156,2.1058,2.05524,0.0505656,-0.0264235,-0.00100398,-5.8568e-05,-0.000267061,2.08579,-0.00280325
6.23742,2.11906,2.03484,0.0842176,-0.0263675,-0.00100189,-5.84467e-05,-0.000266704,2.06532,-0.00277949
6.24328,2.08165,2.0147,0.0669501,-0.0263116,-0.000999802,-5.8326e-05,-0.000266349,2.04509,-0.00275567
6.24915,2.07889,1.9948,0.0840887,-0.0262561,-0.000997726,-5.82057e-05,-0.000265994,2.02511,-0.00273177
6.25501,2.00877,1.97515,0.0336222,-0.0262007,-0.000995658,-5.80859e-05,-0.000265641,2.00538,-0.00270781
6.26087,1.88123,1.95574,-0.0745101,-0.0261457,-0.0009936,-5.79667e-05,-0.000265288,1.98588,-0.00268378
6.26673,1.88731,1.93656,-0.0492563,-0.0260909,-0.000991551,-5.78479e-05,-0.000264937,1.96663,-0.00265968
6.27259,1.89035,1.91762,-0.0272672,-0.0260363,-0.00098951,-5.77295e-05,-0.000264586,1.94761,-0.0026355
6.27846,2.00532,1.89891,0.106407,-0.025982,-0.000987479,-5.76117e-05,-0.000264236,1.92881,-0.00261126
6.28432,2.06197,1.88042,0.181547,-0.0259279,-0.000985456,-5.74943e-05,-0.000263887,1.91024,-0.00258695
6.29018,1.95125,1.86216,0.0890894,-0.025874,-0.000983441,-5.73774e-05,-0.000263539,1.8919,-0.00256257
6.29604,1.79354,1.84411,-0.0505784,-0.0258204,-0.000981435,-5.7261e-05,-0.000263192,1.87378,-0.00253813
6.30191,1.73601,1.82629,-0.0902765,-0.0257671,-0.000979438,-5.71451e-05,-0.000262846,1.85587,-0.00251361
6.30777,1.75821,1.80867,-0.0504639,-0.025714,-0.000977449,-5.70296e-05,-0.000262501,1.83817,-0.00248902
6.31363,1.90311,1.79126,0.111851,-0.0256611,-0.000975469,-5.69146e-05,-0.000262157,1.82068,-0.00246436
6.31949,1.83404,1.77406,0.0599808,-0.0256084,-0.000973497,-5.68e-05,-0.000261813,1.8034,-0.00243963
6.32535,1.76429,1.75706,0.00722687,-0.025556,-0.000971533,-5.66859e-05,-0.000261471,1.78632,-0.00241484
6.33122,1.66397,1.74026,-0.0762965,-0.0255038,-0.000969578,-5.65722e-05,-0.000261129,1.76945,-0.00238997
6.33708,1.77946,1.72366,0.0557997,-0.0254518,-0.00096763,-5.6459e-05,-0.000260789,1.75277,-0.00236504
6.34294,1.74612,1.70726,0.0388614,-0.0254001,-0.000965691,-5.63463e-05,-0.000260449,1.73628,-0.00234003
6.3488,1.69237,1.69104,0.001334,-0.0253486,-0.00096376,-5.62339e-05,-0.00026011,1.71998,-0.00231496
6.35467,1.6798,1.67501,0.00478799,-0.0252973,-0.000961837,-5.61221e-05,-0.000259772,1.70388,-0.00228982
6.36053,1.81602,1.65917,0.156844,-0.0252462,-0.000959922,-5.60106e-05,-0.000259434,1.68796,-0.00226461
6.36639,1.66979,1.64351,0.0262809,-0.0251954,-0.000958015,-5.58996e-05,-0.000259098,1.67222,-0.00223932
6.37225,1.79152,1.62803,0.163482,-0.0251448,-0.000956116,-5.57891e-05,-0.000258763,1.65666,-0.00221397
6.37811,1.77482,1.61273,0.162083,-0.0250944,-0.000954225,-5.5679e-05,-0.000258428,1.64128,-0.00218855
6.38398,1.64576,1.59761,0.0481527,-0.0250442,-0.000952341,-5.55693e-05,-0.000258094,1.62608,-0.00216306
6.38984,1.67595,1.58265,0.0932996,-0.0249942,-0.000950465,-5.546e-05,-0.000257761,1.61105,-0.0021375
6.3957,1.57859,1.56787,0.0107225,-0.0249445,-0.000948597,-5.53512e-05,-0.000257429,1.59619,-0.00211187
6.40156,1.47199,1.55325,-0.0812619,-0.0248949,-0.000946737,-5.52427e-05,-0.000257098,1.58149,-0.00208617
6.40743,1.48341,1.5388,-0.0553884,-0.0248456,-0.000944884,-5.51347e-05,-0.000256768,1.56697,-0.00206041
6.41329,1.4159,1.52451,-0.108612,-0.0247965,-0.000943039,-5.50272e-05,-0.000256438,1.5526,-0.00203457
6.41915,1.52115,1.51039,0.0107582,-0.0247475,-0.000941201,-5.492e-05,-0.00025611,1.5384,-0.00200866
6.42501,1.49561,1.49642,-0.000811693,-0.0246988,-0.000939371,-5.48132e-05,-0.000255782,1.52435,-0.00198269
6.43087,1.53109,1.4826,0.0484832,-0.0246503,-0.000937548,-5.47069e-05,-0.000255455,1.51046,-0.00195664
6.43674,1.55691,1.46895,0.0879682,-0.024602,-0.000935732,-5.4601e-05,-0.000255129,1.49672,-0.00193053
6.4426,1.17874,1.45544,-0.276696,-0.0245539,-0.000933924,-5.44954e-05,-0.000254803,1.48314,-0.00190434
6.44846,1.38335,1.44208,-0.0587245,-0.024506,-0.000932123,-5.43903e-05,-0.000254479,1.4697,-0.00187809
6.45432,1.23395,1.42887,-0.194914,-0.0244583,-0.000930329,-5.42856e-05,-0.000254155,1.45642,-0.00185177
6.46019,1.3678,1.4158,-0.0480022,-0.0244108,-0.000928543,-5.41813e-05,-0.000253832,1.44327,-0.00182537
6.46605,1.29936,1.40288,-0.103518,-0.0243635,-0.000926763,-5.40773e-05,-0.00025351,1.43028,-0.00179891
6.47191,1.36357,1.3901,-0.0265284,-0.0243164,-0.000924991,-5.39738e-05,-0.000253189,1.41742,-0.00177238
6.47777,1.49434,1.37746,0.116884,-0.0242695,-0.000923226,-5.38707e-05,-0.000252869,1.4047,-0.00174578
6.48363,1.2317,1.36495,-0.133257,-0.0242228,-0.000921467,-5.37679e-05,-0.000252549,1.39212,-0.00171911
6.4895,1.32539,1.35258,-0.0271952,-0.0241763,-0.000919716,-5.36655e-05,-0.00025223,1.37968,-0.00169237
6.49536,1.31931,1.34035,-0.0210416,-0.02413,-0.000917972,-5.35636e-05,-0.000251912,1.36737,-0.00166556
6.50122,1.13603,1.32825,-0.192216,-0.0240838,-0.000916234,-5.3462e-05,-0.000251595,1.35519,-0.00163869
6.50708,1.31503,1.31627,-0.00124552,-0.0240379,-0.000914504,-5.33608e-05,-0.000251279,1.34314,-0.00161174
6.51295,1.30193,1.30443,-0.0024993,-0.0239921,-0.00091278,-5.32599e-05,-0.000250963,1.33122,-0.00158472
6.51881,1.23804,1.29271,-0.0546666,-0.0239465,-0.000911063,-5.31595e-05,-0.000250648,1.31943,-0.00155763
6.52467,1.19048,1.28112,-0.0906358,-0.0239012,-0.000909353,-5.30594e-05,-0.000250334,1.30776,-0.00153048
6.53053,1.54354,1.26965,0.273889,-0.0238559,-0.000907649,-5.29597e-05,-0.000250021,1.29622,-0.00150325
6.53639,1.29752,1.2583,0.0392196,-0.0238109,-0.000905952,-5.28604e-05,-0.000249709,1.2848,-0.00147596
6.54226,1.08173,1.24707,-0.165344,-0.0237661,-0.000904262,-5.27614e-05,-0.000249397,1.27349,-0.0014486
6.54812,1.09219,1.23596,-0.143772,-0.0237214,-0.000902578,-5.26628e-05,-0.000249086,1.26231,-0.00142116
6.55398,1.1415,1.22497,-0.0834665,-0.0236769,-0.0009009,-5.25646e-05,-0.000248776,1.25124,-0.00139366
6.55984,1.14703,1.21409,-0.0670674,-0.0236326,-0.00089923,-5.24667e-05,-0.000248467,1.24029,-0.00136609
6.56571,1.17033,1.20333,-0.0329964,-0.0235885,-0.000897565,-5.23692e-05,-0.000248158,1.22945,-0.00133845
6.57157,1.07755,1.19268,-0.115125,-0.0235446,-0.000895907,-5.22721e-05,-0.00024785,1.21873,-0.00131074
6.57743,1.19391,1.18214,0.0117764,-0.0235008,-0.000894255,-5.21753e-05,-0.000247543,1.20811,-0.00128296
6.58329,1.12375,1.1717,-0.0479581,-0.0234572,-0.00089261,-5.20788e-05,-0.000247237,1.19761,-0.00125511
6.58915,1.01185,1.16138,-0.14953,-0.0234138,-0.000890971,-5.19827e-05,-0.000246931,1.18721,-0.00122719
6.59502,1.02317,1.15116,-0.127994,-0.0233705,-0.000889338,-5.1887e-05,-0.000246626,1.17692,-0.0011992
6.60088,1.06063,1.14105,-0.0804224,-0.0233274,-0.000887712,-5.17916e-05,-0.000246322,1.16674,-0.00117114
6.60674,1.18255,1.13104,0.0515018,-0.0232845,-0.000886092,-5.16966e-05,-0.000246019,1.15665,-0.00114301
6.6126,1.17749,1.12114,0.0563504,-0.0232418,-0.000884477,-5.16019e-05,-0.000245716,1.14668,-0.00111482
6.61847,1.09068,1.11133,-0.0206562,-0.0231992,-0.000882869,-5.15076e-05,-0.000245415,1.1368,-0.00108655
6.62433,1.092,1.10163,-0.00963022,-0.0231568,-0.000881267,-5.14136e-05,-0.000245113,1.12702,-0.00105821
6.63019,1.10435,1.09202,0.0123268,-0.0231145,-0.000879671,-5.13199e-05,-0.000244813,1.11734,-0.00102981
6.63605,1.27539,1.08251,0.192876,-0.0230724,-0.000878081,-5.12266e-05,-0.000244513,1.10776,-0.00100133
6.64191,1.06675,1.0731,-0.00635432,-0.0230305,-0.000876497,-5.11336e-05,-0.000244215,1.09827,-0.000972791
6.64778,1.10114,1.06378,0.0373539,-0.0229888,-0.000874919,-5.10409e-05,-0.000243916,1.08888,-0.000944178
6.65364,1.12976,1.05456,0.0752062,-0.0229472,-0.000873347,-5.09486e-05,-0.000243619,1.07959,-0.000915496
6.6595,0.971784,1.04542,-0.0736406,-0.0229057,-0.000871781,-5.08566e-05,-0.000243322,1.07038,-0.000886744
6.66536,1.02706,1.03638,-0.00932404,-0.0228645,-0.00087022,-5.07649e-05,-0.000243026,1.06127,-0.000857922
6.67123,1.03495,1.02743,0.00751502,-0.0228233,-0.000868666,-5.06736e-05,-0.000242731,1.05225,-0.000829032
6.67709,0.970736,1.01857,-0.0478359,-0.0227824,-0.000867117,-5.05826e-05,-0.000242436,1.04331,-0.000800072
6.68295,1.04432,1.0098,0.0345234,-0.0227416,-0.000865574,-5.04919e-05,-0.000242143,1.03447,-0.000771042
6.68881,1.10431,1.00111,0.103204,-0.0227009,-0.000864036,-5.04016e-05,-0.000241849,1.02571,-0.000741943
6.69468,1.12603,0.99251,0.133517,-0.0226605,-0.000862504,-5.03115e-05,-0.000241557,1.01704,-0.000712775
6.70054,1.00049,0.983994,0.0165002,-0.0226201,-0.000860978,-5.02218e-05,-0.000241265,1.00845,-0.000683537
6.7064,0.993372,0.975561,0.0178105,-0.0225799,-0.000859458,-5.01324e-05,-0.000240974,0.999946,-0.00065423
6.71226,1.19154,0.967211,0.224333,-0.0225399,-0.000857943,-5.00433e-05,-0.000240684,0.991524,-0.000624853
6.71812,0.915718,0.958942,-0.0432245,-0.0225,-0.000856433,-4.99545e-05,-0.000240394,0.983184,-0.000595408
6.72399,0.953712,0.950754,0.00295781,-0.0224603,-0.00085493,-4.98661e-05,-0.000240105,0.974925,-0.000565892
6.72985,1.0232,0.942646,0.0805498,-0.0224207,-0.000853431,-4.97779e-05,-0.000239817,0.966746,-0.000536308
6.73571,0.967871,0.934616,0.0332542,-0.0223813,-0.000851938,-4.96901e-05,-0.000239529,0.958645,-0.000506653
6.74157,0.993989,0.926664,0.0673248,-0.022342,-0.000850451,-4.96025e-05,-0.000239243,0.950623,-0.00047693
6.74744,0.950237,0.918789,0.0314476,-0.0223029,-0.000848968,-4.95153e-05,-0.000238956,0.942677,-0.000447137
6.7533,0.9871,0.91099,0.0761099,-0.0222639,-0.000847492,-4.94284e-05,-0.000238671,0.934807,-0.000417275
6.75916,1.04323,0.903265,0.139967,-0.022225,-0.00084602,-4.93418e-05,-0.000238386,0.927012,-0.000387343
6.76502,0.911274,0.895615,0.0156589,-0.0221863,-0.000844554,-4.92554e-05,-0.000238102,0.919291,-0.000357342
6.77088,0.90637,0.888038,0.0183326,-0.0221478,-0.000843093,-4.91694e-05,-0.000237818,0.911643,-0.000327271
6.77675,0.875563,0.880533,-0.00496998,-0.0221094,-0.000841638,-4.90837e-05,-0.000237536,0.904068,-0.000297131
6.78261,0.827907,0.873099,-0.0451923,-0.0220711,-0.000840187,-4.89983e-05,-0.000237254,0.896564,-0.000266922
6.78847,0.845112,0.865736,-0.020624,-0.022033,-0.000838742,-4.89131e-05,-0.000236972,0.889131,-0.000236643
6.79433,0.739114,0.858443,-0.119329,-0.021995,-0.000837302,-4.88283e-05,-0.000236691,0.881767,-0.000206295
6.8002,0.881258,0.851219,0.0300388,-0.0219571,-0.000835867,-4.87437e-05,-0.000236411,0.874473,-0.000175878
6.80606,1.0103,0.844063,0.166234,-0.0219194,-0.000834437,-4.86595e-05,-0.000236132,0.867247,-0.000145391
6.81192,1.04427,0.836974,0.207293,-0.0218818,-0.000833012,-4.85755e-05,-0.000235853,0.860088,-0.000114834
6.81778,1.00868,0.829951,0.178724,-0.0218444,-0.000831592,-4.84918e-05,-0.000235575,0.852996,-8.42086e-05
6.82364,0.779471,0.822995,-0.0435231,-0.0218071,-0.000830178,-4.84084e-05,-0.000235297,0.845969,-5.35134e-05
6.82951,0.942858,0.816103,0.126755,-0.0217699,-0.000828768,-4.83253e-05,-0.00023502,0.839008,-2.27489e-05
6.83537,0.773896,0.809275,-0.0353796,-0.0217329,-0.000827363,-4.82425e-05,-0.000234744,0.832111,8.08506e-06
6.84123,0.78168,0.802511,-0.0208318,-0.021696,-0.000825963,-4.816e-05,-0.000234469,0.825277,3.89884e-05
6.84709,0.960522,0.79581,0.164712,-0.0216593,-0.000824569,-4.80777e-05,-0.000234194,0.818506,6.99611e-05
6.85296,0.731182,0.789171,-0.0579884,-0.0216226,-0.000823178,-4.79957e-05,-0.000233919,0.811797,0.000101003
6.85882,0.840307,0.782593,0.0577143,-0.0215861,-0.000821793,-4.7914e-05,-0.000233646,0.80515,0.000132115
6.86468,0.815081,0.776075,0.0390055,-0.0215498,-0.000820413,-4.78326e-05,-0.000233373,0.798563,0.000163296
6.87054,0.761675,0.769618,-0.00794324,-0.0215135,-0.000819037,-4.77514e-05,-0.0002331,0.792037,0.000194546
6.8764,0.672135,0.76322,-0.0910841,-0.0214774,-0.000817667,-4.76705e-05,-0.000232829,0.785569,0.000225866
6.88227,0.764731,0.75688,0.00785083,-0.0214414,-0.000816301,-4.75899e-05,-0.000232558,0.779161,0.000257255
6.88813,0.703586,0.750598,-0.047012,-0.0214056,-0.000814939,-4.75096e-05,-0.000232287,0.77281,0.000288714
6.89399,0.824861,0.744373,0.0804872,-0.0213699,-0.000813583,-4.74295e-05,-0.000232017,0.766516,0.000320242
6.89985,0.874025,0.738205,0.13582,-0.0213343,-0.000812231,-4.73497e-05,-0.000231748,0.760279,0.000351839
6.90572,0.636149,0.732093,-0.0959441,-0.0212988,-0.000810884,-4.72702e-05,-0.00023148,0.754098,0.000383506
6.91158,0.643946,0.726037,-0.0820908,-0.0212634,-0.000809541,-4.71909e-05,-0.000231212,0.747973,0.000415242
6.91744,0.659864,0.720034,-0.0601702,-0.0212282,-0.000808203,-4.71119e-05,-0.000230944,0.741902,0.000447047
6.9233,0.578206,0.714086,-0.13588,-0.0211931,-0.00080687,-4.70331e-05,-0.000230677,0.735885,0.000478922
6.92916,0.55569,0.708192,-0.152502,-0.0211581,-0.000805541,-4.69547e-05,-0.000230411,0.729922,0.000510867
6.93503,0.659965,0.70235,-0.0423853,-0.0211233,-0.000804216,-4.68764e-05,-0.000230146,0.724012,0.00054288
6.94089,0.658909,0.696561,-0.0376522,-0.0210886,-0.000802897,-4.67985e-05,-0.000229881,0.718154,0.000574964
6.94675,0.516866,0.690823,-0.173958,-0.021054,-0.000801581,-4.67208e-05,-0.000229617,0.712348,0.000607116
6.95261,0.576534,0.685137,-0.108603,-0.0210195,-0.00080027,-4.66433e-05,-0.000229353,0.706593,0.000639338
6.95848,0.691342,0.679501,0.0118414,-0.0209851,-0.000798964,-4.65661e-05,-0.00022909,0.700889,0.000671629
6.96434,0.557324,0.673915,-0.116591,-0.0209509,-0.000797662,-4.64892e-05,-0.000228827,0.695235,0.00070399
6.9702,0.540225,0.668378,-0.128154,-0.0209167,-0.000796364,-4.64125e-05,-0.000228566,0.68963,0.00073642
6.97606,0.770832,0.662891,0.107941,-0.0208827,-0.000795071,-4.6336e-05,-0.000228304,0.684074,0.00076892
6.98192,0.810425,0.657452,0.152974,-0.0208488,-0.000793782,-4.62598e-05,-0.000228044,0.678567,0.000801489
6.98779,0.538257,0.652061,-0.113804,-0.020815,-0.000792498,-4.61839e-05,-0.000227783,0.673108,0.000834127
6.99365,0.478645,0.646717,-0.168072,-0.0207814,-0.000791217,-4.61082e-05,-0.000227524,0.667696,0.000866835
6.99951,0.621934,0.64142,-0.0194862,-0.0207478,-0.000789941,-4.60328e-05,-0.000227265,0.662331,0.000899612
7.00537,0.511613,0.636169,-0.124556,-0.0207144,-0.00078867,-4.59576e-05,-0.000227007,0.657013,0.000932459
7.01124,0.564438,0.630964,-0.0665262,-0.0206811,-0.000787402,-4.58826e-05,-0.000226749,0.65174,0.000965375
7.0171,0.557755,0.625805,-0.0680491,-0.0206479,-0.000786139,-4.58079e-05,-0.000226492,0.646512,0.00099836
7.02296,0.648673,0.62069,0.0279828,-0.0206148,-0.00078488,-4.57334e-05,-0.000226235,0.64133,0.00103141
7.02882,0.377754,0.615619,-0.237865,-0.0205818,-0.000783625,-4.56592e-05,-0.000225979,0.636192,0.00106454
7.03468,0.324097,0.610593,-0.286496,-0.0205489,-0.000782374,-4.55852e-05,-0.000225724,0.631098,0.00109773
7.04055,0.397662,0.60561,-0.207948,-0.0205162,-0.000781127,-4.55114e-05,-0.000225469,0.626047,0.001131
7.04641,0.62998,0.60067,0.0293096,-0.0204835,-0.000779885,-4.54379e-05,-0.000225215,0.62104,0.00116433
7.05227,0.584822,0.595772,-0.01095,-0.020451,-0.000778646,-4.53646e-05,-0.000224961,0.616075,0.00119773
7.05813,0.419661,0.590917,-0.171256,-0.0204186,-0.000777412,-4.52916e-05,-0.000224708,0.611152,0.0012312
7.064,0.576741,0.586103,-0.00936226,-0.0203863,-0.000776182,-4.52188e-05,-0.000224455,0.60627,0.00126474
7.06986,0.64102,0.58133,0.0596894,-0.020354,-0.000774955,-4.51462e-05,-0.000224203,0.60143,0.00129835
7.07572,0.566045,0.576598,-0.0105539,-0.0203219,-0.000773733,-4.50738e-05,-0.000223952,0.596631,0.00133203
7.08158,0.532204,0.571907,-0.0397024,-0.02029,-0.000772515,-4.50017e-05,-0.000223701,0.591872,0.00136578
7.08745,0.592092,0.567255,0.024837,-0.0202581,-0.0007713,-4.49298e-05,-0.000223451,0.587153,0.0013996
7.09331,0.680473,0.562643,0.11783,-0.0202263,-0.00077009,-4.48582e-05,-0.000223201,0.582474,0.00143349
7.09917,0.602966,0.55807,0.0448968,-0.0201946,-0.000768884,-4.47867e-05,-0.000222952,0.577833,0.00146744
7.10503,0.612868,0.553535,0.0593329,-0.020163,-0.000767681,-4.47155e-05,-0.000222703,0.573232,0.00150147
7.11089,0.557251,0.549039,0.00821192,-0.0201316,-0.000766482,-4.46445e-05,-0.000222455,0.568668,0.00153556
7.11676,0.505688,0.54458,-0.0388926,-0.0201002,-0.000765288,-4.45738e-05,-0.000222207,0.564143,0.00156973
7.12262,0.436137,0.54016,-0.104022,-0.020069,-0.000764097,-4.45032e-05,-0.00022196,0.559655,0.00160396
7.12848,0.524041,0.535776,-0.0117344,-0.0200378,-0.000762909,-4.44329e-05,-0.000221714,0.555204,0.00163827
7.13434,0.494297,0.531429,-0.0371315,-0.0200067,-0.000761726,-4.43628e-05,-0.000221468,0.55079,0.00167264
7.14021,0.487766,0.527118,-0.039352,-0.0199758,-0.000760547,-4.4293e-05,-0.000221223,0.546412,0.00170708
7.14607,0.594759,0.522843,0.0719157,-0.0199449,-0.000759371,-4.42233e-05,-0.000220978,0.542071,0.0017416
7.15193,0.581766,0.518604,0.0631621,-0.0199142,-0.000758199,-4.41539e-05,-0.000220734,0.537765,0.00177618
7.15779,0.611388,0.5144,0.0969889,-0.0198835,-0.000757031,-4.40846e-05,-0.00022049,0.533494,0.00181083
7.16365,0.384061,0.51023,-0.126169,-0.019853,-0.000755866,-4.40156e-05,-0.000220247,0.529258,0.00184555
7.16952,0.516555,0.506096,0.0104596,-0.0198225,-0.000754705,-4.39468e-05,-0.000220004,0.525057,0.00188034
7.17538,0.443911,0.501995,-0.0580846,-0.0197922,-0.000753548,-4.38783e-05,-0.000219762,0.520889,0.0019152
7.18124,0.398452,0.497929,-0.0994766,-0.0197619,-0.000752395,-4.38099e-05,-0.00021952,0.516756,0.00195013
7.1871,0.377816,0.493895,-0.11608,-0.0197318,-0.000751245,-4.37417e-05,-0.000219279,0.512656,0.00198513
7.19297,0.565688,0.489895,0.0757922,-0.0197017,-0.000750099,-4.36738e-05,-0.000219039,0.50859,0.00202019
7.19883,0.582698,0.485928,0.09677,-0.0196718,-0.000748956,-4.36061e-05,-0.000218799,0.504556,0.00205533
7.20469,0.437699,0.481993,-0.0442947,-0.0196419,-0.000747817,-4.35385e-05,-0.000218559,0.500555,0.00209054
7.21055,0.35135,0.478091,-0.126741,-0.0196121,-0.000746682,-4.34712e-05,-0.00021832,0.496586,0.00212581
7.21641,0.432575,0.47422,-0.0416446,-0.0195824,-0.00074555,-4.34041e-05,-0.000218082,0.492648,0.00216116
7.22228,0.409118,0.470381,-0.061263,-0.0195529,-0.000744421,-4.33372e-05,-0.000217844,0.488743,0.00219657
7.22814,0.60158,0.466573,0.135007,-0.0195234,-0.000743297,-4.32705e-05,-0.000217607,0.484868,0.00223205
7.234,0.358977,0.462796,-0.103819,-0.019494,-0.000742175,-4.3204e-05,-0.00021737,0.481025,0.00226761
7.23986,0.248426,0.459049,-0.210623,-0.0194647,-0.000741058,-4.31377e-05,-0.000217133,0.477212,0.00230323
7.24573,0.36283,0.455333,-0.0925025,-0.0194355,-0.000739943,-4.30716e-05,-0.000216897,0.473429,0.00233892
7.25159,0.420005,0.451647,-0.0316416,-0.0194064,-0.000738832,-4.30057e-05,-0.000216662,0.469677,0.00237468
7.25745,0.446236,0.44799,-0.001754,-0.0193773,-0.000737725,-4.29401e-05,-0.000216427,0.465954,0.00241051
7.26331,0.510799,0.444363,0.066436,-0.0193484,-0.000736621,-4.28746e-05,-0.000216193,0.462261,0.00244641
7.26917,0.653572,0.440765,0.212807,-0.0193196,-0.00073552,-4.28093e-05,-0.000215959,0.458596,0.00248238
7.27504,0.463476,0.437196,0.0262805,-0.0192908,-0.000734423,-4.27442e-05,-0.000215726,0.454961,0.00251842
7.2809,0.384708,0.433655,-0.048947,-0.0192622,-0.000733329,-4.26793e-05,-0.000215493,0.451354,0.00255453
7.28676,0.242739,0.430143,-0.187404,-0.0192336,-0.000732239,-4.26146e-05,-0.000215261,0.447776,0.00259071
7.29262,0.38876,0.426658,-0.0378981,-0.0192051,-0.000731152,-4.25501e-05,-0.000215029,0.444225,0.00262696
7.29849,0.488349,0.423202,0.0651468,-0.0191767,-0.000730068,-4.24858e-05,-0.000214797,0.440703,0.00266327
7.30435,0.409581,0.419773,-0.0101913,-0.0191484,-0.000728988,-4.24216e-05,-0.000214567,0.437208,0.00269966
7.31021,0.521048,0.416371,0.104677,-0.0191202,-0.000727911,-4.23577e-05,-0.000214336,0.43374,0.00273611
7.31607,0.442402,0.412996,0.0294067,-0.0190921,-0.000726837,-4.2294e-05,-0.000214106,0.430299,0.00277264
7.32193,0.558094,0.409648,0.148446,-0.0190641,-0.000725766,-4.22304e-05,-0.000213877,0.426884,0.00280923
7.3278,0.477757,0.406326,0.0714318,-0.0190361,-0.000724699,-4.21671e-05,-0.000213648,0.423496,0.0028459
7.33366,0.318734,0.40303,-0.0842957,-0.0190082,-0.000723635,-4.21039e-05,-0.00021342,0.420135,0.00288263
7.33952,0.308847,0.39976,-0.0909136,-0.0189805,-0.000722574,-4.2041e-05,-0.000213192,0.416799,0.00291943
7.34538,0.218058,0.396516,-0.178458,-0.0189528,-0.000721516,-4.19782e-05,-0.000212965,0.413489,0.0029563
7.35125,0.169184,0.393297,-0.224114,-0.0189252,-0.000720462,-4.19156e-05,-0.000212738,0.410204,0.00299325
7.35711,0.343463,0.390104,-0.0466408,-0.0188976,-0.00071941,-4.18531e-05,-0.000212511,0.406945,0.00303026
7.36297,0.451031,0.386936,0.0640958,-0.0188702,-0.000718362,-4.17909e-05,-0.000212285,0.403711,0.00306734
7.36883,0.584581,0.383792,0.200789,-0.0188428,-0.000717317,-4.17289e-05,-0.00021206,0.400501,0.00310449
7.37469,0.430784,0.380672,0.050112,-0.0188156,-0.000716275,-4.1667e-05,-0.000211835,0.397316,0.0031417
7.38056,0.365157,0.377577,-0.0124206,-0.0187884,-0.000715236,-4.16053e-05,-0.00021161,0.394155,0.00317899
7.38642,0.260128,0.374506,-0.114379,-0.0187613,-0.000714201,-4.15438e-05,-0.000211386,0.391018,0.00321635
7.39228,0.426475,0.371459,0.0550154,-0.0187343,-0.000713168,-4.14825e-05,-0.000211163,0.387905,0.00325378
7.39814,0.417213,0.368436,0.0487774,-0.0187073,-0.000712139,-4.14214e-05,-0.000210939,0.384816,0.00329127
7.40401,0.318447,0.365435,-0.0469887,-0.0186804,-0.000711112,-4.13604e-05,-0.000210717,0.38175,0.00332884
7.40987,0.409195,0.362458,0.0467372,-0.0186537,-0.000710089,-4.12996e-05,-0.000210495,0.378707,0.00336648
7.41573,0.422229,0.359504,0.0627248,-0.018627,-0.000709069,-4.1239e-05,-0.000210273,0.375687,0.00340418
7.42159,0.192165,0.356573,-0.164408,-0.0186004,-0.000708051,-4.11786e-05,-0.000210052,0.37269,0.00344195
7.42745,0.370349,0.353664,0.0166849,-0.0185738,-0.000707037,-4.11183e-05,-0.000209831,0.369716,0.0034798
7.43332,0.363927,0.350777,0.0131505,-0.0185474,-0.000706026,-4.10583e-05,-0.000209611,0.366763,0.00351771
7.43918,0.309676,0.347912,-0.0382361,-0.018521,-0.000705017,-4.09984e-05,-0.000209391,0.363833,0.00355569
7.44504,0.288977,0.34507,-0.0560924,-0.0184947,-0.000704012,-4.09386e-05,-0.000209171,0.360925,0.00359374
7.4509,0.487375,0.342249,0.145127,-0.0184685,-0.00070301,-4.08791e-05,-0.000208953,0.358038,0.00363187
7.45677,0.524678,0.339449,0.185229,-0.0184423,-0.00070201,-4.08197e-05,-0.000208734,0.355173,0.00367006
7.46263,0.561595,0.336671,0.224924,-0.0184162,-0.000701014,-4.07605e-05,-0.000208516,0.352329,0.00370832
7.46849,0.286989,0.333914,-0.0469248,-0.0183903,-0.00070002,-4.07014e-05,-0.000208298,0.349507,0.00374664
7.47435,0.249841,0.331178,-0.0813365,-0.0183643,-0.000699029,-4.06426e-05,-0.000208081,0.346705,0.00378504
7.48021,0.385617,0.328463,0.0571546,-0.0183385,-0.000698042,-4.05839e-05,-0.000207865,0.343924,0.00382351
7.48608,0.222813,0.325768,-0.102954,-0.0183128,-0.000697057,-4.05253e-05,-0.000207649,0.341164,0.00386205
7.49194,0.218686,0.323093,-0.104407,-0.0182871,-0.000696074,-4.0467e-05,-0.000207433,0.338423,0.00390066
7.4978,0.112185,0.320439,-0.208254,-0.0182615,-0.000695095,-4.04088e-05,-0.000207217,0.335704,0.00393933
7.50366,0.427288,0.317804,0.109483,-0.0182359,-0.000694119,-4.03507e-05,-0.000207003,0.333004,0.00397808
7.50953,0.444596,0.31519,0.129407,-0.0182105,-0.000693145,-4.02929e-05,-0.000206788,0.330323,0.00401689
7.51539,0.390346,0.312595,0.0777511,-0.0181851,-0.000692174,-4.02352e-05,-0.000206574,0.327663,0.00405578
7.52125,0.349449,0.310019,0.0394294,-0.0181598,-0.000691206,-4.01776e-05,-0.000206361,0.325022,0.00409473
7.52711,0.274693,0.307463,-0.0327694,-0.0181346,-0.000690241,-4.01203e-05,-0.000206148,0.3224,0.00413375
7.53298,0.252335,0.304926,-0.0525904,-0.0181094,-0.000689279,-4.00631e-05,-0.000205935,0.319798,0.00417285
7.53884,0.34056,0.302407,0.038153,-0.0180843,-0.000688319,-4.0006e-05,-0.000205723,0.317214,0.00421201
7.5447,0.238654,0.299908,-0.0612542,-0.0180593,-0.000687362,-3.99491e-05,-0.000205511,0.314649,0.00425124
7.55056,0.391338,0.297427,0.0939109,-0.0180343,-0.000686408,-3.98924e-05,-0.0002053,0.312103,0.00429054
7.55642,0.271352,0.294965,-0.0236129,-0.0180095,-0.000685457,-3.98358e-05,-0.000205089,0.309575,0.00432991
7.56229,0.197316,0.292521,-0.0952042,-0.0179847,-0.000684508,-3.97794e-05,-0.000204878,0.307065,0.00436935
7.56815,0.380562,0.290095,0.0904677,-0.01796,-0.000683562,-3.97232e-05,-0.000204668,0.304574,0.00440886
7.57401,0.2963,0.287686,0.00861394,-0.0179353,-0.000682619,-3.96671e-05,-0.000204458,0.3021,0.00444844
7.57987,0.336022,0.285296,0.050726,-0.0179107,-0.000681678,-3.96112e-05,-0.000204249,0.299644,0.00448809
7.58574,0.253771,0.282923,-0.0291529,-0.0178862,-0.00068074,-3.95554e-05,-0.000204041,0.297206,0.0045278
7.5916,0.0523899,0.280568,-0.228178,-0.0178618,-0.000679805,-3.94998e-05,-0.000203832,0.294786,0.00456759
7.59746,0.257192,0.27823,-0.0210384,-0.0178374,-0.000678872,-3.94443e-05,-0.000203624,0.292382,0.00460745
7.60332,0.13635,0.27591,-0.13956,-0.0178131,-0.000677942,-3.9389e-05,-0.000203417,0.289996,0.00464737
7.60918,0.330195,0.273606,0.0565889,-0.0177889,-0.000677015,-3.93339e-05,-0.00020321,0.287627,0.00468737
7.61505,0.135578,0.271319,-0.135742,-0.0177647,-0.00067609,-3.92789e-05,-0.000203003,0.285275,0.00472743
7.62091,0.0456519,0.269049,-0.223397,-0.0177406,-0.000675168,-3.9224e-05,-0.000202797,0.28294,0.00476756
7.62677,0.224347,0.266796,-0.0424486,-0.0177166,-0.000674248,-3.91693e-05,-0.000202591,0.280621,0.00480777
7.63263,0.287618,0.264559,0.023059,-0.0176926,-0.000673331,-3.91148e-05,-0.000202386,0.278318,0.00484804
7.6385,0.27466,0.262338,0.012322,-0.0176687,-0.000672416,-3.90604e-05,-0.000202181,0.276032,0.00488838
7.64436,0.143291,0.260134,-0.116843,-0.0176449,-0.000671504,-3.90062e-05,-0.000201976,0.273762,0.00492879
7.65022,0.302883,0.257945,0.0449379,-0.0176212,-0.000670595,-3.89521e-05,-0.000201772,0.271508,0.00496927
7.65608,0.124763,0.255772,-0.131009,-0.0175975,-0.000669688,-3.88981e-05,-0.000201568,0.26927,0.00500982
7.66194,0.165258,0.253616,-0.0883572,-0.0175738,-0.000668784,-3.88444e-05,-0.000201365,0.267048,0.00505044
7.66781,0.145019,0.251474,-0.106455,-0.0175503,-0.000667882,-3.87907e-05,-0.000201162,0.264841,0.00509113
7.67367,0.176621,0.249348,-0.0727279,-0.0175268,-0.000666983,-3.87372e-05,-0.000200959,0.26265,0.00513189
7.67953,0.302008,0.247238,0.0547697,-0.0175034,-0.000666086,-3.86839e-05,-0.000200757,0.260474,0.00517272
7.68539,0.196326,0.245143,-0.0488166,-0.01748,-0.000665191,-3.86307e-05,-0.000200556,0.258314,0.00521362
7.69126,0.277498,0.243063,0.0344355,-0.0174567,-0.0006643,-3.85776e-05,-0.000200354,0.256168,0.00525458
7.69712,0.312788,0.240998,0.0717906,-0.0174335,-0.00066341,-3.85247e-05,-0.000200153,0.254038,0.00529562
7.70298,0.0925057,0.238947,-0.146442,-0.0174103,-0.000662523,-3.84719e-05,-0.000199953,0.251922,0.00533672
7.70884,0.07694,0.236912,-0.159972,-0.0173872,-0.000661639,-3.84193e-05,-0.000199753,0.249821,0.0053779
7.7147,0.145577,0.234891,-0.089314,-0.0173642,-0.000660756,-3.83668e-05,-0.000199553,0.247734,0.00541914
7.72057,0.144854,0.232884,-0.0880305,-0.0173412,-0.000659877,-3.83145e-05,-0.000199354,0.245662,0.00546046
7.72643,0.229083,0.230892,-0.0018093,-0.0173183,-0.000658999,-3.82623e-05,-0.000199155,0.243605,0.00550184
7.73229,0.0393537,0.228914,-0.18956,-0.0172955,-0.000658125,-3.82102e-05,-0.000198956,0.241561,0.00554329
7.73815,0.234075,0.22695,0.00712466,-0.0172727,-0.000657252,-3.81583e-05,-0.000198758,0.239532,0.00558481
7.74402,0.293419,0.225,0.0684193,-0.01725,-0.000656382,-3.81066e-05,-0.000198561,0.237517,0.0056264
7.74988,0.222796,0.223064,-0.000267747,-0.0172273,-0.000655514,-3.80549e-05,-0.000198363,0.235515,0.00566806
7.75574,0.0843829,0.221142,-0.136759,-0.0172047,-0.000654649,-3.80034e-05,-0.000198166,0.233528,0.00570979
7.7616,0.173996,0.219233,-0.0452368,-0.0171822,-0.000653786,-3.79521e-05,-0.00019797,0.231553,0.00575159
7.76746,0.147753,0.217338,-0.0695848,-0.0171597,-0.000652925,-3.79009e-05,-0.000197774,0.229593,0.00579346
7.77333,0.243896,0.215456,0.0284395,-0.0171373,-0.000652067,-3.78498e-05,-0.000197578,0.227646,0.0058354
7.77919,0.209233,0.213588,-0.00435449,-0.017115,-0.00065121,-3.77988e-05,-0.000197382,0.225712,0.00587741
7.78505,0.275158,0.211733,0.0634257,-0.0170927,-0.000650357,-3.7748e-05,-0.000197187,0.223791,0.00591948
7.79091,0.182847,0.209891,-0.0270437,-0.0170705,-0.000649505,-3.76974e-05,-0.000196993,0.221884,0.00596163
7.79678,0.332831,0.208062,0.12477,-0.0170483,-0.000648656,-3.76468e-05,-0.000196799,0.219989,0.00600385
7.80264,0.0190835,0.206245,-0.187162,-0.0170262,-0.000647809,-3.75964e-05,-0.000196605,0.218107,0.00604613
7.8085,0.0466251,0.204442,-0.157817,-0.0170042,-0.000646964,-3.75462e-05,-0.000196411,0.216238,0.00608849
7.81436,0.197397,0.202651,-0.00525446,-0.0169822,-0.000646122,-3.7496e-05,-0.000196218,0.214382,0.00613091
7.82022,0.0504355,0.200873,-0.150437,-0.0169603,-0.000645282,-3.7446e-05,-0.000196026,0.212538,0.0061734
7.82609,0.219452,0.199107,0.0203448,-0.0169384,-0.000644444,-3.73962e-05,-0.000195833,0.210707,0.00621597
7.83195,0.082663,0.197353,-0.11469,-0.0169166,-0.000643608,-3.73464e-05,-0.000195641,0.208888,0.0062586
7.83781,0.165371,0.195612,-0.0302416,-0.0168948,-0.000642775,-3.72968e-05,-0.00019545,0.207081,0.0063013
7.84367,0.0928247,0.193883,-0.101058,-0.0168731,-0.000641944,-3.72474e-05,-0.000195258,0.205287,0.00634407
7.84954,0.115038,0.192166,-0.0771284,-0.0168515,-0.000641115,-3.7198e-05,-0.000195068,0.203504,0.00638691
7.8554,0.179259,0.190461,-0.0112018,-0.0168299,-0.000640288,-3.71488e-05,-0.000194877,0.201734,0.00642982
7.86126,0.170696,0.188768,-0.0180717,-0.0168084,-0.000639463,-3.70997e-05,-0.000194687,0.199975,0.0064728
7.86712,0.14057,0.187087,-0.0465161,-0.016787,-0.000638641,-3.70508e-05,-0.000194497,0.198228,0.00651585
7.87298,0.372138,0.185417,0.186722,-0.0167656,-0.000637821,-3.7002e-05,-0.000194308,0.196493,0.00655897
7.87885,0.235866,0.183759,0.052107,-0.0167442,-0.000637003,-3.69533e-05,-0.000194119,0.194769,0.00660215
7.88471,0.1005,0.182112,-0.0816117,-0.0167229,-0.000636187,-3.69047e-05,-0.00019393,0.193057,0.00664541
7.89057,0.239766,0.180477,0.0592896,-0.0167017,-0.000635373,-3.68563e-05,-0.000193742,0.191356,0.00668874
7.89643,0.270213,0.178853,0.0913598,-0.0166805,-0.000634561,-3.68079e-05,-0.000193554,0.189666,0.00673213
7.9023,0.316595,0.17724,0.139355,-0.0166594,-0.000633752,-3.67598e-05,-0.000193367,0.187988,0.0067756
7.90816,0.383228,0.175638,0.207589,-0.0166383,-0.000632944,-3.67117e-05,-0.00019318,0.186321,0.00681913
7.91402,0.142008,0.174048,-0.0320401,-0.0166173,-0.000632139,-3.66638e-05,-0.000192993,0.184664,0.00686273
7.91988,0.259219,0.172468,0.0867512,-0.0165964,-0.000631336,-3.66159e-05,-0.000192806,0.183019,0.00690641
7.92574,0.300928,0.1709,0.130029,-0.0165755,-0.000630535,-3.65683e-05,-0.00019262,0.181385,0.00695015
7.93161,0.203678,0.169342,0.0343367,-0.0165546,-0.000629736,-3.65207e-05,-0.000192435,0.179761,0.00699396
7.93747,0.196777,0.167794,0.0289827,-0.0165339,-0.000628939,-3.64733e-05,-0.000192249,0.178148,0.00703784
7.94333,-0.116199,0.166258,-0.282457,-0.0165131,-0.000628144,-3.64259e-05,-0.000192064,0.176545,0.00708179
7.94919,0.0205397,0.164731,-0.144192,-0.0164924,-0.000627351,-3.63787e-05,-0.00019188,0.174954,0.00712581
7.95506,0.285817,0.163216,0.122601,-0.0164718,-0.00062656,-3.63317e-05,-0.000191695,0.173372,0.0071699
7.96092,0.0233352,0.16171,-0.138375,-0.0164512,-0.000625771,-3.62847e-05,-0.000191511,0.171801,0.00721406
7.96678,0.0629006,0.160215,-0.0973146,-0.0164307,-0.000624985,-3.62379e-05,-0.000191328,0.17024,0.00725829
7.97264,0.152304,0.15873,-0.0064262,-0.0164103,-0.0006242,-3.61912e-05,-0.000191144,0.168689,0.00730259
7.97851,0.205535,0.157256,0.0482793,-0.0163899,-0.000623417,-3.61446e-05,-0.000190962,0.167149,0.00734696
7.98437,0.321217,0.155791,0.165426,-0.0163695,-0.000622637,-3.60981e-05,-0.000190779,0.165618,0.00739139
7.99023,0.031105,0.154336,-0.123231,-0.0163492,-0.000621858,-3.60518e-05,-0.000190597,0.164098,0.0074359
7.99609,0.115306,0.152891,-0.0375847,-0.0163289,-0.000621082,-3.60055e-05,-0.000190415,0.162587,0.00748047
8.00195,0.217494,0.151456,0.066038,-0.0163087,-0.000620307,-3.59594e-05,-0.000190234,0.161086,0.00752512
8.00782,0.0398349,0.150031,-0.110196,-0.0162886,-0.000619534,-3.59134e-05,-0.000190052,0.159595,0.00756983
8.01368,0.107078,0.148615,-0.0415369,-0.0162685,-0.000618764,-3.58675e-05,-0.000189872,0.158113,0.00761462
8.01954,0.309855,0.147209,0.162646,-0.0162485,-0.000617995,-3.58218e-05,-0.000189691,0.156641,0.00765947
8.0254,0.315503,0.145812,0.16969,-0.0162285,-0.000617228,-3.57761e-05,-0.000189511,0.155179,0.00770439
8.03127,0.242108,0.144425,0.0976828,-0.0162085,-0.000616463,-3.57306e-05,-0.000189331,0.153726,0.00774938
8.03713,-0.0817034,0.143047,-0.224751,-0.0161886,-0.000615701,-3.56852e-05,-0.000189152,0.152282,0.00779444
8.04299,0.0571333,0.141679,-0.0845455,-0.0161688,-0.00061494,-3.56399e-05,-0.000188973,0.150848,0.00783958
8.04885,0.147132,0.14032,0.00681226,-0.016149,-0.000614181,-3.55947e-05,-0.000188794,0.149422,0.00788477
8.05471,0.106901,0.138969,-0.0320682,-0.0161293,-0.000613423,-3.55496e-05,-0.000188615,0.148006,0.00793004
8.06058,0.117081,0.137628,-0.0205473,-0.0161096,-0.000612668,-3.55046e-05,-0.000188437,0.146599,0.00797538
8.06644,0.419589,0.136296,0.283292,-0.0160899,-0.000611915,-3.54598e-05,-0.00018826,0.145201,0.00802079
8.0723,0.194819,0.134973,0.0598462,-0.0160703,-0.000611164,-3.54151e-05,-0.000188082,0.143812,0.00806627
8.07816,0.0544345,0.133659,-0.0792245,-0.0160508,-0.000610414,-3.53704e-05,-0.000187905,0.142432,0.00811182
8.08403,0.127074,0.132354,-0.0052799,-0.0160313,-0.000609667,-3.53259e-05,-0.000187728,0.14106,0.00815743
8.08989,0.09468,0.131057,-0.036377,-0.0160119,-0.000608921,-3.52815e-05,-0.000187552,0.139697,0.00820312
8.09575,0.084629,0.129769,-0.04514,-0.0159925,-0.000608177,-3.52372e-05,-0.000187376,0.138343,0.00824887
8.10161,0.101961,0.12849,-0.0265285,-0.0159731,-0.000607435,-3.51931e-05,-0.0001872,0.136998,0.0082947
8.10747,0.188422,0.127219,0.0612033,-0.0159538,-0.000606695,-3.5149e-05,-0.000187025,0.135661,0.00834059
8.11334,0.162298,0.125956,0.0363415,-0.0159346,-0.000605957,-3.5105e-05,-0.00018685,0.134332,0.00838655
8.1192,0.0163194,0.124702,-0.108383,-0.0159154,-0.00060522,-3.50612e-05,-0.000186675,0.133012,0.00843259
8.12506,0.0736085,0.123457,-0.0498484,-0.0158963,-0.000604486,-3.50175e-05,-0.0001865,0.1317,0.00847869
8.13092,0.147851,0.12222,0.0256316,-0.0158771,-0.000603753,-3.49738e-05,-0.000186326,0.130397,0.00852486
8.13679,0.0793893,0.12099,-0.0416011,-0.0158581,-0.000603022,-3.49303e-05,-0.000186152,0.129102,0.0085711
8.14265,0.21222,0.11977,0.0924503,-0.0158391,-0.000602293,-3.48869e-05,-0.000185979,0.127814,0.00861741
8.14851,0.215755,0.118557,0.0971977,-0.0158201,-0.000601565,-3.48436e-05,-0.000185806,0.126535,0.00866379
8.15437,0.0473283,0.117352,-0.0700238,-0.0158012,-0.00060084,-3.48004e-05,-0.000185633,0.125264,0.00871024
8.16023,0.120986,0.116155,0.00483034,-0.0157824,-0.000600116,-3.47573e-05,-0.00018546,0.124001,0.00875676
8.1661,0.300988,0.114967,0.186021,-0.0157635,-0.000599394,-3.47143e-05,-0.000185288,0.122746,0.00880335
8.17196,0.313757,0.113786,0.199971,-0.0157448,-0.000598674,-3.46714e-05,-0.000185116,0.121499,0.00885001
8.17782,0.162569,0.112612,0.049957,-0.015726,-0.000597955,-3.46287e-05,-0.000184945,0.120259,0.00889673
8.18368,0.207395,0.111447,0.0959484,-0.0157074,-0.000597239,-3.4586e-05,-0.000184774,0.119027,0.00894353
8.18955,0.0701268,0.110289,-0.0401625,-0.0156887,-0.000596524,-3.45434e-05,-0.000184603,0.117803,0.00899039
8.19541,-0.0457109,0.109139,-0.15485,-0.0156701,-0.000595811,-3.4501e-05,-0.000184432,0.116587,0.00903733
8.20127,0.109758,0.107997,0.00176078,-0.0156516,-0.000595099,-3.44586e-05,-0.000184262,0.115378,0.00908433
8.20713,0.126246,0.106862,0.0193844,-0.0156331,-0.00059439,-3.44164e-05,-0.000184092,0.114177,0.00913141
8.21299,0.155935,0.105734,0.050201,-0.0156147,-0.000593682,-3.43742e-05,-0.000183922,0.112983,0.00917855
8.21886,0.112658,0.104614,0.00804386,-0.0155963,-0.000592976,-3.43322e-05,-0.000183753,0.111796,0.00922576
8.22472,0.132351,0.103502,0.0288494,-0.0155779,-0.000592271,-3.42902e-05,-0.000183584,0.110617,0.00927304
8.23058,0.0574637,0.102396,-0.0449327,-0.0155596,-0.000591568,-3.42484e-05,-0.000183415,0.109445,0.0093204
8.23644,0.128307,0.101298,0.0270084,-0.0155413,-0.000590867,-3.42067e-05,-0.000183246,0.10828,0.00936782
8.24231,0.183124,0.100207,0.0829164,-0.0155231,-0.000590168,-3.4165e-05,-0.000183078,0.107123,0.00941531
8.24817,0.113771,0.0991237,0.0146469,-0.0155049,-0.00058947,-3.41235e-05,-0.000182911,0.105972,0.00946287
8.25403,0.17545,0.098047,0.0774034,-0.0154868,-0.000588774,-3.4082e-05,-0.000182743,0.104829,0.0095105
8.25989,-0.0533931,0.0969774,-0.150371,-0.0154687,-0.00058808,-3.40407e-05,-0.000182576,0.103693,0.00955819
8.26575,-0.0288508,0.0959148,-0.124766,-0.0154506,-0.000587387,-3.39995e-05,-0.000182409,0.102563,0.00960596
8.27162,0.190575,0.0948592,0.0957154,-0.0154326,-0.000586696,-3.39583e-05,-0.000182242,0.101441,0.0096538
8.27748,0.285926,0.0938105,0.192116,-0.0154147,-0.000586007,-3.39173e-05,-0.000182076,0.100325,0.00970171
8.28334,0.169658,0.0927686,0.0768891,-0.0153968,-0.000585319,-3.38764e-05,-0.00018191,0.0992168,0.00974968
8.2892,0.100291,0.0917335,0.00855711,-0.0153789,-0.000584633,-3.38355e-05,-0.000181744,0.0981149,0.00979773
8.29507,-0.0323332,0.0907052,-0.123038,-0.0153611,-0.000583949,-3.37948e-05,-0.000181579,0.0970197,0.00984584
8.30093,0.0828064,0.0896835,-0.00687709,-0.0153433,-0.000583266,-3.37541e-05,-0.000181414,0.0959312,0.00989403
8.30679,0.156216,0.0886686,0.0675475,-0.0153255,-0.000582585,-3.37136e-05,-0.000181249,0.0948493,0.00994228
8.31265,-0.0380761,0.0876602,-0.125736,-0.0153078,-0.000581906,-3.36731e-05,-0.000181085,0.0937741,0.0099906
8.31851,0.097607,0.0866584,0.0109486,-0.0152902,-0.000581228,-3.36328e-05,-0.000180921,0.0927053,0.010039
8.32438,0.131109,0.0856631,0.045446,-0.0152725,-0.000580552,-3.35925e-05,-0.000180757,0.0916431,0.0100875
8.33024,0.13572,0.0846743,0.0510453,-0.015255,-0.000579877,-3.35524e-05,-0.000180593,0.0905873,0.010136
8.3361,-0.0131972,0.0836919,-0.0968891,-0.0152374,-0.000579204,-3.35123e-05,-0.00018043,0.0895379,0.0101846
8.34196,0.100695,0.0827158,0.0179792,-0.0152199,-0.000578533,-3.34723e-05,-0.000180267,0.0884948,0.0102333
8.34783,-0.0603964,0.0817462,-0.142143,-0.0152025,-0.000577863,-3.34325e-05,-0.000180104,0.087458,0.010282
8.35369,0.175502,0.0807828,0.0947193,-0.0151851,-0.000577195,-3.33927e-05,-0.000179942,0.0864276,0.0103308
8.35955,0.116497,0.0798256,0.0366713,-0.0151677,-0.000576528,-3.3353e-05,-0.00017978,0.0854033,0.0103797
8.36541,-0.0257686,0.0788746,-0.104643,-0.0151504,-0.000575863,-3.33134e-05,-0.000179618,0.0843852,0.0104286
8.37128,0.170221,0.0779298,0.0922912,-0.0151331,-0.0005752,-3.32739e-05,-0.000179456,0.0833732,0.0104776
8.37714,0.210126,0.0769911,0.133135,-0.0151159,-0.000574538,-3.32345e-05,-0.000179295,0.0823673,0.0105267
8.383,0.0493151,0.0760585,-0.0267434,-0.0150987,-0.000573877,-3.31952e-05,-0.000179134,0.0813675,0.0105759
8.38886,0.272731,0.0751319,0.197599,-0.0150815,-0.000573219,-3.3156e-05,-0.000178973,0.0803736,0.0106251
8.39472,0.0330669,0.0742113,-0.0411444,-0.0150644,-0.000572561,-3.31168e-05,-0.000178813,0.0793858,0.0106744
8.40059,0.0862174,0.0732966,0.0129207,-0.0150473,-0.000571906,-3.30778e-05,-0.000178653,0.0784038,0.0107238
8.40645,0.184428,0.0723879,0.11204,-0.0150302,-0.000571251,-3.30389e-05,-0.000178493,0.0774277,0.0107732
8.41231,-0.116144,0.071485,-0.187629,-0.0150132,-0.000570599,-3.3e-05,-0.000178334,0.0764574,0.0108227
8.41817,0.105201,0.0705879,0.0346132,-0.0149963,-0.000569948,-3.29612e-05,-0.000178174,0.075493,0.0108723
8.42404,0.069276,0.0696966,-0.000420608,-0.0149794,-0.000569298,-3.29226e-05,-0.000178015,0.0745343,0.0109219
8.4299,0.0625572,0.068811,-0.00625383,-0.0149625,-0.00056865,-3.2884e-05,-0.000177857,0.0735813,0.0109716
8.43576,-0.0413002,0.0679312,-0.109231,-0.0149456,-0.000568003,-3.28455e-05,-0.000177698,0.0726339,0.0110214
8.44162,0.0612847,0.067057,-0.00577228,-0.0149288,-0.000567358,-3.28071e-05,-0.00017754,0.0716922,0.0110713
8.44748,-0.0460374,0.0661884,-0.112226,-0.0149121,-0.000566715,-3.27688e-05,-0.000177382,0.0707561,0.0111212
8.45335,-0.0653541,0.0653254,-0.130679,-0.0148953,-0.000566072,-3.27306e-05,-0.000177225,0.0698256,0.0111712
8.45921,-0.022073,0.0644679,-0.0865409,-0.0148787,-0.000565432,-3.26924e-05,-0.000177068,0.0689006,0.0112212
8.46507,-0.084051,0.063616,-0.147667,-0.014862,-0.000564793,-3.26544e-05,-0.000176911,0.067981,0.0112714
8.47093,0.163875,0.0627695,0.101105,-0.0148454,-0.000564155,-3.26164e-05,-0.000176754,0.0670669,0.0113216
8.4768,-0.0391147,0.0619285,-0.101043,-0.0148288,-0.000563519,-3.25786e-05,-0.000176597,0.0661582,0.0113718
8.48266,-0.0458428,0.0610928,-0.106936,-0.0148123,-0.000562884,-3.25408e-05,-0.000176441,0.0652548,0.0114222
8.48852,-0.00661847,0.0602625,-0.066881,-0.0147958,-0.000562251,-3.25031e-05,-0.000176285,0.0643568,0.0114726
8.49438,0.0350935,0.0594376,-0.0243441,-0.0147793,-0.000561619,-3.24655e-05,-0.00017613,0.0634641,0.011523
8.50024,0.122279,0.0586179,0.0636609,-0.0147629,-0.000560989,-3.2428e-05,-0.000175974,0.0625766,0.0115736
8.50611,0.150344,0.0578035,0.0925408,-0.0147465,-0.00056036,-3.23905e-05,-0.000175819,0.0616944,0.0116242
8.51197,0.0512479,0.0569942,-0.00574637,-0.0147302,-0.000559732,-3.23532e-05,-0.000175665,0.0608173,0.0116749
8.51783,0.0132107,0.0561902,-0.0429795,-0.0147139,-0.000559106,-3.23159e-05,-0.00017551,0.0599454,0.0117256
8.52369,0.0412233,0.0553913,-0.014168,-0.0146976,-0.000558482,-3.22788e-05,-0.000175356,0.0590786,0.0117765
8.52956,0.124149,0.0545975,0.0695515,-0.0146814,-0.000557858,-3.22417e-05,-0.000175202,0.0582168,0.0118273
8.53542,0.136596,0.0538088,0.082787,-0.0146652,-0.000557237,-3.22047e-05,-0.000175048,0.0573602,0.0118783
8.54128,0.0239898,0.0530251,-0.0290353,-0.014649,-0.000556616,-3.21677e-05,-0.000174895,0.0565085,0.0119293
8.54714,-0.157512,0.0522464,-0.209758,-0.0146329,-0.000555997,-3.21309e-05,-0.000174742,0.0556618,0.0119804
8.553,0.188368,0.0514727,0.136895,-0.0146168,-0.00055538,-3.20941e-05,-0.000174589,0.05482,0.0120316
8.55887,0.177923,0.050704,0.127219,-0.0146008,-0.000554764,-3.20575e-05,-0.000174436,0.0539832,0.0120828
8.56473,0.108615,0.0499401,0.058675,-0.0145848,-0.000554149,-3.20209e-05,-0.000174284,0.0531512,0.0121341
8.57059,0.0946512,0.0491811,0.0454701,-0.0145688,-0.000553536,-3.19844e-05,-0.000174132,0.0523241,0.0121855
8.57645,0.0077036,0.048427,-0.0407234,-0.0145529,-0.000552924,-3.1948e-05,-0.00017398,0.0515017,0.012237
8.58232,-0.0646409,0.0476776,-0.112319,-0.014537,-0.000552313,-3.19116e-05,-0.000173828,0.0506842,0.0122885
8.58818,-0.0230848,0.0469331,-0.0700179,-0.0145211,-0.000551704,-3.18754e-05,-0.000173677,0.0498714,0.0123401
8.59404,-0.000638809,0.0461933,-0.0468321,-0.0145053,-0.000551096,-3.18392e-05,-0.000173526,0.0490633,0.0123917
8.5999,-0.0328402,0.0454582,-0.0782983,-0.0144895,-0.00055049,-3.18031e-05,-0.000173375,0.0482599,0.0124434
8.60576,-0.122368,0.0447277,-0.167096,-0.0144737,-0.000549884,-3.17671e-05,-0.000173225,0.0474611,0.0124952
8.61163,-0.0405463,0.044002,-0.0845483,-0.014458,-0.000549281,-3.17312e-05,-0.000173074,0.046667,0.0125471
8.61749,0.0683157,0.0432808,0.0250348,-0.0144423,-0.000548678,-3.16953e-05,-0.000172924,0.0458774,0.012599
8.62335,-0.00173505,0.0425643,-0.0442993,-0.0144267,-0.000548077,-3.16596e-05,-0.000172775,0.0450924,0.012651
8.62921,0.0260596,0.0418523,-0.0157927,-0.014411,-0.000547478,-3.16239e-05,-0.000172625,0.0443119,0.0127031
8.63508,-0.165726,0.0411448,-0.206871,-0.0143955,-0.000546879,-3.15883e-05,-0.000172476,0.0435359,0.0127552
8.64094,-0.0460225,0.0404418,-0.0864643,-0.0143799,-0.000546282,-3.15528e-05,-0.000172327,0.0427644,0.0128075
8.6468,-0.002426,0.0397433,-0.0421693,-0.0143644,-0.000545687,-3.15173e-05,-0.000172178,0.0419973,0.0128597
8.65266,-0.0951579,0.0390492,-0.134207,-0.0143489,-0.000545092,-3.1482e-05,-0.00017203,0.0412347,0.0129121
8.65852,-0.171484,0.0383596,-0.209843,-0.0143335,-0.000544499,-3.14467e-05,-0.000171882,0.0404764,0.0129645
8.66439,0.00941431,0.0376743,-0.02826,-0.0143181,-0.000543907,-3.14115e-05,-0.000171734,0.0397224,0.013017
8.67025,-0.0533123,0.0369934,-0.0903057,-0.0143027,-0.000543317,-3.13763e-05,-0.000171586,0.0389728,0.0130695
8.67611,0.0512214,0.0363168,0.0149046,-0.0142873,-0.000542728,-3.13413e-05,-0.000171438,0.0382275,0.0131222
8.68197,-0.00455913,0.0356445,-0.0402036,-0.014272,-0.00054214,-3.13063e-05,-0.000171291,0.0374864,0.0131749
8.68784,0.0777769,0.0349765,0.0428004,-0.0142568,-0.000541554,-3.12714e-05,-0.000171144,0.0367496,0.0132276
8.6937,0.0102461,0.0343127,-0.0240666,-0.0142415,-0.000540968,-3.12366e-05,-0.000170998,0.036017,0.0132805
8.69956,-0.121876,0.0336531,-0.155529,-0.0142263,-0.000540384,-3.12019e-05,-0.000170851,0.0352885,0.0133334
8.70542,-0.0264948,0.0329977,-0.0594925,-0.0142111,-0.000539802,-3.11672e-05,-0.000170705,0.0345642,0.0133863
8.71128,-0.0214001,0.0323465,-0.0537466,-0.014196,-0.00053922,-3.11326e-05,-0.000170559,0.033844,0.0134394
8.71715,0.0737013,0.0316994,0.0420019,-0.0141809,-0.00053864,-3.10981e-05,-0.000170413,0.033128,0.0134925
8.72301,-0.00390886,0.0310564,-0.0349653,-0.0141658,-0.000538062,-3.10637e-05,-0.000170268,0.032416,0.0135457
8.72887,-0.0221498,0.0304175,-0.0525673,-0.0141508,-0.000537484,-3.10293e-05,-0.000170123,0.031708,0.0135989
8.73473,0.0914596,0.0297827,0.0616769,-0.0141358,-0.000536908,-3.0995e-05,-0.000169978,0.0310041,0.0136522
8.7406,0.154335,0.0291518,0.125183,-0.0141208,-0.000536333,-3.09608e-05,-0.000169833,0.0303041,0.0137056
8.74646,0.133948,0.028525,0.105423,-0.0141059,-0.000535759,-3.09267e-05,-0.000169689,0.0296081,0.0137591
8.75232,0.153951,0.0279021,0.126049,-0.014091,-0.000535187,-3.08926e-05,-0.000169545,0.0289161,0.0138126
8.75818,0.103851,0.0272832,0.0765677,-0.0140761,-0.000534615,-3.08586e-05,-0.000169401,0.028228,0.0138662
8.76404,0.118551,0.0266683,0.091883,-0.0140612,-0.000534045,-3.08247e-05,-0.000169257,0.0275437,0.0139199
8.76991,0.132829,0.0260572,0.106772,-0.0140464,-0.000533477,-3.07909e-05,-0.000169113,0.0268634,0.0139736
8.77577,0.0914256,0.02545,0.0659757,-0.0140317,-0.000532909,-3.07571e-05,-0.00016897,0.0261868,0.0140274
8.78163,0.0460718,0.0248466,0.0212252,-0.0140169,-0.000532343,-3.07235e-05,-0.000168827,0.0255141,0.0140813
8.78749,0.0396056,0.0242471,0.0153586,-0.0140022,-0.000531778,-3.06899e-05,-0.000168685,0.0248452,0.0141352
8.79336,0.253099,0.0236514,0.229447,-0.0139875,-0.000531214,-3.06563e-05,-0.000168542,0.02418,0.0141893
8.79922,0.088631,0.0230594,0.0655716,-0.0139729,-0.000530651,-3.06228e-05,-0.0001684,0.0235186,0.0142433
8.80508,0.0149864,0.0224712,-0.00748477,-0.0139582,-0.00053009,-3.05895e-05,-0.000168258,0.0228609,0.0142975
8.81094,-0.0196718,0.0218867,-0.0415586,-0.0139437,-0.00052953,-3.05561e-05,-0.000168116,0.0222069,0.0143517
8.81681,0.00109377,0.021306,-0.0202122,-0.0139291,-0.000528971,-3.05229e-05,-0.000167974,0.0215565,0.014406
8.82267,0.0333987,0.0207289,0.0126698,-0.0139146,-0.000528413,-3.04897e-05,-0.000167833,0.0209098,0.0144604
8.82853,-0.0885079,0.0201555,-0.108663,-0.0139001,-0.000527856,-3.04566e-05,-0.000167692,0.0202668,0.0145148
8.83439,-0.206508,0.0195857,-0.226093,-0.0138856,-0.000527301,-3.04236e-05,-0.000167551,0.0196273,0.0145693
8.84025,-0.0252022,0.0190195,-0.0442217,-0.0138712,-0.000526747,-3.03906e-05,-0.000167411,0.0189914,0.0146239
8.84612,-0.152575,0.0184569,-0.171032,-0.0138568,-0.000526194,-3.03577e-05,-0.00016727,0.018359,0.0146785
8.85198,-0.0132877,0.0178979,-0.0311856,-0.0138424,-0.000525642,-3.03249e-05,-0.00016713,0.0177302,0.0147332
8.85784,0.0168461,0.0173425,-0.000496354,-0.0138281,-0.000525091,-3.02922e-05,-0.00016699,0.0171049,0.014788
8.8637,0.122068,0.0167905,0.105278,-0.0138138,-0.000524542,-3.02595e-05,-0.000166851,0.0164831,0.0148428
8.86957,0.2026,0.0162421,0.186358,-0.0137995,-0.000523993,-3.02269e-05,-0.000166711,0.0158648,0.0148978
8.87543,0.102127,0.0156971,0.0864299,-0.0137853,-0.000523446,-3.01943e-05,-0.000166572,0.0152498,0.0149527
8.88129,-0.0163081,0.0151556,-0.0314637,-0.013771,-0.0005229,-3.01619e-05,-0.000166433,0.0146383,0.0150078
8.88715,-0.111438,0.0146175,-0.126055,-0.0137568,-0.000522355,-3.01295e-05,-0.000166294,0.0140303,0.0150629
8.89301,-0.103811,0.0140829,-0.117893,-0.0137427,-0.000521812,-3.00972e-05,-0.000166156,0.0134255,0.0151181
8.89888,-0.0225485,0.0135516,-0.0361002,-0.0137286,-0.000521269,-3.00649e-05,-0.000166018,0.0128242,0.0151734
8.90474,-0.199755,0.0130238,-0.212778,-0.0137145,-0.000520728,-3.00327e-05,-0.00016588,0.0122262,0.0152287
8.9106,-0.0486994,0.0124992,-0.0611986,-0.0137004,-0.000520188,-3.00006e-05,-0.000165742,0.0116314,0.0152841
8.91646,-0.0120733,0.011978,-0.0240514,-0.0136864,-0.000519649,-2.99685e-05,-0.000165604,0.01104,0.0153396
8.92233,0.0611805,0.0114601,0.0497204,-0.0136724,-0.000519111,-2.99366e-05,-0.000165467,0.0104519,0.0153951
8.92819,-0.0105976,0.0109455,-0.0215432,-0.0136584,-0.000518574,-2.99046e-05,-0.00016533,0.00986699,0.0154507
8.93405,0.00916857,0.0104342,-0.00126562,-0.0136444,-0.000518038,-2.98728e-05,-0.000165193,0.00928532,0.0155064
8.93991,-0.0652121,0.00992612,-0.0751382,-0.0136305,-0.000517504,-2.9841e-05,-0.000165056,0.00870687,0.0155622
8.94577,-0.0619204,0.00942127,-0.0713417,-0.0136166,-0.00051697,-2.98093e-05,-0.00016492,0.00813161,0.015618
8.95164,-0.186172,0.00891963,-0.195091,-0.0136028,-0.000516438,-2.97777e-05,-0.000164783,0.00755953,0.0156739
8.9575,-0.0428434,0.00842118,-0.0512646,-0.0135889,-0.000515907,-2.97461e-05,-0.000164647,0.00699059,0.0157298
8.96336,0.135757,0.0079259,0.127831,-0.0135751,-0.000515377,-2.97146e-05,-0.000164512,0.00642479,0.0157859
8.96922,0.0567687,0.00743377,0.049335,-0.0135614,-0.000514848,-2.96831e-05,-0.000164376,0.0058621,0.0158419
8.97509,0.0521165,0.00694478,0.0451718,-0.0135476,-0.00051432,-2.96517e-05,-0.000164241,0.0053025,0.0158981
8.98095,-0.0781569,0.0064589,-0.0846158,-0.0135339,-0.000513793,-2.96204e-05,-0.000164106,0.00474598,0.0159543
8.98681,0.112604,0.00597612,0.106628,-0.0135202,-0.000513268,-2.95892e-05,-0.000163971,0.00419251,0.0160107
8.99267,-0.0402063,0.00549641,-0.0457027,-0.0135066,-0.000512743,-2.9558e-05,-0.000163836,0.00364208,0.016067
8.99853,0.0632721,0.00501975,0.0582524,-0.0134929,-0.00051222,-2.95269e-05,-0.000163702,0.00309466,0.0161235
9.0044,0.0277414,0.00454614,0.0231952,-0.0134793,-0.000511697,-2.94958e-05,-0.000163568,0.00255024,0.01618
9.01026,-0.0849773,0.00407554,-0.0890529,-0.0134658,-0.000511176,-2.94648e-05,-0.000163434,0.00200881,0.0162366
9.01612,0.0703625,0.00360795,0.0667545,-0.0134522,-0.000510656,-2.94339e-05,-0.0001633,0.00147033,0.0162932
9.02198,0.0201219,0.00314334,0.0169785,-0.0134387,-0.000510137,-2.94031e-05,-0.000163166,0.000934805,0.0163499
9.02785,0.0203109,0.0026817,0.0176292,-0.0134252,-0.000509619,-2.93723e-05,-0.000163033,0.0004022,0.0164067
9.03371,0.0461315,0.002223,0.0439085,-0.0134117,-0.000509102,-2.93416e-05,-0.0001629,-0.000127497,0.0164636
9.03957,0.00837807,0.00176724,0.00661083,-0.0133983,-0.000508586,-2.93109e-05,-0.000162767,-0.000654305,0.0165205
9.04543,-0.0373378,0.00131438,-0.0386522,-0.0133849,-0.000508071,-2.92803e-05,-0.000162634,-0.00117824,0.0165775
9.05129,0.029232,0.000864425,0.0283676,-0.0133715,-0.000507557,-2.92498e-05,-0.000162502,-0.00169932,0.0166346
9.05716,-0.0341889,0.000417344,-0.0346063,-0.0133582,-0.000507044,-2.92193e-05,-0.000162369,-0.00221757,0.0166917
9.06302,-0.00867814,-2.68766e-05,-0.00865126,-0.0133448,-0.000506533,-2.91889e-05,-0.000162237,-0.00273299,0.0167489
9.06888,-0.0712585,-0.000468254,-0.0707902,-0.0133316,-0.000506022,-2.91585e-05,-0.000162106,-0.00324561,0.0168062
9.07474,-0.16879,-0.000906805,-0.167883,-0.0133183,-0.000505513,-2.91283e-05,-0.000161974,-0.00375545,0.0168635
9.08061,-0.120423,-0.00134255,-0.11908,-0.013305,-0.000505004,-2.9098e-05,-0.000161843,-0.00426251,0.016921
9.08647,-0.0892297,-0.0017755,-0.0874543,-0.0132918,-0.000504497,-2.90679e-05,-0.000161711,-0.00476683,0.0169784
9.09233,-0.0315244,-0.00220567,-0.0293187,-0.0132786,-0.00050399,-2.90378e-05,-0.00016158,-0.00526841,0.017036
9.09819,0.0970627,-0.00263308,0.0996958,-0.0132655,-0.000503485,-2.90077e-05,-0.00016145,-0.00576727,0.0170936
9.10405,-0.138806,-0.00305775,-0.135748,-0.0132523,-0.00050298,-2.89778e-05,-0.000161319,-0.00626343,0.0171513
9.10992,-0.0364267,-0.0034797,-0.032947,-0.0132392,-0.000502477,-2.89479e-05,-0.000161189,-0.00675691,0.0172091
9.11578,-0.229275,-0.00389893,-0.225376,-0.0132262,-0.000501975,-2.8918e-05,-0.000161059,-0.00724772,0.0172669
9.12164,-0.176183,-0.00431547,-0.171868,-0.0132131,-0.000501473,-2.88882e-05,-0.000160929,-0.00773587,0.0173248
9.1275,-0.109145,-0.00472933,-0.104416,-0.0132001,-0.000500973,-2.88585e-05,-0.000160799,-0.00822138,0.0173828
9.13337,-0.255877,-0.00514052,-0.250737,-0.0131871,-0.000500474,-2.88288e-05,-0.000160669,-0.00870428,0.0174408
9.13923,-0.262466,-0.00554907,-0.256917,-0.0131741,-0.000499976,-2.87992e-05,-0.00016054,-0.00918457,0.0174989
9.14509,-0.0728141,-0.00595499,-0.0668591,-0.0131612,-0.000499478,-2.87697e-05,-0.000160411,-0.00966226,0.0175571
9.15095,-0.0234752,-0.00635829,-0.0171169,-0.0131482,-0.000498982,-2.87402e-05,-0.000160282,-0.0101374,0.0176153
9.15681,-0.0272239,-0.00675899,-0.0204649,-0.0131353,-0.000498487,-2.87108e-05,-0.000160153,-0.01061,0.0176737
9.16268,-0.0944402,-0.0071571,-0.0872831,-0.0131225,-0.000497993,-2.86814e-05,-0.000160025,-0.01108,0.017732
9.16854,0.167305,-0.00755265,0.174858,-0.0131096,-0.000497499,-2.86521e-05,-0.000159897,-0.0115475,0.0177905
9.1744,0.0246604,-0.00794563,0.032606,-0.0130968,-0.000497007,-2.86229e-05,-0.000159769,-0.0120124,0.017849
9.18026,-0.0852618,-0.00833608,-0.0769257,-0.013084,-0.000496516,-2.85937e-05,-0.000159641,-0.0124749,0.0179076
9.18613,0.123842,-0.008724,0.132566,-0.0130713,-0.000496026,-2.85646e-05,-0.000159513,-0.0129349,0.0179663
9.19199,0.0847982,-0.00910941,0.0939076,-0.0130585,-0.000495536,-2.85355e-05,-0.000159386,-0.0133925,0.018025
9.19785,-0.021167,-0.00949233,-0.0116747,-0.0130458,-0.000495048,-2.85065e-05,-0.000159258,-0.0138475,0.0180838
9.20371,0.09594,-0.00987276,0.105813,-0.0130331,-0.000494561,-2.84776e-05,-0.000159131,-0.0143002,0.0181427
9.20957,0.0319807,-0.0102507,0.0422314,-0.0130204,-0.000494074,-2.84487e-05,-0.000159005,-0.0147504,0.0182016
9.21544,0.058939,-0.0106262,0.0695653,-0.0130078,-0.000493589,-2.84199e-05,-0.000158878,-0.0151982,0.0182606
9.2213,0.0278157,-0.0109993,0.038815,-0.0129952,-0.000493105,-2.83911e-05,-0.000158752,-0.0156436,0.0183197
9.22716,-0.102282,-0.01137,-0.0909124,-0.0129826,-0.000492621,-2.83624e-05,-0.000158625,-0.0160866,0.0183789
9.23302,0.0491857,-0.0117382,0.0609239,-0.01297,-0.000492139,-2.83337e-05,-0.000158499,-0.0165273,0.0184381
9.23889,0.0170326,-0.012104,0.0291366,-0.0129575,-0.000491657,-2.83051e-05,-0.000158373,-0.0169656,0.0184974
9.24475,-0.104462,-0.0124675,-0.0919941,-0.012945,-0.000491177,-2.82766e-05,-0.000158248,-0.0174015,0.0185567
9.25061,-0.117648,-0.0128286,-0.104819,-0.0129325,-0.000490697,-2.82481e-05,-0.000158122,-0.0178352,0.0186162
9.25647,0.0420604,-0.0131873,0.0552477,-0.01292,-0.000490219,-2.82197e-05,-0.000157997,-0.0182665,0.0186757
9.26234,-0.0366441,-0.0135437,-0.0231004,-0.0129076,-0.000489741,-2.81913e-05,-0.000157872,-0.0186955,0.0187352
9.2682,-0.0208354,-0.0138978,-0.00693762,-0.0128952,-0.000489264,-2.8163e-05,-0.000157747,-0.0191223,0.0187949
9.27406,0.0416728,-0.0142495,0.0559223,-0.0128828,-0.000488788,-2.81347e-05,-0.000157623,-0.0195467,0.0188546
9.27992,0.00998734,-0.0145989,0.0245863,-0.0128704,-0.000488313,-2.81065e-05,-0.000157498,-0.0199689,0.0189143
9.28578,-0.157629,-0.0149461,-0.142683,-0.0128581,-0.00048784,-2.80784e-05,-0.000157374,-0.0203889,0.0189742
9.29165,-0.00171884,-0.015291,0.0135721,-0.0128458,-0.000487367,-2.80503e-05,-0.00015725,-0.0208066,0.0190341
9.29751,0.0735282,-0.0156336,0.0891618,-0.0128335,-0.000486895,-2.80223e-05,-0.000157126,-0.0212222,0.0190941
9.30337,0.0890237,-0.015974,0.104998,-0.0128212,-0.000486423,-2.79943e-05,-0.000157002,-0.0216355,0.0191541
9.30923,0.165,-0.0163121,0.181312,-0.012809,-0.000485953,-2.79664e-05,-0.000156879,-0.0220466,0.0192143
9.3151,0.0680769,-0.016648,0.0847249,-0.0127967,-0.000485484,-2.79385e-05,-0.000156756,-0.0224555,0.0192744
9.32096,0.0781437,-0.0169817,0.0951254,-0.0127845,-0.000485016,-2.79107e-05,-0.000156633,-0.0228623,0.0193347
9.32682,0.15842,-0.0173132,0.175733,-0.0127724,-0.000484548,-2.7883e-05,-0.00015651,-0.0232669,0.019395
9.33268,0.00293185,-0.0176425,0.0205743,-0.0127602,-0.000484082,-2.78553e-05,-0.000156387,-0.0236694,0.0194554
9.33854,0.149433,-0.0179696,0.167402,-0.0127481,-0.000483616,-2.78276e-05,-0.000156264,-0.0240697,0.0195159
9.34441,0.192994,-0.0182946,0.211288,-0.012736,-0.000483151,-2.78001e-05,-0.000156142,-0.0244679,0.0195764
9.35027,0.115066,-0.0186174,0.133684,-0.0127239,-0.000482688,-2.77725e-05,-0.00015602,-0.024864,0.019637
9.35613,0.19226,-0.0189381,0.211198,-0.0127119,-0.000482225,-2.7745e-05,-0.000155898,-0.025258,0.0196977
9.36199,0.120973,-0.0192566,0.140229,-0.0126998,-0.000481763,-2.77176e-05,-0.000155776,-0.02565,0.0197585
9.36786,-0.0659155,-0.0195731,-0.0463425,-0.0126878,-0.000481302,-2.76903e-05,-0.000155655,-0.0260399,0.0198193
9.37372,0.0703148,-0.0198874,0.0902022,-0.0126758,-0.000480842,-2.76629e-05,-0.000155533,-0.0264277,0.0198802
9.37958,0.0336049,-0.0201996,0.0538045,-0.0126639,-0.000480382,-2.76357e-05,-0.000155412,-0.0268134,0.0199411
9.38544,0.0306849,-0.0205098,0.0511947,-0.0126519,-0.000479924,-2.76085e-05,-0.000155291,-0.0271972,0.0200021
9.3913,0.00490112,-0.0208179,0.025719,-0.01264,-0.000479466,-2.75813e-05,-0.00015517,-0.0275789,0.0200632
9.39717,0.111905,-0.0211239,0.133029,-0.0126281,-0.00047901,-2.75542e-05,-0.00015505,-0.0279586,0.0201244
9.40303,0.0667903,-0.0214279,0.0882182,-0.0126163,-0.000478554,-2.75272e-05,-0.000154929,-0.0283363,0.0201856
9.40889,-0.0660196,-0.0217299,-0.0442897,-0.0126044,-0.000478099,-2.75002e-05,-0.000154809,-0.028712,0.0202469
9.41475,0.0066495,-0.0220298,0.0286793,-0.0125926,-0.000477645,-2.74732e-05,-0.000154689,-0.0290857,0.0203083
9.42062,0.0514689,-0.0223278,0.0737967,-0.0125808,-0.000477192,-2.74463e-05,-0.000154569,-0.0294575,0.0203697
9.42648,-0.0740733,-0.0226237,-0.0514496,-0.012569,-0.00047674,-2.74195e-05,-0.00015445,-0.0298273,0.0204313
9.43234,-0.0841486,-0.0229177,-0.0612309,-0.0125573,-0.000476289,-2.73927e-05,-0.00015433,-0.0301952,0.0204928
9.4382,-0.0824874,-0.0232096,-0.0592778,-0.0125455,-0.000475838,-2.7366e-05,-0.000154211,-0.0305612,0.0205545
9.44406,-0.103583,-0.0234996,-0.0800837,-0.0125338,-0.000475389,-2.73393e-05,-0.000154092,-0.0309252,0.0206162
9.44993,-0.0189018,-0.0237877,0.00488593,-0.0125221,-0.00047494,-2.73127e-05,-0.000153973,-0.0312873,0.020678
9.45579,0.0701198,-0.0240738,0.0941936,-0.0125105,-0.000474492,-2.72861e-05,-0.000153854,-0.0316475,0.0207398
9.46165,0.180064,-0.024358,0.204422,-0.0124988,-0.000474045,-2.72596e-05,-0.000153735,-0.0320059,0.0208018
9.46751,0.146299,-0.0246402,0.170939,-0.0124872,-0.000473599,-2.72331e-05,-0.000153617,-0.0323623,0.0208638
9.47338,0.119511,-0.0249206,0.144432,-0.0124756,-0.000473154,-2.72067e-05,-0.000153499,-0.0327169,0.0209258
9.47924,0.122837,-0.025199,0.148036,-0.012464,-0.000472709,-2.71803e-05,-0.000153381,-0.0330696,0.020988
9.4851,0.141968,-0.0254755,0.167444,-0.0124525,-0.000472265,-2.7154e-05,-0.000153263,-0.0334205,0.0210502
9.49096,-0.0157954,-0.0257502,0.00995475,-0.012441,-0.000471823,-2.71277e-05,-0.000153145,-0.0337696,0.0211124
9.49682,0.0387895,-0.026023,0.0648125,-0.0124295,-0.000471381,-2.71015e-05,-0.000153028,-0.0341168,0.0211748
9.50269,0.0195524,-0.0262939,0.0458463,-0.012418,-0.00047094,-2.70753e-05,-0.00015291,-0.0344622,0.0212372
9.50855,-0.0294819,-0.026563,-0.00291892,-0.0124065,-0.000470499,-2.70492e-05,-0.000152793,-0.0348058,0.0212997
9.51441,-0.0754365,-0.0268302,-0.0486063,-0.0123951,-0.00047006,-2.70231e-05,-0.000152676,-0.0351476,0.0213622
9.52027,-0.0942061,-0.0270956,-0.0671104,-0.0123836,-0.000469621,-2.69971e-05,-0.00015256,-0.0354877,0.0214248
9.52614,-0.0773822,-0.0273592,-0.050023,-0.0123722,-0.000469184,-2.69711e-05,-0.000152443,-0.0358259,0.0214875
9.532,-0.16474,-0.027621,-0.137119,-0.0123608,-0.000468747,-2.69452e-05,-0.000152327,-0.0361624,0.0215503
9.53786,-0.0235678,-0.027881,0.00431323,-0.0123495,-0.000468311,-2.69194e-05,-0.00015221,-0.0364972,0.0216131
9.54372,-0.0332492,-0.0281392,-0.00511007,-0.0123382,-0.000467875,-2.68935e-05,-0.000152094,-0.0368302,0.021676
9.54958,-0.0241279,-0.0283956,0.0042677,-0.0123268,-0.000467441,-2.68678e-05,-0.000151978,-0.0371614,0.021739
9.55545,0.000628733,-0.0286502,0.0292789,-0.0123155,-0.000467007,-2.6842e-05,-0.000151863,-0.037491,0.021802
9.56131,0.0447264,-0.0289031,0.0736295,-0.0123043,-0.000466575,-2.68164e-05,-0.000151747,-0.0378188,0.0218651
9.56717,-0.0678195,-0.0291542,-0.0386653,-0.012293,-0.000466143,-2.67908e-05,-0.000151632,-0.0381449,0.0219283
9.57303,-0.0554424,-0.0294036,-0.0260388,-0.0122818,-0.000465711,-2.67652e-05,-0.000151517,-0.0384693,0.0219915
9.5789,-0.195202,-0.0296512,-0.165551,-0.0122706,-0.000465281,-2.67397e-05,-0.000151402,-0.0387921,0.0220548
9.58476,-0.295618,-0.0298971,-0.265721,-0.0122594,-0.000464851,-2.67142e-05,-0.000151287,-0.0391131,0.0221182
9.59062,-0.299261,-0.0301413,-0.26912,-0.0122482,-0.000464423,-2.66888e-05,-0.000151172,-0.0394325,0.0221817
9.59648,0.0311949,-0.0303838,0.0615788,-0.0122371,-0.000463995,-2.66634e-05,-0.000151058,-0.0397503,0.0222452
9.60234,-0.190662,-0.0306246,-0.160037,-0.012226,-0.000463568,-2.6638e-05,-0.000150943,-0.0400663,0.0223088
9.60821,-0.0381127,-0.0308638,-0.00724894,-0.0122148,-0.000463141,-2.66128e-05,-0.000150829,-0.0403808,0.0223725
9.61407,0.103363,-0.0311012,0.134464,-0.0122038,-0.000462716,-2.65875e-05,-0.000150715,-0.0406936,0.0224362
9.61993,-0.0389421,-0.031337,-0.00760517,-0.0121927,-0.000462291,-2.65623e-05,-0.000150601,-0.0410048,0.0225
9.62579,0.117348,-0.0315711,0.148919,-0.0121817,-0.000461867,-2.65372e-05,-0.000150488,-0.0413144,0.0225639
9.63166,0.184822,-0.0318035,0.216625,-0.0121706,-0.000461444,-2.65121e-05,-0.000150374,-0.0416224,0.0226278
9.63752,0.118867,-0.0320343,0.150901,-0.0121596,-0.000461021,-2.64871e-05,-0.000150261,-0.0419287,0.0226918
9.64338,0.235076,-0.0322635,0.26734,-0.0121486,-0.0004606,-2.64621e-05,-0.000150148,-0.0422335,0.0227559
9.64924,0.102856,-0.0324911,0.135347,-0.0121377,-0.000460179,-2.64371e-05,-0.000150035,-0.0425367,0.02282
9.65511,-0.0658611,-0.032717,-0.0331441,-0.0121267,-0.000459759,-2.64122e-05,-0.000149922,-0.0428384,0.0228842
9.66097,0.00285899,-0.0329413,0.0358003,-0.0121158,-0.00045934,-2.63874e-05,-0.00014981,-0.0431385,0.0229485
9.66683,-0.068715,-0.033164,-0.035551,-0.0121049,-0.000458921,-2.63625e-05,-0.000149697,-0.043437,0.0230129
9.67269,-0.1723,-0.0333852,-0.138915,-0.012094,-0.000458504,-2.63378e-05,-0.000149585,-0.043734,0.0230773
9.67855,-0.200896,-0.0336047,-0.167291,-0.0120832,-0.000458087,-2.63131e-05,-0.000149473,-0.0440295,0.0231418
9.68442,0.132695,-0.0338227,0.166517,-0.0120723,-0.00045767,-2.62884e-05,-0.000149361,-0.0443234,0.0232064
9.69028,-0.0394649,-0.0340391,-0.00542576,-0.0120615,-0.000457255,-2.62638e-05,-0.000149249,-0.0446158,0.023271
9.69614,-0.0418625,-0.034254,-0.00760851,-0.0120507,-0.00045684,-2.62392e-05,-0.000149138,-0.0449067,0.0233357
9.702,-0.10365,-0.0344673,-0.0691827,-0.0120399,-0.000456427,-2.62147e-05,-0.000149026,-0.0451961,0.0234005
9.70787,-0.0458098,-0.034679,-0.0111307,-0.0120292,-0.000456013,-2.61902e-05,-0.000148915,-0.045484,0.0234653
9.71373,-0.064421,-0.0348893,-0.0295318,-0.0120184,-0.000455601,-2.61657e-05,-0.000148804,-0.0457705,0.0235302
9.71959,-0.0864425,-0.035098,-0.0513446,-0.0120077,-0.000455189,-2.61413e-05,-0.000148693,-0.0460554,0.0235952
9.72545,-0.169563,-0.0353051,-0.134258,-0.011997,-0.000454779,-2.6117e-05,-0.000148582,-0.0463389,0.0236602
9.73131,-0.213797,-0.0355108,-0.178286,-0.0119863,-0.000454369,-2.60927e-05,-0.000148472,-0.0466209,0.0237254
9.73718,-0.163331,-0.035715,-0.127616,-0.0119757,-0.000453959,-2.60684e-05,-0.000148361,-0.0469015,0.0237905
9.74304,-0.0493725,-0.0359177,-0.0134549,-0.011965,-0.000453551,-2.60442e-05,-0.000148251,-0.0471806,0.0238558
9.7489,0.154897,-0.0361189,0.191016,-0.0119544,-0.000453143,-2.602e-05,-0.000148141,-0.0474583,0.0239211
9.75476,0.118495,-0.0363186,0.154813,-0.0119438,-0.000452736,-2.59959e-05,-0.000148031,-0.0477345,0.0239865
9.76063,0.180948,-0.0365168,0.217465,-0.0119332,-0.000452329,-2.59718e-05,-0.000147921,-0.0480094,0.024052
9.76649,0.071975,-0.0367136,0.108689,-0.0119226,-0.000451924,-2.59478e-05,-0.000147811,-0.0482828,0.0241175
9.77235,-0.0153887,-0.0369089,0.0215202,-0.0119121,-0.000451519,-2.59238e-05,-0.000147702,-0.0485548,0.0241831
9.77821,-0.159764,-0.0371028,-0.122661,-0.0119016,-0.000451115,-2.58998e-05,-0.000147593,-0.0488254,0.0242488
9.78407,-0.0765412,-0.0372952,-0.039246,-0.011891,-0.000450711,-2.58759e-05,-0.000147484,-0.0490946,0.0243145
9.78994,-0.256453,-0.0374862,-0.218966,-0.0118806,-0.000450309,-2.58521e-05,-0.000147375,-0.0493625,0.0243804
9.7958,-0.134579,-0.0376758,-0.0969031,-0.0118701,-0.000449907,-2.58283e-05,-0.000147266,-0.049629,0.0244462
9.80166,0.0858586,-0.037864,0.123723,-0.0118596,-0.000449506,-2.58045e-05,-0.000147157,-0.049894,0.0245122
9.80752,0.0279803,-0.0380507,0.066031,-0.0118492,-0.000449105,-2.57808e-05,-0.000147049,-0.0501578,0.0245782
9.81339,0.0868102,-0.038236,0.125046,-0.0118388,-0.000448705,-2.57571e-05,-0.00014694,-0.0504202,0.0246443
9.81925,-0.0397012,-0.03842,-0.0012812,-0.0118284,-0.000448306,-2.57334e-05,-0.000146832,-0.0506812,0.0247105
9.82511,-0.172564,-0.0386025,-0.133962,-0.011818,-0.000447908,-2.57098e-05,-0.000146724,-0.0509409,0.0247767
9.83097,-0.126914,-0.0387837,-0.0881302,-0.0118076,-0.00044751,-2.56863e-05,-0.000146616,-0.0511992,0.024843
9.83683,-0.105437,-0.0389635,-0.0664733,-0.0117973,-0.000447113,-2.56628e-05,-0.000146509,-0.0514563,0.0249094
9.8427,0.0537737,-0.0391419,0.0929157,-0.011787,-0.000446717,-2.56393e-05,-0.000146401,-0.051712,0.0249758
9.84856,0.174898,-0.039319,0.214217,-0.0117767,-0.000446322,-2.56159e-05,-0.000146294,-0.0519664,0.0250423
9.85442,-0.0479229,-0.0394947,-0.00842813,-0.0117664,-0.000445927,-2.55925e-05,-0.000146186,-0.0522195,0.0251089
9.86028,-0.0784604,-0.0396691,-0.0387913,-0.0117561,-0.000445533,-2.55691e-05,-0.000146079,-0.0524713,0.0251755
9.86615,-0.0673264,-0.0398421,-0.0274842,-0.0117459,-0.00044514,-2.55459e-05,-0.000145972,-0.0527218,0.0252422
9.87201,-0.0834641,-0.0400138,-0.0434502,-0.0117357,-0.000444747,-2.55226e-05,-0.000145866,-0.052971,0.025309
9.87787,-0.173766,-0.0401842,-0.133581,-0.0117254,-0.000444355,-2.54994e-05,-0.000145759,-0.053219,0.0253759
9.88373,-0.0734004,-0.0403532,-0.0330471,-0.0117152,-0.000443964,-2.54762e-05,-0.000145653,-0.0534657,0.0254428
9.88959,-0.0176973,-0.040521,0.0228237,-0.0117051,-0.000443573,-2.54531e-05,-0.000145546,-0.0537111,0.0255098
9.89546,0.00120224,-0.0406874,0.0418896,-0.0116949,-0.000443184,-2.543e-05,-0.00014544,-0.0539553,0.0255768
9.90132,-0.145101,-0.0408525,-0.104249,-0.0116848,-0.000442794,-2.54069e-05,-0.000145334,-0.0541982,0.025644
9.90718,-0.0848421,-0.0410164,-0.0438258,-0.0116747,-0.000442406,-2.53839e-05,-0.000145228,-0.0544399,0.0257112
9.91304,-0.22196,-0.0411789,-0.180781,-0.0116646,-0.000442018,-2.5361e-05,-0.000145123,-0.0546803,0.0257784
9.91891,-0.0100593,-0.0413402,0.0312809,-0.0116545,-0.000441631,-2.53381e-05,-0.000145017,-0.0549195,0.0258458
9.92477,-0.130976,-0.0415002,-0.0894756,-0.0116444,-0.000441245,-2.53152e-05,-0.000144912,-0.0551575,0.0259132
9.93063,-0.0962374,-0.0416589,-0.0545785,-0.0116343,-0.000440859,-2.52923e-05,-0.000144807,-0.0553942,0.0259807
9.93649,-0.102538,-0.0418163,-0.0607212,-0.0116243,-0.000440474,-2.52695e-05,-0.000144702,-0.0556298,0.0260482
9.94235,-0.117309,-0.0419725,-0.0753369,-0.0116143,-0.00044009,-2.52468e-05,-0.000144597,-0.0558641,0.0261158
9.94822,-0.167186,-0.0421275,-0.125058,-0.0116043,-0.000439706,-2.52241e-05,-0.000144492,-0.0560973,0.0261835
9.95408,-0.249811,-0.0422812,-0.207529,-0.0115943,-0.000439323,-2.52014e-05,-0.000144387,-0.0563292,0.0262513
9.95994,0.0592596,-0.0424337,0.101693,-0.0115844,-0.000438941,-2.51788e-05,-0.000144283,-0.05656,0.0263191
9.9658,0.0109937,-0.0425849,0.0535787,-0.0115744,-0.000438559,-2.51562e-05,-0.000144179,-0.0567896,0.026387
9.97167,-0.00261543,-0.042735,0.0401195,-0.0115645,-0.000438178,-2.51336e-05,-0.000144075,-0.057018,0.026455
9.97753,0.16813,-0.0428838,0.211014,-0.0115546,-0.000437798,-2.51111e-05,-0.000143971,-0.0572453,0.026523
9.98339,0.00945658,-0.0430314,0.0524879,-0.0115447,-0.000437418,-2.50886e-05,-0.000143867,-0.0574714,0.0265911
9.98925,0.0240913,-0.0431778,0.0672691,-0.0115348,-0.00043704,-2.50662e-05,-0.000143763,-0.0576963,0.0266593
9.99511,-0.0223068,-0.0433229,0.0210161,-0.011525,-0.000436661,-2.50438e-05,-0.000143659,-0.0579201,0.0267275
10.001,0.0749601,-0.0434669,0.118427,-0.0115151,-0.000436284,-2.50215e-05,-0.000143556,-0.0581428,0.0267958
10.0068,0.0386802,-0.0436098,0.0822899,-0.0115053,-0.000435907,-2.49991e-05,-0.000143453,-0.0583643,0.0268642
10.0127,0.00985058,-0.0437514,0.053602,-0.0114955,-0.00043553,-2.49769e-05,-0.00014335,-0.0585847,0.0269326
10.0186,-0.0532191,-0.0438918,-0.00932727,-0.0114857,-0.000435155,-2.49546e-05,-0.000143247,-0.0588039,0.0270012
10.0244,-0.0211759,-0.0440311,0.0228552,-0.0114759,-0.00043478,-2.49324e-05,-0.000143144,-0.0590221,0.0270697
10.0303,0.0726974,-0.0441692,0.116867,-0.0114662,-0.000434406,-2.49103e-05,-0.000143041,-0.0592391,0.0271384
10.0362,-0.208345,-0.0443062,-0.164039,-0.0114564,-0.000434032,-2.48882e-05,-0.000142939,-0.059455,0.0272071
10.042,-0.106929,-0.044442,-0.0624874,-0.0114467,-0.000433659,-2.48661e-05,-0.000142836,-0.0596698,0.0272759
10.0479,-0.104126,-0.0445766,-0.0595496,-0.011437,-0.000433287,-2.48441e-05,-0.000142734,-0.0598835,0.0273448
10.0537,-0.0921465,-0.0447101,-0.0474364,-0.0114273,-0.000432915,-2.48221e-05,-0.000142632,-0.0600962,0.0274137
10.0596,-0.248475,-0.0448425,-0.203633,-0.0114177,-0.000432544,-2.48001e-05,-0.00014253,-0.0603077,0.0274827
10.0655,-0.0371919,-0.0449738,0.00778182,-0.011408,-0.000432173,-2.47782e-05,-0.000142428,-0.0605182,0.0275518
10.0713,-0.124303,-0.0451039,-0.0791986,-0.0113984,-0.000431804,-2.47563e-05,-0.000142327,-0.0607276,0.027621
10.0772,-0.0915065,-0.0452329,-0.0462736,-0.0113887,-0.000431435,-2.47345e-05,-0.000142225,-0.0609359,0.0276902
10.083,-0.108158,-0.0453608,-0.0627968,-0.0113791,-0.000431066,-2.47126e-05,-0.000142124,-0.0611432,0.0277594
10.0889,-0.224475,-0.0454876,-0.178987,-0.0113696,-0.000430698,-2.46909e-05,-0.000142023,-0.0613494,0.0278288
10.0948,-0.142704,-0.0456132,-0.0970906,-0.01136,-0.000430331,-2.46692e-05,-0.000141922,-0.0615545,0.0278982
10.1006,-0.251388,-0.0457378,-0.20565,-0.0113504,-0.000429964,-2.46475e-05,-0.000141821,-0.0617587,0.0279677
10.1065,-0.198284,-0.0458613,-0.152423,-0.0113409,-0.000429598,-2.46258e-05,-0.00014172,-0.0619617,0.0280373
10.1124,-0.12258,-0.0459837,-0.0765964,-0.0113314,-0.000429233,-2.46042e-05,-0.000141619,-0.0621638,0.0281069
10.1182,-0.0703162,-0.046105,-0.0242112,-0.0113219,-0.000428868,-2.45826e-05,-0.000141519,-0.0623648,0.0281766
10.1241,-0.0489922,-0.0462252,-0.00276697,-0.0113124,-0.000428504,-2.45611e-05,-0.000141418,-0.0625647,0.0282464
10.1299,-0.0610738,-0.0463444,-0.0147294,-0.0113029,-0.000428141,-2.45396e-05,-0.000141318,-0.0627637,0.0283162
10.1358,0.152283,-0.0464625,0.198745,-0.0112935,-0.000427778,-2.45181e-05,-0.000141218,-0.0629617,0.0283861
10.1417,0.0538271,-0.0465796,0.100407,-0.011284,-0.000427416,-2.44967e-05,-0.000141118,-0.0631586,0.0284561
10.1475,-0.133857,-0.0466955,-0.087161,-0.0112746,-0.000427054,-2.44753e-05,-0.000141019,-0.0633545,0.0285261
10.1534,-0.132095,-0.0468105,-0.0852842,-0.0112652,-0.000426694,-2.4454e-05,-0.000140919,-0.0635495,0.0285962
10.1593,-0.135949,-0.0469244,-0.089025,-0.0112558,-0.000426333,-2.44326e-05,-0.000140819,-0.0637434,0.0286664
10.1651,-0.0913861,-0.0470372,-0.0443489,-0.0112464,-0.000425974,-2.44114e-05,-0.00014072,-0.0639364,0.0287367
10.171,-0.118725,-0.047149,-0.0715759,-0.0112371,-0.000425614,-2.43901e-05,-0.000140621,-0.0641283,0.028807
10.1768,-0.151035,-0.0472598,-0.103776,-0.0112277,-0.000425256,-2.43689e-05,-0.000140522,-0.0643193,0.0288774
10.1827,0.0781157,-0.0473695,0.125485,-0.0112184,-0.000424898,-2.43478e-05,-0.000140423,-0.0645094,0.0289479
10.1886,-0.00632281,-0.0474783,0.0411555,-0.0112091,-0.000424541,-2.43266e-05,-0.000140324,-0.0646984,0.0290184
10.1944,-0.0680781,-0.047586,-0.0204921,-0.0111998,-0.000424184,-2.43055e-05,-0.000140225,-0.0648865,0.029089
10.2003,-0.0785735,-0.0476927,-0.0308808,-0.0111905,-0.000423828,-2.42845e-05,-0.000140127,-0.0650736,0.0291597
10.2062,-0.0784047,-0.0477984,-0.0306063,-0.0111812,-0.000423473,-2.42635e-05,-0.000140028,-0.0652598,0.0292304
10.212,0.0751364,-0.0479031,0.123039,-0.011172,-0.000423118,-2.42425e-05,-0.00013993,-0.065445,0.0293012
10.2179,0.0339102,-0.0480068,0.081917,-0.0111627,-0.000422764,-2.42215e-05,-0.000139832,-0.0656293,0.0293721
10.2237,0.0829968,-0.0481095,0.131106,-0.0111535,-0.00042241,-2.42006e-05,-0.000139734,-0.0658127,0.029443
10.2296,-0.306925,-0.0482112,-0.258713,-0.0111443,-0.000422057,-2.41797e-05,-0.000139636,-0.0659951,0.0295141
10.2355,-0.0953776,-0.0483119,-0.0470656,-0.0111351,-0.000421705,-2.41589e-05,-0.000139539,-0.0661765,0.0295851
10.2413,0.0379662,-0.0484117,0.0863779,-0.011126,-0.000421353,-2.41381e-05,-0.000139441,-0.0663571,0.0296563
10.2472,0.165132,-0.0485105,0.213643,-0.0111168,-0.000421002,-2.41173e-05,-0.000139344,-0.0665367,0.0297275
10.2531,0.0177888,-0.0486083,0.0663971,-0.0111077,-0.000420651,-2.40966e-05,-0.000139246,-0.0667155,0.0297988
10.2589,-0.193047,-0.0487052,-0.144342,-0.0110985,-0.000420301,-2.40759e-05,-0.000139149,-0.0668933,0.0298702
10.2648,-0.0363867,-0.048801,0.0124144,-0.0110894,-0.000419951,-2.40552e-05,-0.000139052,-0.0670702,0.0299416
10.2706,-0.102771,-0.048896,-0.0538754,-0.0110803,-0.000419603,-2.40346e-05,-0.000138955,-0.0672462,0.0300131
10.2765,-0.236521,-0.04899,-0.187531,-0.0110713,-0.000419254,-2.4014e-05,-0.000138859,-0.0674213,0.0300847
10.2824,-0.164787,-0.049083,-0.115704,-0.0110622,-0.000418907,-2.39935e-05,-0.000138762,-0.0675955,0.0301563
10.2882,0.0164549,-0.0491751,0.06563,-0.0110531,-0.000418559,-2.3973e-05,-0.000138665,-0.0677688,0.030228
10.2941,0.0846946,-0.0492663,0.133961,-0.0110441,-0.000418213,-2.39525e-05,-0.000138569,-0.0679412,0.0302998
10.3,0.0593037,-0.0493565,0.10866,-0.0110351,-0.000417867,-2.3932e-05,-0.000138473,-0.0681128,0.0303717
10.3058,-0.117164,-0.0494458,-0.0677184,-0.0110261,-0.000417522,-2.39116e-05,-0.000138377,-0.0682835,0.0304436
10.3117,0.169945,-0.0495342,0.219479,-0.0110171,-0.000417177,-2.38912e-05,-0.000138281,-0.0684533,0.0305156
10.3175,-0.0956169,-0.0496216,-0.0459953,-0.0110081,-0.000416833,-2.38709e-05,-0.000138185,-0.0686222,0.0305876
10.3234,-0.0711785,-0.0497082,-0.0214704,-0.0109992,-0.000416489,-2.38506e-05,-0.000138089,-0.0687903,0.0306598
10.3293,-0.194301,-0.0497938,-0.144507,-0.0109902,-0.000416146,-2.38303e-05,-0.000137994,-0.0689576,0.030732
10.3351,0.0322221,-0.0498785,0.0821006,-0.0109813,-0.000415803,-2.381e-05,-0.000137898,-0.0691239,0.0308042
10.341,0.0170408,-0.0499623,0.0670031,-0.0109724,-0.000415462,-2.37898e-05,-0.000137803,-0.0692894,0.0308766
10.3468,0.0546467,-0.0500452,0.104692,-0.0109635,-0.00041512,-2.37697e-05,-0.000137708,-0.0694541,0.030949
10.3527,-0.0102068,-0.0501273,0.0399205,-0.0109546,-0.000414779,-2.37495e-05,-0.000137613,-0.069618,0.0310214
10.3586,-0.0448064,-0.0502084,0.00540202,-0.0109457,-0.000414439,-2.37294e-05,-0.000137518,-0.069781,0.031094
10.3644,-0.0320618,-0.0502886,0.0182268,-0.0109369,-0.0004141,-2.37093e-05,-0.000137423,-0.0699431,0.0311666
10.3703,-0.225036,-0.050368,-0.174668,-0.010928,-0.00041376,-2.36893e-05,-0.000137329,-0.0701045,0.0312393
10.3762,-0.00798379,-0.0504465,0.0424627,-0.0109192,-0.000413422,-2.36693e-05,-0.000137234,-0.070265,0.031312
10.382,0.0494123,-0.0505241,0.0999364,-0.0109104,-0.000413084,-2.36493e-05,-0.00013714,-0.0704247,0.0313849
10.3879,-0.0579545,-0.0506008,-0.00735365,-0.0109016,-0.000412747,-2.36294e-05,-0.000137046,-0.0705836,0.0314577
10.3937,-0.0539414,-0.0506767,-0.00326466,-0.0108928,-0.00041241,-2.36095e-05,-0.000136951,-0.0707416,0.0315307
10.3996,-0.0229744,-0.0507517,0.0277773,-0.010884,-0.000412073,-2.35896e-05,-0.000136858,-0.0708989,0.0316037
10.4055,0.107497,-0.0508259,0.158323,-0.0108753,-0.000411738,-2.35698e-05,-0.000136764,-0.0710554,0.0316768
10.4113,0.0380446,-0.0508992,0.0889438,-0.0108665,-0.000411402,-2.355e-05,-0.00013667,-0.071211,0.03175
10.4172,-0.0199493,-0.0509716,0.0310224,-0.0108578,-0.000411068,-2.35302e-05,-0.000136576,-0.0713659,0.0318232
10.4231,-0.0899753,-0.0510432,-0.038932,-0.0108491,-0.000410734,-2.35105e-05,-0.000136483,-0.07152,0.0318966
10.4289,-0.205853,-0.051114,-0.154739,-0.0108404,-0.0004104,-2.34908e-05,-0.00013639,-0.0716732,0.0319699
10.4348,-0.154083,-0.0511839,-0.102899,-0.0108317,-0.000410067,-2.34711e-05,-0.000136296,-0.0718257,0.0320434
10.4406,-0.0748668,-0.051253,-0.0236138,-0.0108231,-0.000409735,-2.34515e-05,-0.000136203,-0.0719775,0.0321169
10.4465,-0.0819781,-0.0513213,-0.0306568,-0.0108144,-0.000409403,-2.34319e-05,-0.00013611,-0.0721284,0.0321905
10.4524,-0.0528488,-0.0513887,-0.00146008,-0.0108058,-0.000409072,-2.34123e-05,-0.000136017,-0.0722786,0.0322641
10.4582,0.0197807,-0.0514553,0.071236,-0.0107971,-0.000408741,-2.33928e-05,-0.000135925,-0.072428,0.0323379
10.4641,0.0119929,-0.0515211,0.063514,-0.0107885,-0.000408411,-2.33733e-05,-0.000135832,-0.0725766,0.0324116
10.47,-0.00562219,-0.0515861,0.0459639,-0.0107799,-0.000408081,-2.33538e-05,-0.00013574,-0.0727245,0.0324855
10.4758,0.0254309,-0.0516502,0.0770811,-0.0107713,-0.000407752,-2.33343e-05,-0.000135647,-0.0728716,0.0325594
10.4817,-0.0100893,-0.0517136,0.0416243,-0.0107628,-0.000407423,-2.33149e-05,-0.000135555,-0.073018,0.0326334
10.4875,-0.0414763,-0.0517761,0.0102998,-0.0107542,-0.000407095,-2.32955e-05,-0.000135463,-0.0731636,0.0327075
10.4934,-0.00314796,-0.0518379,0.0486899,-0.0107457,-0.000406767,-2.32762e-05,-0.000135371,-0.0733084,0.0327817
10.4993,-0.201284,-0.0518988,-0.149385,-0.0107371,-0.00040644,-2.32569e-05,-0.000135279,-0.0734526,0.0328559
10.5051,0.0235911,-0.051959,0.0755501,-0.0107286,-0.000406114,-2.32376e-05,-0.000135188,-0.073596,0.0329301
10.511,-0.15144,-0.0520183,-0.0994212,-0.0107201,-0.000405788,-2.32184e-05,-0.000135096,-0.0737386,0.0330045
10.5169,-0.00112602,-0.0520769,0.0509509,-0.0107116,-0.000405462,-2.31991e-05,-0.000135005,-0.0738805,0.0330789
10.5227,-0.0346451,-0.0521347,0.0174896,-0.0107032,-0.000405138,-2.318e-05,-0.000134913,-0.0740217,0.0331534
10.5286,0.059773,-0.0521917,0.111965,-0.0106947,-0.000404813,-2.31608e-05,-0.000134822,-0.0741622,0.033228
10.5344,-0.0142382,-0.052248,0.0380097,-0.0106863,-0.000404489,-2.31417e-05,-0.000134731,-0.0743019,0.0333026
10.5403,-0.129876,-0.0523034,-0.0775729,-0.0106778,-0.000404166,-2.31226e-05,-0.00013464,-0.0744409,0.0333773
10.5462,0.0279064,-0.0523581,0.0802645,-0.0106694,-0.000403843,-2.31035e-05,-0.000134549,-0.0745792,0.033452
10.552,-0.00954029,-0.052412,0.0428718,-0.010661,-0.000403521,-2.30845e-05,-0.000134459,-0.0747168,0.0335269
10.5579,-0.0270777,-0.0524652,0.0253875,-0.0106526,-0.000403199,-2.30655e-05,-0.000134368,-0.0748537,0.0336018
10.5638,-0.0359055,-0.0525176,0.0166121,-0.0106442,-0.000402878,-2.30465e-05,-0.000134277,-0.0749899,0.0336767
10.5696,0.0492254,-0.0525693,0.101795,-0.0106359,-0.000402557,-2.30276e-05,-0.000134187,-0.0751254,0.0337518
10.5755,0.0572581,-0.0526202,0.109878,-0.0106275,-0.000402237,-2.30087e-05,-0.000134097,-0.0752602,0.0338269
10.5813,0.00362792,-0.0526703,0.0562982,-0.0106192,-0.000401917,-2.29898e-05,-0.000134007,-0.0753943,0.0339021
10.5872,-0.182362,-0.0527197,-0.129643,-0.0106109,-0.000401598,-2.2971e-05,-0.000133917,-0.0755277,0.0339773
10.5931,-0.128757,-0.0527684,-0.0759882,-0.0106025,-0.000401279,-2.29522e-05,-0.000133827,-0.0756604,0.0340527
10.5989,-0.0640408,-0.0528163,-0.0112245,-0.0105942,-0.000400961,-2.29334e-05,-0.000133737,-0.0757925,0.034128
10.6048,0.116526,-0.0528635,0.16939,-0.010586,-0.000400644,-2.29146e-05,-0.000133648,-0.0759238,0.0342035
10.6106,0.036153,-0.0529099,0.0890629,-0.0105777,-0.000400326,-2.28959e-05,-0.000133558,-0.0760545,0.034279
10.6165,-0.0334082,-0.0529557,0.0195475,-0.0105694,-0.00040001,-2.28772e-05,-0.000133469,-0.0761845,0.0343546
10.6224,0.0685972,-0.0530007,0.121598,-0.0105612,-0.000399694,-2.28586e-05,-0.000133379,-0.0763138,0.0344303
10.6282,-0.0255139,-0.0530449,0.0275311,-0.010553,-0.000399378,-2.284e-05,-0.00013329,-0.0764425,0.034506
10.6341,-0.0457915,-0.0530885,0.00729702,-0.0105447,-0.000399063,-2.28214e-05,-0.000133201,-0.0765705,0.0345818
10.64,-0.0342174,-0.0531313,0.0189139,-0.0105365,-0.000398748,-2.28028e-05,-0.000133112,-0.0766979,0.0346577
10.6458,-0.188621,-0.0531735,-0.135447,-0.0105283,-0.000398434,-2.27843e-05,-0.000133024,-0.0768245,0.0347337
10.6517,-0.000717355,-0.0532149,0.0524975,-0.0105202,-0.000398121,-2.27657e-05,-0.000132935,-0.0769506,0.0348097
10.6575,0.00492906,-0.0532556,0.0581846,-0.010512,-0.000397808,-2.27473e-05,-0.000132846,-0.0770759,0.0348858
10.6634,-0.0609527,-0.0532956,-0.00765717,-0.0105038,-0.000397495,-2.27288e-05,-0.000132758,-0.0772007,0.0349619
10.6693,-0.162721,-0.0533349,-0.109386,-0.0104957,-0.000397183,-2.27104e-05,-0.00013267,-0.0773248,0.0350381
10.6751,-0.0639154,-0.0533735,-0.0105419,-0.0104876,-0.000396871,-2.2692e-05,-0.000132581,-0.0774482,0.0351144
10.681,0.0788996,-0.0534114,0.132311,-0.0104794,-0.00039656,-2.26737e-05,-0.000132493,-0.077571,0.0351908
10.6869,-0.0729797,-0.0534486,-0.0195311,-0.0104713,-0.000396249,-2.26553e-05,-0.000132405,-0.0776932,0.0352672
10.6927,-0.15865,-0.0534851,-0.105165,-0.0104632,-0.000395939,-2.2637e-05,-0.000132317,-0.0778147,0.0353437
10.6986,-0.0430045,-0.053521,0.0105165,-0.0104552,-0.00039563,-2.26188e-05,-0.00013223,-0.0779356,0.0354203
10.7044,-0.200684,-0.0535561,-0.147128,-0.0104471,-0.000395321,-2.26005e-05,-0.000132142,-0.0780559,0.0354969
10.7103,-0.307572,-0.0535906,-0.253981,-0.0104391,-0.000395012,-2.25823e-05,-0.000132055,-0.0781755,0.0355736
10.7162,-0.170159,-0.0536244,-0.116535,-0.010431,-0.000394704,-2.25641e-05,-0.000131967,-0.0782946,0.0356504
10.722,-0.152351,-0.0536575,-0.0986933,-0.010423,-0.000394396,-2.2546e-05,-0.00013188,-0.078413,0.0357273
10.7279,-0.107594,-0.05369,-0.0539041,-0.010415,-0.000394089,-2.25279e-05,-0.000131793,-0.0785308,0.0358042
10.7338,-0.120339,-0.0537218,-0.0666172,-0.010407,-0.000393782,-2.25098e-05,-0.000131706,-0.078648,0.0358812
10.7396,-0.039855,-0.0537529,0.0138979,-0.010399,-0.000393476,-2.24917e-05,-0.000131619,-0.0787646,0.0359582
10.7455,-0.068488,-0.0537834,-0.0147046,-0.010391,-0.00039317,-2.24737e-05,-0.000131532,-0.0788805,0.0360353
10.7513,-0.113132,-0.0538132,-0.0593186,-0.010383,-0.000392865,-2.24557e-05,-0.000131445,-0.0789959,0.0361125
10.7572,-0.113048,-0.0538423,-0.0592058,-0.0103751,-0.00039256,-2.24377e-05,-0.000131359,-0.0791107,0.0361898
10.7631,-0.00911311,-0.0538708,0.0447577,-0.0103671,-0.000392256,-2.24197e-05,-0.000131272,-0.0792248,0.0362671
10.7689,0.0532747,-0.0538986,0.107173,-0.0103592,-0.000391952,-2.24018e-05,-0.000131186,-0.0793384,0.0363445
10.7748,0.066812,-0.0539258,0.120738,-0.0103513,-0.000391648,-2.23839e-05,-0.0001311,-0.0794514,0.036422
10.7807,0.0511296,-0.0539524,0.105082,-0.0103434,-0.000391346,-2.23661e-05,-0.000131014,-0.0795638,0.0364995
10.7865,-0.334685,-0.0539783,-0.280706,-0.0103355,-0.000391043,-2.23482e-05,-0.000130928,-0.0796756,0.0365771
10.7924,-0.23139,-0.0540035,-0.177386,-0.0103276,-0.000390741,-2.23304e-05,-0.000130842,-0.0797868,0.0366548
10.7982,-0.134826,-0.0540282,-0.0807982,-0.0103198,-0.00039044,-2.23126e-05,-0.000130756,-0.0798975,0.0367326
10.8041,-0.056204,-0.0540522,-0.00215185,-0.0103119,-0.000390139,-2.22949e-05,-0.00013067,-0.0800075,0.0368104
10.81,-0.206537,-0.0540755,-0.152461,-0.0103041,-0.000389838,-2.22772e-05,-0.000130585,-0.080117,0.0368883
10.8158,0.0383415,-0.0540982,0.0924398,-0.0102962,-0.000389538,-2.22595e-05,-0.000130499,-0.0802259,0.0369662
10.8217,0.00508694,-0.0541203,0.0592073,-0.0102884,-0.000389239,-2.22418e-05,-0.000130414,-0.0803343,0.0370443
10.8276,-0.0930764,-0.0541418,-0.0389346,-0.0102806,-0.000388939,-2.22242e-05,-0.000130329,-0.0804421,0.0371224
10.8334,-0.0476608,-0.0541627,0.00650184,-0.0102728,-0.000388641,-2.22066e-05,-0.000130243,-0.0805493,0.0372005
10.8393,-0.0826737,-0.0541829,-0.0284908,-0.0102651,-0.000388343,-2.2189e-05,-0.000130158,-0.0806559,0.0372788
10.8451,-0.132597,-0.0542025,-0.0783941,-0.0102573,-0.000388045,-2.21714e-05,-0.000130074,-0.080762,0.0373571
10.851,-0.0268151,-0.0542215,0.0274064,-0.0102495,-0.000387748,-2.21539e-05,-0.000129989,-0.0808676,0.0374354
10.8569,-0.0866282,-0.0542399,-0.0323883,-0.0102418,-0.000387451,-2.21364e-05,-0.000129904,-0.0809726,0.0375139
10.8627,-0.195942,-0.0542577,-0.141684,-0.010234,-0.000387154,-2.21189e-05,-0.00012982,-0.081077,0.0375924
10.8686,-0.154641,-0.0542749,-0.100367,-0.0102263,-0.000386859,-2.21015e-05,-0.000129735,-0.0811809,0.037671
10.8745,-0.0925893,-0.0542915,-0.0382978,-0.0102186,-0.000386563,-2.20841e-05,-0.000129651,-0.0812842,0.0377496
10.8803,-0.166031,-0.0543075,-0.111723,-0.0102109,-0.000386268,-2.20667e-05,-0.000129567,-0.081387,0.0378283
10.8862,0.0352713,-0.0543228,0.0895942,-0.0102032,-0.000385974,-2.20493e-05,-0.000129482,-0.0814893,0.0379071
10.892,-0.128546,-0.0543376,-0.0742081,-0.0101956,-0.00038568,-2.2032e-05,-0.000129398,-0.081591,0.037986
10.8979,0.0938815,-0.0543518,0.148233,-0.0101879,-0.000385386,-2.20147e-05,-0.000129314,-0.0816921,0.0380649
10.9038,0.0783239,-0.0543654,0.132689,-0.0101802,-0.000385093,-2.19974e-05,-0.000129231,-0.0817928,0.0381439
10.9096,-0.101458,-0.0543784,-0.0470798,-0.0101726,-0.0003848,-2.19802e-05,-0.000129147,-0.0818929,0.038223
10.9155,-0.0531343,-0.0543909,0.0012566,-0.010165,-0.000384508,-2.19629e-05,-0.000129063,-0.0819925,0.0383021
10.9213,0.0617322,-0.0544027,0.116135,-0.0101574,-0.000384216,-2.19457e-05,-0.00012898,-0.0820915,0.0383813
10.9272,-0.0347549,-0.054414,0.0196591,-0.0101498,-0.000383925,-2.19286e-05,-0.000128897,-0.0821901,0.0384606
10.9331,-0.159242,-0.0544247,-0.104817,-0.0101422,-0.000383634,-2.19114e-05,-0.000128813,-0.0822881,0.03854
10.9389,-0.0720853,-0.0544348,-0.0176505,-0.0101346,-0.000383343,-2.18943e-05,-0.00012873,-0.0823856,0.0386194
10.9448,0.133263,-0.0544443,0.187707,-0.010127,-0.000383053,-2.18772e-05,-0.000128647,-0.0824826,0.0386989
10.9507,-0.137085,-0.0544533,-0.0826313,-0.0101195,-0.000382764,-2.18601e-05,-0.000128564,-0.082579,0.0387784
10.9565,-0.0230899,-0.0544617,0.0313717,-0.0101119,-0.000382474,-2.18431e-05,-0.000128481,-0.082675,0.038858
10.9624,-0.0408206,-0.0544695,0.0136489,-0.0101044,-0.000382186,-2.18261e-05,-0.000128399,-0.0827704,0.0389377
10.9682,-0.0582739,-0.0544767,-0.00379715,-0.0100969,-0.000381897,-2.18091e-05,-0.000128316,-0.0828654,0.0390175
10.9741,-0.0894097,-0.0544835,-0.0349263,-0.0100893,-0.00038161,-2.17922e-05,-0.000128233,-0.0829598,0.0390973
10.98,-0.0919888,-0.0544896,-0.0374992,-0.0100818,-0.000381322,-2.17752e-05,-0.000128151,-0.0830537,0.0391772
10.9858,0.0367469,-0.0544952,0.091242,-0.0100744,-0.000381035,-2.17583e-05,-0.000128069,-0.0831471,0.0392572
10.9917,0.0333383,-0.0545002,0.0878385,-0.0100669,-0.000380749,-2.17414e-05,-0.000127987,-0.0832401,0.0393372
10.9976,-0.119712,-0.0545047,-0.065207,-0.0100594,-0.000380463,-2.17246e-05,-0.000127904,-0.0833325,0.0394173
11.0034,0.0782532,-0.0545086,0.132762,-0.010052,-0.000380177,-2.17078e-05,-0.000127823,-0.0834245,0.0394975
11.0093,-0.134756,-0.054512,-0.0802443,-0.0100445,-0.000379892,-2.1691e-05,-0.000127741,-0.0835159,0.0395778
11.0151,-0.0116488,-0.0545148,0.0428661,-0.0100371,-0.000379607,-2.16742e-05,-0.000127659,-0.0836069,0.0396581
11.021,-0.0203673,-0.0545171,0.0341498,-0.0100297,-0.000379323,-2.16574e-05,-0.000127577,-0.0836974,0.0397385
11.0269,0.073855,-0.0545189,0.128374,-0.0100222,-0.000379039,-2.16407e-05,-0.000127496,-0.0837874,0.0398189
11.0327,0.0218014,-0.0545201,0.0763215,-0.0100148,-0.000378755,-2.1624e-05,-0.000127414,-0.0838769,0.0398994
11.0386,0.0730013,-0.0545207,0.127522,-0.0100075,-0.000378472,-2.16073e-05,-0.000127333,-0.0839659,0.03998
11.0445,-0.0146656,-0.0545209,0.0398553,-0.0100001,-0.00037819,-2.15907e-05,-0.000127252,-0.0840545,0.0400607
11.0503,0.0541984,-0.0545205,0.108719,-0.00999271,-0.000377907,-2.15741e-05,-0.00012717,-0.0841425,0.0401414
11.0562,0.0149564,-0.0545195,0.0694759,-0.00998536,-0.000377626,-2.15575e-05,-0.000127089,-0.0842301,0.0402222
11.062,0.175361,-0.0545181,0.229879,-0.00997801,-0.000377344,-2.15409e-05,-0.000127008,-0.0843173,0.0403031
11.0679,-0.0478507,-0.0545161,0.00666535,-0.00997068,-0.000377063,-2.15244e-05,-0.000126928,-0.084404,0.0403841
11.0738,0.0655092,-0.0545136,0.120023,-0.00996336,-0.000376783,-2.15078e-05,-0.000126847,-0.0844902,0.0404651
11.0796,0.0299485,-0.0545106,0.084459,-0.00995605,-0.000376503,-2.14913e-05,-0.000126766,-0.0845759,0.0405461
11.0855,-0.00816203,-0.054507,0.046345,-0.00994875,-0.000376223,-2.14749e-05,-0.000126686,-0.0846612,0.0406273
11.0914,-0.0904302,-0.0545029,-0.0359272,-0.00994146,-0.000375944,-2.14584e-05,-0.000126605,-0.084746,0.0407085
11.0972,-0.0183682,-0.0544984,0.0361301,-0.00993418,-0.000375665,-2.1442e-05,-0.000126525,-0.0848304,0.0407898
11.1031,-0.17997,-0.0544933,-0.125477,-0.00992691,-0.000375387,-2.14256e-05,-0.000126445,-0.0849143,0.0408712
11.1089,-0.218389,-0.0544877,-0.163902,-0.00991965,-0.000375109,-2.14093e-05,-0.000126365,-0.0849977,0.0409526
11.1148,-0.031411,-0.0544815,0.0230705,-0.00991241,-0.000374831,-2.13929e-05,-0.000126285,-0.0850807,0.0410341
11.1207,-0.191528,-0.0544749,-0.137053,-0.00990517,-0.000374554,-2.13766e-05,-0.000126205,-0.0851633,0.0411156
11.1265,0.0458796,-0.0544678,0.100347,-0.00989795,-0.000374277,-2.13603e-05,-0.000126125,-0.0852454,0.0411973
11.1324,-0.046111,-0.0544601,0.00834915,-0.00989073,-0.000374001,-2.1344e-05,-0.000126045,-0.085327,0.041279
11.1383,-0.0236727,-0.054452,0.0307793,-0.00988353,-0.000373725,-2.13278e-05,-0.000125965,-0.0854082,0.0413608
11.1441,-0.033538,-0.0544434,0.0209054,-0.00987634,-0.00037345,-2.13116e-05,-0.000125886,-0.085489,0.0414426
11.15,-0.00354106,-0.0544342,0.0508932,-0.00986916,-0.000373174,-2.12954e-05,-0.000125807,-0.0855693,0.0415245
11.1558,-0.0612265,-0.0544246,-0.00680188,-0.00986199,-0.0003729,-2.12792e-05,-0.000125727,-0.0856492,0.0416065
11.1617,-0.0869287,-0.0544145,-0.0325142,-0.00985482,-0.000372626,-2.12631e-05,-0.000125648,-0.0857287,0.0416886
11.1676,-0.0715668,-0.0544039,-0.0171629,-0.00984767,-0.000372352,-2.12469e-05,-0.000125569,-0.0858077,0.0417707
11.1734,0.0451954,-0.0543928,0.0995882,-0.00984053,-0.000372078,-2.12308e-05,-0.00012549,-0.0858863,0.0418529
11.1793,0.0882729,-0.0543812,0.142654,-0.00983341,-0.000371805,-2.12148e-05,-0.000125411,-0.0859645,0.0419351
11.1851,0.11464,-0.0543691,0.169009,-0.00982629,-0.000371532,-2.11987e-05,-0.000125332,-0.0860422,0.0420175
11.191,0.0359128,-0.0543565,0.0902693,-0.00981918,-0.00037126,-2.11827e-05,-0.000125253,-0.0861195,0.0420999
11.1969,-0.041658,-0.0543435,0.0126855,-0.00981208,-0.000370988,-2.11667e-05,-0.000125175,-0.0861964,0.0421823
11.2027,-0.205999,-0.05433,-0.151669,-0.00980499,-0.000370717,-2.11507e-05,-0.000125096,-0.0862729,0.0422649
11.2086,-0.0337018,-0.054316,0.0206142,-0.00979792,-0.000370446,-2.11348e-05,-0.000125018,-0.0863489,0.0423475
11.2145,0.0368707,-0.0543015,0.0911722,-0.00979085,-0.000370175,-2.11188e-05,-0.000124939,-0.0864246,0.0424301
11.2203,-0.0605759,-0.0542865,-0.00628934,-0.00978379,-0.000369905,-2.11029e-05,-0.000124861,-0.0864998,0.0425129
11.2262,0.025668,-0.0542711,0.0799392,-0.00977675,-0.000369635,-2.10871e-05,-0.000124783,-0.0865746,0.0425957
11.232,0.0975441,-0.0542552,0.151799,-0.00976971,-0.000369366,-2.10712e-05,-0.000124705,-0.086649,0.0426786
11.2379,0.00518992,-0.0542389,0.0594288,-0.00976269,-0.000369097,-2.10554e-05,-0.000124627,-0.0867229,0.0427615
11.2438,0.0693153,-0.054222,0.123537,-0.00975567,-0.000368828,-2.10396e-05,-0.000124549,-0.0867965,0.0428446
11.2496,0.0171256,-0.0542047,0.0713304,-0.00974867,-0.00036856,-2.10238e-05,-0.000124472,-0.0868697,0.0429277
11.2555,-0.193351,-0.054187,-0.139164,-0.00974168,-0.000368292,-2.1008e-05,-0.000124394,-0.0869424,0.0430108
11.2614,-0.136048,-0.0541688,-0.0818797,-0.00973469,-0.000368025,-2.09923e-05,-0.000124316,-0.0870148,0.0430941
11.2672,-0.112862,-0.0541501,-0.0587114,-0.00972772,-0.000367757,-2.09766e-05,-0.000124239,-0.0870867,0.0431774
11.2731,-0.0162559,-0.0541309,0.037875,-0.00972075,-0.000367491,-2.09609e-05,-0.000124162,-0.0871583,0.0432607
11.2789,-0.120108,-0.0541113,-0.0659962,-0.0097138,-0.000367224,-2.09452e-05,-0.000124084,-0.0872294,0.0433442
11.2848,-0.110735,-0.0540913,-0.0566439,-0.00970686,-0.000366959,-2.09296e-05,-0.000124007,-0.0873002,0.0434277
11.2907,-0.157834,-0.0540708,-0.103763,-0.00969992,-0.000366693,-2.0914e-05,-0.00012393,-0.0873706,0.0435113
11.2965,-0.0838165,-0.0540498,-0.0297667,-0.009693,-0.000366428,-2.08984e-05,-0.000123853,-0.0874406,0.0435949
11.3024,-0.0512472,-0.0540284,0.00278123,-0.00968609,-0.000366163,-2.08828e-05,-0.000123776,-0.0875101,0.0436786
11.3083,0.0448756,-0.0540066,0.0988822,-0.00967918,-0.000365899,-2.08672e-05,-0.000123699,-0.0875793,0.0437624
11.3141,0.0568041,-0.0539843,0.110788,-0.00967229,-0.000365635,-2.08517e-05,-0.000123623,-0.0876481,0.0438463
11.32,7.56053e-05,-0.0539615,0.0540371,-0.00966541,-0.000365371,-2.08362e-05,-0.000123546,-0.0877166,0.0439302
11.3258,-0.00960013,-0.0539384,0.0443382,-0.00965853,-0.000365108,-2.08207e-05,-0.00012347,-0.0877846,0.0440142
11.3317,-0.0251013,-0.0539147,0.0288135,-0.00965167,-0.000364845,-2.08053e-05,-0.000123393,-0.0878523,0.0440982
11.3376,-0.0293541,-0.0538907,0.0245366,-0.00964481,-0.000364583,-2.07898e-05,-0.000123317,-0.0879196,0.0441824
11.3434,0.106203,-0.0538662,0.16007,-0.00963797,-0.000364321,-2.07744e-05,-0.000123241,-0.0879865,0.0442666
11.3493,-0.23781,-0.0538412,-0.183969,-0.00963114,-0.000364059,-2.0759e-05,-0.000123165,-0.088053,0.0443509
11.3552,-0.120568,-0.0538159,-0.0667524,-0.00962431,-0.000363798,-2.07437e-05,-0.000123089,-0.0881191,0.0444352
11.361,-0.0387764,-0.0537901,0.0150137,-0.0096175,-0.000363537,-2.07283e-05,-0.000123013,-0.0881849,0.0445196
11.3669,0.063742,-0.0537638,0.117506,-0.00961069,-0.000363276,-2.0713e-05,-0.000122937,-0.0882503,0.0446041
11.3727,-0.117641,-0.0537372,-0.0639037,-0.0096039,-0.000363016,-2.06977e-05,-0.000122861,-0.0883153,0.0446886
11.3786,-0.0345473,-0.0537101,0.0191628,-0.00959712,-0.000362757,-2.06824e-05,-0.000122785,-0.08838,0.0447733
11.3845,0.039548,-0.0536826,0.0932306,-0.00959034,-0.000362497,-2.06672e-05,-0.00012271,-0.0884443,0.044858
11.3903,-0.0628999,-0.0536546,-0.00924526,-0.00958357,-0.000362238,-2.06519e-05,-0.000122634,-0.0885083,0.0449427
11.3962,-0.233203,-0.0536263,-0.179577,-0.00957682,-0.000361979,-2.06367e-05,-0.000122559,-0.0885718,0.0450275
11.4021,-0.136497,-0.0535975,-0.0828999,-0.00957007,-0.000361721,-2.06215e-05,-0.000122484,-0.088635,0.0451124
11.4079,-0.187677,-0.0535683,-0.134108,-0.00956334,-0.000361463,-2.06064e-05,-0.000122409,-0.0886979,0.0451974
11.4138,-0.0263502,-0.0535387,0.0271885,-0.00955661,-0.000361206,-2.05912e-05,-0.000122333,-0.0887604,0.0452824
11.4196,-0.121182,-0.0535086,-0.0676734,-0.00954989,-0.000360949,-2.05761e-05,-0.000122258,-0.0888225,0.0453675
11.4255,0.101424,-0.0534782,0.154903,-0.00954319,-0.000360692,-2.0561e-05,-0.000122184,-0.0888843,0.0454527
11.4314,0.0118843,-0.0534473,0.0653317,-0.00953649,-0.000360435,-2.05459e-05,-0.000122109,-0.0889457,0.045538
11.4372,-0.10527,-0.0534161,-0.0518541,-0.0095298,-0.000360179,-2.05309e-05,-0.000122034,-0.0890068,0.0456233
11.4431,-0.111687,-0.0533844,-0.0583031,-0.00952312,-0.000359924,-2.05159e-05,-0.000121959,-0.0890675,0.0457087
11.4489,-0.169628,-0.0533523,-0.116276,-0.00951645,-0.000359668,-2.05008e-05,-0.000121885,-0.0891279,0.0457941
11.4548,-0.045629,-0.0533198,0.00769084,-0.00950979,-0.000359413,-2.04859e-05,-0.00012181,-0.0891879,0.0458796
11.4607,0.0966974,-0.0532869,0.149984,-0.00950314,-0.000359159,-2.04709e-05,-0.000121736,-0.0892476,0.0459652
11.4665,-0.0233764,-0.0532536,0.0298771,-0.0094965,-0.000358904,-2.04559e-05,-0.000121662,-0.0893069,0.0460509
11.4724,0.0494212,-0.0532199,0.102641,-0.00948987,-0.000358651,-2.0441e-05,-0.000121588,-0.0893659,0.0461366
11.4783,-0.106824,-0.0531858,-0.053638,-0.00948325,-0.000358397,-2.04261e-05,-0.000121513,-0.0894246,0.0462224
11.4841,-0.0343772,-0.0531512,0.018774,-0.00947663,-0.000358144,-2.04112e-05,-0.000121439,-0.0894829,0.0463083
11.49,0.177784,-0.0531163,0.230901,-0.00947003,-0.000357891,-2.03964e-05,-0.000121366,-0.0895409,0.0463942
11.4958,-0.112395,-0.053081,-0.0593143,-0.00946344,-0.000357639,-2.03816e-05,-0.000121292,-0.0895985,0.0464802
11.5017,0.0522303,-0.0530453,0.105276,-0.00945685,-0.000357387,-2.03667e-05,-0.000121218,-0.0896558,0.0465663
11.5076,0.0960629,-0.0530092,0.149072,-0.00945028,-0.000357135,-2.03519e-05,-0.000121144,-0.0897128,0.0466525
11.5134,-0.182051,-0.0529728,-0.129079,-0.00944371,-0.000356884,-2.03372e-05,-0.000121071,-0.0897694,0.0467387
11.5193,-0.22294,-0.0529359,-0.170004,-0.00943715,-0.000356633,-2.03224e-05,-0.000120997,-0.0898257,0.046825
11.5252,-0.191456,-0.0528986,-0.138557,-0.0094306,-0.000356382,-2.03077e-05,-0.000120924,-0.0898817,0.0469113
11.531,0.00355599,-0.052861,0.056417,-0.00942407,-0.000356132,-2.0293e-05,-0.000120851,-0.0899374,0.0469977
11.5369,-0.0712291,-0.0528229,-0.0184062,-0.00941754,-0.000355882,-2.02783e-05,-0.000120777,-0.0899927,0.0470842
11.5427,-0.068688,-0.0527845,-0.0159035,-0.00941102,-0.000355632,-2.02636e-05,-0.000120704,-0.0900477,0.0471708
11.5486,0.015564,-0.0527457,0.0683097,-0.00940451,-0.000355383,-2.0249e-05,-0.000120631,-0.0901024,0.0472574
11.5545,-0.0153627,-0.0527065,0.0373438,-0.009398,-0.000355134,-2.02344e-05,-0.000120558,-0.0901567,0.0473441
11.5603,-0.0143218,-0.0526669,0.0383451,-0.00939151,-0.000354886,-2.02198e-05,-0.000120486,-0.0902107,0.0474309
11.5662,-0.066157,-0.052627,-0.01353,-0.00938503,-0.000354638,-2.02052e-05,-0.000120413,-0.0902645,0.0475177
11.5721,0.0562079,-0.0525867,0.108795,-0.00937855,-0.00035439,-2.01906e-05,-0.00012034,-0.0903178,0.0476046
11.5779,-0.0884944,-0.052546,-0.0359484,-0.00937209,-0.000354142,-2.01761e-05,-0.000120268,-0.0903709,0.0476916
11.5838,0.102124,-0.0525049,0.154629,-0.00936563,-0.000353895,-2.01616e-05,-0.000120195,-0.0904237,0.0477787
11.5896,-0.0326939,-0.0524634,0.0197695,-0.00935919,-0.000353648,-2.01471e-05,-0.000120123,-0.0904761,0.0478658
11.5955,-0.116969,-0.0524216,-0.0645469,-0.00935275,-0.000353402,-2.01326e-05,-0.00012005,-0.0905283,0.047953
11.6014,-0.00443677,-0.0523794,0.0479427,-0.00934632,-0.000353156,-2.01182e-05,-0.000119978,-0.0905801,0.0480402
11.6072,0.0106893,-0.0523369,0.0630262,-0.0093399,-0.00035291,-2.01037e-05,-0.000119906,-0.0906316,0.0481276
11.6131,-0.216675,-0.0522939,-0.164381,-0.00933349,-0.000352665,-2.00893e-05,-0.000119834,-0.0906828,0.048215
11.619,-0.0748452,-0.0522506,-0.0225946,-0.00932708,-0.00035242,-2.00749e-05,-0.000119762,-0.0907337,0.0483024
11.6248,-0.182154,-0.052207,-0.129947,-0.00932069,-0.000352175,-2.00606e-05,-0.00011969,-0.0907843,0.04839
11.6307,-0.16467,-0.0521629,-0.112507,-0.00931431,-0.000351931,-2.00462e-05,-0.000119618,-0.0908346,0.0484776
11.6365,-0.00522424,-0.0521186,0.0468943,-0.00930793,-0.000351687,-2.00319e-05,-0.000119547,-0.0908846,0.0485652
11.6424,-0.114688,-0.0520738,-0.0626138,-0.00930156,-0.000351443,-2.00176e-05,-0.000119475,-0.0909343,0.048653
11.6483,-0.0313492,-0.0520287,0.0206794,-0.00929521,-0.0003512,-2.00033e-05,-0.000119403,-0.0909837,0.0487408
11.6541,-0.0764472,-0.0519832,-0.024464,-0.00928886,-0.000350957,-1.9989e-05,-0.000119332,-0.0910327,0.0488287
11.66,0.130658,-0.0519374,0.182596,-0.00928252,-0.000350714,-1.99748e-05,-0.000119261,-0.0910815,0.0489166
11.6659,-0.000759955,-0.0518912,0.0511312,-0.00927618,-0.000350472,-1.99605e-05,-0.000119189,-0.09113,0.0490046
11.6717,-0.143104,-0.0518447,-0.0912593,-0.00926986,-0.00035023,-1.99463e-05,-0.000119118,-0.0911782,0.0490927
11.6776,-0.179089,-0.0517978,-0.127292,-0.00926355,-0.000349988,-1.99321e-05,-0.000119047,-0.0912261,0.0491809
11.6834,-0.170909,-0.0517505,-0.119159,-0.00925724,-0.000349747,-1.9918e-05,-0.000118976,-0.0912737,0.0492691
11.6893,-0.0699084,-0.0517029,-0.0182055,-0.00925095,-0.000349506,-1.99038e-05,-0.000118905,-0.0913211,0.0493574
11.6952,-0.0520505,-0.051655,-0.000395579,-0.00924466,-0.000349266,-1.98897e-05,-0.000118834,-0.0913681,0.0494458
11.701,0.0460514,-0.0516067,0.097658,-0.00923838,-0.000349025,-1.98756e-05,-0.000118763,-0.0914148,0.0495342
11.7069,-0.00103361,-0.051558,0.0505244,-0.00923211,-0.000348785,-1.98615e-05,-0.000118693,-0.0914613,0.0496227
11.7128,-0.0188362,-0.051509,0.0326728,-0.00922585,-0.000348546,-1.98474e-05,-0.000118622,-0.0915075,0.0497113
11.7186,-0.00554857,-0.0514597,0.0459111,-0.00921959,-0.000348306,-1.98334e-05,-0.000118551,-0.0915533,0.0497999
11.7245,-0.0448116,-0.05141,0.00659841,-0.00921335,-0.000348067,-1.98193e-05,-0.000118481,-0.0915989,0.0498887
11.7303,-0.0163452,-0.05136,0.0350148,-0.00920711,-0.000347829,-1.98053e-05,-0.000118411,-0.0916443,0.0499774
11.7362,0.0390239,-0.0513096,0.0903335,-0.00920088,-0.000347591,-1.97913e-05,-0.00011834,-0.0916893,0.0500663
11.7421,0.0556695,-0.0512589,0.106928,-0.00919466,-0.000347353,-1.97774e-05,-0.00011827,-0.0917341,0.0501552
11.7479,-0.066051,-0.0512078,-0.0148432,-0.00918845,-0.000347115,-1.97634e-05,-0.0001182,-0.0917785,0.0502442
11.7538,-0.219198,-0.0511565,-0.168041,-0.00918225,-0.000346878,-1.97495e-05,-0.00011813,-0.0918227,0.0503333
11.7596,-0.173581,-0.0511047,-0.122476,-0.00917606,-0.000346641,-1.97356e-05,-0.00011806,-0.0918667,0.0504224
11.7655,-0.0559057,-0.0510527,-0.00485307,-0.00916987,-0.000346404,-1.97217e-05,-0.00011799,-0.0919103,0.0505116
11.7714,-0.284871,-0.0510003,-0.233871,-0.0091637,-0.000346168,-1.97078e-05,-0.00011792,-0.0919537,0.0506009
11.7772,-0.161527,-0.0509476,-0.110579,-0.00915753,-0.000345932,-1.9694e-05,-0.000117851,-0.0919968,0.0506902
11.7831,-0.0362973,-0.0508945,0.0145972,-0.00915137,-0.000345696,-1.96801e-05,-0.000117781,-0.0920396,0.0507796
11.789,-0.0953565,-0.0508411,-0.0445154,-0.00914522,-0.000345461,-1.96663e-05,-0.000117712,-0.0920822,0.0508691
11.7948,-0.165937,-0.0507874,-0.11515,-0.00913907,-0.000345226,-1.96525e-05,-0.000117642,-0.0921245,0.0509586
11.8007,0.0868688,-0.0507334,0.137602,-0.00913294,-0.000344991,-1.96388e-05,-0.000117573,-0.0921665,0.0510483
11.8065,0.127521,-0.050679,0.1782,-0.00912681,-0.000344757,-1.9625e-05,-0.000117504,-0.0922082,0.051138
11.8124,-0.0170195,-0.0506243,0.0336048,-0.0091207,-0.000344523,-1.96113e-05,-0.000117434,-0.0922497,0.0512277
11.8183,0.0904437,-0.0505693,0.141013,-0.00911459,-0.000344289,-1.95976e-05,-0.000117365,-0.0922909,0.0513175
11.8241,0.120401,-0.0505139,0.170915,-0.00910848,-0.000344055,-1.95839e-05,-0.000117296,-0.0923319,0.0514074
11.83,-0.102252,-0.0504582,-0.0517939,-0.00910239,-0.000343822,-1.95702e-05,-0.000117227,-0.0923726,0.0514974
11.8359,0.194433,-0.0504022,0.244835,-0.00909631,-0.000343589,-1.95565e-05,-0.000117158,-0.092413,0.0515874
11.8417,-0.0616181,-0.0503459,-0.0112722,-0.00909023,-0.000343357,-1.95429e-05,-0.00011709,-0.0924532,0.0516775
11.8476,-0.0741348,-0.0502893,-0.0238455,-0.00908416,-0.000343125,-1.95293e-05,-0.000117021,-0.0924931,0.0517677
11.8534,-0.157287,-0.0502323,-0.107055,-0.0090781,-0.000342893,-1.95157e-05,-0.000116952,-0.0925328,0.0518579
11.8593,-0.0703139,-0.0501751,-0.0201388,-0.00907205,-0.000342662,-1.95021e-05,-0.000116884,-0.0925722,0.0519482
11.8652,-0.177047,-0.0501175,-0.12693,-0.00906601,-0.00034243,-1.94885e-05,-0.000116815,-0.0926114,0.0520386
11.871,-0.0843117,-0.0500596,-0.0342521,-0.00905997,-0.000342199,-1.9475e-05,-0.000116747,-0.0926502,0.0521291
11.8769,0.0474572,-0.0500013,0.0974586,-0.00905394,-0.000341969,-1.94614e-05,-0.000116678,-0.0926889,0.0522196
11.8828,0.00410588,-0.0499428,0.0540487,-0.00904792,-0.000341739,-1.94479e-05,-0.00011661,-0.0927273,0.0523102
11.8886,-0.0544711,-0.049884,-0.0045871,-0.00904191,-0.000341509,-1.94344e-05,-0.000116542,-0.0927654,0.0524008
11.8945,0.100629,-0.0498248,0.150454,-0.00903591,-0.000341279,-1.9421e-05,-0.000116474,-0.0928033,0.0524916
11.9003,-0.0857799,-0.0497654,-0.0360145,-0.00902992,-0.00034105,-1.94075e-05,-0.000116406,-0.0928409,0.0525824
11.9062,0.036178,-0.0497056,0.0858836,-0.00902393,-0.000340821,-1.93941e-05,-0.000116338,-0.0928783,0.0526732
11.9121,-0.0483974,-0.0496455,0.00124806,-0.00901795,-0.000340592,-1.93807e-05,-0.00011627,-0.0929155,0.0527642
11.9179,-0.0243469,-0.0495851,0.0252382,-0.00901198,-0.000340364,-1.93673e-05,-0.000116202,-0.0929524,0.0528552
11.9238,-0.0347083,-0.0495244,0.0148161,-0.00900602,-0.000340136,-1.93539e-05,-0.000116135,-0.092989,0.0529462
11.9297,-0.028595,-0.0494634,0.0208684,-0.00900006,-0.000339908,-1.93405e-05,-0.000116067,-0.0930254,0.0530374
11.9355,-0.0440399,-0.0494021,0.00536224,-0.00899412,-0.00033968,-1.93272e-05,-0.000116,-0.0930616,0.0531286
11.9414,-0.118188,-0.0493405,-0.0688477,-0.00898818,-0.000339453,-1.93139e-05,-0.000115932,-0.0930975,0.0532199
11.9472,-0.120059,-0.0492786,-0.0707802,-0.00898225,-0.000339226,-1.93006e-05,-0.000115865,-0.0931332,0.0533112
11.9531,-0.0242796,-0.0492164,0.0249368,-0.00897632,-0.000339,-1.92873e-05,-0.000115798,-0.0931687,0.0534027
11.959,-0.0479585,-0.0491539,0.00119542,-0.00897041,-0.000338774,-1.9274e-05,-0.00011573,-0.0932039,0.0534941
11.9648,-0.155702,-0.0490911,-0.106611,-0.0089645,-0.000338548,-1.92608e-05,-0.000115663,-0.0932388,0.0535857
11.9707,-0.144373,-0.049028,-0.0953455,-0.0089586,-0.000338322,-1.92475e-05,-0.000115596,-0.0932736,0.0536773
11.9766,-0.139783,-0.0489646,-0.0908186,-0.00895271,-0.000338097,-1.92343e-05,-0.000115529,-0.0933081,0.053769
11.9824,-0.0775858,-0.0489009,-0.0286849,-0.00894683,-0.000337872,-1.92211e-05,-0.000115462,-0.0933423,0.0538608
11.9883,-0.03668,-0.0488369,0.0121569,-0.00894095,-0.000337647,-1.9208e-05,-0.000115395,-0.0933763,0.0539526
11.9941,-0.032758,-0.0487726,0.0160146,-0.00893508,-0.000337423,-1.91948e-05,-0.000115329,-0.0934101,0.0540445
12,-0.102632,-0.048708,-0.0539243,-0.00892922,-0.000337198,-1.91817e-05,-0.000115262,-0.0934437,0.0541365
