ppm,observed,fitted,residual,component_EGDA,component_EGMA,component_EG,component_AcOH,component_exchange_pool,component_baseline
0,0.52881,0.50109,0.0277191,0.0105819,0.00435105,0.000991609,0.00581845,0.492026,-0.0126788
0.00586224,0.567239,0.502153,0.0650865,0.0106107,0.00436201,0.000993331,0.00583714,0.492982,-0.0126323
0.0117245,0.542381,0.503219,0.039162,0.0106396,0.00437303,0.00099506,0.00585595,0.493941,-0.0125859
0.0175867,0.529867,0.504288,0.0255788,0.0106688,0.0043841,0.000996794,0.00587489,0.494903,-0.0125395
0.0234489,0.628525,0.505361,0.123163,0.0106981,0.00439524,0.000998535,0.00589394,0.495868,-0.0124931
0.0293112,0.73611,0.506438,0.229672,0.0107276,0.00440644,0.00100028,0.00591311,0.496837,-0.0124468
0.0351734,0.598129,0.507518,0.0906108,0.0107572,0.00441771,0.00100203,0.00593241,0.497809,-0.0124006
0.0410357,0.677503,0.508602,0.168901,0.0107871,0.00442903,0.00100379,0.00595183,0.498784,-0.0123543
0.0468979,0.700193,0.509689,0.190504,0.0108171,0.00444042,0.00100556,0.00597138,0.499763,-0.0123081
0.0527601,0.81538,0.51078,0.3046,0.0108472,0.00445187,0.00100733,0.00599105,0.500745,-0.0122619
0.0586224,0.68257,0.511875,0.170695,0.0108776,0.00446338,0.00100911,0.00601085,0.50173,-0.0122158
0.0644846,0.513865,0.512973,0.000891332,0.0109081,0.00447496,0.00101089,0.00603079,0.502718,-0.0121697
0.0703468,0.475331,0.514075,-0.0387448,0.0109389,0.00448661,0.00101268,0.00605085,0.50371,-0.0121237
0.0762091,0.565959,0.515181,0.0507777,0.0109698,0.00449832,0.00101448,0.00607104,0.504705,-0.0120777
0.0820713,0.521239,0.516291,0.00494865,0.0110008,0.00451009,0.00101628,0.00609137,0.505704,-0.0120317
0.0879336,0.431498,0.517404,-0.0859061,0.0110321,0.00452193,0.00101809,0.00611183,0.506706,-0.0119857
0.0937958,0.525687,0.518521,0.00716584,0.0110636,0.00453384,0.0010199,0.00613243,0.507711,-0.0119398
0.099658,0.759623,0.519642,0.23998,0.0110952,0.00454582,0.00102172,0.00615316,0.50872,-0.011894
0.10552,0.579427,0.520767,0.0586601,0.0111271,0.00455787,0.00102355,0.00617403,0.509733,-0.0118481
0.111383,0.543603,0.521896,0.0217077,0.0111591,0.00456998,0.00102539,0.00619505,0.510749,-0.0118023
0.117245,0.595663,0.523028,0.0726344,0.0111913,0.00458217,0.00102723,0.0062162,0.511768,-0.0117566
0.123107,0.601443,0.524165,0.0772778,0.0112237,0.00459443,0.00102908,0.0062375,0.512791,-0.0117108
0.128969,0.652001,0.525305,0.126696,0.0112564,0.00460675,0.00103093,0.00625894,0.513817,-0.0116652
0.134831,0.600535,0.526449,0.074086,0.0112892,0.00461915,0.00103279,0.00628052,0.514847,-0.0116195
0.140694,0.671941,0.527597,0.144343,0.0113222,0.00463162,0.00103466,0.00630225,0.515881,-0.0115739
0.146556,0.476263,0.52875,-0.0524869,0.0113554,0.00464417,0.00103653,0.00632414,0.516918,-0.0115283
0.152418,0.583991,0.529906,0.0540853,0.0113889,0.00465679,0.00103841,0.00634617,0.517958,-0.0114828
0.15828,0.523763,0.531066,-0.00730323,0.0114225,0.00466948,0.0010403,0.00636835,0.519003,-0.0114373
0.164143,0.535519,0.53223,0.00328924,0.0114564,0.00468225,0.0010422,0.00639068,0.520051,-0.0113918
0.170005,0.602704,0.533398,0.0693051,0.0114904,0.00469509,0.0010441,0.00641317,0.521102,-0.0113464
0.175867,0.634693,0.534571,0.100122,0.0115247,0.00470801,0.00104601,0.00643582,0.522157,-0.011301
0.181729,0.523323,0.535747,-0.0124245,0.0115592,0.00472101,0.00104792,0.00645862,0.523216,-0.0112557
0.187592,0.558865,0.536928,0.0219372,0.0115939,0.00473408,0.00104985,0.00648159,0.524279,-0.0112104
0.193454,0.660324,0.538113,0.122211,0.0116289,0.00474724,0.00105178,0.00650471,0.525345,-0.0111651
0.199316,0.610611,0.539302,0.0713098,0.011664,0.00476047,0.00105371,0.006528,0.526415,-0.0111198
0.205178,0.59704,0.540495,0.0565451,0.0116994,0.00477378,0.00105566,0.00655145,0.527489,-0.0110746
0.211041,0.472982,0.541692,-0.06871,0.011735,0.00478718,0.00105761,0.00657507,0.528567,-0.0110295
0.216903,0.608354,0.542894,0.0654605,0.0117708,0.00480065,0.00105957,0.00659885,0.529648,-0.0109843
0.222765,0.501125,0.544099,-0.042974,0.0118069,0.00481421,0.00106153,0.00662281,0.530733,-0.0109393
0.228627,0.631102,0.54531,0.0857926,0.0118432,0.00482785,0.0010635,0.00664693,0.531822,-0.0108942
0.234489,0.484062,0.546524,-0.0624622,0.0118798,0.00484158,0.00106548,0.00667123,0.532915,-0.0108492
0.240352,0.504188,0.547743,-0.0435552,0.0119165,0.00485539,0.00106747,0.00669571,0.534012,-0.0108042
0.246214,0.619352,0.548966,0.0703864,0.0119536,0.00486929,0.00106946,0.00672036,0.535112,-0.0107593
0.252076,0.552171,0.550193,0.00197726,0.0119908,0.00488327,0.00107147,0.00674519,0.536217,-0.0107144
0.257938,0.653577,0.551425,0.102151,0.0120283,0.00489735,0.00107348,0.0067702,0.537325,-0.0106695
0.263801,0.543246,0.552662,-0.00941526,0.0120661,0.0049115,0.00107549,0.00679539,0.538438,-0.0106246
0.269663,0.716626,0.553902,0.162724,0.0121041,0.00492575,0.00107752,0.00682077,0.539554,-0.0105799
0.275525,0.696585,0.555148,0.141437,0.0121424,0.00494009,0.00107955,0.00684634,0.540675,-0.0105351
0.281387,0.635076,0.556398,0.0786782,0.0121809,0.00495452,0.00108159,0.00687209,0.541799,-0.0104904
0.28725,0.45578,0.557652,-0.101871,0.0122196,0.00496905,0.00108364,0.00689804,0.542927,-0.0104457
0.293112,0.507199,0.558911,-0.0517119,0.0122587,0.00498366,0.00108569,0.00692418,0.54406,-0.010401
0.298974,0.695037,0.560174,0.134863,0.012298,0.00499837,0.00108775,0.00695051,0.545196,-0.0103564
0.304836,0.560996,0.561442,-0.0004463,0.0123376,0.00501317,0.00108983,0.00697704,0.546337,-0.0103119
0.310699,0.425231,0.562715,-0.137484,0.0123774,0.00502807,0.0010919,0.00700377,0.547481,-0.0102673
0.316561,0.676535,0.563993,0.112542,0.0124175,0.00504307,0.00109399,0.0070307,0.54863,-0.0102228
0.322423,0.498472,0.565275,-0.0668024,0.0124579,0.00505816,0.00109608,0.00705784,0.549783,-0.0101784
0.328285,0.657889,0.566562,0.0913279,0.0124986,0.00507335,0.00109819,0.00708518,0.55094,-0.0101339
0.334148,0.884917,0.567853,0.317064,0.0125395,0.00508865,0.0011003,0.00711273,0.552101,-0.0100895
0.34001,0.672671,0.569149,0.103521,0.0125807,0.00510404,0.00110242,0.00714049,0.553267,-0.0100452
0.345872,0.52015,0.570451,-0.0503008,0.0126222,0.00511953,0.00110454,0.00716847,0.554437,-0.0100009
0.351734,0.646711,0.571757,0.0749542,0.0126641,0.00513513,0.00110668,0.00719666,0.555611,-0.0099566
0.357596,0.668184,0.573067,0.0951161,0.0127061,0.00515083,0.00110882,0.00722507,0.556789,-0.00991236
0.363459,0.662042,0.574383,0.0876588,0.0127485,0.00516664,0.00111097,0.0072537,0.557971,-0.00986816
0.369321,0.606385,0.575704,0.0306812,0.0127912,0.00518255,0.00111313,0.00728255,0.559158,-0.00982399
0.375183,0.689288,0.577029,0.112259,0.0128342,0.00519857,0.0011153,0.00731163,0.560349,-0.00977986
0.381045,0.587982,0.57836,0.00962186,0.0128775,0.0052147,0.00111747,0.00734093,0.561545,-0.00973577
0.386908,0.579672,0.579695,-2.35221e-05,0.0129212,0.00523093,0.00111966,0.00737047,0.562745,-0.00969171
0.39277,0.556985,0.581036,-0.0240507,0.0129651,0.00524728,0.00112185,0.00740024,0.563949,-0.00964769
0.398632,0.615061,0.582382,0.0326796,0.0130093,0.00526374,0.00112405,0.00743025,0.565158,-0.00960371
0.404494,0.737279,0.583732,0.153547,0.0130539,0.00528031,0.00112626,0.0074605,0.566371,-0.00955977
0.410357,0.446135,0.585088,-0.138953,0.0130988,0.005297,0.00112848,0.00749099,0.567589,-0.00951586
0.416219,0.60134,0.586449,0.0148912,0.013144,0.0053138,0.00113071,0.00752172,0.568811,-0.00947199
0.422081,0.481909,0.587815,-0.105907,0.0131895,0.00533072,0.00113295,0.00755271,0.570038,-0.00942816
0.427943,0.45507,0.589187,-0.134117,0.0132354,0.00534776,0.00113519,0.00758394,0.571269,-0.00938436
0.433806,0.688781,0.590563,0.0982178,0.0132816,0.00536492,0.00113744,0.00761543,0.572505,-0.0093406
0.439668,0.694115,0.591945,0.102169,0.0133282,0.00538219,0.00113971,0.00764717,0.573745,-0.00929688
0.44553,0.663896,0.593333,0.0705637,0.0133751,0.00539959,0.00114198,0.00767918,0.57499,-0.00925319
0.451392,0.594203,0.594725,-0.000521965,0.0134224,0.00541712,0.00114426,0.00771145,0.57624,-0.00920954
0.457255,0.580307,0.596123,-0.0158158,0.01347,0.00543476,0.00114655,0.00774398,0.577494,-0.00916593
0.463117,0.533905,0.597526,-0.0636213,0.0135179,0.00545254,0.00114885,0.00777678,0.578753,-0.00912236
0.468979,0.680054,0.598935,0.0811183,0.0135663,0.00547044,0.00115116,0.00780986,0.580016,-0.00907882
0.474841,0.66643,0.60035,0.0660801,0.0136149,0.00548847,0.00115347,0.00784321,0.581285,-0.00903532
0.480703,0.58684,0.601769,-0.0149292,0.013664,0.00550663,0.0011558,0.00787685,0.582558,-0.00899186
0.486566,0.509537,0.603195,-0.0936575,0.0137135,0.00552493,0.00115814,0.00791077,0.583836,-0.00894843
0.492428,0.524611,0.604626,-0.0800148,0.0137633,0.00554335,0.00116048,0.00794497,0.585119,-0.00890504
0.49829,0.564239,0.606062,-0.0418236,0.0138135,0.00556191,0.00116284,0.00797946,0.586406,-0.00886169
0.504152,0.580992,0.607504,-0.0265127,0.0138641,0.00558061,0.0011652,0.00801425,0.587698,-0.00881838
0.510015,0.704923,0.608952,0.0959714,0.013915,0.00559945,0.00116758,0.00804934,0.588996,-0.0087751
0.515877,0.626702,0.610406,0.0162963,0.0139664,0.00561842,0.00116996,0.00808472,0.590298,-0.00873186
0.521739,0.565363,0.611865,-0.0465021,0.0140182,0.00563754,0.00117235,0.00812042,0.591605,-0.00868865
0.527601,0.747685,0.61333,0.134355,0.0140704,0.0056568,0.00117476,0.00815642,0.592917,-0.00864548
0.533464,0.724541,0.614801,0.10974,0.014123,0.00567621,0.00117717,0.00819274,0.594234,-0.00860235
0.539326,0.636899,0.616278,0.0206215,0.014176,0.00569576,0.00117959,0.00822937,0.595556,-0.00855926
0.545188,0.644881,0.61776,0.0271205,0.0142295,0.00571546,0.00118202,0.00826632,0.596883,-0.00851621
0.55105,0.731751,0.619249,0.112502,0.0142833,0.00573531,0.00118447,0.0083036,0.598216,-0.00847319
0.556913,0.615006,0.620744,-0.00573818,0.0143376,0.00575531,0.00118692,0.00834121,0.599553,-0.0084302
0.562775,0.639679,0.622244,0.0174343,0.0143924,0.00577547,0.00118938,0.00837916,0.600895,-0.00838726
0.568637,0.640464,0.623751,0.0167127,0.0144475,0.00579578,0.00119185,0.00841744,0.602243,-0.00834435
0.574499,0.629568,0.625264,0.00430431,0.0145032,0.00581625,0.00119434,0.00845606,0.603595,-0.00830148
0.580362,0.828902,0.626783,0.202119,0.0145592,0.00583687,0.00119683,0.00849504,0.604953,-0.00825865
0.586224,0.79403,0.628308,0.165722,0.0146158,0.00585766,0.00119933,0.00853436,0.606316,-0.00821585
0.592086,0.63208,0.629839,0.00224074,0.0146728,0.00587861,0.00120185,0.00857404,0.607685,-0.00817309
0.597948,0.630184,0.631377,-0.00119232,0.0147303,0.00589973,0.00120437,0.00861409,0.609058,-0.00813037
0.60381,0.685109,0.63292,0.0521885,0.0147882,0.00592101,0.00120691,0.0086545,0.610437,-0.00808768
0.609673,0.63743,0.634471,0.00295953,0.0148467,0.00594247,0.00120945,0.00869528,0.611822,-0.00804503
0.615535,0.683375,0.636027,0.0473477,0.0149056,0.00596409,0.00121201,0.00873644,0.613211,-0.00800242
0.621397,0.728419,0.63759,0.0908294,0.014965,0.00598589,0.00121458,0.00877798,0.614606,-0.00795984
0.627259,0.5949,0.639159,-0.0442599,0.0150249,0.00600787,0.00121715,0.0088199,0.616007,-0.00791731
0.633122,0.654136,0.640735,0.0134008,0.0150854,0.00603002,0.00121974,0.00886222,0.617413,-0.00787481
0.638984,0.694594,0.642318,0.0522759,0.0151463,0.00605235,0.00122234,0.00890494,0.618824,-0.00783234
0.644846,0.506497,0.643907,-0.13741,0.0152078,0.00607487,0.00122495,0.00894806,0.620241,-0.00778992
0.650708,0.698626,0.645503,0.0531229,0.0152698,0.00609757,0.00122757,0.00899159,0.621664,-0.00774753
0.656571,0.752277,0.647105,0.105172,0.0153323,0.00612045,0.00123021,0.00903553,0.623092,-0.00770517
0.662433,0.716151,0.648714,0.0674369,0.0153954,0.00614353,0.00123285,0.0090799,0.624525,-0.00766286
0.668295,0.737246,0.65033,0.0869158,0.015459,0.0061668,0.00123551,0.00912469,0.625965,-0.00762058
0.674157,0.738259,0.651953,0.0863061,0.0155232,0.00619027,0.00123817,0.00916991,0.62741,-0.00757834
0.68002,0.602623,0.653583,-0.0509596,0.015588,0.00621393,0.00124085,0.00921557,0.62886,-0.00753613
0.685882,0.59694,0.655219,-0.0582794,0.0156533,0.00623779,0.00124354,0.00926168,0.630317,-0.00749396
0.691744,0.802781,0.656863,0.145919,0.0157192,0.00626185,0.00124624,0.00930824,0.631779,-0.00745183
0.697606,0.768317,0.658513,0.109804,0.0157857,0.00628612,0.00124896,0.00935525,0.633247,-0.00740974
0.703468,0.783852,0.660171,0.123681,0.0158528,0.0063106,0.00125168,0.00940273,0.634721,-0.00736768
0.709331,0.516792,0.661835,-0.145043,0.0159205,0.00633529,0.00125442,0.00945068,0.6362,-0.00732566
0.715193,0.582692,0.663507,-0.0808154,0.0159888,0.00636019,0.00125717,0.00949911,0.637686,-0.00728368
0.721055,0.567893,0.665186,-0.0972931,0.0160577,0.00638531,0.00125993,0.00954803,0.639177,-0.00724173
0.726917,0.517075,0.666873,-0.149797,0.0161273,0.00641065,0.0012627,0.00959743,0.640675,-0.00719983
0.73278,0.563047,0.668566,-0.10552,0.0161974,0.00643621,0.00126548,0.00964734,0.642178,-0.00715795
0.738642,0.754763,0.670267,0.0844954,0.0162683,0.00646199,0.00126828,0.00969775,0.643687,-0.00711612
0.744504,0.826826,0.671976,0.15485,0.0163398,0.00648801,0.00127109,0.00974868,0.645203,-0.00707432
0.750366,0.799086,0.673692,0.125395,0.0164119,0.00651425,0.00127391,0.00980013,0.646724,-0.00703256
0.756229,0.614237,0.675415,-0.0611783,0.0164848,0.00654073,0.00127674,0.00985212,0.648252,-0.00699084
0.762091,0.655298,0.677146,-0.0218483,0.0165583,0.00656745,0.00127959,0.00990464,0.649786,-0.00694915
0.767953,0.620492,0.678885,-0.0583927,0.0166325,0.00659442,0.00128245,0.0099577,0.651326,-0.0069075
0.773815,0.609765,0.680631,-0.0708663,0.0167074,0.00662162,0.00128532,0.0100113,0.652872,-0.00686589
0.779678,0.500996,0.682386,-0.181389,0.016783,0.00664908,0.0012882,0.0100655,0.654424,-0.00682431
0.78554,0.74738,0.684148,0.0632327,0.0168594,0.00667679,0.0012911,0.0101203,0.655983,-0.00678278
0.791402,0.977352,0.685918,0.291435,0.0169365,0.00670475,0.00129401,0.0101756,0.657548,-0.00674127
0.797264,0.696989,0.687695,0.00929406,0.0170143,0.00673298,0.00129694,0.0102315,0.659119,-0.00669981
0.803127,0.724589,0.689481,0.0351075,0.0170929,0.00676146,0.00129987,0.0102881,0.660697,-0.00665838
0.808989,0.654523,0.691275,-0.0367518,0.0171723,0.00679022,0.00130282,0.0103452,0.662281,-0.00661699
0.814851,0.693991,0.693077,0.000914265,0.0172524,0.00681924,0.00130578,0.010403,0.663872,-0.00657564
0.820713,0.567602,0.694887,-0.127285,0.0173334,0.00684854,0.00130876,0.0104614,0.665469,-0.00653432
0.826575,0.65148,0.696705,-0.0452258,0.0174151,0.00687812,0.00131175,0.0105204,0.667073,-0.00649304
0.832438,0.772811,0.698532,0.0742792,0.0174977,0.00690799,0.00131475,0.0105801,0.668683,-0.0064518
0.8383,0.753372,0.700367,0.053005,0.017581,0.00693814,0.00131777,0.0106404,0.6703,-0.00641059
0.844162,0.831489,0.702211,0.129278,0.0176653,0.00696858,0.0013208,0.0107014,0.671924,-0.00636943
0.850024,0.718745,0.704063,0.0146825,0.0177503,0.00699932,0.00132385,0.0107631,0.673554,-0.00632829
0.855887,0.695436,0.705923,-0.0104877,0.0178363,0.00703036,0.0013269,0.0108255,0.675191,-0.0062872
0.861749,0.837902,0.707792,0.130109,0.0179231,0.00706171,0.00132998,0.0108885,0.676835,-0.00624614
0.867611,0.866061,0.70967,0.156391,0.0180108,0.00709336,0.00133306,0.0109523,0.678486,-0.00620512
0.873473,0.557862,0.711557,-0.153695,0.0180994,0.00712533,0.00133616,0.0110169,0.680143,-0.00616414
0.879336,0.560919,0.713453,-0.152534,0.018189,0.00715763,0.00133928,0.0110821,0.681808,-0.00612319
0.885198,0.695065,0.715357,-0.0202919,0.0182795,0.00719024,0.00134241,0.0111482,0.683479,-0.00608228
0.89106,0.702013,0.71727,-0.0152571,0.0183709,0.00722319,0.00134555,0.0112149,0.685157,-0.00604141
0.896922,0.821299,0.719193,0.102106,0.0184633,0.00725647,0.00134871,0.0112825,0.686842,-0.00600058
0.902785,0.737995,0.721125,0.0168702,0.0185567,0.00729009,0.00135189,0.0113509,0.688535,-0.00595978
0.908647,0.729579,0.723065,0.00651353,0.018651,0.00732406,0.00135507,0.01142,0.690234,-0.00591902
0.914509,0.791563,0.725016,0.0665478,0.0187464,0.00735838,0.00135828,0.01149,0.691941,-0.00587829
0.920371,0.648411,0.726975,-0.0785639,0.0188429,0.00739306,0.0013615,0.0115608,0.693654,-0.0058376
0.926234,0.561488,0.728944,-0.167456,0.0189403,0.0074281,0.00136473,0.0116325,0.695375,-0.00579695
0.932096,0.753276,0.730922,0.022354,0.0190389,0.00746351,0.00136798,0.011705,0.697103,-0.00575634
0.937958,0.764347,0.732911,0.031436,0.0191385,0.00749929,0.00137124,0.0117784,0.698839,-0.00571577
0.94382,0.659494,0.734908,-0.0754146,0.0192392,0.00753546,0.00137452,0.0118527,0.700582,-0.00567523
0.949682,0.665779,0.736916,-0.0711369,0.019341,0.00757201,0.00137782,0.0119279,0.702332,-0.00563472
0.955545,0.887117,0.738933,0.148183,0.019444,0.00760896,0.00138113,0.0120041,0.70409,-0.00559426
0.961407,0.999428,0.740961,0.258468,0.0195481,0.0076463,0.00138445,0.0120811,0.705855,-0.00555383
0.967269,0.983225,0.742998,0.240227,0.0196534,0.00768406,0.0013878,0.0121592,0.707627,-0.00551344
0.973131,1.03034,0.745046,0.285291,0.0197599,0.00772223,0.00139115,0.0122382,0.709407,-0.00547309
0.978994,0.866598,0.747104,0.119494,0.0198677,0.00776082,0.00139453,0.0123182,0.711195,-0.00543277
0.984856,0.874405,0.749172,0.125233,0.0199766,0.00779984,0.00139792,0.0123993,0.71299,-0.00539249
0.990718,0.620675,0.75125,-0.130575,0.0200868,0.0078393,0.00140133,0.0124813,0.714794,-0.00535225
0.99658,0.713108,0.753339,-0.0402308,0.0201983,0.0078792,0.00140475,0.0125644,0.716604,-0.00531204
1.00244,0.710567,0.755439,-0.0448719,0.0203111,0.00791955,0.00140819,0.0126486,0.718423,-0.00527187
1.0083,0.648938,0.757549,-0.10861,0.0204252,0.00796036,0.00141165,0.0127339,0.720249,-0.00523174
1.01417,0.658728,0.75967,-0.100942,0.0205407,0.00800164,0.00141512,0.0128203,0.722084,-0.00519164
1.02003,0.923487,0.761802,0.161685,0.0206576,0.00804339,0.00141861,0.0129078,0.723926,-0.00515159
1.02589,0.71286,0.763945,-0.0510846,0.0207758,0.00808563,0.00142212,0.0129965,0.725776,-0.00511156
1.03175,0.855613,0.766099,0.0895141,0.0208955,0.00812836,0.00142564,0.0130864,0.727634,-0.00507158
1.03762,0.698115,0.768264,-0.0701489,0.0210166,0.00817159,0.00142919,0.0131775,0.729501,-0.00503163
1.04348,0.770839,0.77044,0.000398862,0.0211392,0.00821534,0.00143275,0.0132698,0.731375,-0.00499172
1.04934,0.739221,0.772628,-0.033407,0.0212634,0.0082596,0.00143632,0.0133634,0.733258,-0.00495185
1.0552,0.715394,0.774828,-0.0594335,0.021389,0.0083044,0.00143992,0.0134582,0.735148,-0.00491201
1.06106,0.806276,0.777039,0.0292374,0.0215162,0.00834973,0.00144353,0.0135543,0.737047,-0.00487222
1.06693,0.738498,0.779262,-0.0407636,0.021645,0.00839562,0.00144716,0.0136518,0.738955,-0.00483245
1.07279,0.701124,0.781497,-0.0803729,0.0217754,0.00844206,0.00145081,0.0137506,0.74087,-0.00479273
1.07865,0.758968,0.783743,-0.0247752,0.0219075,0.00848908,0.00145448,0.0138508,0.742795,-0.00475304
1.08451,0.848351,0.786002,0.0623487,0.0220412,0.00853668,0.00145816,0.0139524,0.744727,-0.00471339
1.09038,0.833361,0.788273,0.0450873,0.0221767,0.00858487,0.00146187,0.0140554,0.746668,-0.00467378
1.09624,0.797267,0.790557,0.00671033,0.0223139,0.00863367,0.00146559,0.01416,0.748618,-0.0046342
1.1021,0.826245,0.792853,0.0333923,0.0224529,0.00868308,0.00146933,0.014266,0.750576,-0.00459466
1.10796,0.783009,0.795161,-0.0121526,0.0225937,0.00873312,0.00147309,0.0143735,0.752543,-0.00455516
1.11383,0.75981,0.797483,-0.0376733,0.0227364,0.0087838,0.00147687,0.0144827,0.754519,-0.00451569
1.11969,0.761557,0.799817,-0.0382601,0.0228809,0.00883513,0.00148067,0.0145934,0.756503,-0.00447626
1.12555,0.768246,0.802164,-0.0339181,0.0230274,0.00888713,0.00148449,0.0147057,0.758497,-0.00443687
1.13141,0.854167,0.804525,0.0496418,0.0231758,0.00893982,0.00148833,0.0148197,0.760499,-0.00439752
1.13727,1.01891,0.806899,0.212016,0.0233263,0.00899319,0.00149219,0.0149355,0.76251,-0.0043582
1.14314,0.947138,0.809286,0.137852,0.0234788,0.00904727,0.00149606,0.0150529,0.76453,-0.00431892
1.149,0.835557,0.811687,0.0238696,0.0236334,0.00910207,0.00149996,0.0151722,0.766559,-0.00427967
1.15486,0.782549,0.814102,-0.031553,0.0237901,0.00915761,0.00150388,0.0152932,0.768598,-0.00424047
1.16072,0.779478,0.81653,-0.0370521,0.023949,0.00921391,0.00150782,0.0154161,0.770645,-0.0042013
1.16659,0.954806,0.818973,0.135833,0.0241101,0.00927096,0.00151177,0.015541,0.772702,-0.00416216
1.17245,0.854277,0.82143,0.0328471,0.0242734,0.00932881,0.00151575,0.0156677,0.774768,-0.00412307
1.17831,0.618297,0.823902,-0.205605,0.0244391,0.00938745,0.00151975,0.0157965,0.776843,-0.00408401
1.18417,0.789844,0.826388,-0.036544,0.0246072,0.00944691,0.00152377,0.0159273,0.778928,-0.00404499
1.19003,0.830219,0.828888,0.0013305,0.0247776,0.00950721,0.00152782,0.0160602,0.781022,-0.004006
1.1959,0.708135,0.831404,-0.123269,0.0249506,0.00956836,0.00153188,0.0161952,0.783125,-0.00396706
1.20176,0.709205,0.833935,-0.12473,0.025126,0.00963038,0.00153596,0.0163324,0.785239,-0.00392815
1.20762,0.846024,0.836481,0.00954255,0.025304,0.00969329,0.00154007,0.0164718,0.787361,-0.00388927
1.21348,0.939114,0.839043,0.100071,0.0254847,0.00975712,0.0015442,0.0166135,0.789494,-0.00385044
1.21935,0.867836,0.84162,0.0262156,0.025668,0.00982187,0.00154835,0.0167575,0.791636,-0.00381164
1.22521,1.06339,0.844214,0.219177,0.0258541,0.00988757,0.00155252,0.016904,0.793788,-0.00377287
1.23107,1.00055,0.846823,0.153728,0.026043,0.00995425,0.00155671,0.0170529,0.79595,-0.00373415
1.23693,0.882653,0.849449,0.0332045,0.0262348,0.0100219,0.00156093,0.0172043,0.798122,-0.00369546
1.24279,0.890377,0.852091,0.0382863,0.0264295,0.0100906,0.00156517,0.0173583,0.800304,-0.00365681
1.24866,0.99047,0.85475,0.13572,0.0266273,0.0101603,0.00156943,0.0175149,0.802496,-0.00361819
1.25452,0.876254,0.857426,0.0188279,0.0268281,0.0102311,0.00157371,0.0176742,0.804698,-0.00357962
1.26038,0.911985,0.860119,0.0518656,0.027032,0.010303,0.00157802,0.0178364,0.806911,-0.00354108
1.26624,0.862451,0.86283,-0.000378155,0.0272392,0.010376,0.00158235,0.0180013,0.809133,-0.00350257
1.27211,0.786607,0.865558,-0.0789505,0.0274497,0.0104502,0.00158671,0.0181692,0.811366,-0.00346411
1.27797,0.855528,0.868304,-0.0127761,0.0276635,0.0105255,0.00159109,0.0183401,0.813609,-0.00342568
1.28383,0.879515,0.871068,0.00844626,0.0278808,0.010602,0.00159549,0.018514,0.815863,-0.00338728
1.28969,0.761184,0.873851,-0.112667,0.0281017,0.0106798,0.00159991,0.0186912,0.818127,-0.00334893
1.29555,0.855465,0.876652,-0.0211878,0.0283261,0.0107588,0.00160437,0.0188715,0.820402,-0.00331061
1.30142,0.891999,0.879473,0.0125261,0.0285543,0.010839,0.00160884,0.0190552,0.822688,-0.00327233
1.30728,0.856259,0.882313,-0.0260539,0.0287863,0.0109206,0.00161334,0.0192422,0.824984,-0.00323409
1.31314,0.849657,0.885172,-0.0355151,0.0290222,0.0110036,0.00161787,0.0194328,0.827291,-0.00319588
1.319,0.860794,0.888051,-0.0272573,0.0292621,0.011088,0.00162242,0.019627,0.829609,-0.00315771
1.32487,0.86914,0.89095,-0.0218102,0.0295061,0.0111737,0.00162699,0.0198249,0.831938,-0.00311957
1.33073,0.856911,0.89387,-0.0369589,0.0297543,0.011261,0.00163159,0.0200266,0.834278,-0.00308148
1.33659,0.688179,0.896811,-0.208631,0.0300069,0.0113497,0.00163622,0.0202322,0.836629,-0.00304342
1.34245,0.855632,0.899772,-0.0441404,0.0302638,0.01144,0.00164087,0.0204418,0.838991,-0.0030054
1.34831,0.984726,0.902755,0.0819701,0.0305253,0.0115318,0.00164555,0.0206556,0.841365,-0.00296741
1.35418,0.87728,0.90576,-0.0284806,0.0307914,0.0116253,0.00165026,0.0208736,0.843749,-0.00292946
1.36004,0.905621,0.908788,-0.00316678,0.0310624,0.0117204,0.00165499,0.021096,0.846145,-0.00289155
1.3659,0.876911,0.911837,-0.0349265,0.0313382,0.0118172,0.00165975,0.0213229,0.848553,-0.00285368
1.37176,0.86698,0.91491,-0.0479299,0.0316191,0.0119158,0.00166454,0.0215545,0.850972,-0.00281584
1.37763,0.803986,0.918006,-0.11402,0.0319051,0.0120162,0.00166935,0.0217908,0.853403,-0.00277804
1.38349,0.92723,0.921126,0.0061037,0.0321965,0.0121184,0.00167419,0.022032,0.855845,-0.00274028
1.38935,0.84806,0.92427,-0.0762094,0.0324934,0.0122226,0.00167906,0.0222783,0.858299,-0.00270255
1.39521,0.811201,0.927438,-0.116238,0.0327958,0.0123287,0.00168396,0.0225299,0.860765,-0.00266486
1.40107,0.921384,0.930632,-0.00924782,0.0331041,0.0124368,0.00168888,0.0227868,0.863243,-0.00262721
1.40694,1.07567,0.933851,0.14182,0.0334182,0.012547,0.00169384,0.0230493,0.865733,-0.00258959
1.4128,1.00951,0.937097,0.0724159,0.0337385,0.0126593,0.00169882,0.0233175,0.868235,-0.00255202
1.41866,0.984786,0.940369,0.0444177,0.0340651,0.0127738,0.00170383,0.0235916,0.870749,-0.00251448
1.42452,0.956035,0.943667,0.0123673,0.0343982,0.0128905,0.00170887,0.0238718,0.873275,-0.00247697
1.43039,0.929949,0.946994,-0.0170448,0.0347379,0.0130096,0.00171394,0.0241583,0.875814,-0.0024395
1.43625,0.769479,0.950349,-0.18087,0.0350845,0.0131311,0.00171904,0.0244513,0.878365,-0.00240207
1.44211,0.860073,0.953732,-0.0936587,0.0354381,0.0132551,0.00172417,0.024751,0.880928,-0.00236468
1.44797,1.00109,0.957145,0.0439441,0.035799,0.0133816,0.00172933,0.0250577,0.883504,-0.00232733
1.45383,0.854371,0.960587,-0.106217,0.0361674,0.0135107,0.00173452,0.0253716,0.886093,-0.00229001
1.4597,0.97409,0.96406,0.0100292,0.0365435,0.0136425,0.00173974,0.0256928,0.888695,-0.00225272
1.46556,0.871402,0.967565,-0.0961629,0.0369276,0.0137771,0.001745,0.0260217,0.891309,-0.00221548
1.47142,1.14741,0.971101,0.176311,0.0373199,0.0139146,0.00175028,0.0263586,0.893936,-0.00217827
1.47728,1.06175,0.97467,0.0870823,0.0377207,0.014055,0.0017556,0.0267037,0.896576,-0.0021411
1.48315,1.09802,0.978273,0.119749,0.0381302,0.0141985,0.00176094,0.0270573,0.89923,-0.00210397
1.48901,1.01713,0.981909,0.035225,0.0385487,0.0143452,0.00176632,0.0274197,0.901896,-0.00206687
1.49487,0.983786,0.985581,-0.00179538,0.0389766,0.0144952,0.00177174,0.0277912,0.904576,-0.00202981
1.50073,1.12775,0.989288,0.138464,0.0394141,0.0146485,0.00177718,0.0281722,0.907269,-0.00199279
1.5066,0.870486,0.993032,-0.122547,0.0398615,0.0148053,0.00178266,0.028563,0.909976,-0.0019558
1.51246,0.926228,0.996814,-0.0705857,0.0403191,0.0149658,0.00178817,0.028964,0.912696,-0.00191885
1.51832,1.04911,1.00063,0.0484712,0.0407874,0.0151299,0.00179372,0.0293755,0.91543,-0.00188194
1.52418,1.0622,1.00449,0.0577015,0.0412667,0.015298,0.0017993,0.0297981,0.918177,-0.00184507
1.53004,0.943932,1.00839,-0.0644626,0.0417574,0.01547,0.00180491,0.0302319,0.920939,-0.00180823
1.53591,0.828029,1.01234,-0.184308,0.0422598,0.0156462,0.00181056,0.0306777,0.923714,-0.00177143
1.54177,1.0045,1.01632,-0.0118177,0.0427743,0.0158267,0.00181624,0.0311357,0.926503,-0.00173466
1.54763,1.13348,1.02035,0.113127,0.0433015,0.0160116,0.00182196,0.0316065,0.929307,-0.00169794
1.55349,1.25138,1.02442,0.226951,0.0438417,0.0162012,0.00182772,0.0320906,0.932124,-0.00166125
1.55936,1.17167,1.02854,0.143129,0.0443954,0.0163955,0.00183351,0.0325886,0.934956,-0.00162459
1.56522,1.18433,1.03271,0.151619,0.0449632,0.0165948,0.00183933,0.033101,0.937803,-0.00158798
1.57108,1.17346,1.03693,0.136534,0.0455455,0.0167993,0.0018452,0.0336284,0.940663,-0.0015514
1.57694,1.07989,1.0412,0.0386953,0.0461429,0.0170091,0.0018511,0.0341714,0.943539,-0.00151486
1.5828,0.886889,1.04552,-0.15863,0.046756,0.0172245,0.00185703,0.0347308,0.946429,-0.00147835
1.58867,0.911859,1.04989,-0.138035,0.0473853,0.0174456,0.00186301,0.0353073,0.949334,-0.00144189
1.59453,0.995927,1.05432,-0.058397,0.0480316,0.0176728,0.00186902,0.0359015,0.952254,-0.00140546
1.60039,1.02462,1.05881,-0.0341913,0.0486953,0.0179062,0.00187507,0.0365144,0.955189,-0.00136906
1.60625,1.07399,1.06336,0.0106353,0.0493774,0.0181461,0.00188116,0.0371466,0.958139,-0.0013327
1.61212,1.0273,1.06797,-0.0406656,0.0500784,0.0183928,0.00188729,0.0377992,0.961105,-0.00129639
1.61798,0.993588,1.07264,-0.0790494,0.0507992,0.0186466,0.00189346,0.038473,0.964086,-0.0012601
1.62384,1.04827,1.07737,-0.0291075,0.0515406,0.0189077,0.00189967,0.0391691,0.967082,-0.00122386
1.6297,1.04351,1.08218,-0.0386665,0.0523034,0.0191764,0.00190592,0.0398884,0.970094,-0.00118765
1.63556,1.09096,1.08706,0.00389927,0.0530886,0.0194532,0.00191221,0.0406322,0.973121,-0.00115148
1.64143,1.18489,1.092,0.0928837,0.053897,0.0197384,0.00191854,0.0414017,0.976164,-0.00111534
1.64729,1.21282,1.09703,0.115794,0.0547297,0.0200323,0.00192491,0.042198,0.979224,-0.00107924
1.65315,0.852486,1.10213,-0.249647,0.0555878,0.0203353,0.00193132,0.0430227,0.982299,-0.00104318
1.65901,1.1466,1.10732,0.0392815,0.0564724,0.0206478,0.00193778,0.043877,0.98539,-0.00100716
1.66488,1.21029,1.11259,0.0977014,0.0573847,0.0209703,0.00194427,0.0447625,0.988498,-0.000971174
1.67074,1.29543,1.11795,0.177481,0.0583259,0.0213033,0.00195082,0.045681,0.991622,-0.000935225
1.6766,1.24909,1.1234,0.125694,0.0592974,0.0216472,0.0019574,0.046634,0.994763,-0.000899312
1.68246,1.10216,1.12895,-0.0267826,0.0603005,0.0220026,0.00196403,0.0476237,0.99792,-0.000863437
1.68832,1.30639,1.1346,0.171797,0.0613369,0.0223701,0.0019707,0.0486518,1.00109,-0.000827598
1.69419,1.05948,1.14035,-0.0808692,0.062408,0.0227501,0.00197742,0.0497206,1.00428,-0.000791797
1.70005,1.10572,1.14621,-0.040491,0.0635156,0.0231435,0.00198418,0.0508325,1.00749,-0.000756032
1.70591,1.03111,1.15219,-0.121084,0.0646615,0.0235508,0.00199099,0.0519898,1.01072,-0.000720305
1.71177,0.966049,1.15829,-0.192239,0.0658476,0.0239728,0.00199784,0.0531953,1.01396,-0.000684615
1.71764,1.19388,1.16451,0.0293639,0.0670759,0.0244102,0.00200475,0.0544518,1.01722,-0.000648961
1.7235,1.22259,1.17087,0.0517184,0.0683487,0.0248639,0.00201169,0.0557625,1.0205,-0.000613345
1.72936,1.33161,1.17736,0.154245,0.0696682,0.0253348,0.00201869,0.0571306,1.02379,-0.000577766
1.73522,1.27394,1.18401,0.0899305,0.0710369,0.0258238,0.00202573,0.0585599,1.0271,-0.000542223
1.74108,0.954973,1.1908,-0.23583,0.0724575,0.0263319,0.00203283,0.0600542,1.03043,-0.000506718
1.74695,1.07934,1.19776,-0.11842,0.0739329,0.0268603,0.00203997,0.0616177,1.03378,-0.00047125
1.75281,1.24572,1.20489,0.0408316,0.0754661,0.02741,0.00204716,0.0632551,1.03715,-0.000435818
1.75867,1.33643,1.2122,0.124228,0.0770603,0.0279824,0.0020544,0.0649714,1.04053,-0.000400424
1.76453,1.35249,1.2197,0.13279,0.0787191,0.0285788,0.00206169,0.066772,1.04394,-0.000365067
1.7704,1.41985,1.22741,0.192449,0.0804462,0.0292006,0.00206903,0.0686628,1.04736,-0.000329746
1.77626,1.20221,1.23532,-0.0331146,0.0822458,0.0298496,0.00207642,0.0706504,1.0508,-0.000294463
1.78212,1.18652,1.24347,-0.0569473,0.0841221,0.0305272,0.00208387,0.0727417,1.05426,-0.000259217
1.78798,1.17735,1.25186,-0.0745135,0.08608,0.0312355,0.00209137,0.0749446,1.05773,-0.000224008
1.79384,1.22222,1.26051,-0.0382903,0.0881245,0.0319764,0.00209892,0.0772675,1.06123,-0.000188836
1.79971,1.34238,1.26943,0.0729459,0.0902611,0.0327521,0.00210653,0.0797199,1.06475,-0.0001537
1.80557,1.40583,1.27865,0.127181,0.0924959,0.033565,0.00211419,0.082312,1.06828,-0.000118602
1.81143,1.35739,1.28819,0.0692056,0.0948353,0.0344176,0.0021219,0.0850552,1.07184,-8.3541e-05
1.81729,1.11094,1.29806,-0.18712,0.0972864,0.0353127,0.00212967,0.0879622,1.07542,-4.85169e-05
1.82316,1.21683,1.30829,-0.0914592,0.0998567,0.0362535,0.0021375,0.0910469,1.07901,-1.35298e-05
1.82902,1.31316,1.31891,-0.00575362,0.102555,0.0372432,0.00214538,0.0943247,1.08263,2.14204e-05
1.83488,1.29514,1.32996,-0.034814,0.10539,0.0382856,0.00215332,0.0978131,1.08626,5.63335e-05
1.84074,1.37586,1.34146,0.0343997,0.108371,0.0393847,0.00216132,0.101531,1.08992,9.12096e-05
1.8466,1.34064,1.35344,-0.0128038,0.111511,0.0405449,0.00216938,0.105501,1.09359,0.000126049
1.85247,1.42539,1.36596,0.0594251,0.11482,0.0417712,0.00217749,0.109746,1.09729,0.000160851
1.85833,1.54257,1.37906,0.163509,0.118311,0.0430689,0.00218567,0.114295,1.10101,0.000195616
1.86419,1.47133,1.39279,0.0785362,0.122,0.0444441,0.0021939,0.119177,1.10474,0.000230344
1.87005,1.41085,1.40721,0.00364617,0.125903,0.0459034,0.0022022,0.124429,1.1085,0.000265035
1.87592,1.27633,1.42237,-0.146043,0.130036,0.0474542,0.00221056,0.130089,1.11228,0.000299689
1.88178,1.48301,1.43837,0.0446447,0.13442,0.0491047,0.00221898,0.136203,1.11609,0.000334306
1.88764,1.34842,1.45527,-0.106848,0.139076,0.0508643,0.00222747,0.142824,1.11991,0.000368886
1.8935,1.27133,1.47318,-0.201851,0.144029,0.0527431,0.00223602,0.150011,1.12376,0.000403429
1.89936,1.43915,1.4922,-0.0530436,0.149305,0.0547529,0.00224463,0.157833,1.12762,0.000437935
1.90523,1.6568,1.51245,0.14435,0.154935,0.0569067,0.00225331,0.166371,1.13151,0.000472404
1.91109,1.73563,1.53408,0.201541,0.160953,0.0592193,0.00226205,0.175718,1.13543,0.000506836
1.91695,1.47207,1.55726,-0.0851925,0.167396,0.0617076,0.00227087,0.185983,1.13936,0.000541231
1.92281,1.39511,1.58217,-0.187063,0.174309,0.0643906,0.00227974,0.197296,1.14332,0.000575588
1.92868,1.51912,1.60904,-0.089915,0.18174,0.0672903,0.00228869,0.209809,1.1473,0.000609909
1.93454,1.69849,1.63812,0.0603641,0.189745,0.0704316,0.00229771,0.223704,1.1513,0.000644193
1.9404,1.61059,1.66974,-0.0591524,0.198386,0.0738434,0.0023068,0.239201,1.15533,0.00067844
1.94626,1.71592,1.70426,0.0116591,0.207737,0.0775592,0.00231595,0.256563,1.15938,0.00071265
1.95213,1.57626,1.74213,-0.165865,0.217879,0.0816177,0.00232518,0.276112,1.16345,0.000746823
1.95799,1.78406,1.78388,0.000181225,0.228911,0.0860641,0.00233448,0.298243,1.16755,0.000780959
1.96385,1.78407,1.83017,-0.0460974,0.240942,0.0909517,0.00234386,0.323446,1.17167,0.000815057
1.96971,1.86633,1.88179,-0.0154635,0.254103,0.0963431,0.00235331,0.352333,1.17581,0.000849119
1.97557,1.83968,1.93976,-0.100088,0.268544,0.102313,0.00236283,0.385679,1.17998,0.000883144
1.98144,2.02705,2.00534,0.0217138,0.284445,0.108949,0.00237243,0.424478,1.18417,0.000917132
1.9873,1.95092,2.08012,-0.129196,0.302015,0.11636,0.0023821,0.470015,1.18839,0.000951083
1.99316,2.14115,2.16618,-0.0250241,0.321507,0.124675,0.00239186,0.523983,1.19264,0.000984996
1.99902,2.26117,2.26625,-0.00507166,0.343221,0.134051,0.00240169,0.588648,1.1969,0.00101887
2.00489,2.22891,2.38396,-0.155048,0.367521,0.144684,0.0024116,0.667093,1.2012,0.00105271
2.01075,2.40991,2.52429,-0.114375,0.394846,0.156815,0.00242159,0.763601,1.20552,0.00108652
2.01661,2.66378,2.69417,-0.0303872,0.425738,0.170749,0.00243167,0.884264,1.20986,0.00112028
2.02247,2.54649,2.90354,-0.357054,0.460865,0.186871,0.00244182,1.03798,1.21423,0.00115401
2.02833,2.97251,3.16714,-0.194631,0.501062,0.205679,0.00245206,1.23813,1.21863,0.0011877
2.0342,3.23126,3.50753,-0.276276,0.547383,0.227817,0.00246239,1.50559,1.22305,0.00122136
2.04006,3.70539,3.96082,-0.255434,0.60117,0.254142,0.00247279,1.87428,1.2275,0.00125497
2.04592,4.28983,4.58775,-0.297917,0.664162,0.285803,0.00248329,2.40203,1.23198,0.00128855
2.05178,5.32285,5.49662,-0.173771,0.738638,0.324375,0.00249387,3.19331,1.23649,0.0013221
2.05765,6.41943,6.89414,-0.47471,0.827632,0.372063,0.00250454,4.44957,1.24102,0.0013556
2.06351,8.87981,9.20463,-0.324813,0.935258,0.432027,0.0025153,6.58786,1.24558,0.00138907
2.06937,14.5709,13.3469,1.22401,1.0672,0.508926,0.00252616,10.5166,1.25016,0.00142251
2.07523,24.7198,21.1364,3.58337,1.23151,0.609847,0.0025371,18.0363,1.25478,0.0014559
2.08109,36.8126,33.0842,3.72845,1.43985,0.74598,0.00254814,29.6349,1.25942,0.00148926
2.08696,34.7639,36.2447,-1.48079,1.70965,0.935779,0.00255927,32.3311,1.26409,0.00152258
2.09282,22.6175,25.3806,-2.76305,2.06783,1.21127,0.0025705,20.8286,1.26879,0.00155587
2.09868,14.396,17.0854,-2.68943,2.55772,1.6315,0.00258182,11.6185,1.27352,0.00158911
2.10454,10.8924,13.6845,-2.79212,3.25228,2.31296,0.00259324,6.83679,1.27827,0.00162232
2.11041,10.6829,13.4213,-2.73837,4.28144,3.50194,0.00260476,4.35056,1.28306,0.0016555
2.11627,12.8279,15.8753,-3.04744,5.8918,5.73432,0.00261638,2.95702,1.28788,0.00168863
2.12213,18.9251,21.9222,-2.99708,8.58546,9.92413,0.0026281,2.11556,1.29272,0.00172173
2.12799,29.487,31.3171,-1.83012,13.4486,14.9916,0.00263993,1.57492,1.2976,0.0017548
2.13385,41.5385,38.7235,2.81497,22.7534,13.4535,0.00265186,1.20969,1.30251,0.00178782
2.13972,50.859,48.8689,1.9901,38.6598,7.94441,0.0026639,0.952695,1.30745,0.00182081
2.14558,55.5426,54.7213,0.821276,48.168,4.47063,0.00267604,0.765744,1.31241,0.00185376
2.15144,40.2984,38.7506,1.54784,34.1016,2.70113,0.00268829,0.62593,1.31741,0.00188668
2.1573,23.2532,22.7291,0.524121,19.1227,1.76037,0.00270065,0.51891,1.32245,0.00191955
2.16317,13.2073,14.0426,-0.835296,11.0554,1.21961,0.00271313,0.435356,1.32751,0.00195239
2.16903,8.47524,9.50614,-1.03091,6.91384,0.88599,0.00272571,0.369005,1.3326,0.0019852
2.17489,6.08042,6.96118,-0.880758,4.63529,0.667873,0.00273841,0.315532,1.33773,0.00201796
2.18075,4.68943,5.41993,-0.730498,3.28193,0.518431,0.00275123,0.271877,1.34289,0.00205069
2.18661,3.7303,4.42485,-0.694551,2.42402,0.412069,0.00276416,0.235831,1.34808,0.00208339
2.19248,3.25033,3.74862,-0.498296,1.8507,0.33396,0.00277722,0.205765,1.35331,0.00211604
2.19834,2.7924,3.26989,-0.47749,1.45084,0.275083,0.00279039,0.180459,1.35857,0.00214866
2.2042,2.57475,2.91962,-0.344866,1.16207,0.229715,0.00280369,0.158986,1.36386,0.00218124
2.21006,2.51227,2.65637,-0.1441,0.947426,0.194093,0.00281711,0.140631,1.36919,0.00221378
2.21593,2.36963,2.4541,-0.0844622,0.783966,0.165666,0.00283065,0.124838,1.37455,0.00224629
2.22179,2.0623,2.2958,-0.233503,0.656909,0.142661,0.00284433,0.111166,1.37994,0.00227876
2.22765,2.04051,2.17001,-0.129503,0.556396,0.12381,0.00285813,0.099265,1.38537,0.00231119
2.23351,1.85055,2.06876,-0.218214,0.47566,0.108195,0.00287207,0.0888528,1.39084,0.00234359
2.23937,1.77826,1.98638,-0.208121,0.409943,0.0951341,0.00288613,0.0797006,1.39634,0.00237595
2.24524,1.75983,1.91874,-0.158907,0.35582,0.0841137,0.00290034,0.0716212,1.40188,0.00240827
2.2511,1.64578,1.86279,-0.217012,0.310781,0.0747424,0.00291468,0.0644604,1.40745,0.00244056
2.25696,1.63879,1.81622,-0.177435,0.272953,0.066717,0.00292915,0.0580903,1.41306,0.00247281
2.26282,1.77672,1.77728,-0.000560341,0.240916,0.0598001,0.00294377,0.0524041,1.41871,0.00250502
2.26869,1.69636,1.74458,-0.0482197,0.213581,0.0538038,0.00295853,0.0473122,1.42439,0.00253719
2.27455,1.55568,1.71707,-0.161392,0.190097,0.0485779,0.00297344,0.0427387,1.43011,0.00256933
2.28041,1.56898,1.69388,-0.124902,0.169799,0.044001,0.00298849,0.0386195,1.43587,0.00260143
2.28627,1.55018,1.67433,-0.124156,0.152154,0.0399746,0.0030037,0.0348998,1.44167,0.00263349
2.29213,1.587,1.65787,-0.0708775,0.136737,0.0364178,0.00301905,0.0315325,1.4475,0.00266552
2.298,1.46196,1.64405,-0.182095,0.123202,0.0332637,0.00303456,0.0284773,1.45338,0.00269751
2.30386,1.53148,1.63249,-0.101014,0.111268,0.030457,0.00305022,0.0256992,1.45929,0.00272946
2.30972,1.66974,1.62289,0.0468515,0.100703,0.0279512,0.00306604,0.023168,1.46524,0.00276137
2.31558,1.65602,1.61499,0.0410297,0.0913139,0.0257071,0.00308202,0.0208573,1.47124,0.00279325
2.32145,1.57337,1.60857,-0.0351966,0.082942,0.0236919,0.00309816,0.0187441,1.47727,0.00282509
2.32731,1.60803,1.60345,0.00457914,0.0754526,0.0218773,0.00311447,0.0168082,1.48334,0.0028569
2.33317,1.58155,1.59948,-0.0179345,0.0687326,0.0202395,0.00313095,0.0150319,1.48946,0.00288866
2.33903,1.53904,1.59653,-0.0574889,0.0626859,0.0187577,0.0031476,0.0133996,1.49562,0.00292039
2.34489,1.69312,1.59447,0.0986446,0.0572309,0.0174144,0.00316442,0.0118974,1.50181,0.00295209
2.35076,1.59692,1.59322,0.00369326,0.0522975,0.016194,0.00318141,0.0105131,1.50805,0.00298374
2.35662,1.48362,1.5927,-0.109074,0.0478257,0.0150834,0.00319858,0.00923578,1.51434,0.00301536
2.36248,1.4886,1.59282,-0.104219,0.0437635,0.0140709,0.00321594,0.00805577,1.52066,0.00304694
2.36834,1.40022,1.59352,-0.193299,0.0400659,0.0131464,0.00323348,0.00696438,1.52703,0.00307849
2.37421,1.59865,1.59476,0.00389076,0.0366938,0.012301,0.0032512,0.00595388,1.53345,0.00311
2.38007,1.67797,1.59647,0.0814986,0.0336132,0.0115268,0.00326912,0.00501731,1.5399,0.00314147
2.38593,1.48885,1.59862,-0.109778,0.0307939,0.0108169,0.00328722,0.00414842,1.5464,0.0031729
2.39179,1.53856,1.60118,-0.0626226,0.0282099,0.0101652,0.00330553,0.00334158,1.55295,0.0032043
2.39766,1.52222,1.6041,-0.0818794,0.025838,0.00956624,0.00332403,0.00259172,1.55954,0.00323566
2.40352,1.57189,1.60736,-0.0354652,0.0236577,0.00901528,0.00334273,0.00189424,1.56618,0.00326698
2.40938,1.54796,1.61093,-0.0629718,0.0216509,0.00850797,0.00336164,0.00124499,1.57287,0.00329827
2.41524,1.61301,1.61479,-0.00177706,0.0198015,0.00804047,0.00338076,0.000640201,1.5796,0.00332951
2.4211,1.71221,1.61892,0.09329,0.0180953,0.00760935,0.00340009,7.64468e-05,1.58638,0.00336073
2.42697,1.64806,1.6233,0.0247592,0.0165194,0.0072115,0.00341963,-0.000449387,1.5932,0.0033919
2.43283,1.71281,1.62791,0.0849043,0.0150625,0.00684415,0.00343939,-0.00094014,1.60008,0.00342304
2.43869,1.62512,1.63273,-0.00761662,0.0137142,0.00650481,0.00345938,-0.0013984,1.607,0.00345414
2.44455,1.8043,1.63777,0.166536,0.0124653,0.0061912,0.00347959,-0.00182655,1.61397,0.0034852
2.45042,1.43173,1.64299,-0.211261,0.0113076,0.00590129,0.00350003,-0.00222673,1.62099,0.00351623
2.45628,1.58833,1.6484,-0.0600656,0.0102336,0.00563323,0.00352071,-0.00260095,1.62806,0.00354722
2.46214,1.72699,1.65398,0.0730095,0.00923655,0.00538534,0.00354162,-0.00295102,1.63519,0.00357817
2.468,1.53888,1.65972,-0.120839,0.00831032,0.00515609,0.00356278,-0.00327862,1.64236,0.00360909
2.47386,1.68079,1.66562,0.0151784,0.00744937,0.00494409,0.00358418,-0.00358528,1.64958,0.00363997
2.47973,1.45664,1.67166,-0.215023,0.00664868,0.00474809,0.00360583,-0.00387242,1.65686,0.00367081
2.48559,1.75513,1.67785,0.0772805,0.00590368,0.00456691,0.00362773,-0.00414135,1.66419,0.00370161
2.49145,1.72941,1.68417,0.0452352,0.00521018,0.00439952,0.0036499,-0.00439328,1.67157,0.00373238
2.49731,1.69467,1.69062,0.00404463,0.00456439,0.00424494,0.00367233,-0.00462932,1.67901,0.00376311
2.50318,1.63736,1.6972,-0.0598384,0.00396284,0.00410228,0.00369502,-0.00485049,1.6865,0.0037938
2.50904,1.74391,1.7039,0.0400148,0.00340235,0.00397074,0.00371799,-0.00505775,1.69404,0.00382446
2.5149,1.88166,1.71071,0.170948,0.00288,0.00384957,0.00374124,-0.00525199,1.70164,0.00385508
2.52076,1.83384,1.71764,0.116193,0.00239313,0.00373808,0.00376476,-0.00543402,1.7093,0.00388566
2.52662,1.76694,1.72468,0.0422548,0.00193928,0.00363565,0.00378858,-0.0056046,1.71701,0.00391621
2.53249,1.7148,1.73183,-0.0170295,0.00151621,0.00354168,0.00381269,-0.00576445,1.72477,0.00394672
2.53835,1.75477,1.73908,0.0156921,0.00112183,0.00345564,0.00383709,-0.0059142,1.7326,0.00397719
2.54421,1.88138,1.74643,0.134949,0.000754243,0.00337704,0.0038618,-0.00605449,1.74048,0.00400762
2.55007,1.7031,1.75388,-0.05078,0.000411673,0.00330542,0.00388682,-0.00618587,1.74843,0.00403802
2.55594,1.83663,1.76143,0.0752018,9.24963e-05,0.00324036,0.00391215,-0.00630887,1.75643,0.00406838
2.5618,1.85615,1.76908,0.0870688,-0.000204792,0.00318145,0.00393781,-0.006424,1.76449,0.0040987
2.56766,1.79012,1.77682,0.0133044,-0.000481586,0.00312835,0.00396379,-0.00653171,1.77261,0.00412899
2.57352,1.73502,1.78465,-0.0496249,-0.000739174,0.00308071,0.0039901,-0.00663243,1.78079,0.00415924
2.57938,1.90085,1.79257,0.108279,-0.000978752,0.00303822,0.00401675,-0.00672657,1.78904,0.00418945
2.58525,1.71606,1.80059,-0.0845296,-0.00120143,0.00300058,0.00404374,-0.0068145,1.79734,0.00421963
2.59111,1.8393,1.80869,0.0306065,-0.00140824,0.00296754,0.00407109,-0.00689658,1.80571,0.00424977
2.59697,1.93571,1.81689,0.118824,-0.00160013,0.00293883,0.0040988,-0.00697313,1.81414,0.00427987
2.60283,1.86534,1.82517,0.0401763,-0.00177801,0.00291423,0.00412687,-0.00704447,1.82264,0.00430993
2.6087,1.98636,1.83354,0.152819,-0.00194269,0.00289352,0.00415531,-0.00711089,1.8312,0.00433996
2.61456,2.00913,1.84199,0.167142,-0.00209495,0.00287649,0.00418413,-0.00717266,1.83983,0.00436995
2.62042,1.81358,1.85053,-0.0369524,-0.00223551,0.00286295,0.00421334,-0.00723003,1.84852,0.0043999
2.62628,1.84764,1.85916,-0.01152,-0.00236505,0.00285274,0.00424295,-0.00728325,1.85728,0.00442982
2.63214,1.86861,1.86787,0.00073842,-0.00248418,0.00284568,0.00427296,-0.00733255,1.86611,0.0044597
2.63801,1.75632,1.87667,-0.120345,-0.0025935,0.00284162,0.00430337,-0.00737813,1.87501,0.00448954
2.64387,1.91894,1.88555,0.0333863,-0.00269355,0.00284042,0.00433421,-0.00742019,1.88397,0.00451935
2.64973,1.8457,1.89452,-0.0488183,-0.00278485,0.00284194,0.00436547,-0.00745892,1.89301,0.00454911
2.65559,1.8914,1.90357,-0.0121759,-0.00286787,0.00284607,0.00439717,-0.00749451,1.90211,0.00457885
2.66146,1.98552,1.91271,0.0728135,-0.00294307,0.00285268,0.00442932,-0.00752711,1.91129,0.00460854
2.66732,1.84414,1.92193,-0.0777916,-0.00301086,0.00286167,0.00446192,-0.00755689,1.92054,0.0046382
2.67318,1.75251,1.93124,-0.178725,-0.00307165,0.00287292,0.00449498,-0.007584,1.92986,0.00466782
2.67904,1.9898,1.94063,0.0491714,-0.00312579,0.00288636,0.00452851,-0.00760856,1.93925,0.0046974
2.6849,1.9742,1.95011,0.0240906,-0.00317365,0.00290189,0.00456253,-0.00763073,1.94872,0.00472695
2.69077,2.10168,1.95967,0.142006,-0.00321554,0.00291942,0.00459704,-0.00765061,1.95827,0.00475646
2.69663,1.9382,1.96933,-0.0311291,-0.00325178,0.00293888,0.00463206,-0.00766834,1.96789,0.00478593
2.70249,2.00194,1.97906,0.0228813,-0.00328265,0.00296019,0.00466759,-0.00768401,1.97759,0.00481536
2.70835,1.98905,1.98889,0.000167775,-0.00330842,0.00298329,0.00470364,-0.00769775,1.98736,0.00484476
2.71422,1.95288,1.9988,-0.0459217,-0.00332934,0.00300812,0.00474024,-0.00770964,1.99721,0.00487412
2.72008,2.08954,2.0088,0.0807461,-0.00334567,0.00303461,0.00477738,-0.00771978,2.00715,0.00490345
2.72594,1.92447,2.01888,-0.0944183,-0.00335763,0.00306271,0.00481508,-0.00772826,2.01716,0.00493273
2.7318,1.94119,2.02906,-0.0878703,-0.00336542,0.00309237,0.00485335,-0.00773517,2.02725,0.00496198
2.73766,1.92982,2.03933,-0.109506,-0.00336925,0.00312354,0.00489221,-0.00774058,2.03743,0.0049912
2.74353,1.88637,2.04968,-0.163312,-0.00336931,0.00315617,0.00493167,-0.00774458,2.04769,0.00502037
2.74939,2.20325,2.06013,0.14312,-0.00336578,0.00319023,0.00497175,-0.00774723,2.05803,0.00504951
2.75525,2.08713,2.07067,0.0164573,-0.00335882,0.00322568,0.00501245,-0.00774861,2.06846,0.00507861
2.76111,2.25125,2.0813,0.169952,-0.0033486,0.00326248,0.00505379,-0.00774877,2.07897,0.00510768
2.76698,2.11815,2.09202,0.0261286,-0.00333527,0.00330059,0.00509578,-0.00774778,2.08957,0.00513671
2.77284,2.14201,2.10284,0.0391664,-0.00331896,0.00333999,0.00513845,-0.0077457,2.10026,0.0051657
2.7787,2.19417,2.11375,0.0804171,-0.00329982,0.00338065,0.0051818,-0.00774258,2.11104,0.00519465
2.78456,2.30933,2.12476,0.184576,-0.00327796,0.00342254,0.00522586,-0.00773848,2.1219,0.00522357
2.79043,2.07977,2.13586,-0.056091,-0.00325352,0.00346564,0.00527064,-0.00773345,2.13286,0.00525245
2.79629,2.10481,2.14706,-0.0422552,-0.00322659,0.00350992,0.00531615,-0.00772753,2.14391,0.00528129
2.80215,2.16865,2.15836,0.0102889,-0.00319729,0.00355538,0.00536241,-0.00772077,2.15505,0.0053101
2.80801,2.26967,2.16976,0.0999159,-0.00316572,0.00360198,0.00540945,-0.00771321,2.16628,0.00533887
2.81387,2.26968,2.18125,0.0884272,-0.00313198,0.00364972,0.00545728,-0.00770489,2.17761,0.0053676
2.81974,2.11364,2.19285,-0.079203,-0.00309615,0.00369858,0.00550593,-0.00769586,2.18904,0.00539629
2.8256,2.17288,2.20455,-0.031664,-0.00305832,0.00374855,0.0055554,-0.00768615,2.20056,0.00542495
2.83146,2.3103,2.21635,0.0939579,-0.00301857,0.00379961,0.00560572,-0.00767579,2.21218,0.00545357
2.83732,2.1745,2.22825,-0.0537486,-0.00297697,0.00385176,0.00565692,-0.00766482,2.2239,0.00548215
2.84319,2.47051,2.24026,0.230253,-0.00293361,0.00390499,0.00570902,-0.00765327,2.23572,0.0055107
2.84905,2.12389,2.25237,-0.128482,-0.00288855,0.00395929,0.00576203,-0.00764117,2.24764,0.00553921
2.85491,1.95312,2.2646,-0.311478,-0.00284185,0.00401466,0.00581598,-0.00762855,2.25967,0.00556768
2.86077,2.20567,2.27693,-0.0712543,-0.00279357,0.00407109,0.0058709,-0.00761543,2.2718,0.00559612
2.86663,2.24554,2.28937,-0.04383,-0.00274378,0.00412858,0.00592681,-0.00760186,2.28403,0.00562452
2.8725,2.14371,2.30191,-0.158209,-0.00269252,0.00418713,0.00598374,-0.00758784,2.29637,0.00565288
2.87836,2.28599,2.31458,-0.0285846,-0.00263985,0.00424674,0.00604172,-0.0075734,2.30882,0.0056812
2.88422,2.40107,2.32735,0.0737167,-0.00258581,0.00430742,0.00610076,-0.00755857,2.32138,0.00570949
2.89008,2.32477,2.34024,-0.0154635,-0.00253046,0.00436916,0.00616091,-0.00754336,2.33404,0.00573774
2.89595,2.40613,2.35324,0.0528881,-0.00247384,0.00443196,0.00622219,-0.00752781,2.34682,0.00576596
2.90181,2.41038,2.36636,0.0440218,-0.00241598,0.00449584,0.00628464,-0.00751192,2.35972,0.00579413
2.90767,2.34621,2.3796,-0.0333944,-0.00235693,0.0045608,0.00634828,-0.00749572,2.37272,0.00582227
2.91353,2.40482,2.39296,0.0118573,-0.00229673,0.00462684,0.00641314,-0.00747922,2.38584,0.00585038
2.91939,2.3715,2.40644,-0.0349338,-0.0022354,0.00469398,0.00647927,-0.00746244,2.39908,0.00587844
2.92526,2.38448,2.42004,-0.0355566,-0.00217298,0.00476223,0.0065467,-0.00744541,2.41244,0.00590647
2.93112,2.4501,2.43376,0.0163349,-0.00210951,0.00483158,0.00661547,-0.00742812,2.42592,0.00593446
2.93698,2.45105,2.44761,0.00343907,-0.002045,0.00490207,0.00668561,-0.00741061,2.43952,0.00596242
2.94284,2.48353,2.46159,0.0219415,-0.0019795,0.00497369,0.00675716,-0.00739288,2.45324,0.00599033
2.94871,2.42752,2.47569,-0.0481727,-0.00191301,0.00504647,0.00683017,-0.00737495,2.46709,0.00601821
2.95457,2.46406,2.48993,-0.0258674,-0.00184557,0.00512042,0.00690468,-0.00735682,2.48106,0.00604606
2.96043,2.35253,2.50429,-0.151762,-0.0017772,0.00519555,0.00698073,-0.00733852,2.49516,0.00607386
2.96629,2.49397,2.51879,-0.0248169,-0.00170792,0.00527188,0.00705837,-0.00732006,2.50939,0.00610163
2.97215,2.55551,2.53342,0.0220885,-0.00163775,0.00534944,0.00713766,-0.00730144,2.52375,0.00612937
2.97802,2.61248,2.54819,0.0642918,-0.00156671,0.00542823,0.00721863,-0.00728267,2.53824,0.00615706
2.98388,2.73801,2.5631,0.174906,-0.00149481,0.00550829,0.00730134,-0.00726377,2.55286,0.00618472
2.98974,2.6944,2.57815,0.11625,-0.00142207,0.00558964,0.00738585,-0.00724475,2.56763,0.00621234
2.9956,2.67425,2.59334,0.0809124,-0.00134851,0.00567229,0.00747221,-0.00722562,2.58253,0.00623993
3.00147,2.5197,2.60867,-0.0889656,-0.00127413,0.00575627,0.00756049,-0.00720638,2.59756,0.00626747
3.00733,2.49041,2.62414,-0.133729,-0.00119896,0.00584162,0.00765074,-0.00718704,2.61274,0.00629498
3.01319,2.74023,2.63977,0.100461,-0.00112299,0.00592835,0.00774302,-0.00716762,2.62806,0.00632246
3.01905,2.56819,2.65554,-0.0873533,-0.00104625,0.00601649,0.00783741,-0.00714811,2.64353,0.00634989
3.02491,2.78741,2.67146,0.115949,-0.000968739,0.00610608,0.00793398,-0.00712854,2.65914,0.00637729
3.03078,2.70617,2.68754,0.018629,-0.000890469,0.00619715,0.00803279,-0.0071089,2.6749,0.00640466
3.03664,2.66685,2.70377,-0.0369159,-0.000811445,0.00628973,0.00813392,-0.0070892,2.69081,0.00643198
3.0425,2.90151,2.72016,0.18135,-0.000731675,0.00638385,0.00823746,-0.00706944,2.70688,0.00645927
3.04836,2.88173,2.7367,0.14503,-0.000651165,0.00647956,0.00834348,-0.00704964,2.72309,0.00648652
3.05423,2.87313,2.75341,0.11972,-0.000569919,0.00657689,0.00845207,-0.00702981,2.73947,0.00651373
3.06009,2.79197,2.77028,0.0216929,-0.000487942,0.00667588,0.00856333,-0.00700993,2.756,0.00654091
3.06595,2.78303,2.78732,-0.00428213,-0.000405237,0.00677657,0.00867734,-0.00699003,2.77269,0.00656805
3.07181,2.78264,2.80452,-0.0218765,-0.000321806,0.006879,0.00879421,-0.00697011,2.78954,0.00659516
3.07767,2.98506,2.82189,0.163165,-0.000237652,0.00698322,0.00891403,-0.00695017,2.80656,0.00662222
3.08354,2.98899,2.83944,0.149549,-0.000152776,0.00708929,0.00903693,-0.00693021,2.82374,0.00664925
3.0894,2.8077,2.85716,-0.0494562,-6.71775e-05,0.00719724,0.009163,-0.00691025,2.8411,0.00667624
3.09526,2.85395,2.87505,-0.021098,1.91428e-05,0.00730713,0.00929238,-0.00689028,2.85862,0.0067032
3.10112,2.96083,2.89313,0.0677035,0.000106186,0.00741901,0.00942518,-0.00687031,2.87632,0.00673012
3.10699,2.92862,2.91139,0.0172376,0.000193953,0.00753294,0.00956154,-0.00685034,2.89419,0.006757
3.11285,2.83458,2.92983,-0.0952464,0.000282447,0.00764898,0.0097016,-0.00683038,2.91224,0.00678384
3.11871,2.96313,2.94846,0.0146705,0.000371671,0.00776719,0.00984549,-0.00681043,2.93047,0.00681065
3.12457,2.97807,2.96728,0.0107919,0.000461626,0.00788763,0.00999338,-0.0067905,2.94889,0.00683742
3.13043,2.95043,2.98629,-0.0358596,0.000552319,0.00801038,0.0101454,-0.00677058,2.96749,0.00686415
3.1363,3.1111,3.0055,0.105606,0.000643752,0.00813549,0.0103018,-0.00675069,2.98628,0.00689085
3.14216,3.07478,3.0249,0.0498812,0.000735932,0.00826305,0.0104626,-0.00673081,3.00525,0.00691751
3.14802,3.09595,3.04451,0.0514374,0.000828864,0.00839313,0.0106282,-0.00671097,3.02442,0.00694413
3.15388,3.07257,3.06432,0.00825199,0.000922554,0.00852581,0.0107986,-0.00669115,3.04379,0.00697071
3.15975,3.13654,3.08433,0.0522003,0.00101701,0.00866118,0.0109742,-0.00667137,3.06336,0.00699726
3.16561,3.04108,3.10456,-0.06348,0.00111224,0.00879931,0.011155,-0.00665162,3.08312,0.00702377
3.17147,3.14961,3.125,0.0246094,0.00120825,0.00894031,0.0113414,-0.0066319,3.10309,0.00705025
3.17733,3.11187,3.14566,-0.0337903,0.00130504,0.00908427,0.0115335,-0.00661223,3.12327,0.00707668
3.18319,3.20113,3.16653,0.0346015,0.00140264,0.00923128,0.0117318,-0.0065926,3.14366,0.00710308
3.18906,3.14755,3.18763,-0.0400862,0.00150104,0.00938146,0.0119363,-0.006573,3.16426,0.00712945
3.19492,3.20024,3.20896,-0.00871615,0.00160027,0.00953491,0.0121475,-0.00655346,3.18507,0.00715577
3.20078,3.13419,3.23051,-0.0963161,0.00170032,0.00969175,0.0123655,-0.00653396,3.20611,0.00718206
3.20664,3.20222,3.2523,-0.0500821,0.00180121,0.0098521,0.0125909,-0.00651451,3.22736,0.00720831
3.21251,3.24522,3.27432,-0.0291089,0.00190295,0.0100161,0.0128238,-0.00649511,3.24884,0.00723453
3.21837,3.26972,3.29659,-0.026867,0.00200556,0.0101838,0.0130647,-0.00647576,3.27055,0.00726071
3.22423,3.33377,3.3191,0.014667,0.00210905,0.0103555,0.0133139,-0.00645647,3.29249,0.00728685
3.23009,3.40626,3.34186,0.0644032,0.00221343,0.0105312,0.013572,-0.00643722,3.31467,0.00731295
3.23596,3.42989,3.36487,0.0650177,0.00231871,0.0107112,0.0138392,-0.00641804,3.33708,0.00733902
3.24182,3.3326,3.38814,-0.0555374,0.00242491,0.0108955,0.0141162,-0.00639891,3.35974,0.00736505
3.24768,3.2032,3.41167,-0.208465,0.00253205,0.0110843,0.0144033,-0.00637984,3.38264,0.00739104
3.25354,3.41137,3.43546,-0.0240935,0.00264014,0.0112779,0.0147012,-0.00636083,3.40579,0.007417
3.2594,3.54904,3.45953,0.0895103,0.0027492,0.0114764,0.0150104,-0.00634189,3.42919,0.00744292
3.26527,3.43896,3.48386,-0.0449038,0.00285925,0.01168,0.0153316,-0.006323,3.45285,0.0074688
3.27113,3.59714,3.50848,0.0886564,0.00297029,0.0118889,0.0156653,-0.00630417,3.47676,0.00749464
3.27699,3.67008,3.53338,0.136704,0.00308236,0.0121034,0.0160124,-0.00628541,3.50095,0.00752045
3.28285,3.54666,3.55857,-0.0119097,0.00319547,0.0123237,0.0163735,-0.00626672,3.5254,0.00754622
3.28872,3.67545,3.58405,0.0914017,0.00330964,0.01255,0.0167496,-0.00624809,3.55012,0.00757196
3.29458,3.77053,3.60983,0.160695,0.00342489,0.0127826,0.0171414,-0.00622952,3.57512,0.00759765
3.30044,3.64104,3.63592,0.00512439,0.00354124,0.0130218,0.0175499,-0.00621102,3.60039,0.00762331
3.3063,3.79354,3.66232,0.131226,0.00365871,0.0132678,0.0179762,-0.00619259,3.62596,0.00764893
3.31216,3.69422,3.68903,0.00519186,0.00377733,0.0135211,0.0184214,-0.00617423,3.65181,0.00767452
3.31803,3.62165,3.71606,-0.0944088,0.00389712,0.0137818,0.0188866,-0.00615593,3.67795,0.00770007
3.32389,3.87408,3.74342,0.130652,0.0040181,0.0140505,0.0193732,-0.00613771,3.70439,0.00772558
3.32975,3.82644,3.77112,0.0553224,0.0041403,0.0143273,0.0198825,-0.00611955,3.73114,0.00775106
3.33561,3.76149,3.79916,-0.0376637,0.00426374,0.0146129,0.0204161,-0.00610146,3.75819,0.00777649
3.34148,3.78512,3.82754,-0.0424157,0.00438845,0.0149075,0.0209757,-0.00608345,3.78555,0.00780189
3.34734,3.93723,3.85628,0.0809466,0.00451446,0.0152116,0.021563,-0.0060655,3.81323,0.00782726
3.3532,3.95155,3.88538,0.0661696,0.00464179,0.0155258,0.02218,-0.00604762,3.84123,0.00785258
3.35906,3.91191,3.91485,-0.00294552,0.00477047,0.0158505,0.0228289,-0.00602982,3.86955,0.00787787
3.36492,3.98377,3.9447,0.039069,0.00490054,0.0161862,0.0235121,-0.00601209,3.89821,0.00790313
3.37079,4.20935,3.97494,0.234413,0.00503202,0.0165337,0.024232,-0.00599443,3.92721,0.00792834
3.37665,4.11318,4.00557,0.107606,0.00516494,0.0168935,0.0249916,-0.00597684,3.95654,0.00795352
3.38251,4.06793,4.03661,0.0313267,0.00529933,0.0172663,0.025794,-0.00595933,3.98623,0.00797866
3.38837,3.97575,4.06806,-0.0923032,0.00543524,0.0176528,0.0266426,-0.00594188,4.01626,0.00800377
3.39424,4.15709,4.09993,0.0571557,0.0055727,0.0180538,0.0275412,-0.00592451,4.04666,0.00802883
3.4001,4.05878,4.13224,-0.073461,0.00571173,0.0184702,0.0284941,-0.00590722,4.07742,0.00805386
3.40596,4.26385,4.165,0.098843,0.00585238,0.0189029,0.0295059,-0.00588999,4.10855,0.00807886
3.41182,4.23601,4.19822,0.0377845,0.00599468,0.0193529,0.0305818,-0.00587284,4.14006,0.00810381
3.41768,4.21977,4.23191,-0.0121446,0.00613868,0.0198213,0.0317277,-0.00585576,4.17195,0.00812873
3.42355,4.24436,4.26609,-0.0217249,0.00628441,0.0203091,0.03295,-0.00583876,4.20423,0.00815362
3.42941,4.39404,4.30077,0.0932696,0.00643191,0.0208177,0.034256,-0.00582183,4.2369,0.00817846
3.43527,4.45433,4.33596,0.118369,0.00658123,0.0213485,0.035654,-0.00580497,4.26998,0.00820327
3.44113,4.32472,4.37169,-0.046976,0.00673242,0.0219028,0.0371531,-0.00578819,4.30347,0.00822804
3.447,4.35317,4.40798,-0.05481,0.0068855,0.0224825,0.0387637,-0.00577147,4.33737,0.00825278
3.45286,4.4351,4.44484,-0.00974303,0.00704055,0.0230891,0.0404978,-0.00575484,4.37169,0.00827747
3.45872,4.41259,4.4823,-0.0697023,0.00719759,0.0237247,0.0423689,-0.00573827,4.40644,0.00830213
3.46458,4.51776,4.52037,-0.00261547,0.00735668,0.0243914,0.0443924,-0.00572178,4.44163,0.00832676
3.47044,4.51824,4.5591,-0.0408576,0.00751788,0.0250915,0.046586,-0.00570536,4.47726,0.00835134
3.47631,4.61522,4.59851,0.016707,0.00768123,0.0258276,0.0489702,-0.00568901,4.51335,0.00837589
3.48217,4.56153,4.63863,-0.0771044,0.00784679,0.0266025,0.0515686,-0.00567274,4.54989,0.0084004
3.48803,4.52689,4.67951,-0.152624,0.00801462,0.0274194,0.0544086,-0.00565654,4.5869,0.00842488
3.49389,4.81081,4.72118,0.0896264,0.00818477,0.0282817,0.0575225,-0.00564041,4.62438,0.00844932
3.49976,4.79443,4.7637,0.0307341,0.00835731,0.0291934,0.0609479,-0.00562436,4.66235,0.00847372
3.50562,4.79536,4.80712,-0.011766,0.00853229,0.0301587,0.0647293,-0.00560838,4.70081,0.00849808
3.51148,4.74242,4.85152,-0.109099,0.00870979,0.0311825,0.0689198,-0.00559247,4.73977,0.00852241
3.51734,4.82563,4.89696,-0.071326,0.00888986,0.0322702,0.0735825,-0.00557663,4.77924,0.0085467
3.5232,4.83496,4.94354,-0.108574,0.00907258,0.0334279,0.0787937,-0.00556086,4.81923,0.00857095
3.52907,4.97196,4.99136,-0.0193999,0.00925802,0.0346624,0.0846458,-0.00554516,4.85975,0.00859517
3.53493,5.10357,5.04057,0.0629973,0.00944624,0.0359816,0.0912517,-0.00552954,4.9008,0.00861935
3.54079,5.3388,5.09131,0.247489,0.00963733,0.0373943,0.0987509,-0.00551399,4.9424,0.00864349
3.54665,5.25029,5.14378,0.106505,0.00983137,0.0389107,0.107317,-0.00549851,4.98455,0.0086676
3.55252,5.167,5.19822,-0.0312237,0.0100284,0.0405423,0.117168,-0.0054831,5.02727,0.00869167
3.55838,5.21165,5.25493,-0.0432809,0.0102286,0.0423026,0.128581,-0.00546776,5.07057,0.0087157
3.56424,5.30272,5.31429,-0.0115662,0.010432,0.0442071,0.141914,-0.00545249,5.11445,0.00873969
3.5701,5.36477,5.3768,-0.0120353,0.0106386,0.0462737,0.157633,-0.00543729,5.15893,0.00876365
3.57596,5.30125,5.44311,-0.141863,0.0108486,0.0485237,0.176358,-0.00542216,5.20402,0.00878757
3.58183,5.54791,5.5141,0.0338085,0.0110621,0.050982,0.198923,-0.0054071,5.24973,0.00881145
3.58769,5.67335,5.59094,0.082411,0.0112792,0.0536781,0.226475,-0.00539211,5.29606,0.0088353
3.59355,5.61907,5.6753,-0.0562236,0.0115,0.0566473,0.260624,-0.00537719,5.34305,0.00885911
3.59941,5.60509,5.76955,-0.16446,0.0117245,0.0599322,0.303688,-0.00536234,5.39068,0.00888288
3.60528,5.95706,5.87718,0.0798739,0.011953,0.0635844,0.359102,-0.00534756,5.43898,0.00890661
3.61114,5.85497,6.00353,-0.148556,0.0121854,0.0676675,0.432115,-0.00533284,5.48796,0.00893031
3.617,6.03694,6.15703,-0.120087,0.012422,0.0722599,0.531072,-0.0053182,5.53764,0.00895397
3.62286,6.4441,6.35165,0.0924574,0.0126629,0.0774604,0.669832,-0.00530362,5.58802,0.0089776
3.62872,6.47775,6.61179,-0.134046,0.0129081,0.0833941,0.872663,-0.00528911,5.63912,0.00900118
3.63459,6.79497,6.98282,-0.187853,0.0131579,0.0902224,1.18475,-0.00527467,5.69095,0.00902473
3.64045,7.48408,7.55511,-0.0710332,0.0134123,0.0981568,1.69623,-0.00526029,5.74352,0.00904825
3.64631,8.59226,8.52126,0.0709975,0.0136715,0.107479,2.59942,-0.00524598,5.79686,0.00907172
3.65217,10.5769,10.2971,0.279866,0.0139357,0.118573,4.30973,-0.00523174,5.85097,0.00909516
3.65804,14.277,13.507,0.769952,0.014205,0.131975,7.45106,-0.00521756,5.90588,0.00911856
3.6639,17.0774,16.7576,0.319835,0.0144796,0.14845,10.6291,-0.00520345,5.96159,0.00914193
3.66976,14.4243,14.924,-0.499674,0.0147596,0.169131,8.71803,-0.00518941,6.01812,0.00916526
3.67562,10.6972,11.3065,-0.609302,0.0150453,0.195754,5.01621,-0.00517543,6.07549,0.00918855
3.68149,8.45346,9.22882,-0.775364,0.0153368,0.231097,2.84461,-0.00516151,6.13372,0.0092118
3.68735,7.81985,8.23137,-0.411524,0.0156342,0.279831,1.739,-0.00514766,6.19282,0.00923502
3.69321,7.59207,7.76743,-0.175359,0.0159379,0.350289,1.14426,-0.00513388,6.25281,0.0092582
3.69907,7.44114,7.59088,-0.149741,0.016248,0.458395,0.798365,-0.00512015,6.31371,0.00928134
3.70493,7.60295,7.61602,-0.0130726,0.0165647,0.636866,0.582862,-0.0051065,6.37553,0.00930445
3.7108,8.03874,7.85686,0.181875,0.0168882,0.956589,0.440846,-0.0050929,6.4383,0.00932751
3.71666,8.8872,8.42371,0.463491,0.0172189,1.55727,0.342917,-0.00507937,6.50204,0.00935055
3.72252,10.0117,9.33503,0.67671,0.0175569,2.47356,0.272848,-0.0050659,6.56675,0.00937354
3.72838,9.76059,9.57678,0.18381,0.0179025,2.70089,0.221165,-0.0050525,6.63248,0.0093965
3.73425,8.80734,8.76294,0.0443946,0.0182559,1.85902,0.182062,-0.00503915,6.69923,0.00941942
3.74011,8.10339,8.15779,-0.0544011,0.0186175,1.2159,0.151834,-0.00502587,6.76702,0.0094423
3.74597,7.93759,7.92354,0.0140488,0.0189876,0.936182,0.128035,-0.00501265,6.83589,0.00946515
3.75183,7.69339,7.91138,-0.21799,0.0193664,0.872683,0.108997,-0.00499949,6.90584,0.00948796
3.75769,7.93701,8.05978,-0.122762,0.0197543,0.965028,0.0935555,-0.0049864,6.97691,0.00951073
3.76356,8.31724,8.39139,-0.0741482,0.0201516,1.23668,0.0808786,-0.00497336,7.04912,0.00953347
3.76942,9.43442,9.02715,0.407279,0.0205587,1.80914,0.0703588,-0.00496038,7.1225,0.00955617
3.77528,10.9169,10.2349,0.681975,0.020976,2.95068,0.0615451,-0.00494747,7.19706,0.00957883
3.78114,13.1622,12.0771,1.0851,0.0214038,4.72407,0.0540972,-0.00493461,7.27283,0.00960145
3.78701,13.7766,12.54,1.23657,0.0218426,5.11585,0.0477547,-0.00492181,7.34984,0.00962404
3.79287,11.5417,10.8524,0.689281,0.0222928,3.35497,0.0423156,-0.00490907,7.42813,0.00964659
3.79873,9.96152,9.54157,0.419949,0.0227548,1.96872,0.0376216,-0.00489639,7.5077,0.0096691
3.80459,9.05102,8.9237,0.127325,0.0232291,1.27351,0.0335472,-0.00488377,7.5886,0.00969158
3.81045,8.74013,8.67942,0.0607082,0.0237163,0.950017,0.0299916,-0.00487121,7.67086,0.00971402
3.81632,8.61928,8.64051,-0.0212291,0.0242168,0.830048,0.0268738,-0.00485871,7.75449,0.00973642
3.82218,8.78404,8.75645,0.0275853,0.0247313,0.863138,0.0241275,-0.00484626,7.83954,0.00975879
3.82804,9.16063,9.05886,0.101765,0.0252603,1.08091,0.0216984,-0.00483387,7.92604,0.00978112
3.8339,9.70886,9.66709,0.0417723,0.0258044,1.60275,0.0195416,-0.00482154,8.01402,0.00980341
3.83977,10.7775,10.6048,0.1727,0.0263642,2.45225,0.0176198,-0.00480926,8.10351,0.00982566
3.84563,11.6333,10.8611,0.7722,0.0269406,2.61862,0.0159016,-0.00479704,8.19454,0.00984788
3.85149,10.935,10.0451,0.889954,0.0275342,1.71091,0.0143607,-0.00478488,8.28716,0.00987006
3.85735,9.76405,9.41766,0.346392,0.0281458,0.990021,0.0129749,-0.00477277,8.3814,0.0098922
3.86321,9.29892,9.13446,0.164463,0.0287761,0.61151,0.0117251,-0.00476071,8.4773,0.00991431
3.86908,9.20425,9.03103,0.173225,0.0294262,0.41093,0.0105952,-0.00474872,8.57489,0.00993638
3.87494,9.08389,9.01495,0.0689438,0.0300968,0.295841,0.00957118,-0.00473677,8.67422,0.00995841
3.8808,8.94943,9.04453,-0.0951077,0.030789,0.224525,0.0086411,-0.00472488,8.77532,0.00998041
3.88666,8.94282,9.1003,-0.157473,0.0315039,0.177458,0.00779455,-0.00471305,8.87825,0.0100024
3.89253,8.94904,9.17243,-0.223395,0.0322424,0.144803,0.00702252,-0.00470127,8.98304,0.0100243
3.89839,9.36924,9.25565,0.113587,0.0330058,0.121237,0.00631712,-0.00468954,9.08974,0.0100462
3.90425,9.51883,9.34694,0.171894,0.0337953,0.103689,0.00567148,-0.00467787,9.19839,0.010068
3.91011,9.38459,9.44446,-0.0598681,0.0346123,0.0902958,0.00507955,-0.00466625,9.30904,0.0100898
3.91597,9.76508,9.54707,0.218012,0.0354581,0.0798696,0.00453602,-0.00465468,9.42175,0.0101116
3.92184,9.68785,9.65404,0.0338048,0.0363344,0.0716267,0.0040362,-0.00464316,9.53656,0.0101333
3.9277,9.70334,9.76489,-0.061554,0.0372426,0.0650322,0.00357591,-0.0046317,9.65352,0.010155
3.93356,9.77724,9.87928,-0.102043,0.0381844,0.0597106,0.00315149,-0.00462029,9.77268,0.0101767
3.93942,9.88563,9.99701,-0.111382,0.0391619,0.0553919,0.00275964,-0.00460893,9.89411,0.0101983
3.94529,10.12,10.1179,0.00208042,0.0401769,0.0518784,0.00239743,-0.00459762,10.0179,0.0102199
3.95115,10.4738,10.242,0.231857,0.0412315,0.0490225,0.00206226,-0.00458636,10.144,0.0102415
3.95701,10.3706,10.369,0.00152621,0.042328,0.0467124,0.00175177,-0.00457515,10.2726,0.010263
3.96287,10.6922,10.4991,0.193047,0.0434688,0.0448627,0.00146386,-0.004564,10.4036,0.0102845
3.96873,10.4772,10.6323,-0.15508,0.0446566,0.0434077,0.00119664,-0.00455289,10.5372,0.0103059
3.9746,10.6876,10.7684,-0.0808432,0.0458943,0.0422962,0.0009484,-0.00454183,10.6735,0.0103273
3.98046,11.0139,10.9077,0.106232,0.0471847,0.0414887,0.000717597,-0.00453082,10.8125,0.0103487
3.98632,10.966,11.0501,-0.084004,0.0485313,0.0409547,0.000502837,-0.00451987,10.9542,0.01037
3.99218,11.0472,11.1956,-0.148422,0.0499376,0.040671,0.000302858,-0.00450896,11.0988,0.0103913
3.99805,11.318,11.3444,-0.0264007,0.0514075,0.0406206,0.000116513,-0.00449809,11.2463,0.0104125
4.00391,11.4815,11.4964,-0.0149116,0.0529451,0.0407914,-5.72426e-05,-0.00448728,11.3968,0.0104338
4.00977,11.6495,11.6519,-0.00236671,0.0545549,0.041176,-0.000219357,-0.00447652,11.5504,0.0104549
4.01563,11.8495,11.8108,0.0387578,0.0562419,0.0417711,-0.000370696,-0.0044658,11.7071,0.0104761
4.02149,11.947,11.9732,-0.0262572,0.0580115,0.042577,-0.000512051,-0.00445513,11.8671,0.0104972
4.02736,12.0819,12.1393,-0.0573823,0.0598695,0.0435981,-0.000644145,-0.00444451,12.0304,0.0105183
4.03322,12.4392,12.3092,0.130025,0.0618223,0.0448425,-0.00076764,-0.00443393,12.1972,0.0105393
4.03908,12.5369,12.4829,0.054024,0.0638769,0.0463227,-0.000883143,-0.0044234,12.3674,0.0105603
4.04494,12.7055,12.6606,0.0449381,0.0660409,0.0480553,-0.000991211,-0.00441292,12.5413,0.0105813
4.05081,12.8474,12.8424,0.00496138,0.0683228,0.0500627,-0.00109236,-0.00440249,12.7189,0.0106022
4.05667,13.0918,13.0285,0.0632442,0.0707319,0.0523729,-0.00118705,-0.0043921,12.9004,0.0106231
4.06253,13.2976,13.219,0.0785314,0.0732783,0.0550216,-0.00127573,-0.00438175,13.0858,0.0106439
4.06839,13.4119,13.4141,-0.00228105,0.0759733,0.0580532,-0.0013588,-0.00437145,13.2752,0.0106647
4.07426,13.7207,13.614,0.106718,0.0788295,0.0615236,-0.00143661,-0.0043612,13.4688,0.0106855
4.08012,13.9513,13.8189,0.132439,0.0818607,0.065503,-0.00150953,-0.00435099,13.6666,0.0107062
4.08598,14.1259,14.0289,0.0970485,0.0850822,0.0700802,-0.00157785,-0.00434083,13.8689,0.0107269
4.09184,14.4182,14.2444,0.173786,0.0885114,0.0753685,-0.00164188,-0.00433071,14.0757,0.0107476
4.0977,14.68,14.4656,0.214305,0.0921674,0.0815142,-0.00170189,-0.00432063,14.2872,0.0107682
4.10357,14.8221,14.693,0.129105,0.0960717,0.0887087,-0.00175812,-0.0043106,14.5035,0.0107888
4.10943,14.9437,14.9269,0.0168322,0.100249,0.0972069,-0.00181082,-0.00430061,14.7248,0.0108094
4.11529,15.0565,15.1679,-0.111392,0.104725,0.107354,-0.0018602,-0.00429066,14.9511,0.0108299
4.12115,15.4697,15.4165,0.053153,0.109533,0.119628,-0.00190645,-0.00428076,15.1827,0.0108504
4.12702,15.6975,15.6738,0.0237465,0.114706,0.134708,-0.00194978,-0.0042709,15.4197,0.0108708
4.13288,16.1493,15.9408,0.208511,0.120284,0.153589,-0.00199035,-0.00426109,15.6623,0.0108912
4.13874,16.3563,16.2193,0.136971,0.126314,0.177777,-0.00202833,-0.00425131,15.9106,0.0109116
4.1446,16.6543,16.512,0.142301,0.132847,0.209646,-0.00206387,-0.00424158,16.1649,0.0109319
4.15046,16.6908,16.8229,-0.132138,0.139944,0.253124,-0.00209711,-0.00423189,16.4252,0.0109522
4.15633,17.1409,17.1593,-0.0183697,0.147674,0.315082,-0.00212819,-0.00422224,16.6919,0.0109724
4.16219,17.5818,17.5341,0.0476688,0.156117,0.40835,-0.00215722,-0.00421263,16.965,0.0109927
4.16805,17.9552,17.9736,-0.0183453,0.165369,0.558689,-0.00218434,-0.00420307,17.2449,0.0110128
4.17391,18.6785,18.5331,0.145311,0.175541,0.821291,-0.00220964,-0.00419354,17.5317,0.011033
4.17978,19.8992,19.3295,0.569683,0.186762,1.31252,-0.00223323,-0.00418406,17.8256,0.0110531
4.18564,21.1405,20.4943,0.646213,0.199188,2.16354,-0.0022552,-0.00417461,18.1269,0.0110732
4.1915,22.1575,21.4377,0.7198,0.213004,2.78431,-0.00227565,-0.00416521,18.4358,0.0110932
4.19736,21.581,21.1235,0.457513,0.228434,2.13791,-0.00229465,-0.00415584,18.7525,0.0111132
4.20322,20.6794,20.6916,-0.0121694,0.245747,1.36375,-0.0023123,-0.00414652,19.0774,0.0111332
4.20909,20.7187,20.6657,0.0529784,0.265274,0.985131,-0.00232865,-0.00413723,19.4106,0.0111531
4.21495,20.9953,20.9077,0.087562,0.28742,0.863068,-0.00234378,-0.00412799,19.7525,0.011173
4.22081,21.453,21.3271,0.125878,0.312691,0.906346,-0.00235776,-0.00411878,20.1033,0.0111928
4.22667,21.9104,21.9224,-0.012007,0.341722,1.1125,-0.00237065,-0.00410961,20.4634,0.0112126
4.23254,22.8726,22.7797,0.0928454,0.375317,1.56659,-0.00238251,-0.00410048,20.8331,0.0112324
4.2384,24.3043,24.12,0.184367,0.414512,2.48807,-0.00239339,-0.00409139,21.2126,0.0112521
4.24426,26.7687,26.1992,0.569453,0.460656,4.13143,-0.00240334,-0.00408234,21.6024,0.0112718
4.25012,28.9346,27.8353,1.09931,0.515536,5.31228,-0.00241242,-0.00407332,22.0027,0.0112915
4.25598,28.1309,26.9486,1.18228,0.58155,3.94834,-0.00242067,-0.00406435,22.4139,0.0113111
4.26185,26.6309,25.8119,0.819046,0.661989,2.30852,-0.00242812,-0.00405541,22.8365,0.0113307
4.26771,25.6352,25.4664,0.16886,0.761458,1.42925,-0.00243483,-0.0040465,23.2708,0.0113503
4.27357,25.5148,25.6208,-0.10592,0.886563,1.01209,-0.00244084,-0.00403764,23.7172,0.0113698
4.27943,25.8518,26.0645,-0.212713,1.04704,0.836329,-0.00244617,-0.00402881,24.1762,0.0113893
4.2853,26.4613,26.7311,-0.269879,1.25771,0.820353,-0.00245086,-0.00402002,24.6481,0.0114087
4.29116,27.2054,27.6504,-0.444942,1.54198,0.969835,-0.00245496,-0.00401126,25.1336,0.0114281
4.29702,28.3461,28.9527,-0.606601,1.93848,1.37629,-0.00245847,-0.00400254,25.6329,0.0114475
4.30288,30.2581,30.8234,-0.565289,2.51429,2.15734,-0.00246145,-0.00399386,26.1468,0.0114668
4.30874,32.2853,32.7898,-0.504514,3.39314,2.71607,-0.00246391,-0.00398521,26.6756,0.0114861
4.31461,33.7894,34.0507,-0.261321,4.81936,2.0064,-0.00246588,-0.0039766,27.2199,0.0115054
4.32047,35.2212,36.2541,-1.03285,7.30988,1.15885,-0.00246739,-0.00396802,27.7802,0.0115246
4.32633,38.8622,41.0409,-2.17869,11.989,0.689497,-0.00246845,-0.00395948,28.3573,0.0115438
4.33219,46.9535,50.1622,-3.20876,20.7604,0.445072,-0.0024691,-0.00395097,28.9516,0.0115629
4.33806,58.139,61.1315,-2.99249,31.2541,0.308325,-0.00246935,-0.0039425,29.5639,0.011582
4.34392,59.7962,58.2908,1.50545,27.8655,0.225367,-0.00246922,-0.00393407,30.1947,0.0116011
4.34978,49.4906,47.4358,2.05479,16.4142,0.171469,-0.00246874,-0.00392566,30.8449,0.0116201
4.35564,41.4617,40.89,0.571693,9.23527,0.134469,-0.00246792,-0.0039173,31.515,0.0116391
4.3615,37.6735,37.8982,-0.224668,5.57907,0.107927,-0.00246677,-0.00390896,32.2059,0.0116581
4.36737,36.1745,36.6455,-0.470974,3.63367,0.0882027,-0.00246532,-0.00390066,32.9183,0.011677
4.37323,35.9487,36.246,-0.297277,2.51449,0.0731163,-0.00246358,-0.00389239,33.653,0.0116959
4.37909,36.0864,36.3011,-0.214794,1.82352,0.0613004,-0.00246156,-0.00388416,34.411,0.0117147
4.38495,36.4936,36.6217,-0.128071,1.37152,0.051861,-0.00245929,-0.00387596,35.1929,0.0117335
4.39082,36.9843,37.1112,-0.126837,1.06168,0.0441931,-0.00245676,-0.00386779,35.9999,0.0117523
4.39668,37.7346,37.7171,0.0174641,0.841074,0.037875,-0.002454,-0.00385966,36.8327,0.0117711
4.40254,38.3675,38.4095,-0.0420464,0.67901,0.0326047,-0.00245102,-0.00385156,37.6924,0.0117898
4.4084,39.1575,39.1705,-0.0130176,0.556812,0.0281616,-0.00244782,-0.00384349,38.58,0.0118084
4.41426,39.8145,39.9891,-0.174669,0.462624,0.0243807,-0.00244442,-0.00383545,39.4966,0.0118271
4.42013,40.8775,40.8585,0.0189272,0.388652,0.0211369,-0.00244084,-0.00382745,40.4432,0.0118456
4.42599,41.88,41.7745,0.105565,0.329608,0.0183335,-0.00243707,-0.00381948,41.4209,0.0118642
4.43185,42.787,42.7343,0.0526162,0.281811,0.0158949,-0.00243314,-0.00381153,42.431,0.0118827
4.43771,43.819,43.7367,0.0823245,0.242638,0.0137613,-0.00242904,-0.00380363,43.4746,0.0119012
4.44358,44.8088,44.7807,0.0280576,0.21018,0.0118848,-0.00242479,-0.00379575,44.553,0.0119196
4.44944,45.8366,45.8664,-0.02972,0.183023,0.0102264,-0.00242039,-0.0037879,45.6674,0.011938
4.4553,46.9892,46.9938,-0.0045862,0.160104,0.00875453,-0.00241586,-0.00378009,46.8192,0.0119564
4.46116,48.0242,48.1635,-0.139211,0.140608,0.00744305,-0.0024112,-0.0037723,48.0096,0.0119747
4.46702,49.1832,49.3762,-0.193,0.123908,0.00627028,-0.00240641,-0.00376455,49.2402,0.011993
4.47289,50.6648,50.6328,0.0320351,0.109509,0.00521808,-0.00240151,-0.00375683,50.5122,0.0120113
4.47875,52.019,51.9343,0.0846527,0.0970221,0.0042712,-0.00239651,-0.00374913,51.8271,0.0120295
4.48461,53.3883,53.282,0.106324,0.0861351,0.00341672,-0.00239139,-0.00374147,53.1865,0.0120477
4.49047,54.9436,54.6769,0.26676,0.076596,0.00264363,-0.00238619,-0.00373384,54.5917,0.0120658
4.49634,56.2957,56.1204,0.175378,0.0682003,0.00194252,-0.00238089,-0.00372624,56.0442,0.0120839
4.5022,57.5811,57.6137,-0.0326141,0.0607798,0.00130529,-0.0023755,-0.00371866,57.5457,0.012102
4.50806,59.1616,59.1584,0.00324181,0.0541959,0.00072494,-0.00237003,-0.00371112,59.0974,0.0121201
4.51392,60.8998,60.7556,0.144249,0.0483333,0.000195393,-0.00236449,-0.00370361,60.701,0.012138
4.51979,62.6234,62.4068,0.216599,0.0430955,-0.000288643,-0.00235887,-0.00369612,62.3579,0.012156
4.52565,64.1773,64.1133,0.0640586,0.0384015,-0.000731798,-0.00235319,-0.00368867,64.0695,0.0121739
4.53151,66.0299,65.8764,0.153464,0.0341824,-0.00113813,-0.00234745,-0.00368124,65.8372,0.0121918
4.53737,67.8556,67.6974,0.158252,0.0303801,-0.00151123,-0.00234165,-0.00367384,67.6623,0.0122097
4.54323,69.5865,69.5774,0.00911669,0.0269447,-0.00185425,-0.00233579,-0.00366647,69.5461,0.0122275
4.5491,71.5963,71.5175,0.0787147,0.0238333,-0.00216998,-0.00232988,-0.00365913,71.4896,0.0122453
4.55496,73.5193,73.5187,0.000534522,0.0210092,-0.00246093,-0.00232392,-0.00365182,73.4939,0.012263
4.56082,75.5345,75.5818,-0.0473421,0.0184404,-0.00272931,-0.00231792,-0.00364454,75.5598,0.0122807
4.56668,77.7639,77.7074,0.0564928,0.0160993,-0.00297709,-0.00231188,-0.00363728,77.6879,0.0122984
4.57255,79.7984,79.8958,-0.0974184,0.0139617,-0.00320606,-0.0023058,-0.00363005,79.8787,0.012316
4.57841,82.3662,82.1472,0.218992,0.0120065,-0.00341781,-0.00229969,-0.00362285,82.1322,0.0123336
4.58427,84.6947,84.4615,0.233205,0.0102153,-0.00361375,-0.00229354,-0.00361568,84.4484,0.0123511
4.59013,86.8787,86.838,0.040706,0.00857175,-0.0037952,-0.00228737,-0.00360853,86.8268,0.0123687
4.59599,89.3604,89.276,0.0844005,0.00706146,-0.00396331,-0.00228116,-0.00360141,89.2664,0.0123861
4.60186,91.911,91.774,0.137008,0.00567174,-0.00411914,-0.00227494,-0.00359432,91.766,0.0124036
4.60772,94.5263,94.3302,0.196029,0.00439131,-0.00426364,-0.00226869,-0.00358726,94.3235,0.012421
4.61358,97.1024,96.9422,0.160188,0.00321012,-0.00439769,-0.00226242,-0.00358022,96.9368,0.0124384
4.61944,99.6313,99.6068,0.0244574,0.00211925,-0.00452207,-0.00225613,-0.00357321,99.6026,0.0124557
4.62531,102.37,102.32,0.0494064,0.00111068,-0.0046375,-0.00224983,-0.00356622,102.317,0.012473
4.63117,105.234,105.078,0.155519,0.000177256,-0.00474464,-0.00224352,-0.00355927,105.076,0.0124902
4.63703,107.976,107.876,0.0999741,-0.000687442,-0.0048441,-0.00223719,-0.00355233,107.874,0.0125075
4.64289,110.722,110.706,0.0160722,-0.0014892,-0.00493642,-0.00223085,-0.00354543,110.705,0.0125246
4.64875,113.641,113.561,0.0797004,-0.00223322,-0.0050221,-0.00222451,-0.00353855,113.562,0.0125418
4.65462,116.504,116.435,0.06872,-0.00292421,-0.00510162,-0.00221815,-0.00353169,116.436,0.0125589
4.66048,119.336,119.317,0.0190041,-0.00356643,-0.00517538,-0.0022118,-0.00352487,119.319,0.012576
4.66634,122.251,122.197,0.0531337,-0.00416372,-0.0052438,-0.00220543,-0.00351806,122.2,0.012593
4.6722,125.364,125.065,0.298798,-0.00471957,-0.00530722,-0.00219907,-0.00351129,125.068,0.01261
4.67807,127.991,127.907,0.0832178,-0.00523718,-0.00536597,-0.00219271,-0.00350453,127.911,0.012627
4.68393,130.602,130.711,-0.109053,-0.00571944,-0.00542038,-0.00218634,-0.00349781,130.716,0.0126439
4.68979,133.448,133.463,-0.0151044,-0.00616897,-0.00547071,-0.00217998,-0.0034911,133.467,0.0126608
4.69565,136.235,136.146,0.0890722,-0.00658819,-0.00551724,-0.00217362,-0.00348443,136.151,0.0126776
4.70151,138.752,138.746,0.00616111,-0.0069793,-0.0055602,-0.00216727,-0.00347778,138.752,0.0126944
4.70738,140.989,141.246,-0.257238,-0.00734432,-0.00559982,-0.00216092,-0.00347115,141.252,0.0127112
4.71324,143.539,143.629,-0.0899111,-0.00768509,-0.00563632,-0.00215457,-0.00346454,143.635,0.012728
4.7191,145.793,145.877,-0.0839192,-0.00800332,-0.00566988,-0.00214824,-0.00345796,145.884,0.0127447
4.72496,147.722,147.975,-0.252758,-0.00830055,-0.00570068,-0.00214191,-0.00345141,147.981,0.0127613
4.73083,149.855,149.904,-0.0483639,-0.00857823,-0.00572891,-0.00213559,-0.00344488,149.911,0.012778
4.73669,151.656,151.649,0.00735771,-0.00883768,-0.0057547,-0.00212928,-0.00343837,151.656,0.0127945
4.74255,153.036,153.194,-0.157813,-0.00908011,-0.00577821,-0.00212298,-0.00343189,153.202,0.0128111
4.74841,154.437,154.526,-0.0890684,-0.00930665,-0.00579958,-0.00211669,-0.00342543,154.534,0.0128276
4.75427,155.539,155.631,-0.0921777,-0.00951833,-0.00581892,-0.00211041,-0.00341899,155.639,0.0128441
4.76014,156.378,156.499,-0.121612,-0.00971613,-0.00583637,-0.00210415,-0.00341258,156.507,0.0128605
4.766,157.064,157.121,-0.057499,-0.00990092,-0.00585203,-0.0020979,-0.00340619,157.13,0.0128769
4.77186,157.279,157.49,-0.211087,-0.0100735,-0.00586601,-0.00209166,-0.00339983,157.499,0.0128933
4.77772,157.515,157.603,-0.0871433,-0.0102347,-0.0058784,-0.00208544,-0.00339348,157.611,0.0129096
4.78359,157.318,157.456,-0.137559,-0.0103852,-0.00588929,-0.00207924,-0.00338716,157.465,0.0129259
4.78945,157.079,157.051,0.0277623,-0.0105257,-0.00589878,-0.00207304,-0.00338087,157.06,0.0129422
4.79531,156.255,156.392,-0.137217,-0.0106567,-0.00590693,-0.00206687,-0.00337459,156.401,0.0129584
4.80117,155.478,155.484,-0.0059953,-0.0107789,-0.00591383,-0.00206071,-0.00336834,155.493,0.0129746
4.80703,154.27,154.334,-0.0643752,-0.0108928,-0.00591955,-0.00205457,-0.00336211,154.344,0.0129908
4.8129,152.921,152.954,-0.0328285,-0.0109988,-0.00592415,-0.00204845,-0.00335591,152.964,0.0130069
4.81876,151.485,151.356,0.128949,-0.0110974,-0.0059277,-0.00204234,-0.00334972,151.365,0.0130229
4.82462,149.5,149.552,-0.0523549,-0.0111892,-0.00593025,-0.00203626,-0.00334356,149.562,0.013039
4.83048,147.483,147.559,-0.0761805,-0.0112744,-0.00593186,-0.00203019,-0.00333742,147.568,0.013055
4.83635,145.437,145.392,0.0453278,-0.0113534,-0.00593259,-0.00202414,-0.0033313,145.402,0.0130709
4.84221,142.982,143.068,-0.0858255,-0.0114267,-0.00593247,-0.00201811,-0.0033252,143.078,0.0130869
4.84807,140.558,140.605,-0.047449,-0.0114944,-0.00593156,-0.0020121,-0.00331913,140.615,0.0131027
4.85393,137.855,138.02,-0.165603,-0.0115571,-0.0059299,-0.00200611,-0.00331308,138.03,0.0131186
4.85979,135.328,135.331,-0.00232158,-0.0116148,-0.00592754,-0.00200014,-0.00330704,135.34,0.0131344
4.86566,132.507,132.553,-0.0464973,-0.011668,-0.00592451,-0.0019942,-0.00330103,132.563,0.0131502
4.87152,129.662,129.705,-0.042959,-0.0117168,-0.00592084,-0.00198827,-0.00329504,129.715,0.0131659
4.87738,126.725,126.802,-0.0761108,-0.0117615,-0.00591658,-0.00198236,-0.00328908,126.811,0.0131816
4.88324,123.803,123.858,-0.0550549,-0.0118024,-0.00591175,-0.00197648,-0.00328313,123.867,0.0131973
4.88911,120.776,120.887,-0.111393,-0.0118396,-0.00590639,-0.00197062,-0.0032772,120.897,0.0132129
4.89497,118.029,117.903,0.125552,-0.0118733,-0.00590052,-0.00196477,-0.0032713,117.913,0.0132285
4.90083,114.999,114.918,0.0810915,-0.0119037,-0.00589418,-0.00195895,-0.00326541,114.928,0.0132441
4.90669,111.892,111.942,-0.0495835,-0.0119311,-0.00588739,-0.00195316,-0.00325955,111.951,0.0132596
4.91255,108.935,108.984,-0.0491129,-0.0119555,-0.00588017,-0.00194738,-0.00325371,108.994,0.0132751
4.91842,106.128,106.054,0.0735397,-0.0119771,-0.00587255,-0.00194163,-0.00324788,106.064,0.0132905
4.92428,103.198,103.159,0.0390133,-0.0119962,-0.00586455,-0.0019359,-0.00324208,103.169,0.0133059
4.93014,100.441,100.306,0.135123,-0.0120127,-0.0058562,-0.00193019,-0.0032363,100.316,0.0133213
4.936,97.6952,97.4999,0.19533,-0.0120268,-0.0058475,-0.0019245,-0.00323053,97.5096,0.0133366
4.94187,94.9246,94.7459,0.178696,-0.0120388,-0.00583849,-0.00191884,-0.00322479,94.7556,0.0133519
4.94773,92.1709,92.048,0.122943,-0.0120486,-0.00582917,-0.0019132,-0.00321907,92.0576,0.0133672
4.95359,89.4039,89.4093,-0.00542963,-0.0120564,-0.00581957,-0.00190758,-0.00321337,89.4189,0.0133824
4.95945,86.9467,86.8325,0.114184,-0.0120624,-0.00580971,-0.00190199,-0.00320768,86.8421,0.0133976
4.96532,84.2092,84.3195,-0.110217,-0.0120665,-0.00579959,-0.00189642,-0.00320202,84.329,0.0134127
4.97118,81.9775,81.8716,0.105837,-0.0120689,-0.00578923,-0.00189087,-0.00319638,81.8811,0.0134278
4.97704,79.6495,79.4899,0.159591,-0.0120697,-0.00577865,-0.00188535,-0.00319075,79.4994,0.0134429
4.9829,77.1899,77.1748,0.0150376,-0.012069,-0.00576786,-0.00187985,-0.00318515,77.1843,0.013458
4.98876,74.861,74.9264,-0.0654423,-0.0120668,-0.00575687,-0.00187437,-0.00317956,74.9358,0.013473
4.99463,72.7984,72.7446,0.0538301,-0.0120632,-0.00574569,-0.00186892,-0.00317399,72.7539,0.0134879
5.00049,70.7446,70.6287,0.115832,-0.0120583,-0.00573434,-0.00186348,-0.00316845,70.6381,0.0135028
5.00635,68.7292,68.5782,0.150968,-0.0120522,-0.00572283,-0.00185808,-0.00316292,68.5875,0.0135177
5.01221,66.5979,66.592,0.00589083,-0.012045,-0.00571116,-0.00185269,-0.00315741,66.6013,0.0135326
5.01808,64.6496,64.6691,-0.0194847,-0.0120366,-0.00569935,-0.00184733,-0.00315192,64.6783,0.0135474
5.02394,63.0058,62.8082,0.197608,-0.0120271,-0.00568741,-0.00184199,-0.00314644,62.8173,0.0135622
5.0298,61.1871,61.0079,0.179149,-0.0120167,-0.00567534,-0.00183668,-0.00314099,61.017,0.0135769
5.03566,59.3462,59.2669,0.0793304,-0.0120053,-0.00566315,-0.00183139,-0.00313555,59.2759,0.0135916
5.04152,57.5549,57.5835,-0.0286929,-0.011993,-0.00565085,-0.00182612,-0.00313014,57.5925,0.0136063
5.04739,56.0241,55.9563,0.067811,-0.0119798,-0.00563845,-0.00182088,-0.00312474,55.9653,0.0136209
5.05325,54.3245,54.3837,-0.0591356,-0.0119659,-0.00562596,-0.00181565,-0.00311936,54.3926,0.0136355
5.05911,53.1173,52.8639,0.253427,-0.0119511,-0.00561338,-0.00181046,-0.00311399,52.8727,0.0136501
5.06497,51.4027,51.3954,0.00727113,-0.0119357,-0.00560072,-0.00180528,-0.00310865,51.4042,0.0136646
5.07084,50.0111,49.9766,0.0344879,-0.0119196,-0.00558798,-0.00180013,-0.00310332,49.9854,0.0136791
5.0767,48.6662,48.6059,0.0603157,-0.0119028,-0.00557518,-0.001795,-0.00309801,48.6146,0.0136935
5.08256,47.2939,47.2816,0.012347,-0.0118854,-0.00556231,-0.0017899,-0.00309272,47.2902,0.0137079
5.08842,45.8836,46.0021,-0.118569,-0.0118674,-0.00554939,-0.00178481,-0.00308745,46.0107,0.0137223
5.09428,44.7928,44.766,0.0268129,-0.0118489,-0.00553641,-0.00177976,-0.00308219,44.7745,0.0137366
5.10015,43.6572,43.5717,0.0855523,-0.0118299,-0.00552339,-0.00177472,-0.00307695,43.5801,0.0137509
5.10601,42.5564,42.4177,0.138763,-0.0118104,-0.00551033,-0.00176971,-0.00307173,42.4261,0.0137652
5.11187,41.3037,41.3025,0.00119196,-0.0117904,-0.00549722,-0.00176471,-0.00306653,41.3109,0.0137794
5.11773,40.1669,40.2248,-0.0579348,-0.0117699,-0.00548409,-0.00175975,-0.00306134,40.2331,0.0137936
5.1236,39.2141,39.1832,0.0308993,-0.0117491,-0.00547092,-0.0017548,-0.00305617,39.1914,0.0138077
5.12946,38.2253,38.1764,0.0489363,-0.0117279,-0.00545773,-0.00174988,-0.00305102,38.1845,0.0138219
5.13532,37.1946,37.203,-0.00838241,-0.0117063,-0.00544451,-0.00174498,-0.00304588,37.2111,0.0138359
5.14118,36.2369,36.2619,-0.0249761,-0.0116843,-0.00543128,-0.0017401,-0.00304077,36.2699,0.01385
5.14704,35.2651,35.3518,-0.0867432,-0.011662,-0.00541803,-0.00173525,-0.00303566,35.3598,0.013864
5.15291,34.4788,34.4716,0.00719471,-0.0116395,-0.00540477,-0.00173041,-0.00303058,34.4795,0.0138779
5.15877,33.6079,33.6201,-0.0121961,-0.0116166,-0.0053915,-0.0017256,-0.00302551,33.628,0.0138919
5.16463,32.7085,32.7963,-0.0878469,-0.0115935,-0.00537823,-0.00172081,-0.00302046,32.8041,0.0139057
5.17049,32.0388,31.9992,0.0395641,-0.0115701,-0.00536495,-0.00171605,-0.00301542,32.0069,0.0139196
5.17636,31.2877,31.2277,0.0600557,-0.0115465,-0.00535167,-0.0017113,-0.00301041,31.2354,0.0139334
5.18222,30.4881,30.4809,0.00726659,-0.0115226,-0.0053384,-0.00170658,-0.0030054,30.4885,0.0139472
5.18808,29.8147,29.7578,0.0568745,-0.0114986,-0.00532513,-0.00170188,-0.00300042,29.7654,0.0139609
5.19394,28.9652,29.0576,-0.0924017,-0.0114744,-0.00531186,-0.0016972,-0.00299545,29.0651,0.0139746
5.1998,28.3434,28.3794,-0.0359865,-0.0114499,-0.0052986,-0.00169255,-0.00299049,28.3869,0.0139883
5.20567,27.6637,27.7224,-0.0587558,-0.0114254,-0.00528536,-0.00168791,-0.00298556,27.7298,0.0140019
5.21153,26.9473,27.0859,-0.138593,-0.0114006,-0.00527213,-0.0016833,-0.00298063,27.0932,0.0140155
5.21739,26.3419,26.4689,-0.12699,-0.0113757,-0.00525891,-0.0016787,-0.00297573,26.4762,0.0140291
5.22325,25.8036,25.8709,-0.0673167,-0.0113507,-0.00524571,-0.00167413,-0.00297084,25.8781,0.0140426
5.22912,25.1925,25.2911,-0.0986727,-0.0113256,-0.00523252,-0.00166958,-0.00296596,25.2983,0.0140561
5.23498,24.7588,24.7289,0.0298843,-0.0113004,-0.00521936,-0.00166505,-0.00296111,24.736,0.0140695
5.24084,24.1137,24.1836,-0.0699012,-0.011275,-0.00520622,-0.00166055,-0.00295626,24.1906,0.0140829
5.2467,23.5925,23.6546,-0.062097,-0.0112496,-0.0051931,-0.00165606,-0.00295144,23.6615,0.0140963
5.25256,23.11,23.1413,-0.0312866,-0.0112241,-0.00518,-0.00165159,-0.00294662,23.1482,0.0141096
5.25843,22.5857,22.6431,-0.0574417,-0.0111985,-0.00516693,-0.00164715,-0.00294183,22.65,0.0141229
5.26429,22.2004,22.1596,0.0408671,-0.0111728,-0.00515389,-0.00164273,-0.00293705,22.1663,0.0141362
5.27015,21.5635,21.6901,-0.126569,-0.0111471,-0.00514088,-0.00163832,-0.00293228,21.6968,0.0141494
5.27601,21.2881,21.2342,0.05392,-0.0111213,-0.00512789,-0.00163394,-0.00292753,21.2408,0.0141626
5.28188,20.7681,20.7913,-0.0232194,-0.0110955,-0.00511494,-0.00162957,-0.00292279,20.7979,0.0141758
5.28774,20.3885,20.3611,0.0273806,-0.0110697,-0.00510201,-0.00162523,-0.00291807,20.3677,0.0141889
5.2936,19.9512,19.9431,0.00807437,-0.0110438,-0.00508912,-0.00162091,-0.00291337,19.9496,0.0142019
5.29946,19.466,19.5369,-0.0709039,-0.0110179,-0.00507626,-0.00161661,-0.00290868,19.5433,0.014215
5.30532,19.208,19.142,0.0660602,-0.0109919,-0.00506344,-0.00161232,-0.002904,19.1483,0.014228
5.31119,18.8467,18.758,0.0886823,-0.010966,-0.00505065,-0.00160806,-0.00289934,18.7643,0.014241
5.31705,18.4736,18.3846,0.08892,-0.0109401,-0.0050379,-0.00160382,-0.00289469,18.3909,0.0142539
5.32291,18.1551,18.0215,0.13356,-0.0109141,-0.00502518,-0.0015996,-0.00289006,18.0277,0.0142668
5.32877,17.6926,17.6682,0.0243443,-0.0108881,-0.0050125,-0.00159539,-0.00288544,17.6743,0.0142796
5.33464,17.2448,17.3245,-0.0797153,-0.0108622,-0.00499986,-0.00159121,-0.00288084,17.3305,0.0142924
5.3405,17.145,16.99,0.155065,-0.0108363,-0.00498725,-0.00158704,-0.00287625,16.996,0.0143052
5.34636,16.6843,16.6644,0.0199777,-0.0108103,-0.00497469,-0.0015829,-0.00287168,16.6703,0.014318
5.35222,16.2173,16.3474,-0.130021,-0.0107844,-0.00496216,-0.00157877,-0.00286712,16.3532,0.0143307
5.35809,15.8777,16.0387,-0.161022,-0.0107586,-0.00494968,-0.00157467,-0.00286257,16.0445,0.0143433
5.36395,15.6155,15.7381,-0.122566,-0.0107327,-0.00493723,-0.00157058,-0.00285804,15.7438,0.014356
5.36981,15.3629,15.4453,-0.0823455,-0.0107069,-0.00492482,-0.00156651,-0.00285352,15.4509,0.0143686
5.37567,15.1402,15.16,-0.0197341,-0.0106811,-0.00491246,-0.00156246,-0.00284902,15.1656,0.0143811
5.38153,14.8383,14.882,-0.0436484,-0.0106553,-0.00490014,-0.00155843,-0.00284453,14.8875,0.0143936
5.3874,14.4319,14.611,-0.179094,-0.0106296,-0.00488786,-0.00155441,-0.00284005,14.6165,0.0144061
5.39326,14.3563,14.3469,0.00937081,-0.0106039,-0.00487562,-0.00155042,-0.00283559,14.3524,0.0144186
5.39912,14.0417,14.0895,-0.0477558,-0.0105783,-0.00486343,-0.00154644,-0.00283114,14.0948,0.014431
5.40498,13.8659,13.8384,0.0275103,-0.0105527,-0.00485128,-0.00154249,-0.00282671,13.8437,0.0144433
5.41085,13.4878,13.5935,-0.105688,-0.0105272,-0.00483917,-0.00153855,-0.00282229,13.5988,0.0144557
5.41671,13.3879,13.3547,0.0332612,-0.0105017,-0.0048271,-0.00153462,-0.00281788,13.3599,0.014468
5.42257,13.0527,13.1216,-0.0689368,-0.0104763,-0.00481508,-0.00153072,-0.00281349,13.1268,0.0144802
5.42843,12.8957,12.8942,0.00140727,-0.0104509,-0.00480311,-0.00152683,-0.00280911,12.8993,0.0144925
5.43429,12.7026,12.6723,0.0303008,-0.0104256,-0.00479117,-0.00152297,-0.00280474,12.6774,0.0145046
5.44016,12.5106,12.4557,0.054893,-0.0104003,-0.00477928,-0.00151912,-0.00280039,12.4607,0.0145168
5.44602,12.2075,12.2443,-0.0367679,-0.0103751,-0.00476744,-0.00151528,-0.00279605,12.2492,0.0145289
5.45188,12.1438,12.0378,0.105983,-0.01035,-0.00475564,-0.00151147,-0.00279172,12.0427,0.014541
5.45774,11.821,11.8362,-0.0151981,-0.0103249,-0.00474389,-0.00150767,-0.00278741,11.841,0.014553
5.46361,11.6321,11.6393,-0.00718373,-0.0102999,-0.00473218,-0.00150389,-0.00278311,11.644,0.014565
5.46947,11.5776,11.4469,0.13064,-0.010275,-0.00472051,-0.00150013,-0.00277882,11.4516,0.014577
5.47533,11.1589,11.259,-0.100066,-0.0102501,-0.00470889,-0.00149638,-0.00277454,11.2636,0.0145889
5.48119,11.1814,11.0753,0.106013,-0.0102253,-0.00469732,-0.00149265,-0.00277028,11.0799,0.0146008
5.48705,10.9433,10.8959,0.0473941,-0.0102006,-0.00468579,-0.00148894,-0.00276603,10.9004,0.0146127
5.49292,10.7663,10.7204,0.0458521,-0.010176,-0.00467431,-0.00148525,-0.0027618,10.7249,0.0146245
5.49878,10.5444,10.549,-0.00458462,-0.0101514,-0.00466287,-0.00148157,-0.00275757,10.5534,0.0146363
5.50464,10.4117,10.3813,0.0304231,-0.0101269,-0.00465147,-0.00147791,-0.00275336,10.3857,0.014648
5.5105,10.2547,10.2173,0.0373257,-0.0101025,-0.00464013,-0.00147426,-0.00274917,10.2216,0.0146597
5.51637,10.099,10.057,0.0420167,-0.0100782,-0.00462882,-0.00147063,-0.00274498,10.0612,0.0146714
5.52223,10.0409,9.90016,0.14076,-0.0100539,-0.00461757,-0.00146702,-0.00274081,9.90435,0.014683
5.52809,9.88526,9.74673,0.13853,-0.0100297,-0.00460635,-0.00146342,-0.00273665,9.75087,0.0146946
5.53395,9.71416,9.59662,0.11754,-0.0100056,-0.00459519,-0.00145984,-0.0027325,9.6007,0.0147062
5.53981,9.47645,9.44972,0.0267259,-0.00998159,-0.00458406,-0.00145628,-0.00272836,9.45376,0.0147177
5.54568,9.26691,9.30597,-0.0390624,-0.00995765,-0.00457299,-0.00145273,-0.00272424,9.30995,0.0147292
5.55154,9.14206,9.16526,-0.0231964,-0.00993379,-0.00456196,-0.0014492,-0.00272013,9.16918,0.0147406
5.5574,9.13102,9.02752,0.103504,-0.00991001,-0.00455097,-0.00144568,-0.00271603,9.03139,0.014752
5.56326,8.7984,8.89266,-0.0942695,-0.00988632,-0.00454003,-0.00144218,-0.00271194,8.89648,0.0147634
5.56913,8.76151,8.76062,0.000895067,-0.00986271,-0.00452913,-0.0014387,-0.00270787,8.76438,0.0147747
5.57499,8.65301,8.63131,0.0217056,-0.00983918,-0.00451828,-0.00143523,-0.00270381,8.63502,0.014786
5.58085,8.65141,8.50466,0.146749,-0.00981574,-0.00450747,-0.00143178,-0.00269976,8.50832,0.0147973
5.58671,8.48123,8.3806,0.10063,-0.00979238,-0.00449671,-0.00142834,-0.00269572,8.38421,0.0148085
5.59257,8.42602,8.25907,0.166949,-0.0097691,-0.00448599,-0.00142491,-0.00269169,8.26262,0.0148197
5.59844,8.03217,8.13999,-0.107823,-0.00974592,-0.00447532,-0.00142151,-0.00268768,8.14349,0.0148309
5.6043,7.9982,8.02331,-0.025106,-0.00972281,-0.00446469,-0.00141811,-0.00268367,8.02676,0.014842
5.61016,7.82384,7.90896,-0.0851202,-0.0096998,-0.0044541,-0.00141474,-0.00267968,7.91236,0.014853
5.61602,7.68519,7.79688,-0.111698,-0.00967687,-0.00444356,-0.00141137,-0.0026757,7.80023,0.0148641
5.62189,7.63939,7.68702,-0.0476345,-0.00965402,-0.00443307,-0.00140802,-0.00267174,7.69031,0.0148751
5.62775,7.49394,7.57932,-0.0853773,-0.00963126,-0.00442261,-0.00140469,-0.00266778,7.58256,0.014886
5.63361,7.4362,7.47372,-0.0375189,-0.00960859,-0.00441221,-0.00140137,-0.00266383,7.47691,0.014897
5.63947,7.25677,7.37017,-0.1134,-0.00958601,-0.00440184,-0.00139807,-0.0026599,7.37331,0.0149079
5.64533,7.30127,7.26862,0.0326467,-0.00956351,-0.00439152,-0.00139478,-0.00265598,7.27171,0.0149187
5.6512,7.36064,7.16903,0.19161,-0.0095411,-0.00438124,-0.0013915,-0.00265207,7.17206,0.0149295
5.65706,7.22702,7.07133,0.155687,-0.00951877,-0.004371,-0.00138824,-0.00264817,7.07432,0.0149403
5.66292,7.11215,6.9755,0.136659,-0.00949654,-0.00436081,-0.001385,-0.00264428,6.97843,0.0149511
5.66878,6.93087,6.88147,0.0494022,-0.00947439,-0.00435066,-0.00138176,-0.00264041,6.88435,0.0149618
5.67465,6.90369,6.78921,0.114482,-0.00945232,-0.00434055,-0.00137855,-0.00263654,6.79204,0.0149724
5.68051,6.71707,6.69867,0.0184065,-0.00943035,-0.00433049,-0.00137534,-0.00263269,6.70145,0.0149831
5.68637,6.62325,6.60981,0.0134386,-0.00940846,-0.00432047,-0.00137215,-0.00262884,6.61255,0.0149937
5.69223,6.50791,6.5226,-0.0146856,-0.00938665,-0.00431049,-0.00136897,-0.00262501,6.52529,0.0150042
5.69809,6.44061,6.43699,0.00361769,-0.00936494,-0.00430055,-0.00136581,-0.00262119,6.43963,0.0150147
5.70396,6.24765,6.35294,-0.105295,-0.00934331,-0.00429065,-0.00136266,-0.00261738,6.35553,0.0150252
5.70982,6.36634,6.27043,0.0959154,-0.00932177,-0.0042808,-0.00135953,-0.00261358,6.27297,0.0150357
5.71568,6.1634,6.1894,-0.0260053,-0.00930031,-0.00427099,-0.00135641,-0.00260979,6.1919,0.0150461
5.72154,6.15336,6.10984,0.0435242,-0.00927894,-0.00426122,-0.0013533,-0.00260602,6.11228,0.0150565
5.72741,6.11513,6.0317,0.0834321,-0.00925766,-0.00425149,-0.0013502,-0.00260225,6.03409,0.0150668
5.73327,5.96407,5.95495,0.00912253,-0.00923646,-0.0042418,-0.00134712,-0.00259849,5.95729,0.0150771
5.73913,6.06665,5.87956,0.187095,-0.00921535,-0.00423215,-0.00134405,-0.00259475,5.88186,0.0150874
5.74499,6.04421,5.80549,0.238718,-0.00919432,-0.00422254,-0.001341,-0.00259101,5.80775,0.0150976
5.75085,5.80177,5.73273,0.0690374,-0.00917338,-0.00421297,-0.00133795,-0.00258729,5.73493,0.0151078
5.75672,5.65269,5.66123,-0.00854449,-0.00915252,-0.00420345,-0.00133492,-0.00258358,5.66339,0.0151179
5.76258,5.62432,5.59098,0.0333372,-0.00913175,-0.00419396,-0.00133191,-0.00257987,5.59309,0.015128
5.76844,5.57684,5.52194,0.0549002,-0.00911107,-0.00418452,-0.0013289,-0.00257618,5.524,0.0151381
5.7743,5.49583,5.45408,0.0417491,-0.00909047,-0.00417511,-0.00132591,-0.0025725,5.4561,0.0151482
5.78017,5.38927,5.38738,0.00188281,-0.00906995,-0.00416574,-0.00132294,-0.00256883,5.38935,0.0151582
5.78603,5.23903,5.32182,-0.0827904,-0.00904952,-0.00415641,-0.00131997,-0.00256517,5.32374,0.0151681
5.79189,5.39786,5.25737,0.140493,-0.00902917,-0.00414713,-0.00131702,-0.00256151,5.25924,0.0151781
5.79775,5.08064,5.194,-0.11336,-0.0090089,-0.00413788,-0.00131408,-0.00255787,5.19583,0.0151879
5.80362,4.93873,5.13169,-0.192958,-0.00898872,-0.00412867,-0.00131115,-0.00255424,5.13347,0.0151978
5.80948,4.93788,5.07042,-0.132544,-0.00896862,-0.0041195,-0.00130823,-0.00255062,5.07216,0.0152076
5.81534,4.9086,5.01017,-0.101563,-0.00894861,-0.00411036,-0.00130533,-0.00254701,5.01186,0.0152174
5.8212,4.80133,4.95091,-0.149572,-0.00892867,-0.00410127,-0.00130244,-0.00254341,4.95256,0.0152271
5.82706,4.83696,4.89262,-0.055661,-0.00890882,-0.00409221,-0.00129956,-0.00253982,4.89422,0.0152368
5.83293,4.83711,4.83529,0.00182259,-0.00888905,-0.00408319,-0.00129669,-0.00253624,4.83685,0.0152465
5.83879,4.91965,4.77889,0.140768,-0.00886936,-0.00407421,-0.00129384,-0.00253267,4.7804,0.0152561
5.84465,4.57504,4.7234,-0.148358,-0.00884976,-0.00406527,-0.00129099,-0.00252911,4.72487,0.0152657
5.85051,4.67189,4.6688,0.003091,-0.00883023,-0.00405637,-0.00128816,-0.00252556,4.67023,0.0152753
5.85638,4.72822,4.61508,0.113131,-0.00881079,-0.0040475,-0.00128534,-0.00252202,4.61647,0.0152848
5.86224,4.52523,4.56222,-0.0369968,-0.00879143,-0.00403867,-0.00128253,-0.00251849,4.56356,0.0152943
5.8681,4.44794,4.5102,-0.0622628,-0.00877214,-0.00402987,-0.00127974,-0.00251497,4.51149,0.0153038
5.87396,4.25861,4.459,-0.200392,-0.00875294,-0.00402111,-0.00127695,-0.00251146,4.46025,0.0153132
5.87982,4.43693,4.4086,0.0283303,-0.00873381,-0.00401239,-0.00127418,-0.00250796,4.40981,0.0153225
5.88569,4.53056,4.359,0.17156,-0.00871477,-0.00400371,-0.00127142,-0.00250446,4.36016,0.0153319
5.89155,4.2843,4.31017,-0.0258712,-0.0086958,-0.00399506,-0.00126867,-0.00250098,4.31129,0.0153412
5.89741,4.19207,4.26209,-0.0700239,-0.00867691,-0.00398645,-0.00126593,-0.00249751,4.26317,0.0153504
5.90327,4.06997,4.21476,-0.144792,-0.0086581,-0.00397787,-0.0012632,-0.00249404,4.21579,0.0153597
5.90914,4.24169,4.16815,0.0735379,-0.00863937,-0.00396933,-0.00126049,-0.00249059,4.16914,0.0153689
5.915,4.29743,4.12226,0.175171,-0.00862072,-0.00396082,-0.00125778,-0.00248715,4.12321,0.015378
5.92086,4.10038,4.07707,0.0233123,-0.00860214,-0.00395235,-0.00125509,-0.00248371,4.07798,0.0153871
5.92672,3.91207,4.03256,-0.120492,-0.00858364,-0.00394392,-0.0012524,-0.00248029,4.03343,0.0153962
5.93258,3.83504,3.98873,-0.153684,-0.00856522,-0.00393551,-0.00124973,-0.00247687,3.98955,0.0154052
5.93845,4.08993,3.94555,0.144377,-0.00854687,-0.00392715,-0.00124707,-0.00247346,3.94633,0.0154142
5.94431,4.16231,3.90302,0.259287,-0.0085286,-0.00391882,-0.00124442,-0.00247006,3.90376,0.0154232
5.95017,3.93721,3.86112,0.0760921,-0.0085104,-0.00391052,-0.00124178,-0.00246668,3.86182,0.0154321
5.95603,3.88328,3.81985,0.0634316,-0.00849228,-0.00390226,-0.00123915,-0.0024633,3.8205,0.015441
5.9619,3.83071,3.77918,0.0515313,-0.00847423,-0.00389403,-0.00123653,-0.00245993,3.77979,0.0154499
5.96776,3.84561,3.73911,0.106503,-0.00845626,-0.00388583,-0.00123392,-0.00245657,3.73969,0.0154587
5.97362,3.68001,3.69963,-0.0196148,-0.00843836,-0.00387767,-0.00123132,-0.00245321,3.70016,0.0154675
5.97948,3.51304,3.66072,-0.147682,-0.00842054,-0.00386954,-0.00122874,-0.00244987,3.66121,0.0154762
5.98534,3.66428,3.62238,0.0419007,-0.00840278,-0.00386144,-0.00122616,-0.00244654,3.62283,0.0154849
5.99121,3.53429,3.58459,-0.0503017,-0.00838511,-0.00385338,-0.00122359,-0.00244321,3.585,0.0154936
5.99707,3.66945,3.54735,0.1221,-0.0083675,-0.00384535,-0.00122104,-0.0024399,3.54772,0.0155022
6.00293,3.74552,3.51064,0.234884,-0.00834997,-0.00383736,-0.00121849,-0.00243659,3.51097,0.0155108
6.00879,3.41354,3.47445,-0.0609059,-0.0083325,-0.00382939,-0.00121596,-0.00243329,3.47474,0.0155194
6.01466,3.47577,3.43877,0.0370001,-0.00831511,-0.00382146,-0.00121343,-0.00243,3.43903,0.0155279
6.02052,3.36247,3.40361,-0.0411355,-0.0082978,-0.00381356,-0.00121091,-0.00242672,3.40382,0.0155364
6.02638,3.29551,3.36893,-0.0734257,-0.00828055,-0.00380569,-0.00120841,-0.00242345,3.3691,0.0155449
6.03224,3.24707,3.33474,-0.0876737,-0.00826337,-0.00379786,-0.00120591,-0.00242018,3.33488,0.0155533
6.0381,3.1434,3.30103,-0.157632,-0.00824626,-0.00379005,-0.00120343,-0.00241693,3.30113,0.0155616
6.04397,3.29455,3.26779,0.0267545,-0.00822922,-0.00378228,-0.00120095,-0.00241368,3.26785,0.01557
6.04983,3.25863,3.23501,0.023623,-0.00821226,-0.00377454,-0.00119848,-0.00241045,3.23503,0.0155783
6.05569,3.20925,3.20268,0.00656299,-0.00819536,-0.00376683,-0.00119603,-0.00240722,3.20266,0.0155865
6.06155,3.3442,3.1708,0.173403,-0.00817853,-0.00375915,-0.00119358,-0.002404,3.17074,0.0155948
6.06742,3.11381,3.13935,-0.0255435,-0.00816176,-0.0037515,-0.00119114,-0.00240079,3.13925,0.015603
6.07328,3.08134,3.10833,-0.0269954,-0.00814507,-0.00374388,-0.00118872,-0.00239758,3.10819,0.0156111
6.07914,3.14541,3.07773,0.0676794,-0.00812844,-0.00373629,-0.0011863,-0.00239439,3.07756,0.0156192
6.085,3.05333,3.04755,0.00578437,-0.00811188,-0.00372874,-0.00118389,-0.0023912,3.04734,0.0156273
6.09086,3.02836,3.01777,0.0105916,-0.00809539,-0.00372121,-0.00118149,-0.00238802,3.01752,0.0156353
6.09673,3.20103,2.98839,0.212645,-0.00807897,-0.00371371,-0.0011791,-0.00238485,2.9881,0.0156434
6.10259,2.90218,2.9594,-0.0572185,-0.00806261,-0.00370625,-0.00117672,-0.00238169,2.95908,0.0156513
6.10845,2.88196,2.9308,-0.0488406,-0.00804632,-0.00369881,-0.00117435,-0.00237854,2.93044,0.0156593
6.11431,3.00466,2.90258,0.102082,-0.00803009,-0.0036914,-0.00117199,-0.0023754,2.90218,0.0156671
6.12018,2.92808,2.87473,0.0533508,-0.00801393,-0.00368402,-0.00116963,-0.00237226,2.87429,0.015675
6.12604,2.98103,2.84724,0.133782,-0.00799783,-0.00367667,-0.00116729,-0.00236913,2.84677,0.0156828
6.1319,2.87193,2.82012,0.0518055,-0.0079818,-0.00366935,-0.00116495,-0.00236601,2.81961,0.0156906
6.13776,2.79998,2.79335,0.00663242,-0.00796583,-0.00366206,-0.00116263,-0.0023629,2.79281,0.0156983
6.14362,2.70114,2.76693,-0.0657835,-0.00794992,-0.0036548,-0.00116031,-0.00235979,2.76635,0.0157061
6.14949,2.70552,2.74085,-0.0353304,-0.00793408,-0.00364756,-0.001158,-0.0023567,2.74023,0.0157137
6.15535,2.70161,2.7151,-0.0134926,-0.00791831,-0.00364036,-0.0011557,-0.00235361,2.71445,0.0157214
6.16121,2.4928,2.68969,-0.196889,-0.00790259,-0.00363318,-0.00115341,-0.00235053,2.689,0.015729
6.16707,2.66987,2.6646,0.00526874,-0.00788694,-0.00362603,-0.00115113,-0.00234746,2.66388,0.0157365
6.17294,2.62064,2.63983,-0.0191921,-0.00787135,-0.00361891,-0.00114886,-0.00234439,2.63907,0.015744
6.1788,2.51114,2.61538,-0.104239,-0.00785582,-0.00361182,-0.00114659,-0.00234134,2.61458,0.0157515
6.18466,2.49931,2.59124,-0.0919243,-0.00784035,-0.00360475,-0.00114434,-0.00233829,2.5904,0.015759
6.19052,2.64646,2.5674,0.0790594,-0.00782495,-0.00359771,-0.00114209,-0.00233525,2.56653,0.0157664
6.19638,2.59339,2.54386,0.049533,-0.00780961,-0.0035907,-0.00113985,-0.00233222,2.54295,0.0157738
6.20225,2.37016,2.52061,-0.150447,-0.00779432,-0.00358372,-0.00113762,-0.00232919,2.51967,0.0157811
6.20811,2.48991,2.49765,-0.00774675,-0.0077791,-0.00357676,-0.0011354,-0.00232618,2.49668,0.0157884
6.21397,2.49566,2.47498,0.0206773,-0.00776394,-0.00356983,-0.00113319,-0.00232317,2.47398,0.0157957
6.21983,2.34525,2.45259,-0.107345,-0.00774883,-0.00356293,-0.00113098,-0.00232017,2.45155,0.0158029
6.2257,2.33313,2.43048,-0.0973475,-0.00773379,-0.00355605,-0.00112879,-0.00231717,2.4294,0.0158101
6.23156,2.25927,2.40863,-0.149368,-0.0077188,-0.0035492,-0.0011266,-0.00231419,2.40753,0.0158172
6.23742,2.25205,2.38706,-0.135012,-0.00770388,-0.00354238,-0.00112442,-0.00231121,2.38592,0.0158244
6.24328,2.4944,2.36575,0.128658,-0.00768901,-0.00353558,-0.00112225,-0.00230824,2.36457,0.0158314
6.24915,2.36736,2.34469,0.0226726,-0.0076742,-0.00352881,-0.00112008,-0.00230527,2.34348,0.0158385
6.25501,2.30444,2.32389,-0.019457,-0.00765945,-0.00352206,-0.00111793,-0.00230232,2.32265,0.0158455
6.26087,2.27281,2.30335,-0.0305361,-0.00764475,-0.00351534,-0.00111578,-0.00229937,2.30207,0.0158524
6.26673,2.26001,2.28304,-0.0230333,-0.00763011,-0.00350865,-0.00111364,-0.00229643,2.28173,0.0158594
6.27259,2.21323,2.26299,-0.0497581,-0.00761553,-0.00350198,-0.00111151,-0.00229349,2.26164,0.0158663
6.27846,2.19762,2.24317,-0.0455506,-0.00760101,-0.00349534,-0.00110938,-0.00229057,2.24179,0.0158731
6.28432,2.20852,2.22359,-0.0150694,-0.00758654,-0.00348872,-0.00110726,-0.00228765,2.22218,0.0158799
6.29018,2.16713,2.20423,-0.037107,-0.00757213,-0.00348212,-0.00110516,-0.00228474,2.20279,0.0158867
6.29604,2.06156,2.18511,-0.123551,-0.00755777,-0.00347556,-0.00110306,-0.00228183,2.18364,0.0158935
6.30191,2.18924,2.16622,0.023026,-0.00754347,-0.00346901,-0.00110096,-0.00227894,2.16471,0.0159002
6.30777,2.16446,2.14754,0.0169216,-0.00752922,-0.00346249,-0.00109888,-0.00227605,2.146,0.0159069
6.31363,2.09377,2.12908,-0.0353108,-0.00751503,-0.003456,-0.0010968,-0.00227317,2.12751,0.0159135
6.31949,2.16638,2.11084,0.0555367,-0.00750089,-0.00344953,-0.00109473,-0.00227029,2.10924,0.0159201
6.32535,2.04507,2.09281,-0.0477414,-0.00748681,-0.00344309,-0.00109267,-0.00226742,2.09117,0.0159267
6.33122,2.06951,2.07499,-0.00548129,-0.00747278,-0.00343666,-0.00109061,-0.00226456,2.07332,0.0159332
6.33708,1.9215,2.05737,-0.135875,-0.00745881,-0.00343027,-0.00108857,-0.00226171,2.05567,0.0159397
6.34294,1.94556,2.03996,-0.0944003,-0.00744488,-0.00342389,-0.00108653,-0.00225886,2.03823,0.0159461
6.3488,2.06549,2.02274,0.0427496,-0.00743102,-0.00341754,-0.00108449,-0.00225602,2.02098,0.0159525
6.35467,2.1384,2.00573,0.13267,-0.0074172,-0.00341122,-0.00108247,-0.00225319,2.00393,0.0159589
6.36053,1.9745,1.9889,-0.0144006,-0.00740343,-0.00340492,-0.00108045,-0.00225037,1.98708,0.0159652
6.36639,1.93421,1.97227,-0.0380556,-0.00738972,-0.00339864,-0.00107844,-0.00224755,1.97041,0.0159715
6.37225,1.99048,1.95582,0.0346561,-0.00737606,-0.00339238,-0.00107644,-0.00224474,1.95393,0.0159778
6.37811,1.92638,1.93956,-0.0131832,-0.00736245,-0.00338615,-0.00107444,-0.00224193,1.93764,0.015984
6.38398,1.96958,1.92348,0.0460978,-0.0073489,-0.00337994,-0.00107245,-0.00223914,1.92153,0.0159902
6.38984,1.72844,1.90758,-0.179139,-0.00733539,-0.00337375,-0.00107047,-0.00223635,1.9056,0.0159964
6.3957,1.87448,1.89186,-0.0173818,-0.00732193,-0.00336759,-0.0010685,-0.00223356,1.88985,0.0160025
6.40156,1.91994,1.87632,0.0436279,-0.00730853,-0.00336145,-0.00106653,-0.00223079,1.87427,0.0160086
6.40743,1.89341,1.86094,0.0324645,-0.00729517,-0.00335533,-0.00106457,-0.00222802,1.85887,0.0160146
6.41329,1.8535,1.84574,0.00776012,-0.00728187,-0.00334923,-0.00106261,-0.00222525,1.84363,0.0160206
6.41915,1.90213,1.8307,0.0714327,-0.00726861,-0.00334316,-0.00106067,-0.0022225,1.82857,0.0160266
6.42501,1.90511,1.81583,0.0892819,-0.00725541,-0.00333711,-0.00105873,-0.00221975,1.81366,0.0160325
6.43087,1.7632,1.80112,-0.0379213,-0.00724225,-0.00333108,-0.0010568,-0.002217,1.79893,0.0160384
6.43674,1.70001,1.78657,-0.0865567,-0.00722914,-0.00332507,-0.00105487,-0.00221427,1.78435,0.0160443
6.4426,1.58768,1.77218,-0.184498,-0.00721609,-0.00331908,-0.00105295,-0.00221154,1.76992,0.0160501
6.44846,1.74479,1.75794,-0.013154,-0.00720307,-0.00331312,-0.00105104,-0.00220882,1.75566,0.0160559
6.45432,1.82281,1.74386,0.0789541,-0.00719011,-0.00330717,-0.00104913,-0.0022061,1.74155,0.0160616
6.46019,1.76393,1.72993,0.034007,-0.0071772,-0.00330125,-0.00104724,-0.00220339,1.72759,0.0160673
6.46605,1.61302,1.71615,-0.103128,-0.00716433,-0.00329535,-0.00104534,-0.00220069,1.71378,0.016073
6.47191,1.56408,1.70251,-0.138433,-0.00715151,-0.00328947,-0.00104346,-0.00219799,1.70012,0.0160786
6.47777,1.58616,1.68902,-0.10286,-0.00713874,-0.00328362,-0.00104158,-0.0021953,1.6866,0.0160842
6.48363,1.65548,1.67568,-0.0202028,-0.00712601,-0.00327778,-0.00103971,-0.00219262,1.67322,0.0160898
6.4895,1.65683,1.66247,-0.00564702,-0.00711333,-0.00327197,-0.00103784,-0.00218994,1.65999,0.0160953
6.49536,1.56556,1.64941,-0.0838493,-0.0071007,-0.00326617,-0.00103598,-0.00218727,1.6469,0.0161008
6.50122,1.70764,1.63648,0.0711536,-0.00708811,-0.0032604,-0.00103413,-0.00218461,1.63394,0.0161063
6.50708,1.75773,1.62369,0.134036,-0.00707557,-0.00325464,-0.00103228,-0.00218195,1.62113,0.0161117
6.51295,1.63095,1.61103,0.0199158,-0.00706308,-0.00324891,-0.00103044,-0.0021793,1.60844,0.0161171
6.51881,1.66755,1.59851,0.0690437,-0.00705063,-0.0032432,-0.00102861,-0.00217666,1.59589,0.0161224
6.52467,1.62961,1.58611,0.0434963,-0.00703822,-0.00323751,-0.00102678,-0.00217402,1.58346,0.0161277
6.53053,1.5571,1.57385,-0.0167434,-0.00702586,-0.00323183,-0.00102496,-0.00217139,1.57117,0.016133
6.53639,1.57309,1.56171,0.0113825,-0.00701355,-0.00322618,-0.00102315,-0.00216876,1.559,0.0161382
6.54226,1.62094,1.54969,0.0712499,-0.00700127,-0.00322055,-0.00102134,-0.00216614,1.54696,0.0161434
6.54812,1.52039,1.5378,-0.0174078,-0.00698905,-0.00321494,-0.00101954,-0.00216353,1.53504,0.0161485
6.55398,1.75514,1.52603,0.229105,-0.00697687,-0.00320934,-0.00101774,-0.00216092,1.52324,0.0161536
6.55984,1.52158,1.51438,0.0071926,-0.00696473,-0.00320377,-0.00101595,-0.00215832,1.51157,0.0161587
6.56571,1.4999,1.50285,-0.00295002,-0.00695263,-0.00319822,-0.00101417,-0.00215573,1.50001,0.0161638
6.57157,1.59509,1.49144,0.103656,-0.00694058,-0.00319269,-0.00101239,-0.00215314,1.48857,0.0161688
6.57743,1.39722,1.48014,-0.0829201,-0.00692857,-0.00318717,-0.00101062,-0.00215056,1.47724,0.0161737
6.58329,1.58746,1.46896,0.118505,-0.0069166,-0.00318168,-0.00100886,-0.00214798,1.46603,0.0161787
6.58915,1.47606,1.45788,0.0181807,-0.00690468,-0.0031762,-0.0010071,-0.00214541,1.45493,0.0161836
6.59502,1.53965,1.44692,0.0927314,-0.0068928,-0.00317074,-0.00100535,-0.00214285,1.44395,0.0161884
6.60088,1.45202,1.43607,0.0159485,-0.00688096,-0.0031653,-0.0010036,-0.00214029,1.43307,0.0161933
6.60674,1.47316,1.42533,0.0478342,-0.00686916,-0.00315989,-0.00100186,-0.00213774,1.4223,0.016198
6.6126,1.42526,1.41469,0.0105639,-0.0068574,-0.00315449,-0.00100012,-0.0021352,1.41164,0.0162028
6.61847,1.37287,1.40416,-0.0312876,-0.00684569,-0.0031491,-0.000998392,-0.00213266,1.40108,0.0162075
6.62433,1.36406,1.39374,-0.029678,-0.00683402,-0.00314374,-0.000996669,-0.00213012,1.39063,0.0162122
6.63019,1.51975,1.38341,0.136342,-0.00682239,-0.0031384,-0.000994951,-0.0021276,1.38028,0.0162168
6.63605,1.41387,1.37319,0.0406842,-0.00681079,-0.00313307,-0.000993239,-0.00212507,1.37003,0.0162214
6.64191,1.31853,1.36307,-0.044534,-0.00679924,-0.00312776,-0.000991533,-0.00212256,1.35988,0.016226
6.64778,1.1756,1.35305,-0.177444,-0.00678773,-0.00312247,-0.000989832,-0.00212005,1.34983,0.0162305
6.65364,1.45382,1.34312,0.110704,-0.00677626,-0.0031172,-0.000988137,-0.00211755,1.33988,0.016235
6.6595,1.39026,1.33329,0.0569664,-0.00676483,-0.00311195,-0.000986448,-0.00211505,1.33003,0.0162394
6.66536,1.48958,1.32356,0.166019,-0.00675344,-0.00310671,-0.000984765,-0.00211256,1.32027,0.0162438
6.67123,1.37907,1.31392,0.0651487,-0.00674209,-0.00310149,-0.000983087,-0.00211007,1.31061,0.0162482
6.67709,1.4199,1.30437,0.115526,-0.00673078,-0.00309629,-0.000981415,-0.00210759,1.30103,0.0162526
6.68295,1.50929,1.29492,0.214379,-0.00671951,-0.00309111,-0.000979748,-0.00210511,1.29155,0.0162569
6.68881,1.42285,1.28555,0.137303,-0.00670828,-0.00308595,-0.000978087,-0.00210265,1.28217,0.0162611
6.69468,1.19385,1.27628,-0.0824226,-0.00669708,-0.0030808,-0.000976431,-0.00210018,1.27287,0.0162654
6.70054,1.31236,1.26709,0.0452726,-0.00668593,-0.00307567,-0.000974781,-0.00209773,1.26365,0.0162696
6.7064,1.27047,1.25799,0.0124769,-0.00667481,-0.00307056,-0.000973136,-0.00209527,1.25453,0.0162737
6.71226,1.29844,1.24898,0.0494667,-0.00666373,-0.00306546,-0.000971497,-0.00209283,1.24549,0.0162778
6.71812,1.19849,1.24005,-0.0415555,-0.00665269,-0.00306038,-0.000969863,-0.00209039,1.23654,0.0162819
6.72399,1.08564,1.23121,-0.145566,-0.00664169,-0.00305532,-0.000968234,-0.00208795,1.22767,0.0162859
6.72985,1.15211,1.22245,-0.0703325,-0.00663072,-0.00305028,-0.000966611,-0.00208552,1.21889,0.01629
6.73571,1.27013,1.21377,0.0563641,-0.0066198,-0.00304525,-0.000964993,-0.0020831,1.21019,0.0162939
6.74157,1.23089,1.20517,0.0257178,-0.0066089,-0.00304024,-0.000963381,-0.00208068,1.20157,0.0162979
6.74744,1.09931,1.19665,-0.0973386,-0.00659805,-0.00303525,-0.000961773,-0.00207827,1.19302,0.0163018
6.7533,1.03553,1.18822,-0.15269,-0.00658723,-0.00303027,-0.000960171,-0.00207586,1.18456,0.0163056
6.75916,1.12252,1.17986,-0.0573379,-0.00657645,-0.00302531,-0.000958575,-0.00207346,1.17618,0.0163094
6.76502,1.04769,1.17157,-0.123886,-0.00656571,-0.00302037,-0.000956983,-0.00207107,1.16787,0.0163132
6.77088,0.993933,1.16337,-0.169435,-0.006555,-0.00301544,-0.000955396,-0.00206868,1.15964,0.016317
6.77675,1.26302,1.15524,0.107779,-0.00654433,-0.00301053,-0.000953815,-0.00206629,1.15149,0.0163207
6.78261,1.24714,1.14718,0.0999572,-0.0065337,-0.00300563,-0.000952239,-0.00206391,1.14341,0.0163244
6.78847,1.28431,1.1392,0.145113,-0.0065231,-0.00300075,-0.000950668,-0.00206154,1.13541,0.016328
6.79433,0.97974,1.13129,-0.15155,-0.00651253,-0.00299589,-0.000949102,-0.00205917,1.12747,0.0163316
6.8002,1.13836,1.12345,0.0149044,-0.006502,-0.00299104,-0.000947541,-0.00205681,1.11961,0.0163351
6.80606,1.21009,1.11569,0.0944018,-0.00649151,-0.00298621,-0.000945985,-0.00205445,1.11183,0.0163387
6.81192,1.04204,1.10799,-0.0659516,-0.00648105,-0.0029814,-0.000944434,-0.0020521,1.10411,0.0163422
6.81778,1.14582,1.10036,0.0454531,-0.00647063,-0.0029766,-0.000942888,-0.00204975,1.09646,0.0163456
6.82364,1.21031,1.09281,0.117506,-0.00646024,-0.00297181,-0.000941347,-0.00204741,1.08888,0.016349
6.82951,1.09443,1.08532,0.00911805,-0.00644989,-0.00296705,-0.000939811,-0.00204507,1.08137,0.0163524
6.83537,0.916621,1.07789,-0.161273,-0.00643957,-0.00296229,-0.00093828,-0.00204274,1.07392,0.0163557
6.84123,0.971951,1.07054,-0.0985863,-0.00642928,-0.00295756,-0.000936754,-0.00204041,1.06654,0.0163591
6.84709,1.10014,1.06325,0.0368927,-0.00641903,-0.00295284,-0.000935233,-0.00203809,1.05923,0.0163623
6.85296,0.97219,1.05602,-0.0838301,-0.00640881,-0.00294813,-0.000933716,-0.00203578,1.05198,0.0163655
6.85882,1.00535,1.04886,-0.0435046,-0.00639863,-0.00294344,-0.000932205,-0.00203347,1.0448,0.0163687
6.86468,0.937005,1.04176,-0.104755,-0.00638847,-0.00293876,-0.000930698,-0.00203116,1.03768,0.0163719
6.87054,1.01282,1.03472,-0.0219012,-0.00637836,-0.0029341,-0.000929196,-0.00202886,1.03062,0.016375
6.8764,1.11394,1.02775,0.0861945,-0.00636827,-0.00292946,-0.000927698,-0.00202657,1.02362,0.0163781
6.88227,1.07531,1.02084,0.0544751,-0.00635822,-0.00292482,-0.000926206,-0.00202428,1.01669,0.0163811
6.88813,0.937984,1.01399,-0.076002,-0.0063482,-0.00292021,-0.000924718,-0.002022,1.00982,0.0163841
6.89399,1.02422,1.00719,0.017024,-0.00633822,-0.00291561,-0.000923235,-0.00201972,1.003,0.0163871
6.89985,1.07145,1.00046,0.0709897,-0.00632826,-0.00291102,-0.000921756,-0.00201744,0.996249,0.0163901
6.90572,0.840822,0.993786,-0.152963,-0.00631834,-0.00290645,-0.000920282,-0.00201517,0.989553,0.0163929
6.91158,1.07406,0.987169,0.0868895,-0.00630846,-0.00290189,-0.000918813,-0.00201291,0.982915,0.0163958
6.91744,1.16023,0.980609,0.179619,-0.0062986,-0.00289735,-0.000917348,-0.00201065,0.976335,0.0163986
6.9233,1.24085,0.974106,0.26674,-0.00628877,-0.00289282,-0.000915888,-0.0020084,0.969811,0.0164014
6.92916,1.02731,0.967659,0.0596477,-0.00627898,-0.00288831,-0.000914433,-0.00200615,0.963343,0.0164042
6.93503,0.964418,0.961268,0.00315054,-0.00626922,-0.00288381,-0.000912982,-0.0020039,0.956931,0.0164069
6.94089,0.969639,0.954931,0.0147082,-0.00625949,-0.00287932,-0.000911535,-0.00200167,0.950573,0.0164095
6.94675,0.913994,0.948648,-0.0346545,-0.00624979,-0.00287485,-0.000910093,-0.00199943,0.94427,0.0164122
6.95261,0.920545,0.942419,-0.0218736,-0.00624012,-0.00287039,-0.000908656,-0.0019972,0.938021,0.0164148
6.95848,1.10744,0.936243,0.171202,-0.00623049,-0.00286595,-0.000907223,-0.00199498,0.931824,0.0164174
6.96434,0.929064,0.930119,-0.00105447,-0.00622088,-0.00286152,-0.000905794,-0.00199276,0.92568,0.0164199
6.9702,0.955835,0.924047,0.0317886,-0.00621131,-0.00285711,-0.00090437,-0.00199055,0.919588,0.0164224
6.97606,1.18753,0.918026,0.2695,-0.00620176,-0.0028527,-0.00090295,-0.00198834,0.913547,0.0164248
6.98192,1.2734,0.912056,0.36134,-0.00619225,-0.00284832,-0.000901535,-0.00198613,0.907557,0.0164272
6.98779,0.80772,0.906136,-0.0984154,-0.00618277,-0.00284394,-0.000900124,-0.00198393,0.901617,0.0164296
6.99365,0.810378,0.900265,-0.0898875,-0.00617331,-0.00283958,-0.000898717,-0.00198174,0.895727,0.016432
6.99951,0.718168,0.894444,-0.176276,-0.00616389,-0.00283524,-0.000897315,-0.00197955,0.889886,0.0164343
7.00537,0.832439,0.888671,-0.0562319,-0.00615449,-0.0028309,-0.000895917,-0.00197736,0.884093,0.0164365
7.01124,0.891728,0.882947,0.00878136,-0.00614513,-0.00282658,-0.000894523,-0.00197518,0.878349,0.0164388
7.0171,0.863904,0.877269,-0.0133651,-0.0061358,-0.00282228,-0.000893133,-0.00197301,0.872653,0.0164409
7.02296,0.790503,0.871639,-0.0811363,-0.00612649,-0.00281798,-0.000891748,-0.00197084,0.867003,0.0164431
7.02882,1.00726,0.866055,0.141203,-0.00611721,-0.00281371,-0.000890367,-0.00196867,0.8614,0.0164452
7.03468,0.904424,0.860518,0.0439067,-0.00610797,-0.00280944,-0.00088899,-0.00196651,0.855843,0.0164473
7.04055,0.837916,0.855025,-0.0171089,-0.00609875,-0.00280519,-0.000887617,-0.00196435,0.850332,0.0164494
7.04641,0.926204,0.849578,0.0766259,-0.00608956,-0.00280095,-0.000886249,-0.0019622,0.844866,0.0164514
7.05227,0.702142,0.844176,-0.142034,-0.0060804,-0.00279672,-0.000884885,-0.00196005,0.839444,0.0164533
7.05813,0.825411,0.838817,-0.0134065,-0.00607127,-0.0027925,-0.000883524,-0.00195791,0.834067,0.0164553
7.064,0.887635,0.833502,0.0541323,-0.00606216,-0.0027883,-0.000882168,-0.00195577,0.828734,0.0164572
7.06986,0.939242,0.828231,0.111012,-0.00605309,-0.00278411,-0.000880816,-0.00195364,0.823443,0.016459
7.07572,0.870311,0.823002,0.0473092,-0.00604404,-0.00277994,-0.000879468,-0.00195151,0.818196,0.0164608
7.08158,0.620553,0.817815,-0.197262,-0.00603502,-0.00277578,-0.000878124,-0.00194939,0.812991,0.0164626
7.08745,0.805966,0.81267,-0.00670396,-0.00602603,-0.00277163,-0.000876785,-0.00194727,0.807828,0.0164644
7.09331,0.808673,0.807567,0.00110641,-0.00601707,-0.00276749,-0.000875449,-0.00194515,0.802706,0.0164661
7.09917,0.760019,0.802505,-0.0424856,-0.00600813,-0.00276336,-0.000874117,-0.00194304,0.797626,0.0164678
7.10503,0.871768,0.797483,0.0742847,-0.00599923,-0.00275925,-0.000872789,-0.00194094,0.792586,0.0164694
7.11089,0.890362,0.792501,0.0978603,-0.00599034,-0.00275515,-0.000871465,-0.00193883,0.787586,0.016471
7.11676,0.678067,0.787559,-0.109493,-0.00598149,-0.00275106,-0.000870145,-0.00193674,0.782626,0.0164726
7.12262,0.682623,0.782657,-0.100034,-0.00597266,-0.00274699,-0.000868829,-0.00193465,0.777706,0.0164741
7.12848,0.710777,0.777793,-0.0670163,-0.00596386,-0.00274293,-0.000867517,-0.00193256,0.772825,0.0164756
7.13434,0.880251,0.772968,0.107283,-0.00595509,-0.00273888,-0.000866209,-0.00193047,0.767982,0.016477
7.14021,0.794993,0.768181,0.0268116,-0.00594635,-0.00273484,-0.000864905,-0.0019284,0.763177,0.0164785
7.14607,0.70614,0.763432,-0.0572926,-0.00593763,-0.00273081,-0.000863604,-0.00192632,0.758411,0.0164798
7.15193,0.816482,0.758721,0.0577615,-0.00592893,-0.0027268,-0.000862308,-0.00192425,0.753682,0.0164812
7.15779,0.707934,0.754046,-0.0461114,-0.00592027,-0.00272279,-0.000861015,-0.00192219,0.74899,0.0164825
7.16365,0.82513,0.749408,0.0757225,-0.00591163,-0.0027188,-0.000859726,-0.00192012,0.744334,0.0164837
7.16952,0.607774,0.744806,-0.137032,-0.00590301,-0.00271483,-0.000858441,-0.00191807,0.739715,0.016485
7.17538,0.538272,0.74024,-0.201968,-0.00589443,-0.00271086,-0.00085716,-0.00191602,0.735132,0.0164862
7.18124,0.779441,0.73571,0.0437318,-0.00588586,-0.0027069,-0.000855882,-0.00191397,0.730585,0.0164873
7.1871,0.589992,0.731214,-0.141222,-0.00587733,-0.00270296,-0.000854608,-0.00191192,0.726073,0.0164884
7.19297,0.649676,0.726754,-0.0770779,-0.00586882,-0.00269903,-0.000853338,-0.00190988,0.721596,0.0164895
7.19883,0.773118,0.722328,0.0507899,-0.00586033,-0.00269511,-0.000852072,-0.00190785,0.717153,0.0164906
7.20469,0.729455,0.717937,0.0115181,-0.00585187,-0.0026912,-0.000850809,-0.00190582,0.712745,0.0164916
7.21055,0.882173,0.713579,0.168594,-0.00584344,-0.0026873,-0.00084955,-0.00190379,0.70837,0.0164926
7.21641,0.735365,0.709254,0.0261109,-0.00583503,-0.00268342,-0.000848295,-0.00190177,0.704029,0.0164935
7.22228,0.613682,0.704963,-0.0912806,-0.00582664,-0.00267955,-0.000847043,-0.00189975,0.699722,0.0164944
7.22814,0.77165,0.700705,0.070945,-0.00581829,-0.00267568,-0.000845795,-0.00189774,0.695447,0.0164953
7.234,0.731691,0.696479,0.0352126,-0.00580995,-0.00267183,-0.00084455,-0.00189573,0.691205,0.0164961
7.23986,0.696944,0.692285,0.00465852,-0.00580164,-0.00266799,-0.00084331,-0.00189372,0.686995,0.0164969
7.24573,0.704714,0.688123,0.0165908,-0.00579336,-0.00266416,-0.000842072,-0.00189172,0.682817,0.0164976
7.25159,0.522808,0.683993,-0.161185,-0.0057851,-0.00266035,-0.000840839,-0.00188973,0.678671,0.0164983
7.25745,0.591877,0.679894,-0.0880172,-0.00577686,-0.00265654,-0.000839609,-0.00188773,0.674556,0.016499
7.26331,0.683049,0.675826,0.00722263,-0.00576865,-0.00265274,-0.000838382,-0.00188575,0.670472,0.0164996
7.26917,0.867395,0.671789,0.195606,-0.00576046,-0.00264896,-0.000837159,-0.00188376,0.666419,0.0165002
7.27504,0.648061,0.667782,-0.0197203,-0.0057523,-0.00264519,-0.00083594,-0.00188178,0.662396,0.0165008
7.2809,0.606161,0.663805,-0.0576441,-0.00574416,-0.00264143,-0.000834724,-0.00187981,0.658403,0.0165013
7.28676,0.745745,0.659857,0.0858879,-0.00573604,-0.00263767,-0.000833511,-0.00187783,0.654441,0.0165018
7.29262,0.817717,0.65594,0.161777,-0.00572795,-0.00263393,-0.000832302,-0.00187587,0.650508,0.0165023
7.29849,0.647435,0.652051,-0.00461657,-0.00571988,-0.0026302,-0.000831097,-0.0018739,0.646604,0.0165027
7.30435,0.54838,0.648192,-0.0998115,-0.00571184,-0.00262649,-0.000829895,-0.00187194,0.642729,0.0165031
7.31021,0.494017,0.644361,-0.150344,-0.00570382,-0.00262278,-0.000828696,-0.00186999,0.638883,0.0165034
7.31607,0.575114,0.640559,-0.0654444,-0.00569582,-0.00261908,-0.000827501,-0.00186804,0.635065,0.0165037
7.32193,0.589483,0.636784,-0.0473016,-0.00568785,-0.00261539,-0.000826309,-0.00186609,0.631276,0.016504
7.3278,0.704908,0.633038,0.0718702,-0.00567989,-0.00261172,-0.00082512,-0.00186415,0.627514,0.0165042
7.33366,0.787542,0.629319,0.158223,-0.00567197,-0.00260805,-0.000823935,-0.00186221,0.623781,0.0165044
7.33952,0.662715,0.625627,0.0370875,-0.00566406,-0.00260439,-0.000822753,-0.00186027,0.620074,0.0165046
7.34538,0.650625,0.621963,0.0286618,-0.00565618,-0.00260075,-0.000821575,-0.00185834,0.616395,0.0165047
7.35125,0.570239,0.618325,-0.0480866,-0.00564832,-0.00259712,-0.0008204,-0.00185641,0.612743,0.0165048
7.35711,0.595046,0.614714,-0.0196687,-0.00564048,-0.00259349,-0.000819228,-0.00185449,0.609117,0.0165048
7.36297,0.543938,0.61113,-0.0671916,-0.00563267,-0.00258988,-0.000818059,-0.00185257,0.605518,0.0165048
7.36883,0.572799,0.607571,-0.0347722,-0.00562487,-0.00258627,-0.000816894,-0.00185066,0.601945,0.0165048
7.37469,0.612327,0.604038,0.00828878,-0.0056171,-0.00258268,-0.000815732,-0.00184874,0.598398,0.0165047
7.38056,0.346175,0.600531,-0.254356,-0.00560935,-0.0025791,-0.000814574,-0.00184684,0.594876,0.0165046
7.38642,0.544262,0.597049,-0.0527865,-0.00560163,-0.00257552,-0.000813418,-0.00184493,0.59138,0.0165045
7.39228,0.586307,0.593592,-0.00728552,-0.00559393,-0.00257196,-0.000812266,-0.00184303,0.587909,0.0165043
7.39814,0.459786,0.59016,-0.130374,-0.00558624,-0.00256841,-0.000811117,-0.00184114,0.584463,0.0165041
7.40401,0.545592,0.586753,-0.0411613,-0.00557858,-0.00256486,-0.000809971,-0.00183925,0.581042,0.0165039
7.40987,0.574372,0.583371,-0.00899897,-0.00557095,-0.00256133,-0.000808829,-0.00183736,0.577645,0.0165036
7.41573,0.514048,0.580012,-0.065964,-0.00556333,-0.00255781,-0.000807689,-0.00183547,0.574273,0.0165033
7.42159,0.563182,0.576678,-0.0134953,-0.00555573,-0.00255429,-0.000806553,-0.00183359,0.570925,0.0165029
7.42745,0.426917,0.573367,-0.146449,-0.00554816,-0.00255079,-0.00080542,-0.00183172,0.5676,0.0165025
7.43332,0.46859,0.57008,-0.10149,-0.00554061,-0.0025473,-0.00080429,-0.00182984,0.5643,0.0165021
7.43918,0.53732,0.566816,-0.0294955,-0.00553308,-0.00254381,-0.000803163,-0.00182797,0.561022,0.0165016
7.44504,0.573072,0.563575,0.00949691,-0.00552557,-0.00254034,-0.00080204,-0.00182611,0.557768,0.0165011
7.4509,0.620945,0.560357,0.0605878,-0.00551808,-0.00253687,-0.000800919,-0.00182425,0.554537,0.0165005
7.45677,0.482624,0.557162,-0.074538,-0.00551061,-0.00253342,-0.000799802,-0.00182239,0.551329,0.0164999
7.46263,0.650834,0.55399,0.0968442,-0.00550317,-0.00252997,-0.000798687,-0.00182054,0.548143,0.0164993
7.46849,0.556053,0.55084,0.00521319,-0.00549574,-0.00252654,-0.000797576,-0.00181869,0.54498,0.0164987
7.47435,0.364925,0.547712,-0.182787,-0.00548834,-0.00252311,-0.000796468,-0.00181684,0.541838,0.016498
7.48021,0.449603,0.544605,-0.095002,-0.00548095,-0.00251969,-0.000795362,-0.001815,0.538719,0.0164972
7.48608,0.380262,0.541521,-0.161259,-0.00547359,-0.00251629,-0.00079426,-0.00181316,0.535622,0.0164965
7.49194,0.508879,0.538458,-0.0295795,-0.00546625,-0.00251289,-0.000793161,-0.00181132,0.532546,0.0164957
7.4978,0.626442,0.535416,0.0910258,-0.00545892,-0.0025095,-0.000792065,-0.00180949,0.529492,0.0164948
7.50366,0.651404,0.532396,0.119008,-0.00545162,-0.00250612,-0.000790971,-0.00180766,0.526458,0.016494
7.50953,0.458385,0.529396,-0.071011,-0.00544434,-0.00250275,-0.000789881,-0.00180584,0.523446,0.016493
7.51539,0.564882,0.526418,0.0384648,-0.00543708,-0.00249939,-0.000788794,-0.00180402,0.520455,0.0164921
7.52125,0.550917,0.52346,0.0274576,-0.00542983,-0.00249604,-0.00078771,-0.0018022,0.517484,0.0164911
7.52711,0.608923,0.520522,0.0884013,-0.00542261,-0.00249269,-0.000786628,-0.00180039,0.514534,0.0164901
7.53298,0.514616,0.517604,-0.00298844,-0.00541541,-0.00248936,-0.00078555,-0.00179858,0.511604,0.016489
7.53884,0.373754,0.514707,-0.140953,-0.00540823,-0.00248604,-0.000784474,-0.00179677,0.508694,0.0164879
7.5447,0.481417,0.511829,-0.030412,-0.00540106,-0.00248272,-0.000783402,-0.00179497,0.505805,0.0164868
7.55056,0.484387,0.508971,-0.0245843,-0.00539392,-0.00247941,-0.000782332,-0.00179317,0.502935,0.0164856
7.55642,0.556287,0.506133,0.0501536,-0.0053868,-0.00247612,-0.000781265,-0.00179138,0.500084,0.0164844
7.56229,0.450103,0.503314,-0.0532105,-0.00537969,-0.00247283,-0.000780201,-0.00178959,0.497253,0.0164831
7.56815,0.588633,0.500514,0.0881192,-0.00537261,-0.00246955,-0.00077914,-0.0017878,0.494441,0.0164818
7.57401,0.487377,0.497733,-0.0103562,-0.00536554,-0.00246628,-0.000778082,-0.00178601,0.491649,0.0164805
7.57987,0.530295,0.494971,0.0353238,-0.0053585,-0.00246302,-0.000777027,-0.00178423,0.488875,0.0164792
7.58574,0.423206,0.492228,-0.0690218,-0.00535147,-0.00245976,-0.000775974,-0.00178245,0.48612,0.0164778
7.5916,0.658014,0.489503,0.16851,-0.00534446,-0.00245652,-0.000774924,-0.00178068,0.483384,0.0164763
7.59746,0.555185,0.486797,0.0683877,-0.00533747,-0.00245328,-0.000773877,-0.00177891,0.480666,0.0164749
7.60332,0.545137,0.484109,0.0610276,-0.0053305,-0.00245005,-0.000772833,-0.00177714,0.477966,0.0164733
7.60918,0.528008,0.481439,0.0465691,-0.00532355,-0.00244684,-0.000771792,-0.00177538,0.475285,0.0164718
7.61505,0.590747,0.478787,0.11196,-0.00531662,-0.00244363,-0.000770753,-0.00177362,0.472621,0.0164702
7.62091,0.510187,0.476152,0.0340348,-0.00530971,-0.00244043,-0.000769717,-0.00177186,0.469976,0.0164686
7.62677,0.498906,0.473536,0.0253705,-0.00530281,-0.00243723,-0.000768684,-0.00177011,0.467348,0.0164669
7.63263,0.519182,0.470936,0.0482459,-0.00529594,-0.00243405,-0.000767654,-0.00176836,0.464737,0.0164653
7.6385,0.568149,0.468354,0.0997949,-0.00528908,-0.00243087,-0.000766626,-0.00176662,0.462144,0.0164635
7.64436,0.247847,0.465789,-0.217942,-0.00528224,-0.0024277,-0.000765601,-0.00176487,0.459568,0.0164618
7.65022,0.426799,0.463242,-0.0364426,-0.00527542,-0.00242455,-0.000764579,-0.00176313,0.457009,0.0164599
7.65608,0.403535,0.460711,-0.0571757,-0.00526861,-0.0024214,-0.00076356,-0.0017614,0.454467,0.0164581
7.66194,0.38607,0.458196,-0.0721258,-0.00526183,-0.00241825,-0.000762543,-0.00175966,0.451942,0.0164562
7.66781,0.29123,0.455699,-0.164469,-0.00525506,-0.00241512,-0.000761529,-0.00175794,0.449434,0.0164543
7.67367,0.422256,0.453217,-0.0309611,-0.00524831,-0.00241199,-0.000760517,-0.00175621,0.446942,0.0164524
7.67953,0.538641,0.450752,0.0878889,-0.00524158,-0.00240888,-0.000759509,-0.00175449,0.444467,0.0164504
7.68539,0.546288,0.448304,0.0979847,-0.00523487,-0.00240577,-0.000758502,-0.00175277,0.442007,0.0164483
7.69126,0.430197,0.445871,-0.0156742,-0.00522817,-0.00240267,-0.000757499,-0.00175105,0.439564,0.0164463
7.69712,0.391808,0.443454,-0.051646,-0.00522149,-0.00239957,-0.000756498,-0.00174934,0.437137,0.0164442
7.70298,0.350145,0.441053,-0.0909085,-0.00521483,-0.00239649,-0.0007555,-0.00174763,0.434726,0.016442
7.70884,0.408384,0.438668,-0.0302837,-0.00520819,-0.00239341,-0.000754504,-0.00174593,0.43233,0.0164399
7.7147,0.331817,0.436298,-0.10448,-0.00520157,-0.00239034,-0.000753511,-0.00174422,0.42995,0.0164377
7.72057,0.402618,0.433943,-0.0313255,-0.00519496,-0.00238728,-0.00075252,-0.00174253,0.427585,0.0164354
7.72643,0.292556,0.431604,-0.139048,-0.00518837,-0.00238423,-0.000751533,-0.00174083,0.425236,0.0164331
7.73229,0.195756,0.42928,-0.233524,-0.0051818,-0.00238118,-0.000750547,-0.00173914,0.422902,0.0164308
7.73815,0.380339,0.426971,-0.046632,-0.00517524,-0.00237815,-0.000749564,-0.00173745,0.420583,0.0164284
7.74402,0.503287,0.424677,0.0786104,-0.0051687,-0.00237512,-0.000748584,-0.00173576,0.418279,0.016426
7.74988,0.599399,0.422397,0.177001,-0.00516218,-0.0023721,-0.000747606,-0.00173408,0.41599,0.0164236
7.75574,0.416957,0.420132,-0.00317549,-0.00515567,-0.00236908,-0.000746631,-0.0017324,0.413715,0.0164211
7.7616,0.436169,0.417882,0.0182865,-0.00514919,-0.00236608,-0.000745659,-0.00173072,0.411455,0.0164186
7.76746,0.364071,0.415646,-0.0515755,-0.00514272,-0.00236308,-0.000744688,-0.00172905,0.40921,0.0164161
7.77333,0.342682,0.413425,-0.070743,-0.00513626,-0.00236009,-0.000743721,-0.00172738,0.406978,0.0164135
7.77919,0.346883,0.411217,-0.0643343,-0.00512983,-0.00235711,-0.000742756,-0.00172571,0.404762,0.0164109
7.78505,0.431312,0.409024,0.0222881,-0.0051234,-0.00235413,-0.000741793,-0.00172405,0.402559,0.0164082
7.79091,0.374198,0.406844,-0.0326462,-0.005117,-0.00235117,-0.000740833,-0.00172239,0.40037,0.0164055
7.79678,0.395932,0.404679,-0.00874614,-0.00511061,-0.00234821,-0.000739875,-0.00172073,0.398195,0.0164028
7.80264,0.445403,0.402527,0.0428759,-0.00510424,-0.00234525,-0.00073892,-0.00171908,0.396034,0.0164
7.8085,0.486798,0.400388,0.0864094,-0.00509789,-0.00234231,-0.000737967,-0.00171743,0.393887,0.0163972
7.81436,0.403674,0.398264,0.00541038,-0.00509155,-0.00233937,-0.000737016,-0.00171578,0.391753,0.0163944
7.82022,0.373517,0.396152,-0.0226353,-0.00508523,-0.00233644,-0.000736068,-0.00171414,0.389632,0.0163915
7.82609,0.418538,0.394054,0.0244843,-0.00507892,-0.00233352,-0.000735123,-0.0017125,0.387525,0.0163886
7.83195,0.369116,0.391969,-0.0228527,-0.00507263,-0.00233061,-0.000734179,-0.00171086,0.385432,0.0163857
7.83781,0.557029,0.389897,0.167132,-0.00506636,-0.0023277,-0.000733238,-0.00170922,0.383351,0.0163827
7.84367,0.431072,0.387838,0.0432341,-0.0050601,-0.0023248,-0.0007323,-0.00170759,0.381283,0.0163796
7.84954,0.601983,0.385792,0.216191,-0.00505386,-0.00232191,-0.000731364,-0.00170596,0.379229,0.0163766
7.8554,0.347445,0.383759,-0.0363136,-0.00504764,-0.00231902,-0.00073043,-0.00170434,0.377187,0.0163735
7.86126,0.387832,0.381738,0.00609404,-0.00504143,-0.00231615,-0.000729499,-0.00170271,0.375157,0.0163703
7.86712,0.319998,0.37973,-0.0597322,-0.00503523,-0.00231327,-0.00072857,-0.0017011,0.373141,0.0163672
7.87298,0.369062,0.377734,-0.00867207,-0.00502905,-0.00231041,-0.000727643,-0.00169948,0.371137,0.016364
7.87885,0.305351,0.375751,-0.0704004,-0.00502289,-0.00230756,-0.000726719,-0.00169787,0.369145,0.0163607
7.88471,0.344356,0.37378,-0.0294237,-0.00501674,-0.00230471,-0.000725797,-0.00169626,0.367166,0.0163574
7.89057,0.380235,0.371821,0.00841406,-0.00501061,-0.00230187,-0.000724877,-0.00169465,0.365199,0.0163541
7.89643,0.417626,0.369874,0.047752,-0.0050045,-0.00229903,-0.00072396,-0.00169304,0.363244,0.0163507
7.9023,0.418977,0.36794,0.0510371,-0.0049984,-0.0022962,-0.000723045,-0.00169144,0.361301,0.0163473
7.90816,0.301693,0.366017,-0.0643236,-0.00499231,-0.00229338,-0.000722132,-0.00168984,0.35937,0.0163439
7.91402,0.298694,0.364106,-0.0654116,-0.00498624,-0.00229057,-0.000721222,-0.00168825,0.357451,0.0163404
7.91988,0.475993,0.362206,0.113787,-0.00498019,-0.00228776,-0.000720313,-0.00168666,0.355544,0.0163369
7.92574,0.536123,0.360318,0.175805,-0.00497415,-0.00228496,-0.000719407,-0.00168507,0.353648,0.0163334
7.93161,0.350109,0.358442,-0.00833329,-0.00496812,-0.00228217,-0.000718504,-0.00168348,0.351764,0.0163298
7.93747,0.388402,0.356577,0.0318252,-0.00496211,-0.00227939,-0.000717602,-0.0016819,0.349892,0.0163262
7.94333,0.464095,0.354724,0.109372,-0.00495612,-0.00227661,-0.000716703,-0.00168032,0.348031,0.0163225
7.94919,0.290628,0.352881,-0.0622535,-0.00495014,-0.00227384,-0.000715806,-0.00167874,0.346181,0.0163189
7.95506,0.433019,0.35105,0.0819692,-0.00494418,-0.00227107,-0.000714911,-0.00167717,0.344342,0.0163151
7.96092,0.226976,0.34923,-0.122255,-0.00493823,-0.00226831,-0.000714019,-0.00167559,0.342515,0.0163114
7.96678,0.173029,0.347421,-0.174392,-0.00493229,-0.00226556,-0.000713129,-0.00167403,0.340699,0.0163076
7.97264,0.259734,0.345623,-0.0858892,-0.00492637,-0.00226282,-0.00071224,-0.00167246,0.338893,0.0163037
7.97851,0.388979,0.343836,0.0451436,-0.00492047,-0.00226008,-0.000711354,-0.0016709,0.337099,0.0162998
7.98437,0.28978,0.342059,-0.0522797,-0.00491458,-0.00225735,-0.000710471,-0.00166934,0.335315,0.0162959
7.99023,0.441962,0.340293,0.101668,-0.0049087,-0.00225463,-0.000709589,-0.00166778,0.333542,0.016292
7.99609,0.217476,0.338538,-0.121062,-0.00490284,-0.00225191,-0.00070871,-0.00166623,0.33178,0.016288
8.00195,0.354812,0.336793,0.0180187,-0.00489699,-0.0022492,-0.000707832,-0.00166468,0.330028,0.016284
8.00782,0.201783,0.335059,-0.133276,-0.00489116,-0.00224649,-0.000706957,-0.00166313,0.328287,0.0162799
8.01368,0.343534,0.333335,0.0101996,-0.00488534,-0.0022438,-0.000706084,-0.00166158,0.326556,0.0162758
8.01954,0.187272,0.331621,-0.144349,-0.00487953,-0.00224111,-0.000705213,-0.00166004,0.324835,0.0162717
8.0254,0.239032,0.329917,-0.0908853,-0.00487374,-0.00223842,-0.000704345,-0.0016585,0.323125,0.0162675
8.03127,0.381876,0.328224,0.0536521,-0.00486797,-0.00223574,-0.000703478,-0.00165696,0.321425,0.0162633
8.03713,0.364694,0.326541,0.0381537,-0.00486221,-0.00223307,-0.000702614,-0.00165543,0.319735,0.016259
8.04299,0.468944,0.324867,0.144077,-0.00485646,-0.00223041,-0.000701751,-0.0016539,0.318055,0.0162547
8.04885,0.419901,0.323203,0.0966975,-0.00485073,-0.00222775,-0.000700891,-0.00165237,0.316385,0.0162504
8.05471,0.347921,0.32155,0.0263713,-0.00484501,-0.0022251,-0.000700033,-0.00165084,0.314725,0.0162461
8.06058,0.463629,0.319906,0.143723,-0.0048393,-0.00222245,-0.000699177,-0.00164932,0.313074,0.0162417
8.06644,0.42825,0.318271,0.109979,-0.00483361,-0.00221981,-0.000698323,-0.0016478,0.311434,0.0162372
8.0723,0.225176,0.316646,-0.0914703,-0.00482793,-0.00221718,-0.000697471,-0.00164628,0.309803,0.0162328
8.07816,0.430024,0.315031,0.114993,-0.00482227,-0.00221455,-0.000696621,-0.00164477,0.308181,0.0162283
8.08403,0.383344,0.313425,0.0699192,-0.00481662,-0.00221193,-0.000695773,-0.00164326,0.306569,0.0162237
8.08989,0.454404,0.311829,0.142575,-0.00481098,-0.00220932,-0.000694927,-0.00164175,0.304967,0.0162191
8.09575,0.308924,0.310242,-0.0013176,-0.00480535,-0.00220671,-0.000694083,-0.00164024,0.303374,0.0162145
8.10161,0.380319,0.308664,0.0716556,-0.00479974,-0.00220411,-0.000693242,-0.00163874,0.30179,0.0162099
8.10747,0.381129,0.307095,0.0740337,-0.00479415,-0.00220152,-0.000692402,-0.00163724,0.300215,0.0162052
8.11334,0.382722,0.305536,0.0771869,-0.00478857,-0.00219893,-0.000691564,-0.00163574,0.29865,0.0162004
8.1192,0.318798,0.303985,0.0148135,-0.004783,-0.00219634,-0.000690729,-0.00163425,0.297094,0.0161957
8.12506,0.495803,0.302443,0.193359,-0.00477744,-0.00219377,-0.000689895,-0.00163275,0.295546,0.0161909
8.13092,0.447735,0.300911,0.146824,-0.0047719,-0.0021912,-0.000689063,-0.00163126,0.294008,0.016186
8.13679,0.186511,0.299387,-0.112876,-0.00476637,-0.00218863,-0.000688233,-0.00162978,0.292479,0.0161812
8.14265,0.275126,0.297872,-0.0227461,-0.00476085,-0.00218608,-0.000687406,-0.00162829,0.290958,0.0161763
8.14851,0.295159,0.296365,-0.00120678,-0.00475535,-0.00218352,-0.00068658,-0.00162681,0.289446,0.0161713
8.15437,0.225828,0.294868,-0.0690399,-0.00474986,-0.00218098,-0.000685756,-0.00162533,0.287943,0.0161663
8.16023,0.125386,0.293378,-0.167992,-0.00474438,-0.00217844,-0.000684934,-0.00162386,0.286449,0.0161613
8.1661,0.168627,0.291898,-0.123271,-0.00473892,-0.0021759,-0.000684114,-0.00162238,0.284963,0.0161562
8.17196,0.20675,0.290426,-0.0836761,-0.00473347,-0.00217338,-0.000683297,-0.00162091,0.283486,0.0161511
8.17782,0.34904,0.288962,0.0600782,-0.00472803,-0.00217085,-0.000682481,-0.00161944,0.282017,0.016146
8.18368,0.16969,0.287506,-0.117816,-0.0047226,-0.00216834,-0.000681666,-0.00161798,0.280556,0.0161408
8.18955,0.312404,0.286059,0.0263445,-0.00471719,-0.00216583,-0.000680854,-0.00161651,0.279104,0.0161356
8.19541,0.230427,0.28462,-0.0541938,-0.00471179,-0.00216332,-0.000680044,-0.00161505,0.27766,0.0161304
8.20127,0.243367,0.28319,-0.0398228,-0.0047064,-0.00216083,-0.000679236,-0.0016136,0.276225,0.0161251
8.20713,0.360041,0.281767,0.0782745,-0.00470103,-0.00215833,-0.000678429,-0.00161214,0.274797,0.0161198
8.21299,0.300822,0.280352,0.0204699,-0.00469567,-0.00215585,-0.000677625,-0.00161069,0.273378,0.0161144
8.21886,0.544263,0.278946,0.265317,-0.00469032,-0.00215337,-0.000676822,-0.00160924,0.271966,0.016109
8.22472,0.349636,0.277547,0.072089,-0.00468498,-0.00215089,-0.000676022,-0.00160779,0.270563,0.0161036
8.23058,0.278668,0.276156,0.00251207,-0.00467966,-0.00214842,-0.000675223,-0.00160635,0.269168,0.0160981
8.23644,0.23323,0.274773,-0.0415428,-0.00467435,-0.00214596,-0.000674426,-0.0016049,0.26778,0.0160926
8.24231,0.305627,0.273398,0.0322296,-0.00466905,-0.0021435,-0.000673631,-0.00160346,0.2664,0.0160871
8.24817,0.333133,0.27203,0.0611023,-0.00466376,-0.00214105,-0.000672837,-0.00160203,0.265029,0.0160815
8.25403,0.191851,0.27067,-0.0788196,-0.00465849,-0.0021386,-0.000672046,-0.00160059,0.263664,0.0160759
8.25989,0.20575,0.269318,-0.0635686,-0.00465323,-0.00213616,-0.000671256,-0.00159916,0.262308,0.0160702
8.26575,0.164874,0.267973,-0.103099,-0.00464798,-0.00213373,-0.000670469,-0.00159773,0.260959,0.0160645
8.27162,0.192469,0.266636,-0.0741669,-0.00464274,-0.0021313,-0.000669683,-0.00159631,0.259617,0.0160588
8.27748,0.127575,0.265306,-0.137732,-0.00463751,-0.00212888,-0.000668899,-0.00159488,0.258283,0.016053
8.28334,0.183255,0.263984,-0.0807287,-0.0046323,-0.00212646,-0.000668116,-0.00159346,0.256957,0.0160472
8.2892,0.312588,0.262669,0.049919,-0.0046271,-0.00212405,-0.000667336,-0.00159204,0.255638,0.0160414
8.29507,0.241216,0.261361,-0.0201447,-0.00462191,-0.00212164,-0.000666557,-0.00159062,0.254326,0.0160355
8.30093,0.149378,0.26006,-0.110682,-0.00461673,-0.00211924,-0.000665781,-0.00158921,0.253022,0.0160296
8.30679,0.304616,0.258767,0.0458487,-0.00461157,-0.00211684,-0.000665006,-0.0015878,0.251724,0.0160236
8.31265,0.206131,0.25748,-0.0513491,-0.00460641,-0.00211445,-0.000664232,-0.00158639,0.250434,0.0160177
8.31851,0.220585,0.256201,-0.035616,-0.00460127,-0.00211207,-0.000663461,-0.00158498,0.249151,0.0160116
8.32438,-0.0389149,0.254929,-0.293844,-0.00459614,-0.00210969,-0.000662691,-0.00158358,0.247876,0.0160056
8.33024,0.168116,0.253664,-0.0855481,-0.00459102,-0.00210731,-0.000661923,-0.00158218,0.246607,0.0159995
8.3361,0.203507,0.252406,-0.0488981,-0.00458592,-0.00210494,-0.000661157,-0.00158078,0.245345,0.0159933
8.34196,0.188076,0.251154,-0.0630778,-0.00458082,-0.00210258,-0.000660393,-0.00157938,0.24409,0.0159872
8.34783,0.0474056,0.24991,-0.202504,-0.00457574,-0.00210022,-0.00065963,-0.00157799,0.242842,0.015981
8.35369,0.229996,0.248672,-0.0186757,-0.00457067,-0.00209787,-0.000658869,-0.00157659,0.241601,0.0159747
8.35955,0.30601,0.247441,0.0585693,-0.00456561,-0.00209552,-0.00065811,-0.0015752,0.240367,0.0159684
8.36541,0.0695856,0.246216,-0.176631,-0.00456056,-0.00209318,-0.000657353,-0.00157382,0.239139,0.0159621
8.37128,0.117832,0.244999,-0.127167,-0.00455552,-0.00209085,-0.000656597,-0.00157243,0.237918,0.0159558
8.37714,0.27155,0.243788,0.0277624,-0.0045505,-0.00208852,-0.000655843,-0.00157105,0.236704,0.0159494
8.383,0.235755,0.242583,-0.00682768,-0.00454549,-0.00208619,-0.000655091,-0.00156967,0.235497,0.0159429
8.38886,0.2136,0.241385,-0.0277854,-0.00454048,-0.00208387,-0.00065434,-0.00156829,0.234296,0.0159365
8.39472,0.284597,0.240193,0.0444038,-0.00453549,-0.00208155,-0.000653592,-0.00156692,0.233101,0.01593
8.40059,0.166885,0.239008,-0.0721236,-0.00453051,-0.00207924,-0.000652844,-0.00156555,0.231913,0.0159234
8.40645,0.194766,0.23783,-0.0430637,-0.00452554,-0.00207694,-0.000652099,-0.00156418,0.230731,0.0159168
8.41231,0.150148,0.236657,-0.0865096,-0.00452059,-0.00207464,-0.000651355,-0.00156281,0.229556,0.0159102
8.41817,0.264608,0.235491,0.0291169,-0.00451564,-0.00207235,-0.000650613,-0.00156144,0.228387,0.0159036
8.42404,0.118423,0.234331,-0.115908,-0.0045107,-0.00207006,-0.000649873,-0.00156008,0.227225,0.0158969
8.4299,0.118872,0.233177,-0.114305,-0.00450578,-0.00206777,-0.000649134,-0.00155872,0.226069,0.0158902
8.43576,0.200949,0.23203,-0.0310806,-0.00450087,-0.00206549,-0.000648397,-0.00155736,0.224919,0.0158834
8.44162,0.301693,0.230889,0.0708039,-0.00449597,-0.00206322,-0.000647662,-0.00155601,0.223775,0.0158766
8.44748,0.315166,0.229753,0.0854125,-0.00449107,-0.00206095,-0.000646928,-0.00155465,0.222637,0.0158697
8.45335,0.240011,0.228624,0.0113872,-0.00448619,-0.00205869,-0.000646196,-0.0015533,0.221506,0.0158629
8.45921,0.243805,0.227501,0.0163044,-0.00448133,-0.00205643,-0.000645466,-0.00155195,0.22038,0.015856
8.46507,0.142676,0.226383,-0.0837071,-0.00447647,-0.00205417,-0.000644737,-0.00155061,0.21926,0.015849
8.47093,0.154051,0.225272,-0.0712209,-0.00447162,-0.00205193,-0.00064401,-0.00154926,0.218147,0.015842
8.4768,0.299361,0.224167,0.0751942,-0.00446678,-0.00204968,-0.000643284,-0.00154792,0.217039,0.015835
8.48266,0.214667,0.223067,-0.00840037,-0.00446196,-0.00204744,-0.00064256,-0.00154658,0.215938,0.0158279
8.48852,0.200901,0.221973,-0.0210724,-0.00445714,-0.00204521,-0.000641838,-0.00154524,0.214842,0.0158208
8.49438,0.207067,0.220885,-0.0138181,-0.00445234,-0.00204298,-0.000641117,-0.00154391,0.213752,0.0158137
8.50024,0.216737,0.219803,-0.00306544,-0.00444754,-0.00204076,-0.000640398,-0.00154258,0.212667,0.0158065
8.50611,0.396523,0.218726,0.177797,-0.00444276,-0.00203854,-0.000639681,-0.00154125,0.211589,0.0157993
8.51197,0.238006,0.217655,0.0203506,-0.00443799,-0.00203632,-0.000638965,-0.00153992,0.210516,0.0157921
8.51783,0.137626,0.21659,-0.0789631,-0.00443323,-0.00203412,-0.000638251,-0.00153859,0.209449,0.0157848
8.52369,0.335746,0.21553,0.120216,-0.00442848,-0.00203191,-0.000637538,-0.00153727,0.208387,0.0157775
8.52956,0.251198,0.214475,0.0367221,-0.00442373,-0.00202971,-0.000636827,-0.00153595,0.207332,0.0157701
8.53542,0.0427779,0.213427,-0.170649,-0.004419,-0.00202752,-0.000636117,-0.00153463,0.206281,0.0157627
8.54128,0.0807065,0.212383,-0.131677,-0.00441428,-0.00202533,-0.000635409,-0.00153331,0.205236,0.0157553
8.54714,0.129878,0.211345,-0.081467,-0.00440957,-0.00202314,-0.000634703,-0.001532,0.204197,0.0157478
8.553,0.0188842,0.210313,-0.191429,-0.00440487,-0.00202096,-0.000633998,-0.00153068,0.203163,0.0157403
8.55887,0.00224254,0.209286,-0.207043,-0.00440018,-0.00201879,-0.000633295,-0.00152937,0.202135,0.0157328
8.56473,0.160865,0.208264,-0.047399,-0.00439551,-0.00201662,-0.000632593,-0.00152807,0.201111,0.0157252
8.57059,0.159448,0.207247,-0.0477994,-0.00439084,-0.00201445,-0.000631893,-0.00152676,0.200094,0.0157176
8.57645,0.154254,0.206236,-0.0519818,-0.00438618,-0.00201229,-0.000631194,-0.00152546,0.199081,0.0157099
8.58232,0.225196,0.20523,0.0199663,-0.00438153,-0.00201013,-0.000630497,-0.00152416,0.198074,0.0157023
8.58818,0.171279,0.204229,-0.0329499,-0.00437689,-0.00200798,-0.000629801,-0.00152286,0.197072,0.0156945
8.59404,0.0908256,0.203233,-0.112408,-0.00437226,-0.00200583,-0.000629107,-0.00152156,0.196075,0.0156868
8.5999,0.13949,0.202243,-0.0627529,-0.00436765,-0.00200369,-0.000628415,-0.00152027,0.195084,0.015679
8.60576,0.295474,0.201257,0.0942166,-0.00436304,-0.00200155,-0.000627724,-0.00151897,0.194097,0.0156711
8.61163,0.272411,0.200277,0.0721346,-0.00435844,-0.00199942,-0.000627034,-0.00151768,0.193116,0.0156633
8.61749,0.142914,0.199301,-0.056387,-0.00435385,-0.00199729,-0.000626346,-0.0015164,0.19214,0.0156553
8.62335,0.320377,0.198331,0.122047,-0.00434927,-0.00199517,-0.000625659,-0.00151511,0.191168,0.0156474
8.62921,0.115015,0.197365,-0.08235,-0.0043447,-0.00199305,-0.000624974,-0.00151383,0.190202,0.0156394
8.63508,0.136698,0.196404,-0.0597066,-0.00434015,-0.00199093,-0.000624291,-0.00151255,0.189241,0.0156314
8.64094,0.353384,0.195449,0.157935,-0.0043356,-0.00198882,-0.000623609,-0.00151127,0.188285,0.0156233
8.6468,0.324087,0.194498,0.129589,-0.00433106,-0.00198672,-0.000622928,-0.00150999,0.187333,0.0156152
8.65266,0.142854,0.193552,-0.0506978,-0.00432653,-0.00198462,-0.000622249,-0.00150871,0.186387,0.0156071
8.65852,0.200618,0.192611,0.00800725,-0.00432201,-0.00198252,-0.000621571,-0.00150744,0.185445,0.0155989
8.66439,0.316281,0.191674,0.124607,-0.0043175,-0.00198043,-0.000620895,-0.00150617,0.184508,0.0155907
8.67025,0.0959164,0.190742,-0.0948258,-0.004313,-0.00197834,-0.000620221,-0.0015049,0.183576,0.0155825
8.67611,0.331295,0.189815,0.14148,-0.00430851,-0.00197626,-0.000619547,-0.00150364,0.182649,0.0155742
8.68197,0.22348,0.188893,0.0345876,-0.00430403,-0.00197418,-0.000618875,-0.00150237,0.181726,0.0155659
8.68784,0.138873,0.187975,-0.0491018,-0.00429956,-0.0019721,-0.000618205,-0.00150111,0.180809,0.0155575
8.6937,0.220253,0.187062,0.0331914,-0.0042951,-0.00197003,-0.000617536,-0.00149985,0.179895,0.0155491
8.69956,0.0768699,0.186153,-0.109283,-0.00429064,-0.00196797,-0.000616869,-0.00149859,0.178987,0.0155407
8.70542,0.21675,0.185249,0.0315008,-0.0042862,-0.00196591,-0.000616203,-0.00149734,0.178083,0.0155322
8.71128,0.22005,0.18435,0.0357006,-0.00428177,-0.00196385,-0.000615538,-0.00149608,0.177183,0.0155237
8.71715,0.22652,0.183455,0.0430653,-0.00427734,-0.0019618,-0.000614875,-0.00149483,0.176289,0.0155152
8.72301,0.183997,0.182564,0.00143288,-0.00427293,-0.00195975,-0.000614213,-0.00149358,0.175398,0.0155066
8.72887,0.252427,0.181678,0.0707482,-0.00426852,-0.00195771,-0.000613553,-0.00149233,0.174512,0.015498
8.73473,0.0970062,0.180797,-0.0837905,-0.00426413,-0.00195567,-0.000612894,-0.00149109,0.173631,0.0154893
8.7406,0.0952726,0.179919,-0.0846468,-0.00425974,-0.00195363,-0.000612236,-0.00148984,0.172754,0.0154806
8.74646,0.0851216,0.179046,-0.0939249,-0.00425536,-0.0019516,-0.00061158,-0.0014886,0.171882,0.0154719
8.75232,0.134795,0.178178,-0.0433833,-0.004251,-0.00194958,-0.000610925,-0.00148736,0.171014,0.0154632
8.75818,0.242961,0.177314,0.0656469,-0.00424664,-0.00194755,-0.000610272,-0.00148613,0.17015,0.0154544
8.76404,0.184832,0.176454,0.0083789,-0.00424229,-0.00194554,-0.00060962,-0.00148489,0.16929,0.0154455
8.76991,0.170116,0.175598,-0.00548197,-0.00423795,-0.00194352,-0.000608969,-0.00148366,0.168435,0.0154367
8.77577,0.151131,0.174746,-0.0236156,-0.00423362,-0.00194151,-0.00060832,-0.00148243,0.167584,0.0154277
8.78163,0.307266,0.173899,0.133367,-0.00422929,-0.00193951,-0.000607672,-0.0014812,0.166738,0.0154188
8.78749,0.191898,0.173056,0.018842,-0.00422498,-0.00193751,-0.000607026,-0.00147997,0.165895,0.0154098
8.79336,0.0117995,0.172217,-0.160417,-0.00422068,-0.00193551,-0.000606381,-0.00147875,0.165057,0.0154008
8.79922,0.207837,0.171382,0.0364556,-0.00421638,-0.00193352,-0.000605737,-0.00147752,0.164223,0.0153917
8.80508,0.182811,0.170551,0.0122598,-0.0042121,-0.00193153,-0.000605095,-0.0014763,0.163393,0.0153826
8.81094,0.36925,0.169724,0.199526,-0.00420782,-0.00192954,-0.000604454,-0.00147508,0.162568,0.0153735
8.81681,0.15961,0.168902,-0.00929186,-0.00420355,-0.00192756,-0.000603814,-0.00147387,0.161746,0.0153643
8.82267,0.174447,0.168083,0.00636393,-0.00419929,-0.00192559,-0.000603176,-0.00147265,0.160928,0.0153551
8.82853,0.275646,0.167268,0.108378,-0.00419504,-0.00192362,-0.000602539,-0.00147144,0.160115,0.0153459
8.83439,0.134356,0.166457,-0.0321014,-0.0041908,-0.00192165,-0.000601903,-0.00147023,0.159305,0.0153366
8.84025,0.204358,0.165651,0.038707,-0.00418656,-0.00191968,-0.000601269,-0.00146902,0.1585,0.0153273
8.84612,0.208094,0.164848,0.0432468,-0.00418234,-0.00191772,-0.000600636,-0.00146781,0.157698,0.0153179
8.85198,0.223345,0.164049,0.0592962,-0.00417812,-0.00191577,-0.000600004,-0.00146661,0.156901,0.0153085
8.85784,0.161449,0.163253,-0.00180409,-0.00417392,-0.00191382,-0.000599374,-0.00146541,0.156107,0.0152991
8.8637,0.152693,0.162462,-0.00976922,-0.00416972,-0.00191187,-0.000598744,-0.0014642,0.155317,0.0152896
8.86957,0.338475,0.161675,0.1768,-0.00416553,-0.00190993,-0.000598117,-0.00146301,0.154531,0.0152801
8.87543,0.346955,0.160891,0.186064,-0.00416135,-0.00190799,-0.00059749,-0.00146181,0.153749,0.0152706
8.88129,0.100517,0.160111,-0.0595944,-0.00415718,-0.00190605,-0.000596865,-0.00146061,0.152971,0.015261
8.88715,0.143628,0.159335,-0.0157073,-0.00415301,-0.00190412,-0.000596241,-0.00145942,0.152196,0.0152514
8.89301,0.184292,0.158563,0.0257295,-0.00414886,-0.00190219,-0.000595619,-0.00145823,0.151426,0.0152417
8.89888,0.0307763,0.157794,-0.127018,-0.00414471,-0.00190027,-0.000594998,-0.00145704,0.150659,0.0152321
8.90474,0.136029,0.157029,-0.0210003,-0.00414057,-0.00189835,-0.000594378,-0.00145585,0.149896,0.0152223
8.9106,0.156725,0.156268,0.000457248,-0.00413644,-0.00189643,-0.000593759,-0.00145467,0.149136,0.0152126
8.91646,0.146533,0.15551,-0.00897714,-0.00413232,-0.00189452,-0.000593142,-0.00145348,0.148381,0.0152028
8.92233,0.218871,0.154756,0.0641154,-0.00412821,-0.00189261,-0.000592526,-0.0014523,0.147628,0.0151929
8.92819,0.292948,0.154005,0.138942,-0.00412411,-0.00189071,-0.000591911,-0.00145112,0.14688,0.0151831
8.93405,0.0462037,0.153258,-0.107055,-0.00412001,-0.00188881,-0.000591297,-0.00144994,0.146135,0.0151732
8.93991,0.050439,0.152515,-0.102076,-0.00411592,-0.00188691,-0.000590685,-0.00144877,0.145394,0.0151632
8.94577,0.0651437,0.151775,-0.0866314,-0.00411184,-0.00188502,-0.000590074,-0.00144759,0.144656,0.0151532
8.95164,0.00641425,0.151039,-0.144624,-0.00410777,-0.00188313,-0.000589464,-0.00144642,0.143922,0.0151432
8.9575,0.192283,0.150306,0.0419772,-0.00410371,-0.00188125,-0.000588856,-0.00144525,0.143192,0.0151331
8.96336,0.320577,0.149576,0.171001,-0.00409965,-0.00187937,-0.000588248,-0.00144408,0.142465,0.015123
8.96922,0.306708,0.14885,0.157858,-0.00409561,-0.00187749,-0.000587642,-0.00144292,0.141741,0.0151129
8.97509,0.160828,0.148128,0.0127,-0.00409157,-0.00187561,-0.000587037,-0.00144175,0.141021,0.0151027
8.98095,0.0514845,0.147409,-0.0959243,-0.00408754,-0.00187375,-0.000586434,-0.00144059,0.140305,0.0150925
8.98681,-0.0578504,0.146693,-0.204544,-0.00408352,-0.00187188,-0.000585832,-0.00143943,0.139591,0.0150823
8.99267,0.0927665,0.145981,-0.0532143,-0.0040795,-0.00187002,-0.00058523,-0.00143827,0.138882,0.015072
8.99853,0.109823,0.145272,-0.0354487,-0.0040755,-0.00186816,-0.000584631,-0.00143711,0.138175,0.0150617
9.0044,0.0803907,0.144566,-0.0641753,-0.0040715,-0.0018663,-0.000584032,-0.00143596,0.137472,0.0150513
9.01026,0.0820123,0.143864,-0.0618513,-0.00406751,-0.00186445,-0.000583434,-0.0014348,0.136773,0.015041
9.01612,0.268994,0.143165,0.12583,-0.00406353,-0.00186261,-0.000582838,-0.00143365,0.136077,0.0150305
9.02198,0.143569,0.142469,0.00110038,-0.00405956,-0.00186076,-0.000582243,-0.0014325,0.135384,0.0150201
9.02785,0.256311,0.141776,0.114535,-0.00405559,-0.00185892,-0.000581649,-0.00143136,0.134694,0.0150096
9.03371,0.109785,0.141087,-0.0313014,-0.00405163,-0.00185709,-0.000581057,-0.00143021,0.134008,0.014999
9.03957,0.124712,0.1404,-0.0156888,-0.00404768,-0.00185526,-0.000580465,-0.00142906,0.133325,0.0149884
9.04543,0.347013,0.139718,0.207295,-0.00404374,-0.00185343,-0.000579875,-0.00142792,0.132645,0.0149778
9.05129,0.303459,0.139038,0.164421,-0.00403981,-0.0018516,-0.000579286,-0.00142678,0.131968,0.0149672
9.05716,0.138537,0.138361,0.000175636,-0.00403588,-0.00184978,-0.000578698,-0.00142564,0.131295,0.0149565
9.06302,0.127516,0.137687,-0.0101719,-0.00403196,-0.00184796,-0.000578112,-0.00142451,0.130624,0.0149458
9.06888,-0.0145014,0.137017,-0.151518,-0.00402805,-0.00184615,-0.000577526,-0.00142337,0.129957,0.014935
9.07474,-0.169667,0.13635,-0.306016,-0.00402415,-0.00184434,-0.000576942,-0.00142224,0.129293,0.0149242
9.08061,0.10029,0.135685,-0.0353957,-0.00402026,-0.00184253,-0.000576359,-0.00142111,0.128632,0.0149134
9.08647,0.0704236,0.135024,-0.0646007,-0.00401637,-0.00184073,-0.000575777,-0.00141998,0.127975,0.0149025
9.09233,0.0804533,0.134366,-0.0539128,-0.00401249,-0.00183893,-0.000575196,-0.00141885,0.12732,0.0148916
9.09819,0.201667,0.133711,0.0679565,-0.00400862,-0.00183713,-0.000574617,-0.00141772,0.126668,0.0148806
9.10405,0.321331,0.133059,0.188272,-0.00400475,-0.00183534,-0.000574038,-0.0014166,0.12602,0.0148697
9.10992,0.0994662,0.13241,-0.0329435,-0.0040009,-0.00183355,-0.000573461,-0.00141548,0.125375,0.0148586
9.11578,0.34446,0.131764,0.212697,-0.00399705,-0.00183177,-0.000572885,-0.00141435,0.124732,0.0148476
9.12164,0.211494,0.13112,0.0803733,-0.00399321,-0.00182998,-0.00057231,-0.00141324,0.124093,0.0148365
9.1275,0.239904,0.13048,0.109424,-0.00398937,-0.00182821,-0.000571736,-0.00141212,0.123456,0.0148254
9.13337,0.0260116,0.129843,-0.103831,-0.00398554,-0.00182643,-0.000571164,-0.001411,0.122823,0.0148142
9.13923,0.017408,0.129208,-0.1118,-0.00398173,-0.00182466,-0.000570592,-0.00140989,0.122192,0.014803
9.14509,0.221671,0.128577,0.0930942,-0.00397791,-0.00182289,-0.000570022,-0.00140878,0.121565,0.0147917
9.15095,0.200924,0.127948,0.0729757,-0.00397411,-0.00182113,-0.000569452,-0.00140767,0.12094,0.0147805
9.15681,0.194237,0.127322,0.066915,-0.00397031,-0.00181937,-0.000568884,-0.00140656,0.120318,0.0147691
9.16268,-0.00738495,0.126699,-0.134084,-0.00396653,-0.00181761,-0.000568317,-0.00140545,0.119699,0.0147578
9.16854,0.203076,0.126079,0.0769967,-0.00396274,-0.00181585,-0.000567751,-0.00140435,0.119083,0.0147464
9.1744,0.134713,0.125462,0.0092512,-0.00395897,-0.0018141,-0.000567187,-0.00140324,0.11847,0.014735
9.18026,0.167594,0.124847,0.0427468,-0.0039552,-0.00181236,-0.000566623,-0.00140214,0.11786,0.0147235
9.18613,0.135338,0.124235,0.0111033,-0.00395144,-0.00181061,-0.00056606,-0.00140104,0.117252,0.014712
9.19199,-0.0762813,0.123626,-0.199907,-0.00394769,-0.00180887,-0.000565499,-0.00139994,0.116648,0.0147005
9.19785,-0.0832464,0.12302,-0.206266,-0.00394395,-0.00180714,-0.000564939,-0.00139885,0.116046,0.0146889
9.20371,0.00465134,0.122416,-0.117765,-0.00394021,-0.0018054,-0.000564379,-0.00139775,0.115447,0.0146773
9.20957,0.0102706,0.121815,-0.111544,-0.00393648,-0.00180367,-0.000563821,-0.00139666,0.11485,0.0146656
9.21544,0.151967,0.121217,0.03075,-0.00393275,-0.00180194,-0.000563264,-0.00139557,0.114256,0.0146539
9.2213,0.171397,0.120621,0.0507755,-0.00392904,-0.00180022,-0.000562708,-0.00139448,0.113666,0.0146422
9.22716,0.285619,0.120028,0.165591,-0.00392533,-0.0017985,-0.000562154,-0.00139339,0.113077,0.0146304
9.23302,0.146166,0.119438,0.026728,-0.00392163,-0.00179678,-0.0005616,-0.0013923,0.112492,0.0146187
9.23889,0.0943976,0.118851,-0.024453,-0.00391793,-0.00179507,-0.000561047,-0.00139122,0.111909,0.0146068
9.24475,0.202254,0.118266,0.0839884,-0.00391425,-0.00179336,-0.000560496,-0.00139014,0.111329,0.0145949
9.25061,0.304535,0.117683,0.186852,-0.00391057,-0.00179165,-0.000559945,-0.00138906,0.110751,0.014583
9.25647,0.237484,0.117103,0.120381,-0.00390689,-0.00178995,-0.000559396,-0.00138798,0.110177,0.0145711
9.26234,0.185837,0.116526,0.0693108,-0.00390323,-0.00178825,-0.000558847,-0.0013869,0.109604,0.0145591
9.2682,0.180403,0.115951,0.0644511,-0.00389957,-0.00178655,-0.0005583,-0.00138582,0.109035,0.0145471
9.27406,0.149828,0.115379,0.0344486,-0.00389592,-0.00178486,-0.000557754,-0.00138475,0.108468,0.014535
9.27992,0.344667,0.11481,0.229857,-0.00389227,-0.00178317,-0.000557209,-0.00138367,0.107903,0.0145229
9.28578,0.174392,0.114243,0.0601495,-0.00388863,-0.00178148,-0.000556665,-0.0013826,0.107341,0.0145108
9.29165,-0.0121498,0.113678,-0.125828,-0.003885,-0.0017798,-0.000556122,-0.00138153,0.106782,0.0144986
9.29751,0.0946779,0.113116,-0.018438,-0.00388138,-0.00177811,-0.00055558,-0.00138047,0.106225,0.0144864
9.30337,-0.0518322,0.112556,-0.164388,-0.00387776,-0.00177644,-0.000555039,-0.0013794,0.105671,0.0144742
9.30923,0.116662,0.111999,0.00466332,-0.00387415,-0.00177476,-0.000554499,-0.00137834,0.105119,0.0144619
9.3151,0.0764252,0.111444,-0.0350191,-0.00387055,-0.00177309,-0.00055396,-0.00137727,0.10457,0.0144496
9.32096,0.0944005,0.110892,-0.0164915,-0.00386695,-0.00177142,-0.000553422,-0.00137621,0.104023,0.0144372
9.32682,0.10626,0.110342,-0.00408182,-0.00386336,-0.00176976,-0.000552885,-0.00137515,0.103478,0.0144249
9.33268,0.280085,0.109795,0.170291,-0.00385978,-0.0017681,-0.00055235,-0.00137409,0.102937,0.0144124
9.33854,0.281208,0.10925,0.171958,-0.0038562,-0.00176644,-0.000551815,-0.00137304,0.102397,0.0144
9.34441,0.316134,0.108707,0.207427,-0.00385263,-0.00176478,-0.000551281,-0.00137198,0.10186,0.0143875
9.35027,0.214777,0.108166,0.10661,-0.00384907,-0.00176313,-0.000550749,-0.00137093,0.101325,0.0143749
9.35613,0.251824,0.107628,0.144195,-0.00384551,-0.00176148,-0.000550217,-0.00136988,0.100793,0.0143623
9.36199,0.128335,0.107093,0.0212427,-0.00384196,-0.00175984,-0.000549686,-0.00136883,0.100263,0.0143497
9.36786,0.160038,0.106559,0.0534782,-0.00383842,-0.00175819,-0.000549157,-0.00136778,0.0997358,0.0143371
9.37372,0.227436,0.106028,0.121408,-0.00383488,-0.00175655,-0.000548628,-0.00136673,0.0992107,0.0143244
9.37958,0.118399,0.1055,0.0128992,-0.00383136,-0.00175492,-0.000548101,-0.00136569,0.0986879,0.0143117
9.38544,0.131269,0.104973,0.0262955,-0.00382783,-0.00175328,-0.000547574,-0.00136464,0.0981675,0.0142989
9.3913,0.10459,0.104449,0.000141296,-0.00382432,-0.00175165,-0.000547049,-0.0013636,0.0976494,0.0142861
9.39717,0.0733579,0.103927,-0.0305691,-0.00382081,-0.00175002,-0.000546524,-0.00136256,0.0971336,0.0142733
9.40303,0.177106,0.103407,0.0736989,-0.00381731,-0.0017484,-0.000546001,-0.00136152,0.0966201,0.0142604
9.40889,0.0409856,0.10289,-0.0619042,-0.00381381,-0.00174678,-0.000545478,-0.00136049,0.0961089,0.0142475
9.41475,0.00222324,0.102375,-0.100151,-0.00381032,-0.00174516,-0.000544957,-0.00135945,0.0955999,0.0142346
9.42062,0.127893,0.101862,0.0260315,-0.00380684,-0.00174354,-0.000544436,-0.00135842,0.0950932,0.0142216
9.42648,0.144612,0.101351,0.043261,-0.00380336,-0.00174193,-0.000543917,-0.00135738,0.0945888,0.0142086
9.43234,0.0706253,0.100842,-0.0302168,-0.00379989,-0.00174032,-0.000543398,-0.00135635,0.0940866,0.0141955
9.4382,0.125636,0.100336,0.0253001,-0.00379643,-0.00173872,-0.00054288,-0.00135532,0.0935866,0.0141824
9.44406,0.112852,0.0998313,0.013021,-0.00379297,-0.00173711,-0.000542364,-0.00135429,0.0930888,0.0141693
9.44993,-0.0326573,0.0993292,-0.131986,-0.00378952,-0.00173551,-0.000541848,-0.00135327,0.0925932,0.0141561
9.45579,0.220882,0.0988292,0.122053,-0.00378607,-0.00173392,-0.000541334,-0.00135224,0.0920998,0.0141429
9.46165,0.103323,0.0983313,0.00499167,-0.00378264,-0.00173232,-0.00054082,-0.00135122,0.0916086,0.0141297
9.46751,0.0977625,0.0978355,-7.29721e-05,-0.0037792,-0.00173073,-0.000540307,-0.0013502,0.0911196,0.0141164
9.47338,0.194529,0.0973418,0.0971872,-0.00377578,-0.00172914,-0.000539795,-0.00134918,0.0906327,0.0141031
9.47924,0.0532883,0.0968503,-0.043562,-0.00377236,-0.00172756,-0.000539285,-0.00134816,0.0901479,0.0140897
9.4851,0.219621,0.0963608,0.12326,-0.00376895,-0.00172597,-0.000538775,-0.00134714,0.0896653,0.0140763
9.49096,0.209634,0.0958733,0.113761,-0.00376554,-0.00172439,-0.000538266,-0.00134613,0.0891848,0.0140629
9.49682,0.197446,0.095388,0.102058,-0.00376214,-0.00172282,-0.000537758,-0.00134511,0.0887064,0.0140494
9.50269,0.0828486,0.0949046,-0.012056,-0.00375875,-0.00172124,-0.000537251,-0.0013441,0.08823,0.0140359
9.50855,0.236172,0.0944234,0.141749,-0.00375536,-0.00171967,-0.000536745,-0.00134309,0.0877558,0.0140224
9.51441,0.035057,0.0939441,-0.0588871,-0.00375198,-0.00171811,-0.00053624,-0.00134208,0.0872837,0.0140088
9.52027,0.0342567,0.0934668,-0.0592101,-0.0037486,-0.00171654,-0.000535736,-0.00134107,0.0868136,0.0139952
9.52614,0.0158893,0.0929916,-0.0771023,-0.00374524,-0.00171498,-0.000535233,-0.00134007,0.0863455,0.0139816
9.532,0.136144,0.0925183,0.0436258,-0.00374187,-0.00171342,-0.000534731,-0.00133906,0.0858795,0.0139679
9.53786,0.14773,0.0920471,0.0556828,-0.00373852,-0.00171186,-0.000534229,-0.00133806,0.0854156,0.0139542
9.54372,0.114071,0.0915778,0.0224937,-0.00373517,-0.00171031,-0.000533729,-0.00133706,0.0849536,0.0139404
9.54958,0.10471,0.0911104,0.0135995,-0.00373182,-0.00170876,-0.00053323,-0.00133606,0.0844937,0.0139266
9.55545,0.0861589,0.090645,-0.00448614,-0.00372848,-0.00170721,-0.000532731,-0.00133506,0.0840357,0.0139128
9.56131,0.0545404,0.0901816,-0.0356411,-0.00372515,-0.00170567,-0.000532234,-0.00133406,0.0835798,0.0138989
9.56717,-0.055625,0.08972,-0.145345,-0.00372183,-0.00170412,-0.000531737,-0.00133306,0.0831258,0.013885
9.57303,0.143867,0.0892604,0.0546065,-0.00371851,-0.00170259,-0.000531241,-0.00133207,0.0826738,0.013871
9.5789,0.102606,0.0888027,0.0138029,-0.00371519,-0.00170105,-0.000530746,-0.00133108,0.0822237,0.0138571
9.58476,0.108542,0.0883469,0.0201948,-0.00371189,-0.00169952,-0.000530253,-0.00133008,0.0817756,0.013843
9.59062,0.0460751,0.087893,-0.0418179,-0.00370858,-0.00169798,-0.00052976,-0.00132909,0.0813294,0.013829
9.59648,-0.026715,0.0874409,-0.114156,-0.00370529,-0.00169646,-0.000529268,-0.00132811,0.0808852,0.0138149
9.60234,0.110899,0.0869908,0.0239079,-0.003702,-0.00169493,-0.000528776,-0.00132712,0.0804428,0.0138008
9.60821,0.123354,0.0865425,0.036812,-0.00369871,-0.00169341,-0.000528286,-0.00132613,0.0800024,0.0137866
9.61407,0.239653,0.086096,0.153557,-0.00369544,-0.00169189,-0.000527797,-0.00132515,0.0795639,0.0137724
9.61993,0.0686094,0.0856514,-0.017042,-0.00369217,-0.00169037,-0.000527308,-0.00132417,0.0791272,0.0137582
9.62579,0.133852,0.0852085,0.0486432,-0.0036889,-0.00168886,-0.000526821,-0.00132318,0.0786924,0.0137439
9.63166,0.137051,0.0847676,0.0522831,-0.00368564,-0.00168735,-0.000526334,-0.0013222,0.0782595,0.0137296
9.63752,0.0985353,0.0843284,0.0142069,-0.00368239,-0.00168584,-0.000525849,-0.00132123,0.0778285,0.0137152
9.64338,0.0276151,0.083891,-0.0562759,-0.00367914,-0.00168433,-0.000525364,-0.00132025,0.0773993,0.0137008
9.64924,0.103709,0.0834554,0.0202537,-0.00367589,-0.00168283,-0.00052488,-0.00131927,0.0769719,0.0136864
9.65511,-0.134596,0.0830216,-0.217617,-0.00367266,-0.00168133,-0.000524397,-0.0013183,0.0765464,0.0136719
9.66097,-0.0466873,0.0825896,-0.129277,-0.00366943,-0.00167983,-0.000523914,-0.00131733,0.0761226,0.0136574
9.66683,0.0683481,0.0821593,-0.0138112,-0.0036662,-0.00167833,-0.000523433,-0.00131636,0.0757007,0.0136429
9.67269,0.0192922,0.0817307,-0.0624385,-0.00366298,-0.00167684,-0.000522953,-0.00131539,0.0752806,0.0136283
9.67855,-0.0390691,0.081304,-0.120373,-0.00365977,-0.00167535,-0.000522473,-0.00131442,0.0748623,0.0136137
9.68442,0.171346,0.0808789,0.0904667,-0.00365656,-0.00167387,-0.000521995,-0.00131345,0.0744457,0.0135991
9.69028,0.18557,0.0804556,0.105114,-0.00365336,-0.00167238,-0.000521517,-0.00131249,0.0740309,0.0135844
9.69614,0.166488,0.080034,0.0864537,-0.00365016,-0.0016709,-0.00052104,-0.00131152,0.0736179,0.0135697
9.702,0.30621,0.0796141,0.226596,-0.00364697,-0.00166942,-0.000520564,-0.00131056,0.0732067,0.0135549
9.70787,0.215621,0.0791958,0.136425,-0.00364379,-0.00166794,-0.000520089,-0.0013096,0.0727972,0.0135401
9.71373,0.103305,0.0787793,0.0245253,-0.00364061,-0.00166647,-0.000519614,-0.00130864,0.0723894,0.0135253
9.71959,0.107309,0.0783645,0.028945,-0.00363744,-0.001665,-0.000519141,-0.00130768,0.0719833,0.0135104
9.72545,0.221228,0.0779513,0.143277,-0.00363427,-0.00166353,-0.000518668,-0.00130672,0.071579,0.0134955
9.73131,0.0312357,0.0775398,-0.0463041,-0.00363111,-0.00166206,-0.000518197,-0.00130577,0.0711764,0.0134805
9.73718,0.185037,0.0771299,0.107907,-0.00362795,-0.0016606,-0.000517726,-0.00130481,0.0707754,0.0134656
9.74304,0.165095,0.0767217,0.0883731,-0.0036248,-0.00165914,-0.000517256,-0.00130386,0.0703762,0.0134505
9.7489,0.246879,0.0763151,0.170564,-0.00362165,-0.00165768,-0.000516786,-0.00130291,0.0699787,0.0134355
9.75476,0.041383,0.0759102,-0.0345272,-0.00361851,-0.00165623,-0.000516318,-0.00130196,0.0695828,0.0134204
9.76063,-0.00713766,0.0755068,-0.0826445,-0.00361538,-0.00165477,-0.000515851,-0.00130101,0.0691886,0.0134053
9.76649,-0.0447357,0.0751051,-0.119841,-0.00361225,-0.00165332,-0.000515384,-0.00130006,0.068796,0.0133901
9.77235,0.085433,0.074705,0.010728,-0.00360913,-0.00165188,-0.000514918,-0.00129912,0.0684051,0.0133749
9.77821,0.0789518,0.0743065,0.0046453,-0.00360601,-0.00165043,-0.000514453,-0.00129817,0.0680159,0.0133597
9.78407,0.0765699,0.0739095,0.00266042,-0.0036029,-0.00164899,-0.000513989,-0.00129723,0.0676282,0.0133444
9.78994,0.0750092,0.0735142,0.00149509,-0.00359979,-0.00164755,-0.000513526,-0.00129629,0.0672422,0.0133291
9.7958,0.00147675,0.0731204,-0.0716436,-0.00359669,-0.00164611,-0.000513063,-0.00129535,0.0668579,0.0133137
9.80166,0.184653,0.0727281,0.111925,-0.00359359,-0.00164467,-0.000512602,-0.00129441,0.0664751,0.0132983
9.80752,0.0933636,0.0723374,0.0210261,-0.0035905,-0.00164324,-0.000512141,-0.00129347,0.0660939,0.0132829
9.81339,0.241871,0.0719483,0.169923,-0.00358742,-0.00164181,-0.000511681,-0.00129253,0.0657143,0.0132674
9.81925,0.0557228,0.0715607,-0.0158379,-0.00358434,-0.00164038,-0.000511222,-0.0012916,0.0653363,0.0132519
9.82511,0.0419567,0.0711746,-0.029218,-0.00358126,-0.00163896,-0.000510763,-0.00129066,0.0649599,0.0132364
9.83097,-0.0191164,0.0707901,-0.0899065,-0.0035782,-0.00163754,-0.000510306,-0.00128973,0.064585,0.0132208
9.83683,0.115816,0.070407,0.0454092,-0.00357513,-0.00163612,-0.000509849,-0.0012888,0.0642117,0.0132052
9.8427,0.20842,0.0700255,0.138394,-0.00357207,-0.0016347,-0.000509393,-0.00128787,0.06384,0.0131896
9.84856,0.231555,0.0696455,0.16191,-0.00356902,-0.00163329,-0.000508938,-0.00128694,0.0634698,0.0131739
9.85442,0.047046,0.0692669,-0.022221,-0.00356597,-0.00163187,-0.000508484,-0.00128602,0.0631011,0.0131582
9.86028,-0.14191,0.0688899,-0.2108,-0.00356293,-0.00163046,-0.00050803,-0.00128509,0.062734,0.0131424
9.86615,-0.0766688,0.0685143,-0.145183,-0.0035599,-0.00162906,-0.000507577,-0.00128417,0.0623684,0.0131266
9.87201,-0.00240417,0.0681402,-0.0705443,-0.00355686,-0.00162765,-0.000507126,-0.00128324,0.0620043,0.0131108
9.87787,0.0843683,0.0677675,0.0166008,-0.00355384,-0.00162625,-0.000506675,-0.00128232,0.0616417,0.0130949
9.88373,0.136685,0.0673963,0.0692892,-0.00355082,-0.00162485,-0.000506224,-0.0012814,0.0612806,0.013079
9.88959,0.0552173,0.0670265,-0.0118092,-0.0035478,-0.00162345,-0.000505775,-0.00128048,0.060921,0.0130631
9.89546,0.135021,0.0666582,0.0683628,-0.00354479,-0.00162205,-0.000505326,-0.00127956,0.0605628,0.0130471
9.90132,0.194965,0.0662913,0.128673,-0.00354178,-0.00162066,-0.000504878,-0.00127865,0.0602062,0.0130311
9.90718,0.23179,0.0659258,0.165864,-0.00353878,-0.00161927,-0.000504431,-0.00127773,0.059851,0.013015
9.91304,-0.070736,0.0655618,-0.136298,-0.00353579,-0.00161788,-0.000503985,-0.00127682,0.0594973,0.0129989
9.91891,-0.0697579,0.0651991,-0.134957,-0.0035328,-0.0016165,-0.000503539,-0.00127591,0.0591451,0.0129828
9.92477,-0.0127592,0.0648379,-0.0775971,-0.00352982,-0.00161511,-0.000503095,-0.00127499,0.0587943,0.0129666
9.93063,0.0691826,0.064478,0.00470462,-0.00352684,-0.00161373,-0.000502651,-0.00127408,0.0584449,0.0129504
9.93649,0.120947,0.0641195,0.056827,-0.00352386,-0.00161235,-0.000502207,-0.00127318,0.058097,0.0129342
9.94235,0.0575745,0.0637625,-0.006188,-0.00352089,-0.00161098,-0.000501765,-0.00127227,0.0577505,0.0129179
9.94822,0.143959,0.0634067,0.080552,-0.00351793,-0.0016096,-0.000501323,-0.00127136,0.0574054,0.0129016
9.95408,0.0776606,0.0630524,0.0146082,-0.00351497,-0.00160823,-0.000500883,-0.00127046,0.0570617,0.0128852
9.95994,0.0904954,0.0626994,0.027796,-0.00351202,-0.00160686,-0.000500442,-0.00126955,0.0567194,0.0128689
9.9658,0.0233291,0.0623478,-0.0390187,-0.00350907,-0.0016055,-0.000500003,-0.00126865,0.0563786,0.0128524
9.97167,0.0397437,0.0619975,-0.0222538,-0.00350612,-0.00160413,-0.000499565,-0.00126775,0.0560391,0.012836
9.97753,0.0760627,0.0616485,0.0144142,-0.00350318,-0.00160277,-0.000499127,-0.00126685,0.055701,0.0128195
9.98339,-0.0395279,0.0613009,-0.100829,-0.00350025,-0.00160141,-0.00049869,-0.00126595,0.0553643,0.0128029
9.98925,0.0546756,0.0609546,-0.00627906,-0.00349732,-0.00160005,-0.000498254,-0.00126506,0.0550289,0.0127864
9.99511,0.058974,0.0606096,-0.00163567,-0.0034944,-0.0015987,-0.000497818,-0.00126416,0.054695,0.0127698
10.001,0.0273939,0.060266,-0.0328721,-0.00349148,-0.00159735,-0.000497383,-0.00126327,0.0543623,0.0127531
10.0068,-0.0449352,0.0599236,-0.104859,-0.00348856,-0.001596,-0.000496949,-0.00126237,0.0540311,0.0127364
10.0127,0.211803,0.0595826,0.152221,-0.00348566,-0.00159465,-0.000496516,-0.00126148,0.0537012,0.0127197
10.0186,0.0429224,0.0592428,-0.0163204,-0.00348275,-0.0015933,-0.000496084,-0.00126059,0.0533726,0.0127029
10.0244,0.00469608,0.0589043,-0.0542082,-0.00347985,-0.00159196,-0.000495652,-0.0012597,0.0530453,0.0126861
10.0303,-0.00599571,0.0585671,-0.0645628,-0.00347696,-0.00159062,-0.000495221,-0.00125881,0.0527194,0.0126693
10.0362,0.123915,0.0582312,0.0656835,-0.00347407,-0.00158928,-0.000494791,-0.00125792,0.0523948,0.0126524
10.042,0.0221138,0.0578965,-0.0357828,-0.00347118,-0.00158794,-0.000494361,-0.00125704,0.0520715,0.0126355
10.0479,0.106254,0.0575631,0.0486913,-0.00346831,-0.00158661,-0.000493933,-0.00125615,0.0517495,0.0126186
10.0537,0.028871,0.057231,-0.02836,-0.00346543,-0.00158528,-0.000493505,-0.00125527,0.0514288,0.0126016
10.0596,0.22491,0.0569001,0.16801,-0.00346256,-0.00158395,-0.000493077,-0.00125439,0.0511094,0.0125846
10.0655,0.0454794,0.0565704,-0.011091,-0.0034597,-0.00158262,-0.000492651,-0.00125351,0.0507913,0.0125675
10.0713,0.15638,0.056242,0.100138,-0.00345684,-0.00158129,-0.000492225,-0.00125263,0.0504745,0.0125505
10.0772,0.138187,0.0559148,0.0822722,-0.00345398,-0.00157997,-0.0004918,-0.00125175,0.050159,0.0125333
10.083,0.0473617,0.0555888,-0.00822715,-0.00345113,-0.00157865,-0.000491376,-0.00125087,0.0498447,0.0125162
10.0889,0.0609292,0.0552641,0.00566515,-0.00344828,-0.00157733,-0.000490952,-0.00125,0.0495317,0.012499
10.0948,0.170628,0.0549405,0.115687,-0.00344544,-0.00157602,-0.000490529,-0.00124912,0.0492199,0.0124817
10.1006,0.213399,0.0546182,0.158781,-0.00344261,-0.0015747,-0.000490107,-0.00124825,0.0489094,0.0124644
10.1065,0.156711,0.0542971,0.102414,-0.00343978,-0.00157339,-0.000489686,-0.00124738,0.0486002,0.0124471
10.1124,0.19733,0.0539771,0.143353,-0.00343695,-0.00157208,-0.000489265,-0.00124651,0.0482921,0.0124298
10.1182,0.0860463,0.0536584,0.032388,-0.00343413,-0.00157077,-0.000488845,-0.00124564,0.0479854,0.0124124
10.1241,0.0657998,0.0533408,0.012459,-0.00343131,-0.00156947,-0.000488426,-0.00124477,0.0476798,0.012395
10.1299,0.224867,0.0530244,0.171843,-0.0034285,-0.00156816,-0.000488007,-0.0012439,0.0473755,0.0123775
10.1358,-0.0612573,0.0527092,-0.113966,-0.00342569,-0.00156686,-0.000487589,-0.00124303,0.0470723,0.01236
10.1417,0.0979948,0.0523951,0.0455997,-0.00342289,-0.00156557,-0.000487172,-0.00124217,0.0467704,0.0123425
10.1475,0.109681,0.0520822,0.0575986,-0.00342009,-0.00156427,-0.000486756,-0.0012413,0.0464697,0.0123249
10.1534,0.0344974,0.0517705,-0.017273,-0.0034173,-0.00156297,-0.00048634,-0.00124044,0.0461702,0.0123073
10.1593,0.00817796,0.0514599,-0.0432819,-0.00341451,-0.00156168,-0.000485925,-0.00123958,0.0458719,0.0122897
10.1651,0.042739,0.0511504,-0.00841143,-0.00341172,-0.00156039,-0.000485511,-0.00123872,0.0455748,0.012272
10.171,0.141245,0.0508421,0.0904029,-0.00340894,-0.0015591,-0.000485097,-0.00123786,0.0452788,0.0122542
10.1768,0.0116094,0.0505349,-0.0389255,-0.00340617,-0.00155782,-0.000484684,-0.001237,0.044984,0.0122365
10.1827,-0.022402,0.0502288,-0.0726308,-0.0034034,-0.00155653,-0.000484272,-0.00123615,0.0446904,0.0122187
10.1886,0.0654105,0.0499238,0.0154867,-0.00340063,-0.00155525,-0.000483861,-0.00123529,0.044398,0.0122009
10.1944,0.100445,0.04962,0.0508249,-0.00339787,-0.00155397,-0.00048345,-0.00123444,0.0441067,0.012183
10.2003,-0.00364458,0.0493173,-0.0529619,-0.00339511,-0.0015527,-0.00048304,-0.00123358,0.0438166,0.0121651
10.2062,0.153576,0.0490156,0.10456,-0.00339236,-0.00155142,-0.00048263,-0.00123273,0.0435276,0.0121472
10.212,-0.0641558,0.0487151,-0.112871,-0.00338961,-0.00155015,-0.000482222,-0.00123188,0.0432398,0.0121292
10.2179,-0.0133768,0.0484157,-0.0617925,-0.00338687,-0.00154888,-0.000481814,-0.00123103,0.0429531,0.0121112
10.2237,-0.0244882,0.0481173,-0.0726055,-0.00338413,-0.00154761,-0.000481406,-0.00123018,0.0426676,0.0120931
10.2296,-0.0822187,0.0478201,-0.130039,-0.0033814,-0.00154634,-0.000481,-0.00122934,0.0423831,0.012075
10.2355,-0.13582,0.0475239,-0.183344,-0.00337867,-0.00154508,-0.000480594,-0.00122849,0.0420998,0.0120569
10.2413,-0.00809953,0.0472287,-0.0553283,-0.00337594,-0.00154382,-0.000480189,-0.00122765,0.0418176,0.0120387
10.2472,0.134226,0.0469347,0.0872916,-0.00337322,-0.00154256,-0.000479784,-0.0012268,0.0415365,0.0120205
10.2531,0.194453,0.0466417,0.147812,-0.0033705,-0.0015413,-0.00047938,-0.00122596,0.0412566,0.0120023
10.2589,0.106292,0.0463498,0.059942,-0.00336779,-0.00154004,-0.000478977,-0.00122512,0.0409777,0.011984
10.2648,-0.039748,0.0460589,-0.0858068,-0.00336508,-0.00153879,-0.000478574,-0.00122428,0.0406999,0.0119657
10.2706,-0.103626,0.045769,-0.149395,-0.00336238,-0.00153753,-0.000478172,-0.00122344,0.0404232,0.0119473
10.2765,0.131597,0.0454802,0.0861171,-0.00335968,-0.00153628,-0.000477771,-0.0012226,0.0401476,0.011929
10.2824,0.181863,0.0451925,0.136671,-0.00335699,-0.00153504,-0.000477371,-0.00122176,0.0398731,0.0119105
10.2882,-0.0312342,0.0449057,-0.0761399,-0.0033543,-0.00153379,-0.000476971,-0.00122093,0.0395996,0.0118921
10.2941,0.0637987,0.04462,0.0191787,-0.00335161,-0.00153255,-0.000476571,-0.00122009,0.0393273,0.0118736
10.3,0.148094,0.0443353,0.103759,-0.00334893,-0.00153131,-0.000476173,-0.00121926,0.0390559,0.011855
10.3058,0.103599,0.0440516,0.0595476,-0.00334626,-0.00153007,-0.000475775,-0.00121843,0.0387857,0.0118365
10.3117,-0.116016,0.043769,-0.159785,-0.00334358,-0.00152883,-0.000475378,-0.0012176,0.0385165,0.0118179
10.3175,-0.0631849,0.0434873,-0.106672,-0.00334092,-0.00152759,-0.000474981,-0.00121677,0.0382484,0.0117992
10.3234,0.0251626,0.0432067,-0.018044,-0.00333825,-0.00152636,-0.000474585,-0.00121594,0.0379813,0.0117805
10.3293,-0.0442688,0.042927,-0.0871958,-0.00333559,-0.00152513,-0.00047419,-0.00121511,0.0377152,0.0117618
10.3351,0.0272413,0.0426483,-0.015407,-0.00333294,-0.0015239,-0.000473796,-0.00121428,0.0374502,0.0117431
10.341,0.0522871,0.0423706,0.0099165,-0.00333029,-0.00152267,-0.000473402,-0.00121346,0.0371862,0.0117243
10.3468,0.0308951,0.0420939,-0.0111988,-0.00332764,-0.00152144,-0.000473008,-0.00121263,0.0369232,0.0117054
10.3527,0.0482525,0.0418182,0.00643424,-0.003325,-0.00152022,-0.000472616,-0.00121181,0.0366613,0.0116866
10.3586,0.0826213,0.0415435,0.0410778,-0.00332236,-0.001519,-0.000472224,-0.00121099,0.0364004,0.0116677
10.3644,0.0482085,0.0412697,0.00693883,-0.00331973,-0.00151778,-0.000471832,-0.00121017,0.0361405,0.0116487
10.3703,-0.0525188,0.0409969,-0.0935157,-0.0033171,-0.00151656,-0.000471442,-0.00120935,0.0358816,0.0116297
10.3762,-0.115745,0.040725,-0.15647,-0.00331447,-0.00151534,-0.000471052,-0.00120853,0.0356237,0.0116107
10.382,0.0908861,0.0404541,0.050432,-0.00331185,-0.00151413,-0.000470662,-0.00120771,0.0353668,0.0115917
10.3879,-0.0958546,0.0401841,-0.136039,-0.00330924,-0.00151292,-0.000470273,-0.00120689,0.0351109,0.0115726
10.3937,-0.0405463,0.0399151,-0.0804614,-0.00330662,-0.00151171,-0.000469885,-0.00120608,0.034856,0.0115535
10.3996,-0.0842906,0.0396471,-0.123938,-0.00330401,-0.0015105,-0.000469498,-0.00120526,0.034602,0.0115343
10.4055,-0.0443314,0.0393799,-0.0837114,-0.00330141,-0.0015093,-0.000469111,-0.00120445,0.0343491,0.0115151
10.4113,0.0227345,0.0391137,-0.0163792,-0.00329881,-0.00150809,-0.000468725,-0.00120364,0.0340971,0.0114959
10.4172,0.0600075,0.0388484,0.021159,-0.00329622,-0.00150689,-0.000468339,-0.00120283,0.0338461,0.0114766
10.4231,0.0107305,0.0385841,-0.0278536,-0.00329362,-0.00150569,-0.000467954,-0.00120202,0.0335961,0.0114573
10.4289,0.0384738,0.0383207,0.000153131,-0.00329104,-0.00150449,-0.00046757,-0.00120121,0.033347,0.0114379
10.4348,-0.0679236,0.0380581,-0.105982,-0.00328845,-0.00150329,-0.000467186,-0.0012004,0.0330989,0.0114185
10.4406,-0.0249981,0.0377965,-0.0627946,-0.00328587,-0.0015021,-0.000466803,-0.00119959,0.0328518,0.0113991
10.4465,-0.00257286,0.0375358,-0.0401087,-0.0032833,-0.00150091,-0.000466421,-0.00119879,0.0326056,0.0113797
10.4524,-0.0890246,0.037276,-0.126301,-0.00328073,-0.00149972,-0.000466039,-0.00119798,0.0323603,0.0113602
10.4582,0.000104325,0.0370171,-0.0369128,-0.00327816,-0.00149853,-0.000465658,-0.00119718,0.032116,0.0113406
10.4641,0.0265521,0.0367591,-0.010207,-0.0032756,-0.00149734,-0.000465277,-0.00119638,0.0318726,0.0113211
10.47,-0.0525783,0.036502,-0.0890802,-0.00327304,-0.00149616,-0.000464897,-0.00119557,0.0316302,0.0113014
10.4758,0.0862463,0.0362457,0.0500005,-0.00327049,-0.00149497,-0.000464518,-0.00119477,0.0313887,0.0112818
10.4817,0.0933124,0.0359904,0.057322,-0.00326793,-0.00149379,-0.000464139,-0.00119397,0.0311481,0.0112621
10.4875,0.0489224,0.0357359,0.0131865,-0.00326539,-0.00149261,-0.000463761,-0.00119318,0.0309084,0.0112424
10.4934,0.0593869,0.0354822,0.0239046,-0.00326285,-0.00149144,-0.000463384,-0.00119238,0.0306697,0.0112226
10.4993,0.01306,0.0352295,-0.0221695,-0.00326031,-0.00149026,-0.000463007,-0.00119158,0.0304318,0.0112028
10.5051,-0.0929621,0.0349776,-0.12794,-0.00325777,-0.00148909,-0.000462631,-0.00119079,0.0301949,0.011183
10.511,0.0162503,0.0347266,-0.0184763,-0.00325524,-0.00148792,-0.000462255,-0.00118999,0.0299588,0.0111632
10.5169,-0.174784,0.0344764,-0.209261,-0.00325272,-0.00148675,-0.00046188,-0.0011892,0.0297237,0.0111432
10.5227,-0.064223,0.0342271,-0.0984501,-0.00325019,-0.00148558,-0.000461505,-0.00118841,0.0294895,0.0111233
10.5286,-0.055623,0.0339786,-0.0896016,-0.00324767,-0.00148441,-0.000461132,-0.00118762,0.0292561,0.0111033
10.5344,0.00595465,0.033731,-0.0277764,-0.00324516,-0.00148325,-0.000460758,-0.00118683,0.0290237,0.0110833
10.5403,-0.0070116,0.0334842,-0.0404958,-0.00324265,-0.00148209,-0.000460386,-0.00118604,0.0287921,0.0110633
10.5462,-0.0187619,0.0332383,-0.0520002,-0.00324014,-0.00148092,-0.000460014,-0.00118525,0.0285614,0.0110432
10.552,0.093577,0.0329932,0.0605839,-0.00323764,-0.00147977,-0.000459642,-0.00118447,0.0283316,0.011023
10.5579,-0.0435438,0.0327489,-0.0762927,-0.00323514,-0.00147861,-0.000459272,-0.00118368,0.0281027,0.0110029
10.5638,-0.11416,0.0325054,-0.146666,-0.00323265,-0.00147745,-0.000458901,-0.0011829,0.0278746,0.0109827
10.5696,-0.0314022,0.0322628,-0.0636649,-0.00323016,-0.0014763,-0.000458532,-0.00118211,0.0276474,0.0109624
10.5755,-0.148335,0.0320209,-0.180356,-0.00322767,-0.00147515,-0.000458163,-0.00118133,0.0274211,0.0109422
10.5813,0.0745537,0.0317799,0.0427738,-0.00322519,-0.001474,-0.000457794,-0.00118055,0.0271956,0.0109219
10.5872,-0.011591,0.0315397,-0.0431307,-0.00322271,-0.00147285,-0.000457426,-0.00117977,0.0269709,0.0109015
10.5931,0.0705853,0.0313003,0.039285,-0.00322023,-0.00147171,-0.000457059,-0.00117899,0.0267472,0.0108811
10.5989,0.0536003,0.0310617,0.0225386,-0.00321776,-0.00147056,-0.000456692,-0.00117821,0.0265242,0.0108607
10.6048,-0.129658,0.0308239,-0.160481,-0.00321529,-0.00146942,-0.000456326,-0.00117743,0.0263021,0.0108402
10.6106,-0.122691,0.0305869,-0.153278,-0.00321283,-0.00146828,-0.000455961,-0.00117666,0.0260809,0.0108198
10.6165,0.0493917,0.0303507,0.019041,-0.00321037,-0.00146714,-0.000455596,-0.00117588,0.0258604,0.0107992
10.6224,-0.00127516,0.0301152,-0.0313904,-0.00320791,-0.001466,-0.000455231,-0.00117511,0.0256408,0.0107786
10.6282,0.118246,0.0298806,0.088365,-0.00320546,-0.00146487,-0.000454868,-0.00117433,0.0254221,0.010758
10.6341,0.117249,0.0296467,0.0876021,-0.00320301,-0.00146373,-0.000454505,-0.00117356,0.0252041,0.0107374
10.64,-0.0904358,0.0294136,-0.119849,-0.00320057,-0.0014626,-0.000454142,-0.00117279,0.024987,0.0107167
10.6458,-0.155383,0.0291813,-0.184564,-0.00319813,-0.00146147,-0.00045378,-0.00117202,0.0247707,0.010696
10.6517,-0.129647,0.0289497,-0.158597,-0.00319569,-0.00146034,-0.000453418,-0.00117125,0.0245552,0.0106752
10.6575,-0.21388,0.0287189,-0.242599,-0.00319326,-0.00145922,-0.000453058,-0.00117048,0.0243405,0.0106545
10.6634,-0.0147754,0.0284889,-0.0432643,-0.00319083,-0.00145809,-0.000452697,-0.00116972,0.0241266,0.0106336
10.6693,0.0394856,0.0282596,0.0112259,-0.0031884,-0.00145697,-0.000452337,-0.00116895,0.0239135,0.0106128
10.6751,-0.0430965,0.0280311,-0.0711276,-0.00318598,-0.00145585,-0.000451978,-0.00116818,0.0237013,0.0105919
10.681,0.0561171,0.0278034,0.0283138,-0.00318356,-0.00145473,-0.00045162,-0.00116742,0.0234898,0.0105709
10.6869,-0.127852,0.0275763,-0.155429,-0.00318115,-0.00145361,-0.000451262,-0.00116666,0.0232791,0.0105499
10.6927,0.0109206,0.0273501,-0.0164294,-0.00317873,-0.0014525,-0.000450904,-0.00116589,0.0230692,0.0105289
10.6986,0.0739227,0.0271245,0.0467982,-0.00317633,-0.00145138,-0.000450547,-0.00116513,0.0228601,0.0105079
10.7044,-0.173399,0.0268997,-0.200299,-0.00317392,-0.00145027,-0.000450191,-0.00116437,0.0226517,0.0104868
10.7103,-0.0539915,0.0266757,-0.0806671,-0.00317152,-0.00144916,-0.000449835,-0.00116361,0.0224442,0.0104657
10.7162,-0.015617,0.0264523,-0.0420693,-0.00316913,-0.00144805,-0.00044948,-0.00116286,0.0222374,0.0104445
10.722,0.102067,0.0262297,0.075837,-0.00316674,-0.00144694,-0.000449125,-0.0011621,0.0220314,0.0104233
10.7279,0.0794288,0.0260079,0.0534209,-0.00316435,-0.00144584,-0.000448771,-0.00116134,0.0218261,0.0104021
10.7338,-0.122507,0.0257867,-0.148294,-0.00316196,-0.00144473,-0.000448418,-0.00116059,0.0216216,0.0103808
10.7396,0.142962,0.0255663,0.117396,-0.00315958,-0.00144363,-0.000448065,-0.00115983,0.0214179,0.0103595
10.7455,0.017913,0.0253465,-0.00743356,-0.0031572,-0.00144253,-0.000447712,-0.00115908,0.0212149,0.0103381
10.7513,-0.0163974,0.0251275,-0.0415249,-0.00315483,-0.00144143,-0.00044736,-0.00115833,0.0210127,0.0103167
10.7572,-0.160796,0.0249092,-0.185705,-0.00315246,-0.00144033,-0.000447009,-0.00115758,0.0208113,0.0102953
10.7631,0.0480313,0.0246916,0.0233397,-0.00315009,-0.00143924,-0.000446658,-0.00115683,0.0206105,0.0102739
10.7689,0.154992,0.0244747,0.130518,-0.00314773,-0.00143814,-0.000446308,-0.00115608,0.0204106,0.0102524
10.7748,0.14382,0.0242585,0.119561,-0.00314537,-0.00143705,-0.000445958,-0.00115533,0.0202114,0.0102308
10.7807,0.00121583,0.024043,-0.0228271,-0.00314301,-0.00143596,-0.000445609,-0.00115458,0.0200129,0.0102093
10.7865,0.0746044,0.0238281,0.0507762,-0.00314066,-0.00143487,-0.000445261,-0.00115383,0.0198151,0.0101877
10.7924,0.052837,0.023614,0.029223,-0.00313831,-0.00143379,-0.000444912,-0.00115309,0.0196181,0.010166
10.7982,0.123318,0.0234006,0.0999173,-0.00313597,-0.0014327,-0.000444565,-0.00115234,0.0194218,0.0101443
10.8041,0.135839,0.0231878,0.112651,-0.00313362,-0.00143162,-0.000444218,-0.0011516,0.0192262,0.0101226
10.81,0.0829298,0.0229757,0.0599541,-0.00313129,-0.00143053,-0.000443872,-0.00115086,0.0190314,0.0101009
10.8158,0.0901456,0.0227643,0.0673813,-0.00312895,-0.00142945,-0.000443526,-0.00115012,0.0188373,0.0100791
10.8217,-0.0109559,0.0225536,-0.0335094,-0.00312662,-0.00142838,-0.00044318,-0.00114937,0.0186439,0.0100572
10.8276,-0.0117914,0.0223435,-0.0341349,-0.00312429,-0.0014273,-0.000442835,-0.00114864,0.0184512,0.0100354
10.8334,0.168736,0.0221341,0.146602,-0.00312197,-0.00142622,-0.000442491,-0.0011479,0.0182592,0.0100135
10.8393,0.115665,0.0219253,0.0937397,-0.00311965,-0.00142515,-0.000442147,-0.00114716,0.0180679,0.00999153
10.8451,0.075354,0.0217173,0.0536368,-0.00311733,-0.00142408,-0.000441804,-0.00114642,0.0178773,0.00996956
10.851,0.0638922,0.0215099,0.0423823,-0.00311502,-0.00142301,-0.000441462,-0.00114569,0.0176875,0.00994754
10.8569,0.105116,0.0213031,0.0838126,-0.00311271,-0.00142194,-0.000441119,-0.00114495,0.0174983,0.00992549
10.8627,0.129096,0.021097,0.107999,-0.0031104,-0.00142087,-0.000440778,-0.00114422,0.0173098,0.0099034
10.8686,0.0937015,0.0208915,0.07281,-0.0031081,-0.0014198,-0.000440437,-0.00114348,0.017122,0.00988128
10.8745,0.0726024,0.0206867,0.0519158,-0.0031058,-0.00141874,-0.000440096,-0.00114275,0.016935,0.00985912
10.8803,-0.152207,0.0204825,-0.172689,-0.0031035,-0.00141768,-0.000439756,-0.00114202,0.0167485,0.00983692
10.8862,0.0396081,0.020279,0.0193291,-0.00310121,-0.00141662,-0.000439416,-0.00114129,0.0165628,0.00981468
10.892,0.0711401,0.0200761,0.0510641,-0.00309892,-0.00141556,-0.000439077,-0.00114056,0.0163778,0.00979241
10.8979,0.102832,0.0198738,0.0829583,-0.00309663,-0.0014145,-0.000438739,-0.00113983,0.0161934,0.0097701
10.9038,0.0277938,0.0196722,0.00812159,-0.00309435,-0.00141344,-0.000438401,-0.0011391,0.0160097,0.00974775
10.9096,0.024857,0.0194712,0.00538583,-0.00309207,-0.00141239,-0.000438064,-0.00113838,0.0158267,0.00972537
10.9155,-0.0997413,0.0192708,-0.119012,-0.0030898,-0.00141133,-0.000437727,-0.00113765,0.0156443,0.00970295
10.9213,-0.0834033,0.019071,-0.102474,-0.00308752,-0.00141028,-0.00043739,-0.00113693,0.0154627,0.00968049
10.9272,-0.111914,0.0188719,-0.130786,-0.00308526,-0.00140923,-0.000437054,-0.0011362,0.0152816,0.009658
10.9331,-0.00676391,0.0186734,-0.0254373,-0.00308299,-0.00140819,-0.000436719,-0.00113548,0.0151013,0.00963547
10.9389,-0.0446009,0.0184755,-0.0630764,-0.00308073,-0.00140714,-0.000436384,-0.00113476,0.0149216,0.0096129
10.9448,-0.0314208,0.0182782,-0.0496989,-0.00307847,-0.00140609,-0.00043605,-0.00113404,0.0147425,0.00959029
10.9507,0.0207298,0.0180815,0.00264827,-0.00307621,-0.00140505,-0.000435716,-0.00113332,0.0145641,0.00956765
10.9565,0.0588109,0.0178854,0.0409255,-0.00307396,-0.00140401,-0.000435383,-0.0011326,0.0143864,0.00954497
10.9624,0.000427663,0.0176899,-0.0172623,-0.00307171,-0.00140297,-0.00043505,-0.00113188,0.0142093,0.00952225
10.9682,0.108037,0.0174951,0.0905423,-0.00306947,-0.00140193,-0.000434717,-0.00113116,0.0140329,0.0094995
10.9741,-0.00263054,0.0173008,-0.0199313,-0.00306723,-0.00140089,-0.000434386,-0.00113044,0.013857,0.00947671
10.98,-0.00069871,0.0171071,-0.0178058,-0.00306499,-0.00139986,-0.000434054,-0.00112973,0.0136819,0.00945388
10.9858,0.0822579,0.016914,0.0653438,-0.00306275,-0.00139882,-0.000433723,-0.00112901,0.0135073,0.00943101
10.9917,-0.00976449,0.0167215,-0.026486,-0.00306052,-0.00139779,-0.000433393,-0.0011283,0.0133334,0.00940811
10.9976,0.114877,0.0165296,0.0983476,-0.00305829,-0.00139676,-0.000433063,-0.00112759,0.0131602,0.00938517
11.0034,-0.0673114,0.0163383,-0.0836497,-0.00305607,-0.00139573,-0.000432734,-0.00112687,0.0129875,0.0093622
11.0093,-0.00695848,0.0161476,-0.023106,-0.00305384,-0.0013947,-0.000432405,-0.00112616,0.0128155,0.00933918
11.0151,-0.167796,0.0159574,-0.183753,-0.00305162,-0.00139367,-0.000432077,-0.00112545,0.0126441,0.00931613
11.021,0.0648294,0.0157678,0.0490615,-0.00304941,-0.00139265,-0.000431749,-0.00112474,0.0124733,0.00929305
11.0269,0.2337,0.0155788,0.218121,-0.0030472,-0.00139163,-0.000431422,-0.00112404,0.0123032,0.00926992
11.0327,0.148967,0.0153904,0.133577,-0.00304499,-0.0013906,-0.000431095,-0.00112333,0.0121336,0.00924676
11.0386,0.0049427,0.0152025,-0.0102598,-0.00304278,-0.00138958,-0.000430769,-0.00112262,0.0119647,0.00922356
11.0445,0.107389,0.0150152,0.0923736,-0.00304058,-0.00138856,-0.000430443,-0.00112191,0.0117964,0.00920033
11.0503,0.0728395,0.0148285,0.0580111,-0.00303838,-0.00138755,-0.000430118,-0.00112121,0.0116287,0.00917706
11.0562,-0.0641719,0.0146423,-0.0788142,-0.00303618,-0.00138653,-0.000429793,-0.00112051,0.0114616,0.00915375
11.062,0.149729,0.0144567,0.135272,-0.00303399,-0.00138552,-0.000429468,-0.0011198,0.0112951,0.0091304
11.0679,-0.0267559,0.0142716,-0.0410275,-0.0030318,-0.0013845,-0.000429144,-0.0011191,0.0111292,0.00910702
11.0738,0.0104043,0.0140871,-0.00368284,-0.00302961,-0.00138349,-0.000428821,-0.0011184,0.0109639,0.0090836
11.0796,-0.0517762,0.0139032,-0.0656794,-0.00302743,-0.00138248,-0.000428498,-0.0011177,0.0107991,0.00906014
11.0855,-0.108925,0.0137198,-0.122645,-0.00302525,-0.00138147,-0.000428176,-0.001117,0.010635,0.00903665
11.0914,-0.00722632,0.0135369,-0.0207632,-0.00302307,-0.00138047,-0.000427854,-0.0011163,0.0104715,0.00901311
11.0972,-0.0220134,0.0133546,-0.035368,-0.0030209,-0.00137946,-0.000427532,-0.0011156,0.0103086,0.00898955
11.1031,0.0137752,0.0131729,0.000602313,-0.00301873,-0.00137846,-0.000427211,-0.0011149,0.0101462,0.00896594
11.1089,0.00860521,0.0129916,-0.00438641,-0.00301656,-0.00137745,-0.000426891,-0.00111421,0.00998444,0.0089423
11.1148,0.0656312,0.0128109,0.0528203,-0.0030144,-0.00137645,-0.000426571,-0.00111351,0.00982325,0.00891862
11.1207,0.110756,0.0126308,0.0981257,-0.00301224,-0.00137545,-0.000426251,-0.00111282,0.00966264,0.0088949
11.1265,0.135115,0.0124512,0.122664,-0.00301008,-0.00137446,-0.000425932,-0.00111213,0.0095026,0.00887115
11.1324,0.0801724,0.0122721,0.0679003,-0.00300792,-0.00137346,-0.000425614,-0.00111143,0.00934314,0.00884736
11.1383,0.00177697,0.0120935,-0.0103165,-0.00300577,-0.00137246,-0.000425296,-0.00111074,0.00918425,0.00882353
11.1441,0.0102769,0.0119155,-0.00163853,-0.00300362,-0.00137147,-0.000424978,-0.00111005,0.00902593,0.00879967
11.15,-0.0463996,0.011738,-0.0581376,-0.00300148,-0.00137048,-0.000424661,-0.00110936,0.00886817,0.00877577
11.1558,-0.148448,0.011561,-0.160009,-0.00299934,-0.00136949,-0.000424344,-0.00110867,0.00871098,0.00875183
11.1617,0.11082,0.0113845,0.0994352,-0.0029972,-0.0013685,-0.000424028,-0.00110798,0.00855435,0.00872785
11.1676,-0.0301995,0.0112085,-0.0414081,-0.00299506,-0.00136751,-0.000423712,-0.00110729,0.00839828,0.00870384
11.1734,0.0342791,0.0110331,0.023246,-0.00299293,-0.00136652,-0.000423397,-0.00110661,0.00824276,0.00867979
11.1793,-0.014312,0.0108582,-0.0251702,-0.0029908,-0.00136554,-0.000423082,-0.00110592,0.0080878,0.0086557
11.1851,0.105505,0.0106838,0.0948209,-0.00298867,-0.00136455,-0.000422768,-0.00110524,0.0079334,0.00863158
11.191,0.195041,0.0105098,0.184532,-0.00298655,-0.00136357,-0.000422454,-0.00110455,0.00777954,0.00860742
11.1969,0.0878193,0.0103364,0.0774829,-0.00298443,-0.00136259,-0.00042214,-0.00110387,0.00762624,0.00858322
11.2027,0.0586502,0.0101635,0.0484866,-0.00298231,-0.00136161,-0.000421828,-0.00110319,0.00747348,0.00855899
11.2086,0.145648,0.00999113,0.135657,-0.00298019,-0.00136063,-0.000421515,-0.0011025,0.00732126,0.00853472
11.2145,0.0536189,0.00981922,0.0437997,-0.00297808,-0.00135966,-0.000421203,-0.00110182,0.00716958,0.00851041
11.2203,-0.0605959,0.00964782,-0.0702437,-0.00297597,-0.00135868,-0.000420891,-0.00110114,0.00701845,0.00848606
11.2262,0.181746,0.0094769,0.172269,-0.00297387,-0.00135771,-0.00042058,-0.00110046,0.00686785,0.00846168
11.232,-0.200235,0.00930648,-0.209542,-0.00297177,-0.00135674,-0.00042027,-0.00109979,0.00671778,0.00843726
11.2379,-0.220456,0.00913655,-0.229593,-0.00296967,-0.00135577,-0.00041996,-0.00109911,0.00656825,0.0084128
11.2438,0.0743079,0.00896711,0.0653408,-0.00296757,-0.0013548,-0.00041965,-0.00109843,0.00641925,0.00838831
11.2496,0.188093,0.00879816,0.179295,-0.00296548,-0.00135383,-0.000419341,-0.00109776,0.00627078,0.00836378
11.2555,-0.0563948,0.00862968,-0.0650245,-0.00296339,-0.00135286,-0.000419032,-0.00109708,0.00612283,0.00833921
11.2614,-0.231478,0.00846169,-0.23994,-0.0029613,-0.0013519,-0.000418723,-0.00109641,0.00597541,0.00831461
11.2672,-0.119412,0.00829418,-0.127706,-0.00295921,-0.00135093,-0.000418415,-0.00109573,0.00582851,0.00828997
11.2731,0.0529159,0.00812715,0.0447887,-0.00295713,-0.00134997,-0.000418108,-0.00109506,0.00568213,0.00826529
11.2789,0.131464,0.00796059,0.123503,-0.00295505,-0.00134901,-0.000417801,-0.00109439,0.00553627,0.00824057
11.2848,-0.0773619,0.0077945,-0.0851564,-0.00295298,-0.00134805,-0.000417494,-0.00109372,0.00539092,0.00821582
11.2907,0.124169,0.00762889,0.11654,-0.0029509,-0.00134709,-0.000417188,-0.00109305,0.00524609,0.00819103
11.2965,-0.00357293,0.00746374,-0.0110367,-0.00294884,-0.00134613,-0.000416883,-0.00109238,0.00510177,0.0081662
11.3024,-0.0380344,0.00729907,-0.0453335,-0.00294677,-0.00134518,-0.000416577,-0.00109171,0.00495796,0.00814134
11.3083,0.0293972,0.00713485,0.0222624,-0.0029447,-0.00134422,-0.000416273,-0.00109104,0.00481466,0.00811644
11.3141,0.0418034,0.0069711,0.0348323,-0.00294264,-0.00134327,-0.000415968,-0.00109038,0.00467186,0.0080915
11.32,-0.0123912,0.00680781,-0.019199,-0.00294059,-0.00134232,-0.000415664,-0.00108971,0.00452957,0.00806653
11.3258,0.0108425,0.00664498,0.0041975,-0.00293853,-0.00134137,-0.000415361,-0.00108905,0.00438777,0.00804151
11.3317,-0.181477,0.00648261,-0.187959,-0.00293648,-0.00134042,-0.000415058,-0.00108838,0.00424648,0.00801647
11.3376,-0.0174521,0.00632069,-0.0237728,-0.00293443,-0.00133947,-0.000414755,-0.00108772,0.00410569,0.00799138
11.3434,0.11944,0.00615923,0.113281,-0.00293238,-0.00133853,-0.000414453,-0.00108706,0.00396539,0.00796626
11.3493,-0.0769316,0.00599821,-0.0829298,-0.00293034,-0.00133758,-0.000414152,-0.00108639,0.00382558,0.0079411
11.3552,-0.0352925,0.00583765,-0.0411302,-0.0029283,-0.00133664,-0.00041385,-0.00108573,0.00368627,0.0079159
11.361,0.000219276,0.00567753,-0.00545825,-0.00292626,-0.00133569,-0.00041355,-0.00108507,0.00354744,0.00789067
11.3669,0.0121416,0.00551786,0.00662371,-0.00292423,-0.00133475,-0.000413249,-0.00108441,0.0034091,0.0078654
11.3727,0.0865048,0.00535863,0.0811461,-0.00292219,-0.00133381,-0.000412949,-0.00108375,0.00327125,0.00784009
11.3786,0.0182771,0.00519984,0.0130773,-0.00292017,-0.00133288,-0.00041265,-0.0010831,0.00313389,0.00781474
11.3845,-0.0400066,0.00504149,-0.0450481,-0.00291814,-0.00133194,-0.000412351,-0.00108244,0.002997,0.00778936
11.3903,-0.0297986,0.00488358,-0.0346822,-0.00291612,-0.001331,-0.000412052,-0.00108178,0.0028606,0.00776394
11.3962,-0.130418,0.00472611,-0.135144,-0.0029141,-0.00133007,-0.000411754,-0.00108113,0.00272467,0.00773849
11.4021,-0.0259916,0.00456907,-0.0305606,-0.00291208,-0.00132914,-0.000411456,-0.00108047,0.00258922,0.00771299
11.4079,-0.129649,0.00441246,-0.134061,-0.00291006,-0.00132821,-0.000411159,-0.00107982,0.00245424,0.00768746
11.4138,-0.0928327,0.00425628,-0.0970889,-0.00290805,-0.00132728,-0.000410862,-0.00107917,0.00231974,0.0076619
11.4196,0.0120927,0.00410053,0.00799219,-0.00290604,-0.00132635,-0.000410565,-0.00107851,0.0021857,0.00763629
11.4255,0.0361562,0.0039452,0.032211,-0.00290403,-0.00132542,-0.000410269,-0.00107786,0.00205214,0.00761065
11.4314,-0.0512879,0.0037903,-0.0550782,-0.00290203,-0.00132449,-0.000409974,-0.00107721,0.00191904,0.00758497
11.4372,0.0333797,0.00363583,0.0297439,-0.00290003,-0.00132357,-0.000409678,-0.00107656,0.00178641,0.00755926
11.4431,0.0116773,0.00348177,0.00819553,-0.00289803,-0.00132264,-0.000409384,-0.00107591,0.00165424,0.00753351
11.4489,0.0990709,0.00332813,0.0957428,-0.00289604,-0.00132172,-0.000409089,-0.00107526,0.00152253,0.00750772
11.4548,0.150016,0.00317491,0.146841,-0.00289404,-0.0013208,-0.000408795,-0.00107462,0.00139128,0.00748189
11.4607,0.0476971,0.00302211,0.044675,-0.00289206,-0.00131988,-0.000408502,-0.00107397,0.00126049,0.00745603
11.4665,0.0282994,0.00286972,0.0254296,-0.00289007,-0.00131896,-0.000408209,-0.00107332,0.00113015,0.00743013
11.4724,-0.0431098,0.00271774,-0.0458276,-0.00288808,-0.00131805,-0.000407916,-0.00107268,0.00100027,0.00740419
11.4783,0.000978172,0.00256617,-0.001588,-0.0028861,-0.00131713,-0.000407624,-0.00107203,0.000870841,0.00737822
11.4841,-0.157649,0.00241501,-0.160064,-0.00288412,-0.00131622,-0.000407332,-0.00107139,0.000741863,0.00735221
11.49,-0.14681,0.00226425,-0.149074,-0.00288215,-0.0013153,-0.00040704,-0.00107075,0.000613333,0.00732616
11.4958,-0.102012,0.00211391,-0.104126,-0.00288018,-0.00131439,-0.000406749,-0.0010701,0.000485251,0.00730007
11.5017,0.027129,0.00196396,0.0251651,-0.00287821,-0.00131348,-0.000406459,-0.00106946,0.000357614,0.00727395
11.5076,-0.0563251,0.00181441,-0.0581395,-0.00287624,-0.00131257,-0.000406169,-0.00106882,0.00023042,0.00724779
11.5134,-0.0640265,0.00166527,-0.0656917,-0.00287427,-0.00131166,-0.000405879,-0.00106818,0.000103668,0.0072216
11.5193,-0.152377,0.00151652,-0.153893,-0.00287231,-0.00131075,-0.000405589,-0.00106754,-2.26432e-05,0.00719536
11.5252,-0.0953823,0.00136817,-0.0967505,-0.00287035,-0.00130985,-0.0004053,-0.0010669,-0.000148516,0.00716909
11.531,0.0549477,0.00122021,0.0537275,-0.00286839,-0.00130894,-0.000405012,-0.00106627,-0.000273953,0.00714278
11.5369,0.0882866,0.00107265,0.087214,-0.00286644,-0.00130804,-0.000404724,-0.00106563,-0.000398955,0.00711644
11.5427,0.214756,0.000925478,0.21383,-0.00286449,-0.00130714,-0.000404436,-0.00106499,-0.000523523,0.00709006
11.5486,0.183248,0.000778696,0.182469,-0.00286254,-0.00130624,-0.000404149,-0.00106436,-0.00064766,0.00706364
11.5545,0.0799904,0.0006323,0.0793581,-0.00286059,-0.00130534,-0.000403862,-0.00106372,-0.000771366,0.00703719
11.5603,0.169264,0.000486291,0.168778,-0.00285865,-0.00130444,-0.000403575,-0.00106309,-0.000894645,0.00701069
11.5662,0.117571,0.000340667,0.117231,-0.00285671,-0.00130354,-0.000403289,-0.00106246,-0.0010175,0.00698416
11.5721,0.0710495,0.000195425,0.0708541,-0.00285477,-0.00130265,-0.000403004,-0.00106182,-0.00113992,0.0069576
11.5779,0.13516,5.05646e-05,0.135109,-0.00285284,-0.00130175,-0.000402718,-0.00106119,-0.00126193,0.00693099
11.5838,0.0880838,-9.39164e-05,0.0881777,-0.0028509,-0.00130086,-0.000402433,-0.00106056,-0.00138351,0.00690435
11.5896,0.10306,-0.000238019,0.103298,-0.00284897,-0.00129997,-0.000402149,-0.00105993,-0.00150467,0.00687768
11.5955,0.111789,-0.000381746,0.112171,-0.00284705,-0.00129908,-0.000401865,-0.0010593,-0.00162542,0.00685096
11.6014,0.313714,-0.000525098,0.314239,-0.00284512,-0.00129819,-0.000401581,-0.00105867,-0.00174574,0.00682421
11.6072,0.14407,-0.000668077,0.144738,-0.0028432,-0.0012973,-0.000401298,-0.00105805,-0.00186565,0.00679742
11.6131,-0.0329384,-0.000810684,-0.0321277,-0.00284128,-0.00129641,-0.000401015,-0.00105742,-0.00198515,0.0067706
11.619,0.0074569,-0.000952921,0.00840982,-0.00283936,-0.00129553,-0.000400733,-0.00105679,-0.00210424,0.00674373
11.6248,0.0363303,-0.00109479,0.0374251,-0.00283745,-0.00129464,-0.00040045,-0.00105617,-0.00222291,0.00671684
11.6307,0.21028,-0.00123629,0.211516,-0.00283554,-0.00129376,-0.000400169,-0.00105554,-0.00234118,0.0066899
11.6365,-0.0504407,-0.00137743,-0.0490632,-0.00283363,-0.00129288,-0.000399887,-0.00105492,-0.00245904,0.00666293
11.6424,0.0647516,-0.0015182,0.0662698,-0.00283172,-0.001292,-0.000399607,-0.00105429,-0.0025765,0.00663591
11.6483,0.092866,-0.00165861,0.0945246,-0.00282982,-0.00129112,-0.000399326,-0.00105367,-0.00269355,0.00660887
11.6541,0.0912132,-0.00179866,0.0930119,-0.00282792,-0.00129024,-0.000399046,-0.00105305,-0.00281019,0.00658178
11.66,0.161927,-0.00193836,0.163865,-0.00282602,-0.00128936,-0.000398766,-0.00105243,-0.00292644,0.00655466
11.6659,-0.063674,-0.00207769,-0.0615963,-0.00282412,-0.00128849,-0.000398487,-0.00105181,-0.00304229,0.0065275
11.6717,-0.028153,-0.00221667,-0.0259364,-0.00282223,-0.00128761,-0.000398208,-0.00105119,-0.00315774,0.00650031
11.6776,-0.0582112,-0.00235529,-0.0558559,-0.00282034,-0.00128674,-0.000397929,-0.00105057,-0.00327279,0.00647307
11.6834,-0.0638878,-0.00249356,-0.0613942,-0.00281845,-0.00128586,-0.000397651,-0.00104995,-0.00338745,0.0064458
11.6893,0.0337269,-0.00263148,0.0363583,-0.00281657,-0.00128499,-0.000397373,-0.00104933,-0.00350171,0.0064185
11.6952,0.0330065,-0.00276905,0.0357755,-0.00281468,-0.00128412,-0.000397096,-0.00104872,-0.00361559,0.00639115
11.701,-0.0221316,-0.00290627,-0.0192253,-0.0028128,-0.00128325,-0.000396819,-0.0010481,-0.00372907,0.00636377
11.7069,0.0319448,-0.00304314,0.0349879,-0.00281092,-0.00128239,-0.000396542,-0.00104748,-0.00384216,0.00633636
11.7128,-0.0610562,-0.00317967,-0.0578766,-0.00280905,-0.00128152,-0.000396266,-0.00104687,-0.00395487,0.0063089
11.7186,0.102801,-0.00331585,0.106117,-0.00280718,-0.00128065,-0.00039599,-0.00104626,-0.00406719,0.00628141
11.7245,0.00261381,-0.0034517,0.0060655,-0.0028053,-0.00127979,-0.000395715,-0.00104564,-0.00417913,0.00625388
11.7303,-0.0236377,-0.0035872,-0.0200505,-0.00280344,-0.00127893,-0.00039544,-0.00104503,-0.00429068,0.00622632
11.7362,0.0282707,-0.00372236,0.031993,-0.00280157,-0.00127806,-0.000395165,-0.00104442,-0.00440185,0.00619871
11.7421,-0.139694,-0.00385718,-0.135837,-0.00279971,-0.0012772,-0.000394891,-0.00104381,-0.00451264,0.00617107
11.7479,-0.200837,-0.00399166,-0.196845,-0.00279785,-0.00127634,-0.000394617,-0.0010432,-0.00462305,0.0061434
11.7538,-0.0569975,-0.00412581,-0.0528717,-0.00279599,-0.00127549,-0.000394343,-0.00104259,-0.00473309,0.00611568
11.7596,0.121361,-0.00425963,0.12562,-0.00279413,-0.00127463,-0.00039407,-0.00104198,-0.00484275,0.00608793
11.7655,-0.0627514,-0.00439311,-0.0583583,-0.00279228,-0.00127377,-0.000393797,-0.00104137,-0.00495203,0.00606014
11.7714,0.015154,-0.00452626,0.0196803,-0.00279043,-0.00127292,-0.000393525,-0.00104076,-0.00506095,0.00603232
11.7772,-0.098592,-0.00465909,-0.093933,-0.00278858,-0.00127206,-0.000393253,-0.00104016,-0.00516949,0.00600446
11.7831,-0.0938424,-0.00479158,-0.0890508,-0.00278674,-0.00127121,-0.000392981,-0.00103955,-0.00527766,0.00597656
11.789,0.0701052,-0.00492375,0.0750289,-0.0027849,-0.00127036,-0.00039271,-0.00103894,-0.00538546,0.00594862
11.7948,-0.0076457,-0.00505559,-0.00259011,-0.00278305,-0.00126951,-0.000392439,-0.00103834,-0.0054929,0.00592065
11.8007,-0.06766,-0.00518711,-0.0624729,-0.00278122,-0.00126866,-0.000392168,-0.00103774,-0.00559997,0.00589264
11.8065,0.176822,-0.0053183,0.18214,-0.00277938,-0.00126781,-0.000391898,-0.00103713,-0.00570667,0.00586459
11.8124,0.104984,-0.00544917,0.110434,-0.00277755,-0.00126697,-0.000391628,-0.00103653,-0.00581301,0.00583651
11.8183,-0.209725,-0.00557973,-0.204146,-0.00277572,-0.00126612,-0.000391359,-0.00103593,-0.00591899,0.00580839
11.8241,-0.149733,-0.00570996,-0.144023,-0.00277389,-0.00126528,-0.00039109,-0.00103533,-0.00602461,0.00578023
11.83,-0.00271422,-0.00583988,0.00312566,-0.00277206,-0.00126443,-0.000390821,-0.00103473,-0.00612987,0.00575204
11.8359,0.00726159,-0.00596948,0.0132311,-0.00277024,-0.00126359,-0.000390553,-0.00103413,-0.00623477,0.0057238
11.8417,0.0876066,-0.00609877,0.0937053,-0.00276842,-0.00126275,-0.000390285,-0.00103353,-0.00633932,0.00569554
11.8476,-0.0612964,-0.00622774,-0.0550686,-0.0027666,-0.00126191,-0.000390017,-0.00103293,-0.00644351,0.00566723
11.8534,-0.0596128,-0.0063564,-0.0532564,-0.00276478,-0.00126107,-0.00038975,-0.00103233,-0.00654735,0.00563889
11.8593,-0.0528346,-0.00648475,-0.0463499,-0.00276297,-0.00126023,-0.000389483,-0.00103173,-0.00665083,0.00561051
11.8652,0.0906739,-0.00661279,0.0972866,-0.00276116,-0.0012594,-0.000389217,-0.00103114,-0.00675397,0.00558209
11.871,0.132704,-0.00674052,0.139445,-0.00275935,-0.00125856,-0.00038895,-0.00103054,-0.00685675,0.00555364
11.8769,0.0595417,-0.00686795,0.0664096,-0.00275754,-0.00125773,-0.000388685,-0.00102995,-0.00695919,0.00552514
11.8828,-0.0333188,-0.00699507,-0.0263238,-0.00275574,-0.00125689,-0.000388419,-0.00102935,-0.00706128,0.00549662
11.8886,0.0290255,-0.00712188,0.0361474,-0.00275394,-0.00125606,-0.000388154,-0.00102876,-0.00716302,0.00546805
11.8945,0.0151061,-0.00724839,0.0223545,-0.00275214,-0.00125523,-0.000387889,-0.00102817,-0.00726442,0.00543945
11.9003,-0.108543,-0.0073746,-0.101168,-0.00275034,-0.0012544,-0.000387625,-0.00102757,-0.00736547,0.00541081
11.9062,-0.0413508,-0.00750051,-0.0338502,-0.00274855,-0.00125357,-0.000387361,-0.00102698,-0.00746619,0.00538213
11.9121,-0.040492,-0.00762613,-0.0328659,-0.00274676,-0.00125274,-0.000387097,-0.00102639,-0.00756656,0.00535342
11.9179,-0.0524199,-0.00775144,-0.0446685,-0.00274497,-0.00125192,-0.000386834,-0.0010258,-0.00766659,0.00532467
11.9238,-0.0704226,-0.00787646,-0.0625462,-0.00274318,-0.00125109,-0.000386571,-0.00102521,-0.00776629,0.00529588
11.9297,-0.125269,-0.00800118,-0.117268,-0.00274139,-0.00125027,-0.000386309,-0.00102462,-0.00786565,0.00526706
11.9355,-0.0943787,-0.0081256,-0.0862531,-0.00273961,-0.00124944,-0.000386047,-0.00102403,-0.00796467,0.0052382
11.9414,-0.110951,-0.00824974,-0.102701,-0.00273783,-0.00124862,-0.000385785,-0.00102345,-0.00806336,0.0052093
11.9472,-0.100601,-0.00837358,-0.0922275,-0.00273605,-0.0012478,-0.000385523,-0.00102286,-0.00816171,0.00518036
11.9531,-0.136856,-0.00849713,-0.128359,-0.00273428,-0.00124698,-0.000385262,-0.00102227,-0.00825973,0.00515139
11.959,0.0137485,-0.0086204,0.0223689,-0.0027325,-0.00124616,-0.000385001,-0.00102169,-0.00835743,0.00512238
11.9648,-0.0611118,-0.00874337,-0.0523685,-0.00273073,-0.00124534,-0.000384741,-0.0010211,-0.00845479,0.00509334
11.9707,-0.0119614,-0.00886606,-0.0030953,-0.00272896,-0.00124452,-0.000384481,-0.00102052,-0.00855182,0.00506425
11.9766,-0.0978654,-0.00898846,-0.088877,-0.0027272,-0.00124371,-0.000384221,-0.00101994,-0.00864853,0.00503513
11.9824,-0.00481288,-0.00911058,0.0042977,-0.00272543,-0.00124289,-0.000383962,-0.00101935,-0.00874491,0.00500598
11.9883,-0.115813,-0.00923241,-0.106581,-0.00272367,-0.00124208,-0.000383703,-0.00101877,-0.00884097,0.00497678
11.9941,-0.0506216,-0.00935397,-0.0412676,-0.00272191,-0.00124127,-0.000383444,-0.00101819,-0.00893671,0.00494755
12,-0.0452137,-0.00947524,-0.0357384,-0.00272015,-0.00124046,-0.000383186,-0.00101761,-0.00903212,0.00491828
