ppm,observed,fitted,residual,component_EGDA,component_EGMA,component_EG,component_AcOH,component_exchange_pool,component_baseline
0,0.323229,0.311945,0.0112844,0.00442699,0.000816091,5.90075e-05,0.000742114,0.29627,0.00963064
0.00586224,0.0931929,0.312576,-0.219384,0.00444226,0.000818694,5.91303e-05,0.000745106,0.29695,0.0095611
0.0117245,0.226492,0.313211,-0.0867194,0.00445762,0.000821314,5.92535e-05,0.00074812,0.297633,0.00949162
0.0175867,0.109375,0.313848,-0.204473,0.0044731,0.000823951,5.93773e-05,0.000751156,0.298319,0.00942222
0.0234489,0.238153,0.314488,-0.0763357,0.00448867,0.000826604,5.95015e-05,0.000754214,0.299006,0.0093529
0.0293112,0.410204,0.315131,0.0950726,0.00450436,0.000829275,5.96263e-05,0.000757295,0.299697,0.00928365
0.0351734,0.339396,0.315776,0.0236198,0.00452015,0.000831964,5.97515e-05,0.000760399,0.30039,0.00921447
0.0410357,0.37442,0.316425,0.0579958,0.00453604,0.00083467,5.98772e-05,0.000763527,0.301085,0.00914536
0.0468979,0.314574,0.317076,-0.00250171,0.00455205,0.000837393,6.00034e-05,0.000766678,0.301783,0.00907633
0.0527601,0.43239,0.317729,0.11466,0.00456817,0.000840135,6.01302e-05,0.000769852,0.302484,0.00900737
0.0586224,0.526487,0.318386,0.208101,0.0045844,0.000842895,6.02574e-05,0.000773051,0.303187,0.00893849
0.0644846,0.392808,0.319045,0.073763,0.00460074,0.000845673,6.03852e-05,0.000776273,0.303892,0.00886968
0.0703468,0.406878,0.319707,0.0871706,0.0046172,0.000848469,6.05134e-05,0.000779521,0.3046,0.00880094
0.0762091,0.34435,0.320372,0.0239778,0.00463377,0.000851284,6.06422e-05,0.000782793,0.305311,0.00873228
0.0820713,0.390627,0.32104,0.0695874,0.00465045,0.000854118,6.07715e-05,0.00078609,0.306024,0.00866369
0.0879336,0.292454,0.32171,-0.0292565,0.00466726,0.00085697,6.09013e-05,0.000789412,0.30674,0.00859518
0.0937958,0.520817,0.322384,0.198434,0.00468418,0.000859842,6.10317e-05,0.00079276,0.307459,0.00852673
0.099658,0.612149,0.32306,0.289089,0.00470122,0.000862734,6.11626e-05,0.000796134,0.30818,0.00845837
0.10552,0.515356,0.323739,0.191617,0.00471838,0.000865645,6.1294e-05,0.000799534,0.308904,0.00839007
0.111383,0.452053,0.324421,0.127632,0.00473567,0.000868575,6.14259e-05,0.00080296,0.309631,0.00832185
0.117245,0.329451,0.325106,0.00434487,0.00475308,0.000871526,6.15584e-05,0.000806413,0.31036,0.0082537
0.123107,0.224256,0.325794,-0.101538,0.00477061,0.000874497,6.16914e-05,0.000809893,0.311092,0.00818563
0.128969,0.331156,0.326485,0.00467069,0.00478827,0.000877488,6.1825e-05,0.000813401,0.311827,0.00811763
0.134831,0.194067,0.327179,-0.133112,0.00480606,0.0008805,6.19591e-05,0.000816935,0.312564,0.0080497
0.140694,0.275636,0.327876,-0.0522403,0.00482398,0.000883533,6.20938e-05,0.000820498,0.313304,0.00798185
0.146556,0.26683,0.328576,-0.0617463,0.00484202,0.000886586,6.2229e-05,0.00082409,0.314047,0.00791407
0.152418,0.27654,0.329279,-0.0527384,0.0048602,0.000889661,6.23648e-05,0.000827709,0.314793,0.00784637
0.15828,0.192546,0.329985,-0.137439,0.00487851,0.000892757,6.25012e-05,0.000831358,0.315541,0.00777874
0.164143,0.344085,0.330694,0.0133913,0.00489696,0.000895876,6.26381e-05,0.000835036,0.316292,0.00771118
0.170005,0.271715,0.331406,-0.0596913,0.00491554,0.000899016,6.27755e-05,0.000838743,0.317046,0.00764369
0.175867,0.216299,0.332121,-0.115822,0.00493425,0.000902178,6.29136e-05,0.00084248,0.317803,0.00757628
0.181729,0.324403,0.332839,-0.00843602,0.00495311,0.000905362,6.30522e-05,0.000846248,0.318563,0.00750895
0.187592,0.267362,0.333561,-0.0661984,0.00497211,0.000908569,6.31914e-05,0.000850046,0.319325,0.00744168
0.193454,0.309557,0.334285,-0.0247284,0.00499125,0.000911799,6.33312e-05,0.000853875,0.32009,0.00737449
0.199316,0.396137,0.335013,0.0611238,0.00501053,0.000915052,6.34716e-05,0.000857735,0.320859,0.00730738
0.205178,0.457045,0.335744,0.121302,0.00502996,0.000918329,6.36125e-05,0.000861627,0.32163,0.00724033
0.211041,0.498083,0.336478,0.161605,0.00504953,0.000921629,6.37541e-05,0.000865551,0.322404,0.00717337
0.216903,0.571107,0.337215,0.233892,0.00506925,0.000924953,6.38962e-05,0.000869507,0.323181,0.00710647
0.222765,0.503865,0.337955,0.16591,0.00508913,0.000928301,6.4039e-05,0.000873496,0.323961,0.00703965
0.228627,0.387077,0.338699,0.0483784,0.00510915,0.000931673,6.41823e-05,0.000877518,0.324743,0.0069729
0.234489,0.369792,0.339446,0.0303464,0.00512932,0.000935071,6.43263e-05,0.000881574,0.325529,0.00690623
0.240352,0.448993,0.340196,0.108797,0.00514966,0.000938493,6.44708e-05,0.000885664,0.326318,0.00683963
0.246214,0.39134,0.340949,0.0503906,0.00517014,0.00094194,6.4616e-05,0.000889788,0.32711,0.0067731
0.252076,0.503574,0.341706,0.161868,0.00519079,0.000945412,6.47618e-05,0.000893946,0.327905,0.00670665
0.257938,0.291726,0.342466,-0.0507398,0.0052116,0.000948911,6.49082e-05,0.00089814,0.328702,0.00664027
0.263801,0.214142,0.34323,-0.129087,0.00523256,0.000952435,6.50553e-05,0.00090237,0.329503,0.00657396
0.269663,0.302427,0.343996,-0.0415692,0.0052537,0.000955986,6.52029e-05,0.000906635,0.330307,0.00650773
0.275525,0.276598,0.344766,-0.0681686,0.00527499,0.000959563,6.53512e-05,0.000910937,0.331114,0.00644157
0.281387,0.343228,0.34554,-0.00231171,0.00529646,0.000963168,6.55002e-05,0.000915276,0.331924,0.00637549
0.28725,0.53834,0.346317,0.192023,0.00531809,0.000966799,6.56498e-05,0.000919652,0.332737,0.00630948
0.293112,0.492542,0.347097,0.145444,0.0053399,0.000970458,6.58e-05,0.000924066,0.333554,0.00624354
0.298974,0.411888,0.347881,0.0640072,0.00536188,0.000974145,6.59509e-05,0.000928519,0.334373,0.00617768
0.304836,0.432504,0.348668,0.0838354,0.00538404,0.00097786,6.61024e-05,0.00093301,0.335196,0.00611189
0.310699,0.288569,0.349459,-0.0608899,0.00540637,0.000981604,6.62546e-05,0.00093754,0.336021,0.00604617
0.316561,0.469884,0.350253,0.119631,0.00542888,0.000985376,6.64075e-05,0.00094211,0.33685,0.00598053
0.322423,0.435122,0.351051,0.084071,0.00545157,0.000989178,6.6561e-05,0.00094672,0.337682,0.00591496
0.328285,0.402925,0.351853,0.0510727,0.00547445,0.000993008,6.67152e-05,0.000951371,0.338518,0.00584946
0.334148,0.413167,0.352658,0.0605096,0.00549752,0.000996869,6.687e-05,0.000956063,0.339356,0.00578404
0.34001,0.433112,0.353466,0.0796458,0.00552077,0.00100076,6.70256e-05,0.000960796,0.340198,0.00571869
0.345872,0.393372,0.354278,0.0390941,0.00554421,0.00100468,6.71818e-05,0.000965572,0.341043,0.00565342
0.351734,0.278716,0.355094,-0.0763784,0.00556785,0.00100863,6.73387e-05,0.000970391,0.341892,0.00558822
0.357596,0.389356,0.355913,0.0334422,0.00559168,0.00101262,6.74963e-05,0.000975253,0.342743,0.00552309
0.363459,0.271629,0.356736,-0.0851073,0.0056157,0.00101663,6.76546e-05,0.000980159,0.343598,0.00545804
0.369321,0.230535,0.357563,-0.127029,0.00563993,0.00102068,6.78136e-05,0.000985109,0.344457,0.00539306
0.375183,0.396912,0.358394,0.0385184,0.00566436,0.00102476,6.79733e-05,0.000990104,0.345318,0.00532815
0.381045,0.44374,0.359228,0.0845116,0.00568899,0.00102887,6.81337e-05,0.000995145,0.346183,0.00526332
0.386908,0.470048,0.360066,0.109982,0.00571384,0.00103302,6.82949e-05,0.00100023,0.347052,0.00519856
0.39277,0.433962,0.360908,0.0730542,0.00573889,0.0010372,6.84567e-05,0.00100537,0.347924,0.00513388
0.398632,0.409397,0.361753,0.047644,0.00576415,0.00104141,6.86193e-05,0.00101055,0.348799,0.00506927
0.404494,0.211502,0.362603,-0.151101,0.00578963,0.00104566,6.87826e-05,0.00101578,0.349678,0.00500473
0.410357,0.496911,0.363456,0.133455,0.00581532,0.00104994,6.89466e-05,0.00102105,0.35056,0.00494026
0.416219,0.343726,0.364313,-0.0205871,0.00584124,0.00105425,6.91114e-05,0.00102638,0.351446,0.00487587
0.422081,0.415146,0.365174,0.0499724,0.00586738,0.00105861,6.92769e-05,0.00103176,0.352335,0.00481156
0.427943,0.384025,0.366039,0.0179868,0.00589374,0.001063,6.94432e-05,0.00103719,0.353228,0.00474731
0.433806,0.341494,0.366907,-0.0254138,0.00592034,0.00106742,6.96102e-05,0.00104267,0.354124,0.00468314
0.439668,0.214915,0.36778,-0.152865,0.00594716,0.00107188,6.97779e-05,0.0010482,0.355024,0.00461905
0.44553,0.401643,0.368657,0.0329859,0.00597422,0.00107638,6.99465e-05,0.00105378,0.355927,0.00455503
0.451392,0.382832,0.369537,0.013295,0.00600152,0.00108092,7.01158e-05,0.00105942,0.356834,0.00449108
0.457255,0.452195,0.370422,0.0817726,0.00602905,0.0010855,7.02858e-05,0.00106511,0.357745,0.0044272
0.463117,0.375687,0.371311,0.0043756,0.00605683,0.00109011,7.04567e-05,0.00107085,0.358659,0.0043634
0.468979,0.179888,0.372204,-0.192316,0.00608486,0.00109477,7.06283e-05,0.00107665,0.359577,0.00429967
0.474841,0.340383,0.373101,-0.0327174,0.00611314,0.00109946,7.08007e-05,0.00108251,0.360499,0.00423602
0.480703,0.454087,0.374002,0.0800849,0.00614167,0.0011042,7.09739e-05,0.00108843,0.361424,0.00417244
0.486566,0.44504,0.374907,0.0701335,0.00617046,0.00110897,7.11479e-05,0.0010944,0.362353,0.00410893
0.492428,0.442835,0.375816,0.0670183,0.0061995,0.00111379,7.13227e-05,0.00110043,0.363286,0.0040455
0.49829,0.548669,0.37673,0.171939,0.00622881,0.00111865,7.14983e-05,0.00110652,0.364222,0.00398214
0.504152,0.274189,0.377648,-0.103459,0.00625839,0.00112355,7.16748e-05,0.00111267,0.365163,0.00391886
0.510015,0.36725,0.37857,-0.0113199,0.00628823,0.00112849,7.1852e-05,0.00111888,0.366107,0.00385565
0.515877,0.49182,0.379496,0.112324,0.00631835,0.00113348,7.20301e-05,0.00112516,0.367054,0.00379251
0.521739,0.372327,0.380427,-0.00809982,0.00634875,0.00113851,7.2209e-05,0.00113149,0.368006,0.00372944
0.527601,0.285893,0.381361,-0.0954683,0.00637943,0.00114359,7.23887e-05,0.00113789,0.368962,0.00366645
0.533464,0.331903,0.382301,-0.0503972,0.00641039,0.00114871,7.25693e-05,0.00114436,0.369921,0.00360354
0.539326,0.364603,0.383244,-0.018641,0.00644164,0.00115388,7.27507e-05,0.00115089,0.370885,0.00354069
0.545188,0.415682,0.384192,0.0314899,0.00647319,0.00115909,7.2933e-05,0.00115749,0.371852,0.00347792
0.55105,0.458645,0.385145,0.0734999,0.00650503,0.00116435,7.31161e-05,0.00116415,0.372823,0.00341523
0.556913,0.459687,0.386102,0.0735848,0.00653717,0.00116966,7.33001e-05,0.00117088,0.373798,0.0033526
0.562775,0.438853,0.387063,0.0517895,0.00656962,0.00117502,7.3485e-05,0.00117769,0.374777,0.00329006
0.568637,0.524845,0.388029,0.136816,0.00660237,0.00118043,7.36708e-05,0.00118456,0.37576,0.00322758
0.574499,0.493277,0.389,0.104278,0.00663544,0.00118588,7.38574e-05,0.00119151,0.376748,0.00316518
0.580362,0.446444,0.389975,0.0564694,0.00666883,0.00119139,7.40449e-05,0.00119852,0.377739,0.00310285
0.586224,0.396113,0.390954,0.00515898,0.00670253,0.00119695,7.42333e-05,0.00120561,0.378734,0.0030406
0.592086,0.313293,0.391938,-0.0786457,0.00673657,0.00120256,7.44226e-05,0.00121278,0.379734,0.00297842
0.597948,0.499991,0.392927,0.107064,0.00677093,0.00120822,7.46128e-05,0.00122002,0.380737,0.00291631
0.60381,0.368218,0.393921,-0.0257027,0.00680563,0.00121394,7.4804e-05,0.00122734,0.381745,0.00285428
0.609673,0.374369,0.394919,-0.0205502,0.00684068,0.00121971,7.4996e-05,0.00123474,0.382757,0.00279232
0.615535,0.347755,0.395922,-0.0481676,0.00687606,0.00122553,7.5189e-05,0.00124221,0.383773,0.00273043
0.621397,0.425058,0.39693,0.0281284,0.0069118,0.00123141,7.53829e-05,0.00124977,0.384793,0.00266862
0.627259,0.625051,0.397943,0.227109,0.00694789,0.00123735,7.55778e-05,0.0012574,0.385818,0.00260688
0.633122,0.481458,0.39896,0.082498,0.00698434,0.00124334,7.57736e-05,0.00126513,0.386846,0.00254522
0.638984,0.479536,0.399982,0.0795539,0.00702116,0.00124939,7.59703e-05,0.00127293,0.387879,0.00248362
0.644846,0.485966,0.40101,0.0849562,0.00705835,0.0012555,7.6168e-05,0.00128082,0.388917,0.00242211
0.650708,0.409908,0.402042,0.00786565,0.00709591,0.00126167,7.63667e-05,0.0012888,0.389958,0.00236066
0.656571,0.431871,0.403079,0.0287917,0.00713386,0.0012679,7.65663e-05,0.00129686,0.391004,0.00229929
0.662433,0.403545,0.404121,-0.000576278,0.00717219,0.0012742,7.67669e-05,0.00130502,0.392055,0.002238
0.668295,0.230683,0.405168,-0.174485,0.00721092,0.00128055,7.69685e-05,0.00131327,0.39311,0.00217677
0.674157,0.529626,0.40622,0.123406,0.00725004,0.00128697,7.71711e-05,0.0013216,0.394169,0.00211563
0.68002,0.483884,0.407278,0.0766058,0.00728957,0.00129345,7.73747e-05,0.00133004,0.395233,0.00205455
0.685882,0.524643,0.40834,0.116303,0.00732952,0.0013,7.75793e-05,0.00133856,0.396301,0.00199355
0.691744,0.318838,0.409408,-0.0905698,0.00736987,0.00130661,7.7785e-05,0.00134719,0.397374,0.00193262
0.697606,0.603844,0.41048,0.193363,0.00741065,0.00131329,7.79916e-05,0.00135591,0.398451,0.00187177
0.703468,0.571582,0.411558,0.160024,0.00745187,0.00132004,7.81993e-05,0.00136473,0.399533,0.00181098
0.709331,0.377176,0.412642,-0.0354657,0.00749351,0.00132685,7.8408e-05,0.00137366,0.400619,0.00175028
0.715193,0.220081,0.41373,-0.193649,0.0075356,0.00133374,7.86177e-05,0.00138269,0.40171,0.00168964
0.721055,0.331394,0.414824,-0.0834301,0.00757814,0.0013407,7.88285e-05,0.00139182,0.402806,0.00162908
0.726917,0.416983,0.415924,0.00105898,0.00762114,0.00134773,7.90404e-05,0.00140106,0.403906,0.0015686
0.73278,0.448754,0.417028,0.0317254,0.0076646,0.00135483,7.92533e-05,0.0014104,0.405011,0.00150819
0.738642,0.487069,0.418138,0.0689302,0.00770853,0.00136201,7.94673e-05,0.00141986,0.406121,0.00144785
0.744504,0.38288,0.419254,-0.0363744,0.00775294,0.00136926,7.96824e-05,0.00142943,0.407235,0.00138758
0.750366,0.422381,0.420375,0.00200611,0.00779783,0.00137659,7.98985e-05,0.00143911,0.408354,0.00132739
0.756229,0.467029,0.421502,0.0455267,0.00784322,0.001384,8.01158e-05,0.00144891,0.409478,0.00126727
0.762091,0.597473,0.422634,0.174839,0.00788911,0.00139149,8.03342e-05,0.00145883,0.410607,0.00120723
0.767953,0.450262,0.423772,0.0264895,0.00793551,0.00139906,8.05537e-05,0.00146887,0.411741,0.00114726
0.773815,0.415871,0.424916,-0.00904502,0.00798242,0.00140671,8.07743e-05,0.00147902,0.41288,0.00108736
0.779678,0.349616,0.426065,-0.0764491,0.00802987,0.00141444,8.0996e-05,0.00148931,0.414023,0.00102754
0.78554,0.382367,0.42722,-0.0448534,0.00807784,0.00142226,8.12189e-05,0.00149971,0.415171,0.000967788
0.791402,0.479521,0.428381,0.0511396,0.00812636,0.00143016,8.14429e-05,0.00151025,0.416325,0.000908112
0.797264,0.598201,0.429548,0.168653,0.00817543,0.00143815,8.16681e-05,0.00152092,0.417483,0.00084851
0.803127,0.3909,0.430721,-0.039821,0.00822506,0.00144623,8.18944e-05,0.00153171,0.418647,0.000788981
0.808989,0.327674,0.431899,-0.104225,0.00827526,0.0014544,8.21219e-05,0.00154265,0.419815,0.000729526
0.814851,0.456762,0.433084,0.0236779,0.00832604,0.00146266,8.23506e-05,0.00155372,0.420989,0.000670145
0.820713,0.423481,0.434274,-0.0107936,0.00837741,0.00147102,8.25805e-05,0.00156493,0.422167,0.000610838
0.826575,0.521342,0.435471,0.0858716,0.00842937,0.00147946,8.28116e-05,0.00157628,0.423351,0.000551604
0.832438,0.454671,0.436674,0.0179978,0.00848195,0.00148801,8.30439e-05,0.00158778,0.42454,0.000492444
0.8383,0.466623,0.437882,0.0287402,0.00853515,0.00149665,8.32774e-05,0.00159942,0.425735,0.000433357
0.844162,0.480915,0.439097,0.0418173,0.00858897,0.00150539,8.35122e-05,0.00161122,0.426934,0.000374344
0.850024,0.471615,0.440319,0.0312966,0.00864343,0.00151423,8.37481e-05,0.00162316,0.428139,0.000315405
0.855887,0.561193,0.441546,0.119647,0.00869855,0.00152318,8.39853e-05,0.00163527,0.429349,0.00025654
0.861749,0.497457,0.44278,0.0546767,0.00875433,0.00153223,8.42238e-05,0.00164753,0.430564,0.000197748
0.867611,0.614665,0.44402,0.170645,0.00881078,0.00154138,8.44635e-05,0.00165995,0.431785,0.00013903
0.873473,0.564079,0.445267,0.118812,0.00886791,0.00155065,8.47046e-05,0.00167253,0.433011,8.0385e-05
0.879336,0.467268,0.44652,0.0207475,0.00892575,0.00156002,8.49469e-05,0.00168529,0.434243,2.18141e-05
0.885198,0.383579,0.44778,-0.0642009,0.00898429,0.00156951,8.51904e-05,0.00169821,0.43548,-3.66831e-05
0.89106,0.569914,0.449046,0.120868,0.00904355,0.00157911,8.54353e-05,0.00171131,0.436722,-9.51067e-05
0.896922,0.469129,0.450319,0.0188097,0.00910355,0.00158882,8.56815e-05,0.00172458,0.43797,-0.000153457
0.902785,0.471505,0.451599,0.0199057,0.0091643,0.00159866,8.59291e-05,0.00173803,0.439224,-0.000211733
0.908647,0.427928,0.452885,-0.0249569,0.00922581,0.00160861,8.61779e-05,0.00175167,0.440483,-0.000269935
0.914509,0.623572,0.454178,0.169393,0.00928809,0.00161868,8.64281e-05,0.00176549,0.441748,-0.000328064
0.920371,0.567466,0.455478,0.111988,0.00935116,0.00162888,8.66797e-05,0.00177951,0.443018,-0.000386119
0.926234,0.367887,0.456785,-0.0888976,0.00941504,0.00163921,8.69326e-05,0.00179371,0.444294,-0.000444101
0.932096,0.404526,0.458099,-0.0535723,0.00947973,0.00164967,8.71869e-05,0.00180812,0.445576,-0.000502009
0.937958,0.353663,0.45942,-0.105757,0.00954525,0.00166025,8.74426e-05,0.00182273,0.446864,-0.000559843
0.94382,0.428469,0.460747,-0.0322785,0.00961163,0.00167097,8.76997e-05,0.00183754,0.448157,-0.000617604
0.949682,0.453851,0.462082,-0.00823135,0.00967886,0.00168183,8.79581e-05,0.00185256,0.449456,-0.000675291
0.955545,0.522966,0.463424,0.0595412,0.00974698,0.00169282,8.8218e-05,0.0018678,0.450762,-0.000732904
0.961407,0.439428,0.464774,-0.0253461,0.00981599,0.00170396,8.84794e-05,0.00188326,0.452073,-0.000790443
0.967269,0.398108,0.46613,-0.0680229,0.00988591,0.00171524,8.87422e-05,0.00189893,0.45339,-0.000847909
0.973131,0.412668,0.467494,-0.0548266,0.00995677,0.00172667,8.90064e-05,0.00191484,0.454713,-0.000905302
0.978994,0.479169,0.468866,0.0103031,0.0100286,0.00173825,8.92721e-05,0.00193098,0.456041,-0.00096262
0.984856,0.313961,0.470245,-0.156283,0.0101013,0.00174997,8.95393e-05,0.00194735,0.457376,-0.00101987
0.990718,0.552614,0.471631,0.0809827,0.0101751,0.00176186,8.98079e-05,0.00196396,0.458718,-0.00107704
0.99658,0.53843,0.473025,0.0654048,0.0102499,0.0017739,9.00781e-05,0.00198083,0.460065,-0.00113413
1.00244,0.349172,0.474427,-0.125255,0.0103256,0.0017861,9.03498e-05,0.00199794,0.461418,-0.00119116
1.0083,0.36928,0.475837,-0.106556,0.0104025,0.00179847,9.0623e-05,0.00201531,0.462778,-0.00124811
1.01417,0.580855,0.477254,0.103601,0.0104803,0.00181101,9.08977e-05,0.00203294,0.464144,-0.00130498
1.02003,0.713614,0.478679,0.234935,0.0105593,0.00182371,9.1174e-05,0.00205084,0.465516,-0.00136179
1.02589,0.539707,0.480112,0.0595951,0.0106394,0.00183659,9.14518e-05,0.00206901,0.466894,-0.00141852
1.03175,0.524875,0.481553,0.043322,0.0107206,0.00184965,9.17312e-05,0.00208746,0.468279,-0.00147517
1.03762,0.559789,0.483002,0.0767865,0.010803,0.00186289,9.20122e-05,0.00210619,0.46967,-0.00153175
1.04348,0.457697,0.48446,-0.0267627,0.0108865,0.00187632,9.22948e-05,0.00212522,0.471068,-0.00158826
1.04934,0.512355,0.485925,0.0264302,0.0109712,0.00188993,9.2579e-05,0.00214455,0.472472,-0.0016447
1.0552,0.493696,0.487399,0.00629705,0.0110572,0.00190374,9.28649e-05,0.00216417,0.473882,-0.00170106
1.06106,0.435999,0.488881,-0.0528819,0.0111444,0.00191774,9.31524e-05,0.00218411,0.475299,-0.00175735
1.06693,0.605748,0.490372,0.115376,0.0112328,0.00193194,9.34415e-05,0.00220437,0.476723,-0.00181356
1.07279,0.524079,0.491871,0.0322078,0.0113226,0.00194635,9.37323e-05,0.00222495,0.478153,-0.0018697
1.07865,0.693825,0.493379,0.200445,0.0114137,0.00196097,9.40248e-05,0.00224586,0.47959,-0.00192577
1.08451,0.475889,0.494896,-0.0190071,0.0115062,0.0019758,9.4319e-05,0.00226712,0.481034,-0.00198176
1.09038,0.358905,0.496421,-0.137516,0.0116,0.00199085,9.46148e-05,0.00228872,0.482485,-0.00203768
1.09624,0.360354,0.497956,-0.137601,0.0116953,0.00200612,9.49124e-05,0.00231067,0.483942,-0.00209352
1.1021,0.653664,0.499499,0.154165,0.011792,0.00202162,9.52118e-05,0.00233299,0.485406,-0.00214929
1.10796,0.47806,0.501051,-0.022991,0.0118901,0.00203736,9.55129e-05,0.00235568,0.486877,-0.00220499
1.11383,0.692582,0.502612,0.189969,0.0119898,0.00205333,9.58157e-05,0.00237875,0.488355,-0.00226062
1.11969,0.428749,0.504183,-0.0754341,0.012091,0.00206954,9.61204e-05,0.0024022,0.48984,-0.00231617
1.12555,0.663834,0.505763,0.158071,0.0121938,0.002086,9.64268e-05,0.00242606,0.491332,-0.00237164
1.13141,0.549515,0.507352,0.0421632,0.0122982,0.00210272,9.67351e-05,0.00245032,0.492831,-0.00242705
1.13727,0.487086,0.508951,-0.0218655,0.0124042,0.00211969,9.70451e-05,0.00247501,0.494337,-0.00248238
1.14314,0.717277,0.51056,0.206718,0.012512,0.00213693,9.7357e-05,0.00250011,0.495851,-0.00253763
1.149,0.60219,0.512178,0.0900119,0.0126214,0.00215444,9.76708e-05,0.00252566,0.497371,-0.00259281
1.15486,0.452392,0.513806,-0.0614134,0.0127326,0.00217223,9.79865e-05,0.00255165,0.498899,-0.00264792
1.16072,0.384163,0.515444,-0.13128,0.0128456,0.0021903,9.8304e-05,0.00257811,0.500434,-0.00270296
1.16659,0.434152,0.517091,-0.08294,0.0129604,0.00220866,9.86234e-05,0.00260503,0.501977,-0.00275792
1.17245,0.504872,0.51875,-0.0138772,0.0130771,0.00222731,9.89448e-05,0.00263243,0.503527,-0.00281281
1.17831,0.407506,0.520418,-0.112912,0.0131957,0.00224628,9.92681e-05,0.00266033,0.505084,-0.00286762
1.18417,0.462929,0.522096,-0.0591678,0.0133163,0.00226555,9.95934e-05,0.00268874,0.506649,-0.00292236
1.19003,0.50971,0.523785,-0.0140754,0.013439,0.00228514,9.99206e-05,0.00271767,0.508221,-0.00297703
1.1959,0.40727,0.525485,-0.118215,0.0135636,0.00230505,0.00010025,0.00274712,0.509801,-0.00303162
1.20176,0.762099,0.527195,0.234904,0.0136904,0.0023253,0.000100581,0.00277713,0.511388,-0.00308614
1.20762,0.602538,0.528917,0.0736217,0.0138194,0.0023459,0.000100914,0.00280769,0.512983,-0.00314059
1.21348,0.235904,0.530649,-0.294745,0.0139505,0.00236684,0.00010125,0.00283883,0.514586,-0.00319496
1.21935,0.547286,0.532392,0.0148938,0.014084,0.00238814,0.000101587,0.00287056,0.516197,-0.00324926
1.22521,0.598551,0.534146,0.064405,0.0142197,0.0024098,0.000101926,0.0029029,0.517816,-0.00330348
1.23107,0.645481,0.535912,0.109569,0.0143579,0.00243185,0.000102268,0.00293585,0.519442,-0.00335763
1.23693,0.663934,0.537689,0.126244,0.0144984,0.00245428,0.000102612,0.00296945,0.521076,-0.00341171
1.24279,0.529885,0.539478,-0.00959347,0.0146415,0.0024771,0.000102957,0.0030037,0.522719,-0.00346571
1.24866,0.536154,0.541279,-0.00512464,0.0147872,0.00250033,0.000103305,0.00303862,0.524369,-0.00351964
1.25452,0.573111,0.543091,0.03002,0.0149354,0.00252398,0.000103655,0.00307423,0.526028,-0.0035735
1.26038,0.60969,0.544916,0.0647745,0.0150864,0.00254805,0.000104008,0.00311056,0.527694,-0.00362728
1.26624,0.523751,0.546753,-0.0230013,0.0152401,0.00257257,0.000104362,0.00314761,0.529369,-0.00368099
1.27211,0.572318,0.548602,0.0237162,0.0153967,0.00259753,0.000104719,0.00318542,0.531052,-0.00373463
1.27797,0.346196,0.550464,-0.204267,0.0155562,0.00262295,0.000105078,0.003224,0.532744,-0.00378819
1.28383,0.515417,0.552338,-0.0369211,0.0157186,0.00264884,0.000105439,0.00326337,0.534443,-0.00384168
1.28969,0.648095,0.554225,0.0938697,0.0158841,0.00267522,0.000105803,0.00330356,0.536152,-0.00389509
1.29555,0.659397,0.556125,0.103271,0.0160528,0.0027021,0.000106169,0.00334459,0.537868,-0.00394843
1.30142,0.751276,0.558039,0.193238,0.0162247,0.00272949,0.000106537,0.00338648,0.539593,-0.0040017
1.30728,0.561005,0.559966,0.00103936,0.0163999,0.00275741,0.000106907,0.00342926,0.541327,-0.00405489
1.31314,0.609202,0.561906,0.0472958,0.0165786,0.00278587,0.00010728,0.00347296,0.54307,-0.00410801
1.319,0.719875,0.563861,0.156015,0.0167607,0.00281488,0.000107656,0.0035176,0.544821,-0.00416106
1.32487,0.600427,0.565829,0.0345986,0.0169464,0.00284447,0.000108033,0.00356321,0.546581,-0.00421403
1.33073,0.584177,0.567811,0.0163656,0.0171358,0.00287464,0.000108413,0.00360982,0.54835,-0.00426693
1.33659,0.590804,0.569808,0.0209962,0.017329,0.00290542,0.000108796,0.00365747,0.550127,-0.00431975
1.34245,0.748643,0.57182,0.176824,0.0175262,0.00293681,0.000109181,0.00370617,0.551914,-0.00437251
1.34831,0.636389,0.573846,0.0625431,0.0177273,0.00296885,0.000109569,0.00375598,0.553709,-0.00442518
1.35418,0.530297,0.575887,-0.0455905,0.0179326,0.00300155,0.000109959,0.00380691,0.555514,-0.00447779
1.36004,0.759335,0.577944,0.181391,0.0181421,0.00303492,0.000110352,0.00385901,0.557328,-0.00453032
1.3659,0.526371,0.580016,-0.0536457,0.0183561,0.00306898,0.000110747,0.00391231,0.559151,-0.00458277
1.37176,0.328281,0.582104,-0.253823,0.0185745,0.00310377,0.000111145,0.00396685,0.560983,-0.00463516
1.37763,0.459166,0.584208,-0.125042,0.0187975,0.0031393,0.000111546,0.00402267,0.562825,-0.00468747
1.38349,0.585931,0.586329,-0.000397477,0.0190254,0.00317558,0.000111949,0.00407981,0.564676,-0.0047397
1.38935,0.51907,0.588466,-0.0693962,0.0192581,0.00321265,0.000112355,0.00413832,0.566536,-0.00479186
1.39521,0.555791,0.59062,-0.0348282,0.019496,0.00325053,0.000112763,0.00419825,0.568406,-0.00484395
1.40107,0.664485,0.592791,0.0716941,0.019739,0.00328925,0.000113175,0.00425963,0.570285,-0.00489597
1.40694,0.680637,0.594979,0.0856581,0.0199874,0.00332882,0.000113589,0.00432252,0.572175,-0.00494791
1.4128,0.539085,0.597185,-0.0581,0.0202414,0.00336929,0.000114006,0.00438696,0.574073,-0.00499978
1.41866,0.855205,0.59941,0.255796,0.0205012,0.00341066,0.000114426,0.00445303,0.575982,-0.00505157
1.42452,0.743475,0.601653,0.141822,0.0207668,0.00345299,0.000114848,0.00452075,0.5779,-0.00510329
1.43039,0.649502,0.603914,0.0455878,0.0210385,0.00349628,0.000115273,0.00459021,0.579829,-0.00515494
1.43625,0.729653,0.606195,0.123459,0.0213165,0.00354059,0.000115702,0.00466146,0.581767,-0.00520651
1.44211,0.431583,0.608495,-0.176913,0.021601,0.00358593,0.000116133,0.00473455,0.583716,-0.00525801
1.44797,0.442254,0.610815,-0.168561,0.0218923,0.00363236,0.000116567,0.00480957,0.585674,-0.00530943
1.45383,0.518014,0.613156,-0.0951424,0.0221904,0.00367989,0.000117004,0.00488657,0.587643,-0.00536079
1.4597,0.700908,0.615517,0.0853911,0.0224957,0.00372857,0.000117444,0.00496563,0.589622,-0.00541206
1.46556,0.595671,0.617899,-0.0222284,0.0228084,0.00377844,0.000117888,0.00504683,0.591611,-0.00546327
1.47142,0.509092,0.620303,-0.111211,0.0231288,0.00382954,0.000118334,0.00513025,0.593611,-0.0055144
1.47728,0.583057,0.622729,-0.0396722,0.0234571,0.00388191,0.000118783,0.00521597,0.595621,-0.00556546
1.48315,0.553002,0.625178,-0.0721762,0.0237936,0.0039356,0.000119236,0.00530408,0.597642,-0.00561644
1.48901,0.291535,0.627649,-0.336114,0.0241385,0.00399065,0.000119691,0.00539467,0.599673,-0.00566735
1.49487,0.521842,0.630144,-0.108303,0.0244922,0.00404712,0.00012015,0.00548784,0.601715,-0.00571819
1.50073,0.696258,0.632663,0.0635948,0.024855,0.00410505,0.000120612,0.00558369,0.603768,-0.00576895
1.5066,0.731016,0.635207,0.0958089,0.0252272,0.00416449,0.000121078,0.00568232,0.605832,-0.00581964
1.51246,0.567497,0.637776,-0.0702787,0.0256091,0.00422552,0.000121546,0.00578385,0.607906,-0.00587025
1.51832,0.765394,0.640371,0.125023,0.0260012,0.00428817,0.000122018,0.0058884,0.609992,-0.00592079
1.52418,0.626049,0.642992,-0.0169428,0.0264037,0.00435252,0.000122494,0.00599608,0.612089,-0.00597126
1.53004,0.605751,0.645641,-0.0398901,0.0268171,0.00441862,0.000122972,0.00610703,0.614197,-0.00602166
1.53591,0.580174,0.648317,-0.0681431,0.0272418,0.00448655,0.000123454,0.0062214,0.616316,-0.00607198
1.54177,0.658067,0.651022,0.00704554,0.0276781,0.00455638,0.00012394,0.00633931,0.618446,-0.00612222
1.54763,0.628362,0.653756,-0.0253939,0.0281267,0.00462818,0.000124429,0.00646093,0.620588,-0.0061724
1.55349,0.639841,0.65652,-0.0166798,0.0285878,0.00470203,0.000124922,0.00658641,0.622742,-0.0062225
1.55936,0.761491,0.659316,0.102175,0.0290621,0.00477802,0.000125418,0.00671592,0.624907,-0.00627252
1.56522,0.880572,0.662143,0.21843,0.02955,0.00485622,0.000125918,0.00684965,0.627083,-0.00632247
1.57108,0.667598,0.665002,0.00259592,0.0300521,0.00493673,0.000126421,0.00698778,0.629272,-0.00637235
1.57694,0.654519,0.667896,-0.0133767,0.0305689,0.00501965,0.000126928,0.00713052,0.631472,-0.00642216
1.5828,0.754419,0.670824,0.0835956,0.0311011,0.00510507,0.000127439,0.00727807,0.633684,-0.00647189
1.58867,0.662073,0.673788,-0.0117149,0.0316494,0.00519311,0.000127953,0.00743066,0.635908,-0.00652155
1.59453,0.534931,0.676788,-0.141858,0.0322142,0.00528387,0.000128472,0.00758852,0.638144,-0.00657113
1.60039,0.784759,0.679827,0.104932,0.0327965,0.00537748,0.000128994,0.00775192,0.640393,-0.00662064
1.60625,0.730617,0.682905,0.0477121,0.0333969,0.00547405,0.00012952,0.00792111,0.642653,-0.00667008
1.61212,0.846668,0.686023,0.160645,0.0340161,0.00557373,0.00013005,0.00809638,0.644927,-0.00671944
1.61798,0.644367,0.689184,-0.0448167,0.0346551,0.00567664,0.000130584,0.00827803,0.647212,-0.00676873
1.62384,0.731667,0.692387,0.0392793,0.0353147,0.00578294,0.000131122,0.00846639,0.64951,-0.00681794
1.6297,0.62589,0.695636,-0.0697458,0.0359958,0.00589279,0.000131664,0.00866179,0.651821,-0.00686708
1.63556,0.668408,0.69893,-0.0305225,0.0366994,0.00600634,0.00013221,0.00886459,0.654144,-0.00691615
1.64143,0.641071,0.702273,-0.061202,0.0374265,0.00612377,0.00013276,0.00907519,0.65648,-0.00696515
1.64729,0.859191,0.705666,0.153525,0.0381783,0.00624528,0.000133314,0.009294,0.658829,-0.00701407
1.65315,0.796081,0.709111,0.0869701,0.0389558,0.00637104,0.000133873,0.00952146,0.661192,-0.00706292
1.65901,0.647137,0.712609,-0.0654727,0.0397603,0.00650129,0.000134436,0.00975804,0.663567,-0.00711169
1.66488,0.636681,0.716164,-0.0794822,0.0405931,0.00663623,0.000135003,0.0100043,0.665955,-0.00716039
1.67074,0.673482,0.719776,-0.0462942,0.0414556,0.00677611,0.000135575,0.0102606,0.668357,-0.00720902
1.6766,0.765245,0.723449,0.0417956,0.0423493,0.00692117,0.00013615,0.0105277,0.670772,-0.00725757
1.68246,0.889896,0.727185,0.162711,0.0432756,0.00707168,0.000136731,0.0108062,0.673201,-0.00730605
1.68832,0.848012,0.730987,0.117025,0.0442363,0.00722794,0.000137316,0.0110968,0.675643,-0.00735445
1.69419,0.741046,0.734858,0.00618833,0.0452332,0.00739024,0.000137905,0.0114,0.678099,-0.00740278
1.70005,0.875895,0.7388,0.137095,0.0462681,0.00755891,0.000138499,0.0117168,0.680569,-0.00745104
1.70591,0.788812,0.742818,0.0459938,0.047343,0.0077343,0.000139098,0.012048,0.683053,-0.00749923
1.71177,0.7019,0.746914,-0.0450138,0.04846,0.00791678,0.000139701,0.0123944,0.685551,-0.00754734
1.71764,0.801173,0.751093,0.0500805,0.0496216,0.00810676,0.000140309,0.012757,0.688062,-0.00759537
1.7235,0.737713,0.755358,-0.0176445,0.05083,0.00830465,0.000140922,0.0131369,0.690589,-0.00764334
1.72936,0.689526,0.759713,-0.0701878,0.052088,0.00851092,0.00014154,0.0135353,0.693129,-0.00769123
1.73522,0.743431,0.764165,-0.020734,0.0533983,0.00872607,0.000142163,0.0139532,0.695684,-0.00773904
1.74108,0.806982,0.768716,0.0382656,0.054764,0.00895062,0.000142791,0.0143921,0.698253,-0.00778678
1.74695,0.862952,0.773373,0.0895788,0.0561882,0.00918514,0.000143424,0.0148535,0.700838,-0.00783445
1.75281,0.920717,0.778142,0.142575,0.0576746,0.00943026,0.000144061,0.0153389,0.703437,-0.00788205
1.75867,0.95882,0.783029,0.175791,0.0592268,0.00968663,0.000144704,0.0158499,0.70605,-0.00792957
1.76453,0.89757,0.78804,0.10953,0.0608488,0.00995497,0.000145353,0.0163886,0.708679,-0.00797702
1.7704,0.984698,0.793183,0.191515,0.062545,0.0102361,0.000146006,0.016957,0.711323,-0.00802439
1.77626,0.745923,0.798466,-0.0525424,0.0643202,0.0105308,0.000146665,0.0175573,0.713983,-0.00807169
1.78212,0.901511,0.803897,0.0976143,0.0661793,0.01084,0.000147329,0.018192,0.716657,-0.00811892
1.78798,0.976685,0.809486,0.1672,0.0681278,0.0111646,0.000147999,0.0188639,0.719347,-0.00816607
1.79384,0.958603,0.815242,0.143361,0.0701718,0.0115059,0.000148674,0.0195758,0.722053,-0.00821315
1.79971,0.998195,0.821178,0.177017,0.0723177,0.0118649,0.000149355,0.0203312,0.724775,-0.00826015
1.80557,0.838027,0.827304,0.0107228,0.0745725,0.012243,0.000150041,0.0211337,0.727512,-0.00830709
1.81143,0.935833,0.833635,0.102198,0.0769438,0.0126414,0.000150733,0.0219873,0.730265,-0.00835394
1.81729,0.867173,0.840184,0.0269892,0.0794401,0.0130619,0.000151431,0.0228966,0.733035,-0.00840073
1.82316,0.707895,0.846968,-0.139073,0.0820702,0.013506,0.000152135,0.0238665,0.735821,-0.00844744
1.82902,0.758391,0.854004,-0.0956125,0.0848444,0.0139755,0.000152845,0.0249027,0.738623,-0.00849408
1.83488,0.903385,0.861311,0.0420732,0.0877733,0.0144726,0.00015356,0.0260114,0.741441,-0.00854064
1.84074,0.956172,0.868911,0.087261,0.0908689,0.0149994,0.000154282,0.0271997,0.744276,-0.00858713
1.8466,0.988705,0.876828,0.111877,0.0941445,0.0155585,0.00015501,0.0284754,0.747128,-0.00863355
1.85247,1.01134,0.885087,0.126256,0.0976144,0.0161524,0.000155744,0.0298474,0.749997,-0.00867989
1.85833,0.897543,0.893718,0.00382544,0.101295,0.0167844,0.000156484,0.0313259,0.752883,-0.00872616
1.86419,0.825805,0.902753,-0.0769482,0.105203,0.0174577,0.000157231,0.0329222,0.755786,-0.00877235
1.87005,0.892394,0.912229,-0.0198355,0.109358,0.0181761,0.000157984,0.0346493,0.758706,-0.00881848
1.87592,0.874021,0.922187,-0.048166,0.113783,0.0189438,0.000158744,0.0365222,0.761644,-0.00886452
1.88178,0.882021,0.932672,-0.0506505,0.1185,0.0197655,0.00015951,0.0385578,0.764599,-0.0089105
1.88764,0.880909,0.943736,-0.062827,0.123538,0.0206464,0.000160283,0.0407759,0.767572,-0.0089564
1.8935,0.843595,0.95544,-0.111845,0.128926,0.0215925,0.000161063,0.0431991,0.770563,-0.00900223
1.89936,0.806491,0.967848,-0.161357,0.134698,0.0226105,0.000161849,0.0458537,0.773572,-0.00904798
1.90523,0.92319,0.981038,-0.0578478,0.140892,0.0237079,0.000162643,0.0487705,0.776598,-0.00909366
1.91109,1.0816,0.995097,0.086504,0.14755,0.0248933,0.000163443,0.0519856,0.779644,-0.00913926
1.91695,1.00345,1.01013,-0.00667692,0.154721,0.0261766,0.000164251,0.0555414,0.782707,-0.0091848
1.92281,1.03137,1.02624,0.00513269,0.162459,0.027569,0.000165065,0.0594883,0.78579,-0.00923025
1.92868,1.22051,1.04358,0.176929,0.170826,0.0290834,0.000165888,0.0638862,0.788891,-0.00927564
1.93454,1.15048,1.06229,0.0881833,0.179895,0.0307345,0.000166717,0.0688072,0.792011,-0.00932095
1.9404,1.16157,1.08257,0.0789917,0.189745,0.0325397,0.000167554,0.0743383,0.79515,-0.00936619
1.94626,1.27323,1.10464,0.168585,0.200471,0.0345189,0.000168398,0.0805854,0.798308,-0.00941135
1.95213,1.05229,1.12875,-0.0764624,0.212181,0.0366955,0.00016925,0.0876786,0.801485,-0.00945644
1.95799,1.27419,1.15523,0.118959,0.225001,0.039097,0.00017011,0.0957787,0.804683,-0.00950146
1.96385,1.24832,1.18444,0.0638811,0.239076,0.0417556,0.000170978,0.105087,0.807899,-0.0095464
1.96971,1.16472,1.21686,-0.0521421,0.254578,0.0447099,0.000171854,0.115858,0.811136,-0.00959127
1.97557,1.4163,1.25306,0.163246,0.271707,0.0480058,0.000172738,0.128415,0.814393,-0.00963607
1.98144,1.28592,1.29374,-0.00782366,0.290704,0.0516986,0.00017363,0.14318,0.817669,-0.00968079
1.9873,1.28315,1.33982,-0.0566766,0.311851,0.0558552,0.00017453,0.160703,0.820966,-0.00972544
1.99316,1.33445,1.39245,-0.058005,0.335488,0.0605573,0.000175438,0.181718,0.824284,-0.00977001
1.99902,1.43239,1.45314,-0.0207429,0.362026,0.0659054,0.000176356,0.20722,0.827623,-0.00981451
2.00489,1.31126,1.52388,-0.212613,0.391964,0.0720244,0.000177281,0.238587,0.830982,-0.00985894
2.01075,1.43799,1.60738,-0.169395,0.425911,0.0790707,0.000178216,0.277763,0.834362,-0.00990329
2.01661,1.6012,1.70743,-0.106232,0.464623,0.0872429,0.000179159,0.327567,0.837763,-0.00994757
2.02247,1.68467,1.82942,-0.144751,0.50904,0.0967954,0.000180111,0.392208,0.841186,-0.00999178
2.02833,1.86065,1.98137,-0.120717,0.560348,0.108059,0.000181073,0.478184,0.844631,-0.0100359
2.0342,2.02543,2.17566,-0.150226,0.620057,0.12147,0.000182043,0.595932,0.848097,-0.01008
2.04006,2.27519,2.4324,-0.157208,0.690113,0.137612,0.000183023,0.763033,0.851585,-0.010124
2.04592,2.44323,2.78627,-0.343041,0.773065,0.157281,0.000184012,1.01081,0.855095,-0.0101679
2.05178,2.90859,3.30151,-0.392918,0.872292,0.181588,0.000185011,1.39903,0.858628,-0.0102117
2.05765,3.57418,4.10775,-0.533567,0.992357,0.212111,0.00018602,2.05117,0.862183,-0.0102555
2.06351,4.58297,5.49242,-0.90945,1.13954,0.251161,0.000187038,3.24607,0.865761,-0.0102992
2.06937,7.32584,8.13594,-0.810104,1.32267,0.302223,0.000188066,5.65184,0.869361,-0.0103428
2.07523,12.5939,13.3499,-0.755967,1.55445,0.370743,0.000189105,10.5619,0.872985,-0.0103863
2.08109,19.3514,19.3514,-5.36354e-05,1.85373,0.465596,0.000190154,16.1657,0.876632,-0.0104298
2.08696,18.3211,16.3741,1.94702,2.24934,0.601991,0.000191213,12.6528,0.880303,-0.0104732
2.09282,12.1519,11.2815,0.87033,2.78717,0.807592,0.000192283,6.8131,0.883997,-0.0105165
2.09868,8.76802,9.32152,-0.553503,3.54356,1.13648,0.000193363,3.76413,0.887715,-0.0105598
2.10454,8.15977,9.52942,-1.36965,4.65267,1.70366,0.000194455,2.29204,0.891458,-0.0106029
2.11041,9.49785,11.5434,-2.04551,6.366,2.77572,0.000195557,1.51686,0.895224,-0.010646
2.11627,13.3717,16.1356,-2.76391,9.19312,4.98464,0.00019667,1.06934,0.899015,-0.0106891
2.12213,22.0155,25.1325,-3.11705,14.2611,9.18835,0.000197795,0.790747,0.902831,-0.010732
2.12799,37.6448,37.4232,0.221593,24.2546,11.6658,0.000198931,0.606693,0.906672,-0.0107749
2.13385,59.0331,53.9617,5.07141,45.0108,7.5718,0.000200079,0.479213,0.910538,-0.0108177
2.13972,83.1812,81.0818,2.0994,75.7689,4.02161,0.000201239,0.387491,0.914429,-0.0108604
2.14558,73.1606,73.5098,-0.349254,69.9905,2.29227,0.000202411,0.319409,0.918346,-0.0109031
2.15144,40.8273,41.6775,-0.850214,39.0608,1.43762,0.000203595,0.267548,0.922289,-0.0109457
2.1573,20.8489,23.2782,-2.42929,21.1622,0.973311,0.000204791,0.22717,0.926258,-0.0109882
2.16317,11.8633,14.4131,-2.54986,12.6004,0.698106,0.000205999,0.195141,0.930253,-0.0110306
2.16903,8.01517,9.80982,-1.79464,8.1939,0.523186,0.000207221,0.169324,0.934275,-0.011073
2.17489,5.96556,7.18229,-1.21673,5.70095,0.405704,0.000208455,0.148219,0.938324,-0.0111153
2.18075,4.53083,5.55941,-1.02858,4.17395,0.323253,0.000209703,0.130753,0.942399,-0.0111575
2.18661,3.74386,4.49284,-0.748981,3.1779,0.26329,0.000210963,0.11614,0.946502,-0.0111997
2.19248,3.27183,3.75678,-0.484947,2.49499,0.218385,0.000212238,0.103796,0.950633,-0.0112417
2.19834,2.81032,3.22861,-0.418285,2.00769,0.183923,0.000213525,0.093276,0.954791,-0.0112837
2.2042,2.47704,2.83746,-0.360425,1.64843,0.156922,0.000214827,0.0842408,0.958977,-0.0113256
2.21006,2.24206,2.54017,-0.29811,1.37632,0.135388,0.000216143,0.0764252,0.963192,-0.0113675
2.21593,1.95257,2.30929,-0.356721,1.16548,0.117948,0.000217473,0.0696207,0.967434,-0.0114093
2.22179,2.05354,2.1267,-0.0731584,0.998932,0.103633,0.000218818,0.0636615,0.971706,-0.011451
2.22765,1.97382,1.98005,-0.00622872,0.86516,0.0917435,0.000220177,0.0584142,0.976007,-0.0114926
2.23351,1.87353,1.86071,0.012815,0.756151,0.0817647,0.000221552,0.0537706,0.980337,-0.0115341
2.23937,1.61696,1.76248,-0.145529,0.666188,0.0733108,0.000222942,0.0496422,0.984697,-0.0115756
2.24524,1.69224,1.68084,0.0113935,0.591106,0.0660884,0.000224347,0.0459563,0.989086,-0.011617
2.2511,1.465,1.61242,-0.14741,0.527818,0.0598712,0.000225768,0.0426522,0.993506,-0.0116584
2.25696,1.49127,1.55464,-0.0633717,0.473993,0.0544822,0.000227204,0.0396795,0.997956,-0.0116996
2.26282,1.38099,1.50555,-0.124563,0.427847,0.0497819,0.000228657,0.0369957,1.00244,-0.0117408
2.26869,1.33534,1.46362,-0.128274,0.387995,0.0456587,0.000230127,0.0345649,1.00695,-0.0117819
2.27455,1.36996,1.42763,-0.0576735,0.353352,0.0420226,0.000231613,0.0323565,1.01149,-0.011823
2.28041,1.45547,1.39663,0.0588385,0.323054,0.0388005,0.000233116,0.0303446,1.01607,-0.0118639
2.28627,1.3445,1.36985,-0.025349,0.296409,0.0359325,0.000234637,0.0285067,1.02067,-0.0119048
2.29213,1.28022,1.34665,-0.0664315,0.272858,0.033369,0.000236175,0.0268235,1.02531,-0.0119456
2.298,1.30022,1.32652,-0.0263074,0.251944,0.0310689,0.000237731,0.0252783,1.02998,-0.0119864
2.30386,1.13622,1.30904,-0.172822,0.23329,0.0289977,0.000239304,0.0238567,1.03468,-0.0120271
2.30972,1.23179,1.29385,-0.062059,0.216585,0.0271263,0.000240897,0.0225459,1.03942,-0.0120677
2.31558,1.24094,1.28066,-0.0397185,0.201569,0.0254302,0.000242508,0.0213348,1.04419,-0.0121082
2.32145,1.24488,1.26922,-0.0243395,0.188024,0.0238884,0.000244138,0.0202137,1.049,-0.0121486
2.32731,1.38766,1.25931,0.128348,0.175766,0.022483,0.000245787,0.0191741,1.05383,-0.012189
2.33317,1.43783,1.25077,0.187061,0.164639,0.0211986,0.000247457,0.0182082,1.0587,-0.0122293
2.33903,1.23063,1.24343,-0.0127975,0.15451,0.020022,0.000249146,0.0173095,1.06361,-0.0122695
2.34489,1.23471,1.23717,-0.00245866,0.145263,0.0189415,0.000250855,0.0164718,1.06855,-0.0123097
2.35076,1.12025,1.23187,-0.111625,0.1368,0.0179472,0.000252585,0.0156899,1.07353,-0.0123498
2.35662,1.06961,1.22743,-0.157828,0.129037,0.0170304,0.000254336,0.014959,1.07854,-0.0123898
2.36248,1.05459,1.22377,-0.169184,0.121899,0.0161832,0.000256109,0.0142748,1.08359,-0.0124297
2.36834,1.32615,1.22082,0.105335,0.115321,0.015399,0.000257903,0.0136335,1.08868,-0.0124696
2.37421,1.13555,1.2185,-0.0829518,0.109248,0.0146718,0.00025972,0.0130316,1.0938,-0.0125094
2.38007,1.25456,1.21676,0.037801,0.10363,0.0139964,0.000261559,0.012466,1.09896,-0.0125491
2.38593,1.13561,1.21555,-0.0799412,0.0984227,0.013368,0.00026342,0.0119339,1.10415,-0.0125887
2.39179,1.21008,1.21483,-0.00474833,0.0935881,0.0127825,0.000265306,0.0114328,1.10939,-0.0126283
2.39766,1.01977,1.21455,-0.194771,0.0890919,0.0122362,0.000267214,0.0109603,1.11466,-0.0126678
2.40352,1.32841,1.21467,0.113736,0.0849037,0.0117258,0.000269147,0.0105143,1.11997,-0.0127072
2.40938,1.38963,1.21518,0.174455,0.0809967,0.0112482,0.000271105,0.0100929,1.12532,-0.0127465
2.41524,1.256,1.21604,0.0399693,0.0773465,0.0108009,0.000273088,0.00969437,1.13071,-0.0127858
2.4211,1.21889,1.21721,0.00167468,0.0739316,0.0103813,0.000275096,0.00931713,1.13613,-0.012825
2.42697,1.15601,1.2187,-0.062683,0.0707325,0.00998734,0.000277129,0.0089597,1.1416,-0.0128641
2.43283,1.16165,1.22046,-0.0588044,0.0677318,0.00961702,0.00027919,0.00862075,1.14711,-0.0129032
2.43869,1.32032,1.22248,0.097836,0.0649138,0.00926856,0.000281277,0.00829906,1.15266,-0.0129421
2.44455,1.20524,1.22475,-0.0195138,0.0622642,0.00894035,0.000283391,0.00799348,1.15825,-0.012981
2.45042,1.12922,1.22725,-0.098034,0.0597702,0.00863091,0.000285534,0.00770298,1.16388,-0.0130199
2.45628,1.22049,1.22997,-0.00947896,0.05742,0.0083389,0.000287704,0.00742662,1.16956,-0.0130586
2.46214,1.3128,1.2329,0.0799017,0.0552032,0.0080631,0.000289904,0.0071635,1.17528,-0.0130973
2.468,1.15648,1.23602,-0.0795407,0.05311,0.00780239,0.000292133,0.00691281,1.18104,-0.0131359
2.47386,1.2178,1.23932,-0.0215154,0.0511317,0.00755575,0.000294392,0.0066738,1.18684,-0.0131745
2.47973,1.08621,1.2428,-0.156593,0.0492602,0.00732223,0.000296682,0.00644577,1.19269,-0.0132129
2.48559,1.29739,1.24644,0.0509441,0.0474881,0.00710099,0.000299002,0.00622807,1.19858,-0.0132513
2.49145,1.30392,1.25025,0.0536744,0.0458089,0.00689122,0.000301355,0.0060201,1.20451,-0.0132896
2.49731,1.14922,1.2542,-0.104976,0.0442161,0.0066922,0.00030374,0.0058213,1.21049,-0.0133279
2.50318,1.34828,1.2583,0.08998,0.0427043,0.00650326,0.000306157,0.00563116,1.21652,-0.013366
2.50904,1.20796,1.26254,-0.0545846,0.0412682,0.00632377,0.000308609,0.0054492,1.22259,-0.0134041
2.5149,1.28018,1.26691,0.0132701,0.0399029,0.00615317,0.000311094,0.00527495,1.22871,-0.0134421
2.52076,1.2602,1.27142,-0.0112176,0.0386041,0.00599093,0.000313615,0.00510801,1.23488,-0.0134801
2.52662,1.24364,1.27604,-0.032408,0.0373676,0.00583655,0.000316171,0.00494797,1.24109,-0.0135179
2.53249,1.09246,1.28079,-0.188334,0.0361897,0.00568958,0.000318763,0.00479448,1.24736,-0.0135557
2.53835,1.2995,1.28566,0.0138468,0.0350668,0.0055496,0.000321392,0.00464719,1.25367,-0.0135935
2.54421,1.38928,1.29064,0.0986416,0.0339958,0.00541622,0.000324059,0.00450579,1.26003,-0.0136311
2.55007,1.39381,1.29573,0.098086,0.0329735,0.00528907,0.000326765,0.00436996,1.26643,-0.0136687
2.55594,1.39646,1.30092,0.0955429,0.0319973,0.00516781,0.00032951,0.00423943,1.27289,-0.0137062
2.5618,1.38947,1.30622,0.0832453,0.0310644,0.00505213,0.000332295,0.00411393,1.2794,-0.0137436
2.56766,1.45181,1.31163,0.140185,0.0301726,0.00494173,0.000335121,0.00399322,1.28596,-0.013781
2.57352,1.37818,1.31713,0.0610537,0.0293195,0.00483634,0.000337989,0.00387707,1.29258,-0.0138183
2.57938,1.28546,1.32273,-0.0372697,0.028503,0.0047357,0.000340899,0.00376524,1.29924,-0.0138555
2.58525,1.40552,1.32843,0.0770911,0.0277211,0.00463956,0.000343853,0.00365755,1.30596,-0.0138926
2.59111,1.47778,1.33422,0.143557,0.0269721,0.00454772,0.000346851,0.00355378,1.31273,-0.0139297
2.59697,1.35303,1.3401,0.0129237,0.0262542,0.00445994,0.000349895,0.00345377,1.31955,-0.0139667
2.60283,1.5267,1.34608,0.180619,0.0255658,0.00437604,0.000352985,0.00335733,1.32643,-0.0140036
2.6087,1.2031,1.35215,-0.149044,0.0249054,0.00429584,0.000356122,0.0032643,1.33336,-0.0140404
2.61456,1.33165,1.3583,-0.026653,0.0242716,0.00421915,0.000359308,0.00317453,1.34035,-0.0140772
2.62042,1.34546,1.36454,-0.0190862,0.023663,0.00414581,0.000362543,0.00308788,1.3474,-0.0141139
2.62628,1.46565,1.37087,0.0947769,0.0230785,0.00407568,0.000365828,0.0030042,1.3545,-0.0141505
2.63214,1.43673,1.37729,0.0594361,0.0225169,0.00400861,0.000369165,0.00292337,1.36166,-0.014187
2.63801,1.49696,1.38379,0.113167,0.0219771,0.00394445,0.000372555,0.00284526,1.36888,-0.0142235
2.64387,1.37093,1.39038,-0.0194527,0.021458,0.00388309,0.000375998,0.00276976,1.37615,-0.0142599
2.64973,1.30165,1.39705,-0.0953995,0.0209586,0.00382441,0.000379496,0.00269675,1.38349,-0.0142962
2.65559,1.4277,1.40381,0.0238947,0.0204781,0.00376829,0.000383051,0.00262613,1.39089,-0.0143325
2.66146,1.62153,1.41065,0.210885,0.0200156,0.00371462,0.000386663,0.00255781,1.39834,-0.0143687
2.66732,1.49379,1.41757,0.0762199,0.0195703,0.00366331,0.000390334,0.00249168,1.40586,-0.0144048
2.67318,1.60775,1.42457,0.183175,0.0191414,0.00361425,0.000394065,0.00242765,1.41344,-0.0144408
2.67904,1.57103,1.43166,0.139369,0.0187282,0.00356736,0.000397857,0.00236565,1.42108,-0.0144767
2.6849,1.44266,1.43883,0.003827,0.01833,0.00352256,0.000401713,0.00230559,1.42879,-0.0145126
2.69077,1.61027,1.44609,0.164186,0.0179461,0.00347976,0.000405632,0.00224739,1.43655,-0.0145484
2.69663,1.58947,1.45342,0.136053,0.017576,0.00343889,0.000409618,0.00219098,1.44439,-0.0145842
2.70249,1.58429,1.46084,0.123449,0.0172191,0.00339988,0.000413671,0.00213629,1.45229,-0.0146198
2.70835,1.51329,1.46834,0.0449489,0.0168747,0.00336266,0.000417793,0.00208326,1.46025,-0.0146554
2.71422,1.53207,1.47592,0.0561498,0.0165424,0.00332716,0.000421986,0.00203181,1.46829,-0.0146909
2.72008,1.50041,1.48358,0.0168296,0.0162218,0.00329333,0.000426251,0.0019819,1.47639,-0.0147264
2.72594,1.23005,1.49133,-0.261285,0.0159122,0.00326111,0.00043059,0.00193346,1.48456,-0.0147617
2.7318,1.44853,1.49916,-0.0506352,0.0156133,0.00323044,0.000435004,0.00188643,1.49279,-0.014797
2.73766,1.57043,1.50708,0.0633578,0.0153247,0.00320127,0.000439497,0.00184077,1.5011,-0.0148322
2.74353,1.47708,1.51507,-0.0379888,0.015046,0.00317355,0.000444069,0.00179643,1.50948,-0.0148674
2.74939,1.49833,1.52315,-0.0248276,0.0147767,0.00314724,0.000448723,0.00175335,1.51793,-0.0149025
2.75525,1.59816,1.53132,0.0668443,0.0145165,0.0031223,0.00045346,0.00171149,1.52645,-0.0149375
2.76111,1.63892,1.53957,0.099345,0.0142651,0.00309868,0.000458284,0.00167081,1.53505,-0.0149724
2.76698,1.39767,1.54791,-0.15024,0.0140221,0.00307634,0.000463194,0.00163127,1.54372,-0.0150072
2.77284,1.54747,1.55633,-0.00886042,0.0137873,0.00305525,0.000468196,0.00159282,1.55247,-0.015042
2.7787,1.69755,1.56483,0.13272,0.0135602,0.00303538,0.000473289,0.00155543,1.56129,-0.0150767
2.78456,1.65563,1.57343,0.0822011,0.0133407,0.00301668,0.000478477,0.00151906,1.57018,-0.0151114
2.79043,1.63315,1.58211,0.0510424,0.0131285,0.00299913,0.000483762,0.00148368,1.57916,-0.0151459
2.79629,1.55668,1.59088,-0.0341966,0.0129233,0.00298269,0.000489148,0.00144925,1.58821,-0.0151804
2.80215,1.51733,1.59974,-0.0824031,0.0127248,0.00296735,0.000494635,0.00141574,1.59735,-0.0152148
2.80801,1.841,1.60868,0.232319,0.0125329,0.00295307,0.000500228,0.00138311,1.60656,-0.0152491
2.81387,1.72399,1.61772,0.106273,0.0123472,0.00293983,0.000505928,0.00135135,1.61586,-0.0152834
2.81974,1.68634,1.62684,0.0594916,0.0121677,0.00292761,0.000511739,0.00132042,1.62523,-0.0153176
2.8256,1.66861,1.63606,0.032546,0.011994,0.00291638,0.000517664,0.00129029,1.63469,-0.0153517
2.83146,1.84125,1.64537,0.195882,0.0118261,0.00290612,0.000523706,0.00126094,1.64424,-0.0153857
2.83732,1.71653,1.65477,0.0617563,0.0116636,0.00289681,0.000529868,0.00123234,1.65387,-0.0154197
2.84319,1.59361,1.66427,-0.0706539,0.0115064,0.00288844,0.000536154,0.00120446,1.66359,-0.0154536
2.84905,1.90195,1.67386,0.22809,0.0113544,0.00288099,0.000542566,0.0011773,1.67339,-0.0154874
2.85491,1.72427,1.68354,0.0407224,0.0112074,0.00287444,0.000549108,0.00115081,1.68328,-0.0155212
2.86077,1.89267,1.69332,0.199341,0.0110652,0.00286877,0.000555785,0.00112499,1.69326,-0.0155548
2.86663,1.73033,1.7032,0.0271223,0.0109277,0.00286398,0.000562599,0.00109981,1.70334,-0.0155884
2.8725,1.87513,1.71318,0.161954,0.0107947,0.00286005,0.000569556,0.00107524,1.7135,-0.015622
2.87836,1.86864,1.72325,0.145389,0.0106661,0.00285696,0.000576658,0.00105128,1.72376,-0.0156554
2.88422,1.81576,1.73343,0.0823309,0.0105418,0.00285472,0.00058391,0.0010279,1.73411,-0.0156888
2.89008,1.75967,1.7437,0.0159714,0.0104216,0.0028533,0.000591317,0.00100509,1.74455,-0.0157221
2.89595,1.77525,1.75408,0.0211669,0.0103055,0.0028527,0.000598884,0.000982827,1.7551,-0.0157553
2.90181,1.74702,1.76456,-0.0175377,0.0101932,0.0028529,0.000606614,0.000961094,1.76574,-0.0157885
2.90767,1.76309,1.77514,-0.0120512,0.0100847,0.00285391,0.000614513,0.000939876,1.77647,-0.0158216
2.91353,1.77668,1.78583,-0.00914867,0.00997994,0.00285572,0.000622586,0.00091916,1.78731,-0.0158546
2.91939,1.69767,1.79663,-0.0989583,0.00987873,0.00285832,0.000630838,0.000898929,1.79825,-0.0158875
2.92526,1.77594,1.80753,-0.0315878,0.009781,0.0028617,0.000639275,0.00087917,1.80929,-0.0159204
2.93112,1.71481,1.81854,-0.103727,0.00968666,0.00286586,0.000647903,0.000859869,1.82043,-0.0159532
2.93698,1.91297,1.82966,0.0833113,0.00959561,0.00287079,0.000656727,0.000841013,1.83168,-0.0159859
2.94284,1.88381,1.84089,0.0429184,0.00950778,0.00287651,0.000665754,0.000822589,1.84304,-0.0160185
2.94871,2.05128,1.85224,0.199044,0.00942308,0.00288299,0.000674991,0.000804585,1.8545,-0.0160511
2.95457,1.87687,1.8637,0.0131777,0.00934142,0.00289025,0.000684443,0.000786988,1.86608,-0.0160836
2.96043,1.91723,1.87527,0.0419634,0.00926274,0.00289828,0.000694118,0.000769789,1.87776,-0.016116
2.96629,2.08651,1.88696,0.199559,0.00918696,0.00290708,0.000704023,0.000752974,1.88955,-0.0161483
2.97215,1.9449,1.89876,0.0461407,0.009114,0.00291666,0.000714166,0.000736534,1.90146,-0.0161806
2.97802,1.86014,1.91069,-0.050541,0.00904381,0.00292701,0.000724555,0.000720459,1.91348,-0.0162128
2.98388,1.86067,1.92273,-0.0620639,0.00897631,0.00293813,0.000735198,0.000704738,1.92562,-0.0162449
2.98974,2.13124,1.9349,0.196343,0.00891144,0.00295004,0.000746104,0.000689362,1.93788,-0.016277
2.9956,2.16282,1.94719,0.215637,0.00884914,0.00296274,0.000757281,0.000674321,1.95025,-0.016309
3.00147,2.19797,1.9596,0.238371,0.00878937,0.00297622,0.000768739,0.000659606,1.96275,-0.0163409
3.00733,1.9972,1.97214,0.0250642,0.00873205,0.0029905,0.000780487,0.000645209,1.97537,-0.0163727
3.01319,2.09723,1.98481,0.112423,0.00867714,0.00300559,0.000792537,0.000631121,1.98811,-0.0164045
3.01905,2.18454,1.99761,0.186929,0.00862459,0.00302148,0.000804898,0.000617333,2.00097,-0.0164361
3.02491,2.02951,2.01053,0.0189789,0.00857435,0.00303819,0.000817583,0.000603839,2.01397,-0.0164678
3.03078,1.99451,2.0236,-0.0290866,0.00852637,0.00305573,0.000830601,0.00059063,2.02709,-0.0164993
3.03664,1.95909,2.03679,-0.0776982,0.00848061,0.00307411,0.000843966,0.0005777,2.04035,-0.0165308
3.0425,2.10763,2.05012,0.0575027,0.00843703,0.00309334,0.000857691,0.000565039,2.05373,-0.0165621
3.04836,1.9902,2.06359,-0.0733961,0.00839558,0.00311342,0.000871788,0.000552643,2.06725,-0.0165935
3.05423,2.05596,2.0772,-0.0212443,0.00835622,0.00313438,0.000886273,0.000540503,2.08091,-0.0166247
3.06009,2.24619,2.09095,0.155241,0.00831893,0.00315622,0.000901158,0.000528614,2.0947,-0.0166559
3.06595,1.99652,2.10484,-0.108325,0.00828365,0.00317897,0.000916461,0.000516969,2.10863,-0.016687
3.07181,2.03519,2.11888,-0.0836904,0.00825037,0.00320263,0.000932197,0.000505562,2.12271,-0.016718
3.07767,2.10904,2.13307,-0.0240265,0.00821904,0.00322722,0.000948383,0.000494387,2.13693,-0.0167489
3.08354,2.1623,2.1474,0.0149031,0.00818963,0.00325276,0.000965036,0.000483439,2.15129,-0.0167798
3.0894,2.08686,2.16189,-0.075028,0.00816212,0.00327927,0.000982177,0.000472711,2.1658,-0.0168106
3.09526,2.05652,2.17652,-0.120007,0.00813647,0.00330677,0.000999823,0.000462198,2.18046,-0.0168413
3.10112,2.23085,2.19132,0.0395331,0.00811267,0.00333528,0.001018,0.000451895,2.19527,-0.016872
3.10699,2.12996,2.20627,-0.0763057,0.00809068,0.00336482,0.00103672,0.000441796,2.21023,-0.0169026
3.11285,2.30455,2.22138,0.0831711,0.00807047,0.00339541,0.00105601,0.000431898,2.22535,-0.0169331
3.11871,2.29652,2.23665,0.0598732,0.00805204,0.00342708,0.0010759,0.000422194,2.24063,-0.0169635
3.12457,2.33037,2.25208,0.0782853,0.00803534,0.00345986,0.00109641,0.000412681,2.25607,-0.0169938
3.13043,2.4343,2.26768,0.166616,0.00802037,0.00349378,0.00111757,0.000403354,2.27167,-0.0170241
3.1363,2.37666,2.28345,0.0932099,0.00800711,0.00352886,0.0011394,0.000394208,2.28743,-0.0170543
3.14216,2.18881,2.29939,-0.11058,0.00799553,0.00356513,0.00116194,0.000385239,2.30336,-0.0170845
3.14802,2.10529,2.3155,-0.210212,0.00798562,0.00360263,0.00118522,0.000376443,2.31946,-0.0171145
3.15388,2.33295,2.33179,0.00115715,0.00797736,0.00364139,0.00120927,0.000367816,2.33574,-0.0171445
3.15975,2.37512,2.34825,0.0268667,0.00797073,0.00368145,0.00123412,0.000359353,2.35218,-0.0171744
3.16561,2.41595,2.3649,0.0510543,0.00796573,0.00372284,0.00125982,0.000351052,2.3688,-0.0172043
3.17147,2.41668,2.38173,0.0349495,0.00796234,0.00376561,0.0012864,0.000342908,2.38561,-0.0172341
3.17733,2.38036,2.39874,-0.018384,0.00796055,0.0038098,0.0013139,0.000334918,2.40259,-0.0172638
3.18319,2.3987,2.41595,-0.0172429,0.00796035,0.00385545,0.00134238,0.000327078,2.41975,-0.0172934
3.18906,2.41535,2.43334,-0.0179873,0.00796172,0.00390262,0.00137187,0.000319385,2.43711,-0.0173229
3.19492,2.34972,2.45093,-0.101208,0.00796466,0.00395134,0.00140242,0.000311836,2.45465,-0.0173524
3.20078,2.42673,2.46872,-0.0419899,0.00796915,0.00400168,0.0014341,0.000304427,2.47239,-0.0173818
3.20664,2.59335,2.4867,0.106645,0.0079752,0.00405369,0.00146695,0.000297155,2.49032,-0.0174111
3.21251,2.5094,2.50489,0.00451347,0.0079828,0.00410742,0.00150104,0.000290017,2.50845,-0.0174404
3.21837,2.49134,2.52328,-0.0319395,0.00799194,0.00416295,0.00153643,0.00028301,2.52678,-0.0174695
3.22423,2.77601,2.54188,0.234129,0.00800261,0.00422033,0.00157319,0.000276131,2.54531,-0.0174987
3.23009,2.87567,2.5607,0.314973,0.00801481,0.00427963,0.0016114,0.000269378,2.56405,-0.0175277
3.23596,2.65307,2.57973,0.0733444,0.00802855,0.00434093,0.00165112,0.000262747,2.583,-0.0175566
3.24182,2.71518,2.59898,0.116206,0.00804381,0.0044043,0.00169244,0.000256236,2.60217,-0.0175855
3.24768,2.90058,2.61845,0.282129,0.0080606,0.00446982,0.00173546,0.000249843,2.62155,-0.0176143
3.25354,2.73471,2.63815,0.0965656,0.00807891,0.00453759,0.00178027,0.000243564,2.64115,-0.0176431
3.2594,2.66903,2.65807,0.0109629,0.00809876,0.00460768,0.00182698,0.000237398,2.66097,-0.0176717
3.26527,2.76149,2.67823,0.0832621,0.00812013,0.00468021,0.00187568,0.000231342,2.68102,-0.0177003
3.27113,2.82763,2.69862,0.129009,0.00814304,0.00475526,0.0019265,0.000225393,2.7013,-0.0177288
3.27699,2.78576,2.71926,0.0665025,0.00816748,0.00483296,0.00197957,0.000219549,2.72181,-0.0177573
3.28285,2.6573,2.74013,-0.0828378,0.00819346,0.0049134,0.00203503,0.000213809,2.74256,-0.0177857
3.28872,2.82903,2.76126,0.0677691,0.00822099,0.00499673,0.00209302,0.00020817,2.76356,-0.0178139
3.29458,2.87382,2.78264,0.0911859,0.00825007,0.00508306,0.0021537,0.000202629,2.78479,-0.0178422
3.30044,2.92829,2.80427,0.124022,0.00828071,0.00517253,0.00221725,0.000197185,2.80627,-0.0178703
3.3063,3.0454,2.82617,0.219239,0.00831291,0.00526529,0.00228384,0.000191836,2.82801,-0.0178984
3.31216,2.84487,2.84832,-0.0034511,0.0083467,0.0053615,0.0023537,0.00018658,2.85,-0.0179264
3.31803,2.83843,2.87075,-0.0323258,0.00838206,0.00546132,0.00242702,0.000181414,2.87225,-0.0179543
3.32389,3.05072,2.89345,0.15727,0.00841903,0.00556493,0.00250406,0.000176337,2.89477,-0.0179822
3.32975,2.8175,2.91643,-0.0989268,0.0084576,0.00567251,0.00258506,0.000171348,2.91755,-0.01801
3.33561,2.86904,2.93969,-0.0706518,0.0084978,0.00578429,0.00267032,0.000166444,2.94061,-0.0180377
3.34148,2.99342,2.96324,0.0301754,0.00853963,0.00590045,0.00276014,0.000161624,2.96394,-0.0180653
3.34734,3.10755,2.98708,0.120467,0.00858311,0.00602125,0.00285486,0.000156885,2.98756,-0.0180928
3.3532,3.13128,3.01122,0.120052,0.00862825,0.00614693,0.00295484,0.000152227,3.01146,-0.0181203
3.35906,3.14713,3.03567,0.111464,0.00867508,0.00627775,0.00306049,0.000147648,3.03565,-0.0181477
3.36492,3.09397,3.06042,0.033556,0.00872361,0.00641399,0.00317226,0.000143146,3.06014,-0.0181751
3.37079,3.21346,3.08549,0.127975,0.00877386,0.00655598,0.00329063,0.000138719,3.08493,-0.0182023
3.37665,3.25162,3.11087,0.14075,0.00882584,0.00670403,0.00341614,0.000134367,3.11002,-0.0182295
3.38251,3.27047,3.13658,0.133885,0.00887959,0.0068585,0.00354939,0.000130087,3.13542,-0.0182566
3.38837,3.19753,3.16263,0.0348961,0.00893512,0.00701977,0.00369103,0.000125878,3.16114,-0.0182837
3.39424,3.37532,3.18901,0.186309,0.00899246,0.00718826,0.0038418,0.00012174,3.18718,-0.0183107
3.4001,3.30582,3.21574,0.0900755,0.00905163,0.00736442,0.0040025,0.00011767,3.21354,-0.0183376
3.40596,3.30913,3.24282,0.0663034,0.00911265,0.00754872,0.00417405,0.000113666,3.24024,-0.0183644
3.41182,3.29341,3.27026,0.0231439,0.00917556,0.0077417,0.00435746,0.000109729,3.26727,-0.0183911
3.41768,3.31281,3.29807,0.0147372,0.00924038,0.00794393,0.00455385,0.000105857,3.29465,-0.0184178
3.42355,3.30748,3.32625,-0.0187782,0.00930714,0.00815602,0.0047645,0.000102047,3.32237,-0.0184444
3.42941,3.33391,3.35482,-0.02091,0.00937587,0.00837865,0.00499084,9.83003e-05,3.35045,-0.0184709
3.43527,3.32024,3.38377,-0.0635333,0.00944661,0.00861256,0.00523449,9.46141e-05,3.37888,-0.0184974
3.44113,3.3474,3.41313,-0.0657258,0.00951939,0.00885855,0.00549729,9.09878e-05,3.40769,-0.0185238
3.447,3.39885,3.44289,-0.0440388,0.00959425,0.0091175,0.00578132,8.74201e-05,3.43686,-0.0185501
3.45286,3.35256,3.47307,-0.12051,0.00967121,0.00939038,0.00608895,8.391e-05,3.46642,-0.0185763
3.45872,3.47084,3.50369,-0.032849,0.00975033,0.00967825,0.0064229,8.04563e-05,3.49636,-0.0186025
3.46458,3.41289,3.53474,-0.121853,0.00983164,0.00998228,0.0067863,7.70581e-05,3.52669,-0.0186285
3.47044,3.54134,3.56624,-0.0249084,0.00991518,0.0103038,0.00718276,7.37143e-05,3.55742,-0.0186546
3.47631,3.64351,3.59821,0.045299,0.010001,0.0106441,0.00761645,7.04239e-05,3.58856,-0.0186805
3.48217,3.6604,3.63066,0.0297354,0.0100891,0.0110049,0.00809222,6.71859e-05,3.62011,-0.0187064
3.48803,3.84025,3.6636,0.176651,0.0101796,0.011388,0.00861577,6.39994e-05,3.65209,-0.0187321
3.49389,3.78499,3.69705,0.0879361,0.0102726,0.0117952,0.00919377,6.08633e-05,3.68449,-0.0187579
3.49976,3.79978,3.73103,0.0687499,0.010368,0.0122287,0.0098341,5.77768e-05,3.71732,-0.0187835
3.50562,3.78328,3.76555,0.017727,0.0104659,0.0126911,0.0105461,5.4739e-05,3.75061,-0.0188091
3.51148,3.90836,3.80065,0.107712,0.0105664,0.013185,0.0113411,5.17489e-05,3.78434,-0.0188346
3.51734,3.82526,3.83633,-0.0110769,0.0106695,0.0137136,0.0122325,4.88058e-05,3.81853,-0.01886
3.5232,3.98739,3.87264,0.114747,0.0107754,0.0142804,0.0132367,4.59088e-05,3.85319,-0.0188853
3.52907,4.08561,3.90961,0.176004,0.010884,0.0148893,0.0143737,4.3057e-05,3.88833,-0.0189106
3.53493,3.91812,3.94726,-0.0291473,0.0109954,0.0155449,0.0156682,4.02496e-05,3.92395,-0.0189358
3.54079,3.92098,3.98566,-0.064679,0.0111097,0.0162523,0.0171508,3.74859e-05,3.96007,-0.0189609
3.54665,4.20617,4.02484,0.181327,0.011227,0.0170176,0.01886,3.47651e-05,3.99669,-0.018986
3.55252,4.22659,4.06488,0.161708,0.0113473,0.0178476,0.0208447,3.20863e-05,4.03382,-0.019011
3.55838,4.09727,4.10586,-0.00858899,0.0114708,0.0187503,0.0231677,2.9449e-05,4.07148,-0.0190359
3.56424,4.13439,4.14788,-0.0134871,0.0115974,0.0197349,0.0259109,2.68522e-05,4.10967,-0.0190607
3.5701,4.15501,4.19106,-0.0360563,0.0117273,0.0208124,0.0291824,2.42954e-05,4.1484,-0.0190855
3.57596,4.35523,4.23558,0.119646,0.0118606,0.0219955,0.0331275,2.17778e-05,4.18769,-0.0191102
3.58183,4.22191,4.28166,-0.059749,0.0119973,0.0232996,0.0379448,1.92988e-05,4.22753,-0.0191348
3.58769,4.38172,4.3296,0.0521114,0.0121376,0.0247428,0.0439117,1.68576e-05,4.26795,-0.0191593
3.59355,4.45244,4.37985,0.0725984,0.0122815,0.026347,0.0514253,1.44537e-05,4.30896,-0.0191838
3.59941,4.43142,4.433,-0.00158204,0.0124292,0.0281389,0.0610684,1.20863e-05,4.35056,-0.0192082
3.60528,4.40031,4.49001,-0.0897019,0.0125807,0.0301512,0.0737249,9.75485e-06,4.39277,-0.0192325
3.61114,4.75638,4.5523,0.204084,0.0127362,0.0324244,0.0907844,7.45874e-06,4.43561,-0.0192567
3.617,4.70931,4.62222,0.0870814,0.0128958,0.035009,0.114528,5.19736e-06,4.47907,-0.0192809
3.62286,4.86321,4.7038,0.159417,0.0130595,0.0379693,0.148897,2.97011e-06,4.52317,-0.019305
3.62872,4.90827,4.80436,0.103908,0.0132276,0.0413879,0.201137,7.76406e-07,4.56794,-0.019329
3.63459,4.99904,4.93837,0.0606608,0.0134002,0.0453726,0.285586,-1.38431e-06,4.61337,-0.019353
3.64045,5.14985,5.13691,0.0129428,0.0135773,0.0500667,0.433154,-3.5126e-06,4.65949,-0.0193768
3.64631,5.17174,5.47262,-0.300877,0.0137591,0.0556643,0.716301,-5.609e-06,4.7063,-0.0194006
3.65217,5.95144,6.11458,-0.163137,0.0139458,0.0624345,1.30381,-7.67406e-06,4.75383,-0.0194244
3.65804,7.06799,7.22251,-0.154526,0.0141376,0.0707599,2.355,-9.7083e-06,4.80208,-0.019448
3.6639,7.72795,7.61347,0.114481,0.0143346,0.0812014,2.68635,-1.17122e-05,4.85107,-0.0194716
3.66976,6.6858,6.62133,0.0644708,0.0145369,0.0946099,1.63088,-1.36863e-05,4.90081,-0.0194951
3.67562,6.00763,5.92789,0.0797396,0.0147447,0.112331,0.869017,-1.56312e-05,4.95133,-0.0195185
3.68149,5.54614,5.63756,-0.0914228,0.0149583,0.1366,0.502931,-1.75471e-05,5.00263,-0.0195419
3.68735,5.75708,5.54122,0.215862,0.0151777,0.171349,0.319541,-1.94348e-05,5.05474,-0.0195652
3.69321,5.41749,5.54591,-0.128424,0.0154033,0.224001,0.218451,-2.12945e-05,5.10766,-0.0195884
3.69907,5.71048,5.62502,0.0854558,0.0156352,0.309779,0.157816,-2.31268e-05,5.16143,-0.0196115
3.70493,6.09328,5.79403,0.299255,0.0158737,0.462857,0.118913,-2.49322e-05,5.21604,-0.0196346
3.7108,6.50115,6.12534,0.375815,0.0161189,0.764779,0.0925885,-2.6711e-05,5.27153,-0.0196576
3.71666,7.55576,6.77079,0.784974,0.0163711,1.37221,0.0740022,-2.84636e-05,5.32791,-0.0196805
3.72252,7.99011,7.50126,0.488851,0.0166306,2.05874,0.0604186,-3.01906e-05,5.3852,-0.0197033
3.72838,7.06236,7.13909,-0.0767338,0.0168977,1.64832,0.0502043,-3.18923e-05,5.44343,-0.0197261
3.73425,6.60687,6.52038,0.0864908,0.0171725,0.978053,0.0423382,-3.35692e-05,5.5026,-0.0197488
3.74011,6.22616,6.25225,-0.0260915,0.0174554,0.655708,0.0361569,-3.52216e-05,5.56274,-0.0197714
3.74597,6.00029,6.19465,-0.194367,0.0177468,0.541655,0.0312145,-3.68499e-05,5.62387,-0.019794
3.75183,6.23648,6.2567,-0.0202157,0.0180468,0.545291,0.0272027,-3.84545e-05,5.68601,-0.0198165
3.75769,6.26601,6.42414,-0.158125,0.018356,0.652562,0.0239033,-4.00358e-05,5.74919,-0.0198389
3.76356,6.77302,6.74565,0.0273732,0.0186745,0.912282,0.0211581,-4.15941e-05,5.81343,-0.0198612
3.76942,7.61463,7.37448,0.240153,0.0190028,1.4778,0.0188504,-4.31299e-05,5.87876,-0.0198834
3.77528,9.23665,8.61826,0.618387,0.0193413,2.6568,0.0168925,-4.46434e-05,5.94518,-0.0199056
3.78114,10.6872,10.0217,0.665491,0.0196904,3.99399,0.0152175,-4.6135e-05,6.01274,-0.0199277
3.78701,9.4464,9.22812,0.21828,0.0200505,3.13284,0.0137739,-4.76052e-05,6.08146,-0.0199498
3.79287,7.92898,7.90418,0.0247998,0.0204221,1.73991,0.0125212,-4.90541e-05,6.15135,-0.0199717
3.79873,7.13026,7.26046,-0.130195,0.0208057,1.02581,0.0114275,-5.04821e-05,6.22246,-0.0199936
3.80459,6.9372,7.00601,-0.0688027,0.0212017,0.699597,0.010467,-5.18896e-05,6.29481,-0.0200154
3.81045,6.91329,6.93735,-0.0240664,0.0216108,0.557793,0.00961924,-5.32769e-05,6.36842,-0.0200372
3.81632,7.03737,6.98103,0.0563381,0.0220334,0.526916,0.00886731,-5.46443e-05,6.44333,-0.0200588
3.82218,7.13383,7.13276,0.00107259,0.0224702,0.602665,0.00819742,-5.59921e-05,6.51956,-0.0200804
3.82804,7.65326,7.45561,0.197653,0.0229218,0.848091,0.00759815,-5.73205e-05,6.59716,-0.0201019
3.8339,8.30177,8.09636,0.205417,0.0233889,1.40995,0.00706001,-5.863e-05,6.67614,-0.0201234
3.83977,9.40938,8.82415,0.585229,0.0238721,2.05737,0.00657503,-5.99207e-05,6.75654,-0.0201448
3.84563,9.05853,8.45784,0.600689,0.0243723,1.60916,0.00613649,-6.11931e-05,6.8384,-0.020166
3.85149,8.14851,7.8273,0.321214,0.0248902,0.895171,0.0057387,-6.24472e-05,6.92175,-0.0201873
3.85735,7.62958,7.53699,0.0925857,0.0254267,0.519834,0.00537682,-6.36835e-05,7.00663,-0.0202084
3.86321,7.49522,7.4391,0.0561227,0.0259827,0.335292,0.0050467,-6.49022e-05,7.09307,-0.0202295
3.86908,7.6127,7.42783,0.184871,0.026559,0.235724,0.00474476,-6.61036e-05,7.18112,-0.0202505
3.87494,7.47939,7.45869,0.0207054,0.0271568,0.176601,0.00446792,-6.72879e-05,7.2708,-0.0202714
3.8808,7.46104,7.51247,-0.0514284,0.0277771,0.138665,0.0042135,-6.84553e-05,7.36217,-0.0202923
3.88666,7.63808,7.58009,0.0579863,0.0284211,0.112811,0.00397918,-6.96063e-05,7.45527,-0.0203131
3.89253,7.63014,7.65692,-0.0267817,0.0290899,0.0943433,0.00376292,-7.07408e-05,7.55013,-0.0203338
3.89839,7.84747,7.74038,0.107094,0.0297849,0.080655,0.00356292,-7.18594e-05,7.6468,-0.0203544
3.90425,7.80319,7.82897,-0.0257801,0.0305075,0.0702069,0.00337762,-7.2962e-05,7.74533,-0.020375
3.91011,7.82403,7.9218,-0.0977732,0.0312591,0.062042,0.00320564,-7.40491e-05,7.84577,-0.0203954
3.91597,8.12083,8.01829,0.102542,0.0320413,0.055539,0.00304573,-7.51208e-05,7.94816,-0.0204159
3.92184,8.0429,8.11807,-0.0751711,0.0328558,0.0502798,0.00289682,-7.61774e-05,8.05255,-0.0204362
3.9277,8.12074,8.2209,-0.100158,0.0337045,0.0459741,0.00275793,-7.72191e-05,8.159,-0.0204565
3.93356,8.36828,8.32663,0.0416475,0.0345892,0.0424149,0.00262819,-7.8246e-05,8.26756,-0.0204767
3.93942,8.49324,8.43517,0.0580693,0.0355122,0.0394513,0.00250684,-7.92585e-05,8.37828,-0.0204968
3.94529,8.65511,8.54647,0.108649,0.0364756,0.0369713,0.00239316,-8.02567e-05,8.49122,-0.0205168
3.95115,8.6952,8.66049,0.0347115,0.0374818,0.0348901,0.00228655,-8.12408e-05,8.60645,-0.0205368
3.95701,8.99634,8.77724,0.219103,0.0385334,0.033143,0.00218643,-8.22111e-05,8.72401,-0.0205567
3.96287,8.94129,8.89673,0.0445627,0.0396333,0.0316796,0.00209229,-8.31677e-05,8.84398,-0.0205765
3.96873,8.90902,9.01899,-0.109971,0.0407845,0.030461,0.00200368,-8.41109e-05,8.96642,-0.0205963
3.9746,9.13703,9.14406,-0.00702784,0.0419903,0.0294564,0.00192018,-8.50408e-05,9.0914,-0.0206159
3.98046,9.22826,9.27199,-0.0437371,0.0432541,0.0286417,0.00184141,-8.59576e-05,9.21898,-0.0206355
3.98632,9.43789,9.40284,0.0350494,0.0445798,0.0279983,0.00176703,-8.68616e-05,9.34924,-0.0206551
3.99218,9.51998,9.53666,-0.0166831,0.0459716,0.0275115,0.00169672,-8.77528e-05,9.48224,-0.0206745
3.99805,9.65875,9.67353,-0.0147858,0.047434,0.0271706,0.00163019,-8.86316e-05,9.61808,-0.0206939
4.00391,9.72596,9.81353,-0.0875725,0.0489719,0.0269677,0.00156719,-8.9498e-05,9.75682,-0.0207132
4.00977,9.93029,9.95673,-0.0264372,0.0505907,0.0268976,0.00150747,-9.03522e-05,9.89856,-0.0207324
4.01563,10.3903,10.1032,0.28711,0.0522961,0.0269579,0.00145082,-9.11944e-05,10.0434,-0.0207516
4.02149,10.1217,10.2531,-0.131386,0.0540946,0.0271481,0.00139702,-9.20249e-05,10.1913,-0.0207707
4.02736,10.378,10.4065,-0.0285024,0.0559932,0.0274705,0.00134591,-9.28437e-05,10.3426,-0.0207897
4.03322,10.7909,10.5634,0.227489,0.0579994,0.0279295,0.0012973,-9.36509e-05,10.4971,-0.0208086
4.03908,10.7302,10.7241,0.0061342,0.0601217,0.0285323,0.00125103,-9.44469e-05,10.6551,-0.0208275
4.04494,10.8106,10.8886,-0.0780224,0.0623694,0.0292887,0.00120697,-9.52317e-05,10.8167,-0.0208463
4.05081,11.113,11.0571,0.0559355,0.0647526,0.0302123,0.00116498,-9.60055e-05,10.9819,-0.020865
4.05667,11.3909,11.2296,0.161306,0.0672825,0.0313201,0.00112493,-9.67684e-05,11.1508,-0.0208837
4.06253,11.5334,11.4064,0.127024,0.0699717,0.0326342,0.0010867,-9.75207e-05,11.3237,-0.0209022
4.06839,11.5531,11.5875,-0.0344568,0.0728338,0.0341826,0.0010502,-9.82624e-05,11.5005,-0.0209207
4.07426,11.9886,11.7733,0.215298,0.0758844,0.0360006,0.00101532,-9.89936e-05,11.6814,-0.0209392
4.08012,12.1064,11.9638,0.142626,0.0791404,0.0381331,0.000981969,-9.97146e-05,11.8666,-0.0209575
4.08598,12.3576,12.1592,0.198386,0.082621,0.0406377,0.00095006,-0.000100426,12.0561,-0.0209758
4.09184,12.4605,12.3599,0.100653,0.0863476,0.0435888,0.000919514,-0.000101126,12.2501,-0.020994
4.0977,12.8852,12.566,0.319184,0.0903441,0.0470836,0.000890257,-0.000101818,12.4488,-0.0210121
4.10357,12.9327,12.7778,0.154903,0.0946376,0.0512513,0.000862218,-0.000102499,12.6522,-0.0210302
4.10943,12.9926,12.9958,-0.00317826,0.0992585,0.0562662,0.000835334,-0.000103171,12.8606,-0.0210482
4.11529,13.3437,13.2203,0.123433,0.104241,0.062369,0.000809542,-0.000103833,13.074,-0.0210661
4.12115,13.5169,13.4518,0.0650721,0.109626,0.0698992,0.000784786,-0.000104486,13.2927,-0.0210839
4.12702,13.674,13.6912,-0.0171978,0.115456,0.0793501,0.000761013,-0.00010513,13.5168,-0.0211017
4.13288,13.8955,13.9393,-0.0438286,0.121783,0.0914622,0.000738173,-0.000105765,13.7466,-0.0211193
4.13874,14.2875,14.1976,0.0899558,0.128666,0.107391,0.000716219,-0.000106391,13.982,-0.021137
4.1446,14.539,14.4681,0.0709056,0.136173,0.129022,0.000695108,-0.000107008,14.2235,-0.0211545
4.15046,14.6449,14.7545,-0.109587,0.144382,0.159612,0.000674797,-0.000107616,14.4711,-0.021172
4.15633,14.946,15.063,-0.116995,0.153384,0.205162,0.000655248,-0.000108216,14.7251,-0.0211894
4.16219,15.4281,15.4059,0.0221464,0.163286,0.277642,0.000636425,-0.000108807,14.9857,-0.0212067
4.16805,15.814,15.8097,0.00433297,0.174212,0.403153,0.000618293,-0.00010939,15.2531,-0.0212239
4.17391,16.5026,16.3364,0.166172,0.186312,0.643348,0.000600819,-0.000109965,15.5275,-0.0212411
4.17978,17.3527,17.1234,0.229291,0.199759,1.13526,0.000583974,-0.000110532,15.8092,-0.0212582
4.18564,18.4527,18.1998,0.25288,0.214764,1.90751,0.000567728,-0.00011109,16.0984,-0.0212752
4.1915,19.0465,18.4938,0.552715,0.231579,1.8877,0.000552054,-0.000111641,16.3953,-0.0212922
4.19736,18.5293,18.0832,0.446125,0.250509,1.15315,0.000536927,-0.000112184,16.7004,-0.021309
4.20322,18.1748,17.9934,0.181435,0.271927,0.728615,0.000522322,-0.000112719,17.0138,-0.0213258
4.20909,18.1565,18.1733,-0.0168278,0.296291,0.562158,0.000508216,-0.000113247,17.3358,-0.0213426
4.21495,18.5294,18.5023,0.0271551,0.324171,0.532317,0.000494588,-0.000113767,17.6668,-0.0213592
4.22081,18.9023,18.9463,-0.0440878,0.356282,0.604087,0.000481417,-0.000114279,18.007,-0.0213758
4.22667,19.6117,19.5338,0.0779219,0.393529,0.804517,0.000468683,-0.000114785,18.3568,-0.0213923
4.23254,19.9431,20.3775,-0.434392,0.437074,1.24493,0.000456368,-0.000115283,18.7166,-0.0214088
4.2384,21.3899,21.7467,-0.356813,0.488428,2.19274,0.000444454,-0.000115774,19.0866,-0.0214251
4.24426,23.648,23.6975,-0.0494837,0.549581,3.70164,0.000432925,-0.000116258,19.4674,-0.0214414
4.25012,25.1395,24.0857,1.05379,0.623201,3.62443,0.000421766,-0.000116735,19.8592,-0.0214576
4.25598,24.0066,23.0617,0.944959,0.712927,2.10733,0.00041096,-0.000117206,20.2626,-0.0214738
4.26185,23.142,22.6759,0.466146,0.823828,1.19541,0.000400494,-0.000117669,20.6778,-0.0214898
4.26771,22.8885,22.8229,0.0655194,0.963123,0.775556,0.000390354,-0.000118126,21.1055,-0.0215058
4.27357,23.0875,23.2529,-0.165416,1.14138,0.586774,0.000380527,-0.000118577,21.546,-0.0215217
4.27943,23.8339,23.8764,-0.0425104,1.37453,0.523346,0.000371002,-0.00011902,21.9998,-0.0215376
4.2853,24.5075,24.6953,-0.187743,1.68749,0.561553,0.000361765,-0.000119458,22.4675,-0.0215534
4.29116,25.2716,25.7892,-0.517519,2.1209,0.739935,0.000352807,-0.000119889,22.9496,-0.0215691
4.29702,26.5644,27.3533,-0.788865,2.74442,1.18352,0.000344116,-0.000120314,23.4467,-0.0215847
4.30288,28.351,29.5376,-1.18657,3.68486,1.91478,0.000335683,-0.000120733,23.9593,-0.0216002
4.30874,30.6928,31.5149,-0.822087,5.19033,1.85786,0.000327498,-0.000121146,24.4881,-0.0216157
4.31461,32.9034,33.8829,-0.979444,7.78894,1.08171,0.000319551,-0.000121552,25.0336,-0.0216311
4.32047,37.0225,38.889,-1.86647,12.7059,0.607787,0.000311834,-0.000121953,25.5967,-0.0216464
4.32633,47.2962,49.3772,-2.081,22.8432,0.377661,0.000304339,-0.000122348,26.1779,-0.0216617
4.33219,66.3127,69.0794,-2.76669,42.0654,0.257407,0.000297056,-0.000122737,26.7781,-0.0216769
4.33806,80.3544,80.5893,-0.234919,53.025,0.187947,0.00028998,-0.000123121,27.3979,-0.021692
4.34392,65.1787,62.3979,2.7808,34.2369,0.1443,0.000283102,-0.000123499,28.0382,-0.021707
4.34978,47.6924,46.9766,0.715788,18.1833,0.114995,0.000276415,-0.000123871,28.6998,-0.021722
4.35564,39.0448,39.8299,-0.78502,10.3735,0.0942748,0.000269913,-0.000124238,29.3837,-0.0217369
4.3615,35.5766,36.6584,-1.08172,6.51028,0.0790121,0.000263589,-0.000124599,30.0907,-0.0217517
4.36737,34.5849,35.2769,-0.691975,4.40932,0.0673939,0.000257437,-0.000124956,30.8218,-0.0217664
4.37323,34.3535,34.7776,-0.424125,3.16298,0.0583101,0.000251451,-0.000125306,31.578,-0.0217811
4.37909,34.323,34.76,-0.436953,2.37027,0.051049,0.000245626,-0.000125652,32.3603,-0.0217957
4.38495,34.7549,35.031,-0.276143,1.83758,0.0451363,0.000239955,-0.000125993,33.17,-0.0218102
4.39082,35.3818,35.4901,-0.108292,1.46355,0.0402455,0.000234435,-0.000126328,34.008,-0.0218247
4.39668,36.0785,36.0816,-0.00304735,1.19144,0.0361454,0.00022906,-0.000126658,34.8757,-0.021839
4.40254,36.8435,36.7728,0.070733,0.987598,0.0326678,0.000223825,-0.000126984,35.7743,-0.0218533
4.4084,37.7399,37.5441,0.195756,0.831117,0.0296883,0.000218725,-0.000127305,36.7051,-0.0218676
4.41426,38.3306,38.3833,-0.0526455,0.708483,0.0271126,0.000213756,-0.00012762,37.6695,-0.0218817
4.42013,39.3376,39.2826,0.0550604,0.610657,0.0248684,0.000208915,-0.000127931,38.6688,-0.0218958
4.42599,40.351,40.2372,0.113782,0.531413,0.0228991,0.000204196,-0.000128238,39.7047,-0.0219098
4.43185,41.4111,41.2444,0.1667,0.466356,0.0211601,0.000199596,-0.000128539,40.7787,-0.0219237
4.43771,42.4746,42.3024,0.172147,0.412312,0.0196156,0.000195112,-0.000128836,41.8924,-0.0219376
4.44358,43.4903,43.4108,0.0795638,0.366944,0.0182368,0.000190739,-0.000129129,43.0475,-0.0219514
4.44944,44.6827,44.5693,0.113414,0.328501,0.0170001,0.000186474,-0.000129417,44.2457,-0.0219651
4.4553,45.987,45.7785,0.208504,0.295652,0.0158861,0.000182313,-0.000129701,45.4889,-0.0219787
4.46116,47.219,47.0392,0.17976,0.267369,0.0148785,0.000178255,-0.00012998,46.7789,-0.0219923
4.46702,48.3749,48.3527,0.0222576,0.242849,0.0139638,0.000174295,-0.000130255,48.1178,-0.0220057
4.47289,49.817,49.7201,0.0968431,0.221458,0.0131308,0.00017043,-0.000130526,49.5075,-0.0220192
4.47875,51.3714,51.1433,0.228091,0.202689,0.0123696,0.000166658,-0.000130792,50.9502,-0.0220325
4.48461,52.7694,52.6237,0.145647,0.186133,0.0116721,0.000162975,-0.000131054,52.448,-0.0220458
4.49047,54.228,54.1635,0.0645411,0.171459,0.0110312,0.00015938,-0.000131313,54.003,-0.022059
4.49634,55.7901,55.7644,0.0257452,0.158393,0.0104407,0.00015587,-0.000131567,55.6176,-0.0220721
4.5022,57.6644,57.4286,0.235877,0.146712,0.0098955,0.000152441,-0.000131817,57.294,-0.0220851
4.50806,59.2446,59.1582,0.0864663,0.136228,0.00939088,0.000149093,-0.000132063,59.0346,-0.0220981
4.51392,61.0269,60.9554,0.0715194,0.126784,0.00892286,0.000145821,-0.000132306,60.8418,-0.022111
4.51979,62.9485,62.8225,0.126003,0.118248,0.0084879,0.000142625,-0.000132544,62.7179,-0.0221238
4.52565,64.8775,64.7617,0.115815,0.110509,0.00808292,0.000139502,-0.000132779,64.6652,-0.0221366
4.53151,66.8534,66.7752,0.0782174,0.103471,0.00770517,0.00013645,-0.00013301,66.6861,-0.0221493
4.53737,69.0371,68.8652,0.171837,0.0970528,0.00735222,0.000133467,-0.000133237,68.783,-0.0221619
4.54323,71.2526,71.034,0.218604,0.0911848,0.00702191,0.000130551,-0.000133461,70.958,-0.0221744
4.5491,73.3793,73.2835,0.0958765,0.0858064,0.00671231,0.0001277,-0.00013368,73.2131,-0.0221868
4.55496,75.7816,75.6156,0.165997,0.0808652,0.00642171,0.000124912,-0.000133897,75.5505,-0.0221992
4.56082,77.97,78.0321,-0.0621085,0.0763156,0.00614855,0.000122186,-0.00013411,77.9719,-0.0222115
4.56668,80.5731,80.5346,0.0385444,0.0721176,0.00589145,0.00011952,-0.000134319,80.4788,-0.0222238
4.57255,83.387,83.1241,0.262932,0.0682366,0.00564917,0.000116912,-0.000134525,83.0725,-0.0222359
4.57841,86.2786,85.8016,0.477013,0.0646416,0.00542056,0.000114361,-0.000134727,85.7538,-0.022248
4.58427,88.7939,88.5676,0.226332,0.0613056,0.0052046,0.000111866,-0.000134926,88.5234,-0.02226
4.59013,91.5182,91.422,0.0962151,0.0582047,0.00500038,0.000109423,-0.000135122,91.3811,-0.022272
4.59599,94.6269,94.3642,0.262757,0.0553176,0.00480704,0.000107034,-0.000135314,94.3264,-0.0222839
4.60186,97.7034,97.3929,0.310525,0.0526253,0.00462382,0.000104695,-0.000135504,97.3579,-0.0222956
4.60772,100.848,100.506,0.3416,0.0501109,0.00445001,0.000102406,-0.00013569,100.474,-0.0223074
4.61358,103.981,103.701,0.28026,0.0477593,0.00428499,0.000100165,-0.000135872,103.671,-0.022319
4.61944,107.079,106.973,0.106468,0.045557,0.00412815,9.79707e-05,-0.000136052,106.945,-0.0223306
4.62531,110.465,110.317,0.148128,0.0434917,0.00397897,9.58225e-05,-0.000136229,110.292,-0.0223421
4.63117,113.835,113.727,0.107931,0.0415526,0.00383695,9.37191e-05,-0.000136402,113.704,-0.0223535
4.63703,117.189,117.196,-0.00690403,0.0397296,0.00370164,9.16591e-05,-0.000136573,117.175,-0.0223649
4.64289,120.714,120.714,9.53236e-05,0.0380139,0.00357261,8.96415e-05,-0.00013674,120.694,-0.0223761
4.64875,124.22,124.27,-0.0497996,0.0363974,0.00344949,8.76653e-05,-0.000136905,124.252,-0.0223873
4.65462,127.905,127.851,0.0539237,0.0348726,0.00333192,8.57294e-05,-0.000137066,127.835,-0.0223985
4.66048,131.529,131.444,0.0842877,0.0334329,0.00321956,8.38327e-05,-0.000137225,131.43,-0.0224095
4.66634,134.979,135.033,-0.0540049,0.0320721,0.00311211,8.19744e-05,-0.000137381,135.02,-0.0224205
4.6722,138.503,138.598,-0.095635,0.0307848,0.0030093,8.01534e-05,-0.000137534,138.587,-0.0224314
4.67807,141.959,142.122,-0.162432,0.0295658,0.00291085,7.83688e-05,-0.000137684,142.112,-0.0224423
4.68393,145.456,145.582,-0.125674,0.0284104,0.00281652,7.66198e-05,-0.000137832,145.573,-0.022453
4.68979,148.84,148.955,-0.114906,0.0273144,0.00272609,7.49055e-05,-0.000137976,148.947,-0.0224637
4.69565,152.17,152.217,-0.0464082,0.0262739,0.00263934,7.32251e-05,-0.000138119,152.21,-0.0224743
4.70151,155.389,155.342,0.0463765,0.0252852,0.00255608,7.15777e-05,-0.000138258,155.337,-0.0224849
4.70738,158.183,158.305,-0.121885,0.024345,0.00247612,6.99625e-05,-0.000138395,158.301,-0.0224953
4.71324,161.052,161.079,-0.0272531,0.0234504,0.00239929,6.83788e-05,-0.000138529,161.076,-0.0225057
4.7191,163.543,163.638,-0.0959774,0.0225983,0.00232543,6.68259e-05,-0.000138661,163.636,-0.0225161
4.72496,165.797,165.957,-0.159632,0.0217864,0.00225439,6.53029e-05,-0.00013879,165.955,-0.0225263
4.73083,168.017,168.01,0.00650521,0.021012,0.00218602,6.38092e-05,-0.000138917,168.01,-0.0225365
4.73669,169.767,169.776,-0.00942028,0.020273,0.00212021,6.23442e-05,-0.000139041,169.777,-0.0225466
4.74255,171.107,171.235,-0.128561,0.0195674,0.00205681,6.09071e-05,-0.000139163,171.236,-0.0225566
4.74841,172.132,172.37,-0.237712,0.0188931,0.00199572,5.94973e-05,-0.000139282,172.372,-0.0225666
4.75427,173.064,173.166,-0.10198,0.0182484,0.00193682,5.81142e-05,-0.000139399,173.169,-0.0225764
4.76014,173.446,173.615,-0.168826,0.0176317,0.00188001,5.67571e-05,-0.000139514,173.618,-0.0225862
4.766,173.634,173.711,-0.0765396,0.0170413,0.0018252,5.54255e-05,-0.000139626,173.714,-0.022596
4.77186,173.359,173.451,-0.092469,0.0164759,0.0017723,5.41188e-05,-0.000139736,173.456,-0.0226056
4.77772,172.602,172.84,-0.238086,0.015934,0.00172121,5.28364e-05,-0.000139844,172.845,-0.0226152
4.78359,171.734,171.884,-0.150229,0.0154145,0.00167185,5.15779e-05,-0.000139949,171.89,-0.0226247
4.78945,170.493,170.595,-0.102499,0.0149161,0.00162415,5.03425e-05,-0.000140052,170.601,-0.0226342
4.79531,168.759,168.987,-0.228495,0.0144377,0.00157804,4.91299e-05,-0.000140153,168.994,-0.0226435
4.80117,166.939,167.08,-0.140754,0.0139784,0.00153345,4.79396e-05,-0.000140252,167.087,-0.0226528
4.80703,164.965,164.892,0.0726672,0.0135371,0.00149031,4.67709e-05,-0.000140349,164.9,-0.022662
4.8129,162.485,162.449,0.0357403,0.0131129,0.00144856,4.56236e-05,-0.000140443,162.458,-0.0226712
4.81876,159.657,159.775,-0.117674,0.012705,0.00140814,4.4497e-05,-0.000140536,159.784,-0.0226802
4.82462,156.843,156.895,-0.052981,0.0123127,0.001369,4.33907e-05,-0.000140626,156.905,-0.0226892
4.83048,153.903,153.837,0.0660138,0.011935,0.00133108,4.23044e-05,-0.000140715,153.847,-0.0226982
4.83635,150.605,150.626,-0.0218069,0.0115714,0.00129434,4.12376e-05,-0.000140801,150.636,-0.022707
4.84221,147.223,147.289,-0.066644,0.0112211,0.00125873,4.01898e-05,-0.000140885,147.3,-0.0227158
4.84807,143.831,143.851,-0.0200251,0.0108836,0.0012242,3.91606e-05,-0.000140968,143.862,-0.0227245
4.85393,140.176,140.335,-0.159534,0.0105582,0.00119071,3.81497e-05,-0.000141048,140.347,-0.0227331
4.85979,136.626,136.765,-0.138797,0.0102444,0.00115822,3.71567e-05,-0.000141127,136.777,-0.0227417
4.86566,133.33,133.161,0.16889,0.0099417,0.00112669,3.61812e-05,-0.000141203,133.173,-0.0227501
4.87152,129.587,129.542,0.045468,0.00964954,0.00109608,3.52227e-05,-0.000141278,129.554,-0.0227585
4.87738,125.964,125.925,0.0385438,0.00936747,0.00106637,3.42811e-05,-0.000141351,125.938,-0.0227669
4.88324,122.402,122.327,0.0752615,0.00909505,0.00103751,3.33558e-05,-0.000141422,122.34,-0.0227751
4.88911,118.775,118.76,0.015039,0.00883186,0.00100947,3.24467e-05,-0.000141491,118.773,-0.0227833
4.89497,115.261,115.237,0.0241307,0.0085775,0.000982231,3.15532e-05,-0.000141558,115.25,-0.0227914
4.90083,111.956,111.768,0.188139,0.00833159,0.000955754,3.06752e-05,-0.000141624,111.781,-0.0227995
4.90669,108.413,108.361,0.0519341,0.00809378,0.000930014,2.98123e-05,-0.000141687,108.375,-0.0228074
4.91255,105.214,105.024,0.190162,0.00786373,0.000904985,2.89642e-05,-0.000141749,105.038,-0.0228153
4.91842,101.785,101.762,0.0226834,0.00764112,0.000880642,2.81306e-05,-0.00014181,101.776,-0.0228231
4.92428,98.7277,98.5805,0.147238,0.00742564,0.00085696,2.73111e-05,-0.000141868,98.5951,-0.0228309
4.93014,95.5893,95.4827,0.106642,0.00721699,0.000833917,2.65056e-05,-0.000141925,95.4976,-0.0228385
4.936,92.5683,92.4712,0.0971606,0.00701492,0.00081149,2.57138e-05,-0.000141981,92.4863,-0.0228461
4.94187,89.6231,89.5476,0.0755006,0.00681915,0.000789658,2.49352e-05,-0.000142034,89.563,-0.0228537
4.94773,86.7996,86.7131,0.0864669,0.00662943,0.000768401,2.41698e-05,-0.000142086,86.7287,-0.0228611
4.95359,84.0869,83.9679,0.119061,0.00644553,0.0007477,2.34173e-05,-0.000142137,83.9836,-0.0228685
4.95945,81.3631,81.3117,0.0514569,0.00626721,0.000727536,2.26773e-05,-0.000142185,81.3277,-0.0228758
4.96532,78.7585,78.7439,0.0146822,0.00609428,0.000707891,2.19496e-05,-0.000142233,78.7601,-0.022883
4.97118,76.342,76.2633,0.078662,0.00592652,0.000688749,2.1234e-05,-0.000142278,76.2797,-0.0228902
4.97704,73.9341,73.8686,0.0654506,0.00576373,0.000670092,2.05303e-05,-0.000142322,73.8852,-0.0228972
4.9829,71.7181,71.5581,0.160005,0.00560572,0.000651906,1.98383e-05,-0.000142365,71.5748,-0.0229042
4.98876,69.6139,69.3298,0.284144,0.00545233,0.000634174,1.91576e-05,-0.000142406,69.3467,-0.0229112
4.99463,67.3736,67.1816,0.191938,0.00530338,0.000616883,1.84881e-05,-0.000142446,67.1988,-0.022918
5.00049,65.1352,65.1115,0.0237146,0.00515871,0.000600019,1.78296e-05,-0.000142484,65.1288,-0.0229248
5.00635,63.1047,63.117,-0.0122603,0.00501816,0.000583568,1.71818e-05,-0.000142521,63.1345,-0.0229315
5.01221,61.2578,61.1958,0.0619924,0.00488159,0.000567518,1.65446e-05,-0.000142556,61.2135,-0.0229382
5.01808,59.5168,59.3456,0.171193,0.00474885,0.000551855,1.59177e-05,-0.00014259,59.3634,-0.0229447
5.02394,57.7185,57.5639,0.15455,0.00461981,0.000536569,1.5301e-05,-0.000142622,57.5818,-0.0229512
5.0298,55.9338,55.8483,0.0854945,0.00449433,0.000521648,1.46943e-05,-0.000142653,55.8664,-0.0229576
5.03566,54.2842,54.1965,0.0877308,0.0043723,0.00050708,1.40973e-05,-0.000142683,54.2147,-0.022964
5.04152,52.8005,52.606,0.194493,0.0042536,0.000492856,1.351e-05,-0.000142711,52.6244,-0.0229703
5.04739,50.9052,51.0746,-0.169409,0.0041381,0.000478964,1.2932e-05,-0.000142738,51.0931,-0.0229765
5.05325,49.6588,49.6,0.0588065,0.00402571,0.000465396,1.23633e-05,-0.000142764,49.6186,-0.0229826
5.05911,48.1248,48.18,-0.0551535,0.00391632,0.000452141,1.18037e-05,-0.000142788,48.1987,-0.0229886
5.06497,46.6514,46.8123,-0.160945,0.00380982,0.000439191,1.12529e-05,-0.000142811,46.8312,-0.0229946
5.07084,45.4418,45.4951,-0.0532987,0.00370612,0.000426537,1.07109e-05,-0.000142833,45.5141,-0.0230005
5.0767,44.2046,44.2261,-0.0215488,0.00360513,0.00041417,1.01775e-05,-0.000142854,44.2452,-0.0230063
5.08256,42.9698,43.0035,-0.0337204,0.00350676,0.000402082,9.65252e-06,-0.000142873,43.0228,-0.0230121
5.08842,41.916,41.8254,0.0906117,0.00341093,0.000390265,9.13579e-06,-0.000142891,41.8447,-0.0230178
5.09428,40.58,40.6899,-0.109879,0.00331755,0.000378712,8.62718e-06,-0.000142908,40.7094,-0.0230234
5.10015,39.5818,39.5953,-0.0135505,0.00322655,0.000367415,8.12655e-06,-0.000142923,39.6149,-0.0230289
5.10601,38.402,38.54,-0.137991,0.00313784,0.000356367,7.63374e-06,-0.000142938,38.5597,-0.0230344
5.11187,37.3355,37.5222,-0.186773,0.00305136,0.000345561,7.14862e-06,-0.000142951,37.542,-0.0230397
5.11773,36.5644,36.5405,0.0238394,0.00296704,0.000334991,6.67105e-06,-0.000142963,36.5604,-0.0230451
5.1236,35.8148,35.5934,0.221416,0.0028848,0.00032465,6.20089e-06,-0.000142974,35.6134,-0.0230503
5.12946,34.7002,34.6794,0.020794,0.00280459,0.000314532,5.73803e-06,-0.000142984,34.6995,-0.0230555
5.13532,33.8763,33.7972,0.0790861,0.00272635,0.000304631,5.28231e-06,-0.000142993,33.8174,-0.0230605
5.14118,32.9724,32.9455,0.0269506,0.00265001,0.000294942,4.83363e-06,-0.000143,32.9657,-0.0230656
5.14704,32.1858,32.123,0.0628527,0.00257551,0.000285458,4.39185e-06,-0.000143006,32.1433,-0.0230705
5.15291,31.3305,31.3285,0.00197759,0.00250281,0.000276174,3.95686e-06,-0.000143012,31.3489,-0.0230754
5.15877,30.6398,30.5609,0.0788715,0.00243184,0.000267086,3.52854e-06,-0.000143016,30.5814,-0.0230802
5.16463,29.9622,29.8191,0.143117,0.00236255,0.000258187,3.10676e-06,-0.000143019,29.8397,-0.0230849
5.17049,29.1653,29.102,0.0633079,0.00229491,0.000249473,2.69142e-06,-0.000143021,29.1227,-0.0230895
5.17636,28.3638,28.4087,-0.0449383,0.00222885,0.00024094,2.28241e-06,-0.000143022,28.4295,-0.0230941
5.18222,27.5786,27.7382,-0.159547,0.00216433,0.000232582,1.87962e-06,-0.000143023,27.759,-0.0230986
5.18808,27.0525,27.0895,-0.0370731,0.00210131,0.000224396,1.48293e-06,-0.000143022,27.1104,-0.023103
5.19394,26.4031,26.4619,-0.0588365,0.00203974,0.000216376,1.09225e-06,-0.00014302,26.4829,-0.0231074
5.1998,25.9374,25.8544,0.0829801,0.00197958,0.000208519,7.07475e-07,-0.000143017,25.8755,-0.0231117
5.20567,25.3212,25.2664,0.0548019,0.0019208,0.000200821,3.285e-07,-0.000143013,25.2875,-0.0231159
5.21153,24.8941,24.6969,0.197162,0.00186335,0.000193277,-4.47711e-08,-0.000143008,24.7181,-0.02312
5.21739,24.1242,24.1454,-0.0211194,0.0018072,0.000185884,-4.12435e-07,-0.000143002,24.1666,-0.0231241
5.22325,23.7187,23.611,0.107687,0.00175231,0.000178639,-7.74585e-07,-0.000142995,23.6323,-0.0231281
5.22912,23.1737,23.0932,0.0805329,0.00169865,0.000171537,-1.13132e-06,-0.000142987,23.1146,-0.023132
5.23498,22.542,22.5913,-0.0492543,0.00164618,0.000164576,-1.48272e-06,-0.000142979,22.6127,-0.0231358
5.24084,21.9419,22.1046,-0.16273,0.00159486,0.000157751,-1.82888e-06,-0.000142969,22.1262,-0.0231396
5.2467,21.5262,21.6327,-0.10649,0.00154468,0.000151059,-2.16988e-06,-0.000142958,21.6543,-0.0231433
5.25256,20.8515,21.175,-0.323461,0.00149559,0.000144498,-2.50582e-06,-0.000142947,21.1966,-0.0231469
5.25843,20.6643,20.7309,-0.0665782,0.00144757,0.000138064,-2.83678e-06,-0.000142935,20.7526,-0.0231504
5.26429,20.1788,20.2999,-0.121117,0.00140059,0.000131755,-3.16283e-06,-0.000142921,20.3217,-0.0231539
5.27015,19.9723,19.8815,0.0908152,0.00135462,0.000125566,-3.48407e-06,-0.000142907,19.9034,-0.0231573
5.27601,19.5591,19.4753,0.083803,0.00130964,0.000119496,-3.80056e-06,-0.000142892,19.4972,-0.0231606
5.28188,19.1689,19.0809,0.0880282,0.00126562,0.000113542,-4.11238e-06,-0.000142877,19.1028,-0.0231639
5.28774,18.7738,18.6977,0.0760874,0.00122253,0.000107701,-4.41962e-06,-0.00014286,18.7197,-0.023167
5.2936,18.3572,18.3255,0.0317477,0.00118035,0.000101971,-4.72235e-06,-0.000142843,18.3475,-0.0231701
5.29946,18.0827,17.9637,0.118938,0.00113906,9.63481e-05,-5.02063e-06,-0.000142824,17.9858,-0.0231732
5.30532,17.7563,17.6121,0.14422,0.00109864,9.0831e-05,-5.31455e-06,-0.000142805,17.6342,-0.0231761
5.31119,17.2664,17.2702,-0.0038687,0.00105905,8.5417e-05,-5.60416e-06,-0.000142785,17.2924,-0.023179
5.31705,16.8547,16.9378,-0.0830747,0.00102029,8.01038e-05,-5.88955e-06,-0.000142765,16.96,-0.0231818
5.32291,16.4982,16.6145,-0.116273,0.000982325,7.48892e-05,-6.17077e-06,-0.000142743,16.6367,-0.0231845
5.32877,16.1896,16.2999,-0.110292,0.000945142,6.9771e-05,-6.4479e-06,-0.000142721,16.3222,-0.0231872
5.33464,15.9772,15.9939,-0.016658,0.00090872,6.4747e-05,-6.721e-06,-0.000142698,16.0162,-0.0231898
5.3405,15.6025,15.696,-0.0934661,0.000873039,5.98151e-05,-6.99014e-06,-0.000142674,15.7184,-0.0231923
5.34636,15.4412,15.406,0.0351798,0.000838083,5.49733e-05,-7.25537e-06,-0.000142649,15.4285,-0.0231947
5.35222,15.1664,15.1237,0.0426926,0.000803832,5.02198e-05,-7.51676e-06,-0.000142624,15.1462,-0.0231971
5.35809,14.8022,14.8487,-0.0465347,0.000770269,4.55525e-05,-7.77437e-06,-0.000142598,14.8713,-0.0231994
5.36395,14.4765,14.581,-0.104444,0.000737379,4.09695e-05,-8.02826e-06,-0.000142571,14.6035,-0.0232016
5.36981,14.2092,14.3201,-0.110902,0.000705144,3.64692e-05,-8.27848e-06,-0.000142544,14.3427,-0.0232038
5.37567,14.0839,14.0658,0.0180878,0.000673549,3.20496e-05,-8.5251e-06,-0.000142516,14.0885,-0.0232058
5.38153,13.8099,13.8181,-0.00819531,0.000642578,2.77092e-05,-8.76817e-06,-0.000142487,13.8408,-0.0232078
5.3874,13.6517,13.5766,0.0751437,0.000612218,2.34462e-05,-9.00774e-06,-0.000142458,13.5993,-0.0232098
5.39326,13.456,13.3411,0.114855,0.000582453,1.92589e-05,-9.24387e-06,-0.000142427,13.3639,-0.0232116
5.39912,13.1936,13.1115,0.0820751,0.000553269,1.51459e-05,-9.47662e-06,-0.000142396,13.1343,-0.0232134
5.40498,12.8867,12.8876,-0.00083653,0.000524653,1.11054e-05,-9.70603e-06,-0.000142365,12.9104,-0.0232151
5.41085,12.6163,12.6691,-0.0528413,0.000496591,7.13616e-06,-9.93216e-06,-0.000142333,12.692,-0.0232167
5.41671,12.4443,12.456,-0.0117167,0.000469071,3.23654e-06,-1.01551e-05,-0.0001423,12.4789,-0.0232183
5.42257,12.2889,12.248,0.040914,0.00044208,-5.94864e-07,-1.03748e-05,-0.000142266,12.2709,-0.0232197
5.42843,11.9186,12.045,-0.126353,0.000415607,-4.35944e-06,-1.05913e-05,-0.000142232,12.068,-0.0232211
5.43429,11.8783,11.8468,0.0314251,0.000389638,-8.05856e-06,-1.08048e-05,-0.000142197,11.8698,-0.0232225
5.44016,11.7088,11.6534,0.0554446,0.000364163,-1.16936e-05,-1.10153e-05,-0.000142162,11.6764,-0.0232237
5.44602,11.5225,11.4644,0.0580792,0.000339171,-1.52657e-05,-1.12227e-05,-0.000142126,11.4875,-0.0232249
5.45188,11.4203,11.2799,0.140428,0.00031465,-1.87763e-05,-1.14272e-05,-0.000142089,11.303,-0.023226
5.45774,11.0661,11.0997,-0.0336069,0.000290591,-2.22266e-05,-1.16288e-05,-0.000142052,11.1228,-0.0232271
5.46361,10.9151,10.9236,-0.00841696,0.000266982,-2.56177e-05,-1.18276e-05,-0.000142014,10.9467,-0.023228
5.46947,10.7559,10.7515,0.00438974,0.000243814,-2.8951e-05,-1.20235e-05,-0.000141976,10.7747,-0.0232289
5.47533,10.5058,10.5833,-0.0775415,0.000221077,-3.22274e-05,-1.22166e-05,-0.000141936,10.6065,-0.0232298
5.48119,10.396,10.4189,-0.0228867,0.000198762,-3.54481e-05,-1.2407e-05,-0.000141897,10.4422,-0.0232305
5.48705,10.4206,10.2582,0.162362,0.000176859,-3.86142e-05,-1.25947e-05,-0.000141857,10.2815,-0.0232312
5.49292,10.2048,10.1011,0.103718,0.00015536,-4.17269e-05,-1.27798e-05,-0.000141816,10.1244,-0.0232318
5.49878,9.85698,9.94747,-0.0904891,0.000134255,-4.4787e-05,-1.29622e-05,-0.000141775,9.97077,-0.0232323
5.50464,9.69882,9.79719,-0.0983745,0.000113536,-4.77957e-05,-1.31421e-05,-0.000141733,9.82051,-0.0232327
5.5105,9.48975,9.65019,-0.160443,9.31954e-05,-5.0754e-05,-1.33194e-05,-0.00014169,9.67354,-0.0232331
5.51637,9.54692,9.50638,0.0405432,7.32242e-05,-5.36627e-05,-1.34942e-05,-0.000141648,9.52975,-0.0232334
5.52223,9.42725,9.36566,0.0615947,5.36148e-05,-5.6523e-05,-1.36666e-05,-0.000141604,9.38905,-0.0232336
5.52809,9.45092,9.22795,0.222974,3.43596e-05,-5.93355e-05,-1.38365e-05,-0.00014156,9.25136,-0.0232338
5.53395,9.18601,9.09316,0.0928467,1.54511e-05,-6.21014e-05,-1.4004e-05,-0.000141516,9.1166,-0.0232339
5.53981,8.92308,8.96122,-0.0381477,-3.11798e-06,-6.48215e-05,-1.41692e-05,-0.000141471,8.98468,-0.0232339
5.54568,8.75326,8.83205,-0.078795,-2.13548e-05,-6.74966e-05,-1.43321e-05,-0.000141425,8.85553,-0.0232338
5.55154,8.54812,8.70558,-0.157458,-3.92663e-05,-7.01276e-05,-1.44926e-05,-0.000141379,8.72907,-0.0232337
5.5574,8.65704,8.58172,0.0753224,-5.68592e-05,-7.27153e-05,-1.46509e-05,-0.000141333,8.60523,-0.0232335
5.56326,8.61146,8.46041,0.151058,-7.414e-05,-7.52605e-05,-1.4807e-05,-0.000141286,8.48394,-0.0232332
5.56913,8.51233,8.34158,0.170757,-9.11153e-05,-7.7764e-05,-1.49609e-05,-0.000141238,8.36514,-0.0232328
5.57499,8.44973,8.22516,0.224567,-0.000107791,-8.02265e-05,-1.51126e-05,-0.00014119,8.24874,-0.0232324
5.58085,8.17077,8.1111,0.0596688,-0.000124174,-8.2649e-05,-1.52622e-05,-0.000141142,8.1347,-0.0232319
5.58671,8.01549,7.99933,0.0161623,-0.000140269,-8.50319e-05,-1.54097e-05,-0.000141093,8.02294,-0.0232313
5.59257,7.92062,7.88979,0.0308293,-0.000156083,-8.73762e-05,-1.55551e-05,-0.000141044,7.91342,-0.0232306
5.59844,7.78874,7.78242,0.00632299,-0.000171622,-8.96825e-05,-1.56985e-05,-0.000140994,7.80607,-0.0232299
5.6043,7.76381,7.67717,0.0866446,-0.00018689,-9.19514e-05,-1.58399e-05,-0.000140944,7.70083,-0.0232291
5.61016,7.63736,7.57397,0.0633885,-0.000201893,-9.41837e-05,-1.59793e-05,-0.000140893,7.59766,-0.0232282
5.61602,7.60067,7.47279,0.127874,-0.000216636,-9.638e-05,-1.61167e-05,-0.000140842,7.49649,-0.0232273
5.62189,7.34961,7.37357,-0.0239563,-0.000231126,-9.8541e-05,-1.62522e-05,-0.00014079,7.39728,-0.0232263
5.62775,7.33945,7.27626,0.063191,-0.000245366,-0.000100667,-1.63858e-05,-0.000140738,7.29999,-0.0232252
5.63361,7.07424,7.18081,-0.106566,-0.000259361,-0.000102759,-1.65176e-05,-0.000140686,7.20455,-0.023224
5.63947,7.04708,7.08717,-0.0400872,-0.000273117,-0.000104818,-1.66474e-05,-0.000140633,7.11093,-0.0232228
5.64533,6.84426,6.9953,-0.151043,-0.000286637,-0.000106844,-1.67755e-05,-0.00014058,7.01908,-0.0232214
5.6512,6.91489,6.90517,0.00972389,-0.000299927,-0.000108837,-1.69018e-05,-0.000140526,6.92895,-0.02322
5.65706,6.88519,6.81671,0.0684752,-0.000312992,-0.000110799,-1.70263e-05,-0.000140472,6.84051,-0.0232186
5.66292,6.78408,6.7299,0.0541857,-0.000325834,-0.00011273,-1.7149e-05,-0.000140417,6.75371,-0.023217
5.66878,6.61155,6.64469,-0.0331364,-0.00033846,-0.00011463,-1.727e-05,-0.000140362,6.66852,-0.0232154
5.67465,6.40914,6.56105,-0.151914,-0.000350872,-0.0001165,-1.73893e-05,-0.000140307,6.58489,-0.0232137
5.68051,6.47899,6.47893,5.50958e-05,-0.000363075,-0.00011834,-1.7507e-05,-0.000140252,6.50278,-0.023212
5.68637,6.43257,6.39831,0.0342574,-0.000375073,-0.000120151,-1.7623e-05,-0.000140196,6.42217,-0.0232101
5.69223,6.34,6.31914,0.0208629,-0.000386869,-0.000121934,-1.77374e-05,-0.000140139,6.34302,-0.0232082
5.69809,6.07345,6.2414,-0.167949,-0.000398469,-0.000123688,-1.78501e-05,-0.000140082,6.26528,-0.0232063
5.70396,6.01202,6.16504,-0.153019,-0.000409874,-0.000125415,-1.79613e-05,-0.000140025,6.18894,-0.0232042
5.70982,6.05961,6.09004,-0.0304219,-0.000421089,-0.000127115,-1.80709e-05,-0.000139968,6.11394,-0.0232021
5.71568,6.06595,6.01636,0.0495892,-0.000432118,-0.000128788,-1.8179e-05,-0.00013991,6.04028,-0.0231999
5.72154,6.01228,5.94397,0.0683058,-0.000442964,-0.000130435,-1.82855e-05,-0.000139852,5.9679,-0.0231976
5.72741,5.98892,5.87286,0.116066,-0.00045363,-0.000132056,-1.83906e-05,-0.000139793,5.89679,-0.0231952
5.73327,5.94894,5.80297,0.145968,-0.000464119,-0.000133651,-1.84941e-05,-0.000139734,5.82692,-0.0231928
5.73913,5.70455,5.7343,-0.0297479,-0.000474435,-0.000135222,-1.85962e-05,-0.000139675,5.75825,-0.0231903
5.74499,5.64949,5.6668,-0.017314,-0.000484582,-0.000136769,-1.86969e-05,-0.000139615,5.69077,-0.0231878
5.75085,5.58761,5.60046,-0.0128459,-0.000494561,-0.000138291,-1.87961e-05,-0.000139555,5.62443,-0.0231851
5.75672,5.35098,5.53524,-0.184266,-0.000504377,-0.000139789,-1.8894e-05,-0.000139495,5.55923,-0.0231824
5.76258,5.30033,5.47113,-0.170801,-0.000514032,-0.000141264,-1.89904e-05,-0.000139435,5.49512,-0.0231796
5.76844,5.37318,5.4081,-0.0349227,-0.000523529,-0.000142717,-1.90855e-05,-0.000139374,5.4321,-0.0231767
5.7743,5.39908,5.34612,0.052961,-0.00053287,-0.000144146,-1.91793e-05,-0.000139313,5.37013,-0.0231738
5.78017,5.28174,5.28517,-0.00343562,-0.00054206,-0.000145554,-1.92717e-05,-0.000139251,5.30919,-0.0231708
5.78603,5.05586,5.22524,-0.169381,-0.000551099,-0.00014694,-1.93628e-05,-0.000139189,5.24926,-0.0231677
5.79189,5.0127,5.16629,-0.15359,-0.000559992,-0.000148304,-1.94526e-05,-0.000139127,5.19032,-0.0231645
5.79775,4.96765,5.1083,-0.140658,-0.00056874,-0.000149647,-1.95411e-05,-0.000139065,5.13234,-0.0231613
5.80362,5.13005,5.05127,0.0787804,-0.000577347,-0.000150969,-1.96284e-05,-0.000139002,5.07531,-0.023158
5.80948,5.18959,4.99515,0.194434,-0.000585814,-0.000152271,-1.97144e-05,-0.000138939,5.01921,-0.0231546
5.81534,5.07867,4.93995,0.138728,-0.000594145,-0.000153553,-1.97992e-05,-0.000138876,4.964,-0.0231512
5.8212,4.7645,4.88563,-0.12113,-0.000602341,-0.000154815,-1.98828e-05,-0.000138812,4.90969,-0.0231476
5.82706,4.76418,4.83217,-0.0679967,-0.000610405,-0.000156058,-1.99652e-05,-0.000138748,4.85624,-0.023144
5.83293,4.83058,4.77957,0.0510144,-0.000618339,-0.000157281,-2.00464e-05,-0.000138684,4.80365,-0.0231404
5.83879,4.76965,4.7278,0.0418553,-0.000626146,-0.000158486,-2.01265e-05,-0.000138619,4.75188,-0.0231366
5.84465,4.6141,4.67684,-0.0627423,-0.000633827,-0.000159672,-2.02054e-05,-0.000138555,4.70093,-0.0231328
5.85051,4.57724,4.62669,-0.0494468,-0.000641385,-0.00016084,-2.02832e-05,-0.00013849,4.65078,-0.0231289
5.85638,4.33208,4.57731,-0.245229,-0.000648823,-0.00016199,-2.03599e-05,-0.000138424,4.6014,-0.0231249
5.86224,4.51817,4.5287,-0.0105292,-0.000656141,-0.000163122,-2.04354e-05,-0.000138359,4.5528,-0.0231209
5.8681,4.55365,4.48084,0.0728119,-0.000663342,-0.000164237,-2.05099e-05,-0.000138293,4.50494,-0.0231168
5.87396,4.3193,4.43371,-0.114412,-0.000670428,-0.000165334,-2.05833e-05,-0.000138227,4.45782,-0.0231126
5.87982,4.13959,4.38731,-0.247721,-0.000677401,-0.000166415,-2.06556e-05,-0.000138161,4.41142,-0.0231083
5.88569,4.47137,4.34161,0.129761,-0.000684263,-0.000167479,-2.07269e-05,-0.000138094,4.36572,-0.023104
5.89155,4.22671,4.2966,-0.0698937,-0.000691016,-0.000168527,-2.07971e-05,-0.000138028,4.32072,-0.0230995
5.89741,4.28106,4.25227,0.0287916,-0.000697662,-0.000169558,-2.08663e-05,-0.000137961,4.27639,-0.0230951
5.90327,4.17374,4.20861,-0.0348699,-0.000704202,-0.000170574,-2.09346e-05,-0.000137893,4.23273,-0.0230905
5.90914,4.26976,4.16559,0.104165,-0.000710638,-0.000171574,-2.10018e-05,-0.000137826,4.18972,-0.0230859
5.915,4.172,4.12322,0.0487781,-0.000716972,-0.000172559,-2.1068e-05,-0.000137758,4.14735,-0.0230812
5.92086,4.07809,4.08147,-0.00338033,-0.000723205,-0.000173529,-2.11333e-05,-0.00013769,4.1056,-0.0230764
5.92672,4.00768,4.04033,-0.0326583,-0.00072934,-0.000174484,-2.11976e-05,-0.000137622,4.06447,-0.0230715
5.93258,3.96791,3.9998,-0.0318951,-0.000735378,-0.000175424,-2.1261e-05,-0.000137554,4.02394,-0.0230666
5.93845,3.99032,3.95986,0.0304531,-0.00074132,-0.00017635,-2.13234e-05,-0.000137485,3.984,-0.0230616
5.94431,3.79252,3.9205,-0.127985,-0.000747169,-0.000177261,-2.13849e-05,-0.000137416,3.94464,-0.0230565
5.95017,3.8965,3.88171,0.0147901,-0.000752924,-0.000178158,-2.14455e-05,-0.000137347,3.90585,-0.0230514
5.95603,3.78032,3.84347,-0.0631501,-0.000758589,-0.000179042,-2.15052e-05,-0.000137278,3.86762,-0.0230462
5.9619,3.74426,3.80578,-0.0615207,-0.000764165,-0.000179912,-2.1564e-05,-0.000137208,3.82993,-0.0230409
5.96776,3.77409,3.76863,0.00545129,-0.000769653,-0.000180769,-2.1622e-05,-0.000137139,3.79278,-0.0230355
5.97362,3.6426,3.73201,-0.0894138,-0.000775054,-0.000181612,-2.16791e-05,-0.000137069,3.75616,-0.02303
5.97948,3.54892,3.6959,-0.146981,-0.00078037,-0.000182442,-2.17353e-05,-0.000136999,3.72005,-0.0230245
5.98534,3.53181,3.6603,-0.128494,-0.000785602,-0.00018326,-2.17907e-05,-0.000136929,3.68445,-0.0230189
5.99121,3.57981,3.6252,-0.0453908,-0.000790751,-0.000184065,-2.18452e-05,-0.000136858,3.64935,-0.0230133
5.99707,3.58009,3.59059,-0.0104998,-0.00079582,-0.000184858,-2.1899e-05,-0.000136787,3.61474,-0.0230075
6.00293,3.40115,3.55646,-0.155312,-0.000800809,-0.000185638,-2.19519e-05,-0.000136717,3.58061,-0.0230017
6.00879,3.43026,3.5228,-0.0925403,-0.000805719,-0.000186406,-2.2004e-05,-0.000136645,3.54694,-0.0229958
6.01466,3.33875,3.4896,-0.150849,-0.000810552,-0.000187163,-2.20553e-05,-0.000136574,3.51375,-0.0229899
6.02052,3.23601,3.45686,-0.220847,-0.000815309,-0.000187907,-2.21059e-05,-0.000136503,3.481,-0.0229838
6.02638,3.51288,3.42456,0.0883185,-0.000819991,-0.00018864,-2.21556e-05,-0.000136431,3.4487,-0.0229777
6.03224,3.46299,3.3927,0.07029,-0.000824599,-0.000189362,-2.22046e-05,-0.00013636,3.41684,-0.0229716
6.0381,3.55355,3.36127,0.192283,-0.000829134,-0.000190073,-2.22529e-05,-0.000136288,3.38542,-0.0229653
6.04397,3.5227,3.33027,0.192434,-0.000833599,-0.000190772,-2.23004e-05,-0.000136215,3.35441,-0.022959
6.04983,3.21886,3.29968,-0.0808162,-0.000837993,-0.000191461,-2.23472e-05,-0.000136143,3.32382,-0.0229526
6.05569,3.18764,3.26949,-0.0818552,-0.000842317,-0.000192139,-2.23932e-05,-0.000136071,3.29363,-0.0229461
6.06155,3.28782,3.23971,0.0481061,-0.000846574,-0.000192806,-2.24386e-05,-0.000135998,3.26385,-0.0229396
6.06742,3.29757,3.21033,0.0872437,-0.000850763,-0.000193463,-2.24832e-05,-0.000135925,3.23446,-0.0229329
6.07328,3.21715,3.18133,0.0358274,-0.000854887,-0.000194109,-2.25271e-05,-0.000135852,3.20546,-0.0229262
6.07914,3.07792,3.15271,-0.074791,-0.000858945,-0.000194746,-2.25704e-05,-0.000135779,3.17684,-0.0229195
6.085,3.23994,3.12446,0.115475,-0.00086294,-0.000195372,-2.26129e-05,-0.000135706,3.14859,-0.0229126
6.09086,3.18951,3.09658,0.0929254,-0.000866871,-0.000195989,-2.26548e-05,-0.000135633,3.12071,-0.0229057
6.09673,3.19471,3.06907,0.125648,-0.00087074,-0.000196596,-2.26961e-05,-0.000135559,3.09319,-0.0228987
6.10259,3.04525,3.0419,0.00334402,-0.000874549,-0.000197193,-2.27366e-05,-0.000135485,3.06602,-0.0228917
6.10845,2.99177,3.01509,-0.0233234,-0.000878297,-0.000197781,-2.27765e-05,-0.000135412,3.03921,-0.0228845
6.11431,3.02649,2.98862,0.0378663,-0.000881985,-0.00019836,-2.28158e-05,-0.000135338,3.01274,-0.0228773
6.12018,3.09513,2.96249,0.132641,-0.000885615,-0.000198929,-2.28544e-05,-0.000135264,2.9866,-0.02287
6.12604,3.11469,2.93669,0.178005,-0.000889188,-0.00019949,-2.28925e-05,-0.000135189,2.9608,-0.0228627
6.1319,2.93812,2.91121,0.0269105,-0.000892704,-0.000200041,-2.29299e-05,-0.000135115,2.93532,-0.0228552
6.13776,2.96324,2.88606,0.0771849,-0.000896165,-0.000200584,-2.29666e-05,-0.00013504,2.91016,-0.0228477
6.14362,2.86816,2.86122,0.0069439,-0.00089957,-0.000201118,-2.30028e-05,-0.000134966,2.88532,-0.0228401
6.14949,2.92072,2.83669,0.0840355,-0.000902921,-0.000201644,-2.30384e-05,-0.000134891,2.86078,-0.0228325
6.15535,2.81176,2.81247,-0.000704777,-0.000906219,-0.000202161,-2.30734e-05,-0.000134816,2.83656,-0.0228248
6.16121,2.76552,2.78854,-0.0230218,-0.000909464,-0.000202669,-2.31078e-05,-0.000134741,2.81263,-0.022817
6.16707,2.65954,2.76492,-0.105372,-0.000912658,-0.00020317,-2.31417e-05,-0.000134666,2.789,-0.0228091
6.17294,2.74461,2.74158,0.00303479,-0.0009158,-0.000203663,-2.3175e-05,-0.00013459,2.76566,-0.0228011
6.1788,2.82393,2.71853,0.105406,-0.000918893,-0.000204147,-2.32077e-05,-0.000134515,2.7426,-0.0227931
6.18466,2.74274,2.69576,0.0469842,-0.000921936,-0.000204624,-2.32398e-05,-0.000134439,2.71982,-0.022785
6.19052,2.6546,2.67326,-0.01866,-0.00092493,-0.000205093,-2.32714e-05,-0.000134364,2.69733,-0.0227768
6.19638,2.70248,2.65104,0.051443,-0.000927876,-0.000205554,-2.33025e-05,-0.000134288,2.6751,-0.0227686
6.20225,2.68526,2.62909,0.0561757,-0.000930774,-0.000206008,-2.3333e-05,-0.000134212,2.65314,-0.0227603
6.20811,2.64994,2.6074,0.042543,-0.000933626,-0.000206455,-2.33631e-05,-0.000134136,2.63145,-0.0227519
6.21397,2.41174,2.58597,-0.174224,-0.000936432,-0.000206894,-2.33925e-05,-0.00013406,2.61001,-0.0227434
6.21983,2.51503,2.56479,-0.0497653,-0.000939193,-0.000207325,-2.34215e-05,-0.000133984,2.58883,-0.0227349
6.2257,2.56148,2.54387,0.0176086,-0.000941909,-0.00020775,-2.345e-05,-0.000133908,2.5679,-0.0227263
6.23156,2.46543,2.52319,-0.0577657,-0.000944581,-0.000208168,-2.34779e-05,-0.000133831,2.54722,-0.0227176
6.23742,2.55412,2.50276,0.0513563,-0.00094721,-0.000208578,-2.35054e-05,-0.000133755,2.52678,-0.0227088
6.24328,2.35695,2.48257,-0.125613,-0.000949795,-0.000208982,-2.35324e-05,-0.000133678,2.50658,-0.0227
6.24915,2.39174,2.46261,-0.0708729,-0.000952339,-0.000209379,-2.35589e-05,-0.000133601,2.48662,-0.0226911
6.25501,2.46297,2.44289,0.0200777,-0.000954841,-0.00020977,-2.35849e-05,-0.000133524,2.46689,-0.0226821
6.26087,2.42299,2.42339,-0.000399929,-0.000957303,-0.000210154,-2.36104e-05,-0.000133447,2.44739,-0.0226731
6.26673,2.49705,2.40412,0.0929249,-0.000959724,-0.000210531,-2.36355e-05,-0.00013337,2.42812,-0.0226639
6.27259,2.50589,2.38508,0.120815,-0.000962105,-0.000210902,-2.36601e-05,-0.000133293,2.40906,-0.0226547
6.27846,2.40636,2.36625,0.0401138,-0.000964447,-0.000211267,-2.36842e-05,-0.000133216,2.39023,-0.0226455
6.28432,2.55963,2.34764,0.211995,-0.00096675,-0.000211625,-2.37079e-05,-0.000133139,2.37161,-0.0226361
6.29018,2.3065,2.32923,-0.0227375,-0.000969015,-0.000211977,-2.37311e-05,-0.000133062,2.3532,-0.0226267
6.29604,2.32875,2.31104,0.0177029,-0.000971243,-0.000212324,-2.37539e-05,-0.000132984,2.335,-0.0226172
6.30191,2.21713,2.29306,-0.0759313,-0.000973434,-0.000212664,-2.37763e-05,-0.000132907,2.31701,-0.0226076
6.30777,2.23298,2.27527,-0.0422944,-0.000975588,-0.000212998,-2.37982e-05,-0.000132829,2.29922,-0.022598
6.31363,2.32506,2.25769,0.0673731,-0.000977706,-0.000213327,-2.38198e-05,-0.000132751,2.28163,-0.0225883
6.31949,2.23983,2.2403,-0.000469403,-0.000979788,-0.000213649,-2.38408e-05,-0.000132673,2.26423,-0.0225785
6.32535,2.14844,2.22311,-0.0746691,-0.000981836,-0.000213967,-2.38615e-05,-0.000132596,2.24703,-0.0225686
6.33122,2.26195,2.20611,0.0558415,-0.000983849,-0.000214278,-2.38818e-05,-0.000132518,2.23002,-0.0225587
6.33708,2.13216,2.1893,-0.0571363,-0.000985828,-0.000214584,-2.39016e-05,-0.00013244,2.2132,-0.0225487
6.34294,2.23158,2.17267,0.0589081,-0.000987774,-0.000214884,-2.39211e-05,-0.000132362,2.19657,-0.0225386
6.3488,2.13,2.15623,-0.0262267,-0.000989686,-0.000215179,-2.39401e-05,-0.000132283,2.18011,-0.0225284
6.35467,2.25726,2.13996,0.117297,-0.000991566,-0.000215469,-2.39588e-05,-0.000132205,2.16384,-0.0225182
6.36053,2.14557,2.12387,0.0216926,-0.000993413,-0.000215754,-2.39771e-05,-0.000132127,2.14775,-0.0225079
6.36639,1.98286,2.10796,-0.125102,-0.000995229,-0.000216033,-2.3995e-05,-0.000132049,2.13183,-0.0224975
6.37225,2.07671,2.09222,-0.0155142,-0.000997014,-0.000216307,-2.40125e-05,-0.00013197,2.11608,-0.0224871
6.37811,2.03994,2.07665,-0.0367124,-0.000998768,-0.000216577,-2.40296e-05,-0.000131892,2.1005,-0.0224765
6.38398,2.19464,2.06125,0.133388,-0.00100049,-0.000216841,-2.40464e-05,-0.000131813,2.08509,-0.0224659
6.38984,2.00015,2.04602,-0.0458634,-0.00100218,-0.0002171,-2.40628e-05,-0.000131735,2.06985,-0.0224553
6.3957,2.01879,2.03094,-0.0121536,-0.00100385,-0.000217355,-2.40788e-05,-0.000131656,2.05477,-0.0224445
6.40156,1.85896,2.01603,-0.157068,-0.00100548,-0.000217604,-2.40945e-05,-0.000131577,2.03984,-0.0224337
6.40743,2.055,2.00128,0.0537246,-0.00100709,-0.000217849,-2.41098e-05,-0.000131498,2.02508,-0.0224228
6.41329,2.02096,1.98668,0.0342794,-0.00100866,-0.00021809,-2.41248e-05,-0.00013142,2.01047,-0.0224118
6.41915,1.96928,1.97224,-0.00295619,-0.00101021,-0.000218325,-2.41394e-05,-0.000131341,1.99602,-0.0224008
6.42501,1.99102,1.95794,0.033071,-0.00101174,-0.000218557,-2.41537e-05,-0.000131262,1.98172,-0.0223897
6.43087,1.92617,1.9438,-0.0176372,-0.00101323,-0.000218783,-2.41677e-05,-0.000131183,1.96757,-0.0223785
6.43674,1.85369,1.92981,-0.076122,-0.0010147,-0.000219005,-2.41813e-05,-0.000131104,1.95356,-0.0223672
6.4426,1.82138,1.91596,-0.0945831,-0.00101614,-0.000219223,-2.41946e-05,-0.000131025,1.93971,-0.0223559
6.44846,1.93855,1.90226,0.0362986,-0.00101755,-0.000219437,-2.42076e-05,-0.000130945,1.92599,-0.0223445
6.45432,2.00344,1.88869,0.114747,-0.00101894,-0.000219646,-2.42202e-05,-0.000130866,1.91242,-0.022333
6.46019,1.91236,1.87527,0.0370866,-0.0010203,-0.000219851,-2.42325e-05,-0.000130787,1.89899,-0.0223214
6.46605,1.88129,1.86198,0.0193006,-0.00102164,-0.000220052,-2.42445e-05,-0.000130708,1.88569,-0.0223098
6.47191,1.80338,1.84884,-0.0454539,-0.00102296,-0.000220249,-2.42562e-05,-0.000130628,1.87253,-0.0222981
6.47777,1.79032,1.83582,-0.0455024,-0.00102424,-0.000220442,-2.42676e-05,-0.000130549,1.85951,-0.0222863
6.48363,1.74393,1.82294,-0.0790066,-0.00102551,-0.000220631,-2.42787e-05,-0.00013047,1.84661,-0.0222745
6.4895,1.9055,1.81019,0.0953171,-0.00102675,-0.000220815,-2.42895e-05,-0.00013039,1.83385,-0.0222626
6.49536,1.84501,1.79756,0.0474484,-0.00102797,-0.000220996,-2.43e-05,-0.000130311,1.82122,-0.0222506
6.50122,1.8777,1.78507,0.0926278,-0.00102916,-0.000221173,-2.43102e-05,-0.000130231,1.80871,-0.0222385
6.50708,1.80753,1.7727,0.0348277,-0.00103033,-0.000221347,-2.43201e-05,-0.000130152,1.79633,-0.0222263
6.51295,1.64509,1.76045,-0.115363,-0.00103148,-0.000221516,-2.43297e-05,-0.000130072,1.78407,-0.0222141
6.51881,1.65373,1.74833,-0.0945974,-0.00103261,-0.000221682,-2.43391e-05,-0.000129992,1.77194,-0.0222018
6.52467,1.59679,1.73633,-0.139534,-0.00103371,-0.000221844,-2.43481e-05,-0.000129913,1.75992,-0.0221894
6.53053,1.70487,1.72444,-0.0195727,-0.00103479,-0.000222003,-2.43569e-05,-0.000129833,1.74803,-0.022177
6.53639,1.73262,1.71267,0.019949,-0.00103586,-0.000222158,-2.43654e-05,-0.000129753,1.73625,-0.0221645
6.54226,1.59601,1.70102,-0.105014,-0.0010369,-0.000222309,-2.43736e-05,-0.000129674,1.72459,-0.0221519
6.54812,1.48588,1.68949,-0.203613,-0.00103791,-0.000222457,-2.43816e-05,-0.000129594,1.71304,-0.0221392
6.55398,1.66568,1.67806,-0.0123894,-0.00103891,-0.000222602,-2.43893e-05,-0.000129514,1.70161,-0.0221265
6.55984,1.65275,1.66675,-0.0140031,-0.00103989,-0.000222743,-2.43967e-05,-0.000129434,1.69028,-0.0221137
6.56571,1.78611,1.65555,0.130554,-0.00104085,-0.000222881,-2.44039e-05,-0.000129354,1.67907,-0.0221008
6.57157,1.79789,1.64446,0.153427,-0.00104179,-0.000223015,-2.44108e-05,-0.000129274,1.66796,-0.0220879
6.57743,1.61033,1.63347,-0.0231401,-0.00104271,-0.000223147,-2.44175e-05,-0.000129194,1.65697,-0.0220748
6.58329,1.57314,1.62259,-0.0494565,-0.00104361,-0.000223275,-2.44239e-05,-0.000129115,1.64608,-0.0220617
6.58915,1.80598,1.61182,0.194165,-0.00104449,-0.0002234,-2.44301e-05,-0.000129035,1.63529,-0.0220485
6.59502,1.66391,1.60115,0.0627652,-0.00104535,-0.000223521,-2.4436e-05,-0.000128955,1.6246,-0.0220353
6.60088,1.78581,1.59058,0.195232,-0.00104619,-0.00022364,-2.44417e-05,-0.000128875,1.61402,-0.022022
6.60674,1.49161,1.58011,-0.0885016,-0.00104702,-0.000223755,-2.44472e-05,-0.000128795,1.60354,-0.0220086
6.6126,1.50939,1.56974,-0.0603516,-0.00104782,-0.000223868,-2.44524e-05,-0.000128715,1.59316,-0.0219951
6.61847,1.61186,1.55947,0.0523885,-0.00104861,-0.000223977,-2.44574e-05,-0.000128634,1.58287,-0.0219815
6.62433,1.63802,1.54929,0.0887229,-0.00104938,-0.000224084,-2.44621e-05,-0.000128554,1.57269,-0.0219679
6.63019,1.66079,1.53921,0.121577,-0.00105014,-0.000224187,-2.44666e-05,-0.000128474,1.5626,-0.0219542
6.63605,1.51016,1.52923,-0.0190681,-0.00105087,-0.000224288,-2.44709e-05,-0.000128394,1.5526,-0.0219405
6.64191,1.65726,1.51934,0.137919,-0.00105159,-0.000224386,-2.4475e-05,-0.000128314,1.54269,-0.0219266
6.64778,1.56783,1.50954,0.0582891,-0.0010523,-0.000224481,-2.44788e-05,-0.000128234,1.53288,-0.0219127
6.65364,1.45628,1.49983,-0.0435496,-0.00105298,-0.000224573,-2.44825e-05,-0.000128154,1.52316,-0.0218987
6.6595,1.44097,1.49022,-0.0492444,-0.00105365,-0.000224663,-2.44859e-05,-0.000128074,1.51353,-0.0218847
6.66536,1.47617,1.48069,-0.00451582,-0.00105431,-0.00022475,-2.44891e-05,-0.000127994,1.50399,-0.0218705
6.67123,1.48079,1.47125,0.00954655,-0.00105495,-0.000224834,-2.44921e-05,-0.000127913,1.49454,-0.0218563
6.67709,1.38364,1.46189,-0.0782534,-0.00105557,-0.000224915,-2.44949e-05,-0.000127833,1.48517,-0.021842
6.68295,1.60395,1.45263,0.151325,-0.00105618,-0.000224994,-2.44974e-05,-0.000127753,1.47589,-0.0218277
6.68881,1.49808,1.44344,0.0546405,-0.00105677,-0.00022507,-2.44998e-05,-0.000127673,1.46669,-0.0218132
6.69468,1.19996,1.43434,-0.234381,-0.00105734,-0.000225144,-2.4502e-05,-0.000127593,1.45758,-0.0217987
6.70054,1.39774,1.42533,-0.0275849,-0.00105791,-0.000225215,-2.4504e-05,-0.000127513,1.44855,-0.0217842
6.7064,1.46012,1.41639,0.0437264,-0.00105845,-0.000225284,-2.45057e-05,-0.000127432,1.4396,-0.0217695
6.71226,1.48506,1.40754,0.0775216,-0.00105899,-0.00022535,-2.45073e-05,-0.000127352,1.43073,-0.0217548
6.71812,1.57432,1.39876,0.175556,-0.0010595,-0.000225414,-2.45087e-05,-0.000127272,1.42194,-0.02174
6.72399,1.44676,1.39007,0.0566918,-0.00106001,-0.000225475,-2.45099e-05,-0.000127192,1.41323,-0.0217251
6.72985,1.46914,1.38145,0.0876898,-0.0010605,-0.000225534,-2.45109e-05,-0.000127112,1.4046,-0.0217102
6.73571,1.30346,1.37291,-0.0694451,-0.00106098,-0.000225591,-2.45118e-05,-0.000127031,1.39604,-0.0216951
6.74157,1.42727,1.36444,0.0628228,-0.00106144,-0.000225646,-2.45124e-05,-0.000126951,1.38756,-0.02168
6.74744,1.03234,1.35606,-0.32372,-0.00106189,-0.000225698,-2.45129e-05,-0.000126871,1.37916,-0.0216649
6.7533,1.12296,1.34774,-0.224783,-0.00106232,-0.000225748,-2.45131e-05,-0.000126791,1.37083,-0.0216496
6.75916,1.24968,1.3395,-0.0898147,-0.00106275,-0.000225795,-2.45132e-05,-0.000126711,1.36257,-0.0216343
6.76502,1.4606,1.33133,0.129271,-0.00106316,-0.000225841,-2.45132e-05,-0.00012663,1.35439,-0.0216189
6.77088,1.35617,1.32323,0.0329403,-0.00106355,-0.000225884,-2.45129e-05,-0.00012655,1.34628,-0.0216035
6.77675,1.2737,1.3152,-0.0415015,-0.00106394,-0.000225925,-2.45125e-05,-0.00012647,1.33823,-0.0215879
6.78261,1.31707,1.30725,0.00982174,-0.00106431,-0.000225964,-2.45119e-05,-0.00012639,1.33026,-0.0215723
6.78847,1.22625,1.29936,-0.073111,-0.00106467,-0.000226001,-2.45112e-05,-0.00012631,1.32236,-0.0215566
6.79433,1.2874,1.29154,-0.00413861,-0.00106502,-0.000226035,-2.45102e-05,-0.00012623,1.31453,-0.0215409
6.8002,1.34491,1.28379,0.0611186,-0.00106535,-0.000226068,-2.45091e-05,-0.000126149,1.30676,-0.0215251
6.80606,1.24243,1.27611,-0.0336742,-0.00106568,-0.000226099,-2.45079e-05,-0.000126069,1.29906,-0.0215092
6.81192,1.23297,1.26849,-0.0355245,-0.00106599,-0.000226128,-2.45065e-05,-0.000125989,1.29143,-0.0214932
6.81778,1.17844,1.26094,-0.0825024,-0.00106629,-0.000226154,-2.45049e-05,-0.000125909,1.28386,-0.0214771
6.82364,1.24785,1.25345,-0.00559746,-0.00106658,-0.000226179,-2.45032e-05,-0.000125829,1.27635,-0.021461
6.82951,1.21026,1.24603,-0.0357646,-0.00106685,-0.000226202,-2.45013e-05,-0.000125749,1.26891,-0.0214448
6.83537,1.37507,1.23867,0.136401,-0.00106712,-0.000226223,-2.44993e-05,-0.000125669,1.26154,-0.0214285
6.84123,1.5225,1.23137,0.291128,-0.00106738,-0.000226242,-2.44971e-05,-0.000125589,1.25422,-0.0214122
6.84709,1.17953,1.22413,-0.0445978,-0.00106762,-0.000226259,-2.44948e-05,-0.000125509,1.24697,-0.0213958
6.85296,1.29008,1.21696,0.0731208,-0.00106785,-0.000226275,-2.44923e-05,-0.000125429,1.23978,-0.0213793
6.85882,1.3108,1.20984,0.100957,-0.00106808,-0.000226288,-2.44896e-05,-0.000125349,1.23265,-0.0213627
6.86468,1.34245,1.20279,0.139662,-0.00106829,-0.0002263,-2.44869e-05,-0.000125268,1.22558,-0.0213461
6.87054,1.16706,1.19579,-0.0287293,-0.00106849,-0.00022631,-2.44839e-05,-0.000125188,1.21857,-0.0213294
6.8764,1.17189,1.18886,-0.0169676,-0.00106869,-0.000226318,-2.44809e-05,-0.000125109,1.21161,-0.0213126
6.88227,1.10608,1.18198,-0.0759023,-0.00106887,-0.000226325,-2.44777e-05,-0.000125029,1.20472,-0.0212957
6.88813,1.08114,1.17516,-0.0940217,-0.00106904,-0.000226329,-2.44743e-05,-0.000124949,1.19788,-0.0212788
6.89399,1.01904,1.16839,-0.149357,-0.0010692,-0.000226332,-2.44709e-05,-0.000124869,1.1911,-0.0212618
6.89985,1.13194,1.16168,-0.0297436,-0.00106935,-0.000226334,-2.44673e-05,-0.000124789,1.18437,-0.0212447
6.90572,1.04505,1.15503,-0.109976,-0.0010695,-0.000226334,-2.44635e-05,-0.000124709,1.1777,-0.0212275
6.91158,1.21902,1.14843,0.0705884,-0.00106963,-0.000226332,-2.44596e-05,-0.000124629,1.17109,-0.0212103
6.91744,1.2113,1.14189,0.0694183,-0.00106975,-0.000226328,-2.44556e-05,-0.000124549,1.16452,-0.021193
6.9233,1.23972,1.1354,0.104329,-0.00106987,-0.000226323,-2.44515e-05,-0.000124469,1.15802,-0.0211756
6.92916,1.12528,1.12896,-0.00367913,-0.00106997,-0.000226317,-2.44472e-05,-0.000124389,1.15156,-0.0211582
6.93503,1.16014,1.12257,0.0375718,-0.00107007,-0.000226308,-2.44428e-05,-0.00012431,1.14516,-0.0211406
6.94089,1.14518,1.11624,0.0289427,-0.00107016,-0.000226299,-2.44383e-05,-0.00012423,1.13881,-0.021123
6.94675,1.12104,1.10996,0.0110819,-0.00107024,-0.000226287,-2.44337e-05,-0.00012415,1.13251,-0.0211054
6.95261,1.28589,1.10373,0.182164,-0.00107031,-0.000226275,-2.44289e-05,-0.00012407,1.12626,-0.0210876
6.95848,1.11287,1.09754,0.0153279,-0.00107037,-0.00022626,-2.4424e-05,-0.000123991,1.12006,-0.0210698
6.96434,1.01689,1.09141,-0.0745259,-0.00107042,-0.000226245,-2.4419e-05,-0.000123911,1.11391,-0.0210519
6.9702,1.0704,1.08533,-0.0149272,-0.00107047,-0.000226228,-2.44139e-05,-0.000123831,1.10781,-0.0210339
6.97606,1.14924,1.0793,0.0699386,-0.0010705,-0.000226209,-2.44087e-05,-0.000123752,1.10176,-0.0210159
6.98192,1.08525,1.07331,0.0119374,-0.00107053,-0.000226189,-2.44033e-05,-0.000123672,1.09575,-0.0209978
6.98779,1.00923,1.06737,-0.058144,-0.00107055,-0.000226168,-2.43979e-05,-0.000123593,1.0898,-0.0209796
6.99365,0.979354,1.06148,-0.0821303,-0.00107056,-0.000226145,-2.43923e-05,-0.000123513,1.08389,-0.0209613
6.99951,1.03256,1.05564,-0.0230815,-0.00107057,-0.000226121,-2.43866e-05,-0.000123434,1.07803,-0.020943
7.00537,1.07592,1.04984,0.0260788,-0.00107057,-0.000226095,-2.43808e-05,-0.000123354,1.07221,-0.0209246
7.01124,1.07422,1.04409,0.0301272,-0.00107055,-0.000226069,-2.43749e-05,-0.000123275,1.06644,-0.0209061
7.0171,0.945645,1.03838,-0.0927392,-0.00107054,-0.000226041,-2.43689e-05,-0.000123195,1.06072,-0.0208876
7.02296,1.0472,1.03272,0.0144799,-0.00107051,-0.000226011,-2.43627e-05,-0.000123116,1.05504,-0.0208689
7.02882,0.911106,1.02711,-0.115999,-0.00107048,-0.00022598,-2.43565e-05,-0.000123037,1.0494,-0.0208502
7.03468,0.944588,1.02153,-0.0769439,-0.00107043,-0.000225949,-2.43502e-05,-0.000122957,1.04381,-0.0208315
7.04055,0.978042,1.016,-0.0379606,-0.00107039,-0.000225915,-2.43438e-05,-0.000122878,1.03826,-0.0208126
7.04641,1.01431,1.01052,0.00379232,-0.00107033,-0.000225881,-2.43372e-05,-0.000122799,1.03275,-0.0207937
7.05227,1.06705,1.00507,0.0619829,-0.00107027,-0.000225845,-2.43306e-05,-0.000122719,1.02729,-0.0207747
7.05813,1.09616,0.999668,0.096487,-0.0010702,-0.000225808,-2.43238e-05,-0.00012264,1.02187,-0.0207556
7.064,1.12933,0.994308,0.13502,-0.00107012,-0.00022577,-2.4317e-05,-0.000122561,1.01649,-0.0207365
7.06986,1.10203,0.988988,0.113045,-0.00107004,-0.000225731,-2.43101e-05,-0.000122482,1.01115,-0.0207172
7.07572,1.14758,0.98371,0.163869,-0.00106995,-0.000225691,-2.43031e-05,-0.000122403,1.00585,-0.020698
7.08158,0.945369,0.978471,-0.033102,-0.00106985,-0.000225649,-2.42959e-05,-0.000122324,1.00059,-0.0206786
7.08745,1.11168,0.973273,0.13841,-0.00106975,-0.000225606,-2.42887e-05,-0.000122245,0.995374,-0.0206591
7.09331,1.05548,0.968115,0.0873624,-0.00106964,-0.000225563,-2.42814e-05,-0.000122166,0.990196,-0.0206396
7.09917,0.937348,0.962996,-0.0256477,-0.00106952,-0.000225518,-2.4274e-05,-0.000122087,0.985057,-0.02062
7.10503,0.853679,0.957915,-0.104237,-0.0010694,-0.000225472,-2.42665e-05,-0.000122008,0.979957,-0.0206004
7.11089,0.943766,0.952873,-0.00910715,-0.00106927,-0.000225425,-2.42589e-05,-0.000121929,0.974895,-0.0205807
7.11676,0.941554,0.94787,-0.00631591,-0.00106914,-0.000225376,-2.42513e-05,-0.00012185,0.969871,-0.0205608
7.12262,0.875076,0.942903,-0.0678278,-0.001069,-0.000225327,-2.42435e-05,-0.000121771,0.964885,-0.020541
7.12848,0.846723,0.937975,-0.0912519,-0.00106885,-0.000225277,-2.42357e-05,-0.000121692,0.959936,-0.020521
7.13434,0.916772,0.933083,-0.0163108,-0.0010687,-0.000225226,-2.42278e-05,-0.000121614,0.955024,-0.020501
7.14021,1.05167,0.928228,0.12344,-0.00106854,-0.000225173,-2.42197e-05,-0.000121535,0.950148,-0.0204809
7.14607,0.866675,0.923409,-0.0567342,-0.00106837,-0.00022512,-2.42116e-05,-0.000121456,0.945309,-0.0204607
7.15193,0.820357,0.918626,-0.0982687,-0.0010682,-0.000225066,-2.42035e-05,-0.000121378,0.940505,-0.0204404
7.15779,0.795113,0.913878,-0.118765,-0.00106803,-0.00022501,-2.41952e-05,-0.000121299,0.935737,-0.0204201
7.16365,0.784307,0.909166,-0.124859,-0.00106785,-0.000224954,-2.41869e-05,-0.00012122,0.931004,-0.0203997
7.16952,0.906546,0.904488,0.00205743,-0.00106766,-0.000224897,-2.41785e-05,-0.000121142,0.926305,-0.0203793
7.17538,0.833718,0.899845,-0.0661278,-0.00106747,-0.000224838,-2.417e-05,-0.000121063,0.921642,-0.0203587
7.18124,0.813101,0.895237,-0.0821357,-0.00106727,-0.000224779,-2.41614e-05,-0.000120985,0.917012,-0.0203381
7.1871,0.90283,0.890662,0.012168,-0.00106706,-0.000224719,-2.41527e-05,-0.000120907,0.912416,-0.0203174
7.19297,0.883745,0.88612,-0.00237483,-0.00106686,-0.000224658,-2.4144e-05,-0.000120828,0.907853,-0.0202966
7.19883,0.936735,0.881612,0.0551229,-0.00106664,-0.000224596,-2.41352e-05,-0.00012075,0.903324,-0.0202758
7.20469,0.89576,0.877137,0.0186229,-0.00106642,-0.000224534,-2.41263e-05,-0.000120672,0.898827,-0.0202549
7.21055,0.923628,0.872694,0.0509335,-0.0010662,-0.00022447,-2.41174e-05,-0.000120594,0.894363,-0.0202339
7.21641,0.833174,0.868284,-0.0351094,-0.00106597,-0.000224405,-2.41084e-05,-0.000120515,0.889932,-0.0202128
7.22228,0.772288,0.863905,-0.0916177,-0.00106574,-0.00022434,-2.40993e-05,-0.000120437,0.885532,-0.0201917
7.22814,0.752561,0.859558,-0.106997,-0.0010655,-0.000224274,-2.40901e-05,-0.000120359,0.881163,-0.0201705
7.234,0.973754,0.855243,0.118511,-0.00106525,-0.000224207,-2.40809e-05,-0.000120281,0.876826,-0.0201492
7.23986,0.842932,0.850959,-0.00802703,-0.00106501,-0.000224139,-2.40716e-05,-0.000120203,0.87252,-0.0201279
7.24573,0.732254,0.846705,-0.114451,-0.00106475,-0.00022407,-2.40622e-05,-0.000120125,0.868244,-0.0201064
7.25159,0.977544,0.842482,0.135063,-0.00106449,-0.000224,-2.40528e-05,-0.000120047,0.863999,-0.0200849
7.25745,0.81936,0.838289,-0.0189289,-0.00106423,-0.00022393,-2.40433e-05,-0.000119969,0.859785,-0.0200634
7.26331,0.831952,0.834126,-0.00217388,-0.00106396,-0.000223859,-2.40337e-05,-0.000119891,0.8556,-0.0200417
7.26917,0.796863,0.829993,-0.03313,-0.00106369,-0.000223787,-2.40241e-05,-0.000119814,0.851444,-0.02002
7.27504,0.881017,0.825889,0.0551286,-0.00106342,-0.000223714,-2.40144e-05,-0.000119736,0.847318,-0.0199982
7.2809,0.680372,0.821814,-0.141442,-0.00106314,-0.000223641,-2.40046e-05,-0.000119658,0.843221,-0.0199763
7.28676,0.706629,0.817768,-0.111139,-0.00106285,-0.000223566,-2.39948e-05,-0.000119581,0.839152,-0.0199544
7.29262,0.797957,0.81375,-0.0157934,-0.00106256,-0.000223491,-2.39849e-05,-0.000119503,0.835112,-0.0199324
7.29849,0.896652,0.809761,0.0868913,-0.00106227,-0.000223416,-2.3975e-05,-0.000119425,0.8311,-0.0199103
7.30435,0.758952,0.8058,-0.0468481,-0.00106197,-0.000223339,-2.3965e-05,-0.000119348,0.827117,-0.0198881
7.31021,0.968443,0.801867,0.166576,-0.00106167,-0.000223262,-2.39549e-05,-0.00011927,0.823161,-0.0198659
7.31607,0.85892,0.797961,0.0609594,-0.00106137,-0.000223184,-2.39448e-05,-0.000119193,0.819232,-0.0198435
7.32193,0.768875,0.794082,-0.0252075,-0.00106106,-0.000223106,-2.39346e-05,-0.000119116,0.81533,-0.0198212
7.3278,0.759214,0.790231,-0.0310167,-0.00106074,-0.000223026,-2.39243e-05,-0.000119038,0.811456,-0.0197987
7.33366,0.801036,0.786406,0.0146302,-0.00106043,-0.000222947,-2.3914e-05,-0.000118961,0.807608,-0.0197762
7.33952,0.78739,0.782608,0.00478237,-0.0010601,-0.000222866,-2.39037e-05,-0.000118884,0.803787,-0.0197536
7.34538,0.701056,0.778836,-0.0777794,-0.00105978,-0.000222785,-2.38933e-05,-0.000118807,0.799992,-0.0197309
7.35125,0.719132,0.77509,-0.0559578,-0.00105945,-0.000222703,-2.38828e-05,-0.000118729,0.796223,-0.0197081
7.35711,0.82619,0.77137,0.0548205,-0.00105912,-0.00022262,-2.38723e-05,-0.000118652,0.792479,-0.0196853
7.36297,0.526389,0.767675,-0.241286,-0.00105878,-0.000222537,-2.38617e-05,-0.000118575,0.788761,-0.0196624
7.36883,0.712651,0.764006,-0.0513551,-0.00105844,-0.000222453,-2.38511e-05,-0.000118498,0.785069,-0.0196394
7.37469,0.703252,0.760362,-0.0571102,-0.0010581,-0.000222369,-2.38404e-05,-0.000118421,0.781401,-0.0196164
7.38056,0.601337,0.756743,-0.155406,-0.00105775,-0.000222284,-2.38297e-05,-0.000118345,0.777758,-0.0195932
7.38642,0.701593,0.753149,-0.0515561,-0.0010574,-0.000222198,-2.38189e-05,-0.000118268,0.77414,-0.01957
7.39228,0.825239,0.749579,0.0756607,-0.00105705,-0.000222111,-2.38081e-05,-0.000118191,0.770547,-0.0195468
7.39814,0.846389,0.746033,0.100356,-0.00105669,-0.000222025,-2.37972e-05,-0.000118114,0.766977,-0.0195234
7.40401,0.781932,0.742512,0.0394201,-0.00105633,-0.000221937,-2.37863e-05,-0.000118038,0.763432,-0.0195
7.40987,0.776063,0.739014,0.0370491,-0.00105596,-0.000221849,-2.37753e-05,-0.000117961,0.75991,-0.0194765
7.41573,0.828107,0.73554,0.0925671,-0.0010556,-0.00022176,-2.37643e-05,-0.000117884,0.756412,-0.019453
7.42159,0.732176,0.732089,8.76378e-05,-0.00105523,-0.000221671,-2.37533e-05,-0.000117808,0.752937,-0.0194293
7.42745,0.728032,0.728661,-0.000628964,-0.00105485,-0.000221581,-2.37421e-05,-0.000117731,0.749485,-0.0194056
7.43332,0.748857,0.725257,0.0236002,-0.00105448,-0.000221491,-2.3731e-05,-0.000117655,0.746056,-0.0193818
7.43918,0.821549,0.721875,0.0996744,-0.0010541,-0.0002214,-2.37198e-05,-0.000117579,0.74265,-0.019358
7.44504,0.669684,0.718516,-0.0488314,-0.00105371,-0.000221309,-2.37085e-05,-0.000117502,0.739266,-0.019334
7.4509,0.7312,0.715179,0.016021,-0.00105333,-0.000221217,-2.36972e-05,-0.000117426,0.735905,-0.01931
7.45677,0.776183,0.711865,0.0643185,-0.00105294,-0.000221124,-2.36859e-05,-0.00011735,0.732566,-0.0192859
7.46263,0.734661,0.708572,0.0260887,-0.00105254,-0.000221031,-2.36745e-05,-0.000117274,0.729249,-0.0192618
7.46849,0.772656,0.705302,0.0673547,-0.00105215,-0.000220938,-2.36631e-05,-0.000117198,0.725953,-0.0192376
7.47435,0.739704,0.702053,0.0376518,-0.00105175,-0.000220844,-2.36516e-05,-0.000117122,0.722679,-0.0192133
7.48021,0.626111,0.698825,-0.0727142,-0.00105135,-0.000220749,-2.36401e-05,-0.000117046,0.719427,-0.0191889
7.48608,0.644093,0.695619,-0.0515254,-0.00105095,-0.000220654,-2.36286e-05,-0.00011697,0.716195,-0.0191644
7.49194,0.63191,0.692433,-0.0605236,-0.00105054,-0.000220559,-2.3617e-05,-0.000116894,0.712985,-0.0191399
7.4978,0.503502,0.689269,-0.185768,-0.00105013,-0.000220463,-2.36054e-05,-0.000116818,0.709796,-0.0191153
7.50366,0.565969,0.686126,-0.120157,-0.00104972,-0.000220367,-2.35937e-05,-0.000116742,0.706627,-0.0190906
7.50953,0.787431,0.683003,0.104428,-0.0010493,-0.00022027,-2.3582e-05,-0.000116666,0.703478,-0.0190659
7.51539,0.665165,0.6799,-0.0147354,-0.00104889,-0.000220172,-2.35703e-05,-0.000116591,0.70035,-0.0190411
7.52125,0.614696,0.676818,-0.062122,-0.00104847,-0.000220074,-2.35585e-05,-0.000116515,0.697242,-0.0190162
7.52711,0.72752,0.673755,0.053765,-0.00104804,-0.000219976,-2.35467e-05,-0.00011644,0.694154,-0.0189912
7.53298,0.665749,0.670713,-0.00496358,-0.00104762,-0.000219878,-2.35348e-05,-0.000116364,0.691086,-0.0189662
7.53884,0.725166,0.66769,0.0574764,-0.00104719,-0.000219778,-2.35229e-05,-0.000116289,0.688038,-0.0189411
7.5447,0.501471,0.664687,-0.163215,-0.00104676,-0.000219679,-2.3511e-05,-0.000116213,0.685009,-0.0189159
7.55056,0.398723,0.661703,-0.26298,-0.00104633,-0.000219579,-2.3499e-05,-0.000116138,0.681999,-0.0188906
7.55642,0.665707,0.658738,0.006969,-0.00104589,-0.000219478,-2.34871e-05,-0.000116063,0.679008,-0.0188653
7.56229,0.64446,0.655792,-0.0113321,-0.00104545,-0.000219378,-2.3475e-05,-0.000115987,0.676037,-0.0188399
7.56815,0.853698,0.652866,0.200832,-0.00104501,-0.000219276,-2.3463e-05,-0.000115912,0.673084,-0.0188144
7.57401,0.923328,0.649958,0.27337,-0.00104457,-0.000219175,-2.34509e-05,-0.000115837,0.67015,-0.0187889
7.57987,0.717171,0.647068,0.0701028,-0.00104413,-0.000219073,-2.34387e-05,-0.000115762,0.667234,-0.0187632
7.58574,0.573322,0.644197,-0.0708753,-0.00104368,-0.00021897,-2.34266e-05,-0.000115687,0.664336,-0.0187375
7.5916,0.608093,0.641344,-0.0332514,-0.00104323,-0.000218867,-2.34144e-05,-0.000115612,0.661457,-0.0187118
7.59746,0.711908,0.63851,0.0733979,-0.00104278,-0.000218764,-2.34022e-05,-0.000115537,0.658596,-0.0186859
7.60332,0.845402,0.635693,0.209709,-0.00104233,-0.000218661,-2.33899e-05,-0.000115462,0.655753,-0.01866
7.60918,0.864628,0.632894,0.231733,-0.00104187,-0.000218557,-2.33776e-05,-0.000115388,0.652927,-0.018634
7.61505,0.760993,0.630113,0.13088,-0.00104141,-0.000218452,-2.33653e-05,-0.000115313,0.65012,-0.0186079
7.62091,0.707834,0.62735,0.0804846,-0.00104095,-0.000218348,-2.3353e-05,-0.000115238,0.647329,-0.0185818
7.62677,0.729801,0.624603,0.105197,-0.00104049,-0.000218243,-2.33406e-05,-0.000115164,0.644556,-0.0185556
7.63263,0.561777,0.621874,-0.0600973,-0.00104003,-0.000218137,-2.33282e-05,-0.000115089,0.6418,-0.0185293
7.6385,0.686497,0.619162,0.0673349,-0.00103956,-0.000218031,-2.33158e-05,-0.000115015,0.639061,-0.0185029
7.64436,0.647307,0.616468,0.0308393,-0.0010391,-0.000217925,-2.33033e-05,-0.00011494,0.636339,-0.0184765
7.65022,0.582101,0.613789,-0.031688,-0.00103863,-0.000217819,-2.32908e-05,-0.000114866,0.633634,-0.01845
7.65608,0.552985,0.611128,-0.0581434,-0.00103815,-0.000217712,-2.32783e-05,-0.000114792,0.630945,-0.0184234
7.66194,0.454725,0.608483,-0.153759,-0.00103768,-0.000217605,-2.32658e-05,-0.000114717,0.628273,-0.0183967
7.66781,0.510097,0.605855,-0.095758,-0.0010372,-0.000217498,-2.32532e-05,-0.000114643,0.625617,-0.01837
7.67367,0.58318,0.603243,-0.0200625,-0.00103673,-0.00021739,-2.32406e-05,-0.000114569,0.622978,-0.0183432
7.67953,0.549176,0.600647,-0.0514714,-0.00103625,-0.000217282,-2.3228e-05,-0.000114495,0.620354,-0.0183163
7.68539,0.482871,0.598067,-0.115196,-0.00103577,-0.000217174,-2.32154e-05,-0.000114421,0.617747,-0.0182893
7.69126,0.52704,0.595503,-0.0684627,-0.00103528,-0.000217065,-2.32027e-05,-0.000114347,0.615155,-0.0182623
7.69712,0.513855,0.592955,-0.0791002,-0.0010348,-0.000216956,-2.319e-05,-0.000114273,0.612579,-0.0182352
7.70298,0.545653,0.590422,-0.0447693,-0.00103431,-0.000216847,-2.31773e-05,-0.000114199,0.610019,-0.018208
7.70884,0.352663,0.587905,-0.235243,-0.00103382,-0.000216737,-2.31646e-05,-0.000114125,0.607474,-0.0181808
7.7147,0.592147,0.585404,0.00674286,-0.00103334,-0.000216627,-2.31518e-05,-0.000114052,0.604944,-0.0181535
7.72057,0.581587,0.582917,-0.00132998,-0.00103284,-0.000216517,-2.3139e-05,-0.000113978,0.60243,-0.0181261
7.72643,0.536312,0.580446,-0.0441339,-0.00103235,-0.000216407,-2.31262e-05,-0.000113905,0.599931,-0.0180986
7.73229,0.488453,0.57799,-0.0895375,-0.00103186,-0.000216296,-2.31134e-05,-0.000113831,0.597446,-0.0180711
7.73815,0.553426,0.575549,-0.0221226,-0.00103136,-0.000216185,-2.31005e-05,-0.000113757,0.594977,-0.0180434
7.74402,0.664745,0.573123,0.0916226,-0.00103086,-0.000216074,-2.30876e-05,-0.000113684,0.592522,-0.0180158
7.74988,0.598856,0.570711,0.0281454,-0.00103036,-0.000215962,-2.30747e-05,-0.000113611,0.590082,-0.017988
7.75574,0.437522,0.568314,-0.130792,-0.00102986,-0.000215851,-2.30618e-05,-0.000113537,0.587656,-0.0179602
7.7616,0.393533,0.565931,-0.172398,-0.00102936,-0.000215739,-2.30489e-05,-0.000113464,0.585245,-0.0179322
7.76746,0.588126,0.563563,0.0245626,-0.00102886,-0.000215626,-2.30359e-05,-0.000113391,0.582848,-0.0179043
7.77333,0.59151,0.561209,0.0303011,-0.00102835,-0.000215514,-2.3023e-05,-0.000113318,0.580466,-0.0178762
7.77919,0.664239,0.558869,0.10537,-0.00102784,-0.000215401,-2.301e-05,-0.000113245,0.578097,-0.0178481
7.78505,0.58658,0.556543,0.0300369,-0.00102734,-0.000215288,-2.29969e-05,-0.000113172,0.575742,-0.0178199
7.79091,0.644337,0.554231,0.0901052,-0.00102683,-0.000215175,-2.29839e-05,-0.000113099,0.573401,-0.0177916
7.79678,0.48002,0.551933,-0.0719137,-0.00102631,-0.000215061,-2.29709e-05,-0.000113026,0.571074,-0.0177632
7.80264,0.292485,0.549649,-0.257164,-0.0010258,-0.000214948,-2.29578e-05,-0.000112953,0.56876,-0.0177348
7.8085,0.451351,0.547378,-0.0960276,-0.00102529,-0.000214834,-2.29447e-05,-0.000112881,0.56646,-0.0177063
7.81436,0.801709,0.545121,0.256588,-0.00102477,-0.00021472,-2.29316e-05,-0.000112808,0.564174,-0.0176777
7.82022,0.637808,0.542877,0.0949308,-0.00102426,-0.000214605,-2.29185e-05,-0.000112735,0.5619,-0.0176491
7.82609,0.608422,0.540646,0.0677754,-0.00102374,-0.000214491,-2.29053e-05,-0.000112663,0.55964,-0.0176204
7.83195,0.598207,0.538429,0.0597779,-0.00102322,-0.000214376,-2.28922e-05,-0.00011259,0.557393,-0.0175916
7.83781,0.60933,0.536224,0.0731057,-0.0010227,-0.000214261,-2.2879e-05,-0.000112518,0.555159,-0.0175627
7.84367,0.501951,0.534033,-0.0320824,-0.00102218,-0.000214146,-2.28658e-05,-0.000112445,0.552938,-0.0175338
7.84954,0.541386,0.531854,0.00953152,-0.00102166,-0.00021403,-2.28526e-05,-0.000112373,0.55073,-0.0175047
7.8554,0.467142,0.529689,-0.0625466,-0.00102113,-0.000213914,-2.28394e-05,-0.000112301,0.548535,-0.0174756
7.86126,0.467491,0.527536,-0.0600446,-0.00102061,-0.000213799,-2.28261e-05,-0.000112229,0.546352,-0.0174465
7.86712,0.402821,0.525395,-0.122574,-0.00102008,-0.000213683,-2.28129e-05,-0.000112156,0.544181,-0.0174172
7.87298,0.453002,0.523267,-0.070265,-0.00101955,-0.000213566,-2.27996e-05,-0.000112084,0.542023,-0.0173879
7.87885,0.67028,0.521152,0.149128,-0.00101903,-0.00021345,-2.27863e-05,-0.000112012,0.539878,-0.0173586
7.88471,0.546893,0.519049,0.0278439,-0.0010185,-0.000213333,-2.2773e-05,-0.00011194,0.537744,-0.0173291
7.89057,0.560293,0.516958,0.0433355,-0.00101797,-0.000213217,-2.27597e-05,-0.000111869,0.535623,-0.0172996
7.89643,0.554335,0.514879,0.039456,-0.00101743,-0.0002131,-2.27464e-05,-0.000111797,0.533514,-0.01727
7.9023,0.579895,0.512812,0.0670825,-0.0010169,-0.000212983,-2.27331e-05,-0.000111725,0.531417,-0.0172403
7.90816,0.645486,0.510757,0.134728,-0.00101637,-0.000212865,-2.27197e-05,-0.000111653,0.529331,-0.0172105
7.91402,0.378993,0.508714,-0.129721,-0.00101583,-0.000212748,-2.27064e-05,-0.000111582,0.527258,-0.0171807
7.91988,0.530466,0.506683,0.0237828,-0.0010153,-0.00021263,-2.2693e-05,-0.00011151,0.525196,-0.0171508
7.92574,0.573808,0.504664,0.0691443,-0.00101476,-0.000212512,-2.26796e-05,-0.000111439,0.523146,-0.0171208
7.93161,0.553627,0.502656,0.0509717,-0.00101422,-0.000212394,-2.26662e-05,-0.000111367,0.521107,-0.0170908
7.93747,0.566971,0.500659,0.0663118,-0.00101368,-0.000212276,-2.26528e-05,-0.000111296,0.51908,-0.0170607
7.94333,0.584524,0.498674,0.0858499,-0.00101315,-0.000212158,-2.26394e-05,-0.000111224,0.517064,-0.0170305
7.94919,0.397116,0.496701,-0.099585,-0.0010126,-0.00021204,-2.26259e-05,-0.000111153,0.515059,-0.0170002
7.95506,0.417933,0.494739,-0.0768052,-0.00101206,-0.000211921,-2.26125e-05,-0.000111082,0.513066,-0.0169699
7.96092,0.51904,0.492787,0.0262526,-0.00101152,-0.000211802,-2.2599e-05,-0.000111011,0.511084,-0.0169394
7.96678,0.374763,0.490847,-0.116084,-0.00101098,-0.000211683,-2.25856e-05,-0.00011094,0.509113,-0.0169089
7.97264,0.462215,0.488918,-0.0267038,-0.00101043,-0.000211564,-2.25721e-05,-0.000110869,0.507152,-0.0168784
7.97851,0.247173,0.487,-0.239827,-0.00100989,-0.000211445,-2.25586e-05,-0.000110798,0.505203,-0.0168477
7.98437,0.485773,0.485093,0.000680177,-0.00100934,-0.000211326,-2.25451e-05,-0.000110727,0.503264,-0.016817
7.99023,0.437795,0.483197,-0.0454019,-0.0010088,-0.000211207,-2.25316e-05,-0.000110656,0.501336,-0.0167863
7.99609,0.551417,0.481311,0.0701063,-0.00100825,-0.000211087,-2.25181e-05,-0.000110585,0.499419,-0.0167554
8.00195,0.522062,0.479436,0.0426264,-0.0010077,-0.000210967,-2.25045e-05,-0.000110515,0.497512,-0.0167245
8.00782,0.495803,0.477571,0.0182318,-0.00100715,-0.000210848,-2.2491e-05,-0.000110444,0.495616,-0.0166935
8.01368,0.587773,0.475717,0.112056,-0.0010066,-0.000210728,-2.24775e-05,-0.000110373,0.49373,-0.0166624
8.01954,0.315977,0.473874,-0.157897,-0.00100605,-0.000210608,-2.24639e-05,-0.000110303,0.491854,-0.0166312
8.0254,0.460814,0.47204,-0.0112261,-0.0010055,-0.000210488,-2.24503e-05,-0.000110232,0.489989,-0.0166
8.03127,0.446856,0.470217,-0.0233612,-0.00100495,-0.000210367,-2.24368e-05,-0.000110162,0.488134,-0.0165687
8.03713,0.332784,0.468404,-0.13562,-0.0010044,-0.000210247,-2.24232e-05,-0.000110092,0.486289,-0.0165373
8.04299,0.426376,0.466602,-0.0402259,-0.00100384,-0.000210126,-2.24096e-05,-0.000110022,0.484454,-0.0165059
8.04885,0.43184,0.464809,-0.032969,-0.00100329,-0.000210006,-2.2396e-05,-0.000109951,0.482629,-0.0164744
8.05471,0.476638,0.463026,0.0136118,-0.00100273,-0.000209885,-2.23824e-05,-0.000109881,0.480814,-0.0164428
8.06058,0.483259,0.461253,0.022006,-0.00100218,-0.000209764,-2.23688e-05,-0.000109811,0.479008,-0.0164111
8.06644,0.462453,0.45949,0.0029624,-0.00100162,-0.000209643,-2.23552e-05,-0.000109741,0.477213,-0.0163794
8.0723,0.344907,0.457737,-0.11283,-0.00100107,-0.000209522,-2.23416e-05,-0.000109671,0.475427,-0.0163475
8.07816,0.626879,0.455993,0.170886,-0.00100051,-0.000209401,-2.2328e-05,-0.000109601,0.473651,-0.0163157
8.08403,0.475762,0.454259,0.0215027,-0.000999951,-0.00020928,-2.23143e-05,-0.000109532,0.471884,-0.0162837
8.08989,0.365332,0.452535,-0.0872024,-0.000999392,-0.000209159,-2.23007e-05,-0.000109462,0.470127,-0.0162517
8.09575,0.43309,0.45082,-0.0177299,-0.000998833,-0.000209037,-2.2287e-05,-0.000109392,0.468379,-0.0162195
8.10161,0.41111,0.449114,-0.0380037,-0.000998274,-0.000208916,-2.22734e-05,-0.000109323,0.46664,-0.0161874
8.10747,0.356153,0.447418,-0.0912648,-0.000997714,-0.000208794,-2.22597e-05,-0.000109253,0.464911,-0.0161551
8.11334,0.348657,0.445731,-0.0970739,-0.000997153,-0.000208672,-2.22461e-05,-0.000109183,0.463191,-0.0161228
8.1192,0.341556,0.444053,-0.102497,-0.000996591,-0.000208551,-2.22324e-05,-0.000109114,0.46148,-0.0160904
8.12506,0.416995,0.442385,-0.0253896,-0.00099603,-0.000208429,-2.22187e-05,-0.000109045,0.459778,-0.0160579
8.13092,0.438906,0.440725,-0.00181981,-0.000995467,-0.000208307,-2.22051e-05,-0.000108975,0.458086,-0.0160253
8.13679,0.475943,0.439075,0.036868,-0.000994904,-0.000208185,-2.21914e-05,-0.000108906,0.456402,-0.0159927
8.14265,0.266924,0.437433,-0.170509,-0.000994341,-0.000208063,-2.21777e-05,-0.000108837,0.454727,-0.01596
8.14851,0.218991,0.435801,-0.21681,-0.000993777,-0.000207941,-2.2164e-05,-0.000108768,0.453061,-0.0159272
8.15437,0.423645,0.434177,-0.010532,-0.000993213,-0.000207818,-2.21503e-05,-0.000108699,0.451404,-0.0158944
8.16023,0.548378,0.432562,0.115816,-0.000992648,-0.000207696,-2.21366e-05,-0.00010863,0.449755,-0.0158615
8.1661,0.493263,0.430956,0.062307,-0.000992083,-0.000207574,-2.21229e-05,-0.000108561,0.448115,-0.0158285
8.17196,0.551364,0.429359,0.122005,-0.000991517,-0.000207451,-2.21092e-05,-0.000108492,0.446484,-0.0157954
8.17782,0.393419,0.42777,-0.0343507,-0.000990951,-0.000207329,-2.20955e-05,-0.000108423,0.444861,-0.0157623
8.18368,0.30758,0.426189,-0.118609,-0.000990384,-0.000207206,-2.20818e-05,-0.000108355,0.443246,-0.0157291
8.18955,0.518008,0.424617,0.0933902,-0.000989817,-0.000207084,-2.20681e-05,-0.000108286,0.44164,-0.0156958
8.19541,0.502984,0.423054,0.0799301,-0.00098925,-0.000206961,-2.20544e-05,-0.000108217,0.440043,-0.0156624
8.20127,0.451651,0.421499,0.0301523,-0.000988682,-0.000206838,-2.20406e-05,-0.000108149,0.438454,-0.015629
8.20713,0.302678,0.419952,-0.117274,-0.000988114,-0.000206716,-2.20269e-05,-0.00010808,0.436873,-0.0155955
8.21299,0.486725,0.418414,0.0683111,-0.000987545,-0.000206593,-2.20132e-05,-0.000108012,0.4353,-0.0155619
8.21886,0.337023,0.416883,-0.0798604,-0.000986976,-0.00020647,-2.19995e-05,-0.000107944,0.433735,-0.0155282
8.22472,0.311552,0.415361,-0.10381,-0.000986407,-0.000206347,-2.19857e-05,-0.000107875,0.432178,-0.0154945
8.23058,0.285465,0.413847,-0.128382,-0.000985837,-0.000206224,-2.1972e-05,-0.000107807,0.43063,-0.0154607
8.23644,0.145535,0.412341,-0.266806,-0.000985267,-0.000206101,-2.19583e-05,-0.000107739,0.429089,-0.0154268
8.24231,0.259404,0.410843,-0.151439,-0.000984697,-0.000205978,-2.19445e-05,-0.000107671,0.427556,-0.0153929
8.24817,0.440217,0.409353,0.030864,-0.000984126,-0.000205855,-2.19308e-05,-0.000107603,0.426031,-0.0153588
8.25403,0.500045,0.407871,0.0921743,-0.000983555,-0.000205732,-2.1917e-05,-0.000107535,0.424514,-0.0153247
8.25989,0.227452,0.406396,-0.178944,-0.000982984,-0.000205609,-2.19033e-05,-0.000107467,0.423005,-0.0152906
8.26575,0.437353,0.40493,0.0324237,-0.000982412,-0.000205485,-2.18896e-05,-0.000107399,0.421503,-0.0152563
8.27162,0.468293,0.403471,0.0648218,-0.000981841,-0.000205362,-2.18758e-05,-0.000107331,0.420009,-0.015222
8.27748,0.39583,0.402019,-0.00618931,-0.000981268,-0.000205239,-2.18621e-05,-0.000107264,0.418523,-0.0151876
8.28334,0.360292,0.400576,-0.0402841,-0.000980696,-0.000205115,-2.18483e-05,-0.000107196,0.417044,-0.0151531
8.2892,0.36496,0.39914,-0.0341796,-0.000980123,-0.000204992,-2.18346e-05,-0.000107129,0.415572,-0.0151186
8.29507,0.215903,0.397711,-0.181808,-0.00097955,-0.000204869,-2.18208e-05,-0.000107061,0.414109,-0.015084
8.30093,0.4288,0.39629,0.0325101,-0.000978977,-0.000204745,-2.18071e-05,-0.000106994,0.412652,-0.0150493
8.30679,0.487483,0.394877,0.0926066,-0.000978404,-0.000204622,-2.17933e-05,-0.000106926,0.411203,-0.0150145
8.31265,0.516528,0.39347,0.123057,-0.00097783,-0.000204498,-2.17796e-05,-0.000106859,0.409761,-0.0149797
8.31851,0.331997,0.392071,-0.0600744,-0.000977256,-0.000204375,-2.17659e-05,-0.000106792,0.408326,-0.0149448
8.32438,0.483589,0.39068,0.0929091,-0.000976682,-0.000204251,-2.17521e-05,-0.000106724,0.406899,-0.0149098
8.33024,0.411093,0.389295,0.0217974,-0.000976108,-0.000204128,-2.17384e-05,-0.000106657,0.405479,-0.0148747
8.3361,0.403222,0.387918,0.015304,-0.000975533,-0.000204004,-2.17246e-05,-0.00010659,0.404065,-0.0148396
8.34196,0.346541,0.386548,-0.0400067,-0.000974959,-0.000203881,-2.17109e-05,-0.000106523,0.402659,-0.0148044
8.34783,0.293142,0.385185,-0.0920429,-0.000974384,-0.000203757,-2.16971e-05,-0.000106456,0.40126,-0.0147691
8.35369,0.336357,0.383829,-0.0474721,-0.000973809,-0.000203633,-2.16834e-05,-0.00010639,0.399868,-0.0147338
8.35955,0.32822,0.38248,-0.0542596,-0.000973234,-0.00020351,-2.16696e-05,-0.000106323,0.398483,-0.0146984
8.36541,0.296635,0.381138,-0.0845029,-0.000972658,-0.000203386,-2.16559e-05,-0.000106256,0.397105,-0.0146629
8.37128,0.381777,0.379803,0.00197454,-0.000972083,-0.000203263,-2.16422e-05,-0.000106189,0.395733,-0.0146273
8.37714,0.509367,0.378474,0.130893,-0.000971507,-0.000203139,-2.16284e-05,-0.000106123,0.394368,-0.0145916
8.383,0.325763,0.377153,-0.0513902,-0.000970931,-0.000203015,-2.16147e-05,-0.000106056,0.39301,-0.0145559
8.38886,0.354455,0.375838,-0.0213837,-0.000970355,-0.000202892,-2.1601e-05,-0.00010599,0.391659,-0.0145201
8.39472,0.33873,0.37453,-0.0358003,-0.000969779,-0.000202768,-2.15872e-05,-0.000105923,0.390315,-0.0144843
8.40059,0.408277,0.373229,0.0350482,-0.000969203,-0.000202644,-2.15735e-05,-0.000105857,0.388977,-0.0144483
8.40645,0.329991,0.371934,-0.0419434,-0.000968627,-0.00020252,-2.15598e-05,-0.000105791,0.387645,-0.0144123
8.41231,0.355407,0.370646,-0.0152395,-0.000968051,-0.000202397,-2.1546e-05,-0.000105724,0.38632,-0.0143762
8.41817,0.482307,0.369365,0.112942,-0.000967474,-0.000202273,-2.15323e-05,-0.000105658,0.385002,-0.0143401
8.42404,0.473312,0.36809,0.105222,-0.000966897,-0.000202149,-2.15186e-05,-0.000105592,0.38369,-0.0143038
8.4299,0.386824,0.366821,0.0200026,-0.000966321,-0.000202026,-2.15049e-05,-0.000105526,0.382384,-0.0142675
8.43576,0.49109,0.365559,0.12553,-0.000965744,-0.000201902,-2.14912e-05,-0.00010546,0.381085,-0.0142311
8.44162,0.436027,0.364304,0.0717238,-0.000965167,-0.000201778,-2.14774e-05,-0.000105394,0.379792,-0.0141947
8.44748,0.599711,0.363054,0.236657,-0.00096459,-0.000201655,-2.14637e-05,-0.000105328,0.378506,-0.0141581
8.45335,0.455622,0.361811,0.093811,-0.000964013,-0.000201531,-2.145e-05,-0.000105263,0.377225,-0.0141215
8.45921,0.333104,0.360575,-0.027471,-0.000963436,-0.000201407,-2.14363e-05,-0.000105197,0.375951,-0.0140849
8.46507,0.41051,0.359344,0.051166,-0.000962859,-0.000201283,-2.14226e-05,-0.000105131,0.374683,-0.0140481
8.47093,0.282204,0.35812,-0.0759156,-0.000962282,-0.00020116,-2.14089e-05,-0.000105066,0.373421,-0.0140113
8.4768,0.395003,0.356902,0.0381016,-0.000961705,-0.000201036,-2.13952e-05,-0.000105,0.372165,-0.0139744
8.48266,0.400113,0.35569,0.0444236,-0.000961128,-0.000200912,-2.13815e-05,-0.000104935,0.370916,-0.0139374
8.48852,0.19799,0.354484,-0.156494,-0.000960551,-0.000200789,-2.13678e-05,-0.000104869,0.369672,-0.0139004
8.49438,0.192168,0.353284,-0.161116,-0.000959974,-0.000200665,-2.13541e-05,-0.000104804,0.368434,-0.0138633
8.50024,0.286933,0.35209,-0.065157,-0.000959396,-0.000200542,-2.13404e-05,-0.000104739,0.367202,-0.0138261
8.50611,0.358249,0.350902,0.00734703,-0.000958819,-0.000200418,-2.13268e-05,-0.000104673,0.365976,-0.0137888
8.51197,0.326685,0.34972,-0.0230349,-0.000958242,-0.000200294,-2.13131e-05,-0.000104608,0.364756,-0.0137515
8.51783,0.399635,0.348544,0.051091,-0.000957665,-0.000200171,-2.12994e-05,-0.000104543,0.363542,-0.013714
8.52369,0.285551,0.347374,-0.0618225,-0.000957087,-0.000200047,-2.12857e-05,-0.000104478,0.362333,-0.0136766
8.52956,0.342515,0.346209,-0.00369385,-0.00095651,-0.000199924,-2.12721e-05,-0.000104413,0.36113,-0.013639
8.53542,0.287967,0.345051,-0.0570833,-0.000955933,-0.0001998,-2.12584e-05,-0.000104348,0.359933,-0.0136014
8.54128,0.307029,0.343898,-0.0368688,-0.000955356,-0.000199677,-2.12448e-05,-0.000104284,0.358742,-0.0135636
8.54714,0.144233,0.342751,-0.198518,-0.000954779,-0.000199553,-2.12311e-05,-0.000104219,0.357556,-0.0135259
8.553,0.119787,0.341609,-0.221822,-0.000954202,-0.00019943,-2.12175e-05,-0.000104154,0.356376,-0.013488
8.55887,0.167397,0.340473,-0.173076,-0.000953625,-0.000199306,-2.12038e-05,-0.000104089,0.355201,-0.0134501
8.56473,0.181676,0.339343,-0.157667,-0.000953048,-0.000199183,-2.11902e-05,-0.000104025,0.354032,-0.0134121
8.57059,0.305281,0.338218,-0.0329371,-0.000952471,-0.00019906,-2.11765e-05,-0.00010396,0.352869,-0.013374
8.57645,0.260328,0.337099,-0.0767707,-0.000951894,-0.000198936,-2.11629e-05,-0.000103896,0.351711,-0.0133358
8.58232,0.213853,0.335985,-0.122133,-0.000951317,-0.000198813,-2.11493e-05,-0.000103832,0.350558,-0.0132976
8.58818,0.343043,0.334877,0.00816571,-0.00095074,-0.00019869,-2.11357e-05,-0.000103767,0.349411,-0.0132593
8.59404,0.384344,0.333774,0.0505696,-0.000950163,-0.000198566,-2.11221e-05,-0.000103703,0.348269,-0.013221
8.5999,0.350064,0.332677,0.0173873,-0.000949587,-0.000198443,-2.11084e-05,-0.000103639,0.347132,-0.0131825
8.60576,0.386743,0.331585,0.055158,-0.00094901,-0.00019832,-2.10948e-05,-0.000103575,0.346001,-0.013144
8.61163,0.352796,0.330499,0.0222973,-0.000948434,-0.000198197,-2.10812e-05,-0.000103511,0.344875,-0.0131054
8.61749,0.311977,0.329417,-0.0174402,-0.000947857,-0.000198074,-2.10676e-05,-0.000103447,0.343754,-0.0130667
8.62335,0.300244,0.328341,-0.0280975,-0.000947281,-0.000197951,-2.10541e-05,-0.000103383,0.342639,-0.013028
8.62921,0.326431,0.32727,-0.000839035,-0.000946705,-0.000197828,-2.10405e-05,-0.000103319,0.341528,-0.0129892
8.63508,0.238769,0.326205,-0.0874358,-0.000946129,-0.000197705,-2.10269e-05,-0.000103255,0.340423,-0.0129503
8.64094,0.299227,0.325144,-0.0259178,-0.000945553,-0.000197582,-2.10133e-05,-0.000103191,0.339323,-0.0129113
8.6468,0.198562,0.324089,-0.125527,-0.000944977,-0.000197459,-2.09997e-05,-0.000103127,0.338228,-0.0128723
8.65266,0.220986,0.323039,-0.102053,-0.000944401,-0.000197336,-2.09862e-05,-0.000103064,0.337138,-0.0128332
8.65852,0.302762,0.321994,-0.0192322,-0.000943826,-0.000197213,-2.09726e-05,-0.000103,0.336053,-0.012794
8.66439,0.38025,0.320954,0.0592958,-0.00094325,-0.00019709,-2.09591e-05,-0.000102937,0.334973,-0.0127548
8.67025,0.108536,0.319919,-0.211383,-0.000942675,-0.000196967,-2.09455e-05,-0.000102873,0.333898,-0.0127154
8.67611,0.323744,0.318889,0.00485489,-0.0009421,-0.000196844,-2.0932e-05,-0.00010281,0.332828,-0.012676
8.68197,0.360068,0.317864,0.0422038,-0.000941525,-0.000196722,-2.09185e-05,-0.000102747,0.331763,-0.0126365
8.68784,0.30765,0.316844,-0.00919395,-0.00094095,-0.000196599,-2.09049e-05,-0.000102683,0.330702,-0.012597
8.6937,0.383743,0.315829,0.0679143,-0.000940375,-0.000196476,-2.08914e-05,-0.00010262,0.329647,-0.0125574
8.69956,0.285397,0.314819,-0.0294219,-0.0009398,-0.000196354,-2.08779e-05,-0.000102557,0.328596,-0.0125177
8.70542,0.339541,0.313813,0.0257277,-0.000939226,-0.000196231,-2.08644e-05,-0.000102494,0.32755,-0.0124779
8.71128,0.467703,0.312813,0.154891,-0.000938651,-0.000196109,-2.08509e-05,-0.000102431,0.326509,-0.0124381
8.71715,0.274978,0.311817,-0.0368384,-0.000938077,-0.000195986,-2.08374e-05,-0.000102368,0.325472,-0.0123981
8.72301,0.306012,0.310826,-0.00481338,-0.000937503,-0.000195864,-2.08239e-05,-0.000102305,0.32444,-0.0123581
8.72887,0.409294,0.30984,0.0994549,-0.000936929,-0.000195741,-2.08104e-05,-0.000102242,0.323413,-0.0123181
8.73473,0.368143,0.308858,0.0592852,-0.000936356,-0.000195619,-2.0797e-05,-0.00010218,0.322391,-0.0122779
8.7406,0.247051,0.307881,-0.0608299,-0.000935782,-0.000195497,-2.07835e-05,-0.000102117,0.321373,-0.0122377
8.74646,0.186253,0.306909,-0.120656,-0.000935209,-0.000195375,-2.077e-05,-0.000102054,0.32036,-0.0121974
8.75232,0.268,0.305941,-0.0379412,-0.000934636,-0.000195253,-2.07566e-05,-0.000101992,0.319351,-0.0121571
8.75818,0.311031,0.304978,0.00605276,-0.000934063,-0.00019513,-2.07431e-05,-0.000101929,0.318347,-0.0121166
8.76404,0.238717,0.30402,-0.0653032,-0.00093349,-0.000195008,-2.07297e-05,-0.000101867,0.317347,-0.0120761
8.76991,0.407537,0.303066,0.104472,-0.000932917,-0.000194886,-2.07163e-05,-0.000101805,0.316352,-0.0120356
8.77577,0.485286,0.302117,0.183169,-0.000932345,-0.000194764,-2.07028e-05,-0.000101742,0.315361,-0.0119949
8.78163,0.456846,0.301172,0.155674,-0.000931773,-0.000194642,-2.06894e-05,-0.00010168,0.314375,-0.0119542
8.78749,0.295609,0.300231,-0.00462233,-0.000931201,-0.000194521,-2.0676e-05,-0.000101618,0.313393,-0.0119134
8.79336,0.371508,0.299295,0.0722124,-0.000930629,-0.000194399,-2.06626e-05,-0.000101556,0.312415,-0.0118725
8.79922,0.213783,0.298364,-0.0845813,-0.000930058,-0.000194277,-2.06492e-05,-0.000101494,0.311442,-0.0118315
8.80508,0.143945,0.297437,-0.153492,-0.000929486,-0.000194155,-2.06358e-05,-0.000101432,0.310473,-0.0117905
8.81094,0.153508,0.296514,-0.143006,-0.000928915,-0.000194034,-2.06224e-05,-0.00010137,0.309508,-0.0117494
8.81681,0.366416,0.295596,0.0708208,-0.000928344,-0.000193912,-2.06091e-05,-0.000101308,0.308548,-0.0117083
8.82267,0.267055,0.294681,-0.0276261,-0.000927774,-0.000193791,-2.05957e-05,-0.000101246,0.307592,-0.011667
8.82853,0.133923,0.293772,-0.159849,-0.000927203,-0.000193669,-2.05823e-05,-0.000101184,0.30664,-0.0116257
8.83439,0.340223,0.292866,0.0473572,-0.000926633,-0.000193548,-2.0569e-05,-0.000101123,0.305692,-0.0115843
8.84025,0.332611,0.291965,0.0406458,-0.000926063,-0.000193426,-2.05556e-05,-0.000101061,0.304749,-0.0115428
8.84612,0.436685,0.291068,0.145618,-0.000925493,-0.000193305,-2.05423e-05,-0.000100999,0.303809,-0.0115013
8.85198,0.36159,0.290175,0.0714149,-0.000924924,-0.000193184,-2.0529e-05,-0.000100938,0.302874,-0.0114597
8.85784,0.358621,0.289286,0.0693345,-0.000924355,-0.000193063,-2.05157e-05,-0.000100876,0.301943,-0.011418
8.8637,0.449898,0.288402,0.161496,-0.000923786,-0.000192942,-2.05023e-05,-0.000100815,0.301016,-0.0113762
8.86957,0.419179,0.287521,0.131658,-0.000923217,-0.000192821,-2.0489e-05,-0.000100754,0.300093,-0.0113344
8.87543,0.251969,0.286645,-0.0346762,-0.000922648,-0.0001927,-2.04757e-05,-0.000100692,0.299174,-0.0112925
8.88129,0.270811,0.285773,-0.0149621,-0.00092208,-0.000192579,-2.04624e-05,-0.000100631,0.298259,-0.0112505
8.88715,0.241701,0.284904,-0.0432032,-0.000921512,-0.000192458,-2.04492e-05,-0.00010057,0.297348,-0.0112085
8.89301,0.101188,0.28404,-0.182852,-0.000920944,-0.000192337,-2.04359e-05,-0.000100509,0.296441,-0.0111663
8.89888,-0.0669405,0.28318,-0.350121,-0.000920377,-0.000192216,-2.04226e-05,-0.000100448,0.295538,-0.0111241
8.90474,0.259717,0.282324,-0.0226066,-0.00091981,-0.000192096,-2.04094e-05,-0.000100387,0.294639,-0.0110819
8.9106,0.13855,0.281472,-0.142922,-0.000919243,-0.000191975,-2.03961e-05,-0.000100326,0.293743,-0.0110395
8.91646,0.388068,0.280624,0.107445,-0.000918676,-0.000191855,-2.03829e-05,-0.000100265,0.292852,-0.0109971
8.92233,0.319072,0.279779,0.039293,-0.00091811,-0.000191734,-2.03696e-05,-0.000100205,0.291964,-0.0109546
8.92819,0.36215,0.278939,0.0832106,-0.000917543,-0.000191614,-2.03564e-05,-0.000100144,0.291081,-0.010912
8.93405,0.224605,0.278102,-0.0534969,-0.000916978,-0.000191493,-2.03432e-05,-0.000100083,0.290201,-0.0108694
8.93991,0.340842,0.27727,0.0635725,-0.000916412,-0.000191373,-2.033e-05,-0.000100023,0.289324,-0.0108267
8.94577,0.394421,0.276441,0.11798,-0.000915847,-0.000191253,-2.03168e-05,-9.9962e-05,0.288452,-0.0107839
8.95164,0.340809,0.275616,0.0651934,-0.000915282,-0.000191133,-2.03036e-05,-9.99016e-05,0.287583,-0.010741
8.9575,0.250494,0.274795,-0.0243002,-0.000914717,-0.000191013,-2.02904e-05,-9.98412e-05,0.286718,-0.0106981
8.96336,0.277541,0.273977,0.0035638,-0.000914153,-0.000190893,-2.02773e-05,-9.97808e-05,0.285857,-0.010655
8.96922,0.427845,0.273163,0.154681,-0.000913588,-0.000190773,-2.02641e-05,-9.97205e-05,0.285,-0.010612
8.97509,0.332005,0.272353,0.0596513,-0.000913025,-0.000190653,-2.02509e-05,-9.96603e-05,0.284146,-0.0105688
8.98095,0.512499,0.271547,0.240952,-0.000912461,-0.000190533,-2.02378e-05,-9.96001e-05,0.283296,-0.0105256
8.98681,0.221069,0.270745,-0.0496759,-0.000911898,-0.000190414,-2.02247e-05,-9.954e-05,0.282449,-0.0104823
8.99267,0.37153,0.269946,0.101584,-0.000911335,-0.000190294,-2.02115e-05,-9.948e-05,0.281606,-0.0104389
8.99853,0.450623,0.26915,0.181473,-0.000910772,-0.000190174,-2.01984e-05,-9.942e-05,0.280766,-0.0103954
9.0044,0.41112,0.268359,0.142761,-0.00091021,-0.000190055,-2.01853e-05,-9.93601e-05,0.27993,-0.0103519
9.01026,0.41691,0.267571,0.149339,-0.000909648,-0.000189935,-2.01722e-05,-9.93002e-05,0.279098,-0.0103083
9.01612,0.317977,0.266786,0.0511905,-0.000909086,-0.000189816,-2.01591e-05,-9.92404e-05,0.278269,-0.0102646
9.02198,0.292911,0.266005,0.0269053,-0.000908525,-0.000189697,-2.0146e-05,-9.91807e-05,0.277444,-0.0102209
9.02785,0.203001,0.265228,-0.0622266,-0.000907964,-0.000189578,-2.01329e-05,-9.9121e-05,0.276622,-0.0101771
9.03371,0.140128,0.264454,-0.124326,-0.000907403,-0.000189458,-2.01199e-05,-9.90614e-05,0.275804,-0.0101332
9.03957,0.187986,0.263684,-0.0756976,-0.000906843,-0.000189339,-2.01068e-05,-9.90018e-05,0.274989,-0.0100892
9.04543,0.401087,0.262917,0.13817,-0.000906283,-0.00018922,-2.00938e-05,-9.89423e-05,0.274177,-0.0100451
9.05129,0.412697,0.262154,0.150543,-0.000905723,-0.000189102,-2.00807e-05,-9.88829e-05,0.273369,-0.010001
9.05716,0.319662,0.261394,0.0582682,-0.000905163,-0.000188983,-2.00677e-05,-9.88235e-05,0.272564,-0.00995683
9.06302,0.269666,0.260638,0.00902808,-0.000904604,-0.000188864,-2.00547e-05,-9.87642e-05,0.271763,-0.00991257
9.06888,0.232956,0.259885,-0.0269289,-0.000904045,-0.000188745,-2.00417e-05,-9.87049e-05,0.270965,-0.00986823
9.07474,0.31667,0.259135,0.0575353,-0.000903487,-0.000188627,-2.00287e-05,-9.86457e-05,0.27017,-0.00982382
9.08061,0.277734,0.258389,0.0193447,-0.000902929,-0.000188508,-2.00157e-05,-9.85866e-05,0.269378,-0.00977933
9.08647,0.464209,0.257646,0.206563,-0.000902371,-0.00018839,-2.00027e-05,-9.85275e-05,0.26859,-0.00973477
9.09233,0.382208,0.256907,0.125301,-0.000901814,-0.000188271,-1.99897e-05,-9.84685e-05,0.267805,-0.00969014
9.09819,0.295141,0.256171,0.0389705,-0.000901256,-0.000188153,-1.99768e-05,-9.84095e-05,0.267024,-0.00964543
9.10405,0.250299,0.255438,-0.00513908,-0.0009007,-0.000188035,-1.99638e-05,-9.83506e-05,0.266245,-0.00960065
9.10992,0.296669,0.254708,0.0419605,-0.000900143,-0.000187917,-1.99509e-05,-9.82918e-05,0.26547,-0.0095558
9.11578,0.260598,0.253982,0.00661653,-0.000899587,-0.000187799,-1.99379e-05,-9.8233e-05,0.264698,-0.00951087
9.12164,0.352397,0.253259,0.0991379,-0.000899031,-0.000187681,-1.9925e-05,-9.81743e-05,0.263929,-0.00946587
9.1275,0.416322,0.252539,0.163783,-0.000898476,-0.000187563,-1.99121e-05,-9.81156e-05,0.263164,-0.0094208
9.13337,0.19508,0.251822,-0.0567421,-0.000897921,-0.000187445,-1.98992e-05,-9.8057e-05,0.262401,-0.00937565
9.13923,0.0909178,0.251109,-0.160191,-0.000897366,-0.000187327,-1.98863e-05,-9.79984e-05,0.261642,-0.00933043
9.14509,0.153885,0.250399,-0.0965142,-0.000896812,-0.00018721,-1.98734e-05,-9.794e-05,0.260886,-0.00928513
9.15095,0.180147,0.249692,-0.0695454,-0.000896258,-0.000187092,-1.98605e-05,-9.78815e-05,0.260133,-0.00923976
9.15681,0.315337,0.248988,0.066349,-0.000895704,-0.000186975,-1.98476e-05,-9.78232e-05,0.259383,-0.00919432
9.16268,0.340988,0.248287,0.092701,-0.000895151,-0.000186857,-1.98348e-05,-9.77648e-05,0.258636,-0.0091488
9.16854,0.124966,0.24759,-0.122624,-0.000894598,-0.00018674,-1.98219e-05,-9.77066e-05,0.257892,-0.00910321
9.1744,0.125785,0.246895,-0.12111,-0.000894045,-0.000186623,-1.98091e-05,-9.76484e-05,0.257151,-0.00905755
9.18026,0.318936,0.246204,0.072732,-0.000893493,-0.000186506,-1.97963e-05,-9.75903e-05,0.256413,-0.00901181
9.18613,0.286751,0.245516,0.0412354,-0.000892941,-0.000186389,-1.97834e-05,-9.75322e-05,0.255678,-0.008966
9.19199,0.255029,0.244831,0.0101985,-0.00089239,-0.000186272,-1.97706e-05,-9.74742e-05,0.254947,-0.00892011
9.19785,0.0912141,0.244148,-0.152934,-0.000891839,-0.000186155,-1.97578e-05,-9.74162e-05,0.254218,-0.00887415
9.20371,0.294485,0.243469,0.0510154,-0.000891288,-0.000186038,-1.9745e-05,-9.73583e-05,0.253492,-0.00882812
9.20957,0.202202,0.242793,-0.0405911,-0.000890738,-0.000185921,-1.97323e-05,-9.73005e-05,0.252769,-0.00878201
9.21544,0.352086,0.24212,0.109966,-0.000890188,-0.000185805,-1.97195e-05,-9.72427e-05,0.252049,-0.00873583
9.2213,0.34821,0.24145,0.10676,-0.000889638,-0.000185688,-1.97067e-05,-9.7185e-05,0.251331,-0.00868958
9.22716,0.13761,0.240782,-0.103172,-0.000889089,-0.000185571,-1.9694e-05,-9.71273e-05,0.250617,-0.00864325
9.23302,0.254961,0.240118,0.0148426,-0.00088854,-0.000185455,-1.96812e-05,-9.70697e-05,0.249906,-0.00859685
9.23889,0.163642,0.239457,-0.0758146,-0.000887992,-0.000185339,-1.96685e-05,-9.70122e-05,0.249197,-0.00855038
9.24475,0.250875,0.238798,0.0120762,-0.000887443,-0.000185223,-1.96558e-05,-9.69547e-05,0.248492,-0.00850383
9.25061,0.202062,0.238143,-0.0360811,-0.000886896,-0.000185106,-1.96431e-05,-9.68972e-05,0.247789,-0.00845721
9.25647,0.113523,0.23749,-0.123967,-0.000886348,-0.00018499,-1.96304e-05,-9.68399e-05,0.247089,-0.00841051
9.26234,0.169866,0.236841,-0.0669745,-0.000885801,-0.000184874,-1.96177e-05,-9.67826e-05,0.246391,-0.00836374
9.2682,0.10709,0.236194,-0.129103,-0.000885255,-0.000184759,-1.9605e-05,-9.67253e-05,0.245697,-0.0083169
9.27406,-0.00124643,0.23555,-0.236796,-0.000884709,-0.000184643,-1.95923e-05,-9.66681e-05,0.245005,-0.00826998
9.27992,0.219357,0.234908,-0.0155514,-0.000884163,-0.000184527,-1.95797e-05,-9.6611e-05,0.244316,-0.00822299
9.28578,0.12739,0.23427,-0.106881,-0.000883617,-0.000184411,-1.9567e-05,-9.65539e-05,0.24363,-0.00817593
9.29165,0.249016,0.233634,0.0153812,-0.000883072,-0.000184296,-1.95544e-05,-9.64969e-05,0.242947,-0.00812879
9.29751,0.250862,0.233002,0.0178604,-0.000882528,-0.00018418,-1.95418e-05,-9.64399e-05,0.242266,-0.00808158
9.30337,0.343499,0.232372,0.111128,-0.000881984,-0.000184065,-1.95291e-05,-9.6383e-05,0.241588,-0.0080343
9.30923,0.290541,0.231744,0.058797,-0.00088144,-0.00018395,-1.95165e-05,-9.63261e-05,0.240913,-0.00798694
9.3151,0.269599,0.23112,0.0384794,-0.000880896,-0.000183835,-1.95039e-05,-9.62693e-05,0.24024,-0.00793951
9.32096,0.149092,0.230498,-0.0814063,-0.000880353,-0.00018372,-1.94913e-05,-9.62126e-05,0.23957,-0.007892
9.32682,0.070599,0.229879,-0.15928,-0.00087981,-0.000183605,-1.94788e-05,-9.61559e-05,0.238902,-0.00784442
9.33268,0.136898,0.229263,-0.0923645,-0.000879268,-0.00018349,-1.94662e-05,-9.60993e-05,0.238238,-0.00779677
9.33854,0.197879,0.228649,-0.0307697,-0.000878726,-0.000183375,-1.94536e-05,-9.60427e-05,0.237576,-0.00774904
9.34441,0.246143,0.228038,0.0181046,-0.000878185,-0.00018326,-1.94411e-05,-9.59862e-05,0.236916,-0.00770124
9.35027,0.0868082,0.22743,-0.140621,-0.000877644,-0.000183145,-1.94286e-05,-9.59298e-05,0.236259,-0.00765337
9.35613,0.131428,0.226824,-0.0953961,-0.000877103,-0.000183031,-1.9416e-05,-9.58734e-05,0.235605,-0.00760542
9.36199,0.201591,0.226221,-0.0246294,-0.000876563,-0.000182916,-1.94035e-05,-9.58171e-05,0.234953,-0.0075574
9.36786,0.236853,0.22562,0.011233,-0.000876023,-0.000182802,-1.9391e-05,-9.57608e-05,0.234304,-0.0075093
9.37372,0.223443,0.225023,-0.00157992,-0.000875483,-0.000182688,-1.93785e-05,-9.57046e-05,0.233657,-0.00746113
9.37958,0.387262,0.224427,0.162835,-0.000874944,-0.000182574,-1.9366e-05,-9.56484e-05,0.233013,-0.00741289
9.38544,0.242246,0.223835,0.0184117,-0.000874406,-0.000182459,-1.93536e-05,-9.55923e-05,0.232371,-0.00736457
9.3913,0.377783,0.223245,0.154538,-0.000873868,-0.000182345,-1.93411e-05,-9.55362e-05,0.231732,-0.00731618
9.39717,0.461776,0.222657,0.239119,-0.00087333,-0.000182231,-1.93286e-05,-9.54802e-05,0.231095,-0.00726772
9.40303,0.214942,0.222072,-0.00712982,-0.000872792,-0.000182118,-1.93162e-05,-9.54243e-05,0.230461,-0.00721918
9.40889,0.255048,0.22149,0.0335586,-0.000872255,-0.000182004,-1.93038e-05,-9.53684e-05,0.229829,-0.00717057
9.41475,0.352975,0.22091,0.132065,-0.000871719,-0.00018189,-1.92913e-05,-9.53126e-05,0.2292,-0.00712189
9.42062,0.0485874,0.220332,-0.171745,-0.000871182,-0.000181777,-1.92789e-05,-9.52568e-05,0.228573,-0.00707313
9.42648,0.209173,0.219757,-0.0105842,-0.000870647,-0.000181663,-1.92665e-05,-9.52011e-05,0.227948,-0.0070243
9.43234,0.121607,0.219185,-0.097578,-0.000870111,-0.00018155,-1.92541e-05,-9.51455e-05,0.227326,-0.00697539
9.4382,0.1378,0.218615,-0.0808151,-0.000869576,-0.000181437,-1.92418e-05,-9.50899e-05,0.226707,-0.00692641
9.44406,0.161773,0.218048,-0.0562749,-0.000869042,-0.000181323,-1.92294e-05,-9.50343e-05,0.22609,-0.00687736
9.44993,0.332577,0.217482,0.115094,-0.000868508,-0.00018121,-1.9217e-05,-9.49788e-05,0.225475,-0.00682824
9.45579,0.29215,0.21692,0.07523,-0.000867974,-0.000181097,-1.92047e-05,-9.49234e-05,0.224862,-0.00677904
9.46165,0.256595,0.21636,0.0402357,-0.000867441,-0.000180984,-1.91924e-05,-9.4868e-05,0.224252,-0.00672976
9.46751,0.151316,0.215802,-0.064486,-0.000866908,-0.000180871,-1.918e-05,-9.48127e-05,0.223644,-0.00668041
9.47338,0.208339,0.215247,-0.00690785,-0.000866375,-0.000180759,-1.91677e-05,-9.47575e-05,0.223039,-0.00663099
9.47924,0.224833,0.214694,0.01014,-0.000865843,-0.000180646,-1.91554e-05,-9.47023e-05,0.222435,-0.0065815
9.4851,0.202652,0.214143,-0.0114906,-0.000865312,-0.000180534,-1.91431e-05,-9.46471e-05,0.221834,-0.00653193
9.49096,0.315042,0.213595,0.101448,-0.000864781,-0.000180421,-1.91308e-05,-9.4592e-05,0.221236,-0.00648229
9.49682,0.212986,0.213049,-6.25692e-05,-0.00086425,-0.000180309,-1.91186e-05,-9.4537e-05,0.22064,-0.00643257
9.50269,0.303127,0.212505,0.0906221,-0.000863719,-0.000180196,-1.91063e-05,-9.4482e-05,0.220045,-0.00638278
9.50855,0.289315,0.211964,0.0773507,-0.00086319,-0.000180084,-1.9094e-05,-9.44271e-05,0.219454,-0.00633292
9.51441,0.212091,0.211425,0.000665893,-0.00086266,-0.000179972,-1.90818e-05,-9.43722e-05,0.218864,-0.00628298
9.52027,-0.0475649,0.210888,-0.258453,-0.000862131,-0.00017986,-1.90696e-05,-9.43174e-05,0.218277,-0.00623297
9.52614,0.16582,0.210354,-0.0445343,-0.000861602,-0.000179748,-1.90574e-05,-9.42626e-05,0.217692,-0.00618289
9.532,0.237708,0.209822,0.0278862,-0.000861074,-0.000179637,-1.90451e-05,-9.42079e-05,0.217109,-0.00613273
9.53786,0.146915,0.209292,-0.0623774,-0.000860546,-0.000179525,-1.9033e-05,-9.41533e-05,0.216528,-0.0060825
9.54372,0.239572,0.208765,0.0308072,-0.000860019,-0.000179413,-1.90208e-05,-9.40987e-05,0.21595,-0.00603219
9.54958,0.229449,0.20824,0.0212088,-0.000859492,-0.000179302,-1.90086e-05,-9.40442e-05,0.215373,-0.00598182
9.55545,0.182041,0.207717,-0.0256762,-0.000858966,-0.00017919,-1.89964e-05,-9.39897e-05,0.214799,-0.00593136
9.56131,0.225915,0.207196,0.0187192,-0.000858439,-0.000179079,-1.89843e-05,-9.39353e-05,0.214227,-0.00588084
9.56717,0.259409,0.206677,0.0527315,-0.000857914,-0.000178968,-1.89721e-05,-9.38809e-05,0.213657,-0.00583024
9.57303,0.246383,0.206161,0.0402217,-0.000857389,-0.000178857,-1.896e-05,-9.38266e-05,0.21309,-0.00577956
9.5789,0.224594,0.205647,0.0189466,-0.000856864,-0.000178746,-1.89479e-05,-9.37723e-05,0.212524,-0.00572882
9.58476,0.341665,0.205135,0.13653,-0.000856339,-0.000178635,-1.89358e-05,-9.37181e-05,0.211961,-0.005678
9.59062,0.350372,0.204625,0.145746,-0.000855816,-0.000178524,-1.89237e-05,-9.3664e-05,0.211399,-0.0056271
9.59648,0.348523,0.204118,0.144405,-0.000855292,-0.000178413,-1.89116e-05,-9.36099e-05,0.21084,-0.00557613
9.60234,0.243272,0.203612,0.0396592,-0.000854769,-0.000178302,-1.88995e-05,-9.35558e-05,0.210283,-0.00552509
9.60821,0.280875,0.203109,0.0777662,-0.000854246,-0.000178192,-1.88874e-05,-9.35018e-05,0.209728,-0.00547398
9.61407,-0.0249418,0.202608,-0.22755,-0.000853724,-0.000178081,-1.88754e-05,-9.34479e-05,0.209175,-0.00542279
9.61993,0.279539,0.202109,0.0774299,-0.000853203,-0.000177971,-1.88633e-05,-9.3394e-05,0.208624,-0.00537152
9.62579,0.162202,0.201612,-0.0394099,-0.000852681,-0.000177861,-1.88513e-05,-9.33402e-05,0.208075,-0.00532019
9.63166,0.184404,0.201117,-0.0167137,-0.00085216,-0.00017775,-1.88393e-05,-9.32864e-05,0.207528,-0.00526878
9.63752,0.200583,0.200625,-4.12364e-05,-0.00085164,-0.00017764,-1.88272e-05,-9.32327e-05,0.206983,-0.00521729
9.64338,0.16016,0.200134,-0.0399743,-0.00085112,-0.00017753,-1.88152e-05,-9.31791e-05,0.20644,-0.00516574
9.64924,0.212556,0.199645,0.0129106,-0.0008506,-0.00017742,-1.88033e-05,-9.31255e-05,0.2059,-0.00511411
9.65511,0.199764,0.199159,0.000605191,-0.000850081,-0.000177311,-1.87913e-05,-9.30719e-05,0.205361,-0.0050624
9.66097,0.207591,0.198675,0.00891594,-0.000849563,-0.000177201,-1.87793e-05,-9.30184e-05,0.204824,-0.00501062
9.66683,0.203724,0.198192,0.00553132,-0.000849044,-0.000177091,-1.87673e-05,-9.2965e-05,0.204289,-0.00495877
9.67269,0.282443,0.197712,0.0847312,-0.000848526,-0.000176982,-1.87554e-05,-9.29116e-05,0.203756,-0.00490685
9.67855,0.230282,0.197234,0.0330482,-0.000848009,-0.000176872,-1.87435e-05,-9.28582e-05,0.203225,-0.00485485
9.68442,0.0068466,0.196758,-0.189911,-0.000847492,-0.000176763,-1.87315e-05,-9.2805e-05,0.202696,-0.00480277
9.69028,0.268448,0.196283,0.0721652,-0.000846976,-0.000176654,-1.87196e-05,-9.27517e-05,0.202169,-0.00475063
9.69614,0.299505,0.195811,0.103694,-0.00084646,-0.000176545,-1.87077e-05,-9.26986e-05,0.201644,-0.00469841
9.702,0.306149,0.195341,0.110808,-0.000845944,-0.000176436,-1.86958e-05,-9.26454e-05,0.201121,-0.00464611
9.70787,0.319229,0.194873,0.124357,-0.000845429,-0.000176327,-1.86839e-05,-9.25924e-05,0.200599,-0.00459374
9.71373,0.164946,0.194406,-0.0294602,-0.000844914,-0.000176218,-1.86721e-05,-9.25394e-05,0.20008,-0.0045413
9.71959,0.070883,0.193942,-0.123059,-0.0008444,-0.000176109,-1.86602e-05,-9.24864e-05,0.199562,-0.00448879
9.72545,0.121482,0.19348,-0.0719972,-0.000843886,-0.000176,-1.86484e-05,-9.24335e-05,0.199047,-0.0044362
9.73131,0.0856613,0.193019,-0.107358,-0.000843373,-0.000175892,-1.86365e-05,-9.23807e-05,0.198533,-0.00438354
9.73718,0.372125,0.192561,0.179564,-0.00084286,-0.000175783,-1.86247e-05,-9.23279e-05,0.198021,-0.0043308
9.74304,0.218875,0.192104,0.0267712,-0.000842347,-0.000175675,-1.86129e-05,-9.22751e-05,0.197511,-0.00427799
9.7489,0.326492,0.19165,0.134842,-0.000841835,-0.000175567,-1.86011e-05,-9.22224e-05,0.197003,-0.00422511
9.75476,0.21751,0.191197,0.0263132,-0.000841323,-0.000175458,-1.85893e-05,-9.21698e-05,0.196497,-0.00417215
9.76063,0.242426,0.190746,0.0516799,-0.000840812,-0.00017535,-1.85775e-05,-9.21172e-05,0.195992,-0.00411912
9.76649,0.154916,0.190297,-0.0353807,-0.000840302,-0.000175242,-1.85657e-05,-9.20647e-05,0.195489,-0.00406602
9.77235,0.209899,0.18985,0.0200492,-0.000839791,-0.000175135,-1.85539e-05,-9.20122e-05,0.194988,-0.00401284
9.77821,0.270675,0.189405,0.0812703,-0.000839281,-0.000175027,-1.85422e-05,-9.19598e-05,0.194489,-0.00395959
9.78407,0.195159,0.188962,0.00619698,-0.000838772,-0.000174919,-1.85305e-05,-9.19074e-05,0.193992,-0.00390626
9.78994,0.132441,0.18852,-0.0560794,-0.000838263,-0.000174811,-1.85187e-05,-9.18551e-05,0.193497,-0.00385286
9.7958,0.214713,0.188081,0.0266321,-0.000837755,-0.000174704,-1.8507e-05,-9.18028e-05,0.193003,-0.00379939
9.80166,0.0330247,0.187643,-0.154618,-0.000837247,-0.000174597,-1.84953e-05,-9.17506e-05,0.192511,-0.00374584
9.80752,0.143696,0.187207,-0.0435106,-0.000836739,-0.000174489,-1.84836e-05,-9.16984e-05,0.192021,-0.00369222
9.81339,0.144163,0.186773,-0.0426099,-0.000836232,-0.000174382,-1.84719e-05,-9.16463e-05,0.191532,-0.00363853
9.81925,0.114238,0.186341,-0.0721028,-0.000835725,-0.000174275,-1.84602e-05,-9.15943e-05,0.191046,-0.00358476
9.82511,0.138449,0.18591,-0.0474609,-0.000835219,-0.000174168,-1.84486e-05,-9.15423e-05,0.190561,-0.00353092
9.83097,0.37024,0.185482,0.184758,-0.000834713,-0.000174061,-1.84369e-05,-9.14903e-05,0.190077,-0.00347701
9.83683,0.276327,0.185055,0.091272,-0.000834208,-0.000173954,-1.84253e-05,-9.14384e-05,0.189596,-0.00342302
9.8427,0.202175,0.18463,0.017545,-0.000833703,-0.000173848,-1.84137e-05,-9.13866e-05,0.189116,-0.00336896
9.84856,0.0529981,0.184207,-0.131208,-0.000833198,-0.000173741,-1.8402e-05,-9.13348e-05,0.188638,-0.00331482
9.85442,0.190666,0.183785,0.006881,-0.000832694,-0.000173634,-1.83904e-05,-9.1283e-05,0.188162,-0.00326061
9.86028,0.20274,0.183365,0.0193745,-0.000832191,-0.000173528,-1.83788e-05,-9.12313e-05,0.187687,-0.00320633
9.86615,0.178998,0.182947,-0.00394979,-0.000831688,-0.000173422,-1.83672e-05,-9.11797e-05,0.187214,-0.00315197
9.87201,0.000988609,0.182531,-0.181543,-0.000831185,-0.000173315,-1.83557e-05,-9.11281e-05,0.186743,-0.00309754
9.87787,0.0844849,0.182117,-0.0976318,-0.000830683,-0.000173209,-1.83441e-05,-9.10766e-05,0.186273,-0.00304304
9.88373,0.0483077,0.181704,-0.133396,-0.000830181,-0.000173103,-1.83325e-05,-9.10251e-05,0.185805,-0.00298846
9.88959,0.339553,0.181293,0.15826,-0.000829679,-0.000172997,-1.8321e-05,-9.09737e-05,0.185339,-0.00293381
9.89546,0.120395,0.180884,-0.0604888,-0.000829179,-0.000172891,-1.83095e-05,-9.09223e-05,0.184874,-0.00287909
9.90132,0.107042,0.180476,-0.0734335,-0.000828678,-0.000172786,-1.8298e-05,-9.0871e-05,0.184411,-0.00282429
9.90718,0.20865,0.18007,0.0285796,-0.000828178,-0.00017268,-1.82864e-05,-9.08197e-05,0.183949,-0.00276941
9.91304,0.188989,0.179666,0.00932293,-0.000827679,-0.000172574,-1.82749e-05,-9.07685e-05,0.18349,-0.00271447
9.91891,0.183512,0.179263,0.00424837,-0.00082718,-0.000172469,-1.82635e-05,-9.07173e-05,0.183031,-0.00265945
9.92477,0.163144,0.178862,-0.0157186,-0.000826681,-0.000172364,-1.8252e-05,-9.06662e-05,0.182575,-0.00260436
9.93063,0.215737,0.178463,0.0372734,-0.000826183,-0.000172258,-1.82405e-05,-9.06151e-05,0.18212,-0.00254919
9.93649,0.0466825,0.178066,-0.131383,-0.000825685,-0.000172153,-1.82291e-05,-9.05641e-05,0.181666,-0.00249395
9.94235,0.114553,0.17767,-0.0631171,-0.000825188,-0.000172048,-1.82176e-05,-9.05131e-05,0.181214,-0.00243863
9.94822,0.172435,0.177276,-0.00484056,-0.000824691,-0.000171943,-1.82062e-05,-9.04622e-05,0.180764,-0.00238325
9.95408,0.188157,0.176883,0.0112742,-0.000824195,-0.000171838,-1.81948e-05,-9.04114e-05,0.180315,-0.00232778
9.95994,0.131921,0.176492,-0.0445713,-0.000823699,-0.000171734,-1.81833e-05,-9.03605e-05,0.179868,-0.00227225
9.9658,0.161838,0.176103,-0.0142647,-0.000823203,-0.000171629,-1.81719e-05,-9.03098e-05,0.179423,-0.00221664
9.97167,0.313271,0.175715,0.137556,-0.000822708,-0.000171524,-1.81606e-05,-9.02591e-05,0.178979,-0.00216096
9.97753,0.203966,0.175329,0.0286374,-0.000822214,-0.00017142,-1.81492e-05,-9.02084e-05,0.178536,-0.0021052
9.98339,0.331207,0.174945,0.156262,-0.000821719,-0.000171315,-1.81378e-05,-9.01578e-05,0.178095,-0.00204937
9.98925,0.0393473,0.174562,-0.135214,-0.000821226,-0.000171211,-1.81265e-05,-9.01072e-05,0.177656,-0.00199347
9.99511,0.27055,0.17418,0.0963694,-0.000820732,-0.000171107,-1.81151e-05,-9.00567e-05,0.177218,-0.00193749
10.001,0.00861961,0.173801,-0.165181,-0.00082024,-0.000171003,-1.81038e-05,-9.00063e-05,0.176782,-0.00188144
10.0068,0.154829,0.173423,-0.0185934,-0.000819747,-0.000170899,-1.80925e-05,-8.99559e-05,0.176347,-0.00182532
10.0127,-0.0208674,0.173046,-0.193913,-0.000819256,-0.000170795,-1.80811e-05,-8.99055e-05,0.175913,-0.00176912
10.0186,0.135043,0.172671,-0.0376286,-0.000818764,-0.000170691,-1.80698e-05,-8.98552e-05,0.175481,-0.00171285
10.0244,0.241871,0.172298,0.0695731,-0.000818273,-0.000170588,-1.80585e-05,-8.9805e-05,0.175051,-0.0016565
10.0303,0.252407,0.171926,0.080481,-0.000817783,-0.000170484,-1.80473e-05,-8.97548e-05,0.174622,-0.00160008
10.0362,0.269253,0.171556,0.0976976,-0.000817293,-0.00017038,-1.8036e-05,-8.97046e-05,0.174195,-0.00154359
10.042,0.0270302,0.171187,-0.144157,-0.000816803,-0.000170277,-1.80247e-05,-8.96545e-05,0.173769,-0.00148702
10.0479,0.074711,0.17082,-0.0961085,-0.000816314,-0.000170174,-1.80135e-05,-8.96045e-05,0.173344,-0.00143038
10.0537,0.0741482,0.170454,-0.0963056,-0.000815825,-0.00017007,-1.80023e-05,-8.95545e-05,0.172921,-0.00137367
10.0596,0.1336,0.17009,-0.0364896,-0.000815337,-0.000169967,-1.7991e-05,-8.95045e-05,0.172499,-0.00131688
10.0655,0.00102422,0.169727,-0.168703,-0.000814849,-0.000169864,-1.79798e-05,-8.94546e-05,0.172079,-0.00126002
10.0713,0.0980215,0.169366,-0.0713442,-0.000814362,-0.000169761,-1.79686e-05,-8.94048e-05,0.17166,-0.00120308
10.0772,0.0675516,0.169006,-0.101454,-0.000813875,-0.000169659,-1.79574e-05,-8.9355e-05,0.171243,-0.00114608
10.083,0.200628,0.168648,0.0319803,-0.000813388,-0.000169556,-1.79462e-05,-8.93052e-05,0.170827,-0.00108899
10.0889,0.392735,0.168291,0.224443,-0.000812902,-0.000169453,-1.79351e-05,-8.92555e-05,0.170413,-0.00103184
10.0948,0.290959,0.167936,0.123023,-0.000812417,-0.000169351,-1.79239e-05,-8.92059e-05,0.169999,-0.000974608
10.1006,0.391879,0.167582,0.224297,-0.000811932,-0.000169248,-1.79128e-05,-8.91563e-05,0.169588,-0.000917305
10.1065,0.0697033,0.16723,-0.0975267,-0.000811447,-0.000169146,-1.79016e-05,-8.91067e-05,0.169177,-0.000859928
10.1124,0.249682,0.166879,0.0828026,-0.000810963,-0.000169044,-1.78905e-05,-8.90572e-05,0.168769,-0.000802478
10.1182,0.101536,0.16653,-0.0649942,-0.000810479,-0.000168942,-1.78794e-05,-8.90077e-05,0.168361,-0.000744954
10.1241,0.093668,0.166182,-0.0725139,-0.000809996,-0.000168839,-1.78683e-05,-8.89583e-05,0.167955,-0.000687356
10.1299,0.128773,0.165835,-0.0370622,-0.000809513,-0.000168738,-1.78572e-05,-8.8909e-05,0.16755,-0.000629684
10.1358,0.139025,0.16549,-0.0264655,-0.00080903,-0.000168636,-1.78461e-05,-8.88597e-05,0.167147,-0.000571939
10.1417,0.152612,0.165147,-0.0125344,-0.000808548,-0.000168534,-1.7835e-05,-8.88104e-05,0.166745,-0.00051412
10.1475,0.0971271,0.164805,-0.0676775,-0.000808067,-0.000168432,-1.7824e-05,-8.87612e-05,0.166344,-0.000456228
10.1534,0.140712,0.164464,-0.0237516,-0.000807586,-0.000168331,-1.78129e-05,-8.87121e-05,0.165945,-0.000398262
10.1593,0.265397,0.164124,0.101273,-0.000807105,-0.000168229,-1.78019e-05,-8.8663e-05,0.165547,-0.000340222
10.1651,0.0666853,0.163787,-0.0971013,-0.000806625,-0.000168128,-1.77908e-05,-8.86139e-05,0.16515,-0.000282108
10.171,0.148988,0.16345,-0.0144622,-0.000806145,-0.000168027,-1.77798e-05,-8.85649e-05,0.164754,-0.000223921
10.1768,0.152115,0.163115,-0.0109998,-0.000805666,-0.000167925,-1.77688e-05,-8.85159e-05,0.16436,-0.00016566
10.1827,0.162958,0.162781,0.000176455,-0.000805187,-0.000167824,-1.77578e-05,-8.8467e-05,0.163968,-0.000107326
10.1886,0.294829,0.162449,0.13238,-0.000804709,-0.000167723,-1.77468e-05,-8.84181e-05,0.163576,-4.89179e-05
10.1944,0.31069,0.162118,0.148572,-0.000804231,-0.000167622,-1.77359e-05,-8.83693e-05,0.163186,9.56393e-06
10.2003,0.173394,0.161788,0.011606,-0.000803754,-0.000167522,-1.77249e-05,-8.83206e-05,0.162797,6.81194e-05
10.2062,0.0798536,0.16146,-0.0816064,-0.000803277,-0.000167421,-1.77139e-05,-8.82719e-05,0.16241,0.000126749
10.212,0.241062,0.161133,0.0799285,-0.0008028,-0.00016732,-1.7703e-05,-8.82232e-05,0.162024,0.000185451
10.2179,0.311856,0.160808,0.151049,-0.000802324,-0.00016722,-1.76921e-05,-8.81746e-05,0.161639,0.000244228
10.2237,0.149131,0.160483,-0.011352,-0.000801848,-0.000167119,-1.76811e-05,-8.8126e-05,0.161255,0.000303078
10.2296,0.260242,0.160161,0.100081,-0.000801373,-0.000167019,-1.76702e-05,-8.80775e-05,0.160873,0.000362002
10.2355,0.0023641,0.159839,-0.157475,-0.000800898,-0.000166919,-1.76593e-05,-8.8029e-05,0.160492,0.000420999
10.2413,0.0727876,0.159519,-0.0867313,-0.000800424,-0.000166819,-1.76484e-05,-8.79806e-05,0.160112,0.00048007
10.2472,0.091233,0.1592,-0.0679671,-0.00079995,-0.000166719,-1.76376e-05,-8.79322e-05,0.159733,0.000539215
10.2531,-0.0308375,0.158883,-0.18972,-0.000799477,-0.000166619,-1.76267e-05,-8.78839e-05,0.159356,0.000598433
10.2589,0.116671,0.158566,-0.0418954,-0.000799004,-0.000166519,-1.76158e-05,-8.78356e-05,0.15898,0.000657725
10.2648,0.302028,0.158252,0.143776,-0.000798531,-0.000166419,-1.7605e-05,-8.77873e-05,0.158605,0.000717091
10.2706,0.0612703,0.157938,-0.0966677,-0.000798059,-0.00016632,-1.75942e-05,-8.77392e-05,0.158231,0.000776531
10.2765,0.160801,0.157626,0.00317559,-0.000797587,-0.00016622,-1.75833e-05,-8.7691e-05,0.157859,0.000836044
10.2824,0.267602,0.157315,0.110288,-0.000797116,-0.000166121,-1.75725e-05,-8.76429e-05,0.157488,0.000895631
10.2882,0.0783937,0.157005,-0.0786114,-0.000796646,-0.000166021,-1.75617e-05,-8.75949e-05,0.157118,0.000955291
10.2941,0.201077,0.156697,0.0443803,-0.000796175,-0.000165922,-1.75509e-05,-8.75469e-05,0.156749,0.00101503
10.3,0.196955,0.15639,0.040565,-0.000795705,-0.000165823,-1.75401e-05,-8.7499e-05,0.156381,0.00107483
10.3058,0.107779,0.156084,-0.0483043,-0.000795236,-0.000165724,-1.75294e-05,-8.74511e-05,0.156015,0.00113471
10.3117,0.0873108,0.155779,-0.0684684,-0.000794767,-0.000165625,-1.75186e-05,-8.74032e-05,0.15565,0.00119467
10.3175,-0.0764189,0.155476,-0.231895,-0.000794299,-0.000165526,-1.75079e-05,-8.73554e-05,0.155286,0.0012547
10.3234,0.0934374,0.155174,-0.0617365,-0.000793831,-0.000165427,-1.74971e-05,-8.73076e-05,0.154923,0.0013148
10.3293,0.0522649,0.154873,-0.102608,-0.000793363,-0.000165329,-1.74864e-05,-8.72599e-05,0.154562,0.00137498
10.3351,-0.0383174,0.154574,-0.192891,-0.000792896,-0.00016523,-1.74757e-05,-8.72123e-05,0.154201,0.00143523
10.341,0.0972496,0.154275,-0.0570257,-0.000792429,-0.000165132,-1.7465e-05,-8.71647e-05,0.153842,0.00149555
10.3468,0.183927,0.153978,0.0299489,-0.000791963,-0.000165033,-1.74543e-05,-8.71171e-05,0.153484,0.00155595
10.3527,0.294774,0.153682,0.141091,-0.000791497,-0.000164935,-1.74436e-05,-8.70696e-05,0.153127,0.00161642
10.3586,0.184203,0.153388,0.030815,-0.000791032,-0.000164837,-1.74329e-05,-8.70221e-05,0.152771,0.00167696
10.3644,0.153548,0.153095,0.00045381,-0.000790567,-0.000164739,-1.74222e-05,-8.69747e-05,0.152417,0.00173758
10.3703,0.296557,0.152802,0.143755,-0.000790102,-0.000164641,-1.74116e-05,-8.69273e-05,0.152063,0.00179827
10.3762,0.148834,0.152511,-0.0036778,-0.000789638,-0.000164543,-1.7401e-05,-8.688e-05,0.151711,0.00185904
10.382,0.220026,0.152222,0.0678046,-0.000789174,-0.000164445,-1.73903e-05,-8.68327e-05,0.15136,0.00191988
10.3879,0.149749,0.151933,-0.00218383,-0.000788711,-0.000164347,-1.73797e-05,-8.67855e-05,0.15101,0.00198079
10.3937,0.151915,0.151646,0.000268999,-0.000788249,-0.00016425,-1.73691e-05,-8.67383e-05,0.150661,0.00204178
10.3996,0.129226,0.15136,-0.0221333,-0.000787786,-0.000164152,-1.73585e-05,-8.66911e-05,0.150313,0.00210284
10.4055,0.265937,0.151075,0.114863,-0.000787325,-0.000164055,-1.73479e-05,-8.6644e-05,0.149966,0.00216397
10.4113,0.202585,0.150791,0.0517938,-0.000786863,-0.000163957,-1.73373e-05,-8.6597e-05,0.149621,0.00222518
10.4172,0.265049,0.150509,0.114541,-0.000786402,-0.00016386,-1.73267e-05,-8.655e-05,0.149276,0.00228646
10.4231,0.17124,0.150227,0.0210124,-0.000785942,-0.000163763,-1.73162e-05,-8.6503e-05,0.148933,0.00234781
10.4289,0.0687524,0.149947,-0.0811947,-0.000785482,-0.000163666,-1.73056e-05,-8.64561e-05,0.148591,0.00240924
10.4348,0.0822142,0.149668,-0.0674539,-0.000785022,-0.000163569,-1.72951e-05,-8.64092e-05,0.14825,0.00247074
10.4406,0.142576,0.14939,-0.0068144,-0.000784563,-0.000163472,-1.72846e-05,-8.63624e-05,0.14791,0.00253232
10.4465,0.120157,0.149113,-0.0289566,-0.000784104,-0.000163375,-1.72741e-05,-8.63157e-05,0.147571,0.00259397
10.4524,0.141332,0.148838,-0.00750637,-0.000783646,-0.000163279,-1.72636e-05,-8.62689e-05,0.147233,0.00265569
10.4582,0.333862,0.148564,0.185298,-0.000783188,-0.000163182,-1.72531e-05,-8.62223e-05,0.146896,0.00271749
10.4641,0.168934,0.14829,0.0206433,-0.000782731,-0.000163085,-1.72426e-05,-8.61756e-05,0.14656,0.00277936
10.47,0.0776228,0.148018,-0.0703954,-0.000782274,-0.000162989,-1.72321e-05,-8.6129e-05,0.146225,0.0028413
10.4758,0.240824,0.147747,0.0930768,-0.000781817,-0.000162893,-1.72216e-05,-8.60825e-05,0.145892,0.00290332
10.4817,0.0896798,0.147477,-0.0577975,-0.000781361,-0.000162797,-1.72112e-05,-8.6036e-05,0.145559,0.00296541
10.4875,0.160107,0.147209,0.0128981,-0.000780905,-0.0001627,-1.72007e-05,-8.59896e-05,0.145228,0.00302758
10.4934,0.107277,0.146941,-0.0396645,-0.00078045,-0.000162604,-1.71903e-05,-8.59432e-05,0.144897,0.00308981
10.4993,0.281564,0.146675,0.134889,-0.000779995,-0.000162509,-1.71799e-05,-8.58968e-05,0.144568,0.00315213
10.5051,0.187897,0.146409,0.0414881,-0.000779541,-0.000162413,-1.71695e-05,-8.58505e-05,0.14424,0.00321451
10.511,0.117104,0.146145,-0.029041,-0.000779087,-0.000162317,-1.71591e-05,-8.58042e-05,0.143912,0.00327697
10.5169,0.182156,0.145882,0.0362739,-0.000778634,-0.000162221,-1.71487e-05,-8.5758e-05,0.143586,0.00333951
10.5227,0.0631639,0.14562,-0.0824559,-0.000778181,-0.000162126,-1.71383e-05,-8.57118e-05,0.143261,0.00340211
10.5286,0.118167,0.145359,-0.0271916,-0.000777728,-0.00016203,-1.71279e-05,-8.56657e-05,0.142937,0.00346479
10.5344,0.170979,0.145099,0.0258803,-0.000777276,-0.000161935,-1.71176e-05,-8.56196e-05,0.142613,0.00352755
10.5403,0.381099,0.14484,0.236259,-0.000776824,-0.00016184,-1.71072e-05,-8.55736e-05,0.142291,0.00359038
10.5462,0.124771,0.144583,-0.0198115,-0.000776373,-0.000161745,-1.70969e-05,-8.55276e-05,0.14197,0.00365328
10.552,0.190951,0.144326,0.046625,-0.000775922,-0.000161649,-1.70866e-05,-8.54816e-05,0.14165,0.00371625
10.5579,0.157569,0.14407,0.0134985,-0.000775472,-0.000161554,-1.70763e-05,-8.54357e-05,0.141331,0.0037793
10.5638,0.27241,0.143816,0.128594,-0.000775022,-0.00016146,-1.70659e-05,-8.53899e-05,0.141012,0.00384242
10.5696,0.198999,0.143563,0.055436,-0.000774572,-0.000161365,-1.70557e-05,-8.53441e-05,0.140695,0.00390562
10.5755,0.0985208,0.14331,-0.0447895,-0.000774123,-0.00016127,-1.70454e-05,-8.52983e-05,0.140379,0.00396889
10.5813,0.1594,0.143059,0.0163411,-0.000773675,-0.000161175,-1.70351e-05,-8.52526e-05,0.140064,0.00403223
10.5872,0.139362,0.142809,-0.00344639,-0.000773226,-0.000161081,-1.70248e-05,-8.52069e-05,0.13975,0.00409565
10.5931,-0.0424108,0.14256,-0.18497,-0.000772779,-0.000160986,-1.70146e-05,-8.51613e-05,0.139436,0.00415914
10.5989,-0.0607696,0.142312,-0.203081,-0.000772331,-0.000160892,-1.70043e-05,-8.51157e-05,0.139124,0.00422271
10.6048,0.0831577,0.142065,-0.0589069,-0.000771884,-0.000160798,-1.69941e-05,-8.50701e-05,0.138813,0.00428635
10.6106,0.199451,0.141819,0.0576326,-0.000771438,-0.000160704,-1.69839e-05,-8.50246e-05,0.138503,0.00435006
10.6165,0.309522,0.141574,0.167948,-0.000770992,-0.00016061,-1.69737e-05,-8.49792e-05,0.138193,0.00441384
10.6224,0.136731,0.14133,-0.00459839,-0.000770546,-0.000160516,-1.69634e-05,-8.49338e-05,0.137885,0.0044777
10.6282,0.208182,0.141087,0.0670953,-0.000770101,-0.000160422,-1.69533e-05,-8.48884e-05,0.137577,0.00454164
10.6341,0.202954,0.140845,0.0621094,-0.000769656,-0.000160328,-1.69431e-05,-8.48431e-05,0.137271,0.00460564
10.64,0.083869,0.140604,-0.0567349,-0.000769212,-0.000160234,-1.69329e-05,-8.47978e-05,0.136965,0.00466972
10.6458,0.263541,0.140364,0.123176,-0.000768768,-0.000160141,-1.69227e-05,-8.47526e-05,0.136661,0.00473388
10.6517,0.0738263,0.140125,-0.0662989,-0.000768325,-0.000160047,-1.69126e-05,-8.47074e-05,0.136357,0.0047981
10.6575,0.122102,0.139887,-0.0177854,-0.000767882,-0.000159954,-1.69024e-05,-8.46623e-05,0.136054,0.0048624
10.6634,0.116221,0.139651,-0.0234301,-0.000767439,-0.000159861,-1.68923e-05,-8.46172e-05,0.135753,0.00492678
10.6693,0.180016,0.139415,0.0406015,-0.000766997,-0.000159767,-1.68822e-05,-8.45721e-05,0.135452,0.00499123
10.6751,0.121493,0.13918,-0.0176872,-0.000766555,-0.000159674,-1.68721e-05,-8.45271e-05,0.135152,0.00505575
10.681,0.214006,0.138946,0.0750597,-0.000766114,-0.000159581,-1.6862e-05,-8.44822e-05,0.134853,0.00512035
10.6869,0.198048,0.138713,0.0593349,-0.000765673,-0.000159488,-1.68519e-05,-8.44372e-05,0.134555,0.00518502
10.6927,0.163442,0.138481,0.0249603,-0.000765233,-0.000159395,-1.68418e-05,-8.43924e-05,0.134258,0.00524976
10.6986,0.026065,0.138251,-0.112186,-0.000764793,-0.000159303,-1.68317e-05,-8.43475e-05,0.133961,0.00531458
10.7044,0.0427504,0.138021,-0.0952703,-0.000764353,-0.00015921,-1.68217e-05,-8.43027e-05,0.133666,0.00537947
10.7103,0.0937063,0.137792,-0.0440855,-0.000763914,-0.000159117,-1.68116e-05,-8.4258e-05,0.133371,0.00544443
10.7162,0.143981,0.137564,0.00641664,-0.000763475,-0.000159025,-1.68016e-05,-8.42133e-05,0.133078,0.00550947
10.722,0.0829145,0.137337,-0.0544224,-0.000763037,-0.000158932,-1.67916e-05,-8.41686e-05,0.132785,0.00557458
10.7279,0.216678,0.137111,0.0795671,-0.000762599,-0.00015884,-1.67815e-05,-8.4124e-05,0.132493,0.00563977
10.7338,0.322041,0.136886,0.185155,-0.000762161,-0.000158748,-1.67715e-05,-8.40795e-05,0.132203,0.00570502
10.7396,0.25122,0.136662,0.114559,-0.000761724,-0.000158656,-1.67615e-05,-8.40349e-05,0.131913,0.00577036
10.7455,0.200861,0.136439,0.0644228,-0.000761288,-0.000158564,-1.67515e-05,-8.39904e-05,0.131623,0.00583576
10.7513,0.0194194,0.136216,-0.116797,-0.000760852,-0.000158472,-1.67416e-05,-8.3946e-05,0.131335,0.00590124
10.7572,0.16214,0.135995,0.0261443,-0.000760416,-0.00015838,-1.67316e-05,-8.39016e-05,0.131048,0.0059668
10.7631,0.144839,0.135775,0.00906373,-0.000759981,-0.000158288,-1.67216e-05,-8.38573e-05,0.130761,0.00603242
10.7689,0.115315,0.135556,-0.0202406,-0.000759546,-0.000158197,-1.67117e-05,-8.38129e-05,0.130476,0.00609813
10.7748,0.188958,0.135337,0.0536204,-0.000759111,-0.000158105,-1.67017e-05,-8.37687e-05,0.130191,0.0061639
10.7807,0.11458,0.13512,-0.0205402,-0.000758677,-0.000158014,-1.66918e-05,-8.37245e-05,0.129907,0.00622975
10.7865,0.0472131,0.134903,-0.0876901,-0.000758244,-0.000157922,-1.66819e-05,-8.36803e-05,0.129624,0.00629567
10.7924,0.315813,0.134688,0.181125,-0.000757811,-0.000157831,-1.6672e-05,-8.36361e-05,0.129342,0.00636167
10.7982,0.207719,0.134473,0.0732457,-0.000757378,-0.00015774,-1.66621e-05,-8.3592e-05,0.12906,0.00642773
10.8041,0.269786,0.134259,0.135526,-0.000756945,-0.000157648,-1.66522e-05,-8.3548e-05,0.12878,0.00649388
10.81,0.127752,0.134046,-0.00629457,-0.000756514,-0.000157557,-1.66423e-05,-8.3504e-05,0.1285,0.00656009
10.8158,0.170809,0.133834,0.036975,-0.000756082,-0.000157466,-1.66325e-05,-8.346e-05,0.128222,0.00662638
10.8217,0.0737456,0.133623,-0.0598777,-0.000755651,-0.000157376,-1.66226e-05,-8.34161e-05,0.127944,0.00669275
10.8276,0.0210137,0.133413,-0.112399,-0.00075522,-0.000157285,-1.66128e-05,-8.33722e-05,0.127666,0.00675919
10.8334,-0.00730424,0.133204,-0.140508,-0.00075479,-0.000157194,-1.66029e-05,-8.33284e-05,0.12739,0.0068257
10.8393,0.275513,0.132996,0.142517,-0.00075436,-0.000157104,-1.65931e-05,-8.32846e-05,0.127115,0.00689228
10.8451,0.333002,0.132788,0.200214,-0.000753931,-0.000157013,-1.65833e-05,-8.32408e-05,0.12684,0.00695894
10.851,0.293988,0.132582,0.161406,-0.000753502,-0.000156923,-1.65735e-05,-8.31971e-05,0.126566,0.00702567
10.8569,0.0796433,0.132376,-0.0527327,-0.000753073,-0.000156832,-1.65637e-05,-8.31535e-05,0.126293,0.00709248
10.8627,0.136264,0.132171,0.00409253,-0.000752645,-0.000156742,-1.65539e-05,-8.31098e-05,0.126021,0.00715936
10.8686,0.17769,0.131967,0.0457222,-0.000752218,-0.000156652,-1.65441e-05,-8.30662e-05,0.12575,0.00722631
10.8745,0.197806,0.131764,0.0660415,-0.00075179,-0.000156562,-1.65343e-05,-8.30227e-05,0.125479,0.00729334
10.8803,0.069012,0.131562,-0.0625504,-0.000751363,-0.000156472,-1.65246e-05,-8.29792e-05,0.125209,0.00736044
10.8862,0.18818,0.131361,0.0568194,-0.000750937,-0.000156382,-1.65148e-05,-8.29358e-05,0.12494,0.00742761
10.892,0.324694,0.131161,0.193534,-0.000750511,-0.000156292,-1.65051e-05,-8.28923e-05,0.124672,0.00749486
10.8979,0.297034,0.130961,0.166073,-0.000750085,-0.000156203,-1.64953e-05,-8.2849e-05,0.124405,0.00756218
10.9038,0.249044,0.130763,0.118281,-0.00074966,-0.000156113,-1.64856e-05,-8.28056e-05,0.124138,0.00762958
10.9096,0.190417,0.130565,0.0598517,-0.000749235,-0.000156024,-1.64759e-05,-8.27624e-05,0.123872,0.00769705
10.9155,0.0944196,0.130368,-0.0359483,-0.000748811,-0.000155934,-1.64662e-05,-8.27191e-05,0.123607,0.00776459
10.9213,0.118126,0.130172,-0.0120464,-0.000748387,-0.000155845,-1.64565e-05,-8.26759e-05,0.123343,0.0078322
10.9272,0.291392,0.129977,0.161415,-0.000747963,-0.000155756,-1.64468e-05,-8.26327e-05,0.12308,0.00789989
10.9331,0.14633,0.129782,0.016548,-0.00074754,-0.000155666,-1.64372e-05,-8.25896e-05,0.122817,0.00796766
10.9389,0.171828,0.129589,0.0422388,-0.000747118,-0.000155577,-1.64275e-05,-8.25465e-05,0.122555,0.0080355
10.9448,0.233717,0.129396,0.104321,-0.000746695,-0.000155488,-1.64179e-05,-8.25035e-05,0.122294,0.00810341
10.9507,0.21385,0.129204,0.0846458,-0.000746273,-0.000155399,-1.64082e-05,-8.24605e-05,0.122034,0.00817139
10.9565,0.282137,0.129014,0.153124,-0.000745852,-0.000155311,-1.63986e-05,-8.24176e-05,0.121774,0.00823945
10.9624,0.0806298,0.128823,-0.0481936,-0.000745431,-0.000155222,-1.6389e-05,-8.23746e-05,0.121515,0.00830758
10.9682,0.132251,0.128634,0.00361645,-0.00074501,-0.000155133,-1.63794e-05,-8.23318e-05,0.121257,0.00837579
10.9741,0.0883486,0.128446,-0.040097,-0.00074459,-0.000155045,-1.63698e-05,-8.22889e-05,0.121,0.00844407
10.98,0.0790124,0.128258,-0.0492456,-0.00074417,-0.000154956,-1.63602e-05,-8.22462e-05,0.120743,0.00851242
10.9858,0.09665,0.128071,-0.0314211,-0.000743751,-0.000154868,-1.63506e-05,-8.22034e-05,0.120487,0.00858084
10.9917,0.125205,0.127885,-0.00267995,-0.000743332,-0.00015478,-1.6341e-05,-8.21607e-05,0.120232,0.00864934
10.9976,0.191136,0.1277,0.0634357,-0.000742913,-0.000154691,-1.63314e-05,-8.2118e-05,0.119978,0.00871792
11.0034,0.0872527,0.127516,-0.0402629,-0.000742495,-0.000154603,-1.63219e-05,-8.20754e-05,0.119725,0.00878657
11.0093,0.150292,0.127332,0.02296,-0.000742077,-0.000154515,-1.63123e-05,-8.20328e-05,0.119472,0.00885529
11.0151,0.164539,0.127149,0.0373898,-0.00074166,-0.000154427,-1.63028e-05,-8.19903e-05,0.11922,0.00892408
11.021,0.238768,0.126967,0.1118,-0.000741243,-0.00015434,-1.62933e-05,-8.19478e-05,0.118968,0.00899295
11.0269,0.164268,0.126786,0.0374818,-0.000740827,-0.000154252,-1.62838e-05,-8.19053e-05,0.118718,0.00906189
11.0327,0.220447,0.126606,0.093841,-0.00074041,-0.000154164,-1.62743e-05,-8.18629e-05,0.118468,0.00913091
11.0386,0.198884,0.126426,0.0724571,-0.000739995,-0.000154076,-1.62648e-05,-8.18205e-05,0.118219,0.0092
11.0445,-0.0368616,0.126248,-0.163109,-0.000739579,-0.000153989,-1.62553e-05,-8.17782e-05,0.11797,0.00926916
11.0503,0.183248,0.12607,0.0571787,-0.000739164,-0.000153902,-1.62458e-05,-8.17359e-05,0.117722,0.0093384
11.0562,0.121333,0.125893,-0.00455983,-0.00073875,-0.000153814,-1.62363e-05,-8.16937e-05,0.117475,0.00940771
11.062,0.0445304,0.125716,-0.0811859,-0.000738336,-0.000153727,-1.62269e-05,-8.16514e-05,0.117229,0.00947709
11.0679,0.068762,0.125541,-0.0567787,-0.000737922,-0.00015364,-1.62174e-05,-8.16093e-05,0.116984,0.00954655
11.0738,0.108025,0.125366,-0.0173408,-0.000737509,-0.000153553,-1.6208e-05,-8.15671e-05,0.116739,0.00961608
11.0796,0.0678099,0.125192,-0.057382,-0.000737096,-0.000153466,-1.61986e-05,-8.1525e-05,0.116494,0.00968569
11.0855,0.110112,0.125019,-0.0149071,-0.000736684,-0.000153379,-1.61892e-05,-8.1483e-05,0.116251,0.00975537
11.0914,-0.150971,0.124846,-0.275817,-0.000736272,-0.000153292,-1.61797e-05,-8.1441e-05,0.116008,0.00982512
11.0972,-0.060592,0.124675,-0.185267,-0.00073586,-0.000153205,-1.61703e-05,-8.1399e-05,0.115766,0.00989494
11.1031,0.0753226,0.124504,-0.049181,-0.000735449,-0.000153119,-1.6161e-05,-8.13571e-05,0.115525,0.00996484
11.1089,0.253031,0.124333,0.128697,-0.000735038,-0.000153032,-1.61516e-05,-8.13152e-05,0.115284,0.0100348
11.1148,0.327053,0.124164,0.202889,-0.000734627,-0.000152946,-1.61422e-05,-8.12733e-05,0.115044,0.0101049
11.1207,0.155839,0.123995,0.0318439,-0.000734217,-0.000152859,-1.61328e-05,-8.12315e-05,0.114805,0.010175
11.1265,0.149415,0.123828,0.025587,-0.000733808,-0.000152773,-1.61235e-05,-8.11898e-05,0.114566,0.0102452
11.1324,0.0156099,0.12366,-0.108051,-0.000733398,-0.000152687,-1.61141e-05,-8.1148e-05,0.114328,0.0103154
11.1383,0.0929742,0.123494,-0.0305199,-0.00073299,-0.000152601,-1.61048e-05,-8.11063e-05,0.114091,0.0103858
11.1441,0.159409,0.123329,0.0360804,-0.000732581,-0.000152515,-1.60955e-05,-8.10647e-05,0.113855,0.0104562
11.15,-0.0364781,0.123164,-0.159642,-0.000732173,-0.000152429,-1.60862e-05,-8.10231e-05,0.113619,0.0105267
11.1558,0.129588,0.123,0.00658861,-0.000731766,-0.000152343,-1.60769e-05,-8.09815e-05,0.113383,0.0105973
11.1617,0.158126,0.122836,0.0352898,-0.000731358,-0.000152257,-1.60676e-05,-8.094e-05,0.113149,0.0106679
11.1676,-0.0119722,0.122674,-0.134646,-0.000730951,-0.000152172,-1.60583e-05,-8.08985e-05,0.112915,0.0107386
11.1734,0.114959,0.122512,-0.0075527,-0.000730545,-0.000152086,-1.6049e-05,-8.0857e-05,0.112682,0.0108094
11.1793,-0.0565908,0.122351,-0.178941,-0.000730139,-0.000152,-1.60397e-05,-8.08156e-05,0.112449,0.0108802
11.1851,-0.140573,0.12219,-0.262763,-0.000729733,-0.000151915,-1.60305e-05,-8.07742e-05,0.112217,0.0109512
11.191,0.0832197,0.12203,-0.0388107,-0.000729328,-0.00015183,-1.60212e-05,-8.07329e-05,0.111986,0.0110222
11.1969,0.175367,0.121871,0.0534956,-0.000728923,-0.000151744,-1.6012e-05,-8.06916e-05,0.111756,0.0110933
11.2027,0.0125457,0.121713,-0.109167,-0.000728519,-0.000151659,-1.60028e-05,-8.06504e-05,0.111526,0.0111644
11.2086,0.0885316,0.121556,-0.0330241,-0.000728115,-0.000151574,-1.59936e-05,-8.06092e-05,0.111296,0.0112356
11.2145,0.142057,0.121399,0.0206581,-0.000727711,-0.000151489,-1.59843e-05,-8.0568e-05,0.111068,0.0113069
11.2203,0.156198,0.121243,0.0349554,-0.000727308,-0.000151404,-1.59751e-05,-8.05268e-05,0.11084,0.0113783
11.2262,0.1398,0.121088,0.0187122,-0.000726905,-0.000151319,-1.59659e-05,-8.04857e-05,0.110612,0.0114498
11.232,0.263642,0.120933,0.142709,-0.000726503,-0.000151235,-1.59568e-05,-8.04447e-05,0.110386,0.0115213
11.2379,0.204046,0.120779,0.083267,-0.0007261,-0.00015115,-1.59476e-05,-8.04037e-05,0.11016,0.0115929
11.2438,0.134547,0.120626,0.0139209,-0.000725699,-0.000151065,-1.59384e-05,-8.03627e-05,0.109934,0.0116645
11.2496,0.121039,0.120473,0.000566178,-0.000725298,-0.000150981,-1.59293e-05,-8.03217e-05,0.109709,0.0117363
11.2555,0.356523,0.120321,0.236201,-0.000724897,-0.000150896,-1.59201e-05,-8.02808e-05,0.109485,0.0118081
11.2614,0.276078,0.12017,0.155907,-0.000724496,-0.000150812,-1.5911e-05,-8.024e-05,0.109262,0.01188
11.2672,0.163328,0.12002,0.0433081,-0.000724096,-0.000150728,-1.59019e-05,-8.01992e-05,0.109039,0.0119519
11.2731,0.0561512,0.11987,-0.063719,-0.000723696,-0.000150644,-1.58927e-05,-8.01584e-05,0.108817,0.012024
11.2789,0.0917937,0.119721,-0.0279275,-0.000723297,-0.000150559,-1.58836e-05,-8.01176e-05,0.108595,0.0120961
11.2848,0.176956,0.119573,0.0573828,-0.000722898,-0.000150475,-1.58745e-05,-8.00769e-05,0.108374,0.0121683
11.2907,0.0990795,0.119425,-0.0203458,-0.0007225,-0.000150392,-1.58654e-05,-8.00363e-05,0.108154,0.0122405
11.2965,0.0290421,0.119278,-0.0902362,-0.000722101,-0.000150308,-1.58564e-05,-7.99956e-05,0.107934,0.0123129
11.3024,0.171628,0.119132,0.0524962,-0.000721704,-0.000150224,-1.58473e-05,-7.9955e-05,0.107715,0.0123853
11.3083,0.227698,0.118987,0.108711,-0.000721306,-0.00015014,-1.58382e-05,-7.99145e-05,0.107496,0.0124577
11.3141,0.123977,0.118842,0.0051356,-0.000720909,-0.000150057,-1.58292e-05,-7.9874e-05,0.107278,0.0125303
11.32,0.0252975,0.118697,-0.0934,-0.000720513,-0.000149973,-1.58201e-05,-7.98335e-05,0.107061,0.0126029
11.3258,-0.0229515,0.118554,-0.141506,-0.000720117,-0.00014989,-1.58111e-05,-7.97931e-05,0.106844,0.0126756
11.3317,0.0175147,0.118411,-0.100896,-0.000719721,-0.000149806,-1.58021e-05,-7.97527e-05,0.106628,0.0127484
11.3376,0.143482,0.118269,0.0252127,-0.000719325,-0.000149723,-1.5793e-05,-7.97123e-05,0.106412,0.0128212
11.3434,0.0851141,0.118127,-0.0330134,-0.00071893,-0.00014964,-1.5784e-05,-7.9672e-05,0.106197,0.0128942
11.3493,0.0404272,0.117987,-0.0775594,-0.000718536,-0.000149557,-1.5775e-05,-7.96317e-05,0.105983,0.0129672
11.3552,0.161815,0.117846,0.043969,-0.000718141,-0.000149474,-1.5766e-05,-7.95914e-05,0.105769,0.0130402
11.361,0.187811,0.117707,0.0701044,-0.000717747,-0.000149391,-1.57571e-05,-7.95512e-05,0.105556,0.0131134
11.3669,0.219376,0.117568,0.101808,-0.000717354,-0.000149308,-1.57481e-05,-7.95111e-05,0.105343,0.0131866
11.3727,0.28327,0.11743,0.16584,-0.000716961,-0.000149225,-1.57391e-05,-7.94709e-05,0.105131,0.0132599
11.3786,0.177995,0.117292,0.060703,-0.000716568,-0.000149143,-1.57302e-05,-7.94308e-05,0.10492,0.0133332
11.3845,0.0557278,0.117156,-0.0614278,-0.000716176,-0.00014906,-1.57212e-05,-7.93908e-05,0.104709,0.0134067
11.3903,0.210064,0.117019,0.0930445,-0.000715784,-0.000148978,-1.57123e-05,-7.93508e-05,0.104499,0.0134802
11.3962,0.130409,0.116884,0.0135247,-0.000715392,-0.000148895,-1.57034e-05,-7.93108e-05,0.104289,0.0135538
11.4021,0.0945161,0.116749,-0.0222328,-0.000715001,-0.000148813,-1.56945e-05,-7.92708e-05,0.10408,0.0136274
11.4079,-0.0314462,0.116615,-0.148061,-0.00071461,-0.00014873,-1.56855e-05,-7.92309e-05,0.103872,0.0137011
11.4138,0.0159874,0.116481,-0.100494,-0.00071422,-0.000148648,-1.56766e-05,-7.91911e-05,0.103664,0.0137749
11.4196,-0.03864,0.116348,-0.154988,-0.00071383,-0.000148566,-1.56678e-05,-7.91512e-05,0.103456,0.0138488
11.4255,0.00161763,0.116216,-0.114598,-0.00071344,-0.000148484,-1.56589e-05,-7.91114e-05,0.10325,0.0139228
11.4314,0.216175,0.116084,0.100091,-0.000713051,-0.000148402,-1.565e-05,-7.90717e-05,0.103043,0.0139968
11.4372,0.0725865,0.115953,-0.0433665,-0.000712662,-0.00014832,-1.56411e-05,-7.9032e-05,0.102838,0.0140709
11.4431,0.0714273,0.115823,-0.0443954,-0.000712274,-0.000148238,-1.56323e-05,-7.89923e-05,0.102633,0.0141451
11.4489,0.261682,0.115693,0.145989,-0.000711885,-0.000148157,-1.56234e-05,-7.89527e-05,0.102428,0.0142193
11.4548,0.281907,0.115564,0.166343,-0.000711498,-0.000148075,-1.56146e-05,-7.8913e-05,0.102224,0.0142936
11.4607,0.331001,0.115435,0.215566,-0.00071111,-0.000147994,-1.56058e-05,-7.88735e-05,0.102021,0.014368
11.4665,0.0136918,0.115307,-0.101616,-0.000710723,-0.000147912,-1.55969e-05,-7.88339e-05,0.101818,0.0144425
11.4724,0.231753,0.11518,0.116573,-0.000710337,-0.000147831,-1.55881e-05,-7.87945e-05,0.101616,0.014517
11.4783,0.00121252,0.115053,-0.113841,-0.00070995,-0.000147749,-1.55793e-05,-7.8755e-05,0.101414,0.0145917
11.4841,0.0950149,0.114927,-0.0199125,-0.000709565,-0.000147668,-1.55705e-05,-7.87156e-05,0.101213,0.0146663
11.49,0.0936514,0.114802,-0.0211506,-0.000709179,-0.000147587,-1.55618e-05,-7.86762e-05,0.101012,0.0147411
11.4958,0.142509,0.114677,0.0278314,-0.000708794,-0.000147506,-1.5553e-05,-7.86369e-05,0.100812,0.0148159
11.5017,0.0302585,0.114553,-0.0842945,-0.000708409,-0.000147425,-1.55442e-05,-7.85975e-05,0.100612,0.0148908
11.5076,0.0213988,0.11443,-0.0930308,-0.000708025,-0.000147344,-1.55355e-05,-7.85583e-05,0.100413,0.0149658
11.5134,0.108307,0.114307,-0.00599964,-0.000707641,-0.000147263,-1.55267e-05,-7.8519e-05,0.100215,0.0150409
11.5193,-0.0190396,0.114184,-0.133224,-0.000707257,-0.000147183,-1.5518e-05,-7.84798e-05,0.100017,0.015116
11.5252,-0.165701,0.114063,-0.279764,-0.000706874,-0.000147102,-1.55092e-05,-7.84407e-05,0.0998193,0.0151912
11.531,0.0393047,0.113941,-0.0746367,-0.000706491,-0.000147021,-1.55005e-05,-7.84016e-05,0.0996224,0.0152665
11.5369,0.0842252,0.113821,-0.0295957,-0.000706109,-0.000146941,-1.54918e-05,-7.83625e-05,0.099426,0.0153418
11.5427,0.0942768,0.113701,-0.0194243,-0.000705727,-0.00014686,-1.54831e-05,-7.83234e-05,0.0992302,0.0154173
11.5486,0.0814577,0.113582,-0.0321241,-0.000705345,-0.00014678,-1.54744e-05,-7.82844e-05,0.0990348,0.0154928
11.5545,0.14879,0.113463,0.0353269,-0.000704964,-0.0001467,-1.54657e-05,-7.82454e-05,0.0988401,0.0155683
11.5603,-0.12839,0.113345,-0.241735,-0.000704583,-0.00014662,-1.5457e-05,-7.82065e-05,0.0986458,0.015644
11.5662,0.166989,0.113227,0.0537612,-0.000704202,-0.000146539,-1.54484e-05,-7.81676e-05,0.0984521,0.0157197
11.5721,0.196402,0.11311,0.0832914,-0.000703822,-0.000146459,-1.54397e-05,-7.81287e-05,0.0982589,0.0157955
11.5779,-0.038521,0.112994,-0.151515,-0.000703442,-0.000146379,-1.54311e-05,-7.80899e-05,0.0980662,0.0158714
11.5838,0.175415,0.112878,0.0625363,-0.000703062,-0.0001463,-1.54224e-05,-7.80511e-05,0.097874,0.0159473
11.5896,0.133043,0.112763,0.0202797,-0.000702683,-0.00014622,-1.54138e-05,-7.80123e-05,0.0976823,0.0160233
11.5955,0.265573,0.112649,0.152924,-0.000702304,-0.00014614,-1.54052e-05,-7.79736e-05,0.0974912,0.0160994
11.6014,0.218224,0.112535,0.10569,-0.000701926,-0.00014606,-1.53965e-05,-7.79349e-05,0.0973005,0.0161756
11.6072,0.0920753,0.112421,-0.0203461,-0.000701548,-0.000145981,-1.53879e-05,-7.78963e-05,0.0971104,0.0162518
11.6131,-0.0349934,0.112309,-0.147302,-0.00070117,-0.000145901,-1.53793e-05,-7.78577e-05,0.0969208,0.0163281
11.619,0.0959173,0.112196,-0.016279,-0.000700793,-0.000145822,-1.53707e-05,-7.78191e-05,0.0967316,0.0164045
11.6248,0.122367,0.112085,0.0102819,-0.000700416,-0.000145743,-1.53622e-05,-7.77805e-05,0.096543,0.0164809
11.6307,0.082794,0.111974,-0.0291796,-0.00070004,-0.000145663,-1.53536e-05,-7.7742e-05,0.0963549,0.0165575
11.6365,0.198447,0.111863,0.0865835,-0.000699663,-0.000145584,-1.5345e-05,-7.77036e-05,0.0961673,0.0166341
11.6424,0.125551,0.111753,0.0137974,-0.000699288,-0.000145505,-1.53365e-05,-7.76651e-05,0.0959802,0.0167108
11.6483,0.186065,0.111644,0.0744213,-0.000698912,-0.000145426,-1.53279e-05,-7.76267e-05,0.0957936,0.0167875
11.6541,0.113789,0.111535,0.00225449,-0.000698537,-0.000145347,-1.53194e-05,-7.75884e-05,0.0956075,0.0168643
11.66,-0.0711244,0.111427,-0.182551,-0.000698162,-0.000145268,-1.53108e-05,-7.755e-05,0.0954218,0.0169412
11.6659,0.0427358,0.111319,-0.0685833,-0.000697788,-0.00014519,-1.53023e-05,-7.75118e-05,0.0952367,0.0170182
11.6717,-0.1317,0.111212,-0.242912,-0.000697414,-0.000145111,-1.52938e-05,-7.74735e-05,0.0950521,0.0170952
11.6776,0.130626,0.111105,0.0195209,-0.00069704,-0.000145032,-1.52853e-05,-7.74353e-05,0.0948679,0.0171724
11.6834,-0.0244231,0.111,-0.135423,-0.000696667,-0.000144954,-1.52768e-05,-7.73971e-05,0.0946842,0.0172496
11.6893,0.115955,0.110894,0.00506122,-0.000696294,-0.000144875,-1.52683e-05,-7.73589e-05,0.0945011,0.0173268
11.6952,0.17199,0.110789,0.0612005,-0.000695922,-0.000144797,-1.52598e-05,-7.73208e-05,0.0943184,0.0174042
11.701,0.137267,0.110685,0.0265822,-0.000695549,-0.000144718,-1.52514e-05,-7.72827e-05,0.0941361,0.0174816
11.7069,0.0013257,0.110581,-0.109255,-0.000695178,-0.00014464,-1.52429e-05,-7.72447e-05,0.0939544,0.0175591
11.7128,0.1138,0.110478,0.00332154,-0.000694806,-0.000144562,-1.52344e-05,-7.72067e-05,0.0937732,0.0176366
11.7186,0.276665,0.110375,0.16629,-0.000694435,-0.000144484,-1.5226e-05,-7.71687e-05,0.0935924,0.0177143
11.7245,0.22397,0.110273,0.113697,-0.000694064,-0.000144406,-1.52175e-05,-7.71308e-05,0.0934121,0.017792
11.7303,-0.0163649,0.110172,-0.126537,-0.000693694,-0.000144328,-1.52091e-05,-7.70929e-05,0.0932322,0.0178698
11.7362,0.0496257,0.110071,-0.060445,-0.000693324,-0.00014425,-1.52007e-05,-7.7055e-05,0.0930529,0.0179476
11.7421,0.0765856,0.10997,-0.0333846,-0.000692954,-0.000144172,-1.51923e-05,-7.70172e-05,0.092874,0.0180255
11.7479,0.205893,0.10987,0.0960226,-0.000692585,-0.000144095,-1.51839e-05,-7.69794e-05,0.0926956,0.0181035
11.7538,0.142413,0.109771,0.0326425,-0.000692216,-0.000144017,-1.51755e-05,-7.69416e-05,0.0925176,0.0181816
11.7596,0.0985148,0.109672,-0.0111572,-0.000691847,-0.000143939,-1.51671e-05,-7.69039e-05,0.0923402,0.0182598
11.7655,0.137133,0.109574,0.0275595,-0.000691479,-0.000143862,-1.51587e-05,-7.68662e-05,0.0921631,0.018338
11.7714,0.1421,0.109476,0.0326239,-0.000691111,-0.000143785,-1.51503e-05,-7.68286e-05,0.0919866,0.0184163
11.7772,0.163225,0.109379,0.0538458,-0.000690744,-0.000143707,-1.5142e-05,-7.67909e-05,0.0918105,0.0184947
11.7831,0.0770121,0.109282,-0.03227,-0.000690377,-0.00014363,-1.51336e-05,-7.67533e-05,0.0916348,0.0185731
11.789,0.0179831,0.109186,-0.0912028,-0.00069001,-0.000143553,-1.51253e-05,-7.67158e-05,0.0914597,0.0186516
11.7948,0.106309,0.10909,-0.0027813,-0.000689643,-0.000143476,-1.51169e-05,-7.66783e-05,0.0912849,0.0187302
11.8007,-0.0439245,0.108995,-0.15292,-0.000689277,-0.000143399,-1.51086e-05,-7.66408e-05,0.0911107,0.0188089
11.8065,-0.130336,0.108901,-0.239236,-0.000688912,-0.000143322,-1.51003e-05,-7.66033e-05,0.0909369,0.0188876
11.8124,0.0721068,0.108806,-0.0366996,-0.000688546,-0.000143245,-1.5092e-05,-7.65659e-05,0.0907635,0.0189664
11.8183,-0.0311628,0.108713,-0.139876,-0.000688181,-0.000143168,-1.50837e-05,-7.65286e-05,0.0905906,0.0190453
11.8241,-0.124132,0.10862,-0.232752,-0.000687817,-0.000143091,-1.50754e-05,-7.64912e-05,0.0904181,0.0191243
11.83,0.123917,0.108527,0.0153898,-0.000687452,-0.000143015,-1.50671e-05,-7.64539e-05,0.0902461,0.0192033
11.8359,0.0827047,0.108435,-0.0257307,-0.000687088,-0.000142938,-1.50588e-05,-7.64166e-05,0.0900745,0.0192824
11.8417,0.0189438,0.108344,-0.0894002,-0.000686725,-0.000142862,-1.50505e-05,-7.63794e-05,0.0899034,0.0193616
11.8476,-0.0846397,0.108253,-0.192893,-0.000686361,-0.000142785,-1.50423e-05,-7.63422e-05,0.0897327,0.0194409
11.8534,-0.0685454,0.108163,-0.176708,-0.000685998,-0.000142709,-1.5034e-05,-7.6305e-05,0.0895625,0.0195202
11.8593,0.0734542,0.108073,-0.0346185,-0.000685636,-0.000142633,-1.50258e-05,-7.62679e-05,0.0893927,0.0195996
11.8652,-0.0223561,0.107983,-0.130339,-0.000685274,-0.000142556,-1.50175e-05,-7.62308e-05,0.0892233,0.0196791
11.871,0.0962964,0.107894,-0.011598,-0.000684912,-0.00014248,-1.50093e-05,-7.61937e-05,0.0890544,0.0197586
11.8769,0.369663,0.107806,0.261857,-0.00068455,-0.000142404,-1.50011e-05,-7.61567e-05,0.0888859,0.0198382
11.8828,0.0904056,0.107718,-0.0173125,-0.000684189,-0.000142328,-1.49929e-05,-7.61197e-05,0.0887178,0.0199179
11.8886,0.139071,0.107631,0.0314399,-0.000683828,-0.000142252,-1.49847e-05,-7.60827e-05,0.0885502,0.0199977
11.8945,0.0813128,0.107544,-0.0262311,-0.000683468,-0.000142176,-1.49765e-05,-7.60457e-05,0.088383,0.0200776
11.9003,0.0373075,0.107458,-0.07015,-0.000683108,-0.000142101,-1.49683e-05,-7.60088e-05,0.0882162,0.0201575
11.9062,0.103307,0.107372,-0.00406471,-0.000682748,-0.000142025,-1.49601e-05,-7.5972e-05,0.0880499,0.0202375
11.9121,0.216921,0.107286,0.109635,-0.000682389,-0.000141949,-1.49519e-05,-7.59352e-05,0.087884,0.0203175
11.9179,0.194238,0.107201,0.0870361,-0.00068203,-0.000141874,-1.49438e-05,-7.58984e-05,0.0877185,0.0203977
11.9238,0.180056,0.107117,0.0729389,-0.000681671,-0.000141798,-1.49356e-05,-7.58616e-05,0.0875534,0.0204779
11.9297,0.224051,0.107033,0.117017,-0.000681312,-0.000141723,-1.49275e-05,-7.58249e-05,0.0873888,0.0205582
11.9355,0.149943,0.10695,0.0429931,-0.000680954,-0.000141648,-1.49193e-05,-7.57882e-05,0.0872246,0.0206385
11.9414,0.0948036,0.106867,-0.0120633,-0.000680597,-0.000141573,-1.49112e-05,-7.57515e-05,0.0870608,0.020719
11.9472,0.332297,0.106784,0.225513,-0.000680239,-0.000141497,-1.49031e-05,-7.57149e-05,0.0868974,0.0207995
11.9531,0.256589,0.106703,0.149887,-0.000679882,-0.000141422,-1.48949e-05,-7.56783e-05,0.0867344,0.02088
11.959,0.167474,0.106621,0.0608526,-0.000679526,-0.000141347,-1.48868e-05,-7.56417e-05,0.0865719,0.0209607
11.9648,0.302519,0.10654,0.195979,-0.000679169,-0.000141272,-1.48787e-05,-7.56052e-05,0.0864097,0.0210414
11.9707,0.20121,0.10646,0.0947499,-0.000678813,-0.000141197,-1.48706e-05,-7.55687e-05,0.086248,0.0211222
11.9766,0.205988,0.10638,0.0996079,-0.000678458,-0.000141123,-1.48626e-05,-7.55322e-05,0.0860867,0.0212031
11.9824,0.249011,0.1063,0.142711,-0.000678103,-0.000141048,-1.48545e-05,-7.54958e-05,0.0859258,0.0212841
11.9883,-0.00203462,0.106221,-0.108256,-0.000677748,-0.000140973,-1.48464e-05,-7.54594e-05,0.0857653,0.0213651
11.9941,0.112427,0.106143,0.00628405,-0.000677393,-0.000140899,-1.48384e-05,-7.5423e-05,0.0856052,0.0214462
12,0.0898938,0.106065,-0.016171,-0.000677039,-0.000140824,-1.48303e-05,-7.53867e-05,0.0854455,0.0215273
