ppm,observed,fitted,residual,component_EGDA,component_EGMA,component_EG,component_AcOH,component_exchange_pool,component_baseline
0,-0.457835,-0.31204,-0.145795,-0.0159777,-0.00713544,-0.0027162,-0.0114353,-0.17103,-0.103745
0.00586224,-0.308373,-0.311918,0.00354578,-0.0160135,-0.00715033,-0.00272038,-0.0114654,-0.170929,-0.10364
0.0117245,-0.2696,-0.311796,0.0421958,-0.0160495,-0.00716529,-0.00272458,-0.0114956,-0.170826,-0.103535
0.0175867,-0.0956811,-0.311673,0.215992,-0.0160856,-0.00718031,-0.0027288,-0.0115259,-0.170723,-0.10343
0.0234489,-0.316572,-0.31155,-0.00502188,-0.0161219,-0.00719541,-0.00273303,-0.0115564,-0.170618,-0.103325
0.0293112,-0.338133,-0.311426,-0.0267073,-0.0161584,-0.00721057,-0.00273727,-0.0115871,-0.170513,-0.10322
0.0351734,-0.42579,-0.311301,-0.114489,-0.0161951,-0.0072258,-0.00274152,-0.0116179,-0.170406,-0.103115
0.0410357,-0.344339,-0.311176,-0.0331629,-0.0162319,-0.0072411,-0.00274579,-0.0116489,-0.170299,-0.10301
0.0468979,-0.277886,-0.311051,0.033165,-0.0162689,-0.00725647,-0.00275007,-0.01168,-0.17019,-0.102905
0.0527601,-0.228627,-0.310925,0.082298,-0.0163061,-0.00727191,-0.00275436,-0.0117113,-0.17008,-0.102801
0.0586224,-0.425021,-0.310798,-0.114223,-0.0163435,-0.00728742,-0.00275867,-0.0117428,-0.169969,-0.102696
0.0644846,-0.187208,-0.310671,0.123463,-0.0163811,-0.007303,-0.00276299,-0.0117745,-0.169858,-0.102592
0.0703468,-0.209269,-0.310543,0.101274,-0.0164188,-0.00731865,-0.00276732,-0.0118063,-0.169745,-0.102487
0.0762091,-0.404768,-0.310415,-0.0943537,-0.0164567,-0.00733437,-0.00277167,-0.0118383,-0.169631,-0.102383
0.0820713,-0.335587,-0.310286,-0.0253015,-0.0164948,-0.00735017,-0.00277603,-0.0118705,-0.169515,-0.102279
0.0879336,-0.280553,-0.310156,0.0296032,-0.0165331,-0.00736604,-0.0027804,-0.0119028,-0.169399,-0.102175
0.0937958,-0.19655,-0.310026,0.113476,-0.0165716,-0.00738198,-0.00278479,-0.0119353,-0.169282,-0.102071
0.099658,-0.180261,-0.309896,0.129634,-0.0166103,-0.007398,-0.00278919,-0.011968,-0.169163,-0.101967
0.10552,-0.295863,-0.309764,0.0139012,-0.0166491,-0.00741409,-0.00279361,-0.0120009,-0.169044,-0.101863
0.111383,-0.0379366,-0.309632,0.271696,-0.0166882,-0.00743026,-0.00279804,-0.012034,-0.168923,-0.101759
0.117245,-0.192669,-0.3095,0.116831,-0.0167274,-0.0074465,-0.00280248,-0.0120672,-0.168801,-0.101655
0.123107,-0.243766,-0.309367,0.0656013,-0.0167669,-0.00746282,-0.00280694,-0.0121006,-0.168678,-0.101552
0.128969,-0.404486,-0.309233,-0.0952523,-0.0168065,-0.00747922,-0.00281141,-0.0121342,-0.168554,-0.101448
0.134831,-0.359832,-0.309099,-0.0507333,-0.0168464,-0.00749569,-0.0028159,-0.012168,-0.168428,-0.101345
0.140694,-0.353874,-0.308964,-0.0449101,-0.0168864,-0.00751224,-0.0028204,-0.012202,-0.168302,-0.101241
0.146556,-0.26856,-0.308829,0.0402686,-0.0169266,-0.00752887,-0.00282492,-0.0122361,-0.168174,-0.101138
0.152418,-0.237093,-0.308693,0.071599,-0.0169671,-0.00754558,-0.00282945,-0.0122705,-0.168045,-0.101035
0.15828,-0.192759,-0.308556,0.115797,-0.0170077,-0.00756237,-0.00283399,-0.012305,-0.167915,-0.100932
0.164143,-0.179624,-0.308418,0.128795,-0.0170486,-0.00757924,-0.00283855,-0.0123398,-0.167784,-0.100829
0.170005,-0.308957,-0.30828,-0.000676607,-0.0170896,-0.0075962,-0.00284312,-0.0123747,-0.167651,-0.100726
0.175867,-0.188609,-0.308142,0.119533,-0.0171309,-0.00761323,-0.00284771,-0.0124098,-0.167517,-0.100623
0.181729,-0.377202,-0.308002,-0.0691999,-0.0171724,-0.00763035,-0.00285231,-0.0124452,-0.167382,-0.10052
0.187592,-0.107489,-0.307863,0.200373,-0.0172141,-0.00764754,-0.00285693,-0.0124807,-0.167246,-0.100417
0.193454,-0.237746,-0.307722,0.0699764,-0.017256,-0.00766483,-0.00286156,-0.0125164,-0.167109,-0.100314
0.199316,-0.402422,-0.307581,-0.0948417,-0.0172981,-0.00768219,-0.00286621,-0.0125523,-0.16697,-0.100212
0.205178,-0.269076,-0.307439,0.0383626,-0.0173404,-0.00769964,-0.00287088,-0.0125885,-0.16683,-0.100109
0.211041,-0.307911,-0.307296,-0.000614617,-0.017383,-0.00771718,-0.00287555,-0.0126248,-0.166689,-0.100007
0.216903,-0.292901,-0.307153,0.0142518,-0.0174258,-0.0077348,-0.00288025,-0.0126614,-0.166546,-0.0999046
0.222765,-0.0930784,-0.307009,0.213931,-0.0174688,-0.00775251,-0.00288496,-0.0126982,-0.166403,-0.0998023
0.228627,-0.338174,-0.306865,-0.0313093,-0.017512,-0.00777031,-0.00288968,-0.0127351,-0.166257,-0.0997001
0.234489,-0.42777,-0.30672,-0.12105,-0.0175554,-0.0077882,-0.00289442,-0.0127723,-0.166111,-0.0995981
0.240352,-0.40323,-0.306574,-0.0966563,-0.0175991,-0.00780617,-0.00289917,-0.0128097,-0.165963,-0.099496
0.246214,-0.418047,-0.306427,-0.11162,-0.017643,-0.00782423,-0.00290395,-0.0128474,-0.165814,-0.0993941
0.252076,-0.42522,-0.30628,-0.11894,-0.0176872,-0.00784239,-0.00290873,-0.0128852,-0.165664,-0.0992923
0.257938,-0.278817,-0.306132,0.0273148,-0.0177315,-0.00786063,-0.00291353,-0.0129233,-0.165512,-0.0991905
0.263801,-0.281745,-0.305983,0.0242382,-0.0177762,-0.00787897,-0.00291835,-0.0129616,-0.165359,-0.0990888
0.269663,-0.376567,-0.305834,-0.0707335,-0.017821,-0.0078974,-0.00292319,-0.0130001,-0.165205,-0.0989872
0.275525,-0.296018,-0.305684,0.00966521,-0.0178661,-0.00791592,-0.00292804,-0.0130388,-0.165049,-0.0988857
0.281387,-0.260869,-0.305533,0.0446634,-0.0179114,-0.00793454,-0.0029329,-0.0130778,-0.164892,-0.0987843
0.28725,-0.443606,-0.305381,-0.138225,-0.017957,-0.00795325,-0.00293778,-0.013117,-0.164733,-0.0986829
0.293112,-0.517772,-0.305229,-0.212543,-0.0180028,-0.00797206,-0.00294268,-0.0131564,-0.164573,-0.0985817
0.298974,-0.344172,-0.305076,-0.0390954,-0.0180489,-0.00799096,-0.0029476,-0.0131961,-0.164412,-0.0984805
0.304836,-0.37451,-0.304922,-0.0695881,-0.0180952,-0.00800996,-0.00295253,-0.013236,-0.164249,-0.0983794
0.310699,-0.463382,-0.304768,-0.158614,-0.0181418,-0.00802906,-0.00295748,-0.0132762,-0.164085,-0.0982783
0.316561,-0.283575,-0.304613,0.0210376,-0.0181886,-0.00804825,-0.00296244,-0.0133166,-0.16392,-0.0981774
0.322423,-0.331947,-0.304457,-0.0274905,-0.0182357,-0.00806755,-0.00296742,-0.0133572,-0.163753,-0.0980765
0.328285,-0.256925,-0.3043,0.0473755,-0.018283,-0.00808694,-0.00297242,-0.0133981,-0.163584,-0.0979757
0.334148,-0.298511,-0.304143,0.00563148,-0.0183306,-0.00810644,-0.00297743,-0.0134392,-0.163414,-0.097875
0.34001,-0.449672,-0.303985,-0.145687,-0.0183785,-0.00812604,-0.00298247,-0.0134806,-0.163243,-0.0977744
0.345872,-0.317794,-0.303826,-0.0139677,-0.0184266,-0.00814574,-0.00298751,-0.0135223,-0.16307,-0.0976739
0.351734,-0.246802,-0.303666,0.0568644,-0.018475,-0.00816554,-0.00299258,-0.0135642,-0.162895,-0.0975734
0.357596,-0.391716,-0.303506,-0.0882102,-0.0185237,-0.00818545,-0.00299766,-0.0136063,-0.16272,-0.097473
0.363459,-0.276228,-0.303345,0.0271167,-0.0185726,-0.00820547,-0.00300276,-0.0136487,-0.162542,-0.0973728
0.369321,-0.347944,-0.303183,-0.0447611,-0.0186218,-0.00822559,-0.00300788,-0.0136914,-0.162363,-0.0972725
0.375183,-0.557214,-0.30302,-0.254195,-0.0186713,-0.00824581,-0.00301301,-0.0137343,-0.162183,-0.0971724
0.381045,-0.391765,-0.302856,-0.0889084,-0.0187211,-0.00826615,-0.00301817,-0.0137775,-0.162001,-0.0970724
0.386908,-0.198341,-0.302692,0.10435,-0.0187711,-0.00828659,-0.00302334,-0.013821,-0.161817,-0.0969724
0.39277,-0.0569202,-0.302527,0.245606,-0.0188214,-0.00830715,-0.00302852,-0.0138648,-0.161632,-0.0968725
0.398632,-0.13275,-0.302361,0.169611,-0.0188721,-0.00832781,-0.00303373,-0.0139088,-0.161446,-0.0967727
0.404494,-0.0767234,-0.302194,0.225471,-0.018923,-0.00834858,-0.00303895,-0.0139531,-0.161257,-0.096673
0.410357,-0.233186,-0.302026,0.0688405,-0.0189742,-0.00836947,-0.00304419,-0.0139977,-0.161068,-0.0965734
0.416219,-0.259294,-0.301858,0.042564,-0.0190257,-0.00839047,-0.00304945,-0.0140425,-0.160876,-0.0964738
0.422081,-0.331143,-0.301689,-0.0294541,-0.0190774,-0.00841159,-0.00305473,-0.0140877,-0.160683,-0.0963743
0.427943,-0.202445,-0.301519,0.099074,-0.0191295,-0.00843282,-0.00306003,-0.0141331,-0.160488,-0.0962749
0.433806,-0.202601,-0.301348,0.0987467,-0.0191819,-0.00845417,-0.00306534,-0.0141789,-0.160292,-0.0961756
0.439668,-0.351492,-0.301176,-0.050316,-0.0192346,-0.00847563,-0.00307067,-0.0142249,-0.160094,-0.0960764
0.44553,-0.371311,-0.301004,-0.0703073,-0.0192876,-0.00849722,-0.00307602,-0.0142712,-0.159894,-0.0959773
0.451392,-0.289755,-0.30083,0.011075,-0.0193409,-0.00851892,-0.00308139,-0.0143178,-0.159693,-0.0958782
0.457255,-0.25811,-0.300656,0.0425466,-0.0193945,-0.00854074,-0.00308678,-0.0143647,-0.15949,-0.0957792
0.463117,-0.196589,-0.300481,0.103892,-0.0194485,-0.00856269,-0.00309219,-0.014412,-0.159285,-0.0956803
0.468979,-0.24137,-0.300305,0.0589351,-0.0195027,-0.00858476,-0.00309761,-0.0144595,-0.159079,-0.0955815
0.474841,-0.250512,-0.300128,0.0496168,-0.0195573,-0.00860695,-0.00310306,-0.0145073,-0.158871,-0.0954827
0.480703,-0.0633508,-0.299951,0.2366,-0.0196122,-0.00862926,-0.00310852,-0.0145555,-0.158661,-0.0953841
0.486566,-0.0208199,-0.299772,0.278952,-0.0196674,-0.00865171,-0.00311401,-0.014604,-0.15845,-0.0952855
0.492428,-0.206136,-0.299593,0.093457,-0.019723,-0.00867428,-0.00311951,-0.0146528,-0.158236,-0.095187
0.49829,-0.283007,-0.299413,0.016406,-0.0197789,-0.00869697,-0.00312503,-0.0147019,-0.158021,-0.0950886
0.504152,-0.192552,-0.299231,0.106679,-0.0198351,-0.0087198,-0.00313057,-0.0147513,-0.157804,-0.0949903
0.510015,-0.310777,-0.299049,-0.0117278,-0.0198917,-0.00874276,-0.00313614,-0.0148011,-0.157586,-0.094892
0.515877,-0.535031,-0.298867,-0.236164,-0.0199486,-0.00876585,-0.00314172,-0.0148512,-0.157365,-0.0947939
0.521739,-0.373907,-0.298683,-0.0752246,-0.0200058,-0.00878907,-0.00314732,-0.0149016,-0.157143,-0.0946958
0.527601,-0.177783,-0.298498,0.120715,-0.0200634,-0.00881242,-0.00315294,-0.0149524,-0.156919,-0.0945978
0.533464,-0.230546,-0.298312,0.0677667,-0.0201214,-0.00883591,-0.00315858,-0.0150036,-0.156693,-0.0944999
0.539326,-0.367936,-0.298126,-0.0698103,-0.0201797,-0.00885954,-0.00316424,-0.015055,-0.156465,-0.094402
0.545188,-0.238207,-0.297938,0.0597309,-0.0202384,-0.0088833,-0.00316992,-0.0151068,-0.156236,-0.0943043
0.55105,-0.331212,-0.29775,-0.0334616,-0.0202974,-0.00890721,-0.00317563,-0.015159,-0.156004,-0.0942066
0.556913,-0.394388,-0.297561,-0.096827,-0.0203568,-0.00893125,-0.00318135,-0.0152116,-0.155771,-0.094109
0.562775,-0.307459,-0.29737,-0.0100888,-0.0204166,-0.00895544,-0.00318709,-0.0152644,-0.155535,-0.0940115
0.568637,-0.225977,-0.297179,0.0712024,-0.0204767,-0.00897977,-0.00319285,-0.0153177,-0.155298,-0.093914
0.574499,-0.248873,-0.296987,0.0481145,-0.0205372,-0.00900424,-0.00319864,-0.0153713,-0.155059,-0.0938167
0.580362,-0.181624,-0.296794,0.11517,-0.0205981,-0.00902886,-0.00320445,-0.0154253,-0.154818,-0.0937194
0.586224,-0.320191,-0.2966,-0.023591,-0.0206594,-0.00905362,-0.00321027,-0.0154797,-0.154575,-0.0936222
0.592086,-0.344707,-0.296405,-0.0483016,-0.0207211,-0.00907853,-0.00321612,-0.0155344,-0.15433,-0.0935251
0.597948,-0.293299,-0.296209,0.00291073,-0.0207831,-0.0091036,-0.00322199,-0.0155896,-0.154083,-0.0934281
0.60381,-0.341066,-0.296013,-0.0450534,-0.0208456,-0.00912881,-0.00322788,-0.0156451,-0.153834,-0.0933312
0.609673,-0.366115,-0.295815,-0.0703002,-0.0209084,-0.00915418,-0.00323379,-0.015701,-0.153583,-0.0932343
0.615535,-0.468335,-0.295616,-0.172719,-0.0209717,-0.0091797,-0.00323972,-0.0157573,-0.15333,-0.0931375
0.621397,-0.251507,-0.295416,0.0439088,-0.0210353,-0.00920537,-0.00324568,-0.015814,-0.153075,-0.0930408
0.627259,-0.306391,-0.295215,-0.0111756,-0.0210994,-0.00923121,-0.00325166,-0.0158711,-0.152818,-0.0929442
0.633122,-0.361919,-0.295014,-0.0669051,-0.0211639,-0.0092572,-0.00325766,-0.0159286,-0.152559,-0.0928477
0.638984,-0.406162,-0.294811,-0.111351,-0.0212288,-0.00928335,-0.00326368,-0.0159866,-0.152297,-0.0927512
0.644846,-0.247052,-0.294607,0.0475549,-0.0212941,-0.00930966,-0.00326972,-0.0160449,-0.152034,-0.0926549
0.650708,-0.500726,-0.294403,-0.206324,-0.0213599,-0.00933614,-0.00327579,-0.0161037,-0.151768,-0.0925586
0.656571,-0.452427,-0.294197,-0.15823,-0.021426,-0.00936278,-0.00328188,-0.0161629,-0.151501,-0.0924624
0.662433,-0.166175,-0.29399,0.127815,-0.0214927,-0.00938958,-0.00328799,-0.0162225,-0.151231,-0.0923663
0.668295,-0.13544,-0.293782,0.158343,-0.0215597,-0.00941656,-0.00329412,-0.0162825,-0.150959,-0.0922702
0.674157,-0.247859,-0.293574,0.0457148,-0.0216272,-0.0094437,-0.00330028,-0.016343,-0.150685,-0.0921743
0.68002,-0.253249,-0.293364,0.0401151,-0.0216952,-0.00947101,-0.00330646,-0.016404,-0.150409,-0.0920784
0.685882,-0.229735,-0.293153,0.0634181,-0.0217636,-0.0094985,-0.00331266,-0.0164653,-0.15013,-0.0919826
0.691744,-0.243894,-0.292941,0.0490475,-0.0218324,-0.00952616,-0.00331889,-0.0165272,-0.14985,-0.0918869
0.697606,-0.17289,-0.292728,0.119839,-0.0219018,-0.009554,-0.00332514,-0.0165895,-0.149567,-0.0917912
0.703468,-0.172447,-0.292515,0.120067,-0.0219716,-0.00958202,-0.00333141,-0.0166522,-0.149282,-0.0916957
0.709331,-0.35802,-0.2923,-0.0657207,-0.0220418,-0.00961022,-0.0033377,-0.0167155,-0.148994,-0.0916002
0.715193,-0.227406,-0.292084,0.0646779,-0.0221126,-0.00963859,-0.00334402,-0.0167792,-0.148705,-0.0915048
0.721055,-0.219642,-0.291867,0.0722249,-0.0221838,-0.00966715,-0.00335037,-0.0168434,-0.148413,-0.0914095
0.726917,-0.326652,-0.291649,-0.0350028,-0.0222555,-0.0096959,-0.00335674,-0.016908,-0.148118,-0.0913143
0.73278,-0.435645,-0.29143,-0.144215,-0.0223277,-0.00972484,-0.00336313,-0.0169732,-0.147822,-0.0912192
0.738642,-0.275792,-0.291209,0.0154174,-0.0224004,-0.00975396,-0.00336955,-0.0170388,-0.147523,-0.0911241
0.744504,-0.269107,-0.290988,0.0218808,-0.0224736,-0.00978327,-0.00337599,-0.017105,-0.147221,-0.0910291
0.750366,-0.161157,-0.290766,0.129609,-0.0225473,-0.00981278,-0.00338245,-0.0171716,-0.146917,-0.0909342
0.756229,-0.255607,-0.290543,0.034936,-0.0226216,-0.00984248,-0.00338894,-0.0172388,-0.146611,-0.0908394
0.762091,-0.402406,-0.290318,-0.112088,-0.0226963,-0.00987238,-0.00339546,-0.0173065,-0.146303,-0.0907447
0.767953,-0.416427,-0.290093,-0.126334,-0.0227716,-0.00990248,-0.003402,-0.0173747,-0.145992,-0.09065
0.773815,-0.391821,-0.289866,-0.101955,-0.0228474,-0.00993278,-0.00340857,-0.0174434,-0.145678,-0.0905555
0.779678,-0.29202,-0.289638,-0.00238179,-0.0229237,-0.00996328,-0.00341516,-0.0175127,-0.145362,-0.090461
0.78554,-0.187152,-0.289409,0.102258,-0.0230006,-0.00999399,-0.00342177,-0.0175825,-0.145044,-0.0903666
0.791402,-0.217878,-0.28918,0.0713013,-0.023078,-0.0100249,-0.00342842,-0.0176529,-0.144723,-0.0902722
0.797264,-0.234808,-0.288949,0.0541406,-0.023156,-0.010056,-0.00343508,-0.0177238,-0.1444,-0.090178
0.803127,-0.297026,-0.288717,-0.00830979,-0.0232345,-0.0100874,-0.00344178,-0.0177953,-0.144074,-0.0900838
0.808989,-0.163718,-0.288483,0.124766,-0.0233136,-0.0101189,-0.0034485,-0.0178673,-0.143745,-0.0899898
0.814851,-0.177249,-0.288249,0.111001,-0.0233933,-0.0101507,-0.00345524,-0.0179399,-0.143414,-0.0898958
0.820713,-0.123407,-0.288014,0.164607,-0.0234735,-0.0101827,-0.00346202,-0.0180131,-0.143081,-0.0898018
0.826575,-0.25615,-0.287777,0.031627,-0.0235544,-0.0102149,-0.00346881,-0.0180869,-0.142744,-0.089708
0.832438,-0.254802,-0.28754,0.0327374,-0.0236358,-0.0102473,-0.00347564,-0.0181613,-0.142405,-0.0896143
0.8383,-0.289086,-0.287301,-0.00178472,-0.0237178,-0.01028,-0.00348249,-0.0182362,-0.142064,-0.0895206
0.844162,-0.330199,-0.287061,-0.0431381,-0.0238004,-0.0103129,-0.00348937,-0.0183118,-0.14172,-0.089427
0.850024,-0.145013,-0.28682,0.141807,-0.0238837,-0.010346,-0.00349628,-0.018388,-0.141373,-0.0893335
0.855887,-0.142499,-0.286578,0.144079,-0.0239675,-0.0103793,-0.00350321,-0.0184648,-0.141023,-0.0892401
0.861749,-0.0668396,-0.286335,0.219495,-0.024052,-0.0104129,-0.00351017,-0.0185423,-0.140671,-0.0891467
0.867611,-0.144467,-0.28609,0.141624,-0.0241371,-0.0104467,-0.00351716,-0.0186204,-0.140316,-0.0890535
0.873473,-0.170331,-0.285845,0.115514,-0.0242228,-0.0104808,-0.00352418,-0.0186991,-0.139958,-0.0889603
0.879336,-0.319199,-0.285598,-0.0336005,-0.0243092,-0.0105151,-0.00353122,-0.0187785,-0.139597,-0.0888672
0.885198,-0.312961,-0.285351,-0.0276106,-0.0243963,-0.0105497,-0.0035383,-0.0188585,-0.139234,-0.0887742
0.89106,-0.361733,-0.285102,-0.0766316,-0.024484,-0.0105845,-0.0035454,-0.0189392,-0.138867,-0.0886812
0.896922,-0.448355,-0.284852,-0.163504,-0.0245723,-0.0106195,-0.00355253,-0.0190206,-0.138498,-0.0885884
0.902785,-0.195626,-0.2846,0.0889745,-0.0246614,-0.0106548,-0.00355969,-0.0191027,-0.138126,-0.0884956
0.908647,-0.226051,-0.284348,0.0582968,-0.0247511,-0.0106904,-0.00356687,-0.0191854,-0.137751,-0.0884029
0.914509,-0.329772,-0.284095,-0.045677,-0.0248415,-0.0107262,-0.00357409,-0.0192689,-0.137374,-0.0883103
0.920371,-0.297683,-0.28384,-0.0138435,-0.0249326,-0.0107623,-0.00358133,-0.0193531,-0.136993,-0.0882178
0.926234,-0.310591,-0.283584,-0.0270068,-0.0250245,-0.0107987,-0.00358861,-0.019438,-0.136609,-0.0881253
0.932096,-0.141733,-0.283327,0.141594,-0.025117,-0.0108353,-0.00359591,-0.0195236,-0.136222,-0.088033
0.937958,-0.297193,-0.283069,-0.0141243,-0.0252103,-0.0108722,-0.00360325,-0.0196099,-0.135833,-0.0879407
0.94382,-0.228527,-0.28281,0.0542826,-0.0253043,-0.0109094,-0.00361061,-0.019697,-0.13544,-0.0878485
0.949682,-0.298023,-0.282549,-0.0154735,-0.025399,-0.0109469,-0.003618,-0.0197849,-0.135044,-0.0877564
0.955545,-0.347187,-0.282288,-0.0648989,-0.0254945,-0.0109846,-0.00362543,-0.0198735,-0.134646,-0.0876643
0.961407,-0.476385,-0.282025,-0.194359,-0.0255907,-0.0110226,-0.00363288,-0.0199629,-0.134244,-0.0875724
0.967269,-0.38023,-0.281761,-0.0984684,-0.0256878,-0.011061,-0.00364037,-0.0200531,-0.133839,-0.0874805
0.973131,-0.179641,-0.281496,0.101856,-0.0257856,-0.0110996,-0.00364788,-0.0201441,-0.133431,-0.0873887
0.978994,-0.350612,-0.28123,-0.0693816,-0.0258841,-0.0111385,-0.00365543,-0.0202358,-0.133019,-0.087297
0.984856,-0.363324,-0.280963,-0.0823612,-0.0259835,-0.0111777,-0.00366301,-0.0203284,-0.132605,-0.0872054
0.990718,-0.314561,-0.280694,-0.0338664,-0.0260837,-0.0112172,-0.00367062,-0.0204218,-0.132187,-0.0871138
0.99658,-0.296187,-0.280425,-0.0157627,-0.0261847,-0.011257,-0.00367826,-0.0205161,-0.131766,-0.0870224
1.00244,-0.245702,-0.280154,0.0344514,-0.0262865,-0.0112971,-0.00368593,-0.0206112,-0.131342,-0.086931
1.0083,-0.380995,-0.279882,-0.101113,-0.0263892,-0.0113376,-0.00369363,-0.0207071,-0.130915,-0.0868397
1.01417,-0.200612,-0.279609,0.0789962,-0.0264927,-0.0113783,-0.00370137,-0.0208039,-0.130484,-0.0867485
1.02003,-0.244824,-0.279334,0.0345103,-0.026597,-0.0114194,-0.00370914,-0.0209016,-0.13005,-0.0866573
1.02589,-0.199345,-0.279059,0.0797139,-0.0267022,-0.0114608,-0.00371694,-0.0210002,-0.129612,-0.0865663
1.03175,-0.208758,-0.278782,0.0700244,-0.0268083,-0.0115025,-0.00372477,-0.0210997,-0.129172,-0.0864753
1.03762,-0.311344,-0.278504,-0.03284,-0.0269153,-0.0115446,-0.00373264,-0.0212001,-0.128727,-0.0863844
1.04348,-0.17023,-0.278226,0.107996,-0.0270232,-0.011587,-0.00374054,-0.0213014,-0.12828,-0.0862936
1.04934,-0.266775,-0.277946,0.011171,-0.027132,-0.0116297,-0.00374848,-0.0214037,-0.127829,-0.0862029
1.0552,-0.10287,-0.277664,0.174794,-0.0272417,-0.0116728,-0.00375644,-0.0215069,-0.127374,-0.0861122
1.06106,-0.42497,-0.277382,-0.147588,-0.0273524,-0.0117162,-0.00376444,-0.0216111,-0.126916,-0.0860217
1.06693,-0.32846,-0.277099,-0.0513617,-0.027464,-0.01176,-0.00377248,-0.0217162,-0.126455,-0.0859312
1.07279,-0.354358,-0.276814,-0.0775439,-0.0275765,-0.0118042,-0.00378055,-0.0218224,-0.125989,-0.0858408
1.07865,-0.320344,-0.276528,-0.0438161,-0.02769,-0.0118487,-0.00378865,-0.0219295,-0.125521,-0.0857505
1.08451,-0.322527,-0.276241,-0.0462858,-0.0278045,-0.0118936,-0.00379679,-0.0220377,-0.125048,-0.0856602
1.09038,-0.392074,-0.275953,-0.116121,-0.02792,-0.0119388,-0.00380497,-0.0221468,-0.124573,-0.0855701
1.09624,-0.219291,-0.275664,0.0563733,-0.0280365,-0.0119844,-0.00381317,-0.0222571,-0.124093,-0.08548
1.1021,-0.300361,-0.275374,-0.0249876,-0.0281541,-0.0120305,-0.00382142,-0.0223683,-0.12361,-0.08539
1.10796,-0.362801,-0.275082,-0.0877182,-0.0282726,-0.0120768,-0.0038297,-0.0224807,-0.123123,-0.0853001
1.11383,-0.431883,-0.27479,-0.157093,-0.0283922,-0.0121236,-0.00383801,-0.0225941,-0.122632,-0.0852103
1.11969,-0.256147,-0.274496,0.0183493,-0.0285129,-0.0121708,-0.00384637,-0.0227086,-0.122137,-0.0851205
1.12555,-0.332443,-0.274202,-0.0582416,-0.0286346,-0.0122184,-0.00385475,-0.0228243,-0.121639,-0.0850308
1.13141,-0.216879,-0.273906,0.0570273,-0.0287574,-0.0122664,-0.00386318,-0.022941,-0.121137,-0.0849413
1.13727,-0.281283,-0.273609,-0.00767401,-0.0288813,-0.0123148,-0.00387164,-0.023059,-0.120631,-0.0848518
1.14314,-0.327885,-0.273311,-0.0545743,-0.0290064,-0.0123636,-0.00388014,-0.023178,-0.120121,-0.0847623
1.149,-0.356198,-0.273012,-0.0831861,-0.0291325,-0.0124128,-0.00388867,-0.0232983,-0.119607,-0.084673
1.15486,-0.20063,-0.272712,0.0720817,-0.0292598,-0.0124625,-0.00389724,-0.0234197,-0.119089,-0.0845837
1.16072,-0.182908,-0.272411,0.0895026,-0.0293883,-0.0125126,-0.00390586,-0.0235424,-0.118567,-0.0844946
1.16659,-0.189848,-0.272108,0.0822605,-0.0295179,-0.0125631,-0.0039145,-0.0236662,-0.118041,-0.0844055
1.17245,-0.223288,-0.271805,0.048517,-0.0296488,-0.0126141,-0.00392319,-0.0237913,-0.117511,-0.0843165
1.17831,-0.360057,-0.271501,-0.0885559,-0.0297808,-0.0126656,-0.00393192,-0.0239177,-0.116977,-0.0842275
1.18417,-0.192907,-0.271195,0.0782887,-0.0299141,-0.0127174,-0.00394068,-0.0240454,-0.116439,-0.0841387
1.19003,-0.166871,-0.270889,0.104018,-0.0300486,-0.0127698,-0.00394948,-0.0241743,-0.115897,-0.0840499
1.1959,-0.178775,-0.270582,0.0918064,-0.0301843,-0.0128226,-0.00395832,-0.0243045,-0.115351,-0.0839612
1.20176,-0.0824348,-0.270273,0.187838,-0.0303214,-0.0128759,-0.00396721,-0.0244361,-0.1148,-0.0838726
1.20762,-0.246174,-0.269964,0.0237896,-0.0304597,-0.0129297,-0.00397613,-0.024569,-0.114245,-0.0837841
1.21348,-0.286217,-0.269653,-0.0165633,-0.0305993,-0.0129839,-0.00398509,-0.0247033,-0.113686,-0.0836957
1.21935,-0.136375,-0.269342,0.132967,-0.0307403,-0.0130387,-0.00399409,-0.024839,-0.113123,-0.0836073
1.22521,-0.10926,-0.26903,0.15977,-0.0308825,-0.0130939,-0.00400313,-0.0249761,-0.112555,-0.083519
1.23107,-0.273326,-0.268716,-0.00460967,-0.0310262,-0.0131497,-0.00401222,-0.0251146,-0.111983,-0.0834308
1.23693,-0.164466,-0.268402,0.103936,-0.0311712,-0.013206,-0.00402134,-0.0252545,-0.111406,-0.0833427
1.24279,-0.0820599,-0.268087,0.186027,-0.0313176,-0.0132627,-0.00403051,-0.0253959,-0.110825,-0.0832547
1.24866,-0.285064,-0.267771,-0.0172931,-0.0314655,-0.0133201,-0.00403971,-0.0255388,-0.11024,-0.0831668
1.25452,-0.133399,-0.267454,0.134055,-0.0316148,-0.0133779,-0.00404896,-0.0256832,-0.10965,-0.0830789
1.26038,-0.090286,-0.267136,0.17685,-0.0317655,-0.0134363,-0.00405826,-0.0258291,-0.109055,-0.0829911
1.26624,-0.154441,-0.266817,0.112376,-0.0319177,-0.0134952,-0.00406759,-0.0259766,-0.108456,-0.0829034
1.27211,-0.149756,-0.266497,0.116741,-0.0320714,-0.0135547,-0.00407697,-0.0261256,-0.107853,-0.0828158
1.27797,-0.23447,-0.266176,0.0317064,-0.0322266,-0.0136148,-0.00408639,-0.0262762,-0.107244,-0.0827282
1.28383,-0.209908,-0.265855,0.0559472,-0.0323833,-0.0136754,-0.00409585,-0.0264284,-0.106631,-0.0826408
1.28969,-0.29308,-0.265533,-0.027547,-0.0325416,-0.0137366,-0.00410536,-0.0265823,-0.106013,-0.0825534
1.29555,-0.264688,-0.26521,0.000521353,-0.0327015,-0.0137984,-0.00411491,-0.0267378,-0.105391,-0.0824661
1.30142,-0.402585,-0.264886,-0.1377,-0.032863,-0.0138607,-0.0041245,-0.026895,-0.104764,-0.0823789
1.30728,-0.24161,-0.264561,0.0229511,-0.0330261,-0.0139237,-0.00413414,-0.0270538,-0.104131,-0.0822918
1.31314,-0.152889,-0.264235,0.111346,-0.0331908,-0.0139873,-0.00414383,-0.0272144,-0.103494,-0.0822047
1.319,-0.244557,-0.263909,0.0193519,-0.0333572,-0.0140515,-0.00415356,-0.0273768,-0.102852,-0.0821177
1.32487,-0.131105,-0.263582,0.132477,-0.0335253,-0.0141163,-0.00416334,-0.0275409,-0.102205,-0.0820309
1.33073,-0.353707,-0.263254,-0.0904527,-0.0336951,-0.0141818,-0.00417316,-0.0277068,-0.101554,-0.0819441
1.33659,-0.173494,-0.262926,0.0894316,-0.0338667,-0.0142479,-0.00418303,-0.0278745,-0.100897,-0.0818573
1.34245,-0.184451,-0.262597,0.0781461,-0.03404,-0.0143147,-0.00419294,-0.028044,-0.100235,-0.0817707
1.34831,-0.200138,-0.262267,0.0621287,-0.034215,-0.0143821,-0.0042029,-0.0282155,-0.0995675,-0.0816841
1.35418,0.0967141,-0.261937,0.358651,-0.0343919,-0.0144501,-0.00421291,-0.0283887,-0.0988952,-0.0815976
1.36004,-0.182533,-0.261605,0.0790723,-0.0345706,-0.0145189,-0.00422297,-0.028564,-0.0982177,-0.0815113
1.3659,-0.154143,-0.261274,0.107131,-0.0347512,-0.0145883,-0.00423307,-0.0287411,-0.097535,-0.0814249
1.37176,-0.28302,-0.260941,-0.022079,-0.0349336,-0.0146585,-0.00424323,-0.0289202,-0.096847,-0.0813387
1.37763,-0.246111,-0.260608,0.0144969,-0.0351179,-0.0147293,-0.00425343,-0.0291012,-0.0961536,-0.0812526
1.38349,-0.0739409,-0.260274,0.186334,-0.0353042,-0.0148008,-0.00426368,-0.0292843,-0.0954549,-0.0811665
1.38935,-0.0739673,-0.25994,0.185973,-0.0354924,-0.0148731,-0.00427398,-0.0294694,-0.0947508,-0.0810805
1.39521,-0.296574,-0.259605,-0.0369684,-0.0356826,-0.0149461,-0.00428433,-0.0296566,-0.0940413,-0.0809946
1.40107,-0.410096,-0.25927,-0.150826,-0.0358748,-0.0150198,-0.00429472,-0.0298458,-0.0933262,-0.0809088
1.40694,-0.381791,-0.258934,-0.122857,-0.036069,-0.0150943,-0.00430517,-0.0300371,-0.0926056,-0.080823
1.4128,-0.248664,-0.258598,0.0099344,-0.0362653,-0.0151695,-0.00431567,-0.0302306,-0.0918795,-0.0807374
1.41866,-0.196258,-0.258261,0.0620025,-0.0364637,-0.0152455,-0.00432622,-0.0304262,-0.0911477,-0.0806518
1.42452,-0.311599,-0.257924,-0.053675,-0.0366641,-0.0153223,-0.00433683,-0.0306239,-0.0904102,-0.0805663
1.43039,-0.226711,-0.257586,0.0308748,-0.0368667,-0.0153999,-0.00434748,-0.0308239,-0.089667,-0.0804809
1.43625,-0.221816,-0.257247,0.035431,-0.0370714,-0.0154782,-0.00435819,-0.031026,-0.088918,-0.0803955
1.44211,-0.377374,-0.256909,-0.120466,-0.0372784,-0.0155573,-0.00436895,-0.0312304,-0.0881632,-0.0803103
1.44797,-0.173143,-0.256569,0.0834267,-0.0374875,-0.0156373,-0.00437976,-0.031437,-0.0874025,-0.0802251
1.45383,-0.215038,-0.256229,0.041191,-0.0376989,-0.0157181,-0.00439062,-0.0316459,-0.0866359,-0.08014
1.4597,-0.149249,-0.255889,0.10664,-0.0379125,-0.0157997,-0.00440154,-0.031857,-0.0858634,-0.080055
1.46556,-0.140643,-0.255549,0.114906,-0.0381284,-0.0158821,-0.00441252,-0.0320705,-0.0850849,-0.0799701
1.47142,-0.160664,-0.255207,0.0945431,-0.0383467,-0.0159654,-0.00442354,-0.0322863,-0.0843003,-0.0798853
1.47728,-0.183353,-0.254866,0.0715124,-0.0385672,-0.0160495,-0.00443463,-0.0325044,-0.0835095,-0.0798005
1.48315,-0.373102,-0.254524,-0.118578,-0.0387901,-0.0161345,-0.00444576,-0.0327248,-0.0827127,-0.0797158
1.48901,-0.234494,-0.254181,0.0196872,-0.0390154,-0.0162204,-0.00445696,-0.0329476,-0.0819096,-0.0796312
1.49487,-0.0565798,-0.253838,0.197258,-0.0392431,-0.0163071,-0.00446821,-0.0331727,-0.0811002,-0.0795467
1.50073,-0.238389,-0.253495,0.0151057,-0.0394732,-0.0163947,-0.00447951,-0.0334002,-0.0802846,-0.0794623
1.5066,-0.30014,-0.253151,-0.0469893,-0.0397058,-0.0164832,-0.00449088,-0.0336301,-0.0794626,-0.0793779
1.51246,-0.277211,-0.252806,-0.0244047,-0.0399408,-0.0165726,-0.0045023,-0.0338623,-0.0786341,-0.0792937
1.51832,-0.26559,-0.252461,-0.0131292,-0.0401784,-0.0166629,-0.00451378,-0.0340969,-0.0777992,-0.0792095
1.52418,-0.15986,-0.252115,0.0922544,-0.0404184,-0.0167541,-0.00452532,-0.0343338,-0.0769578,-0.0791254
1.53004,-0.143958,-0.251768,0.10781,-0.0406609,-0.0168463,-0.00453691,-0.0345731,-0.0761098,-0.0790413
1.53591,-0.14552,-0.251421,0.105901,-0.040906,-0.0169393,-0.00454857,-0.0348147,-0.0752551,-0.0789574
1.54177,-0.0524706,-0.251073,0.198602,-0.0411536,-0.0170332,-0.00456028,-0.0350586,-0.0743938,-0.0788735
1.54763,-0.119186,-0.250724,0.131538,-0.0414038,-0.0171281,-0.00457206,-0.0353048,-0.0735257,-0.0787897
1.55349,0.00142467,-0.250374,0.251799,-0.0416566,-0.0172239,-0.00458389,-0.0355532,-0.0726508,-0.078706
1.55936,-0.117673,-0.250024,0.13235,-0.0419119,-0.0173206,-0.00459579,-0.0358039,-0.0717691,-0.0786224
1.56522,-0.152184,-0.249672,0.0974875,-0.0421698,-0.0174182,-0.00460775,-0.0360567,-0.0708804,-0.0785389
1.57108,-0.197677,-0.249319,0.0516417,-0.0424303,-0.0175167,-0.00461977,-0.0363117,-0.0699848,-0.0784554
1.57694,-0.151229,-0.248964,0.0977354,-0.0426933,-0.0176161,-0.00463185,-0.0365686,-0.0690821,-0.0783721
1.5828,-0.239548,-0.248608,0.00906057,-0.0429589,-0.0177165,-0.004644,-0.0368276,-0.0681723,-0.0782888
1.58867,-0.238671,-0.248251,0.00957922,-0.0432271,-0.0178177,-0.00465621,-0.0370885,-0.0672554,-0.0782056
1.59453,-0.0862351,-0.247891,0.161656,-0.0434979,-0.0179199,-0.00466848,-0.0373512,-0.0663313,-0.0781224
1.60039,0.0239741,-0.24753,0.271504,-0.0437711,-0.0180229,-0.00468082,-0.0376156,-0.0653999,-0.0780394
1.60625,-0.131876,-0.247166,0.11529,-0.0440469,-0.0181267,-0.00469322,-0.0378816,-0.0644611,-0.0779564
1.61212,-0.131002,-0.2468,0.115798,-0.0443251,-0.0182314,-0.00470569,-0.0381491,-0.063515,-0.0778736
1.61798,-0.197358,-0.246431,0.0490729,-0.0446057,-0.018337,-0.00471822,-0.0384178,-0.0625614,-0.0777908
1.62384,-0.0778758,-0.246059,0.168183,-0.0448888,-0.0184433,-0.00473082,-0.0386877,-0.0616003,-0.077708
1.6297,-0.13232,-0.245684,0.113363,-0.0451742,-0.0185504,-0.00474349,-0.0389585,-0.0606316,-0.0776254
1.63556,-0.169099,-0.245304,0.0762055,-0.0454618,-0.0186583,-0.00475622,-0.0392301,-0.0596552,-0.0775429
1.64143,-0.203207,-0.244921,0.0417143,-0.0457516,-0.0187669,-0.00476903,-0.0395021,-0.0586711,-0.0774604
1.64729,-0.262144,-0.244533,-0.0176103,-0.0460436,-0.0188761,-0.0047819,-0.0397744,-0.0576793,-0.077378
1.65315,-0.3221,-0.24414,-0.0779595,-0.0463376,-0.018986,-0.00479484,-0.0400466,-0.0566795,-0.0772957
1.65901,-0.304992,-0.243741,-0.0612509,-0.0466334,-0.0190964,-0.00480785,-0.0403184,-0.0556719,-0.0772135
1.66488,-0.214296,-0.243336,0.0290402,-0.0469311,-0.0192074,-0.00482093,-0.0405894,-0.0546563,-0.0771313
1.67074,-0.296271,-0.242924,-0.0533462,-0.0472304,-0.0193188,-0.00483408,-0.0408592,-0.0536326,-0.0770492
1.6766,-0.36289,-0.242505,-0.120386,-0.0475313,-0.0194306,-0.00484731,-0.0411273,-0.0526008,-0.0769673
1.68246,-0.272137,-0.242076,-0.0300613,-0.0478334,-0.0195427,-0.0048606,-0.0413933,-0.0515608,-0.0768854
1.68832,-0.275213,-0.241638,-0.0335748,-0.0481366,-0.0196549,-0.00487397,-0.0416565,-0.0505125,-0.0768035
1.69419,-0.303919,-0.24119,-0.0627295,-0.0484408,-0.0197674,-0.00488741,-0.0419164,-0.0494559,-0.0767218
1.70005,-0.188663,-0.240729,0.0520666,-0.0487455,-0.0198797,-0.00490093,-0.0421721,-0.0483909,-0.0766402
1.70591,-0.249965,-0.240256,-0.00970907,-0.0490507,-0.019992,-0.00491452,-0.042423,-0.0473174,-0.0765586
1.71177,-0.0986777,-0.239769,0.141091,-0.0493559,-0.020104,-0.00492818,-0.0426681,-0.0462353,-0.0764771
1.71764,0.0467459,-0.239265,0.286011,-0.0496608,-0.0202156,-0.00494192,-0.0429065,-0.0451446,-0.0763957
1.7235,0.0872612,-0.238744,0.326005,-0.049965,-0.0203265,-0.00495574,-0.043137,-0.0440452,-0.0763143
1.72936,-0.268121,-0.238203,-0.0299185,-0.0502681,-0.0204367,-0.00496963,-0.0433584,-0.042937,-0.0762331
1.73522,-0.341365,-0.23764,-0.103725,-0.0505696,-0.0205458,-0.0049836,-0.0435694,-0.04182,-0.0761519
1.74108,-0.263704,-0.237054,-0.02665,-0.050869,-0.0206536,-0.00499765,-0.0437684,-0.040694,-0.0760709
1.74695,-0.150144,-0.23644,0.0862957,-0.0511657,-0.02076,-0.00501178,-0.0439538,-0.039559,-0.0759899
1.75281,-0.26475,-0.235797,-0.0289535,-0.0514589,-0.0208645,-0.00502599,-0.0441235,-0.0384149,-0.0759089
1.75867,-0.170329,-0.23512,0.0647911,-0.0517481,-0.0209668,-0.00504027,-0.0442756,-0.0372616,-0.0758281
1.76453,-0.171326,-0.234407,0.0630812,-0.0520322,-0.0210666,-0.00505464,-0.0444075,-0.036099,-0.0757473
1.7704,-0.189957,-0.233653,0.0436967,-0.0523105,-0.0211634,-0.00506909,-0.0445166,-0.0349271,-0.0756667
1.77626,-0.180524,-0.232854,0.0523299,-0.0525819,-0.0212568,-0.00508362,-0.0445998,-0.0337458,-0.0755861
1.78212,-0.196266,-0.232004,0.0357382,-0.0528453,-0.0213463,-0.00509824,-0.0446538,-0.032555,-0.0755056
1.78798,-0.174131,-0.231098,0.0569668,-0.0530993,-0.0214312,-0.00511294,-0.0446746,-0.0313546,-0.0754251
1.79384,-0.115252,-0.230128,0.114877,-0.0533425,-0.021511,-0.00512772,-0.0446579,-0.0301445,-0.0753448
1.79971,-0.262191,-0.229089,-0.0331026,-0.0535735,-0.0215848,-0.00514259,-0.0445988,-0.0289247,-0.0752645
1.80557,-0.349392,-0.227971,-0.121421,-0.0537903,-0.0216519,-0.00515754,-0.0444917,-0.027695,-0.0751843
1.81143,-0.219144,-0.226765,0.00762132,-0.053991,-0.0217114,-0.00517258,-0.0443303,-0.0264554,-0.0751042
1.81729,-0.125927,-0.225461,0.0995338,-0.0541733,-0.0217622,-0.00518771,-0.0441074,-0.0252057,-0.0750242
1.82316,-0.249459,-0.224046,-0.0254136,-0.0543348,-0.0218032,-0.00520292,-0.0438147,-0.0239459,-0.0749443
1.82902,-0.226954,-0.222507,-0.00444637,-0.0544727,-0.021833,-0.00521823,-0.043443,-0.0226759,-0.0748644
1.83488,-0.306371,-0.220829,-0.0855419,-0.0545837,-0.0218503,-0.00523362,-0.0429813,-0.0213956,-0.0747846
1.84074,-0.111709,-0.218994,0.107285,-0.0546643,-0.0218532,-0.0052491,-0.0424176,-0.0201049,-0.074705
1.8466,-0.248839,-0.216982,-0.0318574,-0.0547106,-0.02184,-0.00526468,-0.0417374,-0.0188038,-0.0746253
1.85247,-0.171745,-0.214769,0.0430239,-0.054718,-0.0218086,-0.00528034,-0.0409246,-0.017492,-0.0745458
1.85833,-0.215812,-0.21233,-0.00348269,-0.0546813,-0.0217563,-0.0052961,-0.0399601,-0.0161696,-0.0744664
1.86419,-0.000682919,-0.209633,0.20895,-0.0545948,-0.0216807,-0.00531196,-0.0388219,-0.0148364,-0.074387
1.87005,-0.164317,-0.206643,0.0423261,-0.0544519,-0.0215784,-0.0053279,-0.0374845,-0.0134923,-0.0743077
1.87592,-0.105105,-0.203319,0.0982139,-0.0542452,-0.0214458,-0.00534395,-0.0359179,-0.0121373,-0.0742285
1.88178,-0.0889709,-0.199612,0.110642,-0.053966,-0.0212789,-0.00536008,-0.0340869,-0.0107711,-0.0741494
1.88764,-0.0947974,-0.195468,0.100671,-0.0536048,-0.021073,-0.00537632,-0.0319501,-0.00939384,-0.0740704
1.8935,-0.072422,-0.190821,0.118399,-0.0531503,-0.0208224,-0.00539265,-0.0294586,-0.00800527,-0.0739914
1.89936,-0.120911,-0.185592,0.0646808,-0.0525898,-0.020521,-0.00540908,-0.0265541,-0.00660532,-0.0739125
1.90523,-0.182408,-0.17969,-0.00271798,-0.0519086,-0.0201615,-0.00542561,-0.0231671,-0.00519389,-0.0738337
1.91109,0.0736501,-0.173007,0.246657,-0.0510898,-0.0197353,-0.00544225,-0.019214,-0.00377086,-0.073755
1.91695,-0.210134,-0.165412,-0.0447219,-0.0501137,-0.0192325,-0.00545898,-0.0145941,-0.00233615,-0.0736764
1.92281,-0.160148,-0.156748,-0.00340002,-0.0489578,-0.0186416,-0.00547581,-0.00918491,-0.000889623,-0.0735978
1.92868,-0.0202892,-0.146824,0.126535,-0.0475955,-0.0179489,-0.00549275,-0.00283662,0.000568812,-0.0735194
1.93454,-0.238522,-0.135411,-0.103112,-0.0459959,-0.0171384,-0.00550979,0.00463511,0.00203927,-0.073441
1.9404,-0.243195,-0.122223,-0.120972,-0.0441229,-0.016191,-0.00552694,0.013459,0.00352186,-0.0733627
1.94626,-0.154778,-0.106909,-0.0478697,-0.0419338,-0.0150841,-0.00554419,0.0239212,0.00501671,-0.0732845
1.95213,-0.0568891,-0.0890299,0.0321408,-0.0393782,-0.0137906,-0.00556155,0.0363829,0.00652391,-0.0732063
1.95799,0.0255023,-0.0680334,0.0935356,-0.0363964,-0.0122778,-0.00557902,0.0513045,0.00804359,-0.0731283
1.96385,-0.0133731,-0.0432149,0.0298418,-0.0329169,-0.0105063,-0.0055966,0.0692794,0.00957586,-0.0730503
1.96971,0.0921984,-0.0136672,0.105866,-0.0288542,-0.00842814,-0.00561429,0.091081,0.0111208,-0.0729724
1.97557,-0.0979291,0.0217941,-0.119723,-0.0241052,-0.0059844,-0.00563208,0.117732,0.0126787,-0.0728946
1.98144,0.155357,0.0647372,0.0906196,-0.0185446,-0.00310248,-0.00564999,0.150602,0.0142494,-0.0728168
1.9873,0.0256304,0.117273,-0.0916426,-0.0120197,0.00030793,-0.00566802,0.191559,0.0158333,-0.0727392
1.99316,0.0763552,0.182295,-0.10594,-0.00434279,0.00436017,-0.00568615,0.243195,0.0174303,-0.0726616
1.99902,0.177,0.263853,-0.0868532,0.00471878,0.0091977,-0.00570441,0.309185,0.0190407,-0.0725841
2.00489,0.342882,0.367754,-0.0248719,0.0154553,0.0150041,-0.00572277,0.39486,0.0206645,-0.0725067
2.01075,0.50037,0.502553,-0.00218366,0.0282324,0.0220166,-0.00574126,0.508173,0.0223018,-0.0724294
2.01661,0.601437,0.681269,-0.0798327,0.0435151,0.0305462,-0.00575986,0.661367,0.0239529,-0.0723522
2.02247,0.817949,0.924473,-0.106524,0.0619011,0.0410052,-0.00577859,0.874002,0.0256178,-0.072275
2.02833,1.03567,1.26616,-0.230483,0.0841673,0.0539496,-0.00579743,1.17874,0.0272967,-0.0721979
2.0342,1.4884,1.76559,-0.277191,0.111337,0.0701413,-0.0058164,1.63306,0.0289897,-0.0721209
2.04006,1.99446,2.53309,-0.538635,0.144778,0.0906446,-0.00583549,2.34485,0.0306969,-0.072044
2.04592,3.18737,3.79088,-0.60351,0.186345,0.116979,-0.0058547,3.53296,0.0324185,-0.0719672
2.05178,5.65733,6.03106,-0.373722,0.238602,0.151369,-0.00587404,5.68469,0.0341546,-0.0718904
2.05765,11.1527,10.4591,0.693582,0.305166,0.197164,-0.00589351,9.99858,0.0359053,-0.0718138
2.06351,24.1234,20.1377,3.98571,0.391252,0.259579,-0.0059131,19.5269,0.0376708,-0.0717372
2.06937,44.7808,39.1882,5.59258,0.504587,0.34706,-0.00593283,38.3747,0.0394513,-0.0716607
2.07523,45.1569,47.2368,-2.07993,0.656976,0.473935,-0.00595268,46.1422,0.0412468,-0.0715843
2.08109,26.0855,29.5743,-3.48877,0.8671,0.66592,-0.00597266,28.0757,0.0430575,-0.0715079
2.08696,14.0692,17.2966,-3.22734,1.16581,0.972423,-0.00599278,15.1909,0.0448836,-0.0714317
2.09282,9.53646,12.1194,-2.58292,1.60669,1.49658,-0.00601304,9.04675,0.0467253,-0.0713555
2.09868,8.34933,10.6802,-2.33083,2.28869,2.47565,-0.00603342,5.94454,0.0485825,-0.0712794
2.10454,10.2448,12.1,-1.85516,3.40862,4.50881,-0.00605395,4.20933,0.0504557,-0.0712034
2.11041,16.1646,17.5627,-1.39813,5.39467,9.04261,-0.00607461,3.15029,0.0523448,-0.0711274
2.11627,27.3842,28.0519,-0.667626,9.27679,16.3398,-0.00609542,2.45812,0.05425,-0.0710516
2.12213,36.3428,34.7921,1.55068,17.701,15.1313,-0.00611636,1.98082,0.0561715,-0.0709758
2.12799,46.2628,45.6855,0.577294,35.6622,8.40486,-0.00613745,1.63736,0.0581094,-0.0709001
2.13385,57.4073,57.05,0.357261,51.0258,4.65961,-0.00615868,1.38154,0.060064,-0.0708245
2.13972,40.2538,38.772,1.48178,34.7323,2.8691,-0.00618005,1.18554,0.0620354,-0.070749
2.14558,21.1711,21.6023,-0.431125,18.6491,1.93425,-0.00620158,1.03176,0.0640237,-0.0706735
2.15144,11.6454,13.1166,-1.47121,10.8235,1.39519,-0.00622325,0.908683,0.0660291,-0.0705982
2.1573,7.66908,8.8192,-1.15012,6.96127,1.05816,-0.00624507,0.808473,0.0680517,-0.0705229
2.16317,5.58093,6.4034,-0.82247,4.85065,0.833712,-0.00626704,0.725664,0.0700919,-0.0704477
2.16903,4.16561,4.91479,-0.749186,3.58635,0.676614,-0.00628917,0.656346,0.0721496,-0.0703726
2.17489,3.45962,3.92947,-0.469856,2.77199,0.562206,-0.00631145,0.597658,0.0742252,-0.0702976
2.18075,2.90703,3.24022,-0.333185,2.21684,0.476153,-0.00633388,0.547466,0.0763187,-0.0702226
2.18661,2.40779,2.73676,-0.328969,1.821,0.409677,-0.00635648,0.504154,0.0784304,-0.0701477
2.19248,2.21801,2.35612,-0.13811,1.52837,0.357163,-0.00637923,0.466475,0.0805604,-0.070073
2.19834,1.95524,2.06019,-0.104946,1.30554,0.314882,-0.00640215,0.433459,0.082709,-0.0699982
2.2042,1.60044,1.82476,-0.224316,1.13161,0.280279,-0.00642522,0.404337,0.0848762,-0.0699236
2.21006,1.39177,1.63384,-0.242064,0.99302,0.251557,-0.00644847,0.378495,0.0870624,-0.0698491
2.21593,1.27949,1.47648,-0.196984,0.880599,0.227419,-0.00647187,0.355438,0.0892676,-0.0697746
2.22179,1.31012,1.34497,-0.0348533,0.788002,0.206909,-0.00649545,0.334763,0.0914922,-0.0697002
2.22765,1.19156,1.23375,-0.0421915,0.710711,0.189312,-0.0065192,0.316138,0.0937362,-0.0696259
2.23351,0.979704,1.13871,-0.159006,0.645435,0.174084,-0.00654311,0.299287,0.0959999,-0.0695517
2.23937,0.843632,1.05675,-0.213121,0.589732,0.160801,-0.0065672,0.283982,0.0982834,-0.0694776
2.24524,0.961162,0.985512,-0.0243493,0.541757,0.149134,-0.00659147,0.270029,0.100587,-0.0694035
2.2511,0.94042,0.923147,0.0172732,0.500096,0.138819,-0.00661591,0.257266,0.102911,-0.0693296
2.25696,0.948937,0.868208,0.0807297,0.463647,0.129647,-0.00664053,0.245554,0.105255,-0.0692557
2.26282,0.838979,0.819538,0.0194407,0.431543,0.121448,-0.00666534,0.234774,0.107621,-0.0691819
2.26869,0.624626,0.776206,-0.15158,0.403091,0.114082,-0.00669032,0.224825,0.110007,-0.0691081
2.27455,0.633526,0.737452,-0.103926,0.377734,0.107435,-0.00671549,0.215619,0.112414,-0.0690345
2.28041,0.848898,0.70265,0.146247,0.35502,0.101411,-0.00674085,0.207079,0.114842,-0.0689609
2.28627,0.723605,0.671285,0.0523203,0.334577,0.0959307,-0.0067664,0.199138,0.117292,-0.0688874
2.29213,0.626852,0.642922,-0.01607,0.316098,0.090927,-0.00679213,0.191739,0.119764,-0.068814
2.298,0.723286,0.617199,0.106086,0.299326,0.0863433,-0.00681806,0.18483,0.122258,-0.0687407
2.30386,0.706371,0.593808,0.112562,0.284048,0.0821309,-0.00684419,0.178367,0.124774,-0.0686675
2.30972,0.484526,0.572486,-0.0879596,0.27008,0.0782485,-0.00687051,0.172309,0.127313,-0.0685943
2.31558,0.254141,0.553008,-0.298866,0.257271,0.0746603,-0.00689703,0.16662,0.129874,-0.0685213
2.32145,0.389894,0.53518,-0.145286,0.245487,0.0713355,-0.00692376,0.161271,0.132459,-0.0684483
2.32731,0.487483,0.518835,-0.0313516,0.234616,0.0682471,-0.00695069,0.156231,0.135066,-0.0683754
2.33317,0.625421,0.503827,0.121594,0.224561,0.0653719,-0.00697782,0.151477,0.137697,-0.0683025
2.33903,0.56121,0.490029,0.0711815,0.215238,0.0626892,-0.00700516,0.146985,0.140352,-0.0682298
2.34489,0.257917,0.477328,-0.219411,0.206571,0.0601809,-0.00703272,0.142736,0.143031,-0.0681571
2.35076,0.463526,0.465628,-0.00210131,0.198498,0.0578313,-0.00706048,0.13871,0.145733,-0.0680846
2.35662,0.475902,0.45484,0.0210622,0.190962,0.0556261,-0.00708847,0.134892,0.148461,-0.0680121
2.36248,0.571021,0.444888,0.126133,0.183913,0.0535529,-0.00711667,0.131266,0.151213,-0.0679396
2.36834,0.364685,0.435703,-0.0710177,0.177307,0.0516005,-0.00714509,0.127818,0.15399,-0.0678673
2.37421,0.247732,0.427225,-0.179493,0.171105,0.049759,-0.00717374,0.124537,0.156792,-0.067795
2.38007,0.158231,0.419398,-0.261167,0.165274,0.0480193,-0.00720261,0.121411,0.159619,-0.0677229
2.38593,0.250703,0.412174,-0.161471,0.159781,0.0463735,-0.00723171,0.11843,0.162473,-0.0676508
2.39179,0.399889,0.405509,-0.00561954,0.154599,0.0448143,-0.00726104,0.115583,0.165352,-0.0675788
2.39766,0.394567,0.399362,-0.00479578,0.149703,0.0433352,-0.0072906,0.112863,0.168258,-0.0675068
2.40352,0.396331,0.393699,0.00263174,0.145071,0.0419303,-0.0073204,0.110262,0.171191,-0.067435
2.40938,0.49261,0.388486,0.104124,0.140684,0.0405943,-0.00735044,0.107772,0.17415,-0.0673632
2.41524,0.471271,0.383695,0.0875765,0.136522,0.0393223,-0.00738073,0.105386,0.177137,-0.0672915
2.4211,0.203814,0.379297,-0.175483,0.132569,0.0381098,-0.00741125,0.103098,0.180151,-0.0672199
2.42697,0.392901,0.37527,0.0176312,0.128811,0.0369529,-0.00744203,0.100903,0.183193,-0.0671484
2.43283,0.342924,0.37159,-0.0286654,0.125234,0.0358478,-0.00747305,0.0987952,0.186263,-0.067077
2.43869,0.316965,0.368237,-0.051272,0.121825,0.0347911,-0.00750433,0.0967694,0.189361,-0.0670056
2.44455,0.324053,0.365192,-0.0411396,0.118573,0.0337798,-0.00753587,0.0948212,0.192488,-0.0669344
2.45042,0.38122,0.362439,0.0187812,0.115468,0.0328109,-0.00756766,0.0929464,0.195645,-0.0668632
2.45628,0.208451,0.359962,-0.15151,0.1125,0.0318819,-0.00759972,0.091141,0.19883,-0.0667921
2.46214,0.463525,0.357745,0.10578,0.109661,0.0309904,-0.00763205,0.0894015,0.202045,-0.066721
2.468,0.314185,0.355777,-0.0415915,0.106943,0.0301341,-0.00766464,0.0877242,0.205291,-0.0666501
2.47386,0.309368,0.354044,-0.0446763,0.104338,0.0293109,-0.00769751,0.0861061,0.208566,-0.0665792
2.47973,0.409746,0.352535,0.0572104,0.101839,0.0285189,-0.00773065,0.0845442,0.211872,-0.0665084
2.48559,0.622507,0.35124,0.271267,0.0994403,0.0277565,-0.00776407,0.0830356,0.21521,-0.0664377
2.49145,0.445047,0.350149,0.0948976,0.0971362,0.0270218,-0.00779778,0.0815778,0.218578,-0.0663671
2.49731,0.455158,0.349253,0.105905,0.0949211,0.0263135,-0.00783177,0.0801683,0.221979,-0.0662966
2.50318,0.315283,0.348544,-0.0332606,0.09279,0.0256301,-0.00786605,0.0788048,0.225411,-0.0662261
2.50904,0.443692,0.348013,0.0956787,0.0907384,0.0249702,-0.00790062,0.0774851,0.228876,-0.0661557
2.5149,0.268426,0.347654,-0.079228,0.0887619,0.0243326,-0.00793549,0.0762073,0.232373,-0.0660855
2.52076,0.341693,0.34746,-0.00576789,0.0868565,0.0237162,-0.00797066,0.0749693,0.235904,-0.0660152
2.52662,0.471227,0.347425,0.123802,0.0850185,0.02312,-0.00800613,0.0737695,0.239469,-0.0659451
2.53249,0.473695,0.347543,0.126152,0.0832445,0.0225428,-0.00804191,0.0726061,0.243067,-0.0658751
2.53835,0.414179,0.347809,0.0663706,0.0815311,0.0219837,-0.00807801,0.0714776,0.246699,-0.0658051
2.54421,0.336539,0.348217,-0.0116777,0.0798754,0.0214419,-0.00811442,0.0703824,0.250367,-0.0657352
2.55007,0.230466,0.348762,-0.118296,0.0782744,0.0209166,-0.00815115,0.0693191,0.254069,-0.0656654
2.55594,0.396703,0.349442,0.047261,0.0767256,0.0204069,-0.0081882,0.0682863,0.257807,-0.0655957
2.5618,0.392568,0.35025,0.0423173,0.0752264,0.0199121,-0.00822558,0.0672829,0.26158,-0.0655261
2.56766,0.392896,0.351184,0.0417117,0.0737745,0.0194316,-0.0082633,0.0663076,0.26539,-0.0654565
2.57352,0.455465,0.35224,0.103225,0.0723676,0.0189646,-0.00830135,0.0653592,0.269237,-0.065387
2.57938,0.469819,0.353415,0.116404,0.0710038,0.0185106,-0.00833974,0.0644367,0.273121,-0.0653176
2.58525,0.612702,0.354705,0.257997,0.0696811,0.018069,-0.00837847,0.0635391,0.277043,-0.0652483
2.59111,0.456454,0.356108,0.100347,0.0683975,0.0176392,-0.00841756,0.0626654,0.281002,-0.0651791
2.59697,0.325692,0.35762,-0.0319281,0.0671515,0.0172208,-0.008457,0.0618146,0.285,-0.0651099
2.60283,0.159671,0.35924,-0.199569,0.0659413,0.0168132,-0.00849679,0.060986,0.289037,-0.0650409
2.6087,0.492511,0.360964,0.131546,0.0647654,0.016416,-0.00853695,0.0601786,0.293113,-0.0649719
2.61456,0.566578,0.362792,0.203786,0.0636224,0.0160288,-0.00857748,0.0593917,0.297229,-0.064903
2.62042,0.457026,0.36472,0.0923065,0.0625109,0.0156511,-0.00861838,0.0586245,0.301386,-0.0648342
2.62628,0.388075,0.366746,0.0213291,0.0614296,0.0152825,-0.00865966,0.0578763,0.305583,-0.0647654
2.63214,0.326507,0.368869,-0.042362,0.0603772,0.0149227,-0.00870132,0.0571465,0.309821,-0.0646968
2.63801,0.412039,0.371088,0.0409516,0.0593527,0.0145713,-0.00874337,0.0564343,0.314101,-0.0646282
2.64387,0.503252,0.3734,0.129852,0.0583547,0.014228,-0.00878581,0.0557391,0.318423,-0.0645597
2.64973,0.361335,0.375804,-0.0144691,0.0573824,0.0138924,-0.00882865,0.0550605,0.322788,-0.0644913
2.65559,0.573054,0.378299,0.194756,0.0564347,0.0135643,-0.00887189,0.0543977,0.327197,-0.0644229
2.66146,0.531325,0.380883,0.150442,0.0555107,0.0132434,-0.00891555,0.0537502,0.331649,-0.0643547
2.66732,0.397579,0.383555,0.0140239,0.0546095,0.0129294,-0.00895961,0.0531176,0.336145,-0.0642865
2.67318,0.399919,0.386315,0.0136044,0.0537301,0.012622,-0.00900409,0.0524994,0.340686,-0.0642184
2.67904,0.465021,0.389161,0.07586,0.0528719,0.0123209,-0.009049,0.051895,0.345272,-0.0641504
2.6849,0.489739,0.392092,0.0976471,0.0520339,0.012026,-0.00909434,0.051304,0.349905,-0.0640825
2.69077,0.415564,0.395107,0.0204567,0.0512155,0.0117371,-0.00914012,0.050726,0.354584,-0.0640147
2.69663,0.350873,0.398206,-0.0473334,0.050416,0.0114538,-0.00918634,0.0501605,0.359309,-0.0639469
2.70249,0.479639,0.401388,0.0782511,0.0496347,0.011176,-0.00923301,0.0496072,0.364083,-0.0638792
2.70835,0.441221,0.404652,0.0365684,0.0488709,0.0109034,-0.00928013,0.0490658,0.368904,-0.0638116
2.71422,0.443401,0.407998,0.0354024,0.0481241,0.010636,-0.00932771,0.0485357,0.373774,-0.0637441
2.72008,0.408919,0.411425,-0.0025062,0.0473936,0.0103735,-0.00937576,0.0480167,0.378694,-0.0636767
2.72594,0.410721,0.414933,-0.00421193,0.0466789,0.0101157,-0.00942428,0.0475084,0.383663,-0.0636093
2.7318,0.366061,0.418521,-0.0524599,0.0459794,0.0098625,-0.00947329,0.0470105,0.388683,-0.0635421
2.73766,0.496526,0.422188,0.0743376,0.0452946,0.00961369,-0.00952278,0.0465227,0.393755,-0.0634749
2.74353,0.16127,0.425935,-0.264665,0.0446241,0.00936914,-0.00957276,0.0460448,0.398878,-0.0634078
2.74939,0.28271,0.429762,-0.147052,0.0439674,0.00912868,-0.00962324,0.0455763,0.404053,-0.0633408
2.75525,0.272942,0.433667,-0.160725,0.043324,0.00889219,-0.00967423,0.0451171,0.409282,-0.0632738
2.76111,0.497513,0.437651,0.0598618,0.0426935,0.00865953,-0.00972573,0.0446668,0.414564,-0.063207
2.76698,0.255387,0.441714,-0.186327,0.0420754,0.00843055,-0.00977775,0.0442252,0.419901,-0.0631402
2.77284,0.460111,0.445856,0.0142551,0.0414694,0.00820515,-0.0098303,0.0437921,0.425293,-0.0630735
2.7787,0.448246,0.450076,-0.00183058,0.0408751,0.00798318,-0.00988339,0.0433673,0.430741,-0.0630069
2.78456,0.383445,0.454375,-0.0709297,0.0402922,0.00776455,-0.00993702,0.0429504,0.436245,-0.0629403
2.79043,0.243903,0.458752,-0.214849,0.0397202,0.00754913,-0.00999119,0.0425413,0.441807,-0.0628739
2.79629,0.226908,0.463208,-0.2363,0.0391588,0.00733682,-0.0100459,0.0421398,0.447426,-0.0628075
2.80215,0.526159,0.467743,0.0584168,0.0386077,0.00712751,-0.0101012,0.0417456,0.453104,-0.0627412
2.80801,0.408544,0.472356,-0.0638115,0.0380667,0.00692109,-0.0101571,0.0413586,0.458842,-0.062675
2.81387,0.461264,0.477048,-0.0157842,0.0375353,0.00671748,-0.0102136,0.0409786,0.464639,-0.0626089
2.81974,0.403462,0.48182,-0.0783579,0.0370134,0.00651658,-0.0102706,0.0406053,0.470498,-0.0625429
2.8256,0.359467,0.486671,-0.127204,0.0365005,0.0063183,-0.0103282,0.0402387,0.476419,-0.0624769
2.83146,0.513972,0.491602,0.0223702,0.0359966,0.00612255,-0.0103865,0.0398785,0.482402,-0.062411
2.83732,0.544976,0.496612,0.0483639,0.0355012,0.00592924,-0.0104453,0.0395246,0.488448,-0.0623452
2.84319,0.507704,0.501703,0.00600063,0.0350141,0.00573829,-0.0105048,0.0391768,0.494558,-0.0622795
2.84905,0.546441,0.506875,0.0395658,0.0345352,0.00554963,-0.0105649,0.038835,0.500734,-0.0622139
2.85491,0.607784,0.512127,0.0956564,0.0340642,0.00536317,-0.0106257,0.0384989,0.506975,-0.0621483
2.86077,0.493524,0.517461,-0.023937,0.0336008,0.00517884,-0.0106871,0.0381686,0.513283,-0.0620828
2.86663,0.541416,0.522877,0.018539,0.0331448,0.00499657,-0.0107491,0.0378437,0.519658,-0.0620175
2.8725,0.348044,0.528375,-0.180331,0.0326961,0.0048163,-0.0108119,0.0375243,0.526102,-0.0619522
2.87836,0.512052,0.533956,-0.0219044,0.0322544,0.00463794,-0.0108753,0.0372101,0.532616,-0.0618869
2.88422,0.505246,0.53962,-0.0343744,0.0318195,0.00446144,-0.0109393,0.036901,0.539199,-0.0618218
2.89008,0.661613,0.545368,0.116245,0.0313913,0.00428673,-0.0110041,0.0365969,0.545854,-0.0617567
2.89595,0.573638,0.551201,0.0224372,0.0309695,0.00411375,-0.0110696,0.0362977,0.552581,-0.0616917
2.90181,0.683376,0.557118,0.126258,0.030554,0.00394244,-0.0111358,0.0360033,0.559381,-0.0616268
2.90767,0.61723,0.563121,0.0541088,0.0301446,0.00377274,-0.0112027,0.0357136,0.566255,-0.061562
2.91353,0.644905,0.569211,0.075694,0.0297412,0.0036046,-0.0112703,0.0354284,0.573204,-0.0614973
2.91939,0.598795,0.575387,0.0234084,0.0293436,0.00343795,-0.0113387,0.0351477,0.580229,-0.0614326
2.92526,0.538434,0.581651,-0.0432164,0.0289516,0.00327275,-0.0114078,0.0348713,0.587331,-0.0613681
2.93112,0.624029,0.588003,0.036026,0.0285651,0.00310894,-0.0114777,0.0345991,0.594511,-0.0613036
2.93698,0.593853,0.594445,-0.000592369,0.0281839,0.00294647,-0.0115484,0.0343311,0.601771,-0.0612392
2.94284,0.633969,0.600976,0.0329926,0.0278079,0.0027853,-0.0116198,0.0340672,0.609111,-0.0611748
2.94871,0.672005,0.607599,0.0644061,0.027437,0.00262537,-0.011692,0.0338072,0.616532,-0.0611106
2.95457,0.727254,0.614312,0.112942,0.0270711,0.00246663,-0.0117651,0.0335511,0.624035,-0.0610464
2.96043,0.543117,0.621119,-0.0780014,0.0267099,0.00230905,-0.0118389,0.0332988,0.631622,-0.0609824
2.96629,0.555707,0.628018,-0.0723112,0.0263534,0.00215257,-0.0119135,0.0330502,0.639294,-0.0609184
2.97215,0.534939,0.635012,-0.100073,0.0260015,0.00199715,-0.011989,0.0328052,0.647051,-0.0608544
2.97802,0.776426,0.642101,0.134325,0.025654,0.00184275,-0.0120653,0.0325638,0.654896,-0.0607906
2.98388,0.713405,0.649286,0.0641193,0.0253108,0.00168932,-0.0121425,0.0323259,0.662829,-0.0607269
2.98974,0.766434,0.656568,0.109866,0.0249719,0.00153684,-0.0122205,0.0320914,0.670851,-0.0606632
2.9956,0.933822,0.663948,0.269874,0.0246371,0.00138525,-0.0122994,0.0318602,0.678964,-0.0605996
3.00147,0.698111,0.671427,0.0266836,0.0243063,0.00123451,-0.0123791,0.0316322,0.687169,-0.0605361
3.00733,0.766074,0.679007,0.0870673,0.0239793,0.00108459,-0.0124598,0.0314075,0.695468,-0.0604727
3.01319,0.567993,0.686688,-0.118695,0.0236562,0.000935459,-0.0125413,0.0311859,0.703861,-0.0604093
3.01905,0.68028,0.694471,-0.0141908,0.0233369,0.000787069,-0.0126237,0.0309673,0.712349,-0.060346
3.02491,0.651722,0.702358,-0.0506363,0.0230211,0.000639387,-0.012707,0.0307518,0.720936,-0.0602829
3.03078,0.778393,0.71035,0.0680436,0.0227088,0.000492379,-0.0127913,0.0305392,0.72962,-0.0602198
3.03664,0.832619,0.718447,0.114171,0.0224,0.00034601,-0.0128764,0.0303295,0.738405,-0.0601567
3.0425,0.656278,0.726652,-0.0703743,0.0220946,0.000200246,-0.0129625,0.0301226,0.747291,-0.0600938
3.04836,0.685226,0.734966,-0.0497403,0.0217924,5.50555e-05,-0.0130496,0.0299184,0.756281,-0.060031
3.05423,0.617731,0.743389,-0.125658,0.0214934,-8.9595e-05,-0.0131375,0.029717,0.765374,-0.0599682
3.06009,0.845113,0.751924,0.0931894,0.0211975,-0.000233737,-0.0132264,0.0295183,0.774574,-0.0599055
3.06595,0.773407,0.760571,0.012836,0.0209046,-0.000377401,-0.0133163,0.0293221,0.78388,-0.0598429
3.07181,0.816497,0.769331,0.0471656,0.0206147,-0.000520618,-0.0134071,0.0291285,0.793296,-0.0597804
3.07767,0.691763,0.778208,-0.0864444,0.0203277,-0.000663418,-0.0134989,0.0289374,0.802823,-0.0597179
3.08354,0.858721,0.7872,0.0715207,0.0200435,-0.00080583,-0.0135916,0.0287488,0.812461,-0.0596555
3.0894,0.588778,0.796312,-0.207533,0.019762,-0.000947882,-0.0136853,0.0285626,0.822214,-0.0595933
3.09526,0.845679,0.805543,0.0401368,0.0194832,-0.0010896,-0.01378,0.0283788,0.832081,-0.0595311
3.10112,0.770349,0.814895,-0.044546,0.0192069,-0.00123102,-0.0138756,0.0281972,0.842066,-0.0594689
3.10699,0.765023,0.82437,-0.0593475,0.0189333,-0.00137216,-0.0139721,0.028018,0.85217,-0.0594069
3.11285,0.853581,0.83397,0.0196106,0.018662,-0.00151305,-0.0140696,0.027841,0.862395,-0.059345
3.11871,0.836089,0.843696,-0.00760687,0.0183933,-0.00165372,-0.0141681,0.0276662,0.872742,-0.0592831
3.12457,0.838073,0.85355,-0.0154773,0.0181268,-0.00179418,-0.0142674,0.0274936,0.883213,-0.0592213
3.13043,0.860746,0.863534,-0.00278805,0.0178626,-0.00193447,-0.0143677,0.027323,0.89381,-0.0591596
3.1363,0.752008,0.873649,-0.121641,0.0176007,-0.00207461,-0.0144689,0.0271546,0.904535,-0.0590979
3.14216,0.755401,0.883897,-0.128496,0.017341,-0.00221462,-0.014571,0.0269882,0.91539,-0.0590364
3.14802,0.983779,0.894281,0.0894979,0.0170833,-0.00235453,-0.014674,0.0268238,0.926377,-0.0589749
3.15388,0.860887,0.904802,-0.0439141,0.0168277,-0.00249435,-0.0147778,0.0266613,0.937498,-0.0589136
3.15975,0.850938,0.915461,-0.0645235,0.0165742,-0.00263411,-0.0148824,0.0265008,0.948755,-0.0588522
3.16561,0.84443,0.926262,-0.0818323,0.0163225,-0.00277383,-0.0149878,0.0263422,0.96015,-0.058791
3.17147,0.889984,0.937205,-0.0472214,0.0160728,-0.00291353,-0.015094,0.0261855,0.971685,-0.0587299
3.17733,1.02115,0.948294,0.0728514,0.015825,-0.00305322,-0.0152009,0.0260306,0.983362,-0.0586688
3.18319,1.14824,0.95953,0.188714,0.0155789,-0.00319293,-0.0153084,0.0258775,0.995183,-0.0586079
3.18906,0.966719,0.970916,-0.00419603,0.0153346,-0.00333268,-0.0154166,0.0257262,1.00715,-0.058547
3.19492,0.925666,0.982453,-0.056786,0.015092,-0.00347247,-0.0155253,0.0255766,1.01927,-0.0584862
3.20078,0.939278,0.994143,-0.0548658,0.0148511,-0.00361233,-0.0156346,0.0254287,1.03154,-0.0584254
3.20664,0.96461,1.00599,-0.0413811,0.0146118,-0.00375228,-0.0157442,0.0252825,1.04396,-0.0583648
3.21251,1.0639,1.018,0.0459071,0.014374,-0.00389231,-0.0158542,0.025138,1.05654,-0.0583042
3.21837,1.01932,1.03016,-0.0108465,0.0141378,-0.00403245,-0.0159645,0.0249951,1.06927,-0.0582437
3.22423,1.05577,1.04249,0.0132809,0.013903,-0.0041727,-0.0160749,0.0248538,1.08217,-0.0581833
3.23009,1.10262,1.05499,0.0476272,0.0136697,-0.00431308,-0.0161853,0.0247141,1.09523,-0.058123
3.23596,1.18142,1.06766,0.113762,0.0134378,-0.0044536,-0.0162957,0.0245759,1.10845,-0.0580628
3.24182,1.24657,1.08049,0.166081,0.0132072,-0.00459425,-0.0164058,0.0244392,1.12185,-0.0580026
3.24768,1.14509,1.09351,0.0515896,0.012978,-0.00473505,-0.0165155,0.024304,1.13542,-0.0579425
3.25354,0.983712,1.10669,-0.122982,0.01275,-0.00487599,-0.0166246,0.0241704,1.14916,-0.0578825
3.2594,1.06918,1.12006,-0.0508806,0.0125233,-0.00501708,-0.016733,0.0240381,1.16307,-0.0578226
3.26527,1.25505,1.13361,0.121432,0.0122977,-0.00515831,-0.0168404,0.0239073,1.17717,-0.0577628
3.27113,1.21245,1.14735,0.0650976,0.0120733,-0.00529968,-0.0169465,0.0237779,1.19145,-0.0577031
3.27699,1.29282,1.16128,0.131535,0.0118501,-0.00544119,-0.0170511,0.0236498,1.20592,-0.0576434
3.28285,1.20172,1.1754,0.0263183,0.0116279,-0.00558281,-0.017154,0.0235232,1.22057,-0.0575838
3.28872,1.29668,1.18972,0.106964,0.0114067,-0.00572454,-0.0172547,0.0233978,1.23542,-0.0575243
3.29458,1.34059,1.20423,0.136359,0.0111866,-0.00586636,-0.0173528,0.0232738,1.25046,-0.0574649
3.30044,1.31261,1.21895,0.0936607,0.0109674,-0.00600825,-0.017448,0.0231511,1.26569,-0.0574055
3.3063,1.178,1.23388,-0.0558742,0.0107492,-0.00615018,-0.0175398,0.0230296,1.28113,-0.0573463
3.31216,1.3933,1.24901,0.144289,0.0105319,-0.00629212,-0.0176277,0.0229094,1.29678,-0.0572871
3.31803,1.16837,1.26436,-0.0959973,0.0103154,-0.00643403,-0.017711,0.0227905,1.31263,-0.057228
3.32389,1.34488,1.27993,0.064944,0.0100998,-0.00657587,-0.0177892,0.0226727,1.32869,-0.057169
3.32975,1.36519,1.29573,0.0694668,0.00988498,-0.00671759,-0.0178614,0.0225562,1.34497,-0.0571101
3.33561,1.16893,1.31175,-0.142817,0.00967092,-0.00685913,-0.017927,0.0224409,1.36147,-0.0570512
3.34148,1.38411,1.328,0.0561159,0.0094576,-0.00700043,-0.0179849,0.0223267,1.37819,-0.0569924
3.34734,1.47057,1.34449,0.126083,0.00924497,-0.00714141,-0.0180341,0.0222136,1.39514,-0.0569338
3.3532,1.38583,1.36122,0.0246071,0.00903302,-0.00728198,-0.0180735,0.0221017,1.41231,-0.0568752
3.35906,1.28856,1.3782,-0.0896341,0.0088217,-0.00742206,-0.0181017,0.0219909,1.42973,-0.0568166
3.36492,1.35744,1.39543,-0.0379934,0.00861098,-0.00756154,-0.0181174,0.0218812,1.44737,-0.0567582
3.37079,1.39922,1.41292,-0.0136949,0.00840084,-0.00770028,-0.0181188,0.0217726,1.46526,-0.0566998
3.37665,1.352,1.43067,-0.0786696,0.00819123,-0.00783816,-0.0181041,0.021665,1.4834,-0.0566416
3.38251,1.45481,1.4487,0.00611302,0.00798214,-0.00797501,-0.0180711,0.0215585,1.50179,-0.0565834
3.38837,1.4732,1.467,0.00620186,0.00777353,-0.00811066,-0.0180175,0.021453,1.52043,-0.0565252
3.39424,1.52097,1.48559,0.0353816,0.00756537,-0.00824491,-0.0179404,0.0213486,1.53933,-0.0564672
3.4001,1.53303,1.50447,0.028553,0.00735762,-0.00837754,-0.0178369,0.0212451,1.5585,-0.0564093
3.40596,1.68254,1.52366,0.158876,0.00715027,-0.00850831,-0.0177034,0.0211426,1.57793,-0.0563514
3.41182,1.53603,1.54315,-0.0071272,0.00694328,-0.00863692,-0.0175358,0.0210412,1.59764,-0.0562936
3.41768,1.68145,1.56297,0.118482,0.00673661,-0.00876307,-0.0173294,0.0209406,1.61762,-0.0562359
3.42355,1.74867,1.58312,0.165553,0.00653025,-0.00888639,-0.0170789,0.020841,1.63789,-0.0561783
3.42941,1.54505,1.60361,-0.0585562,0.00632415,-0.00900649,-0.0167782,0.0207424,1.65844,-0.0561207
3.43527,1.56926,1.62445,-0.05519,0.0061183,-0.00912291,-0.0164201,0.0206447,1.67929,-0.0560633
3.44113,1.68199,1.64566,0.0363306,0.00591266,-0.00923514,-0.0159964,0.0205479,1.70044,-0.0560059
3.447,1.5544,1.66726,-0.112861,0.00570721,-0.00934261,-0.0154975,0.020452,1.72189,-0.0559486
3.45286,1.78555,1.68926,0.0962899,0.0055019,-0.00944467,-0.0149122,0.0203569,1.74365,-0.0558914
3.45872,1.66031,1.71169,-0.051381,0.00529673,-0.00954057,-0.0142274,0.0202628,1.76573,-0.0558343
3.46458,1.63696,1.73455,-0.0975974,0.00509165,-0.00962949,-0.0134277,0.0201695,1.78813,-0.0557772
3.47044,1.66538,1.75789,-0.0925058,0.00488665,-0.00971047,-0.0124949,0.020077,1.81085,-0.0557202
3.47631,1.66569,1.78172,-0.116031,0.00468168,-0.00978242,-0.0114074,0.0199854,1.83391,-0.0556634
3.48217,1.98591,1.80608,0.17983,0.00447673,-0.00984413,-0.0101396,0.0198946,1.8573,-0.0556065
3.48803,1.94873,1.83101,0.117717,0.00427176,-0.00989418,-0.00866062,0.0198047,1.88104,-0.0555498
3.49389,1.85918,1.85656,0.00262368,0.00406675,-0.00993095,-0.00693348,0.0197155,1.90513,-0.0554932
3.49976,1.6574,1.88277,-0.225369,0.00386166,-0.0099526,-0.00491332,0.0196271,1.92958,-0.0554366
3.50562,1.79613,1.90971,-0.113581,0.00365648,-0.00995701,-0.00254551,0.0195396,1.9544,-0.0553801
3.51148,2.06658,1.93746,0.129118,0.00345117,-0.00994171,0.000236992,0.0194528,1.97959,-0.0553237
3.51734,1.90162,1.96611,-0.0644942,0.0032457,-0.00990386,0.003517,0.0193667,2.00515,-0.0552674
3.5232,1.99899,1.99577,0.0032204,0.00304005,-0.00984016,0.00739767,0.0192814,2.03111,-0.0552112
3.52907,1.97087,2.02659,-0.0557181,0.00283419,-0.00974677,0.0120086,0.0191968,2.05745,-0.055155
3.53493,2.13592,2.05874,0.0771841,0.0026281,-0.00961918,0.0175141,0.019113,2.0842,-0.055099
3.54079,2.03442,2.09244,-0.0580124,0.00242173,-0.0094521,0.0241247,0.0190299,2.11136,-0.055043
3.54665,2.13289,2.12798,0.00490955,0.00221507,-0.00923932,0.0321131,0.0189476,2.13893,-0.0549871
3.55252,2.1535,2.16573,-0.0122288,0.0020081,-0.00897342,0.0418374,0.0188659,2.16693,-0.0549313
3.55838,2.31352,2.2062,0.107324,0.00180077,-0.00864561,0.0537735,0.0187849,2.19536,-0.0548755
3.56424,2.32038,2.25003,0.0703526,0.00159306,-0.00824534,0.0685646,0.0187046,2.22423,-0.0548198
3.5701,2.36909,2.29813,0.0709559,0.00138496,-0.00775989,0.0870947,0.018625,2.25355,-0.0547643
3.57596,2.463,2.35178,0.111225,0.00117642,-0.00717384,0.110603,0.018546,2.28334,-0.0547088
3.58183,2.59665,2.41277,0.183885,0.000967426,-0.00646833,0.140864,0.0184678,2.31359,-0.0546534
3.58769,2.62459,2.48373,0.14086,0.000757945,-0.00562015,0.180487,0.0183901,2.34432,-0.054598
3.59355,2.47016,2.56867,-0.0985156,0.000547953,-0.00460046,0.23342,0.0183132,2.37553,-0.0545428
3.59941,2.54001,2.67381,-0.133797,0.000337421,-0.00337308,0.305845,0.0182368,2.40725,-0.0544876
3.60528,2.65746,2.80927,-0.151813,0.000126323,-0.00189219,0.40784,0.0181611,2.43947,-0.0544325
3.61114,2.78231,2.99237,-0.210067,-8.53683e-05,-9.90026e-05,0.556641,0.018086,2.47221,-0.0543775
3.617,3.14432,3.25443,-0.110108,-0.000297679,0.00208279,0.783481,0.0180115,2.50548,-0.0543226
3.62286,3.33601,3.65628,-0.320272,-0.000510636,0.00475377,1.14908,0.0179377,2.53928,-0.0542677
3.62872,3.83419,4.32663,-0.492442,-0.000724265,0.00804865,1.78201,0.0178644,2.57364,-0.054213
3.63459,4.83854,5.56614,-0.727603,-0.000938593,0.0121512,2.98274,0.0177917,2.60856,-0.0541583
3.64045,7.43887,8.14099,-0.702123,-0.00115365,0.0173176,5.51716,0.0177196,2.64405,-0.0541037
3.64631,13.2877,13.8035,-0.515804,-0.00136945,0.0239133,11.1372,0.0176481,2.68013,-0.0540492
3.65217,21.3112,21.5512,-0.240068,-0.00158603,0.0324748,18.84,0.0175772,2.71681,-0.0539947
3.65804,19.2181,18.2462,0.971928,-0.00180341,0.0438154,15.4866,0.0175068,2.75409,-0.0539404
3.6639,11.7887,11.2356,0.553105,-0.00202161,0.0592162,8.42287,0.017437,2.792,-0.0538861
3.66976,7.34958,7.61626,-0.266675,-0.00224067,0.0807882,4.74363,0.0173677,2.83055,-0.0538319
3.67562,5.57923,5.91236,-0.333124,-0.0024606,0.112205,2.96935,0.017299,2.86974,-0.0537778
3.68149,4.8504,5.05861,-0.208212,-0.00268143,0.160292,2.02789,0.0172308,2.9096,-0.0537238
3.68735,4.36556,4.627,-0.261445,-0.00290318,0.238791,1.47748,0.0171632,2.95014,-0.0536698
3.69321,4.41222,4.45948,-0.0472571,-0.00312587,0.378123,1.12963,0.017096,2.99137,-0.053616
3.69907,4.63323,4.54226,0.0909758,-0.00334953,0.652824,0.896006,0.0170294,3.03331,-0.0535622
3.70493,5.45602,5.01931,0.436713,-0.00357417,1.25206,0.731393,0.0169633,3.07597,-0.0535085
3.7108,6.87127,6.11539,0.755881,-0.00379982,2.42551,0.610865,0.0168978,3.11938,-0.0534549
3.71666,6.66417,6.5459,0.118275,-0.00402649,2.90315,0.51981,0.0168327,3.16353,-0.0534013
3.72252,5.12732,5.43652,-0.309207,-0.00425421,1.81968,0.449214,0.0167681,3.20847,-0.0533479
3.72838,4.50036,4.68027,-0.179903,-0.00448299,1.07388,0.393273,0.016704,3.25419,-0.0532945
3.73425,4.15255,4.36485,-0.212296,-0.00471285,0.757322,0.348117,0.0166404,3.30072,-0.0532412
3.74011,4.16597,4.27543,-0.109462,-0.0049438,0.657834,0.31108,0.0165773,3.34808,-0.053188
3.74597,4.30424,4.33548,-0.0312362,-0.00517586,0.700721,0.280278,0.0165146,3.39628,-0.0531349
3.75183,4.69371,4.56194,0.131776,-0.00540903,0.904285,0.254349,0.0164524,3.44534,-0.0530818
3.75769,5.13248,5.08326,0.0492157,-0.00564333,1.39796,0.232287,0.0163907,3.49529,-0.0530289
3.76356,6.47654,6.26652,0.210014,-0.00587876,2.54957,0.213335,0.0163295,3.54615,-0.052976
3.76942,9.50022,8.60455,0.895666,-0.00611533,4.85248,0.196916,0.0162687,3.59793,-0.0529232
3.77528,10.3691,9.5554,0.813738,-0.00635305,5.76518,0.182582,0.0162083,3.65065,-0.0528705
3.78114,7.76704,7.3766,0.390442,-0.00659191,3.54553,0.16998,0.0161484,3.70435,-0.0528178
3.78701,5.94001,5.85926,0.0807582,-0.0068319,1.9849,0.158833,0.0160889,3.75903,-0.0527653
3.79287,5.21756,5.17673,0.0408277,-0.00707304,1.25684,0.148914,0.0160299,3.81473,-0.0527128
3.79873,4.80355,4.88374,-0.0801901,-0.00731529,0.916221,0.140043,0.0159713,3.87148,-0.0526604
3.80459,4.68339,4.78957,-0.106179,-0.00755866,0.772469,0.13207,0.0159131,3.92928,-0.0526081
3.81045,4.93297,4.83988,0.0930904,-0.00780312,0.771338,0.124873,0.0158553,3.98818,-0.0525559
3.81632,4.87451,5.07073,-0.196218,-0.00804866,0.948949,0.118348,0.015798,4.04819,-0.0525037
3.82218,5.50669,5.65164,-0.144947,-0.00829523,1.4749,0.112412,0.015741,4.10934,-0.0524517
3.82804,6.83625,6.82176,0.0144919,-0.00854282,2.58836,0.106991,0.0156845,4.17166,-0.0523997
3.8339,7.84696,7.30742,0.539537,-0.00879137,3.01572,0.102025,0.0156284,4.23519,-0.0523478
3.83977,6.91343,6.23126,0.682171,-0.00904085,1.87963,0.0974608,0.0155726,4.29994,-0.052296
3.84563,5.8282,5.48679,0.341414,-0.0092912,1.0736,0.0932545,0.0155173,4.36595,-0.0522442
3.85149,5.3581,5.15883,0.199269,-0.00954235,0.68248,0.0893674,0.0154624,4.43326,-0.0521926
3.85735,5.25651,5.02067,0.235834,-0.00979422,0.479549,0.0857662,0.0154078,4.50189,-0.052141
3.86321,5.06069,4.96969,0.0910071,-0.0100468,0.362178,0.0824218,0.0153536,4.57187,-0.0520895
3.86908,4.94324,4.96332,-0.0200857,-0.0102998,0.28781,0.079309,0.0152998,4.64324,-0.0520381
3.87494,4.90958,4.98239,-0.0728153,-0.0105534,0.237237,0.0764055,0.0152464,4.71604,-0.0519868
3.8808,5.02419,5.01737,0.00682621,-0.0108072,0.200915,0.0736918,0.0151933,4.79031,-0.0519355
3.88666,5.08118,5.06311,0.0180663,-0.0110612,0.173694,0.0711507,0.0151406,4.86607,-0.0518844
3.89253,5.09911,5.11668,-0.0175685,-0.0113153,0.152593,0.068767,0.0150883,4.94338,-0.0518333
3.89839,5.11407,5.17626,-0.0621823,-0.0115692,0.135784,0.066527,0.0150364,5.02226,-0.0517823
3.90425,5.36495,5.24071,0.124239,-0.0118228,0.122095,0.0644186,0.0149847,5.10277,-0.0517313
3.91011,5.37624,5.30928,0.0669572,-0.0120759,0.110739,0.0624312,0.0149335,5.18493,-0.0516805
3.91597,5.3927,5.38146,0.0112331,-0.0123281,0.101173,0.0605548,0.0148826,5.26881,-0.0516297
3.92184,5.2333,5.4569,-0.223601,-0.0125793,0.0930094,0.058781,0.014832,5.35444,-0.0515791
3.9277,5.37952,5.53536,-0.155837,-0.0128291,0.0859654,0.0571017,0.0147818,5.44187,-0.0515285
3.93356,5.59516,5.61666,-0.0215091,-0.0130773,0.0798298,0.0555099,0.0147319,5.53115,-0.051478
3.93942,5.49893,5.7007,-0.20177,-0.0133233,0.074442,0.0539993,0.0146823,5.62233,-0.0514275
3.94529,5.62543,5.78739,-0.161954,-0.0135668,0.069678,0.0525639,0.0146331,5.71545,-0.0513772
3.95115,5.73304,5.87668,-0.14364,-0.0138074,0.0654405,0.0511985,0.0145842,5.81059,-0.0513269
3.95701,6.04088,5.96855,0.0723315,-0.0140445,0.0616525,0.0498983,0.0145356,5.90778,-0.0512767
3.96287,6.0892,6.06299,0.0262112,-0.0142775,0.0582525,0.0486589,0.0144874,6.00709,-0.0512266
3.96873,6.2417,6.16,0.0816978,-0.0145058,0.0551908,0.0474763,0.0144394,6.10858,-0.0511766
3.9746,6.19919,6.25961,-0.0604227,-0.0147287,0.052427,0.0463468,0.0143918,6.2123,-0.0511267
3.98046,6.46838,6.36184,0.106539,-0.0149453,0.0499284,0.0452669,0.0143445,6.31832,-0.0510768
3.98632,6.26235,6.46673,-0.204379,-0.0151548,0.0476686,0.0442337,0.0142975,6.42671,-0.051027
3.99218,6.56395,6.57433,-0.0103743,-0.0153561,0.0456261,0.0432443,0.0142508,6.53754,-0.0509773
3.99805,6.68096,6.68467,-0.00371193,-0.0155481,0.0437838,0.0422959,0.0142044,6.65087,-0.0509277
4.00391,6.75278,6.79784,-0.0450503,-0.0157295,0.0421287,0.0413863,0.0141583,6.76677,-0.0508782
4.00977,6.93415,6.91387,0.0202748,-0.015899,0.0406509,0.0405131,0.0141125,6.88533,-0.0508288
4.01563,7.07909,7.03286,0.0462262,-0.016055,0.0393438,0.0396743,0.014067,7.00661,-0.0507794
4.02149,7.20242,7.15487,0.047543,-0.0161956,0.0382039,0.0388679,0.0140218,7.13071,-0.0507301
4.02736,7.42982,7.28,0.149821,-0.0163189,0.037231,0.0380922,0.0139769,7.2577,-0.0506809
4.03322,7.47931,7.40832,0.0709884,-0.0164226,0.0364279,0.0373454,0.0139323,7.38767,-0.0506318
4.03908,7.4712,7.53993,-0.0687328,-0.0165042,0.0358011,0.0366261,0.0138879,7.52071,-0.0505827
4.04494,7.56146,7.67495,-0.113488,-0.0165609,0.0353614,0.0359328,0.0138438,7.65691,-0.0505338
4.05081,7.79413,7.81348,-0.0193579,-0.0165893,0.035124,0.0352641,0.0138001,7.79637,-0.0504849
4.05667,8.01842,7.95566,0.0627678,-0.0165859,0.0351104,0.0346189,0.0137565,7.93919,-0.0504361
4.06253,8.13737,8.1016,0.0357688,-0.0165464,0.0353491,0.0339958,0.0137133,8.08548,-0.0503874
4.06839,8.38835,8.25147,0.136877,-0.0164663,0.0358781,0.0333939,0.0136703,8.23533,-0.0503388
4.07426,8.4047,8.40543,-0.000726736,-0.01634,0.0367476,0.0328121,0.0136276,8.38887,-0.0502902
4.08012,8.4339,8.56367,-0.129768,-0.0161616,0.0380241,0.0322495,0.0135852,8.54621,-0.0502417
4.08598,8.67299,8.72639,-0.053409,-0.0159239,0.0397962,0.031705,0.013543,8.70747,-0.0501934
4.09184,8.88045,8.89387,-0.0134182,-0.0156191,0.0421832,0.031178,0.0135011,8.87277,-0.050145
4.0977,9.02947,9.06639,-0.0369117,-0.0152378,0.0453487,0.0306675,0.0134594,9.04225,-0.0500968
4.10357,9.28151,9.24432,0.0371885,-0.0147694,0.0495196,0.0301729,0.013418,9.21603,-0.0500487
4.10943,9.44268,9.42815,0.0145234,-0.0142018,0.055019,0.0296934,0.0133768,9.39427,-0.0500006
4.11529,9.6686,9.61851,0.0500899,-0.0135207,0.0623175,0.0292284,0.0133359,9.5771,-0.0499526
4.12115,9.87565,9.81626,0.0593871,-0.0127096,0.0721221,0.0287772,0.0132953,9.76468,-0.0499048
4.12702,9.95851,10.0227,-0.0641758,-0.0117492,0.0855331,0.0283392,0.0132549,9.95716,-0.0498569
4.13288,10.258,10.2398,0.0182298,-0.0106171,0.104337,0.027914,0.0132147,10.1547,-0.0498092
4.13874,10.4913,10.4707,0.0205882,-0.00928668,0.131588,0.0275008,0.0131748,10.3575,-0.0497616
4.1446,10.6312,10.7214,-0.0901848,-0.00772681,0.172832,0.0270993,0.0131351,10.5657,-0.049714
4.15046,10.8221,11.0027,-0.180656,-0.00590043,0.23894,0.026709,0.0130956,10.7795,-0.0496665
4.15633,11.1512,11.3384,-0.187177,-0.0037635,0.353212,0.0263295,0.0130564,10.9992,-0.0496191
4.16219,11.9315,11.7839,0.147621,-0.00126329,0.570982,0.0259602,0.0130175,11.2248,-0.0495718
4.16805,12.4282,12.4812,-0.0529499,0.00166361,1.03385,0.0256008,0.0129787,11.4566,-0.0495245
4.17391,13.8433,13.7162,0.127118,0.00509393,2.02758,0.0252509,0.0129402,11.6948,-0.0494774
4.17978,15.151,14.9629,0.188082,0.00912104,3.02566,0.0249102,0.0129019,11.9397,-0.0494303
4.18564,14.7092,14.4029,0.306283,0.0138594,2.2095,0.0245782,0.0128638,12.1915,-0.0493833
4.1915,13.8907,13.7379,0.152747,0.0194503,1.28032,0.0242548,0.012826,12.4504,-0.0493364
4.19736,13.5565,13.5859,-0.0294825,0.0260694,0.855683,0.0239395,0.0127884,12.7167,-0.0492895
4.20322,13.6682,13.7117,-0.0434865,0.0339372,0.699871,0.023632,0.012751,12.9907,-0.0492428
4.20909,14.0731,14.0016,0.0715246,0.043333,0.698769,0.0233321,0.0127138,13.2726,-0.0491961
4.21495,14.3609,14.447,-0.0861267,0.0546138,0.843059,0.0230396,0.0126768,13.5628,-0.0491495
4.22081,14.8367,15.1346,-0.297927,0.0682417,1.2186,0.022754,0.0126401,13.8615,-0.049103
4.22667,15.8897,16.3359,-0.446227,0.0848215,2.09597,0.0224753,0.0126035,14.1691,-0.0490566
4.23254,18.143,18.6161,-0.473083,0.105157,4.03929,0.0222032,0.0125672,14.4858,-0.0490103
4.2384,21.4018,20.9214,0.480388,0.130329,5.9934,0.0219373,0.0125311,14.8122,-0.048964
4.24426,21.3307,19.6088,1.72188,0.161823,4.31336,0.0216776,0.0124951,15.1484,-0.0489178
4.25012,19.0089,18.0738,0.935089,0.201712,2.39213,0.0214239,0.0124594,15.4949,-0.0488717
4.25598,17.8397,17.5482,0.291556,0.252956,1.4583,0.0211758,0.0124239,15.8521,-0.0488257
4.26185,17.5808,17.5485,0.0323149,0.319892,1.02358,0.0209333,0.0123886,16.2205,-0.0487798
4.26771,17.6984,17.8207,-0.122297,0.409049,0.827024,0.0206961,0.0123535,16.6004,-0.0487339
4.27357,18.1703,18.2873,-0.11699,0.530599,0.780393,0.0204641,0.0123186,16.9922,-0.0486881
4.27943,18.6387,18.9716,-0.332913,0.701024,0.890094,0.0202372,0.0122839,17.3966,-0.0486425
4.2853,19.4045,20.0197,-0.615254,0.9483,1.27374,0.0200151,0.0122493,17.814,-0.0485968
4.29116,20.8527,21.7551,-0.902374,1.32267,2.20404,0.0197977,0.012215,18.2449,-0.0485513
4.29702,22.8008,23.7434,-0.942562,1.92074,3.14956,0.0195848,0.0121809,18.6898,-0.0485059
4.30288,24.4798,24.3599,0.119903,2.94438,2.28299,0.0193764,0.0121469,19.1494,-0.0484605
4.30874,24.9575,25.7622,-0.804715,4.8585,1.29651,0.0191723,0.0121132,19.6243,-0.0484152
4.31461,27.4083,29.739,-2.3307,8.83801,0.803274,0.0189723,0.0120796,20.115,-0.04837
4.32047,34.5779,38.8713,-4.29344,17.7109,0.555625,0.0187764,0.0120462,20.6223,-0.0483249
4.32633,48.2109,53.4004,-5.18952,31.8542,0.417092,0.0185844,0.012013,21.1468,-0.0482799
4.33219,55.6955,51.2503,4.44521,29.2472,0.331604,0.0183962,0.01198,21.6894,-0.0482349
4.33806,43.8536,38.7332,5.12044,16.226,0.274624,0.0182117,0.0119471,22.2506,-0.0481901
4.34392,33.7135,32.0635,1.65005,9.01591,0.234321,0.0180308,0.0119145,22.8315,-0.0481453
4.34978,29.4045,29.1861,0.218377,5.5673,0.204467,0.0178533,0.011882,23.4327,-0.0481006
4.35564,27.8776,27.9829,-0.105331,3.76467,0.18153,0.0176793,0.0118497,24.0552,-0.0480559
4.3615,27.3808,27.5689,-0.188023,2.7242,0.163384,0.0175085,0.0118175,24.7,-0.0480114
4.36737,27.3267,27.571,-0.24432,2.0732,0.148683,0.0173409,0.0117856,25.3679,-0.0479669
4.37323,27.6701,27.817,-0.146944,1.63937,0.136535,0.0171765,0.0117538,26.0601,-0.0479225
4.37909,28.0893,28.2204,-0.131106,1.33559,0.126329,0.0170151,0.0117222,26.7776,-0.0478782
4.38495,28.7632,28.7342,0.0289475,1.11428,0.117635,0.0168566,0.0116907,27.5216,-0.047834
4.39082,29.2474,29.3317,-0.0842752,0.947758,0.110139,0.016701,0.0116594,28.2932,-0.0477899
4.39668,29.7679,29.9969,-0.228934,0.819091,0.103608,0.0165482,0.0116283,29.0937,-0.0477458
4.40254,30.6232,30.72,-0.0968277,0.717425,0.0978669,0.0163981,0.0115974,29.9244,-0.0477019
4.4084,31.5563,31.4952,0.0610394,0.635556,0.0927794,0.0162506,0.0115666,30.7868,-0.047658
4.41426,32.3199,32.3189,0.00101053,0.568545,0.0882393,0.0161058,0.011536,31.6821,-0.0476142
4.42013,33.1555,33.189,-0.0335278,0.512914,0.0841619,0.0159634,0.0115055,32.612,-0.0475704
4.42599,34.2698,34.1045,0.165327,0.466157,0.0804795,0.0158235,0.0114752,33.5781,-0.0475268
4.43185,35.2058,35.0652,0.140547,0.426425,0.0771368,0.015686,0.011445,34.582,-0.0474832
4.43771,36.0998,36.0714,0.0283632,0.392335,0.0740883,0.0155508,0.0114151,35.6255,-0.0474397
4.44358,37.2575,37.124,0.133518,0.362831,0.0712964,0.0154179,0.0113852,36.7104,-0.0473963
4.44944,38.2087,38.2238,-0.0151146,0.337096,0.0687297,0.0152872,0.0113555,37.8387,-0.047353
4.4553,39.3623,39.3724,-0.0101567,0.31449,0.0663616,0.0151586,0.011326,39.0124,-0.0473098
4.46116,40.8494,40.5713,0.278159,0.294505,0.0641696,0.0150322,0.0112967,40.2335,-0.0472666
4.46702,41.8396,41.8222,0.0174018,0.276735,0.0621346,0.0149078,0.0112674,41.5044,-0.0472236
4.47289,43.0874,43.1272,-0.0398658,0.260849,0.0602399,0.0147854,0.0112384,42.8273,-0.0471806
4.47875,44.4873,44.4884,-0.00111645,0.246578,0.0584713,0.014665,0.0112095,44.2046,-0.0471377
4.48461,45.9845,45.908,0.0765068,0.2337,0.0568164,0.0145465,0.0111807,45.6388,-0.0470948
4.49047,47.4834,47.3884,0.0949496,0.22203,0.0552644,0.0144299,0.0111521,47.1326,-0.0470521
4.49634,48.923,48.9323,-0.00929861,0.211414,0.0538058,0.0143151,0.0111236,48.6886,-0.0470094
4.5022,50.6016,50.5422,0.059484,0.201723,0.0524323,0.0142021,0.0110952,50.3097,-0.0469668
4.50806,52.3134,52.2209,0.0925191,0.192846,0.0511364,0.0140908,0.0110671,51.9987,-0.0469243
4.51392,54.1744,53.9714,0.203049,0.184689,0.0499116,0.0139812,0.011039,53.7587,-0.0468819
4.51979,56.0809,55.7966,0.284325,0.177172,0.0487522,0.0138733,0.0110111,55.5926,-0.0468396
4.52565,57.6208,57.6996,-0.0788661,0.170226,0.0476528,0.013767,0.0109833,57.5038,-0.0467973
4.53151,59.6679,59.6836,-0.0157945,0.163791,0.0466088,0.0136623,0.0109557,59.4954,-0.0467552
4.53737,61.8785,61.7518,0.126676,0.157815,0.045616,0.0135592,0.0109282,61.5706,-0.0467131
4.54323,63.9685,63.9074,0.0611028,0.152252,0.0446707,0.0134576,0.0109009,63.7328,-0.046671
4.5491,66.2103,66.1536,0.0566796,0.147063,0.0437694,0.0133575,0.0108737,65.9852,-0.0466291
4.55496,68.6388,68.4938,0.144952,0.142213,0.042909,0.0132588,0.0108466,68.3312,-0.0465873
4.56082,71.0648,70.9311,0.133752,0.13767,0.0420868,0.0131616,0.0108196,70.7739,-0.0465455
4.56668,73.5224,73.4685,0.0538749,0.133408,0.0413001,0.0130657,0.0107928,73.3165,-0.0465038
4.57255,76.2115,76.1091,0.102336,0.129403,0.0405467,0.0129713,0.0107661,75.9619,-0.0464622
4.57841,78.9747,78.8557,0.119045,0.125632,0.0398244,0.0128781,0.0107396,78.713,-0.0464207
4.58427,81.8504,81.7106,0.139807,0.122077,0.0391312,0.0127863,0.0107132,81.5723,-0.0463793
4.59013,84.8096,84.6761,0.133489,0.118719,0.0384654,0.0126957,0.0106869,84.5419,-0.0463379
4.59599,87.7711,87.754,0.0170736,0.115544,0.0378254,0.0126065,0.0106607,87.6236,-0.0462966
4.60186,91.1201,90.9454,0.174734,0.112538,0.0372095,0.0125184,0.0106347,90.8187,-0.0462554
4.60772,94.2414,94.2509,-0.0094821,0.109687,0.0366165,0.0124315,0.0106088,94.1278,-0.0462143
4.61358,97.6249,97.6704,-0.0455507,0.106981,0.036045,0.0123459,0.010583,97.5507,-0.0461733
4.61944,101.231,101.203,0.0277866,0.104408,0.0354938,0.0122614,0.0105574,101.086,-0.0461323
4.62531,104.941,104.846,0.094802,0.101961,0.0349618,0.012178,0.0105318,104.733,-0.0460915
4.63117,108.553,108.597,-0.0438852,0.0996289,0.034448,0.0120957,0.0105064,108.486,-0.0460507
4.63703,112.449,112.451,-0.00172444,0.0974053,0.0339514,0.0120145,0.0104811,112.343,-0.04601
4.64289,116.42,116.401,0.0190047,0.0952827,0.0334713,0.0119344,0.010456,116.296,-0.0459694
4.64875,120.391,120.44,-0.0486681,0.0932544,0.0330066,0.0118554,0.0104309,120.337,-0.0459288
4.65462,124.673,124.558,0.114593,0.0913146,0.0325567,0.0117773,0.010406,124.458,-0.0458884
4.66048,128.672,128.743,-0.0711532,0.0894577,0.0321208,0.0117003,0.0103812,128.645,-0.045848
4.66634,133.024,132.98,0.0435323,0.0876786,0.0316982,0.0116243,0.0103565,132.885,-0.0458077
4.6722,137.339,137.254,0.0844736,0.0859726,0.0312884,0.0115492,0.0103319,137.161,-0.0457675
4.67807,141.571,141.545,0.025737,0.0843354,0.0308907,0.0114751,0.0103075,141.454,-0.0457274
4.68393,145.781,145.831,-0.0505137,0.082763,0.0305046,0.0114019,0.0102831,145.742,-0.0456873
4.68979,149.967,150.089,-0.122282,0.0812517,0.0301296,0.0113297,0.0102589,150.002,-0.0456473
4.69565,154.315,154.292,0.0231213,0.079798,0.0297651,0.0112583,0.0102348,154.207,-0.0456075
4.70151,158.292,158.411,-0.119145,0.0783989,0.0294107,0.0111878,0.0102108,158.327,-0.0455677
4.70738,162.182,162.415,-0.23336,0.0770513,0.029066,0.0111182,0.0101869,162.333,-0.0455279
4.71324,166.129,166.272,-0.143278,0.0757524,0.0287306,0.0110494,0.0101631,166.192,-0.0454883
4.7191,170.071,169.948,0.122895,0.0744998,0.028404,0.0109815,0.0101394,169.87,-0.0454487
4.72496,173.391,173.409,-0.0185517,0.073291,0.028086,0.0109144,0.0101159,173.332,-0.0454093
4.73083,176.566,176.621,-0.0547785,0.0721238,0.0277761,0.0108481,0.0100924,176.546,-0.0453699
4.73669,179.48,179.551,-0.0705928,0.0709961,0.0274741,0.0107826,0.0100691,179.477,-0.0453305
4.74255,182.048,182.166,-0.117412,0.069906,0.0271796,0.0107179,0.0100459,182.093,-0.0452913
4.74841,184.352,184.437,-0.0853984,0.0688516,0.0268923,0.0106539,0.0100227,184.366,-0.0452522
4.75427,186.468,186.339,0.12943,0.0678312,0.026612,0.0105907,0.00999972,186.269,-0.0452131
4.76014,187.717,187.849,-0.132159,0.0668432,0.0263384,0.0105282,0.0099768,187.78,-0.0451741
4.766,188.866,188.95,-0.0840309,0.0658862,0.0260712,0.0104665,0.00995399,188.883,-0.0451352
4.77186,189.634,189.63,0.0043129,0.0649586,0.0258103,0.0104054,0.00993128,189.564,-0.0450964
4.77772,189.74,189.882,-0.14286,0.0640593,0.0255553,0.0103451,0.00990868,189.818,-0.0450576
4.78359,189.656,189.706,-0.0506811,0.0631868,0.0253062,0.0102855,0.00988618,189.643,-0.045019
4.78945,189.039,189.107,-0.0674111,0.06234,0.0250625,0.0102265,0.00986378,189.044,-0.0449804
4.79531,188.109,188.094,0.0149642,0.0615178,0.0248243,0.0101682,0.00984148,188.033,-0.0449419
4.80117,186.621,186.684,-0.0632377,0.0607192,0.0245913,0.0101105,0.00981928,186.624,-0.0449035
4.80703,184.842,184.898,-0.0555755,0.0599432,0.0243632,0.0100535,0.00979718,184.839,-0.0448652
4.8129,182.773,182.759,0.0144214,0.0591888,0.02414,0.00999714,0.00977519,182.701,-0.0448269
4.81876,180.359,180.295,0.0635694,0.0584551,0.0239215,0.00994139,0.00975328,180.238,-0.0447887
4.82462,177.447,177.537,-0.0904073,0.0577412,0.0237075,0.00988625,0.00973148,177.481,-0.0447507
4.83048,174.535,174.516,0.0189832,0.0570465,0.023498,0.00983172,0.00970977,174.461,-0.0447127
4.83635,171.168,171.265,-0.0972813,0.0563701,0.0232926,0.00977777,0.00968816,171.211,-0.0446747
4.84221,167.835,167.818,0.0178678,0.0557113,0.0230914,0.00972441,0.00966665,167.764,-0.0446369
4.84807,164.345,164.205,0.14001,0.0550695,0.0228941,0.00967163,0.00964523,164.153,-0.0445991
4.85393,160.619,160.46,0.158939,0.0544439,0.0227007,0.0096194,0.00962391,160.408,-0.0445614
4.85979,156.834,156.612,0.222806,0.053834,0.022511,0.00956774,0.00960268,156.561,-0.0445239
4.86566,152.606,152.688,-0.0818419,0.0532392,0.0223249,0.00951662,0.00958154,152.638,-0.0444863
4.87152,148.593,148.716,-0.123402,0.052659,0.0221424,0.00946604,0.00956049,148.667,-0.0444489
4.87738,144.566,144.719,-0.153038,0.0520927,0.0219633,0.00941599,0.00953954,144.67,-0.0444116
4.88324,140.868,140.718,0.149877,0.05154,0.0217875,0.00936646,0.00951868,140.67,-0.0443743
4.88911,136.818,136.733,0.085014,0.0510002,0.0216148,0.00931744,0.00949791,136.686,-0.0443371
4.89497,132.983,132.78,0.203594,0.050473,0.0214454,0.00926893,0.00947723,132.733,-0.0443
4.90083,129.003,128.873,0.129569,0.049958,0.0212789,0.00922092,0.00945664,128.828,-0.044263
4.90669,125.176,125.026,0.149642,0.0494546,0.0211154,0.0091734,0.00943614,124.981,-0.044226
4.91255,121.227,121.249,-0.0217664,0.0489626,0.0209548,0.00912637,0.00941573,121.205,-0.0441892
4.91842,117.597,117.55,0.047314,0.0484815,0.0207969,0.0090798,0.0093954,117.506,-0.0441524
4.92428,114.005,113.936,0.0691123,0.0480109,0.0206418,0.00903371,0.00937516,113.893,-0.0441157
4.93014,110.33,110.413,-0.0823642,0.0475506,0.0204893,0.00898808,0.00935501,110.37,-0.0440791
4.936,106.907,106.984,-0.0769971,0.0471001,0.0203394,0.0089429,0.00933495,106.942,-0.0440425
4.94187,103.608,103.653,-0.045503,0.0466592,0.0201919,0.00889818,0.00931497,103.612,-0.0440061
4.94773,100.209,100.422,-0.21313,0.0462276,0.0200469,0.00885389,0.00929508,100.382,-0.0439697
4.95359,97.2731,97.2917,-0.0186509,0.0458049,0.0199043,0.00881004,0.00927527,97.2518,-0.0439334
4.95945,94.3477,94.262,0.0856256,0.045391,0.019764,0.00876662,0.00925554,94.2228,-0.0438972
4.96532,91.3765,91.3329,0.0435825,0.0449854,0.0196259,0.00872362,0.0092359,91.2942,-0.0438611
4.97118,88.6305,88.5032,0.127288,0.044588,0.01949,0.00868103,0.00921634,88.4651,-0.043825
4.97704,85.6537,85.7717,-0.118056,0.0441985,0.0193563,0.00863886,0.00919687,85.7341,-0.0437891
4.9829,83.1413,83.1366,0.00469794,0.0438167,0.0192247,0.00859709,0.00917747,83.0996,-0.0437532
4.98876,80.5167,80.5958,-0.0790757,0.0434423,0.019095,0.00855572,0.00915816,80.5593,-0.0437174
4.99463,77.9321,78.1471,-0.214943,0.0430751,0.0189674,0.00851475,0.00913893,78.111,-0.0436817
5.00049,75.7979,75.7878,0.0100166,0.042715,0.0188417,0.00847416,0.00911978,75.7523,-0.0436461
5.00635,73.478,73.5156,-0.037516,0.0423616,0.0187179,0.00843395,0.00910071,73.4806,-0.0436105
5.01221,71.3239,71.3275,-0.00368488,0.0420149,0.0185959,0.00839412,0.00908172,71.293,-0.043575
5.01808,69.1035,69.221,-0.117513,0.0416746,0.0184758,0.00835466,0.0090628,69.187,-0.0435396
5.02394,67.1725,67.1932,-0.0206806,0.0413405,0.0183574,0.00831557,0.00904397,67.1596,-0.0435043
5.0298,65.3211,65.2413,0.0797859,0.0410125,0.0182407,0.00827684,0.00902521,65.2082,-0.0434691
5.03566,63.398,63.3626,0.0354113,0.0406905,0.0181257,0.00823847,0.00900654,63.3299,-0.043434
5.04152,61.6702,61.5542,0.115983,0.0403741,0.0180124,0.00820045,0.00898793,61.5221,-0.0433989
5.04739,59.7955,59.8136,-0.0181549,0.0400634,0.0179006,0.00816277,0.00896941,59.7819,-0.0433639
5.05325,58.0884,58.1381,-0.0496743,0.039758,0.0177904,0.00812544,0.00895096,58.1068,-0.043329
5.05911,56.5542,56.525,0.0291963,0.039458,0.0176818,0.00808844,0.00893259,56.4941,-0.0432942
5.06497,54.928,54.9719,-0.0438805,0.0391631,0.0175746,0.00805178,0.00891429,54.9415,-0.0432595
5.07084,53.4899,53.4764,0.0134616,0.0388733,0.0174689,0.00801545,0.00889606,53.4464,-0.0432248
5.0767,52,52.0361,-0.0361358,0.0385883,0.0173647,0.00797944,0.00887791,52.0065,-0.0431902
5.08256,50.7261,50.6487,0.0774069,0.0383081,0.0172619,0.00794375,0.00885984,50.6195,-0.0431557
5.08842,49.3193,49.312,0.00728754,0.0380325,0.0171604,0.00790837,0.00884184,49.2832,-0.0431213
5.09428,48.0578,48.024,0.0337783,0.0377614,0.0170603,0.00787331,0.00882391,47.9956,-0.043087
5.10015,46.6965,46.7825,-0.0860225,0.0374948,0.0169615,0.00783855,0.00880605,46.7545,-0.0430528
5.10601,45.6513,45.5857,0.0655405,0.0372324,0.016864,0.0078041,0.00878826,45.5581,-0.0430186
5.11187,44.4095,44.4317,-0.0222228,0.0369743,0.0167677,0.00776995,0.00877055,44.4044,-0.0429845
5.11773,43.3727,43.3187,0.0540789,0.0367202,0.0166727,0.00773609,0.00875291,43.2917,-0.0429505
5.1236,42.3268,42.2449,0.0819102,0.0364701,0.0165789,0.00770253,0.00873534,42.2183,-0.0429166
5.12946,41.1545,41.2087,-0.054159,0.0362239,0.0164863,0.00766925,0.00871784,41.1825,-0.0428828
5.13532,40.4874,40.2086,0.278766,0.0359815,0.0163949,0.00763626,0.0087004,40.1827,-0.042849
5.14118,39.4086,39.243,0.165569,0.0357428,0.0163046,0.00760355,0.00868304,39.2175,-0.0428153
5.14704,38.3061,38.3105,-0.00442894,0.0355078,0.0162154,0.00757111,0.00866575,38.2854,-0.0427817
5.15291,37.4298,37.4098,0.01997,0.0352763,0.0161273,0.00753895,0.00864852,37.385,-0.0427482
5.15877,36.5071,36.5395,-0.0324339,0.0350482,0.0160403,0.00750706,0.00863137,36.515,-0.0427148
5.16463,35.6695,35.6984,-0.0289056,0.0348235,0.0159544,0.00747544,0.00861428,35.6742,-0.0426815
5.17049,35.1858,34.8852,0.300633,0.0346021,0.0158695,0.00744408,0.00859726,34.8613,-0.0426482
5.17636,34.1935,34.0989,0.0945938,0.034384,0.0157856,0.00741298,0.0085803,34.0753,-0.042615
5.18222,33.2056,33.3383,-0.132633,0.0341689,0.0157027,0.00738214,0.00856342,33.315,-0.0425819
5.18808,32.5472,32.6024,-0.0551673,0.033957,0.0156207,0.00735155,0.0085466,32.5794,-0.0425489
5.19394,31.9053,31.8902,0.0151129,0.0337481,0.0155398,0.00732121,0.00852984,31.8676,-0.042516
5.1998,31.1574,31.2008,-0.0433272,0.0335421,0.0154597,0.00729112,0.00851315,31.1784,-0.0424831
5.20567,30.6247,30.5332,0.0914871,0.033339,0.0153806,0.00726128,0.00849653,30.5111,-0.0424503
5.21153,29.7493,29.8866,-0.137246,0.0331388,0.0153024,0.00723168,0.00847997,29.8648,-0.0424176
5.21739,29.2063,29.2601,-0.0538422,0.0329413,0.0152251,0.00720231,0.00846347,29.2387,-0.042385
5.22325,28.6266,28.6531,-0.0264967,0.0327465,0.0151487,0.00717319,0.00844704,28.6319,-0.0423525
5.22912,28.0389,28.0646,-0.0257569,0.0325543,0.0150731,0.00714429,0.00843067,28.0437,-0.04232
5.23498,27.5835,27.4941,0.0894352,0.0323647,0.0149984,0.00711563,0.00841437,27.4735,-0.0422877
5.24084,26.9557,26.9407,0.0149709,0.0321777,0.0149245,0.00708719,0.00839812,26.9204,-0.0422554
5.2467,26.3553,26.4039,-0.0486014,0.0319931,0.0148514,0.00705898,0.00838194,26.3839,-0.0422232
5.25256,25.9179,25.8831,0.0347893,0.031811,0.0147791,0.00703099,0.00836583,25.8633,-0.0421911
5.25843,25.4287,25.3775,0.0511769,0.0316313,0.0147077,0.00700322,0.00834977,25.358,-0.042159
5.26429,24.8227,24.8868,-0.0640541,0.0314539,0.0146369,0.00697567,0.00833378,24.8675,-0.0421271
5.27015,24.4331,24.4102,0.0229471,0.0312787,0.014567,0.00694834,0.00831784,24.3912,-0.0420952
5.27601,23.7434,23.9473,-0.203913,0.0311058,0.0144977,0.00692121,0.00830197,23.9285,-0.0420634
5.28188,23.4393,23.4976,-0.0582611,0.0309352,0.0144293,0.0068943,0.00828616,23.479,-0.0420317
5.28774,23.0669,23.0605,0.00639302,0.0307666,0.0143615,0.00686759,0.0082704,23.0423,-0.0420001
5.2936,22.7107,22.6357,0.0749521,0.0306002,0.0142944,0.00684109,0.00825471,22.6177,-0.0419685
5.29946,22.2056,22.2228,-0.0171824,0.0304358,0.0142281,0.00681479,0.00823908,22.205,-0.0419371
5.30532,21.9088,21.8212,0.0876394,0.0302735,0.0141624,0.00678869,0.0082235,21.8036,-0.0419057
5.31119,21.5021,21.4305,0.0716213,0.0301132,0.0140974,0.00676279,0.00820799,21.4132,-0.0418744
5.31705,21.1332,21.0505,0.0827577,0.0299548,0.0140331,0.00673708,0.00819253,21.0334,-0.0418431
5.32291,20.6627,20.6806,-0.0179374,0.0297983,0.0139694,0.00671157,0.00817713,20.6638,-0.041812
5.32877,20.3096,20.3207,-0.0110647,0.0296437,0.0139064,0.00668625,0.00816179,20.3041,-0.041781
5.33464,19.8289,19.9702,-0.141297,0.029491,0.013844,0.00666112,0.00814651,19.9538,-0.04175
5.3405,19.7588,19.629,0.129827,0.02934,0.0137822,0.00663617,0.00813128,19.6128,-0.0417191
5.34636,19.427,19.2966,0.130403,0.0291909,0.0137211,0.00661142,0.00811611,19.2807,-0.0416883
5.35222,18.8061,18.9728,-0.166786,0.0290434,0.0136605,0.00658684,0.00810099,18.9571,-0.0416575
5.35809,18.6755,18.6574,0.0180951,0.0288977,0.0136006,0.00656245,0.00808594,18.6418,-0.0416269
5.36395,18.3184,18.3499,-0.0314541,0.0287537,0.0135412,0.00653823,0.00807093,18.3346,-0.0415963
5.36981,17.8619,18.0502,-0.188349,0.0286113,0.0134824,0.00651419,0.00805599,18.0351,-0.0415658
5.37567,17.7201,17.758,-0.0378832,0.0284705,0.0134241,0.00649033,0.0080411,17.7431,-0.0415354
5.38153,17.5342,17.473,0.0611186,0.0283314,0.0133665,0.00646664,0.00802626,17.4584,-0.0415051
5.3874,17.1602,17.1951,-0.0349611,0.0281938,0.0133093,0.00644312,0.00801148,17.1806,-0.0414749
5.39326,16.8715,16.924,-0.052458,0.0280577,0.0132527,0.00641977,0.00799675,16.9097,-0.0414447
5.39912,16.6574,16.6594,-0.00206038,0.0279231,0.0131967,0.00639659,0.00798208,16.6454,-0.0414146
5.40498,16.3826,16.4013,-0.0186632,0.02779,0.0131412,0.00637358,0.00796746,16.3874,-0.0413846
5.41085,16.0517,16.1493,-0.0975201,0.0276584,0.0130861,0.00635073,0.00795289,16.1356,-0.0413547
5.41671,15.9199,15.9032,0.0166603,0.0275282,0.0130316,0.00632804,0.00793838,15.8897,-0.0413249
5.42257,15.6865,15.663,0.0235336,0.0273995,0.0129776,0.00630551,0.00792391,15.6497,-0.0412951
5.42843,15.3351,15.4283,-0.0932564,0.0272721,0.0129241,0.00628314,0.00790951,15.4152,-0.0412655
5.43429,15.0974,15.1992,-0.101766,0.027146,0.0128711,0.00626093,0.00789515,15.1862,-0.0412359
5.44016,15.0564,14.9752,0.0811374,0.0270213,0.0128186,0.00623888,0.00788085,14.9625,-0.0412064
5.44602,14.6915,14.7564,-0.0649595,0.0268979,0.0127665,0.00621698,0.00786659,14.7439,-0.041177
5.45188,14.6573,14.5426,0.114683,0.0267758,0.0127149,0.00619523,0.00785239,14.5302,-0.0411476
5.45774,14.3055,14.3336,-0.0280544,0.026655,0.0126638,0.00617363,0.00783824,14.3214,-0.0411184
5.46361,14.1859,14.1292,0.0567142,0.0265354,0.0126131,0.00615218,0.00782414,14.1172,-0.0410892
5.46947,13.9733,13.9294,0.0439037,0.0264171,0.0125629,0.00613088,0.00781009,13.9175,-0.0410601
5.47533,13.7201,13.734,-0.0139189,0.0263,0.0125131,0.00610973,0.0077961,13.7223,-0.0410311
5.48119,13.5797,13.5428,0.0368537,0.026184,0.0124638,0.00608872,0.00778215,13.5313,-0.0410021
5.48705,13.4352,13.3558,0.0793653,0.0260693,0.0124148,0.00606785,0.00776825,13.3445,-0.0409733
5.49292,13.0244,13.1729,-0.148506,0.0259557,0.0123663,0.00604713,0.0077544,13.1617,-0.0409445
5.49878,13.0277,12.9938,0.0338697,0.0258432,0.0123183,0.00602654,0.0077406,12.9828,-0.0409158
5.50464,12.8081,12.8186,-0.0105133,0.0257318,0.0122706,0.0060061,0.00772685,12.8077,-0.0408872
5.5105,12.7003,12.647,0.0532279,0.0256216,0.0122233,0.00598579,0.00771315,12.6364,-0.0408587
5.51637,12.5819,12.4791,0.102788,0.0255124,0.0121765,0.00596562,0.00769949,12.4686,-0.0408303
5.52223,12.331,12.3146,0.0163996,0.0254043,0.01213,0.00594559,0.00768589,12.3043,-0.0408019
5.52809,12.1706,12.1536,0.0169816,0.0252973,0.0120839,0.00592568,0.00767233,12.1434,-0.0407736
5.53395,12.1014,11.9958,0.105611,0.0251912,0.0120382,0.00590591,0.00765882,11.9858,-0.0407454
5.53981,11.9924,11.8413,0.151124,0.0250862,0.0119929,0.00588627,0.00764536,11.8314,-0.0407173
5.54568,11.6576,11.6899,-0.032344,0.0249822,0.011948,0.00586676,0.00763194,11.6802,-0.0406893
5.55154,11.5382,11.5415,-0.00337492,0.0248792,0.0119034,0.00584738,0.00761857,11.532,-0.0406613
5.5574,11.2564,11.3962,-0.139734,0.0247772,0.0118592,0.00582813,0.00760525,11.3867,-0.0406335
5.56326,11.2049,11.2536,-0.0487447,0.0246761,0.0118154,0.005809,0.00759197,11.2444,-0.0406057
5.56913,10.8868,11.1139,-0.22716,0.024576,0.0117719,0.00579,0.00757875,11.1048,-0.040578
5.57499,11.023,10.977,0.0460275,0.0244767,0.0117288,0.00577112,0.00756556,10.968,-0.0405503
5.58085,10.9892,10.8427,0.146467,0.0243785,0.011686,0.00575236,0.00755243,10.8338,-0.0405228
5.58671,10.6921,10.711,-0.0188657,0.0242811,0.0116436,0.00573372,0.00753933,10.7023,-0.0404953
5.59257,10.7004,10.5818,0.118536,0.0241846,0.0116015,0.00571521,0.00752629,10.5733,-0.040468
5.59844,10.5269,10.4551,0.0718305,0.0240889,0.0115597,0.00569681,0.00751328,10.4467,-0.0404407
5.6043,10.491,10.3308,0.160186,0.0239942,0.0115183,0.00567853,0.00750033,10.3225,-0.0404135
5.61016,10.2632,10.2088,0.0543287,0.0239003,0.0114771,0.00566036,0.00748741,10.2007,-0.0403863
5.61602,10.0468,10.0891,-0.0423471,0.0238072,0.0114364,0.00564231,0.00747455,10.0811,-0.0403593
5.62189,10.0032,9.97169,0.0315035,0.023715,0.0113959,0.00562438,0.00746172,9.96383,-0.0403323
5.62775,9.86786,9.8564,0.011459,0.0236236,0.0113557,0.00560656,0.00744894,9.84867,-0.0403054
5.63361,9.64913,9.74323,-0.0940972,0.023533,0.0113159,0.00558885,0.00743621,9.73563,-0.0402786
5.63947,9.55284,9.63212,-0.0792817,0.0234431,0.0112763,0.00557125,0.00742351,9.62466,-0.0402519
5.64533,9.56471,9.52303,0.0416781,0.0233541,0.0112371,0.00555376,0.00741086,9.5157,-0.0402252
5.6512,9.52778,9.4159,0.111876,0.0232658,0.0111981,0.00553638,0.00739826,9.4087,-0.0401987
5.65706,9.38949,9.31069,0.0787993,0.0231783,0.0111595,0.00551911,0.00738569,9.30362,-0.0401722
5.66292,9.06377,9.20735,-0.143584,0.0230916,0.0111211,0.00550195,0.00737317,9.20041,-0.0401458
5.66878,8.99935,9.10584,-0.10649,0.0230056,0.0110831,0.00548489,0.00736069,9.09903,-0.0401195
5.67465,9.00331,9.00612,-0.00281314,0.0229203,0.0110453,0.00546794,0.00734825,8.99943,-0.0400932
5.68051,9.04102,8.90814,0.132881,0.0228357,0.0110078,0.00545109,0.00733586,8.90157,-0.0400671
5.68637,8.70028,8.81186,-0.11158,0.0227519,0.0109706,0.00543434,0.00732351,8.80542,-0.040041
5.69223,8.65713,8.71724,-0.0601061,0.0226687,0.0109336,0.0054177,0.00731119,8.71092,-0.040015
5.69809,8.42571,8.62424,-0.198536,0.0225863,0.0108969,0.00540115,0.00729892,8.61805,-0.0399891
5.70396,8.47969,8.53283,-0.0531417,0.0225045,0.0108605,0.00538471,0.00728669,8.52676,-0.0399633
5.70982,8.44109,8.44298,-0.0018855,0.0224234,0.0108244,0.00536837,0.0072745,8.43702,-0.0399375
5.71568,8.39371,8.35463,0.0390754,0.022343,0.0107885,0.00535213,0.00726236,8.3488,-0.0399119
5.72154,8.25979,8.26777,-0.00797958,0.0222632,0.0107529,0.00533598,0.00725025,8.26206,-0.0398863
5.72741,8.15194,8.18236,-0.0304143,0.0221841,0.0107175,0.00531993,0.00723818,8.17676,-0.0398608
5.73327,8.08439,8.09836,-0.0139654,0.0221056,0.0106824,0.00530398,0.00722615,8.09287,-0.0398354
5.73913,7.87754,8.01574,-0.138198,0.0220277,0.0106476,0.00528812,0.00721417,8.01037,-0.0398101
5.74499,7.70635,7.93448,-0.228127,0.0219505,0.010613,0.00527235,0.00720222,7.92922,-0.0397848
5.75085,7.87494,7.85454,0.0204032,0.0218739,0.0105786,0.00525668,0.00719031,7.8494,-0.0397596
5.75672,7.82734,7.77589,0.0514482,0.0217979,0.0105445,0.0052411,0.00717844,7.77086,-0.0397345
5.76258,7.72336,7.69851,0.0248521,0.0217225,0.0105106,0.00522562,0.00716661,7.69359,-0.0397095
5.76844,7.58021,7.62237,-0.0421554,0.0216476,0.0104769,0.00521022,0.00715482,7.61756,-0.0396846
5.7743,7.56356,7.54744,0.0161251,0.0215734,0.0104435,0.00519492,0.00714307,7.54274,-0.0396598
5.78017,7.50483,7.47369,0.0311314,0.0214998,0.0104103,0.0051797,0.00713135,7.46911,-0.039635
5.78603,7.47533,7.40111,0.0742195,0.0214267,0.0103774,0.00516457,0.00711968,7.39663,-0.0396103
5.79189,7.27504,7.32966,-0.0546215,0.0213542,0.0103447,0.00514953,0.00710804,7.32529,-0.0395857
5.79775,7.37593,7.25933,0.1166,0.0212822,0.0103122,0.00513458,0.00709644,7.25507,-0.0395612
5.80362,7.17222,7.19008,-0.0178673,0.0212108,0.0102799,0.00511971,0.00708488,7.18593,-0.0395368
5.80948,7.23813,7.12191,0.116223,0.0211399,0.0102478,0.00510493,0.00707335,7.11785,-0.0395124
5.81534,7.31433,7.05477,0.259562,0.0210696,0.010216,0.00509023,0.00706186,7.05082,-0.0394881
5.8212,7.13991,6.98866,0.151251,0.0209998,0.0101844,0.00507562,0.00705041,6.98481,-0.0394639
5.82706,6.94694,6.92355,0.0233958,0.0209305,0.0101529,0.00506109,0.007039,6.9198,-0.0394398
5.83293,6.79229,6.85942,-0.0671217,0.0208618,0.0101217,0.00504665,0.00702763,6.85577,-0.0394158
5.83879,6.73166,6.79625,-0.0645908,0.0207936,0.0100907,0.00503228,0.00701629,6.79271,-0.0393919
5.84465,6.69935,6.73402,-0.0346681,0.0207258,0.01006,0.005018,0.00700498,6.73058,-0.039368
5.85051,6.64662,6.67272,-0.0260932,0.0206586,0.0100294,0.0050038,0.00699372,6.66937,-0.0393442
5.85638,6.63575,6.61232,0.0234369,0.0205918,0.00999898,0.00498967,0.00698249,6.60907,-0.0393205
5.86224,6.69401,6.5528,0.141211,0.0205256,0.0099688,0.00497563,0.00697129,6.54966,-0.0392969
5.8681,6.46294,6.49416,-0.031214,0.0204598,0.00993881,0.00496167,0.00696013,6.49111,-0.0392733
5.87396,6.40983,6.43636,-0.0265378,0.0203945,0.00990902,0.00494778,0.00694901,6.43341,-0.0392499
5.87982,6.3381,6.37941,-0.0413107,0.0203297,0.00987942,0.00493397,0.00693792,6.37655,-0.0392265
5.88569,6.34255,6.32327,0.0192808,0.0202653,0.00985001,0.00492024,0.00692687,6.32051,-0.0392032
5.89155,6.24957,6.26793,-0.0183633,0.0202014,0.00982079,0.00490658,0.00691585,6.26526,-0.03918
5.89741,6.10981,6.21338,-0.103571,0.020138,0.00979176,0.004893,0.00690487,6.21081,-0.0391569
5.90327,6.28656,6.1596,0.126955,0.020075,0.00976292,0.00487949,0.00689392,6.15712,-0.0391338
5.90914,6.15502,6.10658,0.0484368,0.0200124,0.00973426,0.00486606,0.00688301,6.1042,-0.0391109
5.915,6.12383,6.0543,0.0695256,0.0199503,0.00970578,0.0048527,0.00687213,6.05201,-0.039088
5.92086,5.99705,6.00275,-0.00570681,0.0198887,0.00967748,0.00483941,0.00686129,6.00055,-0.0390652
5.92672,5.84423,5.95192,-0.107691,0.0198274,0.00964936,0.0048262,0.00685048,5.94981,-0.0390425
5.93258,5.72804,5.90179,-0.173747,0.0197666,0.00962142,0.00481306,0.0068397,5.89977,-0.0390198
5.93845,5.71744,5.85234,-0.134904,0.0197062,0.00959365,0.00479999,0.00682896,5.85041,-0.0389973
5.94431,5.63915,5.80357,-0.164428,0.0196462,0.00956605,0.00478699,0.00681825,5.80173,-0.0389748
5.95017,5.68216,5.75547,-0.073313,0.0195866,0.00953863,0.00477406,0.00680758,5.75371,-0.0389524
5.95603,5.64789,5.70801,-0.0601205,0.0195275,0.00951137,0.0047612,0.00679694,5.70635,-0.0389301
5.9619,5.67185,5.6612,0.0106556,0.0194687,0.00948429,0.0047484,0.00678633,5.65962,-0.0389079
5.96776,5.53729,5.61501,-0.077722,0.0194104,0.00945737,0.00473568,0.00677575,5.61352,-0.0388857
5.97362,5.63973,5.56944,0.0702947,0.0193524,0.00943061,0.00472302,0.00676521,5.56803,-0.0388637
5.97948,5.51315,5.52447,-0.0113186,0.0192948,0.00940402,0.00471043,0.0067547,5.52315,-0.0388417
5.98534,5.61251,5.4801,0.132415,0.0192376,0.00937759,0.00469791,0.00674422,5.47886,-0.0388198
5.99121,5.34571,5.43631,-0.0905954,0.0191808,0.00935132,0.00468546,0.00673378,5.43515,-0.0387979
5.99707,5.25836,5.39309,-0.134729,0.0191244,0.00932521,0.00467307,0.00672336,5.39202,-0.0387762
6.00293,5.34744,5.35043,-0.00299824,0.0190683,0.00929926,0.00466074,0.00671298,5.34945,-0.0387545
6.00879,5.20756,5.30833,-0.100776,0.0190126,0.00927346,0.00464848,0.00670264,5.30743,-0.038733
6.01466,5.04371,5.26677,-0.223061,0.0189573,0.00924782,0.00463629,0.00669232,5.26595,-0.0387115
6.02052,5.23869,5.22575,0.0129415,0.0189024,0.00922233,0.00462415,0.00668203,5.22501,-0.0386901
6.02638,5.27032,5.18525,0.0850718,0.0188477,0.00919699,0.00461208,0.00667178,5.18459,-0.0386687
6.03224,5.25848,5.14526,0.113219,0.0187935,0.0091718,0.00460008,0.00666156,5.14468,-0.0386475
6.0381,5.24084,5.10578,0.135062,0.0187396,0.00914676,0.00458813,0.00665137,5.10528,-0.0386263
6.04397,4.94669,5.0668,-0.120104,0.018686,0.00912186,0.00457625,0.00664121,5.06638,-0.0386052
6.04983,4.95928,5.0283,-0.0690235,0.0186328,0.00909711,0.00456443,0.00663108,5.02796,-0.0385842
6.05569,5.06966,4.99029,0.0793683,0.01858,0.00907251,0.00455267,0.00662098,4.99003,-0.0385633
6.06155,5.00327,4.95275,0.0505143,0.0185274,0.00904805,0.00454097,0.00661091,4.95257,-0.0385425
6.06742,4.8362,4.91568,-0.0794736,0.0184752,0.00902373,0.00452933,0.00660088,4.91557,-0.0385217
6.07328,4.97045,4.87906,0.0913955,0.0184234,0.00899955,0.00451775,0.00659087,4.87903,-0.038501
6.07914,4.80646,4.84289,-0.0364218,0.0183718,0.00897551,0.00450622,0.00658089,4.84293,-0.0384804
6.085,4.86102,4.80716,0.0538588,0.0183206,0.00895161,0.00449476,0.00657095,4.80728,-0.0384599
6.09086,4.7115,4.77186,-0.0603648,0.0182697,0.00892785,0.00448335,0.00656103,4.77206,-0.0384395
6.09673,4.79662,4.73699,0.0596303,0.0182191,0.00890422,0.00447201,0.00655115,4.73727,-0.0384191
6.10259,4.81604,4.70255,0.113491,0.0181688,0.00888072,0.00446071,0.00654129,4.70289,-0.0383989
6.10845,4.65455,4.66851,-0.013963,0.0181189,0.00885736,0.00444948,0.00653146,4.66893,-0.0383787
6.11431,4.74548,4.63488,0.110597,0.0180692,0.00883413,0.0044383,0.00652166,4.63538,-0.0383586
6.12018,4.45746,4.60165,-0.144197,0.0180199,0.00881103,0.00442718,0.0065119,4.60222,-0.0383386
6.12604,4.50173,4.56882,-0.0670935,0.0179708,0.00878806,0.00441611,0.00650216,4.56946,-0.0383186
6.1319,4.59263,4.53637,0.0562599,0.0179221,0.00876522,0.0044051,0.00649245,4.53708,-0.0382988
6.13776,4.38772,4.5043,-0.116585,0.0178736,0.00874251,0.00439414,0.00648277,4.50509,-0.038279
6.14362,4.22269,4.47261,-0.249915,0.0178255,0.00871992,0.00438324,0.00647311,4.47347,-0.0382593
6.14949,4.28482,4.44128,-0.156463,0.0177776,0.00869746,0.00437239,0.00646349,4.44221,-0.0382397
6.15535,4.33769,4.41032,-0.0726367,0.01773,0.00867512,0.0043616,0.0064539,4.41132,-0.0382201
6.16121,4.32317,4.37972,-0.0565465,0.0176827,0.00865291,0.00435085,0.00644433,4.38079,-0.0382007
6.16707,4.31786,4.34946,-0.0316016,0.0176357,0.00863082,0.00434016,0.00643479,4.3506,-0.0381813
6.17294,4.37829,4.31956,0.0587356,0.017589,0.00860884,0.00432953,0.00642528,4.32077,-0.038162
6.1788,4.37794,4.28999,0.0879536,0.0175425,0.00858699,0.00431894,0.0064158,4.29127,-0.0381428
6.18466,4.21874,4.26076,-0.0420127,0.0174963,0.00856526,0.00430841,0.00640634,4.2621,-0.0381237
6.19052,4.19723,4.23186,-0.0346276,0.0174504,0.00854364,0.00429792,0.00639692,4.23327,-0.0381047
6.19638,4.10212,4.20328,-0.101154,0.0174048,0.00852214,0.00428749,0.00638752,4.20476,-0.0380857
6.20225,4.02766,4.17502,-0.147365,0.0173594,0.00850076,0.00427711,0.00637815,4.17657,-0.0380668
6.20811,4.26706,4.14708,0.119983,0.0173143,0.00847949,0.00426678,0.0063688,4.1487,-0.038048
6.21397,4.14655,4.11945,0.027103,0.0172694,0.00845834,0.00425649,0.00635949,4.12113,-0.0380293
6.21983,4.26106,4.09212,0.16894,0.0172248,0.00843729,0.00424626,0.0063502,4.09387,-0.0380107
6.2257,4.20201,4.0651,0.136915,0.0171805,0.00841636,0.00423608,0.00634094,4.06692,-0.0379921
6.23156,4.03345,4.03837,-0.00491746,0.0171364,0.00839555,0.00422594,0.0063317,4.04025,-0.0379737
6.23742,4.14872,4.01193,0.13679,0.0170925,0.00837484,0.00421585,0.00632249,4.01388,-0.0379553
6.24328,3.9847,3.98578,-0.00108105,0.017049,0.00835424,0.00420581,0.00631331,3.9878,-0.037937
6.24915,3.92236,3.95992,-0.0375535,0.0170056,0.00833375,0.00419582,0.00630416,3.962,-0.0379188
6.25501,3.9179,3.93433,-0.016432,0.0169625,0.00831336,0.00418588,0.00629503,3.93647,-0.0379006
6.26087,3.94374,3.90902,0.0347268,0.0169197,0.00829308,0.00417598,0.00628593,3.91123,-0.0378825
6.26673,3.99369,3.88398,0.109712,0.0168771,0.00827291,0.00416613,0.00627685,3.88625,-0.0378646
6.27259,3.77364,3.8592,-0.0855621,0.0168347,0.00825285,0.00415633,0.0062678,3.86154,-0.0378467
6.27846,3.87753,3.83469,0.0428403,0.0167925,0.00823288,0.00414657,0.00625878,3.83709,-0.0378289
6.28432,3.80283,3.81044,-0.00760667,0.0167506,0.00821302,0.00413685,0.00624978,3.8129,-0.0378111
6.29018,3.6684,3.78644,-0.118048,0.016709,0.00819327,0.00412719,0.00624081,3.78897,-0.0377935
6.29604,3.65862,3.7627,-0.104085,0.0166675,0.00817361,0.00411756,0.00623186,3.76529,-0.0377759
6.30191,3.58414,3.7392,-0.155065,0.0166263,0.00815405,0.00410799,0.00622294,3.74185,-0.0377584
6.30777,3.67869,3.71595,-0.0372601,0.0165853,0.0081346,0.00409845,0.00621404,3.71866,-0.037741
6.31363,3.63059,3.69294,-0.0623548,0.0165446,0.00811524,0.00408896,0.00620517,3.69571,-0.0377237
6.31949,3.61188,3.67017,-0.0582944,0.016504,0.00809598,0.00407952,0.00619633,3.673,-0.0377064
6.32535,3.72503,3.64763,0.0773984,0.0164637,0.00807682,0.00407011,0.00618751,3.65052,-0.0376893
6.33122,3.56004,3.62532,-0.0652865,0.0164236,0.00805776,0.00406075,0.00617872,3.62828,-0.0376722
6.33708,3.54415,3.60325,-0.059097,0.0163837,0.00803879,0.00405144,0.00616995,3.60626,-0.0376552
6.34294,3.64468,3.58139,0.0632917,0.0163441,0.00801991,0.00404216,0.0061612,3.58446,-0.0376383
6.3488,3.49374,3.55976,-0.0660217,0.0163046,0.00800113,0.00403293,0.00615248,3.56289,-0.0376214
6.35467,3.41284,3.53834,-0.1255,0.0162654,0.00798245,0.00402374,0.00614379,3.54153,-0.0376047
6.36053,3.5298,3.51714,0.0126547,0.0162263,0.00796386,0.00401459,0.00613512,3.52039,-0.037588
6.36639,3.56379,3.49616,0.0676363,0.0161875,0.00794536,0.00400549,0.00612647,3.49946,-0.0375714
6.37225,3.60485,3.47538,0.129467,0.0161489,0.00792695,0.00399642,0.00611785,3.47874,-0.0375549
6.37811,3.41009,3.45481,-0.0447177,0.0161104,0.00790863,0.0039874,0.00610925,3.45823,-0.0375385
6.38398,3.42691,3.43444,-0.00752777,0.0160722,0.0078904,0.00397841,0.00610068,3.43792,-0.0375222
6.38984,3.25763,3.41428,-0.156648,0.0160342,0.00787226,0.00396947,0.00609213,3.41781,-0.0375059
6.3957,3.4029,3.39431,0.00859496,0.0159964,0.00785421,0.00396056,0.0060836,3.3979,-0.0374897
6.40156,3.55504,3.37454,0.180503,0.0159588,0.00783625,0.0039517,0.0060751,3.37819,-0.0374736
6.40743,3.31197,3.35496,-0.042989,0.0159213,0.00781838,0.00394288,0.00606662,3.35866,-0.0374576
6.41329,3.2947,3.33557,-0.0408622,0.0158841,0.00780059,0.00393409,0.00605817,3.33933,-0.0374417
6.41915,3.2264,3.31637,-0.0899619,0.0158471,0.00778289,0.00392534,0.00604973,3.32019,-0.0374258
6.42501,3.21269,3.29735,-0.0846621,0.0158102,0.00776527,0.00391664,0.00604133,3.30123,-0.03741
6.43087,3.20731,3.27852,-0.0712078,0.0157735,0.00774774,0.00390797,0.00603294,3.28245,-0.0373943
6.43674,3.18722,3.25987,-0.0726465,0.0157371,0.00773029,0.00389934,0.00602458,3.26385,-0.0373787
6.4426,3.34271,3.24139,0.101316,0.0157008,0.00771293,0.00389074,0.00601624,3.24543,-0.0373632
6.44846,3.21097,3.22309,-0.0121234,0.0156647,0.00769564,0.00388219,0.00600793,3.22719,-0.0373478
6.45432,3.16037,3.20497,-0.0446024,0.0156288,0.00767844,0.00387367,0.00599964,3.20912,-0.0373324
6.46019,3.15182,3.18701,-0.0351951,0.015593,0.00766133,0.00386519,0.00599137,3.19122,-0.0373171
6.46605,3.1995,3.16923,0.0302682,0.0155575,0.00764429,0.00385675,0.00598312,3.17349,-0.0373019
6.47191,3.05988,3.15161,-0.0917362,0.0155221,0.00762733,0.00384834,0.0059749,3.15593,-0.0372868
6.47777,3.26947,3.13416,0.135314,0.0154869,0.00761046,0.00383997,0.00596669,3.13853,-0.0372718
6.48363,3.31276,3.11687,0.195893,0.0154518,0.00759366,0.00383163,0.00595852,3.12129,-0.0372568
6.4895,3.23771,3.09974,0.137973,0.015417,0.00757694,0.00382334,0.00595036,3.10421,-0.0372419
6.49536,3.09827,3.08277,0.0155087,0.0153823,0.0075603,0.00381507,0.00594222,3.08729,-0.0372271
6.50122,3.04374,3.06595,-0.0222103,0.0153478,0.00754374,0.00380685,0.00593411,3.07053,-0.0372124
6.50708,3.03398,3.04929,-0.0153064,0.0153135,0.00752725,0.00379866,0.00592602,3.05392,-0.0371978
6.51295,2.97905,3.03278,-0.0537338,0.0152793,0.00751084,0.0037905,0.00591795,3.03747,-0.0371833
6.51881,2.90213,3.01642,-0.114292,0.0152453,0.00749451,0.00378238,0.00590991,3.02116,-0.0371688
6.52467,3.02741,3.00021,0.0271941,0.0152115,0.00747825,0.00377429,0.00590188,3.005,-0.0371544
6.53053,2.95267,2.98415,-0.0314804,0.0151778,0.00746207,0.00376624,0.00589388,2.98899,-0.0371401
6.53639,2.97009,2.96823,0.00185912,0.0151443,0.00744596,0.00375822,0.0058859,2.97312,-0.0371259
6.54226,2.99515,2.95246,0.0426931,0.0151109,0.00742992,0.00375024,0.00587794,2.9574,-0.0371118
6.54812,2.94151,2.93682,0.00468845,0.0150777,0.00741396,0.00374229,0.00587,2.94182,-0.0370977
6.55398,2.93923,2.92133,0.0179003,0.0150447,0.00739807,0.00373437,0.00586209,2.92637,-0.0370837
6.55984,2.89061,2.90597,-0.0153611,0.0150119,0.00738225,0.00372649,0.00585419,2.91107,-0.0370698
6.56571,2.83781,2.89075,-0.0529444,0.0149792,0.00736651,0.00371864,0.00584632,2.8959,-0.037056
6.57157,2.96165,2.87567,0.0859798,0.0149466,0.00735083,0.00371082,0.00583847,2.88086,-0.0370423
6.57743,2.88744,2.86072,0.026725,0.0149142,0.00733523,0.00370303,0.00583063,2.86596,-0.0370287
6.58329,2.88403,2.8459,0.0381331,0.014882,0.00731969,0.00369528,0.00582282,2.85119,-0.0370151
6.58915,2.81016,2.8312,-0.0210448,0.0148499,0.00730423,0.00368756,0.00581503,2.83655,-0.0370016
6.59502,2.8298,2.81664,0.0131595,0.0148179,0.00728883,0.00367987,0.00580726,2.82204,-0.0369882
6.60088,2.8464,2.8022,0.0441978,0.0147861,0.00727351,0.00367222,0.00579952,2.80765,-0.0369749
6.60674,2.89657,2.78789,0.108682,0.0147545,0.00725825,0.00366459,0.00579179,2.79339,-0.0369616
6.6126,2.76561,2.7737,-0.00809937,0.014723,0.00724305,0.003657,0.00578408,2.77925,-0.0369485
6.61847,2.78647,2.75964,0.0268315,0.0146917,0.00722793,0.00364944,0.00577639,2.76523,-0.0369354
6.62433,2.71633,2.74569,-0.0293677,0.0146605,0.00721287,0.00364191,0.00576873,2.75133,-0.0369224
6.63019,2.71987,2.73187,-0.0119934,0.0146294,0.00719788,0.00363441,0.00576108,2.73755,-0.0369095
6.63605,2.86306,2.71816,0.144897,0.0145985,0.00718296,0.00362694,0.00575346,2.72389,-0.0368967
6.64191,2.55976,2.70457,-0.144809,0.0145678,0.0071681,0.00361951,0.00574585,2.71035,-0.0368839
6.64778,2.58425,2.69109,-0.106836,0.0145371,0.0071533,0.0036121,0.00573827,2.69692,-0.0368713
6.65364,2.67244,2.67773,-0.00528894,0.0145067,0.00713857,0.00360472,0.0057307,2.68361,-0.0368587
6.6595,2.66366,2.66448,-0.000811398,0.0144763,0.00712391,0.00359737,0.00572315,2.6704,-0.0368462
6.66536,2.54538,2.65134,-0.10596,0.0144461,0.0071093,0.00359006,0.00571563,2.65731,-0.0368338
6.67123,2.6702,2.63831,0.0318959,0.014416,0.00709476,0.00358277,0.00570812,2.64433,-0.0368214
6.67709,2.7931,2.62539,0.167713,0.0143861,0.00708029,0.00357551,0.00570064,2.63145,-0.0368092
6.68295,2.56588,2.61257,-0.0466883,0.0143563,0.00706587,0.00356828,0.00569317,2.61868,-0.036797
6.68881,2.52798,2.59986,-0.0718797,0.0143267,0.00705152,0.00356108,0.00568572,2.60602,-0.0367849
6.69468,2.60538,2.58726,0.0181182,0.0142971,0.00703723,0.00355391,0.00567829,2.59347,-0.0367729
6.70054,2.73001,2.57476,0.155254,0.0142677,0.007023,0.00354677,0.00567089,2.58101,-0.036761
6.7064,2.52486,2.56236,-0.0375027,0.0142385,0.00700883,0.00353966,0.0056635,2.56866,-0.0367491
6.71226,2.48138,2.55007,-0.0686882,0.0142094,0.00699472,0.00353257,0.00565613,2.55641,-0.0367373
6.71812,2.61034,2.53787,0.0724688,0.0141804,0.00698067,0.00352551,0.00564878,2.54426,-0.0367257
6.72399,2.6217,2.52577,0.0959292,0.0141515,0.00696668,0.00351849,0.00564144,2.53221,-0.036714
6.72985,2.4027,2.51378,-0.111074,0.0141227,0.00695275,0.00351149,0.00563413,2.52026,-0.0367025
6.73571,2.40408,2.50187,-0.0977916,0.0140941,0.00693888,0.00350451,0.00562684,2.5084,-0.0366911
6.74157,2.65653,2.49007,0.166462,0.0140656,0.00692507,0.00349757,0.00561956,2.49664,-0.0366797
6.74744,2.41123,2.47836,-0.0671236,0.0140373,0.00691131,0.00349065,0.00561231,2.48497,-0.0366685
6.7533,2.3027,2.46674,-0.164041,0.014009,0.00689762,0.00348376,0.00560507,2.4734,-0.0366573
6.75916,2.3747,2.45521,-0.0805164,0.0139809,0.00688398,0.00347689,0.00559785,2.46192,-0.0366461
6.76502,2.32768,2.44378,-0.116102,0.0139529,0.00687039,0.00347006,0.00559065,2.45053,-0.0366351
6.77088,2.2106,2.43244,-0.22184,0.0139251,0.00685687,0.00346325,0.00558347,2.43923,-0.0366242
6.77675,2.32203,2.42118,-0.0991477,0.0138973,0.00684339,0.00345646,0.0055763,2.42802,-0.0366133
6.78261,2.64784,2.41002,0.237826,0.0138697,0.00682998,0.00344971,0.00556916,2.4169,-0.0366025
6.78847,2.58356,2.39894,0.184622,0.0138422,0.00681662,0.00344298,0.00556203,2.40587,-0.0365918
6.79433,2.56681,2.38795,0.178861,0.0138148,0.00680331,0.00343627,0.00555492,2.39492,-0.0365812
6.8002,2.57707,2.37704,0.200023,0.0137875,0.00679006,0.00342959,0.00554783,2.38406,-0.0365706
6.80606,2.47179,2.36622,0.105564,0.0137604,0.00677687,0.00342294,0.00554076,2.37328,-0.0365602
6.81192,2.39041,2.35549,0.0349247,0.0137333,0.00676373,0.00341632,0.00553371,2.36259,-0.0365498
6.81778,2.3963,2.34483,0.0514663,0.0137064,0.00675064,0.00340971,0.00552667,2.35198,-0.0365395
6.82364,2.38828,2.33426,0.0540185,0.0136796,0.0067376,0.00340314,0.00551965,2.34145,-0.0365293
6.82951,2.40758,2.32377,0.0838058,0.0136529,0.00672462,0.00339659,0.00551265,2.331,-0.0365192
6.83537,2.3005,2.31336,-0.0128616,0.0136263,0.00671169,0.00339006,0.00550567,2.32063,-0.0365091
6.84123,2.3418,2.30303,0.0387684,0.0135998,0.00669881,0.00338356,0.0054987,2.31035,-0.0364991
6.84709,2.32349,2.29278,0.0307146,0.0135735,0.00668599,0.00337709,0.00549175,2.30014,-0.0364893
6.85296,2.34504,2.2826,0.0624388,0.0135472,0.00667321,0.00337064,0.00548482,2.29001,-0.0364795
6.85882,2.17633,2.27251,-0.096174,0.0135211,0.00666049,0.00336421,0.00547791,2.27995,-0.0364697
6.86468,2.2529,2.26248,-0.00958852,0.0134951,0.00664782,0.00335781,0.00547101,2.26997,-0.0364601
6.87054,2.39885,2.25254,0.146312,0.0134691,0.0066352,0.00335143,0.00546414,2.26007,-0.0364505
6.8764,2.20836,2.24267,-0.034307,0.0134433,0.00662263,0.00334508,0.00545727,2.25024,-0.0364411
6.88227,2.22033,2.23287,-0.0125423,0.0134176,0.00661011,0.00333875,0.00545043,2.24048,-0.0364317
6.88813,2.02972,2.22315,-0.193431,0.013392,0.00659764,0.00333244,0.0054436,2.2308,-0.0364223
6.89399,2.12591,2.21349,-0.0875846,0.0133665,0.00658522,0.00332616,0.00543679,2.22119,-0.0364131
6.89985,2.20943,2.20391,0.00551868,0.0133411,0.00657284,0.0033199,0.00543,2.21165,-0.036404
6.90572,2.0312,2.1944,-0.163203,0.0133159,0.00656052,0.00331367,0.00542323,2.20219,-0.0363949
6.91158,2.24182,2.18496,0.0568534,0.0132907,0.00654825,0.00330746,0.00541647,2.19279,-0.0363859
6.91744,2.30417,2.17559,0.128577,0.0132656,0.00653602,0.00330127,0.00540973,2.18346,-0.036377
6.9233,2.24184,2.16629,0.0755428,0.0132406,0.00652384,0.0032951,0.005403,2.1742,-0.0363682
6.92916,2.37621,2.15706,0.219149,0.0132158,0.00651171,0.00328896,0.00539629,2.16501,-0.0363594
6.93503,2.30506,2.14789,0.157164,0.013191,0.00649963,0.00328284,0.0053896,2.15588,-0.0363508
6.94089,2.28435,2.13879,0.145553,0.0131663,0.00648759,0.00327675,0.00538292,2.14682,-0.0363422
6.94675,2.08771,2.12976,-0.0420508,0.0131418,0.0064756,0.00327067,0.00537627,2.13783,-0.0363337
6.95261,2.16979,2.12079,0.0490011,0.0131173,0.00646366,0.00326462,0.00536962,2.1289,-0.0363253
6.95848,2.13204,2.11189,0.0201528,0.0130929,0.00645176,0.00325859,0.005363,2.12004,-0.0363169
6.96434,1.96252,2.10305,-0.140525,0.0130686,0.00643991,0.00325258,0.00535639,2.11124,-0.0363087
6.9702,2.06447,2.09427,-0.0298005,0.0130445,0.0064281,0.0032466,0.00534979,2.1025,-0.0363005
6.97606,2.15716,2.08556,0.0715999,0.0130204,0.00641634,0.00324063,0.00534322,2.09383,-0.0362924
6.98192,2.15618,2.0769,0.0792762,0.0129964,0.00640463,0.00323469,0.00533666,2.08522,-0.0362844
6.98779,1.8959,2.06831,-0.172416,0.0129725,0.00639296,0.00322877,0.00533011,2.07667,-0.0362765
6.99365,1.94362,2.05978,-0.11617,0.0129487,0.00638133,0.00322288,0.00532358,2.06818,-0.0362687
6.99951,1.82637,2.05132,-0.224942,0.012925,0.00636975,0.003217,0.00531707,2.05975,-0.0362609
7.00537,1.86695,2.04291,-0.17596,0.0129014,0.00635821,0.00321114,0.00531057,2.05138,-0.0362532
7.01124,2.0558,2.03455,0.0212466,0.0128779,0.00634672,0.00320531,0.00530409,2.04307,-0.0362456
7.0171,1.97044,2.02626,-0.0558255,0.0128545,0.00633527,0.0031995,0.00529763,2.03481,-0.0362381
7.02296,2.11519,2.01803,0.0971625,0.0128311,0.00632386,0.00319371,0.00529118,2.02662,-0.0362307
7.02882,2.12214,2.00985,0.112288,0.0128079,0.0063125,0.00318793,0.00528474,2.01848,-0.0362233
7.03468,2.05667,2.00173,0.0549359,0.0127848,0.00630118,0.00318218,0.00527832,2.0104,-0.036216
7.04055,2.06941,1.99367,0.0757445,0.0127617,0.0062899,0.00317646,0.00527192,2.00238,-0.0362089
7.04641,1.95583,1.98566,-0.0298309,0.0127387,0.00627866,0.00317075,0.00526553,1.99441,-0.0362017
7.05227,1.89739,1.9777,-0.0803133,0.0127159,0.00626747,0.00316506,0.00525916,1.98649,-0.0361947
7.05813,1.89781,1.96981,-0.0719912,0.0126931,0.00625632,0.00315939,0.0052528,1.97863,-0.0361878
7.064,1.88096,1.96196,-0.081004,0.0126704,0.00624521,0.00315374,0.00524646,1.97083,-0.0361809
7.06986,1.91124,1.95417,-0.0429291,0.0126478,0.00623414,0.00314811,0.00524014,1.96307,-0.0361741
7.07572,1.99705,1.94643,0.0506165,0.0126252,0.00622311,0.00314251,0.00523383,1.95538,-0.0361674
7.08158,1.91905,1.93875,-0.0196926,0.0126028,0.00621212,0.00313692,0.00522753,1.94773,-0.0361608
7.08745,2.02089,1.93111,0.0897711,0.0125804,0.00620117,0.00313135,0.00522125,1.94013,-0.0361543
7.09331,2.18843,1.92353,0.264894,0.0125582,0.00619027,0.0031258,0.00521498,1.93259,-0.0361478
7.09917,2.20041,1.916,0.284404,0.012536,0.0061794,0.00312027,0.00520873,1.9251,-0.0361415
7.10503,2.0186,1.90852,0.110074,0.0125139,0.00616857,0.00311477,0.0052025,1.91766,-0.0361352
7.11089,1.88013,1.90109,-0.0209622,0.0124919,0.00615779,0.00310928,0.00519628,1.91027,-0.036129
7.11676,1.69682,1.89371,-0.196893,0.0124699,0.00614704,0.0031038,0.00519007,1.90292,-0.0361228
7.12262,1.81342,1.88638,-0.0729602,0.0124481,0.00613633,0.00309835,0.00518388,1.89563,-0.0361168
7.12848,1.85528,1.8791,-0.0238204,0.0124263,0.00612566,0.00309292,0.00517771,1.88839,-0.0361108
7.13434,1.76016,1.87186,-0.111702,0.0124046,0.00611503,0.00308751,0.00517154,1.88119,-0.0361049
7.14021,2.00748,1.86468,0.142804,0.012383,0.00610444,0.00308211,0.0051654,1.87404,-0.0360991
7.14607,1.99,1.85754,0.132458,0.0123615,0.00609388,0.00307674,0.00515927,1.86694,-0.0360934
7.15193,1.80818,1.85045,-0.042267,0.0123401,0.00608337,0.00307138,0.00515315,1.85989,-0.0360878
7.15779,1.68121,1.8434,-0.162196,0.0123187,0.00607289,0.00306604,0.00514704,1.85288,-0.0360822
7.16365,1.8744,1.8364,0.037997,0.0122974,0.00606245,0.00306072,0.00514096,1.84592,-0.0360768
7.16952,1.74792,1.82945,-0.0815268,0.0122762,0.00605205,0.00305542,0.00513488,1.839,-0.0360714
7.17538,1.80491,1.82254,-0.0176349,0.0122551,0.00604168,0.00305014,0.00512882,1.83213,-0.0360661
7.18124,1.86127,1.81568,0.0455914,0.012234,0.00603135,0.00304487,0.00512278,1.82531,-0.0360608
7.1871,1.94102,1.80886,0.13216,0.0122131,0.00602106,0.00303963,0.00511674,1.81853,-0.0360557
7.19297,1.84688,1.80209,0.0447977,0.0121922,0.00601081,0.0030344,0.00511073,1.81179,-0.0360506
7.19883,2.00272,1.79535,0.207362,0.0121714,0.00600059,0.00302919,0.00510472,1.80509,-0.0360456
7.20469,1.86876,1.78867,0.0800894,0.0121506,0.00599041,0.003024,0.00509873,1.79844,-0.0360407
7.21055,1.95307,1.78202,0.17105,0.0121299,0.00598026,0.00301882,0.00509276,1.79184,-0.0360359
7.21641,1.84896,1.77542,0.0735391,0.0121094,0.00597015,0.00301366,0.0050868,1.78527,-0.0360312
7.22228,1.78526,1.76886,0.016404,0.0120888,0.00596008,0.00300852,0.00508085,1.77875,-0.0360265
7.22814,1.90247,1.76234,0.140132,0.0120684,0.00595004,0.0030034,0.00507492,1.77227,-0.036022
7.234,1.85753,1.75586,0.101668,0.012048,0.00594004,0.0029983,0.005069,1.76582,-0.0360175
7.23986,1.72972,1.74943,-0.0197055,0.0120277,0.00593007,0.00299321,0.00506309,1.75943,-0.0360131
7.24573,1.83906,1.74303,0.0960333,0.0120075,0.00592014,0.00298814,0.0050572,1.75307,-0.0360087
7.25159,1.94802,1.73667,0.211344,0.0119874,0.00591024,0.00298308,0.00505132,1.74675,-0.0360045
7.25745,1.56176,1.73036,-0.1686,0.0119673,0.00590037,0.00297805,0.00504546,1.74047,-0.0360003
7.26331,1.56558,1.72408,-0.158506,0.0119473,0.00589054,0.00297303,0.00503961,1.73423,-0.0359962
7.26917,1.63232,1.71785,-0.0855219,0.0119274,0.00588075,0.00296803,0.00503377,1.72803,-0.0359922
7.27504,1.62538,1.71165,-0.0862677,0.0119075,0.00587098,0.00296304,0.00502794,1.72187,-0.0359883
7.2809,1.62305,1.70549,-0.0824433,0.0118877,0.00586126,0.00295807,0.00502213,1.71574,-0.0359845
7.28676,1.58642,1.69937,-0.112949,0.011868,0.00585156,0.00295312,0.00501634,1.70966,-0.0359807
7.29262,1.87713,1.69328,0.18385,0.0118484,0.0058419,0.00294818,0.00501055,1.70361,-0.035977
7.29849,1.73876,1.68724,0.0515259,0.0118288,0.00583227,0.00294326,0.00500478,1.6976,-0.0359735
7.30435,1.86506,1.68123,0.183826,0.0118093,0.00582268,0.00293836,0.00499903,1.69163,-0.0359699
7.31021,1.78495,1.67526,0.109689,0.0117898,0.00581312,0.00293347,0.00499328,1.68569,-0.0359665
7.31607,1.70491,1.66932,0.0355846,0.0117705,0.00580359,0.0029286,0.00498755,1.6798,-0.0359632
7.32193,1.60059,1.66342,-0.0628334,0.0117512,0.00579409,0.00292375,0.00498183,1.67393,-0.0359599
7.3278,1.59054,1.65756,-0.0670173,0.0117319,0.00578463,0.00291891,0.00497613,1.66811,-0.0359567
7.33366,1.748,1.65173,0.0962629,0.0117128,0.00577519,0.00291409,0.00497044,1.66231,-0.0359536
7.33952,1.63439,1.64594,-0.0115561,0.0116937,0.0057658,0.00290928,0.00496476,1.65656,-0.0359506
7.34538,1.72928,1.64018,0.0890984,0.0116746,0.00575643,0.00290449,0.00495909,1.65084,-0.0359477
7.35125,1.6613,1.63446,0.0268343,0.0116556,0.00574709,0.00289971,0.00495344,1.64515,-0.0359448
7.35711,1.69374,1.62877,0.0649657,0.0116367,0.00573779,0.00289495,0.0049478,1.6395,-0.035942
7.36297,1.69441,1.62312,0.0712933,0.0116179,0.00572851,0.00289021,0.00494217,1.63388,-0.0359393
7.36883,1.6533,1.6175,0.0358036,0.0115991,0.00571927,0.00288548,0.00493656,1.6283,-0.0359367
7.37469,1.53972,1.61191,-0.0721973,0.0115804,0.00571006,0.00288077,0.00493096,1.62275,-0.0359342
7.38056,1.69667,1.60636,0.0903042,0.0115618,0.00570088,0.00287607,0.00492537,1.61723,-0.0359317
7.38642,1.54098,1.60084,-0.0598644,0.0115432,0.00569173,0.00287139,0.00491979,1.61174,-0.0359294
7.39228,1.58949,1.59535,-0.00586398,0.0115247,0.00568261,0.00286672,0.00491423,1.60629,-0.0359271
7.39814,1.52746,1.5899,-0.0624391,0.0115062,0.00567352,0.00286207,0.00490868,1.60087,-0.0359249
7.40401,1.58407,1.58448,-0.000406598,0.0114878,0.00566446,0.00285743,0.00490314,1.59549,-0.0359228
7.40987,1.50511,1.57909,-0.0739741,0.0114695,0.00565543,0.00285281,0.00489761,1.59013,-0.0359207
7.41573,1.60843,1.57373,0.0347064,0.0114513,0.00564644,0.00284821,0.0048921,1.58481,-0.0359188
7.42159,1.60401,1.5684,0.0356135,0.0114331,0.00563747,0.00284361,0.0048866,1.57952,-0.0359169
7.42745,1.55383,1.5631,-0.00927389,0.0114149,0.00562853,0.00283904,0.00488111,1.57425,-0.0359151
7.43332,1.49667,1.55784,-0.0611669,0.0113968,0.00561962,0.00283447,0.00487563,1.56902,-0.0359134
7.43918,1.71572,1.5526,0.163118,0.0113788,0.00561074,0.00282993,0.00487017,1.56382,-0.0359118
7.44504,1.63023,1.5474,0.0828279,0.0113609,0.00560189,0.00282539,0.00486472,1.55866,-0.0359102
7.4509,1.63297,1.54222,0.0907496,0.011343,0.00559306,0.00282087,0.00485928,1.55352,-0.0359087
7.45677,1.46825,1.53708,-0.0688241,0.0113251,0.00558427,0.00281637,0.00485385,1.54841,-0.0359073
7.46263,1.57495,1.53196,0.0429849,0.0113073,0.00557551,0.00281188,0.00484843,1.54333,-0.035906
7.46849,1.47064,1.52688,-0.0562399,0.0112896,0.00556677,0.0028074,0.00484303,1.53828,-0.0359048
7.47435,1.70908,1.52182,0.18726,0.011272,0.00555806,0.00280294,0.00483764,1.53326,-0.0359037
7.48021,1.71117,1.51679,0.194379,0.0112544,0.00554939,0.00279849,0.00483226,1.52826,-0.0359026
7.48608,1.58508,1.5118,0.0732819,0.0112368,0.00554073,0.00279406,0.00482689,1.5233,-0.0359016
7.49194,1.49302,1.50683,-0.0138054,0.0112193,0.00553211,0.00278964,0.00482153,1.51836,-0.0359008
7.4978,1.45206,1.50188,-0.0498207,0.0112019,0.00552352,0.00278523,0.00481619,1.51346,-0.0358999
7.50366,1.60344,1.49697,0.106473,0.0111846,0.00551495,0.00278084,0.00481086,1.50858,-0.0358992
7.50953,1.57938,1.49208,0.0872928,0.0111672,0.00550641,0.00277646,0.00480554,1.50373,-0.0358986
7.51539,1.6955,1.48722,0.208275,0.01115,0.0054979,0.0027721,0.00480023,1.4989,-0.035898
7.52125,1.61184,1.48239,0.129451,0.0111328,0.00548941,0.00276775,0.00479493,1.49411,-0.0358975
7.52711,1.61783,1.47759,0.14024,0.0111157,0.00548095,0.00276341,0.00478965,1.48934,-0.0358971
7.53298,1.49742,1.47281,0.0246078,0.0110986,0.00547252,0.00275909,0.00478437,1.48459,-0.0358968
7.53884,1.60559,1.46806,0.137529,0.0110815,0.00546412,0.00275478,0.00477911,1.47988,-0.0358965
7.5447,1.55451,1.46334,0.0911679,0.0110646,0.00545574,0.00275048,0.00477386,1.47519,-0.0358964
7.55056,1.49849,1.45864,0.0398466,0.0110477,0.00544739,0.0027462,0.00476862,1.47053,-0.0358963
7.55642,1.39935,1.45397,-0.0546155,0.0110308,0.00543907,0.00274193,0.0047634,1.46589,-0.0358963
7.56229,1.39533,1.44932,-0.0539926,0.011014,0.00543077,0.00273767,0.00475818,1.46128,-0.0358964
7.56815,1.33073,1.4447,-0.113977,0.0109972,0.0054225,0.00273343,0.00475298,1.45669,-0.0358966
7.57401,1.3679,1.44011,-0.0722074,0.0109805,0.00541426,0.0027292,0.00474778,1.45213,-0.0358968
7.57987,1.46266,1.43554,0.0271227,0.0109639,0.00540604,0.00272498,0.0047426,1.4476,-0.0358971
7.58574,1.36708,1.43099,-0.0639181,0.0109473,0.00539784,0.00272078,0.00473743,1.44309,-0.0358975
7.5916,1.35836,1.42647,-0.0681122,0.0109308,0.00538968,0.00271659,0.00473227,1.4386,-0.035898
7.59746,1.33233,1.42198,-0.0896512,0.0109143,0.00538154,0.00271241,0.00472712,1.43414,-0.0358986
7.60332,1.31694,1.41751,-0.100574,0.0108978,0.00537342,0.00270824,0.00472199,1.42971,-0.0358993
7.60918,1.33143,1.41306,-0.0816329,0.0108815,0.00536533,0.00270409,0.00471686,1.4253,-0.0359
7.61505,1.46137,1.40864,0.0527305,0.0108651,0.00535726,0.00269995,0.00471175,1.42091,-0.0359008
7.62091,1.51233,1.40424,0.108085,0.0108489,0.00534922,0.00269582,0.00470664,1.41655,-0.0359017
7.62677,1.45382,1.39987,0.0539462,0.0108326,0.00534121,0.00269171,0.00470155,1.41221,-0.0359027
7.63263,1.48668,1.39552,0.0911606,0.0108165,0.00533322,0.00268761,0.00469647,1.40789,-0.0359038
7.6385,1.50888,1.39119,0.117687,0.0108003,0.00532525,0.00268352,0.0046914,1.4036,-0.0359049
7.64436,1.46382,1.38689,0.07693,0.0107843,0.00531731,0.00267944,0.00468634,1.39933,-0.0359062
7.65022,1.5539,1.38261,0.171291,0.0107682,0.00530939,0.00267537,0.00468129,1.39508,-0.0359075
7.65608,1.33424,1.37835,-0.0441064,0.0107523,0.0053015,0.00267132,0.00467625,1.39086,-0.0359089
7.66194,1.3233,1.37411,-0.0508183,0.0107364,0.00529363,0.00266728,0.00467123,1.38666,-0.0359103
7.66781,1.23228,1.3699,-0.137625,0.0107205,0.00528579,0.00266325,0.00466621,1.38248,-0.0359119
7.67367,1.10272,1.36571,-0.262991,0.0107047,0.00527797,0.00265924,0.0046612,1.37832,-0.0359135
7.67953,1.32179,1.36154,-0.039752,0.0106889,0.00527018,0.00265523,0.00465621,1.37419,-0.0359153
7.68539,1.41712,1.3574,0.0597278,0.0106732,0.0052624,0.00265124,0.00465122,1.37007,-0.0359171
7.69126,1.51021,1.35327,0.156936,0.0106575,0.00525466,0.00264726,0.00464625,1.36598,-0.0359189
7.69712,1.39929,1.34917,0.0501259,0.0106419,0.00524693,0.00264329,0.00464129,1.36192,-0.0359209
7.70298,1.44966,1.34509,0.104575,0.0106263,0.00523923,0.00263934,0.00463634,1.35787,-0.035923
7.70884,1.41839,1.34103,0.0773657,0.0106108,0.00523156,0.00263539,0.00463139,1.35384,-0.0359251
7.7147,1.22915,1.33699,-0.107841,0.0105953,0.0052239,0.00263146,0.00462646,1.34984,-0.0359273
7.72057,1.47394,1.33297,0.140967,0.0105799,0.00521627,0.00262754,0.00462154,1.34586,-0.0359296
7.72643,1.3773,1.32897,0.0483224,0.0105645,0.00520866,0.00262363,0.00461663,1.34189,-0.035932
7.73229,1.32711,1.325,0.00211114,0.0105491,0.00520108,0.00261973,0.00461173,1.33795,-0.0359344
7.73815,1.35716,1.32104,0.0361191,0.0105339,0.00519352,0.00261584,0.00460684,1.33403,-0.035937
7.74402,1.17809,1.31711,-0.139023,0.0105186,0.00518598,0.00261197,0.00460196,1.33013,-0.0359396
7.74988,1.30576,1.31319,-0.00743355,0.0105034,0.00517846,0.00260811,0.0045971,1.32625,-0.0359423
7.75574,1.17133,1.3093,-0.137974,0.0104883,0.00517097,0.00260425,0.00459224,1.32239,-0.0359451
7.7616,1.45009,1.30543,0.14466,0.0104732,0.0051635,0.00260041,0.00458739,1.31855,-0.0359479
7.76746,1.36846,1.30157,0.0668891,0.0104581,0.00515605,0.00259659,0.00458255,1.31473,-0.0359509
7.77333,1.37127,1.29774,0.073537,0.0104431,0.00514862,0.00259277,0.00457772,1.31093,-0.0359539
7.77919,1.46539,1.29392,0.171466,0.0104281,0.00514121,0.00258896,0.00457291,1.30715,-0.035957
7.78505,1.25909,1.29012,-0.031036,0.0104132,0.00513383,0.00258516,0.0045681,1.30338,-0.0359602
7.79091,1.18117,1.28635,-0.105175,0.0103983,0.00512647,0.00258138,0.0045633,1.29964,-0.0359635
7.79678,1.11951,1.28259,-0.163078,0.0103835,0.00511913,0.00257761,0.00455851,1.29592,-0.0359668
7.80264,1.18071,1.27885,-0.0981414,0.0103687,0.00511182,0.00257384,0.00455374,1.29221,-0.0359703
7.8085,1.43499,1.27513,0.159859,0.010354,0.00510452,0.00257009,0.00454897,1.28853,-0.0359738
7.81436,1.56563,1.27143,0.294196,0.0103393,0.00509725,0.00256635,0.00454421,1.28486,-0.0359774
7.82022,1.36338,1.26775,0.095631,0.0103246,0.00508999,0.00256262,0.00453946,1.28121,-0.0359811
7.82609,1.16587,1.26408,-0.0982178,0.01031,0.00508276,0.0025589,0.00453473,1.27758,-0.0359848
7.83195,1.32002,1.26044,0.0595841,0.0102955,0.00507555,0.0025552,0.00453,1.27397,-0.0359887
7.83781,1.33275,1.25681,0.0759424,0.0102809,0.00506836,0.0025515,0.00452528,1.27038,-0.0359926
7.84367,1.3407,1.2532,0.0874938,0.0102665,0.0050612,0.00254781,0.00452057,1.2668,-0.0359966
7.84954,1.07355,1.24961,-0.176066,0.010252,0.00505405,0.00254414,0.00451587,1.26325,-0.0360007
7.8554,1.15015,1.24604,-0.0958915,0.0102376,0.00504692,0.00254047,0.00451119,1.25971,-0.0360049
7.86126,1.16392,1.24248,-0.078563,0.0102233,0.00503982,0.00253681,0.00450651,1.25618,-0.0360091
7.86712,1.32536,1.23894,0.0864184,0.010209,0.00503273,0.00253317,0.00450184,1.25268,-0.0360135
7.87298,1.42368,1.23542,0.188258,0.0101947,0.00502567,0.00252954,0.00449718,1.24919,-0.0360179
7.87885,1.33987,1.23192,0.107949,0.0101805,0.00501863,0.00252591,0.00449253,1.24572,-0.0360224
7.88471,1.27917,1.22843,0.050733,0.0101663,0.0050116,0.0025223,0.00448789,1.24227,-0.036027
7.89057,1.34595,1.22496,0.120988,0.0101522,0.0050046,0.0025187,0.00448326,1.23884,-0.0360316
7.89643,1.22198,1.22151,0.000468444,0.0101381,0.00499762,0.0025151,0.00447864,1.23542,-0.0360364
7.9023,1.23471,1.21808,0.01663,0.010124,0.00499065,0.00251152,0.00447403,1.23202,-0.0360412
7.90816,1.34164,1.21466,0.126987,0.01011,0.00498371,0.00250795,0.00446942,1.22863,-0.0360461
7.91402,1.33216,1.21126,0.120903,0.010096,0.00497679,0.00250439,0.00446483,1.22526,-0.0360511
7.91988,1.26077,1.20787,0.0529027,0.0100821,0.00496989,0.00250083,0.00446025,1.22191,-0.0360562
7.92574,1.084,1.2045,-0.1205,0.0100682,0.004963,0.00249729,0.00445567,1.21858,-0.0360613
7.93161,1.03409,1.20115,-0.167054,0.0100543,0.00495614,0.00249376,0.00445111,1.21526,-0.0360666
7.93747,1.01202,1.19781,-0.185786,0.0100405,0.0049493,0.00249024,0.00444655,1.21196,-0.0360719
7.94333,1.01437,1.19449,-0.180116,0.0100268,0.00494247,0.00248673,0.00444201,1.20867,-0.0360773
7.94919,1.08795,1.19119,-0.103234,0.010013,0.00493567,0.00248322,0.00443747,1.2054,-0.0360828
7.95506,1.17266,1.1879,-0.0152339,0.00999933,0.00492888,0.00247973,0.00443295,1.20214,-0.0360883
7.96092,1.23447,1.18462,0.0498454,0.00998568,0.00492212,0.00247625,0.00442843,1.1989,-0.036094
7.96678,1.15326,1.18137,-0.0281098,0.00997207,0.00491537,0.00247278,0.00442392,1.19568,-0.0360997
7.97264,1.20357,1.17812,0.0254491,0.00995849,0.00490864,0.00246931,0.00441942,1.19247,-0.0361055
7.97851,1.26433,1.1749,0.0894316,0.00994495,0.00490194,0.00246586,0.00441493,1.18928,-0.0361114
7.98437,1.23662,1.17168,0.0649359,0.00993145,0.00489525,0.00246242,0.00441045,1.1861,-0.0361174
7.99023,1.09053,1.16849,-0.0779556,0.009918,0.00488857,0.00245898,0.00440597,1.18294,-0.0361234
7.99609,1.05804,1.16531,-0.10727,0.00990457,0.00488192,0.00245556,0.00440151,1.17979,-0.0361296
8.00195,1.11799,1.16214,-0.0441472,0.00989119,0.00487529,0.00245214,0.00439706,1.17666,-0.0361358
8.00782,1.18849,1.15899,0.0294973,0.00987785,0.00486867,0.00244874,0.00439261,1.17354,-0.0361421
8.01368,1.25462,1.15585,0.0987679,0.00986454,0.00486208,0.00244534,0.00438818,1.17044,-0.0361484
8.01954,1.25412,1.15273,0.101392,0.00985127,0.0048555,0.00244195,0.00438375,1.16735,-0.0361549
8.0254,1.17929,1.14962,0.0296619,0.00983804,0.00484894,0.00243858,0.00437933,1.16428,-0.0361614
8.03127,1.13101,1.14653,-0.0155259,0.00982484,0.0048424,0.00243521,0.00437492,1.16122,-0.0361681
8.03713,1.13747,1.14345,-0.00598028,0.00981169,0.00483588,0.00243185,0.00437052,1.15818,-0.0361748
8.04299,1.111,1.14039,-0.0293872,0.00979857,0.00482937,0.0024285,0.00436613,1.15515,-0.0361816
8.04885,1.10394,1.13734,-0.0334025,0.00978548,0.00482288,0.00242516,0.00436174,1.15213,-0.0361884
8.05471,1.11083,1.1343,-0.0234738,0.00977244,0.00481642,0.00242183,0.00435737,1.14913,-0.0361954
8.06058,1.18104,1.13128,0.0497579,0.00975943,0.00480996,0.00241851,0.004353,1.14614,-0.0362024
8.06644,1.28175,1.12827,0.153474,0.00974645,0.00480353,0.00241519,0.00434865,1.14317,-0.0362095
8.0723,1.19996,1.12528,0.0746819,0.00973352,0.00479712,0.00241189,0.0043443,1.14021,-0.0362167
8.07816,1.03237,1.1223,-0.0899292,0.00972061,0.00479072,0.00240859,0.00433996,1.13726,-0.036224
8.08403,1.10306,1.11933,-0.0162687,0.00970775,0.00478434,0.00240531,0.00433563,1.13433,-0.0362314
8.08989,0.936562,1.11638,-0.179818,0.00969492,0.00477798,0.00240203,0.00433131,1.13141,-0.0362388
8.09575,1.05113,1.11344,-0.0623147,0.00968213,0.00477163,0.00239876,0.00432699,1.12851,-0.0362463
8.10161,1.10744,1.11051,-0.0030711,0.00966937,0.0047653,0.0023955,0.00432269,1.12562,-0.0362539
8.10747,1.19688,1.1076,0.089279,0.00965664,0.00475899,0.00239225,0.00431839,1.12274,-0.0362616
8.11334,1.085,1.1047,-0.0197049,0.00964396,0.0047527,0.00238901,0.00431411,1.11987,-0.0362694
8.1192,1.14769,1.10181,0.0458798,0.0096313,0.00474642,0.00238578,0.00430983,1.11702,-0.0362773
8.12506,1.18658,1.09894,0.0876433,0.00961868,0.00474016,0.00238255,0.00430556,1.11418,-0.0362852
8.13092,1.08998,1.09608,-0.00609646,0.0096061,0.00473392,0.00237934,0.00430129,1.11135,-0.0362932
8.13679,1.01175,1.09323,-0.0814784,0.00959355,0.0047277,0.00237613,0.00429704,1.10854,-0.0363013
8.14265,1.12984,1.0904,0.0394374,0.00958104,0.00472149,0.00237293,0.00429279,1.10574,-0.0363095
8.14851,1.30595,1.08758,0.218375,0.00956856,0.0047153,0.00236974,0.00428856,1.10295,-0.0363177
8.15437,1.0127,1.08477,-0.0720661,0.00955611,0.00470912,0.00236656,0.00428433,1.10018,-0.0363261
8.16023,1.11182,1.08197,0.0298509,0.0095437,0.00470296,0.00236339,0.00428011,1.09741,-0.0363345
8.1661,1.1547,1.07918,0.075519,0.00953132,0.00469682,0.00236023,0.0042759,1.09466,-0.036343
8.17196,0.948443,1.07641,-0.127969,0.00951898,0.0046907,0.00235707,0.00427169,1.09193,-0.0363516
8.17782,0.95698,1.07365,-0.116672,0.00950666,0.00468459,0.00235392,0.0042675,1.0892,-0.0363603
8.18368,1.03171,1.0709,-0.039199,0.00949439,0.0046785,0.00235079,0.00426331,1.08649,-0.036369
8.18955,1.09964,1.06817,0.0314669,0.00948214,0.00467242,0.00234765,0.00425913,1.08379,-0.0363778
8.19541,0.949672,1.06545,-0.115774,0.00946993,0.00466636,0.00234453,0.00425496,1.0811,-0.0363868
8.20127,0.664512,1.06273,-0.398222,0.00945775,0.00466032,0.00234142,0.0042508,1.07842,-0.0363958
8.20713,0.7575,1.06003,-0.302535,0.00944561,0.00465429,0.00233831,0.00424664,1.07575,-0.0364048
8.21299,0.980626,1.05735,-0.0767209,0.00943349,0.00464828,0.00233522,0.00424249,1.0731,-0.036414
8.21886,0.890362,1.05467,-0.164309,0.00942141,0.00464228,0.00233213,0.00423836,1.07046,-0.0364232
8.22472,0.955285,1.05201,-0.0967217,0.00940937,0.0046363,0.00232905,0.00423423,1.06783,-0.0364326
8.23058,1.08559,1.04935,0.0362327,0.00939735,0.00463034,0.00232597,0.0042301,1.06521,-0.036442
8.23644,1.11289,1.04671,0.066176,0.00938537,0.00462439,0.00232291,0.00422599,1.06261,-0.0364514
8.24231,1.09684,1.04408,0.0527559,0.00937341,0.00461846,0.00231985,0.00422188,1.06001,-0.036461
8.24817,1.07817,1.04146,0.0367051,0.0093615,0.00461254,0.0023168,0.00421778,1.05743,-0.0364707
8.25403,1.24772,1.03886,0.208863,0.00934961,0.00460664,0.00231376,0.00421369,1.05485,-0.0364804
8.25989,1.09491,1.03626,0.0586512,0.00933775,0.00460076,0.00231073,0.00420961,1.05229,-0.0364902
8.26575,1.12437,1.03368,0.0906897,0.00932593,0.00459489,0.00230771,0.00420554,1.04974,-0.0365001
8.27162,1.00356,1.0311,-0.0275465,0.00931413,0.00458903,0.00230469,0.00420147,1.04721,-0.0365101
8.27748,0.986462,1.02854,-0.0420806,0.00930237,0.0045832,0.00230168,0.00419741,1.04468,-0.0365201
8.28334,0.995653,1.02599,-0.030338,0.00929064,0.00457737,0.00229868,0.00419336,1.04216,-0.0365303
8.2892,0.930957,1.02345,-0.092493,0.00927894,0.00457156,0.00229569,0.00418932,1.03966,-0.0365405
8.29507,0.975799,1.02092,-0.0451221,0.00926727,0.00456577,0.0022927,0.00418528,1.03716,-0.0365508
8.30093,1.04672,1.0184,0.0283211,0.00925563,0.00455999,0.00228972,0.00418125,1.03468,-0.0365612
8.30679,0.990704,1.01589,-0.0251896,0.00924402,0.00455423,0.00228675,0.00417723,1.0322,-0.0365716
8.31265,1.01885,1.0134,0.00545378,0.00923245,0.00454848,0.00228379,0.00417322,1.02974,-0.0365822
8.31851,1.10861,1.01091,0.097704,0.0092209,0.00454275,0.00228083,0.00416922,1.02729,-0.0365928
8.32438,0.966872,1.00843,-0.0415618,0.00920938,0.00453703,0.00227789,0.00416522,1.02485,-0.0366035
8.33024,1.17607,1.00597,0.170102,0.00919789,0.00453133,0.00227495,0.00416123,1.02242,-0.0366143
8.3361,0.953756,1.00351,-0.0497559,0.00918644,0.00452564,0.00227202,0.00415725,1.02,-0.0366252
8.34196,0.934336,1.00107,-0.0667306,0.00917501,0.00451996,0.00226909,0.00415327,1.01759,-0.0366362
8.34783,0.963523,0.998632,-0.0351092,0.00916361,0.0045143,0.00226617,0.00414931,1.01519,-0.0366472
8.35369,1.15069,0.996207,0.154481,0.00915225,0.00450866,0.00226327,0.00414535,1.0128,-0.0366583
8.35955,1.01891,0.993793,0.0251218,0.00914091,0.00450303,0.00226036,0.0041414,1.01042,-0.0366695
8.36541,1.13756,0.991388,0.146168,0.0091296,0.00449741,0.00225747,0.00413745,1.00805,-0.0366808
8.37128,1.19463,0.988994,0.205633,0.00911832,0.00449181,0.00225458,0.00413352,1.00569,-0.0366922
8.37714,0.973182,0.986609,-0.0134272,0.00910707,0.00448622,0.0022517,0.00412959,1.00334,-0.0367036
8.383,0.915298,0.984235,-0.0689372,0.00909585,0.00448065,0.00224883,0.00412567,1.001,-0.0367152
8.38886,0.963909,0.98187,-0.0179613,0.00908465,0.00447509,0.00224596,0.00412175,0.998669,-0.0367268
8.39472,0.979657,0.979515,0.000141619,0.00907349,0.00446955,0.00224311,0.00411785,0.99635,-0.0367385
8.40059,1.02673,0.97717,0.0495619,0.00906236,0.00446402,0.00224026,0.00411395,0.994039,-0.0367502
8.40645,1.0023,0.974834,0.0274612,0.00905125,0.0044585,0.00223741,0.00411006,0.991739,-0.0367621
8.41231,1.01281,0.972508,0.0403008,0.00904017,0.004453,0.00223458,0.00410617,0.989448,-0.036774
8.41817,0.827959,0.970192,-0.142233,0.00902912,0.00444751,0.00223175,0.00410229,0.987167,-0.036786
8.42404,0.917769,0.967885,-0.0501161,0.0090181,0.00444203,0.00222893,0.00409842,0.984895,-0.0367981
8.4299,1.04368,0.965587,0.0780911,0.00900711,0.00443657,0.00222611,0.00409456,0.982633,-0.0368103
8.43576,0.881562,0.963299,-0.0817375,0.00899614,0.00443113,0.0022233,0.00409071,0.98038,-0.0368226
8.44162,0.929566,0.96102,-0.031454,0.0089852,0.00442569,0.0022205,0.00408686,0.978137,-0.0368349
8.44748,0.948339,0.958751,-0.010412,0.00897429,0.00442027,0.00221771,0.00408302,0.975903,-0.0368474
8.45335,0.875306,0.95649,-0.0811845,0.00896341,0.00441487,0.00221492,0.00407918,0.973678,-0.0368599
8.45921,1.10754,0.954239,0.153304,0.00895256,0.00440948,0.00221214,0.00407536,0.971462,-0.0368725
8.46507,1.0158,0.951997,0.0637981,0.00894173,0.0044041,0.00220937,0.00407154,0.969256,-0.0368851
8.47093,0.899639,0.949764,-0.0501248,0.00893093,0.00439873,0.00220661,0.00406773,0.967058,-0.0368979
8.4768,1.02202,0.94754,0.0744827,0.00892016,0.00439338,0.00220385,0.00406392,0.96487,-0.0369107
8.48266,0.870293,0.945325,-0.0750324,0.00890941,0.00438804,0.0022011,0.00406012,0.96269,-0.0369237
8.48852,0.912191,0.943119,-0.0309274,0.00889869,0.00438272,0.00219835,0.00405633,0.960519,-0.0369367
8.49438,0.898699,0.940922,-0.0422228,0.008888,0.0043774,0.00219561,0.00405255,0.958358,-0.0369497
8.50024,1.04353,0.938733,0.104794,0.00887733,0.00437211,0.00219288,0.00404877,0.956205,-0.0369629
8.50611,0.966552,0.936553,0.0299985,0.0088667,0.00436682,0.00219016,0.004045,0.954061,-0.0369762
8.51197,0.852771,0.934382,-0.0816114,0.00885609,0.00436155,0.00218744,0.00404124,0.951925,-0.0369895
8.51783,0.924078,0.93222,-0.00814129,0.0088455,0.00435629,0.00218473,0.00403749,0.949798,-0.0370029
8.52369,0.874593,0.930066,-0.0554731,0.00883494,0.00435104,0.00218202,0.00403374,0.94768,-0.0370164
8.52956,1.01432,0.92792,0.0864029,0.00882441,0.00434581,0.00217933,0.00403,0.945571,-0.03703
8.53542,0.960905,0.925783,0.0351213,0.0088139,0.00434059,0.00217663,0.00402626,0.94347,-0.0370436
8.54128,1.02126,0.923655,0.0976078,0.00880342,0.00433538,0.00217395,0.00402253,0.941377,-0.0370573
8.54714,0.911332,0.921535,-0.0102035,0.00879297,0.00433019,0.00217127,0.00401881,0.939293,-0.0370712
8.553,0.736367,0.919423,-0.183056,0.00878254,0.004325,0.0021686,0.0040151,0.937217,-0.0370851
8.55887,0.707491,0.91732,-0.209829,0.00877214,0.00431984,0.00216594,0.00401139,0.93515,-0.037099
8.56473,0.798834,0.915225,-0.116391,0.00876176,0.00431468,0.00216328,0.00400769,0.93309,-0.0371131
8.57059,0.854445,0.913138,-0.0586932,0.00875141,0.00430954,0.00216063,0.004004,0.931039,-0.0371273
8.57645,0.780586,0.911059,-0.130473,0.00874108,0.0043044,0.00215798,0.00400031,0.928997,-0.0371415
8.58232,0.906614,0.908988,-0.00237416,0.00873078,0.00429929,0.00215534,0.00399663,0.926962,-0.0371558
8.58818,0.991316,0.906926,0.0843906,0.00872051,0.00429418,0.00215271,0.00399296,0.924935,-0.0371702
8.59404,0.870618,0.904871,-0.0342531,0.00871026,0.00428909,0.00215009,0.00398929,0.922917,-0.0371846
8.5999,1.09058,0.902824,0.187751,0.00870003,0.004284,0.00214747,0.00398563,0.920906,-0.0371992
8.60576,0.817008,0.900786,-0.083778,0.00868983,0.00427893,0.00214485,0.00398198,0.918904,-0.0372138
8.61163,0.993323,0.898755,0.0945681,0.00867966,0.00427388,0.00214225,0.00397833,0.916909,-0.0372286
8.61749,0.935896,0.896732,0.0391642,0.00866951,0.00426883,0.00213965,0.00397469,0.914922,-0.0372434
8.62335,0.859749,0.894717,-0.0349672,0.00865938,0.0042638,0.00213705,0.00397106,0.912944,-0.0372582
8.62921,0.891399,0.892709,-0.00131002,0.00864928,0.00425878,0.00213446,0.00396743,0.910972,-0.0372732
8.63508,0.718901,0.890709,-0.171808,0.00863921,0.00425377,0.00213188,0.00396381,0.909009,-0.0372882
8.64094,0.82012,0.888717,-0.0685973,0.00862915,0.00424878,0.00212931,0.0039602,0.907053,-0.0373034
8.6468,0.786427,0.886733,-0.100306,0.00861913,0.00424379,0.00212674,0.00395659,0.905105,-0.0373186
8.65266,0.927997,0.884756,0.0432408,0.00860912,0.00423882,0.00212418,0.00395299,0.903165,-0.0373339
8.65852,0.994386,0.882786,0.1116,0.00859914,0.00423386,0.00212162,0.0039494,0.901232,-0.0373492
8.66439,1.04539,0.880825,0.164562,0.00858919,0.00422891,0.00211907,0.00394581,0.899306,-0.0373647
8.67025,0.890403,0.87887,0.0115333,0.00857926,0.00422398,0.00211652,0.00394223,0.897388,-0.0373802
8.67611,0.924878,0.876923,0.0479553,0.00856935,0.00421905,0.00211399,0.00393866,0.895478,-0.0373958
8.68197,0.779696,0.874983,-0.0952876,0.00855947,0.00421414,0.00211145,0.00393509,0.893575,-0.0374115
8.68784,0.988252,0.873051,0.115201,0.00854961,0.00420924,0.00210893,0.00393153,0.891679,-0.0374273
8.6937,0.992008,0.871126,0.120882,0.00853977,0.00420435,0.00210641,0.00392798,0.889791,-0.0374432
8.69956,0.897711,0.869208,0.0285027,0.00852996,0.00419947,0.00210389,0.00392443,0.88791,-0.0374591
8.70542,0.863742,0.867298,-0.00355561,0.00852017,0.00419461,0.00210139,0.00392089,0.886036,-0.0374751
8.71128,0.778677,0.865394,-0.0867178,0.00851041,0.00418975,0.00209888,0.00391735,0.884169,-0.0374913
8.71715,0.831027,0.863498,-0.0324709,0.00850066,0.00418491,0.00209639,0.00391382,0.88231,-0.0375074
8.72301,0.813263,0.861609,-0.0483459,0.00849094,0.00418008,0.0020939,0.0039103,0.880457,-0.0375237
8.72887,0.851651,0.859727,-0.00807575,0.00848125,0.00417526,0.00209141,0.00390678,0.878612,-0.0375401
8.73473,0.940798,0.857851,0.0829468,0.00847158,0.00417045,0.00208893,0.00390327,0.876774,-0.0375565
8.7406,0.863203,0.855983,0.00721961,0.00846192,0.00416565,0.00208646,0.00389977,0.874942,-0.037573
8.74646,0.734372,0.854122,-0.11975,0.0084523,0.00416086,0.00208399,0.00389627,0.873118,-0.0375896
8.75232,0.945474,0.852268,0.0932064,0.00844269,0.00415609,0.00208153,0.00389278,0.871301,-0.0376063
8.75818,1.02212,0.85042,0.171703,0.00843311,0.00415133,0.00207908,0.0038893,0.86949,-0.0376231
8.76404,0.954282,0.848579,0.105702,0.00842355,0.00414657,0.00207663,0.00388582,0.867687,-0.0376399
8.76991,0.935722,0.846746,0.0889762,0.00841402,0.00414183,0.00207418,0.00388234,0.86589,-0.0376568
8.77577,0.633297,0.844918,-0.211622,0.0084045,0.0041371,0.00207175,0.00387888,0.8641,-0.0376738
8.78163,0.794536,0.843098,-0.048562,0.00839501,0.00413238,0.00206931,0.00387542,0.862317,-0.0376909
8.78749,0.782975,0.841284,-0.0583087,0.00838554,0.00412768,0.00206689,0.00387196,0.86054,-0.0377081
8.79336,0.8575,0.839477,0.0180234,0.00837609,0.00412298,0.00206447,0.00386852,0.85877,-0.0377253
8.79922,0.718754,0.837676,-0.118923,0.00836667,0.00411829,0.00206205,0.00386507,0.857007,-0.0377427
8.80508,0.769139,0.835883,-0.0667434,0.00835726,0.00411362,0.00205964,0.00386164,0.85525,-0.0377601
8.81094,0.772926,0.834095,-0.0611696,0.00834788,0.00410895,0.00205724,0.00385821,0.8535,-0.0377776
8.81681,0.987855,0.832314,0.155541,0.00833852,0.0041043,0.00205484,0.00385479,0.851757,-0.0377952
8.82267,0.999955,0.83054,0.169415,0.00832919,0.00409966,0.00205245,0.00385137,0.85002,-0.0378128
8.82853,0.843347,0.828772,0.014575,0.00831987,0.00409503,0.00205006,0.00384796,0.848289,-0.0378306
8.83439,0.867886,0.82701,0.0408761,0.00831058,0.0040904,0.00204768,0.00384455,0.846565,-0.0378484
8.84025,0.690197,0.825255,-0.135058,0.0083013,0.00408579,0.0020453,0.00384115,0.844847,-0.0378663
8.84612,0.861068,0.823506,0.0375625,0.00829205,0.00408119,0.00204293,0.00383776,0.843136,-0.0378843
8.85198,0.880215,0.821763,0.058452,0.00828282,0.0040766,0.00204057,0.00383437,0.841431,-0.0379023
8.85784,0.901812,0.820027,0.0817856,0.00827361,0.00407203,0.00203821,0.00383099,0.839732,-0.0379205
8.8637,0.823212,0.818296,0.00491508,0.00826443,0.00406746,0.00203585,0.00382762,0.83804,-0.0379387
8.86957,1.03704,0.816572,0.220466,0.00825526,0.0040629,0.0020335,0.00382425,0.836354,-0.037957
8.87543,0.737896,0.814855,-0.0769586,0.00824612,0.00405835,0.00203116,0.00382088,0.834674,-0.0379754
8.88129,0.814781,0.813143,0.00163848,0.00823699,0.00405382,0.00202882,0.00381753,0.833,-0.0379939
8.88715,0.740078,0.811437,-0.0713593,0.00822789,0.00404929,0.00202649,0.00381417,0.831332,-0.0380125
8.89301,0.821497,0.809738,0.0117596,0.00821881,0.00404477,0.00202416,0.00381083,0.82967,-0.0380311
8.89888,0.724849,0.808044,-0.0831949,0.00820974,0.00404027,0.00202184,0.00380749,0.828015,-0.0380498
8.90474,0.850109,0.806357,0.043752,0.0082007,0.00403577,0.00201953,0.00380416,0.826365,-0.0380686
8.9106,0.899854,0.804675,0.0951793,0.00819168,0.00403129,0.00201721,0.00380083,0.824722,-0.0380875
8.91646,0.790475,0.802999,-0.0125242,0.00818268,0.00402681,0.00201491,0.0037975,0.823084,-0.0381065
8.92233,0.56641,0.80133,-0.234919,0.00817371,0.00402235,0.00201261,0.00379419,0.821452,-0.0381255
8.92819,0.850113,0.799666,0.0504467,0.00816475,0.00401789,0.00201031,0.00379088,0.819827,-0.0381447
8.93405,0.825306,0.798008,0.0272984,0.00815581,0.00401345,0.00200802,0.00378757,0.818207,-0.0381639
8.93991,1.02606,0.796356,0.229702,0.00814689,0.00400901,0.00200574,0.00378427,0.816593,-0.0381832
8.94577,0.884754,0.794709,0.0900443,0.00813799,0.00400459,0.00200346,0.00378098,0.814985,-0.0382026
8.95164,0.798354,0.793069,0.00528514,0.00812912,0.00400017,0.00200118,0.00377769,0.813382,-0.038222
8.9575,0.861296,0.791434,0.0698628,0.00812026,0.00399577,0.00199891,0.00377441,0.811786,-0.0382416
8.96336,0.843032,0.789804,0.0532276,0.00811142,0.00399137,0.00199665,0.00377113,0.810195,-0.0382612
8.96922,0.799845,0.788181,0.0116645,0.0081026,0.00398699,0.00199439,0.00376786,0.80861,-0.0382809
8.97509,0.82005,0.786563,0.0334866,0.00809381,0.00398261,0.00199213,0.0037646,0.80703,-0.0383007
8.98095,0.862935,0.784951,0.0779847,0.00808503,0.00397825,0.00198989,0.00376134,0.805457,-0.0383205
8.98681,0.818349,0.783344,0.0350052,0.00807627,0.00397389,0.00198764,0.00375808,0.803888,-0.0383405
8.99267,0.806497,0.781743,0.024754,0.00806753,0.00396955,0.0019854,0.00375484,0.802326,-0.0383605
8.99853,0.707564,0.780147,-0.0725828,0.00805881,0.00396521,0.00198317,0.00375159,0.800769,-0.0383806
9.0044,0.709894,0.778557,-0.068663,0.00805012,0.00396089,0.00198094,0.00374836,0.799217,-0.0384008
9.01026,0.788831,0.776972,0.0118587,0.00804144,0.00395657,0.00197872,0.00374513,0.797671,-0.0384211
9.01612,0.741457,0.775393,-0.0339354,0.00803277,0.00395226,0.0019765,0.0037419,0.796131,-0.0384414
9.02198,0.813757,0.773819,0.0399382,0.00802413,0.00394797,0.00197428,0.00373868,0.794596,-0.0384619
9.02785,0.813163,0.77225,0.0409127,0.00801551,0.00394368,0.00197207,0.00373547,0.793066,-0.0384824
9.03371,0.733206,0.770687,-0.0374809,0.00800691,0.0039394,0.00196987,0.00373226,0.791542,-0.038503
9.03957,0.69018,0.769129,-0.0789489,0.00799833,0.00393513,0.00196767,0.00372905,0.790023,-0.0385237
9.04543,0.735425,0.767577,-0.0321519,0.00798976,0.00393087,0.00196548,0.00372585,0.788509,-0.0385445
9.05129,0.598589,0.766029,-0.16744,0.00798122,0.00392662,0.00196329,0.00372266,0.787001,-0.0385653
9.05716,0.673534,0.764487,-0.0909534,0.00797269,0.00392238,0.0019611,0.00371947,0.785498,-0.0385862
9.06302,0.705504,0.762951,-0.0574462,0.00796418,0.00391815,0.00195892,0.00371629,0.784,-0.0386072
9.06888,0.765943,0.761419,0.00452442,0.00795569,0.00391393,0.00195675,0.00371312,0.782508,-0.0386283
9.07474,0.800704,0.759892,0.040812,0.00794722,0.00390971,0.00195458,0.00370995,0.781021,-0.0386495
9.08061,0.795397,0.758371,0.0370255,0.00793877,0.00390551,0.00195241,0.00370678,0.779538,-0.0386708
9.08647,0.778633,0.756855,0.0217776,0.00793034,0.00390132,0.00195025,0.00370362,0.778062,-0.0386921
9.09233,0.707042,0.755344,-0.0483017,0.00792192,0.00389713,0.0019481,0.00370046,0.77659,-0.0387135
9.09819,0.668081,0.753838,-0.0857569,0.00791353,0.00389296,0.00194595,0.00369732,0.775123,-0.038735
9.10405,0.651667,0.752337,-0.10067,0.00790515,0.00388879,0.0019438,0.00369417,0.773662,-0.0387566
9.10992,0.699203,0.750841,-0.0516382,0.00789679,0.00388463,0.00194166,0.00369103,0.772205,-0.0387783
9.11578,0.698612,0.74935,-0.0507373,0.00788845,0.00388048,0.00193952,0.0036879,0.770754,-0.0388
9.12164,0.814425,0.747864,0.0665607,0.00788013,0.00387635,0.00193739,0.00368477,0.769307,-0.0388219
9.1275,0.85572,0.746383,0.109338,0.00787182,0.00387221,0.00193526,0.00368165,0.767866,-0.0388438
9.13337,0.863235,0.744906,0.118328,0.00786354,0.00386809,0.00193314,0.00367853,0.766429,-0.0388658
9.13923,0.81752,0.743435,0.0740843,0.00785527,0.00386398,0.00193102,0.00367542,0.764997,-0.0388878
9.14509,0.770043,0.741969,0.0280743,0.00784702,0.00385988,0.00192891,0.00367231,0.763571,-0.03891
9.15095,0.697201,0.740507,-0.0433061,0.00783879,0.00385578,0.0019268,0.00366921,0.762149,-0.0389322
9.15681,0.746486,0.73905,0.00743595,0.00783057,0.0038517,0.0019247,0.00366611,0.760732,-0.0389545
9.16268,0.710943,0.737598,-0.0266554,0.00782238,0.00384762,0.0019226,0.00366302,0.75932,-0.0389769
9.16854,0.815909,0.736151,0.0797579,0.0078142,0.00384355,0.0019205,0.00365994,0.757912,-0.0389994
9.1744,0.775279,0.734709,0.04057,0.00780604,0.00383949,0.00191841,0.00365686,0.75651,-0.039022
9.18026,0.757738,0.733271,0.0244673,0.00779789,0.00383544,0.00191633,0.00365378,0.755112,-0.0390446
9.18613,0.637418,0.731838,-0.0944197,0.00778977,0.0038314,0.00191424,0.00365071,0.753719,-0.0390674
9.19199,0.612852,0.73041,-0.117558,0.00778166,0.00382737,0.00191217,0.00364764,0.752331,-0.0390902
9.19785,0.602715,0.728986,-0.126271,0.00777357,0.00382334,0.00191009,0.00364458,0.750947,-0.0391131
9.20371,0.789314,0.727567,0.061747,0.00776549,0.00381933,0.00190803,0.00364153,0.749568,-0.039136
9.20957,0.597638,0.726152,-0.128515,0.00775744,0.00381532,0.00190596,0.00363848,0.748194,-0.0391591
9.21544,0.818745,0.724742,0.0940024,0.0077494,0.00381132,0.0019039,0.00363544,0.746824,-0.0391822
9.2213,0.697508,0.723337,-0.0258289,0.00774138,0.00380733,0.00190185,0.0036324,0.745459,-0.0392054
9.22716,0.910358,0.721936,0.188422,0.00773337,0.00380335,0.0018998,0.00362936,0.744099,-0.0392287
9.23302,0.825304,0.72054,0.104764,0.00772538,0.00379938,0.00189775,0.00362633,0.742743,-0.0392521
9.23889,0.932181,0.719148,0.213033,0.00771741,0.00379541,0.00189571,0.00362331,0.741392,-0.0392756
9.24475,0.741439,0.717761,0.0236782,0.00770946,0.00379146,0.00189368,0.00362029,0.740045,-0.0392991
9.25061,0.60014,0.716378,-0.116238,0.00770152,0.00378751,0.00189164,0.00361727,0.738703,-0.0393228
9.25647,0.744115,0.715,0.0291153,0.0076936,0.00378357,0.00188962,0.00361426,0.737365,-0.0393465
9.26234,0.689059,0.713625,-0.0245665,0.0076857,0.00377964,0.00188759,0.00361126,0.736032,-0.0393703
9.2682,0.612495,0.712256,-0.0997612,0.00767781,0.00377572,0.00188557,0.00360826,0.734703,-0.0393941
9.27406,0.687252,0.710891,-0.0236388,0.00766995,0.0037718,0.00188356,0.00360526,0.733378,-0.0394181
9.27992,0.82144,0.70953,0.11191,0.00766209,0.0037679,0.00188155,0.00360228,0.732058,-0.0394421
9.28578,0.839949,0.708173,0.131776,0.00765426,0.003764,0.00187954,0.00359929,0.730742,-0.0394662
9.29165,0.776807,0.706821,0.0699865,0.00764644,0.00376011,0.00187754,0.00359631,0.729431,-0.0394904
9.29751,0.680612,0.705473,-0.0248612,0.00763863,0.00375623,0.00187554,0.00359334,0.728124,-0.0395147
9.30337,0.565007,0.704129,-0.139122,0.00763085,0.00375236,0.00187355,0.00359037,0.726821,-0.0395391
9.30923,0.761902,0.70279,0.0591123,0.00762308,0.00374849,0.00187156,0.0035874,0.725523,-0.0395635
9.3151,0.83018,0.701454,0.128725,0.00761532,0.00374464,0.00186957,0.00358444,0.724228,-0.0395881
9.32096,0.774365,0.700123,0.0742415,0.00760759,0.00374079,0.00186759,0.00358149,0.722938,-0.0396127
9.32682,0.783185,0.698796,0.084389,0.00759986,0.00373695,0.00186561,0.00357854,0.721653,-0.0396374
9.33268,0.692289,0.697474,-0.00518502,0.00759216,0.00373311,0.00186364,0.00357559,0.720371,-0.0396621
9.33854,0.792992,0.696155,0.0968373,0.00758447,0.00372929,0.00186167,0.00357265,0.719094,-0.039687
9.34441,0.681651,0.694841,-0.0131895,0.0075768,0.00372547,0.00185971,0.00356971,0.717821,-0.0397119
9.35027,0.71994,0.69353,0.0264093,0.00756914,0.00372167,0.00185775,0.00356678,0.716552,-0.0397369
9.35613,0.792716,0.692224,0.100492,0.0075615,0.00371786,0.00185579,0.00356386,0.715287,-0.039762
9.36199,0.623017,0.690922,-0.0679047,0.00755387,0.00371407,0.00185384,0.00356094,0.714026,-0.0397872
9.36786,0.697677,0.689624,0.00805324,0.00754626,0.00371029,0.00185189,0.00355802,0.71277,-0.0398125
9.37372,0.582526,0.68833,-0.105803,0.00753867,0.00370651,0.00184995,0.00355511,0.711517,-0.0398378
9.37958,0.673638,0.687039,-0.0134017,0.00753109,0.00370274,0.00184801,0.0035522,0.710269,-0.0398632
9.38544,0.64616,0.685753,-0.0395933,0.00752353,0.00369898,0.00184607,0.0035493,0.709024,-0.0398887
9.3913,0.645419,0.684471,-0.0390519,0.00751599,0.00369523,0.00184414,0.0035464,0.707784,-0.0399143
9.39717,0.604375,0.683193,-0.0788176,0.00750845,0.00369148,0.00184221,0.00354351,0.706547,-0.03994
9.40303,0.612008,0.681919,-0.0699103,0.00750094,0.00368774,0.00184029,0.00354062,0.705315,-0.0399658
9.40889,0.766126,0.680648,0.0854777,0.00749344,0.00368401,0.00183837,0.00353774,0.704086,-0.0399916
9.41475,0.84381,0.679382,0.164428,0.00748596,0.00368029,0.00183645,0.00353486,0.702862,-0.0400175
9.42062,0.731382,0.678119,0.0532626,0.00747849,0.00367658,0.00183454,0.00353198,0.701641,-0.0400435
9.42648,0.726404,0.676861,0.0495436,0.00747103,0.00367287,0.00183263,0.00352912,0.700425,-0.0400696
9.43234,0.672815,0.675606,-0.00279097,0.0074636,0.00366917,0.00183073,0.00352625,0.699212,-0.0400957
9.4382,0.586226,0.674355,-0.0881289,0.00745617,0.00366548,0.00182883,0.00352339,0.698003,-0.040122
9.44406,0.724219,0.673107,0.0511114,0.00744877,0.00366179,0.00182693,0.00352054,0.696798,-0.0401483
9.44993,0.77372,0.671864,0.101856,0.00744137,0.00365812,0.00182504,0.00351768,0.695596,-0.0401747
9.45579,0.59915,0.670624,-0.0714742,0.007434,0.00365445,0.00182315,0.00351484,0.694399,-0.0402012
9.46165,0.679935,0.669388,0.0105465,0.00742663,0.00365078,0.00182127,0.003512,0.693205,-0.0402278
9.46751,0.605726,0.668156,-0.0624302,0.00741929,0.00364713,0.00181939,0.00350916,0.692016,-0.0402544
9.47338,0.561602,0.666928,-0.105326,0.00741196,0.00364348,0.00181751,0.00350633,0.69083,-0.0402812
9.47924,0.584285,0.665703,-0.0814179,0.00740464,0.00363984,0.00181564,0.0035035,0.689647,-0.040308
9.4851,0.663797,0.664482,-0.000684651,0.00739734,0.00363621,0.00181377,0.00350068,0.688469,-0.0403349
9.49096,0.684282,0.663264,0.0210176,0.00739005,0.00363259,0.00181191,0.00349786,0.687294,-0.0403618
9.49682,0.761123,0.662051,0.0990725,0.00738278,0.00362897,0.00181005,0.00349504,0.686123,-0.0403889
9.50269,0.682103,0.66084,0.0212621,0.00737552,0.00362536,0.00180819,0.00349223,0.684955,-0.0404161
9.50855,0.925156,0.659634,0.265522,0.00736828,0.00362176,0.00180634,0.00348943,0.683791,-0.0404433
9.51441,0.771247,0.658431,0.112815,0.00736105,0.00361816,0.00180449,0.00348663,0.682631,-0.0404706
9.52027,0.737808,0.657232,0.0805765,0.00735383,0.00361457,0.00180264,0.00348383,0.681475,-0.040498
9.52614,0.829642,0.656036,0.173606,0.00734663,0.00361099,0.0018008,0.00348104,0.680322,-0.0405254
9.532,0.580397,0.654844,-0.0744463,0.00733945,0.00360742,0.00179896,0.00347825,0.679173,-0.040553
9.53786,0.725164,0.653655,0.0715091,0.00733228,0.00360385,0.00179713,0.00347547,0.678027,-0.0405806
9.54372,0.780288,0.65247,0.127818,0.00732512,0.00360029,0.0017953,0.00347269,0.676885,-0.0406083
9.54958,0.641884,0.651288,-0.00940432,0.00731798,0.00359674,0.00179347,0.00346992,0.675746,-0.0406361
9.55545,0.669006,0.65011,0.0188959,0.00731085,0.0035932,0.00179165,0.00346715,0.674611,-0.040664
9.56131,0.602606,0.648935,-0.0463293,0.00730374,0.00358966,0.00178983,0.00346438,0.67348,-0.040692
9.56717,0.698561,0.647764,0.0507966,0.00729664,0.00358613,0.00178801,0.00346162,0.672352,-0.04072
9.57303,0.605044,0.646596,-0.0415527,0.00728956,0.0035826,0.0017862,0.00345887,0.671227,-0.0407481
9.5789,0.625539,0.645432,-0.0198935,0.00728249,0.00357909,0.00178439,0.00345612,0.670106,-0.0407763
9.58476,0.702349,0.644271,0.0580776,0.00727543,0.00357558,0.00178258,0.00345337,0.668989,-0.0408046
9.59062,0.67163,0.643114,0.0285163,0.00726839,0.00357208,0.00178078,0.00345062,0.667875,-0.040833
9.59648,0.603241,0.641959,-0.0387179,0.00726136,0.00356858,0.00177899,0.00344789,0.666764,-0.0408614
9.60234,0.700233,0.640809,0.0594244,0.00725435,0.00356509,0.00177719,0.00344515,0.665657,-0.04089
9.60821,0.688936,0.639661,0.0492753,0.00724735,0.00356161,0.0017754,0.00344242,0.664553,-0.0409186
9.61407,0.747709,0.638517,0.109192,0.00724036,0.00355814,0.00177361,0.0034397,0.663452,-0.0409473
9.61993,0.719921,0.637376,0.0825447,0.00723339,0.00355467,0.00177183,0.00343697,0.662355,-0.0409761
9.62579,0.501801,0.636239,-0.134437,0.00722643,0.00355121,0.00177005,0.00343426,0.661262,-0.0410049
9.63166,0.528005,0.635104,-0.107099,0.00721949,0.00354775,0.00176828,0.00343154,0.660171,-0.0410339
9.63752,0.514257,0.633973,-0.119717,0.00721256,0.00354431,0.0017665,0.00342884,0.659084,-0.0410629
9.64338,0.636944,0.632846,0.00409817,0.00720564,0.00354087,0.00176473,0.00342613,0.658,-0.041092
9.64924,0.582406,0.631721,-0.0493151,0.00719873,0.00353743,0.00176297,0.00342343,0.65692,-0.0411212
9.65511,0.58834,0.6306,-0.0422599,0.00719184,0.00353401,0.00176121,0.00342074,0.655843,-0.0411504
9.66097,0.625887,0.629482,-0.00359501,0.00718497,0.00353059,0.00175945,0.00341804,0.654769,-0.0411798
9.66683,0.526069,0.628367,-0.102299,0.00717811,0.00352717,0.00175769,0.00341536,0.653698,-0.0412092
9.67269,0.561794,0.627256,-0.0654621,0.00717126,0.00352377,0.00175594,0.00341267,0.652631,-0.0412387
9.67855,0.740208,0.626147,0.114061,0.00716442,0.00352037,0.00175419,0.00341,0.651567,-0.0412683
9.68442,0.57981,0.625042,-0.045232,0.0071576,0.00351697,0.00175245,0.00340732,0.650506,-0.041298
9.69028,0.785913,0.62394,0.161973,0.00715079,0.00351359,0.00175071,0.00340465,0.649448,-0.0413277
9.69614,0.610379,0.622841,-0.0124624,0.00714399,0.00351021,0.00174897,0.00340198,0.648393,-0.0413576
9.702,0.625699,0.621745,0.00395406,0.00713721,0.00350683,0.00174724,0.00339932,0.647342,-0.0413875
9.70787,0.563305,0.620652,-0.0573477,0.00713044,0.00350347,0.00174551,0.00339666,0.646294,-0.0414175
9.71373,0.575866,0.619563,-0.0436969,0.00712369,0.00350011,0.00174378,0.00339401,0.645249,-0.0414476
9.71959,0.684518,0.618476,0.0660424,0.00711694,0.00349675,0.00174206,0.00339136,0.644207,-0.0414778
9.72545,0.572379,0.617392,-0.0450135,0.00711021,0.00349341,0.00174034,0.00338871,0.643168,-0.041508
9.73131,0.599576,0.616312,-0.0167364,0.0071035,0.00349007,0.00173862,0.00338607,0.642132,-0.0415383
9.73718,0.643972,0.615235,0.0287375,0.00709679,0.00348673,0.00173691,0.00338344,0.641099,-0.0415687
9.74304,0.678821,0.61416,0.0646607,0.0070901,0.0034834,0.0017352,0.0033808,0.64007,-0.0415992
9.7489,0.596064,0.613089,-0.0170246,0.00708342,0.00348008,0.00173349,0.00337817,0.639043,-0.0416298
9.75476,0.503838,0.61202,-0.108182,0.00707676,0.00347677,0.00173178,0.00337555,0.63802,-0.0416605
9.76063,0.538902,0.610955,-0.0720532,0.00707011,0.00347346,0.00173008,0.00337293,0.637,-0.0416912
9.76649,0.548593,0.609892,-0.0612998,0.00706347,0.00347016,0.00172839,0.00337031,0.635982,-0.041722
9.77235,0.597571,0.608833,-0.0112616,0.00705684,0.00346686,0.00172669,0.0033677,0.634968,-0.0417529
9.77821,0.653488,0.607776,0.0457118,0.00705023,0.00346358,0.001725,0.00336509,0.633956,-0.0417839
9.78407,0.721719,0.606723,0.114996,0.00704363,0.00346029,0.00172332,0.00336248,0.632948,-0.041815
9.78994,0.648944,0.605672,0.0432719,0.00703704,0.00345702,0.00172163,0.00335988,0.631943,-0.0418461
9.7958,0.572172,0.604624,-0.032452,0.00703047,0.00345375,0.00171995,0.00335729,0.63094,-0.0418774
9.80166,0.755535,0.603579,0.151956,0.0070239,0.00345048,0.00171828,0.00335469,0.629941,-0.0419087
9.80752,0.551178,0.602537,-0.0513598,0.00701735,0.00344723,0.0017166,0.00335211,0.628944,-0.0419401
9.81339,0.822465,0.601498,0.220967,0.00701082,0.00344397,0.00171493,0.00334952,0.62795,-0.0419715
9.81925,0.619042,0.600462,0.0185798,0.00700429,0.00344073,0.00171327,0.00334694,0.62696,-0.0420031
9.82511,0.599587,0.599428,0.000158506,0.00699778,0.00343749,0.0017116,0.00334436,0.625972,-0.0420347
9.83097,0.653872,0.598398,0.0554737,0.00699128,0.00343426,0.00170994,0.00334179,0.624987,-0.0420664
9.83683,0.543648,0.59737,-0.0537216,0.00698479,0.00343103,0.00170828,0.00333922,0.624005,-0.0420983
9.8427,0.617308,0.596345,0.0209627,0.00697832,0.00342781,0.00170663,0.00333666,0.623026,-0.0421301
9.84856,0.721187,0.595323,0.125864,0.00697185,0.0034246,0.00170498,0.0033341,0.622049,-0.0421621
9.85442,0.644087,0.594304,0.0497838,0.0069654,0.00342139,0.00170333,0.00333154,0.621076,-0.0421941
9.86028,0.660386,0.593287,0.067099,0.00695896,0.00341819,0.00170168,0.00332899,0.620105,-0.0422263
9.86615,0.61169,0.592273,0.0194166,0.00695254,0.00341499,0.00170004,0.00332644,0.619137,-0.0422585
9.87201,0.566536,0.591262,-0.0247264,0.00694612,0.0034118,0.0016984,0.00332389,0.618172,-0.0422908
9.87787,0.68737,0.590254,0.0971169,0.00693972,0.00340862,0.00169677,0.00332135,0.61721,-0.0423231
9.88373,0.703713,0.589248,0.114465,0.00693333,0.00340544,0.00169514,0.00331881,0.616251,-0.0423556
9.88959,0.756172,0.588245,0.167927,0.00692695,0.00340227,0.00169351,0.00331628,0.615294,-0.0423881
9.89546,0.512089,0.587245,-0.075156,0.00692059,0.00339911,0.00169188,0.00331375,0.61434,-0.0424208
9.90132,0.615465,0.586247,0.0292179,0.00691424,0.00339595,0.00169026,0.00331122,0.613389,-0.0424535
9.90718,0.390377,0.585252,-0.194875,0.00690789,0.00339279,0.00168864,0.0033087,0.612441,-0.0424862
9.91304,0.533853,0.58426,-0.050407,0.00690156,0.00338965,0.00168702,0.00330618,0.611495,-0.0425191
9.91891,0.643368,0.583271,0.0600975,0.00689525,0.0033865,0.00168541,0.00330367,0.610552,-0.042552
9.92477,0.628279,0.582284,0.0459957,0.00688894,0.00338337,0.0016838,0.00330116,0.609611,-0.0425851
9.93063,0.65815,0.581299,0.0768503,0.00688265,0.00338024,0.00168219,0.00329865,0.608674,-0.0426182
9.93649,0.700664,0.580318,0.120347,0.00687636,0.00337712,0.00168059,0.00329615,0.607739,-0.0426514
9.94235,0.610175,0.579339,0.0308365,0.00687009,0.003374,0.00167899,0.00329365,0.606807,-0.0426846
9.94822,0.642149,0.578362,0.0637862,0.00686384,0.00337089,0.00167739,0.00329115,0.605877,-0.042718
9.95408,0.736501,0.577389,0.159112,0.00685759,0.00336778,0.00167579,0.00328866,0.60495,-0.0427514
9.95994,0.648745,0.576417,0.0723279,0.00685135,0.00336468,0.0016742,0.00328617,0.604026,-0.042785
9.9658,0.45113,0.575449,-0.124319,0.00684513,0.00336158,0.00167261,0.00328369,0.603104,-0.0428186
9.97167,0.35123,0.574482,-0.223253,0.00683892,0.0033585,0.00167103,0.00328121,0.602185,-0.0428522
9.97753,0.452598,0.573519,-0.120921,0.00683272,0.00335541,0.00166944,0.00327873,0.601269,-0.042886
9.98339,0.566973,0.572558,-0.00558522,0.00682653,0.00335233,0.00166786,0.00327626,0.600355,-0.0429198
9.98925,0.482949,0.571599,-0.0886504,0.00682035,0.00334926,0.00166629,0.00327379,0.599443,-0.0429538
9.99511,0.54728,0.570643,-0.023363,0.00681419,0.0033462,0.00166471,0.00327133,0.598535,-0.0429878
10.001,0.554628,0.56969,-0.0150617,0.00680803,0.00334314,0.00166314,0.00326886,0.597629,-0.0430219
10.0068,0.578793,0.568739,0.0100541,0.00680189,0.00334008,0.00166157,0.00326641,0.596725,-0.043056
10.0127,0.442548,0.56779,-0.125242,0.00679576,0.00333703,0.00166001,0.00326395,0.595824,-0.0430903
10.0186,0.476397,0.566844,-0.0904476,0.00678964,0.00333399,0.00165844,0.0032615,0.594925,-0.0431246
10.0244,0.525152,0.565901,-0.0407489,0.00678353,0.00333095,0.00165689,0.00325905,0.594029,-0.043159
10.0303,0.418963,0.56496,-0.145997,0.00677743,0.00332792,0.00165533,0.00325661,0.593136,-0.0431935
10.0362,0.29955,0.564021,-0.264471,0.00677134,0.0033249,0.00165378,0.00325417,0.592245,-0.0432281
10.042,0.330466,0.563085,-0.232619,0.00676527,0.00332187,0.00165223,0.00325174,0.591356,-0.0432628
10.0479,0.450218,0.562151,-0.111933,0.0067592,0.00331886,0.00165068,0.0032493,0.59047,-0.0432975
10.0537,0.387297,0.56122,-0.173923,0.00675315,0.00331585,0.00164913,0.00324687,0.589587,-0.0433324
10.0596,0.687164,0.560291,0.126874,0.00674711,0.00331285,0.00164759,0.00324445,0.588706,-0.0433673
10.0655,0.56634,0.559364,0.00697591,0.00674108,0.00330985,0.00164605,0.00324203,0.587827,-0.0434022
10.0713,0.525278,0.55844,-0.0331617,0.00673506,0.00330686,0.00164452,0.00323961,0.586951,-0.0434373
10.0772,0.463159,0.557518,-0.0943584,0.00672905,0.00330387,0.00164298,0.0032372,0.586077,-0.0434725
10.083,0.414918,0.556598,-0.14168,0.00672305,0.00330089,0.00164145,0.00323479,0.585206,-0.0435077
10.0889,0.345728,0.555681,-0.209953,0.00671706,0.00329791,0.00163992,0.00323238,0.584337,-0.043543
10.0948,0.27462,0.554766,-0.280147,0.00671109,0.00329494,0.0016384,0.00322997,0.58347,-0.0435784
10.1006,0.445171,0.553854,-0.108683,0.00670512,0.00329197,0.00163688,0.00322757,0.582606,-0.0436139
10.1065,0.670032,0.552944,0.117088,0.00669917,0.00328901,0.00163536,0.00322518,0.581745,-0.0436495
10.1124,0.526964,0.552036,-0.0250723,0.00669323,0.00328606,0.00163384,0.00322279,0.580885,-0.0436851
10.1182,0.689057,0.551131,0.137927,0.00668729,0.00328311,0.00163233,0.0032204,0.580028,-0.0437208
10.1241,0.521288,0.550227,-0.0289391,0.00668137,0.00328016,0.00163082,0.00321801,0.579174,-0.0437566
10.1299,0.370486,0.549326,-0.178841,0.00667546,0.00327723,0.00162931,0.00321563,0.578321,-0.0437925
10.1358,0.49132,0.548428,-0.0571075,0.00666956,0.00327429,0.00162781,0.00321325,0.577471,-0.0438285
10.1417,0.342507,0.547531,-0.205025,0.00666367,0.00327137,0.0016263,0.00321087,0.576624,-0.0438645
10.1475,0.542768,0.546637,-0.00386938,0.00665779,0.00326844,0.0016248,0.0032085,0.575778,-0.0439007
10.1534,0.672284,0.545746,0.126539,0.00665193,0.00326553,0.00162331,0.00320614,0.574936,-0.0439369
10.1593,0.450581,0.544856,-0.0942746,0.00664607,0.00326261,0.00162181,0.00320377,0.574095,-0.0439732
10.1651,0.597916,0.543969,0.053947,0.00664022,0.00325971,0.00162032,0.00320141,0.573256,-0.0440096
10.171,0.543684,0.543083,0.000600879,0.00663439,0.00325681,0.00161883,0.00319905,0.57242,-0.044046
10.1768,0.488186,0.5422,-0.054014,0.00662856,0.00325391,0.00161735,0.0031967,0.571586,-0.0440826
10.1827,0.48767,0.54132,-0.0536501,0.00662274,0.00325102,0.00161586,0.00319435,0.570755,-0.0441192
10.1886,0.605286,0.540441,0.0648448,0.00661694,0.00324813,0.00161438,0.003192,0.569926,-0.0441559
10.1944,0.631149,0.539565,0.0915842,0.00661114,0.00324525,0.00161291,0.00318966,0.569099,-0.0441927
10.2003,0.61184,0.538691,0.073149,0.00660536,0.00324238,0.00161143,0.00318732,0.568274,-0.0442296
10.2062,0.629419,0.537819,0.0916007,0.00659959,0.00323951,0.00160996,0.00318498,0.567451,-0.0442665
10.212,0.404433,0.536949,-0.132515,0.00659382,0.00323664,0.00160849,0.00318264,0.566631,-0.0443035
10.2179,0.554793,0.536081,0.0187119,0.00658807,0.00323378,0.00160702,0.00318031,0.565813,-0.0443406
10.2237,0.330012,0.535216,-0.205203,0.00658233,0.00323093,0.00160556,0.00317799,0.564997,-0.0443778
10.2296,0.395943,0.534352,-0.138409,0.0065766,0.00322808,0.0016041,0.00317566,0.564183,-0.0444151
10.2355,0.452713,0.533491,-0.0807782,0.00657087,0.00322523,0.00160264,0.00317334,0.563371,-0.0444525
10.2413,0.387397,0.532632,-0.145235,0.00656516,0.00322239,0.00160118,0.00317103,0.562562,-0.0444899
10.2472,0.486121,0.531775,-0.0456537,0.00655946,0.00321956,0.00159973,0.00316871,0.561755,-0.0445274
10.2531,0.512308,0.53092,-0.0186112,0.00655377,0.00321673,0.00159828,0.00316641,0.56095,-0.044565
10.2589,0.484759,0.530067,-0.0453079,0.00654809,0.00321391,0.00159683,0.0031641,0.560147,-0.0446027
10.2648,0.557642,0.529216,0.028426,0.00654241,0.00321109,0.00159538,0.0031618,0.559346,-0.0446405
10.2706,0.602083,0.528367,0.0737158,0.00653675,0.00320827,0.00159394,0.0031595,0.558547,-0.0446784
10.2765,0.494409,0.527521,-0.0331113,0.0065311,0.00320546,0.0015925,0.0031572,0.557751,-0.0447163
10.2824,0.486001,0.526676,-0.0406748,0.00652546,0.00320266,0.00159106,0.00315491,0.556956,-0.0447543
10.2882,0.547202,0.525834,0.0213681,0.00651983,0.00319986,0.00158963,0.00315262,0.556164,-0.0447924
10.2941,0.588167,0.524993,0.0631741,0.00651421,0.00319707,0.00158819,0.00315033,0.555374,-0.0448306
10.3,0.531672,0.524155,0.00751686,0.00650859,0.00319428,0.00158676,0.00314805,0.554586,-0.0448688
10.3058,0.529305,0.523318,0.00598631,0.00650299,0.00319149,0.00158534,0.00314577,0.5538,-0.0449072
10.3117,0.390747,0.522484,-0.131737,0.0064974,0.00318871,0.00158391,0.00314349,0.553016,-0.0449456
10.3175,0.457771,0.521652,-0.0638805,0.00649182,0.00318594,0.00158249,0.00314122,0.552234,-0.0449841
10.3234,0.464783,0.520821,-0.056038,0.00648625,0.00318317,0.00158107,0.00313895,0.551454,-0.0450227
10.3293,0.595845,0.519993,0.0758523,0.00648068,0.0031804,0.00157965,0.00313668,0.550677,-0.0450613
10.3351,0.621568,0.519166,0.102401,0.00647513,0.00317764,0.00157824,0.00313442,0.549901,-0.0451001
10.341,0.598496,0.518342,0.0801544,0.00646959,0.00317489,0.00157682,0.00313216,0.549128,-0.0451389
10.3468,0.667882,0.51752,0.150362,0.00646406,0.00317214,0.00157541,0.0031299,0.548356,-0.0451778
10.3527,0.400019,0.516699,-0.11668,0.00645853,0.00316939,0.00157401,0.00312765,0.547586,-0.0452168
10.3586,0.513699,0.515881,-0.00218202,0.00645302,0.00316665,0.0015726,0.0031254,0.546819,-0.0452559
10.3644,0.425499,0.515064,-0.0895648,0.00644751,0.00316392,0.0015712,0.00312315,0.546053,-0.0452951
10.3703,0.523042,0.51425,0.00879295,0.00644202,0.00316119,0.0015698,0.00312091,0.54529,-0.0453343
10.3762,0.739908,0.513437,0.226472,0.00643654,0.00315846,0.0015684,0.00311867,0.544528,-0.0453736
10.382,0.553615,0.512626,0.040989,0.00643106,0.00315574,0.00156701,0.00311643,0.543769,-0.045413
10.3879,0.407524,0.511817,-0.104294,0.00642559,0.00315302,0.00156562,0.00311419,0.543011,-0.0454525
10.3937,0.525661,0.51101,0.0146504,0.00642014,0.00315031,0.00156423,0.00311196,0.542256,-0.0454921
10.3996,0.491495,0.510205,-0.0187104,0.00641469,0.0031476,0.00156284,0.00310973,0.541502,-0.0455317
10.4055,0.571035,0.509402,0.0616331,0.00640925,0.0031449,0.00156145,0.00310751,0.540751,-0.0455715
10.4113,0.459964,0.508601,-0.0486366,0.00640383,0.0031422,0.00156007,0.00310529,0.540001,-0.0456113
10.4172,0.566065,0.507802,0.0582635,0.00639841,0.00313951,0.00155869,0.00310307,0.539253,-0.0456512
10.4231,0.519584,0.507004,0.0125801,0.006393,0.00313682,0.00155731,0.00310086,0.538507,-0.0456911
10.4289,0.504559,0.506209,-0.00164952,0.0063876,0.00313414,0.00155594,0.00309864,0.537763,-0.0457312
10.4348,0.542527,0.505415,0.0371123,0.00638221,0.00313146,0.00155457,0.00309643,0.537021,-0.0457713
10.4406,0.51944,0.504623,0.0148174,0.00637683,0.00312879,0.0015532,0.00309423,0.536281,-0.0458116
10.4465,0.51689,0.503833,0.013057,0.00637145,0.00312612,0.00155183,0.00309203,0.535543,-0.0458519
10.4524,0.591084,0.503045,0.0880395,0.00636609,0.00312345,0.00155046,0.00308983,0.534807,-0.0458922
10.4582,0.535185,0.502258,0.0329266,0.00636074,0.00312079,0.0015491,0.00308763,0.534073,-0.0459327
10.4641,0.645145,0.501474,0.143672,0.00635539,0.00311814,0.00154774,0.00308544,0.53334,-0.0459733
10.47,0.726813,0.500691,0.226122,0.00635006,0.00311548,0.00154638,0.00308325,0.53261,-0.0460139
10.4758,0.390085,0.49991,-0.109825,0.00634473,0.00311284,0.00154503,0.00308106,0.531881,-0.0460546
10.4817,0.598896,0.499131,0.0997653,0.00633942,0.0031102,0.00154367,0.00307888,0.531154,-0.0460954
10.4875,0.720077,0.498354,0.221723,0.00633411,0.00310756,0.00154232,0.0030767,0.530429,-0.0461363
10.4934,0.485652,0.497578,-0.011926,0.00632881,0.00310493,0.00154097,0.00307452,0.529706,-0.0461772
10.4993,0.474038,0.496804,-0.0227667,0.00632352,0.0031023,0.00153963,0.00307234,0.528985,-0.0462183
10.5051,0.510537,0.496032,0.0145046,0.00631824,0.00309967,0.00153828,0.00307017,0.528265,-0.0462594
10.511,0.459595,0.495262,-0.035667,0.00631297,0.00309705,0.00153694,0.003068,0.527548,-0.0463006
10.5169,0.327277,0.494494,-0.167216,0.00630771,0.00309444,0.0015356,0.00306584,0.526832,-0.0463419
10.5227,0.495493,0.493727,0.00176593,0.00630245,0.00309183,0.00153426,0.00306368,0.526118,-0.0463832
10.5286,0.496279,0.492962,0.00331724,0.00629721,0.00308922,0.00153293,0.00306152,0.525406,-0.0464247
10.5344,0.423319,0.492199,-0.0688797,0.00629197,0.00308662,0.0015316,0.00305936,0.524696,-0.0464662
10.5403,0.522835,0.491438,0.0313973,0.00628675,0.00308402,0.00153027,0.00305721,0.523987,-0.0465078
10.5462,0.471691,0.490678,-0.0189864,0.00628153,0.00308143,0.00152894,0.00305506,0.52328,-0.0465495
10.552,0.294897,0.48992,-0.195023,0.00627632,0.00307884,0.00152761,0.00305291,0.522575,-0.0465913
10.5579,0.376302,0.489164,-0.112861,0.00627112,0.00307626,0.00152629,0.00305077,0.521872,-0.0466331
10.5638,0.467121,0.488409,-0.0212877,0.00626593,0.00307368,0.00152497,0.00304862,0.521171,-0.0466751
10.5696,0.462901,0.487656,-0.0247549,0.00626075,0.0030711,0.00152365,0.00304649,0.520471,-0.0467171
10.5755,0.328515,0.486905,-0.15839,0.00625557,0.00306853,0.00152233,0.00304435,0.519773,-0.0467592
10.5813,0.647646,0.486155,0.16149,0.00625041,0.00306597,0.00152102,0.00304222,0.519077,-0.0468014
10.5872,0.348768,0.485408,-0.136639,0.00624525,0.00306341,0.00151971,0.00304009,0.518383,-0.0468436
10.5931,0.47728,0.484662,-0.00738136,0.0062401,0.00306085,0.0015184,0.00303796,0.51769,-0.046886
10.5989,0.625567,0.483917,0.14165,0.00623496,0.00305829,0.00151709,0.00303584,0.516999,-0.0469284
10.6048,0.533755,0.483174,0.0505806,0.00622983,0.00305575,0.00151579,0.00303372,0.51631,-0.0469709
10.6106,0.413736,0.482433,-0.068697,0.00622471,0.0030532,0.00151448,0.0030316,0.515623,-0.0470135
10.6165,0.345047,0.481694,-0.136646,0.0062196,0.00305066,0.00151318,0.00302949,0.514937,-0.0470562
10.6224,0.501848,0.480956,0.0208922,0.00621449,0.00304812,0.00151188,0.00302738,0.514253,-0.0470989
10.6282,0.289596,0.48022,-0.190623,0.0062094,0.00304559,0.00151059,0.00302527,0.513571,-0.0471418
10.6341,0.482308,0.479485,0.00282297,0.00620431,0.00304307,0.00150929,0.00302316,0.51289,-0.0471847
10.64,0.49642,0.478752,0.0176678,0.00619923,0.00304054,0.001508,0.00302106,0.512211,-0.0472277
10.6458,0.666815,0.478021,0.188794,0.00619416,0.00303802,0.00150671,0.00301896,0.511534,-0.0472708
10.6517,0.519185,0.477291,0.0418934,0.0061891,0.00303551,0.00150543,0.00301686,0.510858,-0.0473139
10.6575,0.549493,0.476563,0.0729302,0.00618405,0.003033,0.00150414,0.00301477,0.510184,-0.0473572
10.6634,0.398647,0.475837,-0.0771893,0.006179,0.00303049,0.00150286,0.00301268,0.509512,-0.0474005
10.6693,0.448714,0.475112,-0.0263977,0.00617396,0.00302799,0.00150158,0.00301059,0.508842,-0.0474439
10.6751,0.356992,0.474389,-0.117396,0.00616894,0.00302549,0.0015003,0.00300851,0.508173,-0.0474874
10.681,0.42864,0.473667,-0.0450269,0.00616392,0.003023,0.00149902,0.00300642,0.507506,-0.047531
10.6869,0.464933,0.472947,-0.00801383,0.00615891,0.00302051,0.00149775,0.00300434,0.50684,-0.0475746
10.6927,0.339,0.472228,-0.133228,0.0061539,0.00301802,0.00149648,0.00300227,0.506176,-0.0476184
10.6986,0.440914,0.471511,-0.0305969,0.00614891,0.00301554,0.00149521,0.00300019,0.505514,-0.0476622
10.7044,0.561961,0.470796,0.0911648,0.00614392,0.00301306,0.00149394,0.00299812,0.504853,-0.0477061
10.7103,0.49503,0.470082,0.0249481,0.00613894,0.00301059,0.00149267,0.00299606,0.504194,-0.04775
10.7162,0.452774,0.46937,-0.0165961,0.00613397,0.00300812,0.00149141,0.00299399,0.503536,-0.0477941
10.722,0.657314,0.468659,0.188655,0.00612901,0.00300566,0.00149015,0.00299193,0.50288,-0.0478383
10.7279,0.463364,0.46795,-0.00458577,0.00612406,0.0030032,0.00148889,0.00298987,0.502226,-0.0478825
10.7338,0.356029,0.467242,-0.111213,0.00611911,0.00300074,0.00148763,0.00298781,0.501574,-0.0479268
10.7396,0.527865,0.466536,0.0613286,0.00611417,0.00299829,0.00148638,0.00298576,0.500923,-0.0479712
10.7455,0.678337,0.465831,0.212505,0.00610925,0.00299584,0.00148512,0.00298371,0.500273,-0.0480156
10.7513,0.466409,0.465128,0.00128097,0.00610432,0.00299339,0.00148387,0.00298166,0.499625,-0.0480602
10.7572,0.572757,0.464427,0.108331,0.00609941,0.00299095,0.00148263,0.00297961,0.498979,-0.0481048
10.7631,0.495714,0.463726,0.0319873,0.00609451,0.00298852,0.00148138,0.00297757,0.498334,-0.0481496
10.7689,0.429194,0.463028,-0.0338336,0.00608961,0.00298609,0.00148013,0.00297553,0.497691,-0.0481943
10.7748,0.599468,0.462331,0.137138,0.00608472,0.00298366,0.00147889,0.0029735,0.497049,-0.0482392
10.7807,0.514697,0.461635,0.0530616,0.00607984,0.00298123,0.00147765,0.00297146,0.496409,-0.0482842
10.7865,0.369088,0.460941,-0.0918529,0.00607497,0.00297881,0.00147641,0.00296943,0.495771,-0.0483292
10.7924,0.306875,0.460248,-0.153374,0.0060701,0.0029764,0.00147518,0.0029674,0.495134,-0.0483744
10.7982,0.431781,0.459557,-0.0277765,0.00606525,0.00297398,0.00147394,0.00296538,0.494498,-0.0484196
10.8041,0.500314,0.458868,0.0414463,0.0060604,0.00297158,0.00147271,0.00296335,0.493864,-0.0484649
10.81,0.536815,0.458179,0.0786361,0.00605556,0.00296917,0.00147148,0.00296133,0.493232,-0.0485102
10.8158,0.479316,0.457492,0.0218239,0.00605072,0.00296677,0.00147025,0.00295931,0.492601,-0.0485557
10.8217,0.44344,0.456807,-0.0133669,0.0060459,0.00296437,0.00146903,0.0029573,0.491972,-0.0486012
10.8276,0.384049,0.456123,-0.0720744,0.00604108,0.00296198,0.0014678,0.00295529,0.491344,-0.0486468
10.8334,0.403434,0.455441,-0.0520068,0.00603627,0.00295959,0.00146658,0.00295328,0.490718,-0.0486925
10.8393,0.453099,0.45476,-0.00166031,0.00603147,0.00295721,0.00146536,0.00295127,0.490093,-0.0487383
10.8451,0.340935,0.45408,-0.113145,0.00602667,0.00295483,0.00146415,0.00294927,0.489469,-0.0487842
10.851,0.470349,0.453402,0.0169465,0.00602189,0.00295245,0.00146293,0.00294727,0.488848,-0.0488301
10.8569,0.406744,0.452725,-0.0459813,0.00601711,0.00295008,0.00146172,0.00294527,0.488227,-0.0488761
10.8627,0.38127,0.45205,-0.0707803,0.00601234,0.00294771,0.0014605,0.00294327,0.487608,-0.0489222
10.8686,0.378644,0.451376,-0.0727325,0.00600758,0.00294534,0.0014593,0.00294128,0.486991,-0.0489684
10.8745,0.384957,0.450704,-0.0657462,0.00600282,0.00294298,0.00145809,0.00293929,0.486375,-0.0490147
10.8803,0.277689,0.450032,-0.172343,0.00599807,0.00294062,0.00145688,0.0029373,0.485761,-0.049061
10.8862,0.384683,0.449363,-0.0646794,0.00599333,0.00293827,0.00145568,0.00293532,0.485148,-0.0491075
10.892,0.355999,0.448694,-0.092695,0.0059886,0.00293592,0.00145448,0.00293334,0.484536,-0.049154
10.8979,0.483983,0.448027,0.0359557,0.00598388,0.00293357,0.00145328,0.00293136,0.483926,-0.0492006
10.9038,0.391894,0.447362,-0.055468,0.00597916,0.00293123,0.00145208,0.00292938,0.483317,-0.0492473
10.9096,0.29724,0.446698,-0.149458,0.00597445,0.00292889,0.00145088,0.0029274,0.48271,-0.049294
10.9155,0.404536,0.446035,-0.0414986,0.00596975,0.00292656,0.00144969,0.00292543,0.482104,-0.0493409
10.9213,0.376384,0.445373,-0.0689898,0.00596505,0.00292422,0.0014485,0.00292346,0.4815,-0.0493878
10.9272,0.369611,0.444713,-0.0751026,0.00596037,0.0029219,0.00144731,0.0029215,0.480897,-0.0494348
10.9331,0.439289,0.444055,-0.0047657,0.00595569,0.00291957,0.00144612,0.00291953,0.480296,-0.0494819
10.9389,0.473577,0.443397,0.0301797,0.00595102,0.00291725,0.00144493,0.00291757,0.479695,-0.049529
10.9448,0.478002,0.442741,0.0352609,0.00594635,0.00291494,0.00144375,0.00291561,0.479097,-0.0495763
10.9507,0.672717,0.442086,0.23063,0.00594169,0.00291262,0.00144257,0.00291366,0.4785,-0.0496236
10.9565,0.618469,0.441433,0.177036,0.00593705,0.00291032,0.00144139,0.00291171,0.477904,-0.049671
10.9624,0.583034,0.440781,0.142253,0.0059324,0.00290801,0.00144021,0.00290976,0.477309,-0.0497185
10.9682,0.369194,0.44013,-0.0709364,0.00592777,0.00290571,0.00143903,0.00290781,0.476716,-0.0497661
10.9741,0.329015,0.439481,-0.110466,0.00592314,0.00290341,0.00143786,0.00290586,0.476124,-0.0498138
10.98,0.458175,0.438833,0.0193425,0.00591852,0.00290112,0.00143669,0.00290392,0.475534,-0.0498615
10.9858,0.586519,0.438186,0.148333,0.00591391,0.00289883,0.00143552,0.00290198,0.474945,-0.0499093
10.9917,0.40029,0.437541,-0.0372509,0.0059093,0.00289654,0.00143435,0.00290004,0.474358,-0.0499572
10.9976,0.406864,0.436896,-0.0300329,0.00590471,0.00289426,0.00143318,0.00289811,0.473771,-0.0500052
11.0034,0.512427,0.436254,0.0761734,0.00590012,0.00289198,0.00143202,0.00289617,0.473187,-0.0500533
11.0093,0.529785,0.435612,0.0941734,0.00589553,0.0028897,0.00143085,0.00289424,0.472603,-0.0501014
11.0151,0.573854,0.434972,0.138882,0.00589096,0.00288743,0.00142969,0.00289232,0.472021,-0.0501497
11.021,0.575796,0.434333,0.141463,0.00588639,0.00288516,0.00142853,0.00289039,0.47144,-0.050198
11.0269,0.400611,0.433695,-0.0330843,0.00588183,0.0028829,0.00142738,0.00288847,0.470861,-0.0502464
11.0327,0.411355,0.433059,-0.021704,0.00587727,0.00288064,0.00142622,0.00288655,0.470283,-0.0502948
11.0386,0.312889,0.432423,-0.119535,0.00587272,0.00287838,0.00142507,0.00288463,0.469706,-0.0503434
11.0445,0.435215,0.43179,0.00342536,0.00586818,0.00287612,0.00142392,0.00288272,0.469131,-0.050392
11.0503,0.534436,0.431157,0.103279,0.00586365,0.00287387,0.00142277,0.00288081,0.468557,-0.0504408
11.0562,0.443596,0.430526,0.0130701,0.00585913,0.00287163,0.00142162,0.0028789,0.467984,-0.0504896
11.062,0.505711,0.429895,0.0758156,0.00585461,0.00286938,0.00142047,0.00287699,0.467412,-0.0505385
11.0679,0.51181,0.429267,0.0825433,0.0058501,0.00286714,0.00141933,0.00287509,0.466842,-0.0505874
11.0738,0.482176,0.428639,0.0535372,0.00584559,0.00286491,0.00141819,0.00287319,0.466274,-0.0506365
11.0796,0.443581,0.428013,0.015569,0.00584109,0.00286267,0.00141705,0.00287129,0.465706,-0.0506856
11.0855,0.49489,0.427387,0.0675029,0.0058366,0.00286044,0.00141591,0.00286939,0.46514,-0.0507348
11.0914,0.398638,0.426763,-0.0281256,0.00583212,0.00285822,0.00141477,0.0028675,0.464575,-0.0507841
11.0972,0.548823,0.426141,0.122682,0.00582765,0.002856,0.00141363,0.0028656,0.464011,-0.0508335
11.1031,0.452098,0.425519,0.0265788,0.00582318,0.00285378,0.0014125,0.00286371,0.463449,-0.0508829
11.1089,0.401137,0.424899,-0.0237624,0.00581871,0.00285156,0.00141137,0.00286183,0.462888,-0.0509325
11.1148,0.496149,0.42428,0.0718694,0.00581426,0.00284935,0.00141024,0.00285994,0.462328,-0.0509821
11.1207,0.526612,0.423662,0.10295,0.00580981,0.00284714,0.00140911,0.00285806,0.46177,-0.0510318
11.1265,0.416459,0.423045,-0.00658622,0.00580537,0.00284494,0.00140799,0.00285618,0.461213,-0.0510816
11.1324,0.405182,0.42243,-0.0172481,0.00580093,0.00284274,0.00140686,0.00285431,0.460657,-0.0511314
11.1383,0.61487,0.421816,0.193054,0.00579651,0.00284054,0.00140574,0.00285243,0.460102,-0.0511814
11.1441,0.524489,0.421203,0.103287,0.00579209,0.00283834,0.00140462,0.00285056,0.459549,-0.0512314
11.15,0.471171,0.420591,0.0505797,0.00578767,0.00283615,0.0014035,0.00284869,0.458996,-0.0512815
11.1558,0.444611,0.41998,0.024631,0.00578327,0.00283397,0.00140238,0.00284682,0.458445,-0.0513317
11.1617,0.212083,0.419371,-0.207287,0.00577887,0.00283178,0.00140127,0.00284496,0.457896,-0.051382
11.1676,0.360563,0.418762,-0.0581997,0.00577447,0.0028296,0.00140015,0.0028431,0.457347,-0.0514324
11.1734,0.365169,0.418155,-0.0529862,0.00577009,0.00282742,0.00139904,0.00284124,0.4568,-0.0514828
11.1793,0.544621,0.417549,0.127072,0.00576571,0.00282525,0.00139793,0.00283938,0.456254,-0.0515333
11.1851,0.513246,0.416944,0.0963012,0.00576133,0.00282308,0.00139682,0.00283752,0.45571,-0.0515839
11.191,0.520439,0.416341,0.104098,0.00575697,0.00282091,0.00139572,0.00283567,0.455166,-0.0516346
11.1969,0.400809,0.415738,-0.014929,0.00575261,0.00281875,0.00139461,0.00283382,0.454624,-0.0516854
11.2027,0.519604,0.415137,0.104467,0.00574826,0.00281659,0.00139351,0.00283197,0.454083,-0.0517362
11.2086,0.366012,0.414537,-0.0485249,0.00574391,0.00281443,0.00139241,0.00283013,0.453543,-0.0517871
11.2145,0.532189,0.413938,0.118252,0.00573957,0.00281228,0.00139131,0.00282829,0.453004,-0.0518381
11.2203,0.58959,0.41334,0.17625,0.00573524,0.00281013,0.00139021,0.00282645,0.452467,-0.0518892
11.2262,0.495714,0.412743,0.082971,0.00573091,0.00280798,0.00138912,0.00282461,0.451931,-0.0519404
11.232,0.444709,0.412147,0.0325612,0.00572659,0.00280584,0.00138802,0.00282277,0.451396,-0.0519917
11.2379,0.517878,0.411553,0.106325,0.00572228,0.00280369,0.00138693,0.00282094,0.450862,-0.052043
11.2438,0.534713,0.410959,0.123754,0.00571797,0.00280156,0.00138584,0.00281911,0.450329,-0.0520944
11.2496,0.410263,0.410367,-0.00010453,0.00571368,0.00279942,0.00138475,0.00281728,0.449798,-0.0521459
11.2555,0.232096,0.409776,-0.17768,0.00570938,0.00279729,0.00138366,0.00281545,0.449268,-0.0521975
11.2614,0.265618,0.409186,-0.143568,0.0057051,0.00279517,0.00138258,0.00281363,0.448739,-0.0522492
11.2672,0.265256,0.408597,-0.143341,0.00570082,0.00279304,0.00138149,0.00281181,0.448211,-0.0523009
11.2731,0.323586,0.408009,-0.0844235,0.00569654,0.00279092,0.00138041,0.00280999,0.447684,-0.0523527
11.2789,0.184381,0.407422,-0.223042,0.00569228,0.0027888,0.00137933,0.00280817,0.447158,-0.0524047
11.2848,0.302621,0.406837,-0.104216,0.00568802,0.00278669,0.00137825,0.00280636,0.446634,-0.0524566
11.2907,0.470303,0.406252,0.0640512,0.00568376,0.00278458,0.00137717,0.00280455,0.446111,-0.0525087
11.2965,0.415706,0.405669,0.0100369,0.00567952,0.00278247,0.0013761,0.00280274,0.445589,-0.0525609
11.3024,0.121451,0.405086,-0.283636,0.00567528,0.00278037,0.00137502,0.00280093,0.445068,-0.0526131
11.3083,0.366719,0.404505,-0.0377862,0.00567104,0.00277826,0.00137395,0.00279912,0.444548,-0.0526654
11.3141,0.284161,0.403925,-0.119764,0.00566681,0.00277617,0.00137288,0.00279732,0.44403,-0.0527178
11.32,0.307094,0.403346,-0.0962522,0.00566259,0.00277407,0.00137181,0.00279552,0.443512,-0.0527703
11.3258,0.373336,0.402768,-0.0294313,0.00565838,0.00277198,0.00137074,0.00279372,0.442996,-0.0528229
11.3317,0.160748,0.402191,-0.241442,0.00565417,0.00276989,0.00136968,0.00279193,0.442481,-0.0528755
11.3376,0.330275,0.401615,-0.0713396,0.00564997,0.00276781,0.00136861,0.00279013,0.441966,-0.0529282
11.3434,0.395094,0.40104,-0.00594569,0.00564577,0.00276572,0.00136755,0.00278834,0.441454,-0.0529811
11.3493,0.429482,0.400466,0.029016,0.00564158,0.00276364,0.00136649,0.00278655,0.440942,-0.0530339
11.3552,0.393767,0.399893,-0.0061266,0.0056374,0.00276157,0.00136543,0.00278477,0.440431,-0.0530869
11.361,0.390122,0.399322,-0.00919986,0.00563322,0.0027595,0.00136438,0.00278298,0.439922,-0.05314
11.3669,0.423919,0.398751,0.0251678,0.00562905,0.00275743,0.00136332,0.0027812,0.439413,-0.0531931
11.3727,0.355929,0.398181,-0.0422527,0.00562489,0.00275536,0.00136227,0.00277942,0.438906,-0.0532463
11.3786,0.337474,0.397613,-0.0601387,0.00562073,0.0027533,0.00136121,0.00277764,0.438399,-0.0532996
11.3845,0.333544,0.397045,-0.0635008,0.00561658,0.00275124,0.00136016,0.00277587,0.437894,-0.053353
11.3903,0.244114,0.396479,-0.152365,0.00561243,0.00274918,0.00135911,0.0027741,0.43739,-0.0534065
11.3962,0.256587,0.395913,-0.139326,0.00560829,0.00274713,0.00135807,0.00277233,0.436887,-0.05346
11.4021,0.385846,0.395349,-0.009503,0.00560416,0.00274507,0.00135702,0.00277056,0.436386,-0.0535136
11.4079,0.401477,0.394785,0.00669131,0.00560003,0.00274303,0.00135598,0.00276879,0.435885,-0.0535673
11.4138,0.317335,0.394223,-0.0768875,0.00559591,0.00274098,0.00135493,0.00276703,0.435385,-0.0536211
11.4196,0.244091,0.393661,-0.14957,0.0055918,0.00273894,0.00135389,0.00276527,0.434887,-0.053675
11.4255,0.482213,0.393101,0.0891116,0.00558769,0.0027369,0.00135285,0.00276351,0.434389,-0.053729
11.4314,0.325578,0.392542,-0.0669632,0.00558359,0.00273487,0.00135181,0.00276175,0.433893,-0.053783
11.4372,0.39616,0.391983,0.0041767,0.00557949,0.00273283,0.00135078,0.00275999,0.433397,-0.0538371
11.4431,0.429054,0.391426,0.0376281,0.0055754,0.00273081,0.00134974,0.00275824,0.432903,-0.0538913
11.4489,0.370741,0.390869,-0.0201283,0.00557132,0.00272878,0.00134871,0.00275649,0.43241,-0.0539456
11.4548,0.483269,0.390314,0.0929546,0.00556724,0.00272676,0.00134768,0.00275474,0.431918,-0.0539999
11.4607,0.463319,0.38976,0.0735592,0.00556317,0.00272474,0.00134665,0.002753,0.431427,-0.0540544
11.4665,0.405519,0.389206,0.0163123,0.0055591,0.00272272,0.00134562,0.00275125,0.430936,-0.0541089
11.4724,0.544959,0.388654,0.156306,0.00555504,0.0027207,0.00134459,0.00274951,0.430447,-0.0541635
11.4783,0.339461,0.388102,-0.0486411,0.00555099,0.00271869,0.00134357,0.00274777,0.42996,-0.0542182
11.4841,0.440115,0.387552,0.0525633,0.00554694,0.00271669,0.00134254,0.00274604,0.429473,-0.054273
11.49,0.207844,0.387002,-0.179159,0.0055429,0.00271468,0.00134152,0.0027443,0.428987,-0.0543278
11.4958,0.267918,0.386454,-0.118536,0.00553886,0.00271268,0.0013405,0.00274257,0.428502,-0.0543828
11.5017,0.332692,0.385906,-0.0532143,0.00553483,0.00271068,0.00133948,0.00274084,0.428018,-0.0544378
11.5076,0.371159,0.38536,-0.0142003,0.00553081,0.00270868,0.00133846,0.00273911,0.427536,-0.0544929
11.5134,0.295622,0.384814,-0.0891926,0.00552679,0.00270669,0.00133745,0.00273738,0.427054,-0.054548
11.5193,0.271763,0.384269,-0.112506,0.00552278,0.0027047,0.00133643,0.00273566,0.426573,-0.0546033
11.5252,0.427461,0.383726,0.0437355,0.00551877,0.00270271,0.00133542,0.00273394,0.426093,-0.0546587
11.531,0.598896,0.383183,0.215713,0.00551478,0.00270073,0.00133441,0.00273222,0.425615,-0.0547141
11.5369,0.39921,0.382641,0.0165692,0.00551078,0.00269875,0.0013334,0.0027305,0.425137,-0.0547696
11.5427,0.255503,0.3821,-0.126597,0.00550679,0.00269677,0.00133239,0.00272878,0.424661,-0.0548252
11.5486,0.549987,0.38156,0.168427,0.00550281,0.00269479,0.00133138,0.00272707,0.424185,-0.0548808
11.5545,0.520111,0.381021,0.139089,0.00549883,0.00269282,0.00133038,0.00272536,0.42371,-0.0549366
11.5603,0.422756,0.380483,0.0422725,0.00549486,0.00269085,0.00132938,0.00272365,0.423237,-0.0549924
11.5662,0.326054,0.379946,-0.0538918,0.0054909,0.00268888,0.00132837,0.00272194,0.422764,-0.0550483
11.5721,0.466786,0.37941,0.0873763,0.00548694,0.00268692,0.00132737,0.00272024,0.422293,-0.0551043
11.5779,0.348217,0.378875,-0.0306578,0.00548299,0.00268496,0.00132637,0.00271854,0.421822,-0.0551604
11.5838,0.360243,0.37834,-0.018097,0.00547904,0.002683,0.00132538,0.00271684,0.421353,-0.0552166
11.5896,0.416856,0.377807,0.0390487,0.0054751,0.00268105,0.00132438,0.00271514,0.420884,-0.0552728
11.5955,0.415866,0.377274,0.0385913,0.00547116,0.00267909,0.00132338,0.00271344,0.420416,-0.0553291
11.6014,0.342981,0.376743,-0.0337619,0.00546723,0.00267714,0.00132239,0.00271175,0.41995,-0.0553855
11.6072,0.351314,0.376212,-0.0248982,0.00546331,0.0026752,0.0013214,0.00271006,0.419484,-0.055442
11.6131,0.32227,0.375682,-0.0534119,0.00545939,0.00267325,0.00132041,0.00270837,0.419019,-0.0554986
11.619,0.301879,0.375153,-0.0732746,0.00545548,0.00267131,0.00131942,0.00270668,0.418556,-0.0555552
11.6248,0.310788,0.374625,-0.0638375,0.00545157,0.00266938,0.00131843,0.00270499,0.418093,-0.055612
11.6307,0.266563,0.374098,-0.107536,0.00544767,0.00266744,0.00131745,0.00270331,0.417631,-0.0556688
11.6365,0.429582,0.373572,0.0560102,0.00544377,0.00266551,0.00131646,0.00270163,0.417171,-0.0557257
11.6424,0.336026,0.373047,-0.0370214,0.00543988,0.00266358,0.00131548,0.00269995,0.416711,-0.0557827
11.6483,0.301606,0.372523,-0.0709164,0.005436,0.00266165,0.0013145,0.00269827,0.416252,-0.0558397
11.6541,0.472329,0.371999,0.10033,0.00543212,0.00265973,0.00131352,0.0026966,0.415794,-0.0558969
11.66,0.447425,0.371476,0.0759483,0.00542825,0.00265781,0.00131254,0.00269492,0.415337,-0.0559541
11.6659,0.149327,0.370955,-0.221628,0.00542438,0.00265589,0.00131156,0.00269325,0.414881,-0.0560114
11.6717,0.154369,0.370434,-0.216064,0.00542052,0.00265397,0.00131059,0.00269158,0.414426,-0.0560688
11.6776,0.27192,0.369914,-0.0979935,0.00541666,0.00265206,0.00130961,0.00268992,0.413972,-0.0561262
11.6834,0.36679,0.369395,-0.00260443,0.00541281,0.00265015,0.00130864,0.00268825,0.413519,-0.0561838
11.6893,0.39593,0.368877,0.0270539,0.00540897,0.00264825,0.00130767,0.00268659,0.413067,-0.0562414
11.6952,0.317954,0.368359,-0.0504047,0.00540513,0.00264634,0.0013067,0.00268493,0.412615,-0.0562991
11.701,0.340553,0.367843,-0.0272897,0.00540129,0.00264444,0.00130573,0.00268327,0.412165,-0.0563569
11.7069,0.362696,0.367327,-0.00463103,0.00539746,0.00264254,0.00130476,0.00268161,0.411715,-0.0564148
11.7128,0.450729,0.366812,0.083917,0.00539364,0.00264064,0.0013038,0.00267996,0.411267,-0.0564728
11.7186,0.18569,0.366298,-0.180608,0.00538982,0.00263875,0.00130283,0.00267831,0.410819,-0.0565308
11.7245,0.196289,0.365785,-0.169497,0.00538601,0.00263686,0.00130187,0.00267666,0.410373,-0.0565889
11.7303,0.295244,0.365273,-0.0700294,0.0053822,0.00263497,0.00130091,0.00267501,0.409927,-0.0566471
11.7362,0.270384,0.364762,-0.0943779,0.0053784,0.00263309,0.00129995,0.00267336,0.409482,-0.0567054
11.7421,0.37274,0.364251,0.00848846,0.00537461,0.00263121,0.00129899,0.00267172,0.409038,-0.0567638
11.7479,0.218704,0.363742,-0.145038,0.00537082,0.00262933,0.00129803,0.00267007,0.408595,-0.0568222
11.7538,0.271988,0.363233,-0.0912449,0.00536703,0.00262745,0.00129708,0.00266843,0.408153,-0.0568808
11.7596,0.389791,0.362725,0.0270668,0.00536325,0.00262558,0.00129613,0.00266679,0.407712,-0.0569394
11.7655,0.463042,0.362217,0.100824,0.00535948,0.0026237,0.00129517,0.00266516,0.407272,-0.0569981
11.7714,0.320636,0.361711,-0.0410756,0.00535571,0.00262184,0.00129422,0.00266352,0.406833,-0.0570568
11.7772,0.409834,0.361206,0.0486279,0.00535195,0.00261997,0.00129327,0.00266189,0.406394,-0.0571157
11.7831,0.392966,0.360701,0.0322647,0.00534819,0.00261811,0.00129232,0.00266026,0.405957,-0.0571746
11.789,0.348314,0.360197,-0.0118835,0.00534444,0.00261625,0.00129138,0.00265863,0.40552,-0.0572337
11.7948,0.364681,0.359694,0.00498672,0.00534069,0.00261439,0.00129043,0.00265701,0.405084,-0.0572928
11.8007,0.336861,0.359192,-0.0223304,0.00533695,0.00261253,0.00128948,0.00265538,0.404649,-0.0573519
11.8065,0.275849,0.35869,-0.0828418,0.00533321,0.00261068,0.00128854,0.00265376,0.404215,-0.0574112
11.8124,0.221664,0.35819,-0.136526,0.00532948,0.00260883,0.0012876,0.00265214,0.403782,-0.0574706
11.8183,0.371492,0.35769,0.0138016,0.00532576,0.00260698,0.00128666,0.00265052,0.40335,-0.05753
11.8241,0.356991,0.357191,-0.000200052,0.00532204,0.00260514,0.00128572,0.0026489,0.402919,-0.0575895
11.83,0.201887,0.356693,-0.154806,0.00531832,0.0026033,0.00128478,0.00264729,0.402488,-0.0576491
11.8359,0.381169,0.356196,0.0249732,0.00531461,0.00260146,0.00128385,0.00264568,0.402059,-0.0577088
11.8417,0.414778,0.355699,0.0590792,0.00531091,0.00259962,0.00128291,0.00264407,0.40163,-0.0577685
11.8476,0.520683,0.355203,0.16548,0.00530721,0.00259779,0.00128198,0.00264246,0.401202,-0.0578284
11.8534,0.433001,0.354708,0.0782926,0.00530351,0.00259595,0.00128105,0.00264085,0.400775,-0.0578883
11.8593,0.472978,0.354214,0.118764,0.00529982,0.00259412,0.00128012,0.00263925,0.400349,-0.0579483
11.8652,0.500862,0.353721,0.147142,0.00529614,0.0025923,0.00127919,0.00263764,0.399924,-0.0580084
11.871,0.365408,0.353228,0.0121795,0.00529246,0.00259047,0.00127826,0.00263604,0.399499,-0.0580685
11.8769,0.31832,0.352736,-0.0344157,0.00528879,0.00258865,0.00127733,0.00263445,0.399076,-0.0581288
11.8828,0.259459,0.352245,-0.0927859,0.00528512,0.00258683,0.00127641,0.00263285,0.398653,-0.0581891
11.8886,0.506353,0.351755,0.154598,0.00528146,0.00258502,0.00127548,0.00263125,0.398231,-0.0582495
11.8945,0.360051,0.351265,0.0087855,0.0052778,0.00258321,0.00127456,0.00262966,0.39781,-0.05831
11.9003,0.569918,0.350777,0.219141,0.00527415,0.00258139,0.00127364,0.00262807,0.39739,-0.0583706
11.9062,0.56995,0.350289,0.219661,0.0052705,0.00257959,0.00127272,0.00262648,0.396971,-0.0584312
11.9121,0.548621,0.349802,0.19882,0.00526686,0.00257778,0.0012718,0.00262489,0.396552,-0.058492
11.9179,0.321481,0.349315,-0.0278344,0.00526322,0.00257598,0.00127088,0.00262331,0.396135,-0.0585528
11.9238,0.289843,0.34883,-0.0589865,0.00525959,0.00257418,0.00126997,0.00262172,0.395718,-0.0586137
11.9297,0.252093,0.348345,-0.0962521,0.00525596,0.00257238,0.00126905,0.00262014,0.395302,-0.0586747
11.9355,0.385923,0.347861,0.0380627,0.00525234,0.00257058,0.00126814,0.00261856,0.394887,-0.0587357
11.9414,0.482947,0.347377,0.135569,0.00524872,0.00256879,0.00126723,0.00261699,0.394472,-0.0587969
11.9472,0.357894,0.346895,0.0109995,0.00524511,0.002567,0.00126632,0.00261541,0.394059,-0.0588581
11.9531,0.35944,0.346413,0.0130268,0.0052415,0.00256521,0.00126541,0.00261384,0.393646,-0.0589194
11.959,0.376891,0.345932,0.0309596,0.0052379,0.00256343,0.0012645,0.00261226,0.393234,-0.0589808
11.9648,0.221425,0.345451,-0.124027,0.0052343,0.00256164,0.00126359,0.00261069,0.392823,-0.0590423
11.9707,0.327498,0.344972,-0.0174734,0.00523071,0.00255986,0.00126268,0.00260913,0.392413,-0.0591038
11.9766,0.418684,0.344493,0.0741916,0.00522712,0.00255809,0.00126178,0.00260756,0.392004,-0.0591655
11.9824,0.374348,0.344015,0.0303338,0.00522354,0.00255631,0.00126088,0.00260599,0.391595,-0.0592272
11.9883,0.308547,0.343537,-0.0349905,0.00521997,0.00255454,0.00125998,0.00260443,0.391187,-0.059289
11.9941,0.357251,0.343061,0.0141899,0.00521639,0.00255277,0.00125908,0.00260287,0.39078,-0.0593509
12,0.378579,0.342585,0.0359944,0.00521283,0.002551,0.00125818,0.00260131,0.390374,-0.0594128
