ppm,observed,fitted,residual,component_EGDA,component_EGMA,component_EG,component_AcOH,component_exchange_pool,component_baseline
0,0.701171,0.671749,0.0294226,0.000575543,0.00287861,0.00838253,0.0250947,0.644652,-0.00983493
0.00586224,0.705733,0.672952,0.0327807,0.000577047,0.00288557,0.0083967,0.0251721,0.645803,-0.00988177
0.0117245,0.721566,0.67416,0.0474053,0.000578559,0.00289257,0.00841092,0.0252499,0.646957,-0.00992854
0.0175867,0.759387,0.675372,0.0840143,0.00058008,0.00289961,0.00842519,0.0253282,0.648115,-0.00997522
0.0234489,0.896609,0.676589,0.22002,0.000581609,0.00290669,0.0084395,0.025407,0.649276,-0.0100218
0.0293112,0.603712,0.67781,-0.0740982,0.000583147,0.0029138,0.00845386,0.0254863,0.650441,-0.0100683
0.0351734,0.697733,0.679036,0.0186969,0.000584693,0.00292095,0.00846828,0.0255661,0.651611,-0.0101148
0.0410357,0.654248,0.680266,-0.0260181,0.000586249,0.00292814,0.00848274,0.0256463,0.652783,-0.0101611
0.0468979,0.821624,0.6815,0.140124,0.000587813,0.00293537,0.00849725,0.0257271,0.65396,-0.0102074
0.0527601,0.721129,0.682739,0.0383904,0.000589386,0.00294263,0.00851181,0.0258084,0.65514,-0.0102536
0.0586224,0.775782,0.683982,0.0917999,0.000590967,0.00294994,0.00852642,0.0258902,0.656325,-0.0102997
0.0644846,0.711557,0.68523,0.0263262,0.000592558,0.00295728,0.00854108,0.0259725,0.657513,-0.0103457
0.0703468,0.794811,0.686483,0.108328,0.000594158,0.00296467,0.00855579,0.0260553,0.658705,-0.0103916
0.0762091,0.853742,0.68774,0.166002,0.000595767,0.00297209,0.00857055,0.0261387,0.659901,-0.0104375
0.0820713,0.737586,0.689002,0.0485844,0.000597386,0.00297956,0.00858536,0.0262225,0.6611,-0.0104833
0.0879336,0.746214,0.690268,0.0559459,0.000599013,0.00298706,0.00860022,0.026307,0.662304,-0.010529
0.0937958,0.609514,0.691539,-0.0820251,0.00060065,0.00299461,0.00861514,0.0263919,0.663512,-0.0105746
0.099658,0.734021,0.692815,0.0412062,0.000602297,0.0030022,0.00863011,0.0264774,0.664723,-0.0106201
0.10552,0.824816,0.694096,0.130721,0.000603953,0.00300983,0.00864512,0.0265635,0.665939,-0.0106655
0.111383,0.718286,0.695381,0.0229055,0.000605619,0.0030175,0.00866019,0.0266501,0.667158,-0.0107109
0.117245,0.847085,0.696671,0.150414,0.000607295,0.00302522,0.00867532,0.0267373,0.668382,-0.0107562
0.123107,0.581971,0.697965,-0.115994,0.000608981,0.00303298,0.00869049,0.026825,0.669609,-0.0108014
0.128969,0.524518,0.699265,-0.174747,0.000610676,0.00304078,0.00870572,0.0269134,0.670841,-0.0108465
0.134831,0.552368,0.700569,-0.148201,0.000612382,0.00304863,0.008721,0.0270023,0.672076,-0.0108915
0.140694,0.64782,0.701878,-0.0540586,0.000614098,0.00305652,0.00873634,0.0270918,0.673316,-0.0109365
0.146556,0.725394,0.703192,0.0222019,0.000615824,0.00306445,0.00875173,0.0271818,0.67456,-0.0109814
0.152418,0.740287,0.704511,0.0357758,0.00061756,0.00307243,0.00876717,0.0272725,0.675808,-0.0110262
0.15828,0.746801,0.705835,0.040966,0.000619307,0.00308045,0.00878267,0.0273638,0.67706,-0.0110709
0.164143,0.825107,0.707164,0.117943,0.000621064,0.00308852,0.00879822,0.0274556,0.678316,-0.0111155
0.170005,0.735467,0.708498,0.0269688,0.000622832,0.00309664,0.00881383,0.0275481,0.679577,-0.01116
0.175867,0.634008,0.709837,-0.0758286,0.000624611,0.0031048,0.00882949,0.0276413,0.680841,-0.0112045
0.181729,0.606396,0.711181,-0.104785,0.0006264,0.00311301,0.00884521,0.027735,0.68211,-0.0112489
0.187592,0.919237,0.71253,0.206707,0.000628201,0.00312127,0.00886099,0.0278294,0.683383,-0.0112931
0.193454,0.588121,0.713884,-0.125763,0.000630012,0.00312958,0.00887682,0.0279244,0.684661,-0.0113374
0.199316,0.697291,0.715243,-0.0179528,0.000631834,0.00313793,0.0088927,0.02802,0.685942,-0.0113815
0.205178,0.886889,0.716608,0.170281,0.000633668,0.00314633,0.00890865,0.0281164,0.687228,-0.0114255
0.211041,0.851757,0.717977,0.13378,0.000635513,0.00315479,0.00892465,0.0282133,0.688518,-0.0114695
0.216903,0.716932,0.719352,-0.00242043,0.00063737,0.00316329,0.00894071,0.028311,0.689813,-0.0115134
0.222765,0.756789,0.720732,0.0360568,0.000639238,0.00317184,0.00895682,0.0284093,0.691112,-0.0115572
0.228627,0.851916,0.722117,0.129798,0.000641118,0.00318044,0.008973,0.0285082,0.692415,-0.0116009
0.234489,0.91426,0.723508,0.190752,0.000643009,0.00318909,0.00898923,0.0286079,0.693723,-0.0116445
0.240352,0.732895,0.724904,0.007991,0.000644913,0.0031978,0.00900552,0.0287083,0.695035,-0.0116881
0.246214,0.837796,0.726305,0.111491,0.000646828,0.00320656,0.00902187,0.0288093,0.696352,-0.0117316
0.252076,0.821791,0.727711,0.0940794,0.000648756,0.00321537,0.00903828,0.0289111,0.697673,-0.0117749
0.257938,0.89924,0.729123,0.170116,0.000650696,0.00322423,0.00905475,0.0290136,0.698998,-0.0118183
0.263801,0.950746,0.730541,0.220205,0.000652648,0.00323314,0.00907128,0.0291168,0.700328,-0.0118615
0.269663,0.801802,0.731964,0.0698386,0.000654613,0.00324211,0.00908787,0.0292208,0.701663,-0.0119046
0.275525,0.652582,0.733392,-0.0808106,0.00065659,0.00325114,0.00910452,0.0293254,0.703002,-0.0119477
0.281387,0.784857,0.734826,0.050031,0.00065858,0.00326022,0.00912123,0.0294309,0.704346,-0.0119907
0.28725,0.957261,0.736266,0.220996,0.000660583,0.00326935,0.009138,0.029537,0.705694,-0.0120335
0.293112,0.90591,0.737711,0.1682,0.000662599,0.00327855,0.00915484,0.029644,0.707047,-0.0120764
0.298974,0.848072,0.739161,0.10891,0.000664628,0.00328779,0.00917173,0.0297517,0.708405,-0.0121191
0.304836,1.03882,0.740618,0.298206,0.000666671,0.0032971,0.00918869,0.0298602,0.709767,-0.0121617
0.310699,0.76881,0.74208,0.0267304,0.000668726,0.00330646,0.00920571,0.0299695,0.711134,-0.0122043
0.316561,0.87418,0.743548,0.130633,0.000670796,0.00331589,0.00922279,0.0300795,0.712505,-0.0122468
0.322423,0.766262,0.745021,0.0212407,0.000672879,0.00332537,0.00923994,0.0301904,0.713882,-0.0122892
0.328285,0.794068,0.7465,0.0475672,0.000674975,0.00333491,0.00925715,0.0303021,0.715263,-0.0123315
0.334148,0.80726,0.747985,0.0592748,0.000677086,0.00334451,0.00927443,0.0304146,0.716649,-0.0123737
0.34001,0.948192,0.749476,0.198716,0.000679211,0.00335417,0.00929176,0.0305279,0.718039,-0.0124159
0.345872,0.757737,0.750973,0.00676352,0.00068135,0.00336389,0.00930917,0.0306421,0.719435,-0.012458
0.351734,0.739893,0.752476,-0.0125835,0.000683503,0.00337368,0.00932664,0.0307571,0.720835,-0.0125
0.357596,0.634676,0.753985,-0.119309,0.000685671,0.00338353,0.00934417,0.030873,0.72224,-0.0125419
0.363459,0.8026,0.7555,0.0471001,0.000687854,0.00339344,0.00936177,0.0309898,0.72365,-0.0125837
0.369321,0.763847,0.75702,0.00682687,0.000690052,0.00340341,0.00937944,0.0311074,0.725065,-0.0126254
0.375183,0.83725,0.758547,0.078703,0.000692264,0.00341345,0.00939717,0.0312259,0.726485,-0.0126671
0.381045,0.717702,0.76008,-0.042378,0.000694492,0.00342356,0.00941497,0.0313453,0.72791,-0.0127087
0.386908,0.751009,0.761619,-0.01061,0.000696735,0.00343373,0.00943284,0.0314657,0.72934,-0.0127502
0.39277,0.895467,0.763164,0.132303,0.000698993,0.00344396,0.00945077,0.0315869,0.730775,-0.0127916
0.398632,0.824148,0.764716,0.0594327,0.000701268,0.00345427,0.00946878,0.0317091,0.732215,-0.0128329
0.404494,0.880148,0.766273,0.113875,0.000703558,0.00346464,0.00948685,0.0318322,0.73366,-0.0128742
0.410357,0.888753,0.767837,0.120916,0.000705864,0.00347508,0.00950499,0.0319563,0.73511,-0.0129153
0.416219,0.808338,0.769407,0.038931,0.000708186,0.00348559,0.0095232,0.0320813,0.736566,-0.0129564
0.422081,0.670211,0.770984,-0.100773,0.000710524,0.00349617,0.00954148,0.0322073,0.738026,-0.0129974
0.427943,0.872666,0.772567,0.100099,0.000712879,0.00350683,0.00955983,0.0323342,0.739491,-0.0130383
0.433806,0.856792,0.774156,0.082636,0.000715251,0.00351755,0.00957825,0.0324622,0.740962,-0.0130792
0.439668,0.930655,0.775752,0.154903,0.000717639,0.00352835,0.00959674,0.0325912,0.742438,-0.0131199
0.44553,0.668132,0.777355,-0.109223,0.000720045,0.00353922,0.0096153,0.0327212,0.743919,-0.0131606
0.451392,0.624653,0.778963,-0.15431,0.000722468,0.00355016,0.00963393,0.0328522,0.745406,-0.0132012
0.457255,0.56617,0.780579,-0.214409,0.000724908,0.00356118,0.00965264,0.0329843,0.746898,-0.0132417
0.463117,0.670512,0.782201,-0.111689,0.000727366,0.00357227,0.00967142,0.0331174,0.748395,-0.0132821
0.468979,0.885988,0.78383,0.102159,0.000729842,0.00358344,0.00969027,0.0332516,0.749897,-0.0133225
0.474841,0.906366,0.785465,0.1209,0.000732335,0.00359469,0.00970919,0.0333869,0.751405,-0.0133627
0.480703,0.856371,0.787108,0.0692636,0.000734847,0.00360601,0.00972819,0.0335232,0.752918,-0.0134029
0.486566,0.858298,0.788757,0.069541,0.000737378,0.00361742,0.00974727,0.0336607,0.754437,-0.013443
0.492428,0.920082,0.790413,0.12967,0.000739927,0.0036289,0.00976641,0.0337993,0.755961,-0.013483
0.49829,0.838377,0.792075,0.0463014,0.000742495,0.00364047,0.00978564,0.033939,0.757491,-0.0135229
0.504152,0.881632,0.793745,0.0878873,0.000745082,0.00365211,0.00980493,0.0340799,0.759026,-0.0135628
0.510015,0.871343,0.795422,0.0759217,0.000747688,0.00366384,0.00982431,0.0342219,0.760566,-0.0136025
0.515877,0.647446,0.797105,-0.149659,0.000750314,0.00367566,0.00984376,0.0343651,0.762113,-0.0136422
0.521739,0.753373,0.798796,-0.0454226,0.00075296,0.00368755,0.00986329,0.0345095,0.763664,-0.0136818
0.527601,0.95266,0.800494,0.152166,0.000755625,0.00369954,0.00988289,0.0346551,0.765222,-0.0137214
0.533464,0.846251,0.802199,0.0440527,0.000758311,0.0037116,0.00990257,0.0348019,0.766785,-0.0137608
0.539326,0.839632,0.803911,0.0357215,0.000761017,0.00372376,0.00992233,0.0349499,0.768354,-0.0138001
0.545188,0.794601,0.80563,-0.0110294,0.000763744,0.00373601,0.00994217,0.0350992,0.769928,-0.0138394
0.55105,0.793952,0.807357,-0.0134046,0.000766492,0.00374834,0.00996209,0.0352498,0.771509,-0.0138786
0.556913,0.948418,0.809091,0.139327,0.000769261,0.00376076,0.00998209,0.0354017,0.773095,-0.0139177
0.562775,0.863171,0.810832,0.0523389,0.000772052,0.00377328,0.0100022,0.0355548,0.774687,-0.0139567
0.568637,0.766899,0.812581,-0.0456822,0.000774864,0.00378589,0.0100223,0.0357093,0.776284,-0.0139957
0.574499,0.539921,0.814337,-0.274417,0.000777698,0.00379859,0.0100426,0.0358651,0.777888,-0.0140346
0.580362,0.715226,0.816101,-0.100875,0.000780554,0.00381139,0.0100629,0.0360222,0.779497,-0.0140733
0.586224,0.636059,0.817872,-0.181813,0.000783433,0.00382428,0.0100833,0.0361807,0.781113,-0.014112
0.592086,0.627193,0.819651,-0.192458,0.000786334,0.00383727,0.0101038,0.0363406,0.782734,-0.0141506
0.597948,0.875605,0.821438,0.0541674,0.000789259,0.00385036,0.0101244,0.0365019,0.784361,-0.0141892
0.60381,0.943124,0.823232,0.119892,0.000792207,0.00386355,0.010145,0.0366646,0.785994,-0.0142276
0.609673,0.714139,0.825034,-0.110896,0.000795178,0.00387683,0.0101657,0.0368288,0.787634,-0.014266
0.615535,0.910817,0.826844,0.083973,0.000798173,0.00389022,0.0101866,0.0369944,0.789279,-0.0143043
0.621397,0.933678,0.828662,0.105016,0.000801193,0.00390372,0.0102075,0.0371615,0.790931,-0.0143425
0.627259,0.823238,0.830488,-0.00725032,0.000804237,0.00391731,0.0102285,0.03733,0.792589,-0.0143806
0.633122,0.936183,0.832322,0.103861,0.000807306,0.00393101,0.0102495,0.0375002,0.794252,-0.0144186
0.638984,0.746119,0.834164,-0.0880445,0.0008104,0.00394482,0.0102707,0.0376718,0.795922,-0.0144566
0.644846,0.730662,0.836013,-0.105352,0.000813519,0.00395874,0.010292,0.037845,0.797599,-0.0144945
0.650708,0.704873,0.837872,-0.132998,0.000816664,0.00397277,0.0103133,0.0380198,0.799281,-0.0145323
0.656571,0.72974,0.839738,-0.109998,0.000819835,0.0039869,0.0103347,0.0381961,0.80097,-0.01457
0.662433,0.928355,0.841612,0.0867425,0.000823033,0.00400115,0.0103563,0.0383741,0.802665,-0.0146076
0.668295,0.778206,0.843495,-0.0652896,0.000826257,0.00401552,0.0103779,0.0385538,0.804367,-0.0146451
0.674157,0.751868,0.845387,-0.0935186,0.000829508,0.00403,0.0103996,0.0387351,0.806075,-0.0146826
0.68002,0.764327,0.847286,-0.0829594,0.000832787,0.00404459,0.0104213,0.0389181,0.80779,-0.01472
0.685882,0.878822,0.849195,0.0296277,0.000836094,0.0040593,0.0104432,0.0391028,0.80951,-0.0147573
0.691744,0.863451,0.851111,0.01234,0.000839428,0.00407414,0.0104652,0.0392893,0.811238,-0.0147945
0.697606,0.974844,0.853037,0.121807,0.000842792,0.00408909,0.0104873,0.0394775,0.812972,-0.0148316
0.703468,0.859484,0.854971,0.00451282,0.000846184,0.00410417,0.0105094,0.0396675,0.814712,-0.0148687
0.709331,0.771081,0.856914,-0.085833,0.000849605,0.00411937,0.0105317,0.0398593,0.81646,-0.0149057
0.715193,0.820827,0.858866,-0.038039,0.000853057,0.00413469,0.010554,0.0400529,0.818213,-0.0149425
0.721055,0.888529,0.860826,0.0277028,0.000856538,0.00415015,0.0105765,0.0402485,0.819974,-0.0149793
0.726917,0.817774,0.862796,-0.0450218,0.000860049,0.00416573,0.010599,0.0404459,0.821741,-0.0150161
0.73278,0.913166,0.864774,0.0483922,0.000863592,0.00418144,0.0106216,0.0406452,0.823515,-0.0150527
0.738642,1.08982,0.866762,0.223057,0.000867166,0.00419729,0.0106443,0.0408464,0.825296,-0.0150893
0.744504,0.915296,0.868759,0.0465372,0.000870771,0.00421327,0.0106672,0.0410497,0.827083,-0.0151257
0.750366,0.923906,0.870765,0.0531419,0.000874409,0.00422939,0.0106901,0.0412549,0.828878,-0.0151621
0.756229,1.05257,0.87278,0.17979,0.00087808,0.00424564,0.0107131,0.0414622,0.830679,-0.0151984
0.762091,0.901681,0.874804,0.0268761,0.000881783,0.00426204,0.0107362,0.0416716,0.832488,-0.0152347
0.767953,0.838723,0.876839,-0.038116,0.00088552,0.00427858,0.0107594,0.041883,0.834303,-0.0152708
0.773815,0.797642,0.878882,-0.0812399,0.000889291,0.00429526,0.0107828,0.0420965,0.836125,-0.0153069
0.779678,0.928962,0.880935,0.0480263,0.000893096,0.00431209,0.0108062,0.0423123,0.837954,-0.0153429
0.78554,0.980809,0.882998,0.0978113,0.000896937,0.00432906,0.0108297,0.0425302,0.839791,-0.0153788
0.791402,0.934461,0.885071,0.0493904,0.000900812,0.00434618,0.0108533,0.0427503,0.841634,-0.0154146
0.797264,0.940104,0.887153,0.0529511,0.000904724,0.00436346,0.010877,0.0429727,0.843485,-0.0154503
0.803127,1.06063,0.889245,0.171387,0.000908672,0.00438089,0.0109009,0.0431973,0.845343,-0.015486
0.808989,1.05938,0.891347,0.168033,0.000912657,0.00439848,0.0109248,0.0434243,0.847208,-0.0155215
0.814851,0.843938,0.893459,-0.0495215,0.00091668,0.00441622,0.0109488,0.0436537,0.849081,-0.015557
0.820713,0.913445,0.895582,0.0178633,0.00092074,0.00443413,0.010973,0.0438854,0.850961,-0.0155924
0.826575,0.946619,0.897714,0.0489053,0.00092484,0.0044522,0.0109972,0.0441196,0.852848,-0.0156277
0.832438,1.01661,0.899857,0.116752,0.000928978,0.00447043,0.0110216,0.0443563,0.854742,-0.015663
0.8383,0.949008,0.90201,0.0469983,0.000933156,0.00448884,0.0110461,0.0445954,0.856644,-0.0156981
0.844162,0.889882,0.904173,-0.0142911,0.000937375,0.00450741,0.0110706,0.0448372,0.858554,-0.0157332
0.850024,0.891432,0.906347,-0.0149155,0.000941634,0.00452615,0.0110953,0.0450815,0.860471,-0.0157682
0.855887,0.767413,0.908532,-0.141119,0.000945935,0.00454508,0.0111201,0.0453284,0.862396,-0.0158031
0.861749,0.89883,0.910727,-0.0118973,0.000950278,0.00456417,0.011145,0.045578,0.864328,-0.0158379
0.867611,0.885232,0.912934,-0.0277017,0.000954664,0.00458345,0.01117,0.0458304,0.866268,-0.0158727
0.873473,0.984032,0.915151,0.0688816,0.000959093,0.00460292,0.0111951,0.0460854,0.868215,-0.0159074
0.879336,0.872738,0.917379,-0.0446406,0.000963567,0.00462256,0.0112204,0.0463434,0.870171,-0.0159419
0.885198,0.897131,0.919618,-0.0224869,0.000968085,0.0046424,0.0112457,0.0466041,0.872134,-0.0159764
0.89106,0.854169,0.921868,-0.0676991,0.000972649,0.00466243,0.0112712,0.0468678,0.874105,-0.0160109
0.896922,0.834426,0.92413,-0.0897033,0.000977258,0.00468265,0.0112968,0.0471344,0.876084,-0.0160452
0.902785,0.998433,0.926402,0.0720308,0.000981915,0.00470307,0.0113225,0.047404,0.87807,-0.0160794
0.908647,0.938034,0.928687,0.00934768,0.000986619,0.0047237,0.0113483,0.0476766,0.880065,-0.0161136
0.914509,1.00816,0.930983,0.0771758,0.000991372,0.00474452,0.0113742,0.0479524,0.882068,-0.0161477
0.920371,0.881581,0.93329,-0.0517088,0.000996174,0.00476555,0.0114003,0.0482313,0.884079,-0.0161817
0.926234,0.96117,0.935609,0.0255605,0.00100103,0.0047868,0.0114264,0.0485134,0.886097,-0.0162156
0.932096,0.816208,0.937941,-0.121733,0.00100593,0.00480825,0.0114527,0.0487987,0.888124,-0.0162495
0.937958,0.889768,0.940284,-0.0505155,0.00101088,0.00482992,0.0114791,0.0490874,0.89016,-0.0162832
0.94382,0.911068,0.942639,-0.0315712,0.00101589,0.00485182,0.0115057,0.0493794,0.892203,-0.0163169
0.949682,1.02255,0.945006,0.0775404,0.00102095,0.00487393,0.0115323,0.0496749,0.894255,-0.0163505
0.955545,1.01916,0.947386,0.0717729,0.00102606,0.00489628,0.0115591,0.0499739,0.896315,-0.016384
0.961407,0.985878,0.949778,0.0360998,0.00103123,0.00491885,0.011586,0.0502764,0.898383,-0.0164174
0.967269,1.07408,0.952183,0.121899,0.00103645,0.00494166,0.011613,0.0505825,0.90046,-0.0164508
0.973131,1.04051,0.9546,0.0859128,0.00104173,0.00496471,0.0116402,0.0508923,0.902546,-0.0164841
0.978994,1.06513,0.957031,0.108095,0.00104707,0.004988,0.0116675,0.0512059,0.904639,-0.0165172
0.984856,1.09596,0.959474,0.136487,0.00105247,0.00501154,0.0116949,0.0515233,0.906742,-0.0165503
0.990718,1.02746,0.96193,0.065526,0.00105793,0.00503533,0.0117224,0.0518445,0.908853,-0.0165834
0.99658,0.98692,0.964399,0.0225212,0.00106344,0.00505938,0.0117501,0.0521697,0.910973,-0.0166163
1.00244,1.03561,0.966881,0.0687304,0.00106902,0.00508368,0.0117779,0.052499,0.913101,-0.0166491
1.0083,0.980992,0.969377,0.0116146,0.00107467,0.00510825,0.0118058,0.0528323,0.915238,-0.0166819
1.01417,1.043,0.971887,0.0711139,0.00108037,0.00513308,0.0118338,0.0531698,0.917384,-0.0167146
1.02003,1.13197,0.97441,0.157562,0.00108614,0.00515819,0.011862,0.0535115,0.919539,-0.0167472
1.02589,1.13622,0.976947,0.159277,0.00109198,0.00518358,0.0118903,0.0538576,0.921703,-0.0167797
1.03175,1.02146,0.979497,0.041964,0.00109788,0.00520925,0.0119188,0.0542081,0.923876,-0.0168122
1.03762,0.902699,0.982062,-0.0793637,0.00110386,0.0052352,0.0119474,0.0545631,0.926057,-0.0168445
1.04348,0.98595,0.984642,0.00130862,0.0011099,0.00526145,0.0119761,0.0549226,0.928248,-0.0168768
1.04934,1.00605,0.987235,0.0188119,0.00111601,0.005288,0.012005,0.0552869,0.930448,-0.016909
1.0552,1.13118,0.989843,0.141339,0.0011222,0.00531485,0.012034,0.0556559,0.932658,-0.0169411
1.06106,1.0287,0.992466,0.0362372,0.00112845,0.00534201,0.0120632,0.0560297,0.934876,-0.0169732
1.06693,1.01632,0.995104,0.0212117,0.00113479,0.00536948,0.0120924,0.0564085,0.937104,-0.0170051
1.07279,1.10436,0.997756,0.106607,0.0011412,0.00539727,0.0121219,0.0567923,0.939341,-0.017037
1.07865,1.0171,1.00042,0.0166751,0.00114768,0.00542539,0.0121514,0.0571813,0.941587,-0.0170688
1.08451,1.02306,1.00311,0.0199515,0.00115425,0.00545384,0.0121812,0.0575755,0.943843,-0.0171005
1.09038,1.20509,1.00581,0.199288,0.0011609,0.00548262,0.012211,0.0579751,0.946109,-0.0171321
1.09624,1.24022,1.00852,0.231697,0.00116762,0.00551175,0.012241,0.0583801,0.948384,-0.0171636
1.1021,1.17072,1.01125,0.159466,0.00117444,0.00554123,0.0122712,0.0587907,0.950668,-0.0171951
1.10796,1.11737,1.014,0.10337,0.00118133,0.00557107,0.0123015,0.059207,0.952963,-0.0172264
1.11383,0.985429,1.01676,-0.0313311,0.00118832,0.00560127,0.0123319,0.0596291,0.955267,-0.0172577
1.11969,1.0932,1.01954,0.073657,0.00119539,0.00563184,0.0123625,0.0600571,0.957581,-0.0172889
1.12555,1.07981,1.02233,0.057474,0.00120255,0.00566279,0.0123933,0.0604911,0.959904,-0.0173201
1.13141,1.09322,1.02515,0.0680722,0.0012098,0.00569413,0.0124242,0.0609313,0.962238,-0.0173511
1.13727,1.02881,1.02798,0.000839028,0.00121715,0.00572585,0.0124553,0.0613778,0.964582,-0.0173821
1.14314,1.05968,1.03082,0.0288561,0.00122459,0.00575798,0.0124865,0.0618307,0.966935,-0.0174129
1.149,1.05451,1.03369,0.0208267,0.00123213,0.00579052,0.0125179,0.0622902,0.969299,-0.0174437
1.15486,1.10253,1.03657,0.0659643,0.00123977,0.00582347,0.0125494,0.0627564,0.971673,-0.0174744
1.16072,1.22485,1.03947,0.185383,0.00124751,0.00585685,0.0125811,0.0632295,0.974057,-0.0175051
1.16659,1.16203,1.04238,0.119643,0.00125535,0.00589066,0.0126129,0.0637096,0.976452,-0.0175356
1.17245,0.952918,1.04532,-0.0924018,0.0012633,0.00592491,0.0126449,0.0641968,0.978856,-0.0175661
1.17831,0.9577,1.04827,-0.0905745,0.00127136,0.00595962,0.0126771,0.0646914,0.981271,-0.0175965
1.18417,0.902764,1.05125,-0.148483,0.00127952,0.00599478,0.0127094,0.0651934,0.983697,-0.0176268
1.19003,0.963601,1.05424,-0.0906387,0.0012878,0.00603042,0.0127419,0.0657031,0.986133,-0.017657
1.1959,1.11267,1.05725,0.0554207,0.00129619,0.00606653,0.0127746,0.0662206,0.98858,-0.0176871
1.20176,1.14443,1.06028,0.0841457,0.0013047,0.00610313,0.0128074,0.0667461,0.991037,-0.0177172
1.20762,1.06085,1.06333,-0.00248135,0.00131333,0.00614024,0.0128404,0.0672798,0.993506,-0.0177472
1.21348,1.12029,1.0664,0.053888,0.00132208,0.00617785,0.0128736,0.0678218,0.995984,-0.0177771
1.21935,1.04281,1.06949,-0.0266793,0.00133095,0.00621599,0.0129069,0.0683724,0.998474,-0.0178069
1.22521,0.958534,1.07261,-0.114071,0.00133996,0.00625466,0.0129404,0.0689318,1.00097,-0.0178366
1.23107,0.93677,1.07574,-0.138968,0.00134909,0.00629388,0.0129741,0.0695001,1.00349,-0.0178662
1.23693,0.984495,1.07889,-0.0943966,0.00135835,0.00633365,0.013008,0.0700777,1.00601,-0.0178958
1.24279,1.21801,1.08207,0.13594,0.00136775,0.00637399,0.013042,0.0706646,1.00854,-0.0179253
1.24866,1.02736,1.08526,-0.0579033,0.00137729,0.00641491,0.0130762,0.0712612,1.01109,-0.0179547
1.25452,1.21837,1.08848,0.129892,0.00138696,0.00645643,0.0131106,0.0718676,1.01364,-0.017984
1.26038,1.28594,1.09172,0.194214,0.00139679,0.00649856,0.0131452,0.0724841,1.01621,-0.0180132
1.26624,1.16469,1.09499,0.0697039,0.00140676,0.0065413,0.01318,0.073111,1.01879,-0.0180424
1.27211,1.14322,1.09828,0.0449456,0.00141688,0.00658469,0.0132149,0.0737485,1.02138,-0.0180714
1.27797,1.08534,1.10159,-0.0162432,0.00142716,0.00662872,0.01325,0.0743969,1.02398,-0.0181004
1.28383,1.12626,1.10492,0.0213409,0.0014376,0.00667343,0.0132853,0.0750565,1.0266,-0.0181293
1.28969,1.20584,1.10828,0.0975615,0.0014482,0.00671881,0.0133208,0.0757274,1.02922,-0.0181581
1.29555,1.17021,1.11166,0.0585503,0.00145896,0.00676489,0.0133565,0.0764102,1.03186,-0.0181869
1.30142,1.2559,1.11507,0.140829,0.0014699,0.00681169,0.0133924,0.0771049,1.03451,-0.0182155
1.30728,1.30198,1.11851,0.183477,0.00148101,0.00685922,0.0134284,0.077812,1.03717,-0.0182441
1.31314,1.2379,1.12197,0.115937,0.00149229,0.0069075,0.0134647,0.0785317,1.03984,-0.0182726
1.319,1.2195,1.12545,0.0940507,0.00150376,0.00695654,0.0135012,0.0792645,1.04253,-0.018301
1.32487,1.17938,1.12897,0.0504131,0.00151542,0.00700638,0.0135378,0.0800106,1.04522,-0.0183293
1.33073,1.20858,1.13251,0.076074,0.00152727,0.00705702,0.0135747,0.0807705,1.04793,-0.0183576
1.33659,1.08072,1.13607,-0.0553522,0.00153931,0.00710848,0.0136117,0.0815444,1.05066,-0.0183857
1.34245,1.18951,1.13967,0.0498371,0.00155156,0.0071608,0.013649,0.0823328,1.05339,-0.0184138
1.34831,1.20556,1.14329,0.0622616,0.00156401,0.00721398,0.0136864,0.083136,1.05614,-0.0184418
1.35418,1.11124,1.14695,-0.0357109,0.00157668,0.00726806,0.0137241,0.0839546,1.05889,-0.0184697
1.36004,1.37242,1.15063,0.221784,0.00158956,0.00732305,0.013762,0.0847889,1.06167,-0.0184976
1.3659,1.15591,1.15435,0.00156202,0.00160266,0.00737897,0.0138,0.0856393,1.06445,-0.0185253
1.37176,1.10332,1.15809,-0.0547726,0.001616,0.00743587,0.0138383,0.0865064,1.06725,-0.018553
1.37763,1.19934,1.16187,0.0374706,0.00162956,0.00749375,0.0138768,0.0873905,1.07006,-0.0185806
1.38349,1.0198,1.16568,-0.145871,0.00164337,0.00755264,0.0139155,0.0882923,1.07288,-0.0186081
1.38935,1.07764,1.16952,-0.0918739,0.00165743,0.00761258,0.0139545,0.0892122,1.07572,-0.0186355
1.39521,1.02783,1.17339,-0.145557,0.00167173,0.00767359,0.0139936,0.0901507,1.07856,-0.0186628
1.40107,1.06869,1.1773,-0.108614,0.0016863,0.0077357,0.014033,0.0911085,1.08143,-0.0186901
1.40694,1.163,1.18124,-0.0182422,0.00170114,0.00779894,0.0140725,0.0920861,1.0843,-0.0187173
1.4128,1.23704,1.18522,0.0518201,0.00171625,0.00786335,0.0141123,0.093084,1.08719,-0.0187444
1.41866,1.33667,1.18924,0.14743,0.00173165,0.00792895,0.0141524,0.094103,1.09009,-0.0187714
1.42452,1.34096,1.19329,0.147675,0.00174733,0.00799578,0.0141926,0.0951437,1.09301,-0.0187983
1.43039,1.38107,1.19738,0.183692,0.00176332,0.00806388,0.0142331,0.0962067,1.09594,-0.0188251
1.43625,1.33915,1.20151,0.137641,0.00177961,0.00813328,0.0142738,0.0972928,1.09888,-0.0188519
1.44211,1.22878,1.20568,0.0231074,0.00179622,0.00820401,0.0143148,0.0984027,1.10184,-0.0188786
1.44797,1.34932,1.20989,0.139437,0.00181316,0.00827613,0.014356,0.0995372,1.10481,-0.0189052
1.45383,1.23569,1.21414,0.0215532,0.00183043,0.00834967,0.0143974,0.100697,1.10779,-0.0189317
1.4597,1.19251,1.21843,-0.0259154,0.00184805,0.00842468,0.014439,0.101883,1.11079,-0.0189581
1.46556,1.38662,1.22276,0.163853,0.00186602,0.00850119,0.0144809,0.103096,1.1138,-0.0189845
1.47142,1.37724,1.22714,0.150093,0.00188436,0.00857926,0.0145231,0.104337,1.11683,-0.0190108
1.47728,1.32327,1.23157,0.0916947,0.00190308,0.00865893,0.0145654,0.105607,1.11987,-0.0190369
1.48315,1.36086,1.23604,0.124812,0.00192218,0.00874026,0.0146081,0.106908,1.12293,-0.019063
1.48901,1.38725,1.24056,0.14669,0.00194169,0.00882329,0.014651,0.108239,1.126,-0.0190891
1.49487,1.18477,1.24513,-0.0603666,0.00196161,0.00890809,0.0146941,0.109602,1.12908,-0.019115
1.50073,1.24801,1.24975,-0.00174587,0.00198196,0.0089947,0.0147375,0.110998,1.13218,-0.0191409
1.5066,1.16676,1.25443,-0.0876682,0.00200275,0.00908319,0.0147811,0.112429,1.1353,-0.0191666
1.51246,1.26955,1.25915,0.0103978,0.002024,0.00917363,0.014825,0.113895,1.13843,-0.0191923
1.51832,1.22806,1.26393,-0.0358748,0.00204571,0.00926606,0.0148691,0.115398,1.14157,-0.0192179
1.52418,1.41225,1.26877,0.143478,0.00206791,0.00936057,0.0149136,0.11694,1.14473,-0.0192435
1.53004,1.39079,1.27367,0.11712,0.00209062,0.00945722,0.0149582,0.118521,1.14791,-0.0192689
1.53591,1.26094,1.27862,-0.0176832,0.00211384,0.00955609,0.0150032,0.120144,1.1511,-0.0192943
1.54177,1.30096,1.28364,0.0173233,0.0021376,0.00965725,0.0150484,0.121809,1.1543,-0.0193196
1.54763,1.20272,1.28872,-0.0859942,0.00216192,0.00976079,0.0150939,0.123519,1.15752,-0.0193448
1.55349,1.29602,1.29386,0.00216259,0.00218681,0.00986678,0.0151396,0.125275,1.16076,-0.0193699
1.55936,1.3758,1.29907,0.0767259,0.00221229,0.00997533,0.0151857,0.127079,1.16401,-0.0193949
1.56522,1.37623,1.30435,0.0718778,0.00223839,0.0100865,0.015232,0.128934,1.16728,-0.0194199
1.57108,1.17098,1.30971,-0.138727,0.00226513,0.0102004,0.0152786,0.13084,1.17057,-0.0194447
1.57694,1.265,1.31513,-0.0501358,0.00229253,0.0103172,0.0153255,0.1328,1.17387,-0.0194695
1.5828,1.37734,1.32064,0.0567036,0.00232062,0.0104369,0.0153726,0.134817,1.17718,-0.0194942
1.58867,1.39546,1.32622,0.0692436,0.00234942,0.0105597,0.0154201,0.136893,1.18052,-0.0195189
1.59453,1.48603,1.33189,0.154141,0.00237896,0.0106856,0.0154678,0.13903,1.18387,-0.0195434
1.60039,1.28405,1.33764,-0.0535889,0.00240926,0.0108149,0.0155159,0.141231,1.18723,-0.0195679
1.60625,1.3998,1.34347,0.0563266,0.00244036,0.0109476,0.0155642,0.143499,1.19062,-0.0195922
1.61212,1.32654,1.3494,-0.0228683,0.00247228,0.0110839,0.0156129,0.145837,1.19401,-0.0196165
1.61798,1.38923,1.35543,0.0338015,0.00250507,0.0112238,0.0156618,0.148248,1.19743,-0.0196407
1.62384,1.4322,1.36155,0.0706517,0.00253875,0.0113677,0.0157111,0.150735,1.20086,-0.0196649
1.6297,1.47607,1.36778,0.108295,0.00257336,0.0115156,0.0157606,0.153301,1.20431,-0.0196889
1.63556,1.37298,1.37411,-0.00112999,0.00260894,0.0116676,0.0158105,0.155952,1.20778,-0.0197129
1.64143,1.41898,1.38055,0.0384301,0.00264553,0.0118241,0.0158607,0.158689,1.21127,-0.0197368
1.64729,1.30814,1.38711,-0.0789625,0.00268317,0.0119851,0.0159112,0.161519,1.21477,-0.0197606
1.65315,1.25623,1.39378,-0.137554,0.0027219,0.0121509,0.015962,0.164445,1.21829,-0.0197843
1.65901,1.43263,1.40059,0.0320385,0.00276178,0.0123217,0.0160131,0.167472,1.22183,-0.0198079
1.66488,1.43203,1.40752,0.0245049,0.00280285,0.0124977,0.0160646,0.170605,1.22538,-0.0198315
1.67074,1.28737,1.41459,-0.127216,0.00284517,0.0126791,0.0161164,0.173849,1.22896,-0.0198549
1.6766,1.32207,1.4218,-0.099739,0.00288878,0.0128662,0.0161685,0.177212,1.23255,-0.0198783
1.68246,1.42022,1.42917,-0.00894854,0.00293376,0.0130593,0.016221,0.180697,1.23616,-0.0199016
1.68832,1.60112,1.43669,0.164433,0.00298017,0.0132586,0.0162738,0.184313,1.23979,-0.0199249
1.69419,1.61182,1.44437,0.167448,0.00302806,0.0134645,0.0163269,0.188066,1.24343,-0.019948
1.70005,1.5967,1.45223,0.144475,0.00307751,0.0136773,0.0163804,0.191965,1.2471,-0.0199711
1.70591,1.35113,1.46026,-0.109135,0.0031286,0.0138972,0.0164343,0.196016,1.25078,-0.019994
1.71177,1.44385,1.46849,-0.024644,0.00318141,0.0141248,0.0164885,0.20023,1.25448,-0.0200169
1.71764,1.53199,1.47692,0.055068,0.00323601,0.0143603,0.016543,0.204614,1.2582,-0.0200397
1.7235,1.55618,1.48556,0.070617,0.00329251,0.0146042,0.0165979,0.209181,1.26195,-0.0200625
1.72936,1.57138,1.49442,0.0769552,0.00335099,0.0148569,0.0166532,0.21394,1.26571,-0.0200851
1.73522,1.52001,1.50352,0.016491,0.00341157,0.0151189,0.0167088,0.218903,1.26949,-0.0201077
1.74108,1.7006,1.51287,0.187728,0.00347434,0.0153907,0.0167648,0.224083,1.27328,-0.0201302
1.74695,1.73423,1.52248,0.211749,0.00353944,0.0156729,0.0168212,0.229494,1.2771,-0.0201526
1.75281,1.60107,1.53237,0.0687014,0.00360698,0.015966,0.016878,0.235152,1.28094,-0.0201749
1.75867,1.4833,1.54256,-0.0592587,0.0036771,0.0162707,0.0169351,0.241071,1.2848,-0.0201971
1.76453,1.74409,1.55306,0.191033,0.00374994,0.0165876,0.0169926,0.247271,1.28868,-0.0202193
1.7704,1.58086,1.5639,0.0169643,0.00382566,0.0169175,0.0170505,0.253769,1.29258,-0.0202413
1.77626,1.70601,1.5751,0.13091,0.00390443,0.0172612,0.0171089,0.260588,1.2965,-0.0202633
1.78212,1.81903,1.58668,0.232351,0.00398642,0.0176195,0.0171676,0.26775,1.30044,-0.0202852
1.78798,1.58868,1.59866,-0.00998325,0.00407183,0.0179932,0.0172267,0.275281,1.3044,-0.0203071
1.79384,1.6453,1.61109,0.0342162,0.00416088,0.0183836,0.0172862,0.283207,1.30838,-0.0203288
1.79971,1.60978,1.62398,-0.0141981,0.00425377,0.0187915,0.0173461,0.291559,1.31238,-0.0203505
1.80557,1.69004,1.63738,0.0526604,0.00435077,0.0192181,0.0174064,0.300371,1.31641,-0.020372
1.81143,1.70457,1.65132,0.053249,0.00445213,0.0196649,0.0174672,0.309678,1.32045,-0.0203935
1.81729,1.87328,1.66584,0.207434,0.00455815,0.020133,0.0175283,0.319522,1.32452,-0.020415
1.82316,1.80438,1.681,0.123383,0.00466913,0.0206241,0.0175899,0.329948,1.3286,-0.0204363
1.82902,1.73678,1.69684,0.0399364,0.00478541,0.0211397,0.017652,0.341004,1.33271,-0.0204575
1.83488,1.83534,1.71342,0.121918,0.00490736,0.0216818,0.0177144,0.352748,1.33685,-0.0204787
1.84074,1.74273,1.73081,0.0119245,0.0050354,0.0222522,0.0177773,0.36524,1.341,-0.0204998
1.8466,1.71772,1.74907,-0.0313468,0.00516996,0.0228532,0.0178407,0.378551,1.34518,-0.0205208
1.85247,1.97083,1.76829,0.202536,0.00531152,0.0234872,0.0179045,0.392756,1.34938,-0.0205417
1.85833,1.76789,1.78857,-0.0206805,0.00546062,0.0241567,0.0179687,0.407945,1.3536,-0.0205625
1.86419,1.75231,1.80999,-0.0576823,0.00561785,0.0248648,0.0180334,0.424215,1.35784,-0.0205833
1.87005,1.81288,1.83268,-0.0198032,0.00578385,0.0256147,0.0180986,0.441678,1.36211,-0.020604
1.87592,1.74133,1.85677,-0.115438,0.00595932,0.02641,0.0181642,0.460462,1.3664,-0.0206246
1.88178,1.63575,1.88241,-0.246661,0.00614507,0.0272547,0.0182303,0.480709,1.37071,-0.0206451
1.88764,1.92323,1.90976,0.0134632,0.00634197,0.0281533,0.0182969,0.502587,1.37505,-0.0206655
1.8935,1.85242,1.93903,-0.0866111,0.00655098,0.0291109,0.018364,0.526284,1.37941,-0.0206858
1.89936,1.87422,1.97045,-0.0962251,0.0067732,0.030133,0.0184316,0.552021,1.38379,-0.0207061
1.90523,1.91816,2.00426,-0.0861027,0.00700984,0.031226,0.0184996,0.580051,1.3882,-0.0207263
1.91109,1.89621,2.04079,-0.144577,0.00726225,0.0323971,0.0185682,0.610671,1.39264,-0.0207464
1.91695,1.90567,2.08038,-0.17471,0.00753197,0.0336544,0.0186372,0.644226,1.39709,-0.0207664
1.92281,2.05332,2.12345,-0.070134,0.00782073,0.0350072,0.0187068,0.681126,1.40158,-0.0207863
1.92868,2.34048,2.1705,0.169978,0.00813046,0.036466,0.0187769,0.721852,1.40608,-0.0208062
1.93454,2.30048,2.22212,0.0783557,0.0084634,0.0380429,0.0188475,0.766981,1.41061,-0.0208259
1.9404,2.32507,2.27902,0.0460514,0.00882205,0.0397519,0.0189186,0.817201,1.41517,-0.0208456
1.94626,2.157,2.34204,-0.185047,0.0092093,0.0416089,0.0189903,0.873347,1.41975,-0.0208652
1.95213,2.29172,2.41223,-0.120511,0.00962846,0.0436328,0.0190625,0.936433,1.42436,-0.0208847
1.95799,2.27066,2.49086,-0.2202,0.0100833,0.0458451,0.0191353,1.0077,1.42899,-0.0209042
1.96385,2.5062,2.57949,-0.0732906,0.0105784,0.0482716,0.0192086,1.0887,1.43365,-0.0209235
1.96971,2.54425,2.6801,-0.135851,0.0111187,0.0509422,0.0192825,1.18136,1.43834,-0.0209428
1.97557,2.6529,2.79518,-0.142277,0.0117103,0.0538927,0.0193569,1.28813,1.44305,-0.020962
1.98144,2.75629,2.92789,-0.1716,0.0123602,0.0571657,0.0194319,1.41212,1.44779,-0.0209811
1.9873,2.83663,3.08236,-0.245736,0.0130769,0.0608125,0.0195075,1.55741,1.45255,-0.0210001
1.99316,2.88491,3.26401,-0.3791,0.0138702,0.0648951,0.0195837,1.72934,1.45735,-0.0210191
1.99902,3.23521,3.48009,-0.24488,0.014752,0.0694892,0.0196604,1.93506,1.46216,-0.0210379
2.00489,3.31653,3.74045,-0.423916,0.0157367,0.0746881,0.0197378,2.18433,1.46701,-0.0210567
2.01075,3.5606,4.05881,-0.49821,0.0168416,0.0806078,0.0198157,2.49074,1.47189,-0.0210754
2.01661,3.96801,4.45468,-0.486678,0.0180882,0.0873936,0.0198943,2.87361,1.47679,-0.021094
2.02247,4.36941,4.95659,-0.587179,0.0195027,0.0952306,0.0199735,3.36128,1.48172,-0.0211126
2.02833,4.99681,5.60755,-0.61074,0.0211183,0.104356,0.0200533,3.99647,1.48668,-0.021131
2.0342,5.81217,6.47473,-0.662559,0.0229764,0.115081,0.0201337,4.84603,1.49166,-0.0211494
2.04006,6.75443,7.66759,-0.913158,0.02513,0.127814,0.0202148,6.01892,1.49668,-0.0211677
2.04592,8.14716,9.37324,-1.22608,0.0276479,0.143108,0.0202966,7.70165,1.50172,-0.0211859
2.05178,10.274,11.93,-1.65604,0.0306202,0.161719,0.020379,10.2317,1.5068,-0.021204
2.05765,13.9867,15.9888,-2.00209,0.0341668,0.184711,0.020462,14.2588,1.5119,-0.021222
2.06351,20.7643,22.8772,-2.11293,0.0384508,0.213609,0.0205458,21.1088,1.51703,-0.02124
2.06937,34.9494,35.3322,-0.382802,0.0436978,0.250666,0.0206302,33.5163,1.5222,-0.0212579
2.07523,59.4527,57.6275,1.8252,0.0502275,0.299321,0.0207153,55.7511,1.52739,-0.0212757
2.08109,85.6799,84.3444,1.33551,0.0585047,0.365024,0.0208011,82.3888,1.53261,-0.0212934
2.08696,79.7243,79.2685,0.455769,0.0692254,0.456791,0.0208876,77.2051,1.53787,-0.021311
2.09282,50.0896,49.9374,0.152193,0.0834688,0.590321,0.0209748,47.7208,1.54315,-0.0213285
2.09868,28.0865,29.6288,-1.54236,0.102976,0.794586,0.0210627,27.1831,1.54847,-0.021346
2.10454,16.7297,19.1586,-2.42892,0.130692,1.1265,0.0211514,16.3478,1.55381,-0.0213634
2.11041,11.4036,13.9704,-2.56685,0.171872,1.70372,0.0212408,10.5358,1.55919,-0.0213807
2.11627,9.83914,11.7599,-1.92073,0.236484,2.76148,0.021331,7.19738,1.5646,-0.0213979
2.12213,10.5097,11.6144,-1.1047,0.344627,4.55264,0.0214219,5.14704,1.57005,-0.021415
2.12799,12.0706,11.9326,0.138021,0.538066,6.0042,0.0215136,3.81471,1.57552,-0.0214321
2.13385,11.8639,10.1311,1.73282,0.891146,4.75064,0.0216061,2.90808,1.58103,-0.0214491
2.13972,9.04594,8.02535,1.02059,1.39269,2.77844,0.0216994,2.26742,1.58657,-0.0214659
2.14558,6.26511,6.47847,-0.213367,1.48316,1.60247,0.0217934,1.80039,1.59215,-0.0214827
2.15144,4.45513,5.01493,-0.5598,0.978659,0.987144,0.0218883,1.45099,1.59775,-0.0214995
2.1573,3.60948,3.99487,-0.385393,0.557041,0.650176,0.021984,1.18379,1.6034,-0.0215161
2.16317,3.12103,3.36716,-0.246134,0.329736,0.452197,0.0220805,0.975607,1.60907,-0.0215327
2.16903,2.64359,2.96373,-0.320142,0.209331,0.328217,0.0221779,0.810771,1.61478,-0.0215491
2.17489,2.42158,2.68734,-0.265755,0.14132,0.24636,0.0222761,0.678418,1.62053,-0.0215655
2.18075,2.31316,2.48804,-0.174871,0.100166,0.189929,0.0223751,0.57084,1.62631,-0.0215818
2.18661,2.01817,2.33883,-0.320655,0.0737506,0.149626,0.0224751,0.48245,1.63212,-0.0215981
2.19248,2.00851,2.224,-0.21549,0.0559544,0.119986,0.0225759,0.409128,1.63797,-0.0216142
2.19834,2.15036,2.13382,0.0165427,0.043482,0.0976467,0.0226777,0.347784,1.64386,-0.0216303
2.2042,2.21289,2.06189,0.151,0.0344518,0.0804568,0.0227803,0.296069,1.64978,-0.0216463
2.21006,1.98551,2.00386,-0.0183503,0.0277346,0.0669922,0.0228839,0.252169,1.65574,-0.0216622
2.21593,2.08037,1.95663,0.123744,0.0226227,0.0562827,0.0229884,0.214673,1.66174,-0.021678
2.22179,1.86632,1.91794,-0.0516203,0.0186565,0.0476502,0.0230938,0.182465,1.66777,-0.0216937
2.22765,1.76064,1.88613,-0.125491,0.0155275,0.0406101,0.0232002,0.154658,1.67384,-0.0217094
2.23351,1.58126,1.8599,-0.278642,0.0130232,0.0348089,0.0233076,0.130538,1.67995,-0.0217249
2.23937,1.82311,1.83828,-0.0151657,0.0109933,0.0299848,0.0234159,0.109529,1.68609,-0.0217404
2.24524,1.76149,1.82047,-0.0589874,0.00932973,0.0259402,0.0235253,0.091157,1.69228,-0.0217558
2.2511,1.9963,1.80588,0.190418,0.00795287,0.0225243,0.0236357,0.0750346,1.6985,-0.0217711
2.25696,1.87094,1.79399,0.0769566,0.0068033,0.0196204,0.0237471,0.0608403,1.70476,-0.0217864
2.26282,1.81664,1.7844,0.0322341,0.00583598,0.017137,0.0238595,0.0483064,1.71107,-0.0218015
2.26869,1.608,1.77679,-0.168792,0.00501627,0.0150019,0.023973,0.0372085,1.71741,-0.0218166
2.27455,1.8596,1.77088,0.088726,0.00431725,0.0131573,0.0240876,0.0273576,1.72379,-0.0218316
2.28041,1.7569,1.76643,-0.00953231,0.00371773,0.0115567,0.0242032,0.0185937,1.73021,-0.0218465
2.28627,1.74552,1.76327,-0.0177546,0.00320085,0.0101621,0.02432,0.0107808,1.73667,-0.0218614
2.29213,1.54773,1.76124,-0.213506,0.00275313,0.00894271,0.0244378,0.00380244,1.74318,-0.0218761
2.298,1.78848,1.76018,0.0282971,0.00236364,0.00787297,0.0245568,-0.00244099,1.74972,-0.0218908
2.30386,1.86834,1.76,0.108339,0.00202348,0.00693171,0.024677,-0.00803546,1.75631,-0.0219053
2.30972,1.74224,1.76059,-0.0183433,0.00172533,0.00610126,0.0247983,-0.0130553,1.76294,-0.0219198
2.31558,1.77349,1.76186,0.0116312,0.00146316,0.00536679,0.0249208,-0.0175649,1.76961,-0.0219343
2.32145,1.81417,1.76375,0.0504219,0.00123193,0.00471579,0.0250445,-0.0216204,1.77632,-0.0219486
2.32731,1.88378,1.76618,0.1176,0.00102744,0.00413765,0.0251694,-0.0252709,1.78308,-0.0219629
2.33317,1.82602,1.76911,0.0569076,0.000846151,0.00362333,0.0252955,-0.0285591,1.78988,-0.021977
2.33903,1.96653,1.77249,0.19404,0.000685065,0.00316509,0.0254229,-0.0315229,1.79673,-0.0219911
2.34489,1.82489,1.77627,0.048617,0.000541641,0.00275631,0.0255515,-0.0341955,1.80362,-0.0220051
2.35076,1.75153,1.78042,-0.028884,0.000413709,0.00239123,0.0256815,-0.036606,1.81056,-0.022019
2.35662,1.74687,1.7849,-0.0380323,0.000299408,0.00206492,0.0258128,-0.0387806,1.81754,-0.0220329
2.36248,1.55209,1.78969,-0.237597,0.000197136,0.00177305,0.0259453,-0.0407422,1.82456,-0.0220466
2.36834,1.66309,1.79476,-0.131669,0.000105511,0.00151189,0.0260793,-0.0425113,1.83164,-0.0220603
2.37421,1.87388,1.80009,0.0737899,2.3334e-05,0.00127814,0.0262146,-0.0441062,1.83876,-0.0220739
2.38007,1.87091,1.80566,0.0652476,-5.04388e-05,0.00106894,0.0263513,-0.0455431,1.84592,-0.0220874
2.38593,1.77135,1.81145,-0.0401034,-0.000116717,0.000881756,0.0264894,-0.0468366,1.85314,-0.0221009
2.39179,1.85776,1.81745,0.0403071,-0.000176298,0.00071436,0.0266289,-0.0479999,1.8604,-0.0221142
2.39766,1.66266,1.82364,-0.160985,-0.00022988,0.000564782,0.0267699,-0.0490446,1.86771,-0.0221275
2.40352,1.77451,1.83001,-0.0554956,-0.000278079,0.000431281,0.0269124,-0.0499813,1.87507,-0.0221406
2.40938,1.8904,1.83655,0.053853,-0.000321437,0.000312307,0.0270563,-0.0508195,1.88247,-0.0221537
2.41524,1.94684,1.84325,0.103592,-0.000360437,0.000206483,0.0272018,-0.0515679,1.88993,-0.0221668
2.4211,1.82853,1.85009,-0.0215619,-0.000395502,0.000112581,0.0273489,-0.0522341,1.89744,-0.0221797
2.42697,1.95933,1.85708,0.10225,-0.000427014,2.95024e-05,0.0274975,-0.0528252,1.905,-0.0221926
2.43283,2.09523,1.8642,0.23103,-0.000455307,-4.37341e-05,0.0276477,-0.0533476,1.91261,-0.0222053
2.43869,1.92239,1.87145,0.050936,-0.000480685,-0.00010801,0.0277995,-0.053807,1.92027,-0.022218
2.44455,1.98746,1.87883,0.108636,-0.000503416,-0.000164116,0.027953,-0.0542087,1.92798,-0.0222306
2.45042,1.79331,1.88632,-0.0930117,-0.000523741,-0.000212764,0.0281081,-0.0545575,1.93575,-0.0222431
2.45628,1.70212,1.89392,-0.191802,-0.000541876,-0.000254597,0.028265,-0.0548578,1.94357,-0.0222556
2.46214,1.9261,1.90163,0.0244629,-0.000558018,-0.000290193,0.0284236,-0.0551134,1.95144,-0.022268
2.468,1.94474,1.90945,0.0352874,-0.00057234,-0.000320077,0.0285839,-0.0553281,1.95936,-0.0222802
2.47386,1.97112,1.91736,0.0537535,-0.000585002,-0.000344721,0.0287461,-0.0555051,1.96735,-0.0222924
2.47973,1.91023,1.92538,-0.0151439,-0.000596145,-0.000364556,0.02891,-0.0556475,1.97538,-0.0223045
2.48559,1.92551,1.93349,-0.00797726,-0.000605901,-0.000379971,0.0290758,-0.0557581,1.98347,-0.0223166
2.49145,2.04147,1.94169,0.0997838,-0.000614385,-0.000391322,0.0292435,-0.0558394,1.99162,-0.0223285
2.49731,2.16887,1.94998,0.218891,-0.000621704,-0.000398929,0.0294131,-0.0558938,1.99982,-0.0223404
2.50318,2.02861,1.95836,0.070247,-0.000627954,-0.000403087,0.0295846,-0.0559233,2.00808,-0.0223522
2.50904,1.85586,1.96683,-0.110973,-0.000633224,-0.000404063,0.0297581,-0.05593,2.0164,-0.0223639
2.5149,2.08931,1.97538,0.113931,-0.000637594,-0.000402102,0.0299336,-0.0559157,2.02478,-0.0223755
2.52076,2.10151,1.98402,0.117489,-0.000641136,-0.000397427,0.0301112,-0.0558821,2.03322,-0.022387
2.52662,2.11904,1.99274,0.126298,-0.000643918,-0.00039024,0.0302908,-0.0558306,2.04171,-0.0223985
2.53249,2.08295,2.00154,0.0814131,-0.000645999,-0.00038073,0.0304726,-0.0557628,2.05027,-0.0224098
2.53835,2.28283,2.01042,0.272406,-0.000647436,-0.000369068,0.0306565,-0.0556799,2.05888,-0.0224211
2.54421,2.13477,2.01938,0.115385,-0.00064828,-0.000355409,0.0308426,-0.0555831,2.06756,-0.0224323
2.55007,2.1387,2.02842,0.110276,-0.000648577,-0.000339897,0.0310309,-0.0554736,2.0763,-0.0224435
2.55594,1.9205,2.03754,-0.117043,-0.00064837,-0.000322665,0.0312215,-0.0553523,2.0851,-0.0224545
2.5618,1.98322,2.04674,-0.0635244,-0.000647698,-0.000303833,0.0314144,-0.0552203,2.09396,-0.0224655
2.56766,1.99838,2.05602,-0.0576354,-0.000646598,-0.000283513,0.0316097,-0.0550785,2.10289,-0.0224764
2.57352,2.07231,2.06537,0.00694145,-0.000645103,-0.000261807,0.0318073,-0.0549275,2.11188,-0.0224871
2.57938,2.1373,2.0748,0.0624996,-0.000643243,-0.000238809,0.0320074,-0.0547683,2.12094,-0.0224979
2.58525,2.05883,2.08431,-0.0254809,-0.000641046,-0.000214605,0.03221,-0.0546015,2.13006,-0.0225085
2.59111,2.27884,2.09389,0.18495,-0.000638539,-0.000189276,0.0324151,-0.0544277,2.13925,-0.022519
2.59697,2.08486,2.10356,-0.0187004,-0.000635746,-0.000162894,0.0326228,-0.0542475,2.14851,-0.0225295
2.60283,2.09227,2.11329,-0.0210245,-0.000632687,-0.000135527,0.0328331,-0.0540616,2.15783,-0.0225399
2.6087,2.16722,2.12311,0.0441041,-0.000629385,-0.000107238,0.0330461,-0.0538704,2.16722,-0.0225502
2.61456,2.0546,2.13301,-0.0784102,-0.000625857,-7.80824e-05,0.0332618,-0.0536745,2.17668,-0.0225604
2.62042,2.20175,2.14298,0.05877,-0.000622121,-4.81146e-05,0.0334802,-0.0534742,2.18621,-0.0225706
2.62628,2.25897,2.15303,0.105939,-0.000618193,-1.73825e-05,0.0337015,-0.05327,2.19581,-0.0225806
2.63214,2.19501,2.16316,0.0318497,-0.000614088,1.4069e-05,0.0339257,-0.0530622,2.20548,-0.0225906
2.63801,2.39318,2.17336,0.219819,-0.000609819,4.61989e-05,0.0341528,-0.0528513,2.21523,-0.0226005
2.64387,2.28552,2.18365,0.101869,-0.0006054,7.89691e-05,0.0343829,-0.0526375,2.22504,-0.0226103
2.64973,2.27959,2.19402,0.0855764,-0.000600842,0.000112345,0.0346161,-0.0524213,2.23493,-0.02262
2.65559,2.16673,2.20446,-0.0377323,-0.000596156,0.000146294,0.0348524,-0.0522027,2.24489,-0.0226297
2.66146,2.07215,2.21499,-0.142835,-0.000591353,0.000180788,0.0350919,-0.0519823,2.25493,-0.0226392
2.66732,2.15087,2.2256,-0.0747217,-0.000586441,0.000215799,0.0353345,-0.0517601,2.26504,-0.0226487
2.67318,2.2116,2.23629,-0.0246871,-0.00058143,0.000251302,0.0355805,-0.0515364,2.27523,-0.0226581
2.67904,2.22465,2.24706,-0.0224037,-0.000576327,0.000287275,0.0358299,-0.0513114,2.2855,-0.0226674
2.6849,2.35309,2.25791,0.0951808,-0.00057114,0.000323697,0.0360827,-0.0510854,2.29584,-0.0226766
2.69077,2.09819,2.26885,-0.170663,-0.000565876,0.00036055,0.036339,-0.0508585,2.30626,-0.0226858
2.69663,2.14905,2.27987,-0.130818,-0.000560541,0.000397815,0.0365989,-0.0506309,2.31676,-0.0226949
2.70249,2.10608,2.29098,-0.184906,-0.000555141,0.000435478,0.0368625,-0.0504027,2.32734,-0.0227038
2.70835,2.40348,2.30217,0.101306,-0.000549683,0.000473524,0.0371298,-0.0501742,2.33801,-0.0227127
2.71422,2.31866,2.31345,0.0052076,-0.00054417,0.00051194,0.0374009,-0.0499454,2.34875,-0.0227216
2.72008,2.30603,2.32482,-0.0187882,-0.000538608,0.000550716,0.0376759,-0.0497165,2.35958,-0.0227303
2.72594,2.25431,2.33628,-0.0819701,-0.000533001,0.000589841,0.0379548,-0.0494876,2.37049,-0.022739
2.7318,2.43797,2.34782,0.0901421,-0.000527354,0.000629305,0.0382379,-0.0492587,2.38149,-0.0227475
2.73766,2.37611,2.35946,0.0166516,-0.00052167,0.000669101,0.038525,-0.0490302,2.39257,-0.022756
2.74353,2.42632,2.37118,0.0551388,-0.000515952,0.000709221,0.0388164,-0.0488019,2.40374,-0.0227644
2.74939,2.23432,2.383,-0.14868,-0.000510204,0.000749661,0.0391122,-0.048574,2.415,-0.0227728
2.75525,2.49115,2.39491,0.0962356,-0.00050443,0.000790413,0.0394123,-0.0483466,2.42634,-0.022781
2.76111,2.50255,2.40692,0.0956316,-0.000498631,0.000831475,0.039717,-0.0481198,2.43777,-0.0227892
2.76698,2.5295,2.41901,0.110485,-0.00049281,0.000872842,0.0400263,-0.0478936,2.4493,-0.0227972
2.77284,2.61154,2.43121,0.180334,-0.00048697,0.000914512,0.0403404,-0.0476681,2.46091,-0.0228052
2.7787,2.50834,2.4435,0.0648357,-0.000481113,0.000956483,0.0406592,-0.0474433,2.47262,-0.0228132
2.78456,2.4886,2.45589,0.0327071,-0.000475241,0.000998753,0.0409831,-0.0472194,2.48442,-0.022821
2.79043,2.57599,2.46838,0.107614,-0.000469355,0.00104132,0.0413119,-0.0469964,2.49632,-0.0228287
2.79629,2.58327,2.48096,0.102309,-0.000463459,0.00108419,0.041646,-0.0467742,2.50831,-0.0228364
2.80215,2.53027,2.49365,0.0366151,-0.000457552,0.00112736,0.0419853,-0.0465531,2.52039,-0.022844
2.80801,2.55097,2.50644,0.044527,-0.000451637,0.00117082,0.0423301,-0.0463329,2.53258,-0.0228515
2.81387,2.51389,2.51934,-0.00544408,-0.000445715,0.00121459,0.0426804,-0.0461138,2.54486,-0.0228589
2.81974,2.62837,2.53234,0.0960354,-0.000439787,0.00125866,0.0430364,-0.0458957,2.55724,-0.0228663
2.8256,2.69286,2.54544,0.147415,-0.000433855,0.00130304,0.0433983,-0.0456788,2.56973,-0.0228735
2.83146,2.63281,2.55865,0.0741588,-0.000427919,0.00134773,0.043766,-0.045463,2.58231,-0.0228807
2.83732,2.80316,2.57197,0.231186,-0.000421979,0.00139274,0.0441399,-0.0452483,2.595,-0.0228878
2.84319,2.53729,2.5854,-0.0481117,-0.000416038,0.00143806,0.0445201,-0.0450349,2.60779,-0.0228948
2.84905,2.59172,2.59894,-0.00722252,-0.000410096,0.0014837,0.0449066,-0.0448226,2.62069,-0.0229017
2.85491,2.80345,2.6126,0.190854,-0.000404153,0.00152968,0.0452997,-0.0446116,2.63369,-0.0229086
2.86077,2.67288,2.62636,0.0465157,-0.000398211,0.00157598,0.0456996,-0.0444018,2.6468,-0.0229153
2.86663,2.53084,2.64024,-0.109404,-0.000392268,0.00162263,0.0461063,-0.0441933,2.66002,-0.022922
2.8725,2.78435,2.65424,0.130106,-0.000386327,0.00166962,0.0465201,-0.043986,2.67335,-0.0229286
2.87836,2.78912,2.66836,0.120757,-0.000380387,0.00171696,0.0469412,-0.04378,2.6868,-0.0229351
2.88422,2.63427,2.68259,-0.0483216,-0.000374449,0.00176466,0.0473698,-0.0435754,2.70035,-0.0229416
2.89008,2.78613,2.69695,0.089178,-0.000368513,0.00181273,0.047806,-0.043372,2.71402,-0.0229479
2.89595,2.67003,2.71143,-0.0413998,-0.000362579,0.00186118,0.04825,-0.0431699,2.7278,-0.0229542
2.90181,2.6151,2.72603,-0.110926,-0.000356648,0.00191001,0.0487021,-0.0429692,2.7417,-0.0229604
2.90767,2.72256,2.74076,-0.0181951,-0.000350719,0.00195923,0.0491625,-0.0427697,2.75572,-0.0229665
2.91353,2.73382,2.75561,-0.0217941,-0.000344793,0.00200885,0.0496314,-0.0425716,2.76986,-0.0229725
2.91939,2.68874,2.7706,-0.0818564,-0.00033887,0.00205889,0.050109,-0.0423749,2.78412,-0.0229784
2.92526,2.75583,2.78571,-0.0298757,-0.000332949,0.00210935,0.0505956,-0.0421794,2.7985,-0.0229843
2.93112,2.72559,2.80095,-0.0753674,-0.000327032,0.00216024,0.0510913,-0.0419853,2.81301,-0.0229901
2.93698,2.82909,2.81633,0.0127579,-0.000321116,0.00221158,0.0515966,-0.0417925,2.82764,-0.0229958
2.94284,2.8631,2.83185,0.0312546,-0.000315204,0.00226337,0.0521116,-0.0416011,2.84239,-0.0230014
2.94871,2.95775,2.8475,0.110247,-0.000309294,0.00231563,0.0526366,-0.041411,2.85728,-0.0230069
2.95457,2.88251,2.86329,0.0192171,-0.000303386,0.00236837,0.053172,-0.0412222,2.87229,-0.0230124
2.96043,2.78727,2.87923,-0.0919583,-0.00029748,0.00242161,0.0537179,-0.0410348,2.88744,-0.0230177
2.96629,2.77116,2.8953,-0.124144,-0.000291576,0.00247535,0.0542748,-0.0408487,2.90271,-0.023023
2.97215,2.88037,2.91152,-0.0311536,-0.000285674,0.00252961,0.0548429,-0.0406639,2.91813,-0.0230282
2.97802,3.09503,2.92789,0.167138,-0.000279774,0.0025844,0.0554226,-0.0404804,2.93368,-0.0230333
2.98388,3.10527,2.9444,0.160869,-0.000273874,0.00263975,0.0560141,-0.0402982,2.94936,-0.0230384
2.98974,2.97758,2.96107,0.0165053,-0.000267976,0.00269565,0.056618,-0.0401174,2.96519,-0.0230433
2.9956,3.10249,2.97789,0.124595,-0.000262078,0.00275215,0.0572346,-0.0399378,2.98115,-0.0230482
3.00147,2.95086,2.99487,-0.0440056,-0.00025618,0.00280923,0.0578642,-0.0397596,2.99726,-0.023053
3.00733,3.12523,3.012,0.113228,-0.000250282,0.00286694,0.0585072,-0.0395826,3.01352,-0.0230577
3.01319,3.05614,3.02929,0.0268484,-0.000244384,0.00292527,0.0591641,-0.039407,3.02991,-0.0230623
3.01905,3.1578,3.04674,0.111053,-0.000238484,0.00298426,0.0598354,-0.0392326,3.04646,-0.0230668
3.02491,3.18668,3.06436,0.122323,-0.000232584,0.00304392,0.0605214,-0.0390595,3.06316,-0.0230713
3.03078,3.12177,3.08215,0.0396208,-0.000226681,0.00310426,0.0612227,-0.0388876,3.08001,-0.0230757
3.03664,3.17275,3.1001,0.0726494,-0.000220776,0.00316532,0.0619398,-0.038717,3.09701,-0.02308
3.0425,3.06735,3.11822,-0.0508705,-0.000214869,0.00322711,0.0626732,-0.0385477,3.11417,-0.0230842
3.04836,3.14357,3.13652,0.00704689,-0.000208958,0.00328965,0.0634233,-0.0383796,3.13148,-0.0230883
3.05423,3.29006,3.155,0.135063,-0.000203044,0.00335297,0.0641909,-0.0382127,3.14896,-0.0230923
3.06009,3.63541,3.17365,0.461757,-0.000197125,0.00341709,0.0649765,-0.0380471,3.1666,-0.0230963
3.06595,3.42755,3.19248,0.235064,-0.000191202,0.00348204,0.0657807,-0.0378827,3.1844,-0.0231002
3.07181,3.3197,3.21151,0.108191,-0.000185273,0.00354783,0.0666042,-0.0377195,3.20236,-0.023104
3.07767,3.19553,3.23071,-0.0351825,-0.000179339,0.0036145,0.0674476,-0.0375575,3.22049,-0.0231077
3.08354,3.37007,3.25011,0.119955,-0.000173398,0.00368207,0.0683116,-0.0373967,3.2388,-0.0231114
3.0894,3.17639,3.2697,-0.0933134,-0.00016745,0.00375057,0.0691971,-0.0372371,3.25727,-0.0231149
3.09526,3.21382,3.28949,-0.0756674,-0.000161495,0.00382004,0.0701047,-0.0370787,3.27592,-0.0231184
3.10112,3.35011,3.30947,0.0406332,-0.000155531,0.00389049,0.0710353,-0.0369214,3.29475,-0.0231218
3.10699,3.25557,3.32966,-0.0740978,-0.000149559,0.00396197,0.0719898,-0.0367653,3.31375,-0.0231251
3.11285,3.50416,3.35006,0.154107,-0.000143577,0.00403451,0.072969,-0.0366103,3.33294,-0.0231283
3.11871,3.55039,3.37066,0.179731,-0.000137585,0.00410813,0.073974,-0.0364565,3.35231,-0.0231314
3.12457,3.41991,3.39148,0.0284346,-0.000131582,0.00418288,0.0750056,-0.0363038,3.37186,-0.0231345
3.13043,3.39674,3.41251,-0.0157719,-0.000125568,0.00425879,0.0760649,-0.0361523,3.3916,-0.0231375
3.1363,3.33162,3.43376,-0.102144,-0.000119542,0.0043359,0.077153,-0.0360018,3.41154,-0.0231404
3.14216,3.3193,3.45524,-0.135943,-0.000113502,0.00441426,0.0782711,-0.0358525,3.43166,-0.0231432
3.14802,3.50715,3.47694,0.0302108,-0.000107449,0.00449389,0.0794204,-0.0357043,3.45198,-0.0231459
3.15388,3.59618,3.49888,0.097308,-0.000101382,0.00457485,0.0806021,-0.0355571,3.47251,-0.0231486
3.15975,3.61237,3.52104,0.0913228,-9.52995e-05,0.00465718,0.0818177,-0.035411,3.49323,-0.0231511
3.16561,3.62472,3.54345,0.0812623,-8.92012e-05,0.00474093,0.0830684,-0.035266,3.51415,-0.0231536
3.17147,3.56523,3.56611,-0.000878211,-8.30864e-05,0.00482614,0.0843559,-0.0351221,3.53529,-0.023156
3.17733,3.6515,3.58901,0.0624907,-7.69541e-05,0.00491288,0.0856816,-0.0349792,3.55663,-0.0231583
3.18319,3.51824,3.61216,-0.093924,-7.08035e-05,0.00500118,0.0870474,-0.0348374,3.57818,-0.0231606
3.18906,3.63628,3.63557,0.00071361,-6.46339e-05,0.00509112,0.0884548,-0.0346965,3.59995,-0.0231627
3.19492,3.82853,3.65924,0.169287,-5.84444e-05,0.00518274,0.0899058,-0.0345567,3.62193,-0.0231648
3.20078,3.8885,3.68318,0.205316,-5.22341e-05,0.0052761,0.0914025,-0.034418,3.64414,-0.0231668
3.20664,3.75246,3.7074,0.0450632,-4.60022e-05,0.00537128,0.0929468,-0.0342802,3.66657,-0.0231687
3.21251,3.74113,3.73189,0.00924568,-3.97478e-05,0.00546833,0.0945409,-0.0341434,3.68923,-0.0231705
3.21837,3.91892,3.75666,0.162261,-3.347e-05,0.00556734,0.0961874,-0.0340076,3.71212,-0.0231723
3.22423,4.029,3.78172,0.247275,-2.71679e-05,0.00566836,0.0978886,-0.0338728,3.73524,-0.0231739
3.23009,3.76538,3.80708,-0.0416966,-2.08404e-05,0.00577148,0.0996472,-0.033739,3.7586,-0.0231755
3.23596,3.80665,3.83274,-0.0260945,-1.44868e-05,0.00587678,0.101466,-0.0336061,3.78219,-0.023177
3.24182,3.90041,3.85871,0.0417027,-8.10587e-06,0.00598435,0.103348,-0.0334742,3.80604,-0.0231784
3.24768,4.04113,3.88499,0.156141,-1.69678e-06,0.00609427,0.105297,-0.0333433,3.83012,-0.0231797
3.25354,3.90504,3.91159,-0.0065545,4.74153e-06,0.00620663,0.107316,-0.0332132,3.85446,-0.023181
3.2594,4.02474,3.93853,0.0862133,1.12101e-05,0.00632154,0.109408,-0.0330841,3.87905,-0.0231821
3.26527,3.98943,3.9658,0.0236304,1.771e-05,0.0064391,0.111577,-0.0329559,3.9039,-0.0231832
3.27113,4.25432,3.99341,0.260913,2.42422e-05,0.00655942,0.113829,-0.0328287,3.92901,-0.0231842
3.27699,4.16701,4.02138,0.145637,3.0808e-05,0.0066826,0.116167,-0.0327023,3.95438,-0.0231852
3.28285,4.10651,4.04971,0.0567996,3.74083e-05,0.00680879,0.118595,-0.0325768,3.98003,-0.023186
3.28872,4.08918,4.07841,0.0107726,4.40444e-05,0.00693809,0.12112,-0.0324523,4.00594,-0.0231867
3.29458,4.23743,4.10749,0.129942,5.07174e-05,0.00707065,0.123747,-0.0323286,4.03213,-0.0231874
3.30044,4.26638,4.13696,0.129424,5.74285e-05,0.00720662,0.126481,-0.0322057,4.0586,-0.023188
3.3063,4.12713,4.16683,-0.0396975,6.41789e-05,0.00734613,0.12933,-0.0320838,4.08536,-0.0231885
3.31216,4.23093,4.19711,0.033816,7.09698e-05,0.00748936,0.1323,-0.0319627,4.11241,-0.0231889
3.31803,4.13443,4.22782,-0.093393,7.78026e-05,0.00763647,0.135398,-0.0318424,4.13974,-0.0231893
3.32389,4.18298,4.25897,-0.0759933,8.46786e-05,0.00778764,0.138633,-0.031723,4.16738,-0.0231895
3.32975,4.16792,4.29057,-0.12265,9.15989e-05,0.00794306,0.142014,-0.0316044,4.19531,-0.0231897
3.33561,4.1827,4.32263,-0.139935,9.85651e-05,0.00810294,0.14555,-0.0314866,4.22356,-0.0231898
3.34148,4.27094,4.35517,-0.0842319,0.000105578,0.0082675,0.149251,-0.0313697,4.25211,-0.0231898
3.34734,4.29226,4.38821,-0.0959471,0.00011264,0.00843695,0.15313,-0.0312535,4.28098,-0.0231898
3.3532,4.46638,4.42176,0.0446162,0.000119753,0.00861155,0.157197,-0.0311382,4.31016,-0.0231896
3.35906,4.56801,4.45585,0.112165,0.000126916,0.00879157,0.161466,-0.0310237,4.33968,-0.0231894
3.36492,4.52331,4.49048,0.0328291,0.000134133,0.00897727,0.165953,-0.0309099,4.36952,-0.0231891
3.37079,4.44998,4.52569,-0.0757105,0.000141404,0.00916895,0.170673,-0.0307969,4.39969,-0.0231887
3.37665,4.637,4.5615,0.0755062,0.000148732,0.00936695,0.175643,-0.0306847,4.43021,-0.0231882
3.38251,4.4474,4.59792,-0.150523,0.000156117,0.00957159,0.180884,-0.0305733,4.46107,-0.0231876
3.38837,4.42503,4.635,-0.209965,0.000163562,0.00978325,0.186416,-0.0304626,4.49228,-0.023187
3.39424,4.69908,4.67275,0.026326,0.000171068,0.0100023,0.192263,-0.0303527,4.52385,-0.0231863
3.4001,4.80101,4.71121,0.0897966,0.000178637,0.0102292,0.198451,-0.0302435,4.55578,-0.0231855
3.40596,4.88912,4.75042,0.138704,0.000186271,0.0104644,0.205009,-0.0301351,4.58808,-0.0231846
3.41182,4.82909,4.79041,0.0386857,0.000193971,0.0107084,0.211969,-0.0300274,4.62075,-0.0231836
3.41768,4.73901,4.83122,-0.0922059,0.00020174,0.0109617,0.219366,-0.0299204,4.65379,-0.0231825
3.42355,4.81269,4.8729,-0.0602184,0.000209579,0.0112249,0.227241,-0.0298141,4.68722,-0.0231814
3.42941,4.96715,4.91551,0.0516356,0.000217491,0.0114987,0.235638,-0.0297086,4.72105,-0.0231802
3.43527,4.91564,4.9591,-0.0434574,0.000225477,0.0117836,0.244608,-0.0296038,4.75526,-0.0231789
3.44113,4.93693,5.00373,-0.0668023,0.00023354,0.0120804,0.254208,-0.0294996,4.78989,-0.0231775
3.447,4.90827,5.04948,-0.141209,0.000241682,0.01239,0.2645,-0.0293962,4.82492,-0.023176
3.45286,4.95385,5.09642,-0.14257,0.000249905,0.0127132,0.275558,-0.0292934,4.86036,-0.0231745
3.45872,5.19266,5.14464,0.0480183,0.000258211,0.013051,0.287464,-0.0291913,4.89623,-0.0231728
3.46458,5.26084,5.19425,0.06659,0.000266602,0.0134044,0.300312,-0.0290899,4.93253,-0.0231711
3.47044,5.16122,5.24537,-0.0841462,0.000275082,0.0137745,0.314211,-0.0289891,4.96927,-0.0231693
3.47631,5.1749,5.29812,-0.123226,0.000283652,0.0141627,0.329286,-0.0288891,5.00645,-0.0231675
3.48217,5.26554,5.35266,-0.0871261,0.000292315,0.0145703,0.345678,-0.0287896,5.04408,-0.0231655
3.48803,5.43724,5.40917,0.0280693,0.000301073,0.0149988,0.363557,-0.0286909,5.08217,-0.0231634
3.49389,5.36382,5.46784,-0.10402,0.00030993,0.01545,0.383117,-0.0285927,5.12072,-0.0231613
3.49976,5.47862,5.52893,-0.0503061,0.000318888,0.0159258,0.404587,-0.0284952,5.15975,-0.0231591
3.50562,5.36645,5.5927,-0.226247,0.00032795,0.0164282,0.428238,-0.0283984,5.19926,-0.0231568
3.51148,5.46246,5.65949,-0.197029,0.00033712,0.0169596,0.45439,-0.0283021,5.23926,-0.0231545
3.51734,5.69876,5.72969,-0.0309374,0.000346399,0.0175227,0.483427,-0.0282065,5.27976,-0.023152
3.5232,5.86453,5.80379,0.060743,0.000355791,0.0181204,0.51581,-0.0281115,5.32076,-0.0231495
3.52907,5.76941,5.88234,-0.112928,0.000365299,0.018756,0.552099,-0.0280171,5.36228,-0.0231468
3.53493,5.8327,5.96604,-0.133341,0.000374927,0.0194334,0.592977,-0.0279234,5.40432,-0.0231441
3.54079,6.06111,6.05576,0.0053572,0.000384679,0.0201567,0.639288,-0.0278302,5.4469,-0.0231414
3.54665,6.07909,6.15255,-0.0734562,0.000394557,0.020931,0.692082,-0.0277376,5.49001,-0.0231385
3.55252,6.13848,6.25775,-0.119262,0.000404565,0.0217619,0.752677,-0.0276456,5.53368,-0.0231355
3.55838,6.33263,6.37305,-0.0404183,0.000414708,0.0226557,0.822755,-0.0275542,5.57791,-0.0231325
3.56424,6.4423,6.50064,-0.0583431,0.000424988,0.02362,0.904479,-0.0274633,5.62271,-0.0231294
3.5701,6.65469,6.64337,0.0113202,0.000435411,0.0246634,1.00068,-0.027373,5.66809,-0.0231262
3.57596,6.79145,6.805,-0.01355,0.000445979,0.0257962,1.1151,-0.0272833,5.71406,-0.0231229
3.58183,6.81962,6.99062,-0.170993,0.000456699,0.0270304,1.25281,-0.0271942,5.76063,-0.0231196
3.58769,7.00954,7.20722,-0.197681,0.000467573,0.02838,1.42079,-0.0271056,5.80781,-0.0231161
3.59355,7.23533,7.46465,-0.229322,0.000478607,0.0298622,1.62883,-0.0270176,5.85562,-0.0231126
3.59941,7.37652,7.77709,-0.400563,0.000489806,0.0314972,1.89109,-0.0269301,5.90406,-0.023109
3.60528,7.70095,8.16556,-0.464615,0.000501173,0.03331,2.22856,-0.0268432,5.95314,-0.0231053
3.61114,8.2984,8.66234,-0.36394,0.000512716,0.0353308,2.67347,-0.0267568,6.00288,-0.0231015
3.617,8.64771,9.31883,-0.671121,0.000524438,0.0375975,3.2772,-0.0266709,6.05329,-0.0230977
3.62286,9.57223,10.2207,-0.648515,0.000536346,0.0401572,4.12536,-0.0265856,6.10437,-0.0230937
3.62872,10.6149,11.5185,-0.903582,0.000548444,0.04307,5.36834,-0.0265008,6.15615,-0.0230897
3.63459,12.2116,13.4924,-1.28082,0.00056074,0.0464133,7.28631,-0.0264165,6.20864,-0.0230856
3.64045,15.1663,16.6982,-1.53187,0.000573238,0.0502886,10.4349,-0.0263327,6.26185,-0.0230814
3.64631,20.9199,22.2891,-1.36913,0.000585947,0.0548314,15.9672,-0.0262495,6.31578,-0.0230772
3.65217,32.0975,32.5072,-0.409607,0.000598871,0.0602263,26.1251,-0.0261667,6.37047,-0.0230728
3.65804,49.0314,49.0065,0.0248454,0.000612018,0.0667312,42.5624,-0.0260845,6.42591,-0.0230684
3.6639,59.3629,58.9308,0.432139,0.000625395,0.0747164,52.4224,-0.0260027,6.48213,-0.0230639
3.66976,46.7187,45.1775,1.54122,0.00063901,0.0847304,38.602,-0.0259215,6.53913,-0.0230593
3.67562,29.6408,28.882,0.758856,0.00065287,0.0976167,22.2357,-0.0258407,6.59694,-0.0230546
3.68149,19.0116,19.6443,-0.632653,0.000666984,0.114729,12.9221,-0.0257604,6.65556,-0.0230498
3.68735,13.6232,14.8443,-1.22111,0.000681359,0.138353,8.03901,-0.0256806,6.71502,-0.023045
3.69321,11.1933,12.2361,-1.04288,0.000696004,0.172575,5.33618,-0.0256013,6.77533,-0.0230401
3.69907,9.94607,10.7452,-0.799115,0.000710929,0.22519,3.73134,-0.0255224,6.83651,-0.0230351
3.70493,9.39611,9.88015,-0.484038,0.000726142,0.311991,2.71734,-0.025444,6.89857,-0.02303
3.7108,9.23706,9.42219,-0.185132,0.000741655,0.465374,2.04294,-0.0253661,6.96153,-0.0230248
3.71666,9.56216,9.28863,0.273533,0.000757476,0.73554,1.57523,-0.0252887,7.02541,-0.0230196
3.72252,9.28259,9.33959,-0.0570058,0.000773617,1.05729,1.23953,-0.0252117,7.09022,-0.0230142
3.72838,9.03176,9.10857,-0.0768142,0.000790088,1.00832,0.991615,-0.0251351,7.15599,-0.0230088
3.73425,8.55644,8.66537,-0.108933,0.000806902,0.685794,0.8041,-0.025059,7.22273,-0.0230033
3.74011,8.17977,8.37937,-0.199595,0.000824071,0.476695,0.659364,-0.0249834,7.29047,-0.0229977
3.74597,8.10012,8.25015,-0.150032,0.000841607,0.392308,0.545689,-0.0249081,7.35922,-0.0229921
3.75183,8.0811,8.22333,-0.142223,0.000859523,0.386232,0.455058,-0.0248334,7.429,-0.0229863
3.75769,8.22396,8.27909,-0.0551282,0.000877835,0.444271,0.381846,-0.024759,7.49983,-0.0229805
3.76356,8.56004,8.43091,0.12913,0.000896555,0.58391,0.32202,-0.0246851,7.57174,-0.0229746
3.76942,8.81746,8.73352,0.0839388,0.0009157,0.862804,0.272632,-0.0246117,7.64475,-0.0229686
3.77528,9.81469,9.28107,0.53362,0.000935285,1.37727,0.231492,-0.0245386,7.71888,-0.0229625
3.78114,10.4797,9.93911,0.540593,0.000955327,1.99448,0.196943,-0.024466,7.79415,-0.0229563
3.78701,10.3761,9.85933,0.516784,0.000975844,1.86739,0.167718,-0.0243937,7.87059,-0.0229501
3.79287,9.50861,9.23075,0.27787,0.000996854,1.18596,0.142834,-0.0243219,7.94822,-0.0229438
3.79873,9.02992,8.82277,0.207151,0.00101838,0.720356,0.121521,-0.0242505,8.02706,-0.0229374
3.80459,8.75115,8.6508,0.100351,0.00104043,0.486555,0.103168,-0.0241796,8.10715,-0.0229309
3.81045,8.73325,8.60938,0.123873,0.00106304,0.379559,0.0872867,-0.024109,8.1885,-0.0229243
3.81632,8.68711,8.64656,0.0405469,0.00108623,0.347799,0.0734829,-0.0240388,8.27115,-0.0229177
3.82218,8.69381,8.75005,-0.0562374,0.00111001,0.379263,0.061436,-0.023969,8.35512,-0.0229109
3.82804,9.03076,8.93837,0.0923979,0.00113443,0.49271,0.0508833,-0.0238996,8.44044,-0.0229041
3.8339,9.4542,9.25424,0.199958,0.00115949,0.731056,0.041608,-0.0238306,8.52714,-0.0228972
3.83977,10.078,9.62835,0.449671,0.00118523,1.02513,0.0334301,-0.023762,8.61526,-0.0228902
3.84563,9.84026,9.63528,0.204986,0.00121168,0.949633,0.0261991,-0.0236937,8.70481,-0.0228832
3.85149,9.57235,9.36783,0.204511,0.00123887,0.597476,0.0197888,-0.0236259,8.79583,-0.022876
3.85735,9.43446,9.21003,0.224434,0.00126683,0.352735,0.0140925,-0.0235584,8.88836,-0.0228688
3.86321,9.14249,9.16845,-0.0259611,0.0012956,0.222057,0.00901956,-0.0234913,8.98243,-0.0228615
3.86908,9.18059,9.18828,-0.00768214,0.00132521,0.150668,0.00449291,-0.0234246,9.07807,-0.0228541
3.87494,9.46307,9.23968,0.223393,0.0013557,0.108766,0.000446464,-0.0233582,9.17531,-0.0228466
3.8808,9.5354,9.30871,0.226697,0.00138711,0.0824248,-0.00317658,-0.0232922,9.2742,-0.0228391
3.88666,9.39741,9.38861,0.00879615,0.00141949,0.064903,-0.00642522,-0.0232266,9.37477,-0.0228314
3.89253,9.64053,9.4759,0.164632,0.00145288,0.0527102,-0.0093419,-0.0231613,9.47706,-0.0228237
3.89839,9.75759,9.56864,0.188946,0.00148733,0.0439182,-0.0119635,-0.0230964,9.58111,-0.0228159
3.90425,9.82378,9.66571,0.158071,0.00152289,0.0373981,-0.0143222,-0.0230319,9.68695,-0.022808
3.91011,9.87808,9.76644,0.111639,0.00155962,0.0324555,-0.0164461,-0.0229677,9.79464,-0.0228
3.91597,9.95514,9.87039,0.0847473,0.00159757,0.0286447,-0.0183598,-0.0229038,9.90421,-0.022792
3.92184,9.94871,9.9773,-0.0285882,0.00163682,0.0256694,-0.0200851,-0.0228403,10.0157,-0.0227839
3.9277,10.0588,10.087,-0.0281788,0.00167741,0.0233264,-0.0216411,-0.0227771,10.1292,-0.0227756
3.93356,10.2913,10.1993,0.0919817,0.00171944,0.0214725,-0.0230447,-0.0227143,10.2447,-0.0227673
3.93942,10.3863,10.3142,0.072012,0.00176296,0.0200047,-0.0243109,-0.0226518,10.3622,-0.022759
3.94529,10.6616,10.4317,0.229886,0.00180807,0.0188474,-0.025453,-0.0225897,10.4819,-0.0227505
3.95115,10.6208,10.5517,0.0690972,0.00185486,0.0179444,-0.0264828,-0.0225278,10.6037,-0.022742
3.95701,10.4981,10.6743,-0.176179,0.0019034,0.017253,-0.027411,-0.0224664,10.7277,-0.0227333
3.96287,10.7476,10.7994,-0.0517981,0.00195382,0.0167408,-0.0282469,-0.0224052,10.8541,-0.0227246
3.96873,10.9715,10.927,0.0444263,0.00200621,0.016383,-0.0289991,-0.0223444,10.9827,-0.0227158
3.9746,11.1411,11.0573,0.0837598,0.00206068,0.0161606,-0.0296751,-0.0222838,11.1138,-0.0227069
3.98046,11.2561,11.1902,0.0658925,0.00211737,0.0160588,-0.0302818,-0.0222236,11.2472,-0.022698
3.98632,11.3016,11.3258,-0.0241388,0.00217642,0.0160667,-0.0308252,-0.0221638,11.3832,-0.022689
3.99218,11.6347,11.4641,0.170658,0.00223795,0.0161761,-0.031311,-0.0221042,11.5218,-0.0226798
3.99805,11.6283,11.6052,0.0231794,0.00230215,0.0163812,-0.0317442,-0.022045,11.6629,-0.0226706
4.00391,11.8598,11.7491,0.110675,0.00236916,0.0166784,-0.0321292,-0.021986,11.8068,-0.0226613
4.00977,11.9378,11.8959,0.0418945,0.00243918,0.0170659,-0.0324702,-0.0219274,11.9534,-0.022652
4.01563,11.9803,12.0457,-0.0653587,0.00251242,0.0175436,-0.0327709,-0.0218691,12.1029,-0.0226425
4.02149,12.3507,12.1985,0.152209,0.00258908,0.018113,-0.0330347,-0.021811,12.2553,-0.022633
4.02736,12.1975,12.3545,-0.156955,0.00266941,0.0187772,-0.0332646,-0.0217533,12.4107,-0.0226234
4.03322,12.4226,12.5136,-0.0910239,0.00275366,0.0195413,-0.0334634,-0.0216959,12.5691,-0.0226137
4.03908,12.7277,12.676,0.0517045,0.00284212,0.0204118,-0.0336337,-0.0216388,12.7307,-0.0226039
4.04494,12.8613,12.8418,0.0194301,0.00293511,0.0213978,-0.0337778,-0.0215819,12.8954,-0.022594
4.05081,13.1268,13.0111,0.115754,0.00303295,0.0225105,-0.0338979,-0.0215254,13.0635,-0.0225841
4.05667,13.2476,13.1839,0.0637197,0.00313603,0.0237639,-0.0339958,-0.0214691,13.235,-0.0225741
4.06253,13.375,13.3604,0.0146428,0.00324476,0.0251756,-0.0340734,-0.0214132,13.41,-0.022564
4.06839,13.7904,13.5407,0.249777,0.00335959,0.0267674,-0.0341323,-0.0213575,13.5886,-0.0225538
4.07426,13.818,13.7248,0.0932098,0.00348103,0.0285666,-0.034174,-0.0213021,13.7708,-0.0225435
4.08012,13.9654,13.913,0.0523831,0.00360963,0.030607,-0.0341998,-0.021247,13.9568,-0.0225331
4.08598,14.0575,14.1055,-0.0479505,0.00374602,0.0329316,-0.034211,-0.0211922,14.1467,-0.0225227
4.09184,14.2563,14.3022,-0.0458631,0.00389088,0.035595,-0.0342089,-0.0211376,14.3406,-0.0225122
4.0977,14.5918,14.5035,0.0883292,0.00404498,0.0386676,-0.0341943,-0.0210833,14.5385,-0.0225016
4.10357,14.8301,14.7095,0.120582,0.0042092,0.0422414,-0.0341684,-0.0210293,14.7407,-0.0224909
4.10943,14.9972,14.9205,0.0767529,0.00438449,0.0464392,-0.0341321,-0.0209756,14.9472,-0.0224801
4.11529,15.1334,15.1367,-0.00330343,0.00457195,0.0514269,-0.0340861,-0.0209221,15.1582,-0.0224693
4.12115,15.4636,15.3585,0.10509,0.00477281,0.0574352,-0.0340312,-0.0208689,15.3737,-0.0224583
4.12702,15.496,15.5865,-0.0904927,0.00498847,0.0647921,-0.0339682,-0.020816,15.5939,-0.0224473
4.13288,15.8018,15.8211,-0.0192723,0.00522051,0.0739788,-0.0338977,-0.0207633,15.819,-0.0224362
4.13874,16.0736,16.0633,0.0103643,0.00547076,0.0857262,-0.0338203,-0.0207109,16.049,-0.022425
4.1446,16.2764,16.3143,-0.0378964,0.00574128,0.101191,-0.0337366,-0.0206588,16.2842,-0.0224138
4.15046,16.6183,16.5763,0.0420488,0.00603447,0.122293,-0.0336471,-0.0206069,16.5246,-0.0224024
4.15633,16.8389,16.8527,-0.0138226,0.0063531,0.152399,-0.0335523,-0.0205552,16.7705,-0.022391
4.16219,17.1047,17.1501,-0.0453397,0.00670037,0.197799,-0.0334527,-0.0205038,17.0219,-0.0223795
4.16805,17.6766,17.481,0.195606,0.00708002,0.271014,-0.0333485,-0.0204527,17.2791,-0.0223679
4.17391,18.0547,17.8716,0.183081,0.00749644,0.397926,-0.0332403,-0.0204018,17.5422,-0.0223562
4.17978,18.6335,18.3694,0.264052,0.00795481,0.625873,-0.0331284,-0.0203512,17.8114,-0.0223445
4.18564,19.2295,18.9813,0.248262,0.00846127,0.961523,-0.0330131,-0.0203008,18.0869,-0.0223327
4.1915,19.8291,19.3747,0.454359,0.00902315,1.07231,-0.0328947,-0.0202507,18.3689,-0.0223207
4.19736,19.8293,19.3689,0.460374,0.00964924,0.777022,-0.0327736,-0.0202008,18.6575,-0.0223087
4.20322,19.7725,19.4073,0.365238,0.0103502,0.519055,-0.0326499,-0.0201511,18.953,-0.0222966
4.20909,19.973,19.5925,0.380482,0.0111392,0.400738,-0.0325239,-0.0201017,19.2556,-0.0222845
4.21495,19.99,19.8753,0.114721,0.012032,0.372534,-0.0323959,-0.0200525,19.5655,-0.0222722
4.22081,20.2977,20.2309,0.0668275,0.0130488,0.409505,-0.032266,-0.0200036,19.8829,-0.0222599
4.22667,20.6711,20.6667,0.00436284,0.0142145,0.518805,-0.0321345,-0.0199549,20.2081,-0.0222475
4.23254,20.8659,21.2261,-0.360225,0.015561,0.74343,-0.0320015,-0.0199064,20.5413,-0.022235
4.2384,21.7345,21.9991,-0.264575,0.0171291,1.17323,-0.0318672,-0.0198582,20.8827,-0.0222224
4.24426,22.9913,22.9966,-0.00524695,0.0189721,1.81864,-0.0317319,-0.0198102,21.2327,-0.0222098
4.25012,24.1843,23.5516,0.632677,0.0211607,2.0125,-0.0315955,-0.0197624,21.5915,-0.022197
4.25598,24.1847,23.2981,0.88654,0.0237899,1.38836,-0.0314583,-0.0197148,21.9594,-0.0221842
4.26185,23.8344,23.1196,0.71479,0.0269901,0.82915,-0.0313203,-0.0196675,22.3366,-0.0221713
4.26771,23.6697,23.2157,0.453986,0.0309442,0.534219,-0.0311818,-0.0196204,22.7235,-0.0221583
4.27357,23.6197,23.4781,0.141599,0.0359151,0.394451,-0.0310428,-0.0195735,23.1205,-0.0221452
4.27943,24.0359,23.8387,0.197228,0.0422912,0.341251,-0.0309034,-0.0195268,23.5277,-0.0221321
4.2853,24.4965,24.2757,0.220842,0.0506656,0.351701,-0.0307637,-0.0194804,23.9457,-0.0221188
4.29116,24.8709,24.7991,0.0717968,0.061978,0.434689,-0.0306238,-0.0194341,24.3746,-0.0221055
4.29702,25.2973,25.4495,-0.152143,0.0777847,0.628717,-0.0304838,-0.0193881,24.8149,-0.0220921
4.30288,26.2482,26.2317,0.0165448,0.100796,0.935589,-0.0303438,-0.0193423,25.267,-0.0220786
4.30874,27.0303,26.8157,0.214614,0.136019,1.01988,-0.0302038,-0.0192967,25.7313,-0.0220651
4.31461,27.5304,27.0263,0.504067,0.193295,0.696238,-0.0300639,-0.0192513,26.2082,-0.0220514
4.32047,27.7032,27.3247,0.378522,0.292976,0.404852,-0.0299242,-0.0192062,26.698,-0.0220377
4.32633,27.9202,27.8503,0.0698457,0.47568,0.24428,-0.0297846,-0.0191612,27.2013,-0.0220239
4.33219,28.5817,28.59,-0.00838485,0.784223,0.158032,-0.0296454,-0.0191165,27.7186,-0.02201
4.33806,29.1598,29.318,-0.158147,1.02985,0.108507,-0.0295064,-0.0190719,28.2502,-0.021996
4.34392,29.5465,29.6146,-0.0681173,0.810384,0.0779327,-0.0293679,-0.0190276,28.7967,-0.0219819
4.34978,29.8133,29.8192,-0.0059188,0.473025,0.057855,-0.0292297,-0.0189834,29.3585,-0.0219678
4.35564,30.0915,30.183,-0.0914826,0.272622,0.0439928,-0.029092,-0.0189395,29.9364,-0.0219536
4.3615,30.6227,30.6626,-0.039986,0.167758,0.0340281,-0.0289548,-0.0188958,30.5307,-0.0219393
4.36737,31.2965,31.2093,0.0871509,0.110288,0.026627,-0.028818,-0.0188522,31.142,-0.0219249
4.37323,31.8105,31.7991,0.0113744,0.0764977,0.020981,-0.0286819,-0.0188089,31.771,-0.0219104
4.37909,32.7324,32.421,0.311334,0.0553234,0.0165777,-0.0285463,-0.0187658,32.4183,-0.0218958
4.38495,33.1732,33.0699,0.103233,0.0413356,0.0130795,-0.0284113,-0.0187228,33.0845,-0.0218812
4.39082,33.754,33.7435,0.0104889,0.0316883,0.0102567,-0.0282769,-0.01868,33.7703,-0.0218665
4.39668,34.5905,34.4405,0.150014,0.0247955,0.00794842,-0.0281432,-0.0186375,34.4764,-0.0218517
4.40254,35.3157,35.1608,0.154933,0.0197247,0.00603925,-0.0280101,-0.0185951,35.2035,-0.0218368
4.4084,35.9878,35.9044,0.0833996,0.0159016,0.00444456,-0.0278778,-0.0185529,35.9523,-0.0218218
4.41426,36.7149,36.6716,0.0433696,0.012959,0.00310108,-0.0277461,-0.0185109,36.7236,-0.0218068
4.42013,37.5574,37.4629,0.0945459,0.0106534,0.00196073,-0.0276152,-0.0184691,37.5182,-0.0217917
4.42599,38.4283,38.279,0.149301,0.00881913,0.000986435,-0.0274849,-0.0184275,38.3368,-0.0217765
4.43185,39.2795,39.1205,0.159041,0.00734016,0.000149172,-0.0273555,-0.0183861,39.1805,-0.0217612
4.43771,40.0488,39.9882,0.0605858,0.00613363,-0.000574007,-0.0272267,-0.0183448,40.05,-0.0217458
4.44358,40.9841,40.883,0.101098,0.00513915,-0.00120147,-0.0270988,-0.0183038,40.9462,-0.0217303
4.44944,41.9582,41.8056,0.152552,0.00431187,-0.00174805,-0.0269716,-0.0182629,41.87,-0.0217148
4.4553,42.9175,42.7571,0.16038,0.00361803,-0.00222586,-0.0268452,-0.0182222,42.8225,-0.0216992
4.46116,43.5336,43.7384,-0.2048,0.00303181,-0.00264483,-0.0267196,-0.0181816,43.8046,-0.0216835
4.46702,44.6453,44.7504,-0.105059,0.00253323,-0.0030132,-0.0265948,-0.0181413,44.8173,-0.0216677
4.47289,45.7297,45.7941,-0.064476,0.00210665,-0.00333785,-0.0264707,-0.0181011,45.8616,-0.0216518
4.47875,46.8701,46.8707,-0.000567131,0.00173969,-0.00362454,-0.0263475,-0.0180611,46.9386,-0.0216358
4.48461,48.0385,47.9812,0.0573,0.00142247,-0.00387813,-0.0262251,-0.0180213,48.0495,-0.0216198
4.49047,49.2716,49.1266,0.145061,0.001147,-0.00410275,-0.0261035,-0.0179816,49.1952,-0.0216037
4.49634,50.45,50.3081,0.141946,0.000906823,-0.00430194,-0.0259827,-0.0179422,50.377,-0.0215875
4.5022,51.5962,51.5268,0.0694544,0.000696632,-0.00447871,-0.0258628,-0.0179029,51.5959,-0.0215712
4.50806,52.8453,52.7838,0.0614473,0.000512057,-0.00463567,-0.0257436,-0.0178637,52.8531,-0.0215548
4.51392,54.3044,54.0804,0.224012,0.000349474,-0.00477507,-0.0256253,-0.0178247,54.1498,-0.0215384
4.51979,55.4635,55.4176,0.0458253,0.000205857,-0.00489885,-0.0255077,-0.0177859,55.4871,-0.0215219
4.52565,56.8758,56.7967,0.0791166,7.86638e-05,-0.00500873,-0.025391,-0.0177473,56.8663,-0.0215053
4.53151,58.4274,58.2188,0.208581,-3.42473e-05,-0.00510618,-0.0252751,-0.0177088,58.2884,-0.0214886
4.53737,59.8152,59.685,0.130202,-0.000134695,-0.00519251,-0.02516,-0.0176705,59.7546,-0.0214718
4.54323,61.0742,61.1964,-0.122196,-0.000224226,-0.00526887,-0.0250458,-0.0176324,61.266,-0.0214549
4.5491,62.786,62.7542,0.0317746,-0.000304167,-0.00533627,-0.0249323,-0.0175944,62.8238,-0.021438
4.55496,64.3635,64.3593,0.00416309,-0.000375656,-0.0053956,-0.0248197,-0.0175566,64.4289,-0.021421
4.56082,66.0337,66.0128,0.0208826,-0.000439674,-0.00544766,-0.0247078,-0.0175189,66.0823,-0.0214039
4.56668,67.8512,67.7155,0.135713,-0.000497071,-0.00549315,-0.0245968,-0.0174814,67.785,-0.0213867
4.57255,69.5817,69.4683,0.113379,-0.000548584,-0.0055327,-0.0244865,-0.0174441,69.5377,-0.0213694
4.57841,71.3072,71.2719,0.0353065,-0.000594858,-0.00556687,-0.0243771,-0.0174069,71.3412,-0.0213521
4.58427,73.2476,73.1269,0.120689,-0.000636454,-0.00559617,-0.0242684,-0.0173699,73.1961,-0.0213346
4.59013,75.1349,75.0337,0.101173,-0.000673866,-0.00562104,-0.0241606,-0.017333,75.1028,-0.0213171
4.59599,77.0548,76.9926,0.0621789,-0.000707526,-0.0056419,-0.0240535,-0.0172963,77.0616,-0.0212995
4.60186,79.0711,79.0037,0.0674311,-0.000737817,-0.00565909,-0.0239472,-0.0172598,79.0726,-0.0212818
4.60772,81.1294,81.0668,0.062616,-0.000765076,-0.00567296,-0.0238417,-0.0172233,81.1356,-0.0212641
4.61358,83.1843,83.1815,0.00272675,-0.000789602,-0.00568379,-0.0237369,-0.0171871,83.2502,-0.0212462
4.61944,85.3185,85.3471,-0.0286457,-0.000811661,-0.00569186,-0.023633,-0.017151,85.4156,-0.0212283
4.62531,87.5686,87.5626,0.00605194,-0.00083149,-0.0056974,-0.0235297,-0.017115,87.631,-0.0212103
4.63117,89.7473,89.8264,-0.0791401,-0.000849299,-0.00570064,-0.0234273,-0.0170792,89.8947,-0.0211922
4.63703,92.0009,92.1369,-0.136014,-0.000865276,-0.00570178,-0.0233256,-0.0170436,92.205,-0.021174
4.64289,94.5805,94.4917,0.0887785,-0.00087959,-0.005701,-0.0232246,-0.0170081,94.5597,-0.0211558
4.64875,96.8949,96.8881,0.00684217,-0.000892392,-0.00569847,-0.0231244,-0.0169727,96.9559,-0.0211374
4.65462,99.323,99.3226,0.000358092,-0.000903819,-0.00569433,-0.023025,-0.0169375,99.3903,-0.021119
4.66048,101.777,101.792,-0.0147204,-0.000913992,-0.00568872,-0.0229262,-0.0169024,101.859,-0.0211005
4.66634,104.283,104.29,-0.00672253,-0.000923022,-0.00568177,-0.0228282,-0.0168675,104.358,-0.0210819
4.6722,106.806,106.813,-0.00702611,-0.000931008,-0.00567359,-0.0227309,-0.0168327,106.881,-0.0210632
4.67807,109.349,109.355,-0.00573896,-0.000938041,-0.00566429,-0.0226343,-0.016798,109.422,-0.0210445
4.68393,111.818,111.909,-0.0910378,-0.000944202,-0.00565397,-0.0225385,-0.0167635,111.976,-0.0210257
4.68979,114.514,114.467,0.0463807,-0.000949564,-0.00564271,-0.0224433,-0.0167292,114.534,-0.0210067
4.69565,116.952,117.022,-0.0699986,-0.000954196,-0.0056306,-0.0223489,-0.0166949,117.088,-0.0209877
4.70151,119.621,119.564,0.0571915,-0.000958158,-0.0056177,-0.0222551,-0.0166608,119.63,-0.0209687
4.70738,121.894,122.083,-0.189007,-0.000961505,-0.0056041,-0.0221621,-0.0166269,122.149,-0.0209495
4.71324,124.386,124.569,-0.183602,-0.000964289,-0.00558984,-0.0220697,-0.0165931,124.636,-0.0209303
4.7191,127.023,127.011,0.0115057,-0.000966555,-0.00557499,-0.021978,-0.0165594,127.077,-0.0209109
4.72496,129.356,129.397,-0.0410377,-0.000968346,-0.00555961,-0.021887,-0.0165258,129.463,-0.0208915
4.73083,131.605,131.714,-0.108838,-0.000969701,-0.00554374,-0.0217966,-0.0164924,131.78,-0.020872
4.73669,133.918,133.949,-0.0313689,-0.000970654,-0.00552742,-0.0217069,-0.0164592,134.015,-0.0208525
4.74255,135.944,136.089,-0.145457,-0.000971238,-0.00551071,-0.0216179,-0.016426,136.155,-0.0208328
4.74841,138.046,138.12,-0.0742057,-0.000971484,-0.00549363,-0.0215295,-0.016393,138.186,-0.0208131
4.75427,139.756,140.029,-0.272835,-0.000971417,-0.00547623,-0.0214418,-0.0163601,140.094,-0.0207932
4.76014,141.637,141.802,-0.165374,-0.000971063,-0.00545853,-0.0213547,-0.0163274,141.867,-0.0207733
4.766,143.273,143.426,-0.152817,-0.000970445,-0.00544057,-0.0212682,-0.0162948,143.491,-0.0207533
4.77186,144.852,144.888,-0.0361468,-0.000969584,-0.00542238,-0.0211824,-0.0162623,144.953,-0.0207333
4.77772,146.208,146.177,0.0306456,-0.000968501,-0.00540398,-0.0210971,-0.0162299,146.242,-0.0207131
4.78359,147.167,147.281,-0.114362,-0.000967211,-0.0053854,-0.0210126,-0.0161977,147.345,-0.0206929
4.78945,148.268,148.191,0.0774461,-0.000965733,-0.00536665,-0.0209286,-0.0161656,148.255,-0.0206726
4.79531,148.824,148.898,-0.0743679,-0.000964082,-0.00534776,-0.0208452,-0.0161336,148.962,-0.0206522
4.80117,149.137,149.396,-0.258677,-0.000962271,-0.00532876,-0.0207624,-0.0161017,149.459,-0.0206317
4.80703,149.335,149.679,-0.343707,-0.000960314,-0.00530965,-0.0206803,-0.01607,149.742,-0.0206111
4.8129,149.749,149.743,0.0060005,-0.000958223,-0.00529045,-0.0205987,-0.0160384,149.807,-0.0205905
4.81876,149.546,149.589,-0.0426158,-0.000956008,-0.00527118,-0.0205177,-0.0160069,149.652,-0.0205698
4.82462,149.106,149.215,-0.108768,-0.000953681,-0.00525185,-0.0204373,-0.0159755,149.278,-0.020549
4.83048,148.488,148.624,-0.136195,-0.00095125,-0.00523248,-0.0203574,-0.0159443,148.687,-0.0205281
4.83635,147.646,147.821,-0.17511,-0.000948725,-0.00521308,-0.0202782,-0.0159132,147.884,-0.0205071
4.84221,146.861,146.812,0.0486774,-0.000946114,-0.00519366,-0.0201995,-0.0158822,146.875,-0.020486
4.84807,145.585,145.604,-0.0188205,-0.000943424,-0.00517422,-0.0201213,-0.0158513,145.667,-0.0204649
4.85393,144.349,144.206,0.142125,-0.000940663,-0.00515479,-0.0200438,-0.0158205,144.269,-0.0204437
4.85979,142.633,142.63,0.00309196,-0.000937836,-0.00513536,-0.0199667,-0.0157899,142.692,-0.0204224
4.86566,140.645,140.886,-0.241399,-0.000934951,-0.00511595,-0.0198902,-0.0157594,140.948,-0.020401
4.87152,138.98,138.987,-0.00758113,-0.000932012,-0.00509657,-0.0198143,-0.015729,139.049,-0.0203795
4.87738,136.897,136.948,-0.0507598,-0.000929025,-0.00507722,-0.0197389,-0.0156987,137.009,-0.020358
4.88324,134.731,134.78,-0.0489281,-0.000925995,-0.0050579,-0.019664,-0.0156685,134.842,-0.0203364
4.88911,132.625,132.499,0.125929,-0.000922927,-0.00503863,-0.0195896,-0.0156384,132.56,-0.0203146
4.89497,130.124,130.118,0.0058249,-0.000919824,-0.00501941,-0.0195158,-0.0156085,130.179,-0.0202928
4.90083,127.76,127.652,0.107718,-0.00091669,-0.00500024,-0.0194425,-0.0155786,127.713,-0.020271
4.90669,125.143,125.114,0.028783,-0.000913529,-0.00498113,-0.0193697,-0.0155489,125.175,-0.020249
4.91255,122.453,122.517,-0.0644728,-0.000910345,-0.00496209,-0.0192974,-0.0155193,122.578,-0.020227
4.91842,119.904,119.875,0.0292214,-0.00090714,-0.00494312,-0.0192256,-0.0154898,119.935,-0.0202048
4.92428,117.151,117.198,-0.0469673,-0.000903918,-0.00492421,-0.0191543,-0.0154604,117.259,-0.0201826
4.93014,114.605,114.5,0.105907,-0.000900681,-0.00490539,-0.0190835,-0.0154312,114.56,-0.0201603
4.936,111.916,111.789,0.127283,-0.000897431,-0.00488664,-0.0190132,-0.015402,111.849,-0.020138
4.94187,109.125,109.076,0.0490967,-0.000894172,-0.00486797,-0.0189433,-0.0153729,109.136,-0.0201155
4.94773,106.448,106.37,0.0786907,-0.000890905,-0.00484939,-0.018874,-0.015344,106.43,-0.020093
4.95359,103.762,103.678,0.0839786,-0.000887632,-0.00483089,-0.0188051,-0.0153151,103.738,-0.0200704
4.95945,101.015,101.009,0.00602747,-0.000884355,-0.00481248,-0.0187367,-0.0152864,101.069,-0.0200477
4.96532,98.4627,98.3678,0.0948316,-0.000881076,-0.00479416,-0.0186688,-0.0152578,98.4275,-0.0200249
4.97118,95.7758,95.7609,0.0148041,-0.000877797,-0.00477594,-0.0186013,-0.0152293,95.8204,-0.020002
4.97704,93.2647,93.1931,0.0715725,-0.000874519,-0.00475781,-0.0185343,-0.0152008,93.2524,-0.0199791
4.9829,90.6079,90.6685,-0.0606088,-0.000871243,-0.00473977,-0.0184677,-0.0151725,90.7277,-0.019956
4.98876,88.191,88.1907,0.000277536,-0.000867971,-0.00472183,-0.0184016,-0.0151443,88.2498,-0.0199329
4.99463,85.8113,85.7627,0.0485848,-0.000864704,-0.00470399,-0.0183359,-0.0151162,85.8217,-0.0199097
5.00049,83.3352,83.387,-0.0518096,-0.000861443,-0.00468625,-0.0182707,-0.0150882,83.4458,-0.0198864
5.00635,81.0191,81.0654,-0.0462735,-0.000858189,-0.00466861,-0.0182059,-0.0150603,81.124,-0.0198631
5.01221,78.7436,78.7994,-0.0558301,-0.000854943,-0.00465107,-0.0181416,-0.0150325,78.8579,-0.0198396
5.01808,76.6516,76.5901,0.0615358,-0.000851706,-0.00463363,-0.0180776,-0.0150049,76.6484,-0.0198161
5.02394,74.3966,74.4381,-0.0414969,-0.000848479,-0.00461629,-0.0180141,-0.0149773,74.4963,-0.0197925
5.0298,72.3817,72.3438,0.0379213,-0.000845263,-0.00459905,-0.0179511,-0.0149498,72.4019,-0.0197688
5.03566,70.4725,70.3073,0.165226,-0.000842058,-0.00458192,-0.0178884,-0.0149224,70.3652,-0.019745
5.04152,68.4201,68.3283,0.0917912,-0.000838865,-0.00456489,-0.0178261,-0.0148951,68.3862,-0.0197212
5.04739,66.2883,66.4066,-0.118234,-0.000835684,-0.00454797,-0.0177643,-0.0148679,66.4643,-0.0196973
5.05325,64.5256,64.5414,-0.0157277,-0.000832516,-0.00453114,-0.0177029,-0.0148408,64.599,-0.0196732
5.05911,62.8341,62.732,0.102084,-0.000829362,-0.00451443,-0.0176419,-0.0148138,62.7895,-0.0196491
5.06497,60.9882,60.9776,0.0105821,-0.000826222,-0.00449781,-0.0175812,-0.0147869,61.0349,-0.019625
5.07084,59.3932,59.2772,0.115987,-0.000823097,-0.0044813,-0.017521,-0.0147601,59.3343,-0.0196007
5.0767,57.73,57.6296,0.100487,-0.000819986,-0.00446489,-0.0174612,-0.0147334,57.6866,-0.0195763
5.08256,56.1104,56.0336,0.076778,-0.00081689,-0.00444859,-0.0174017,-0.0147068,56.0905,-0.0195519
5.08842,54.4924,54.4881,0.00429947,-0.00081381,-0.00443239,-0.0173426,-0.0146803,54.5449,-0.0195274
5.09428,52.9502,52.9918,-0.0416561,-0.000810746,-0.00441629,-0.017284,-0.0146539,53.0485,-0.0195028
5.10015,51.5121,51.5434,-0.0312572,-0.000807698,-0.0044003,-0.0172257,-0.0146275,51.5999,-0.0194781
5.10601,50.1436,50.1415,0.0020527,-0.000804667,-0.0043844,-0.0171677,-0.0146013,50.1979,-0.0194534
5.11187,48.8405,48.7848,0.0556898,-0.000801652,-0.00436862,-0.0171102,-0.0145752,48.8411,-0.0194285
5.11773,47.5338,47.472,0.0617608,-0.000798653,-0.00435293,-0.017053,-0.0145491,47.5282,-0.0194036
5.1236,46.1963,46.2017,-0.00547026,-0.000795672,-0.00433734,-0.0169961,-0.0145232,46.2578,-0.0193786
5.12946,44.9817,44.9726,0.00908243,-0.000792707,-0.00432186,-0.0169397,-0.0144973,45.0286,-0.0193535
5.13532,43.8274,43.7834,0.0439873,-0.00078976,-0.00430647,-0.0168836,-0.0144716,43.8392,-0.0193283
5.14118,42.4951,42.6328,-0.137732,-0.00078683,-0.00429119,-0.0168278,-0.0144459,42.6885,-0.0193031
5.14704,41.4088,41.5195,-0.110726,-0.000783917,-0.00427601,-0.0167724,-0.0144203,41.575,-0.0192778
5.15291,40.3365,40.4423,-0.105749,-0.000781022,-0.00426092,-0.0167174,-0.0143948,40.4977,-0.0192523
5.15877,39.3522,39.3999,-0.0476731,-0.000778145,-0.00424593,-0.0166627,-0.0143694,39.4551,-0.0192268
5.16463,38.3538,38.3911,-0.0372565,-0.000775285,-0.00423105,-0.0166083,-0.0143441,38.4463,-0.0192013
5.17049,37.3822,37.4148,-0.0326095,-0.000772442,-0.00421626,-0.0165543,-0.0143188,37.4698,-0.0191756
5.17636,36.3799,36.4699,-0.0900236,-0.000769617,-0.00420156,-0.0165006,-0.0142937,36.5248,-0.0191498
5.18222,35.5952,35.5552,0.040035,-0.00076681,-0.00418697,-0.0164473,-0.0142686,35.61,-0.019124
5.18808,34.7109,34.6697,0.0412416,-0.000764021,-0.00417247,-0.0163942,-0.0142437,34.7244,-0.0190981
5.19394,33.6706,33.8124,-0.141741,-0.000761249,-0.00415806,-0.0163416,-0.0142188,33.8669,-0.0190721
5.1998,32.9434,32.9822,-0.0387814,-0.000758495,-0.00414375,-0.0162892,-0.014194,33.0366,-0.019046
5.20567,32.0614,32.1782,-0.116727,-0.000755758,-0.00412953,-0.0162372,-0.0141693,32.2325,-0.0190199
5.21153,31.529,31.3994,0.12961,-0.000753039,-0.00411541,-0.0161854,-0.0141447,31.4536,-0.0189936
5.21739,30.6425,30.645,-0.002448,-0.000750338,-0.00410138,-0.016134,-0.0141201,30.6991,-0.0189673
5.22325,29.8778,29.914,-0.0362664,-0.000747654,-0.00408744,-0.0160829,-0.0140957,29.968,-0.0189409
5.22912,29.2048,29.2057,-0.000936533,-0.000744988,-0.00407359,-0.0160321,-0.0140713,29.2596,-0.0189144
5.23498,28.5017,28.5192,-0.0175056,-0.000742338,-0.00405984,-0.0159817,-0.014047,28.573,-0.0188878
5.24084,27.8448,27.8538,-0.009043,-0.000739707,-0.00404617,-0.0159315,-0.0140228,27.9074,-0.0188612
5.2467,27.3552,27.2086,0.146597,-0.000737092,-0.00403259,-0.0158816,-0.0139987,27.2621,-0.0188345
5.25256,26.6502,26.583,0.0671773,-0.000734495,-0.0040191,-0.0158321,-0.0139746,26.6364,-0.0188076
5.25843,26.0777,25.9763,0.101377,-0.000731915,-0.0040057,-0.0157828,-0.0139507,26.0296,-0.0187807
5.26429,25.5272,25.3878,0.139459,-0.000729352,-0.00399239,-0.0157339,-0.0139268,25.4409,-0.0187538
5.27015,24.7671,24.8168,-0.0496758,-0.000726806,-0.00397917,-0.0156852,-0.013903,24.8698,-0.0187267
5.27601,24.4104,24.2627,0.147651,-0.000724276,-0.00396603,-0.0156368,-0.0138793,24.3156,-0.0186996
5.28188,23.8363,23.725,0.111319,-0.000721764,-0.00395297,-0.0155887,-0.0138557,23.7778,-0.0186723
5.28774,23.329,23.203,0.126034,-0.000719268,-0.00394,-0.0155409,-0.0138321,23.2557,-0.018645
5.2936,22.653,22.6962,-0.0432512,-0.000716789,-0.00392712,-0.0154934,-0.0138086,22.7488,-0.0186176
5.29946,22.2704,22.2041,0.0662639,-0.000714326,-0.00391431,-0.0154461,-0.0137852,22.2566,-0.0185902
5.30532,21.7867,21.7262,0.0605606,-0.00071188,-0.0039016,-0.0153992,-0.0137619,21.7785,-0.0185626
5.31119,21.23,21.2619,-0.0318493,-0.000709449,-0.00388896,-0.0153525,-0.0137387,21.3141,-0.018535
5.31705,21.0202,20.8108,0.209419,-0.000707036,-0.0038764,-0.015306,-0.0137155,20.8629,-0.0185072
5.32291,20.4905,20.3724,0.118084,-0.000704638,-0.00386393,-0.0152599,-0.0136924,20.4244,-0.0184794
5.32877,19.9601,19.9463,0.0137674,-0.000702256,-0.00385153,-0.015214,-0.0136694,19.9982,-0.0184515
5.33464,19.556,19.5322,0.0238077,-0.00069989,-0.00383922,-0.0151684,-0.0136465,19.5839,-0.0184236
5.3405,19.2246,19.1295,0.0951419,-0.00069754,-0.00382698,-0.0151231,-0.0136237,19.1811,-0.0183955
5.34636,18.8754,18.7378,0.13753,-0.000695205,-0.00381482,-0.015078,-0.0136009,18.7894,-0.0183674
5.35222,18.4549,18.3569,0.0979173,-0.000692886,-0.00380274,-0.0150332,-0.0135782,18.4084,-0.0183392
5.35809,18.1331,17.9864,0.14667,-0.000690582,-0.00379074,-0.0149886,-0.0135556,18.0377,-0.0183109
5.36395,17.8113,17.6259,0.18543,-0.000688294,-0.00377881,-0.0149443,-0.013533,17.6771,-0.0182825
5.36981,17.214,17.275,-0.0609634,-0.000686021,-0.00376696,-0.0149002,-0.0135105,17.3261,-0.018254
5.37567,16.8701,16.9335,-0.0634105,-0.000683762,-0.00375518,-0.0148564,-0.0134881,16.9845,-0.0182255
5.38153,16.4936,16.601,-0.107427,-0.000681519,-0.00374348,-0.0148129,-0.0134658,16.6519,-0.0181969
5.3874,16.2556,16.2773,-0.0217111,-0.000679291,-0.00373185,-0.0147696,-0.0134435,16.3281,-0.0181681
5.39326,16.0945,15.9621,0.13242,-0.000677077,-0.00372029,-0.0147265,-0.0134214,16.0128,-0.0181394
5.39912,15.7584,15.6551,0.103309,-0.000674878,-0.00370881,-0.0146837,-0.0133993,15.7056,-0.0181105
5.40498,15.2885,15.356,-0.0674625,-0.000672694,-0.0036974,-0.0146411,-0.0133772,15.4064,-0.0180815
5.41085,15.0176,15.0645,-0.0469323,-0.000670523,-0.00368606,-0.0145988,-0.0133553,15.1149,-0.0180525
5.41671,14.8659,14.7805,0.085376,-0.000668367,-0.00367479,-0.0145567,-0.0133334,14.8308,-0.0180234
5.42257,14.48,14.5037,-0.0237264,-0.000666226,-0.00366359,-0.0145148,-0.0133115,14.5539,-0.0179942
5.42843,14.2189,14.2339,-0.0149625,-0.000664098,-0.00365246,-0.0144732,-0.0132898,14.2839,-0.0179649
5.43429,13.9968,13.9708,0.025954,-0.000661984,-0.00364139,-0.0144318,-0.0132681,14.0207,-0.0179355
5.44016,13.5497,13.7143,-0.164553,-0.000659884,-0.0036304,-0.0143907,-0.0132465,13.7641,-0.0179061
5.44602,13.4905,13.4641,0.0264459,-0.000657798,-0.00361948,-0.0143497,-0.013225,13.5138,-0.0178765
5.45188,13.262,13.22,0.0420556,-0.000655725,-0.00360862,-0.014309,-0.0132035,13.2696,-0.0178469
5.45774,13.0502,12.9819,0.0683422,-0.000653666,-0.00359782,-0.0142685,-0.0131821,13.0314,-0.0178172
5.46361,12.6782,12.7495,-0.0713382,-0.00065162,-0.0035871,-0.0142283,-0.0131608,12.799,-0.0177874
5.46947,12.4297,12.5228,-0.0931194,-0.000649587,-0.00357644,-0.0141882,-0.0131395,12.5721,-0.0177576
5.47533,12.2182,12.3015,-0.0832986,-0.000647567,-0.00356584,-0.0141484,-0.0131183,12.3507,-0.0177276
5.48119,12.0859,12.0854,0.00051269,-0.000645561,-0.00355531,-0.0141088,-0.0130972,12.1345,-0.0176976
5.48705,11.883,11.8745,0.00849365,-0.000643567,-0.00354484,-0.0140694,-0.0130761,11.9235,-0.0176675
5.49292,11.6849,11.6685,0.0164001,-0.000641586,-0.00353444,-0.0140303,-0.0130551,11.7174,-0.0176373
5.49878,11.6449,11.4673,0.177529,-0.000639618,-0.0035241,-0.0139913,-0.0130342,11.5161,-0.017607
5.50464,11.4503,11.2708,0.179515,-0.000637663,-0.00351381,-0.0139526,-0.0130133,11.3195,-0.0175767
5.5105,11.0659,11.0789,-0.0129829,-0.000635719,-0.0035036,-0.013914,-0.0129925,11.1274,-0.0175462
5.51637,10.8268,10.8913,-0.0644496,-0.000633789,-0.00349344,-0.0138757,-0.0129718,10.9398,-0.0175157
5.52223,10.8541,10.708,0.146153,-0.00063187,-0.00348334,-0.0138376,-0.0129512,10.7564,-0.0174851
5.52809,10.5443,10.5288,0.0154606,-0.000629964,-0.00347331,-0.0137996,-0.0129306,10.5771,-0.0174544
5.53395,10.4918,10.3537,0.138057,-0.000628069,-0.00346333,-0.0137619,-0.01291,10.4019,-0.0174237
5.53981,10.3784,10.1825,0.195836,-0.000626187,-0.00345341,-0.0137244,-0.0128896,10.2306,-0.0173928
5.54568,10.0241,10.0151,0.00896821,-0.000624316,-0.00344355,-0.0136871,-0.0128692,10.0631,-0.0173619
5.55154,9.83042,9.85145,-0.0210277,-0.000622457,-0.00343375,-0.01365,-0.0128488,9.89934,-0.0173309
5.5574,9.69498,9.69136,0.00361764,-0.00062061,-0.003424,-0.013613,-0.0128285,9.73915,-0.0172998
5.56326,9.45552,9.53477,-0.0792525,-0.000618775,-0.00341432,-0.0135763,-0.0128083,9.58246,-0.0172686
5.56913,9.26662,9.38158,-0.114963,-0.00061695,-0.00340469,-0.0135398,-0.0127882,9.42917,-0.0172373
5.57499,9.16107,9.2317,-0.0706289,-0.000615137,-0.00339511,-0.0135034,-0.0127681,9.27919,-0.017206
5.58085,9.14736,9.08504,0.0623206,-0.000613336,-0.00338559,-0.0134673,-0.0127481,9.13243,-0.0171746
5.58671,8.91968,8.9415,-0.0218268,-0.000611545,-0.00337613,-0.0134313,-0.0127281,8.98879,-0.0171431
5.59257,8.77702,8.80101,-0.0239905,-0.000609766,-0.00336672,-0.0133955,-0.0127082,8.84821,-0.0171115
5.59844,8.61419,8.66349,-0.0493025,-0.000607997,-0.00335737,-0.01336,-0.0126884,8.71058,-0.0170798
5.6043,8.38617,8.52885,-0.142676,-0.000606239,-0.00334806,-0.0133246,-0.0126686,8.57585,-0.017048
5.61016,8.49816,8.39702,0.101146,-0.000604492,-0.00333882,-0.0132893,-0.0126489,8.44392,-0.0170162
5.61602,8.07721,8.26792,-0.190706,-0.000602756,-0.00332962,-0.0132543,-0.0126293,8.31472,-0.0169843
5.62189,8.0243,8.14148,-0.117185,-0.00060103,-0.00332048,-0.0132194,-0.0126097,8.18819,-0.0169523
5.62775,8.03824,8.01764,0.0206014,-0.000599315,-0.00331139,-0.0131848,-0.0125901,8.06425,-0.0169202
5.63361,7.77184,7.89632,-0.12448,-0.00059761,-0.00330235,-0.0131503,-0.0125707,7.94283,-0.016888
5.63947,7.80034,7.77746,0.0228756,-0.000595916,-0.00329336,-0.0131159,-0.0125513,7.82387,-0.0168558
5.64533,7.78989,7.661,0.128894,-0.000594231,-0.00328442,-0.0130818,-0.0125319,7.70732,-0.0168234
5.6512,7.50613,7.54687,-0.0407435,-0.000592557,-0.00327554,-0.0130478,-0.0125126,7.59309,-0.016791
5.65706,7.44533,7.43502,0.0103069,-0.000590893,-0.0032667,-0.013014,-0.0124934,7.48114,-0.0167585
5.66292,7.2252,7.32538,-0.100182,-0.000589239,-0.00325791,-0.0129804,-0.0124742,7.37141,-0.016726
5.66878,7.23891,7.21791,0.0209943,-0.000587594,-0.00324918,-0.0129469,-0.0124551,7.26384,-0.0166933
5.67465,7.12999,7.11255,0.0174408,-0.000585959,-0.00324049,-0.0129136,-0.012436,7.15839,-0.0166606
5.68051,7.03777,7.00924,0.0285351,-0.000584334,-0.00323184,-0.0128805,-0.012417,7.05498,-0.0166277
5.68637,7.04959,6.90794,0.141658,-0.000582719,-0.00322325,-0.0128476,-0.0123981,6.95358,-0.0165948
5.69223,6.89883,6.80859,0.0902489,-0.000581113,-0.0032147,-0.0128148,-0.0123792,6.85414,-0.0165618
5.69809,6.86945,6.71114,0.158308,-0.000579517,-0.00320621,-0.0127822,-0.0123604,6.7566,-0.0165288
5.70396,6.72642,6.61556,0.110856,-0.00057793,-0.00319775,-0.0127497,-0.0123416,6.66092,-0.0164956
5.70982,6.44352,6.5218,-0.0782786,-0.000576352,-0.00318935,-0.0127174,-0.0123229,6.56706,-0.0164624
5.71568,6.43419,6.4298,0.00438886,-0.000574784,-0.00318099,-0.0126852,-0.0123043,6.47498,-0.0164291
5.72154,6.39052,6.33953,0.0509806,-0.000573224,-0.00317267,-0.0126533,-0.0122857,6.38462,-0.0163957
5.72741,6.13135,6.25096,-0.119606,-0.000571674,-0.0031644,-0.0126214,-0.0122671,6.29594,-0.0163622
5.73327,6.25839,6.16403,0.0943631,-0.000570132,-0.00315618,-0.0125898,-0.0122486,6.20892,-0.0163286
5.73913,6.11657,6.0787,0.0378671,-0.0005686,-0.003148,-0.0125583,-0.0122302,6.1235,-0.016295
5.74499,6.04452,5.99495,0.049574,-0.000567076,-0.00313986,-0.0125269,-0.0122118,6.03966,-0.0162612
5.75085,5.84522,5.91273,-0.0675156,-0.000565561,-0.00313177,-0.0124957,-0.0121935,5.95735,-0.0162274
5.75672,5.82185,5.83201,-0.0101655,-0.000564055,-0.00312372,-0.0124647,-0.0121752,5.87653,-0.0161935
5.76258,5.78151,5.75275,0.028752,-0.000562557,-0.00311572,-0.0124338,-0.012157,5.79718,-0.0161595
5.76844,5.65566,5.67493,-0.0192681,-0.000561068,-0.00310775,-0.012403,-0.0121389,5.71926,-0.0161255
5.7743,5.60367,5.5985,0.00517241,-0.000559587,-0.00309983,-0.0123724,-0.0121207,5.64274,-0.0160913
5.78017,5.32607,5.52343,-0.197355,-0.000558115,-0.00309195,-0.012342,-0.0121027,5.56758,-0.0160571
5.78603,5.52373,5.4497,0.0740351,-0.00055665,-0.00308412,-0.0123117,-0.0120847,5.49376,-0.0160228
5.79189,5.29653,5.37727,-0.0807346,-0.000555195,-0.00307632,-0.0122815,-0.0120667,5.42123,-0.0159884
5.79775,5.07709,5.30611,-0.229025,-0.000553747,-0.00306857,-0.0122515,-0.0120489,5.34999,-0.015954
5.80362,5.07927,5.2362,-0.15693,-0.000552307,-0.00306085,-0.0122216,-0.012031,5.27999,-0.0159194
5.80948,5.0442,5.16751,-0.123305,-0.000550876,-0.00305318,-0.0121919,-0.0120132,5.2112,-0.0158848
5.81534,5.11832,5.10001,0.018314,-0.000549452,-0.00304555,-0.0121623,-0.0119955,5.14361,-0.01585
5.8212,4.95546,5.03367,-0.0782142,-0.000548037,-0.00303795,-0.0121329,-0.0119778,5.07718,-0.0158152
5.82706,4.97561,4.96847,0.00713678,-0.000546629,-0.0030304,-0.0121036,-0.0119602,5.01189,-0.0157804
5.83293,4.8185,4.90439,-0.0858853,-0.000545229,-0.00302288,-0.0120744,-0.0119426,4.94772,-0.0157454
5.83879,5.02969,4.84139,0.188299,-0.000543836,-0.00301541,-0.0120454,-0.0119251,4.88463,-0.0157104
5.84465,4.89152,4.77947,0.112056,-0.000542451,-0.00300797,-0.0120165,-0.0119076,4.82262,-0.0156752
5.85051,4.94238,4.71858,0.223795,-0.000541074,-0.00300057,-0.0119877,-0.0118902,4.76164,-0.01564
5.85638,4.63266,4.65872,-0.0260583,-0.000539705,-0.00299321,-0.0119591,-0.0118728,4.70169,-0.0156047
5.86224,4.65895,4.59985,0.0590971,-0.000538342,-0.00298589,-0.0119306,-0.0118555,4.64273,-0.0155693
5.8681,4.47209,4.54196,-0.0698712,-0.000536988,-0.0029786,-0.0119023,-0.0118382,4.58475,-0.0155339
5.87396,4.52288,4.48503,0.0378503,-0.00053564,-0.00297135,-0.0118741,-0.011821,4.52773,-0.0154983
5.87982,4.50871,4.42904,0.0796736,-0.0005343,-0.00296414,-0.011846,-0.0118038,4.47165,-0.0154627
5.88569,4.2494,4.37396,-0.124554,-0.000532967,-0.00295696,-0.011818,-0.0117867,4.41648,-0.015427
5.89155,4.17764,4.31978,-0.142135,-0.000531641,-0.00294982,-0.0117902,-0.0117696,4.36221,-0.0153912
5.89741,4.11623,4.26648,-0.150248,-0.000530322,-0.00294272,-0.0117625,-0.0117526,4.30882,-0.0153554
5.90327,4.02918,4.21404,-0.184859,-0.00052901,-0.00293565,-0.011735,-0.0117356,4.25629,-0.0153194
5.90914,4.0409,4.16244,-0.121539,-0.000527706,-0.00292862,-0.0117075,-0.0117187,4.20461,-0.0152834
5.915,3.98726,4.11167,-0.124409,-0.000526408,-0.00292162,-0.0116802,-0.0117018,4.15375,-0.0152472
5.92086,3.89018,4.06171,-0.171536,-0.000525117,-0.00291466,-0.011653,-0.011685,4.1037,-0.0152111
5.92672,3.97405,4.01254,-0.0384885,-0.000523833,-0.00290773,-0.0116259,-0.0116682,4.05444,-0.0151748
5.93258,4.00829,3.96415,0.0441389,-0.000522555,-0.00290084,-0.011599,-0.0116514,4.00596,-0.0151384
5.93845,3.80798,3.91652,-0.108537,-0.000521285,-0.00289398,-0.0115722,-0.0116348,3.95825,-0.015102
5.94431,3.78757,3.86964,-0.082067,-0.000520021,-0.00288715,-0.0115455,-0.0116181,3.91127,-0.0150654
5.95017,3.80324,3.82348,-0.02024,-0.000518763,-0.00288036,-0.0115189,-0.0116015,3.86503,-0.0150288
5.95603,3.75348,3.77805,-0.0245674,-0.000517512,-0.0028736,-0.0114925,-0.011585,3.81951,-0.0149921
5.9619,3.66271,3.73331,-0.0705977,-0.000516268,-0.00286688,-0.0114661,-0.0115685,3.77468,-0.0149554
5.96776,3.74899,3.68926,0.0597244,-0.00051503,-0.00286018,-0.0114399,-0.011552,3.73055,-0.0149185
5.97362,3.74821,3.64589,0.102316,-0.000513798,-0.00285352,-0.0114138,-0.0115356,3.68709,-0.0148816
5.97948,3.70232,3.60318,0.0991361,-0.000512573,-0.0028469,-0.0113878,-0.0115193,3.64429,-0.0148445
5.98534,3.57459,3.56112,0.013465,-0.000511354,-0.0028403,-0.011362,-0.0115029,3.60214,-0.0148074
5.99121,3.71683,3.5197,0.19713,-0.000510142,-0.00283374,-0.0113362,-0.0114867,3.56063,-0.0147702
5.99707,3.70767,3.47889,0.228775,-0.000508935,-0.00282721,-0.0113106,-0.0114705,3.51974,-0.014733
6.00293,3.4726,3.43871,0.033891,-0.000507735,-0.00282071,-0.0112851,-0.0114543,3.47947,-0.0146956
6.00879,3.40142,3.39912,0.00230486,-0.000506541,-0.00281424,-0.0112597,-0.0114382,3.43979,-0.0146582
6.01466,3.47778,3.36012,0.117659,-0.000505352,-0.0028078,-0.0112344,-0.0114221,3.40071,-0.0146207
6.02052,3.28433,3.32169,-0.0373601,-0.00050417,-0.00280139,-0.0112092,-0.011406,3.3622,-0.0145831
6.02638,3.31426,3.28384,0.0304187,-0.000502994,-0.00279501,-0.0111841,-0.01139,3.32426,-0.0145454
6.03224,3.26368,3.24654,0.0171382,-0.000501824,-0.00278867,-0.0111592,-0.0113741,3.28687,-0.0145076
6.0381,3.15145,3.20979,-0.0583355,-0.000500659,-0.00278235,-0.0111343,-0.0113582,3.25003,-0.0144698
6.04397,3.13759,3.17357,-0.0359797,-0.0004995,-0.00277606,-0.0111096,-0.0113423,3.21373,-0.0144319
6.04983,2.98077,3.13788,-0.157107,-0.000498348,-0.00276981,-0.011085,-0.0113265,3.17795,-0.0143938
6.05569,3.00738,3.1027,-0.0953214,-0.0004972,-0.00276358,-0.0110605,-0.0113107,3.14269,-0.0143558
6.06155,2.8527,3.06803,-0.215327,-0.000496059,-0.00275738,-0.011036,-0.011295,3.10793,-0.0143176
6.06742,3.19038,3.03386,0.156522,-0.000494923,-0.00275121,-0.0110117,-0.0112793,3.07368,-0.0142793
6.07328,3.19438,3.00017,0.194205,-0.000493793,-0.00274507,-0.0109875,-0.0112637,3.03991,-0.014241
6.07914,3.14604,2.96697,0.179073,-0.000492668,-0.00273896,-0.0109634,-0.0112481,3.00661,-0.0142026
6.085,3.02036,2.93423,0.0861308,-0.000491549,-0.00273287,-0.0109394,-0.0112325,2.97379,-0.0141641
6.09086,3.02665,2.90196,0.124685,-0.000490436,-0.00272682,-0.0109155,-0.011217,2.94144,-0.0141255
6.09673,3.03249,2.87014,0.162344,-0.000489327,-0.00272079,-0.0108918,-0.0112015,2.90953,-0.0140868
6.10259,2.98795,2.83877,0.149185,-0.000488224,-0.00271479,-0.0108681,-0.0111861,2.87807,-0.0140481
6.10845,2.94375,2.80783,0.135914,-0.000487127,-0.00270882,-0.0108445,-0.0111707,2.84705,-0.0140092
6.11431,2.73462,2.77733,-0.0427027,-0.000486035,-0.00270288,-0.010821,-0.0111554,2.81646,-0.0139703
6.12018,2.77884,2.74724,0.0316019,-0.000484948,-0.00269696,-0.0107976,-0.0111401,2.78629,-0.0139313
6.12604,2.67957,2.71757,-0.0380038,-0.000483866,-0.00269107,-0.0107743,-0.0111248,2.75654,-0.0138922
6.1319,2.56779,2.68831,-0.120525,-0.00048279,-0.00268521,-0.0107512,-0.0111096,2.72719,-0.0138531
6.13776,2.51789,2.65945,-0.141561,-0.000481719,-0.00267937,-0.0107281,-0.0110944,2.69825,-0.0138138
6.14362,2.63279,2.63098,0.00180323,-0.000480652,-0.00267356,-0.0107051,-0.0110793,2.6697,-0.0137745
6.14949,2.70735,2.6029,0.104444,-0.000479591,-0.00266777,-0.0106822,-0.0110642,2.64153,-0.0137351
6.15535,2.47949,2.5752,-0.0957094,-0.000478535,-0.00266202,-0.0106594,-0.0110491,2.61375,-0.0136956
6.16121,2.6891,2.54788,0.141223,-0.000477484,-0.00265629,-0.0106367,-0.0110341,2.58634,-0.013656
6.16707,2.70685,2.52092,0.185935,-0.000476438,-0.00265058,-0.0106141,-0.0110191,2.55929,-0.0136164
6.17294,2.51719,2.49432,0.0228756,-0.000475397,-0.0026449,-0.0105916,-0.0110042,2.53261,-0.0135766
6.1788,2.43414,2.46807,-0.0339268,-0.000474361,-0.00263924,-0.0105692,-0.0109893,2.50628,-0.0135368
6.18466,2.4284,2.44217,-0.0137748,-0.000473329,-0.00263361,-0.0105469,-0.0109745,2.4803,-0.0134969
6.19052,2.50945,2.41662,0.0928346,-0.000472303,-0.00262801,-0.0105246,-0.0109596,2.45466,-0.0134569
6.19638,2.38606,2.3914,-0.00534711,-0.000471281,-0.00262243,-0.0105025,-0.0109449,2.42936,-0.0134168
6.20225,2.2627,2.36652,-0.103816,-0.000470264,-0.00261687,-0.0104805,-0.0109301,2.40439,-0.0133767
6.20811,2.34689,2.34196,0.00493148,-0.000469252,-0.00261134,-0.0104585,-0.0109154,2.37975,-0.0133365
6.21397,2.12547,2.31772,-0.192247,-0.000468244,-0.00260584,-0.0104367,-0.0109008,2.35543,-0.0132962
6.21983,2.25281,2.2938,-0.0409821,-0.000467241,-0.00260035,-0.0104149,-0.0108862,2.33142,-0.0132558
6.2257,2.37169,2.27018,0.10151,-0.000466243,-0.0025949,-0.0103932,-0.0108716,2.30772,-0.0132153
6.23156,2.3097,2.24687,0.0628253,-0.000465249,-0.00258946,-0.0103716,-0.0108571,2.28433,-0.0131747
6.23742,2.32036,2.22386,0.0964937,-0.00046426,-0.00258405,-0.0103501,-0.0108426,2.26124,-0.0131341
6.24328,2.28039,2.20115,0.079242,-0.000463275,-0.00257867,-0.0103287,-0.0108281,2.23844,-0.0130933
6.24915,2.27512,2.17872,0.0963958,-0.000462295,-0.0025733,-0.0103074,-0.0108137,2.21593,-0.0130525
6.25501,2.20253,2.15658,0.045944,-0.000461319,-0.00256796,-0.0102861,-0.0107993,2.19371,-0.0130116
6.26087,2.07255,2.13472,-0.062174,-0.000460348,-0.00256265,-0.010265,-0.010785,2.17177,-0.0129707
6.26673,2.07623,2.11314,-0.0369066,-0.000459381,-0.00255735,-0.0102439,-0.0107707,2.1501,-0.0129296
6.27259,2.07693,2.09183,-0.0149043,-0.000458419,-0.00255208,-0.0102229,-0.0107564,2.12871,-0.0128885
6.27846,2.18957,2.07079,0.118783,-0.00045746,-0.00254683,-0.010202,-0.0107422,2.10758,-0.0128473
6.28432,2.24394,2.05001,0.193934,-0.000456507,-0.00254161,-0.0101812,-0.010728,2.08672,-0.012806
6.29018,2.13097,2.02949,0.101489,-0.000455557,-0.0025364,-0.0101605,-0.0107138,2.06612,-0.0127646
6.29604,1.97105,2.00922,-0.0381678,-0.000454612,-0.00253122,-0.0101399,-0.0106997,2.04577,-0.0127231
6.30191,1.91135,1.9892,-0.0778551,-0.00045367,-0.00252606,-0.0101193,-0.0106856,2.02567,-0.0126816
6.30777,1.9314,1.96944,-0.0380322,-0.000452734,-0.00252092,-0.0100988,-0.0106716,2.00582,-0.0126399
6.31363,2.0742,1.94991,0.124293,-0.000451801,-0.00251581,-0.0100784,-0.0106575,1.98621,-0.0125982
6.31949,2.00306,1.93063,0.0724318,-0.000450872,-0.00251071,-0.0100581,-0.0106436,1.96684,-0.0125564
6.32535,1.93126,1.91158,0.0196867,-0.000449948,-0.00250564,-0.0100379,-0.0106296,1.94771,-0.0125145
6.33122,1.82893,1.89276,-0.0638281,-0.000449027,-0.00250059,-0.0100177,-0.0106157,1.92881,-0.0124726
6.33708,1.94244,1.87417,0.0682762,-0.000448111,-0.00249556,-0.00999765,-0.0106019,1.91014,-0.0124305
6.34294,1.90715,1.8558,0.0513456,-0.000447198,-0.00249055,-0.00997765,-0.010588,1.89169,-0.0123884
6.3488,1.85148,1.83766,0.0138254,-0.00044629,-0.00248556,-0.00995774,-0.0105743,1.87347,-0.0123462
6.35467,1.83702,1.81973,0.0172863,-0.000445385,-0.0024806,-0.0099379,-0.0105605,1.85546,-0.0123039
6.36053,1.97137,1.80202,0.169349,-0.000444485,-0.00247565,-0.00991814,-0.0105468,1.83767,-0.0122615
6.36639,1.82332,1.78452,0.0387917,-0.000443588,-0.00247073,-0.00989846,-0.0105331,1.82009,-0.0122191
6.37225,1.94323,1.76723,0.175999,-0.000442695,-0.00246582,-0.00987886,-0.0105194,1.80272,-0.0121766
6.37811,1.92475,1.75015,0.174605,-0.000441807,-0.00246093,-0.00985934,-0.0105058,1.78555,-0.0121339
6.38398,1.79394,1.73326,0.0606794,-0.000440922,-0.00245607,-0.00983989,-0.0104923,1.76858,-0.0120912
6.38984,1.82241,1.71658,0.105831,-0.00044004,-0.00245123,-0.00982051,-0.0104787,1.75182,-0.0120484
6.3957,1.72335,1.70009,0.0232579,-0.000439163,-0.0024464,-0.00980121,-0.0104652,1.73525,-0.0120056
6.40156,1.61507,1.68379,-0.0687227,-0.000438289,-0.0024416,-0.00978199,-0.0104517,1.71887,-0.0119626
6.40743,1.62484,1.66769,-0.0428457,-0.000437419,-0.00243681,-0.00976284,-0.0104383,1.70268,-0.0119196
6.41329,1.55571,1.65177,-0.096066,-0.000436553,-0.00243204,-0.00974377,-0.0104249,1.68669,-0.0118765
6.41915,1.65935,1.63604,0.0233068,-0.00043569,-0.0024273,-0.00972477,-0.0104115,1.67087,-0.0118333
6.42501,1.63223,1.62049,0.0117393,-0.000434831,-0.00242257,-0.00970584,-0.0103982,1.65524,-0.01179
6.43087,1.66615,1.60512,0.0610363,-0.000433976,-0.00241786,-0.00968699,-0.0103849,1.63979,-0.0117467
6.43674,1.69044,1.58992,0.100523,-0.000433124,-0.00241317,-0.0096682,-0.0103716,1.62451,-0.0117032
6.4426,1.31076,1.5749,-0.26414,-0.000432276,-0.0024085,-0.00964949,-0.0103584,1.60941,-0.0116597
6.44846,1.51389,1.56005,-0.046167,-0.000431432,-0.00240385,-0.00963086,-0.0103452,1.59448,-0.0116161
6.45432,1.36302,1.54537,-0.182355,-0.000430591,-0.00239922,-0.00961229,-0.010332,1.57972,-0.0115724
6.46019,1.49542,1.53086,-0.0354434,-0.000429753,-0.00239461,-0.00959379,-0.0103189,1.56513,-0.0115286
6.46605,1.42555,1.51651,-0.0909594,-0.000428919,-0.00239001,-0.00957537,-0.0103058,1.5507,-0.0114848
6.47191,1.48835,1.50232,-0.0139695,-0.000428089,-0.00238543,-0.00955701,-0.0102927,1.53643,-0.0114408
6.47777,1.61774,1.4883,0.129443,-0.000427262,-0.00238087,-0.00953873,-0.0102797,1.52232,-0.0113968
6.48363,1.35373,1.47443,-0.1207,-0.000426438,-0.00237633,-0.00952051,-0.0102667,1.50837,-0.0113527
6.4895,1.44608,1.46071,-0.0146383,-0.000425618,-0.00237181,-0.00950236,-0.0102537,1.49458,-0.0113085
6.49536,1.43867,1.44715,-0.00848591,-0.000424801,-0.00236731,-0.00948428,-0.0102408,1.48093,-0.0112643
6.50122,1.25408,1.43374,-0.179662,-0.000423987,-0.00236282,-0.00946627,-0.0102278,1.46744,-0.0112199
6.50708,1.43179,1.42048,0.0113068,-0.000423177,-0.00235835,-0.00944833,-0.010215,1.4541,-0.0111755
6.51295,1.41742,1.40737,0.010051,-0.00042237,-0.0023539,-0.00943045,-0.0102021,1.44091,-0.011131
6.51881,1.35228,1.3944,-0.0421187,-0.000421567,-0.00234946,-0.00941265,-0.0101893,1.42785,-0.0110864
6.52467,1.30348,1.38157,-0.0780905,-0.000420766,-0.00234505,-0.0093949,-0.0101766,1.41495,-0.0110417
6.53053,1.65531,1.36888,0.286431,-0.000419969,-0.00234065,-0.00937723,-0.0101638,1.40218,-0.010997
6.53639,1.40809,1.35633,0.051759,-0.000419176,-0.00233627,-0.00935962,-0.0101511,1.38955,-0.0109521
6.54226,1.19111,1.34392,-0.152808,-0.000418385,-0.0023319,-0.00934207,-0.0101384,1.37706,-0.0109072
6.54812,1.2004,1.33164,-0.131239,-0.000417598,-0.00232755,-0.00932459,-0.0101258,1.3647,-0.0108622
6.55398,1.24856,1.3195,-0.070938,-0.000416813,-0.00232322,-0.00930718,-0.0101132,1.35248,-0.0108171
6.55984,1.25295,1.30749,-0.054543,-0.000416032,-0.00231891,-0.00928983,-0.0101006,1.34039,-0.0107719
6.56571,1.27513,1.29561,-0.0204764,-0.000415254,-0.00231461,-0.00927254,-0.010088,1.32842,-0.0107267
6.57157,1.18124,1.28385,-0.102609,-0.000414479,-0.00231033,-0.00925532,-0.0100755,1.31659,-0.0106813
6.57743,1.29651,1.27222,0.024287,-0.000413708,-0.00230606,-0.00923816,-0.010063,1.30488,-0.0106359
6.58329,1.22526,1.26072,-0.0354524,-0.000412939,-0.00230181,-0.00922107,-0.0100505,1.29329,-0.0105904
6.58915,1.11231,1.24933,-0.13703,-0.000412173,-0.00229758,-0.00920403,-0.0100381,1.28183,-0.0105448
6.59502,1.12257,1.23807,-0.115499,-0.000411411,-0.00229336,-0.00918706,-0.0100257,1.27049,-0.0104992
6.60088,1.159,1.22693,-0.0679332,-0.000410651,-0.00228916,-0.00917015,-0.0100133,1.25927,-0.0104534
6.60674,1.27989,1.21591,0.0639851,-0.000409895,-0.00228498,-0.00915331,-0.010001,1.24816,-0.0104076
6.6126,1.27383,1.205,0.0688275,-0.000409141,-0.00228081,-0.00913652,-0.00998868,1.23718,-0.0103617
6.61847,1.18602,1.19421,-0.0081854,-0.00040839,-0.00227666,-0.0091198,-0.0099764,1.2263,-0.0103157
6.62433,1.18636,1.18353,0.00283398,-0.000407643,-0.00227252,-0.00910313,-0.00996415,1.21554,-0.0102696
6.63019,1.19774,1.17296,0.0247842,-0.000406898,-0.0022684,-0.00908653,-0.00995193,1.2049,-0.0102235
6.63605,1.36783,1.1625,0.205327,-0.000406156,-0.0022643,-0.00906999,-0.00993975,1.19436,-0.0101772
6.64191,1.15824,1.15215,0.00608902,-0.000405417,-0.00226021,-0.0090535,-0.00992759,1.18393,-0.0101309
6.64778,1.1917,1.14191,0.0497899,-0.000404681,-0.00225613,-0.00903708,-0.00991546,1.17361,-0.0100845
6.65364,1.21941,1.13177,0.0876346,-0.000403948,-0.00225207,-0.00902071,-0.00990336,1.16339,-0.010038
6.6595,1.06052,1.12174,-0.0612199,-0.000403217,-0.00224803,-0.00900441,-0.00989128,1.15328,-0.00999144
6.66536,1.1149,1.11181,0.00308874,-0.00040249,-0.002244,-0.00898816,-0.00987924,1.14327,-0.00994478
6.67123,1.12191,1.10199,0.0199197,-0.000401765,-0.00223998,-0.00897197,-0.00986723,1.13337,-0.00989805
6.67709,1.05682,1.09226,-0.0354395,-0.000401043,-0.00223599,-0.00895584,-0.00985525,1.12356,-0.00985123
6.68295,1.12955,1.08264,0.0469113,-0.000400324,-0.002232,-0.00893976,-0.00984329,1.11386,-0.00980434
6.68881,1.18869,1.07311,0.115583,-0.000399607,-0.00222803,-0.00892374,-0.00983137,1.10425,-0.00975735
6.69468,1.20956,1.06368,0.145887,-0.000398894,-0.00222408,-0.00890778,-0.00981947,1.09474,-0.00971029
6.70054,1.0832,1.05434,0.0288616,-0.000398183,-0.00222014,-0.00889188,-0.0098076,1.08532,-0.00966315
6.7064,1.07526,1.0451,0.0301628,-0.000397474,-0.00221621,-0.00887603,-0.00979576,1.076,-0.00961592
6.71226,1.27263,1.03595,0.236676,-0.000396769,-0.0022123,-0.00886024,-0.00978395,1.06677,-0.00956861
6.71812,0.996002,1.02689,-0.0308911,-0.000396066,-0.0022084,-0.0088445,-0.00977217,1.05764,-0.00952121
6.72399,1.03321,1.01793,0.0152815,-0.000395366,-0.00220452,-0.00882882,-0.00976042,1.04859,-0.00947374
6.72985,1.10192,1.00905,0.0928637,-0.000394668,-0.00220065,-0.0088132,-0.00974869,1.03964,-0.00942618
6.73571,1.04582,1.00026,0.0455581,-0.000393973,-0.0021968,-0.00879763,-0.00973699,1.03077,-0.00937854
6.74157,1.07118,0.991564,0.0796185,-0.00039328,-0.00219295,-0.00878211,-0.00972532,1.02199,-0.00933082
6.74744,1.02668,0.982951,0.043731,-0.000392591,-0.00218913,-0.00876665,-0.00971368,1.0133,-0.00928302
6.7533,1.06281,0.974422,0.0883828,-0.000391903,-0.00218532,-0.00875124,-0.00970207,1.00469,-0.00923513
6.75916,1.11821,0.965978,0.15223,-0.000391219,-0.00218152,-0.00873589,-0.00969048,0.996165,-0.00918716
6.76502,0.985528,0.957618,0.0279104,-0.000390537,-0.00217773,-0.00872059,-0.00967892,0.987725,-0.00913911
6.77088,0.979912,0.949339,0.0305732,-0.000389857,-0.00217396,-0.00870534,-0.00966739,0.979367,-0.00909098
6.77675,0.948401,0.941142,0.00725961,-0.00038918,-0.0021702,-0.00869015,-0.00965589,0.97109,-0.00904276
6.78261,0.90005,0.933024,-0.0329739,-0.000388505,-0.00216646,-0.00867501,-0.00964441,0.962893,-0.00899447
6.78847,0.916569,0.924986,-0.00841699,-0.000387833,-0.00216273,-0.00865992,-0.00963296,0.954776,-0.00894609
6.79433,0.809893,0.917027,-0.107133,-0.000387164,-0.00215901,-0.00864488,-0.00962154,0.946737,-0.00889762
6.8002,0.951367,0.909144,0.0422227,-0.000386497,-0.0021553,-0.00862989,-0.00961014,0.938775,-0.00884908
6.80606,1.07974,0.901338,0.178406,-0.000385832,-0.00215161,-0.00861496,-0.00959877,0.93089,-0.00880045
6.81192,1.11306,0.893607,0.219454,-0.00038517,-0.00214793,-0.00860008,-0.00958743,0.92308,-0.00875174
6.81778,1.07682,0.885951,0.190872,-0.00038451,-0.00214427,-0.00858525,-0.00957611,0.915344,-0.00870295
6.82364,0.846982,0.878369,-0.031387,-0.000383852,-0.00214062,-0.00857047,-0.00956483,0.907682,-0.00865408
6.82951,1.00974,0.870859,0.138879,-0.000383197,-0.00213698,-0.00855573,-0.00955356,0.900093,-0.00860512
6.83537,0.840153,0.863421,-0.0232683,-0.000382545,-0.00213335,-0.00854105,-0.00954233,0.892576,-0.00855608
6.84123,0.847321,0.856054,-0.00873302,-0.000381894,-0.00212974,-0.00852642,-0.00953112,0.88513,-0.00850696
6.84709,1.02556,0.848758,0.176798,-0.000381246,-0.00212613,-0.00851184,-0.00951994,0.877755,-0.00845776
6.85296,0.795615,0.84153,-0.0459151,-0.000380601,-0.00212255,-0.00849731,-0.00950878,0.870448,-0.00840847
6.85882,0.904146,0.834372,0.0697747,-0.000379958,-0.00211897,-0.00848283,-0.00949765,0.86321,-0.0083591
6.86468,0.878334,0.827281,0.0510528,-0.000379317,-0.00211541,-0.0084684,-0.00948654,0.85604,-0.00830965
6.87054,0.824348,0.820257,0.00409088,-0.000378678,-0.00211186,-0.00845402,-0.00947546,0.848937,-0.00826012
6.8764,0.734236,0.813299,-0.0790633,-0.000378042,-0.00210832,-0.00843968,-0.00946441,0.8419,-0.00821051
6.88227,0.826265,0.806406,0.0198583,-0.000377407,-0.00210479,-0.00842539,-0.00945338,0.834928,-0.00816081
6.88813,0.76456,0.799579,-0.035018,-0.000376776,-0.00210128,-0.00841115,-0.00944238,0.828021,-0.00811103
6.89399,0.885282,0.792815,0.0924674,-0.000376146,-0.00209777,-0.00839696,-0.0094314,0.821178,-0.00806117
6.89985,0.9339,0.786114,0.147786,-0.000375519,-0.00209428,-0.00838282,-0.00942045,0.814398,-0.00801122
6.90572,0.695484,0.779475,-0.0839915,-0.000374893,-0.00209081,-0.00836872,-0.00940953,0.80768,-0.0079612
6.91158,0.702746,0.772899,-0.0701521,-0.000374271,-0.00208734,-0.00835467,-0.00939863,0.801025,-0.00791109
6.91744,0.718137,0.766383,-0.0482455,-0.00037365,-0.00208389,-0.00834067,-0.00938775,0.79443,-0.0078609
6.9233,0.635958,0.759927,-0.12397,-0.000373031,-0.00208044,-0.00832671,-0.0093769,0.787895,-0.00781063
6.92916,0.612925,0.753531,-0.140606,-0.000372415,-0.00207701,-0.0083128,-0.00936608,0.78142,-0.00776027
6.93503,0.716691,0.747194,-0.0305036,-0.000371801,-0.0020736,-0.00829894,-0.00935528,0.775004,-0.00770983
6.94089,0.715131,0.740915,-0.0257849,-0.000371189,-0.00207019,-0.00828512,-0.0093445,0.768646,-0.00765931
6.94675,0.572589,0.734694,-0.162105,-0.000370579,-0.00206679,-0.00827135,-0.00933375,0.762345,-0.00760871
6.95261,0.631765,0.72853,-0.096765,-0.000369971,-0.00206341,-0.00825762,-0.00932302,0.756102,-0.00755803
6.95848,0.746086,0.722422,0.0236646,-0.000369365,-0.00206004,-0.00824394,-0.00931232,0.749915,-0.00750726
6.96434,0.611587,0.716369,-0.104782,-0.000368762,-0.00205668,-0.00823031,-0.00930165,0.743783,-0.00745641
6.9702,0.594012,0.710372,-0.116361,-0.00036816,-0.00205333,-0.00821672,-0.00929099,0.737707,-0.00740548
6.97606,0.824149,0.704429,0.11972,-0.000367561,-0.00204999,-0.00820317,-0.00928037,0.731685,-0.00735446
6.98192,0.863277,0.69854,0.164737,-0.000366964,-0.00204666,-0.00818967,-0.00926976,0.725716,-0.00730337
6.98779,0.590648,0.692704,-0.102056,-0.000366368,-0.00204335,-0.00817621,-0.00925918,0.719801,-0.00725219
6.99365,0.530581,0.68692,-0.156339,-0.000365775,-0.00204004,-0.00816279,-0.00924863,0.713939,-0.00720093
6.99951,0.67342,0.681189,-0.00776929,-0.000365184,-0.00203675,-0.00814942,-0.00923809,0.708128,-0.00714959
7.00537,0.562654,0.675509,-0.112855,-0.000364595,-0.00203346,-0.00813609,-0.00922759,0.702369,-0.00709816
7.01124,0.61504,0.66988,-0.0548405,-0.000364008,-0.00203019,-0.00812281,-0.0092171,0.696661,-0.00704665
7.0171,0.607922,0.664301,-0.0563791,-0.000363423,-0.00202693,-0.00810957,-0.00920664,0.691003,-0.00699506
7.02296,0.698409,0.658772,0.0396369,-0.000362839,-0.00202368,-0.00809637,-0.0091962,0.685395,-0.00694339
7.02882,0.427065,0.653292,-0.226227,-0.000362258,-0.00202044,-0.00808322,-0.00918579,0.679836,-0.00689164
7.03468,0.372987,0.647861,-0.274874,-0.000361679,-0.00201721,-0.0080701,-0.0091754,0.674325,-0.0068398
7.04055,0.446137,0.642478,-0.196341,-0.000361102,-0.002014,-0.00805703,-0.00916504,0.668863,-0.00678788
7.04641,0.678042,0.637143,0.0408995,-0.000360527,-0.00201079,-0.008044,-0.00915469,0.663449,-0.00673588
7.05227,0.632478,0.631854,0.000623766,-0.000359953,-0.00200759,-0.00803102,-0.00914437,0.658081,-0.00668379
7.05813,0.466914,0.626613,-0.159698,-0.000359382,-0.00200441,-0.00801807,-0.00913408,0.65276,-0.00663163
7.064,0.623596,0.621417,0.00217874,-0.000358812,-0.00200123,-0.00800517,-0.0091238,0.647485,-0.00657938
7.06986,0.687481,0.616267,0.0712139,-0.000358245,-0.00199807,-0.00799231,-0.00911355,0.642256,-0.00652705
7.07572,0.612116,0.611162,0.000954054,-0.000357679,-0.00199491,-0.00797949,-0.00910333,0.637072,-0.00647464
7.08158,0.57789,0.606101,-0.0282111,-0.000357115,-0.00199177,-0.0079667,-0.00909312,0.631932,-0.00642214
7.08745,0.637397,0.601085,0.0363115,-0.000356554,-0.00198863,-0.00795397,-0.00908294,0.626837,-0.00636956
7.09331,0.7254,0.596112,0.129288,-0.000355994,-0.00198551,-0.00794127,-0.00907278,0.621785,-0.0063169
7.09917,0.647521,0.591183,0.0563377,-0.000355435,-0.00198239,-0.00792861,-0.00906264,0.616776,-0.00626416
7.10503,0.657053,0.586296,0.0707568,-0.000354879,-0.00197929,-0.00791599,-0.00905253,0.61181,-0.00621134
7.11089,0.601071,0.581452,0.0196188,-0.000354325,-0.0019762,-0.00790341,-0.00904244,0.606887,-0.00615843
7.11676,0.549146,0.576649,-0.0275028,-0.000353772,-0.00197311,-0.00789087,-0.00903237,0.602005,-0.00610544
7.12262,0.479238,0.571888,-0.0926498,-0.000353221,-0.00197004,-0.00787837,-0.00902232,0.597164,-0.00605237
7.12848,0.566789,0.567168,-0.000378964,-0.000352672,-0.00196697,-0.00786591,-0.0090123,0.592365,-0.00599921
7.13434,0.536695,0.562488,-0.0257934,-0.000352125,-0.00196392,-0.00785349,-0.0090023,0.587606,-0.00594598
7.14021,0.529817,0.557848,-0.0280312,-0.00035158,-0.00196088,-0.00784111,-0.00899232,0.582887,-0.00589266
7.14607,0.636467,0.553248,0.083219,-0.000351036,-0.00195784,-0.00782876,-0.00898236,0.578208,-0.00583926
7.15193,0.623136,0.548688,0.0744479,-0.000350494,-0.00195482,-0.00781646,-0.00897243,0.573568,-0.00578578
7.15779,0.652423,0.544166,0.108257,-0.000349954,-0.0019518,-0.00780419,-0.00896251,0.568967,-0.00573221
7.16365,0.424763,0.539682,-0.114919,-0.000349416,-0.00194879,-0.00779196,-0.00895262,0.564404,-0.00567856
7.16952,0.556929,0.535237,0.0216924,-0.000348879,-0.0019458,-0.00777977,-0.00894275,0.559879,-0.00562483
7.17538,0.48396,0.530829,-0.0468696,-0.000348345,-0.00194281,-0.00776762,-0.0089329,0.555392,-0.00557102
7.18124,0.438179,0.526459,-0.0882795,-0.000347812,-0.00193984,-0.00775551,-0.00892307,0.550942,-0.00551713
7.1871,0.417225,0.522125,-0.1049,-0.00034728,-0.00193687,-0.00774343,-0.00891327,0.546529,-0.00546315
7.19297,0.604782,0.517828,0.0869534,-0.000346751,-0.00193391,-0.00773139,-0.00890348,0.542153,-0.00540909
7.19883,0.621481,0.513567,0.107913,-0.000346223,-0.00193096,-0.00771939,-0.00889372,0.537813,-0.00535495
7.20469,0.476173,0.509342,-0.0331696,-0.000345696,-0.00192802,-0.00770742,-0.00888398,0.533508,-0.00530073
7.21055,0.389518,0.505152,-0.115634,-0.000345172,-0.00192509,-0.00769549,-0.00887426,0.529239,-0.00524642
7.21641,0.470442,0.500998,-0.0305559,-0.000344649,-0.00192217,-0.0076836,-0.00886456,0.525005,-0.00519203
7.22228,0.446685,0.496878,-0.0501925,-0.000344128,-0.00191926,-0.00767175,-0.00885488,0.520805,-0.00513756
7.22814,0.638851,0.492792,0.146059,-0.000343608,-0.00191635,-0.00765993,-0.00884523,0.51664,-0.00508301
7.234,0.395955,0.48874,-0.0927851,-0.000343091,-0.00191346,-0.00764815,-0.00883559,0.512509,-0.00502837
7.23986,0.285114,0.484722,-0.199608,-0.000342574,-0.00191058,-0.0076364,-0.00882598,0.508411,-0.00497366
7.24573,0.399231,0.480737,-0.0815058,-0.00034206,-0.0019077,-0.00762469,-0.00881638,0.504347,-0.00491886
7.25159,0.456122,0.476785,-0.0206635,-0.000341547,-0.00190483,-0.00761301,-0.00880681,0.500315,-0.00486397
7.25745,0.482071,0.472866,0.00920547,-0.000341036,-0.00190197,-0.00760137,-0.00879726,0.496317,-0.00480901
7.26331,0.546356,0.468979,0.0773768,-0.000340526,-0.00189913,-0.00758977,-0.00878773,0.49235,-0.00475396
7.26917,0.688854,0.465124,0.223729,-0.000340018,-0.00189628,-0.0075782,-0.00877822,0.488416,-0.00469883
7.27504,0.498484,0.461301,0.0371837,-0.000339511,-0.00189345,-0.00756667,-0.00876873,0.484513,-0.00464362
7.2809,0.419446,0.457509,-0.0380627,-0.000339006,-0.00189063,-0.00755517,-0.00875926,0.480641,-0.00458833
7.28676,0.27721,0.453748,-0.176538,-0.000338503,-0.00188782,-0.0075437,-0.00874981,0.476801,-0.00453295
7.29262,0.422966,0.450018,-0.0270516,-0.000338001,-0.00188501,-0.00753227,-0.00874038,0.472991,-0.00447749
7.29849,0.522292,0.446318,0.0759743,-0.000337501,-0.00188221,-0.00752088,-0.00873097,0.469211,-0.00442195
7.30435,0.443265,0.442648,0.000617097,-0.000337002,-0.00187943,-0.00750952,-0.00872158,0.465462,-0.00436633
7.31021,0.554475,0.439008,0.115467,-0.000336505,-0.00187665,-0.00749819,-0.00871221,0.461743,-0.00431063
7.31607,0.475575,0.435398,0.0401768,-0.00033601,-0.00187387,-0.0074869,-0.00870286,0.458053,-0.00425484
7.32193,0.591014,0.431817,0.159197,-0.000335516,-0.00187111,-0.00747564,-0.00869353,0.454392,-0.00419897
7.3278,0.510428,0.428265,0.0821634,-0.000335023,-0.00186836,-0.00746441,-0.00868423,0.45076,-0.00414302
7.33366,0.351158,0.424742,-0.0735834,-0.000334533,-0.00186561,-0.00745322,-0.00867494,0.447157,-0.00408698
7.33952,0.341026,0.421247,-0.0802207,-0.000334043,-0.00186287,-0.00744206,-0.00866567,0.443582,-0.00403087
7.34538,0.249996,0.41778,-0.167784,-0.000333555,-0.00186014,-0.00743094,-0.00865642,0.440036,-0.00397467
7.35125,0.200881,0.414341,-0.21346,-0.000333069,-0.00185742,-0.00741985,-0.00864719,0.436517,-0.00391839
7.35711,0.374923,0.410929,-0.0360063,-0.000332584,-0.00185471,-0.00740879,-0.00863798,0.433025,-0.00386202
7.36297,0.482256,0.407545,0.0747107,-0.000332101,-0.001852,-0.00739776,-0.00862879,0.429561,-0.00380558
7.36883,0.615573,0.404188,0.211385,-0.000331619,-0.00184931,-0.00738677,-0.00861962,0.426125,-0.00374905
7.37469,0.461546,0.400858,0.0606876,-0.000331138,-0.00184662,-0.0073758,-0.00861047,0.422714,-0.00369244
7.38056,0.395689,0.397554,-0.00186464,-0.000330659,-0.00184394,-0.00736488,-0.00860134,0.419331,-0.00363574
7.38642,0.290434,0.394277,-0.103842,-0.000330182,-0.00184127,-0.00735398,-0.00859222,0.415973,-0.00357897
7.39228,0.456557,0.391025,0.0655318,-0.000329706,-0.0018386,-0.00734311,-0.00858313,0.412642,-0.00352211
7.39814,0.447074,0.3878,0.0592739,-0.000329231,-0.00183594,-0.00733228,-0.00857405,0.409336,-0.00346517
7.40401,0.348087,0.384599,-0.036512,-0.000328758,-0.0018333,-0.00732148,-0.008565,0.406056,-0.00340815
7.40987,0.438619,0.381425,0.057194,-0.000328286,-0.00183065,-0.00731071,-0.00855596,0.402801,-0.00335105
7.41573,0.451436,0.378275,0.0731616,-0.000327816,-0.00182802,-0.00729997,-0.00854695,0.399571,-0.00329386
7.42159,0.221159,0.37515,-0.153991,-0.000327347,-0.0018254,-0.00728927,-0.00853795,0.396366,-0.00323659
7.42745,0.399131,0.37205,0.0270816,-0.000326879,-0.00182278,-0.00727859,-0.00852897,0.393186,-0.00317924
7.43332,0.392501,0.368974,0.0235271,-0.000326413,-0.00182017,-0.00726795,-0.00852001,0.39003,-0.00312181
7.43918,0.338042,0.365922,-0.0278797,-0.000325948,-0.00181757,-0.00725733,-0.00851107,0.386898,-0.00306429
7.44504,0.317137,0.362894,-0.0457562,-0.000325485,-0.00181497,-0.00724675,-0.00850214,0.38379,-0.00300669
7.4509,0.515332,0.359889,0.155443,-0.000325023,-0.00181239,-0.0072362,-0.00849324,0.380705,-0.00294901
7.45677,0.552433,0.356908,0.195525,-0.000324562,-0.00180981,-0.00722568,-0.00848435,0.377644,-0.00289125
7.46263,0.58915,0.353951,0.2352,-0.000324103,-0.00180724,-0.00721519,-0.00847549,0.374606,-0.0028334
7.46849,0.314346,0.351016,-0.0366697,-0.000323645,-0.00180467,-0.00720473,-0.00846664,0.371591,-0.00277548
7.47435,0.277003,0.348104,-0.0711017,-0.000323189,-0.00180211,-0.0071943,-0.00845781,0.368599,-0.00271747
7.48021,0.412584,0.345215,0.0673689,-0.000322734,-0.00179957,-0.0071839,-0.008449,0.36563,-0.00265937
7.48608,0.249588,0.342348,-0.0927604,-0.00032228,-0.00179702,-0.00717353,-0.0084402,0.362682,-0.0026012
7.49194,0.24527,0.339504,-0.094234,-0.000321828,-0.00179449,-0.00716319,-0.00843143,0.359757,-0.00254294
7.4978,0.13858,0.336681,-0.198101,-0.000321377,-0.00179196,-0.00715288,-0.00842267,0.356854,-0.0024846
7.50366,0.453496,0.33388,0.119616,-0.000320927,-0.00178944,-0.00714259,-0.00841393,0.353973,-0.00242618
7.50953,0.470619,0.331101,0.139518,-0.000320478,-0.00178693,-0.00713234,-0.00840521,0.351113,-0.00236768
7.51539,0.416185,0.328343,0.087842,-0.000320031,-0.00178443,-0.00712212,-0.00839651,0.348275,-0.00230909
7.52125,0.375105,0.325606,0.0494996,-0.000319585,-0.00178193,-0.00711193,-0.00838782,0.345457,-0.00225043
7.52711,0.30017,0.32289,-0.0227199,-0.000319141,-0.00177944,-0.00710176,-0.00837916,0.342661,-0.00219168
7.53298,0.277633,0.320195,-0.0425617,-0.000318698,-0.00177695,-0.00709163,-0.00837051,0.339886,-0.00213284
7.53884,0.365681,0.317521,0.0481609,-0.000318256,-0.00177448,-0.00708152,-0.00836188,0.337131,-0.00207393
7.5447,0.263599,0.314867,-0.0512671,-0.000317815,-0.00177201,-0.00707144,-0.00835326,0.334396,-0.00201493
7.55056,0.41611,0.312233,0.103877,-0.000317376,-0.00176955,-0.00706139,-0.00834467,0.331682,-0.00195585
7.55642,0.295952,0.309619,-0.0136675,-0.000316938,-0.00176709,-0.00705137,-0.00833609,0.328987,-0.00189669
7.56229,0.221745,0.307025,-0.0852798,-0.000316501,-0.00176464,-0.00704138,-0.00832753,0.326313,-0.00183744
7.56815,0.404822,0.304451,0.100371,-0.000316065,-0.0017622,-0.00703141,-0.00831899,0.323658,-0.00177812
7.57401,0.320393,0.301896,0.0184964,-0.000315631,-0.00175977,-0.00702148,-0.00831046,0.321022,-0.00171871
7.57987,0.359948,0.299361,0.0605873,-0.000315198,-0.00175734,-0.00701157,-0.00830195,0.318406,-0.00165922
7.58574,0.277532,0.296845,-0.0193126,-0.000314766,-0.00175492,-0.00700169,-0.00829346,0.315809,-0.00159964
7.5916,0.0759887,0.294348,-0.218359,-0.000314336,-0.00175251,-0.00699183,-0.00828499,0.313232,-0.00153999
7.59746,0.280629,0.29187,-0.0112403,-0.000313906,-0.0017501,-0.00698201,-0.00827653,0.310672,-0.00148025
7.60332,0.159627,0.28941,-0.129783,-0.000313478,-0.0017477,-0.00697221,-0.00826809,0.308132,-0.00142043
7.60918,0.353313,0.286969,0.0663446,-0.000313052,-0.00174531,-0.00696244,-0.00825967,0.30561,-0.00136053
7.61505,0.158539,0.284546,-0.126007,-0.000312626,-0.00174292,-0.0069527,-0.00825127,0.303106,-0.00130054
7.62091,0.068457,0.282141,-0.213684,-0.000312201,-0.00174054,-0.00694298,-0.00824288,0.30062,-0.00124048
7.62677,0.246998,0.279755,-0.0327568,-0.000311778,-0.00173817,-0.00693329,-0.00823451,0.298153,-0.00118033
7.63263,0.310115,0.277386,0.0327295,-0.000311356,-0.0017358,-0.00692363,-0.00822615,0.295703,-0.00112009
7.6385,0.297006,0.275035,0.0219711,-0.000310935,-0.00173344,-0.00691399,-0.00821782,0.293271,-0.00105978
7.64436,0.165486,0.272701,-0.107215,-0.000310516,-0.00173109,-0.00690438,-0.0082095,0.290856,-0.000999383
7.65022,0.324929,0.270385,0.0545442,-0.000310097,-0.00172874,-0.0068948,-0.00820119,0.288459,-0.000938905
7.65608,0.146662,0.268086,-0.121424,-0.00030968,-0.0017264,-0.00688524,-0.00819291,0.286079,-0.000878344
7.66194,0.18701,0.265804,-0.0787939,-0.000309264,-0.00172407,-0.00687571,-0.00818464,0.283716,-0.0008177
7.66781,0.166626,0.263539,-0.096913,-0.000308849,-0.00172174,-0.00686621,-0.00817638,0.281369,-0.000756975
7.67367,0.198083,0.261291,-0.0632076,-0.000308435,-0.00171942,-0.00685673,-0.00816815,0.27904,-0.000696167
7.67953,0.323328,0.25906,0.0642684,-0.000308023,-0.00171711,-0.00684728,-0.00815993,0.276727,-0.000635276
7.68539,0.217505,0.256845,-0.0393395,-0.000307611,-0.0017148,-0.00683786,-0.00815173,0.274431,-0.000574304
7.69126,0.298537,0.254646,0.043891,-0.000307201,-0.0017125,-0.00682846,-0.00814354,0.272151,-0.000513249
7.69712,0.333688,0.252464,0.0812243,-0.000306792,-0.0017102,-0.00681908,-0.00813537,0.269887,-0.000452112
7.70298,0.113268,0.250297,-0.137029,-0.000306384,-0.00170792,-0.00680974,-0.00812721,0.267639,-0.000390892
7.70884,0.0975654,0.248147,-0.150581,-0.000305977,-0.00170563,-0.00680041,-0.00811908,0.265407,-0.00032959
7.7147,0.166067,0.246012,-0.0799454,-0.000305571,-0.00170336,-0.00679112,-0.00811095,0.263191,-0.000268206
7.72057,0.165209,0.243893,-0.0786838,-0.000305167,-0.00170109,-0.00678185,-0.00810285,0.260991,-0.00020674
7.72643,0.249305,0.24179,0.00751569,-0.000304763,-0.00169882,-0.0067726,-0.00809476,0.258806,-0.000145191
7.73229,0.0594445,0.239702,-0.180257,-0.000304361,-0.00169657,-0.00676338,-0.00808669,0.256636,-8.356e-05
7.73815,0.254035,0.237629,0.0164059,-0.00030396,-0.00169432,-0.00675418,-0.00807863,0.254482,-2.18466e-05
7.74402,0.31325,0.235571,0.0776787,-0.00030356,-0.00169207,-0.00674501,-0.00807059,0.252342,3.9949e-05
7.74988,0.242498,0.233529,0.00896972,-0.000303161,-0.00168983,-0.00673586,-0.00806256,0.250218,0.000101827
7.75574,0.103957,0.231501,-0.127543,-0.000302763,-0.0016876,-0.00672674,-0.00805455,0.248109,0.000163787
7.7616,0.193445,0.229488,-0.0360432,-0.000302366,-0.00168537,-0.00671764,-0.00804656,0.246014,0.00022583
7.76746,0.167076,0.227489,-0.0604132,-0.00030197,-0.00168315,-0.00670857,-0.00803858,0.243934,0.000287955
7.77333,0.263095,0.225506,0.037589,-0.000301575,-0.00168094,-0.00669952,-0.00803062,0.241868,0.000350162
7.77919,0.228309,0.223536,0.00477299,-0.000301182,-0.00167873,-0.0066905,-0.00802268,0.239817,0.000412451
7.78505,0.294112,0.221581,0.0725311,-0.000300789,-0.00167653,-0.0066815,-0.00801474,0.23778,0.000474823
7.79091,0.201679,0.21964,-0.0179604,-0.000300398,-0.00167433,-0.00667252,-0.00800683,0.235757,0.000537277
7.79678,0.351544,0.217713,0.133831,-0.000300007,-0.00167214,-0.00666357,-0.00799893,0.233748,0.000599813
7.80264,0.0376768,0.2158,-0.178123,-0.000299618,-0.00166995,-0.00665464,-0.00799105,0.231752,0.000662432
7.8085,0.0651003,0.2139,-0.1488,-0.00029923,-0.00166777,-0.00664574,-0.00798318,0.229771,0.000725133
7.81436,0.215755,0.212015,0.00374017,-0.000298843,-0.0016656,-0.00663685,-0.00797533,0.227803,0.000787916
7.82022,0.0686776,0.210142,-0.141465,-0.000298457,-0.00166343,-0.006628,-0.00796749,0.225849,0.000850782
7.82609,0.237579,0.208284,0.0292949,-0.000298071,-0.00166127,-0.00661916,-0.00795967,0.223908,0.00091373
7.83195,0.100676,0.206438,-0.105763,-0.000297687,-0.00165911,-0.00661035,-0.00795186,0.221981,0.00097676
7.83781,0.18327,0.204606,-0.021336,-0.000297304,-0.00165696,-0.00660157,-0.00794407,0.220066,0.00103987
7.84367,0.110612,0.202787,-0.0921752,-0.000296922,-0.00165482,-0.0065928,-0.00793629,0.218165,0.00110307
7.84954,0.132714,0.200981,-0.0682675,-0.000296541,-0.00165268,-0.00658406,-0.00792853,0.216277,0.00116634
7.8554,0.196825,0.199188,-0.00236331,-0.000296161,-0.00165055,-0.00657535,-0.00792079,0.214402,0.0012297
7.86126,0.188153,0.197408,-0.00925562,-0.000295782,-0.00164842,-0.00656665,-0.00791306,0.212539,0.00129315
7.86712,0.157918,0.195641,-0.0377224,-0.000295404,-0.0016463,-0.00655798,-0.00790534,0.210689,0.00135667
7.87298,0.389379,0.193886,0.195493,-0.000295027,-0.00164418,-0.00654933,-0.00789764,0.208852,0.00142028
7.87885,0.252999,0.192143,0.0608558,-0.000294652,-0.00164207,-0.00654071,-0.00788996,0.207027,0.00148396
7.88471,0.117528,0.190413,-0.0728854,-0.000294277,-0.00163997,-0.0065321,-0.00788229,0.205214,0.00154774
7.89057,0.256689,0.188695,0.0679934,-0.000293903,-0.00163787,-0.00652352,-0.00787463,0.203414,0.00161159
7.89643,0.287031,0.18699,0.100041,-0.00029353,-0.00163577,-0.00651496,-0.00786699,0.201626,0.00167552
7.9023,0.33331,0.185296,0.148014,-0.000293158,-0.00163368,-0.00650643,-0.00785936,0.199849,0.00173954
7.90816,0.39984,0.183615,0.216225,-0.000292787,-0.0016316,-0.00649791,-0.00785175,0.198085,0.00180364
7.91402,0.158519,0.181945,-0.0234265,-0.000292417,-0.00162952,-0.00648942,-0.00784415,0.196333,0.00186782
7.91988,0.275629,0.180287,0.0953421,-0.000292048,-0.00162745,-0.00648095,-0.00783657,0.194592,0.00193209
7.92574,0.317238,0.178641,0.138597,-0.00029168,-0.00162538,-0.00647251,-0.007829,0.192863,0.00199644
7.93161,0.219889,0.177007,0.0428823,-0.000291313,-0.00162332,-0.00646408,-0.00782145,0.191146,0.00206087
7.93747,0.212889,0.175384,0.0375055,-0.000290947,-0.00162127,-0.00645568,-0.00781391,0.18944,0.00212538
7.94333,-0.100184,0.173772,-0.273957,-0.000290581,-0.00161922,-0.0064473,-0.00780639,0.187746,0.00218997
7.94919,0.0364578,0.172172,-0.135714,-0.000290217,-0.00161717,-0.00643894,-0.00779888,0.186063,0.00225465
7.95506,0.301639,0.170583,0.131056,-0.000289854,-0.00161513,-0.0064306,-0.00779139,0.184391,0.00231941
7.96092,0.039062,0.169005,-0.129943,-0.000289492,-0.0016131,-0.00642228,-0.00778391,0.18273,0.00238425
7.96678,0.0785329,0.167438,-0.0889055,-0.00028913,-0.00161107,-0.00641398,-0.00777644,0.18108,0.00244917
7.97264,0.167843,0.165883,0.0019601,-0.00028877,-0.00160904,-0.00640571,-0.00776899,0.179441,0.00251418
7.97851,0.22098,0.164338,0.0566427,-0.00028841,-0.00160702,-0.00639746,-0.00776155,0.177813,0.00257926
7.98437,0.33657,0.162804,0.173766,-0.000288052,-0.00160501,-0.00638923,-0.00775413,0.176196,0.00264443
7.99023,0.046367,0.16128,-0.114913,-0.000287694,-0.001603,-0.00638101,-0.00774672,0.174589,0.00270969
7.99609,0.130478,0.159767,-0.0292899,-0.000287338,-0.001601,-0.00637282,-0.00773932,0.172993,0.00277502
8.00195,0.232575,0.158265,0.0743099,-0.000286982,-0.001599,-0.00636466,-0.00773194,0.171407,0.00284044
8.00782,0.0548268,0.156774,-0.101947,-0.000286627,-0.001597,-0.00635651,-0.00772457,0.169832,0.00290594
8.01368,0.121981,0.155292,-0.0333109,-0.000286273,-0.00159502,-0.00634838,-0.00771722,0.168268,0.00297152
8.01954,0.32467,0.153821,0.170849,-0.00028592,-0.00159303,-0.00634027,-0.00770988,0.166713,0.00303718
8.0254,0.330231,0.15236,0.17787,-0.000285568,-0.00159106,-0.00633219,-0.00770256,0.165169,0.00310293
8.03127,0.25675,0.15091,0.10584,-0.000285217,-0.00158908,-0.00632412,-0.00769524,0.163635,0.00316876
8.03713,-0.0671477,0.149469,-0.216617,-0.000284866,-0.00158711,-0.00631608,-0.00768795,0.16211,0.00323467
8.04299,0.0716038,0.148038,-0.0764346,-0.000284517,-0.00158515,-0.00630805,-0.00768066,0.160596,0.00330066
8.04885,0.161518,0.146618,0.0149001,-0.000284169,-0.00158319,-0.00630005,-0.00767339,0.159092,0.00336674
8.05471,0.121203,0.145207,-0.0240035,-0.000283821,-0.00158124,-0.00629207,-0.00766614,0.157597,0.00343289
8.06058,0.1313,0.143806,-0.0125057,-0.000283474,-0.00157929,-0.0062841,-0.0076589,0.156112,0.00349913
8.06644,0.433725,0.142414,0.291311,-0.000283128,-0.00157735,-0.00627616,-0.00765167,0.154637,0.00356546
8.0723,0.208874,0.141032,0.0678415,-0.000282783,-0.00157541,-0.00626823,-0.00764445,0.153171,0.00363186
8.07816,0.0684078,0.13966,-0.0712524,-0.000282439,-0.00157348,-0.00626033,-0.00763725,0.151715,0.00369835
8.08403,0.140966,0.138297,0.00266904,-0.000282096,-0.00157155,-0.00625245,-0.00763006,0.150269,0.00376492
8.08989,0.108493,0.136944,-0.0284513,-0.000281754,-0.00156962,-0.00624458,-0.00762289,0.148831,0.00383157
8.09575,0.0983622,0.1356,-0.0372375,-0.000281412,-0.0015677,-0.00623674,-0.00761573,0.147403,0.0038983
8.10161,0.115616,0.134265,-0.0186493,-0.000281071,-0.00156579,-0.00622891,-0.00760858,0.145984,0.00396512
8.10747,0.201998,0.132939,0.0690593,-0.000280732,-0.00156388,-0.00622111,-0.00760144,0.144574,0.00403202
8.11334,0.175797,0.131622,0.0441742,-0.000280393,-0.00156198,-0.00621332,-0.00759432,0.143173,0.004099
8.1192,0.0297411,0.130315,-0.100574,-0.000280055,-0.00156008,-0.00620556,-0.00758722,0.141782,0.00416606
8.12506,0.0869538,0.129016,-0.0420623,-0.000279717,-0.00155818,-0.00619781,-0.00758012,0.140399,0.00423321
8.13092,0.161121,0.127726,0.0333943,-0.000279381,-0.00155629,-0.00619008,-0.00757304,0.139025,0.00430043
8.13679,0.0925837,0.126445,-0.0338618,-0.000279046,-0.00155441,-0.00618237,-0.00756597,0.13766,0.00436774
8.14265,0.22534,0.125173,0.100166,-0.000278711,-0.00155252,-0.00617468,-0.00755892,0.136303,0.00443514
8.14851,0.2288,0.12391,0.10489,-0.000278377,-0.00155065,-0.00616701,-0.00755188,0.134955,0.00450261
8.15437,0.0603005,0.122655,-0.0623546,-0.000278044,-0.00154878,-0.00615936,-0.00754485,0.133616,0.00457017
8.16023,0.133885,0.121409,0.0124761,-0.000277712,-0.00154691,-0.00615173,-0.00753783,0.132285,0.00463781
8.1661,0.313814,0.120171,0.193643,-0.00027738,-0.00154505,-0.00614411,-0.00753083,0.130963,0.00470553
8.17196,0.326512,0.118942,0.20757,-0.00027705,-0.00154319,-0.00613652,-0.00752384,0.129649,0.00477333
8.17782,0.175253,0.117721,0.0575324,-0.00027672,-0.00154134,-0.00612894,-0.00751686,0.128343,0.00484122
8.18368,0.220008,0.116508,0.1035,-0.000276391,-0.00153949,-0.00612139,-0.0075099,0.127046,0.00490919
8.18955,0.0826696,0.115304,-0.0326342,-0.000276063,-0.00153764,-0.00611385,-0.00750295,0.125757,0.00497724
8.19541,-0.0332379,0.114108,-0.147345,-0.000275736,-0.0015358,-0.00610633,-0.00749601,0.124476,0.00504537
8.20127,0.122162,0.112919,0.00924206,-0.000275409,-0.00153397,-0.00609882,-0.00748909,0.123203,0.00511359
8.20713,0.138582,0.111739,0.0268421,-0.000275084,-0.00153214,-0.00609134,-0.00748217,0.121938,0.00518188
8.21299,0.168203,0.110567,0.0576352,-0.000274759,-0.00153031,-0.00608388,-0.00747527,0.120681,0.00525026
8.21886,0.124858,0.109403,0.0154544,-0.000274435,-0.00152849,-0.00607643,-0.00746839,0.119432,0.00531872
8.22472,0.144484,0.108247,0.0362364,-0.000274111,-0.00152667,-0.006069,-0.00746151,0.118191,0.00538727
8.23058,0.0695294,0.107099,-0.0375694,-0.000273789,-0.00152486,-0.00606159,-0.00745465,0.116958,0.0054559
8.23644,0.140306,0.105958,0.0343481,-0.000273467,-0.00152305,-0.0060542,-0.0074478,0.115732,0.00552461
8.24231,0.195058,0.104825,0.0902324,-0.000273146,-0.00152125,-0.00604682,-0.00744096,0.114514,0.0055934
8.24817,0.125639,0.1037,0.0219392,-0.000272826,-0.00151945,-0.00603946,-0.00743414,0.113304,0.00566227
8.25403,0.187255,0.102583,0.084672,-0.000272507,-0.00151765,-0.00603212,-0.00742733,0.112101,0.00573123
8.25989,-0.041653,0.101473,-0.143126,-0.000272188,-0.00151586,-0.0060248,-0.00742053,0.110906,0.00580026
8.26575,-0.0171744,0.10037,-0.117544,-0.00027187,-0.00151407,-0.0060175,-0.00741374,0.109718,0.00586939
8.27162,0.202188,0.0992749,0.102913,-0.000271553,-0.00151229,-0.00601021,-0.00740697,0.108537,0.00593859
8.27748,0.297476,0.0981872,0.199289,-0.000271237,-0.00151051,-0.00600294,-0.00740021,0.107364,0.00600787
8.28334,0.181146,0.0971068,0.0840389,-0.000270921,-0.00150874,-0.00599569,-0.00739346,0.106198,0.00607724
8.2892,0.111717,0.0960336,0.0156832,-0.000270607,-0.00150697,-0.00598846,-0.00738672,0.10504,0.00614669
8.29507,-0.0209684,0.0949677,-0.115936,-0.000270293,-0.00150521,-0.00598124,-0.00738,0.103888,0.00621622
8.30093,0.0941103,0.093909,0.00020134,-0.000269979,-0.00150344,-0.00597404,-0.00737328,0.102744,0.00628584
8.30679,0.167459,0.0928573,0.0746021,-0.000269667,-0.00150169,-0.00596686,-0.00736658,0.101607,0.00635553
8.31265,-0.0268928,0.0918128,-0.118706,-0.000269355,-0.00149993,-0.0059597,-0.00735989,0.100476,0.00642531
8.31851,0.108731,0.0907752,0.0179555,-0.000269044,-0.00149819,-0.00595255,-0.00735322,0.099353,0.00649518
8.32438,0.142174,0.0897446,0.052429,-0.000268734,-0.00149644,-0.00594542,-0.00734655,0.0982367,0.00656512
8.33024,0.146725,0.088721,0.0580044,-0.000268424,-0.0014947,-0.00593831,-0.0073399,0.0971272,0.00663514
8.3361,-0.00224978,0.0877042,-0.089954,-0.000268116,-0.00149297,-0.00593121,-0.00733326,0.0960245,0.00670525
8.34196,0.111585,0.0866942,0.0248904,-0.000267808,-0.00149123,-0.00592413,-0.00732663,0.0949285,0.00677544
8.34783,-0.0495643,0.085691,-0.135255,-0.0002675,-0.00148951,-0.00591707,-0.00732002,0.0938393,0.00684572
8.35369,0.186277,0.0846945,0.101583,-0.000267194,-0.00148778,-0.00591002,-0.00731341,0.0927568,0.00691607
8.35955,0.127215,0.0837046,0.0435106,-0.000266888,-0.00148606,-0.005903,-0.00730682,0.0916809,0.00698651
8.36541,-0.0151065,0.0827214,-0.0978279,-0.000266583,-0.00148435,-0.00589598,-0.00730024,0.0906115,0.00705703
8.37128,0.180827,0.0817448,0.0990825,-0.000266279,-0.00148264,-0.00588899,-0.00729367,0.0895487,0.00712763
8.37714,0.220677,0.0807747,0.139903,-0.000265975,-0.00148093,-0.00588201,-0.00728711,0.0884924,0.00719832
8.383,0.0598109,0.079811,-0.0200001,-0.000265672,-0.00147922,-0.00587505,-0.00728057,0.0874425,0.00726908
8.38886,0.283172,0.0788539,0.204318,-0.00026537,-0.00147753,-0.0058681,-0.00727403,0.0863989,0.00733993
8.39472,0.0434538,0.0779031,-0.0344493,-0.000265068,-0.00147583,-0.00586117,-0.00726751,0.0853618,0.00741086
8.40059,0.0965504,0.0769586,0.0195918,-0.000264767,-0.00147414,-0.00585426,-0.007261,0.0843309,0.00748188
8.40645,0.194708,0.0760205,0.118687,-0.000264467,-0.00147245,-0.00584736,-0.0072545,0.0833063,0.00755297
8.41231,-0.105917,0.0750886,-0.181006,-0.000264168,-0.00147077,-0.00584048,-0.00724802,0.0822878,0.00762415
8.41817,0.115375,0.0741629,0.0412119,-0.000263869,-0.00146909,-0.00583361,-0.00724154,0.0812756,0.00769541
8.42404,0.0793973,0.0732434,0.00615395,-0.000263571,-0.00146741,-0.00582676,-0.00723508,0.0802694,0.00776675
8.4299,0.0726266,0.07233,0.000296576,-0.000263274,-0.00146574,-0.00581993,-0.00722863,0.0792694,0.00783818
8.43576,-0.0312824,0.0714227,-0.102705,-0.000262977,-0.00146407,-0.00581311,-0.00722218,0.0782753,0.00790969
8.44162,0.0712512,0.0705214,0.000729767,-0.000262682,-0.00146241,-0.00580631,-0.00721576,0.0772873,0.00798128
8.44748,-0.0361218,0.0696261,-0.105748,-0.000262386,-0.00146075,-0.00579953,-0.00720934,0.0763052,0.00805295
8.45335,-0.055489,0.0687368,-0.124226,-0.000262092,-0.00145909,-0.00579276,-0.00720293,0.075329,0.0081247
8.45921,-0.0122581,0.0678534,-0.0801115,-0.000261798,-0.00145744,-0.005786,-0.00719654,0.0743587,0.00819654
8.46507,-0.0742859,0.0669759,-0.141262,-0.000261505,-0.00145579,-0.00577927,-0.00719015,0.0733942,0.00826846
8.47093,0.17359,0.0661042,0.107486,-0.000261212,-0.00145415,-0.00577254,-0.00718378,0.0724355,0.00834046
8.4768,-0.0294482,0.0652383,-0.0946866,-0.000260921,-0.00145251,-0.00576584,-0.00717742,0.0714825,0.00841254
8.48266,-0.0362251,0.0643782,-0.100603,-0.000260629,-0.00145087,-0.00575915,-0.00717107,0.0705352,0.00848471
8.48852,0.0029508,0.0635238,-0.060573,-0.000260339,-0.00144923,-0.00575247,-0.00716473,0.0695936,0.00855696
8.49438,0.0446146,0.062675,-0.0180603,-0.000260049,-0.0014476,-0.00574581,-0.0071584,0.0686576,0.00862929
8.50024,0.131752,0.0618319,0.0699203,-0.00025976,-0.00144598,-0.00573917,-0.00715209,0.0677272,0.0087017
8.50611,0.15977,0.0609943,0.0987758,-0.000259472,-0.00144436,-0.00573254,-0.00714578,0.0668023,0.0087742
8.51197,0.0606267,0.0601624,0.000464342,-0.000259184,-0.00144274,-0.00572592,-0.00713949,0.0658829,0.00884677
8.51783,0.0225428,0.0593359,-0.0367932,-0.000258897,-0.00144112,-0.00571932,-0.0071332,0.064969,0.00891943
8.52369,0.0505089,0.0585149,-0.00800605,-0.00025861,-0.00143951,-0.00571274,-0.00712693,0.0640606,0.00899217
8.52956,0.133389,0.0576994,0.0756891,-0.000258325,-0.0014379,-0.00570617,-0.00712067,0.0631575,0.009065
8.53542,0.145789,0.0568893,0.0889002,-0.000258039,-0.0014363,-0.00569962,-0.00711442,0.0622598,0.00913791
8.54128,0.033138,0.0560845,-0.0229466,-0.000257755,-0.0014347,-0.00569308,-0.00710818,0.0613674,0.00921089
8.54714,-0.148409,0.0552851,-0.203694,-0.000257471,-0.0014331,-0.00568655,-0.00710195,0.0604802,0.00928397
8.553,0.197426,0.054491,0.142935,-0.000257188,-0.00143151,-0.00568004,-0.00709574,0.0595983,0.00935712
8.55887,0.186937,0.0537021,0.133235,-0.000256905,-0.00142992,-0.00567355,-0.00708953,0.0587217,0.00943035
8.56473,0.117584,0.0529185,0.0646659,-0.000256623,-0.00142834,-0.00566707,-0.00708333,0.0578502,0.00950367
8.57059,0.103577,0.05214,0.0514365,-0.000256342,-0.00142675,-0.00566061,-0.00707715,0.0569838,0.00957707
8.57645,0.0165853,0.0513667,-0.0347815,-0.000256062,-0.00142518,-0.00565416,-0.00707097,0.0561225,0.00965056
8.58232,-0.0558025,0.0505986,-0.106401,-0.000255782,-0.0014236,-0.00564772,-0.00706481,0.0552664,0.00972412
8.58818,-0.0142895,0.0498355,-0.064125,-0.000255502,-0.00142203,-0.0056413,-0.00705866,0.0544152,0.00979777
8.59404,0.00811368,0.0490774,-0.0409637,-0.000255223,-0.00142046,-0.0056349,-0.00705252,0.053569,0.0098715
8.5999,-0.0241302,0.0483244,-0.0724546,-0.000254945,-0.0014189,-0.0056285,-0.00704638,0.0527278,0.00994531
8.60576,-0.1137,0.0475764,-0.161277,-0.000254668,-0.00141734,-0.00562213,-0.00704026,0.0518915,0.0100192
8.61163,-0.0319204,0.0468333,-0.0787537,-0.000254391,-0.00141578,-0.00561576,-0.00703415,0.0510602,0.0100932
8.61749,0.0768999,0.0460951,0.0308049,-0.000254115,-0.00141423,-0.00560942,-0.00702805,0.0502337,0.0101672
8.62335,0.0068079,0.0453618,-0.0385539,-0.000253839,-0.00141268,-0.00560308,-0.00702197,0.049412,0.0102414
8.62921,0.0345615,0.0446334,-0.0100719,-0.000253564,-0.00141113,-0.00559676,-0.00701589,0.0485951,0.0103156
8.63508,-0.157265,0.0439097,-0.201175,-0.00025329,-0.00140959,-0.00559046,-0.00700982,0.047783,0.0103899
8.64094,-0.0376019,0.0431909,-0.0807928,-0.000253016,-0.00140805,-0.00558417,-0.00700376,0.0469756,0.0104643
8.6468,0.00595436,0.0424768,-0.0365225,-0.000252743,-0.00140651,-0.00557789,-0.00699772,0.0461729,0.0105388
8.65266,-0.0868175,0.0417675,-0.128585,-0.00025247,-0.00140498,-0.00557162,-0.00699168,0.0453749,0.0106133
8.65852,-0.163183,0.0410628,-0.204246,-0.000252198,-0.00140345,-0.00556538,-0.00698565,0.0445815,0.010688
8.66439,0.0176756,0.0403628,-0.0226872,-0.000251927,-0.00140192,-0.00555914,-0.00697964,0.0437927,0.0107627
8.67025,-0.0450903,0.0396674,-0.0847577,-0.000251656,-0.0014004,-0.00555292,-0.00697363,0.0430085,0.0108375
8.67611,0.0594045,0.0389766,0.0204279,-0.000251386,-0.00139888,-0.00554671,-0.00696764,0.0422289,0.0109124
8.68197,0.00358541,0.0382904,-0.034705,-0.000251117,-0.00139736,-0.00554052,-0.00696165,0.0414537,0.0109873
8.68784,0.085883,0.0376087,0.0482743,-0.000250848,-0.00139585,-0.00553434,-0.00695568,0.0406831,0.0110624
8.6937,0.0183141,0.0369316,-0.0186175,-0.00025058,-0.00139434,-0.00552817,-0.00694971,0.0399169,0.0111375
8.69956,-0.113846,0.0362589,-0.150104,-0.000250312,-0.00139283,-0.00552202,-0.00694376,0.0391551,0.0112127
8.70542,-0.0185023,0.0355907,-0.054093,-0.000250045,-0.00139133,-0.00551588,-0.00693782,0.0383977,0.011288
8.71128,-0.013445,0.0349269,-0.0483719,-0.000249778,-0.00138983,-0.00550976,-0.00693188,0.0376447,0.0113634
8.71715,0.0816193,0.0342674,0.0473518,-0.000249512,-0.00138834,-0.00550364,-0.00692596,0.0368961,0.0114388
8.72301,0.00397222,0.0336124,-0.0296402,-0.000249247,-0.00138684,-0.00549755,-0.00692004,0.0361517,0.0115144
8.72887,-0.0143054,0.0329617,-0.047267,-0.000248982,-0.00138535,-0.00549146,-0.00691414,0.0354116,0.01159
8.73473,0.0992676,0.0323153,0.0669523,-0.000248718,-0.00138387,-0.00548539,-0.00690825,0.0346758,0.0116657
8.7406,0.162107,0.0316731,0.130434,-0.000248454,-0.00138238,-0.00547933,-0.00690236,0.0339442,0.0117415
8.74646,0.141684,0.0310352,0.110649,-0.000248191,-0.0013809,-0.00547329,-0.00689649,0.0332168,0.0118174
8.75232,0.161652,0.0304016,0.13125,-0.000247929,-0.00137943,-0.00546726,-0.00689063,0.0324935,0.0118933
8.75818,0.111516,0.0297721,0.0817436,-0.000247667,-0.00137795,-0.00546124,-0.00688477,0.0317744,0.0119693
8.76404,0.126181,0.0291468,0.0970339,-0.000247405,-0.00137648,-0.00545524,-0.00687893,0.0310594,0.0120455
8.76991,0.140424,0.0285257,0.111898,-0.000247145,-0.00137502,-0.00544924,-0.0068731,0.0303485,0.0121217
8.77577,0.0989854,0.0279086,0.0710768,-0.000246884,-0.00137355,-0.00544327,-0.00686727,0.0296417,0.0121979
8.78163,0.053597,0.0272957,0.0263013,-0.000246625,-0.00137209,-0.0054373,-0.00686146,0.0289389,0.0122743
8.78749,0.0470965,0.0266868,0.0204097,-0.000246366,-0.00137064,-0.00543135,-0.00685566,0.0282401,0.0123507
8.79336,0.260555,0.0260819,0.234474,-0.000246107,-0.00136918,-0.00542541,-0.00684986,0.0275452,0.0124273
8.79922,0.0960539,0.0254811,0.0705728,-0.000245849,-0.00136773,-0.00541948,-0.00684408,0.0268544,0.0125039
8.80508,0.0223757,0.0248843,-0.00250853,-0.000245592,-0.00136628,-0.00541357,-0.0068383,0.0261674,0.0125806
8.81094,-0.012316,0.0242914,-0.0366073,-0.000245335,-0.00136484,-0.00540767,-0.00683254,0.0254844,0.0126574
8.81681,0.00841639,0.0237024,-0.015286,-0.000245079,-0.0013634,-0.00540178,-0.00682678,0.0248052,0.0127342
8.82267,0.0406883,0.0231173,0.017571,-0.000244823,-0.00136196,-0.00539591,-0.00682104,0.0241299,0.0128112
8.82853,-0.0812511,0.0225362,-0.103787,-0.000244568,-0.00136052,-0.00539004,-0.0068153,0.0234584,0.0128882
8.83439,-0.199283,0.0219589,-0.221242,-0.000244313,-0.00135909,-0.00538419,-0.00680957,0.0227908,0.0129653
8.84025,-0.0180103,0.0213854,-0.0393957,-0.000244059,-0.00135766,-0.00537836,-0.00680386,0.0221269,0.0130425
8.84612,-0.145415,0.0208157,-0.166231,-0.000243806,-0.00135623,-0.00537253,-0.00679815,0.0214667,0.0131197
8.85198,-0.00615994,0.0202498,-0.0264098,-0.000243553,-0.00135481,-0.00536672,-0.00679245,0.0208103,0.0131971
8.85784,0.0239421,0.0196877,0.00425435,-0.0002433,-0.00135339,-0.00536092,-0.00678676,0.0201576,0.0132745
8.8637,0.129133,0.0191293,0.110003,-0.000243048,-0.00135197,-0.00535514,-0.00678109,0.0195086,0.013352
8.86957,0.209633,0.0185747,0.191058,-0.000242797,-0.00135056,-0.00534936,-0.00677542,0.0188632,0.0134296
8.87543,0.109129,0.0180237,0.0911052,-0.000242546,-0.00134915,-0.0053436,-0.00676976,0.0182214,0.0135073
8.88129,-0.00933717,0.0174764,-0.0268136,-0.000242296,-0.00134774,-0.00533785,-0.00676411,0.0175833,0.0135851
8.88715,-0.104498,0.0169327,-0.12143,-0.000242046,-0.00134633,-0.00533211,-0.00675847,0.0169488,0.0136629
8.89301,-0.0969009,0.0163927,-0.113294,-0.000241797,-0.00134493,-0.00532639,-0.00675283,0.0163178,0.0137408
8.89888,-0.0156693,0.0158563,-0.0315255,-0.000241548,-0.00134353,-0.00532068,-0.00674721,0.0156904,0.0138189
8.90474,-0.192906,0.0153234,-0.208229,-0.0002413,-0.00134214,-0.00531498,-0.0067416,0.0150665,0.0138969
8.9106,-0.0418803,0.0147941,-0.0566744,-0.000241052,-0.00134074,-0.00530929,-0.006736,0.0144461,0.0139751
8.91646,-0.00528403,0.0142683,-0.0195524,-0.000240805,-0.00133935,-0.00530361,-0.0067304,0.0138291,0.0140534
8.92233,0.0679402,0.0137461,0.0541941,-0.000240558,-0.00133797,-0.00529795,-0.00672482,0.0132156,0.0141317
8.92819,-0.00386736,0.0132273,-0.0170947,-0.000240312,-0.00133658,-0.0052923,-0.00671924,0.0126056,0.0142101
8.93405,0.0158696,0.012712,0.00315761,-0.000240067,-0.0013352,-0.00528666,-0.00671368,0.011999,0.0142886
8.93991,-0.0585401,0.0122001,-0.0707402,-0.000239822,-0.00133382,-0.00528103,-0.00670812,0.0113957,0.0143672
8.94577,-0.0552773,0.0116917,-0.066969,-0.000239577,-0.00133244,-0.00527541,-0.00670257,0.0107958,0.0144459
8.95164,-0.179557,0.0111867,-0.190744,-0.000239333,-0.00133107,-0.00526981,-0.00669703,0.0101993,0.0145246
8.9575,-0.0362575,0.010685,-0.0469425,-0.00023909,-0.0013297,-0.00526422,-0.0066915,0.00960605,0.0146035
8.96336,0.142314,0.0101867,0.132128,-0.000238847,-0.00132834,-0.00525864,-0.00668598,0.00901613,0.0146824
8.96922,0.0632982,0.00969177,0.0536064,-0.000238604,-0.00132697,-0.00525307,-0.00668047,0.00842949,0.0147614
8.97509,0.058618,0.00920013,0.0494178,-0.000238362,-0.00132561,-0.00524751,-0.00667497,0.00784612,0.0148405
8.98095,-0.0716833,0.0087118,-0.0803951,-0.000238121,-0.00132425,-0.00524197,-0.00666947,0.00726599,0.0149196
8.98681,0.11905,0.00822675,0.110823,-0.00023788,-0.0013229,-0.00523643,-0.00666399,0.00668907,0.0149989
8.99267,-0.0337878,0.00774495,-0.0415327,-0.000237639,-0.00132154,-0.00523091,-0.00665851,0.00611536,0.0150782
8.99853,0.0696634,0.00726639,0.062397,-0.000237399,-0.00132019,-0.0052254,-0.00665305,0.00554483,0.0151576
9.0044,0.0341055,0.00679106,0.0273144,-0.00023716,-0.00131885,-0.0052199,-0.00664759,0.00497746,0.0152371
9.01026,-0.0786402,0.00631892,-0.0849591,-0.000236921,-0.0013175,-0.00521442,-0.00664214,0.00441323,0.0153167
9.01612,0.0766728,0.00584996,0.0708229,-0.000236682,-0.00131616,-0.00520894,-0.0066367,0.00385212,0.0153963
9.02198,0.0264056,0.00538416,0.0210215,-0.000236444,-0.00131482,-0.00520348,-0.00663127,0.00329411,0.0154761
9.02785,0.0265682,0.0049215,0.0216467,-0.000236207,-0.00131348,-0.00519802,-0.00662585,0.00273918,0.0155559
9.03371,0.0523625,0.00446197,0.0479005,-0.00023597,-0.00131215,-0.00519258,-0.00662044,0.00218732,0.0156358
9.03957,0.0145829,0.00400553,0.0105774,-0.000235733,-0.00131082,-0.00518715,-0.00661503,0.0016385,0.0157158
9.04543,-0.031159,0.00355218,-0.0347111,-0.000235497,-0.00130949,-0.00518173,-0.00660964,0.00109271,0.0157958
9.05129,0.0353851,0.0031019,0.0322832,-0.000235262,-0.00130817,-0.00517633,-0.00660425,0.000549923,0.015876
9.05716,-0.0280615,0.00265466,-0.0307162,-0.000235027,-0.00130685,-0.00517093,-0.00659887,1.01235e-05,0.0159562
9.06302,-0.00257623,0.00221046,-0.00478669,-0.000234792,-0.00130553,-0.00516555,-0.00659351,-0.000526706,0.0160365
9.06888,-0.0651819,0.00176926,-0.0669512,-0.000234558,-0.00130421,-0.00516017,-0.00658815,-0.00106058,0.0161169
9.07474,-0.162739,0.00133105,-0.16407,-0.000234325,-0.00130289,-0.00515481,-0.00658279,-0.00159153,0.0161974
9.08061,-0.114396,0.000895822,-0.115292,-0.000234092,-0.00130158,-0.00514946,-0.00657745,-0.00211956,0.016278
9.08647,-0.0832283,0.000463546,-0.0836919,-0.000233859,-0.00130027,-0.00514412,-0.00657212,-0.0026447,0.0163586
9.09233,-0.0255477,3.42092e-05,-0.0255819,-0.000233627,-0.00129897,-0.00513879,-0.00656679,-0.00316695,0.0164393
9.09819,0.103015,-0.000392207,0.103407,-0.000233395,-0.00129767,-0.00513347,-0.00656147,-0.00368635,0.0165201
9.10405,-0.132878,-0.00081572,-0.132062,-0.000233164,-0.00129636,-0.00512816,-0.00655617,-0.0042029,0.016601
9.10992,-0.0305233,-0.00123635,-0.0292869,-0.000232933,-0.00129507,-0.00512287,-0.00655087,-0.00471662,0.016682
9.11578,-0.223396,-0.0016541,-0.221742,-0.000232703,-0.00129377,-0.00511758,-0.00654557,-0.00522754,0.0167631
9.12164,-0.170328,-0.00206901,-0.168259,-0.000232473,-0.00129248,-0.00511231,-0.00654029,-0.00573566,0.0168442
9.1275,-0.103314,-0.00248108,-0.100833,-0.000232244,-0.00129119,-0.00510705,-0.00653502,-0.00624101,0.0169254
9.13337,-0.250069,-0.00289034,-0.247179,-0.000232015,-0.0012899,-0.00510179,-0.00652975,-0.0067436,0.0170067
9.13923,-0.256682,-0.00329679,-0.253385,-0.000231786,-0.00128862,-0.00509655,-0.00652449,-0.00724345,0.0170881
9.14509,-0.0670534,-0.00370046,-0.0633529,-0.000231558,-0.00128733,-0.00509132,-0.00651925,-0.00774057,0.0171696
9.15095,-0.0177378,-0.00410136,-0.0136364,-0.000231331,-0.00128605,-0.0050861,-0.00651401,-0.00823499,0.0172511
9.15681,-0.0215096,-0.00449951,-0.0170101,-0.000231104,-0.00128478,-0.00508089,-0.00650877,-0.00872672,0.0173327
9.16268,-0.0887489,-0.00489492,-0.083854,-0.000230877,-0.0012835,-0.00507569,-0.00650355,-0.00921577,0.0174145
9.16854,0.172973,-0.00528762,0.178261,-0.000230651,-0.00128223,-0.0050705,-0.00649833,-0.00970216,0.0174963
9.1744,0.0303061,-0.00567761,0.0359837,-0.000230426,-0.00128096,-0.00506532,-0.00649313,-0.0101859,0.0175781
9.18026,-0.0796387,-0.00606492,-0.0735738,-0.0002302,-0.00127969,-0.00506016,-0.00648793,-0.010667,0.0176601
9.18613,0.129442,-0.00644955,0.135892,-0.000229976,-0.00127843,-0.005055,-0.00648274,-0.0111455,0.0177421
9.19199,0.0903765,-0.00683153,0.097208,-0.000229751,-0.00127717,-0.00504985,-0.00647756,-0.0116215,0.0178243
9.19785,-0.0156109,-0.00721087,-0.00840008,-0.000229527,-0.00127591,-0.00504472,-0.00647238,-0.0120948,0.0179065
9.20371,0.101474,-0.00758758,0.109062,-0.000229304,-0.00127465,-0.00503959,-0.00646722,-0.0125656,0.0179888
9.20957,0.0374928,-0.00796168,0.0454545,-0.000229081,-0.0012734,-0.00503448,-0.00646206,-0.0130338,0.0180711
9.21544,0.0644293,-0.00833319,0.0727625,-0.000228859,-0.00127214,-0.00502937,-0.00645691,-0.0134995,0.0181536
9.2213,0.0332843,-0.00870212,0.0419865,-0.000228637,-0.0012709,-0.00502428,-0.00645177,-0.0139627,0.0182361
9.22716,-0.0968353,-0.00906849,-0.0877668,-0.000228415,-0.00126965,-0.00501919,-0.00644664,-0.0144233,0.0183187
9.23302,0.0546114,-0.00943231,0.0640437,-0.000228194,-0.0012684,-0.00501412,-0.00644151,-0.0148815,0.0184014
9.23889,0.022437,-0.0097936,0.0322306,-0.000227973,-0.00126716,-0.00500905,-0.0064364,-0.0153372,0.0184842
9.24475,-0.0990784,-0.0101524,-0.0889261,-0.000227753,-0.00126592,-0.005004,-0.00643129,-0.0157905,0.0185671
9.25061,-0.112286,-0.0105086,-0.101777,-0.000227533,-0.00126469,-0.00499896,-0.00642619,-0.0162413,0.01865
9.25647,0.0474016,-0.0108624,0.058264,-0.000227313,-0.00126345,-0.00499392,-0.0064211,-0.0166897,0.0187331
9.26234,-0.0313237,-0.0112137,-0.02011,-0.000227094,-0.00126222,-0.0049889,-0.00641601,-0.0171356,0.0188162
9.2682,-0.0155356,-0.0115625,-0.00397312,-0.000226876,-0.00126099,-0.00498389,-0.00641094,-0.0175792,0.0188994
9.27406,0.0469519,-0.0119089,0.0588608,-0.000226658,-0.00125976,-0.00497888,-0.00640587,-0.0180204,0.0189826
9.27992,0.0152461,-0.0122529,0.0274989,-0.00022644,-0.00125854,-0.00497389,-0.00640081,-0.0184592,0.019066
9.28578,-0.152391,-0.0125944,-0.139796,-0.000226223,-0.00125732,-0.00496891,-0.00639576,-0.0188956,0.0191494
9.29165,0.00349939,-0.0129335,0.0164329,-0.000226006,-0.0012561,-0.00496394,-0.00639071,-0.0193297,0.019233
9.29751,0.0787264,-0.0132703,0.0919966,-0.00022579,-0.00125488,-0.00495897,-0.00638568,-0.0197615,0.0193166
9.30337,0.0942019,-0.0136046,0.107806,-0.000225574,-0.00125367,-0.00495402,-0.00638065,-0.020191,0.0194003
9.30923,0.170158,-0.0139366,0.184095,-0.000225358,-0.00125245,-0.00494908,-0.00637563,-0.0206181,0.019484
9.3151,0.0732155,-0.0142663,0.0874818,-0.000225143,-0.00125124,-0.00494414,-0.00637062,-0.021043,0.0195679
9.32096,0.0832627,-0.0145936,0.0978563,-0.000224928,-0.00125004,-0.00493922,-0.00636561,-0.0214656,0.0196518
9.32682,0.163519,-0.0149186,0.178438,-0.000224714,-0.00124883,-0.0049343,-0.00636062,-0.0218859,0.0197358
9.33268,0.00801193,-0.0152412,0.0232532,-0.0002245,-0.00124763,-0.0049294,-0.00635563,-0.022304,0.0198199
9.33854,0.154494,-0.0155616,0.170055,-0.000224287,-0.00124643,-0.00492451,-0.00635065,-0.0227199,0.0199041
9.34441,0.198035,-0.0158797,0.213915,-0.000224074,-0.00124523,-0.00491962,-0.00634567,-0.0231335,0.0199884
9.35027,0.120089,-0.0161955,0.136284,-0.000223861,-0.00124403,-0.00491475,-0.00634071,-0.0235449,0.0200727
9.35613,0.197263,-0.0165091,0.213772,-0.000223649,-0.00124284,-0.00490988,-0.00633575,-0.0239541,0.0201572
9.36199,0.125957,-0.0168204,0.142778,-0.000223437,-0.00124165,-0.00490502,-0.0063308,-0.0243612,0.0202417
9.36786,-0.0609495,-0.0171295,-0.04382,-0.000223226,-0.00124046,-0.00490018,-0.00632586,-0.024766,0.0203263
9.37372,0.0752622,-0.0174363,0.0926986,-0.000223015,-0.00123927,-0.00489534,-0.00632092,-0.0251687,0.0204109
9.37958,0.0385337,-0.017741,0.0562747,-0.000222804,-0.00123809,-0.00489051,-0.006316,-0.0255693,0.0204957
9.38544,0.0355954,-0.0180435,0.0536388,-0.000222594,-0.0012369,-0.0048857,-0.00631108,-0.0259677,0.0205805
9.3913,0.00979327,-0.0183437,0.028137,-0.000222384,-0.00123572,-0.00488089,-0.00630617,-0.026364,0.0206655
9.39717,0.116779,-0.0186418,0.13542,-0.000222175,-0.00123455,-0.00487609,-0.00630126,-0.0267582,0.0207505
9.40303,0.0716461,-0.0189378,0.0905839,-0.000221966,-0.00123337,-0.0048713,-0.00629637,-0.0271503,0.0208356
9.40889,-0.0611818,-0.0192316,-0.0419502,-0.000221757,-0.0012322,-0.00486652,-0.00629148,-0.0275404,0.0209207
9.41475,0.0114694,-0.0195233,0.0309927,-0.000221549,-0.00123103,-0.00486175,-0.0062866,-0.0279283,0.021006
9.42062,0.056271,-0.0198128,0.0760839,-0.000221342,-0.00122986,-0.00485699,-0.00628172,-0.0283142,0.0210913
9.42648,-0.0692888,-0.0201002,-0.0491886,-0.000221134,-0.00122869,-0.00485224,-0.00627686,-0.0286981,0.0211767
9.43234,-0.0793818,-0.0203856,-0.0589962,-0.000220927,-0.00122753,-0.00484749,-0.006272,-0.0290799,0.0212622
9.4382,-0.0777381,-0.0206688,-0.0570693,-0.000220721,-0.00122637,-0.00484276,-0.00626715,-0.0294596,0.0213478
9.44406,-0.0988514,-0.02095,-0.0779014,-0.000220515,-0.00122521,-0.00483804,-0.0062623,-0.0298374,0.0214335
9.44993,-0.0141871,-0.0212291,0.00704199,-0.000220309,-0.00122405,-0.00483332,-0.00625747,-0.0302132,0.0215192
9.45579,0.0748172,-0.0215062,0.0963234,-0.000220104,-0.0012229,-0.00482861,-0.00625264,-0.030587,0.0216051
9.46165,0.184745,-0.0217812,0.206526,-0.000219899,-0.00122174,-0.00482392,-0.00624782,-0.0309588,0.021691
9.46751,0.150962,-0.0220542,0.173016,-0.000219694,-0.00122059,-0.00481923,-0.00624301,-0.0313286,0.021777
9.47338,0.124158,-0.0223251,0.146483,-0.00021949,-0.00121944,-0.00481455,-0.0062382,-0.0316965,0.021863
9.47924,0.127466,-0.0225941,0.15006,-0.000219286,-0.0012183,-0.00480988,-0.0062334,-0.0320624,0.0219492
9.4851,0.146581,-0.0228611,0.169442,-0.000219083,-0.00121715,-0.00480522,-0.00622861,-0.0324264,0.0220354
9.49096,-0.0111992,-0.023126,0.0119268,-0.00021888,-0.00121601,-0.00480057,-0.00622382,-0.0327885,0.0221218
9.49682,0.0433692,-0.023389,0.0667582,-0.000218677,-0.00121487,-0.00479593,-0.00621905,-0.0331487,0.0222082
9.50269,0.0241156,-0.0236501,0.0477657,-0.000218475,-0.00121374,-0.00479129,-0.00621428,-0.0335069,0.0222946
9.50855,-0.024935,-0.0239092,-0.00102586,-0.000218273,-0.0012126,-0.00478667,-0.00620952,-0.0338633,0.0223812
9.51441,-0.0709059,-0.0241663,-0.0467396,-0.000218072,-0.00121147,-0.00478205,-0.00620476,-0.0342178,0.0224679
9.52027,-0.0896917,-0.0244215,-0.0652701,-0.000217871,-0.00121034,-0.00477745,-0.00620001,-0.0345705,0.0225546
9.52614,-0.0728839,-0.0246748,-0.048209,-0.00021767,-0.00120921,-0.00477285,-0.00619527,-0.0349212,0.0226414
9.532,-0.160257,-0.0249262,-0.135331,-0.000217469,-0.00120808,-0.00476826,-0.00619054,-0.0352702,0.0227283
9.53786,-0.0191013,-0.0251757,0.00607438,-0.00021727,-0.00120696,-0.00476368,-0.00618581,-0.0356173,0.0228153
9.54372,-0.0287986,-0.0254233,-0.00337534,-0.00021707,-0.00120583,-0.00475911,-0.0061811,-0.0359625,0.0229024
9.54958,-0.019693,-0.025669,0.00597601,-0.000216871,-0.00120471,-0.00475455,-0.00617638,-0.036306,0.0229895
9.55545,0.00504797,-0.0259128,0.0309608,-0.000216672,-0.0012036,-0.00474999,-0.00617168,-0.0366476,0.0230767
9.56131,0.0491301,-0.0261548,0.0752849,-0.000216474,-0.00120248,-0.00474545,-0.00616698,-0.0369875,0.023164
9.56717,-0.0634313,-0.026395,-0.0370363,-0.000216275,-0.00120137,-0.00474091,-0.00616229,-0.0373256,0.0232514
9.57303,-0.0510696,-0.0266333,-0.0244363,-0.000216078,-0.00120025,-0.00473638,-0.00615761,-0.0376619,0.0233389
9.5789,-0.190845,-0.0268697,-0.163975,-0.00021588,-0.00119914,-0.00473186,-0.00615293,-0.0379964,0.0234265
9.58476,-0.291276,-0.0271044,-0.264172,-0.000215683,-0.00119804,-0.00472735,-0.00614827,-0.0383292,0.0235141
9.59062,-0.294934,-0.0273372,-0.267597,-0.000215487,-0.00119693,-0.00472285,-0.0061436,-0.0386602,0.0236018
9.59648,0.035507,-0.0275683,0.0630753,-0.000215291,-0.00119583,-0.00471836,-0.00613895,-0.0389895,0.0236896
9.60234,-0.186365,-0.0277975,-0.158567,-0.000215095,-0.00119473,-0.00471387,-0.0061343,-0.0393171,0.0237775
9.60821,-0.0338305,-0.028025,-0.00580546,-0.000214899,-0.00119363,-0.00470939,-0.00612966,-0.0396429,0.0238655
9.61407,0.10763,-0.0282507,0.135881,-0.000214704,-0.00119253,-0.00470493,-0.00612503,-0.0399671,0.0239535
9.61993,-0.0346895,-0.0284747,-0.00621478,-0.000214509,-0.00119143,-0.00470047,-0.0061204,-0.0402895,0.0240417
9.62579,0.121586,-0.0286969,0.150282,-0.000214315,-0.00119034,-0.00469601,-0.00611578,-0.0406103,0.0241299
9.63166,0.189045,-0.0289173,0.217962,-0.000214121,-0.00118925,-0.00469157,-0.00611117,-0.0409294,0.0242182
9.63752,0.123076,-0.029136,0.152212,-0.000213927,-0.00118816,-0.00468714,-0.00610656,-0.0412468,0.0243066
9.64338,0.239271,-0.029353,0.268624,-0.000213734,-0.00118707,-0.00468271,-0.00610196,-0.0415626,0.024395
9.64924,0.107036,-0.0295683,0.136605,-0.000213541,-0.00118599,-0.00467829,-0.00609737,-0.0418767,0.0244836
9.65511,-0.0616952,-0.0297819,-0.0319133,-0.000213348,-0.0011849,-0.00467388,-0.00609279,-0.0421891,0.0245722
9.66097,0.00701077,-0.0299938,0.0370045,-0.000213156,-0.00118382,-0.00466948,-0.00608821,-0.0425,0.0246609
9.66683,-0.0645774,-0.030204,-0.0343734,-0.000212964,-0.00118274,-0.00466509,-0.00608364,-0.0428092,0.0247497
9.67269,-0.168176,-0.0304125,-0.137764,-0.000212773,-0.00118167,-0.00466071,-0.00607907,-0.0431168,0.0248386
9.67855,-0.196786,-0.0306193,-0.166167,-0.000212582,-0.00118059,-0.00465633,-0.00607452,-0.0434228,0.0249275
9.68442,0.13679,-0.0308245,0.167615,-0.000212391,-0.00117952,-0.00465196,-0.00606997,-0.0437272,0.0250166
9.69028,-0.0353829,-0.031028,-0.00435482,-0.0002122,-0.00117845,-0.0046476,-0.00606542,-0.04403,0.0251057
9.69614,-0.0377942,-0.0312299,-0.00656426,-0.00021201,-0.00117738,-0.00464325,-0.00606089,-0.0443313,0.0251949
9.702,-0.0995953,-0.0314302,-0.0681651,-0.00021182,-0.00117631,-0.00463891,-0.00605636,-0.044631,0.0252842
9.70787,-0.0417687,-0.0316288,-0.0101399,-0.000211631,-0.00117525,-0.00463457,-0.00605183,-0.0449291,0.0253735
9.71373,-0.0603935,-0.0318258,-0.0285676,-0.000211442,-0.00117418,-0.00463024,-0.00604732,-0.0452256,0.025463
9.71959,-0.0824284,-0.0320212,-0.0504072,-0.000211253,-0.00117312,-0.00462592,-0.00604281,-0.0455207,0.0255525
9.72545,-0.165562,-0.0322151,-0.133347,-0.000211065,-0.00117206,-0.00462161,-0.0060383,-0.0458141,0.0256421
9.73131,-0.20981,-0.0324073,-0.177402,-0.000210877,-0.001171,-0.00461731,-0.00603381,-0.0461061,0.0257318
9.73718,-0.159357,-0.0325979,-0.126759,-0.000210689,-0.00116995,-0.00461301,-0.00602932,-0.0463965,0.0258216
9.74304,-0.0454115,-0.032787,-0.0126245,-0.000210502,-0.00116889,-0.00460872,-0.00602483,-0.0466855,0.0259115
9.7489,0.158845,-0.0329745,0.19182,-0.000210315,-0.00116784,-0.00460445,-0.00602036,-0.0469729,0.0260014
9.75476,0.12243,-0.0331604,0.15559,-0.000210128,-0.00116679,-0.00460017,-0.00601589,-0.0472588,0.0260914
9.76063,0.18487,-0.0333448,0.218215,-0.000209941,-0.00116575,-0.00459591,-0.00601142,-0.0475433,0.0261815
9.76649,0.0758842,-0.0335276,0.109412,-0.000209755,-0.0011647,-0.00459165,-0.00600697,-0.0478263,0.0262717
9.77235,-0.0114924,-0.0337089,0.0222165,-0.00020957,-0.00116366,-0.00458741,-0.00600252,-0.0481078,0.026362
9.77821,-0.155881,-0.0338887,-0.121992,-0.000209384,-0.00116261,-0.00458317,-0.00599807,-0.0483878,0.0264524
9.78407,-0.0726703,-0.034067,-0.0386034,-0.000209199,-0.00116157,-0.00457893,-0.00599364,-0.0486664,0.0265428
9.78994,-0.252594,-0.0342437,-0.218351,-0.000209015,-0.00116054,-0.00457471,-0.0059892,-0.0489435,0.0266333
9.7958,-0.130733,-0.034419,-0.0963142,-0.00020883,-0.0011595,-0.00457049,-0.00598478,-0.0492193,0.0267239
9.80166,0.0896919,-0.0345927,0.124285,-0.000208646,-0.00115846,-0.00456628,-0.00598036,-0.0494935,0.0268146
9.80752,0.0318011,-0.034765,0.0665661,-0.000208463,-0.00115743,-0.00456208,-0.00597595,-0.0497664,0.0269054
9.81339,0.0906187,-0.0349358,0.125554,-0.000208279,-0.0011564,-0.00455789,-0.00597155,-0.0500379,0.0269962
9.81925,-0.035905,-0.0351051,-0.000799902,-0.000208096,-0.00115537,-0.0045537,-0.00596715,-0.0503079,0.0270871
9.82511,-0.16878,-0.0352729,-0.133507,-0.000207914,-0.00115434,-0.00454953,-0.00596276,-0.0505765,0.0271782
9.83097,-0.123142,-0.0354393,-0.0877027,-0.000207731,-0.00115332,-0.00454535,-0.00595837,-0.0508438,0.0272693
9.83683,-0.101677,-0.0356043,-0.0660728,-0.000207549,-0.0011523,-0.00454119,-0.005954,-0.0511097,0.0273604
9.8427,0.0575214,-0.0357678,0.0932892,-0.000207368,-0.00115127,-0.00453704,-0.00594962,-0.0513742,0.0274517
9.84856,0.178634,-0.0359298,0.214564,-0.000207186,-0.00115025,-0.00453289,-0.00594526,-0.0516373,0.027543
9.85442,-0.044199,-0.0360905,-0.00810853,-0.000207005,-0.00114924,-0.00452875,-0.0059409,-0.051899,0.0276345
9.86028,-0.0747483,-0.0362497,-0.0384986,-0.000206825,-0.00114822,-0.00452462,-0.00593655,-0.0521595,0.027726
9.86615,-0.0636261,-0.0364075,-0.0272186,-0.000206644,-0.00114721,-0.00452049,-0.0059322,-0.0524185,0.0278176
9.87201,-0.0797755,-0.0365639,-0.0432116,-0.000206464,-0.00114619,-0.00451637,-0.00592786,-0.0526762,0.0279092
9.87787,-0.170089,-0.0367189,-0.13337,-0.000206284,-0.00114518,-0.00451226,-0.00592353,-0.0529326,0.028001
9.88373,-0.0697351,-0.0368725,-0.0328626,-0.000206105,-0.00114417,-0.00450816,-0.0059192,-0.0531877,0.0280928
9.88959,-0.0140435,-0.0370248,0.0229812,-0.000205926,-0.00114317,-0.00450407,-0.00591488,-0.0534415,0.0281847
9.89546,0.00484448,-0.0371756,0.0420201,-0.000205747,-0.00114216,-0.00449998,-0.00591056,-0.0536939,0.0282767
9.90132,-0.141471,-0.0373251,-0.104146,-0.000205569,-0.00114116,-0.0044959,-0.00590625,-0.053945,0.0283688
9.90718,-0.0812227,-0.0374732,-0.0437494,-0.00020539,-0.00114016,-0.00449183,-0.00590195,-0.0541949,0.028461
9.91304,-0.218352,-0.03762,-0.180732,-0.000205213,-0.00113916,-0.00448776,-0.00589766,-0.0544434,0.0285532
9.91891,-0.00646234,-0.0377654,0.0313031,-0.000205035,-0.00113816,-0.0044837,-0.00589337,-0.0546907,0.0286456
9.92477,-0.12739,-0.0379095,-0.0894805,-0.000204858,-0.00113716,-0.00447965,-0.00588908,-0.0549367,0.028738
9.93063,-0.0926628,-0.0380522,-0.0546106,-0.000204681,-0.00113617,-0.00447561,-0.0058848,-0.0551814,0.0288305
9.93649,-0.0989741,-0.0381936,-0.0607804,-0.000204504,-0.00113518,-0.00447157,-0.00588053,-0.0554249,0.028923
9.94235,-0.113757,-0.0383337,-0.0754232,-0.000204328,-0.00113418,-0.00446754,-0.00587627,-0.0556671,0.0290157
9.94822,-0.163644,-0.0384725,-0.125172,-0.000204152,-0.0011332,-0.00446352,-0.00587201,-0.0559081,0.0291084
9.95408,-0.24628,-0.03861,-0.20767,-0.000203976,-0.00113221,-0.00445951,-0.00586776,-0.0561478,0.0292013
9.95994,0.0627794,-0.0387461,0.101526,-0.000203801,-0.00113122,-0.0044555,-0.00586351,-0.0563863,0.0292942
9.9658,0.0145027,-0.038881,0.0533837,-0.000203626,-0.00113024,-0.0044515,-0.00585927,-0.0566235,0.0293872
9.97167,0.000882832,-0.0390146,0.0398974,-0.000203451,-0.00112926,-0.0044475,-0.00585504,-0.0568595,0.0294802
9.97753,0.171617,-0.0391468,0.210764,-0.000203277,-0.00112828,-0.00444352,-0.00585081,-0.0570944,0.0295734
9.98339,0.0129335,-0.0392779,0.0522114,-0.000203103,-0.0011273,-0.00443954,-0.00584659,-0.057328,0.0296666
9.98925,0.0275577,-0.0394076,0.0669653,-0.000202929,-0.00112632,-0.00443557,-0.00584237,-0.0575604,0.0297599
9.99511,-0.018851,-0.0395361,0.0206851,-0.000202755,-0.00112534,-0.0044316,-0.00583816,-0.0577916,0.0298533
10.001,0.0784055,-0.0396633,0.118069,-0.000202582,-0.00112437,-0.00442765,-0.00583396,-0.0580216,0.0299468
10.0068,0.0421151,-0.0397893,0.0819044,-0.000202409,-0.0011234,-0.0044237,-0.00582976,-0.0582504,0.0300404
10.0127,0.0132752,-0.039914,0.0531892,-0.000202237,-0.00112243,-0.00441975,-0.00582557,-0.0584781,0.030134
10.0186,-0.0498048,-0.0400375,-0.00976731,-0.000202064,-0.00112146,-0.00441582,-0.00582138,-0.0587046,0.0302278
10.0244,-0.0177719,-0.0401598,0.0223878,-0.000201892,-0.00112049,-0.00441189,-0.0058172,-0.0589299,0.0303216
10.0303,0.0760912,-0.0402808,0.116372,-0.000201721,-0.00111953,-0.00440796,-0.00581303,-0.059154,0.0304155
10.0362,-0.204962,-0.0404006,-0.164561,-0.000201549,-0.00111856,-0.00440405,-0.00580886,-0.059377,0.0305095
10.042,-0.103556,-0.0405192,-0.0630366,-0.000201378,-0.0011176,-0.00440014,-0.0058047,-0.0595989,0.0306035
10.0479,-0.100763,-0.0406366,-0.0601262,-0.000201207,-0.00111664,-0.00439624,-0.00580054,-0.0598196,0.0306977
10.0537,-0.088793,-0.0407528,-0.0480403,-0.000201037,-0.00111568,-0.00439234,-0.00579639,-0.0600392,0.0307919
10.0596,-0.245132,-0.0408677,-0.204264,-0.000200867,-0.00111473,-0.00438846,-0.00579225,-0.0602576,0.0308862
10.0655,-0.0338583,-0.0409815,0.00712322,-0.000200697,-0.00111377,-0.00438458,-0.00578811,-0.060475,0.0309806
10.0713,-0.120979,-0.0410941,-0.0798846,-0.000200527,-0.00111282,-0.0043807,-0.00578398,-0.0606912,0.031075
10.0772,-0.0881926,-0.0412056,-0.046987,-0.000200358,-0.00111187,-0.00437683,-0.00577985,-0.0609063,0.0311696
10.083,-0.104853,-0.0413158,-0.0635375,-0.000200189,-0.00111092,-0.00437297,-0.00577573,-0.0611202,0.0312642
10.0889,-0.22118,-0.0414249,-0.179755,-0.00020002,-0.00110997,-0.00436912,-0.00577162,-0.0613331,0.0313589
10.0948,-0.139419,-0.0415329,-0.0978862,-0.000199852,-0.00110902,-0.00436527,-0.00576751,-0.0615449,0.0314537
10.1006,-0.248113,-0.0416396,-0.206473,-0.000199683,-0.00110808,-0.00436143,-0.00576341,-0.0617556,0.0315486
10.1065,-0.195019,-0.0417452,-0.153273,-0.000199516,-0.00110713,-0.0043576,-0.00575931,-0.0619653,0.0316436
10.1124,-0.119324,-0.0418497,-0.0774742,-0.000199348,-0.00110619,-0.00435377,-0.00575522,-0.0621738,0.0317386
10.1182,-0.0670696,-0.041953,-0.0251165,-0.000199181,-0.00110525,-0.00434995,-0.00575113,-0.0623813,0.0318338
10.1241,-0.045755,-0.0420552,-0.00369974,-0.000199014,-0.00110431,-0.00434614,-0.00574705,-0.0625877,0.031929
10.1299,-0.057846,-0.0421563,-0.0156897,-0.000198847,-0.00110338,-0.00434233,-0.00574298,-0.0627931,0.0320243
10.1358,0.155501,-0.0422563,0.197758,-0.000198681,-0.00110244,-0.00433853,-0.00573891,-0.0629973,0.0321196
10.1417,0.0570364,-0.0423551,0.0993915,-0.000198514,-0.00110151,-0.00433474,-0.00573485,-0.0632006,0.0322151
10.1475,-0.130657,-0.0424528,-0.0882038,-0.000198348,-0.00110057,-0.00433095,-0.00573079,-0.0634028,0.0323106
10.1534,-0.128904,-0.0425494,-0.0863545,-0.000198183,-0.00109964,-0.00432717,-0.00572674,-0.063604,0.0324063
10.1593,-0.132768,-0.0426449,-0.0901227,-0.000198018,-0.00109871,-0.0043234,-0.0057227,-0.0638041,0.032502
10.1651,-0.0882136,-0.0427394,-0.0454742,-0.000197853,-0.00109779,-0.00431963,-0.00571866,-0.0640032,0.0325978
10.171,-0.115561,-0.0428327,-0.0727287,-0.000197688,-0.00109686,-0.00431587,-0.00571462,-0.0642013,0.0326936
10.1768,-0.147881,-0.0429249,-0.104956,-0.000197523,-0.00109594,-0.00431212,-0.0057106,-0.0643983,0.0327896
10.1827,0.0812612,-0.0430161,0.124277,-0.000197359,-0.00109501,-0.00430837,-0.00570657,-0.0645944,0.0328856
10.1886,-0.00318625,-0.0431062,0.0399199,-0.000197195,-0.00109409,-0.00430463,-0.00570256,-0.0647894,0.0329817
10.1944,-0.0649504,-0.0431952,-0.0217552,-0.000197032,-0.00109317,-0.0043009,-0.00569855,-0.0649834,0.0330779
10.2003,-0.0754546,-0.0432831,-0.0321715,-0.000196868,-0.00109225,-0.00429717,-0.00569454,-0.0651765,0.0331742
10.2062,-0.0752946,-0.04337,-0.0319246,-0.000196705,-0.00109134,-0.00429345,-0.00569054,-0.0653685,0.0332706
10.212,0.0782377,-0.0434558,0.121693,-0.000196542,-0.00109042,-0.00428973,-0.00568655,-0.0655596,0.033367
10.2179,0.0370027,-0.0435406,0.0805433,-0.00019638,-0.00108951,-0.00428602,-0.00568256,-0.0657497,0.0334635
10.2237,0.0860807,-0.0436243,0.129705,-0.000196218,-0.0010886,-0.00428232,-0.00567858,-0.0659388,0.0335602
10.2296,-0.303849,-0.043707,-0.260142,-0.000196056,-0.00108769,-0.00427863,-0.0056746,-0.0661269,0.0336568
10.2355,-0.0923109,-0.0437887,-0.0485222,-0.000195894,-0.00108678,-0.00427494,-0.00567063,-0.0663141,0.0337536
10.2413,0.0410243,-0.0438693,0.0848937,-0.000195732,-0.00108587,-0.00427125,-0.00566666,-0.0665003,0.0338505
10.2472,0.168182,-0.0439489,0.212131,-0.000195571,-0.00108497,-0.00426758,-0.0056627,-0.0666855,0.0339474
10.2531,0.02083,-0.0440275,0.0648575,-0.00019541,-0.00108406,-0.00426391,-0.00565874,-0.0668698,0.0340444
10.2589,-0.190014,-0.0441051,-0.145909,-0.00019525,-0.00108316,-0.00426024,-0.00565479,-0.0670532,0.0341415
10.2648,-0.0333623,-0.0441816,0.0108193,-0.000195089,-0.00108226,-0.00425659,-0.00565085,-0.0672356,0.0342387
10.2706,-0.0997553,-0.0442572,-0.0554981,-0.000194929,-0.00108136,-0.00425293,-0.00564691,-0.067417,0.034336
10.2765,-0.233513,-0.0443317,-0.189182,-0.00019477,-0.00108046,-0.00424929,-0.00564298,-0.0675976,0.0344333
10.2824,-0.161787,-0.0444053,-0.117382,-0.00019461,-0.00107956,-0.00424565,-0.00563905,-0.0677772,0.0345308
10.2882,0.0194461,-0.0444778,0.063924,-0.000194451,-0.00107867,-0.00424202,-0.00563513,-0.0679559,0.0346283
10.2941,0.0876776,-0.0445494,0.132227,-0.000194292,-0.00107778,-0.00423839,-0.00563121,-0.0681336,0.0347259
10.3,0.0622786,-0.04462,0.106899,-0.000194133,-0.00107688,-0.00423477,-0.0056273,-0.0683105,0.0348236
10.3058,-0.114197,-0.0446896,-0.0695077,-0.000193975,-0.00107599,-0.00423116,-0.00562339,-0.0684864,0.0349213
10.3117,0.172904,-0.0447583,0.217662,-0.000193816,-0.0010751,-0.00422755,-0.00561949,-0.0686615,0.0350192
10.3175,-0.0926662,-0.0448259,-0.0478403,-0.000193658,-0.00107422,-0.00422395,-0.0056156,-0.0688356,0.0351171
10.3234,-0.0682359,-0.0448926,-0.0233432,-0.000193501,-0.00107333,-0.00422035,-0.00561171,-0.0690089,0.0352151
10.3293,-0.191366,-0.0449584,-0.146408,-0.000193343,-0.00107245,-0.00421676,-0.00560782,-0.0691812,0.0353132
10.3351,0.0351489,-0.0450232,0.0801721,-0.000193186,-0.00107156,-0.00421318,-0.00560395,-0.0693527,0.0354114
10.341,0.0199597,-0.045087,0.0650467,-0.000193029,-0.00107068,-0.0042096,-0.00560007,-0.0695233,0.0355096
10.3468,0.0575578,-0.0451499,0.102708,-0.000192873,-0.0010698,-0.00420603,-0.0055962,-0.069693,0.035608
10.3527,-0.0073035,-0.0452119,0.0379083,-0.000192716,-0.00106892,-0.00420246,-0.00559234,-0.0698618,0.0357064
10.3586,-0.0419108,-0.0452729,0.00336202,-0.00019256,-0.00106805,-0.0041989,-0.00558848,-0.0700298,0.0358049
10.3644,-0.029174,-0.0453329,0.0161589,-0.000192404,-0.00106717,-0.00419535,-0.00558463,-0.0701969,0.0359035
10.3703,-0.222156,-0.0453921,-0.176764,-0.000192249,-0.0010663,-0.0041918,-0.00558078,-0.0703631,0.0360021
10.3762,-0.00511134,-0.0454503,0.040339,-0.000192093,-0.00106542,-0.00418826,-0.00557694,-0.0705285,0.0361009
10.382,0.0522771,-0.0455076,0.0977848,-0.000191938,-0.00106455,-0.00418472,-0.00557311,-0.070693,0.0361997
10.3879,-0.0550973,-0.045564,-0.00953325,-0.000191783,-0.00106368,-0.0041812,-0.00556927,-0.0708567,0.0362986
10.3937,-0.0510917,-0.0456195,-0.00547221,-0.000191629,-0.00106281,-0.00417767,-0.00556545,-0.0710196,0.0363976
10.3996,-0.0201323,-0.045674,0.0255418,-0.000191474,-0.00106195,-0.00417415,-0.00556163,-0.0711816,0.0364967
10.4055,0.110332,-0.0457277,0.15606,-0.00019132,-0.00106108,-0.00417064,-0.00555781,-0.0713427,0.0365959
10.4113,0.0408718,-0.0457805,0.0866523,-0.000191166,-0.00106022,-0.00416714,-0.005554,-0.0715031,0.0366951
10.4172,-0.0171294,-0.0458323,0.0287029,-0.000191013,-0.00105935,-0.00416364,-0.0055502,-0.0716626,0.0367945
10.4231,-0.0871628,-0.0458833,-0.0412795,-0.000190859,-0.00105849,-0.00416014,-0.0055464,-0.0718213,0.0368939
10.4289,-0.203048,-0.0459334,-0.157114,-0.000190706,-0.00105763,-0.00415665,-0.0055426,-0.0719792,0.0369934
10.4348,-0.151285,-0.0459826,-0.105302,-0.000190554,-0.00105677,-0.00415317,-0.00553881,-0.0721362,0.0370929
10.4406,-0.0720763,-0.0460309,-0.0260453,-0.000190401,-0.00105592,-0.0041497,-0.00553503,-0.0722925,0.0371926
10.4465,-0.0791948,-0.0460784,-0.0331164,-0.000190249,-0.00105506,-0.00414623,-0.00553125,-0.0724479,0.0372923
10.4524,-0.0500727,-0.0461249,-0.00394773,-0.000190097,-0.00105421,-0.00414276,-0.00552748,-0.0726025,0.0373921
10.4582,0.0225496,-0.0461707,0.0687203,-0.000189945,-0.00105335,-0.0041393,-0.00552371,-0.0727564,0.037492
10.4641,0.0147547,-0.0462155,0.0609702,-0.000189793,-0.0010525,-0.00413585,-0.00551994,-0.0729094,0.037592
10.47,-0.0028675,-0.0462595,0.043392,-0.000189642,-0.00105165,-0.0041324,-0.00551619,-0.0730617,0.0376921
10.4758,0.0281785,-0.0463026,0.0744811,-0.000189491,-0.0010508,-0.00412896,-0.00551243,-0.0732132,0.0377922
10.4817,-0.00734868,-0.0463449,0.0389962,-0.00018934,-0.00104996,-0.00412552,-0.00550868,-0.0733639,0.0378925
10.4875,-0.0387428,-0.0463863,0.00764357,-0.000189189,-0.00104911,-0.00412209,-0.00550494,-0.0735138,0.0379928
10.4934,-0.000421363,-0.0464269,0.0460056,-0.000189039,-0.00104827,-0.00411867,-0.0055012,-0.0736629,0.0380932
10.4993,-0.198564,-0.0464667,-0.152098,-0.000188889,-0.00104742,-0.00411525,-0.00549747,-0.0738113,0.0381937
10.5051,0.0263039,-0.0465056,0.0728094,-0.000188739,-0.00104658,-0.00411183,-0.00549374,-0.0739589,0.0382942
10.511,-0.148734,-0.0465436,-0.10219,-0.000188589,-0.00104574,-0.00410843,-0.00549002,-0.0741057,0.0383949
10.5169,0.00157299,-0.0465809,0.0481539,-0.00018844,-0.0010449,-0.00410502,-0.0054863,-0.0742518,0.0384956
10.5227,-0.0319529,-0.0466173,0.0146644,-0.000188291,-0.00104406,-0.00410163,-0.00548259,-0.0743971,0.0385964
10.5286,0.0624584,-0.0466529,0.109111,-0.000188142,-0.00104323,-0.00409824,-0.00547888,-0.0745417,0.0386973
10.5344,-0.0115596,-0.0466877,0.0351281,-0.000187993,-0.00104239,-0.00409485,-0.00547518,-0.0746855,0.0387983
10.5403,-0.127204,-0.0467217,-0.0804827,-0.000187845,-0.00104156,-0.00409147,-0.00547148,-0.0748286,0.0388993
10.5462,0.0305716,-0.0467548,0.0773264,-0.000187697,-0.00104073,-0.0040881,-0.00546779,-0.074971,0.0390004
10.552,-0.00688171,-0.0467872,0.0399055,-0.000187549,-0.0010399,-0.00408473,-0.0054641,-0.0751126,0.0391017
10.5579,-0.0244257,-0.0468187,0.022393,-0.000187401,-0.00103907,-0.00408137,-0.00546042,-0.0752534,0.039203
10.5638,-0.0332602,-0.0468495,0.0135893,-0.000187254,-0.00103824,-0.00407801,-0.00545674,-0.0753936,0.0393044
10.5696,0.0518642,-0.0468794,0.0987436,-0.000187106,-0.00103741,-0.00407466,-0.00545307,-0.075533,0.0394058
10.5755,0.0598904,-0.0469086,0.106799,-0.000186959,-0.00103658,-0.00407131,-0.0054494,-0.0756717,0.0395074
10.5813,0.00625365,-0.0469369,0.0531906,-0.000186813,-0.00103576,-0.00406797,-0.00544573,-0.0758097,0.039609
10.5872,-0.179743,-0.0469645,-0.132779,-0.000186666,-0.00103494,-0.00406463,-0.00544208,-0.0759469,0.0397107
10.5931,-0.126144,-0.0469913,-0.0791525,-0.00018652,-0.00103412,-0.0040613,-0.00543842,-0.0760835,0.0398125
10.5989,-0.0614344,-0.0470173,-0.0144171,-0.000186374,-0.0010333,-0.00405798,-0.00543477,-0.0762193,0.0399144
10.6048,0.119126,-0.0470426,0.166169,-0.000186228,-0.00103248,-0.00405466,-0.00543113,-0.0763544,0.0400163
10.6106,0.0387466,-0.047067,0.0858137,-0.000186082,-0.00103166,-0.00405135,-0.00542749,-0.0764889,0.0401184
10.6165,-0.0308209,-0.0470907,0.0162698,-0.000185937,-0.00103084,-0.00404804,-0.00542386,-0.0766226,0.0402205
10.6224,0.0711782,-0.0471137,0.118292,-0.000185792,-0.00103003,-0.00404473,-0.00542023,-0.0767556,0.0403227
10.6282,-0.0229392,-0.0471359,0.0241967,-0.000185647,-0.00102921,-0.00404144,-0.00541661,-0.076888,0.040425
10.6341,-0.043223,-0.0471573,0.00393424,-0.000185502,-0.0010284,-0.00403814,-0.00541299,-0.0770196,0.0405274
10.64,-0.0316552,-0.0471779,0.0155227,-0.000185358,-0.00102759,-0.00403486,-0.00540937,-0.0771506,0.0406298
10.6458,-0.186065,-0.0471978,-0.138867,-0.000185214,-0.00102678,-0.00403158,-0.00540576,-0.0772809,0.0407324
10.6517,0.00183249,-0.047217,0.0490495,-0.00018507,-0.00102597,-0.0040283,-0.00540216,-0.0774105,0.040835
10.6575,0.00747277,-0.0472354,0.0547082,-0.000184926,-0.00102516,-0.00402503,-0.00539856,-0.0775394,0.0409377
10.6634,-0.0584151,-0.0472531,-0.0111621,-0.000184782,-0.00102436,-0.00402176,-0.00539496,-0.0776677,0.0410405
10.6693,-0.16019,-0.04727,-0.11292,-0.000184639,-0.00102355,-0.0040185,-0.00539137,-0.0777953,0.0411433
10.6751,-0.0613899,-0.0472862,-0.0141037,-0.000184496,-0.00102275,-0.00401525,-0.00538779,-0.0779222,0.0412463
10.681,0.081419,-0.0473017,0.128721,-0.000184353,-0.00102195,-0.004012,-0.00538421,-0.0780485,0.0413493
10.6869,-0.0704663,-0.0473164,-0.0231499,-0.000184211,-0.00102115,-0.00400875,-0.00538063,-0.0781741,0.0414524
10.6927,-0.156143,-0.0473304,-0.108813,-0.000184068,-0.00102035,-0.00400551,-0.00537706,-0.078299,0.0415556
10.6986,-0.040503,-0.0473437,0.0068407,-0.000183926,-0.00101955,-0.00400228,-0.00537349,-0.0784234,0.0416589
10.7044,-0.198189,-0.0473563,-0.150833,-0.000183784,-0.00101875,-0.00399905,-0.00536993,-0.078547,0.0417623
10.7103,-0.305082,-0.0473681,-0.257714,-0.000183642,-0.00101796,-0.00399583,-0.00536637,-0.07867,0.0418657
10.7162,-0.167676,-0.0473793,-0.120296,-0.000183501,-0.00101716,-0.00399261,-0.00536282,-0.0787924,0.0419692
10.722,-0.149873,-0.0473897,-0.102483,-0.00018336,-0.00101637,-0.0039894,-0.00535927,-0.0789141,0.0420728
10.7279,-0.105122,-0.0473994,-0.0577226,-0.000183219,-0.00101558,-0.00398619,-0.00535573,-0.0790352,0.0421765
10.7338,-0.117873,-0.0474084,-0.0704643,-0.000183078,-0.00101479,-0.00398298,-0.00535219,-0.0791556,0.0422803
10.7396,-0.0373945,-0.0474167,0.0100223,-0.000182937,-0.001014,-0.00397979,-0.00534866,-0.0792755,0.0423841
10.7455,-0.0660332,-0.0474243,-0.0186089,-0.000182797,-0.00101321,-0.00397659,-0.00534513,-0.0793947,0.0424881
10.7513,-0.110683,-0.0474312,-0.0632514,-0.000182657,-0.00101242,-0.00397341,-0.0053416,-0.0795132,0.0425921
10.7572,-0.110605,-0.0474375,-0.0631672,-0.000182517,-0.00101164,-0.00397022,-0.00533808,-0.0796312,0.0426962
10.7631,-0.00667537,-0.047443,0.0407676,-0.000182377,-0.00101085,-0.00396705,-0.00533457,-0.0797485,0.0428004
10.7689,0.0557068,-0.0474478,0.103155,-0.000182237,-0.00101007,-0.00396387,-0.00533106,-0.0798652,0.0429046
10.7748,0.0692385,-0.047452,0.11669,-0.000182098,-0.00100928,-0.00396071,-0.00532755,-0.0799813,0.043009
10.7807,0.0535504,-0.0474555,0.101006,-0.000181959,-0.0010085,-0.00395754,-0.00532405,-0.0800968,0.0431134
10.7865,-0.332269,-0.0474583,-0.284811,-0.00018182,-0.00100772,-0.00395439,-0.00532055,-0.0802117,0.0432179
10.7924,-0.22898,-0.0474604,-0.18152,-0.000181681,-0.00100695,-0.00395124,-0.00531706,-0.080326,0.0433225
10.7982,-0.132422,-0.0474618,-0.0849603,-0.000181543,-0.00100617,-0.00394809,-0.00531357,-0.0804397,0.0434272
10.8041,-0.0538053,-0.0474626,-0.00634263,-0.000181405,-0.00100539,-0.00394495,-0.00531009,-0.0805527,0.0435319
10.81,-0.204144,-0.0474627,-0.156681,-0.000181267,-0.00100462,-0.00394181,-0.00530661,-0.0806652,0.0436368
10.8158,0.0407294,-0.0474622,0.0881916,-0.000181129,-0.00100384,-0.00393868,-0.00530314,-0.0807771,0.0437417
10.8217,0.00746934,-0.047461,0.0549303,-0.000180991,-0.00100307,-0.00393555,-0.00529967,-0.0808884,0.0438467
10.8276,-0.0906994,-0.0474591,-0.0432403,-0.000180854,-0.0010023,-0.00393243,-0.00529621,-0.0809991,0.0439518
10.8334,-0.0452892,-0.0474566,0.00216738,-0.000180717,-0.00100153,-0.00392931,-0.00529274,-0.0811093,0.044057
10.8393,-0.0803074,-0.0474534,-0.032854,-0.00018058,-0.00100076,-0.0039262,-0.00528929,-0.0812188,0.0441622
10.8451,-0.130236,-0.0474496,-0.0827861,-0.000180443,-0.000999994,-0.00392309,-0.00528584,-0.0813278,0.0442676
10.851,-0.0244595,-0.0474451,0.0229856,-0.000180307,-0.000999228,-0.00391999,-0.00528239,-0.0814362,0.044373
10.8569,-0.0842779,-0.04744,-0.0368379,-0.00018017,-0.000998462,-0.00391689,-0.00527895,-0.081544,0.0444785
10.8627,-0.193597,-0.0474343,-0.146163,-0.000180034,-0.000997698,-0.0039138,-0.00527551,-0.0816513,0.0445841
10.8686,-0.152302,-0.0474279,-0.104874,-0.000179898,-0.000996936,-0.00391071,-0.00527208,-0.081758,0.0446897
10.8745,-0.0902546,-0.0474208,-0.0428338,-0.000179763,-0.000996174,-0.00390763,-0.00526865,-0.0818641,0.0447955
10.8803,-0.163702,-0.0474132,-0.116288,-0.000179627,-0.000995413,-0.00390455,-0.00526522,-0.0819696,0.0449013
10.8862,0.0375956,-0.0474049,0.0850004,-0.000179492,-0.000994654,-0.00390148,-0.0052618,-0.0820746,0.0450072
10.892,-0.126227,-0.0473959,-0.0788307,-0.000179357,-0.000993896,-0.00389841,-0.00525839,-0.0821791,0.0451132
10.8979,0.0961955,-0.0473864,0.143582,-0.000179222,-0.000993139,-0.00389534,-0.00525498,-0.082283,0.0452193
10.9038,0.0806327,-0.0473762,0.128009,-0.000179087,-0.000992383,-0.00389228,-0.00525157,-0.0823863,0.0453254
10.9096,-0.0991544,-0.0473654,-0.051789,-0.000178953,-0.000991628,-0.00388923,-0.00524817,-0.0824891,0.0454317
10.9155,-0.0508356,-0.047354,-0.00348158,-0.000178819,-0.000990875,-0.00388618,-0.00524477,-0.0825913,0.045538
10.9213,0.0640258,-0.0473419,0.111368,-0.000178685,-0.000990122,-0.00388314,-0.00524138,-0.082693,0.0456444
10.9272,-0.0324662,-0.0473293,0.0148631,-0.000178551,-0.000989371,-0.0038801,-0.00523799,-0.0827942,0.0457509
10.9331,-0.156958,-0.047316,-0.109642,-0.000178417,-0.000988621,-0.00387706,-0.0052346,-0.0828948,0.0458574
10.9389,-0.0698066,-0.0473022,-0.0225044,-0.000178284,-0.000987872,-0.00387403,-0.00523122,-0.0829949,0.0459641
10.9448,0.135537,-0.0472877,0.182824,-0.000178151,-0.000987125,-0.00387101,-0.00522785,-0.0830944,0.0460708
10.9507,-0.134816,-0.0472726,-0.0875432,-0.000178018,-0.000986378,-0.00386799,-0.00522448,-0.0831934,0.0461776
10.9565,-0.0208261,-0.0472569,0.0264309,-0.000177885,-0.000985632,-0.00386497,-0.00522111,-0.0832919,0.0462845
10.9624,-0.0385616,-0.0472407,0.00867908,-0.000177752,-0.000984888,-0.00386196,-0.00521775,-0.0833899,0.0463915
10.9682,-0.0560198,-0.0472238,-0.00879599,-0.00017762,-0.000984145,-0.00385895,-0.00521439,-0.0834873,0.0464986
10.9741,-0.0871605,-0.0472063,-0.0399541,-0.000177488,-0.000983403,-0.00385595,-0.00521103,-0.0835842,0.0466057
10.98,-0.0897444,-0.0471883,-0.0425561,-0.000177355,-0.000982662,-0.00385295,-0.00520768,-0.0836806,0.046713
10.9858,0.0389865,-0.0471696,0.0861561,-0.000177224,-0.000981922,-0.00384996,-0.00520434,-0.0837765,0.0468203
10.9917,0.0355732,-0.0471504,0.0827236,-0.000177092,-0.000981184,-0.00384697,-0.005201,-0.0838718,0.0469277
10.9976,-0.117482,-0.0471306,-0.0703511,-0.000176961,-0.000980446,-0.00384399,-0.00519766,-0.0839667,0.0470351
11.0034,0.0804785,-0.0471102,0.127589,-0.000176829,-0.00097971,-0.00384101,-0.00519433,-0.084061,0.0471427
11.0093,-0.132536,-0.0470892,-0.0854465,-0.000176698,-0.000978974,-0.00383803,-0.005191,-0.0841549,0.0472503
11.0151,-0.0094329,-0.0470677,0.0376348,-0.000176568,-0.00097824,-0.00383506,-0.00518767,-0.0842482,0.047358
11.021,-0.0181562,-0.0470456,0.0288894,-0.000176437,-0.000977507,-0.0038321,-0.00518435,-0.084341,0.0474659
11.0269,0.0760615,-0.0470229,0.123084,-0.000176307,-0.000976775,-0.00382914,-0.00518104,-0.0844333,0.0475737
11.0327,0.0240033,-0.0469996,0.0710029,-0.000176176,-0.000976044,-0.00382618,-0.00517773,-0.0845252,0.0476817
11.0386,0.0751985,-0.0469758,0.122174,-0.000176046,-0.000975314,-0.00382323,-0.00517442,-0.0846165,0.0477898
11.0445,-0.012473,-0.0469514,0.0344784,-0.000175917,-0.000974586,-0.00382029,-0.00517112,-0.0847073,0.0478979
11.0503,0.0563864,-0.0469264,0.103313,-0.000175787,-0.000973858,-0.00381734,-0.00516782,-0.0847977,0.0480061
11.0562,0.0171398,-0.0469009,0.0640407,-0.000175657,-0.000973132,-0.00381441,-0.00516452,-0.0848876,0.0481144
11.062,0.17754,-0.0468748,0.224415,-0.000175528,-0.000972407,-0.00381147,-0.00516123,-0.0849769,0.0482228
11.0679,-0.0456764,-0.0468482,0.00117174,-0.000175399,-0.000971682,-0.00380854,-0.00515795,-0.0850658,0.0483312
11.0738,0.0676791,-0.046821,0.1145,-0.00017527,-0.000970959,-0.00380562,-0.00515466,-0.0851542,0.0484398
11.0796,0.0321138,-0.0467932,0.078907,-0.000175142,-0.000970237,-0.0038027,-0.00515139,-0.0852422,0.0485484
11.0855,-0.00600119,-0.0467649,0.0407637,-0.000175013,-0.000969516,-0.00379978,-0.00514811,-0.0853296,0.0486571
11.0914,-0.0882738,-0.0467361,-0.0415377,-0.000174885,-0.000968796,-0.00379687,-0.00514484,-0.0854166,0.0487659
11.0972,-0.0162163,-0.0467067,0.0304904,-0.000174757,-0.000968077,-0.00379397,-0.00514158,-0.0855031,0.0488748
11.1031,-0.177822,-0.0466768,-0.131145,-0.000174629,-0.00096736,-0.00379106,-0.00513832,-0.0855891,0.0489837
11.1089,-0.216246,-0.0466463,-0.1696,-0.000174501,-0.000966643,-0.00378817,-0.00513506,-0.0856747,0.0490928
11.1148,-0.0292723,-0.0466153,0.017343,-0.000174374,-0.000965927,-0.00378527,-0.0051318,-0.0857598,0.0492019
11.1207,-0.189393,-0.0465838,-0.14281,-0.000174246,-0.000965213,-0.00378239,-0.00512856,-0.0858445,0.0493111
11.1265,0.0480096,-0.0465517,0.0945613,-0.000174119,-0.000964499,-0.0037795,-0.00512531,-0.0859286,0.0494204
11.1324,-0.0439853,-0.0465191,0.00253372,-0.000173992,-0.000963787,-0.00377662,-0.00512207,-0.0860123,0.0495298
11.1383,-0.0215514,-0.0464859,0.0249346,-0.000173865,-0.000963076,-0.00377375,-0.00511883,-0.0860956,0.0496392
11.1441,-0.0314209,-0.0464523,0.0150313,-0.000173739,-0.000962365,-0.00377088,-0.0051156,-0.0861784,0.0497487
11.15,-0.0014283,-0.0464181,0.0449898,-0.000173612,-0.000961656,-0.00376801,-0.00511237,-0.0862608,0.0498583
11.1558,-0.059118,-0.0463833,-0.0127347,-0.000173486,-0.000960948,-0.00376515,-0.00510915,-0.0863427,0.049968
11.1617,-0.0848244,-0.0463481,-0.0384764,-0.00017336,-0.000960241,-0.00376229,-0.00510593,-0.0864241,0.0500778
11.1676,-0.0694668,-0.0463123,-0.0231545,-0.000173234,-0.000959535,-0.00375943,-0.00510271,-0.0865051,0.0501877
11.1734,0.0472912,-0.0462761,0.0935673,-0.000173109,-0.00095883,-0.00375658,-0.0050995,-0.0865857,0.0502976
11.1793,0.0903645,-0.0462393,0.136604,-0.000172983,-0.000958126,-0.00375374,-0.00509629,-0.0866658,0.0504077
11.1851,0.116728,-0.0462019,0.16293,-0.000172858,-0.000957423,-0.0037509,-0.00509309,-0.0867454,0.0505178
11.191,0.037996,-0.0461641,0.0841602,-0.000172733,-0.000956721,-0.00374806,-0.00508989,-0.0868247,0.050628
11.1969,-0.0395788,-0.0461258,0.00654696,-0.000172608,-0.00095602,-0.00374523,-0.00508669,-0.0869035,0.0507382
11.2027,-0.203924,-0.046087,-0.157837,-0.000172483,-0.00095532,-0.0037424,-0.0050835,-0.0869818,0.0508486
11.2086,-0.0316309,-0.0460476,0.0144167,-0.000172359,-0.000954622,-0.00373958,-0.00508031,-0.0870598,0.050959
11.2145,0.0389375,-0.0460078,0.0849453,-0.000172234,-0.000953924,-0.00373676,-0.00507713,-0.0871372,0.0510695
11.2203,-0.0585132,-0.0459674,-0.0125457,-0.00017211,-0.000953227,-0.00373394,-0.00507395,-0.0872143,0.0511801
11.2262,0.0277267,-0.0459266,0.0736533,-0.000171986,-0.000952532,-0.00373113,-0.00507077,-0.087291,0.0512908
11.232,0.0995987,-0.0458852,0.145484,-0.000171862,-0.000951837,-0.00372833,-0.0050676,-0.0873672,0.0514016
11.2379,0.00724052,-0.0458434,0.0530839,-0.000171739,-0.000951143,-0.00372552,-0.00506443,-0.087443,0.0515124
11.2438,0.0713619,-0.045801,0.117163,-0.000171615,-0.000950451,-0.00372273,-0.00506126,-0.0875183,0.0516234
11.2496,0.0191682,-0.0457582,0.0649264,-0.000171492,-0.000949759,-0.00371993,-0.0050581,-0.0875933,0.0517344
11.2555,-0.191313,-0.0457149,-0.145598,-0.000171369,-0.000949069,-0.00371714,-0.00505495,-0.0876678,0.0518455
11.2614,-0.134014,-0.0456711,-0.0883428,-0.000171246,-0.000948379,-0.00371436,-0.0050518,-0.0877419,0.0519567
11.2672,-0.110831,-0.0456268,-0.0652041,-0.000171123,-0.000947691,-0.00371157,-0.00504865,-0.0878156,0.0520679
11.2731,-0.0142291,-0.045582,0.0313528,-0.000171001,-0.000947003,-0.0037088,-0.0050455,-0.0878889,0.0521793
11.2789,-0.118085,-0.0455367,-0.0725479,-0.000170878,-0.000946317,-0.00370602,-0.00504236,-0.0879618,0.0522907
11.2848,-0.108716,-0.045491,-0.0632252,-0.000170756,-0.000945631,-0.00370325,-0.00503922,-0.0880343,0.0524022
11.2907,-0.155819,-0.0454447,-0.110374,-0.000170634,-0.000944947,-0.00370049,-0.00503609,-0.0881063,0.0525138
11.2965,-0.0818053,-0.045398,-0.0364073,-0.000170512,-0.000944263,-0.00369773,-0.00503296,-0.088178,0.0526254
11.3024,-0.0492398,-0.0453509,-0.00388899,-0.000170391,-0.000943581,-0.00369497,-0.00502984,-0.0882493,0.0527372
11.3083,0.0468791,-0.0453032,0.0921823,-0.000170269,-0.000942899,-0.00369222,-0.00502672,-0.0883201,0.052849
11.3141,0.0588038,-0.0452551,0.104059,-0.000170148,-0.000942219,-0.00368947,-0.0050236,-0.0883906,0.052961
11.32,0.00207149,-0.0452065,0.047278,-0.000170027,-0.000941539,-0.00368673,-0.00502049,-0.0884607,0.053073
11.3258,-0.00760803,-0.0451574,0.0375494,-0.000169906,-0.00094086,-0.00368399,-0.00501738,-0.0885303,0.053185
11.3317,-0.023113,-0.0451079,0.0219949,-0.000169785,-0.000940183,-0.00368125,-0.00501427,-0.0885996,0.0532972
11.3376,-0.0273695,-0.0450579,0.0176884,-0.000169664,-0.000939506,-0.00367852,-0.00501117,-0.0886685,0.0534095
11.3434,0.108184,-0.0450074,0.153192,-0.000169544,-0.000938831,-0.00367579,-0.00500807,-0.088737,0.0535218
11.3493,-0.235833,-0.0449565,-0.190877,-0.000169423,-0.000938156,-0.00367307,-0.00500498,-0.0888051,0.0536342
11.3552,-0.118595,-0.0449051,-0.0736898,-0.000169303,-0.000937483,-0.00367035,-0.00500189,-0.0888728,0.0537467
11.361,-0.0368067,-0.0448533,0.00804658,-0.000169183,-0.00093681,-0.00366763,-0.0049988,-0.0889401,0.0538593
11.3669,0.0657079,-0.044801,0.110509,-0.000169064,-0.000936138,-0.00366492,-0.00499572,-0.0890071,0.0539719
11.3727,-0.115679,-0.0447482,-0.0709304,-0.000168944,-0.000935468,-0.00366221,-0.00499264,-0.0890737,0.0540847
11.3786,-0.0325886,-0.044695,0.0121064,-0.000168825,-0.000934798,-0.0036595,-0.00498956,-0.0891398,0.0541975
11.3845,0.041503,-0.0446414,0.0861444,-0.000168706,-0.000934129,-0.0036568,-0.00498649,-0.0892057,0.0543104
11.3903,-0.0609485,-0.0445873,-0.0163612,-0.000168586,-0.000933461,-0.00365411,-0.00498342,-0.0892711,0.0544234
11.3962,-0.231255,-0.0445327,-0.186723,-0.000168468,-0.000932795,-0.00365142,-0.00498036,-0.0893362,0.0545365
11.4021,-0.134553,-0.0444777,-0.0900755,-0.000168349,-0.000932129,-0.00364873,-0.0049773,-0.0894009,0.0546496
11.4079,-0.185736,-0.0444223,-0.141314,-0.00016823,-0.000931464,-0.00364604,-0.00497424,-0.0894652,0.0547628
11.4138,-0.0244132,-0.0443664,0.0199532,-0.000168112,-0.0009308,-0.00364336,-0.00497119,-0.0895291,0.0548762
11.4196,-0.119249,-0.0443101,-0.0749386,-0.000167994,-0.000930137,-0.00364069,-0.00496814,-0.0895927,0.0549896
11.4255,0.103354,-0.0442533,0.147608,-0.000167876,-0.000929475,-0.00363801,-0.00496509,-0.0896559,0.055103
11.4314,0.0138107,-0.0441961,0.0580068,-0.000167758,-0.000928814,-0.00363535,-0.00496205,-0.0897188,0.0552166
11.4372,-0.103347,-0.0441385,-0.0592089,-0.00016764,-0.000928154,-0.00363268,-0.00495902,-0.0897813,0.0553303
11.4431,-0.109768,-0.0440804,-0.0656877,-0.000167523,-0.000927495,-0.00363002,-0.00495598,-0.0898434,0.055444
11.4489,-0.167713,-0.0440219,-0.123691,-0.000167405,-0.000926836,-0.00362736,-0.00495295,-0.0899052,0.0555578
11.4548,-0.0437166,-0.043963,0.000246382,-0.000167288,-0.000926179,-0.00362471,-0.00494992,-0.0899666,0.0556717
11.4607,0.0986063,-0.0439036,0.14251,-0.000167171,-0.000925523,-0.00362206,-0.0049469,-0.0900276,0.0557857
11.4665,-0.021471,-0.0438438,0.0223728,-0.000167054,-0.000924867,-0.00361942,-0.00494388,-0.0900883,0.0558997
11.4724,0.0513232,-0.0437836,0.0951068,-0.000166937,-0.000924213,-0.00361678,-0.00494087,-0.0901487,0.0560139
11.4783,-0.104925,-0.0437229,-0.0612022,-0.000166821,-0.000923559,-0.00361414,-0.00493785,-0.0902087,0.0561281
11.4841,-0.0324821,-0.0436619,0.0111798,-0.000166704,-0.000922907,-0.0036115,-0.00493485,-0.0902683,0.0562424
11.49,0.179676,-0.0436004,0.223276,-0.000166588,-0.000922255,-0.00360887,-0.00493184,-0.0903276,0.0563568
11.4958,-0.110507,-0.0435385,-0.0669685,-0.000166472,-0.000921604,-0.00360625,-0.00492884,-0.0903865,0.0564712
11.5017,0.0541153,-0.0434761,0.0975915,-0.000166356,-0.000920955,-0.00360363,-0.00492584,-0.0904451,0.0565858
11.5076,0.0979446,-0.0434134,0.141358,-0.000166241,-0.000920306,-0.00360101,-0.00492285,-0.0905034,0.0567004
11.5134,-0.180173,-0.0433502,-0.136823,-0.000166125,-0.000919658,-0.00359839,-0.00491986,-0.0905613,0.0568152
11.5193,-0.221065,-0.0432866,-0.177778,-0.00016601,-0.000919011,-0.00359578,-0.00491687,-0.0906189,0.05693
11.5252,-0.189584,-0.0432226,-0.146362,-0.000165894,-0.000918365,-0.00359318,-0.00491389,-0.0906761,0.0570448
11.531,0.00542436,-0.0431582,0.0485826,-0.000165779,-0.000917719,-0.00359057,-0.00491091,-0.090733,0.0571598
11.5369,-0.069364,-0.0430934,-0.0262706,-0.000165664,-0.000917075,-0.00358797,-0.00490794,-0.0907896,0.0572748
11.5427,-0.0668262,-0.0430282,-0.023798,-0.00016555,-0.000916432,-0.00358538,-0.00490496,-0.0908458,0.05739
11.5486,0.0174225,-0.0429626,0.060385,-0.000165435,-0.000915789,-0.00358279,-0.004902,-0.0909017,0.0575052
11.5545,-0.0135074,-0.0428965,0.0293891,-0.000165321,-0.000915148,-0.0035802,-0.00489903,-0.0909573,0.0576205
11.5603,-0.0124698,-0.0428301,0.0303603,-0.000165206,-0.000914507,-0.00357761,-0.00489607,-0.0910125,0.0577359
11.5662,-0.0643082,-0.0427632,-0.021545,-0.000165092,-0.000913867,-0.00357503,-0.00489311,-0.0910674,0.0578513
11.5721,0.0580534,-0.042696,0.100749,-0.000164978,-0.000913228,-0.00357245,-0.00489016,-0.091122,0.0579668
11.5779,-0.086652,-0.0426283,-0.0440237,-0.000164865,-0.000912591,-0.00356988,-0.00488721,-0.0911763,0.0580825
11.5838,0.103963,-0.0425603,0.146523,-0.000164751,-0.000911954,-0.00356731,-0.00488426,-0.0912302,0.0581982
11.5896,-0.0308579,-0.0424919,0.0116339,-0.000164638,-0.000911317,-0.00356475,-0.00488132,-0.0912838,0.058314
11.5955,-0.115136,-0.042423,-0.0727127,-0.000164524,-0.000910682,-0.00356218,-0.00487838,-0.0913371,0.0584298
11.6014,-0.00260711,-0.0423538,0.0397467,-0.000164411,-0.000910048,-0.00355963,-0.00487544,-0.09139,0.0585458
11.6072,0.0125159,-0.0422842,0.0548,-0.000164298,-0.000909414,-0.00355707,-0.00487251,-0.0914427,0.0586618
11.6131,-0.214852,-0.0422142,-0.172637,-0.000164185,-0.000908782,-0.00355452,-0.00486958,-0.091495,0.0587779
11.619,-0.0730249,-0.0421438,-0.0308812,-0.000164073,-0.00090815,-0.00355197,-0.00486665,-0.091547,0.0588941
11.6248,-0.180337,-0.042073,-0.138264,-0.00016396,-0.000907519,-0.00354943,-0.00486373,-0.0915987,0.0590104
11.6307,-0.162856,-0.0420018,-0.120854,-0.000163848,-0.000906889,-0.00354689,-0.00486081,-0.0916501,0.0591268
11.6365,-0.00341328,-0.0419302,0.0385169,-0.000163736,-0.00090626,-0.00354435,-0.0048579,-0.0917012,0.0592432
11.6424,-0.11288,-0.0418583,-0.0710215,-0.000163623,-0.000905632,-0.00354182,-0.00485499,-0.0917519,0.0593597
11.6483,-0.0295444,-0.0417859,0.0122415,-0.000163512,-0.000905005,-0.00353929,-0.00485208,-0.0918024,0.0594764
11.6541,-0.0746454,-0.0417132,-0.0329322,-0.0001634,-0.000904379,-0.00353676,-0.00484917,-0.0918525,0.059593
11.66,0.132457,-0.0416401,0.174097,-0.000163288,-0.000903753,-0.00353424,-0.00484627,-0.0919024,0.0597098
11.6659,0.00103574,-0.0415666,0.0426024,-0.000163177,-0.000903128,-0.00353172,-0.00484337,-0.0919519,0.0598267
11.6717,-0.141311,-0.0414928,-0.0998184,-0.000163066,-0.000902505,-0.00352921,-0.00484048,-0.0920012,0.0599436
11.6776,-0.1773,-0.0414186,-0.135881,-0.000162954,-0.000901882,-0.00352669,-0.00483759,-0.0920501,0.0600606
11.6834,-0.169123,-0.041344,-0.127779,-0.000162844,-0.00090126,-0.00352419,-0.0048347,-0.0920987,0.0601777
11.6893,-0.0681247,-0.041269,-0.0268557,-0.000162733,-0.000900639,-0.00352168,-0.00483182,-0.092147,0.0602949
11.6952,-0.0502698,-0.0411936,-0.00907618,-0.000162622,-0.000900018,-0.00351918,-0.00482894,-0.0921951,0.0604122
11.701,0.0478291,-0.0411179,0.0889471,-0.000162512,-0.000899399,-0.00351668,-0.00482606,-0.0922428,0.0605295
11.7069,0.000741198,-0.0410418,0.041783,-0.000162401,-0.00089878,-0.00351419,-0.00482319,-0.0922902,0.060647
11.7128,-0.0170643,-0.0409654,0.023901,-0.000162291,-0.000898163,-0.0035117,-0.00482032,-0.0923374,0.0607645
11.7186,-0.00377964,-0.0408885,0.0371089,-0.000162181,-0.000897546,-0.00350921,-0.00481745,-0.0923842,0.0608821
11.7245,-0.0430456,-0.0408113,-0.00223423,-0.000162071,-0.00089693,-0.00350673,-0.00481459,-0.0924308,0.0609998
11.7303,-0.0145821,-0.0407338,0.0261517,-0.000161961,-0.000896315,-0.00350425,-0.00481173,-0.0924771,0.0611175
11.7362,0.0407841,-0.0406559,0.08144,-0.000161852,-0.0008957,-0.00350178,-0.00480887,-0.092523,0.0612354
11.7421,0.0574268,-0.0405776,0.0980044,-0.000161742,-0.000895087,-0.0034993,-0.00480602,-0.0925687,0.0613533
11.7479,-0.0642966,-0.0404989,-0.0237977,-0.000161633,-0.000894474,-0.00349683,-0.00480317,-0.0926141,0.0614713
11.7538,-0.217446,-0.0404199,-0.177026,-0.000161524,-0.000893863,-0.00349437,-0.00480032,-0.0926593,0.0615894
11.7596,-0.171832,-0.0403406,-0.131492,-0.000161415,-0.000893252,-0.00349191,-0.00479748,-0.0927041,0.0617076
11.7655,-0.0541599,-0.0402608,-0.013899,-0.000161306,-0.000892642,-0.00348945,-0.00479464,-0.0927486,0.0618258
11.7714,-0.283128,-0.0401808,-0.242947,-0.000161197,-0.000892032,-0.00348699,-0.0047918,-0.0927929,0.0619442
11.7772,-0.159787,-0.0401003,-0.119686,-0.000161089,-0.000891424,-0.00348454,-0.00478897,-0.0928369,0.0620626
11.7831,-0.0345599,-0.0400196,0.00545964,-0.00016098,-0.000890816,-0.00348209,-0.00478614,-0.0928806,0.0621811
11.789,-0.0936219,-0.0399384,-0.0536835,-0.000160872,-0.00089021,-0.00347965,-0.00478331,-0.0929241,0.0622997
11.7948,-0.164205,-0.0398569,-0.124348,-0.000160764,-0.000889604,-0.00347721,-0.00478049,-0.0929672,0.0624183
11.8007,0.0885978,-0.0397751,0.128373,-0.000160656,-0.000888999,-0.00347477,-0.00477767,-0.0930101,0.0625371
11.8065,0.129247,-0.0396929,0.16894,-0.000160548,-0.000888395,-0.00347233,-0.00477485,-0.0930527,0.0626559
11.8124,-0.015296,-0.0396104,0.0243144,-0.000160441,-0.000887791,-0.0034699,-0.00477204,-0.093095,0.0627748
11.8183,0.0921645,-0.0395275,0.131692,-0.000160333,-0.000887189,-0.00346747,-0.00476923,-0.0931371,0.0628938
11.8241,0.122119,-0.0394443,0.161563,-0.000160226,-0.000886587,-0.00346505,-0.00476642,-0.0931789,0.0630129
11.83,-0.100537,-0.0393607,-0.0611761,-0.000160118,-0.000885986,-0.00346263,-0.00476362,-0.0932204,0.0631321
11.8359,0.196146,-0.0392768,0.235423,-0.000160011,-0.000885386,-0.00346021,-0.00476082,-0.0932617,0.0632513
11.8417,-0.0599082,-0.0391925,-0.0207157,-0.000159904,-0.000884787,-0.0034578,-0.00475802,-0.0933026,0.0633706
11.8476,-0.0724277,-0.0391079,-0.0333198,-0.000159798,-0.000884188,-0.00345538,-0.00475523,-0.0933434,0.0634901
11.8534,-0.155582,-0.039023,-0.116559,-0.000159691,-0.000883591,-0.00345298,-0.00475244,-0.0933838,0.0636095
11.8593,-0.0686121,-0.0389377,-0.0296744,-0.000159585,-0.000882994,-0.00345057,-0.00474965,-0.093424,0.0637291
11.8652,-0.175348,-0.0388521,-0.136496,-0.000159478,-0.000882398,-0.00344817,-0.00474687,-0.0934639,0.0638488
11.871,-0.0826152,-0.0387661,-0.0438491,-0.000159372,-0.000881803,-0.00344577,-0.00474409,-0.0935036,0.0639685
11.8769,0.049151,-0.0386798,0.0878309,-0.000159266,-0.000881208,-0.00344338,-0.00474131,-0.093543,0.0640883
11.8828,0.00579702,-0.0385932,0.0443903,-0.00015916,-0.000880615,-0.00344099,-0.00473854,-0.0935822,0.0642082
11.8886,-0.0527826,-0.0385063,-0.0142763,-0.000159054,-0.000880022,-0.0034386,-0.00473577,-0.093621,0.0643282
11.8945,0.102315,-0.038419,0.140734,-0.000158949,-0.00087943,-0.00343622,-0.004733,-0.0936597,0.0644483
11.9003,-0.0840966,-0.0383314,-0.0457652,-0.000158843,-0.000878839,-0.00343384,-0.00473024,-0.0936981,0.0645684
11.9062,0.0378586,-0.0382434,0.0761021,-0.000158738,-0.000878248,-0.00343146,-0.00472748,-0.0937362,0.0646887
11.9121,-0.0467194,-0.0381552,-0.00856421,-0.000158632,-0.000877659,-0.00342908,-0.00472472,-0.093774,0.064809
11.9179,-0.0226714,-0.0380666,0.0153951,-0.000158527,-0.00087707,-0.00342671,-0.00472196,-0.0938117,0.0649294
11.9238,-0.0330355,-0.0379776,0.00494218,-0.000158422,-0.000876482,-0.00342434,-0.00471921,-0.093849,0.0650499
11.9297,-0.0269247,-0.0378884,0.0109637,-0.000158318,-0.000875895,-0.00342198,-0.00471647,-0.0938861,0.0651704
11.9355,-0.0423721,-0.0377988,-0.0045733,-0.000158213,-0.000875309,-0.00341962,-0.00471372,-0.093923,0.0652911
11.9414,-0.116523,-0.0377089,-0.0788141,-0.000158109,-0.000874723,-0.00341726,-0.00471098,-0.0939596,0.0654118
11.9472,-0.118396,-0.0376187,-0.0807774,-0.000158004,-0.000874138,-0.00341491,-0.00470824,-0.093996,0.0655326
11.9531,-0.0226195,-0.0375281,0.0149087,-0.0001579,-0.000873554,-0.00341255,-0.00470551,-0.0940321,0.0656535
11.959,-0.0463008,-0.0374373,-0.00886356,-0.000157796,-0.000872971,-0.00341021,-0.00470277,-0.094068,0.0657744
11.9648,-0.154047,-0.0373461,-0.1167,-0.000157692,-0.000872389,-0.00340786,-0.00470004,-0.0941036,0.0658955
11.9707,-0.142721,-0.0372546,-0.105466,-0.000157588,-0.000871807,-0.00340552,-0.00469732,-0.094139,0.0660166
11.9766,-0.138133,-0.0371628,-0.10097,-0.000157484,-0.000871226,-0.00340318,-0.0046946,-0.0941742,0.0661379
11.9824,-0.0759382,-0.0370707,-0.0388675,-0.000157381,-0.000870646,-0.00340084,-0.00469188,-0.0942091,0.0662592
11.9883,-0.0350348,-0.0369782,0.0019434,-0.000157277,-0.000870067,-0.00339851,-0.00468916,-0.0942437,0.0663805
11.9941,-0.0311153,-0.0368855,0.00577013,-0.000157174,-0.000869488,-0.00339618,-0.00468645,-0.0942782,0.066502
12,-0.100992,-0.0367924,-0.0641997,-0.000157071,-0.000868911,-0.00339386,-0.00468374,-0.0943124,0.0666236
