ppm,observed,fitted,residual,component_EGDA,component_EGMA,component_EG,component_AcOH,component_exchange_pool,component_baseline
0,0.428031,0.421727,0.00630399,0.0146995,0.0030353,0.000963398,0.00509232,0.495167,-0.09723
0.00586224,0.500214,0.422847,0.0773674,0.0147387,0.0030428,0.000965051,0.00510838,0.496098,-0.0971064
0.0117245,0.519168,0.423969,0.0951987,0.0147782,0.00305035,0.000966708,0.00512454,0.497033,-0.096983
0.0175867,0.643433,0.425095,0.218338,0.014818,0.00305793,0.000968372,0.0051408,0.49797,-0.0968597
0.0234489,0.472171,0.426225,0.0459461,0.0148579,0.00306556,0.000970041,0.00515716,0.498911,-0.0967365
0.0293112,0.499952,0.427358,0.0725947,0.0148981,0.00307323,0.000971716,0.00517362,0.499854,-0.0966134
0.0351734,0.472366,0.428494,0.0438727,0.0149385,0.00308094,0.000973397,0.00519019,0.500801,-0.0964904
0.0410357,0.59214,0.429633,0.162506,0.0149791,0.00308869,0.000975083,0.00520686,0.501751,-0.0963676
0.0468979,0.508571,0.430777,0.077794,0.01502,0.00309648,0.000976776,0.00522364,0.502704,-0.0962448
0.0527601,0.522009,0.431923,0.0900854,0.0150611,0.00310432,0.000978474,0.00524053,0.503661,-0.0961221
0.0586224,0.554226,0.433073,0.121152,0.0151025,0.0031122,0.000980178,0.00525752,0.50462,-0.0959995
0.0644846,0.509866,0.434227,0.0756389,0.0151441,0.00312012,0.000981888,0.00527463,0.505583,-0.095877
0.0703468,0.627526,0.435384,0.192142,0.0151859,0.00312809,0.000983604,0.00529184,0.506549,-0.0957547
0.0762091,0.4208,0.436545,-0.015745,0.015228,0.0031361,0.000985326,0.00530917,0.507519,-0.0956324
0.0820713,0.511636,0.437709,0.0739272,0.0152703,0.00314416,0.000987054,0.00532661,0.508491,-0.0955102
0.0879336,0.510134,0.438877,0.0712567,0.0153129,0.00315226,0.000988788,0.00534416,0.509467,-0.0953882
0.0937958,0.577047,0.440048,0.136999,0.0153557,0.00316041,0.000990528,0.00536183,0.510446,-0.0952662
0.099658,0.47949,0.441223,0.0382665,0.0153988,0.0031686,0.000992275,0.00537961,0.511428,-0.0951444
0.10552,0.357384,0.442402,-0.085018,0.0154421,0.00317684,0.000994027,0.00539751,0.512414,-0.0950226
0.111383,0.286912,0.443584,-0.156672,0.0154857,0.00318512,0.000995786,0.00541553,0.513403,-0.094901
0.117245,0.498726,0.44477,0.0539551,0.0155296,0.00319345,0.00099755,0.00543367,0.514396,-0.0947795
0.123107,0.468282,0.44596,0.0223218,0.0155737,0.00320183,0.000999321,0.00545193,0.515391,-0.094658
0.128969,0.407044,0.447154,-0.04011,0.0156181,0.00321026,0.0010011,0.00547031,0.516391,-0.0945367
0.134831,0.310496,0.448351,-0.137855,0.0156628,0.00321873,0.00100288,0.00548881,0.517393,-0.0944155
0.140694,0.468938,0.449552,0.0193857,0.0157077,0.00322726,0.00100467,0.00550744,0.518399,-0.0942943
0.146556,0.490975,0.450757,0.0402184,0.0157529,0.00323583,0.00100647,0.00552619,0.519409,-0.0941733
0.152418,0.52318,0.451965,0.0712146,0.0157984,0.00324445,0.00100827,0.00554507,0.520422,-0.0940524
0.15828,0.389038,0.453178,-0.0641395,0.0158441,0.00325313,0.00101008,0.00556407,0.521438,-0.0939316
0.164143,0.469167,0.454394,0.0147733,0.0158902,0.00326185,0.0010119,0.00558321,0.522458,-0.0938109
0.170005,0.382308,0.455614,-0.0733062,0.0159365,0.00327062,0.00101372,0.00560248,0.523481,-0.0936903
0.175867,0.470694,0.456838,0.0138556,0.0159831,0.00327945,0.00101555,0.00562187,0.524508,-0.0935698
0.181729,0.426057,0.458066,-0.0320089,0.01603,0.00328833,0.00101738,0.00564141,0.525539,-0.0934494
0.187592,0.456434,0.459298,-0.00286375,0.0160772,0.00329726,0.00101922,0.00566107,0.526573,-0.0933291
0.193454,0.495176,0.460534,0.0346421,0.0161247,0.00330624,0.00102107,0.00568087,0.52761,-0.0932089
0.199316,0.537639,0.461774,0.0758648,0.0161725,0.00331528,0.00102293,0.00570081,0.528651,-0.0930888
0.205178,0.544703,0.463018,0.0816857,0.0162206,0.00332437,0.00102479,0.00572089,0.529696,-0.0929689
0.211041,0.442426,0.464266,-0.0218397,0.016269,0.00333351,0.00102666,0.00574111,0.530744,-0.092849
0.216903,0.668486,0.465517,0.202969,0.0163177,0.00334271,0.00102853,0.00576147,0.531796,-0.0927292
0.222765,0.500978,0.466773,0.0342042,0.0163667,0.00335197,0.00103042,0.00578197,0.532852,-0.0926096
0.228627,0.543292,0.468034,0.0752588,0.016416,0.00336128,0.0010323,0.00580262,0.533911,-0.09249
0.234489,0.54283,0.469298,0.0735324,0.0164656,0.00337064,0.0010342,0.00582341,0.534974,-0.0923705
0.240352,0.597569,0.470566,0.127003,0.0165156,0.00338007,0.0010361,0.00584435,0.536041,-0.0922512
0.246214,0.450415,0.471839,-0.0214234,0.0165658,0.00338955,0.00103801,0.00586544,0.537112,-0.0921319
0.252076,0.514292,0.473115,0.0411773,0.0166164,0.00339909,0.00103993,0.00588668,0.538186,-0.0920128
0.257938,0.432777,0.474396,-0.0416186,0.0166674,0.00340869,0.00104185,0.00590807,0.539264,-0.0918937
0.263801,0.446637,0.475681,-0.029044,0.0167186,0.00341835,0.00104379,0.00592962,0.540346,-0.0917748
0.269663,0.49329,0.476971,0.0163195,0.0167702,0.00342807,0.00104572,0.00595132,0.541431,-0.091656
0.275525,0.526383,0.478264,0.0481186,0.0168222,0.00343785,0.00104767,0.00597318,0.542521,-0.0915372
0.281387,0.465905,0.479562,-0.0136567,0.0168744,0.00344769,0.00104962,0.0059952,0.543614,-0.0914186
0.28725,0.544967,0.480864,0.0641021,0.0169271,0.00345759,0.00105158,0.00601738,0.544711,-0.0913001
0.293112,0.631759,0.482171,0.149588,0.01698,0.00346755,0.00105355,0.00603972,0.545812,-0.0911817
0.298974,0.424133,0.483482,-0.0593495,0.0170334,0.00347758,0.00105552,0.00606223,0.546917,-0.0910634
0.304836,0.379673,0.484798,-0.105125,0.017087,0.00348767,0.00105751,0.0060849,0.548026,-0.0909451
0.310699,0.299178,0.486117,-0.186939,0.0171411,0.00349782,0.0010595,0.00610774,0.549138,-0.090827
0.316561,0.491636,0.487442,0.00419451,0.0171955,0.00350804,0.00106149,0.00613075,0.550255,-0.090709
0.322423,0.458373,0.488771,-0.0303981,0.0172503,0.00351833,0.0010635,0.00615394,0.551376,-0.0905911
0.328285,0.534841,0.490104,0.0447368,0.0173054,0.00352868,0.00106551,0.00617729,0.5525,-0.0904733
0.334148,0.448813,0.491442,-0.042629,0.0173609,0.00353909,0.00106753,0.00620082,0.553629,-0.0903557
0.34001,0.566083,0.492784,0.0732983,0.0174168,0.00354958,0.00106956,0.00622453,0.554762,-0.0902381
0.345872,0.636288,0.494131,0.142156,0.0174731,0.00356013,0.00107159,0.00624842,0.555899,-0.0901206
0.351734,0.515337,0.495483,0.0198539,0.0175298,0.00357075,0.00107363,0.00627249,0.55704,-0.0900032
0.357596,0.53992,0.496839,0.0430811,0.0175868,0.00358145,0.00107568,0.00629674,0.558184,-0.0898859
0.363459,0.372159,0.4982,-0.126042,0.0176443,0.00359221,0.00107774,0.00632118,0.559334,-0.0897688
0.369321,0.622053,0.499566,0.122488,0.0177021,0.00360304,0.00107981,0.0063458,0.560487,-0.0896517
0.375183,0.56759,0.500936,0.0666534,0.0177604,0.00361395,0.00108188,0.00637062,0.561644,-0.0895347
0.381045,0.434421,0.502311,-0.0678908,0.017819,0.00362492,0.00108396,0.00639563,0.562806,-0.0894179
0.386908,0.278787,0.503691,-0.224904,0.0178781,0.00363597,0.00108605,0.00642083,0.563971,-0.0893011
0.39277,0.516315,0.505076,0.011239,0.0179376,0.0036471,0.00108815,0.00644623,0.565141,-0.0891845
0.398632,0.482288,0.506466,-0.0241775,0.0179975,0.0036583,0.00109026,0.00647183,0.566316,-0.0890679
0.404494,0.563462,0.50786,0.0556015,0.0180579,0.00366957,0.00109237,0.00649762,0.567494,-0.0889515
0.410357,0.550397,0.509259,0.0411377,0.0181186,0.00368092,0.00109449,0.00652363,0.568677,-0.0888351
0.416219,0.477143,0.510664,-0.0335206,0.0181799,0.00369235,0.00109662,0.00654983,0.569864,-0.0887189
0.422081,0.668266,0.512073,0.156193,0.0182415,0.00370386,0.00109876,0.00657625,0.571055,-0.0886028
0.427943,0.447534,0.513487,-0.0659533,0.0183036,0.00371544,0.00110091,0.00660288,0.572251,-0.0884868
0.433806,0.613786,0.514907,0.0988791,0.0183661,0.00372711,0.00110306,0.00662972,0.573451,-0.0883708
0.439668,0.502258,0.516331,-0.0140727,0.0184291,0.00373886,0.00110523,0.00665677,0.574656,-0.088255
0.44553,0.614349,0.51776,0.0965889,0.0184926,0.00375068,0.0011074,0.00668404,0.575865,-0.0881393
0.451392,0.565006,0.519195,0.045811,0.0185565,0.0037626,0.00110958,0.00671154,0.577078,-0.0880237
0.457255,0.65034,0.520634,0.129705,0.0186209,0.00377459,0.00111177,0.00673926,0.578296,-0.0879082
0.463117,0.453081,0.522079,-0.0689987,0.0186858,0.00378667,0.00111397,0.0067672,0.579518,-0.0877928
0.468979,0.541835,0.523529,0.018306,0.0187512,0.00379883,0.00111618,0.00679537,0.580745,-0.0876775
0.474841,0.270668,0.524985,-0.254317,0.018817,0.00381108,0.00111839,0.00682378,0.581977,-0.0875623
0.480703,0.399275,0.526445,-0.12717,0.0188833,0.00382342,0.00112061,0.00685242,0.583213,-0.0874472
0.486566,0.363025,0.527911,-0.164887,0.0189502,0.00383584,0.00112285,0.0068813,0.584453,-0.0873322
0.492428,0.45044,0.529382,-0.0789428,0.0190175,0.00384836,0.00112509,0.00691041,0.585698,-0.0872173
0.49829,0.325652,0.530859,-0.205207,0.0190853,0.00386096,0.00112734,0.00693978,0.586948,-0.0871025
0.504152,0.362802,0.532341,-0.16954,0.0191537,0.00387365,0.0011296,0.00696938,0.588203,-0.0869879
0.510015,0.452321,0.533829,-0.081508,0.0192226,0.00388644,0.00113187,0.00699924,0.589462,-0.0868733
0.515877,0.681563,0.535322,0.146241,0.019292,0.00389932,0.00113415,0.00702935,0.590726,-0.0867588
0.521739,0.681697,0.53682,0.144877,0.019362,0.0039123,0.00113643,0.00705972,0.591994,-0.0866445
0.527601,0.608098,0.538324,0.0697735,0.0194324,0.00392537,0.00113873,0.00709034,0.593267,-0.0865302
0.533464,0.564139,0.539834,0.0243049,0.0195035,0.00393853,0.00114103,0.00712123,0.594546,-0.086416
0.539326,0.720061,0.541349,0.178712,0.0195751,0.0039518,0.00114335,0.00715238,0.595828,-0.086302
0.545188,0.44659,0.54287,-0.0962804,0.0196472,0.00396516,0.00114567,0.00718381,0.597116,-0.0861881
0.55105,0.528585,0.544397,-0.0158115,0.0197199,0.00397863,0.00114801,0.0072155,0.598409,-0.0860742
0.556913,0.362626,0.545929,-0.183302,0.0197932,0.00399219,0.00115035,0.00724747,0.599706,-0.0859605
0.562775,0.536869,0.547467,-0.0105975,0.0198671,0.00400586,0.0011527,0.00727972,0.601008,-0.0858468
0.568637,0.513424,0.549011,-0.0355865,0.0199415,0.00401963,0.00115506,0.00731226,0.602316,-0.0857333
0.574499,0.715829,0.550561,0.165268,0.0200166,0.0040335,0.00115744,0.00734508,0.603628,-0.0856199
0.580362,0.426569,0.552116,-0.125548,0.0200923,0.00404748,0.00115982,0.00737819,0.604945,-0.0855066
0.586224,0.556956,0.553678,0.00327858,0.0201685,0.00406157,0.00116221,0.00741159,0.606267,-0.0853933
0.592086,0.447784,0.555245,-0.107461,0.0202454,0.00407577,0.00116461,0.0074453,0.607595,-0.0852802
0.597948,0.44137,0.556819,-0.115449,0.0203229,0.00409008,0.00116702,0.00747931,0.608927,-0.0851672
0.60381,0.441889,0.558399,-0.116509,0.020401,0.0041045,0.00116944,0.00751362,0.610264,-0.0850543
0.609673,0.601052,0.559984,0.0410681,0.0204798,0.00411903,0.00117187,0.00754824,0.611607,-0.0849415
0.615535,0.76596,0.561576,0.204384,0.0205593,0.00413367,0.00117431,0.00758318,0.612954,-0.0848288
0.621397,0.617578,0.563174,0.0544037,0.0206393,0.00414843,0.00117676,0.00761844,0.614307,-0.0847162
0.627259,0.552126,0.564778,-0.0126522,0.0207201,0.00416331,0.00117922,0.00765402,0.615665,-0.0846037
0.633122,0.591954,0.566389,0.025565,0.0208015,0.00417831,0.0011817,0.00768993,0.617029,-0.0844913
0.638984,0.466439,0.568005,-0.101567,0.0208836,0.00419343,0.00118418,0.00772617,0.618397,-0.084379
0.644846,0.432145,0.569629,-0.137484,0.0209664,0.00420866,0.00118667,0.00776275,0.619771,-0.0842669
0.650708,0.463297,0.571258,-0.107961,0.0210499,0.00422402,0.00118917,0.00779967,0.62115,-0.0841548
0.656571,0.629437,0.572894,0.056543,0.0211341,0.00423951,0.00119168,0.00783693,0.622534,-0.0840428
0.662433,0.7044,0.574536,0.129864,0.0212191,0.00425512,0.00119421,0.00787455,0.623924,-0.0839309
0.668295,0.720138,0.576185,0.143953,0.0213047,0.00427086,0.00119674,0.00791252,0.625319,-0.0838192
0.674157,0.885659,0.57784,0.307818,0.0213911,0.00428673,0.00119929,0.00795086,0.62672,-0.0837075
0.68002,0.66488,0.579503,0.0853771,0.0214783,0.00430273,0.00120184,0.00798956,0.628126,-0.083596
0.685882,0.617756,0.581171,0.0365843,0.0215662,0.00431886,0.00120441,0.00802863,0.629538,-0.0834845
0.691744,0.570297,0.582847,-0.0125495,0.0216548,0.00433513,0.00120699,0.00806807,0.630955,-0.0833732
0.697606,0.65087,0.584529,0.0663416,0.0217443,0.00435153,0.00120958,0.0081079,0.632377,-0.0832619
0.703468,0.635149,0.586218,0.0489311,0.0218345,0.00436807,0.00121218,0.00814812,0.633806,-0.0831508
0.709331,0.674605,0.587913,0.0866919,0.0219255,0.00438475,0.00121479,0.00818873,0.635239,-0.0830397
0.715193,0.776872,0.589616,0.187256,0.0220174,0.00440158,0.00121741,0.00822973,0.636679,-0.0829288
0.721055,0.639779,0.591326,0.0484535,0.02211,0.00441854,0.00122004,0.00827115,0.638124,-0.082818
0.726917,0.543459,0.593042,-0.0495831,0.0222035,0.00443566,0.00122269,0.00831297,0.639575,-0.0827073
0.73278,0.571023,0.594766,-0.0237432,0.0222979,0.00445292,0.00122534,0.00835521,0.641031,-0.0825966
0.738642,0.576327,0.596497,-0.0201695,0.0223931,0.00447033,0.00122801,0.00839787,0.642494,-0.0824861
0.744504,0.549291,0.598235,-0.048944,0.0224891,0.00448789,0.00123069,0.00844096,0.643962,-0.0823757
0.750366,0.742237,0.59998,0.142257,0.0225861,0.0045056,0.00123338,0.00848448,0.645436,-0.0822654
0.756229,0.656331,0.601732,0.054599,0.0226839,0.00452348,0.00123608,0.00852845,0.646915,-0.0821552
0.762091,0.644805,0.603492,0.0413131,0.0227826,0.0045415,0.0012388,0.00857287,0.648401,-0.0820451
0.767953,0.758115,0.605259,0.152856,0.0228823,0.00455969,0.00124152,0.00861774,0.649893,-0.0819351
0.773815,0.745069,0.607033,0.138036,0.0229829,0.00457805,0.00124426,0.00866307,0.65139,-0.0818252
0.779678,0.607857,0.608815,-0.00095815,0.0230844,0.00459656,0.00124701,0.00870887,0.652894,-0.0817154
0.78554,0.541358,0.610605,-0.0692462,0.0231869,0.00461525,0.00124977,0.00875515,0.654403,-0.0816057
0.791402,0.694185,0.612402,0.0817829,0.0232903,0.0046341,0.00125255,0.00880191,0.655919,-0.0814962
0.797264,0.546154,0.614206,-0.0680522,0.0233947,0.00465312,0.00125533,0.00884916,0.657441,-0.0813867
0.803127,0.72562,0.616019,0.109602,0.0235002,0.00467232,0.00125813,0.00889691,0.658968,-0.0812773
0.808989,0.643697,0.617839,0.0258581,0.0236066,0.0046917,0.00126095,0.00894517,0.660502,-0.081168
0.814851,0.468646,0.619667,-0.151021,0.0237141,0.00471126,0.00126377,0.00899394,0.662043,-0.0810589
0.820713,0.622605,0.621503,0.00110263,0.0238226,0.00473099,0.00126661,0.00904324,0.663589,-0.0809498
0.826575,0.497807,0.623346,-0.125539,0.0239322,0.00475092,0.00126946,0.00909306,0.665142,-0.0808409
0.832438,0.629452,0.625198,0.00425332,0.0240428,0.00477103,0.00127232,0.00914343,0.666701,-0.080732
0.8383,0.64566,0.627058,0.0186021,0.0241546,0.00479133,0.00127519,0.00919434,0.668266,-0.0806233
0.844162,0.519635,0.628926,-0.109291,0.0242674,0.00481182,0.00127808,0.00924581,0.669838,-0.0805146
0.850024,0.538334,0.630802,-0.092468,0.0243814,0.00483251,0.00128098,0.00929785,0.671416,-0.0804061
0.855887,0.456549,0.632687,-0.176138,0.0244965,0.0048534,0.00128389,0.00935046,0.673,-0.0802976
0.861749,0.628152,0.63458,-0.00642767,0.0246128,0.00487449,0.00128682,0.00940365,0.674591,-0.0801893
0.867611,0.542,0.636481,-0.0944814,0.0247302,0.00489579,0.00128976,0.00945745,0.676189,-0.0800811
0.873473,0.736549,0.638391,0.0981579,0.0248489,0.00491729,0.00129272,0.00951184,0.677793,-0.079973
0.879336,0.671177,0.640309,0.0308686,0.0249687,0.004939,0.00129568,0.00956685,0.679404,-0.0798649
0.885198,0.675627,0.642236,0.0333913,0.0250898,0.00496093,0.00129866,0.00962248,0.681021,-0.079757
0.89106,0.735885,0.644171,0.0917135,0.0252121,0.00498308,0.00130166,0.00967875,0.682645,-0.0796492
0.896922,0.708013,0.646115,0.0618978,0.0253358,0.00500545,0.00130467,0.00973566,0.684275,-0.0795415
0.902785,0.702051,0.648069,0.0539821,0.0254607,0.00502804,0.00130769,0.00979323,0.685913,-0.0794339
0.908647,0.574904,0.650031,-0.0751264,0.0255869,0.00505087,0.00131072,0.00985147,0.687557,-0.0793264
0.914509,0.579687,0.652001,-0.0723143,0.0257144,0.00507392,0.00131377,0.00991039,0.689208,-0.079219
0.920371,0.892469,0.653982,0.238488,0.0258433,0.00509721,0.00131684,0.00996999,0.690866,-0.0791117
0.926234,0.628664,0.655971,-0.0273071,0.0259736,0.00512074,0.00131992,0.0100303,0.692531,-0.0790045
0.932096,0.751945,0.657969,0.0939765,0.0261053,0.00514451,0.00132301,0.0100913,0.694202,-0.0788974
0.937958,0.678638,0.659977,0.0186615,0.0262384,0.00516853,0.00132612,0.0101531,0.695881,-0.0787905
0.94382,0.703008,0.661994,0.0410143,0.0263729,0.0051928,0.00132924,0.0102156,0.697567,-0.0786836
0.949682,0.670194,0.66402,0.00617381,0.0265089,0.00521733,0.00133238,0.0102788,0.699259,-0.0785768
0.955545,0.764314,0.666056,0.0982583,0.0266464,0.00524211,0.00133553,0.0103428,0.700959,-0.0784701
0.961407,0.687767,0.668102,0.0196649,0.0267854,0.00526716,0.00133869,0.0104076,0.702666,-0.0783636
0.967269,0.633105,0.670157,-0.0370523,0.026926,0.00529248,0.00134187,0.0104732,0.704381,-0.0782571
0.973131,0.690769,0.672222,0.0185473,0.0270681,0.00531807,0.00134507,0.0105396,0.706102,-0.0781508
0.978994,0.712654,0.674297,0.0383567,0.0272119,0.00534394,0.00134828,0.0106069,0.707831,-0.0780445
0.984856,0.651657,0.676382,-0.0247246,0.0273572,0.00537009,0.00135151,0.0106749,0.709567,-0.0779384
0.990718,0.571522,0.678477,-0.106955,0.0275042,0.00539653,0.00135475,0.0107438,0.71131,-0.0778323
0.99658,0.699212,0.680582,0.0186293,0.0276529,0.00542326,0.00135801,0.0108136,0.713061,-0.0777264
1.00244,0.719201,0.682698,0.0365038,0.0278033,0.00545029,0.00136128,0.0108843,0.714819,-0.0776205
1.0083,0.690293,0.684823,0.00546991,0.0279555,0.00547762,0.00136457,0.0109559,0.716585,-0.0775148
1.01417,0.722954,0.68696,0.0359947,0.0281094,0.00550525,0.00136787,0.0110284,0.718358,-0.0774092
1.02003,0.681673,0.689106,-0.00743349,0.0282651,0.0055332,0.00137119,0.0111018,0.720139,-0.0773036
1.02589,0.62724,0.691264,-0.0640238,0.0284226,0.00556147,0.00137453,0.0111762,0.721927,-0.0771982
1.03175,0.571351,0.693432,-0.122081,0.028582,0.00559006,0.00137788,0.0112516,0.723723,-0.0770929
1.03762,0.630229,0.695611,-0.065382,0.0287434,0.00561898,0.00138125,0.011328,0.725527,-0.0769877
1.04348,0.810424,0.697801,0.112623,0.0289066,0.00564824,0.00138463,0.0114053,0.727339,-0.0768826
1.04934,0.825357,0.700002,0.125356,0.0290718,0.00567784,0.00138803,0.0114838,0.729158,-0.0767776
1.0552,0.628611,0.702214,-0.0736032,0.029239,0.00570779,0.00139145,0.0115632,0.730985,-0.0766727
1.06106,0.617211,0.704437,-0.0872261,0.0294083,0.00573809,0.00139489,0.0116438,0.73282,-0.0765679
1.06693,0.928907,0.706672,0.222234,0.0295796,0.00576875,0.00139834,0.0117254,0.734663,-0.0764632
1.07279,0.752926,0.708919,0.0440077,0.0297531,0.00579978,0.00140181,0.0118081,0.736514,-0.0763586
1.07865,0.803991,0.711177,0.0928139,0.0299287,0.00583119,0.00140529,0.011892,0.738373,-0.0762541
1.08451,0.791355,0.713446,0.0779089,0.0301066,0.00586298,0.0014088,0.0119771,0.740241,-0.0761497
1.09038,0.654436,0.715728,-0.0612922,0.0302866,0.00589515,0.00141232,0.0120633,0.742116,-0.0760455
1.09624,0.549625,0.718022,-0.168396,0.030469,0.00592772,0.00141586,0.0121508,0.744,-0.0759413
1.1021,0.627031,0.720327,-0.0932966,0.0306536,0.0059607,0.00141941,0.0122395,0.745891,-0.0758372
1.10796,0.579231,0.722645,-0.143415,0.0308407,0.00599409,0.00142298,0.0123294,0.747791,-0.0757332
1.11383,0.57402,0.724976,-0.150956,0.0310302,0.0060279,0.00142658,0.0124206,0.7497,-0.0756294
1.11969,0.584349,0.727318,-0.14297,0.0312221,0.00606214,0.00143019,0.0125132,0.751616,-0.0755256
1.12555,0.783254,0.729674,0.0535799,0.0314166,0.00609681,0.00143381,0.0126071,0.753542,-0.075422
1.13141,0.68506,0.732042,-0.0469822,0.0316136,0.00613193,0.00143746,0.0127024,0.755475,-0.0753184
1.13727,0.845746,0.734424,0.111322,0.0318132,0.0061675,0.00144112,0.012799,0.757418,-0.075215
1.14314,0.669534,0.736818,-0.0672843,0.0320155,0.00620353,0.00144481,0.0128972,0.759369,-0.0751116
1.149,0.814293,0.739225,0.075068,0.0322205,0.00624004,0.00144851,0.0129967,0.761328,-0.0750084
1.15486,0.78048,0.741646,0.0388341,0.0324283,0.00627703,0.00145223,0.0130978,0.763296,-0.0749053
1.16072,0.687028,0.744081,-0.057053,0.032639,0.00631451,0.00145597,0.0132004,0.765273,-0.0748022
1.16659,0.911254,0.746529,0.164725,0.0328525,0.0063525,0.00145973,0.0133045,0.767259,-0.0746993
1.17245,0.747106,0.748991,-0.00188532,0.033069,0.006391,0.0014635,0.0134103,0.769254,-0.0745965
1.17831,0.807598,0.751467,0.0561309,0.0332885,0.00643002,0.0014673,0.0135177,0.771257,-0.0744938
1.18417,0.933526,0.753957,0.179568,0.0335111,0.00646957,0.00147112,0.0136268,0.77327,-0.0743912
1.19003,0.8957,0.756462,0.139238,0.0337369,0.00650967,0.00147496,0.0137375,0.775291,-0.0742886
1.1959,0.995706,0.758981,0.236725,0.0339658,0.00655033,0.00147881,0.0138501,0.777322,-0.0741862
1.20176,0.751724,0.761515,-0.0097909,0.034198,0.00659156,0.00148269,0.0139644,0.779362,-0.0740839
1.20762,0.80256,0.764063,0.0384967,0.0344336,0.00663337,0.00148659,0.0140805,0.781411,-0.0739817
1.21348,0.92777,0.766627,0.161143,0.0346726,0.00667577,0.0014905,0.0141986,0.783469,-0.0738797
1.21935,0.915527,0.769206,0.146321,0.0349151,0.00671878,0.00149444,0.0143185,0.785537,-0.0737777
1.22521,0.845531,0.7718,0.0737308,0.0351612,0.00676241,0.0014984,0.0144404,0.787614,-0.0736758
1.23107,0.721378,0.774411,-0.0530324,0.035411,0.00680668,0.00150238,0.0145644,0.7897,-0.073574
1.23693,0.896722,0.777036,0.119686,0.0356644,0.0068516,0.00150638,0.0146903,0.791796,-0.0734723
1.24279,0.728896,0.779679,-0.0507825,0.0359217,0.00689718,0.0015104,0.0148185,0.793902,-0.0733707
1.24866,0.760678,0.782337,-0.0216591,0.0361829,0.00694344,0.00151444,0.0149487,0.796017,-0.0732693
1.25452,0.814676,0.785012,0.0296641,0.0364482,0.00699039,0.00151851,0.0150812,0.798141,-0.0731679
1.26038,1.06942,0.787703,0.281712,0.0367175,0.00703806,0.00152259,0.015216,0.800276,-0.0730666
1.26624,0.960825,0.790412,0.170413,0.036991,0.00708645,0.0015267,0.0153531,0.80242,-0.0729655
1.27211,0.792388,0.793138,-0.000749364,0.0372687,0.00713559,0.00153083,0.0154926,0.804574,-0.0728644
1.27797,0.897816,0.795881,0.101935,0.0375509,0.00718549,0.00153498,0.0156345,0.806738,-0.0727635
1.28383,0.764238,0.798642,-0.0344038,0.0378376,0.00723617,0.00153916,0.015779,0.808913,-0.0726626
1.28969,0.797953,0.801421,-0.00346724,0.0381288,0.00728764,0.00154336,0.015926,0.811097,-0.0725619
1.29555,0.78896,0.804218,-0.0152576,0.0384248,0.00733994,0.00154758,0.0160757,0.813291,-0.0724613
1.30142,0.925543,0.807033,0.11851,0.0387255,0.00739308,0.00155182,0.0162281,0.815495,-0.0723607
1.30728,0.817837,0.809868,0.007969,0.0390313,0.00744707,0.00155608,0.0163833,0.81771,-0.0722603
1.31314,0.741613,0.812721,-0.0711079,0.039342,0.00750195,0.00156037,0.0165414,0.819935,-0.07216
1.319,0.703383,0.815594,-0.112211,0.039658,0.00755773,0.00156469,0.0167024,0.822171,-0.0720597
1.32487,0.758308,0.818486,-0.0601776,0.0399793,0.00761443,0.00156902,0.0168665,0.824416,-0.0719596
1.33073,0.703757,0.821398,-0.117641,0.0403061,0.00767209,0.00157338,0.0170336,0.826673,-0.0718596
1.33659,0.687172,0.824331,-0.137159,0.0406384,0.00773072,0.00157777,0.017204,0.82894,-0.0717597
1.34245,0.857447,0.827284,0.0301628,0.0409765,0.00779034,0.00158218,0.0173776,0.831217,-0.0716599
1.34831,0.988061,0.830258,0.157803,0.0413204,0.00785099,0.00158661,0.0175546,0.833506,-0.0715602
1.35418,0.739731,0.833253,-0.0935226,0.0416704,0.0079127,0.00159107,0.0177351,0.835805,-0.0714606
1.36004,0.81568,0.83627,-0.0205908,0.0420266,0.00797548,0.00159555,0.0179192,0.838115,-0.0713611
1.3659,0.869672,0.839309,0.0303628,0.0423891,0.00803937,0.00160006,0.0181069,0.840436,-0.0712617
1.37176,0.849994,0.842371,0.00762357,0.0427582,0.0081044,0.00160459,0.0182985,0.842768,-0.0711624
1.37763,0.771581,0.845455,-0.073874,0.0431339,0.0081706,0.00160915,0.0184939,0.845111,-0.0710632
1.38349,0.912131,0.848562,0.0635684,0.0435166,0.008238,0.00161374,0.0186934,0.847465,-0.0709642
1.38935,0.886925,0.851693,0.0352317,0.0439063,0.00830664,0.00161835,0.018897,0.84983,-0.0708652
1.39521,1.13197,0.854848,0.27712,0.0443033,0.00837654,0.00162298,0.0191048,0.852207,-0.0707663
1.40107,0.916501,0.858028,0.0584729,0.0447078,0.00844776,0.00162765,0.0193171,0.854595,-0.0706676
1.40694,0.857869,0.861232,-0.00336292,0.04512,0.00852031,0.00163234,0.0195338,0.856995,-0.0705689
1.4128,0.786931,0.864462,-0.0775305,0.04554,0.00859425,0.00163705,0.0197553,0.859406,-0.0704703
1.41866,0.870834,0.867718,0.00311678,0.0459682,0.00866961,0.0016418,0.0199816,0.861828,-0.0703719
1.42452,0.728118,0.871,-0.142882,0.0464047,0.00874643,0.00164657,0.0202128,0.864263,-0.0702735
1.43039,0.829288,0.874309,-0.0450206,0.0468499,0.00882475,0.00165137,0.0204492,0.866709,-0.0701753
1.43625,0.971761,0.877645,0.0941161,0.0473039,0.00890463,0.00165619,0.0206908,0.869167,-0.0700771
1.44211,0.770747,0.88101,-0.110263,0.047767,0.00898611,0.00166105,0.020938,0.871637,-0.0699791
1.44797,0.879019,0.884403,-0.00538339,0.0482395,0.00906923,0.00166593,0.0211908,0.874118,-0.0698812
1.45383,0.975002,0.887825,0.0871765,0.0487217,0.00915405,0.00167084,0.0214494,0.876612,-0.0697833
1.4597,1.06673,0.891277,0.175453,0.0492139,0.00924062,0.00167578,0.0217141,0.879119,-0.0696856
1.46556,1.02166,0.89476,0.126897,0.0497164,0.00932899,0.00168075,0.021985,0.881637,-0.069588
1.47142,0.978087,0.898274,0.0798133,0.0502294,0.00941923,0.00168575,0.0222624,0.884168,-0.0694905
1.47728,1.02266,0.90182,0.120845,0.0507534,0.00951138,0.00169077,0.0225465,0.886711,-0.0693931
1.48315,0.792344,0.905398,-0.113054,0.0512886,0.00960552,0.00169583,0.0228375,0.889266,-0.0692957
1.48901,1.02873,0.90901,0.119723,0.0518355,0.00970171,0.00170092,0.0231356,0.891834,-0.0691985
1.49487,0.902899,0.912656,-0.00975615,0.0523944,0.00980001,0.00170604,0.0234412,0.894415,-0.0691014
1.50073,0.844174,0.916336,-0.0721626,0.0529657,0.00990049,0.00171118,0.0237545,0.897009,-0.0690044
1.5066,0.91069,0.920053,-0.00936312,0.0535498,0.0100032,0.00171636,0.0240758,0.899615,-0.0689075
1.51246,1.07731,0.923806,0.153507,0.0541472,0.0101083,0.00172157,0.0244053,0.902235,-0.0688108
1.51832,1.02732,0.927597,0.0997262,0.0547582,0.0102158,0.00172682,0.0247435,0.904867,-0.0687141
1.52418,0.981473,0.931427,0.0500464,0.0553834,0.0103258,0.00173209,0.0250905,0.907513,-0.0686175
1.53004,1.03692,0.935296,0.101621,0.0560232,0.0104384,0.00173739,0.0254468,0.910171,-0.068521
1.53591,0.86492,0.939206,-0.0742855,0.0566781,0.0105536,0.00174273,0.0258128,0.912843,-0.0684246
1.54177,1.01117,0.943157,0.0680093,0.0573488,0.0106717,0.0017481,0.0261887,0.915529,-0.0683284
1.54763,1.00909,0.947152,0.0619419,0.0580356,0.0107926,0.00175351,0.026575,0.918227,-0.0682322
1.55349,0.940911,0.95119,-0.0102794,0.0587393,0.0109164,0.00175894,0.0269721,0.92094,-0.0681361
1.55936,0.909402,0.955274,-0.0458723,0.0594603,0.0110434,0.00176441,0.0273805,0.923666,-0.0680402
1.56522,0.960661,0.959405,0.00125646,0.0601994,0.0111736,0.00176991,0.0278006,0.926406,-0.0679443
1.57108,0.933332,0.963583,-0.0302513,0.0609573,0.0113071,0.00177545,0.0282329,0.929159,-0.0678486
1.57694,1.02684,0.967811,0.059025,0.0617345,0.0114441,0.00178102,0.0286779,0.931927,-0.0677529
1.5828,0.854522,0.97209,-0.117568,0.0625319,0.0115846,0.00178663,0.0291362,0.934708,-0.0676574
1.58867,1.12486,0.976422,0.148441,0.0633503,0.0117289,0.00179227,0.0296084,0.937504,-0.0675619
1.59453,0.990247,0.980808,0.00943868,0.0641903,0.011877,0.00179795,0.030095,0.940314,-0.0674666
1.60039,0.963785,0.98525,-0.0214646,0.0650529,0.0120292,0.00180366,0.0305967,0.943139,-0.0673714
1.60625,1.0213,0.989749,0.0315543,0.0659391,0.0121856,0.00180941,0.0311141,0.945978,-0.0672762
1.61212,0.945352,0.994309,-0.0489571,0.0668496,0.0123463,0.0018152,0.0316481,0.948831,-0.0671812
1.61798,1.0882,0.99893,0.0892673,0.0677856,0.0125116,0.00182102,0.0321993,0.951699,-0.0670863
1.62384,0.946424,1.00362,-0.0571915,0.068748,0.0126817,0.00182688,0.0327686,0.954582,-0.0669915
1.6297,0.912221,1.00837,-0.0961454,0.0697379,0.0128567,0.00183277,0.0333569,0.957479,-0.0668968
1.63556,0.935858,1.01319,-0.077329,0.0707566,0.0130368,0.00183871,0.0339649,0.960392,-0.0668022
1.64143,0.934247,1.01808,-0.0838308,0.0718052,0.0132224,0.00184468,0.0345938,0.96332,-0.0667077
1.64729,1.02662,1.02304,0.00357744,0.072885,0.0134135,0.00185069,0.0352446,0.966263,-0.0666133
1.65315,0.978981,1.02808,-0.0491037,0.0739974,0.0136106,0.00185674,0.0359183,0.969221,-0.066519
1.65901,0.969891,1.03321,-0.0633152,0.0751439,0.0138138,0.00186283,0.0366161,0.972194,-0.0664248
1.66488,0.946728,1.03841,-0.091682,0.0763259,0.0140234,0.00186895,0.0373394,0.975183,-0.0663307
1.67074,0.943782,1.0437,-0.0999189,0.0775451,0.0142398,0.00187512,0.0380893,0.978188,-0.0662367
1.6766,1.02333,1.04908,-0.0257491,0.0788033,0.0144632,0.00188133,0.0388674,0.981209,-0.0661428
1.68246,1.16336,1.05455,0.108801,0.0801021,0.014694,0.00188758,0.0396752,0.984245,-0.0660491
1.68832,0.978892,1.06013,-0.0812343,0.0814436,0.0149326,0.00189387,0.0405144,0.987297,-0.0659554
1.69419,1.0557,1.0658,-0.0100992,0.0828298,0.0151793,0.0019002,0.0413866,0.990366,-0.0658618
1.70005,1.21592,1.07158,0.144344,0.0842628,0.0154346,0.00190658,0.0422937,0.99345,-0.0657684
1.70591,1.21812,1.07747,0.140648,0.0857451,0.0156989,0.00191299,0.0432379,0.996551,-0.065675
1.71177,1.04042,1.08348,-0.0430557,0.087279,0.0159726,0.00191945,0.0442213,0.999668,-0.0655817
1.71764,1.16729,1.08961,0.0776769,0.0888672,0.0162563,0.00192596,0.0452462,1.0028,-0.0654886
1.7235,1.16824,1.09587,0.0723674,0.0905126,0.0165505,0.0019325,0.0463152,1.00595,-0.0653955
1.72936,1.23969,1.10226,0.137433,0.092218,0.0168558,0.00193909,0.047431,1.00912,-0.0653026
1.73522,1.0384,1.1088,-0.0703963,0.0939867,0.0171728,0.00194573,0.0485966,1.0123,-0.0652098
1.74108,1.13815,1.11548,0.022665,0.0958222,0.0175021,0.00195241,0.0498152,1.01551,-0.065117
1.74695,1.19417,1.12232,0.0718488,0.097728,0.0178445,0.00195913,0.0510903,1.01872,-0.0650244
1.75281,1.18578,1.12933,0.0564498,0.0997082,0.0182006,0.00196591,0.0524256,1.02196,-0.0649319
1.75867,1.17682,1.13651,0.0403122,0.101767,0.0185714,0.00197272,0.0538252,1.02521,-0.0648394
1.76453,1.21865,1.14388,0.0747776,0.103909,0.0189577,0.00197959,0.0552938,1.02848,-0.0647471
1.7704,1.06351,1.15144,-0.0879249,0.106139,0.0193605,0.0019865,0.056836,1.03177,-0.0646549
1.77626,1.22613,1.15921,0.0669165,0.108462,0.0197807,0.00199346,0.0584573,1.03508,-0.0645628
1.78212,1.15249,1.1672,-0.0147133,0.110884,0.0202195,0.00200047,0.0601635,1.0384,-0.0644708
1.78798,1.18745,1.17542,0.0120303,0.113411,0.0206781,0.00200752,0.0619611,1.04175,-0.0643789
1.79384,1.04641,1.1839,-0.137489,0.116049,0.0211579,0.00201463,0.063857,1.04511,-0.0642871
1.79971,1.21778,1.19264,0.0251385,0.118807,0.0216601,0.00202179,0.065859,1.04849,-0.0641954
1.80557,1.38697,1.20166,0.18531,0.121691,0.0221865,0.00202899,0.0679757,1.05188,-0.0641038
1.81143,1.46452,1.21099,0.253533,0.12471,0.0227385,0.00203625,0.0702166,1.0553,-0.0640123
1.81729,1.26596,1.22064,0.0453184,0.127873,0.0233182,0.00204356,0.0725921,1.05873,-0.0639209
1.82316,1.24176,1.23064,0.0111174,0.13119,0.0239275,0.00205092,0.0751139,1.06219,-0.0638296
1.82902,1.27462,1.24102,0.0335991,0.134673,0.0245685,0.00205833,0.0777949,1.06566,-0.0637385
1.83488,1.26969,1.2518,0.0178897,0.138332,0.0252438,0.0020658,0.0806497,1.06915,-0.0636474
1.84074,1.17612,1.26301,-0.0868899,0.142181,0.0259559,0.00207332,0.0836943,1.07266,-0.0635564
1.8466,1.45925,1.2747,0.184554,0.146234,0.0267078,0.0020809,0.0869471,1.0762,-0.0634656
1.85247,1.28013,1.2869,-0.00676874,0.150507,0.0275027,0.00208852,0.0904284,1.07975,-0.0633748
1.85833,1.23873,1.29965,-0.0609244,0.155018,0.0283442,0.00209621,0.0941613,1.08332,-0.0632841
1.86419,1.24696,1.31301,-0.0660541,0.159784,0.0292363,0.00210395,0.0981721,1.08691,-0.0631936
1.87005,1.23975,1.32703,-0.0872795,0.164828,0.0301833,0.00211175,0.10249,1.09052,-0.0631031
1.87592,1.21277,1.34177,-0.129003,0.170171,0.0311902,0.0021196,0.10715,1.09415,-0.0630128
1.88178,1.4184,1.3573,0.061105,0.175841,0.0322625,0.00212751,0.11219,1.0978,-0.0629226
1.88764,1.28096,1.3737,-0.0927439,0.181866,0.0334062,0.00213548,0.117655,1.10147,-0.0628324
1.8935,1.35034,1.39107,-0.0407307,0.188278,0.0346283,0.00214351,0.123596,1.10517,-0.0627424
1.89936,1.27588,1.4095,-0.133619,0.195113,0.0359365,0.0021516,0.130074,1.10888,-0.0626525
1.90523,1.19667,1.42912,-0.232447,0.202411,0.0373397,0.00215975,0.137156,1.11261,-0.0625626
1.91109,1.3107,1.45006,-0.139357,0.210218,0.0388478,0.00216797,0.144927,1.11637,-0.0624729
1.91695,1.43354,1.47248,-0.0389368,0.218583,0.0404721,0.00217624,0.15348,1.12015,-0.0623833
1.92281,1.42805,1.49656,-0.0685123,0.227566,0.0422255,0.00218457,0.162929,1.12395,-0.0622938
1.92868,1.528,1.52252,0.00547653,0.237231,0.044123,0.00219297,0.17341,1.12777,-0.0622044
1.93454,1.47695,1.55062,-0.0736638,0.247654,0.0461814,0.00220144,0.185086,1.13161,-0.0621151
1.9404,1.5046,1.58115,-0.0765462,0.25892,0.0484206,0.00220996,0.198151,1.13548,-0.0620259
1.94626,1.60389,1.61448,-0.0105915,0.271127,0.0508635,0.00221855,0.212845,1.13936,-0.0619368
1.95213,1.61216,1.65104,-0.0388749,0.284387,0.0535368,0.00222721,0.229461,1.14327,-0.0618478
1.95799,1.66769,1.69135,-0.0236612,0.298834,0.0564718,0.00223594,0.248361,1.1472,-0.0617589
1.96385,1.59759,1.73606,-0.138465,0.314617,0.0597055,0.00224473,0.27,1.15116,-0.0616701
1.96971,1.68634,1.78596,-0.099615,0.331917,0.0632818,0.00225359,0.294951,1.15514,-0.0615814
1.97557,1.89432,1.84206,0.0522641,0.350943,0.0672531,0.00226252,0.323952,1.15914,-0.0614929
1.98144,1.88538,1.90561,-0.0202328,0.371943,0.0716822,0.00227153,0.357954,1.16316,-0.0614044
1.9873,1.79852,1.97825,-0.179722,0.395211,0.0766455,0.0022806,0.398214,1.16721,-0.061316
1.99316,1.97387,2.06209,-0.0882254,0.421102,0.0822359,0.00228974,0.446412,1.17128,-0.0612278
1.99902,2.06702,2.15998,-0.0929613,0.45004,0.0885681,0.00229896,0.504836,1.17538,-0.0611396
2.00489,2.16272,2.27575,-0.113039,0.482545,0.0957844,0.00230825,0.57667,1.1795,-0.0610515
2.01075,2.23156,2.41476,-0.1832,0.519249,0.104064,0.00231761,0.66645,1.18364,-0.0609636
2.01661,2.60056,2.58464,0.015915,0.560938,0.113633,0.00232705,0.780809,1.18781,-0.0608757
2.02247,2.69426,2.79669,-0.10243,0.608589,0.124783,0.00233656,0.929762,1.19201,-0.060788
2.02833,2.89892,3.06819,-0.169268,0.663437,0.137896,0.00234615,1.12898,1.19622,-0.0607004
2.0342,3.22108,3.42682,-0.205739,0.727058,0.153473,0.00235582,1.40408,1.20047,-0.0606128
2.04006,3.75495,3.91934,-0.164392,0.80149,0.172192,0.00236557,1.79908,1.20474,-0.0605254
2.04592,4.25829,4.62975,-0.371454,0.889406,0.194981,0.0023754,2.39439,1.20903,-0.0604381
2.05178,5.39623,5.7208,-0.324562,0.994366,0.22314,0.00238531,3.34791,1.21335,-0.0603508
2.05765,7.5284,7.53562,-0.00721903,1.1212,0.258537,0.0023953,4.99605,1.2177,-0.0602637
2.06351,12.026,10.8556,1.17046,1.2766,0.303931,0.00240537,8.11073,1.22207,-0.0601767
2.06937,21.0798,17.398,3.68177,1.47002,0.363532,0.00241553,14.3957,1.22647,-0.0600898
2.07523,31.8446,28.2358,3.6088,1.71523,0.444019,0.00242577,24.9032,1.23089,-0.060003
2.08109,28.6961,30.8118,-2.11567,2.03284,0.556473,0.00243609,27.0446,1.23535,-0.0599163
2.08696,17.7676,20.5694,-2.80184,2.4548,0.720296,0.00244651,16.2119,1.23983,-0.0598297
2.09282,11.3417,13.7978,-2.45607,3.03278,0.971725,0.00245701,8.60624,1.24433,-0.0597432
2.09868,9.04219,11.3656,-2.32337,3.85447,1.38376,0.0024676,4.93565,1.24887,-0.0596568
2.10454,9.33475,11.484,-2.14922,5.07761,2.11616,0.00247828,3.09386,1.25343,-0.0595705
2.11041,11.6389,13.828,-2.1891,7.0064,3.53964,0.00248905,2.08091,1.25802,-0.0594843
2.11627,17.0343,19.3451,-2.31081,10.2764,6.38674,0.00249992,1.47622,1.26264,-0.0593982
2.12213,27.6967,28.7243,-1.02763,16.3254,10.0977,0.00251088,1.09072,1.26728,-0.0593122
2.12799,40.5569,39.2221,1.33486,28.4405,8.73445,0.00252193,0.831804,1.27196,-0.0592264
2.13385,55.9952,57.4915,-1.49629,50.8102,4.81084,0.00253308,0.650481,1.27666,-0.0591406
2.13972,69.1969,68.7941,0.40278,64.4488,2.6013,0.00254433,0.519114,1.2814,-0.0590549
2.14558,50.779,45.8793,4.89965,42.6894,1.53893,0.00255567,0.421233,1.28616,-0.0589694
2.15144,27.0826,25.181,1.90162,22.6097,0.990057,0.00256712,0.346569,1.29095,-0.0588839
2.1573,14.3538,14.8951,-0.541277,12.6875,0.679528,0.00257866,0.288471,1.29577,-0.0587986
2.16317,8.66084,9.77974,-1.1189,7.8029,0.489852,0.00259031,0.242485,1.30063,-0.0587133
2.16903,5.99977,6.99507,-0.9953,5.17333,0.366711,0.00260207,0.205544,1.30551,-0.0586282
2.17489,4.59195,5.34405,-0.752095,3.63127,0.282798,0.00261392,0.175483,1.31043,-0.0585431
2.18075,3.7201,4.29556,-0.575469,2.66194,0.223341,0.00262589,0.150741,1.31537,-0.0584582
2.18661,3.15899,3.5928,-0.433807,2.01816,0.179851,0.00263796,0.130171,1.32035,-0.0583734
2.19248,2.8231,3.1012,-0.278095,1.57138,0.147188,0.00265014,0.112915,1.32535,-0.0582886
2.19834,2.44156,2.74536,-0.303803,1.25008,0.122105,0.00266244,0.0983223,1.33039,-0.058204
2.2042,2.13641,2.48054,-0.344131,1.01215,0.102476,0.00267484,0.0858917,1.33547,-0.0581195
2.21006,1.91101,2.27892,-0.367906,0.831599,0.0868634,0.00268736,0.0752332,1.34057,-0.0580351
2.21593,1.89742,2.12249,-0.22507,0.691728,0.0742691,0.0027,0.0660393,1.34571,-0.0579508
2.22179,1.68019,1.99921,-0.319021,0.58144,0.0639833,0.00271275,0.0580656,1.35088,-0.0578665
2.22765,1.58431,1.90077,-0.31646,0.49314,0.0554908,0.00272562,0.0511156,1.35608,-0.0577824
2.23351,1.83631,1.8213,0.0150185,0.421497,0.048411,0.00273861,0.0450301,1.36132,-0.0576984
2.23937,1.72153,1.75655,-0.0350133,0.362686,0.0424578,0.00275172,0.0396791,1.36659,-0.0576145
2.24524,1.61433,1.7034,-0.0890714,0.313906,0.0374129,0.00276496,0.0349556,1.37189,-0.0575308
2.2511,1.72658,1.65951,0.0670629,0.273071,0.0331079,0.00277832,0.0307712,1.37723,-0.0574471
2.25696,1.59312,1.6231,-0.029988,0.238606,0.029411,0.00279181,0.0270519,1.38261,-0.0573635
2.26282,1.61521,1.59279,0.0224128,0.209299,0.0262181,0.00280543,0.023736,1.38802,-0.05728
2.26869,1.4503,1.56751,-0.117213,0.18421,0.0234461,0.00281918,0.0207711,1.39346,-0.0571966
2.27455,1.62389,1.5464,0.0774885,0.162603,0.0210279,0.00283307,0.0181131,1.39894,-0.0571133
2.28041,1.66354,1.5288,0.134746,0.143889,0.0189091,0.00284708,0.0157243,1.40446,-0.0570302
2.28627,1.46279,1.51414,-0.0513494,0.1276,0.0170453,0.00286124,0.0135725,1.41001,-0.0569471
2.29213,1.53452,1.50199,0.0325237,0.113355,0.0153996,0.00287553,0.01163,1.4156,-0.0568641
2.298,1.53055,1.49199,0.0385613,0.100844,0.0139417,0.00288996,0.00987296,1.42122,-0.0567813
2.30386,1.4764,1.48383,-0.00743579,0.0898139,0.0126461,0.00290454,0.00828067,1.42689,-0.0566985
2.30972,1.43852,1.47727,-0.0387495,0.0800535,0.0114914,0.00291926,0.00683518,1.43259,-0.0566159
2.31558,1.36968,1.4721,-0.102421,0.0713876,0.0104594,0.00293413,0.00552083,1.43833,-0.0565333
2.32145,1.41938,1.46813,-0.0487564,0.0636699,0.00953503,0.00294914,0.0043239,1.44411,-0.0564509
2.32731,1.54987,1.46523,0.0846357,0.0567767,0.00870506,0.00296431,0.00323238,1.44992,-0.0563686
2.33317,1.40534,1.46327,-0.0579326,0.0506036,0.00795831,0.00297963,0.00223568,1.45578,-0.0562863
2.33903,1.41773,1.46213,-0.044402,0.0450618,0.00728518,0.00299511,0.00132446,1.46167,-0.0562042
2.34489,1.70864,1.46174,0.246905,0.0400751,0.00667733,0.00301075,0.000490445,1.46761,-0.0561222
2.35076,1.52057,1.462,0.0585695,0.0355786,0.00612755,0.00302654,-0.000273687,1.47358,-0.0560403
2.35662,1.44771,1.46285,-0.0151449,0.0315159,0.00562958,0.0030425,-0.000974461,1.4796,-0.0559584
2.36248,1.37681,1.46424,-0.0874263,0.0278384,0.00517793,0.00305863,-0.00161769,1.48565,-0.0558767
2.36834,1.40203,1.4661,-0.0640693,0.0245041,0.00476782,0.00307492,-0.00220857,1.49175,-0.0557951
2.37421,1.29933,1.46839,-0.169061,0.021476,0.00439502,0.00309138,-0.00275175,1.49789,-0.0557136
2.38007,1.31739,1.47108,-0.153683,0.0187221,0.00405582,0.00310802,-0.0032514,1.50407,-0.0556322
2.38593,1.40956,1.47412,-0.0645611,0.0162141,0.00374696,0.00312483,-0.00371126,1.5103,-0.0555509
2.39179,1.50726,1.47749,0.0297648,0.0139273,0.00346553,0.00314182,-0.00413472,1.51656,-0.0554697
2.39766,1.47828,1.48117,-0.00289261,0.0118398,0.00320895,0.003159,-0.00452482,1.52288,-0.0553886
2.40352,1.42102,1.48512,-0.0641056,0.00993226,0.00297493,0.00317635,-0.00488431,1.52923,-0.0553076
2.40938,1.44825,1.48933,-0.0410764,0.00818755,0.00276142,0.0031939,-0.00521568,1.53563,-0.0552268
2.41524,1.48629,1.49377,-0.00748386,0.00659043,0.0025666,0.00321163,-0.00552119,1.54207,-0.055146
2.4211,1.40723,1.49844,-0.0912033,0.00512732,0.00238883,0.00322956,-0.00580289,1.54856,-0.0550653
2.42697,1.48971,1.5033,-0.0135967,0.0037861,0.00222664,0.00324769,-0.00606265,1.55509,-0.0549847
2.43283,1.51245,1.50836,0.00408181,0.00255593,0.00207871,0.00326601,-0.00630216,1.56167,-0.0549043
2.43869,1.59184,1.5136,0.0782352,0.00142707,0.00194384,0.00328454,-0.00652298,1.5683,-0.0548239
2.44455,1.58744,1.51901,0.0684264,0.00039079,0.00182097,0.00330328,-0.00672651,1.57497,-0.0547436
2.45042,1.52219,1.52458,-0.00239019,-0.000560768,0.00170912,0.00332222,-0.00691405,1.58169,-0.0546635
2.45628,1.56961,1.5303,0.0393133,-0.0014347,0.00160741,0.00334138,-0.00708679,1.58845,-0.0545834
2.46214,1.4952,1.53616,-0.0409635,-0.00223741,0.00151505,0.00336075,-0.0072458,1.59527,-0.0545035
2.468,1.64949,1.54215,0.107331,-0.00297469,0.0014313,0.00338035,-0.00739209,1.60213,-0.0544237
2.47386,1.5742,1.54828,0.0259221,-0.00365179,0.00135553,0.00340017,-0.00752657,1.60905,-0.0543439
2.47973,1.4694,1.55453,-0.0851248,-0.00427349,0.00128711,0.00342022,-0.00765008,1.61601,-0.0542643
2.48559,1.43262,1.56089,-0.128276,-0.0048441,0.00122551,0.0034405,-0.00776339,1.62302,-0.0541848
2.49145,1.44348,1.56737,-0.123894,-0.00536759,0.00117022,0.00346101,-0.00786722,1.63008,-0.0541053
2.49731,1.39358,1.57396,-0.180388,-0.00584755,0.0011208,0.00348177,-0.00796222,1.6372,-0.054026
2.50318,1.40983,1.58066,-0.170835,-0.00628724,0.00107682,0.00350277,-0.00804901,1.64436,-0.0539468
2.50904,1.59999,1.58746,0.0125287,-0.00668969,0.00103789,0.00352401,-0.00812814,1.65158,-0.0538677
2.5149,1.53834,1.59435,-0.0560093,-0.00705763,0.00100368,0.00354551,-0.00820013,1.65885,-0.0537887
2.52076,1.51786,1.60135,-0.083482,-0.00739357,0.000973846,0.00356727,-0.00826546,1.66617,-0.0537098
2.52662,1.50642,1.60843,-0.102008,-0.00769982,0.000948104,0.00358929,-0.00832459,1.67355,-0.053631
2.53249,1.53294,1.61561,-0.0826721,-0.00797851,0.000926178,0.00361157,-0.00837792,1.68098,-0.0535523
2.53835,1.66409,1.62288,0.041208,-0.00823158,0.000907817,0.00363413,-0.00842583,1.68847,-0.0534737
2.54421,1.46463,1.63023,-0.165601,-0.00846081,0.000892789,0.00365696,-0.00846868,1.69601,-0.0533952
2.55007,1.64077,1.63768,0.00309892,-0.00866787,0.00088088,0.00368008,-0.0085068,1.70361,-0.0533168
2.55594,1.57608,1.6452,-0.0691165,-0.00885427,0.000871895,0.00370347,-0.00854051,1.71126,-0.0532385
2.5618,1.86963,1.65281,0.21682,-0.00902142,0.000865651,0.00372716,-0.00857008,1.71897,-0.0531603
2.56766,1.86373,1.6605,0.203229,-0.00917061,0.000861978,0.00375115,-0.00859578,1.72674,-0.0530822
2.57352,1.66616,1.66827,-0.00211421,-0.00930305,0.000860723,0.00377544,-0.00861786,1.73456,-0.0530043
2.57938,1.60704,1.67613,-0.0690829,-0.00941984,0.000861739,0.00380004,-0.00863656,1.74245,-0.0529264
2.58525,1.77521,1.68406,0.0911478,-0.00952201,0.000864895,0.00382495,-0.00865208,1.75039,-0.0528486
2.59111,1.73217,1.69207,0.0400967,-0.00961052,0.000870066,0.00385018,-0.00866464,1.75839,-0.052771
2.59697,1.86205,1.70016,0.161889,-0.00968625,0.000877137,0.00387573,-0.00867441,1.76646,-0.0526934
2.60283,1.85814,1.70832,0.149816,-0.00975002,0.000886003,0.00390162,-0.00868158,1.77458,-0.052616
2.6087,1.66723,1.71657,-0.0493402,-0.00980259,0.000896563,0.00392785,-0.00868631,1.78277,-0.0525386
2.61456,1.80244,1.72489,0.0775521,-0.00984467,0.000908727,0.00395441,-0.00868875,1.79102,-0.0524614
2.62042,1.90416,1.73329,0.170872,-0.00987692,0.00092241,0.00398134,-0.00868905,1.79934,-0.0523843
2.62628,1.76389,1.74176,0.0221285,-0.00989995,0.000937532,0.00400861,-0.00868735,1.80771,-0.0523072
2.63214,1.74508,1.75032,-0.00523192,-0.00991433,0.000954019,0.00403626,-0.00868376,1.81615,-0.0522303
2.63801,1.66744,1.75894,-0.0915081,-0.0099206,0.000971804,0.00406428,-0.00867842,1.82466,-0.0521535
2.64387,1.84741,1.76765,0.0797593,-0.00991925,0.000990823,0.00409267,-0.00867142,1.83323,-0.0520767
2.64973,1.79077,1.77643,0.0143392,-0.00991074,0.00101102,0.00412146,-0.00866288,1.84187,-0.0520001
2.65559,1.73965,1.78529,-0.0456353,-0.00989551,0.00103233,0.00415063,-0.0086529,1.85058,-0.0519236
2.66146,1.82857,1.79422,0.0343507,-0.00987396,0.00105471,0.00418022,-0.00864156,1.85935,-0.0518472
2.66732,1.81457,1.80324,0.011332,-0.00984647,0.00107812,0.00421021,-0.00862894,1.86819,-0.0517709
2.67318,1.84726,1.81233,0.0349302,-0.00981338,0.0011025,0.00424062,-0.00861515,1.87711,-0.0516947
2.67904,1.77199,1.82149,-0.0495087,-0.00977503,0.00112782,0.00427147,-0.00860024,1.88609,-0.0516186
2.6849,1.87407,1.83074,0.043328,-0.00973173,0.00115404,0.00430275,-0.00858429,1.89514,-0.0515426
2.69077,1.82785,1.84006,-0.0122183,-0.00968377,0.00118112,0.00433447,-0.00856738,1.90427,-0.0514667
2.69663,1.86759,1.84947,0.0181231,-0.00963141,0.00120903,0.00436665,-0.00854955,1.91346,-0.0513909
2.70249,1.84173,1.85895,-0.0172165,-0.00957491,0.00123774,0.0043993,-0.00853088,1.92273,-0.0513152
2.70835,1.91838,1.86851,0.0498708,-0.00951451,0.00126723,0.00443242,-0.00851142,1.93208,-0.0512397
2.71422,1.93944,1.87816,0.0612863,-0.00945042,0.00129746,0.00446603,-0.00849122,1.9415,-0.0511642
2.72008,1.90912,1.88788,0.0212347,-0.00938287,0.00132842,0.00450014,-0.00847033,1.95099,-0.0510888
2.72594,1.75871,1.89769,-0.138979,-0.00931203,0.00136007,0.00453475,-0.0084488,1.96057,-0.0510135
2.7318,1.8752,1.90757,-0.032376,-0.0092381,0.00139241,0.00456988,-0.00842667,1.97022,-0.0509384
2.73766,1.9931,1.91755,0.07556,-0.00916125,0.00142541,0.00460554,-0.00840399,1.97994,-0.0508633
2.74353,1.99992,1.9276,0.0723196,-0.00908164,0.00145905,0.00464175,-0.0083808,1.98975,-0.0507884
2.74939,2.02171,1.93774,0.0839742,-0.00899942,0.00149333,0.0046785,-0.00835712,1.99964,-0.0507135
2.75525,1.71089,1.94796,-0.237066,-0.00891473,0.00152821,0.00471583,-0.00833301,2.0096,-0.0506388
2.76111,1.99323,1.95827,0.0349659,-0.00882771,0.0015637,0.00475373,-0.00830848,2.01965,-0.0505641
2.76698,2.16546,1.96866,0.196796,-0.00873848,0.00159979,0.00479222,-0.00828358,2.02978,-0.0504896
2.77284,2.11519,1.97915,0.13604,-0.00864716,0.00163645,0.00483132,-0.00825833,2.04,-0.0504151
2.7787,2.06753,1.98972,0.0778184,-0.00855386,0.00167368,0.00487104,-0.00823276,2.0503,-0.0503408
2.78456,2.05207,2.00037,0.0516937,-0.00845869,0.00171147,0.00491139,-0.0082069,2.06068,-0.0502666
2.79043,1.9331,2.01112,-0.078024,-0.00836173,0.00174982,0.00495239,-0.00818077,2.07116,-0.0501925
2.79629,2.16438,2.02196,0.142421,-0.00826309,0.00178872,0.00499406,-0.00815439,2.08172,-0.0501184
2.80215,2.07118,2.03289,0.0382909,-0.00816285,0.00182816,0.00503641,-0.00812778,2.09236,-0.0500445
2.80801,2.22539,2.04392,0.18147,-0.00806109,0.00186815,0.00507945,-0.00810098,2.1031,-0.0499707
2.81387,2.13494,2.05503,0.0799043,-0.00795788,0.00190867,0.00512321,-0.00807399,2.11393,-0.049897
2.81974,2.00906,2.06624,-0.057183,-0.00785331,0.00194972,0.0051677,-0.00804684,2.12485,-0.0498234
2.8256,2.12578,2.07755,0.048235,-0.00774742,0.0019913,0.00521294,-0.00801955,2.13586,-0.0497499
2.83146,2.05346,2.08895,-0.0354905,-0.00764029,0.00203342,0.00525894,-0.00799212,2.14697,-0.0496765
2.83732,2.06469,2.10045,-0.0357559,-0.00753198,0.00207606,0.00530574,-0.00796458,2.15817,-0.0496032
2.84319,2.17497,2.11205,0.0629239,-0.00742253,0.00211924,0.00535333,-0.00793694,2.16946,-0.04953
2.84905,2.16532,2.12374,0.0415816,-0.00731201,0.00216294,0.00540176,-0.00790922,2.18086,-0.049457
2.85491,2.08874,2.13554,-0.0467974,-0.00720045,0.00220719,0.00545104,-0.00788142,2.19235,-0.049384
2.86077,2.13376,2.14744,-0.0136799,-0.00708791,0.00225196,0.00550118,-0.00785357,2.20394,-0.0493111
2.86663,2.10045,2.15944,-0.0589897,-0.00697442,0.00229728,0.00555222,-0.00782567,2.21563,-0.0492383
2.8725,2.09252,2.17155,-0.0790271,-0.00686003,0.00234314,0.00560417,-0.00779773,2.22742,-0.0491657
2.87836,2.24426,2.18376,0.0605043,-0.00674477,0.00238955,0.00565706,-0.00776977,2.23932,-0.0490931
2.88422,2.21325,2.19607,0.0171722,-0.00662868,0.0024365,0.00571092,-0.00774179,2.25132,-0.0490206
2.89008,2.2696,2.2085,0.0611062,-0.00651179,0.00248402,0.00576577,-0.00771381,2.26342,-0.0489483
2.89595,2.24691,2.22103,0.0258768,-0.00639412,0.00253211,0.00582164,-0.00768582,2.27563,-0.048876
2.90181,2.11201,2.23368,-0.121671,-0.00627571,0.00258076,0.00587855,-0.00765786,2.28795,-0.0488039
2.90767,2.27607,2.24643,0.0296344,-0.00615657,0.00262999,0.00593653,-0.00762991,2.30038,-0.0487318
2.91353,2.31473,2.2593,0.0554276,-0.00603674,0.00267981,0.00599562,-0.00760198,2.31292,-0.0486599
2.91939,2.25437,2.27228,-0.0179082,-0.00591624,0.00273023,0.00605585,-0.00757409,2.32557,-0.0485881
2.92526,2.1731,2.28538,-0.112275,-0.00579508,0.00278125,0.00611724,-0.00754625,2.33834,-0.0485163
2.93112,2.22682,2.29859,-0.0717773,-0.00567328,0.00283289,0.00617983,-0.00751844,2.35122,-0.0484447
2.93698,2.27652,2.31193,-0.035403,-0.00555087,0.00288515,0.00624366,-0.00749069,2.36421,-0.0483732
2.94284,2.24726,2.32538,-0.0781169,-0.00542784,0.00293805,0.00630875,-0.007463,2.37732,-0.0483018
2.94871,2.2804,2.33895,-0.0585556,-0.00530423,0.0029916,0.00637516,-0.00743538,2.39056,-0.0482304
2.95457,2.38026,2.35265,0.0276149,-0.00518004,0.00304582,0.0064429,-0.00740782,2.40391,-0.0481592
2.96043,2.33957,2.36647,-0.0268973,-0.00505527,0.0031007,0.00651204,-0.00738033,2.41738,-0.0480881
2.96629,2.29924,2.38042,-0.0811797,-0.00492995,0.00315628,0.0065826,-0.00735292,2.43098,-0.0480171
2.97215,2.54654,2.39449,0.152051,-0.00480408,0.00321256,0.00665463,-0.00732559,2.4447,-0.0479462
2.97802,2.48583,2.40869,0.0771367,-0.00467767,0.00326955,0.00672817,-0.00729835,2.45855,-0.0478754
2.98388,2.38839,2.42303,-0.0346378,-0.00455072,0.00332728,0.00680328,-0.0072712,2.47252,-0.0478047
2.98974,2.44453,2.43749,0.00703245,-0.00442324,0.00338577,0.00688,-0.00724413,2.48663,-0.0477341
2.9956,2.21008,2.45209,-0.242012,-0.00429523,0.00344502,0.00695838,-0.00721717,2.50087,-0.0476637
3.00147,2.20012,2.46683,-0.266713,-0.0041667,0.00350505,0.00703847,-0.0071903,2.51524,-0.0475933
3.00733,2.43784,2.4817,-0.0438673,-0.00403765,0.00356589,0.00712033,-0.00716353,2.52974,-0.047523
3.01319,2.4569,2.49672,-0.039817,-0.00390807,0.00362756,0.00720402,-0.00713687,2.54438,-0.0474528
3.01905,2.51138,2.51187,-0.000492085,-0.00377798,0.00369007,0.00728959,-0.00711031,2.55916,-0.0473828
3.02491,2.48425,2.52717,-0.04292,-0.00364737,0.00375345,0.00737711,-0.00708386,2.57408,-0.0473128
3.03078,2.64589,2.54261,0.103276,-0.00351623,0.00381771,0.00746664,-0.00705752,2.58914,-0.0472429
3.03664,2.73307,2.5582,0.174869,-0.00338458,0.00388289,0.00755825,-0.00703129,2.60435,-0.0471732
3.0425,2.54868,2.57394,-0.0252556,-0.0032524,0.003949,0.00765201,-0.00700518,2.6197,-0.0471035
3.04836,2.63222,2.58983,0.0423981,-0.00311968,0.00401608,0.00774799,-0.00697918,2.6352,-0.047034
3.05423,2.70483,2.60587,0.0989643,-0.00298644,0.00408414,0.00784627,-0.0069533,2.65084,-0.0469645
3.06009,2.44403,2.62206,-0.178032,-0.00285265,0.00415322,0.00794694,-0.00692753,2.66664,-0.0468952
3.06595,2.65419,2.63842,0.0157743,-0.00271833,0.00422334,0.00805007,-0.00690189,2.68259,-0.046826
3.07181,2.57683,2.65493,-0.0780972,-0.00258345,0.00429453,0.00815576,-0.00687637,2.6987,-0.0467568
3.07767,2.4328,2.67161,-0.238802,-0.00244801,0.00436682,0.00826409,-0.00685096,2.71496,-0.0466878
3.08354,2.64121,2.68844,-0.0472319,-0.00231201,0.00444025,0.00837517,-0.00682569,2.73138,-0.0466189
3.0894,2.79751,2.70545,0.0920671,-0.00217544,0.00451484,0.00848909,-0.00680053,2.74797,-0.0465501
3.09526,2.92263,2.72262,0.200009,-0.00203829,0.00459064,0.00860596,-0.0067755,2.76472,-0.0464813
3.10112,2.77606,2.73996,0.0360996,-0.00190054,0.00466768,0.0087259,-0.0067506,2.78163,-0.0464127
3.10699,2.82928,2.75748,0.0718066,-0.0017622,0.00474599,0.00884901,-0.00672582,2.79871,-0.0463442
3.11285,2.89132,2.77517,0.116158,-0.00162324,0.00482562,0.00897543,-0.00670116,2.81597,-0.0462758
3.11871,2.82037,2.79303,0.0273331,-0.00148366,0.0049066,0.00910528,-0.00667664,2.83339,-0.0462075
3.12457,2.70405,2.81108,-0.107033,-0.00134345,0.00498898,0.0092387,-0.00665224,2.85099,-0.0461393
3.13043,2.61789,2.82932,-0.211424,-0.00120259,0.0050728,0.00937582,-0.00662797,2.86877,-0.0460712
3.1363,2.81169,2.84773,-0.0360449,-0.00106107,0.00515811,0.00951681,-0.00660382,2.88673,-0.0460032
3.14216,2.74091,2.86634,-0.12543,-0.000918878,0.00524495,0.00966182,-0.00657981,2.90487,-0.0459353
3.14802,2.72238,2.88514,-0.162759,-0.000775998,0.00533339,0.00981101,-0.00655592,2.92319,-0.0458676
3.15388,2.87485,2.90413,-0.0292793,-0.000632417,0.00542345,0.00996456,-0.00653216,2.9417,-0.0457999
3.15975,3.01105,2.92331,0.0877352,-0.00048812,0.00551522,0.0101227,-0.00650853,2.96041,-0.0457323
3.16561,2.95808,2.9427,0.0153801,-0.00034309,0.00560873,0.0102855,-0.00648503,2.9793,-0.0456648
3.17147,3.06574,2.96229,0.10345,-0.000197311,0.00570405,0.0104533,-0.00646165,2.99839,-0.0455975
3.17733,3.05709,2.98209,0.0750073,-5.07669e-05,0.00580125,0.0106263,-0.00643841,3.01768,-0.0455302
3.18319,2.8266,3.00209,-0.175493,9.656e-05,0.00590038,0.0108046,-0.00641529,3.03717,-0.0454631
3.18906,2.9178,3.02231,-0.104507,0.000244688,0.00600152,0.0109886,-0.0063923,3.05686,-0.045396
3.19492,3.02362,3.04274,-0.0191243,0.000393634,0.00610474,0.0111786,-0.00636944,3.07676,-0.0453291
3.20078,3.14673,3.06339,0.0833345,0.000543419,0.00621011,0.0113747,-0.0063467,3.09687,-0.0452622
3.20664,3.01503,3.08426,-0.0692307,0.000694063,0.00631771,0.0115772,-0.00632409,3.11719,-0.0451955
3.21251,3.07626,3.10536,-0.0291047,0.000845584,0.00642763,0.0117866,-0.00630161,3.13773,-0.0451288
3.21837,2.93332,3.12669,-0.193371,0.000998005,0.00653994,0.0120031,-0.00627926,3.15849,-0.0450623
3.22423,3.10883,3.14825,-0.0394155,0.00115135,0.00665475,0.012227,-0.00625703,3.17947,-0.0449959
3.23009,3.14563,3.17005,-0.0244153,0.00130563,0.00677214,0.0124588,-0.00623493,3.20067,-0.0449296
3.23596,3.26014,3.19208,0.0680626,0.00146088,0.00689221,0.0126988,-0.00621295,3.22211,-0.0448633
3.24182,3.22535,3.21436,0.0109851,0.00161712,0.00701508,0.0129474,-0.0061911,3.24377,-0.0447972
3.24768,3.22372,3.23689,-0.0131677,0.00177437,0.00714085,0.0132052,-0.00616938,3.26567,-0.0447312
3.25354,3.32501,3.25967,0.0653352,0.00193266,0.00726964,0.0134726,-0.00614777,3.28781,-0.0446653
3.2594,3.27872,3.28271,-0.00398859,0.00209201,0.00740157,0.0137501,-0.00612629,3.31019,-0.0445995
3.26527,3.24905,3.30601,-0.0569536,0.00225245,0.00753677,0.0140382,-0.00610494,3.33282,-0.0445338
3.27113,3.53492,3.32957,0.205352,0.00241401,0.00767538,0.0143377,-0.00608371,3.35569,-0.0444682
3.27699,3.43491,3.3534,0.0815063,0.00257671,0.00781754,0.014649,-0.0060626,3.37882,-0.0444027
3.28285,3.41926,3.37751,0.041753,0.00274058,0.00796341,0.0149729,-0.00604161,3.40221,-0.0443373
3.28872,3.41183,3.40189,0.00993236,0.00290565,0.00811314,0.0153101,-0.00602074,3.42586,-0.044272
3.29458,3.44681,3.42656,0.0202503,0.00307196,0.00826691,0.0156615,-0.00599999,3.44977,-0.0442068
3.30044,3.39863,3.45152,-0.0528902,0.00323952,0.00842489,0.0160278,-0.00597937,3.47395,-0.0441418
3.3063,3.48574,3.47678,0.00895959,0.00340837,0.00858728,0.01641,-0.00595886,3.49841,-0.0440768
3.31216,3.49635,3.50233,-0.0059841,0.00357855,0.00875428,0.0168091,-0.00593847,3.52314,-0.0440119
3.31803,3.60472,3.52819,0.076525,0.00375009,0.0089261,0.0172262,-0.0059182,3.54815,-0.0439472
3.32389,3.59991,3.55436,0.0455439,0.00392302,0.00910298,0.0176624,-0.00589804,3.57345,-0.0438825
3.32975,3.54194,3.58085,-0.0389084,0.00409737,0.00928516,0.018119,-0.00587801,3.59904,-0.0438179
3.33561,3.50664,3.60766,-0.101016,0.00427318,0.00947289,0.0185974,-0.00585809,3.62493,-0.0437535
3.34148,3.41113,3.6348,-0.223668,0.00445049,0.00966646,0.019099,-0.00583828,3.65111,-0.0436891
3.34734,3.69671,3.66228,0.0344326,0.00462934,0.00986615,0.0196256,-0.00581859,3.6776,-0.0436249
3.3532,3.65675,3.6901,-0.0333478,0.00480976,0.0100723,0.0201789,-0.00579902,3.7044,-0.0435608
3.35906,3.68183,3.71827,-0.0364396,0.0049918,0.0102852,0.0207608,-0.00577956,3.73151,-0.0434967
3.36492,3.77963,3.7468,0.0328299,0.00517549,0.0105052,0.0213736,-0.00576021,3.75894,-0.0434328
3.37079,3.82834,3.7757,0.0526396,0.00536088,0.0107328,0.0220195,-0.00574097,3.78669,-0.043369
3.37665,3.90593,3.80497,0.100963,0.00554801,0.0109683,0.0227011,-0.00572185,3.81478,-0.0433052
3.38251,4.02485,3.83462,0.190225,0.00573692,0.0112122,0.0234212,-0.00570283,3.8432,-0.0432416
3.38837,3.98736,3.86467,0.122698,0.00592767,0.0114649,0.0241831,-0.00568393,3.87195,-0.0431781
3.39424,3.88403,3.89511,-0.0110853,0.00612028,0.011727,0.0249902,-0.00566514,3.90106,-0.0431147
3.4001,4.02337,3.92597,0.0974016,0.00631483,0.011999,0.0258464,-0.00564645,3.93051,-0.0430514
3.40596,3.9646,3.95725,0.00734723,0.00651135,0.0122815,0.0267559,-0.00562788,3.96032,-0.0429882
3.41182,3.97386,3.98897,-0.0151075,0.00670989,0.0125752,0.0277236,-0.00560941,3.99049,-0.0429251
3.41768,4.12281,4.02113,0.101686,0.00691051,0.0128807,0.0287547,-0.00559105,4.02103,-0.0428621
3.42355,4.13594,4.05375,0.0821912,0.00711325,0.0131988,0.0298554,-0.00557279,4.05195,-0.0427992
3.42941,4.18692,4.08684,0.100081,0.00731819,0.0135304,0.0310322,-0.00555464,4.08325,-0.0427364
3.43527,4.16582,4.12042,0.0454038,0.00752537,0.0138763,0.0322929,-0.0055366,4.11493,-0.0426737
3.44113,4.15701,4.1545,0.00251173,0.00773485,0.0142374,0.0336459,-0.00551866,4.14701,-0.0426111
3.447,4.26828,4.1891,0.0791818,0.00794669,0.014615,0.0351011,-0.00550082,4.17949,-0.0425486
3.45286,4.32901,4.22424,0.104768,0.00816095,0.01501,0.0366696,-0.00548309,4.21237,-0.0424863
3.45872,4.28816,4.25995,0.0282126,0.0083777,0.0154238,0.0383639,-0.00546545,4.24567,-0.042424
3.46458,4.28342,4.29624,-0.0128133,0.00859701,0.0158579,0.0401986,-0.00544792,4.27939,-0.0423618
3.47044,4.27906,4.33313,-0.0540715,0.00881893,0.0163136,0.0421905,-0.00543049,4.31354,-0.0422998
3.47631,4.4052,4.37067,0.0345324,0.00904355,0.0167928,0.0443588,-0.00541316,4.34812,-0.0422378
3.48217,4.40304,4.40887,-0.00583725,0.00927093,0.0172972,0.0467262,-0.00539593,4.38315,-0.042176
3.48803,4.37907,4.44778,-0.0687124,0.00950114,0.017829,0.0493187,-0.0053788,4.41863,-0.0421142
3.49389,4.53049,4.48744,0.0430453,0.00973427,0.0183905,0.0521674,-0.00536177,4.45457,-0.0420526
3.49976,4.49272,4.5279,-0.0351767,0.0099704,0.0189843,0.0553085,-0.00534483,4.49097,-0.041991
3.50562,4.63628,4.5692,0.0670827,0.0102096,0.0196131,0.0587853,-0.00532799,4.52785,-0.0419296
3.51148,4.54347,4.61141,-0.0679428,0.0104519,0.0202803,0.0626495,-0.00531125,4.56521,-0.0418682
3.51734,4.69264,4.65461,0.0380285,0.0106975,0.0209895,0.0669631,-0.0052946,4.60306,-0.041807
3.5232,4.8185,4.69888,0.119621,0.0109465,0.0217446,0.0718016,-0.00527805,4.64141,-0.0417459
3.52907,4.7036,4.74434,-0.0407357,0.0111988,0.0225505,0.0772571,-0.00526159,4.68028,-0.0416849
3.53493,4.63765,4.7911,-0.153446,0.0114547,0.0234122,0.083443,-0.00524522,4.71966,-0.0416239
3.54079,4.9138,4.83933,0.0744719,0.0117142,0.0243359,0.0905009,-0.00522895,4.75957,-0.0415631
3.54665,4.91749,4.88922,0.0282776,0.0119775,0.0253284,0.0986084,-0.00521277,4.80002,-0.0415024
3.55252,4.98193,4.94101,0.0409185,0.0122445,0.0263976,0.107992,-0.00519668,4.84101,-0.0414418
3.55838,4.89529,4.99501,-0.0997275,0.0125155,0.0275526,0.118942,-0.00518068,4.88256,-0.0413813
3.56424,4.99206,5.05163,-0.0595738,0.0127906,0.0288042,0.131839,-0.00516477,4.92468,-0.0413209
3.5701,5.04699,5.1114,-0.0644064,0.0130698,0.0301649,0.147189,-0.00514895,4.96738,-0.0412606
3.57596,4.94544,5.17501,-0.229566,0.0133533,0.0316492,0.16567,-0.00513322,5.01067,-0.0412004
3.58183,5.1014,5.24344,-0.142038,0.0136412,0.0332747,0.188221,-0.00511758,5.05456,-0.0411403
3.58769,5.2297,5.31803,-0.0883293,0.0139337,0.0350622,0.216158,-0.00510203,5.09905,-0.0410804
3.59355,5.24029,5.40071,-0.160421,0.0142308,0.0370368,0.251379,-0.00508656,5.14417,-0.0410205
3.59941,5.23271,5.49436,-0.261654,0.0145328,0.0392288,0.296703,-0.00507118,5.18993,-0.0409607
3.60528,5.42807,5.60334,-0.175271,0.0148397,0.0416757,0.356455,-0.00505588,5.23633,-0.040901
3.61114,5.71314,5.73462,-0.0214847,0.0151517,0.0444237,0.43754,-0.00504067,5.28339,-0.0408415
3.617,5.67873,5.89981,-0.221088,0.015469,0.0475308,0.551503,-0.00502555,5.33112,-0.040782
3.62286,5.94809,6.11941,-0.171323,0.0157917,0.0510707,0.718747,-0.00501051,5.37953,-0.0407227
3.62872,6.36381,6.43204,-0.0682301,0.01612,0.0551384,0.977798,-0.00499555,5.42865,-0.0406634
3.63459,6.84002,6.91645,-0.0764274,0.0164541,0.0598584,1.40725,-0.00498067,5.47847,-0.0406042
3.64045,7.93079,7.74694,0.183857,0.0167941,0.0653967,2.18124,-0.00496588,5.52902,-0.0405452
3.64631,10.2461,9.32782,0.918234,0.0171403,0.0719796,3.70383,-0.00495117,5.5803,-0.0404863
3.65217,13.9357,12.3839,1.5518,0.0174928,0.0799232,6.69951,-0.00493654,5.63234,-0.0404274
3.65804,15.6179,15.6799,-0.0619781,0.0178518,0.0896806,9.93253,-0.00492199,5.68515,-0.0403687
3.6639,12.4202,13.5639,-1.14378,0.0182176,0.101924,7.75026,-0.00490752,5.73875,-0.0403101
3.66976,9.29666,10.059,-0.762323,0.0185903,0.117686,4.17471,-0.00489313,5.79314,-0.0402515
3.67562,7.78803,8.24439,-0.456366,0.0189702,0.138629,2.28352,-0.00487881,5.84835,-0.0401931
3.68149,6.99311,7.41537,-0.422258,0.0193576,0.167571,1.36906,-0.00486458,5.90439,-0.0401348
3.68735,6.88974,7.03543,-0.145692,0.0197526,0.209596,0.889737,-0.00485042,5.96127,-0.0400766
3.69321,6.88669,6.88395,0.00273904,0.0201555,0.274595,0.615021,-0.00483634,6.01903,-0.0400185
3.69907,6.99703,6.88241,0.114625,0.0205667,0.383491,0.445466,-0.00482234,6.07767,-0.0399605
3.70493,7.63072,7.032,0.59872,0.0209863,0.584042,0.334475,-0.00480841,6.13721,-0.0399026
3.7108,8.40998,7.41393,0.996053,0.0214147,0.981145,0.258338,-0.00479456,6.19767,-0.0398448
3.71666,8.93742,8.07734,0.860084,0.0218522,1.63688,0.204101,-0.00478078,6.25907,-0.0397871
3.72252,8.2368,8.24039,-0.00359597,0.022299,1.77691,0.164249,-0.00476708,6.32144,-0.0397295
3.72838,7.53374,7.63926,-0.105522,0.0227556,1.14195,0.134206,-0.00475345,6.38478,-0.039672
3.73425,7.24307,7.25629,-0.0132136,0.0232223,0.71724,0.111061,-0.00473989,6.44912,-0.0396146
3.74011,7.20832,7.13249,0.0758314,0.0236994,0.545696,0.0928971,-0.00472641,6.51448,-0.0395573
3.74597,7.29386,7.14883,0.145029,0.0241873,0.509548,0.0784144,-0.004713,6.58089,-0.0395001
3.75183,7.43161,7.26346,0.168153,0.0246864,0.56784,0.0667057,-0.00469966,6.64837,-0.0394431
3.75769,7.88437,7.49172,0.392654,0.0251972,0.736541,0.0571242,-0.00468639,6.71693,-0.0393861
3.76356,8.5481,7.91658,0.63152,0.0257201,1.09906,0.0491988,-0.00467319,6.7866,-0.0393292
3.76942,10.2276,8.74095,1.48665,0.0262555,1.85863,0.0425805,-0.00466006,6.85742,-0.0392725
3.77528,11.8485,10.085,1.76346,0.0268038,3.13565,0.0370066,-0.004647,6.92939,-0.0392158
3.78114,11.1051,10.3978,0.707255,0.0273657,3.37944,0.032276,-0.00463401,7.00255,-0.0391593
3.78701,9.41496,9.15359,0.261361,0.0279417,2.06421,0.0282333,-0.00462109,7.07693,-0.0391028
3.79287,8.2726,8.31797,-0.0453672,0.0285322,1.15579,0.0247568,-0.00460823,7.15255,-0.0390465
3.79873,7.86107,7.96906,-0.107981,0.029138,0.732323,0.02175,-0.00459545,7.22943,-0.0389903
3.80459,7.72755,7.85599,-0.128447,0.0297595,0.543003,0.0191359,-0.00458273,7.30761,-0.0389341
3.81045,7.9164,7.86736,0.049046,0.0303975,0.476432,0.0168523,-0.00457008,7.38712,-0.0388781
3.81632,7.91176,7.97274,-0.0609885,0.0310526,0.502235,0.0148486,-0.00455749,7.46799,-0.0388222
3.82218,8.30953,8.19647,0.113053,0.0317256,0.644736,0.0130835,-0.00454497,7.55024,-0.0387663
3.82804,8.98614,8.63148,0.35466,0.0324171,0.996873,0.0115226,-0.00453251,7.63391,-0.0387106
3.8339,10.0717,9.33352,0.738188,0.0331281,1.61439,0.0101376,-0.00452012,7.71904,-0.038655
3.83977,10.4023,9.52517,0.877125,0.0338593,1.71986,0.00890476,-0.0045078,7.80565,-0.0385995
3.84563,9.43247,8.93991,0.492566,0.0346116,1.04675,0.00780404,-0.00449554,7.89378,-0.0385441
3.85149,8.56516,8.5593,0.00586703,0.035386,0.576589,0.00681859,-0.00448334,7.98347,-0.0384888
3.85735,8.32439,8.42094,-0.0965422,0.0361835,0.346967,0.00593407,-0.0044712,8.07476,-0.0384336
3.86321,8.34669,8.39653,-0.0498363,0.0370051,0.229548,0.00513824,-0.00445913,8.16767,-0.0383785
3.86908,8.61014,8.42523,0.184906,0.0378519,0.163472,0.00442062,-0.00444711,8.26226,-0.0383235
3.87494,8.56966,8.48137,0.0882855,0.0387251,0.123025,0.00377217,-0.00443516,8.35855,-0.0382686
3.8808,8.51085,8.55334,-0.0424937,0.039626,0.096565,0.00318508,-0.00442327,8.4566,-0.0382138
3.88666,8.65128,8.63542,0.0158575,0.040556,0.0783377,0.00265261,-0.00441145,8.55645,-0.0381591
3.89253,8.75843,8.72458,0.0338527,0.0415163,0.0652661,0.00216884,-0.00439968,8.65813,-0.0381046
3.89839,8.95087,8.81909,0.131781,0.0425086,0.0555914,0.00172863,-0.00438797,8.7617,-0.0380501
3.90425,8.73911,8.91793,-0.178821,0.0435344,0.0482512,0.00132748,-0.00437632,8.86719,-0.0379957
3.91011,8.8969,9.02049,-0.123595,0.0445955,0.0425729,0.000961417,-0.00436473,8.97467,-0.0379415
3.91597,9.0511,9.12637,-0.0752649,0.0456936,0.0381138,0.00062696,-0.0043532,9.08417,-0.0378873
3.92184,9.41692,9.23531,0.181617,0.0468307,0.0345728,0.000321019,-0.00434173,9.19576,-0.0378333
3.9277,9.43736,9.34715,0.0902134,0.0480088,0.0317392,4.08597e-05,-0.00433031,9.30947,-0.0377793
3.93356,9.57218,9.46181,0.110376,0.0492303,0.029462,-0.000215945,-0.00431895,9.42537,-0.0377255
3.93942,9.5678,9.57922,-0.0114128,0.0504975,0.0276308,-0.000451558,-0.00430765,9.54352,-0.0376717
3.94529,9.63335,9.69936,-0.0660039,0.0518128,0.0261634,-0.000667907,-0.00429641,9.66396,-0.0376181
3.95115,9.94811,9.82223,0.125882,0.0531791,0.0249979,-0.000866719,-0.00428522,9.78677,-0.0375645
3.95701,9.85272,9.94785,-0.0951255,0.0545994,0.0240869,-0.00104954,-0.00427408,9.912,-0.0375111
3.96287,10.0201,10.0762,-0.0561508,0.0560766,0.0233942,-0.00121775,-0.00426301,10.0397,-0.0374578
3.96873,10.2461,10.2074,0.038696,0.0576143,0.0228916,-0.00137261,-0.00425198,10.17,-0.0374046
3.9746,10.334,10.3415,-0.0075295,0.059216,0.0225577,-0.00151524,-0.00424102,10.3029,-0.0373514
3.98046,10.3844,10.4785,-0.0940864,0.0608858,0.0223757,-0.00164666,-0.0042301,10.4384,-0.0372984
3.98632,10.6592,10.6185,0.0407396,0.0626279,0.0223334,-0.00176778,-0.00421924,10.5768,-0.0372455
3.99218,10.7239,10.7615,-0.0375755,0.064447,0.0224215,-0.00187944,-0.00420844,10.7179,-0.0371927
3.99805,10.7319,10.9077,-0.17574,0.0663479,0.0226339,-0.00198239,-0.00419768,10.862,-0.03714
4.00391,11.016,11.057,-0.0410115,0.0683362,0.022967,-0.00207732,-0.00418698,11.0091,-0.0370874
4.00977,11.1689,11.2097,-0.0407565,0.0704177,0.0234195,-0.00216485,-0.00417633,11.1592,-0.0370349
4.01563,11.166,11.3657,-0.199707,0.0725988,0.0239921,-0.00224556,-0.00416574,11.3126,-0.0369825
4.02149,11.4639,11.5253,-0.0613877,0.0748866,0.0246879,-0.00231996,-0.00415519,11.4691,-0.0369302
4.02736,11.7655,11.6884,0.0771224,0.0772886,0.0255122,-0.00238853,-0.0041447,11.629,-0.036878
4.03322,11.8718,11.8552,0.0165284,0.0798133,0.0264726,-0.0024517,-0.00413426,11.7924,-0.036826
4.03908,12.2566,12.0259,0.23076,0.0824696,0.0275794,-0.00250987,-0.00412387,11.9592,-0.036774
4.04494,12.1151,12.2005,-0.0853957,0.0852678,0.0288459,-0.0025634,-0.00411352,12.1297,-0.0367221
4.05081,12.3336,12.3791,-0.0454785,0.0882187,0.030289,-0.00261263,-0.00410323,12.304,-0.0366703
4.05667,12.5115,12.562,-0.0504827,0.0913346,0.0319299,-0.00265787,-0.00409299,12.4821,-0.0366187
4.06253,12.8171,12.7492,0.0678561,0.0946289,0.033795,-0.00269939,-0.0040828,12.6641,-0.0365671
4.06839,12.9654,12.941,0.0244028,0.0981163,0.0359174,-0.00273747,-0.00407265,12.8503,-0.0365157
4.07426,12.948,13.1375,-0.189505,0.101813,0.0383385,-0.00277234,-0.00406256,13.0406,-0.0364643
4.08012,13.3854,13.3388,0.0465158,0.105739,0.0411108,-0.00280422,-0.00405251,13.2353,-0.0364131
4.08598,13.6233,13.5453,0.0779403,0.109912,0.044301,-0.00283331,-0.00404251,13.4344,-0.0363619
4.09184,13.8042,13.7572,0.0470349,0.114356,0.0479954,-0.00285982,-0.00403256,13.6381,-0.0363109
4.0977,13.9826,13.9747,0.00790743,0.119098,0.0523068,-0.0028839,-0.00402266,13.8465,-0.0362599
4.10357,14.1811,14.1982,-0.017123,0.124164,0.0573852,-0.00290573,-0.0040128,14.0598,-0.0362091
4.10943,14.4656,14.428,0.0375767,0.129588,0.0634343,-0.00292545,-0.00400299,14.2781,-0.0361584
4.11529,14.7677,14.6647,0.103009,0.135406,0.0707362,-0.00294321,-0.00399322,14.5016,-0.0361078
4.12115,15.039,14.9087,0.13029,0.14166,0.0796926,-0.00295913,-0.0039835,14.7304,-0.0360572
4.12702,15.3077,15.161,0.146689,0.148396,0.0908926,-0.00297334,-0.00397383,14.9647,-0.0360068
4.13288,15.4356,15.4227,0.0129344,0.155668,0.105231,-0.00298594,-0.0039642,15.2047,-0.0359565
4.13874,15.813,15.6954,0.117583,0.163538,0.124128,-0.00299704,-0.00395462,15.4506,-0.0359063
4.1446,16.2578,15.9817,0.276052,0.172077,0.149944,-0.00300674,-0.00394508,15.7025,-0.0358562
4.15046,16.4758,16.2861,0.189696,0.181367,0.186855,-0.00301513,-0.00393559,15.9607,-0.0358062
4.15633,16.7387,16.6168,0.121857,0.191502,0.242776,-0.00302229,-0.00392614,16.2253,-0.0357563
4.16219,17.0797,16.9905,0.0892453,0.202595,0.334001,-0.0030283,-0.00391674,16.4965,-0.0357065
4.16805,17.5676,17.4438,0.123862,0.214775,0.496958,-0.00303323,-0.00390737,16.7746,-0.0356568
4.17391,18.1971,18.0607,0.136452,0.228197,0.815148,-0.00303715,-0.00389806,17.0599,-0.0356072
4.17978,19.5647,18.9619,0.602801,0.243041,1.40886,-0.00304013,-0.00388878,17.3524,-0.0355578
4.18564,20.4843,19.7258,0.758448,0.259527,1.85611,-0.00304223,-0.00387955,17.6526,-0.0355084
4.1915,20.1913,19.5362,0.655113,0.277916,1.34008,-0.0030435,-0.00387036,17.9606,-0.0354591
4.19736,19.8468,19.3431,0.503729,0.298525,0.810133,-0.00304399,-0.00386121,18.2767,-0.0354099
4.20322,19.6505,19.4542,0.196333,0.321741,0.573515,-0.00304375,-0.0038521,18.6012,-0.0353609
4.20909,19.8712,19.7417,0.129552,0.34804,0.501475,-0.00304283,-0.00384304,18.9344,-0.0353119
4.21495,20.1373,20.1424,-0.00515054,0.378015,0.530059,-0.00304128,-0.00383402,19.2765,-0.0352631
4.22081,20.6599,20.6563,0.00363955,0.41241,0.658026,-0.00303912,-0.00382503,19.6279,-0.0352143
4.22667,21.2033,21.3421,-0.138809,0.452169,0.943003,-0.00303641,-0.00381609,19.989,-0.0351657
4.23254,22.4552,22.3607,0.0945367,0.498506,1.54414,-0.00303317,-0.00380719,20.36,-0.0351171
4.2384,24.0779,23.9498,0.128128,0.553004,2.69739,-0.00302944,-0.00379833,20.7413,-0.0350687
4.24426,26.4012,25.266,1.13514,0.617756,3.55683,-0.00302525,-0.00378951,21.1333,-0.0350203
4.25012,26.4696,24.6734,1.79626,0.695581,2.48323,-0.00302063,-0.00378073,21.5364,-0.0349721
4.25598,25.0049,24.0689,0.936029,0.790343,1.36935,-0.00301561,-0.00377199,21.9509,-0.034924
4.26185,24.2953,24.0671,0.228291,0.90746,0.82395,-0.00301021,-0.00376329,22.3773,-0.034876
4.26771,24.4717,24.4062,0.0654724,1.05472,0.577034,-0.00300446,-0.00375462,22.816,-0.034828
4.27357,24.8502,24.9467,-0.0964533,1.24361,0.47704,-0.00299838,-0.003746,23.2675,-0.0347802
4.27943,25.4914,25.6555,-0.164158,1.49169,0.472975,-0.00299199,-0.00373741,23.7323,-0.0347325
4.2853,26.2358,26.5677,-0.331961,1.82684,0.571463,-0.00298531,-0.00372887,24.2108,-0.0346849
4.29116,27.3899,27.7989,-0.409031,2.29528,0.841346,-0.00297837,-0.00372036,24.7036,-0.0346374
4.29702,28.9885,29.543,-0.55452,2.97807,1.39501,-0.00297117,-0.00371189,25.2112,-0.03459
4.30288,31.2371,31.5267,-0.28957,4.02665,1.80701,-0.00296375,-0.00370345,25.7342,-0.0345427
4.30874,33.4979,33.2331,0.264865,5.74642,1.2546,-0.0029561,-0.00369505,26.2732,-0.0344955
4.31461,36.0437,36.2758,-0.232087,8.80632,0.681806,-0.00294826,-0.00368669,26.8287,-0.0344484
4.32047,42.1567,42.5111,-0.354403,14.7587,0.391956,-0.00294022,-0.00367837,27.4015,-0.0344014
4.32633,55.4835,54.8529,0.630622,26.6541,0.247575,-0.00293202,-0.00367008,27.9921,-0.0343545
4.33219,70.1017,70.7117,-0.60998,41.9825,0.168649,-0.00292365,-0.00366183,28.6014,-0.0343078
4.33806,63.7882,65.3532,-1.565,36.0426,0.121426,-0.00291513,-0.00365362,29.23,-0.0342611
4.34392,48.5019,49.7342,-1.23228,19.8053,0.0910316,-0.00290647,-0.00364544,29.8787,-0.0342145
4.34978,39.7591,41.2861,-1.52695,10.7082,0.0703154,-0.00289769,-0.0036373,30.5483,-0.0341681
4.35564,36.235,37.5875,-1.3525,6.33301,0.0555434,-0.00288879,-0.00362919,31.2396,-0.0341217
4.3615,34.9725,36.0279,-1.0554,4.0703,0.0446236,-0.00287978,-0.00362112,31.9535,-0.0340754
4.36737,34.6876,35.4758,-0.788184,2.78897,0.0363125,-0.00287067,-0.00361308,32.691,-0.0340293
4.37323,34.9123,35.448,-0.535764,2.00572,0.0298338,-0.00286148,-0.00360508,33.4529,-0.0339832
4.37909,35.424,35.7215,-0.297507,1.49691,0.0246819,-0.0028522,-0.00359711,34.2403,-0.0339373
4.38495,35.9811,36.1844,-0.203266,1.15002,0.020516,-0.00284284,-0.00358918,35.0542,-0.0338915
4.39082,36.6698,36.7766,-0.106801,0.904127,0.0170991,-0.00283342,-0.00358128,35.8956,-0.0338457
4.39668,37.2628,37.4641,-0.201268,0.724202,0.0142622,-0.00282394,-0.00357341,36.7658,-0.0338001
4.40254,38.0073,38.2266,-0.219314,0.589027,0.0118817,-0.0028144,-0.00356558,37.6659,-0.0337546
4.4084,38.9779,39.052,-0.0741372,0.485194,0.00986572,-0.00280482,-0.00355778,38.597,-0.0337091
4.41426,39.879,39.9326,-0.0535664,0.403917,0.00814458,-0.00279519,-0.00355002,39.5605,-0.0336638
4.42013,40.704,40.8637,-0.159723,0.339253,0.0066646,-0.00278553,-0.00354229,40.5578,-0.0336186
4.42599,41.6623,41.8427,-0.180373,0.287076,0.00538388,-0.00277583,-0.00353459,41.5901,-0.0335735
4.43185,42.8356,42.8679,-0.0322908,0.244452,0.00426928,-0.0027661,-0.00352692,42.659,-0.0335285
4.43771,44.0125,43.9387,0.0737887,0.20925,0.00329431,-0.00275636,-0.00351929,43.7659,-0.0334836
4.44358,45.2222,45.055,0.167242,0.179896,0.00243758,-0.00274659,-0.00351169,44.9123,-0.0334388
4.44944,46.3175,46.2172,0.10026,0.155205,0.00168164,-0.00273681,-0.00350412,46.1,-0.0333941
4.4553,47.4391,47.4262,0.0129406,0.134274,0.00101213,-0.00272702,-0.00349658,47.3305,-0.0333495
4.46116,48.7147,48.6828,0.031917,0.116407,0.000417175,-0.00271722,-0.00348907,48.6055,-0.033305
4.46702,49.9077,49.9883,-0.08066,0.101057,-0.000113154,-0.00270742,-0.0034816,49.9268,-0.0332606
4.47289,51.3135,51.3442,-0.0306739,0.0877948,-0.000587192,-0.00269761,-0.00347415,51.2963,-0.0332163
4.47875,52.9314,52.7518,0.179605,0.0762748,-0.00101199,-0.00268781,-0.00346674,52.7159,-0.0331721
4.48461,54.261,54.2129,0.0481305,0.0662202,-0.00139352,-0.00267802,-0.00345936,54.1873,-0.0331281
4.49047,55.8269,55.7291,0.0977434,0.0574055,-0.00173692,-0.00266823,-0.00345201,55.7127,-0.0330841
4.49634,57.3461,57.3024,0.0437448,0.0496465,-0.00204658,-0.00265845,-0.00344469,57.2939,-0.0330402
4.5022,59.0934,58.9345,0.158937,0.0427909,-0.00232627,-0.00264869,-0.0034374,58.9331,-0.0329965
4.50806,60.6622,60.6274,0.0348105,0.0367127,-0.0025793,-0.00263894,-0.00343014,60.6323,-0.0329528
4.51392,62.4558,62.383,0.0727983,0.0313063,-0.00280851,-0.00262921,-0.00342291,62.3935,-0.0329093
4.51979,64.2188,64.2033,0.0155591,0.0264831,-0.00301639,-0.0026195,-0.00341571,64.2187,-0.0328658
4.52565,66.198,66.0902,0.107878,0.0221685,-0.00320513,-0.00260981,-0.00340854,66.11,-0.0328225
4.53151,68.08,68.0456,0.0343865,0.0182988,-0.00337664,-0.00260014,-0.0034014,68.0695,-0.0327792
4.53737,70.0582,70.0715,-0.0132861,0.0148199,-0.00353262,-0.0025905,-0.00339429,70.0989,-0.0327361
4.54323,72.191,72.1696,0.0213529,0.0116854,-0.00367457,-0.00258088,-0.0033872,72.2003,-0.0326931
4.5491,74.3321,74.3416,-0.00957173,0.00885547,-0.0038038,-0.00257129,-0.00338015,74.3752,-0.0326501
4.55496,76.693,76.5891,0.103913,0.00629556,-0.00392151,-0.00256173,-0.00337313,76.6253,-0.0326073
4.56082,78.9698,78.9134,0.0563435,0.00397581,-0.00402873,-0.00255221,-0.00336613,78.952,-0.0325646
4.56668,81.4161,81.3157,0.100339,0.0018702,-0.00412641,-0.00254271,-0.00335916,81.3564,-0.032522
4.57255,83.9569,83.7968,0.160107,-4.39534e-05,-0.0042154,-0.00253324,-0.00335222,83.8394,-0.0324794
4.57841,86.3984,86.3573,0.0411226,-0.00178654,-0.00429644,-0.00252381,-0.00334531,86.4017,-0.032437
4.58427,89.2067,88.9972,0.209519,-0.003375,-0.00437021,-0.00251442,-0.00333843,89.0432,-0.0323947
4.59013,91.6429,91.7164,-0.0734294,-0.00482474,-0.00443734,-0.00250506,-0.00333157,91.7638,-0.0323525
4.59599,94.5033,94.5138,-0.0104534,-0.00614934,-0.00449836,-0.00249573,-0.00332474,94.5626,-0.0323104
4.60186,97.6199,97.388,0.231876,-0.00736083,-0.00455379,-0.00248645,-0.00331794,97.438,-0.0322684
4.60772,100.352,100.337,0.0152114,-0.0084699,-0.00460407,-0.0024772,-0.00331117,100.388,-0.0322265
4.61358,103.566,103.357,0.209067,-0.00948605,-0.00464961,-0.00246799,-0.00330442,103.409,-0.0321848
4.61944,106.428,106.446,-0.0171728,-0.0104178,-0.00469079,-0.00245882,-0.0032977,106.499,-0.0321431
4.62531,109.703,109.597,0.106627,-0.0112726,-0.00472795,-0.00244969,-0.00329101,109.651,-0.0321015
4.63117,112.604,112.805,-0.201059,-0.0120575,-0.0047614,-0.0024406,-0.00328434,112.859,-0.03206
4.63703,115.942,116.062,-0.120204,-0.0127783,-0.00479142,-0.00243156,-0.0032777,116.117,-0.0320187
4.64289,119.366,119.361,0.0047611,-0.0134408,-0.00481828,-0.00242255,-0.00327109,119.417,-0.0319774
4.64875,122.898,122.691,0.206882,-0.0140496,-0.0048422,-0.00241359,-0.0032645,122.747,-0.0319362
4.65462,126.063,126.04,0.0229027,-0.0146094,-0.00486341,-0.00240467,-0.00325794,126.097,-0.0318952
4.66048,129.359,129.397,-0.0374446,-0.0151242,-0.0048821,-0.00239579,-0.00325141,129.454,-0.0318542
4.66634,132.871,132.746,0.125519,-0.0155976,-0.00489846,-0.00238695,-0.0032449,132.804,-0.0318134
4.6722,136.17,136.071,0.0994531,-0.016033,-0.00491266,-0.00237816,-0.00323841,136.129,-0.0317726
4.67807,139.56,139.355,0.205529,-0.0164333,-0.00492485,-0.00236942,-0.00323195,139.414,-0.031732
4.68393,142.718,142.578,0.139977,-0.0168012,-0.00493517,-0.00236071,-0.00322552,142.637,-0.0316914
4.68979,145.878,145.721,0.157041,-0.0171394,-0.00494377,-0.00235205,-0.00321911,145.78,-0.031651
4.69565,148.825,148.761,0.0637455,-0.01745,-0.00495075,-0.00234344,-0.00321273,148.821,-0.0316107
4.70151,151.64,151.677,-0.0362096,-0.0177352,-0.00495624,-0.00233487,-0.00320637,151.736,-0.0315704
4.70738,154.53,154.443,0.0861109,-0.0179968,-0.00496033,-0.00232634,-0.00320004,154.503,-0.0315303
4.71324,157.074,157.038,0.0353137,-0.0182365,-0.00496313,-0.00231786,-0.00319373,157.099,-0.0314903
4.7191,159.34,159.438,-0.0982354,-0.0184561,-0.00496472,-0.00230942,-0.00318744,159.498,-0.0314504
4.72496,161.498,161.619,-0.120564,-0.0186569,-0.00496518,-0.00230103,-0.00318118,161.679,-0.0314106
4.73083,163.655,163.56,0.0953476,-0.0188403,-0.0049646,-0.00229268,-0.00317494,163.62,-0.0313709
4.73669,165.259,165.239,0.0197433,-0.0190075,-0.00496304,-0.00228438,-0.00316873,165.3,-0.0313313
4.74255,166.549,166.64,-0.0900536,-0.0191597,-0.00496057,-0.00227613,-0.00316254,166.7,-0.0312918
4.74841,167.771,167.744,0.0271167,-0.0192979,-0.00495726,-0.00226791,-0.00315638,167.805,-0.0312524
4.75427,168.453,168.539,-0.0868012,-0.0194231,-0.00495316,-0.00225975,-0.00315024,168.6,-0.0312131
4.76014,168.945,169.016,-0.0704104,-0.0195362,-0.00494832,-0.00225162,-0.00314412,169.077,-0.0311739
4.766,168.926,169.167,-0.240515,-0.019638,-0.0049428,-0.00224355,-0.00313803,169.228,-0.0311348
4.77186,168.94,168.989,-0.0497115,-0.0197294,-0.00493664,-0.00223552,-0.00313196,169.05,-0.0310958
4.77772,168.287,168.484,-0.197679,-0.0198109,-0.00492989,-0.00222753,-0.00312591,168.546,-0.031057
4.78359,167.47,167.657,-0.186978,-0.0198832,-0.00492258,-0.00221958,-0.00311988,167.718,-0.0310182
4.78945,166.507,166.515,-0.00773615,-0.0199471,-0.00491475,-0.00221169,-0.00311388,166.576,-0.0309795
4.79531,165.01,165.071,-0.0609288,-0.0200029,-0.00490645,-0.00220383,-0.0031079,165.132,-0.030941
4.80117,163.116,163.34,-0.223933,-0.0200514,-0.00489769,-0.00219602,-0.00310194,163.401,-0.0309025
4.80703,161.318,161.339,-0.021322,-0.0200928,-0.00488852,-0.00218826,-0.00309601,161.4,-0.0308642
4.8129,159.036,159.089,-0.0532704,-0.0201278,-0.00487897,-0.00218053,-0.0030901,159.15,-0.0308259
4.81876,156.447,156.611,-0.163889,-0.0201567,-0.00486905,-0.00217286,-0.00308421,156.672,-0.0307878
4.82462,153.887,153.927,-0.0401323,-0.0201799,-0.0048588,-0.00216522,-0.00307834,153.989,-0.0307497
4.83048,151.071,151.063,0.00749554,-0.0201978,-0.00484824,-0.00215763,-0.00307249,151.124,-0.0307118
4.83635,147.894,148.042,-0.148643,-0.0202107,-0.00483739,-0.00215008,-0.00306667,148.103,-0.0306739
4.84221,145.047,144.889,0.15865,-0.020219,-0.00482628,-0.00214258,-0.00306087,144.949,-0.0306362
4.84807,141.746,141.625,0.120342,-0.020223,-0.00481492,-0.00213512,-0.00305508,141.686,-0.0305986
4.85393,138.217,138.276,-0.0583304,-0.0202228,-0.00480333,-0.0021277,-0.00304933,138.336,-0.0305611
4.85979,134.682,134.861,-0.178611,-0.0202189,-0.00479153,-0.00212033,-0.00304359,134.921,-0.0305236
4.86566,131.344,131.401,-0.0564532,-0.0202113,-0.00477954,-0.002113,-0.00303787,131.461,-0.0304863
4.87152,128.052,127.915,0.137122,-0.0202005,-0.00476736,-0.0021057,-0.00303217,127.975,-0.0304491
4.87738,124.592,124.42,0.172526,-0.0201865,-0.00475502,-0.00209846,-0.0030265,124.48,-0.030412
4.88324,121.036,120.932,0.103956,-0.0201696,-0.00474254,-0.00209125,-0.00302085,120.992,-0.030375
4.88911,117.481,117.464,0.0167408,-0.0201499,-0.00472991,-0.00208409,-0.00301521,117.524,-0.0303381
4.89497,113.945,114.029,-0.084548,-0.0201277,-0.00471716,-0.00207696,-0.0030096,114.09,-0.0303013
4.90083,110.665,110.638,0.0261587,-0.0201031,-0.00470429,-0.00206988,-0.00300401,110.699,-0.0302646
4.90669,107.42,107.3,0.11971,-0.0200763,-0.00469132,-0.00206284,-0.00299844,107.36,-0.030228
4.91255,104.185,104.023,0.162168,-0.0200473,-0.00467825,-0.00205584,-0.00299289,104.083,-0.0301916
4.91842,100.9,100.812,0.08797,-0.0200164,-0.0046651,-0.00204888,-0.00298736,100.872,-0.0301552
4.92428,97.6757,97.6744,0.00132622,-0.0199837,-0.00465187,-0.00204196,-0.00298185,97.7342,-0.0301189
4.93014,94.8108,94.6132,0.19753,-0.0199492,-0.00463858,-0.00203509,-0.00297636,94.6729,-0.0300827
4.936,91.7402,91.6321,0.108184,-0.0199132,-0.00462522,-0.00202825,-0.00297088,91.6916,-0.0300467
4.94187,88.7025,88.7332,-0.0306638,-0.0198756,-0.00461182,-0.00202145,-0.00296543,88.7926,-0.0300107
4.94773,85.8991,85.9181,-0.019007,-0.0198367,-0.00459837,-0.00201469,-0.00296,85.9775,-0.0299748
4.95359,83.0695,83.1879,-0.118366,-0.0197964,-0.00458488,-0.00200797,-0.00295459,83.2472,-0.0299391
4.95945,80.555,80.5427,0.0122992,-0.019755,-0.00457136,-0.00200129,-0.0029492,80.6019,-0.0299034
4.96532,77.8729,77.9824,-0.10948,-0.0197124,-0.00455781,-0.00199465,-0.00294383,78.0415,-0.0298679
4.97118,75.3496,75.5063,-0.156626,-0.0196688,-0.00454424,-0.00198804,-0.00293847,75.5652,-0.0298324
4.97704,73.0619,73.1134,-0.0514938,-0.0196242,-0.00453065,-0.00198148,-0.00293314,73.1722,-0.0297971
4.9829,70.8025,70.8023,0.000117672,-0.0195788,-0.00451705,-0.00197495,-0.00292782,70.8611,-0.0297619
4.98876,68.6424,68.5716,0.0707954,-0.0195324,-0.00450345,-0.00196846,-0.00292253,68.6303,-0.0297267
4.99463,66.4156,66.4195,-0.00385298,-0.0194853,-0.00448984,-0.00196201,-0.00291725,66.478,-0.0296917
5.00049,64.5535,64.344,0.209508,-0.0194375,-0.00447624,-0.00195559,-0.00291199,64.4024,-0.0296568
5.00635,62.382,62.343,0.038965,-0.0193891,-0.00446264,-0.00194922,-0.00290675,62.4014,-0.029622
5.01221,60.5304,60.4145,0.11588,-0.01934,-0.00444905,-0.00194288,-0.00290153,60.4728,-0.0295873
5.01808,58.4813,58.5563,-0.0750117,-0.0192903,-0.00443548,-0.00193657,-0.00289633,58.6144,-0.0295526
5.02394,56.8968,56.766,0.130819,-0.0192402,-0.00442192,-0.0019303,-0.00289114,56.824,-0.0295181
5.0298,55.1362,55.0415,0.0947759,-0.0191896,-0.00440837,-0.00192407,-0.00288598,55.0994,-0.0294837
5.03566,53.3603,53.3804,-0.0201127,-0.0191385,-0.00439485,-0.00191788,-0.00288083,53.4382,-0.0294494
5.04152,51.7824,51.7806,0.00176079,-0.0190871,-0.00438136,-0.00191172,-0.0028757,51.8383,-0.0294152
5.04739,50.1831,50.2398,-0.0566784,-0.0190353,-0.00436789,-0.00190559,-0.00287059,50.2974,-0.0293811
5.05325,48.6824,48.7558,-0.0734623,-0.0189832,-0.00435445,-0.0018995,-0.00286549,48.8133,-0.0293472
5.05911,47.21,47.3265,-0.116531,-0.0189308,-0.00434104,-0.00189345,-0.00286042,47.3839,-0.0293133
5.06497,45.9374,45.9498,-0.0124225,-0.0188781,-0.00432767,-0.00188743,-0.00285536,46.007,-0.0292795
5.07084,44.696,44.6236,0.0723398,-0.0188252,-0.00431433,-0.00188144,-0.00285032,44.6808,-0.0292458
5.0767,43.331,43.346,-0.0150652,-0.0187722,-0.00430102,-0.00187549,-0.0028453,43.403,-0.0292122
5.08256,42.2528,42.1151,0.13773,-0.0187189,-0.00428776,-0.00186958,-0.00284029,42.172,-0.0291788
5.08842,40.9681,40.9289,0.0391674,-0.0186655,-0.00427454,-0.00186369,-0.0028353,40.9857,-0.0291454
5.09428,39.7192,39.7857,-0.0664776,-0.018612,-0.00426135,-0.00185784,-0.00283033,39.8424,-0.0291122
5.10015,38.7612,38.6837,0.0774826,-0.0185584,-0.00424822,-0.00185203,-0.00282538,38.7403,-0.029079
5.10601,37.6169,37.6214,-0.00444865,-0.0185047,-0.00423512,-0.00184624,-0.00282044,37.6778,-0.029046
5.11187,36.5687,36.597,-0.0282673,-0.0184509,-0.00422207,-0.00184049,-0.00281552,36.6533,-0.029013
5.11773,35.5587,35.609,-0.0502964,-0.0183971,-0.00420907,-0.00183478,-0.00281062,35.6652,-0.0289802
5.1236,34.7847,34.6559,0.128785,-0.0183433,-0.00419612,-0.00182909,-0.00280573,34.712,-0.0289474
5.12946,33.8279,33.7364,0.0915657,-0.0182895,-0.00418321,-0.00182344,-0.00280086,33.7924,-0.0289148
5.13532,32.8435,32.849,-0.00547172,-0.0182357,-0.00417036,-0.00181782,-0.00279601,32.9049,-0.0288823
5.14118,32.072,31.9924,0.0795479,-0.0181819,-0.00415755,-0.00181223,-0.00279118,32.0482,-0.0288498
5.14704,31.179,31.1654,0.0136031,-0.0181281,-0.0041448,-0.00180667,-0.00278636,31.2211,-0.0288175
5.15291,30.4177,30.3668,0.0508558,-0.0180744,-0.0041321,-0.00180114,-0.00278155,30.4224,-0.0287853
5.15877,29.616,29.5954,0.0206051,-0.0180207,-0.00411945,-0.00179565,-0.00277677,29.6509,-0.0287532
5.16463,28.7383,28.8502,-0.111827,-0.0179671,-0.00410686,-0.00179018,-0.002772,28.9055,-0.0287212
5.17049,28.1635,28.13,0.0335517,-0.0179136,-0.00409432,-0.00178475,-0.00276724,28.1852,-0.0286892
5.17636,27.3588,27.4339,-0.0750917,-0.0178602,-0.00408183,-0.00177934,-0.0027625,27.489,-0.0286574
5.18222,26.978,26.7608,0.21714,-0.0178069,-0.0040694,-0.00177397,-0.00275778,26.8159,-0.0286257
5.18808,26.2444,26.11,0.134375,-0.0177537,-0.00405702,-0.00176863,-0.00275308,26.1649,-0.0285941
5.19394,25.6526,25.4804,0.172138,-0.0177006,-0.0040447,-0.00176331,-0.00274839,25.5352,-0.0285627
5.1998,25.0627,24.8713,0.191419,-0.0176477,-0.00403244,-0.00175803,-0.00274371,24.926,-0.0285313
5.20567,24.4367,24.2819,0.154791,-0.0175949,-0.00402023,-0.00175277,-0.00273905,24.3365,-0.0285
5.21153,23.8171,23.7113,0.105857,-0.0175422,-0.00400808,-0.00174755,-0.00273441,23.7658,-0.0284688
5.21739,23.359,23.1588,0.200158,-0.0174897,-0.00399598,-0.00174235,-0.00272978,23.2132,-0.0284377
5.22325,22.6413,22.6238,0.0175234,-0.0174373,-0.00398395,-0.00173718,-0.00272517,22.6781,-0.0284068
5.22912,22.0849,22.1056,-0.0206658,-0.0173851,-0.00397197,-0.00173204,-0.00272057,22.1598,-0.0283759
5.23498,21.4588,21.6034,-0.144599,-0.0173331,-0.00396004,-0.00172693,-0.00271599,21.6575,-0.0283451
5.24084,21.1526,21.1168,0.0358034,-0.0172812,-0.00394818,-0.00172184,-0.00271143,21.1708,-0.0283145
5.2467,20.638,20.6451,-0.00707728,-0.0172295,-0.00393637,-0.00171679,-0.00270687,20.699,-0.0282839
5.25256,20.2426,20.1877,0.0549047,-0.017178,-0.00392462,-0.00171176,-0.00270234,20.2415,-0.0282535
5.25843,19.8973,19.7441,0.15314,-0.0171267,-0.00391292,-0.00170676,-0.00269782,19.7978,-0.0282231
5.26429,19.4219,19.3139,0.108068,-0.0170756,-0.00390129,-0.00170179,-0.00269331,19.3674,-0.0281929
5.27015,18.9688,18.8964,0.0724162,-0.0170247,-0.00388971,-0.00169684,-0.00268882,18.9499,-0.0281627
5.27601,18.3421,18.4912,-0.149161,-0.0169739,-0.00387819,-0.00169192,-0.00268434,18.5446,-0.0281327
5.28188,18.1062,18.098,0.00820483,-0.0169234,-0.00386672,-0.00168703,-0.00267988,18.1512,-0.0281028
5.28774,17.7139,17.7161,-0.00218567,-0.0168731,-0.00385532,-0.00168216,-0.00267544,17.7693,-0.0280729
5.2936,17.2897,17.3453,-0.0556173,-0.0168229,-0.00384397,-0.00167732,-0.002671,17.3984,-0.0280432
5.29946,17.0356,16.9851,0.0504251,-0.016773,-0.00383268,-0.0016725,-0.00266659,17.0381,-0.0280136
5.30532,16.7296,16.6352,0.0943604,-0.0167233,-0.00382144,-0.00166772,-0.00266218,16.6881,-0.0279841
5.31119,16.3721,16.2952,0.076957,-0.0166738,-0.00381026,-0.00166295,-0.00265779,16.3479,-0.0279546
5.31705,15.8558,15.9646,-0.10882,-0.0166245,-0.00379914,-0.00165822,-0.00265342,16.0173,-0.0279253
5.32291,15.5764,15.6433,-0.0668992,-0.0165755,-0.00378808,-0.00165351,-0.00264906,15.6959,-0.0278961
5.32877,15.3279,15.3309,-0.00297224,-0.0165266,-0.00377707,-0.00164882,-0.00264471,15.3834,-0.027867
5.33464,15.0614,15.027,0.0343245,-0.016478,-0.00376612,-0.00164416,-0.00264038,15.0794,-0.027838
5.3405,14.673,14.7314,-0.0583886,-0.0164296,-0.00375523,-0.00163952,-0.00263606,14.7837,-0.0278091
5.34636,14.3307,14.4438,-0.113158,-0.0163814,-0.00374439,-0.00163491,-0.00263176,14.496,-0.0277804
5.35222,14.1073,14.1639,-0.0566684,-0.0163334,-0.00373361,-0.00163032,-0.00262747,14.216,-0.0277517
5.35809,13.913,13.8915,0.0214376,-0.0162857,-0.00372288,-0.00162576,-0.00262319,13.9435,-0.0277231
5.36395,13.6832,13.6263,0.0568898,-0.0162382,-0.00371221,-0.00162122,-0.00261893,13.6782,-0.0276946
5.36981,13.3128,13.368,-0.0552662,-0.0161909,-0.0037016,-0.0016167,-0.00261468,13.4198,-0.0276662
5.37567,13.0885,13.1165,-0.027981,-0.0161438,-0.00369104,-0.00161221,-0.00261044,13.1682,-0.027638
5.38153,12.981,12.8715,0.109479,-0.016097,-0.00368053,-0.00160774,-0.00260622,12.9231,-0.0276098
5.3874,12.6978,12.6328,0.0650079,-0.0160504,-0.00367008,-0.0016033,-0.00260201,12.6843,-0.0275818
5.39326,12.3947,12.4002,-0.00546685,-0.016004,-0.00365968,-0.00159888,-0.00259782,12.4516,-0.0275538
5.39912,12.1863,12.1735,0.0127663,-0.0159578,-0.00364934,-0.00159448,-0.00259364,12.2248,-0.0275259
5.40498,12.0234,11.9525,0.0708922,-0.0159119,-0.00363905,-0.0015901,-0.00258947,12.0037,-0.0274982
5.41085,11.8034,11.737,0.0663767,-0.0158662,-0.00362882,-0.00158575,-0.00258531,11.7882,-0.0274705
5.41671,11.5793,11.5269,0.0524272,-0.0158207,-0.00361864,-0.00158142,-0.00258117,11.5779,-0.027443
5.42257,11.3088,11.322,-0.0131523,-0.0157754,-0.00360851,-0.00157712,-0.00257704,11.3729,-0.0274156
5.42843,11.1042,11.122,-0.0177841,-0.0157304,-0.00359843,-0.00157283,-0.00257293,11.1729,-0.0273882
5.43429,11.1266,10.927,0.199587,-0.0156856,-0.00358841,-0.00156857,-0.00256883,10.9777,-0.027361
5.44016,10.7508,10.7366,0.0142014,-0.015641,-0.00357844,-0.00156433,-0.00256474,10.7873,-0.0273339
5.44602,10.4827,10.5508,-0.0681897,-0.0155966,-0.00356852,-0.00156011,-0.00256066,10.6014,-0.0273069
5.45188,10.382,10.3695,0.0125164,-0.0155525,-0.00355865,-0.00155591,-0.0025566,10.42,-0.0272799
5.45774,10.1949,10.1924,0.0024311,-0.0155086,-0.00354884,-0.00155173,-0.00255255,10.2429,-0.0272531
5.46361,10.0104,10.0196,-0.00916204,-0.0154649,-0.00353907,-0.00154758,-0.00254851,10.0699,-0.0272264
5.46947,9.88168,9.8507,0.0309829,-0.0154214,-0.00352936,-0.00154344,-0.00254448,9.90094,-0.0271998
5.47533,9.8519,9.68577,0.166134,-0.0153782,-0.0035197,-0.00153933,-0.00254047,9.73592,-0.0271733
5.48119,9.55247,9.52464,0.0278262,-0.0153352,-0.00351009,-0.00153524,-0.00253647,9.57471,-0.0271469
5.48705,9.48236,9.36721,0.115158,-0.0152923,-0.00350053,-0.00153117,-0.00253248,9.41718,-0.0271206
5.49292,9.24864,9.21335,0.0352895,-0.0152498,-0.00349101,-0.00152712,-0.0025285,9.26325,-0.0270944
5.49878,9.22953,9.06298,0.166552,-0.0152074,-0.00348155,-0.00152309,-0.00252454,9.11279,-0.0270684
5.50464,9.03408,8.91599,0.118091,-0.0151653,-0.00347214,-0.00151908,-0.00252059,8.96571,-0.0270424
5.5105,8.84304,8.77228,0.0707622,-0.0151233,-0.00346277,-0.00151509,-0.00251665,8.82191,-0.0270165
5.51637,8.62193,8.63176,-0.00982268,-0.0150816,-0.00345346,-0.00151112,-0.00251272,8.68131,-0.0269907
5.52223,8.57708,8.49433,0.0827498,-0.0150401,-0.00344419,-0.00150717,-0.00250881,8.5438,-0.0269651
5.52809,8.46902,8.35992,0.109102,-0.0149988,-0.00343497,-0.00150324,-0.00250491,8.4093,-0.0269395
5.53395,8.26818,8.22843,0.0397467,-0.0149578,-0.0034258,-0.00149933,-0.00250102,8.27773,-0.026914
5.53981,8.14265,8.09979,0.0428573,-0.0149169,-0.00341667,-0.00149544,-0.00249714,8.149,-0.0268887
5.54568,7.8143,7.97391,-0.159606,-0.0148763,-0.00340759,-0.00149157,-0.00249327,8.02304,-0.0268634
5.55154,7.85524,7.85072,0.00451671,-0.0148358,-0.00339856,-0.00148772,-0.00248942,7.89977,-0.0268383
5.5574,7.58425,7.73015,-0.145908,-0.0147956,-0.00338958,-0.00148388,-0.00248557,7.77912,-0.0268132
5.56326,7.5645,7.61213,-0.0476242,-0.0147556,-0.00338064,-0.00148007,-0.00248174,7.66102,-0.0267883
5.56913,7.49463,7.49658,-0.00195256,-0.0147158,-0.00337175,-0.00147627,-0.00247792,7.54539,-0.0267634
5.57499,7.4873,7.38344,0.103863,-0.0146762,-0.0033629,-0.0014725,-0.00247411,7.43217,-0.0267387
5.58085,7.28146,7.27265,0.00881249,-0.0146368,-0.0033541,-0.00146874,-0.00247032,7.32129,-0.0267141
5.58671,7.12203,7.16414,-0.042101,-0.0145976,-0.00334535,-0.001465,-0.00246653,7.2127,-0.0266896
5.59257,6.95097,7.05785,-0.106878,-0.0145586,-0.00333663,-0.00146128,-0.00246276,7.10633,-0.0266651
5.59844,6.94646,6.95372,-0.00725943,-0.0145198,-0.00332797,-0.00145757,-0.002459,7.00213,-0.0266408
5.6043,6.99174,6.85171,0.140035,-0.0144812,-0.00331935,-0.00145389,-0.00245525,6.90003,-0.0266166
5.61016,6.84194,6.75174,0.0901932,-0.0144428,-0.00331077,-0.00145022,-0.00245151,6.79999,-0.0265925
5.61602,6.57715,6.65378,-0.0766342,-0.0144046,-0.00330223,-0.00144657,-0.00244778,6.70195,-0.0265685
5.62189,6.51268,6.55777,-0.0450885,-0.0143667,-0.00329374,-0.00144294,-0.00244406,6.60586,-0.0265446
5.62775,6.37079,6.46365,-0.0928628,-0.0143289,-0.00328529,-0.00143932,-0.00244036,6.51166,-0.0265208
5.63361,6.48469,6.37139,0.113302,-0.0142913,-0.00327689,-0.00143573,-0.00243666,6.41932,-0.0264971
5.63947,6.23001,6.28092,-0.0509161,-0.0142539,-0.00326852,-0.00143215,-0.00243298,6.32878,-0.0264735
5.64533,6.20486,6.19222,0.0126373,-0.0142166,-0.0032602,-0.00142858,-0.00242931,6.24001,-0.02645
5.6512,6.10573,6.10523,0.000498355,-0.0141796,-0.00325193,-0.00142504,-0.00242565,6.15294,-0.0264266
5.65706,6.02423,6.01992,0.00431233,-0.0141428,-0.00324369,-0.00142151,-0.002422,6.06755,-0.0264034
5.66292,6.15454,5.93623,0.218311,-0.0141062,-0.00323549,-0.001418,-0.00241836,5.98379,-0.0263802
5.66878,5.90289,5.85414,0.0487503,-0.0140697,-0.00322734,-0.0014145,-0.00241473,5.90162,-0.0263571
5.67465,5.69446,5.7736,-0.0791373,-0.0140335,-0.00321922,-0.00141103,-0.00241111,5.82101,-0.0263342
5.68051,5.68311,5.69457,-0.0114574,-0.0139974,-0.00321115,-0.00140756,-0.0024075,5.7419,-0.0263113
5.68637,5.46364,5.61702,-0.153379,-0.0139615,-0.00320312,-0.00140412,-0.00240391,5.66428,-0.0262885
5.69223,5.60084,5.54091,0.0599338,-0.0139258,-0.00319512,-0.00140069,-0.00240032,5.5881,-0.0262659
5.69809,5.34985,5.46621,-0.116361,-0.0138903,-0.00318717,-0.00139728,-0.00239675,5.51332,-0.0262433
5.70396,5.35542,5.39288,-0.0374601,-0.0138549,-0.00317926,-0.00139388,-0.00239318,5.43993,-0.0262209
5.70982,5.14696,5.3209,-0.173942,-0.0138198,-0.00317138,-0.0013905,-0.00238963,5.36787,-0.0261985
5.71568,5.27787,5.25022,0.0276466,-0.0137848,-0.00316355,-0.00138713,-0.00238609,5.29712,-0.0261763
5.72154,5.15164,5.18083,-0.0291907,-0.01375,-0.00315575,-0.00138378,-0.00238255,5.22766,-0.0261542
5.72741,5.05613,5.11268,-0.0565538,-0.0137154,-0.00314799,-0.00138045,-0.00237903,5.15944,-0.0261321
5.73327,5.02685,5.04576,-0.018911,-0.0136809,-0.00314027,-0.00137713,-0.00237552,5.09244,-0.0261102
5.73913,4.99209,4.98003,0.0120674,-0.0136466,-0.00313259,-0.00137383,-0.00237202,5.02664,-0.0260884
5.74499,5.01373,4.91546,0.0982753,-0.0136125,-0.00312495,-0.00137054,-0.00236852,4.962,-0.0260667
5.75085,4.89986,4.85203,0.0478331,-0.0135786,-0.00311734,-0.00136727,-0.00236504,4.8985,-0.0260451
5.75672,4.72309,4.78971,-0.0666209,-0.0135448,-0.00310977,-0.00136401,-0.00236157,4.83612,-0.0260236
5.76258,4.88707,4.72849,0.15858,-0.0135112,-0.00310224,-0.00136077,-0.00235811,4.77482,-0.0260021
5.76844,4.55356,4.66832,-0.114762,-0.0134778,-0.00309474,-0.00135754,-0.00235466,4.71459,-0.0259808
5.7743,4.47021,4.60919,-0.138981,-0.0134446,-0.00308728,-0.00135433,-0.00235122,4.65539,-0.0259596
5.78017,4.66552,4.55109,0.114431,-0.0134115,-0.00307986,-0.00135113,-0.00234778,4.59721,-0.0259386
5.78603,4.41858,4.49397,-0.0753867,-0.0133786,-0.00307247,-0.00134795,-0.00234436,4.54003,-0.0259176
5.79189,4.50944,4.43783,0.0716099,-0.0133458,-0.00306512,-0.00134478,-0.00234095,4.48382,-0.0258967
5.79775,4.35109,4.38263,-0.0315433,-0.0133132,-0.0030578,-0.00134163,-0.00233755,4.42856,-0.0258759
5.80362,4.39931,4.32837,0.0709346,-0.0132808,-0.00305052,-0.00133849,-0.00233416,4.37423,-0.0258552
5.80948,4.21095,4.27502,-0.0640685,-0.0132485,-0.00304327,-0.00133536,-0.00233077,4.32081,-0.0258346
5.81534,4.16691,4.22255,-0.0556435,-0.0132164,-0.00303606,-0.00133225,-0.0023274,4.26828,-0.0258142
5.8212,4.05879,4.17096,-0.112169,-0.0131845,-0.00302888,-0.00132915,-0.00232404,4.21662,-0.0257938
5.82706,4.10764,4.12022,-0.0125789,-0.0131527,-0.00302174,-0.00132607,-0.00232069,4.16582,-0.0257735
5.83293,4.00262,4.07032,-0.0676925,-0.0131211,-0.00301463,-0.001323,-0.00231734,4.11585,-0.0257534
5.83879,3.80721,4.02123,-0.214016,-0.0130896,-0.00300756,-0.00131994,-0.00231401,4.06669,-0.0257333
5.84465,3.80877,3.97294,-0.164166,-0.0130583,-0.00300052,-0.0013169,-0.00231068,4.01834,-0.0257134
5.85051,3.9036,3.92543,-0.0218278,-0.0130271,-0.00299351,-0.00131387,-0.00230737,3.97077,-0.0256935
5.85638,3.93988,3.87869,0.0611833,-0.0129961,-0.00298653,-0.00131086,-0.00230406,3.92396,-0.0256738
5.86224,4.05208,3.8327,0.219379,-0.0129653,-0.00297959,-0.00130786,-0.00230077,3.87791,-0.0256542
5.8681,4.01465,3.78745,0.227199,-0.0129345,-0.00297268,-0.00130487,-0.00229748,3.83259,-0.0256346
5.87396,3.85202,3.74291,0.109105,-0.012904,-0.00296581,-0.0013019,-0.0022942,3.78799,-0.0256152
5.87982,3.53145,3.69908,-0.167634,-0.0128736,-0.00295896,-0.00129893,-0.00229093,3.7441,-0.0255959
5.88569,3.58502,3.65594,-0.0709243,-0.0128433,-0.00295215,-0.00129599,-0.00228767,3.7009,-0.0255766
5.89155,3.45586,3.61348,-0.15762,-0.0128132,-0.00294537,-0.00129305,-0.00228443,3.65837,-0.0255575
5.89741,3.49498,3.57168,-0.0766991,-0.0127832,-0.00293862,-0.00129013,-0.00228118,3.61651,-0.0255385
5.90327,3.49394,3.53053,-0.0365891,-0.0127534,-0.0029319,-0.00128722,-0.00227795,3.5753,-0.0255196
5.90914,3.43329,3.49001,-0.0567163,-0.0127237,-0.00292521,-0.00128432,-0.00227473,3.53472,-0.0255008
5.915,3.63274,3.45012,0.182623,-0.0126942,-0.00291856,-0.00128144,-0.00227152,3.49477,-0.0254821
5.92086,3.51296,3.41084,0.102117,-0.0126648,-0.00291193,-0.00127856,-0.00226831,3.45543,-0.0254635
5.92672,3.6232,3.37216,0.251038,-0.0126355,-0.00290534,-0.00127571,-0.00226512,3.41669,-0.025445
5.93258,3.30428,3.33407,-0.0297905,-0.0126064,-0.00289878,-0.00127286,-0.00226193,3.37854,-0.0254266
5.93845,3.20243,3.29656,-0.0941291,-0.0125775,-0.00289224,-0.00127003,-0.00225875,3.34096,-0.0254083
5.94431,3.18344,3.2596,-0.076164,-0.0125486,-0.00288574,-0.0012672,-0.00225558,3.30395,-0.0253901
5.95017,3.2508,3.22321,0.0275954,-0.0125199,-0.00287927,-0.00126439,-0.00225242,3.2675,-0.0253721
5.95603,3.25355,3.18735,0.0661959,-0.0124914,-0.00287282,-0.0012616,-0.00224927,3.23158,-0.0253541
5.9619,3.35643,3.15203,0.204393,-0.0124629,-0.00286641,-0.00125881,-0.00224613,3.1962,-0.0253362
5.96776,3.1848,3.11724,0.0675673,-0.0124346,-0.00286002,-0.00125604,-0.002243,3.16135,-0.0253184
5.97362,2.99038,3.08295,-0.0925686,-0.0124065,-0.00285366,-0.00125328,-0.00223987,3.12701,-0.0253008
5.97948,3.07056,3.04917,0.021391,-0.0123785,-0.00284734,-0.00125053,-0.00223675,3.09317,-0.0252832
5.98534,3.19374,3.01588,0.177864,-0.0123506,-0.00284104,-0.00124779,-0.00223365,3.05982,-0.0252658
5.99121,2.99761,2.98308,0.0145308,-0.0123228,-0.00283477,-0.00124506,-0.00223055,3.02696,-0.0252484
5.99707,2.97425,2.95075,0.0235035,-0.0122952,-0.00282852,-0.00124235,-0.00222746,2.99457,-0.0252312
6.00293,2.9804,2.91888,0.0615211,-0.0122677,-0.00282231,-0.00123964,-0.00222437,2.96265,-0.025214
6.00879,3.00131,2.88748,0.113835,-0.0122403,-0.00281612,-0.00123695,-0.0022213,2.93119,-0.025197
6.01466,2.78935,2.85652,-0.0671674,-0.012213,-0.00280996,-0.00123427,-0.00221824,2.90018,-0.0251801
6.02052,2.75145,2.82601,-0.0745526,-0.0121859,-0.00280383,-0.0012316,-0.00221518,2.8696,-0.0251632
6.02638,2.93192,2.79592,0.135999,-0.0121589,-0.00279773,-0.00122894,-0.00221213,2.83947,-0.0251465
6.03224,2.81253,2.76626,0.0462619,-0.0121321,-0.00279165,-0.0012263,-0.00220909,2.80975,-0.0251299
6.0381,2.67388,2.73702,-0.0631419,-0.0121053,-0.0027856,-0.00122366,-0.00220606,2.78046,-0.0251134
6.04397,2.60121,2.70819,-0.106981,-0.0120787,-0.00277958,-0.00122104,-0.00220303,2.75157,-0.0250969
6.04983,2.6422,2.67976,-0.0375624,-0.0120522,-0.00277358,-0.00121843,-0.00220002,2.72309,-0.0250806
6.05569,2.6262,2.65173,-0.0255327,-0.0120258,-0.00276761,-0.00121582,-0.00219701,2.695,-0.0250644
6.06155,2.68109,2.62408,0.057007,-0.0119995,-0.00276167,-0.00121323,-0.00219401,2.6673,-0.0250483
6.06742,2.62915,2.59682,0.032334,-0.0119734,-0.00275575,-0.00121065,-0.00219102,2.63998,-0.0250323
6.07328,2.46354,2.56993,-0.106385,-0.0119474,-0.00274986,-0.00120808,-0.00218804,2.61304,-0.0250164
6.07914,2.42916,2.5434,-0.11424,-0.0119215,-0.00274399,-0.00120552,-0.00218506,2.58646,-0.0250006
6.085,2.72224,2.51724,0.204999,-0.0118957,-0.00273815,-0.00120297,-0.0021821,2.56024,-0.0249849
6.09086,2.65493,2.49143,0.163497,-0.01187,-0.00273233,-0.00120043,-0.00217914,2.53438,-0.0249694
6.09673,2.43333,2.46597,-0.0326436,-0.0118445,-0.00272655,-0.00119791,-0.00217619,2.50887,-0.0249539
6.10259,2.43498,2.44086,-0.00587299,-0.0118191,-0.00272078,-0.00119539,-0.00217324,2.4837,-0.0249385
6.10845,2.36057,2.41608,-0.055512,-0.0117937,-0.00271504,-0.00119288,-0.00217031,2.45887,-0.0249232
6.11431,2.28456,2.39163,-0.107067,-0.0117685,-0.00270933,-0.00119039,-0.00216738,2.43437,-0.0249081
6.12018,2.36281,2.36751,-0.00469174,-0.0117434,-0.00270364,-0.0011879,-0.00216446,2.4102,-0.024893
6.12604,2.30238,2.3437,-0.0413222,-0.0117184,-0.00269797,-0.00118542,-0.00216155,2.38634,-0.024878
6.1319,2.30401,2.32021,-0.0162057,-0.0116936,-0.00269233,-0.00118296,-0.00215865,2.3628,-0.0248632
6.13776,2.19033,2.29703,-0.106705,-0.0116688,-0.00268671,-0.0011805,-0.00215575,2.33957,-0.0248484
6.14362,1.94341,2.27415,-0.330748,-0.0116442,-0.00268112,-0.00117805,-0.00215286,2.31664,-0.0248338
6.14949,2.21206,2.25157,-0.0395162,-0.0116196,-0.00267555,-0.00117562,-0.00214998,2.29401,-0.0248192
6.15535,2.15334,2.22929,-0.0759487,-0.0115952,-0.00267,-0.00117319,-0.00214711,2.27168,-0.0248048
6.16121,2.41863,2.20729,0.211335,-0.0115709,-0.00266448,-0.00117078,-0.00214424,2.24963,-0.0247905
6.16707,2.3063,2.18558,0.120724,-0.0115467,-0.00265898,-0.00116837,-0.00214139,2.22787,-0.0247762
6.17294,2.27009,2.16414,0.105949,-0.0115225,-0.00265351,-0.00116597,-0.00213854,2.20639,-0.0247621
6.1788,2.06348,2.14298,-0.0795031,-0.0114985,-0.00264805,-0.00116358,-0.00213569,2.18518,-0.0247481
6.18466,2.21479,2.12209,0.0926964,-0.0114746,-0.00264263,-0.00116121,-0.00213286,2.16424,-0.0247342
6.19052,2.04604,2.10147,-0.0554316,-0.0114508,-0.00263722,-0.00115884,-0.00213003,2.14357,-0.0247204
6.19638,2.11422,2.0811,0.0331188,-0.0114272,-0.00263183,-0.00115648,-0.00212721,2.12315,-0.0247066
6.20225,2.14638,2.061,0.085384,-0.0114036,-0.00262647,-0.00115413,-0.0021244,2.103,-0.024693
6.20811,2.04694,2.04114,0.00579504,-0.0113801,-0.00262113,-0.00115179,-0.00212159,2.0831,-0.0246795
6.21397,1.84591,2.02154,-0.175634,-0.0113567,-0.00261582,-0.00114946,-0.00211879,2.06345,-0.0246661
6.21983,2.02878,2.00218,0.0265974,-0.0113334,-0.00261052,-0.00114714,-0.002116,2.04404,-0.0246528
6.2257,1.98001,1.98306,-0.00304478,-0.0113102,-0.00260525,-0.00114482,-0.00211322,2.02487,-0.0246396
6.23156,1.91582,1.96417,-0.04835,-0.0112872,-0.0026,-0.00114252,-0.00211044,2.00594,-0.0246266
6.23742,1.80611,1.94552,-0.139416,-0.0112642,-0.00259477,-0.00114023,-0.00210768,1.98725,-0.0246136
6.24328,1.92588,1.9271,-0.00122474,-0.0112413,-0.00258956,-0.00113794,-0.00210491,1.96878,-0.0246007
6.24915,1.84288,1.90891,-0.0660332,-0.0112185,-0.00258438,-0.00113566,-0.00210216,1.95054,-0.0245879
6.25501,1.82925,1.89094,-0.0616831,-0.0111958,-0.00257921,-0.0011334,-0.00209941,1.93252,-0.0245752
6.26087,1.96187,1.87318,0.0886907,-0.0111732,-0.00257407,-0.00113114,-0.00209667,1.91472,-0.0245627
6.26673,1.85276,1.85564,-0.00288621,-0.0111507,-0.00256895,-0.00112889,-0.00209394,1.89714,-0.0245502
6.27259,1.82582,1.83832,-0.0124974,-0.0111283,-0.00256385,-0.00112665,-0.00209121,1.87976,-0.0245379
6.27846,1.66571,1.8212,-0.15549,-0.011106,-0.00255877,-0.00112442,-0.00208849,1.8626,-0.0245256
6.28432,2.02841,1.80429,0.224125,-0.0110838,-0.00255371,-0.00112219,-0.00208578,1.84564,-0.0245134
6.29018,1.76552,1.78758,-0.0220517,-0.0110617,-0.00254867,-0.00111998,-0.00208308,1.82889,-0.0245014
6.29604,1.68239,1.77106,-0.0886774,-0.0110396,-0.00254365,-0.00111777,-0.00208038,1.81233,-0.0244895
6.30191,1.66797,1.75475,-0.08678,-0.0110177,-0.00253865,-0.00111558,-0.00207769,1.79598,-0.0244776
6.30777,1.78973,1.73863,0.0511013,-0.0109959,-0.00253367,-0.00111339,-0.002075,1.77981,-0.0244659
6.31363,1.85212,1.72269,0.129429,-0.0109741,-0.00252871,-0.00111121,-0.00207233,1.76383,-0.0244542
6.31949,1.68938,1.70695,-0.0175729,-0.0109525,-0.00252378,-0.00110903,-0.00206966,1.74805,-0.0244427
6.32535,1.67365,1.69139,-0.0177386,-0.0109309,-0.00251886,-0.00110687,-0.00206699,1.73244,-0.0244313
6.33122,1.57273,1.67601,-0.103275,-0.0109094,-0.00251396,-0.00110471,-0.00206434,1.71702,-0.02442
6.33708,1.66651,1.66081,0.00569566,-0.010888,-0.00250908,-0.00110257,-0.00206169,1.70178,-0.0244088
6.34294,1.85751,1.64579,0.211728,-0.0108667,-0.00250422,-0.00110043,-0.00205904,1.68671,-0.0243976
6.3488,1.45589,1.63094,-0.175044,-0.0108455,-0.00249938,-0.0010983,-0.00205641,1.67182,-0.0243866
6.35467,1.66405,1.61626,0.047794,-0.0108244,-0.00249456,-0.00109617,-0.00205378,1.6571,-0.0243757
6.36053,1.77954,1.60175,0.177796,-0.0108033,-0.00248976,-0.00109406,-0.00205115,1.64255,-0.0243649
6.36639,1.52029,1.5874,-0.0671188,-0.0107824,-0.00248497,-0.00109195,-0.00204854,1.62817,-0.0243542
6.37225,1.56359,1.57322,-0.00963157,-0.0107615,-0.00248021,-0.00108985,-0.00204593,1.61394,-0.0243436
6.37811,1.51946,1.5592,-0.0397428,-0.0107407,-0.00247546,-0.00108776,-0.00204332,1.59988,-0.0243332
6.38398,1.73388,1.54534,0.18854,-0.01072,-0.00247074,-0.00108568,-0.00204073,1.58598,-0.0243228
6.38984,1.62811,1.53164,0.0964717,-0.0106994,-0.00246603,-0.0010836,-0.00203814,1.57224,-0.0243125
6.3957,1.429,1.51809,-0.089086,-0.0106789,-0.00246134,-0.00108154,-0.00203555,1.55865,-0.0243023
6.40156,1.62609,1.50469,0.121394,-0.0106584,-0.00245667,-0.00107948,-0.00203298,1.54521,-0.0242922
6.40743,1.69867,1.49144,0.207222,-0.0106381,-0.00245202,-0.00107742,-0.00203041,1.53192,-0.0242823
6.41329,1.37765,1.47834,-0.100695,-0.0106178,-0.00244738,-0.00107538,-0.00202784,1.51879,-0.0242724
6.41915,1.27125,1.46539,-0.194137,-0.0105976,-0.00244276,-0.00107334,-0.00202529,1.50579,-0.0242627
6.42501,1.39194,1.45258,-0.0606379,-0.0105775,-0.00243817,-0.00107131,-0.00202273,1.49294,-0.024253
6.43087,1.36294,1.43991,-0.0769728,-0.0105574,-0.00243358,-0.00106929,-0.00202019,1.48023,-0.0242434
6.43674,1.53716,1.42738,0.109784,-0.0105375,-0.00242902,-0.00106728,-0.00201765,1.46767,-0.024234
6.4426,1.3859,1.41499,-0.0290891,-0.0105176,-0.00242448,-0.00106527,-0.00201512,1.45524,-0.0242246
6.44846,1.26771,1.40273,-0.135019,-0.0104978,-0.00241995,-0.00106327,-0.00201259,1.44294,-0.0242154
6.45432,1.51914,1.39061,0.128532,-0.0104781,-0.00241544,-0.00106128,-0.00201007,1.43078,-0.0242063
6.46019,1.32282,1.37862,-0.0557957,-0.0104584,-0.00241094,-0.0010593,-0.00200756,1.41875,-0.0241972
6.46605,1.15125,1.36676,-0.215502,-0.0104388,-0.00240647,-0.00105732,-0.00200505,1.40685,-0.0241883
6.47191,1.28033,1.35502,-0.0746973,-0.0104193,-0.00240201,-0.00105535,-0.00200255,1.39508,-0.0241795
6.47777,1.36182,1.34342,0.0184052,-0.0103999,-0.00239756,-0.00105339,-0.00200006,1.38344,-0.0241708
6.48363,1.39802,1.33193,0.0660829,-0.0103806,-0.00239314,-0.00105143,-0.00199757,1.37192,-0.0241621
6.4895,1.3898,1.32057,0.0692301,-0.0103613,-0.00238873,-0.00104948,-0.00199509,1.36052,-0.0241536
6.49536,1.41316,1.30934,0.103828,-0.0103422,-0.00238434,-0.00104754,-0.00199261,1.34925,-0.0241452
6.50122,1.2982,1.29822,-1.72558e-05,-0.010323,-0.00237996,-0.00104561,-0.00199014,1.33809,-0.0241369
6.50708,1.11567,1.28722,-0.17155,-0.010304,-0.0023756,-0.00104368,-0.00198768,1.32706,-0.0241287
6.51295,1.17825,1.27633,-0.0980873,-0.010285,-0.00237126,-0.00104176,-0.00198522,1.31614,-0.0241206
6.51881,1.25829,1.26556,-0.0072745,-0.0102662,-0.00236694,-0.00103985,-0.00198277,1.30533,-0.0241126
6.52467,1.25654,1.25491,0.00162844,-0.0102473,-0.00236263,-0.00103794,-0.00198032,1.29464,-0.0241047
6.53053,1.31491,1.24436,0.0705448,-0.0102286,-0.00235833,-0.00103604,-0.00197788,1.28406,-0.024097
6.53639,1.32893,1.23393,0.0949972,-0.0102099,-0.00235405,-0.00103415,-0.00197545,1.27359,-0.0240893
6.54226,1.21424,1.2236,-0.00935919,-0.0101913,-0.00234979,-0.00103226,-0.00197302,1.26323,-0.0240817
6.54812,1.19506,1.21339,-0.0183206,-0.0101728,-0.00234555,-0.00103038,-0.0019706,1.25298,-0.0240742
6.55398,1.23278,1.20327,0.0295062,-0.0101543,-0.00234132,-0.00102851,-0.00196818,1.24283,-0.0240669
6.55984,1.17559,1.19327,-0.0176724,-0.010136,-0.0023371,-0.00102665,-0.00196577,1.23279,-0.0240596
6.56571,1.09716,1.18336,-0.0862028,-0.0101176,-0.0023329,-0.00102479,-0.00196337,1.22285,-0.0240524
6.57157,1.41499,1.17356,0.241436,-0.0100994,-0.00232872,-0.00102294,-0.00196097,1.21301,-0.0240454
6.57743,1.26597,1.16385,0.102121,-0.0100812,-0.00232455,-0.00102109,-0.00195858,1.20328,-0.0240384
6.58329,1.05375,1.15425,-0.100497,-0.0100631,-0.0023204,-0.00101925,-0.00195619,1.19364,-0.0240316
6.58915,1.12795,1.14474,-0.0167926,-0.0100451,-0.00231626,-0.00101742,-0.00195381,1.1841,-0.0240248
6.59502,1.17617,1.13533,0.0408368,-0.0100271,-0.00231214,-0.00101559,-0.00195143,1.17466,-0.0240182
6.60088,1.17877,1.12602,0.0527469,-0.0100092,-0.00230804,-0.00101377,-0.00194906,1.16531,-0.0240117
6.60674,1.16153,1.1168,0.0447345,-0.00999137,-0.00230394,-0.00101196,-0.0019467,1.15606,-0.0240052
6.6126,1.01508,1.10767,-0.0925878,-0.0099736,-0.00229987,-0.00101015,-0.00194434,1.1469,-0.0239989
6.61847,1.124,1.09864,0.0253684,-0.0099559,-0.00229581,-0.00100835,-0.00194199,1.13783,-0.0239927
6.62433,1.18334,1.08969,0.093645,-0.00993826,-0.00229176,-0.00100656,-0.00193964,1.12885,-0.0239865
6.63019,1.30617,1.08083,0.225336,-0.00992069,-0.00228773,-0.00100477,-0.0019373,1.11997,-0.0239805
6.63605,1.12745,1.07207,0.0553846,-0.00990319,-0.00228371,-0.00100299,-0.00193497,1.11117,-0.0239746
6.64191,1.06008,1.06338,-0.00330738,-0.00988575,-0.0022797,-0.00100121,-0.00193264,1.10245,-0.0239688
6.64778,1.04679,1.05479,-0.00799548,-0.00986838,-0.00227572,-0.000999445,-0.00193031,1.09383,-0.0239631
6.65364,1.04526,1.04628,-0.00101968,-0.00985107,-0.00227174,-0.000997682,-0.00192799,1.08528,-0.0239575
6.6595,0.97674,1.03785,-0.0611111,-0.00983382,-0.00226778,-0.000995925,-0.00192568,1.07683,-0.023952
6.66536,1.02648,1.02951,-0.00302343,-0.00981664,-0.00226383,-0.000994174,-0.00192337,1.06845,-0.0239466
6.67123,0.993742,1.02124,-0.027503,-0.00979952,-0.0022599,-0.00099243,-0.00192107,1.06016,-0.0239413
6.67709,0.905853,1.01306,-0.10721,-0.00978247,-0.00225598,-0.000990691,-0.00191878,1.05195,-0.0239361
6.68295,1.04957,1.00496,0.0446105,-0.00976547,-0.00225208,-0.000988959,-0.00191648,1.04381,-0.0239311
6.68881,0.943466,0.996936,-0.0534707,-0.00974854,-0.00224819,-0.000987232,-0.0019142,1.03576,-0.0239261
6.69468,0.818821,0.98899,-0.170169,-0.00973168,-0.00224431,-0.000985512,-0.00191192,1.02778,-0.0239212
6.70054,0.915427,0.981121,-0.0656942,-0.00971487,-0.00224045,-0.000983797,-0.00190964,1.01989,-0.0239164
6.7064,1.10223,0.973327,0.128907,-0.00969812,-0.0022366,-0.000982088,-0.00190737,1.01206,-0.0239118
6.71226,0.71701,0.965608,-0.248598,-0.00968144,-0.00223277,-0.000980385,-0.00190511,1.00432,-0.0239072
6.71812,0.908151,0.957963,-0.0498123,-0.00966481,-0.00222895,-0.000978688,-0.00190285,0.996641,-0.0239027
6.72399,0.772127,0.950391,-0.178264,-0.00964825,-0.00222514,-0.000976997,-0.0019006,0.98904,-0.0238984
6.72985,0.874586,0.942891,-0.0683047,-0.00963174,-0.00222134,-0.000975311,-0.00189835,0.981512,-0.0238941
6.73571,0.842691,0.935462,-0.0927715,-0.0096153,-0.00221756,-0.000973631,-0.00189611,0.974055,-0.02389
6.74157,0.975365,0.928104,0.0472613,-0.00959891,-0.00221379,-0.000971957,-0.00189387,0.966668,-0.023886
6.74744,0.899462,0.920815,-0.0213529,-0.00958258,-0.00221004,-0.000970289,-0.00189164,0.959352,-0.023882
6.7533,0.94879,0.913595,0.0351949,-0.00956632,-0.0022063,-0.000968626,-0.00188941,0.952104,-0.0238782
6.75916,0.914824,0.906442,0.00838193,-0.00955011,-0.00220257,-0.000966969,-0.00188719,0.944924,-0.0238745
6.76502,0.889709,0.899357,-0.00964795,-0.00953395,-0.00219885,-0.000965317,-0.00188497,0.937811,-0.0238708
6.77088,0.871996,0.892338,-0.0203418,-0.00951786,-0.00219515,-0.000963671,-0.00188276,0.930764,-0.0238673
6.77675,0.929266,0.885384,0.0438821,-0.00950182,-0.00219146,-0.000962031,-0.00188055,0.923784,-0.0238639
6.78261,0.829885,0.878495,-0.0486101,-0.00948584,-0.00218778,-0.000960396,-0.00187835,0.916868,-0.0238606
6.78847,0.844311,0.87167,-0.0273584,-0.00946991,-0.00218412,-0.000958767,-0.00187615,0.910016,-0.0238574
6.79433,0.835149,0.864908,-0.0297582,-0.00945405,-0.00218046,-0.000957143,-0.00187396,0.903227,-0.0238543
6.8002,0.742673,0.858208,-0.115535,-0.00943823,-0.00217683,-0.000955524,-0.00187178,0.896501,-0.0238513
6.80606,0.649186,0.85157,-0.202384,-0.00942248,-0.0021732,-0.000953911,-0.0018696,0.889837,-0.0238484
6.81192,0.73578,0.844993,-0.109212,-0.00940678,-0.00216958,-0.000952303,-0.00186742,0.883234,-0.0238456
6.81778,0.860106,0.838476,0.0216305,-0.00939113,-0.00216598,-0.000950701,-0.00186525,0.876692,-0.0238429
6.82364,0.757697,0.832018,-0.0743212,-0.00937554,-0.00216239,-0.000949104,-0.00186308,0.870209,-0.0238403
6.82951,0.708041,0.825619,-0.117579,-0.00936,-0.00215881,-0.000947512,-0.00186092,0.863785,-0.0238378
6.83537,0.73697,0.819279,-0.0823088,-0.00934452,-0.00215525,-0.000945926,-0.00185877,0.857419,-0.0238354
6.84123,0.843741,0.812996,0.0307455,-0.00932909,-0.00215169,-0.000944344,-0.00185662,0.851111,-0.0238332
6.84709,0.822781,0.80677,0.0160117,-0.00931372,-0.00214815,-0.000942768,-0.00185447,0.84486,-0.023831
6.85296,0.736361,0.800599,-0.0642384,-0.0092984,-0.00214462,-0.000941197,-0.00185233,0.838665,-0.0238289
6.85882,0.654568,0.794485,-0.139917,-0.00928313,-0.00214111,-0.000939632,-0.00185019,0.832526,-0.023827
6.86468,0.722058,0.788425,-0.0663671,-0.00926791,-0.0021376,-0.000938071,-0.00184806,0.826442,-0.0238251
6.87054,0.912819,0.782419,0.130399,-0.00925275,-0.00213411,-0.000936516,-0.00184594,0.820412,-0.0238233
6.8764,0.814932,0.776467,0.038465,-0.00923764,-0.00213063,-0.000934966,-0.00184381,0.814436,-0.0238217
6.88227,0.72088,0.770568,-0.0496883,-0.00922258,-0.00212715,-0.00093342,-0.0018417,0.808513,-0.0238202
6.88813,0.729962,0.764722,-0.0347595,-0.00920757,-0.0021237,-0.00093188,-0.00183959,0.802643,-0.0238187
6.89399,0.711032,0.758927,-0.0478952,-0.00919262,-0.00212025,-0.000930345,-0.00183748,0.796825,-0.0238174
6.89985,0.734896,0.753183,-0.0182869,-0.00917771,-0.00211681,-0.000928815,-0.00183538,0.791058,-0.0238161
6.90572,0.731395,0.74749,-0.0160956,-0.00916286,-0.00211339,-0.00092729,-0.00183328,0.785342,-0.023815
6.91158,0.778102,0.741847,0.0362543,-0.00914806,-0.00210998,-0.00092577,-0.00183119,0.779676,-0.023814
6.91744,0.550575,0.736254,-0.185679,-0.0091333,-0.00210658,-0.000924254,-0.0018291,0.77406,-0.0238131
6.9233,0.653524,0.73071,-0.0771853,-0.0091186,-0.00210318,-0.000922744,-0.00182702,0.768493,-0.0238122
6.92916,0.700041,0.725214,-0.0251722,-0.00910395,-0.00209981,-0.000921238,-0.00182494,0.762975,-0.0238115
6.93503,0.791767,0.719765,0.0720017,-0.00908935,-0.00209644,-0.000919738,-0.00182287,0.757505,-0.0238109
6.94089,0.674171,0.714365,-0.040194,-0.00907479,-0.00209308,-0.000918242,-0.0018208,0.752082,-0.0238104
6.94675,0.695427,0.709011,-0.0135838,-0.00906029,-0.00208974,-0.000916751,-0.00181873,0.746706,-0.02381
6.95261,0.574709,0.703703,-0.128994,-0.00904583,-0.0020864,-0.000915265,-0.00181667,0.741377,-0.0238097
6.95848,0.671386,0.698441,-0.0270551,-0.00903142,-0.00208308,-0.000913783,-0.00181462,0.736093,-0.0238095
6.96434,0.709484,0.693224,0.0162597,-0.00901706,-0.00207976,-0.000912307,-0.00181257,0.730855,-0.0238094
6.9702,0.694054,0.688052,0.00600189,-0.00900275,-0.00207646,-0.000910835,-0.00181052,0.725662,-0.0238094
6.97606,0.765381,0.682925,0.0824567,-0.00898849,-0.00207317,-0.000909367,-0.00180848,0.720514,-0.0238096
6.98192,0.57626,0.677841,-0.101581,-0.00897427,-0.00206989,-0.000907905,-0.00180644,0.715409,-0.0238098
6.98779,0.690396,0.6728,0.0175952,-0.0089601,-0.00206662,-0.000906447,-0.00180441,0.710348,-0.0238101
6.99365,0.480083,0.667803,-0.18772,-0.00894598,-0.00206336,-0.000904993,-0.00180238,0.70533,-0.0238105
6.99951,0.604412,0.662848,-0.058436,-0.0089319,-0.00206011,-0.000903545,-0.00180036,0.700355,-0.0238111
7.00537,0.470076,0.657934,-0.187858,-0.00891787,-0.00205688,-0.000902101,-0.00179834,0.695421,-0.0238117
7.01124,0.545647,0.653063,-0.107415,-0.00890389,-0.00205365,-0.000900661,-0.00179633,0.69053,-0.0238124
7.0171,0.493921,0.648232,-0.154311,-0.00888996,-0.00205043,-0.000899226,-0.00179432,0.685679,-0.0238133
7.02296,0.696434,0.643442,0.0529921,-0.00887607,-0.00204722,-0.000897795,-0.00179232,0.680869,-0.0238142
7.02882,0.708254,0.638692,0.0695625,-0.00886222,-0.00204403,-0.000896369,-0.00179032,0.6761,-0.0238153
7.03468,0.629615,0.633982,-0.00436668,-0.00884842,-0.00204084,-0.000894948,-0.00178832,0.671371,-0.0238165
7.04055,0.474204,0.629311,-0.155107,-0.00883467,-0.00203767,-0.000893531,-0.00178633,0.666681,-0.0238177
7.04641,0.609876,0.624679,-0.0148033,-0.00882096,-0.0020345,-0.000892118,-0.00178434,0.66203,-0.0238191
7.05227,0.65387,0.620085,0.0337843,-0.00880729,-0.00203134,-0.00089071,-0.00178236,0.657418,-0.0238205
7.05813,0.476336,0.61553,-0.139194,-0.00879367,-0.0020282,-0.000889306,-0.00178038,0.652843,-0.0238221
7.064,0.589414,0.611012,-0.0215981,-0.0087801,-0.00202506,-0.000887907,-0.00177841,0.648307,-0.0238238
7.06986,0.488606,0.606532,-0.117925,-0.00876656,-0.00202194,-0.000886512,-0.00177644,0.643809,-0.0238256
7.07572,0.43082,0.602088,-0.171268,-0.00875307,-0.00201882,-0.000885121,-0.00177447,0.639347,-0.0238275
7.08158,0.527418,0.597681,-0.0702626,-0.00873963,-0.00201571,-0.000883735,-0.00177251,0.634922,-0.0238295
7.08745,0.51876,0.59331,-0.0745497,-0.00872623,-0.00201262,-0.000882353,-0.00177055,0.630533,-0.0238315
7.09331,0.369878,0.588975,-0.219097,-0.00871287,-0.00200953,-0.000880975,-0.0017686,0.62618,-0.0238337
7.09917,0.423458,0.584675,-0.161216,-0.00869956,-0.00200646,-0.000879601,-0.00176665,0.621863,-0.023836
7.10503,0.491367,0.58041,-0.0890425,-0.00868628,-0.00200339,-0.000878232,-0.00176471,0.617581,-0.0238385
7.11089,0.655464,0.57618,0.0792847,-0.00867305,-0.00200033,-0.000876867,-0.00176277,0.613334,-0.023841
7.11676,0.582435,0.571984,0.0104514,-0.00865987,-0.00199728,-0.000875506,-0.00176083,0.609121,-0.0238436
7.12262,0.613907,0.567822,0.0460854,-0.00864672,-0.00199424,-0.000874149,-0.0017589,0.604942,-0.0238463
7.12848,0.58163,0.563693,0.0179368,-0.00863362,-0.00199122,-0.000872797,-0.00175698,0.600797,-0.0238491
7.13434,0.556019,0.559598,-0.00357889,-0.00862055,-0.0019882,-0.000871448,-0.00175505,0.596685,-0.023852
7.14021,0.510207,0.555536,-0.0453289,-0.00860753,-0.00198519,-0.000870104,-0.00175313,0.592607,-0.0238551
7.14607,0.533833,0.551506,-0.0176732,-0.00859455,-0.00198219,-0.000868764,-0.00175122,0.588561,-0.0238582
7.15193,0.626206,0.547509,0.0786979,-0.00858162,-0.0019792,-0.000867428,-0.00174931,0.584548,-0.0238614
7.15779,0.650337,0.543543,0.106794,-0.00856872,-0.00197621,-0.000866096,-0.0017474,0.580566,-0.0238648
7.16365,0.384817,0.539609,-0.154792,-0.00855586,-0.00197324,-0.000864768,-0.0017455,0.576616,-0.0238682
7.16952,0.477143,0.535706,-0.0585626,-0.00854304,-0.00197028,-0.000863444,-0.0017436,0.572698,-0.0238718
7.17538,0.533727,0.531834,0.0018926,-0.00853027,-0.00196732,-0.000862124,-0.00174171,0.568811,-0.0238754
7.18124,0.520509,0.527993,-0.00748403,-0.00851753,-0.00196438,-0.000860808,-0.00173982,0.564955,-0.0238792
7.1871,0.457012,0.524182,-0.0671706,-0.00850484,-0.00196144,-0.000859496,-0.00173794,0.561129,-0.023883
7.19297,0.374415,0.520401,-0.145986,-0.00849218,-0.00195851,-0.000858188,-0.00173606,0.557333,-0.023887
7.19883,0.437128,0.51665,-0.0795216,-0.00847956,-0.0019556,-0.000856884,-0.00173418,0.553567,-0.0238911
7.20469,0.393273,0.512928,-0.119656,-0.00846699,-0.00195269,-0.000855584,-0.0017323,0.549831,-0.0238952
7.21055,0.498979,0.509236,-0.0102568,-0.00845445,-0.00194979,-0.000854287,-0.00173044,0.546124,-0.0238995
7.21641,0.532917,0.505572,0.027345,-0.00844195,-0.00194689,-0.000852995,-0.00172857,0.542446,-0.0239039
7.22228,0.365501,0.501937,-0.136436,-0.00842949,-0.00194401,-0.000851707,-0.00172671,0.538797,-0.0239084
7.22814,0.447948,0.49833,-0.0503812,-0.00841706,-0.00194114,-0.000850422,-0.00172485,0.535176,-0.023913
7.234,0.48436,0.494751,-0.010391,-0.00840468,-0.00193827,-0.000849141,-0.001723,0.531583,-0.0239177
7.23986,0.344608,0.491199,-0.146591,-0.00839234,-0.00193542,-0.000847864,-0.00172115,0.528019,-0.0239225
7.24573,0.452737,0.487676,-0.0349387,-0.00838003,-0.00193257,-0.000846591,-0.0017193,0.524481,-0.0239274
7.25159,0.432825,0.484179,-0.0513536,-0.00836776,-0.00192973,-0.000845322,-0.00171746,0.520971,-0.0239324
7.25745,0.505681,0.480709,0.0249716,-0.00835553,-0.0019269,-0.000844056,-0.00171562,0.517489,-0.0239375
7.26331,0.361057,0.477266,-0.116209,-0.00834333,-0.00192408,-0.000842795,-0.00171379,0.514033,-0.0239427
7.26917,0.498841,0.473849,0.0249915,-0.00833117,-0.00192126,-0.000841536,-0.00171196,0.510603,-0.023948
7.27504,0.305652,0.470459,-0.164806,-0.00831905,-0.00191846,-0.000840282,-0.00171014,0.5072,-0.0239534
7.2809,0.447449,0.467094,-0.0196451,-0.00830697,-0.00191566,-0.000839031,-0.00170831,0.503823,-0.023959
7.28676,0.384789,0.463755,-0.0789654,-0.00829492,-0.00191287,-0.000837784,-0.0017065,0.500471,-0.0239646
7.29262,0.496436,0.460441,0.0359949,-0.00828291,-0.00191009,-0.000836541,-0.00170468,0.497145,-0.0239703
7.29849,0.446919,0.457152,-0.0102334,-0.00827094,-0.00190732,-0.000835302,-0.00170287,0.493845,-0.0239762
7.30435,0.516663,0.453888,0.062775,-0.008259,-0.00190456,-0.000834066,-0.00170106,0.490569,-0.0239821
7.31021,0.329795,0.450649,-0.120854,-0.0082471,-0.0019018,-0.000832833,-0.00169926,0.487318,-0.0239881
7.31607,0.337969,0.447435,-0.109465,-0.00823523,-0.00189905,-0.000831604,-0.00169746,0.484092,-0.0239943
7.32193,0.223806,0.444244,-0.220438,-0.00822341,-0.00189631,-0.000830379,-0.00169567,0.48089,-0.0240005
7.3278,0.339935,0.441077,-0.101143,-0.00821161,-0.00189358,-0.000829158,-0.00169388,0.477712,-0.0240069
7.33366,0.375313,0.437934,-0.062621,-0.00819985,-0.00189086,-0.00082794,-0.00169209,0.474559,-0.0240134
7.33952,0.325543,0.434815,-0.109272,-0.00818813,-0.00188814,-0.000826725,-0.00169031,0.471428,-0.0240199
7.34538,0.23134,0.431719,-0.200378,-0.00817644,-0.00188544,-0.000825514,-0.00168853,0.468321,-0.0240266
7.35125,0.45514,0.428646,0.026494,-0.00816479,-0.00188274,-0.000824307,-0.00168675,0.465238,-0.0240334
7.35711,0.443639,0.425596,0.0180431,-0.00815317,-0.00188005,-0.000823103,-0.00168498,0.462177,-0.0240402
7.36297,0.461886,0.422568,0.0393184,-0.00814158,-0.00187737,-0.000821902,-0.00168321,0.459139,-0.0240472
7.36883,0.225319,0.419563,-0.194243,-0.00813003,-0.00187469,-0.000820705,-0.00168144,0.456124,-0.0240543
7.37469,0.331093,0.416579,-0.0854861,-0.00811852,-0.00187202,-0.000819512,-0.00167968,0.453131,-0.0240615
7.38056,0.327458,0.413618,-0.0861606,-0.00810704,-0.00186936,-0.000818322,-0.00167792,0.45016,-0.0240688
7.38642,0.459774,0.410679,0.049095,-0.00809559,-0.00186671,-0.000817135,-0.00167617,0.447211,-0.0240762
7.39228,0.549477,0.407761,0.141716,-0.00808418,-0.00186407,-0.000815952,-0.00167442,0.444284,-0.0240837
7.39814,0.427658,0.404865,0.0227931,-0.0080728,-0.00186143,-0.000814772,-0.00167267,0.441378,-0.0240913
7.40401,0.339313,0.40199,-0.0626772,-0.00806145,-0.0018588,-0.000813596,-0.00167093,0.438494,-0.024099
7.40987,0.450896,0.399135,0.0517602,-0.00805014,-0.00185618,-0.000812423,-0.00166919,0.43563,-0.0241068
7.41573,0.40414,0.396302,0.00783793,-0.00803886,-0.00185357,-0.000811253,-0.00166745,0.432788,-0.0241147
7.42159,0.351773,0.393489,-0.0417165,-0.00802761,-0.00185096,-0.000810086,-0.00166572,0.429966,-0.0241227
7.42745,0.519846,0.390697,0.129149,-0.0080164,-0.00184836,-0.000808923,-0.00166399,0.427165,-0.0241309
7.43332,0.447446,0.387924,0.0595215,-0.00800522,-0.00184577,-0.000807764,-0.00166227,0.424385,-0.0241391
7.43918,0.415877,0.385172,0.0307051,-0.00799407,-0.00184319,-0.000806607,-0.00166054,0.421624,-0.0241474
7.44504,0.289046,0.38244,-0.0933941,-0.00798295,-0.00184061,-0.000805454,-0.00165883,0.418884,-0.0241559
7.4509,0.426735,0.379727,0.0470084,-0.00797187,-0.00183804,-0.000804304,-0.00165711,0.416163,-0.0241644
7.45677,0.393385,0.377034,0.0163512,-0.00796082,-0.00183548,-0.000803157,-0.0016554,0.413462,-0.024173
7.46263,0.439974,0.37436,0.0656139,-0.0079498,-0.00183293,-0.000802014,-0.00165369,0.41078,-0.0241818
7.46849,0.452903,0.371705,0.0811979,-0.00793881,-0.00183038,-0.000800874,-0.00165199,0.408118,-0.0241906
7.47435,0.372907,0.369069,0.00383778,-0.00792785,-0.00182784,-0.000799737,-0.00165029,0.405474,-0.0241996
7.48021,0.469968,0.366452,0.103516,-0.00791693,-0.00182531,-0.000798603,-0.00164859,0.40285,-0.0242087
7.48608,0.350222,0.363854,-0.0136319,-0.00790604,-0.00182278,-0.000797472,-0.0016469,0.400245,-0.0242178
7.49194,0.338691,0.361273,-0.0225822,-0.00789518,-0.00182026,-0.000796345,-0.00164521,0.397658,-0.0242271
7.4978,0.330366,0.358712,-0.0283453,-0.00788434,-0.00181775,-0.000795221,-0.00164352,0.395089,-0.0242365
7.50366,0.37698,0.356168,0.0208117,-0.00787355,-0.00181525,-0.0007941,-0.00164184,0.392539,-0.0242459
7.50953,0.241401,0.353642,-0.112242,-0.00786278,-0.00181275,-0.000792982,-0.00164016,0.390007,-0.0242555
7.51539,0.324601,0.351134,-0.0265333,-0.00785204,-0.00181026,-0.000791867,-0.00163848,0.387492,-0.0242652
7.52125,0.299633,0.348644,-0.049011,-0.00784133,-0.00180778,-0.000790755,-0.00163681,0.384996,-0.024275
7.52711,0.24912,0.346171,-0.097051,-0.00783066,-0.0018053,-0.000789647,-0.00163514,0.382517,-0.0242849
7.53298,0.322925,0.343716,-0.0207905,-0.00782001,-0.00180284,-0.000788541,-0.00163347,0.380056,-0.0242949
7.53884,0.483758,0.341277,0.142481,-0.00780939,-0.00180037,-0.000787439,-0.00163181,0.377611,-0.024305
7.5447,0.244564,0.338856,-0.0942919,-0.00779881,-0.00179792,-0.000786339,-0.00163015,0.375184,-0.0243152
7.55056,0.317126,0.336452,-0.0193259,-0.00778825,-0.00179547,-0.000785243,-0.0016285,0.372775,-0.0243255
7.55642,0.424535,0.334064,0.0904712,-0.00777773,-0.00179303,-0.00078415,-0.00162684,0.370381,-0.0243359
7.56229,0.503105,0.331693,0.171412,-0.00776723,-0.0017906,-0.000783059,-0.00162519,0.368005,-0.0243464
7.56815,0.472078,0.329338,0.14274,-0.00775676,-0.00178817,-0.000781972,-0.00162355,0.365645,-0.024357
7.57401,0.262772,0.326999,-0.0642274,-0.00774632,-0.00178575,-0.000780888,-0.0016219,0.363302,-0.0243678
7.57987,0.36721,0.324677,0.0425336,-0.00773592,-0.00178333,-0.000779806,-0.00162027,0.360975,-0.0243786
7.58574,0.350812,0.322371,0.0284413,-0.00772554,-0.00178092,-0.000778728,-0.00161863,0.358664,-0.0243895
7.5916,0.390915,0.32008,0.0708351,-0.00771519,-0.00177852,-0.000777653,-0.001617,0.356369,-0.0244005
7.59746,0.375216,0.317805,0.0574105,-0.00770487,-0.00177613,-0.00077658,-0.00161537,0.35409,-0.0244117
7.60332,0.388061,0.315546,0.0725156,-0.00769457,-0.00177374,-0.000775511,-0.00161374,0.351826,-0.0244229
7.60918,0.339337,0.313302,0.0260349,-0.00768431,-0.00177136,-0.000774444,-0.00161212,0.349579,-0.0244343
7.61505,0.396257,0.311073,0.0851837,-0.00767408,-0.00176899,-0.00077338,-0.0016105,0.347346,-0.0244457
7.62091,0.288198,0.30886,-0.0206618,-0.00766387,-0.00176662,-0.00077232,-0.00160888,0.345129,-0.0244573
7.62677,0.346385,0.306662,0.0397237,-0.00765369,-0.00176426,-0.000771262,-0.00160727,0.342927,-0.0244689
7.63263,0.108026,0.304478,-0.196453,-0.00764354,-0.0017619,-0.000770207,-0.00160566,0.34074,-0.0244807
7.6385,0.122652,0.30231,-0.179657,-0.00763342,-0.00175955,-0.000769155,-0.00160405,0.338569,-0.0244926
7.64436,0.306685,0.300156,0.00652945,-0.00762332,-0.00175721,-0.000768105,-0.00160245,0.336411,-0.0245045
7.65022,0.477636,0.298016,0.17962,-0.00761326,-0.00175487,-0.000767059,-0.00160085,0.334269,-0.0245166
7.65608,0.419517,0.295891,0.123626,-0.00760322,-0.00175255,-0.000766015,-0.00159925,0.332141,-0.0245288
7.66194,0.46296,0.293781,0.16918,-0.00759321,-0.00175022,-0.000764974,-0.00159766,0.330028,-0.0245411
7.66781,0.34241,0.291684,0.050726,-0.00758323,-0.00174791,-0.000763936,-0.00159607,0.327928,-0.0245535
7.67367,0.262642,0.289601,-0.0269592,-0.00757327,-0.0017456,-0.000762901,-0.00159448,0.325844,-0.024566
7.67953,0.341258,0.287533,0.0537253,-0.00756334,-0.00174329,-0.000761869,-0.00159289,0.323773,-0.0245786
7.68539,0.318824,0.285478,0.0333464,-0.00755344,-0.00174099,-0.000760839,-0.00159131,0.321716,-0.0245913
7.69126,0.389372,0.283437,0.105936,-0.00754356,-0.0017387,-0.000759812,-0.00158973,0.319673,-0.0246041
7.69712,0.284763,0.281409,0.0033541,-0.00753372,-0.00173642,-0.000758788,-0.00158816,0.317643,-0.024617
7.70298,0.278683,0.279395,-0.000712254,-0.0075239,-0.00173414,-0.000757767,-0.00158659,0.315627,-0.02463
7.70884,0.32519,0.277394,0.0477959,-0.0075141,-0.00173186,-0.000756748,-0.00158502,0.313625,-0.0246431
7.7147,0.361911,0.275406,0.0865047,-0.00750433,-0.00172959,-0.000755732,-0.00158345,0.311636,-0.0246563
7.72057,0.322402,0.273432,0.0489699,-0.00749459,-0.00172733,-0.000754719,-0.00158189,0.30966,-0.0246696
7.72643,0.406772,0.271471,0.135301,-0.00748488,-0.00172508,-0.000753708,-0.00158033,0.307698,-0.0246831
7.73229,0.176504,0.269522,-0.093018,-0.00747519,-0.00172283,-0.000752701,-0.00157877,0.305748,-0.0246966
7.73815,0.430563,0.267586,0.162976,-0.00746553,-0.00172059,-0.000751695,-0.00157722,0.303811,-0.0247102
7.74402,0.38987,0.265663,0.124207,-0.00745589,-0.00171835,-0.000750693,-0.00157567,0.301888,-0.024724
7.74988,0.421357,0.263753,0.157604,-0.00744628,-0.00171612,-0.000749693,-0.00157412,0.299977,-0.0247378
7.75574,0.450539,0.261855,0.188685,-0.00743669,-0.00171389,-0.000748696,-0.00157258,0.298078,-0.0247518
7.7616,0.284306,0.259969,0.0243367,-0.00742713,-0.00171167,-0.000747701,-0.00157103,0.296192,-0.0247658
7.76746,0.349069,0.258095,0.0909734,-0.0074176,-0.00170946,-0.000746709,-0.0015695,0.294319,-0.02478
7.77333,0.323807,0.256234,0.0675731,-0.00740809,-0.00170725,-0.00074572,-0.00156796,0.292457,-0.0247942
7.77919,0.104599,0.254385,-0.149786,-0.00739861,-0.00170505,-0.000744733,-0.00156643,0.290608,-0.0248086
7.78505,0.415815,0.252548,0.163268,-0.00738915,-0.00170285,-0.000743749,-0.0015649,0.288772,-0.024823
7.79091,0.353019,0.250722,0.102297,-0.00737972,-0.00170066,-0.000742768,-0.00156337,0.286947,-0.0248376
7.79678,0.170825,0.248909,-0.0780838,-0.00737031,-0.00169848,-0.000741789,-0.00156185,0.285134,-0.0248523
7.80264,0.0943412,0.247107,-0.152766,-0.00736093,-0.0016963,-0.000740812,-0.00156033,0.283332,-0.0248671
7.8085,0.124837,0.245317,-0.12048,-0.00735157,-0.00169413,-0.000739838,-0.00155881,0.281543,-0.024882
7.81436,0.0313669,0.243538,-0.212171,-0.00734224,-0.00169196,-0.000738867,-0.0015573,0.279765,-0.0248969
7.82022,-0.0609618,0.24177,-0.302732,-0.00733293,-0.0016898,-0.000737898,-0.00155578,0.277999,-0.024912
7.82609,0.100231,0.240014,-0.139783,-0.00732365,-0.00168764,-0.000736932,-0.00155427,0.276244,-0.0249272
7.83195,0.118735,0.238269,-0.119534,-0.00731439,-0.00168549,-0.000735968,-0.00155277,0.2745,-0.0249425
7.83781,0.339785,0.236535,0.10325,-0.00730515,-0.00168335,-0.000735007,-0.00155127,0.272768,-0.0249579
7.84367,0.114817,0.234812,-0.119996,-0.00729594,-0.00168121,-0.000734048,-0.00154977,0.271047,-0.0249734
7.84954,0.0270048,0.233101,-0.206096,-0.00728676,-0.00167908,-0.000733092,-0.00154827,0.269337,-0.024989
7.8554,0.131209,0.231399,-0.10019,-0.0072776,-0.00167695,-0.000732138,-0.00154677,0.267638,-0.0250048
7.86126,0.132604,0.229709,-0.0971051,-0.00726846,-0.00167483,-0.000731187,-0.00154528,0.26595,-0.0250206
7.86712,0.173887,0.22803,-0.0541423,-0.00725934,-0.00167271,-0.000730238,-0.00154379,0.264272,-0.0250365
7.87298,0.224186,0.22636,-0.00217465,-0.00725025,-0.0016706,-0.000729291,-0.00154231,0.262605,-0.0250525
7.87885,0.248602,0.224702,0.0239005,-0.00724118,-0.00166849,-0.000728348,-0.00154082,0.260949,-0.0250687
7.88471,0.344365,0.223054,0.121311,-0.00723214,-0.00166639,-0.000727406,-0.00153934,0.259304,-0.0250849
7.89057,0.291758,0.221416,0.0703422,-0.00722312,-0.00166429,-0.000726467,-0.00153787,0.257669,-0.0251012
7.89643,0.0776617,0.219788,-0.142127,-0.00721412,-0.0016622,-0.00072553,-0.00153639,0.256044,-0.0251177
7.9023,-0.0135767,0.218171,-0.231748,-0.00720515,-0.00166012,-0.000724596,-0.00153492,0.25443,-0.0251342
7.90816,-0.0704631,0.216564,-0.287027,-0.0071962,-0.00165804,-0.000723664,-0.00153345,0.252826,-0.0251509
7.91402,0.173635,0.214967,-0.0413312,-0.00718727,-0.00165597,-0.000722734,-0.00153199,0.251232,-0.0251676
7.91988,0.273412,0.213379,0.0600324,-0.00717837,-0.0016539,-0.000721807,-0.00153052,0.249648,-0.0251845
7.92574,0.261571,0.211802,0.0497695,-0.00716949,-0.00165184,-0.000720882,-0.00152906,0.248074,-0.0252014
7.93161,0.163443,0.210234,-0.0467914,-0.00716063,-0.00164978,-0.00071996,-0.00152761,0.24651,-0.0252185
7.93747,0.300069,0.208676,0.0913932,-0.0071518,-0.00164772,-0.00071904,-0.00152615,0.244956,-0.0252357
7.94333,0.11021,0.207127,-0.0969172,-0.00714298,-0.00164568,-0.000718122,-0.0015247,0.243412,-0.025253
7.94919,0.204545,0.205589,-0.00104374,-0.00713419,-0.00164363,-0.000717206,-0.00152325,0.241877,-0.0252703
7.95506,0.364297,0.204059,0.160238,-0.00712542,-0.0016416,-0.000716293,-0.0015218,0.240352,-0.0252878
7.96092,0.340775,0.202539,0.138236,-0.00711668,-0.00163957,-0.000715382,-0.00152036,0.238836,-0.0253054
7.96678,0.232895,0.201028,0.0318665,-0.00710796,-0.00163754,-0.000714474,-0.00151892,0.23733,-0.0253231
7.97264,0.120496,0.199527,-0.0790306,-0.00709926,-0.00163552,-0.000713568,-0.00151748,0.235834,-0.0253409
7.97851,0.074305,0.198035,-0.12373,-0.00709058,-0.0016335,-0.000712664,-0.00151604,0.234346,-0.0253588
7.98437,0.00606507,0.196551,-0.190486,-0.00708192,-0.00163149,-0.000711762,-0.00151461,0.232868,-0.0253768
7.99023,0.204614,0.195077,0.00953659,-0.00707328,-0.00162948,-0.000710863,-0.00151318,0.231399,-0.0253949
7.99609,0.317725,0.193612,0.124113,-0.00706467,-0.00162748,-0.000709965,-0.00151175,0.229939,-0.0254131
8.00195,0.268227,0.192156,0.0760714,-0.00705608,-0.00162548,-0.000709071,-0.00151033,0.228488,-0.0254314
8.00782,0.333843,0.190708,0.143135,-0.00704751,-0.00162349,-0.000708178,-0.00150891,0.227046,-0.0254498
8.01368,0.272889,0.18927,0.0836191,-0.00703896,-0.00162151,-0.000707287,-0.00150749,0.225613,-0.0254684
8.01954,0.243848,0.18784,0.0560087,-0.00703044,-0.00161953,-0.000706399,-0.00150607,0.224189,-0.025487
8.0254,0.20588,0.186418,0.0194618,-0.00702193,-0.00161755,-0.000705513,-0.00150465,0.222773,-0.0255057
8.03127,0.27815,0.185005,0.0931446,-0.00701345,-0.00161558,-0.000704629,-0.00150324,0.221367,-0.0255245
8.03713,0.411156,0.183601,0.227556,-0.00700499,-0.00161361,-0.000703748,-0.00150183,0.219969,-0.0255435
8.04299,0.391542,0.182205,0.209337,-0.00699654,-0.00161165,-0.000702869,-0.00150043,0.218579,-0.0255625
8.04885,0.131055,0.180817,-0.0497627,-0.00698812,-0.00160969,-0.000701991,-0.00149902,0.217198,-0.0255817
8.05471,0.182,0.179438,0.00256242,-0.00697973,-0.00160774,-0.000701116,-0.00149762,0.215825,-0.0256009
8.06058,0.100723,0.178067,-0.0773439,-0.00697135,-0.00160579,-0.000700243,-0.00149622,0.214461,-0.0256203
8.06644,0.113091,0.176704,-0.0636133,-0.00696299,-0.00160385,-0.000699373,-0.00149483,0.213105,-0.0256397
8.0723,0.208988,0.175349,0.033639,-0.00695465,-0.00160191,-0.000698504,-0.00149344,0.211757,-0.0256593
8.07816,0.164172,0.174002,-0.00983032,-0.00694634,-0.00159998,-0.000697638,-0.00149205,0.210417,-0.025679
8.08403,0.11388,0.172664,-0.058784,-0.00693804,-0.00159805,-0.000696774,-0.00149066,0.209086,-0.0256987
8.08989,0.137022,0.171333,-0.0343107,-0.00692977,-0.00159613,-0.000695911,-0.00148927,0.207763,-0.0257186
8.09575,0.0680845,0.17001,-0.101925,-0.00692151,-0.00159421,-0.000695051,-0.00148789,0.206447,-0.0257386
8.10161,0.106018,0.168695,-0.0626771,-0.00691328,-0.0015923,-0.000694193,-0.00148651,0.20514,-0.0257587
8.10747,-0.0304285,0.167387,-0.197816,-0.00690507,-0.00159039,-0.000693338,-0.00148513,0.20384,-0.0257788
8.11334,0.111155,0.166087,-0.0549321,-0.00689687,-0.00158848,-0.000692484,-0.00148375,0.202548,-0.0257991
8.1192,0.159772,0.164795,-0.00502372,-0.0068887,-0.00158658,-0.000691632,-0.00148238,0.201264,-0.0258195
8.12506,0.0880049,0.163511,-0.0755059,-0.00688055,-0.00158469,-0.000690783,-0.00148101,0.199988,-0.02584
8.13092,0.128065,0.162234,-0.0341689,-0.00687242,-0.0015828,-0.000689935,-0.00147964,0.198719,-0.0258606
8.13679,0.169983,0.160964,0.00901924,-0.0068643,-0.00158091,-0.00068909,-0.00147828,0.197458,-0.0258813
8.14265,0.193595,0.159702,0.0338932,-0.00685621,-0.00157903,-0.000688247,-0.00147692,0.196205,-0.0259021
8.14851,0.0223373,0.158447,-0.13611,-0.00684814,-0.00157715,-0.000687405,-0.00147556,0.194958,-0.0259231
8.15437,0.27101,0.1572,0.11381,-0.00684008,-0.00157528,-0.000686566,-0.0014742,0.19372,-0.0259441
8.16023,0.0507481,0.155959,-0.105211,-0.00683205,-0.00157341,-0.000685729,-0.00147284,0.192488,-0.0259652
8.1661,0.102274,0.154726,-0.0524521,-0.00682403,-0.00157155,-0.000684894,-0.00147149,0.191265,-0.0259864
8.17196,0.244907,0.1535,0.0914066,-0.00681604,-0.00156969,-0.000684061,-0.00147014,0.190048,-0.0260077
8.17782,0.305906,0.152281,0.153625,-0.00680806,-0.00156784,-0.00068323,-0.00146879,0.188838,-0.0260292
8.18368,0.0582228,0.151069,-0.0928465,-0.00680011,-0.00156599,-0.0006824,-0.00146745,0.187636,-0.0260507
8.18955,0.16845,0.149864,0.0185861,-0.00679217,-0.00156414,-0.000681573,-0.0014661,0.186441,-0.0260724
8.19541,0.151442,0.148666,0.00277587,-0.00678425,-0.0015623,-0.000680748,-0.00146476,0.185253,-0.0260941
8.20127,0.152626,0.147475,0.00515048,-0.00677635,-0.00156047,-0.000679925,-0.00146343,0.184071,-0.026116
8.20713,0.0740629,0.146291,-0.0722281,-0.00676847,-0.00155863,-0.000679104,-0.00146209,0.182897,-0.0261379
8.21299,0.223685,0.145113,0.0785714,-0.00676061,-0.00155681,-0.000678285,-0.00146076,0.18173,-0.02616
8.21886,0.314383,0.143943,0.17044,-0.00675277,-0.00155498,-0.000677468,-0.00145943,0.180569,-0.0261821
8.22472,0.227259,0.142778,0.0844809,-0.00674495,-0.00155316,-0.000676652,-0.0014581,0.179416,-0.0262044
8.23058,0.1979,0.141621,0.0562792,-0.00673714,-0.00155135,-0.000675839,-0.00145677,0.178269,-0.0262268
8.23644,-0.0257253,0.14047,-0.166195,-0.00672936,-0.00154954,-0.000675028,-0.00145545,0.177129,-0.0262492
8.24231,0.0309167,0.139325,-0.108409,-0.00672159,-0.00154773,-0.000674218,-0.00145413,0.175995,-0.0262718
8.24817,0.106547,0.138188,-0.0316405,-0.00671384,-0.00154593,-0.000673411,-0.00145281,0.174868,-0.0262945
8.25403,0.159868,0.137056,0.0228124,-0.00670611,-0.00154413,-0.000672605,-0.00145149,0.173748,-0.0263173
8.25989,0.10669,0.135931,-0.0292406,-0.0066984,-0.00154234,-0.000671801,-0.00145018,0.172634,-0.0263402
8.26575,0.111138,0.134812,-0.0236745,-0.00669071,-0.00154055,-0.000671,-0.00144887,0.171526,-0.0263632
8.27162,0.272494,0.1337,0.138795,-0.00668304,-0.00153877,-0.0006702,-0.00144756,0.170425,-0.0263863
8.27748,0.317237,0.132593,0.184643,-0.00667538,-0.00153699,-0.000669402,-0.00144625,0.169331,-0.0264095
8.28334,0.201955,0.131493,0.070462,-0.00666774,-0.00153521,-0.000668606,-0.00144495,0.168242,-0.0264328
8.2892,0.201361,0.130399,0.0709613,-0.00666012,-0.00153344,-0.000667812,-0.00144365,0.16716,-0.0264562
8.29507,0.109639,0.129311,-0.0196721,-0.00665252,-0.00153167,-0.000667019,-0.00144235,0.166085,-0.0264797
8.30093,0.194823,0.12823,0.066593,-0.00664493,-0.00152991,-0.000666229,-0.00144105,0.165015,-0.0265033
8.30679,0.103812,0.127154,-0.0233423,-0.00663737,-0.00152815,-0.00066544,-0.00143975,0.163952,-0.026527
8.31265,0.178591,0.126084,0.0525072,-0.00662982,-0.00152639,-0.000664654,-0.00143846,0.162894,-0.0265508
8.31851,0.211242,0.12502,0.0862215,-0.00662229,-0.00152464,-0.000663869,-0.00143717,0.161843,-0.0265748
8.32438,0.142656,0.123963,0.0186939,-0.00661478,-0.0015229,-0.000663086,-0.00143588,0.160798,-0.0265988
8.33024,0.0291133,0.122911,-0.0937972,-0.00660728,-0.00152115,-0.000662305,-0.0014346,0.159759,-0.0266229
8.3361,0.230752,0.121864,0.108888,-0.0065998,-0.00151941,-0.000661525,-0.00143331,0.158726,-0.0266472
8.34196,0.135946,0.120824,0.0151224,-0.00659234,-0.00151768,-0.000660748,-0.00143203,0.157698,-0.0266715
8.34783,0.210827,0.119789,0.0910381,-0.0065849,-0.00151595,-0.000659972,-0.00143075,0.156677,-0.026696
8.35369,0.175619,0.11876,0.0568594,-0.00657747,-0.00151422,-0.000659198,-0.00142948,0.155661,-0.0267205
8.35955,0.0242082,0.117737,-0.0935284,-0.00657006,-0.0015125,-0.000658426,-0.0014282,0.154651,-0.0267452
8.36541,0.234056,0.116719,0.117337,-0.00656267,-0.00151078,-0.000657656,-0.00142693,0.153647,-0.0267699
8.37128,0.23347,0.115707,0.117763,-0.0065553,-0.00150906,-0.000656887,-0.00142566,0.152648,-0.0267948
8.37714,0.0523535,0.1147,-0.0623463,-0.00654794,-0.00150735,-0.000656121,-0.00142439,0.151655,-0.0268198
8.383,-0.0835896,0.113699,-0.197288,-0.0065406,-0.00150565,-0.000655356,-0.00142313,0.150668,-0.0268449
8.38886,0.0102934,0.112703,-0.102409,-0.00653328,-0.00150394,-0.000654592,-0.00142186,0.149687,-0.02687
8.39472,0.0206929,0.111713,-0.0910197,-0.00652598,-0.00150224,-0.000653831,-0.0014206,0.148711,-0.0268953
8.40059,-0.0343344,0.110728,-0.145062,-0.00651869,-0.00150055,-0.000653071,-0.00141934,0.14774,-0.0269207
8.40645,0.0901072,0.109748,-0.0196408,-0.00651142,-0.00149886,-0.000652314,-0.00141809,0.146775,-0.0269462
8.41231,0.158713,0.108774,0.0499392,-0.00650416,-0.00149717,-0.000651557,-0.00141683,0.145815,-0.0269718
8.41817,0.23573,0.107805,0.127925,-0.00649692,-0.00149549,-0.000650803,-0.00141558,0.144861,-0.0269975
8.42404,0.172098,0.106841,0.0652577,-0.0064897,-0.00149381,-0.00065005,-0.00141433,0.143912,-0.0270233
8.4299,0.267214,0.105882,0.161332,-0.00648249,-0.00149213,-0.000649299,-0.00141308,0.142968,-0.0270492
8.43576,0.10461,0.104929,-0.000318057,-0.00647531,-0.00149046,-0.00064855,-0.00141184,0.14203,-0.0270752
8.44162,0.0791645,0.10398,-0.0248156,-0.00646813,-0.00148879,-0.000647803,-0.00141059,0.141097,-0.0271013
8.44748,0.155509,0.103037,0.0524722,-0.00646098,-0.00148713,-0.000647057,-0.00140935,0.140169,-0.0271275
8.45335,0.0982755,0.102099,-0.00382302,-0.00645384,-0.00148547,-0.000646313,-0.00140811,0.139246,-0.0271538
8.45921,0.181635,0.101165,0.0804695,-0.00644672,-0.00148381,-0.000645571,-0.00140688,0.138328,-0.0271803
8.46507,0.0759125,0.100237,-0.0243245,-0.00643961,-0.00148216,-0.00064483,-0.00140564,0.137416,-0.0272068
8.47093,0.040187,0.0993136,-0.0591266,-0.00643252,-0.00148051,-0.000644091,-0.00140441,0.136509,-0.0272334
8.4768,-0.0431494,0.0983952,-0.141545,-0.00642544,-0.00147886,-0.000643354,-0.00140318,0.135606,-0.0272602
8.48266,0.00776567,0.0974816,-0.089716,-0.00641838,-0.00147722,-0.000642618,-0.00140195,0.134709,-0.027287
8.48852,0.109376,0.0965729,0.0128029,-0.00641134,-0.00147558,-0.000641884,-0.00140073,0.133816,-0.0273139
8.49438,0.255298,0.095669,0.159629,-0.00640432,-0.00147395,-0.000641152,-0.0013995,0.132929,-0.027341
8.50024,0.256823,0.0947698,0.162053,-0.00639731,-0.00147232,-0.000640422,-0.00139828,0.132046,-0.0273681
8.50611,0.061445,0.0938754,-0.0324304,-0.00639031,-0.00147069,-0.000639693,-0.00139706,0.131169,-0.0273954
8.51197,0.154179,0.0929857,0.0611929,-0.00638333,-0.00146907,-0.000638965,-0.00139584,0.130296,-0.0274228
8.51783,0.0642578,0.0921007,-0.0278429,-0.00637637,-0.00146745,-0.00063824,-0.00139463,0.129428,-0.0274502
8.52369,-0.0383903,0.0912203,-0.129611,-0.00636942,-0.00146583,-0.000637516,-0.00139342,0.128564,-0.0274778
8.52956,0.13949,0.0903445,0.049146,-0.00636249,-0.00146422,-0.000636793,-0.0013922,0.127706,-0.0275055
8.53542,0.0791954,0.0894733,-0.0102779,-0.00635557,-0.00146261,-0.000636073,-0.001391,0.126852,-0.0275332
8.54128,0.108649,0.0886067,0.0200427,-0.00634867,-0.00146101,-0.000635353,-0.00138979,0.126003,-0.0275611
8.54714,0.0378298,0.0877446,-0.0499147,-0.00634179,-0.0014594,-0.000634636,-0.00138858,0.125158,-0.0275891
8.553,-0.044523,0.0868869,-0.13141,-0.00633492,-0.00145781,-0.00063392,-0.00138738,0.124318,-0.0276172
8.55887,-0.0850487,0.0860337,-0.171082,-0.00632806,-0.00145621,-0.000633206,-0.00138618,0.123483,-0.0276454
8.56473,0.0936315,0.085185,0.00844648,-0.00632122,-0.00145462,-0.000632493,-0.00138498,0.122652,-0.0276737
8.57059,0.149942,0.0843406,0.0656014,-0.0063144,-0.00145303,-0.000631782,-0.00138379,0.121826,-0.0277021
8.57645,0.244011,0.0835006,0.160511,-0.00630759,-0.00145145,-0.000631073,-0.00138259,0.121004,-0.0277306
8.58232,0.197912,0.082665,0.115247,-0.0063008,-0.00144987,-0.000630365,-0.0013814,0.120187,-0.0277592
8.58818,0.222117,0.0818336,0.140283,-0.00629402,-0.00144829,-0.000629658,-0.00138021,0.119374,-0.0277879
8.59404,0.122181,0.0810065,0.0411741,-0.00628725,-0.00144672,-0.000628954,-0.00137902,0.118565,-0.0278167
8.5999,0.122518,0.0801837,0.0423342,-0.00628051,-0.00144515,-0.000628251,-0.00137783,0.117761,-0.0278456
8.60576,0.1041,0.0793651,0.0247349,-0.00627377,-0.00144358,-0.000627549,-0.00137665,0.116961,-0.0278747
8.61163,0.145715,0.0785507,0.0671641,-0.00626705,-0.00144202,-0.000626849,-0.00137547,0.116166,-0.0279038
8.61749,0.231032,0.0777405,0.153291,-0.00626035,-0.00144046,-0.00062615,-0.00137429,0.115375,-0.027933
8.62335,0.090796,0.0769343,0.0138616,-0.00625366,-0.0014389,-0.000625453,-0.00137311,0.114588,-0.0279624
8.62921,0.114195,0.0761323,0.0380624,-0.00624699,-0.00143735,-0.000624758,-0.00137193,0.113805,-0.0279918
8.63508,-0.0409478,0.0753344,-0.116282,-0.00624033,-0.0014358,-0.000624064,-0.00137076,0.113027,-0.0280213
8.64094,-0.0326851,0.0745406,-0.107226,-0.00623368,-0.00143426,-0.000623372,-0.00136959,0.112252,-0.028051
8.6468,0.07473,0.0737507,0.000979306,-0.00622705,-0.00143271,-0.000622681,-0.00136842,0.111482,-0.0280807
8.65266,-0.00542543,0.0729649,-0.0783903,-0.00622044,-0.00143118,-0.000621992,-0.00136725,0.110716,-0.0281106
8.65852,-0.0605619,0.072183,-0.132745,-0.00621383,-0.00142964,-0.000621304,-0.00136608,0.109954,-0.0281406
8.66439,-0.0149728,0.0714051,-0.0863779,-0.00620725,-0.00142811,-0.000620618,-0.00136492,0.109197,-0.0281706
8.67025,-0.0858343,0.0706311,-0.156465,-0.00620067,-0.00142658,-0.000619933,-0.00136376,0.108443,-0.0282008
8.67611,0.000843472,0.069861,-0.0690175,-0.00619412,-0.00142505,-0.00061925,-0.0013626,0.107693,-0.0282311
8.68197,-0.053642,0.0690947,-0.122737,-0.00618757,-0.00142353,-0.000618568,-0.00136144,0.106947,-0.0282614
8.68784,-0.0426503,0.0683323,-0.110983,-0.00618104,-0.00142201,-0.000617888,-0.00136028,0.106205,-0.0282919
8.6937,0.00822795,0.0675738,-0.0593458,-0.00617453,-0.0014205,-0.000617209,-0.00135913,0.105468,-0.0283225
8.69956,0.0860766,0.066819,0.0192577,-0.00616803,-0.00141898,-0.000616532,-0.00135797,0.104734,-0.0283532
8.70542,0.0679168,0.066068,0.00184886,-0.00616154,-0.00141747,-0.000615856,-0.00135682,0.104004,-0.028384
8.71128,0.112607,0.0653207,0.0472867,-0.00615507,-0.00141597,-0.000615182,-0.00135568,0.103277,-0.0284149
8.71715,0.0324157,0.0645771,-0.0321614,-0.00614861,-0.00141447,-0.000614509,-0.00135453,0.102555,-0.0284459
8.72301,0.250677,0.0638373,0.18684,-0.00614216,-0.00141297,-0.000613838,-0.00135338,0.101837,-0.028477
8.72887,0.13434,0.0631011,0.0712394,-0.00613573,-0.00141147,-0.000613168,-0.00135224,0.101122,-0.0285082
8.73473,0.0796775,0.0623685,0.017309,-0.00612931,-0.00140998,-0.000612499,-0.0013511,0.100411,-0.0285395
8.7406,0.0898433,0.0616396,0.0282038,-0.00612291,-0.00140849,-0.000611832,-0.00134996,0.0997037,-0.0285709
8.74646,0.168726,0.0609143,0.107812,-0.00611652,-0.001407,-0.000611167,-0.00134882,0.0990002,-0.0286024
8.75232,-0.0160223,0.0601925,-0.0762148,-0.00611014,-0.00140552,-0.000610503,-0.00134769,0.0983004,-0.028634
8.75818,-0.000598956,0.0594743,-0.0600732,-0.00610378,-0.00140404,-0.00060984,-0.00134656,0.0976043,-0.0286658
8.76404,0.169152,0.0587596,0.110392,-0.00609743,-0.00140256,-0.000609179,-0.00134543,0.0969118,-0.0286976
8.76991,0.0433041,0.0580484,-0.0147443,-0.0060911,-0.00140109,-0.000608519,-0.0013443,0.096223,-0.0287295
8.77577,0.0143978,0.0573407,-0.0429429,-0.00608478,-0.00139962,-0.00060786,-0.00134317,0.0955377,-0.0287616
8.78163,0.066918,0.0566365,0.0102815,-0.00607847,-0.00139815,-0.000607203,-0.00134204,0.0948561,-0.0287937
8.78749,0.0539965,0.0559357,-0.00193923,-0.00607218,-0.00139669,-0.000606548,-0.00134092,0.094178,-0.028826
8.79336,0.1471,0.0552383,0.0918622,-0.00606589,-0.00139522,-0.000605894,-0.0013398,0.0935034,-0.0288583
8.79922,-0.00848214,0.0545443,-0.0630265,-0.00605963,-0.00139377,-0.000605241,-0.00133868,0.0928324,-0.0288908
8.80508,0.0330813,0.0538537,-0.0207724,-0.00605337,-0.00139231,-0.00060459,-0.00133756,0.0921649,-0.0289233
8.81094,-0.0852567,0.0531664,-0.138423,-0.00604713,-0.00139086,-0.00060394,-0.00133644,0.0915008,-0.028956
8.81681,0.052302,0.0524825,-0.000180466,-0.0060409,-0.00138941,-0.000603291,-0.00133533,0.0908402,-0.0289888
8.82267,0.0824044,0.0518018,0.0306025,-0.00603469,-0.00138796,-0.000602644,-0.00133422,0.090183,-0.0290216
8.82853,0.153299,0.0511245,0.102175,-0.00602849,-0.00138652,-0.000601998,-0.00133311,0.0895292,-0.0290546
8.83439,0.188667,0.0504504,0.138216,-0.0060223,-0.00138508,-0.000601354,-0.001332,0.0888788,-0.0290877
8.84025,0.185403,0.0497795,0.135624,-0.00601612,-0.00138365,-0.000600711,-0.00133089,0.0882318,-0.0291209
8.84612,0.0358283,0.0491119,-0.0132836,-0.00600996,-0.00138221,-0.000600069,-0.00132979,0.0875881,-0.0291542
8.85198,0.0559697,0.0484475,0.00752222,-0.00600381,-0.00138078,-0.000599429,-0.00132868,0.0869477,-0.0291875
8.85784,0.130725,0.0477862,0.0829387,-0.00599768,-0.00137935,-0.00059879,-0.00132758,0.0863107,-0.029221
8.8637,0.0768658,0.0471281,0.0297377,-0.00599155,-0.00137793,-0.000598152,-0.00132648,0.0856769,-0.0292546
8.86957,0.0763029,0.0464732,0.0298297,-0.00598544,-0.00137651,-0.000597516,-0.00132538,0.0850464,-0.0292883
8.87543,0.225392,0.0458213,0.17957,-0.00597935,-0.00137509,-0.000596881,-0.00132429,0.0844191,-0.0293222
8.88129,0.00460736,0.0451726,-0.0405652,-0.00597326,-0.00137367,-0.000596247,-0.00132319,0.083795,-0.0293561
8.88715,-0.0484002,0.0445269,-0.0929271,-0.00596719,-0.00137226,-0.000595615,-0.0013221,0.0831742,-0.0293901
8.89301,0.206989,0.0438843,0.163105,-0.00596113,-0.00137085,-0.000594984,-0.00132101,0.0825565,-0.0294242
8.89888,0.203568,0.0432448,0.160323,-0.00595508,-0.00136944,-0.000594355,-0.00131992,0.081942,-0.0294584
8.90474,0.106285,0.0426082,0.0636767,-0.00594905,-0.00136804,-0.000593727,-0.00131883,0.0813306,-0.0294927
8.9106,0.0329138,0.0419747,-0.00906094,-0.00594303,-0.00136664,-0.0005931,-0.00131775,0.0807224,-0.0295272
8.91646,-0.0423221,0.0413441,-0.0836663,-0.00593702,-0.00136524,-0.000592474,-0.00131667,0.0801173,-0.0295617
8.92233,0.0178356,0.0407166,-0.0228809,-0.00593102,-0.00136385,-0.00059185,-0.00131558,0.0795152,-0.0295963
8.92819,0.0614647,0.0400919,0.0213728,-0.00592504,-0.00136246,-0.000591227,-0.0013145,0.0789162,-0.0296311
8.93405,-0.065855,0.0394702,-0.105325,-0.00591907,-0.00136107,-0.000590605,-0.00131343,0.0783203,-0.0296659
8.93991,-0.091526,0.0388514,-0.130377,-0.00591311,-0.00135968,-0.000589985,-0.00131235,0.0777274,-0.0297009
8.94577,0.0239547,0.0382355,-0.0142807,-0.00590716,-0.0013583,-0.000589366,-0.00131128,0.0771375,-0.0297359
8.95164,0.0570713,0.0376224,0.0194489,-0.00590123,-0.00135692,-0.000588748,-0.0013102,0.0765506,-0.0297711
8.9575,0.0345093,0.0370122,-0.00250295,-0.0058953,-0.00135554,-0.000588132,-0.00130913,0.0759667,-0.0298064
8.96336,0.165262,0.0364048,0.128857,-0.00588939,-0.00135416,-0.000587516,-0.00130806,0.0753857,-0.0298417
8.96922,-0.0544703,0.0358003,-0.0902706,-0.0058835,-0.00135279,-0.000586902,-0.00130699,0.0748077,-0.0298772
8.97509,0.105622,0.0351986,0.0704239,-0.00587761,-0.00135142,-0.00058629,-0.00130593,0.0742326,-0.0299128
8.98095,0.0314712,0.0345996,-0.00312837,-0.00587174,-0.00135006,-0.000585678,-0.00130486,0.0736604,-0.0299485
8.98681,0.128356,0.0340034,0.0943528,-0.00586587,-0.00134869,-0.000585068,-0.0013038,0.0730911,-0.0299842
8.99267,0.110567,0.0334099,0.0771571,-0.00586002,-0.00134733,-0.00058446,-0.00130274,0.0725246,-0.0300201
8.99853,0.055008,0.0328192,0.0221888,-0.00585419,-0.00134597,-0.000583852,-0.00130168,0.071961,-0.0300561
9.0044,0.0404091,0.0322312,0.00817788,-0.00584836,-0.00134462,-0.000583246,-0.00130063,0.0714003,-0.0300922
9.01026,0.00120869,0.0316459,-0.0304372,-0.00584255,-0.00134327,-0.000582641,-0.00129957,0.0708423,-0.0301284
9.01612,-0.0584736,0.0310633,-0.0895369,-0.00583675,-0.00134192,-0.000582037,-0.00129852,0.0702872,-0.0301647
9.02198,-0.0755438,0.0304833,-0.106027,-0.00583096,-0.00134057,-0.000581434,-0.00129746,0.0697348,-0.0302011
9.02785,0.133834,0.029906,0.103928,-0.00582518,-0.00133922,-0.000580833,-0.00129641,0.0691852,-0.0302376
9.03371,0.072233,0.0293313,0.0429017,-0.00581941,-0.00133788,-0.000580233,-0.00129536,0.0686384,-0.0302742
9.03957,0.0523821,0.0287592,0.0236229,-0.00581366,-0.00133654,-0.000579634,-0.00129432,0.0680943,-0.030311
9.04543,0.102862,0.0281897,0.0746719,-0.00580791,-0.00133521,-0.000579037,-0.00129327,0.0675529,-0.0303478
9.05129,-0.0152114,0.0276228,-0.0428342,-0.00580218,-0.00133388,-0.00057844,-0.00129223,0.0670142,-0.0303847
9.05716,0.112294,0.0270585,0.0852357,-0.00579646,-0.00133254,-0.000577845,-0.00129119,0.0664782,-0.0304217
9.06302,0.0911224,0.0264967,0.0646257,-0.00579075,-0.00133122,-0.000577251,-0.00129015,0.0659449,-0.0304589
9.06888,0.0767914,0.0259374,0.0508539,-0.00578506,-0.00132989,-0.000576658,-0.00128911,0.0654142,-0.0304961
9.07474,0.0223446,0.0253807,-0.00303608,-0.00577937,-0.00132857,-0.000576067,-0.00128807,0.0648862,-0.0305334
9.08061,0.264488,0.0248264,0.239662,-0.0057737,-0.00132725,-0.000575477,-0.00128704,0.0643608,-0.0305709
9.08647,0.0700727,0.0242747,0.0457981,-0.00576804,-0.00132593,-0.000574888,-0.001286,0.063838,-0.0306084
9.09233,-0.0266031,0.0237254,-0.0503285,-0.00576239,-0.00132462,-0.0005743,-0.00128497,0.0633178,-0.0306461
9.09819,-0.118421,0.0231786,-0.1416,-0.00575675,-0.00132331,-0.000573713,-0.00128394,0.0628001,-0.0306839
9.10405,-0.0689626,0.0226342,-0.0915968,-0.00575112,-0.001322,-0.000573127,-0.00128291,0.0622851,-0.0307217
9.10992,0.0245052,0.0220922,0.00241293,-0.0057455,-0.00132069,-0.000572543,-0.00128188,0.0617725,-0.0307597
9.11578,-0.176492,0.0215527,-0.198045,-0.0057399,-0.00131939,-0.00057196,-0.00128086,0.0612626,-0.0307978
9.12164,-0.0890817,0.0210155,-0.110097,-0.0057343,-0.00131808,-0.000571378,-0.00127983,0.0607551,-0.0308359
9.1275,-0.0630203,0.0204808,-0.0835011,-0.00572872,-0.00131679,-0.000570797,-0.00127881,0.0602501,-0.0308742
9.13337,-0.245136,0.0199484,-0.265085,-0.00572315,-0.00131549,-0.000570218,-0.00127779,0.0597476,-0.0309126
9.13923,-0.132251,0.0194183,-0.151669,-0.00571759,-0.0013142,-0.000569639,-0.00127677,0.0592476,-0.0309511
9.14509,-0.195833,0.0188906,-0.214724,-0.00571204,-0.00131291,-0.000569062,-0.00127576,0.05875,-0.0309897
9.15095,0.0521519,0.0183652,0.0337867,-0.0057065,-0.00131162,-0.000568486,-0.00127474,0.0582549,-0.0310284
9.15681,0.196176,0.0178421,0.178333,-0.00570097,-0.00131033,-0.000567911,-0.00127373,0.0577622,-0.0310672
9.16268,0.156633,0.0173214,0.139311,-0.00569546,-0.00130905,-0.000567337,-0.00127271,0.057272,-0.0311061
9.16854,-0.0680773,0.0168029,-0.0848802,-0.00568995,-0.00130777,-0.000566765,-0.0012717,0.0567841,-0.0311451
9.1744,0.0761838,0.0162866,0.0598971,-0.00568446,-0.00130649,-0.000566193,-0.00127069,0.0562986,-0.0311842
9.18026,0.122673,0.0157727,0.1069,-0.00567897,-0.00130521,-0.000565623,-0.00126969,0.0558155,-0.0312234
9.18613,0.043463,0.0152609,0.0282021,-0.0056735,-0.00130394,-0.000565054,-0.00126868,0.0553348,-0.0312627
9.19199,0.050025,0.0147514,0.0352736,-0.00566804,-0.00130267,-0.000564486,-0.00126768,0.0548564,-0.0313021
9.19785,0.0103686,0.0142441,-0.00387552,-0.00566259,-0.0013014,-0.000563919,-0.00126667,0.0543803,-0.0313417
9.20371,0.064158,0.013739,0.050419,-0.00565715,-0.00130014,-0.000563353,-0.00126567,0.0539066,-0.0313813
9.20957,-0.0666967,0.0132361,-0.0799328,-0.00565172,-0.00129887,-0.000562789,-0.00126467,0.0534352,-0.031421
9.21544,0.0204268,0.0127354,0.00769143,-0.0056463,-0.00129761,-0.000562225,-0.00126367,0.052966,-0.0314609
9.2213,0.130817,0.0122368,0.118581,-0.00564089,-0.00129635,-0.000561663,-0.00126268,0.0524991,-0.0315008
9.22716,0.00659787,0.0117403,-0.00514247,-0.00563549,-0.0012951,-0.000561102,-0.00126168,0.0520346,-0.0315408
9.23302,-0.0538764,0.011246,-0.0651224,-0.0056301,-0.00129385,-0.000560541,-0.00126069,0.0515722,-0.031581
9.23889,0.0707635,0.0107539,0.0600097,-0.00562473,-0.00129259,-0.000559982,-0.0012597,0.0511121,-0.0316212
9.24475,0.11342,0.0102638,0.103156,-0.00561936,-0.00129135,-0.000559424,-0.00125871,0.0506542,-0.0316616
9.25061,0.141178,0.00977582,0.131402,-0.00561401,-0.0012901,-0.000558868,-0.00125772,0.0501986,-0.0317021
9.25647,-0.112265,0.00928993,-0.121555,-0.00560866,-0.00128886,-0.000558312,-0.00125673,0.0497451,-0.0317426
9.26234,-0.133664,0.00880611,-0.14247,-0.00560333,-0.00128762,-0.000557757,-0.00125575,0.0492939,-0.0317833
9.2682,-0.135135,0.00832435,-0.143459,-0.005598,-0.00128638,-0.000557204,-0.00125476,0.0488448,-0.0318241
9.27406,0.0534244,0.00784464,0.0455798,-0.00559269,-0.00128514,-0.000556652,-0.00125378,0.0483978,-0.0318649
9.27992,-0.0163994,0.00736696,-0.0237663,-0.00558738,-0.00128391,-0.0005561,-0.0012528,0.0479531,-0.0319059
9.28578,0.241734,0.0068913,0.234843,-0.00558209,-0.00128268,-0.00055555,-0.00125182,0.0475104,-0.031947
9.29165,0.0399347,0.00641765,0.033517,-0.00557681,-0.00128145,-0.000555001,-0.00125084,0.0470699,-0.0319882
9.29751,0.0813407,0.00594599,0.0753947,-0.00557154,-0.00128022,-0.000554453,-0.00124986,0.0466316,-0.0320295
9.30337,0.0684997,0.00547632,0.0630233,-0.00556627,-0.001279,-0.000553906,-0.00124889,0.0461953,-0.0320709
9.30923,0.200241,0.00500863,0.195232,-0.00556102,-0.00127778,-0.00055336,-0.00124792,0.0457611,-0.0321124
9.3151,-0.0356547,0.0045429,-0.0401976,-0.00555578,-0.00127656,-0.000552815,-0.00124694,0.045329,-0.032154
9.32096,0.00282834,0.00407912,-0.00125077,-0.00555055,-0.00127534,-0.000552271,-0.00124597,0.044899,-0.0321957
9.32682,-0.0436271,0.00361727,-0.0472444,-0.00554533,-0.00127413,-0.000551729,-0.00124501,0.044471,-0.0322375
9.33268,-0.0680934,0.00315736,-0.0712508,-0.00554011,-0.00127291,-0.000551187,-0.00124404,0.044045,-0.0322794
9.33854,-0.00501766,0.00269935,-0.00771701,-0.00553491,-0.0012717,-0.000550647,-0.00124307,0.0436211,-0.0323215
9.34441,-0.0224062,0.00224326,-0.0246495,-0.00552972,-0.0012705,-0.000550107,-0.00124211,0.0431993,-0.0323636
9.35027,0.134331,0.00178905,0.132542,-0.00552454,-0.00126929,-0.000549569,-0.00124114,0.0427794,-0.0324058
9.35613,0.0795904,0.00133673,0.0782536,-0.00551937,-0.00126809,-0.000549031,-0.00124018,0.0423615,-0.0324481
9.36199,0.106967,0.000886279,0.10608,-0.00551421,-0.00126689,-0.000548495,-0.00123922,0.0419457,-0.0324906
9.36786,0.0382494,0.000437687,0.0378117,-0.00550905,-0.00126569,-0.000547959,-0.00123827,0.0415318,-0.0325331
9.37372,0.0138354,-9.05681e-06,0.0138444,-0.00550391,-0.00126449,-0.000547425,-0.00123731,0.0411199,-0.0325758
9.37958,-0.0366098,-0.000453963,-0.0361558,-0.00549878,-0.0012633,-0.000546892,-0.00123635,0.0407099,-0.0326185
9.38544,-0.0917135,-0.000897043,-0.0908164,-0.00549366,-0.00126211,-0.00054636,-0.0012354,0.0403019,-0.0326614
9.3913,0.112959,-0.00133831,0.114297,-0.00548854,-0.00126092,-0.000545829,-0.00123445,0.0398958,-0.0327043
9.39717,0.0772123,-0.00177776,0.0789901,-0.00548344,-0.00125973,-0.000545298,-0.0012335,0.0394916,-0.0327474
9.40303,0.0622001,-0.00221543,0.0644156,-0.00547835,-0.00125855,-0.000544769,-0.00123255,0.0390893,-0.0327906
9.40889,-0.044546,-0.00265131,-0.0418947,-0.00547327,-0.00125737,-0.000544241,-0.0012316,0.038689,-0.0328338
9.41475,0.00209986,-0.00308542,0.00518528,-0.00546819,-0.00125619,-0.000543714,-0.00123065,0.0382905,-0.0328772
9.42062,0.0804498,-0.00351776,0.0839675,-0.00546313,-0.00125501,-0.000543188,-0.00122971,0.0378939,-0.0329207
9.42648,0.00200683,-0.00394835,0.00595518,-0.00545807,-0.00125383,-0.000542663,-0.00122876,0.0374992,-0.0329643
9.43234,-0.000499362,-0.0043772,0.00387784,-0.00545303,-0.00125266,-0.000542139,-0.00122782,0.0371064,-0.0330079
9.4382,-0.0577629,-0.00480431,-0.0529586,-0.00544799,-0.00125149,-0.000541616,-0.00122688,0.0367154,-0.0330517
9.44406,0.0683155,-0.00522971,0.0735453,-0.00544297,-0.00125032,-0.000541094,-0.00122594,0.0363262,-0.0330956
9.44993,0.0199505,-0.00565339,0.0256039,-0.00543795,-0.00124915,-0.000540573,-0.001225,0.0359389,-0.0331396
9.45579,-0.10376,-0.00607537,-0.0976846,-0.00543294,-0.00124799,-0.000540053,-0.00122406,0.0355534,-0.0331837
9.46165,0.00631296,-0.00649566,0.0128086,-0.00542795,-0.00124683,-0.000539534,-0.00122313,0.0351697,-0.0332279
9.46751,0.0221656,-0.00691426,0.0290798,-0.00542296,-0.00124567,-0.000539016,-0.0012222,0.0347878,-0.0332722
9.47338,-0.00687872,-0.00733119,0.000452472,-0.00541798,-0.00124451,-0.000538499,-0.00122126,0.0344077,-0.0333166
9.47924,-0.21843,-0.00774647,-0.210684,-0.00541301,-0.00124335,-0.000537983,-0.00122033,0.0340294,-0.0333612
9.4851,-0.0731039,-0.00816008,-0.0649438,-0.00540805,-0.0012422,-0.000537468,-0.0012194,0.0336528,-0.0334058
9.49096,0.00480661,-0.00857206,0.0133787,-0.0054031,-0.00124105,-0.000536954,-0.00121848,0.033278,-0.0334505
9.49682,0.10346,-0.0089824,0.112442,-0.00539816,-0.0012399,-0.000536441,-0.00121755,0.032905,-0.0334953
9.50269,0.14517,-0.00939111,0.154561,-0.00539323,-0.00123875,-0.000535929,-0.00121662,0.0325337,-0.0335403
9.50855,0.0352914,-0.00979822,0.0450896,-0.0053883,-0.00123761,-0.000535417,-0.0012157,0.0321641,-0.0335853
9.51441,-0.0143112,-0.0102037,-0.00410748,-0.00538339,-0.00123646,-0.000534907,-0.00121478,0.0317963,-0.0336304
9.52027,0.151133,-0.0106076,0.161741,-0.00537849,-0.00123532,-0.000534398,-0.00121386,0.0314301,-0.0336757
9.52614,0.0839786,-0.0110099,0.0949885,-0.00537359,-0.00123418,-0.00053389,-0.00121294,0.0310657,-0.033721
9.532,-0.120402,-0.0114107,-0.108991,-0.0053687,-0.00123305,-0.000533382,-0.00121202,0.030703,-0.0337665
9.53786,-0.149731,-0.0118098,-0.137921,-0.00536383,-0.00123191,-0.000532876,-0.0012111,0.0303419,-0.033812
9.54372,-0.208282,-0.0122074,-0.196075,-0.00535896,-0.00123078,-0.000532371,-0.00121019,0.0299826,-0.0338577
9.54958,0.0190112,-0.0126035,0.0316147,-0.0053541,-0.00122965,-0.000531866,-0.00120927,0.0296249,-0.0339035
9.55545,0.0297884,-0.012998,0.0427864,-0.00534925,-0.00122852,-0.000531363,-0.00120836,0.0292688,-0.0339493
9.56131,-0.0704732,-0.013391,-0.0570822,-0.00534441,-0.0012274,-0.00053086,-0.00120745,0.0289144,-0.0339953
9.56717,-0.0848702,-0.0137825,-0.0710878,-0.00533958,-0.00122627,-0.000530359,-0.00120654,0.0285617,-0.0340414
9.57303,0.0633442,-0.0141724,0.0775166,-0.00533475,-0.00122515,-0.000529858,-0.00120563,0.0282106,-0.0340876
9.5789,-0.176869,-0.0145608,-0.162309,-0.00532994,-0.00122403,-0.000529359,-0.00120472,0.0278611,-0.0341338
9.58476,-0.102021,-0.0149478,-0.0870729,-0.00532514,-0.00122292,-0.00052886,-0.00120382,0.0275132,-0.0341802
9.59062,-0.0085648,-0.0153332,0.00676844,-0.00532034,-0.0012218,-0.000528362,-0.00120291,0.0271669,-0.0342267
9.59648,0.119578,-0.0157172,0.135295,-0.00531555,-0.00122069,-0.000527865,-0.00120201,0.0268222,-0.0342733
9.60234,-0.0363117,-0.0160997,-0.0202119,-0.00531077,-0.00121958,-0.000527369,-0.00120111,0.0264791,-0.03432
9.60821,-0.0430429,-0.0164808,-0.0265621,-0.005306,-0.00121847,-0.000526874,-0.00120021,0.0261376,-0.0343668
9.61407,-0.182448,-0.0168603,-0.165588,-0.00530124,-0.00121736,-0.00052638,-0.00119931,0.0257977,-0.0344137
9.61993,0.0509942,-0.0172385,0.0682327,-0.00529649,-0.00121626,-0.000525887,-0.00119841,0.0254593,-0.0344608
9.62579,0.0323358,-0.0176152,0.049951,-0.00529175,-0.00121515,-0.000525395,-0.00119751,0.0251225,-0.0345079
9.63166,0.108247,-0.0179904,0.126237,-0.00528701,-0.00121405,-0.000524904,-0.00119662,0.0247872,-0.0345551
9.63752,-0.0269678,-0.0183643,-0.00860347,-0.00528228,-0.00121295,-0.000524413,-0.00119572,0.0244535,-0.0346024
9.64338,-0.0333937,-0.0187367,-0.014657,-0.00527757,-0.00121186,-0.000523924,-0.00119483,0.0241213,-0.0346498
9.64924,0.168528,-0.0191077,0.187636,-0.00527286,-0.00121076,-0.000523435,-0.00119394,0.0237906,-0.0346974
9.65511,0.0673602,-0.0194774,0.0868375,-0.00526816,-0.00120967,-0.000522948,-0.00119305,0.0234615,-0.034745
9.66097,-0.0217989,-0.0198456,-0.00195328,-0.00526347,-0.00120858,-0.000522461,-0.00119216,0.0231338,-0.0347927
9.66683,0.0834855,-0.0202125,0.103698,-0.00525878,-0.00120749,-0.000521975,-0.00119128,0.0228076,-0.0348406
9.67269,-0.0836124,-0.020578,-0.0630345,-0.00525411,-0.0012064,-0.00052149,-0.00119039,0.022483,-0.0348885
9.67855,0.0354078,-0.0209421,0.0563499,-0.00524944,-0.00120532,-0.000521006,-0.0011895,0.0221598,-0.0349366
9.68442,0.0411099,-0.0213048,0.0624147,-0.00524478,-0.00120423,-0.000520523,-0.00118862,0.0218381,-0.0349847
9.69028,0.173881,-0.0216663,0.195547,-0.00524013,-0.00120315,-0.000520041,-0.00118774,0.0215178,-0.035033
9.69614,-0.0663003,-0.0220263,-0.044274,-0.00523549,-0.00120207,-0.000519559,-0.00118686,0.021199,-0.0350814
9.702,0.107763,-0.0223851,0.130148,-0.00523086,-0.001201,-0.000519079,-0.00118598,0.0208817,-0.0351298
9.70787,0.104279,-0.0227425,0.127021,-0.00522624,-0.00119992,-0.000518599,-0.0011851,0.0205658,-0.0351784
9.71373,-0.0444098,-0.0230985,-0.0213113,-0.00522162,-0.00119885,-0.00051812,-0.00118423,0.0202514,-0.0352271
9.71959,0.0216489,-0.0234533,0.0451022,-0.00521701,-0.00119778,-0.000517643,-0.00118335,0.0199383,-0.0352759
9.72545,-0.1554,-0.0238068,-0.131593,-0.00521242,-0.00119671,-0.000517166,-0.00118248,0.0196267,-0.0353247
9.73131,0.0911095,-0.024159,0.115268,-0.00520782,-0.00119564,-0.000516689,-0.0011816,0.0193165,-0.0353737
9.73718,-0.0649353,-0.0245098,-0.0404255,-0.00520324,-0.00119457,-0.000516214,-0.00118073,0.0190078,-0.0354228
9.74304,-0.00948607,-0.0248594,0.0153734,-0.00519867,-0.00119351,-0.00051574,-0.00117986,0.0187004,-0.035472
9.7489,-0.0732339,-0.0252078,-0.0480261,-0.0051941,-0.00119245,-0.000515266,-0.00117899,0.0183944,-0.0355213
9.75476,0.0283428,-0.0255548,0.0538977,-0.00518954,-0.00119139,-0.000514794,-0.00117812,0.0180898,-0.0355707
9.76063,0.197515,-0.0259006,0.223416,-0.00518499,-0.00119033,-0.000514322,-0.00117726,0.0177865,-0.0356202
9.76649,-0.0908822,-0.0262451,-0.064637,-0.00518045,-0.00118928,-0.000513851,-0.00117639,0.0174847,-0.0356698
9.77235,-0.0411779,-0.0265884,-0.0145894,-0.00517592,-0.00118822,-0.000513381,-0.00117553,0.0171842,-0.0357196
9.77821,0.00304403,-0.0269305,0.0299745,-0.00517139,-0.00118717,-0.000512912,-0.00117467,0.016885,-0.0357694
9.78407,0.0280868,-0.0272713,0.0553581,-0.00516688,-0.00118612,-0.000512444,-0.00117381,0.0165872,-0.0358193
9.78994,0.00432853,-0.0276109,0.0319394,-0.00516237,-0.00118507,-0.000511976,-0.00117295,0.0162908,-0.0358693
9.7958,-0.103562,-0.0279493,-0.0756129,-0.00515787,-0.00118402,-0.00051151,-0.00117209,0.0159957,-0.0359195
9.80166,-0.176958,-0.0282864,-0.148672,-0.00515337,-0.00118298,-0.000511044,-0.00117123,0.0157019,-0.0359697
9.80752,-0.201677,-0.0286224,-0.173055,-0.00514889,-0.00118194,-0.000510579,-0.00117037,0.0154094,-0.03602
9.81339,0.0332815,-0.0289571,0.0622387,-0.00514441,-0.0011809,-0.000510115,-0.00116952,0.0151183,-0.0360705
9.81925,0.138849,-0.0292907,0.168139,-0.00513994,-0.00117986,-0.000509652,-0.00116866,0.0148284,-0.036121
9.82511,0.00673583,-0.0296231,0.0363589,-0.00513548,-0.00117882,-0.000509189,-0.00116781,0.0145399,-0.0361717
9.83097,-0.10825,-0.0299543,-0.0782954,-0.00513103,-0.00117778,-0.000508728,-0.00116696,0.0142526,-0.0362224
9.83683,-0.0618675,-0.0302843,-0.0315832,-0.00512658,-0.00117675,-0.000508267,-0.00116611,0.0139667,-0.0362733
9.8427,-0.168004,-0.0306132,-0.137391,-0.00512215,-0.00117572,-0.000507807,-0.00116526,0.013682,-0.0363243
9.84856,0.00485093,-0.0309409,0.0357918,-0.00511772,-0.00117469,-0.000507348,-0.00116441,0.0133986,-0.0363753
9.85442,0.0714512,-0.0312674,0.102719,-0.00511329,-0.00117366,-0.00050689,-0.00116357,0.0131165,-0.0364265
9.86028,0.00695321,-0.0315929,0.0385461,-0.00510888,-0.00117264,-0.000506433,-0.00116272,0.0128356,-0.0364778
9.86615,0.0453213,-0.0319171,0.0772384,-0.00510447,-0.00117161,-0.000505976,-0.00116188,0.012556,-0.0365292
9.87201,-0.0356338,-0.0322403,-0.00339354,-0.00510008,-0.00117059,-0.00050552,-0.00116104,0.0122776,-0.0365806
9.87787,0.0755371,-0.0325623,0.108099,-0.00509569,-0.00116957,-0.000505065,-0.00116019,0.0120005,-0.0366322
9.88373,0.125093,-0.0328832,0.157976,-0.0050913,-0.00116855,-0.000504611,-0.00115935,0.0117246,-0.0366839
9.88959,0.0194183,-0.0332029,0.0526212,-0.00508693,-0.00116753,-0.000504158,-0.00115851,0.0114499,-0.0367357
9.89546,-0.065562,-0.0335216,-0.0320404,-0.00508256,-0.00116652,-0.000503705,-0.00115768,0.0111765,-0.0367876
9.90132,-0.162028,-0.0338392,-0.128189,-0.0050782,-0.0011655,-0.000503254,-0.00115684,0.0109042,-0.0368396
9.90718,0.00653851,-0.0341556,0.0406941,-0.00507385,-0.00116449,-0.000502803,-0.001156,0.0106332,-0.0368917
9.91304,0.125404,-0.034471,0.159875,-0.0050695,-0.00116348,-0.000502353,-0.00115517,0.0103634,-0.0369439
9.91891,0.196738,-0.0347853,0.231523,-0.00506517,-0.00116247,-0.000501904,-0.00115434,0.0100948,-0.0369962
9.92477,0.00472474,-0.0350985,0.0398233,-0.00506084,-0.00116147,-0.000501455,-0.00115351,0.0098274,-0.0370487
9.93063,-0.129288,-0.0354107,-0.0938771,-0.00505651,-0.00116046,-0.000501007,-0.00115268,0.00956117,-0.0371012
9.93649,0.124233,-0.0357218,0.159954,-0.0050522,-0.00115946,-0.000500561,-0.00115185,0.00929612,-0.0371538
9.94235,0.0843687,-0.0360318,0.1204,-0.00504789,-0.00115846,-0.000500114,-0.00115102,0.00903225,-0.0372065
9.94822,0.128097,-0.0363408,0.164437,-0.00504359,-0.00115746,-0.000499669,-0.00115019,0.00876954,-0.0372594
9.95408,0.166985,-0.0366487,0.203634,-0.0050393,-0.00115646,-0.000499225,-0.00114936,0.008508,-0.0373123
9.95994,0.0272362,-0.0369556,0.0641917,-0.00503502,-0.00115547,-0.000498781,-0.00114854,0.00824761,-0.0373654
9.9658,-0.00278701,-0.0372614,0.0344744,-0.00503074,-0.00115447,-0.000498338,-0.00114772,0.00798837,-0.0374185
9.97167,-0.012342,-0.0375662,0.0252242,-0.00502647,-0.00115348,-0.000497896,-0.00114689,0.00773028,-0.0374718
9.97753,-0.0862121,-0.03787,-0.0483421,-0.00502221,-0.00115249,-0.000497455,-0.00114607,0.00747333,-0.0375251
9.98339,0.157205,-0.0381728,0.195378,-0.00501795,-0.0011515,-0.000497014,-0.00114525,0.00721752,-0.0375786
9.98925,-0.0180532,-0.0384745,0.0204213,-0.00501371,-0.00115051,-0.000496574,-0.00114443,0.00696283,-0.0376321
9.99511,-0.283104,-0.0387753,-0.244329,-0.00500947,-0.00114953,-0.000496135,-0.00114362,0.00670926,-0.0376858
10.001,-0.128976,-0.039075,-0.0899013,-0.00500523,-0.00114854,-0.000495697,-0.0011428,0.00645681,-0.0377396
10.0068,0.00833882,-0.0393738,0.0477126,-0.00500101,-0.00114756,-0.000495259,-0.00114198,0.00620547,-0.0377934
10.0127,-0.188438,-0.0396715,-0.148766,-0.00499679,-0.00114658,-0.000494823,-0.00114117,0.00595524,-0.0378474
10.0186,-0.356956,-0.0399683,-0.316988,-0.00499258,-0.0011456,-0.000494387,-0.00114036,0.00570611,-0.0379015
10.0244,-0.231059,-0.0402641,-0.190795,-0.00498838,-0.00114463,-0.000493952,-0.00113955,0.00545807,-0.0379557
10.0303,-0.223045,-0.0405589,-0.182486,-0.00498418,-0.00114365,-0.000493517,-0.00113874,0.00521113,-0.03801
10.0362,-0.280317,-0.0408528,-0.239464,-0.00497999,-0.00114268,-0.000493084,-0.00113793,0.00496526,-0.0380644
10.042,-0.10915,-0.0411457,-0.0680047,-0.00497581,-0.00114171,-0.000492651,-0.00113712,0.00472048,-0.0381189
10.0479,-0.251867,-0.0414376,-0.210429,-0.00497163,-0.00114073,-0.000492219,-0.00113631,0.00447676,-0.0381735
10.0537,-0.119806,-0.0417286,-0.0780775,-0.00496747,-0.00113977,-0.000491787,-0.0011355,0.00423412,-0.0382282
10.0596,-0.13529,-0.0420186,-0.0932711,-0.00496331,-0.0011388,-0.000491357,-0.0011347,0.00399254,-0.038283
10.0655,-0.180833,-0.0423077,-0.138526,-0.00495915,-0.00113783,-0.000490927,-0.0011339,0.00375201,-0.0383379
10.0713,-0.0846878,-0.0425959,-0.042092,-0.00495501,-0.00113687,-0.000490498,-0.00113309,0.00351254,-0.0383929
10.0772,-0.0939358,-0.0428831,-0.0510528,-0.00495087,-0.00113591,-0.000490069,-0.00113229,0.00327412,-0.0384481
10.083,0.000797063,-0.0431694,0.0439664,-0.00494673,-0.00113495,-0.000489642,-0.00113149,0.00303673,-0.0385033
10.0889,0.0391203,-0.0434547,0.0825751,-0.00494261,-0.00113399,-0.000489215,-0.00113069,0.00280038,-0.0385586
10.0948,0.0321873,-0.0437392,0.0759265,-0.00493849,-0.00113303,-0.000488789,-0.00112989,0.00256507,-0.038614
10.1006,0.0231931,-0.0440227,0.0672158,-0.00493438,-0.00113208,-0.000488363,-0.0011291,0.00233078,-0.0386696
10.1065,-0.183157,-0.0443054,-0.138851,-0.00493028,-0.00113112,-0.000487939,-0.0011283,0.00209751,-0.0387252
10.1124,0.0934606,-0.0445871,0.138048,-0.00492618,-0.00113017,-0.000487515,-0.00112751,0.00186526,-0.038781
10.1182,-0.0445671,-0.0448679,0.000300811,-0.00492209,-0.00112922,-0.000487091,-0.00112671,0.00163402,-0.0388368
10.1241,0.100546,-0.0451479,0.145694,-0.00491801,-0.00112827,-0.000486669,-0.00112592,0.00140378,-0.0388928
10.1299,-0.0387121,-0.0454269,0.00671478,-0.00491393,-0.00112732,-0.000486247,-0.00112513,0.00117455,-0.0389488
10.1358,-0.0881058,-0.0457051,-0.0424007,-0.00490986,-0.00112638,-0.000485826,-0.00112434,0.00094631,-0.039005
10.1417,0.04831,-0.0459824,0.0942924,-0.0049058,-0.00112544,-0.000485406,-0.00112355,0.000719065,-0.0390613
10.1475,0.105524,-0.0462588,0.151783,-0.00490174,-0.00112449,-0.000484986,-0.00112276,0.000492806,-0.0391176
10.1534,0.0691788,-0.0465344,0.115713,-0.00489769,-0.00112355,-0.000484568,-0.00112197,0.000267529,-0.0391741
10.1593,-0.00347059,-0.0468091,0.0433385,-0.00489365,-0.00112261,-0.00048415,-0.00112119,4.32299e-05,-0.0392307
10.1651,-0.0662995,-0.0470829,-0.0192167,-0.00488961,-0.00112167,-0.000483732,-0.0011204,-0.000180097,-0.0392874
10.171,-0.17614,-0.0473559,-0.128784,-0.00488559,-0.00112074,-0.000483315,-0.00111962,-0.000402457,-0.0393442
10.1768,-0.0310998,-0.047628,0.0165282,-0.00488156,-0.0011198,-0.0004829,-0.00111884,-0.000623853,-0.039401
10.1827,0.111254,-0.0478993,0.159153,-0.00487755,-0.00111887,-0.000482484,-0.00111805,-0.000844292,-0.039458
10.1886,0.212007,-0.0481697,0.260177,-0.00487354,-0.00111794,-0.00048207,-0.00111727,-0.00106378,-0.0395151
10.1944,0.0409929,-0.0484393,0.0894323,-0.00486954,-0.00111701,-0.000481656,-0.0011165,-0.00128231,-0.0395723
10.2003,0.0873595,-0.0487081,0.136068,-0.00486555,-0.00111608,-0.000481243,-0.00111572,-0.0014999,-0.0396296
10.2062,-0.0210983,-0.0489761,0.0278778,-0.00486156,-0.00111516,-0.00048083,-0.00111494,-0.00171656,-0.0396871
10.212,0.0224215,-0.0492432,0.0716647,-0.00485758,-0.00111423,-0.000480419,-0.00111416,-0.00193227,-0.0397446
10.2179,-0.0655669,-0.0495095,-0.0160573,-0.0048536,-0.00111331,-0.000480008,-0.00111339,-0.00214706,-0.0398022
10.2237,-0.0233067,-0.0497751,0.0264683,-0.00484963,-0.00111238,-0.000479598,-0.00111261,-0.00236092,-0.0398599
10.2296,-0.036271,-0.0500398,0.0137687,-0.00484567,-0.00111146,-0.000479188,-0.00111184,-0.00257386,-0.0399177
10.2355,-0.00878587,-0.0503036,0.0415178,-0.00484172,-0.00111055,-0.000478779,-0.00111107,-0.00278588,-0.0399757
10.2413,-0.0200792,-0.0505667,0.0304875,-0.00483777,-0.00110963,-0.000478371,-0.0011103,-0.00299698,-0.0400337
10.2472,0.0220311,-0.050829,0.0728602,-0.00483383,-0.00110871,-0.000477963,-0.00110953,-0.00320718,-0.0400918
10.2531,0.13177,-0.0510906,0.182861,-0.00482989,-0.0011078,-0.000477557,-0.00110876,-0.00341648,-0.0401501
10.2589,0.0782527,-0.0513513,0.129604,-0.00482596,-0.00110689,-0.00047715,-0.00110799,-0.00362487,-0.0402084
10.2648,0.0947696,-0.0516112,0.146381,-0.00482204,-0.00110597,-0.000476745,-0.00110723,-0.00383237,-0.0402669
10.2706,0.037338,-0.0518704,0.0892084,-0.00481812,-0.00110506,-0.00047634,-0.00110646,-0.00403898,-0.0403254
10.2765,0.115878,-0.0521288,0.168007,-0.00481422,-0.00110416,-0.000475936,-0.0011057,-0.00424471,-0.0403841
10.2824,-0.0790788,-0.0523864,-0.0266924,-0.00481031,-0.00110325,-0.000475533,-0.00110493,-0.00444954,-0.0404428
10.2882,-0.0252012,-0.0526433,0.0274421,-0.00480642,-0.00110234,-0.00047513,-0.00110417,-0.00465351,-0.0405017
10.2941,-0.16702,-0.0528994,-0.114121,-0.00480253,-0.00110144,-0.000474728,-0.00110341,-0.00485659,-0.0405607
10.3,-0.153249,-0.0531547,-0.100094,-0.00479864,-0.00110054,-0.000474327,-0.00110265,-0.00505881,-0.0406198
10.3058,-0.134808,-0.0534093,-0.0813984,-0.00479477,-0.00109964,-0.000473926,-0.00110189,-0.00526016,-0.0406789
10.3117,-0.0643732,-0.0536632,-0.0107101,-0.0047909,-0.00109874,-0.000473526,-0.00110113,-0.00546065,-0.0407382
10.3175,-0.275656,-0.0539163,-0.22174,-0.00478703,-0.00109784,-0.000473127,-0.00110038,-0.00566028,-0.0407976
10.3234,-0.0766809,-0.0541686,-0.0225123,-0.00478317,-0.00109694,-0.000472728,-0.00109962,-0.00585906,-0.0408571
10.3293,-0.208401,-0.0544202,-0.153981,-0.00477932,-0.00109605,-0.00047233,-0.00109887,-0.00605699,-0.0409167
10.3351,-0.108882,-0.0546711,-0.0542113,-0.00477548,-0.00109516,-0.000471933,-0.00109811,-0.00625407,-0.0409764
10.341,-0.0825862,-0.0549213,-0.0276649,-0.00477164,-0.00109426,-0.000471536,-0.00109736,-0.00645031,-0.0410362
10.3468,0.0797469,-0.0551707,0.134918,-0.0047678,-0.00109337,-0.00047114,-0.00109661,-0.00664572,-0.0410961
10.3527,-0.0138788,-0.0554194,0.0415407,-0.00476398,-0.00109249,-0.000470745,-0.00109586,-0.00684029,-0.0411561
10.3586,0.026339,-0.0556675,0.0820064,-0.00476016,-0.0010916,-0.00047035,-0.00109511,-0.00703403,-0.0412162
10.3644,-0.0718626,-0.0559147,-0.0159479,-0.00475634,-0.00109071,-0.000469956,-0.00109436,-0.00722695,-0.0412764
10.3703,-0.191424,-0.0561613,-0.135263,-0.00475254,-0.00108983,-0.000469563,-0.00109361,-0.00741904,-0.0413367
10.3762,0.0195689,-0.0564072,0.0759761,-0.00474874,-0.00108894,-0.00046917,-0.00109286,-0.00761032,-0.0413972
10.382,-0.0549389,-0.0566524,0.00171352,-0.00474494,-0.00108806,-0.000468778,-0.00109212,-0.00780078,-0.0414577
10.3879,-0.102723,-0.0568969,-0.0458258,-0.00474115,-0.00108718,-0.000468387,-0.00109137,-0.00799043,-0.0415183
10.3937,-0.164567,-0.0571406,-0.107426,-0.00473737,-0.0010863,-0.000467996,-0.00109063,-0.00817928,-0.0415791
10.3996,-0.0507144,-0.0573837,0.00666934,-0.00473359,-0.00108543,-0.000467606,-0.00108989,-0.00836732,-0.0416399
10.4055,-0.193266,-0.0576262,-0.13564,-0.00472982,-0.00108455,-0.000467217,-0.00108914,-0.00855457,-0.0417009
10.4113,-0.03468,-0.0578679,0.0231879,-0.00472606,-0.00108368,-0.000466828,-0.0010884,-0.00874102,-0.0417619
10.4172,-0.0371666,-0.0581089,0.0209424,-0.0047223,-0.0010828,-0.00046644,-0.00108766,-0.00892668,-0.0418231
10.4231,0.00815793,-0.0583493,0.0665072,-0.00471855,-0.00108193,-0.000466053,-0.00108693,-0.00911155,-0.0418843
10.4289,0.0220566,-0.058589,0.0806457,-0.0047148,-0.00108106,-0.000465666,-0.00108619,-0.00929563,-0.0419457
10.4348,-0.264846,-0.0588281,-0.206018,-0.00471106,-0.00108019,-0.00046528,-0.00108545,-0.00947894,-0.0420071
10.4406,-0.184635,-0.0590664,-0.125569,-0.00470733,-0.00107933,-0.000464894,-0.00108472,-0.00966147,-0.0420687
10.4465,-0.104915,-0.0593042,-0.0456108,-0.0047036,-0.00107846,-0.000464509,-0.00108398,-0.00984323,-0.0421304
10.4524,-0.188996,-0.0595412,-0.129455,-0.00469987,-0.0010776,-0.000464125,-0.00108325,-0.0100242,-0.0421922
10.4582,0.00514736,-0.0597776,0.064925,-0.00469616,-0.00107673,-0.000463741,-0.00108251,-0.0102044,-0.042254
10.4641,-0.124958,-0.0600134,-0.0649446,-0.00469245,-0.00107587,-0.000463358,-0.00108178,-0.0103839,-0.042316
10.47,-0.278718,-0.0602485,-0.218469,-0.00468874,-0.00107501,-0.000462976,-0.00108105,-0.0105626,-0.0423781
10.4758,-0.163975,-0.060483,-0.103492,-0.00468505,-0.00107415,-0.000462594,-0.00108032,-0.0107406,-0.0424403
10.4817,-0.0635858,-0.0607168,-0.00286903,-0.00468135,-0.00107329,-0.000462213,-0.00107959,-0.0109177,-0.0425026
10.4875,-0.0420033,-0.06095,0.0189467,-0.00467767,-0.00107244,-0.000461832,-0.00107887,-0.0110942,-0.042565
10.4934,-0.177652,-0.0611826,-0.11647,-0.00467399,-0.00107158,-0.000461453,-0.00107814,-0.0112699,-0.0426275
10.4993,-0.251084,-0.0614145,-0.18967,-0.00467031,-0.00107073,-0.000461073,-0.00107741,-0.0114449,-0.0426901
10.5051,-0.0389995,-0.0616458,0.0226464,-0.00466664,-0.00106988,-0.000460695,-0.00107669,-0.0116191,-0.0427528
10.511,-0.0462643,-0.0618765,0.0156122,-0.00466298,-0.00106903,-0.000460317,-0.00107596,-0.0117926,-0.0428157
10.5169,-0.0125626,-0.0621066,0.049544,-0.00465933,-0.00106818,-0.000459939,-0.00107524,-0.0119653,-0.0428786
10.5227,-0.0531082,-0.0623361,0.00922781,-0.00465567,-0.00106733,-0.000459562,-0.00107452,-0.0121374,-0.0429416
10.5286,-0.0182486,-0.0625649,0.0443163,-0.00465203,-0.00106648,-0.000459186,-0.0010738,-0.0123087,-0.0430047
10.5344,0.0500552,-0.0627931,0.112848,-0.00464839,-0.00106564,-0.000458811,-0.00107308,-0.0124793,-0.043068
10.5403,0.144891,-0.0630208,0.207912,-0.00464476,-0.00106479,-0.000458436,-0.00107236,-0.0126491,-0.0431313
10.5462,-0.0326813,-0.0632478,0.0305665,-0.00464113,-0.00106395,-0.000458062,-0.00107164,-0.0128183,-0.0431947
10.552,-0.258421,-0.0634742,-0.194946,-0.00463751,-0.00106311,-0.000457688,-0.00107093,-0.0129867,-0.0432583
10.5579,-0.154368,-0.0637001,-0.0906679,-0.00463389,-0.00106227,-0.000457315,-0.00107021,-0.0131545,-0.0433219
10.5638,-0.0945738,-0.0639253,-0.0306485,-0.00463028,-0.00106143,-0.000456942,-0.00106949,-0.0133215,-0.0433857
10.5696,0.142591,-0.06415,0.206741,-0.00462667,-0.0010606,-0.00045657,-0.00106878,-0.0134878,-0.0434495
10.5755,-0.0438084,-0.0643741,0.0205656,-0.00462308,-0.00105976,-0.000456199,-0.00106807,-0.0136535,-0.0435135
10.5813,-0.107344,-0.0645976,-0.0427463,-0.00461948,-0.00105893,-0.000455828,-0.00106735,-0.0138184,-0.0435776
10.5872,-0.10345,-0.0648205,-0.0386296,-0.00461589,-0.00105809,-0.000455458,-0.00106664,-0.0139827,-0.0436417
10.5931,0.00272492,-0.0650428,0.0677677,-0.00461231,-0.00105726,-0.000455089,-0.00106593,-0.0141462,-0.043706
10.5989,-0.152263,-0.0652646,-0.0869987,-0.00460874,-0.00105643,-0.00045472,-0.00106522,-0.0143091,-0.0437704
10.6048,-0.254523,-0.0654858,-0.189037,-0.00460517,-0.0010556,-0.000454352,-0.00106451,-0.0144713,-0.0438349
10.6106,-0.136788,-0.0657064,-0.0710817,-0.0046016,-0.00105477,-0.000453984,-0.00106381,-0.0146328,-0.0438994
10.6165,0.0783762,-0.0659265,0.144303,-0.00459804,-0.00105395,-0.000453617,-0.0010631,-0.0147936,-0.0439641
10.6224,0.0788529,-0.066146,0.144999,-0.00459449,-0.00105312,-0.00045325,-0.00106239,-0.0149538,-0.0440289
10.6282,-0.0493187,-0.0663649,0.0170463,-0.00459094,-0.0010523,-0.000452884,-0.00106169,-0.0151133,-0.0440938
10.6341,-0.0867358,-0.0665833,-0.0201524,-0.0045874,-0.00105147,-0.000452519,-0.00106099,-0.0152721,-0.0441588
10.64,0.0397599,-0.0668012,0.106561,-0.00458386,-0.00105065,-0.000452154,-0.00106028,-0.0154303,-0.0442239
10.6458,0.0995912,-0.0670185,0.16661,-0.00458033,-0.00104983,-0.00045179,-0.00105958,-0.0155878,-0.0442891
10.6517,-0.121664,-0.0672352,-0.0544291,-0.0045768,-0.00104901,-0.000451427,-0.00105888,-0.0157447,-0.0443545
10.6575,-0.0491239,-0.0674514,0.0183275,-0.00457328,-0.0010482,-0.000451064,-0.00105818,-0.0159009,-0.0444199
10.6634,-0.0504621,-0.0676671,0.017205,-0.00456977,-0.00104738,-0.000450701,-0.00105748,-0.0160564,-0.0444854
10.6693,-0.121635,-0.0678822,-0.0537529,-0.00456626,-0.00104657,-0.000450339,-0.00105678,-0.0162113,-0.044551
10.6751,-0.0334358,-0.0680968,0.034661,-0.00456275,-0.00104575,-0.000449978,-0.00105608,-0.0163655,-0.0446167
10.681,-0.103472,-0.0683109,-0.0351611,-0.00455925,-0.00104494,-0.000449618,-0.00105539,-0.0165191,-0.0446826
10.6869,-0.0961839,-0.0685245,-0.0276595,-0.00455576,-0.00104413,-0.000449257,-0.00105469,-0.0166721,-0.0447485
10.6927,-0.112441,-0.0687375,-0.0437034,-0.00455227,-0.00104332,-0.000448898,-0.001054,-0.0168244,-0.0448145
10.6986,-0.115082,-0.06895,-0.0461321,-0.00454879,-0.00104251,-0.000448539,-0.0010533,-0.0169761,-0.0448807
10.7044,0.0562001,-0.0691619,0.125362,-0.00454531,-0.0010417,-0.000448181,-0.00105261,-0.0171272,-0.0449469
10.7103,-0.0101718,-0.0693734,0.0592016,-0.00454184,-0.0010409,-0.000447823,-0.00105192,-0.0172776,-0.0450133
10.7162,0.00151432,-0.0695844,0.0710987,-0.00453838,-0.00104009,-0.000447466,-0.00105123,-0.0174274,-0.0450797
10.722,-0.103215,-0.0697948,-0.0334205,-0.00453492,-0.00103929,-0.000447109,-0.00105054,-0.0175766,-0.0451463
10.7279,-0.208722,-0.0700047,-0.138718,-0.00453146,-0.00103849,-0.000446753,-0.00104985,-0.0177252,-0.045213
10.7338,-0.0603883,-0.0702141,0.00982587,-0.00452801,-0.00103769,-0.000446397,-0.00104916,-0.0178731,-0.0452797
10.7396,-0.285118,-0.0704231,-0.214695,-0.00452457,-0.00103689,-0.000446042,-0.00104847,-0.0180205,-0.0453466
10.7455,-0.284079,-0.0706315,-0.213447,-0.00452113,-0.00103609,-0.000445688,-0.00104779,-0.0181672,-0.0454136
10.7513,-0.0400512,-0.0708394,0.0307883,-0.00451769,-0.00103529,-0.000445334,-0.0010471,-0.0183133,-0.0454807
10.7572,-0.113902,-0.0710468,-0.0428555,-0.00451427,-0.0010345,-0.000444981,-0.00104642,-0.0184588,-0.0455479
10.7631,0.0314958,-0.0712538,0.10275,-0.00451084,-0.0010337,-0.000444628,-0.00104573,-0.0186037,-0.0456151
10.7689,0.103143,-0.0714602,0.174604,-0.00450742,-0.00103291,-0.000444276,-0.00104505,-0.018748,-0.0456825
10.7748,-0.0303277,-0.0716662,0.0413385,-0.00450401,-0.00103212,-0.000443924,-0.00104437,-0.0188917,-0.04575
10.7807,-0.021388,-0.0718717,0.0504837,-0.0045006,-0.00103132,-0.000443573,-0.00104369,-0.0190348,-0.0458176
10.7865,-0.172379,-0.0720767,-0.100302,-0.0044972,-0.00103053,-0.000443223,-0.00104301,-0.0191774,-0.0458853
10.7924,0.0127654,-0.0722812,0.0850465,-0.0044938,-0.00102975,-0.000442873,-0.00104233,-0.0193193,-0.0459531
10.7982,-0.155729,-0.0724852,-0.0832434,-0.00449041,-0.00102896,-0.000442524,-0.00104165,-0.0194606,-0.0460211
10.8041,-0.0828622,-0.0726888,-0.0101734,-0.00448703,-0.00102817,-0.000442175,-0.00104097,-0.0196014,-0.0460891
10.81,-0.180799,-0.0728919,-0.107907,-0.00448365,-0.00102739,-0.000441826,-0.0010403,-0.0197416,-0.0461572
10.8158,-0.262487,-0.0730945,-0.189393,-0.00448027,-0.0010266,-0.000441479,-0.00103962,-0.0198812,-0.0462254
10.8217,-0.199371,-0.0732967,-0.126074,-0.0044769,-0.00102582,-0.000441132,-0.00103894,-0.0200202,-0.0462937
10.8276,-0.111717,-0.0734984,-0.0382188,-0.00447353,-0.00102504,-0.000440785,-0.00103827,-0.0201586,-0.0463622
10.8334,-0.0919272,-0.0736997,-0.0182276,-0.00447017,-0.00102426,-0.000440439,-0.0010376,-0.0202965,-0.0464307
10.8393,-0.214224,-0.0739005,-0.140323,-0.00446682,-0.00102348,-0.000440093,-0.00103693,-0.0204338,-0.0464993
10.8451,-0.0926527,-0.0741008,-0.0185519,-0.00446347,-0.0010227,-0.000439748,-0.00103625,-0.0205705,-0.0465681
10.851,-0.0843965,-0.0743007,-0.0100958,-0.00446012,-0.00102193,-0.000439404,-0.00103558,-0.0207067,-0.0466369
10.8569,0.0753342,-0.0745001,0.149834,-0.00445678,-0.00102115,-0.00043906,-0.00103491,-0.0208423,-0.0467059
10.8627,-0.0339669,-0.0746991,0.0407322,-0.00445344,-0.00102038,-0.000438716,-0.00103424,-0.0209774,-0.0467749
10.8686,0.052962,-0.0748976,0.12786,-0.00445011,-0.00101961,-0.000438374,-0.00103358,-0.0211119,-0.0468441
10.8745,-0.0778234,-0.0750957,-0.00272766,-0.00444679,-0.00101883,-0.000438031,-0.00103291,-0.0212458,-0.0469134
10.8803,0.0107732,-0.0752934,0.0860666,-0.00444347,-0.00101806,-0.000437689,-0.00103224,-0.0213792,-0.0469827
10.8862,-0.0408516,-0.0754906,0.034639,-0.00444016,-0.00101729,-0.000437348,-0.00103158,-0.021512,-0.0470522
10.892,-0.0144678,-0.0756874,0.0612195,-0.00443685,-0.00101653,-0.000437007,-0.00103091,-0.0216443,-0.0471218
10.8979,0.026372,-0.0758837,0.102256,-0.00443354,-0.00101576,-0.000436667,-0.00103025,-0.021776,-0.0471915
10.9038,-0.088199,-0.0760796,-0.0121194,-0.00443024,-0.00101499,-0.000436327,-0.00102959,-0.0219072,-0.0472612
10.9096,-0.0758878,-0.0762751,0.000387372,-0.00442695,-0.00101423,-0.000435988,-0.00102893,-0.0220379,-0.0473311
10.9155,-0.0468764,-0.0764702,0.0295938,-0.00442366,-0.00101346,-0.00043565,-0.00102826,-0.022168,-0.0474011
10.9213,0.173008,-0.0766648,0.249673,-0.00442037,-0.0010127,-0.000435312,-0.0010276,-0.0222976,-0.0474712
10.9272,-0.100288,-0.0768591,-0.0234285,-0.00441709,-0.00101194,-0.000434974,-0.00102694,-0.0224267,-0.0475414
10.9331,-0.156947,-0.0770528,-0.0798938,-0.00441382,-0.00101118,-0.000434637,-0.00102629,-0.0225552,-0.0476117
10.9389,-0.160446,-0.0772462,-0.0831998,-0.00441055,-0.00101042,-0.0004343,-0.00102563,-0.0226832,-0.0476821
10.9448,-0.120373,-0.0774392,-0.042934,-0.00440728,-0.00100966,-0.000433964,-0.00102497,-0.0228107,-0.0477526
10.9507,0.0305279,-0.0776318,0.10816,-0.00440402,-0.00100891,-0.000433629,-0.00102432,-0.0229376,-0.0478233
10.9565,0.0125554,-0.0778239,0.0903793,-0.00440077,-0.00100815,-0.000433294,-0.00102366,-0.0230641,-0.047894
10.9624,-0.208205,-0.0780156,-0.130189,-0.00439751,-0.0010074,-0.000432959,-0.00102301,-0.02319,-0.0479648
10.9682,-0.12615,-0.078207,-0.0479433,-0.00439427,-0.00100664,-0.000432625,-0.00102235,-0.0233153,-0.0480357
10.9741,-0.0951556,-0.0783979,-0.0167577,-0.00439103,-0.00100589,-0.000432292,-0.0010217,-0.0234402,-0.0481068
10.98,-0.0856256,-0.0785884,-0.00703713,-0.00438779,-0.00100514,-0.000431959,-0.00102105,-0.0235646,-0.0481779
10.9858,-0.144287,-0.0787786,-0.0655081,-0.00438456,-0.00100439,-0.000431627,-0.0010204,-0.0236884,-0.0482491
10.9917,-0.117374,-0.0789683,-0.0384061,-0.00438134,-0.00100364,-0.000431295,-0.00101975,-0.0238118,-0.0483205
10.9976,0.0814968,-0.0791576,0.160654,-0.00437811,-0.0010029,-0.000430963,-0.0010191,-0.0239346,-0.0483919
11.0034,-0.0286398,-0.0793466,0.0507068,-0.0043749,-0.00100215,-0.000430633,-0.00101845,-0.024057,-0.0484635
11.0093,0.0876355,-0.0795351,0.167171,-0.00437169,-0.0010014,-0.000430302,-0.0010178,-0.0241788,-0.0485351
11.0151,0.00245581,-0.0797233,0.0821791,-0.00436848,-0.00100066,-0.000429972,-0.00101715,-0.0243001,-0.0486069
11.021,-0.105546,-0.0799111,-0.0256345,-0.00436528,-0.000999917,-0.000429643,-0.00101651,-0.024421,-0.0486788
11.0269,-0.179333,-0.0800985,-0.0992343,-0.00436208,-0.000999175,-0.000429314,-0.00101586,-0.0245413,-0.0487507
11.0327,-0.0567454,-0.0802855,0.0235401,-0.00435889,-0.000998434,-0.000428986,-0.00101522,-0.0246612,-0.0488228
11.0386,0.068387,-0.0804721,0.148859,-0.0043557,-0.000997695,-0.000428658,-0.00101457,-0.0247805,-0.048895
11.0445,-0.0492916,-0.0806584,0.0313668,-0.00435252,-0.000996956,-0.00042833,-0.00101393,-0.0248994,-0.0489672
11.0503,0.0447597,-0.0808443,0.125604,-0.00434934,-0.000996219,-0.000428004,-0.00101329,-0.0250178,-0.0490396
11.0562,0.0032413,-0.0810298,0.0842711,-0.00434616,-0.000995482,-0.000427677,-0.00101265,-0.0251357,-0.0491121
11.062,0.0128204,-0.0812149,0.0940353,-0.004343,-0.000994747,-0.000427351,-0.00101201,-0.0252531,-0.0491847
11.0679,0.0320847,-0.0813997,0.113484,-0.00433983,-0.000994013,-0.000427026,-0.00101137,-0.0253701,-0.0492574
11.0738,-0.118491,-0.0815841,-0.0369072,-0.00433667,-0.00099328,-0.000426701,-0.00101073,-0.0254865,-0.0493302
11.0796,-0.129006,-0.0817681,-0.0472383,-0.00433352,-0.000992548,-0.000426377,-0.00101009,-0.0256025,-0.0494031
11.0855,-0.170504,-0.0819518,-0.088552,-0.00433037,-0.000991817,-0.000426053,-0.00100945,-0.025718,-0.0494761
11.0914,-0.229347,-0.0821351,-0.147212,-0.00432722,-0.000991087,-0.000425729,-0.00100882,-0.0258331,-0.0495492
11.0972,-0.114676,-0.0823181,-0.0323581,-0.00432408,-0.000990358,-0.000425407,-0.00100818,-0.0259476,-0.0496224
11.1031,-0.224868,-0.0825007,-0.142367,-0.00432094,-0.000989631,-0.000425084,-0.00100755,-0.0260617,-0.0496958
11.1089,-0.130709,-0.0826829,-0.0480263,-0.00431781,-0.000988904,-0.000424762,-0.00100691,-0.0261754,-0.0497692
11.1148,-0.153769,-0.0828648,-0.0709037,-0.00431469,-0.000988179,-0.000424441,-0.00100628,-0.0262886,-0.0498427
11.1207,-0.191818,-0.0830464,-0.108771,-0.00431156,-0.000987454,-0.00042412,-0.00100565,-0.0264013,-0.0499163
11.1265,-0.105221,-0.0832276,-0.0219933,-0.00430844,-0.000986731,-0.000423799,-0.00100502,-0.0265135,-0.0499901
11.1324,-0.0530807,-0.0834084,0.0303277,-0.00430533,-0.000986009,-0.000423479,-0.00100439,-0.0266253,-0.0500639
11.1383,-0.0597656,-0.0835889,0.0238233,-0.00430222,-0.000985288,-0.00042316,-0.00100376,-0.0267366,-0.0501378
11.1441,-0.18738,-0.0837691,-0.103611,-0.00429912,-0.000984567,-0.000422841,-0.00100313,-0.0268475,-0.0502119
11.15,-0.220844,-0.0839489,-0.136895,-0.00429602,-0.000983848,-0.000422522,-0.0010025,-0.026958,-0.050286
11.1558,-0.166069,-0.0841284,-0.0819402,-0.00429292,-0.00098313,-0.000422204,-0.00100187,-0.0270679,-0.0503603
11.1617,-0.233086,-0.0843075,-0.148778,-0.00428983,-0.000982413,-0.000421887,-0.00100124,-0.0271775,-0.0504347
11.1676,-0.15087,-0.0844863,-0.0663833,-0.00428675,-0.000981698,-0.000421569,-0.00100062,-0.0272866,-0.0505091
11.1734,-0.0769601,-0.0846648,0.00770465,-0.00428367,-0.000980983,-0.000421253,-0.000999992,-0.0273952,-0.0505837
11.1793,-0.224999,-0.0848429,-0.140156,-0.00428059,-0.000980269,-0.000420937,-0.000999367,-0.0275034,-0.0506584
11.1851,-0.094443,-0.0850207,-0.00942227,-0.00427752,-0.000979556,-0.000420621,-0.000998744,-0.0276112,-0.0507331
11.191,-0.206814,-0.0851982,-0.121616,-0.00427445,-0.000978845,-0.000420306,-0.000998121,-0.0277185,-0.050808
11.1969,0.0432507,-0.0853754,0.128626,-0.00427138,-0.000978134,-0.000419991,-0.000997498,-0.0278254,-0.050883
11.2027,-0.00832137,-0.0855522,0.0772308,-0.00426833,-0.000977424,-0.000419677,-0.000996877,-0.0279318,-0.0509581
11.2086,-0.196992,-0.0857287,-0.111264,-0.00426527,-0.000976716,-0.000419363,-0.000996256,-0.0280378,-0.0510333
11.2145,-0.0674724,-0.0859049,0.0184325,-0.00426222,-0.000976008,-0.00041905,-0.000995636,-0.0281434,-0.0511086
11.2203,-0.192258,-0.0860808,-0.106177,-0.00425918,-0.000975302,-0.000418737,-0.000995017,-0.0282486,-0.051184
11.2262,-0.0861179,-0.0862563,0.000138455,-0.00425613,-0.000974596,-0.000418424,-0.000994399,-0.0283533,-0.0512595
11.232,0.0444314,-0.0864316,0.130863,-0.0042531,-0.000973892,-0.000418112,-0.000993782,-0.0284576,-0.0513351
11.2379,-0.155976,-0.0866065,-0.0693692,-0.00425006,-0.000973188,-0.000417801,-0.000993165,-0.0285615,-0.0514108
11.2438,-0.159489,-0.0867811,-0.072708,-0.00424704,-0.000972486,-0.00041749,-0.000992549,-0.0286649,-0.0514866
11.2496,-0.0426901,-0.0869554,0.0442653,-0.00424401,-0.000971785,-0.000417179,-0.000991933,-0.028768,-0.0515625
11.2555,-0.0903557,-0.0871294,-0.0032263,-0.00424099,-0.000971084,-0.000416869,-0.000991319,-0.0288706,-0.0516385
11.2614,-0.232003,-0.0873031,-0.1447,-0.00423798,-0.000970385,-0.00041656,-0.000990705,-0.0289728,-0.0517147
11.2672,-0.0969207,-0.0874765,-0.00944424,-0.00423497,-0.000969687,-0.00041625,-0.000990092,-0.0290746,-0.0517909
11.2731,0.0404219,-0.0876495,0.128071,-0.00423196,-0.000968989,-0.000415942,-0.00098948,-0.029176,-0.0518672
11.2789,0.0234391,-0.0878223,0.111261,-0.00422896,-0.000968293,-0.000415633,-0.000988869,-0.0292769,-0.0519437
11.2848,-0.0976302,-0.0879948,-0.00963537,-0.00422596,-0.000967598,-0.000415326,-0.000988258,-0.0293775,-0.0520202
11.2907,-0.139772,-0.088167,-0.0516046,-0.00422297,-0.000966904,-0.000415018,-0.000987648,-0.0294776,-0.0520969
11.2965,-0.189756,-0.0883389,-0.101418,-0.00421998,-0.00096621,-0.000414711,-0.000987039,-0.0295773,-0.0521736
11.3024,-0.179498,-0.0885105,-0.0909874,-0.00421699,-0.000965518,-0.000414405,-0.00098643,-0.0296767,-0.0522505
11.3083,-0.0258362,-0.0886818,0.0628456,-0.00421401,-0.000964827,-0.000414099,-0.000985822,-0.0297756,-0.0523274
11.3141,0.0285607,-0.0888528,0.117413,-0.00421104,-0.000964137,-0.000413793,-0.000985215,-0.0298741,-0.0524045
11.32,-0.0730512,-0.0890235,0.0159723,-0.00420807,-0.000963448,-0.000413488,-0.000984609,-0.0299722,-0.0524816
11.3258,-0.128379,-0.0891939,-0.0391848,-0.0042051,-0.000962759,-0.000413184,-0.000984004,-0.03007,-0.0525589
11.3317,-0.114558,-0.0893641,-0.0251943,-0.00420213,-0.000962072,-0.000412879,-0.000983399,-0.0301673,-0.0526363
11.3376,-0.0755783,-0.0895339,0.0139556,-0.00419917,-0.000961386,-0.000412576,-0.000982795,-0.0302642,-0.0527138
11.3434,-0.211408,-0.0897035,-0.121704,-0.00419622,-0.0009607,-0.000412272,-0.000982192,-0.0303608,-0.0527913
11.3493,-0.0667666,-0.0898728,0.0231062,-0.00419327,-0.000960016,-0.00041197,-0.000981589,-0.0304569,-0.052869
11.3552,-0.100609,-0.0900418,-0.0105669,-0.00419032,-0.000959333,-0.000411667,-0.000980988,-0.0305527,-0.0529468
11.361,-0.0874327,-0.0902105,0.00277788,-0.00418738,-0.000958651,-0.000411365,-0.000980387,-0.030648,-0.0530247
11.3669,-0.238944,-0.090379,-0.148565,-0.00418444,-0.000957969,-0.000411064,-0.000979786,-0.030743,-0.0531027
11.3727,-0.10122,-0.0905472,-0.0106729,-0.00418151,-0.000957289,-0.000410763,-0.000979187,-0.0308376,-0.0531808
11.3786,-0.168186,-0.0907151,-0.0774711,-0.00417858,-0.000956609,-0.000410462,-0.000978588,-0.0309318,-0.053259
11.3845,-0.138806,-0.0908827,-0.047923,-0.00417565,-0.000955931,-0.000410162,-0.00097799,-0.0310257,-0.0533373
11.3903,-0.177226,-0.0910501,-0.0861758,-0.00417273,-0.000955254,-0.000409862,-0.000977392,-0.0311191,-0.0534157
11.3962,-0.0567261,-0.0912172,0.0344911,-0.00416981,-0.000954577,-0.000409563,-0.000976796,-0.0312122,-0.0534943
11.4021,0.0722682,-0.0913841,0.163652,-0.0041669,-0.000953902,-0.000409264,-0.0009762,-0.0313049,-0.0535729
11.4079,-0.228128,-0.0915506,-0.136577,-0.00416399,-0.000953227,-0.000408965,-0.000975605,-0.0313972,-0.0536516
11.4138,-0.212247,-0.0917169,-0.12053,-0.00416109,-0.000952553,-0.000408667,-0.00097501,-0.0314892,-0.0537304
11.4196,-0.122512,-0.091883,-0.0306291,-0.00415819,-0.000951881,-0.00040837,-0.000974416,-0.0315807,-0.0538094
11.4255,-0.133342,-0.0920488,-0.041293,-0.00415529,-0.000951209,-0.000408072,-0.000973823,-0.031672,-0.0538884
11.4314,0.000980838,-0.0922143,0.0931951,-0.0041524,-0.000950538,-0.000407776,-0.000973231,-0.0317628,-0.0539676
11.4372,-0.149189,-0.0923795,-0.0568092,-0.00414951,-0.000949869,-0.000407479,-0.00097264,-0.0318533,-0.0540468
11.4431,-0.021627,-0.0925446,0.0709175,-0.00414662,-0.0009492,-0.000407184,-0.000972049,-0.0319434,-0.0541261
11.4489,0.180168,-0.0927093,0.272878,-0.00414374,-0.000948532,-0.000406888,-0.000971459,-0.0320331,-0.0542056
11.4548,0.120476,-0.0928738,0.21335,-0.00414087,-0.000947865,-0.000406593,-0.000970869,-0.0321225,-0.0542852
11.4607,-0.181914,-0.0930381,-0.0888759,-0.004138,-0.000947199,-0.000406299,-0.00097028,-0.0322115,-0.0543648
11.4665,-0.263972,-0.0932021,-0.17077,-0.00413513,-0.000946534,-0.000406004,-0.000969692,-0.0323001,-0.0544446
11.4724,-0.325453,-0.0933658,-0.232087,-0.00413226,-0.00094587,-0.000405711,-0.000969105,-0.0323884,-0.0545245
11.4783,-0.200701,-0.0935293,-0.107172,-0.0041294,-0.000945207,-0.000405417,-0.000968519,-0.0324763,-0.0546044
11.4841,-0.0871107,-0.0936926,0.00658192,-0.00412655,-0.000944545,-0.000405124,-0.000967933,-0.0325639,-0.0546845
11.49,-0.221136,-0.0938556,-0.127281,-0.00412369,-0.000943884,-0.000404832,-0.000967348,-0.0326511,-0.0547647
11.4958,-0.0805543,-0.0940184,0.013464,-0.00412085,-0.000943223,-0.00040454,-0.000966763,-0.032738,-0.054845
11.5017,-0.151034,-0.0941809,-0.0568532,-0.004118,-0.000942564,-0.000404248,-0.000966179,-0.0328245,-0.0549254
11.5076,-0.00863938,-0.0943432,0.0857038,-0.00411516,-0.000941905,-0.000403957,-0.000965596,-0.0329107,-0.0550059
11.5134,0.00655782,-0.0945052,0.101063,-0.00411233,-0.000941248,-0.000403666,-0.000965014,-0.0329965,-0.0550864
11.5193,-0.0366014,-0.094667,0.0580657,-0.00410949,-0.000940591,-0.000403376,-0.000964432,-0.033082,-0.0551672
11.5252,-0.0792515,-0.0948286,0.0155771,-0.00410667,-0.000939936,-0.000403086,-0.000963851,-0.0331671,-0.055248
11.531,-0.113081,-0.09499,-0.0180912,-0.00410384,-0.000939281,-0.000402797,-0.000963271,-0.0332519,-0.0553289
11.5369,-0.150803,-0.0951511,-0.055652,-0.00410102,-0.000938627,-0.000402507,-0.000962692,-0.0333363,-0.0554099
11.5427,-0.258793,-0.0953119,-0.163481,-0.0040982,-0.000937974,-0.000402219,-0.000962113,-0.0334204,-0.055491
11.5486,-0.0675279,-0.0954726,0.0279447,-0.00409539,-0.000937322,-0.00040193,-0.000961535,-0.0335042,-0.0555722
11.5545,-0.0618181,-0.095633,0.0338149,-0.00409258,-0.000936671,-0.000401643,-0.000960957,-0.0335876,-0.0556535
11.5603,0.0712516,-0.0957932,0.167045,-0.00408978,-0.000936021,-0.000401355,-0.00096038,-0.0336707,-0.055735
11.5662,-0.120645,-0.0959532,-0.0246923,-0.00408698,-0.000935372,-0.000401068,-0.000959804,-0.0337534,-0.0558165
11.5721,-0.0942784,-0.0961129,0.00183451,-0.00408418,-0.000934723,-0.000400781,-0.000959229,-0.0338358,-0.0558981
11.5779,-0.289781,-0.0962724,-0.193509,-0.00408139,-0.000934076,-0.000400495,-0.000958654,-0.0339179,-0.0559799
11.5838,-0.223837,-0.0964317,-0.127405,-0.0040786,-0.000933429,-0.000400209,-0.00095808,-0.0339997,-0.0560617
11.5896,-0.145402,-0.0965908,-0.0488109,-0.00407581,-0.000932784,-0.000399924,-0.000957507,-0.0340811,-0.0561437
11.5955,0.10387,-0.0967496,0.200619,-0.00407303,-0.000932139,-0.000399639,-0.000956934,-0.0341621,-0.0562257
11.6014,0.0739748,-0.0969083,0.170883,-0.00407025,-0.000931495,-0.000399354,-0.000956362,-0.0342429,-0.0563079
11.6072,-0.0692649,-0.0970667,0.0278018,-0.00406748,-0.000930852,-0.00039907,-0.000955791,-0.0343233,-0.0563901
11.6131,-0.1524,-0.0972249,-0.0551753,-0.00406471,-0.00093021,-0.000398786,-0.00095522,-0.0344034,-0.0564725
11.619,-0.224486,-0.0973829,-0.127103,-0.00406194,-0.000929569,-0.000398503,-0.000954651,-0.0344832,-0.056555
11.6248,-0.17413,-0.0975406,-0.0765897,-0.00405918,-0.000928929,-0.00039822,-0.000954081,-0.0345627,-0.0566376
11.6307,-0.0124519,-0.0976982,0.0852463,-0.00405642,-0.000928289,-0.000397937,-0.000953513,-0.0346418,-0.0567202
11.6365,-0.121683,-0.0978555,-0.0238276,-0.00405367,-0.000927651,-0.000397655,-0.000952945,-0.0347206,-0.056803
11.6424,-0.0708283,-0.0980127,0.0271843,-0.00405092,-0.000927013,-0.000397373,-0.000952378,-0.0347991,-0.0568859
11.6483,-0.125402,-0.0981696,-0.0272323,-0.00404817,-0.000926377,-0.000397092,-0.000951811,-0.0348773,-0.0569689
11.6541,0.0244115,-0.0983263,0.122738,-0.00404543,-0.000925741,-0.000396811,-0.000951245,-0.0349551,-0.057052
11.66,-0.231672,-0.0984829,-0.133189,-0.00404269,-0.000925106,-0.00039653,-0.00095068,-0.0350327,-0.0571352
11.6659,-0.324721,-0.0986392,-0.226082,-0.00403995,-0.000924472,-0.00039625,-0.000950116,-0.0351099,-0.0572185
11.6717,0.138311,-0.0987953,0.237106,-0.00403722,-0.000923839,-0.00039597,-0.000949552,-0.0351868,-0.0573019
11.6776,-0.176982,-0.0989512,-0.0780311,-0.00403449,-0.000923206,-0.000395691,-0.000948989,-0.0352634,-0.0573854
11.6834,-0.0237228,-0.0991069,0.0753842,-0.00403177,-0.000922575,-0.000395412,-0.000948426,-0.0353397,-0.057469
11.6893,0.0456816,-0.0992624,0.144944,-0.00402905,-0.000921944,-0.000395133,-0.000947864,-0.0354157,-0.0575527
11.6952,0.00376866,-0.0994178,0.103186,-0.00402633,-0.000921314,-0.000394855,-0.000947303,-0.0354914,-0.0576365
11.701,0.0761746,-0.0995729,0.175747,-0.00402362,-0.000920686,-0.000394577,-0.000946743,-0.0355668,-0.0577205
11.7069,-0.132662,-0.0997278,-0.032934,-0.00402091,-0.000920058,-0.0003943,-0.000946183,-0.0356419,-0.0578045
11.7128,-0.129184,-0.0998825,-0.0293011,-0.0040182,-0.000919431,-0.000394023,-0.000945624,-0.0357166,-0.0578886
11.7186,-0.117529,-0.100037,-0.0174922,-0.0040155,-0.000918804,-0.000393746,-0.000945065,-0.0357911,-0.0579729
11.7245,-0.022829,-0.100191,0.0773624,-0.0040128,-0.000918179,-0.00039347,-0.000944507,-0.0358653,-0.0580572
11.7303,-0.172095,-0.100346,-0.0717494,-0.00401011,-0.000917554,-0.000393194,-0.00094395,-0.0359391,-0.0581416
11.7362,-0.349176,-0.1005,-0.248676,-0.00400741,-0.000916931,-0.000392918,-0.000943393,-0.0360127,-0.0582262
11.7421,-0.155084,-0.100653,-0.0544308,-0.00400473,-0.000916308,-0.000392643,-0.000942837,-0.0360859,-0.0583108
11.7479,-0.225863,-0.100807,-0.125056,-0.00400204,-0.000915686,-0.000392368,-0.000942282,-0.0361589,-0.0583956
11.7538,-0.0688553,-0.10096,0.032105,-0.00399936,-0.000915065,-0.000392094,-0.000941728,-0.0362316,-0.0584805
11.7596,0.0339822,-0.101114,0.135096,-0.00399669,-0.000914445,-0.00039182,-0.000941174,-0.036304,-0.0585654
11.7655,0.154287,-0.101267,0.255554,-0.00399401,-0.000913825,-0.000391546,-0.00094062,-0.036376,-0.0586505
11.7714,0.0582283,-0.101419,0.159648,-0.00399134,-0.000913207,-0.000391273,-0.000940068,-0.0364478,-0.0587357
11.7772,-0.0705488,-0.101572,0.0310233,-0.00398868,-0.000912589,-0.000391,-0.000939516,-0.0365193,-0.0588209
11.7831,-0.0655304,-0.101725,0.0361941,-0.00398602,-0.000911972,-0.000390728,-0.000938964,-0.0365906,-0.0589063
11.789,-0.0319469,-0.101877,0.06993,-0.00398336,-0.000911356,-0.000390456,-0.000938414,-0.0366615,-0.0589918
11.7948,-0.0224652,-0.102029,0.0795638,-0.0039807,-0.000910741,-0.000390184,-0.000937864,-0.0367321,-0.0590774
11.8007,-0.0644272,-0.102181,0.0377537,-0.00397805,-0.000910126,-0.000389913,-0.000937314,-0.0368025,-0.0591631
11.8065,-0.106501,-0.102333,-0.00416829,-0.0039754,-0.000909513,-0.000389642,-0.000936765,-0.0368725,-0.0592489
11.8124,-0.0381219,-0.102484,0.0643625,-0.00397276,-0.0009089,-0.000389371,-0.000936217,-0.0369423,-0.0593348
11.8183,-0.185654,-0.102636,-0.0830187,-0.00397012,-0.000908288,-0.000389101,-0.00093567,-0.0370118,-0.0594208
11.8241,-0.0548009,-0.102787,0.0479862,-0.00396748,-0.000907677,-0.000388831,-0.000935123,-0.037081,-0.0595069
11.83,-0.0777471,-0.102938,0.025191,-0.00396485,-0.000907067,-0.000388562,-0.000934577,-0.03715,-0.0595931
11.8359,-0.0472853,-0.103089,0.0558037,-0.00396222,-0.000906458,-0.000388293,-0.000934031,-0.0372186,-0.0596794
11.8417,-0.201395,-0.10324,-0.0981557,-0.00395959,-0.000905849,-0.000388024,-0.000933486,-0.037287,-0.0597658
11.8476,-0.170371,-0.10339,-0.0669811,-0.00395697,-0.000905242,-0.000387756,-0.000932942,-0.0373551,-0.0598524
11.8534,-0.110237,-0.103541,-0.00669587,-0.00395435,-0.000904635,-0.000387488,-0.000932398,-0.0374229,-0.059939
11.8593,-0.0598187,-0.103691,0.0438724,-0.00395173,-0.000904029,-0.00038722,-0.000931855,-0.0374905,-0.0600257
11.8652,-0.119999,-0.103841,-0.0161581,-0.00394912,-0.000903423,-0.000386953,-0.000931313,-0.0375578,-0.0601126
11.871,-0.109639,-0.103991,-0.00564748,-0.00394651,-0.000902819,-0.000386686,-0.000930771,-0.0376248,-0.0601995
11.8769,-0.249266,-0.104141,-0.145125,-0.00394391,-0.000902215,-0.00038642,-0.00093023,-0.0376915,-0.0602866
11.8828,-0.0648631,-0.10429,0.0394273,-0.00394131,-0.000901613,-0.000386153,-0.00092969,-0.037758,-0.0603737
11.8886,-0.0953978,-0.10444,0.009042,-0.00393871,-0.000901011,-0.000385888,-0.00092915,-0.0378241,-0.0604609
11.8945,-0.0926506,-0.104589,0.0119385,-0.00393611,-0.000900409,-0.000385622,-0.00092861,-0.0378901,-0.0605483
11.9003,-0.200083,-0.104738,-0.0953452,-0.00393352,-0.000899809,-0.000385357,-0.000928072,-0.0379557,-0.0606358
11.9062,-0.263271,-0.104887,-0.158384,-0.00393093,-0.000899209,-0.000385093,-0.000927534,-0.0380211,-0.0607233
11.9121,-0.247399,-0.105036,-0.142363,-0.00392835,-0.000898611,-0.000384828,-0.000926996,-0.0380862,-0.060811
11.9179,-0.116113,-0.105185,-0.0109281,-0.00392577,-0.000898013,-0.000384564,-0.00092646,-0.0381511,-0.0608988
11.9238,0.0213792,-0.105333,0.126712,-0.00392319,-0.000897416,-0.000384301,-0.000925923,-0.0382157,-0.0609866
11.9297,0.0910876,-0.105481,0.196569,-0.00392061,-0.000896819,-0.000384038,-0.000925388,-0.03828,-0.0610746
11.9355,-0.0728072,-0.10563,0.0328225,-0.00391804,-0.000896224,-0.000383775,-0.000924853,-0.0383441,-0.0611627
11.9414,-0.0718246,-0.105778,0.0339532,-0.00391548,-0.000895629,-0.000383512,-0.000924319,-0.0384079,-0.0612509
11.9472,-0.230439,-0.105926,-0.124513,-0.00391291,-0.000895035,-0.00038325,-0.000923785,-0.0384714,-0.0613392
11.9531,-0.18407,-0.106073,-0.0779962,-0.00391035,-0.000894442,-0.000382988,-0.000923252,-0.0385347,-0.0614276
11.959,-0.112385,-0.106221,-0.00616389,-0.00390779,-0.000893849,-0.000382727,-0.00092272,-0.0385978,-0.0615161
11.9648,0.117501,-0.106368,0.223869,-0.00390524,-0.000893258,-0.000382466,-0.000922188,-0.0386606,-0.0616047
11.9707,0.165047,-0.106516,0.271563,-0.00390269,-0.000892667,-0.000382205,-0.000921656,-0.0387231,-0.0616934
11.9766,-0.0893062,-0.106663,0.0173567,-0.00390014,-0.000892077,-0.000381945,-0.000921126,-0.0387853,-0.0617822
11.9824,-0.245917,-0.10681,-0.139107,-0.0038976,-0.000891488,-0.000381685,-0.000920596,-0.0388474,-0.0618711
11.9883,-0.201734,-0.106957,-0.0947771,-0.00389506,-0.000890899,-0.000381425,-0.000920066,-0.0389091,-0.0619601
11.9941,-0.159861,-0.107103,-0.0527574,-0.00389252,-0.000890312,-0.000381166,-0.000919538,-0.0389706,-0.0620493
12,-0.208875,-0.10725,-0.101625,-0.00388999,-0.000889725,-0.000380907,-0.00091901,-0.0390319,-0.0621385
