ppm,observed,fitted,residual,component_EGDA,component_EGMA,component_EG,component_AcOH,component_exchange_pool,component_baseline
0,0.405552,0.379636,0.0259165,0.0124814,0,4.58705e-06,2.57814e-06,0.37392,-0.00677292
0.00586224,0.216803,0.380467,-0.163664,0.0125176,0,4.59537e-06,2.58696e-06,0.374704,-0.00676143
0.0117245,0.253289,0.381302,-0.128013,0.012554,0,4.60373e-06,2.59584e-06,0.375491,-0.00674994
0.0175867,0.401847,0.38214,0.019707,0.0125907,0,4.61212e-06,2.60478e-06,0.37628,-0.00673846
0.0234489,0.449322,0.38298,0.0663417,0.0126275,0,4.62053e-06,2.61378e-06,0.377073,-0.00672698
0.0293112,0.443616,0.383824,0.0597919,0.0126646,0,4.62898e-06,2.62283e-06,0.377868,-0.00671551
0.0351734,0.446067,0.384671,0.0613963,0.012702,0,4.63746e-06,2.63195e-06,0.378665,-0.00670404
0.0410357,0.337779,0.38552,-0.0477415,0.0127395,0,4.64597e-06,2.64113e-06,0.379466,-0.00669258
0.0468979,0.38154,0.386373,-0.0048331,0.0127773,0,4.6545e-06,2.65038e-06,0.380269,-0.00668113
0.0527601,0.292025,0.387229,-0.0952039,0.0128153,0,4.66307e-06,2.65968e-06,0.381076,-0.00666968
0.0586224,0.298724,0.388087,-0.0893632,0.0128536,0,4.67168e-06,2.66905e-06,0.381885,-0.00665824
0.0644846,0.294098,0.388949,-0.094851,0.0128921,0,4.68031e-06,2.67849e-06,0.382697,-0.0066468
0.0703468,0.299867,0.389814,-0.0899471,0.0129308,0,4.68897e-06,2.68799e-06,0.383511,-0.00663537
0.0762091,0.348921,0.390682,-0.0417609,0.0129698,0,4.69767e-06,2.69755e-06,0.384329,-0.00662394
0.0820713,0.374856,0.391553,-0.0166973,0.013009,0,4.7064e-06,2.70718e-06,0.38515,-0.00661253
0.0879336,0.328958,0.392428,-0.0634693,0.0130484,0,4.71516e-06,2.71688e-06,0.385973,-0.00660111
0.0937958,0.49272,0.393305,0.0994142,0.0130882,0,4.72395e-06,2.72664e-06,0.386799,-0.00658971
0.099658,0.397727,0.394186,0.00354048,0.0131281,0,4.73277e-06,2.73647e-06,0.387629,-0.0065783
0.10552,0.557237,0.39507,0.162167,0.0131683,0,4.74163e-06,2.74637e-06,0.388461,-0.00656691
0.111383,0.555123,0.395957,0.159166,0.0132088,0,4.75052e-06,2.75635e-06,0.389296,-0.00655552
0.117245,0.346554,0.396847,-0.0502936,0.0132496,0,4.75944e-06,2.76639e-06,0.390135,-0.00654413
0.123107,0.482055,0.397741,0.084314,0.0132905,0,4.7684e-06,2.7765e-06,0.390976,-0.00653276
0.128969,0.308049,0.398638,-0.090589,0.0133318,0,4.77739e-06,2.78668e-06,0.39182,-0.00652138
0.134831,0.524046,0.399538,0.124508,0.0133733,0,4.78641e-06,2.79694e-06,0.392667,-0.00651002
0.140694,0.48396,0.400442,0.0835182,0.0134151,0,4.79547e-06,2.80727e-06,0.393518,-0.00649866
0.146556,0.348081,0.401348,-0.0532671,0.0134572,0,4.80456e-06,2.81767e-06,0.394371,-0.0064873
0.152418,0.195049,0.402259,-0.20721,0.0134995,0,4.81368e-06,2.82815e-06,0.395227,-0.00647596
0.15828,0.318025,0.403172,-0.0851473,0.0135422,0,4.82284e-06,2.83871e-06,0.396087,-0.00646461
0.164143,0.265712,0.404089,-0.138377,0.0135851,0,4.83203e-06,2.84934e-06,0.396949,-0.00645328
0.170005,0.480739,0.405009,0.0757295,0.0136283,0,4.84126e-06,2.86004e-06,0.397815,-0.00644194
0.175867,0.325547,0.405933,-0.0803859,0.0136717,0,4.85052e-06,2.87083e-06,0.398684,-0.00643062
0.181729,0.374903,0.40686,-0.0319567,0.0137155,0,4.85982e-06,2.88169e-06,0.399556,-0.0064193
0.187592,0.457927,0.40779,0.0501363,0.0137595,0,4.86915e-06,2.89264e-06,0.400431,-0.00640799
0.193454,0.438213,0.408724,0.0294888,0.0138039,0,4.87852e-06,2.90366e-06,0.401309,-0.00639668
0.199316,0.456331,0.409662,0.0466686,0.0138485,0,4.88792e-06,2.91477e-06,0.402191,-0.00638538
0.205178,0.414409,0.410603,0.0038059,0.0138935,0,4.89736e-06,2.92596e-06,0.403076,-0.00637408
0.211041,0.493617,0.411547,0.0820692,0.0139387,0,4.90683e-06,2.93723e-06,0.403964,-0.00636279
0.216903,0.362361,0.412495,-0.0501344,0.0139843,0,4.91634e-06,2.94859e-06,0.404855,-0.00635151
0.222765,0.464757,0.413447,0.0513098,0.0140301,0,4.92589e-06,2.96003e-06,0.405749,-0.00634023
0.228627,0.329373,0.414402,-0.0850297,0.0140763,0,4.93548e-06,2.97156e-06,0.406647,-0.00632896
0.234489,0.419219,0.415361,0.00385768,0.0141228,0,4.9451e-06,2.98317e-06,0.407548,-0.00631769
0.240352,0.323014,0.416323,-0.0933094,0.0141696,0,4.95475e-06,2.99487e-06,0.408452,-0.00630643
0.246214,0.382785,0.41729,-0.0345044,0.0142167,0,4.96445e-06,3.00666e-06,0.40936,-0.00629517
0.252076,0.475579,0.418259,0.0573194,0.0142642,0,4.97418e-06,3.01854e-06,0.410271,-0.00628392
0.257938,0.565074,0.419233,0.145842,0.014312,0,4.98395e-06,3.03051e-06,0.411185,-0.00627268
0.263801,0.307025,0.42021,-0.113185,0.0143601,0,4.99376e-06,3.04258e-06,0.412103,-0.00626144
0.269663,0.327355,0.421191,-0.0938352,0.0144086,0,5.00361e-06,3.05473e-06,0.413024,-0.00625021
0.275525,0.314595,0.422175,-0.10758,0.0144574,0,5.01349e-06,3.06699e-06,0.413949,-0.00623899
0.281387,0.517044,0.423163,0.0938808,0.0145065,0,5.02341e-06,3.07933e-06,0.414877,-0.00622777
0.28725,0.382985,0.424156,-0.0411704,0.014556,0,5.03338e-06,3.09177e-06,0.415808,-0.00621655
0.293112,0.49112,0.425152,0.0659687,0.0146059,0,5.04338e-06,3.10431e-06,0.416743,-0.00620534
0.298974,0.409531,0.426151,-0.0166206,0.0146561,0,5.05342e-06,3.11695e-06,0.417681,-0.00619414
0.304836,0.298571,0.427155,-0.128584,0.0147066,0,5.0635e-06,3.12968e-06,0.418623,-0.00618295
0.310699,0.412006,0.428162,-0.0161559,0.0147576,0,5.07362e-06,3.14252e-06,0.419568,-0.00617175
0.316561,0.329192,0.429174,-0.0999812,0.0148089,0,5.08377e-06,3.15546e-06,0.420517,-0.00616057
0.322423,0.480824,0.430189,0.0506346,0.0148605,0,5.09397e-06,3.1685e-06,0.42147,-0.00614939
0.328285,0.53616,0.431208,0.104952,0.0149125,0,5.10421e-06,3.18165e-06,0.422426,-0.00613822
0.334148,0.600884,0.432231,0.168653,0.014965,0,5.11449e-06,3.1949e-06,0.423385,-0.00612705
0.34001,0.400317,0.433259,-0.0329415,0.0150178,0,5.12481e-06,3.20826e-06,0.424348,-0.00611589
0.345872,0.584299,0.43429,0.150009,0.0150709,0,5.13518e-06,3.22172e-06,0.425315,-0.00610473
0.351734,0.58309,0.435325,0.147765,0.0151245,0,5.14558e-06,3.2353e-06,0.426286,-0.00609358
0.357596,0.323856,0.436364,-0.112508,0.0151785,0,5.15602e-06,3.24898e-06,0.42726,-0.00608244
0.363459,0.623877,0.437407,0.186469,0.0152329,0,5.16651e-06,3.26278e-06,0.428237,-0.0060713
0.369321,0.664698,0.438455,0.226243,0.0152877,0,5.17704e-06,3.27669e-06,0.429219,-0.00606017
0.375183,0.421502,0.439506,-0.0180039,0.0153429,0,5.18761e-06,3.29072e-06,0.430204,-0.00604905
0.381045,0.477884,0.440562,0.0373219,0.0153985,0,5.19822e-06,3.30486e-06,0.431193,-0.00603792
0.386908,0.338321,0.441622,-0.1033,0.0154545,0,5.20888e-06,3.31912e-06,0.432186,-0.00602681
0.39277,0.410833,0.442686,-0.0318532,0.0155109,0,5.21958e-06,3.33349e-06,0.433182,-0.0060157
0.398632,0.463453,0.443754,0.0196988,0.0155678,0,5.23032e-06,3.34799e-06,0.434182,-0.0060046
0.404494,0.520777,0.444827,0.0759498,0.0156251,0,5.24111e-06,3.36261e-06,0.435186,-0.0059935
0.410357,0.402916,0.445903,-0.042988,0.0156829,0,5.25194e-06,3.37735e-06,0.436194,-0.00598241
0.416219,0.443357,0.446985,-0.00362751,0.0157411,0,5.26281e-06,3.39222e-06,0.437206,-0.00597133
0.422081,0.371116,0.44807,-0.0769544,0.0157997,0,5.27373e-06,3.40721e-06,0.438222,-0.00596025
0.427943,0.473951,0.44916,0.0247913,0.0158588,0,5.2847e-06,3.42233e-06,0.439241,-0.00594917
0.433806,0.532081,0.450254,0.0818269,0.0159184,0,5.2957e-06,3.43758e-06,0.440265,-0.00593811
0.439668,0.494583,0.451352,0.0432305,0.0159784,0,5.30676e-06,3.45296e-06,0.441292,-0.00592704
0.44553,0.585514,0.452455,0.133059,0.0160389,0,5.31786e-06,3.46847e-06,0.442324,-0.00591599
0.451392,0.576533,0.453563,0.12297,0.0160998,0,5.329e-06,3.48412e-06,0.443359,-0.00590494
0.457255,0.538486,0.454674,0.0838119,0.0161613,0,5.34019e-06,3.4999e-06,0.444398,-0.00589389
0.463117,0.602272,0.455791,0.146482,0.0162232,0,5.35143e-06,3.51582e-06,0.445442,-0.00588286
0.468979,0.395753,0.456912,-0.0611591,0.0162857,0,5.36271e-06,3.53188e-06,0.446489,-0.00587182
0.474841,0.448213,0.458037,-0.00982451,0.0163486,0,5.37404e-06,3.54808e-06,0.44754,-0.0058608
0.480703,0.301193,0.459167,-0.157974,0.016412,0,5.38542e-06,3.56443e-06,0.448596,-0.00584978
0.486566,0.42318,0.460302,-0.0371216,0.016476,0,5.39685e-06,3.58091e-06,0.449656,-0.00583876
0.492428,0.417999,0.461441,-0.0434418,0.0165404,0,5.40832e-06,3.59755e-06,0.450719,-0.00582775
0.49829,0.539476,0.462585,0.0768908,0.0166054,0,5.41984e-06,3.61433e-06,0.451787,-0.00581675
0.504152,0.457178,0.463734,-0.00655584,0.0166709,0,5.43141e-06,3.63127e-06,0.452859,-0.00580575
0.510015,0.414652,0.464887,-0.050235,0.016737,0,5.44303e-06,3.64836e-06,0.453936,-0.00579476
0.515877,0.454131,0.466045,-0.011914,0.0168036,0,5.4547e-06,3.6656e-06,0.455016,-0.00578377
0.521739,0.463285,0.467208,-0.00392318,0.0168707,0,5.46641e-06,3.683e-06,0.456101,-0.00577279
0.527601,0.527865,0.468376,0.0594887,0.0169385,0,5.47818e-06,3.70056e-06,0.45719,-0.00576182
0.533464,0.417188,0.469548,-0.0523609,0.0170067,0,5.48999e-06,3.71827e-06,0.458283,-0.00575085
0.539326,0.325821,0.470726,-0.144905,0.0170756,0,5.50186e-06,3.73616e-06,0.459381,-0.00573989
0.545188,0.290598,0.471908,-0.18131,0.017145,0,5.51378e-06,3.7542e-06,0.460483,-0.00572893
0.55105,0.539453,0.473096,0.0663573,0.017215,0,5.52574e-06,3.77242e-06,0.461589,-0.00571798
0.556913,0.387481,0.474288,-0.0868065,0.0172856,0,5.53776e-06,3.7908e-06,0.4627,-0.00570704
0.562775,0.417989,0.475485,-0.0574964,0.0173568,0,5.54983e-06,3.80935e-06,0.463815,-0.0056961
0.568637,0.367535,0.476687,-0.109153,0.0174286,0,5.56195e-06,3.82808e-06,0.464935,-0.00568517
0.574499,0.54057,0.477895,0.062675,0.017501,0,5.57413e-06,3.84699e-06,0.466058,-0.00567424
0.580362,0.457052,0.479107,-0.0220554,0.0175741,0,5.58635e-06,3.86608e-06,0.467187,-0.00566332
0.586224,0.601895,0.480325,0.121571,0.0176478,0,5.59863e-06,3.88534e-06,0.46832,-0.0056524
0.592086,0.463996,0.481547,-0.017551,0.0177221,0,5.61097e-06,3.90479e-06,0.469457,-0.00564149
0.597948,0.517967,0.482775,0.0351914,0.0177971,0,5.62335e-06,3.92443e-06,0.470599,-0.00563059
0.60381,0.578536,0.484009,0.0945279,0.0178727,0,5.63579e-06,3.94426e-06,0.471746,-0.00561969
0.609673,0.617375,0.485247,0.132128,0.017949,0,5.64828e-06,3.96428e-06,0.472897,-0.0056088
0.615535,0.426155,0.486491,-0.0603356,0.018026,0,5.66083e-06,3.98449e-06,0.474053,-0.00559791
0.621397,0.447611,0.48774,-0.0401291,0.0181036,0,5.67344e-06,4.00491e-06,0.475213,-0.00558703
0.627259,0.482051,0.488994,-0.00694278,0.018182,0,5.68609e-06,4.02552e-06,0.476379,-0.00557616
0.633122,0.32831,0.490254,-0.161944,0.018261,0,5.69881e-06,4.04633e-06,0.477548,-0.00556529
0.638984,0.522863,0.491519,0.0313438,0.0183408,0,5.71158e-06,4.06735e-06,0.478723,-0.00555443
0.644846,0.551826,0.49279,0.059036,0.0184213,0,5.72441e-06,4.08858e-06,0.479902,-0.00554357
0.650708,0.572722,0.494066,0.0786563,0.0185025,0,5.73729e-06,4.11003e-06,0.481087,-0.00553272
0.656571,0.400371,0.495348,-0.0949765,0.0185845,0,5.75023e-06,4.13168e-06,0.482275,-0.00552187
0.662433,0.498462,0.496635,0.00182644,0.0186672,0,5.76323e-06,4.15356e-06,0.483469,-0.00551104
0.668295,0.552659,0.497928,0.0547306,0.0187507,0,5.77628e-06,4.17566e-06,0.484668,-0.0055002
0.674157,0.625856,0.499227,0.126629,0.0188349,0,5.78939e-06,4.19798e-06,0.485871,-0.00548937
0.68002,0.502363,0.500531,0.00183185,0.01892,0,5.80257e-06,4.22053e-06,0.48708,-0.00547855
0.685882,0.579437,0.501841,0.0775959,0.0190058,0,5.8158e-06,4.24331e-06,0.488293,-0.00546774
0.691744,0.724904,0.503157,0.221747,0.0190924,0,5.82909e-06,4.26633e-06,0.489511,-0.00545693
0.697606,0.54318,0.504479,0.0387018,0.0191799,0,5.84244e-06,4.28958e-06,0.490735,-0.00544612
0.703468,0.491846,0.505806,-0.0139603,0.0192682,0,5.85585e-06,4.31308e-06,0.491963,-0.00543532
0.709331,0.485684,0.507139,-0.0214552,0.0193573,0,5.86932e-06,4.33682e-06,0.493197,-0.00542453
0.715193,0.37461,0.508479,-0.133869,0.0194473,0,5.88285e-06,4.36082e-06,0.494435,-0.00541375
0.721055,0.448778,0.509824,-0.0610459,0.0195381,0,5.89644e-06,4.38506e-06,0.495679,-0.00540296
0.726917,0.659627,0.511175,0.148452,0.0196298,0,5.9101e-06,4.40957e-06,0.496927,-0.00539219
0.73278,0.482895,0.512533,-0.0296376,0.0197224,0,5.92382e-06,4.43433e-06,0.498181,-0.00538142
0.738642,0.500259,0.513896,-0.0136375,0.0198159,0,5.9376e-06,4.45936e-06,0.49944,-0.00537066
0.744504,0.637623,0.515266,0.122357,0.0199104,0,5.95144e-06,4.48466e-06,0.500705,-0.0053599
0.750366,0.620314,0.516641,0.103673,0.0200057,0,5.96534e-06,4.51023e-06,0.501974,-0.00534915
0.756229,0.584332,0.518023,0.0663085,0.020102,0,5.97931e-06,4.53608e-06,0.503249,-0.0053384
0.762091,0.521443,0.519412,0.00203112,0.0201993,0,5.99335e-06,4.56222e-06,0.504529,-0.00532766
0.767953,0.524303,0.520806,0.0034971,0.0202975,0,6.00745e-06,4.58864e-06,0.505815,-0.00531693
0.773815,0.538112,0.522207,0.0159053,0.0203967,0,6.02161e-06,4.61535e-06,0.507106,-0.0053062
0.779678,0.607088,0.523614,0.0834733,0.0204969,0,6.03584e-06,4.64236e-06,0.508402,-0.00529548
0.78554,0.571317,0.525028,0.0462885,0.0205982,0,6.05014e-06,4.66966e-06,0.509704,-0.00528476
0.791402,0.64294,0.526448,0.116492,0.0207004,0,6.0645e-06,4.69728e-06,0.511011,-0.00527405
0.797264,0.400823,0.527875,-0.127052,0.0208037,0,6.07893e-06,4.7252e-06,0.512324,-0.00526335
0.803127,0.582522,0.529309,0.0532137,0.0209081,0,6.09343e-06,4.75345e-06,0.513642,-0.00525265
0.808989,0.510861,0.530749,-0.0198879,0.0210136,0,6.10799e-06,4.78201e-06,0.514966,-0.00524196
0.814851,0.541434,0.532196,0.00923876,0.0211201,0,6.12263e-06,4.8109e-06,0.516296,-0.00523127
0.820713,0.510587,0.533649,-0.0230618,0.0212278,0,6.13733e-06,4.84012e-06,0.517631,-0.00522059
0.826575,0.602904,0.535109,0.0677945,0.0213366,0,6.1521e-06,4.86967e-06,0.518972,-0.00520991
0.832438,0.559963,0.536576,0.0233863,0.0214466,0,6.16694e-06,4.89957e-06,0.520318,-0.00519924
0.8383,0.618254,0.53805,0.0802032,0.0215577,0,6.18185e-06,4.92982e-06,0.52167,-0.00518858
0.844162,0.501998,0.539531,-0.0375336,0.02167,0,6.19684e-06,4.96043e-06,0.523028,-0.00517792
0.850024,0.561952,0.541019,0.0209322,0.0217835,0,6.21189e-06,4.99139e-06,0.524392,-0.00516727
0.855887,0.678873,0.542514,0.136359,0.0218982,0,6.22702e-06,5.02272e-06,0.525761,-0.00515662
0.861749,0.704383,0.544016,0.160366,0.0220142,0,6.24222e-06,5.05443e-06,0.527137,-0.00514598
0.867611,0.574466,0.545526,0.0289403,0.0221314,0,6.25749e-06,5.08651e-06,0.528518,-0.00513535
0.873473,0.583645,0.547042,0.0366025,0.0222499,0,6.27283e-06,5.11898e-06,0.529906,-0.00512472
0.879336,0.539228,0.548566,-0.00933816,0.0223698,0,6.28825e-06,5.15184e-06,0.531299,-0.0051141
0.885198,0.550566,0.550097,0.000469186,0.0224909,0,6.30374e-06,5.18511e-06,0.532698,-0.00510348
0.89106,0.567972,0.551635,0.0163364,0.0226134,0,6.31931e-06,5.21878e-06,0.534103,-0.00509287
0.896922,0.68682,0.553181,0.133638,0.0227373,0,6.33495e-06,5.25286e-06,0.535515,-0.00508227
0.902785,0.664389,0.554735,0.109654,0.0228626,0,6.35067e-06,5.28737e-06,0.536932,-0.00507167
0.908647,0.741312,0.556296,0.185016,0.0229893,0,6.36647e-06,5.3223e-06,0.538356,-0.00506107
0.914509,0.772814,0.557864,0.21495,0.0231174,0,6.38234e-06,5.35767e-06,0.539786,-0.00505049
0.920371,0.519432,0.55944,-0.0400082,0.023247,0,6.39829e-06,5.39349e-06,0.541222,-0.0050399
0.926234,0.592888,0.561024,0.0318633,0.0233781,0,6.41432e-06,5.42976e-06,0.542664,-0.00502933
0.932096,0.545035,0.562616,-0.0175813,0.0235107,0,6.43043e-06,5.46649e-06,0.544112,-0.00501876
0.937958,0.421662,0.564216,-0.142553,0.0236448,0,6.44662e-06,5.50369e-06,0.545567,-0.00500819
0.94382,0.436312,0.565824,-0.129511,0.0237805,0,6.46289e-06,5.54137e-06,0.547029,-0.00499764
0.949682,0.49617,0.567439,-0.0712695,0.0239178,0,6.47923e-06,5.57953e-06,0.548496,-0.00498708
0.955545,0.720011,0.569063,0.150948,0.0240568,0,6.49566e-06,5.6182e-06,0.549971,-0.00497654
0.961407,0.63914,0.570695,0.0684458,0.0241973,0,6.51217e-06,5.65736e-06,0.551451,-0.004966
0.967269,0.590388,0.572335,0.0180535,0.0243396,0,6.52877e-06,5.69705e-06,0.552938,-0.00495546
0.973131,0.591728,0.573983,0.0177451,0.0244836,0,6.54544e-06,5.73726e-06,0.554432,-0.00494493
0.978994,0.525545,0.57564,-0.0500947,0.0246293,0,6.5622e-06,5.778e-06,0.555932,-0.00493441
0.984856,0.593627,0.577305,0.0163222,0.0247768,0,6.57905e-06,5.81929e-06,0.557439,-0.00492389
0.990718,0.590429,0.578978,0.0114506,0.0249261,0,6.59598e-06,5.86114e-06,0.558953,-0.00491338
0.99658,0.446008,0.58066,-0.134652,0.0250773,0,6.61299e-06,5.90355e-06,0.560473,-0.00490288
1.00244,0.507238,0.582351,-0.0751134,0.0252303,0,6.63009e-06,5.94654e-06,0.562,-0.00489238
1.0083,0.892348,0.58405,0.308298,0.0253852,0,6.64728e-06,5.99012e-06,0.563534,-0.00488188
1.01417,0.752844,0.585758,0.167086,0.0255421,0,6.66455e-06,6.0343e-06,0.565075,-0.00487139
1.02003,0.643788,0.587476,0.0563122,0.025701,0,6.68191e-06,6.0791e-06,0.566623,-0.00486091
1.02589,0.684021,0.589202,0.0948199,0.0258618,0,6.69936e-06,6.12452e-06,0.568177,-0.00485044
1.03175,0.543454,0.590937,-0.0474828,0.0260247,0,6.7169e-06,6.17058e-06,0.569739,-0.00483996
1.03762,0.602319,0.592681,0.00963867,0.0261898,0,6.73454e-06,6.21729e-06,0.571308,-0.0048295
1.04348,0.695114,0.594434,0.10068,0.0263569,0,6.75226e-06,6.26466e-06,0.572883,-0.00481904
1.04934,0.491201,0.596197,-0.104996,0.0265262,0,6.77007e-06,6.31272e-06,0.574466,-0.00480859
1.0552,0.513066,0.597969,-0.0849028,0.0266978,0,6.78797e-06,6.36146e-06,0.576056,-0.00479814
1.06106,0.55228,0.59975,-0.0474704,0.0268716,0,6.80597e-06,6.41091e-06,0.577653,-0.0047877
1.06693,0.576357,0.601541,-0.0251836,0.0270477,0,6.82406e-06,6.46109e-06,0.579257,-0.00477727
1.07279,0.563377,0.603341,-0.0399641,0.0272261,0,6.84225e-06,6.512e-06,0.580869,-0.00476684
1.07865,0.634266,0.605152,0.0291145,0.027407,0,6.86053e-06,6.56366e-06,0.582488,-0.00475641
1.08451,0.72684,0.606972,0.119868,0.0275902,0,6.8789e-06,6.61609e-06,0.584114,-0.00474599
1.09038,0.692694,0.608802,0.083892,0.027776,0,6.89738e-06,6.6693e-06,0.585748,-0.00473558
1.09624,0.747453,0.610642,0.136811,0.0279643,0,6.91595e-06,6.72332e-06,0.587389,-0.00472518
1.1021,0.767117,0.612492,0.154626,0.0281552,0,6.93461e-06,6.77815e-06,0.589038,-0.00471478
1.10796,0.620613,0.614352,0.00626135,0.0283488,0,6.95338e-06,6.83383e-06,0.590694,-0.00470438
1.11383,0.659329,0.616223,0.043106,0.0285451,0,6.97225e-06,6.89036e-06,0.592358,-0.00469399
1.11969,0.611746,0.618104,-0.00635744,0.0287441,0,6.99121e-06,6.94776e-06,0.594029,-0.00468361
1.12555,0.695451,0.619995,0.0754556,0.0289459,0,7.01028e-06,7.00606e-06,0.595708,-0.00467323
1.13141,0.627646,0.621897,0.00574904,0.0291506,0,7.02945e-06,7.06527e-06,0.597395,-0.00466286
1.13727,0.624011,0.62381,0.000200884,0.0293582,0,7.04872e-06,7.12541e-06,0.59909,-0.0046525
1.14314,0.800496,0.625734,0.174763,0.0295688,0,7.0681e-06,7.18652e-06,0.600793,-0.00464214
1.149,0.679407,0.627668,0.0517387,0.0297825,0,7.08757e-06,7.2486e-06,0.602503,-0.00463179
1.15486,0.515271,0.629614,-0.114343,0.0299993,0,7.10716e-06,7.31168e-06,0.604222,-0.00462144
1.16072,0.624443,0.631571,-0.00712795,0.0302193,0,7.12685e-06,7.37578e-06,0.605948,-0.0046111
1.16659,0.675122,0.633539,0.0415831,0.0304425,0,7.14665e-06,7.44094e-06,0.607682,-0.00460076
1.17245,0.616763,0.635518,-0.0187551,0.0306691,0,7.16655e-06,7.50716e-06,0.609425,-0.00459043
1.17831,0.654492,0.637509,0.0169823,0.030899,0,7.18657e-06,7.57448e-06,0.611176,-0.00458011
1.18417,0.756055,0.639512,0.116543,0.0311325,0,7.20669e-06,7.64293e-06,0.612935,-0.00456979
1.19003,0.644215,0.641527,0.00268784,0.0313695,0,7.22692e-06,7.71253e-06,0.614702,-0.00455948
1.1959,0.643005,0.643553,-0.000548473,0.0316101,0,7.24727e-06,7.78331e-06,0.616477,-0.00454917
1.20176,0.595475,0.645592,-0.0501167,0.0318545,0,7.26772e-06,7.85529e-06,0.618261,-0.00453887
1.20762,0.679722,0.647643,0.0320796,0.0321027,0,7.28829e-06,7.92851e-06,0.620053,-0.00452858
1.21348,0.663877,0.649706,0.0141711,0.0323547,0,7.30898e-06,8.003e-06,0.621854,-0.00451829
1.21935,0.586105,0.651781,-0.0656767,0.0326107,0,7.32977e-06,8.07879e-06,0.623663,-0.004508
1.22521,0.636005,0.65387,-0.0178642,0.0328708,0,7.35069e-06,8.15592e-06,0.625481,-0.00449773
1.23107,0.837683,0.655971,0.181712,0.0331351,0,7.37172e-06,8.2344e-06,0.627308,-0.00448745
1.23693,0.569811,0.658085,-0.0882741,0.0334036,0,7.39287e-06,8.31429e-06,0.629143,-0.00447719
1.24279,0.521013,0.660212,-0.139199,0.0336765,0,7.41413e-06,8.39562e-06,0.630987,-0.00446693
1.24866,0.668459,0.662352,0.0061063,0.0339539,0,7.43552e-06,8.47842e-06,0.632839,-0.00445668
1.25452,0.553497,0.664506,-0.111009,0.0342358,0,7.45703e-06,8.56273e-06,0.634701,-0.00444643
1.26038,0.831917,0.666674,0.165243,0.0345224,0,7.47866e-06,8.64859e-06,0.636571,-0.00443619
1.26624,0.59594,0.668855,-0.0729152,0.0348139,0,7.50041e-06,8.73605e-06,0.638451,-0.00442595
1.27211,0.544024,0.67105,-0.127026,0.0351102,0,7.52228e-06,8.82514e-06,0.640339,-0.00441572
1.27797,0.603764,0.673259,-0.0694952,0.0354116,0,7.54428e-06,8.91591e-06,0.642237,-0.00440549
1.28383,0.771832,0.675483,0.0963496,0.0357181,0,7.56641e-06,9.0084e-06,0.644143,-0.00439528
1.28969,0.797999,0.677721,0.120278,0.03603,0,7.58866e-06,9.10267e-06,0.646059,-0.00438506
1.29555,0.785793,0.679974,0.10582,0.0363472,0,7.61104e-06,9.19876e-06,0.647984,-0.00437486
1.30142,0.758328,0.682241,0.0760863,0.0366701,0,7.63355e-06,9.29672e-06,0.649919,-0.00436466
1.30728,0.845211,0.684524,0.160687,0.0369986,0,7.65619e-06,9.3966e-06,0.651863,-0.00435446
1.31314,0.582205,0.686822,-0.104617,0.037333,0,7.67896e-06,9.49846e-06,0.653816,-0.00434427
1.319,0.70022,0.689136,0.011084,0.0376734,0,7.70187e-06,9.60235e-06,0.655779,-0.00433409
1.32487,0.844727,0.691465,0.153262,0.03802,0,7.7249e-06,9.70833e-06,0.657752,-0.00432391
1.33073,0.656978,0.693811,-0.036832,0.0383729,0,7.74808e-06,9.81647e-06,0.659734,-0.00431374
1.33659,0.731646,0.696172,0.0354744,0.0387323,0,7.77138e-06,9.92681e-06,0.661726,-0.00430357
1.34245,0.839873,0.69855,0.141323,0.0390984,0,7.79483e-06,1.00394e-05,0.663727,-0.00429341
1.34831,0.876591,0.700945,0.175647,0.0394713,0,7.81841e-06,1.01544e-05,0.665739,-0.00428326
1.35418,0.760113,0.703356,0.0567562,0.0398513,0,7.84213e-06,1.02718e-05,0.66776,-0.00427311
1.36004,0.912954,0.705785,0.207168,0.0402386,0,7.86599e-06,1.03917e-05,0.669792,-0.00426297
1.3659,0.834196,0.708232,0.125964,0.0406332,0,7.89e-06,1.05141e-05,0.671833,-0.00425283
1.37176,0.864984,0.710696,0.154289,0.0410355,0,7.91414e-06,1.06392e-05,0.673884,-0.0042427
1.37763,0.676456,0.713178,-0.0367219,0.0414457,0,7.93843e-06,1.07671e-05,0.675946,-0.00423257
1.38349,0.651092,0.715678,-0.064586,0.0418639,0,7.96287e-06,1.08977e-05,0.678018,-0.00422245
1.38935,0.644803,0.718198,-0.0733945,0.0422905,0,7.98745e-06,1.10312e-05,0.6801,-0.00421234
1.39521,0.879882,0.720736,0.159146,0.0427256,0,8.01219e-06,1.11677e-05,0.682193,-0.00420223
1.40107,0.570732,0.723293,-0.152561,0.0431695,0,8.03707e-06,1.13073e-05,0.684296,-0.00419213
1.40694,0.525993,0.72587,-0.199877,0.0436225,0,8.0621e-06,1.14501e-05,0.68641,-0.00418204
1.4128,0.759529,0.728467,0.0310624,0.0440849,0,8.08728e-06,1.15962e-05,0.688534,-0.00417195
1.41866,0.770807,0.731084,0.0397232,0.0445568,0,8.11262e-06,1.17457e-05,0.690669,-0.00416186
1.42452,0.487014,0.733721,-0.246708,0.0450387,0,8.13811e-06,1.18987e-05,0.692815,-0.00415178
1.43039,0.642241,0.73638,-0.0941394,0.0455307,0,8.16376e-06,1.20553e-05,0.694971,-0.00414171
1.43625,0.699066,0.73906,-0.0399943,0.0460333,0,8.18957e-06,1.22157e-05,0.697138,-0.00413165
1.44211,0.859008,0.741762,0.117245,0.0465467,0,8.21553e-06,1.23799e-05,0.699317,-0.00412159
1.44797,0.618469,0.744487,-0.126018,0.0470713,0,8.24166e-06,1.25482e-05,0.701506,-0.00411153
1.45383,0.676826,0.747234,-0.070408,0.0476074,0,8.26795e-06,1.27206e-05,0.703707,-0.00410148
1.4597,0.844629,0.750004,0.0946254,0.0481555,0,8.2944e-06,1.28974e-05,0.705918,-0.00409144
1.46556,0.868807,0.752797,0.116009,0.0487158,0,8.32101e-06,1.30785e-05,0.708141,-0.0040814
1.47142,0.721687,0.755615,-0.0339282,0.0492888,0,8.3478e-06,1.32643e-05,0.710376,-0.00407137
1.47728,0.738375,0.758457,-0.0200816,0.0498749,0,8.37475e-06,1.34549e-05,0.712622,-0.00406134
1.48315,0.634847,0.761324,-0.126477,0.0504746,0,8.40187e-06,1.36505e-05,0.714879,-0.00405133
1.48901,0.869772,0.764217,0.105555,0.0510882,0,8.42916e-06,1.38511e-05,0.717148,-0.00404131
1.49487,0.77568,0.767136,0.00854371,0.0517163,0,8.45662e-06,1.40571e-05,0.719428,-0.0040313
1.50073,0.907576,0.770082,0.137495,0.0523594,0,8.48426e-06,1.42687e-05,0.721721,-0.0040213
1.5066,0.905378,0.773054,0.132324,0.0530179,0,8.51208e-06,1.4486e-05,0.724025,-0.00401131
1.51246,0.750298,0.776055,-0.0257572,0.0536924,0,8.54007e-06,1.47093e-05,0.726341,-0.00400132
1.51832,0.774635,0.779085,-0.00445024,0.0543835,0,8.56824e-06,1.49387e-05,0.728669,-0.00399133
1.52418,0.857751,0.782143,0.075608,0.0550917,0,8.59659e-06,1.51746e-05,0.731009,-0.00398135
1.53004,0.865727,0.785232,0.0804945,0.0558177,0,8.62513e-06,1.54173e-05,0.733362,-0.00397138
1.53591,0.97084,0.788351,0.182488,0.0565621,0,8.65385e-06,1.56669e-05,0.735726,-0.00396141
1.54177,0.966722,0.791502,0.17522,0.0573255,0,8.68276e-06,1.59237e-05,0.738103,-0.00395145
1.54763,0.894253,0.794685,0.0995683,0.0581088,0,8.71185e-06,1.61882e-05,0.740493,-0.0039415
1.55349,0.908651,0.797901,0.11075,0.0589125,0,8.74113e-06,1.64605e-05,0.742895,-0.00393155
1.55936,0.785383,0.801151,-0.0157683,0.0597376,0,8.77061e-06,1.6741e-05,0.745309,-0.0039216
1.56522,0.761319,0.804436,-0.0431164,0.0605847,0,8.80028e-06,1.70301e-05,0.747737,-0.00391167
1.57108,0.867547,0.807756,0.0597911,0.0614548,0,8.83014e-06,1.73281e-05,0.750177,-0.00390173
1.57694,0.877048,0.811113,0.0659344,0.0623487,0,8.8602e-06,1.76355e-05,0.75263,-0.00389181
1.5828,0.748505,0.814508,-0.0660027,0.0632675,0,8.89046e-06,1.79526e-05,0.755096,-0.00388189
1.58867,0.807586,0.817942,-0.0103555,0.064212,0,8.92093e-06,1.82799e-05,0.757575,-0.00387197
1.59453,0.761094,0.821416,-0.0603215,0.0651833,0,8.95159e-06,1.86178e-05,0.760067,-0.00386207
1.60039,0.772191,0.824931,-0.0527402,0.0661825,0,8.98246e-06,1.89669e-05,0.762573,-0.00385216
1.60625,0.949138,0.828488,0.12065,0.0672107,0,9.01354e-06,1.93276e-05,0.765091,-0.00384227
1.61212,0.797514,0.832089,-0.034575,0.0682692,0,9.04482e-06,1.97006e-05,0.767624,-0.00383238
1.61798,0.781464,0.835735,-0.054271,0.0693593,0,9.07632e-06,2.00863e-05,0.77017,-0.00382249
1.62384,0.892275,0.839428,0.0528466,0.0704822,0,9.10803e-06,2.04855e-05,0.772729,-0.00381261
1.6297,0.882641,0.843169,0.039472,0.0716394,0,9.13996e-06,2.08987e-05,0.775302,-0.00380274
1.63556,0.890974,0.84696,0.0440139,0.0728324,0,9.1721e-06,2.13268e-05,0.77789,-0.00379287
1.64143,0.747008,0.850801,-0.103794,0.0740628,0,9.20446e-06,2.17704e-05,0.780491,-0.00378301
1.64729,0.837652,0.854696,-0.0170445,0.0753323,0,9.23705e-06,2.22303e-05,0.783106,-0.00377315
1.65315,0.835711,0.858646,-0.0229353,0.0766426,0,9.26985e-06,2.27074e-05,0.785735,-0.0037633
1.65901,0.797403,0.862653,-0.0652509,0.0779956,0,9.30289e-06,2.32025e-05,0.788379,-0.00375346
1.66488,0.811589,0.86672,-0.0551304,0.0793933,0,9.33615e-06,2.37168e-05,0.791037,-0.00374362
1.67074,0.843496,0.870847,-0.0273509,0.0808378,0,9.36965e-06,2.42512e-05,0.793709,-0.00373379
1.6766,0.960834,0.875038,0.0857956,0.0823313,0,9.40338e-06,2.48067e-05,0.796396,-0.00372396
1.68246,1.09517,0.879295,0.21587,0.0838763,0,9.43734e-06,2.53847e-05,0.799098,-0.00371414
1.68832,0.974845,0.883621,0.0912243,0.0854751,0,9.47154e-06,2.59864e-05,0.801815,-0.00370433
1.69419,1.0686,0.888018,0.180578,0.0871307,0,9.50599e-06,2.66131e-05,0.804546,-0.00369452
1.70005,0.973202,0.89249,0.0807114,0.0888457,0,9.54067e-06,2.72664e-05,0.807293,-0.00368472
1.70591,0.800078,0.89704,-0.0969619,0.0906232,0,9.57561e-06,2.79478e-05,0.810054,-0.00367492
1.71177,0.893865,0.901671,-0.00780611,0.0924665,0,9.61079e-06,2.8659e-05,0.812831,-0.00366513
1.71764,1.03829,0.906386,0.131901,0.094379,0,9.64622e-06,2.94018e-05,0.815624,-0.00365534
1.7235,1.09583,0.91119,0.184637,0.0963645,0,9.6819e-06,3.01784e-05,0.818431,-0.00364556
1.72936,0.905498,0.916087,-0.010589,0.0984269,0,9.71784e-06,3.09908e-05,0.821255,-0.00363579
1.73522,1.13982,0.92108,0.218742,0.10057,0,9.75404e-06,3.18413e-05,0.824094,-0.00362602
1.74108,0.93897,0.926175,0.0127949,0.1028,0,9.7905e-06,3.27325e-05,0.826949,-0.00361626
1.74695,0.882852,0.931376,-0.0485241,0.105119,0,9.82723e-06,3.36671e-05,0.82982,-0.0036065
1.75281,0.888824,0.936689,-0.0478648,0.107535,0,9.86422e-06,3.46482e-05,0.832707,-0.00359675
1.75867,1.07643,0.94212,0.134311,0.110051,0,9.90148e-06,3.56789e-05,0.83561,-0.00358701
1.76453,1.03963,0.947675,0.091954,0.112676,0,9.93902e-06,3.67628e-05,0.83853,-0.00357727
1.7704,1.07949,0.953359,0.126127,0.115414,0,9.97683e-06,3.79038e-05,0.841465,-0.00356754
1.77626,0.80614,0.959182,-0.153042,0.118273,0,1.00149e-05,3.91061e-05,0.844418,-0.00355781
1.78212,0.928411,0.96515,-0.0367389,0.12126,0,1.00533e-05,4.03744e-05,0.847387,-0.00354809
1.78798,0.963683,0.971271,-0.00758823,0.124384,0,1.0092e-05,4.17138e-05,0.850373,-0.00353837
1.79384,1.05329,0.977555,0.075735,0.127654,0,1.01309e-05,4.31298e-05,0.853377,-0.00352867
1.79971,0.976794,0.984011,-0.00721665,0.131079,0,1.01701e-05,4.46287e-05,0.856397,-0.00351896
1.80557,1.11174,0.99065,0.121085,0.134669,0,1.02097e-05,4.62173e-05,0.859434,-0.00350926
1.81143,0.983003,0.997483,-0.0144801,0.138436,0,1.02495e-05,4.79032e-05,0.862489,-0.00349957
1.81729,0.883841,1.00452,-0.120683,0.142392,0,1.02896e-05,4.96947e-05,0.865561,-0.00348989
1.82316,0.836195,1.01178,-0.175589,0.146551,0,1.03301e-05,5.16012e-05,0.868651,-0.00348021
1.82902,1.09508,1.01928,0.0757965,0.150927,0,1.03708e-05,5.36331e-05,0.871759,-0.00347053
1.83488,1.13105,1.02703,0.104022,0.155537,0,1.04118e-05,5.5802e-05,0.874884,-0.00346086
1.84074,1.00502,1.03504,-0.0300211,0.160398,0,1.04532e-05,5.81208e-05,0.878028,-0.0034512
1.8466,1.14672,1.04335,0.103375,0.165528,0,1.04949e-05,6.06043e-05,0.88119,-0.00344155
1.85247,1.07723,1.05196,0.0252694,0.170951,0,1.05369e-05,6.32689e-05,0.88437,-0.00343189
1.85833,1.06684,1.06091,0.00592861,0.176688,0,1.05792e-05,6.61332e-05,0.887569,-0.00342225
1.86419,0.946018,1.07022,-0.124201,0.182766,0,1.06219e-05,6.92182e-05,0.890786,-0.00341261
1.87005,1.00038,1.07992,-0.0795385,0.189213,0,1.06649e-05,7.2548e-05,0.894022,-0.00340298
1.87592,1.08399,1.09003,-0.00603705,0.196061,0,1.07082e-05,7.61499e-05,0.897277,-0.00339335
1.88178,1.1247,1.1006,0.024098,0.203345,0,1.07519e-05,8.00553e-05,0.900551,-0.00338373
1.88764,1.0734,1.11167,-0.0382737,0.211105,0,1.07959e-05,8.43002e-05,0.903844,-0.00337411
1.8935,1.20908,1.12328,0.0858023,0.219384,0,1.08403e-05,8.89263e-05,0.907157,-0.0033645
1.89936,1.29874,1.13547,0.163271,0.228231,0,1.0885e-05,9.39818e-05,0.910489,-0.0033549
1.90523,1.12641,1.14831,-0.0218956,0.237701,0,1.09301e-05,9.9523e-05,0.913841,-0.0033453
1.91109,1.19511,1.16185,0.0332593,0.247856,0,1.09755e-05,0.000105616,0.917213,-0.00333571
1.91695,1.04722,1.17617,-0.128951,0.258766,0,1.10213e-05,0.000112338,0.920605,-0.00332612
1.92281,1.19132,1.19134,-1.77102e-05,0.270511,0,1.10674e-05,0.000119781,0.924017,-0.00331654
1.92868,1.1177,1.20746,-0.0897592,0.283179,0,1.1114e-05,0.000128054,0.927449,-0.00330697
1.93454,1.18131,1.22463,-0.0433164,0.296875,0,1.11609e-05,0.000137289,0.930902,-0.0032974
1.9404,1.24227,1.24296,-0.00068675,0.311715,0,1.12082e-05,0.000147644,0.934375,-0.00328784
1.94626,1.23476,1.2626,-0.0278329,0.327834,0,1.12559e-05,0.000159312,0.937869,-0.00327828
1.95213,1.36466,1.28369,0.0809692,0.345388,0,1.1304e-05,0.000172529,0.941385,-0.00326873
1.95799,1.25007,1.30642,-0.0563522,0.364557,0,1.13524e-05,0.000187586,0.944921,-0.00325918
1.96385,1.25982,1.331,-0.0711736,0.385551,0,1.14013e-05,0.00020485,0.948479,-0.00324964
1.96971,1.35274,1.35767,-0.00492657,0.408616,0,1.14506e-05,0.00022478,0.952058,-0.00324011
1.97557,1.36592,1.38673,-0.0208117,0.434041,0,1.15003e-05,0.000247967,0.955659,-0.00323058
1.98144,1.41655,1.41851,-0.00196156,0.462167,0,1.15504e-05,0.00027517,0.959282,-0.00322106
1.9873,1.41109,1.45343,-0.0423438,0.493399,0,1.16009e-05,0.000307389,0.962927,-0.00321154
1.99316,1.37902,1.49197,-0.112953,0.528225,0,1.16519e-05,0.000345953,0.966594,-0.00320203
1.99902,1.53206,1.53473,-0.00266744,0.56723,0,1.17033e-05,0.000392668,0.970284,-0.00319253
2.00489,1.55445,1.5824,-0.0279445,0.611124,0,1.17551e-05,0.000450029,0.973996,-0.00318303
2.01075,1.67118,1.63587,0.0353062,0.660779,0,1.18074e-05,0.000521566,0.977731,-0.00317354
2.01661,1.78489,1.69622,0.0886654,0.71727,0,1.18601e-05,0.000612402,0.981489,-0.00316405
2.02247,1.7082,1.76479,-0.0565909,0.781936,0,1.19133e-05,0.000730195,0.985271,-0.00315457
2.02833,1.70096,1.84329,-0.142327,0.856463,0,1.19669e-05,0.000886796,0.989075,-0.0031451
2.0342,1.78536,1.93388,-0.148516,0.942999,0,1.2021e-05,0.0011013,0.992903,-0.00313563
2.04006,1.86413,2.03936,-0.175236,1.04431,0,1.20755e-05,0.00140599,0.996755,-0.00312616
2.04592,1.851,2.16341,-0.312413,1.16403,0,1.21306e-05,0.00185871,1.00063,-0.00311671
2.05178,2.28907,2.31096,-0.0218856,1.30695,0,1.21861e-05,0.00257059,1.00453,-0.00310725
2.05765,2.44844,2.4887,-0.0402652,1.47956,0,1.22421e-05,0.00377349,1.00846,-0.00309781
2.06351,2.8796,2.70612,0.173481,1.6908,0,1.22986e-05,0.00599717,1.01241,-0.00308837
2.06937,3.08269,2.97705,0.105638,1.95322,0,1.23556e-05,0.0105231,1.01638,-0.00307893
2.07523,3.77762,3.32199,0.455635,2.28494,0,1.24131e-05,0.0197286,1.02038,-0.00306951
2.08109,4.35948,3.76311,0.596363,2.71285,0,1.24712e-05,0.0289118,1.0244,-0.00306008
2.08696,4.43485,4.32459,0.110265,3.27818,0,1.25297e-05,0.0209944,1.02845,-0.00305067
2.09282,4.78129,5.08724,-0.305945,4.04672,0,1.25888e-05,0.011018,1.03253,-0.00304126
2.09868,5.40627,6.16803,-0.761755,5.12836,0,1.26484e-05,0.00606219,1.03663,-0.00303185
2.10454,6.57103,7.75857,-1.18754,6.71713,0,1.27086e-05,0.00368669,1.04076,-0.00302245
2.11041,8.52052,10.2236,-1.70311,9.17929,0,1.27693e-05,0.00243487,1.04491,-0.00301306
2.11627,11.6403,14.3113,-2.67101,13.2635,0,1.28306e-05,0.00171105,1.04909,-0.00300367
2.12213,18.2502,21.6963,-3.44616,20.6448,0,1.28924e-05,0.00126004,1.0533,-0.00299429
2.12799,32.6858,36.4134,-3.72753,35.3578,0,1.29548e-05,0.000962003,1.05753,-0.00298491
2.13385,63.6819,67.0931,-3.41123,66.0335,0,1.30178e-05,0.000755671,1.06179,-0.00297554
2.13972,106.94,109.195,-2.25435,108.131,0,1.30814e-05,0.000607365,1.06608,-0.00296618
2.14558,100.489,93.4261,7.06247,92.3582,0,1.31455e-05,0.000497439,1.0704,-0.00295682
2.15144,55.5366,50.7683,4.76827,49.6961,0,1.32103e-05,0.000413854,1.07474,-0.00294747
2.1573,27.3978,27.8279,-0.430161,26.7514,0,1.32757e-05,0.000348911,1.07911,-0.00293812
2.16317,15.2607,16.989,-1.72824,15.9081,0,1.33417e-05,0.000297517,1.08351,-0.00292878
2.16903,9.81666,11.4129,-1.59627,10.3276,0,1.34083e-05,0.000256194,1.08794,-0.00291945
2.17489,6.92892,8.25535,-1.32643,7.16562,0,1.34756e-05,0.000222505,1.0924,-0.00291012
2.18075,5.438,6.32082,-0.882819,5.22662,0,1.35435e-05,0.000194704,1.09689,-0.0029008
2.18661,4.4768,5.06004,-0.583241,3.96134,0,1.36121e-05,0.000171515,1.10141,-0.00289148
2.19248,3.68939,4.19736,-0.50797,3.09412,0,1.36813e-05,0.000151985,1.10596,-0.00288217
2.19834,3.18536,3.58364,-0.398287,2.47584,0,1.37513e-05,0.000135396,1.11053,-0.00287286
2.2042,2.87073,3.13304,-0.262311,2.02063,0,1.38219e-05,0.000121194,1.11514,-0.00286357
2.21006,2.66239,2.79349,-0.131098,1.67644,0,1.38931e-05,0.000108951,1.11978,-0.00285427
2.21593,2.38353,2.53201,-0.148474,1.41029,0,1.39651e-05,9.83288e-05,1.12445,-0.00284498
2.22179,2.29862,2.32694,-0.0283211,1.20053,0,1.40379e-05,8.9059e-05,1.12915,-0.0028357
2.22765,2.06357,2.16362,-0.100047,1.03247,0,1.41113e-05,8.09259e-05,1.13388,-0.00282643
2.23351,2.09282,2.0318,0.0610218,0.895885,0,1.41855e-05,7.3755e-05,1.13864,-0.00281716
2.23937,1.72851,1.9242,-0.195683,0.783484,0,1.42604e-05,6.74036e-05,1.14344,-0.00280789
2.24524,1.78791,1.8355,-0.047587,0.689956,0,1.43361e-05,6.17543e-05,1.14826,-0.00279863
2.2511,1.70831,1.76177,-0.0534605,0.611362,0,1.44125e-05,5.67098e-05,1.15312,-0.00278938
2.25696,1.63811,1.70004,-0.0619266,0.544733,0,1.44897e-05,5.2189e-05,1.15802,-0.00278013
2.26282,1.46256,1.64803,-0.185474,0.487798,0,1.45678e-05,4.81236e-05,1.16294,-0.00277089
2.26869,1.60429,1.604,0.000290442,0.438797,0,1.46466e-05,4.44563e-05,1.1679,-0.00276166
2.27455,1.51175,1.56655,-0.0547957,0.396348,0,1.47262e-05,4.11382e-05,1.1729,-0.00275243
2.28041,1.39507,1.53459,-0.139521,0.359355,0,1.48067e-05,3.81276e-05,1.17792,-0.00274321
2.28627,1.38006,1.50724,-0.12718,0.326941,0,1.4888e-05,3.53889e-05,1.18299,-0.00273399
2.29213,1.40107,1.4838,-0.0827369,0.298397,0,1.49701e-05,3.28913e-05,1.18808,-0.00272478
2.298,1.42857,1.46369,-0.0351151,0.273144,0,1.50531e-05,3.06083e-05,1.19321,-0.00271557
2.30386,1.33614,1.44642,-0.110287,0.250707,0,1.5137e-05,2.85169e-05,1.19838,-0.00270637
2.30972,1.30036,1.43162,-0.131258,0.230692,0,1.52218e-05,2.65969e-05,1.20358,-0.00269718
2.31558,1.40686,1.41895,-0.0120837,0.212773,0,1.53075e-05,2.48309e-05,1.20882,-0.00268799
2.32145,1.38952,1.40813,-0.0186107,0.196675,0,1.53941e-05,2.32034e-05,1.2141,-0.00267881
2.32731,1.5677,1.39894,0.168755,0.182165,0,1.54817e-05,2.17009e-05,1.21941,-0.00266963
2.33317,1.39884,1.39118,0.00766133,0.169049,0,1.55702e-05,2.03114e-05,1.22476,-0.00266046
2.33903,1.45291,1.38469,0.0682246,0.157159,0,1.56596e-05,1.90244e-05,1.23014,-0.00265129
2.34489,1.55902,1.37931,0.179713,0.146351,0,1.57501e-05,1.78304e-05,1.23557,-0.00264214
2.35076,1.41141,1.37493,0.0364783,0.136502,0,1.58415e-05,1.67212e-05,1.24103,-0.00263298
2.35662,1.47523,1.37145,0.10378,0.127508,0,1.5934e-05,1.56893e-05,1.24653,-0.00262383
2.36248,1.43134,1.36876,0.062582,0.119274,0,1.60274e-05,1.47279e-05,1.25207,-0.00261469
2.36834,1.39535,1.36679,0.0285558,0.111721,0,1.6122e-05,1.38311e-05,1.25765,-0.00260556
2.37421,1.5274,1.36548,0.161915,0.104779,0,1.62175e-05,1.29936e-05,1.26327,-0.00259643
2.38007,1.32944,1.36475,-0.0353132,0.0983872,0,1.63142e-05,1.22106e-05,1.26893,-0.0025873
2.38593,1.30668,1.36456,-0.0578856,0.0924905,0,1.64119e-05,1.14775e-05,1.27462,-0.00257819
2.39179,1.19414,1.36486,-0.170724,0.0870418,0,1.65108e-05,1.07906e-05,1.28036,-0.00256907
2.39766,1.31328,1.36561,-0.0523323,0.0819989,0,1.66108e-05,1.01463e-05,1.28614,-0.00255997
2.40352,1.45219,1.36677,0.0854184,0.0773244,0,1.6712e-05,9.54121e-06,1.29197,-0.00255087
2.40938,1.38214,1.3683,0.0138409,0.0729852,0,1.68143e-05,8.97253e-06,1.29783,-0.00254177
2.41524,1.46193,1.37018,0.0917521,0.0689517,0,1.69178e-05,8.43754e-06,1.30374,-0.00253268
2.4211,1.34329,1.37239,-0.0290935,0.0651973,0,1.70225e-05,7.93381e-06,1.30969,-0.0025236
2.42697,1.48458,1.37489,0.109689,0.0616983,0,1.71285e-05,7.4591e-06,1.31568,-0.00251453
2.43283,1.41444,1.37767,0.0367697,0.0584335,0,1.72357e-05,7.01138e-06,1.32172,-0.00250545
2.43869,1.36276,1.38071,-0.0179454,0.0553837,0,1.73442e-05,6.58877e-06,1.3278,-0.00249639
2.44455,1.54429,1.38399,0.160302,0.0525316,0,1.74539e-05,6.18956e-06,1.33392,-0.00248733
2.45042,1.45049,1.3875,0.0629895,0.0498616,0,1.7565e-05,5.81219e-06,1.34009,-0.00247828
2.45628,1.47899,1.39122,0.0877716,0.0473595,0,1.76775e-05,5.45521e-06,1.34631,-0.00246923
2.46214,1.44936,1.39514,0.0542172,0.0450127,0,1.77913e-05,5.11727e-06,1.35257,-0.00246019
2.468,1.49728,1.39925,0.0980248,0.0428093,0,1.79064e-05,4.79717e-06,1.35887,-0.00245115
2.47386,1.46178,1.40355,0.0582332,0.0407389,0,1.8023e-05,4.49376e-06,1.36523,-0.00244212
2.47973,1.3334,1.40801,-0.0746101,0.0387917,0,1.81411e-05,4.206e-06,1.37163,-0.0024331
2.48559,1.43464,1.41264,0.022005,0.0369591,0,1.82606e-05,3.93292e-06,1.37808,-0.00242408
2.49145,1.48666,1.41741,0.0692424,0.0352328,0,1.83816e-05,3.67362e-06,1.38458,-0.00241507
2.49731,1.49787,1.42234,0.0755308,0.0336057,0,1.85041e-05,3.42727e-06,1.39112,-0.00240606
2.50318,1.44872,1.42741,0.0213055,0.0320708,0,1.86281e-05,3.19309e-06,1.39772,-0.00239706
2.50904,1.62504,1.43262,0.192426,0.030622,0,1.87537e-05,2.97038e-06,1.40436,-0.00238806
2.5149,1.44919,1.43795,0.0112367,0.0292536,0,1.8881e-05,2.75847e-06,1.41106,-0.00237907
2.52076,1.47856,1.44341,0.0351459,0.0279603,0,1.90098e-05,2.55673e-06,1.4178,-0.00237009
2.52662,1.49972,1.449,0.0507242,0.0267374,0,1.91403e-05,2.36458e-06,1.4246,-0.00236111
2.53249,1.39175,1.4547,-0.0629419,0.0255803,0,1.92725e-05,2.1815e-06,1.43145,-0.00235214
2.53835,1.35392,1.46051,-0.106595,0.0244849,0,1.94065e-05,2.00697e-06,1.43835,-0.00234318
2.54421,1.51692,1.46644,0.0504834,0.0234474,0,1.95422e-05,1.84052e-06,1.4453,-0.00233422
2.55007,1.57135,1.47247,0.0988788,0.0224642,0,1.96797e-05,1.68172e-06,1.45231,-0.00232526
2.55594,1.54323,1.47861,0.0646206,0.0215322,0,1.9819e-05,1.53016e-06,1.45937,-0.00231631
2.5618,1.37964,1.48485,-0.105203,0.0206483,0,1.99601e-05,1.38545e-06,1.46648,-0.00230737
2.56766,1.45565,1.49119,-0.0355378,0.0198095,0,2.01032e-05,1.24723e-06,1.47365,-0.00229843
2.57352,1.53176,1.49763,0.034132,0.0190134,0,2.02482e-05,1.11516e-06,1.48088,-0.0022895
2.57938,1.59432,1.50416,0.0901635,0.0182575,0,2.03952e-05,9.88926e-07,1.48816,-0.00228058
2.58525,1.66991,1.51079,0.15912,0.0175395,0,2.05441e-05,8.68231e-07,1.4955,-0.00227166
2.59111,1.63039,1.51751,0.112872,0.0168573,0,2.06951e-05,7.52795e-07,1.5029,-0.00226275
2.59697,1.67006,1.52433,0.145731,0.0162089,0,2.08483e-05,6.42354e-07,1.51035,-0.00225384
2.60283,1.75087,1.53124,0.219637,0.0155925,0,2.10035e-05,5.36661e-07,1.51787,-0.00224494
2.6087,1.41428,1.53823,-0.123946,0.0150064,0,2.11609e-05,4.35482e-07,1.52544,-0.00223604
2.61456,1.62317,1.54531,0.0778516,0.0144489,0,2.13206e-05,3.38599e-07,1.53307,-0.00222715
2.62042,1.5602,1.55249,0.00771096,0.0139186,0,2.14825e-05,2.45804e-07,1.54076,-0.00221827
2.62628,1.6307,1.55974,0.0709547,0.0134139,0,2.16467e-05,1.56903e-07,1.54852,-0.00220939
2.63214,1.63223,1.56709,0.065143,0.0129337,0,2.18132e-05,7.17105e-08,1.55633,-0.00220052
2.63801,1.5254,1.57452,-0.0491193,0.0124767,0,2.19822e-05,-9.94699e-09,1.56421,-0.00219165
2.64387,1.50962,1.58203,-0.0724182,0.0120416,0,2.21537e-05,-8.82338e-08,1.57215,-0.00218279
2.64973,1.63293,1.58963,0.0432993,0.0116274,0,2.23276e-05,-1.63305e-07,1.58016,-0.00217394
2.65559,1.61911,1.59732,0.0217891,0.0112331,0,2.25041e-05,-2.35308e-07,1.58823,-0.00216509
2.66146,1.70397,1.60509,0.0988867,0.0108578,0,2.26832e-05,-3.04382e-07,1.59636,-0.00215625
2.66732,1.63288,1.61294,0.0199389,0.0105004,0,2.2865e-05,-3.70659e-07,1.60457,-0.00214741
2.67318,1.84893,1.62088,0.228058,0.0101601,0,2.30495e-05,-4.34262e-07,1.61283,-0.00213858
2.67904,1.69979,1.6289,0.0708914,0.0098362,0,2.32368e-05,-4.95311e-07,1.62117,-0.00212975
2.6849,1.87395,1.637,0.236952,0.00952785,0,2.3427e-05,-5.53918e-07,1.62957,-0.00212094
2.69077,1.67284,1.64519,0.0276515,0.00923435,0,2.36201e-05,-6.10189e-07,1.63804,-0.00211212
2.69663,1.73915,1.65346,0.0856904,0.00895502,0,2.38161e-05,-6.64225e-07,1.64659,-0.00210331
2.70249,1.81677,1.66182,0.154951,0.00868923,0,2.40152e-05,-7.16122e-07,1.6552,-0.00209451
2.70835,1.62328,1.67026,-0.0469766,0.00843636,0,2.42174e-05,-7.6597e-07,1.66388,-0.00208572
2.71422,1.60276,1.67878,-0.0760217,0.00819584,0,2.44228e-05,-8.13857e-07,1.67264,-0.00207693
2.72008,1.72839,1.68739,0.0409966,0.00796714,0,2.46314e-05,-8.59866e-07,1.68147,-0.00206814
2.72594,1.8401,1.69608,0.144019,0.00774975,0,2.48434e-05,-9.04073e-07,1.69037,-0.00205936
2.7318,1.89985,1.70486,0.194991,0.00754317,0,2.50587e-05,-9.46554e-07,1.69935,-0.00205059
2.73766,1.84989,1.71373,0.136159,0.00734695,0,2.52776e-05,-9.87379e-07,1.7084,-0.00204182
2.74353,1.88647,1.72268,0.163787,0.00716066,0,2.55e-05,-1.02662e-06,1.71753,-0.00203306
2.74939,1.70165,1.73172,-0.030068,0.00698388,0,2.57261e-05,-1.06433e-06,1.72673,-0.00202431
2.75525,1.72037,1.74084,-0.0204712,0.00681623,0,2.59559e-05,-1.10058e-06,1.73602,-0.00201556
2.76111,1.90335,1.75005,0.153298,0.00665732,0,2.61895e-05,-1.13543e-06,1.74538,-0.00200682
2.76698,1.78228,1.75935,0.022929,0.00650682,0,2.6427e-05,-1.16893e-06,1.75482,-0.00199808
2.77284,1.7812,1.76874,0.0124523,0.00636439,0,2.66686e-05,-1.20114e-06,1.76434,-0.00198935
2.7787,1.65079,1.77822,-0.127434,0.0062297,0,2.69142e-05,-1.2321e-06,1.77395,-0.00198062
2.78456,1.76,1.78779,-0.0277957,0.00610247,0,2.71641e-05,-1.26187e-06,1.78364,-0.0019719
2.79043,1.67154,1.79745,-0.125908,0.0059824,0,2.74182e-05,-1.29049e-06,1.79341,-0.00196319
2.79629,1.83028,1.8072,0.0230798,0.00586921,0,2.76768e-05,-1.318e-06,1.80326,-0.00195448
2.80215,1.98649,1.81704,0.169449,0.00576266,0,2.79399e-05,-1.34445e-06,1.8132,-0.00194578
2.80801,1.9346,1.82698,0.107616,0.0056625,0,2.82077e-05,-1.36988e-06,1.82323,-0.00193708
2.81387,1.91283,1.83701,0.0758167,0.00556849,0,2.84802e-05,-1.39433e-06,1.83334,-0.00192839
2.81974,1.86162,1.84713,0.0144851,0.0054804,0,2.87576e-05,-1.41783e-06,1.84355,-0.00191971
2.8256,1.94033,1.85735,0.0829779,0.00539804,0,2.904e-05,-1.44042e-06,1.85384,-0.00191103
2.83146,1.81964,1.86767,-0.0480316,0.00532119,0,2.93275e-05,-1.46214e-06,1.86422,-0.00190235
2.83732,1.85007,1.87808,-0.0280128,0.00524966,0,2.96203e-05,-1.48301e-06,1.8747,-0.00189369
2.84319,2.10618,1.88859,0.217585,0.00518326,0,2.99185e-05,-1.50306e-06,1.88526,-0.00188503
2.84905,1.87391,1.8992,-0.0252878,0.00512184,0,3.02223e-05,-1.52233e-06,1.89593,-0.00187637
2.85491,1.8794,1.90991,-0.0305098,0.00506521,0,3.05317e-05,-1.54085e-06,1.90668,-0.00186772
2.86077,1.81282,1.92072,-0.107898,0.00501321,0,3.08471e-05,-1.55864e-06,1.91754,-0.00185908
2.86663,2.04061,1.93163,0.108976,0.00496571,0,3.11684e-05,-1.57573e-06,1.92849,-0.00185044
2.8725,1.98264,1.94264,0.0399996,0.00492255,0,3.14959e-05,-1.59215e-06,1.93953,-0.00184181
2.87836,1.87848,1.95376,-0.0752875,0.00488359,0,3.18298e-05,-1.60791e-06,1.95068,-0.00183318
2.88422,1.85685,1.96499,-0.108141,0.00484871,0,3.21702e-05,-1.62304e-06,1.96193,-0.00182456
2.89008,2.07421,1.97632,0.0978927,0.00481778,0,3.25173e-05,-1.63757e-06,1.97328,-0.00181595
2.89595,2.10776,1.98775,0.120011,0.00479068,0,3.28713e-05,-1.65151e-06,1.98474,-0.00180734
2.90181,2.13732,1.9993,0.138022,0.00476729,0,3.32324e-05,-1.66489e-06,1.9963,-0.00179874
2.90767,2.07569,2.01095,0.0647362,0.00474751,0,3.36008e-05,-1.67772e-06,2.00796,-0.00179014
2.91353,2.15349,2.02272,0.130772,0.00473124,0,3.39767e-05,-1.69003e-06,2.01974,-0.00178155
2.91939,2.22316,2.0346,0.18856,0.00471837,0,3.43603e-05,-1.70183e-06,2.03162,-0.00177296
2.92526,2.19334,2.04659,0.146752,0.00470881,0,3.47519e-05,-1.71314e-06,2.04361,-0.00176438
2.93112,1.98564,2.05869,-0.0730499,0.00470247,0,3.51517e-05,-1.72398e-06,2.05571,-0.00175581
2.93698,1.8984,2.07092,-0.172513,0.00469926,0,3.55599e-05,-1.73436e-06,2.06793,-0.00174724
2.94284,1.9271,2.08325,-0.156155,0.00469911,0,3.59768e-05,-1.7443e-06,2.08026,-0.00173868
2.94871,2.10265,2.09571,0.00693302,0.00470194,0,3.64027e-05,-1.75381e-06,2.09271,-0.00173013
2.95457,2.00283,2.10829,-0.105455,0.00470766,0,3.68378e-05,-1.76291e-06,2.10527,-0.00172158
2.96043,2.0197,2.12099,-0.101286,0.00471621,0,3.72825e-05,-1.77162e-06,2.11795,-0.00171303
2.96629,2.13583,2.13381,0.00201981,0.00472753,0,3.77369e-05,-1.77994e-06,2.13075,-0.00170449
2.97215,2.09627,2.14676,-0.0504819,0.00474154,0,3.82015e-05,-1.78788e-06,2.14367,-0.00169596
2.97802,2.05689,2.15983,-0.102943,0.00475819,0,3.86765e-05,-1.79547e-06,2.15672,-0.00168743
2.98388,2.25914,2.17303,0.0861125,0.00477742,0,3.91624e-05,-1.80271e-06,2.16989,-0.00167891
2.98974,2.28639,2.18636,0.10003,0.00479917,0,3.96593e-05,-1.80961e-06,2.18319,-0.0016704
2.9956,2.33104,2.19981,0.131229,0.00482339,0,4.01678e-05,-1.81619e-06,2.19661,-0.00166189
3.00147,2.36617,2.21341,0.152763,0.00485003,0,4.06882e-05,-1.82246e-06,2.21017,-0.00165339
3.00733,2.43403,2.22713,0.206902,0.00487905,0,4.12208e-05,-1.82842e-06,2.22386,-0.00164489
3.01319,2.3285,2.24099,0.0875127,0.00491039,0,4.17662e-05,-1.83409e-06,2.23768,-0.0016364
3.01905,2.29318,2.25499,0.0381934,0.00494402,0,4.23246e-05,-1.83947e-06,2.25163,-0.00162791
3.02491,2.14881,2.26912,-0.120314,0.00497989,0,4.28967e-05,-1.84458e-06,2.26572,-0.00161943
3.03078,2.25404,2.2834,-0.0293627,0.00501796,0,4.34828e-05,-1.84942e-06,2.27995,-0.00161096
3.03664,2.26309,2.29782,-0.0347326,0.00505821,0,4.40834e-05,-1.85401e-06,2.29432,-0.00160249
3.0425,2.42659,2.31238,0.114204,0.00510059,0,4.46991e-05,-1.85834e-06,2.30883,-0.00159403
3.04836,2.45179,2.32709,0.124696,0.00514507,0,4.53304e-05,-1.86244e-06,2.32349,-0.00158557
3.05423,2.54314,2.34195,0.201196,0.00519163,0,4.59779e-05,-1.8663e-06,2.33829,-0.00157712
3.06009,2.54609,2.35696,0.189134,0.00524023,0,4.66421e-05,-1.86993e-06,2.35324,-0.00156868
3.06595,2.56639,2.37212,0.194272,0.00529085,0,4.73237e-05,-1.87335e-06,2.36834,-0.00156024
3.07181,2.52313,2.38743,0.135703,0.00534346,0,4.80233e-05,-1.87655e-06,2.38359,-0.0015518
3.07767,2.48541,2.4029,0.0825095,0.00539804,0,4.87416e-05,-1.87955e-06,2.399,-0.00154338
3.08354,2.43738,2.41853,0.0188564,0.00545457,0,4.94792e-05,-1.88235e-06,2.41456,-0.00153496
3.0894,2.46734,2.43431,0.0330221,0.00551302,0,5.02371e-05,-1.88496e-06,2.43028,-0.00152654
3.09526,2.40199,2.45026,-0.0482678,0.00557338,0,5.10158e-05,-1.88739e-06,2.44616,-0.00151813
3.10112,2.51676,2.46638,0.0503871,0.00563564,0,5.18164e-05,-1.88963e-06,2.4622,-0.00150973
3.10699,2.51927,2.48266,0.0366109,0.00569977,0,5.26395e-05,-1.8917e-06,2.47841,-0.00150133
3.11285,2.35327,2.49911,-0.145841,0.00576576,0,5.34862e-05,-1.8936e-06,2.49478,-0.00149294
3.11871,2.25372,2.51573,-0.262012,0.0058336,0,5.43574e-05,-1.89533e-06,2.51133,-0.00148455
3.12457,2.41638,2.53252,-0.116146,0.00590328,0,5.5254e-05,-1.89691e-06,2.52804,-0.00147617
3.13043,2.50102,2.54949,-0.0484792,0.00597478,0,5.61772e-05,-1.89834e-06,2.54493,-0.0014678
3.1363,2.55368,2.56664,-0.0129617,0.00604811,0,5.71281e-05,-1.89961e-06,2.562,-0.00145943
3.14216,2.7278,2.58397,0.14383,0.00612324,0,5.81079e-05,-1.90074e-06,2.57925,-0.00145107
3.14802,2.61636,2.60149,0.0148761,0.00620018,0,5.91177e-05,-1.90173e-06,2.59667,-0.00144271
3.15388,2.53661,2.61919,-0.0825742,0.00627892,0,6.01589e-05,-1.90259e-06,2.61429,-0.00143436
3.15975,2.67661,2.63708,0.0395293,0.00635946,0,6.1233e-05,-1.90331e-06,2.63208,-0.00142601
3.16561,2.78809,2.65516,0.132931,0.00644179,0,6.23413e-05,-1.90391e-06,2.65007,-0.00141767
3.17147,2.89342,2.67343,0.219989,0.00652591,0,6.34854e-05,-1.90439e-06,2.66825,-0.00140934
3.17733,2.69468,2.6919,0.00277874,0.00661183,0,6.4667e-05,-1.90474e-06,2.68663,-0.00140101
3.18319,2.71792,2.71057,0.00734209,0.00669954,0,6.58877e-05,-1.90499e-06,2.7052,-0.00139269
3.18906,2.72237,2.72945,-0.00707382,0.00678904,0,6.71495e-05,-1.90511e-06,2.72398,-0.00138438
3.19492,2.91429,2.74852,0.165767,0.00688034,0,6.84543e-05,-1.90514e-06,2.74295,-0.00137607
3.20078,2.91127,2.76781,0.143455,0.00697345,0,6.98042e-05,-1.90505e-06,2.76214,-0.00136776
3.20664,2.86242,2.78731,0.0751104,0.00706836,0,7.12013e-05,-1.90487e-06,2.78153,-0.00135946
3.21251,2.9258,2.80702,0.118777,0.00716509,0,7.26481e-05,-1.90458e-06,2.80114,-0.00135117
3.21837,2.85997,2.82696,0.0330166,0.00726365,0,7.4147e-05,-1.9042e-06,2.82096,-0.00134288
3.22423,2.86858,2.84711,0.0214725,0.00736404,0,7.57007e-05,-1.90373e-06,2.841,-0.0013346
3.23009,2.90098,2.86748,0.0334941,0.00746627,0,7.73119e-05,-1.90317e-06,2.86127,-0.00132633
3.23596,2.88262,2.88809,-0.00546238,0.00757035,0,7.89839e-05,-1.90252e-06,2.88176,-0.00131806
3.24182,2.91458,2.90892,0.00565798,0.0076763,0,8.07196e-05,-1.90179e-06,2.90248,-0.0013098
3.24768,2.99443,2.92999,0.0644409,0.00778413,0,8.25228e-05,-1.90097e-06,2.92343,-0.00130154
3.25354,3.02319,2.9513,0.0718955,0.00789386,0,8.43969e-05,-1.90008e-06,2.94461,-0.00129329
3.2594,3.16046,2.97285,0.187613,0.00800549,0,8.6346e-05,-1.89911e-06,2.96604,-0.00128504
3.26527,3.16039,2.99464,0.165745,0.00811905,0,8.83743e-05,-1.89807e-06,2.98771,-0.0012768
3.27113,3.09039,3.01668,0.0737071,0.00823456,0,9.04864e-05,-1.89695e-06,3.00963,-0.00126857
3.27699,2.89153,3.03898,-0.147445,0.00835203,0,9.26871e-05,-1.89577e-06,3.0318,-0.00126034
3.28285,2.91283,3.06153,-0.148698,0.00847149,0,9.49817e-05,-1.89451e-06,3.05422,-0.00125212
3.28872,3.02466,3.08434,-0.0596889,0.00859295,0,9.73759e-05,-1.8932e-06,3.0769,-0.0012439
3.29458,3.08536,3.10742,-0.0220577,0.00871645,0,9.98758e-05,-1.89182e-06,3.09984,-0.00123569
3.30044,3.03546,3.13077,-0.0953069,0.00884199,0,0.000102488,-1.89038e-06,3.12305,-0.00122749
3.3063,3.12245,3.15439,-0.03194,0.00896962,0,0.000105219,-1.88887e-06,3.14653,-0.00121929
3.31216,3.21006,3.17828,0.0317751,0.00909935,0,0.000108078,-1.88732e-06,3.17029,-0.0012111
3.31803,3.18523,3.20246,-0.017235,0.00923121,0,0.000111072,-1.8857e-06,3.19432,-0.00120291
3.32389,3.23985,3.22693,0.0129271,0.00936524,0,0.000114211,-1.88404e-06,3.21864,-0.00119473
3.32975,3.2781,3.25168,0.0264201,0.00950146,0,0.000117503,-1.88232e-06,3.24325,-0.00118655
3.33561,3.25165,3.27673,-0.0250823,0.00963991,0,0.000120961,-1.88055e-06,3.26815,-0.00117838
3.34148,3.247,3.30208,-0.0550783,0.00978061,0,0.000124596,-1.87873e-06,3.29335,-0.00117022
3.34734,3.33075,3.32774,0.00300948,0.0099236,0,0.00012842,-1.87687e-06,3.31885,-0.00116206
3.3532,3.41032,3.3537,0.0566141,0.0100689,0,0.000132447,-1.87496e-06,3.34466,-0.00115391
3.35906,3.33343,3.37998,-0.0465473,0.0102166,0,0.000136693,-1.873e-06,3.37078,-0.00114576
3.36492,3.23797,3.40658,-0.168615,0.0103667,0,0.000141174,-1.87101e-06,3.39721,-0.00113762
3.37079,3.32731,3.43351,-0.106196,0.0105193,0,0.000145909,-1.86897e-06,3.42397,-0.00112949
3.37665,3.50655,3.46076,0.0457906,0.0106743,0,0.000150918,-1.86689e-06,3.45106,-0.00112136
3.38251,3.38665,3.48835,-0.101708,0.0108319,0,0.000156223,-1.86477e-06,3.47848,-0.00111324
3.38837,3.6018,3.51629,0.0855174,0.010992,0,0.000161849,-1.86262e-06,3.50624,-0.00110512
3.39424,3.54861,3.54457,0.00404786,0.0111548,0,0.000167823,-1.86043e-06,3.53434,-0.00109701
3.4001,3.61776,3.5732,0.0445628,0.0113202,0,0.000174176,-1.8582e-06,3.5628,-0.00108891
3.40596,3.57705,3.60219,-0.0251396,0.0114884,0,0.000180941,-1.85595e-06,3.59161,-0.00108081
3.41182,3.709,3.63155,0.0774495,0.0116593,0,0.000188157,-1.85366e-06,3.62078,-0.00107271
3.41768,3.72117,3.66128,0.0598956,0.0118331,0,0.000195865,-1.85133e-06,3.65032,-0.00106463
3.42355,3.77525,3.69138,0.0838698,0.0120098,0,0.000204113,-1.84898e-06,3.68023,-0.00105654
3.42941,3.60228,3.72188,-0.119592,0.0121894,0,0.000212954,-1.8466e-06,3.71052,-0.00104847
3.43527,3.815,3.75276,0.0622389,0.012372,0,0.000222448,-1.84419e-06,3.7412,-0.0010404
3.44113,3.68229,3.78404,-0.101745,0.0125577,0,0.000232663,-1.84175e-06,3.77228,-0.00103233
3.447,3.7875,3.81572,-0.0282232,0.0127466,0,0.000243676,-1.83929e-06,3.80375,-0.00102428
3.45286,3.91919,3.84781,0.07138,0.0129386,0,0.000255575,-1.8368e-06,3.83564,-0.00101622
3.45872,3.91709,3.88033,0.0367646,0.013134,0,0.000268461,-1.83429e-06,3.86793,-0.00100818
3.46458,4.00267,3.91327,0.0894023,0.0133326,0,0.000282449,-1.83175e-06,3.90065,-0.00100014
3.47044,4.02186,3.94664,0.0752201,0.0135347,0,0.000297672,-1.8292e-06,3.9338,-0.000992102
3.47631,4.04453,3.98046,0.0640771,0.0137403,0,0.000314283,-1.82662e-06,3.96739,-0.000984073
3.48217,3.99379,4.01472,-0.0209255,0.0139495,0,0.000332462,-1.82401e-06,4.00142,-0.00097605
3.48803,4.16797,4.04944,0.118523,0.0141624,0,0.000352417,-1.82139e-06,4.0359,-0.000968032
3.49389,4.25585,4.08463,0.171217,0.014379,0,0.000374393,-1.81875e-06,4.07084,-0.000960021
3.49976,4.15681,4.1203,0.0365154,0.0145994,0,0.00039868,-1.81609e-06,4.10625,-0.000952016
3.50562,4.12014,4.15644,-0.0363025,0.0148238,0,0.000425621,-1.81341e-06,4.14214,-0.000944016
3.51148,4.23484,4.19308,0.0417585,0.0150522,0,0.000455627,-1.81072e-06,4.17851,-0.000936022
3.51734,4.20848,4.23023,-0.021747,0.0152848,0,0.000489191,-1.80801e-06,4.21538,-0.000928034
3.5232,4.30828,4.26788,0.0404036,0.0155216,0,0.000526911,-1.80528e-06,4.25275,-0.000920052
3.52907,4.42683,4.30606,0.120777,0.0157627,0,0.000569519,-1.80254e-06,4.29064,-0.000912076
3.53493,4.4759,4.34476,0.131135,0.0160083,0,0.000617912,-1.79978e-06,4.32904,-0.000904105
3.54079,4.5922,4.38402,0.208178,0.0162585,0,0.00067321,-1.79701e-06,4.36798,-0.000896141
3.54665,4.56315,4.42382,0.139325,0.0165133,0,0.000736815,-1.79422e-06,4.40746,-0.000888182
3.55252,4.44683,4.4642,-0.0173647,0.016773,0,0.000810508,-1.79143e-06,4.4475,-0.000880229
3.55838,4.45795,4.50515,-0.0472014,0.0170376,0,0.000896578,-1.78862e-06,4.48809,-0.000872282
3.56424,4.61641,4.5467,0.0697152,0.0173073,0,0.000998002,-1.7858e-06,4.52926,-0.000864341
3.5701,4.81803,4.58885,0.229179,0.0175822,0,0.00111872,-1.78297e-06,4.57101,-0.000856406
3.57596,4.70402,4.63163,0.0723925,0.0178624,0,0.00126401,-1.78012e-06,4.61336,-0.000848477
3.58183,4.64982,4.67505,-0.0252348,0.0181482,0,0.00144111,-1.77727e-06,4.65631,-0.000840553
3.58769,4.87367,4.71914,0.154526,0.0184396,0,0.00166014,-1.77441e-06,4.69988,-0.000832635
3.59355,4.835,4.76392,0.0710802,0.0187369,0,0.00193557,-1.77154e-06,4.74408,-0.000824724
3.59941,4.92956,4.80943,0.120129,0.0190401,0,0.00228869,-1.76865e-06,4.78892,-0.000816818
3.60528,5.02519,4.8557,0.169485,0.0193495,0,0.00275183,-1.76577e-06,4.83441,-0.000808918
3.61114,4.90062,4.90281,-0.0021947,0.0196653,0,0.00337598,-1.76287e-06,4.88057,-0.000801023
3.617,4.9534,4.95086,0.00254413,0.0199876,0,0.00424509,-1.75997e-06,4.92742,-0.000793135
3.62286,4.98546,4.99999,-0.0145242,0.0203166,0,0.00550493,-1.75706e-06,4.97495,-0.000785252
3.62872,5.12772,5.0505,0.0772275,0.0206526,0,0.00742506,-1.75414e-06,5.0232,-0.000777376
3.63459,5.21687,5.10293,0.113944,0.0209957,0,0.0105434,-1.75122e-06,5.07216,-0.000769505
3.64045,5.17589,5.15848,0.0174095,0.0213461,0,0.016032,-1.74829e-06,5.12186,-0.00076164
3.64631,5.2956,5.21994,0.0756695,0.0217042,0,0.0266719,-1.74535e-06,5.17231,-0.000753781
3.65217,5.15845,5.29379,-0.135343,0.0220701,0,0.048937,-1.74241e-06,5.22353,-0.000745927
3.65804,5.34968,5.3846,-0.0349207,0.0224441,0,0.087361,-1.73947e-06,5.27553,-0.00073808
3.6639,5.44455,5.44313,0.0014199,0.0228264,0,0.0927117,-1.73652e-06,5.32833,-0.000730238
3.66976,5.47844,5.45785,0.0205912,0.0232173,0,0.0534188,-1.73357e-06,5.38194,-0.000722403
3.67562,5.39643,5.48743,-0.091001,0.0236172,0,0.0281473,-1.73061e-06,5.43638,-0.000714573
3.68149,5.53412,5.53124,0.00287566,0.0240262,0,0.0162602,-1.72766e-06,5.49167,-0.000706749
3.68735,5.53004,5.58188,-0.0518397,0.0244447,0,0.0103156,-1.72469e-06,5.54782,-0.000698931
3.69321,5.80023,5.63607,0.164159,0.024873,0,0.00703389,-1.72173e-06,5.60486,-0.000691118
3.69907,5.77213,5.69249,0.0796421,0.0253114,0,0.00506289,-1.71876e-06,5.6628,-0.000683312
3.70493,5.82681,5.75054,0.0762681,0.0257604,0,0.00379754,-1.71579e-06,5.72166,-0.000675511
3.7108,5.92622,5.80995,0.11627,0.0262202,0,0.00294142,-1.71282e-06,5.78146,-0.000667717
3.71666,6.11383,5.87059,0.243243,0.0266913,0,0.00233741,-1.70985e-06,5.84222,-0.000659928
3.72252,6.19086,5.93238,0.258475,0.027174,0,0.00189651,-1.70688e-06,5.90397,-0.000652145
3.72838,6.22904,5.9953,0.233744,0.0276688,0,0.0015655,-1.7039e-06,5.96671,-0.000644367
3.73425,6.11635,6.05933,0.0570175,0.028176,0,0.00131109,-1.70092e-06,6.03048,-0.000636596
3.74011,6.30327,6.12448,0.178788,0.0286963,0,0.00111161,-1.69795e-06,6.0953,-0.000628831
3.74597,6.26325,6.19075,0.0725054,0.0292299,0,0.000952491,-1.69497e-06,6.16119,-0.000621071
3.75183,6.41479,6.25816,0.156636,0.0297775,0,0.000823675,-1.69199e-06,6.22817,-0.000613317
3.75769,6.47026,6.32672,0.143547,0.0303396,0,0.000718025,-1.68902e-06,6.29627,-0.000605569
3.76356,6.63074,6.39646,0.234287,0.0309167,0,0.000630378,-1.68604e-06,6.36551,-0.000597827
3.76942,6.6739,6.46739,0.206504,0.0315094,0,0.000556922,-1.68307e-06,6.43592,-0.000590091
3.77528,6.70957,6.53955,0.170019,0.0321183,0,0.000494796,-1.68009e-06,6.50752,-0.000582361
3.78114,6.88811,6.61295,0.275157,0.0327441,0,0.000441823,-1.67712e-06,6.58034,-0.000574636
3.78701,6.96714,6.68763,0.279505,0.0333874,0,0.000396318,-1.67414e-06,6.65442,-0.000566918
3.79287,7.07822,6.76362,0.314606,0.034049,0,0.000356967,-1.67117e-06,6.72977,-0.000559205
3.79873,6.97284,6.84093,0.131907,0.0347296,0,0.000322727,-1.6682e-06,6.80643,-0.000551498
3.80459,7.03185,6.9196,0.112243,0.0354299,0,0.000292768,-1.66523e-06,6.88443,-0.000543797
3.81045,7.21143,6.99967,0.21176,0.0361509,0,0.00026642,-1.66227e-06,6.96379,-0.000536102
3.81632,7.16053,7.08116,0.0793698,0.0368933,0,0.000243137,-1.6593e-06,7.04455,-0.000528413
3.82218,7.28743,7.16411,0.123316,0.0376582,0,0.000222473,-1.65634e-06,7.12675,-0.000520729
3.82804,7.39969,7.24856,0.151135,0.0384464,0,0.000204057,-1.65338e-06,7.21042,-0.000513051
3.8339,7.45439,7.33453,0.119864,0.0392591,0,0.000187585,-1.65042e-06,7.29559,-0.00050538
3.83977,7.66156,7.42207,0.239499,0.0400972,0,0.000172797,-1.64747e-06,7.38229,-0.000497714
3.84563,7.83647,7.51121,0.325262,0.040962,0,0.00015948,-1.64451e-06,7.47058,-0.000490054
3.85149,7.88304,7.60199,0.28105,0.0418547,0,0.000147448,-1.64156e-06,7.56047,-0.000482399
3.85735,7.81304,7.69446,0.118582,0.0427766,0,0.000136548,-1.63862e-06,7.65202,-0.000474751
3.86321,8.14302,7.78865,0.354372,0.043729,0,0.000126645,-1.63567e-06,7.74526,-0.000467109
3.86908,8.07733,7.88461,0.192729,0.0447134,0,0.000117625,-1.63273e-06,7.84024,-0.000459472
3.87494,8.06874,7.98238,0.0863688,0.0457313,0,0.000109391,-1.6298e-06,7.93699,-0.000451841
3.8808,8.09532,8.082,0.0133157,0.0467844,0,0.000101856,-1.62686e-06,8.03556,-0.000444216
3.88666,8.15063,8.18354,-0.0329048,0.0478744,0,9.49458e-05,-1.62393e-06,8.13601,-0.000436597
3.89253,8.40127,8.28703,0.114246,0.0490032,0,8.85963e-05,-1.62101e-06,8.23836,-0.000428984
3.89839,8.21892,8.39252,-0.173602,0.0501727,0,8.27505e-05,-1.61809e-06,8.34268,-0.000421376
3.90425,8.48465,8.50007,-0.0154179,0.0513851,0,7.73587e-05,-1.61517e-06,8.44902,-0.000413775
3.91011,8.53227,8.60972,-0.0774507,0.0526426,0,7.23769e-05,-1.61226e-06,8.55742,-0.000406179
3.91597,8.73333,8.72155,0.0117842,0.0539475,0,6.77662e-05,-1.60935e-06,8.66793,-0.000398589
3.92184,8.88644,8.8356,0.0508426,0.0553025,0,6.34924e-05,-1.60644e-06,8.78062,-0.000391005
3.9277,8.90049,8.95193,-0.0514384,0.0567103,0,5.95248e-05,-1.60354e-06,8.89554,-0.000383427
3.93356,9.01737,9.0706,-0.0532336,0.0581738,0,5.58363e-05,-1.60064e-06,9.01275,-0.000375855
3.93942,9.34013,9.19169,0.148444,0.0596961,0,5.24024e-05,-1.59775e-06,9.13231,-0.000368289
3.94529,9.36123,9.31524,0.0459876,0.0612807,0,4.92015e-05,-1.59487e-06,9.25427,-0.000360728
3.95115,9.5057,9.44134,0.0643608,0.0629312,0,4.62139e-05,-1.59198e-06,9.37872,-0.000353174
3.95701,9.61247,9.57005,0.0424156,0.0646514,0,4.34222e-05,-1.58911e-06,9.5057,-0.000345625
3.96287,9.84009,9.70145,0.138637,0.0664456,0,4.08104e-05,-1.58623e-06,9.6353,-0.000338082
3.96873,10.0383,9.83561,0.202671,0.0683183,0,3.83643e-05,-1.58337e-06,9.76758,-0.000330545
3.9746,10.1677,9.9726,0.195053,0.0702743,0,3.6071e-05,-1.5805e-06,9.90262,-0.000323013
3.98046,10.2728,10.1125,0.160318,0.072319,0,3.39187e-05,-1.57765e-06,10.0405,-0.000315488
3.98632,10.4064,10.2554,0.150999,0.074458,0,3.18967e-05,-1.57479e-06,10.1813,-0.000307968
3.99218,10.3932,10.4015,-0.00821875,0.0766976,0,2.99955e-05,-1.57195e-06,10.325,-0.000300455
3.99805,10.7185,10.5507,0.167804,0.0790443,0,2.82061e-05,-1.5691e-06,10.4719,-0.000292947
4.00391,10.7567,10.7031,0.0535713,0.0815056,0,2.65206e-05,-1.56627e-06,10.6219,-0.000285445
4.00977,10.8491,10.859,-0.00992268,0.0840893,0,2.49315e-05,-1.56344e-06,10.7752,-0.000277949
4.01563,11.0355,11.0183,0.0171742,0.0868041,0,2.34322e-05,-1.56061e-06,10.9318,-0.000270458
4.02149,11.1693,11.1812,-0.0119107,0.0896594,0,2.20165e-05,-1.55779e-06,11.0918,-0.000262974
4.02736,11.4356,11.3479,0.0876995,0.0926654,0,2.06788e-05,-1.55498e-06,11.2554,-0.000255495
4.03322,11.6639,11.5183,0.145657,0.0958335,0,1.94137e-05,-1.55217e-06,11.4227,-0.000248023
4.03908,11.9059,11.6926,0.213273,0.099176,0,1.82166e-05,-1.54937e-06,11.5937,-0.000240556
4.04494,11.9816,11.871,0.110617,0.102706,0,1.70831e-05,-1.54657e-06,11.7685,-0.000233095
4.05081,12.0888,12.0536,0.0352336,0.10644,0,1.6009e-05,-1.54378e-06,11.9474,-0.00022564
4.05667,12.2817,12.2405,0.0412021,0.110393,0,1.49906e-05,-1.54099e-06,12.1303,-0.00021819
4.06253,12.3951,12.4319,-0.0367465,0.114583,0,1.40245e-05,-1.53821e-06,12.3175,-0.000210747
4.06839,12.607,12.6279,-0.0208617,0.119032,0,1.31074e-05,-1.53544e-06,12.509,-0.000203309
4.07426,13.0575,12.8286,0.228947,0.12376,0,1.22364e-05,-1.53267e-06,12.705,-0.000195878
4.08012,13.0905,13.0343,0.0562019,0.128794,0,1.14086e-05,-1.52991e-06,12.9057,-0.000188452
4.08598,13.2775,13.245,0.0324796,0.134161,0,1.06216e-05,-1.52715e-06,13.1111,-0.000181032
4.09184,13.5841,13.4611,0.123046,0.139892,0,9.87288e-06,-1.5244e-06,13.3214,-0.000173618
4.0977,13.7996,13.6826,0.116952,0.146023,0,9.16032e-06,-1.52166e-06,13.5368,-0.000166209
4.10357,14.0709,13.9098,0.16107,0.152591,0,8.48181e-06,-1.51892e-06,13.7574,-0.000158807
4.10943,14.1711,14.1429,0.0281723,0.159642,0,7.83545e-06,-1.51619e-06,13.9834,-0.00015141
4.11529,14.3527,14.3821,-0.0293627,0.167226,0,7.21942e-06,-1.51347e-06,14.215,-0.000144019
4.12115,14.7949,14.6276,0.167299,0.175398,0,6.63206e-06,-1.51075e-06,14.4523,-0.000136635
4.12702,14.9275,14.8797,0.0477851,0.184225,0,6.0718e-06,-1.50804e-06,14.6956,-0.000129256
4.13288,15.2029,15.1387,0.0642384,0.193779,0,5.53718e-06,-1.50533e-06,14.945,-0.000121882
4.13874,15.5023,15.4048,0.0975087,0.204146,0,5.02683e-06,-1.50263e-06,15.2008,-0.000114515
4.1446,15.6021,15.6784,-0.0763212,0.215423,0,4.53945e-06,-1.49994e-06,15.4631,-0.000107154
4.15046,15.9807,15.9597,0.0209735,0.227723,0,4.07386e-06,-1.49725e-06,15.7321,-9.97979e-05
4.15633,16.2603,16.2493,0.0110361,0.241176,0,3.62892e-06,-1.49457e-06,16.0082,-9.24481e-05
4.16219,16.664,16.5473,0.116697,0.255937,0,3.20357e-06,-1.49189e-06,16.2915,-8.51042e-05
4.16805,16.9354,16.8543,0.0810367,0.272183,0,2.79683e-06,-1.48923e-06,16.5822,-7.77662e-05
4.17391,17.0858,17.1708,-0.0850255,0.290127,0,2.40774e-06,-1.48656e-06,16.8807,-7.0434e-05
4.17978,17.675,17.4972,0.177837,0.31002,0,2.03544e-06,-1.48391e-06,17.1872,-6.31076e-05
4.18564,17.8451,17.8341,0.0109741,0.332162,0,1.67909e-06,-1.48126e-06,17.502,-5.57872e-05
4.1915,18.3071,18.1822,0.124892,0.356912,0,1.33792e-06,-1.47862e-06,17.8254,-4.84725e-05
4.19736,18.6067,18.5423,0.0644199,0.384706,0,1.01119e-06,-1.47598e-06,18.1576,-4.11637e-05
4.20322,18.9442,18.9151,0.0291768,0.416077,0,6.98215e-07,-1.47335e-06,18.499,-3.38608e-05
4.20909,19.3673,19.3016,0.0657089,0.451676,0,3.98332e-07,-1.47073e-06,18.85,-2.65638e-05
4.21495,19.8641,19.7031,0.161039,0.492317,0,1.10927e-07,-1.46811e-06,19.2108,-1.92725e-05
4.22081,20.1479,20.1208,0.027098,0.539015,0,-1.64582e-07,-1.4655e-06,19.5818,-1.19872e-05
4.22667,20.5731,20.5565,0.0166386,0.593059,0,-4.28746e-07,-1.4629e-06,19.9634,-4.70767e-06
4.23254,21.1689,21.0122,0.156743,0.656102,0,-6.82086e-07,-1.46031e-06,20.3561,2.56598e-06
4.2384,21.7268,21.4904,0.236428,0.73029,0,-9.25095e-07,-1.45772e-06,20.7601,9.83377e-06
4.24426,22.3769,21.9944,0.382471,0.818454,0,-1.15824e-06,-1.45513e-06,21.1759,1.70957e-05
4.25012,22.9286,22.5284,0.400154,0.924386,0,-1.38196e-06,-1.45256e-06,21.604,2.43518e-05
4.25598,23.2928,23.0982,0.194655,1.05326,0,-1.59668e-06,-1.44999e-06,22.0449,3.1602e-05
4.26185,23.7353,23.7113,0.0240631,1.21229,0,-1.80279e-06,-1.44742e-06,22.4989,3.88464e-05
4.26771,24.3156,24.3785,-0.062969,1.41176,0,-2.00066e-06,-1.44487e-06,22.9667,4.60849e-05
4.27357,25.1211,25.1156,0.00555448,1.66673,0,-2.19067e-06,-1.44231e-06,23.4488,5.33176e-05
4.27943,25.9921,25.9457,0.0464547,1.99997,0,-2.37314e-06,-1.43977e-06,23.9456,6.05444e-05
4.2853,26.9691,26.9051,0.0639448,2.44717,0,-2.5484e-06,-1.43723e-06,24.4579,6.77654e-05
4.29116,27.8068,28.0529,-0.246108,3.0667,0,-2.71675e-06,-1.4347e-06,24.9861,7.49805e-05
4.29702,29.176,29.4902,-0.314169,3.95909,0,-2.87849e-06,-1.43218e-06,25.531,8.21897e-05
4.30288,31.0446,31.4017,-0.357112,5.30842,0,-3.03388e-06,-1.42966e-06,26.0932,8.93931e-05
4.30874,33.7168,34.1512,-0.434357,7.47773,0,-3.1832e-06,-1.42715e-06,26.6734,9.65906e-05
4.31461,38.1527,38.5201,-0.367442,11.2478,0,-3.3267e-06,-1.42465e-06,27.2723,0.000103782
4.32047,48.0792,46.3429,1.7363,18.4521,0,-3.46461e-06,-1.42215e-06,27.8906,0.000110968
4.32633,68.8618,61.9796,6.8822,33.4502,0,-3.59716e-06,-1.41966e-06,28.5293,0.000118148
4.33219,98.6822,90.4362,8.24596,61.247,0,-3.72457e-06,-1.41718e-06,29.189,0.000125322
4.33806,97.2212,102.198,-4.9772,72.3275,0,-3.84704e-06,-1.4147e-06,29.8708,0.00013249
4.34392,68.0051,74.5408,-6.53577,43.9653,0,-3.96478e-06,-1.41223e-06,30.5754,0.000139653
4.34978,49.3559,54.3144,-4.95849,23.0103,0,-4.07796e-06,-1.40976e-06,31.3039,0.000146809
4.35564,41.6632,45.153,-3.48989,13.0957,0,-4.18677e-06,-1.40731e-06,32.0572,0.00015396
4.3615,38.8993,41.0421,-2.14278,8.20547,0,-4.29138e-06,-1.40486e-06,32.8365,0.000161105
4.36737,37.9511,39.1853,-1.23418,5.54244,0,-4.39195e-06,-1.40241e-06,33.6427,0.000168244
4.37323,37.6416,38.4377,-0.796092,3.96046,0,-4.48864e-06,-1.39997e-06,34.4771,0.000175377
4.37909,37.8174,38.2946,-0.477163,2.95356,0,-4.5816e-06,-1.39754e-06,35.3408,0.000182504
4.38495,38.0238,38.5123,-0.488482,2.27695,0,-4.67097e-06,-1.39512e-06,36.2352,0.000189626
4.39082,38.3506,38.9638,-0.613225,1.8022,0,-4.75688e-06,-1.3927e-06,37.1614,0.000196741
4.39668,39.3979,39.5783,-0.180451,1.4572,0,-4.83947e-06,-1.39029e-06,38.1209,0.000203851
4.40254,40.1988,40.3146,-0.115764,1.19916,0,-4.91887e-06,-1.38788e-06,39.1152,0.000210955
4.4084,41.0598,41.1473,-0.0875176,1.00146,0,-4.99518e-06,-1.38548e-06,40.1457,0.000218053
4.41426,42.1658,42.061,0.104734,0.846854,0,-5.06853e-06,-1.38309e-06,41.214,0.000225145
4.42013,42.9923,43.0457,-0.0533757,0.723823,0,-5.13903e-06,-1.38071e-06,42.3217,0.000232231
4.42599,44.0123,44.0951,-0.0828242,0.624423,0,-5.20677e-06,-1.37833e-06,43.4705,0.000239312
4.43185,45.1475,45.2055,-0.0580351,0.543044,0,-5.27187e-06,-1.37596e-06,44.6622,0.000246386
4.43771,46.5487,46.3746,0.174149,0.475639,0,-5.33441e-06,-1.37359e-06,45.8987,0.000253455
4.44358,47.7953,47.6013,0.193959,0.419228,0,-5.3945e-06,-1.37123e-06,47.1819,0.000260518
4.44944,48.8487,48.8855,-0.0368259,0.371579,0,-5.45221e-06,-1.36888e-06,48.5137,0.000267575
4.4553,50.4393,50.2275,0.211742,0.330997,0,-5.50764e-06,-1.36653e-06,49.8963,0.000274626
4.46116,51.7734,51.6282,0.145233,0.296173,0,-5.56086e-06,-1.36419e-06,51.3317,0.000281672
4.46702,53.2573,53.0886,0.168643,0.266086,0,-5.61195e-06,-1.36186e-06,52.8223,0.000288711
4.47289,54.6834,54.6104,0.0729486,0.239932,0,-5.66099e-06,-1.35953e-06,54.3702,0.000295745
4.47875,56.4835,56.1952,0.28827,0.217067,0,-5.70806e-06,-1.35721e-06,55.9779,0.000302772
4.48461,58.0721,57.845,0.227174,0.196972,0,-5.75321e-06,-1.3549e-06,57.6477,0.000309794
4.49047,59.8537,59.5616,0.29204,0.179228,0,-5.79652e-06,-1.35259e-06,59.3821,0.00031681
4.49634,61.4535,61.3474,0.106048,0.16349,0,-5.83805e-06,-1.35029e-06,61.1836,0.00032382
4.5022,63.4111,63.2046,0.206436,0.149475,0,-5.87786e-06,-1.348e-06,63.0548,0.000330825
4.50806,65.3198,65.1355,0.184294,0.136945,0,-5.91601e-06,-1.34571e-06,64.9983,0.000337823
4.51392,67.2939,67.1425,0.151406,0.125703,0,-5.95257e-06,-1.34342e-06,67.0165,0.000344816
4.51979,69.3184,69.228,0.0903945,0.115584,0,-5.98757e-06,-1.34115e-06,69.1121,0.000351803
4.52565,71.4783,71.3944,0.0838671,0.106448,0,-6.02108e-06,-1.33888e-06,71.2876,0.000358783
4.53151,73.6848,73.644,0.0407749,0.098174,0,-6.05315e-06,-1.33662e-06,73.5455,0.000365759
4.53737,76.0535,75.9791,0.0744386,0.0906612,0,-6.08382e-06,-1.33436e-06,75.8881,0.000372728
4.54323,78.5446,78.4018,0.142796,0.0838218,0,-6.11314e-06,-1.33211e-06,78.3176,0.000379691
4.5491,81.1327,80.9142,0.218477,0.0775805,0,-6.14116e-06,-1.32987e-06,80.8362,0.000386649
4.55496,83.5651,83.5179,0.0471509,0.0718718,0,-6.16793e-06,-1.32763e-06,83.4457,0.0003936
4.56082,86.2572,86.2146,0.0425584,0.0666391,0,-6.19347e-06,-1.3254e-06,86.1476,0.000400546
4.56668,89.0837,89.0053,0.078413,0.0618329,0,-6.21784e-06,-1.32317e-06,88.9431,0.000407486
4.57255,91.8858,91.8909,-0.00507331,0.0574099,0,-6.24107e-06,-1.32095e-06,91.8331,0.00041442
4.57841,94.9615,94.8715,0.0900377,0.053332,0,-6.2632e-06,-1.31874e-06,94.8177,0.000421348
4.58427,98.0651,97.9467,0.118314,0.0495657,0,-6.28426e-06,-1.31653e-06,97.8968,0.000428271
4.59013,101.246,101.116,0.130518,0.0460816,0,-6.3043e-06,-1.31433e-06,101.069,0.000435187
4.59599,104.562,104.376,0.185309,0.0428533,0,-6.32334e-06,-1.31214e-06,104.333,0.000442098
4.60186,107.972,107.726,0.245785,0.0398576,0,-6.34141e-06,-1.30995e-06,107.686,0.000449002
4.60772,111.408,111.161,0.246512,0.0370737,0,-6.35856e-06,-1.30777e-06,111.124,0.000455901
4.61358,114.871,114.677,0.194269,0.0344831,0,-6.3748e-06,-1.30559e-06,114.642,0.000462795
4.61944,118.467,118.266,0.201068,0.0320692,0,-6.39017e-06,-1.30342e-06,118.233,0.000469682
4.62531,121.992,121.921,0.0710625,0.0298172,0,-6.4047e-06,-1.30126e-06,121.891,0.000476563
4.63117,125.645,125.633,0.0117433,0.0277137,0,-6.41841e-06,-1.2991e-06,125.605,0.000483439
4.63703,129.521,129.391,0.130251,0.0257467,0,-6.43133e-06,-1.29695e-06,129.364,0.000490308
4.64289,133.331,133.181,0.150169,0.0239052,0,-6.44348e-06,-1.29481e-06,133.156,0.000497172
4.64875,137.284,136.989,0.295101,0.0221795,0,-6.45489e-06,-1.29267e-06,136.966,0.00050403
4.65462,140.907,140.797,0.109902,0.0205607,0,-6.46558e-06,-1.29054e-06,140.776,0.000510882
4.66048,144.563,144.587,-0.0245182,0.0190406,0,-6.47558e-06,-1.28841e-06,144.568,0.000517728
4.66634,148.38,148.339,0.0409607,0.0176119,-0,-6.48491e-06,-1.28629e-06,148.321,0.000524569
4.6722,152.011,152.028,-0.0170147,0.0162679,-0,-6.49358e-06,-1.28417e-06,152.011,0.000531403
4.67807,155.545,155.631,-0.085136,0.0150026,-0,-6.50162e-06,-1.28206e-06,155.615,0.000538232
4.68393,159.208,159.12,0.0882262,0.0138103,-0,-6.50906e-06,-1.27996e-06,159.106,0.000545055
4.68979,162.649,162.469,0.18053,0.0126859,-0,-6.5159e-06,-1.27786e-06,162.456,0.000551872
4.69565,165.705,165.649,0.0566434,0.0116247,-0,-6.52217e-06,-1.27577e-06,165.637,0.000558683
4.70151,168.547,168.631,-0.083706,0.0106226,-0,-6.52788e-06,-1.27369e-06,168.619,0.000565488
4.70738,171.332,171.385,-0.0530481,0.00967539,-0,-6.53305e-06,-1.27161e-06,171.375,0.000572288
4.71324,173.804,173.885,-0.0810056,0.0087796,-0,-6.53771e-06,-1.26953e-06,173.876,0.000579081
4.7191,175.883,176.102,-0.218873,0.00793185,-0,-6.54186e-06,-1.26746e-06,176.094,0.000585869
4.72496,177.947,178.012,-0.0657665,0.00712906,-0,-6.54552e-06,-1.2654e-06,178.005,0.000592651
4.73083,179.522,179.593,-0.0705743,0.00636838,-0,-6.54871e-06,-1.26335e-06,179.586,0.000599427
4.73669,180.829,180.824,0.00544714,0.00564718,-0,-6.55144e-06,-1.2613e-06,180.817,0.000606197
4.74255,181.55,181.69,-0.140009,0.00496304,-0,-6.55373e-06,-1.25925e-06,181.684,0.000612961
4.74841,182.043,182.18,-0.137405,0.00431368,-0,-6.55558e-06,-1.25721e-06,182.175,0.000619719
4.75427,182.141,182.288,-0.147,0.00369703,-0,-6.55702e-06,-1.25518e-06,182.284,0.000626472
4.76014,181.715,182.011,-0.295921,0.00311114,-0,-6.55806e-06,-1.25315e-06,182.007,0.000633219
4.766,181.397,181.351,0.0450967,0.0025542,-0,-6.5587e-06,-1.25113e-06,181.348,0.00063996
4.77186,180.05,180.318,-0.268146,0.00202453,-0,-6.55897e-06,-1.24911e-06,180.315,0.000646695
4.77772,178.65,178.923,-0.27274,0.00152058,-0,-6.55886e-06,-1.2471e-06,178.921,0.000653424
4.78359,176.984,177.182,-0.197935,0.00104089,-0,-6.5584e-06,-1.2451e-06,177.18,0.000660147
4.78945,174.835,175.115,-0.279979,0.000584092,-0,-6.5576e-06,-1.2431e-06,175.114,0.000666864
4.79531,172.628,172.746,-0.118228,0.000148929,-0,-6.55646e-06,-1.24111e-06,172.745,0.000673576
4.80117,169.957,170.1,-0.143574,-0.000265787,-0,-6.555e-06,-1.23912e-06,170.1,0.000680282
4.80703,167.11,167.206,-0.0951739,-0.000661164,-0,-6.55323e-06,-1.23714e-06,167.206,0.000686982
4.8129,164.031,164.09,-0.0588553,-0.00103824,-0,-6.55115e-06,-1.23516e-06,164.091,0.000693676
4.81876,160.729,160.784,-0.0549394,-0.00139798,-0,-6.54878e-06,-1.23319e-06,160.785,0.000700364
4.82462,157.271,157.315,-0.0441776,-0.0017413,-0,-6.54612e-06,-1.23123e-06,157.316,0.000707046
4.83048,153.657,153.714,-0.0562019,-0.00206904,-0,-6.54318e-06,-1.22927e-06,153.715,0.000713723
4.83635,150.006,150.006,-6.68246e-05,-0.00238202,-0,-6.53998e-06,-1.22731e-06,150.008,0.000720393
4.84221,146.278,146.22,0.058473,-0.00268098,-0,-6.53652e-06,-1.22536e-06,146.222,0.000727058
4.84807,142.364,142.378,-0.0143213,-0.00296663,-0,-6.53281e-06,-1.22342e-06,142.381,0.000733717
4.85393,138.458,138.505,-0.0473318,-0.00323964,-0,-6.52886e-06,-1.22148e-06,138.507,0.00074037
4.85979,134.573,134.621,-0.0472531,-0.00350062,-0,-6.52466e-06,-1.21955e-06,134.623,0.000747017
4.86566,130.766,130.744,0.0226182,-0.00375018,-0,-6.52025e-06,-1.21762e-06,130.747,0.000753658
4.87152,126.878,126.891,-0.013111,-0.00398885,-0,-6.51561e-06,-1.2157e-06,126.895,0.000760294
4.87738,123.057,123.078,-0.020677,-0.00421718,-0,-6.51075e-06,-1.21378e-06,123.081,0.000766923
4.88324,119.194,119.316,-0.121497,-0.00443564,-0,-6.50569e-06,-1.21187e-06,119.319,0.000773547
4.88911,115.781,115.616,0.16494,-0.00464471,-0,-6.50043e-06,-1.20997e-06,115.62,0.000780165
4.89497,111.954,111.988,-0.0342322,-0.00484483,-0,-6.49498e-06,-1.20807e-06,111.992,0.000786777
4.90083,108.613,108.439,0.174346,-0.00503641,-0,-6.48934e-06,-1.20617e-06,108.443,0.000793383
4.90669,105.133,104.974,0.158785,-0.00521985,-0,-6.48351e-06,-1.20428e-06,104.979,0.000799984
4.91255,101.776,101.599,0.176873,-0.00539551,-0,-6.47751e-06,-1.2024e-06,101.604,0.000806578
4.91842,98.4319,98.3177,0.1142,-0.00556376,-0,-6.47134e-06,-1.20052e-06,98.3224,0.000813167
4.92428,95.2493,95.1314,0.117886,-0.00572492,-0,-6.465e-06,-1.19865e-06,95.1363,0.00081975
4.93014,92.1437,92.0421,0.101636,-0.00587931,-0,-6.45851e-06,-1.19678e-06,92.0472,0.000826326
4.936,89.1756,89.0505,0.125055,-0.00602723,-0,-6.45186e-06,-1.19491e-06,89.0558,0.000832898
4.94187,86.312,86.1568,0.155235,-0.00616897,-0,-6.44506e-06,-1.19306e-06,86.1621,0.000839463
4.94773,83.5874,83.3602,0.227129,-0.00630479,-0,-6.43811e-06,-1.1912e-06,83.3657,0.000846022
4.95359,80.679,80.6599,0.0190524,-0.00643494,-0,-6.43103e-06,-1.18936e-06,80.6655,0.000852576
4.95945,78.1463,78.0544,0.0919799,-0.00655969,-0,-6.42381e-06,-1.18751e-06,78.0601,0.000859123
4.96532,75.7585,75.5418,0.216736,-0.00667924,-0,-6.41647e-06,-1.18568e-06,75.5476,0.000865665
4.97118,73.3539,73.1202,0.233748,-0.00679383,-0,-6.40899e-06,-1.18384e-06,73.1261,0.000872201
4.97704,70.8044,70.7873,0.0170675,-0.00690366,-0,-6.40139e-06,-1.18202e-06,70.7933,0.000878731
4.9829,68.6146,68.5407,0.0739524,-0.00700893,-0,-6.39368e-06,-1.18019e-06,68.5468,0.000885255
4.98876,66.4653,66.3778,0.0874057,-0.00710983,-0,-6.38585e-06,-1.17838e-06,66.3841,0.000891774
4.99463,64.3841,64.2962,0.0879137,-0.00720653,-0,-6.37791e-06,-1.17657e-06,64.3025,0.000898286
5.00049,62.1512,62.293,-0.141767,-0.00729922,-0,-6.36987e-06,-1.17476e-06,62.2994,0.000904793
5.00635,60.4398,60.3656,0.0742626,-0.00738806,-0,-6.36172e-06,-1.17296e-06,60.372,0.000911294
5.01221,58.4227,58.5113,-0.0885208,-0.00747319,-0,-6.35348e-06,-1.17116e-06,58.5178,0.000917789
5.01808,56.9374,56.7274,0.210027,-0.00755477,-0,-6.34514e-06,-1.16937e-06,56.734,0.000924278
5.02394,55.1696,55.0113,0.158315,-0.00763294,-0,-6.3367e-06,-1.16758e-06,55.018,0.000930761
5.0298,53.4332,53.3604,0.0727152,-0.00770784,-0,-6.32818e-06,-1.1658e-06,53.3672,0.000937238
5.03566,51.8855,51.7722,0.113298,-0.00777959,-0,-6.31958e-06,-1.16402e-06,51.779,0.00094371
5.04152,50.3237,50.2441,0.0795612,-0.00784832,-0,-6.31089e-06,-1.16225e-06,50.251,0.000950176
5.04739,48.7802,48.7738,0.00644918,-0.00791414,-0,-6.30212e-06,-1.16048e-06,48.7807,0.000956635
5.05325,47.3828,47.3588,0.0240371,-0.00797717,-0,-6.29327e-06,-1.15872e-06,47.3658,0.000963089
5.05911,46.0658,45.997,0.0688482,-0.00803751,-0,-6.28435e-06,-1.15696e-06,46.004,0.000969537
5.06497,44.6616,44.6861,-0.0244681,-0.00809528,-0,-6.27536e-06,-1.15521e-06,44.6932,0.00097598
5.07084,43.5101,43.424,0.0861896,-0.00815055,-0,-6.26631e-06,-1.15346e-06,43.4311,0.000982416
5.0767,42.3641,42.2086,0.155507,-0.00820344,-0,-6.25718e-06,-1.15172e-06,42.2159,0.000988847
5.08256,41.2096,41.0381,0.171528,-0.00825403,-0,-6.24799e-06,-1.14998e-06,41.0454,0.000995271
5.08842,40.0957,39.9105,0.185215,-0.0083024,-0,-6.23875e-06,-1.14825e-06,39.9178,0.00100169
5.09428,39.0237,38.8241,0.199597,-0.00834865,-0,-6.22944e-06,-1.14652e-06,38.8314,0.0010081
5.10015,37.9255,37.777,0.148458,-0.00839284,-0,-6.22008e-06,-1.1448e-06,37.7844,0.00101451
5.10601,36.9556,36.7677,0.187949,-0.00843505,-0,-6.21067e-06,-1.14308e-06,36.7751,0.00102091
5.11187,35.8787,35.7945,0.0842082,-0.00847536,-0,-6.2012e-06,-1.14136e-06,35.8019,0.00102731
5.11773,34.9402,34.8559,0.0842869,-0.00851383,-0,-6.19168e-06,-1.13965e-06,34.8634,0.0010337
5.1236,34.1271,33.9505,0.176602,-0.00855054,-0,-6.18212e-06,-1.13795e-06,33.958,0.00104008
5.12946,33.3284,33.0769,0.2515,-0.00858555,-0,-6.17251e-06,-1.13625e-06,33.0844,0.00104646
5.13532,32.2959,32.2337,0.0622121,-0.00861891,-0,-6.16286e-06,-1.13455e-06,32.2413,0.00105283
5.14118,31.323,31.4198,-0.0967169,-0.00865069,-0,-6.15317e-06,-1.13286e-06,31.4274,0.0010592
5.14704,30.8202,30.6338,0.186493,-0.00868094,-0,-6.14344e-06,-1.13117e-06,30.6414,0.00106556
5.15291,30.0543,29.8746,0.179733,-0.00870972,-0,-6.13367e-06,-1.12949e-06,29.8822,0.00107191
5.15877,29.3799,29.1411,0.238806,-0.00873708,-0,-6.12387e-06,-1.12781e-06,29.1488,0.00107826
5.16463,28.6032,28.4323,0.170889,-0.00876307,-0,-6.11403e-06,-1.12614e-06,28.44,0.0010846
5.17049,27.8359,27.7471,0.0887338,-0.00878773,-0,-6.10416e-06,-1.12447e-06,27.7548,0.00109094
5.17636,27.0672,27.0847,-0.0174621,-0.00881113,-0,-6.09426e-06,-1.12281e-06,27.0924,0.00109727
5.18222,26.364,26.4439,-0.0799332,-0.00883329,-0,-6.08433e-06,-1.12115e-06,26.4517,0.0011036
5.18808,25.9478,25.8241,0.123622,-0.00885426,-0,-6.07437e-06,-1.1195e-06,25.8319,0.00110991
5.19394,25.3654,25.2244,0.140966,-0.00887409,-0,-6.06439e-06,-1.11785e-06,25.2322,0.00111623
5.1998,24.728,24.6439,0.0840949,-0.00889281,-0,-6.05438e-06,-1.1162e-06,24.6517,0.00112254
5.20567,24.0161,24.0819,-0.0658554,-0.00891046,-0,-6.04435e-06,-1.11456e-06,24.0897,0.00112884
5.21153,23.4809,23.5377,-0.0567962,-0.00892708,-0,-6.0343e-06,-1.11292e-06,23.5455,0.00113513
5.21739,22.947,23.0106,-0.0635688,-0.0089427,-0,-6.02423e-06,-1.11129e-06,23.0184,0.00114142
5.22325,22.4632,22.4998,-0.0366461,-0.00895735,-0,-6.01413e-06,-1.10966e-06,22.5076,0.00114771
5.22912,21.737,22.0049,-0.267921,-0.00897108,-0,-6.00402e-06,-1.10804e-06,22.0127,0.00115399
5.23498,21.4751,21.5251,-0.0500056,-0.00898391,-0,-5.9939e-06,-1.10642e-06,21.5329,0.00116026
5.24084,21.1985,21.0599,0.138643,-0.00899587,-0,-5.98375e-06,-1.10481e-06,21.0677,0.00116652
5.2467,20.6084,20.6087,-0.00028561,-0.00900699,-0,-5.9736e-06,-1.1032e-06,20.6166,0.00117279
5.25256,20.1816,20.1711,0.0105533,-0.0090173,-0,-5.96343e-06,-1.10159e-06,20.1789,0.00117904
5.25843,19.7829,19.7464,0.036473,-0.00902682,-0,-5.95325e-06,-1.09999e-06,19.7543,0.00118529
5.26429,19.2601,19.3343,-0.0741927,-0.00903559,-0,-5.94306e-06,-1.09839e-06,19.3422,0.00119153
5.27015,18.9589,18.9342,0.0246358,-0.00904363,-0,-5.93285e-06,-1.0968e-06,18.9421,0.00119777
5.27601,18.4844,18.5458,-0.0613119,-0.00905095,-0,-5.92264e-06,-1.09521e-06,18.5536,0.001204
5.28188,18.1157,18.1685,-0.0528244,-0.0090576,-0,-5.91242e-06,-1.09363e-06,18.1763,0.00121023
5.28774,17.8155,17.802,0.0135591,-0.00906358,-0,-5.9022e-06,-1.09205e-06,17.8098,0.00121645
5.2936,17.4504,17.4459,0.00456993,-0.00906892,-0,-5.89197e-06,-1.09047e-06,17.4537,0.00122266
5.29946,17.1154,17.0998,0.0156138,-0.00907364,-0,-5.88173e-06,-1.0889e-06,17.1076,0.00122887
5.30532,16.6877,16.7634,-0.0756525,-0.00907776,-0,-5.87149e-06,-1.08733e-06,16.7712,0.00123507
5.31119,16.4859,16.4363,0.0495793,-0.00908131,-0,-5.86125e-06,-1.08577e-06,16.4441,0.00124127
5.31705,16.0368,16.1182,-0.0813436,-0.0090843,-0,-5.851e-06,-1.08421e-06,16.126,0.00124746
5.32291,15.867,15.8088,0.0582491,-0.00908674,-0,-5.84075e-06,-1.08265e-06,15.8166,0.00125364
5.32877,15.4844,15.5077,-0.0233127,-0.00908866,-0,-5.83051e-06,-1.0811e-06,15.5156,0.00125982
5.33464,15.1013,15.2148,-0.113491,-0.00909008,-0,-5.82026e-06,-1.07956e-06,15.2226,0.00126599
5.3405,14.8909,14.9297,-0.0388199,-0.009091,-0,-5.81001e-06,-1.07802e-06,14.9375,0.00127216
5.34636,14.5455,14.6521,-0.106629,-0.00909145,-0,-5.79976e-06,-1.07648e-06,14.6599,0.00127832
5.35222,14.3035,14.3818,-0.0783106,-0.00909144,-0,-5.78952e-06,-1.07494e-06,14.3897,0.00128448
5.35809,14.0839,14.1186,-0.0347724,-0.00909099,-0,-5.77928e-06,-1.07341e-06,14.1264,0.00129063
5.36395,13.927,13.8622,0.0647958,-0.00909011,-0,-5.76904e-06,-1.07189e-06,13.87,0.00129677
5.36981,13.7082,13.6124,0.0957358,-0.00908882,-0,-5.75881e-06,-1.07036e-06,13.6202,0.00130291
5.37567,13.4444,13.369,0.0753479,-0.00908712,-0,-5.74858e-06,-1.06885e-06,13.3768,0.00130904
5.38153,13.1299,13.1318,-0.00180696,-0.00908504,-0,-5.73835e-06,-1.06733e-06,13.1395,0.00131517
5.3874,12.76,12.9005,-0.140468,-0.00908258,-0,-5.72814e-06,-1.06582e-06,12.9082,0.00132129
5.39326,12.6135,12.675,-0.0614195,-0.00907975,-0,-5.71793e-06,-1.06432e-06,12.6827,0.0013274
5.39912,12.4081,12.455,-0.0469006,-0.00907657,-0,-5.70772e-06,-1.06281e-06,12.4628,0.00133351
5.40498,12.2156,12.2406,-0.0249404,-0.00907306,-0,-5.69753e-06,-1.06132e-06,12.2483,0.00133961
5.41085,11.9758,12.0313,-0.0554906,-0.00906921,-0,-5.68734e-06,-1.05982e-06,12.039,0.00134571
5.41671,11.7626,11.8271,-0.0644874,-0.00906505,-0,-5.67716e-06,-1.05833e-06,11.8348,0.0013518
5.42257,11.6841,11.6279,0.0562211,-0.00906058,-0,-5.66699e-06,-1.05685e-06,11.6356,0.00135789
5.42843,11.3268,11.4334,-0.10665,-0.0090558,-0,-5.65683e-06,-1.05536e-06,11.4411,0.00136397
5.43429,11.2128,11.2435,-0.0307101,-0.00905075,-0,-5.64668e-06,-1.05388e-06,11.2512,0.00137004
5.44016,11.1665,11.0582,0.108311,-0.00904541,-0,-5.63654e-06,-1.05241e-06,11.0659,0.00137611
5.44602,10.8381,10.8772,-0.0390302,-0.0090398,-0,-5.62642e-06,-1.05094e-06,10.8848,0.00138217
5.45188,10.5969,10.7003,-0.103475,-0.00903393,-0,-5.6163e-06,-1.04947e-06,10.708,0.00138822
5.45774,10.4756,10.5276,-0.0519911,-0.00902781,-0,-5.60619e-06,-1.04801e-06,10.5353,0.00139427
5.46361,10.3111,10.3589,-0.047732,-0.00902144,-0,-5.5961e-06,-1.04655e-06,10.3665,0.00140032
5.46947,10.2038,10.194,0.00978338,-0.00901484,-0,-5.58602e-06,-1.04509e-06,10.2016,0.00140636
5.47533,10.1614,10.0328,0.128569,-0.00900801,-0,-5.57596e-06,-1.04364e-06,10.0404,0.00141239
5.48119,9.90152,9.87528,0.0262408,-0.00900096,-0,-5.56591e-06,-1.0422e-06,9.88286,0.00141841
5.48705,9.78044,9.72126,0.0591774,-0.0089937,-0,-5.55587e-06,-1.04075e-06,9.72884,0.00142444
5.49292,9.53364,9.57068,-0.0370364,-0.00898623,-0,-5.54584e-06,-1.03931e-06,9.57824,0.00143045
5.49878,9.36597,9.42341,-0.057441,-0.00897856,-0,-5.53583e-06,-1.03787e-06,9.43096,0.00143646
5.50464,9.2885,9.27938,0.00912764,-0.00897069,-0,-5.52584e-06,-1.03644e-06,9.28691,0.00144246
5.5105,9.07774,9.13848,-0.0607386,-0.00896264,-0,-5.51586e-06,-1.03501e-06,9.146,0.00144846
5.51637,9.09303,9.00063,0.0923992,-0.00895441,-0,-5.5059e-06,-1.03359e-06,9.00814,0.00145445
5.52223,8.8545,8.86575,-0.0112469,-0.00894601,-0,-5.49595e-06,-1.03217e-06,8.87324,0.00146044
5.52809,8.71396,8.73375,-0.0197923,-0.00893744,-0,-5.48602e-06,-1.03075e-06,8.74123,0.00146642
5.53395,8.50015,8.60455,-0.104407,-0.0089287,-0,-5.4761e-06,-1.02933e-06,8.61202,0.00147239
5.53981,8.4047,8.47808,-0.0733789,-0.00891981,-0,-5.4662e-06,-1.02792e-06,8.48553,0.00147836
5.54568,8.23733,8.35426,-0.116929,-0.00891077,-0,-5.45632e-06,-1.02652e-06,8.36169,0.00148432
5.55154,8.15078,8.23302,-0.0822354,-0.00890158,-0,-5.44646e-06,-1.02511e-06,8.24044,0.00149028
5.5574,7.92234,8.11429,-0.191949,-0.00889225,-0,-5.43661e-06,-1.02371e-06,8.12169,0.00149623
5.56326,7.93761,7.998,-0.060395,-0.00888278,-0,-5.42678e-06,-1.02232e-06,8.00539,0.00150217
5.56913,8.0269,7.88409,0.142805,-0.00887318,-0,-5.41697e-06,-1.02092e-06,7.89147,0.00150811
5.57499,7.6384,7.7725,-0.134096,-0.00886345,-0,-5.40718e-06,-1.01954e-06,7.77986,0.00151404
5.58085,7.78305,7.66316,0.119887,-0.0088536,-0,-5.3974e-06,-1.01815e-06,7.6705,0.00151997
5.58671,7.57859,7.55602,0.0225731,-0.00884364,-0,-5.38765e-06,-1.01677e-06,7.56334,0.00152589
5.59257,7.5383,7.45101,0.087286,-0.00883356,-0,-5.37791e-06,-1.01539e-06,7.45832,0.00153181
5.59844,7.27791,7.34809,-0.0701737,-0.00882336,-0,-5.36819e-06,-1.01402e-06,7.35538,0.00153772
5.6043,7.41332,7.24719,0.166122,-0.00881307,-0,-5.35849e-06,-1.01264e-06,7.25447,0.00154362
5.61016,7.09515,7.14828,-0.0531256,-0.00880267,-0,-5.34881e-06,-1.01128e-06,7.15554,0.00154952
5.61602,7.02575,7.05129,-0.0255353,-0.00879217,-0,-5.33915e-06,-1.00991e-06,7.05853,0.00155541
5.62189,7.09147,6.95618,0.135287,-0.00878158,-0,-5.32951e-06,-1.00855e-06,6.96341,0.0015613
5.62775,6.7816,6.8629,-0.0812976,-0.00877089,-0,-5.31989e-06,-1.00719e-06,6.87011,0.00156718
5.63361,6.52606,6.77141,-0.245353,-0.00876012,-0,-5.31029e-06,-1.00584e-06,6.7786,0.00157305
5.63947,6.59862,6.68166,-0.0830359,-0.00874927,-0,-5.30071e-06,-1.00449e-06,6.68883,0.00157892
5.64533,6.49409,6.5936,-0.0995157,-0.00873833,-0,-5.29115e-06,-1.00314e-06,6.60076,0.00158478
5.6512,6.38353,6.50721,-0.12368,-0.00872731,-0,-5.28161e-06,-1.0018e-06,6.51435,0.00159064
5.65706,6.29686,6.42243,-0.125568,-0.00871622,-0,-5.27209e-06,-1.00046e-06,6.42955,0.00159649
5.66292,6.16143,6.33923,-0.177797,-0.00870506,-0,-5.26259e-06,-9.99123e-07,6.34633,0.00160233
5.66878,6.33263,6.25756,0.0750727,-0.00869383,-0,-5.25312e-06,-9.9779e-07,6.26465,0.00160817
5.67465,6.3113,6.1774,0.133901,-0.00868253,-0,-5.24366e-06,-9.9646e-07,6.18448,0.00161401
5.68051,6.00796,6.09871,-0.0907405,-0.00867117,-0,-5.23423e-06,-9.95133e-07,6.10576,0.00161983
5.68637,5.98124,6.02144,-0.0402053,-0.00865975,-0,-5.22481e-06,-9.9381e-07,6.02848,0.00162566
5.69223,5.88731,5.94557,-0.0582685,-0.00864827,-0,-5.21542e-06,-9.9249e-07,5.9526,0.00163147
5.69809,5.95394,5.87107,0.0828637,-0.00863673,-0,-5.20605e-06,-9.91174e-07,5.87808,0.00163728
5.70396,5.74097,5.7979,-0.0569345,-0.00862514,-0,-5.1967e-06,-9.89861e-07,5.80489,0.00164309
5.70982,5.85817,5.72604,0.132138,-0.0086135,-0,-5.18737e-06,-9.88551e-07,5.73301,0.00164888
5.71568,5.69223,5.65544,0.0367896,-0.00860181,-0,-5.17806e-06,-9.87244e-07,5.66239,0.00165468
5.72154,5.51984,5.58609,-0.0662526,-0.00859007,-0,-5.16878e-06,-9.85941e-07,5.59302,0.00166046
5.72741,5.48641,5.51795,-0.0315373,-0.00857829,-0,-5.15952e-06,-9.84641e-07,5.52487,0.00166624
5.73327,5.3833,5.451,-0.0676953,-0.00856647,-0,-5.15027e-06,-9.83344e-07,5.4579,0.00167202
5.73913,5.57396,5.3852,0.188754,-0.0085546,-0,-5.14106e-06,-9.8205e-07,5.39209,0.00167779
5.74499,5.38774,5.32054,0.0671987,-0.0085427,-0,-5.13186e-06,-9.8076e-07,5.32741,0.00168355
5.75085,5.22837,5.25699,-0.0286251,-0.00853076,-0,-5.12268e-06,-9.79473e-07,5.26384,0.00168931
5.75672,5.19147,5.19453,-0.00305058,-0.00851879,-0,-5.11353e-06,-9.78189e-07,5.20135,0.00169506
5.76258,5.26768,5.13312,0.134563,-0.00850678,-0,-5.1044e-06,-9.76908e-07,5.13993,0.0017008
5.76844,5.01898,5.07274,-0.0537664,-0.00849474,-0,-5.09529e-06,-9.75631e-07,5.07954,0.00170654
5.7743,4.83498,5.01338,-0.178399,-0.00848268,-0,-5.08621e-06,-9.74357e-07,5.02016,0.00171228
5.78017,5.02161,4.95502,0.0665979,-0.00847058,-0,-5.07714e-06,-9.73085e-07,4.96177,0.00171801
5.78603,4.97187,4.89762,0.0742572,-0.00845846,-0,-5.0681e-06,-9.71817e-07,4.90436,0.00172373
5.79189,4.81736,4.84117,-0.0238076,-0.00844632,-0,-5.05908e-06,-9.70553e-07,4.84789,0.00172944
5.79775,4.76732,4.78564,-0.0183223,-0.00843415,-0,-5.05009e-06,-9.69291e-07,4.79235,0.00173515
5.80362,4.82635,4.73103,0.0953186,-0.00842196,-0,-5.04112e-06,-9.68032e-07,4.73772,0.00174086
5.80948,4.44504,4.67731,-0.232269,-0.00840975,-0,-5.03217e-06,-9.66777e-07,4.68398,0.00174656
5.81534,4.6713,4.62445,0.0468477,-0.00839752,-0,-5.02324e-06,-9.65525e-07,4.6311,0.00175225
5.8212,4.56616,4.57245,-0.00629099,-0.00838528,-0,-5.01433e-06,-9.64275e-07,4.57908,0.00175794
5.82706,4.57962,4.52128,0.0583417,-0.00837302,-0,-5.00545e-06,-9.63029e-07,4.52789,0.00176362
5.83293,4.47977,4.47093,0.00884041,-0.00836074,-0,-4.99659e-06,-9.61786e-07,4.47752,0.00176929
5.83879,4.71264,4.42137,0.29127,-0.00834845,-0,-4.98775e-06,-9.60546e-07,4.42795,0.00177496
5.84465,4.39757,4.3726,0.0249668,-0.00833615,-0,-4.97894e-06,-9.59309e-07,4.37917,0.00178063
5.85051,4.43238,4.3246,0.107782,-0.00832384,-0,-4.97015e-06,-9.58075e-07,4.33114,0.00178628
5.85638,4.0592,4.27735,-0.218147,-0.00831152,-0,-4.96138e-06,-9.56844e-07,4.28387,0.00179194
5.86224,4.16522,4.23083,-0.0656089,-0.00829919,-0,-4.95263e-06,-9.55616e-07,4.23734,0.00179758
5.8681,4.23612,4.18504,0.0510781,-0.00828685,-0,-4.94391e-06,-9.54392e-07,4.19153,0.00180322
5.87396,4.00494,4.13995,-0.135009,-0.0082745,-0,-4.93521e-06,-9.5317e-07,4.14642,0.00180886
5.87982,3.85869,4.09555,-0.236858,-0.00826215,-0,-4.92653e-06,-9.51951e-07,4.10201,0.00181449
5.88569,3.98598,4.05183,-0.0658522,-0.0082498,-0,-4.91787e-06,-9.50735e-07,4.05827,0.00182011
5.89155,4.08114,4.00878,0.07236,-0.00823744,-0,-4.90924e-06,-9.49522e-07,4.0152,0.00182572
5.89741,4.09657,3.96638,0.130192,-0.00822508,-0,-4.90063e-06,-9.48312e-07,3.97278,0.00183134
5.90327,3.89471,3.92462,-0.0299117,-0.00821272,-0,-4.89204e-06,-9.47105e-07,3.931,0.00183694
5.90914,3.90341,3.88348,0.0199261,-0.00820036,-0,-4.88348e-06,-9.45901e-07,3.88984,0.00184254
5.915,3.71085,3.84296,-0.132105,-0.00818799,-0,-4.87494e-06,-9.447e-07,3.8493,0.00184813
5.92086,3.92517,3.80304,0.122134,-0.00817563,-0,-4.86642e-06,-9.43502e-07,3.80936,0.00185372
5.92672,3.74196,3.76371,-0.0217459,-0.00816327,-0,-4.85793e-06,-9.42306e-07,3.77002,0.0018593
5.93258,3.83559,3.72496,0.110632,-0.00815091,-0,-4.84945e-06,-9.41114e-07,3.73125,0.00186488
5.93845,3.69033,3.68677,0.00355405,-0.00813856,-0,-4.841e-06,-9.39924e-07,3.69305,0.00187045
5.94431,3.61484,3.64915,-0.0343104,-0.00812621,-0,-4.83258e-06,-9.38738e-07,3.6554,0.00187601
5.95017,3.75184,3.61207,0.139773,-0.00811386,-0,-4.82417e-06,-9.37554e-07,3.6183,0.00188157
5.95603,3.53062,3.57552,-0.0449038,-0.00810152,-0,-4.81579e-06,-9.36373e-07,3.58174,0.00188712
5.9619,3.64495,3.5395,0.105443,-0.00808919,-0,-4.80743e-06,-9.35195e-07,3.54571,0.00189267
5.96776,3.49767,3.504,-0.00633702,-0.00807686,-0,-4.79909e-06,-9.3402e-07,3.51019,0.00189821
5.97362,3.37946,3.46901,-0.0895439,-0.00806454,-0,-4.79078e-06,-9.32847e-07,3.47517,0.00190374
5.97948,3.32388,3.43451,-0.110629,-0.00805223,-0,-4.78249e-06,-9.31678e-07,3.44066,0.00190927
5.98534,3.47047,3.4005,0.0699744,-0.00803993,-0,-4.77422e-06,-9.30511e-07,3.40663,0.0019148
5.99121,3.37623,3.36697,0.00926191,-0.00802763,-0,-4.76597e-06,-9.29347e-07,3.37308,0.00192031
5.99707,3.29885,3.33391,-0.0350558,-0.00801535,-0,-4.75775e-06,-9.28186e-07,3.34,0.00192582
6.00293,3.14313,3.30131,-0.15818,-0.00800308,-0,-4.74955e-06,-9.27028e-07,3.30738,0.00193133
6.00879,3.32936,3.26916,0.060203,-0.00799082,-0,-4.74137e-06,-9.25872e-07,3.27522,0.00193683
6.01466,3.35122,3.23746,0.113763,-0.00797857,-0,-4.73321e-06,-9.24719e-07,3.2435,0.00194232
6.02052,3.26692,3.20619,0.0607264,-0.00796633,-0,-4.72508e-06,-9.23569e-07,3.21222,0.00194781
6.02638,3.26347,3.17536,0.0881117,-0.0079541,-0,-4.71697e-06,-9.22422e-07,3.18136,0.00195329
6.03224,2.85779,3.14494,-0.287147,-0.00794189,-0,-4.70888e-06,-9.21277e-07,3.15093,0.00195877
6.0381,2.97396,3.11494,-0.140975,-0.00792969,-0,-4.70081e-06,-9.20135e-07,3.12091,0.00196424
6.04397,3.05423,3.08534,-0.0311187,-0.00791751,-0,-4.69277e-06,-9.18996e-07,3.0913,0.0019697
6.04983,3.05263,3.05615,-0.00351518,-0.00790533,-0,-4.68474e-06,-9.1786e-07,3.06208,0.00197516
6.05569,2.96792,3.02735,-0.0594258,-0.00789318,-0,-4.67674e-06,-9.16726e-07,3.03326,0.00198062
6.06155,2.99949,2.99893,0.000561997,-0.00788104,-0,-4.66877e-06,-9.15595e-07,3.00483,0.00198606
6.06742,2.89728,2.97089,-0.0736037,-0.00786891,-0,-4.66081e-06,-9.14467e-07,2.97677,0.0019915
6.07328,2.8545,2.94322,-0.088716,-0.0078568,-0,-4.65288e-06,-9.13341e-07,2.94909,0.00199694
6.07914,2.76637,2.91592,-0.149551,-0.00784471,-0,-4.64496e-06,-9.12218e-07,2.92177,0.00200237
6.085,2.85302,2.88898,-0.0359604,-0.00783263,-0,-4.63708e-06,-9.11098e-07,2.89481,0.00200779
6.09086,2.7786,2.86239,-0.0837885,-0.00782058,-0,-4.62921e-06,-9.0998e-07,2.8682,0.00201321
6.09673,2.75886,2.83614,-0.0772802,-0.00780853,-0,-4.62136e-06,-9.08865e-07,2.84194,0.00201862
6.10259,2.91496,2.81024,0.104721,-0.00779651,-0,-4.61354e-06,-9.07752e-07,2.81602,0.00202403
6.10845,2.80781,2.78468,0.023134,-0.00778451,-0,-4.60574e-06,-9.06643e-07,2.79044,0.00202943
6.11431,2.75881,2.75944,-0.000626279,-0.00777252,-0,-4.59796e-06,-9.05535e-07,2.76518,0.00203482
6.12018,2.58377,2.73453,-0.150761,-0.00776055,-0,-4.5902e-06,-9.04431e-07,2.74025,0.00204021
6.12604,2.61064,2.70994,-0.0992945,-0.0077486,-0,-4.58246e-06,-9.03329e-07,2.71564,0.00204559
6.1319,2.74539,2.68566,0.0597385,-0.00773667,-0,-4.57475e-06,-9.02229e-07,2.69135,0.00205097
6.13776,2.72809,2.66168,0.06641,-0.00772476,-0,-4.56705e-06,-9.01133e-07,2.66736,0.00205634
6.14362,2.65893,2.63802,0.0209096,-0.00771287,-0,-4.55938e-06,-9.00038e-07,2.64367,0.0020617
6.14949,2.60005,2.61465,-0.0145914,-0.007701,-0,-4.55173e-06,-8.98947e-07,2.62028,0.00206706
6.15535,2.58945,2.59157,-0.00211677,-0.00768915,-0,-4.5441e-06,-8.97857e-07,2.59719,0.00207242
6.16121,2.60204,2.56878,0.0332597,-0.00767732,-0,-4.53649e-06,-8.96771e-07,2.57438,0.00207776
6.16707,2.52121,2.54627,-0.0250657,-0.00766551,-0,-4.52891e-06,-8.95687e-07,2.55186,0.00208311
6.17294,2.27526,2.52405,-0.248785,-0.00765372,-0,-4.52134e-06,-8.94605e-07,2.52962,0.00208844
6.1788,2.61095,2.5021,0.108853,-0.00764195,-0,-4.5138e-06,-8.93526e-07,2.50765,0.00209377
6.18466,2.61746,2.48041,0.137042,-0.00763021,-0,-4.50628e-06,-8.9245e-07,2.48595,0.0020991
6.19052,2.48142,2.459,0.0224163,-0.00761849,-0,-4.49877e-06,-8.91376e-07,2.46452,0.00210441
6.19638,2.5752,2.43784,0.137351,-0.00760678,-0,-4.49129e-06,-8.90304e-07,2.44335,0.00210973
6.20225,2.32965,2.41695,-0.0872997,-0.0075951,-0,-4.48383e-06,-8.89235e-07,2.42243,0.00211503
6.20811,2.4892,2.3963,0.0928994,-0.00758345,-0,-4.4764e-06,-8.88168e-07,2.40177,0.00212033
6.21397,2.4181,2.37591,0.0421935,-0.00757181,-0,-4.46898e-06,-8.87104e-07,2.38136,0.00212563
6.21983,2.44927,2.35576,0.0935082,-0.0075602,-0,-4.46158e-06,-8.86043e-07,2.3612,0.00213092
6.2257,2.32707,2.33585,-0.00878471,-0.00754861,-0,-4.45421e-06,-8.84983e-07,2.34127,0.0021362
6.23156,2.32408,2.31618,0.00789875,-0.00753704,-0,-4.44685e-06,-8.83927e-07,2.32159,0.00214148
6.23742,2.35101,2.29675,0.0542655,-0.0075255,-0,-4.43952e-06,-8.82872e-07,2.30213,0.00214675
6.24328,2.38999,2.27754,0.112448,-0.00751398,-0,-4.43221e-06,-8.81821e-07,2.28291,0.00215201
6.24915,2.33754,2.25857,0.0789701,-0.00750248,-0,-4.42491e-06,-8.80771e-07,2.26392,0.00215727
6.25501,2.302,2.23981,0.0621886,-0.00749101,-0,-4.41764e-06,-8.79724e-07,2.24514,0.00216253
6.26087,2.17966,2.22127,-0.0416133,-0.00747956,-0,-4.41039e-06,-8.78679e-07,2.22659,0.00216777
6.26673,2.35047,2.20296,0.147511,-0.00746813,-0,-4.40316e-06,-8.77637e-07,2.20826,0.00217302
6.27259,2.24522,2.18485,0.060371,-0.00745673,-0,-4.39595e-06,-8.76597e-07,2.19013,0.00217825
6.27846,2.1598,2.16695,-0.00715716,-0.00744535,-0,-4.38876e-06,-8.7556e-07,2.17222,0.00218348
6.28432,2.11247,2.14927,-0.0367987,-0.00743399,-0,-4.38159e-06,-8.74525e-07,2.15452,0.00218871
6.29018,2.00231,2.13178,-0.129472,-0.00742266,-0,-4.37444e-06,-8.73492e-07,2.13702,0.00219393
6.29604,2.00149,2.1145,-0.113002,-0.00741135,-0,-4.36731e-06,-8.72462e-07,2.11971,0.00219914
6.30191,1.91454,2.09741,-0.182875,-0.00740007,-0,-4.3602e-06,-8.71434e-07,2.10261,0.00220435
6.30777,2.04144,2.08052,-0.0390826,-0.00738881,-0,-4.35311e-06,-8.70408e-07,2.0857,0.00220955
6.31363,2.04068,2.06382,-0.023141,-0.00737758,-0,-4.34604e-06,-8.69384e-07,2.06899,0.00221474
6.31949,2.05759,2.04731,0.0102876,-0.00736637,-0,-4.33899e-06,-8.68363e-07,2.05246,0.00221993
6.32535,1.9112,2.03098,-0.119779,-0.00735518,-0,-4.33196e-06,-8.67345e-07,2.03612,0.00222511
6.33122,1.93503,2.01484,-0.0798058,-0.00734402,-0,-4.32495e-06,-8.66328e-07,2.01996,0.00223029
6.33708,1.91014,1.99888,-0.0887367,-0.00733289,-0,-4.31796e-06,-8.65314e-07,2.00398,0.00223546
6.34294,2.04745,1.98309,0.0643514,-0.00732178,-0,-4.31099e-06,-8.64302e-07,1.98818,0.00224063
6.3488,1.84096,1.96749,-0.126528,-0.00731069,-0,-4.30404e-06,-8.63293e-07,1.97256,0.00224579
6.35467,1.76562,1.95205,-0.186436,-0.00729963,-0,-4.29711e-06,-8.62286e-07,1.95711,0.00225094
6.36053,1.9998,1.93679,0.0630145,-0.00728859,-0,-4.2902e-06,-8.61281e-07,1.94183,0.00225609
6.36639,1.9715,1.92169,0.0498083,-0.00727758,-0,-4.28331e-06,-8.60278e-07,1.92671,0.00226123
6.37225,1.76859,1.90676,-0.13817,-0.0072666,-0,-4.27643e-06,-8.59278e-07,1.91177,0.00226637
6.37811,1.97573,1.89199,0.0837385,-0.00725564,-0,-4.26958e-06,-8.5828e-07,1.89698,0.0022715
6.38398,2.04138,1.87739,0.163997,-0.0072447,-0,-4.26275e-06,-8.57284e-07,1.88236,0.00227663
6.38984,2.01758,1.86294,0.154643,-0.00723379,-0,-4.25593e-06,-8.5629e-07,1.8679,0.00228175
6.3957,1.6948,1.84865,-0.153847,-0.00722291,-0,-4.24914e-06,-8.55299e-07,1.85359,0.00228686
6.40156,1.79638,1.83451,-0.0381321,-0.00721205,-0,-4.24236e-06,-8.54309e-07,1.83943,0.00229197
6.40743,1.72314,1.82052,-0.0973877,-0.00720121,-0,-4.2356e-06,-8.53322e-07,1.82543,0.00229707
6.41329,1.74866,1.80669,-0.058026,-0.0071904,-0,-4.22887e-06,-8.52338e-07,1.81158,0.00230216
6.41915,1.62143,1.793,-0.171571,-0.00717962,-0,-4.22215e-06,-8.51355e-07,1.79788,0.00230725
6.42501,1.89,1.77946,0.110544,-0.00716886,-0,-4.21545e-06,-8.50375e-07,1.78432,0.00231234
6.43087,1.72976,1.76606,-0.0362955,-0.00715813,-0,-4.20876e-06,-8.49396e-07,1.7709,0.00231742
6.43674,1.76498,1.7528,0.0121802,-0.00714742,-0,-4.2021e-06,-8.4842e-07,1.75763,0.00232249
6.4426,1.81672,1.73968,0.0770404,-0.00713674,-0,-4.19546e-06,-8.47446e-07,1.7445,0.00232755
6.44846,1.80498,1.7267,0.0782721,-0.00712608,-0,-4.18883e-06,-8.46475e-07,1.7315,0.00233261
6.45432,1.77328,1.71386,0.0594187,-0.00711545,-0,-4.18223e-06,-8.45505e-07,1.71864,0.00233767
6.46019,1.67837,1.70115,-0.0227846,-0.00710484,-0,-4.17564e-06,-8.44538e-07,1.70592,0.00234272
6.46605,1.69948,1.68857,0.0109105,-0.00709426,-0,-4.16907e-06,-8.43573e-07,1.69332,0.00234776
6.47191,1.65504,1.67613,-0.0210895,-0.00708371,-0,-4.16252e-06,-8.4261e-07,1.68086,0.0023528
6.47777,1.4373,1.66381,-0.226511,-0.00707318,-0,-4.15598e-06,-8.41649e-07,1.66853,0.00235783
6.48363,1.67579,1.65162,0.0241702,-0.00706267,-0,-4.14947e-06,-8.4069e-07,1.65632,0.00236285
6.4895,1.58364,1.63955,-0.0559089,-0.00705219,-0,-4.14297e-06,-8.39733e-07,1.64424,0.00236787
6.49536,1.5578,1.62761,-0.0698126,-0.00704174,-0,-4.13649e-06,-8.38779e-07,1.63228,0.00237289
6.50122,1.55223,1.61579,-0.0635574,-0.00703131,-0,-4.13003e-06,-8.37826e-07,1.62045,0.0023779
6.50708,1.44921,1.60409,-0.154879,-0.00702091,-0,-4.12359e-06,-8.36876e-07,1.60873,0.0023829
6.51295,1.42714,1.5925,-0.165363,-0.00701053,-0,-4.11717e-06,-8.35927e-07,1.59713,0.00238789
6.51881,1.35611,1.58104,-0.224925,-0.00700018,-0,-4.11076e-06,-8.34981e-07,1.58565,0.00239288
6.52467,1.54367,1.56969,-0.0260208,-0.00698985,-0,-4.10437e-06,-8.34037e-07,1.57429,0.00239787
6.53053,1.66011,1.55846,0.10166,-0.00697955,-0,-4.098e-06,-8.33095e-07,1.56304,0.00240285
6.53639,1.58173,1.54733,0.0343971,-0.00696928,-0,-4.09165e-06,-8.32155e-07,1.5519,0.00240782
6.54226,1.43413,1.53632,-0.102192,-0.00695903,-0,-4.08532e-06,-8.31217e-07,1.54087,0.00241279
6.54812,1.61621,1.52542,0.0907902,-0.0069488,-0,-4.079e-06,-8.30281e-07,1.52996,0.00241775
6.55398,1.50818,1.51463,-0.00644654,-0.0069386,-0,-4.0727e-06,-8.29347e-07,1.51915,0.0024227
6.55984,1.3467,1.50394,-0.157234,-0.00692843,-0,-4.06642e-06,-8.28416e-07,1.50844,0.00242765
6.56571,1.2634,1.49336,-0.229952,-0.00691828,-0,-4.06015e-06,-8.27486e-07,1.49785,0.0024326
6.57157,1.42802,1.48288,-0.0548578,-0.00690815,-0,-4.0539e-06,-8.26558e-07,1.48736,0.00243753
6.57743,1.59062,1.4725,0.118111,-0.00689805,-0,-4.04767e-06,-8.25633e-07,1.47697,0.00244246
6.58329,1.45781,1.46223,-0.00442271,-0.00688798,-0,-4.04146e-06,-8.24709e-07,1.46668,0.00244739
6.58915,1.38696,1.45206,-0.0650982,-0.00687793,-0,-4.03527e-06,-8.23787e-07,1.45649,0.00245231
6.59502,1.39313,1.44198,-0.0488503,-0.00686791,-0,-4.02909e-06,-8.22868e-07,1.4464,0.00245722
6.60088,1.33313,1.43201,-0.0988764,-0.00685791,-0,-4.02293e-06,-8.2195e-07,1.43641,0.00246213
6.60674,1.33713,1.42213,-0.0849986,-0.00684793,-0,-4.01678e-06,-8.21034e-07,1.42651,0.00246704
6.6126,1.40774,1.41234,-0.00460359,-0.00683798,-0,-4.01066e-06,-8.2012e-07,1.41671,0.00247193
6.61847,1.32907,1.40265,-0.0735817,-0.00682806,-0,-4.00455e-06,-8.19209e-07,1.40701,0.00247682
6.62433,1.45674,1.39305,0.0636924,-0.00681816,-0,-3.99845e-06,-8.18299e-07,1.39739,0.00248171
6.63019,1.30622,1.38355,-0.0773297,-0.00680829,-0,-3.99238e-06,-8.17391e-07,1.38787,0.00248659
6.63605,1.41536,1.37413,0.0412326,-0.00679844,-0,-3.98632e-06,-8.16485e-07,1.37844,0.00249146
6.64191,1.40699,1.3648,0.0421893,-0.00678861,-0,-3.98028e-06,-8.15582e-07,1.3691,0.00249633
6.64778,1.32821,1.35556,-0.027357,-0.00677881,-0,-3.97425e-06,-8.1468e-07,1.35985,0.00250119
6.65364,1.30668,1.34641,-0.0397368,-0.00676904,-0,-3.96824e-06,-8.1378e-07,1.35068,0.00250604
6.6595,1.29126,1.33735,-0.0460849,-0.00675929,-0,-3.96225e-06,-8.12882e-07,1.3416,0.00251089
6.66536,1.47156,1.32837,0.143191,-0.00674956,-0,-3.95627e-06,-8.11986e-07,1.3326,0.00251574
6.67123,1.28205,1.31947,-0.0374196,-0.00673986,-0,-3.95031e-06,-8.11091e-07,1.32369,0.00252058
6.67709,1.40966,1.31066,0.0990022,-0.00673018,-0,-3.94437e-06,-8.10199e-07,1.31487,0.00252541
6.68295,1.4248,1.30192,0.122876,-0.00672053,-0,-3.93844e-06,-8.09309e-07,1.30612,0.00253023
6.68881,1.29477,1.29327,0.00149058,-0.0067109,-0,-3.93253e-06,-8.0842e-07,1.29746,0.00253505
6.69468,1.43638,1.2847,0.151681,-0.0067013,-0,-3.92664e-06,-8.07534e-07,1.28887,0.00253987
6.70054,1.09172,1.27621,-0.184494,-0.00669172,-0,-3.92076e-06,-8.06649e-07,1.28036,0.00254468
6.7064,1.23279,1.2678,-0.0350063,-0.00668217,-0,-3.9149e-06,-8.05766e-07,1.27194,0.00254948
6.71226,1.25821,1.25946,-0.00125245,-0.00667263,-0,-3.90905e-06,-8.04885e-07,1.26359,0.00255428
6.71812,1.24969,1.2512,-0.00150849,-0.00666313,-0,-3.90322e-06,-8.04006e-07,1.25531,0.00255907
6.72399,1.31941,1.24302,0.0763937,-0.00665365,-0,-3.89741e-06,-8.03129e-07,1.24711,0.00256385
6.72985,1.21664,1.23491,-0.0182705,-0.00664419,-0,-3.89161e-06,-8.02254e-07,1.23899,0.00256863
6.73571,1.20061,1.22687,-0.0262576,-0.00663475,-0,-3.88583e-06,-8.0138e-07,1.23094,0.00257341
6.74157,1.31775,1.21891,0.0988454,-0.00662534,-0,-3.88006e-06,-8.00509e-07,1.22296,0.00257818
6.74744,1.22663,1.21101,0.0156146,-0.00661596,-0,-3.87431e-06,-7.99639e-07,1.21505,0.00258294
6.7533,1.10628,1.20319,-0.0969151,-0.00660659,-0,-3.86857e-06,-7.98771e-07,1.20722,0.00258769
6.75916,1.21778,1.19544,0.0223402,-0.00659726,-0,-3.86285e-06,-7.97905e-07,1.19945,0.00259244
6.76502,1.18362,1.18776,-0.00413959,-0.00658794,-0,-3.85715e-06,-7.97041e-07,1.19176,0.00259719
6.77088,1.12215,1.18015,-0.0579976,-0.00657865,-0,-3.85146e-06,-7.96179e-07,1.18413,0.00260193
6.77675,1.20497,1.1726,0.0323694,-0.00656938,-0,-3.84579e-06,-7.95318e-07,1.17657,0.00260666
6.78261,1.09835,1.16512,-0.0667712,-0.00656014,-0,-3.84013e-06,-7.94459e-07,1.16908,0.00261139
6.78847,1.0412,1.15771,-0.116514,-0.00655092,-0,-3.83449e-06,-7.93602e-07,1.16165,0.00261611
6.79433,1.0876,1.15036,-0.0627663,-0.00654172,-0,-3.82886e-06,-7.92747e-07,1.15429,0.00262082
6.8002,1.10321,1.14308,-0.0398684,-0.00653255,-0,-3.82325e-06,-7.91894e-07,1.14699,0.00262553
6.80606,1.12607,1.13586,-0.00978998,-0.0065234,-0,-3.81765e-06,-7.91042e-07,1.13976,0.00263023
6.81192,1.00803,1.12871,-0.120678,-0.00651427,-0,-3.81207e-06,-7.90193e-07,1.13259,0.00263493
6.81778,1.24664,1.12161,0.125025,-0.00650517,-0,-3.8065e-06,-7.89345e-07,1.12548,0.00263962
6.82364,1.21372,1.11458,0.0991396,-0.00649609,-0,-3.80095e-06,-7.88498e-07,1.11844,0.00264431
6.82951,1.14816,1.10761,0.0405435,-0.00648703,-0,-3.79542e-06,-7.87654e-07,1.11146,0.00264899
6.83537,1.132,1.1007,0.0312969,-0.006478,-0,-3.78989e-06,-7.86811e-07,1.10453,0.00265366
6.84123,0.86178,1.09385,-0.232072,-0.00646899,-0,-3.78439e-06,-7.8597e-07,1.09767,0.00265833
6.84709,1.10288,1.08706,0.0158134,-0.00646,-0,-3.7789e-06,-7.85131e-07,1.09086,0.00266299
6.85296,0.984739,1.08033,-0.09559,-0.00645103,-0,-3.77342e-06,-7.84294e-07,1.08412,0.00266765
6.85882,1.09027,1.07365,0.0166117,-0.00644209,-0,-3.76796e-06,-7.83458e-07,1.07743,0.0026723
6.86468,0.955316,1.06704,-0.11172,-0.00643317,-0,-3.76251e-06,-7.82624e-07,1.0708,0.00267695
6.87054,1.11824,1.06047,0.0577626,-0.00642428,-0,-3.75708e-06,-7.81792e-07,1.06422,0.00268158
6.8764,1.01754,1.05397,-0.0364236,-0.0064154,-0,-3.75166e-06,-7.80961e-07,1.0577,0.00268622
6.88227,1.01364,1.04752,-0.0338767,-0.00640655,-0,-3.74625e-06,-7.80133e-07,1.05124,0.00269084
6.88813,1.17412,1.04112,0.133003,-0.00639772,-0,-3.74087e-06,-7.79306e-07,1.04483,0.00269547
6.89399,1.16645,1.03478,0.131674,-0.00638891,-0,-3.73549e-06,-7.7848e-07,1.03847,0.00270008
6.89985,0.934127,1.02849,-0.0943636,-0.00638013,-0,-3.73013e-06,-7.77657e-07,1.03217,0.00270469
6.90572,0.924702,1.02225,-0.0975524,-0.00637137,-0,-3.72478e-06,-7.76835e-07,1.02592,0.0027093
6.91158,1.00271,1.01607,-0.0133601,-0.00636263,-0,-3.71945e-06,-7.76014e-07,1.01972,0.00271389
6.91744,0.981041,1.00994,-0.0288974,-0.00635391,-0,-3.71413e-06,-7.75196e-07,1.01358,0.00271849
6.9233,1.06968,1.00386,0.0658248,-0.00634522,-0,-3.70883e-06,-7.74379e-07,1.00748,0.00272307
6.92916,0.949707,0.997827,-0.0481195,-0.00633655,-0,-3.70354e-06,-7.73564e-07,1.00144,0.00272765
6.93503,0.795851,0.991846,-0.195995,-0.0063279,-0,-3.69827e-06,-7.7275e-07,0.995446,0.00273223
6.94089,0.837556,0.985915,-0.148359,-0.00631927,-0,-3.693e-06,-7.71939e-07,0.989502,0.0027368
6.94675,0.915345,0.980032,-0.0646875,-0.00631066,-0,-3.68776e-06,-7.71129e-07,0.983606,0.00274136
6.95261,1.00455,0.974198,0.0303513,-0.00630208,-0,-3.68252e-06,-7.7032e-07,0.977759,0.00274592
6.95848,1.04598,0.968412,0.0775648,-0.00629351,-0,-3.6773e-06,-7.69513e-07,0.97196,0.00275047
6.96434,1.10234,0.962674,0.139664,-0.00628497,-0,-3.6721e-06,-7.68708e-07,0.966208,0.00275501
6.9702,1.01886,0.956982,0.0618807,-0.00627645,-0,-3.66691e-06,-7.67905e-07,0.960503,0.00275955
6.97606,0.948087,0.951336,-0.00324908,-0.00626796,-0,-3.66173e-06,-7.67103e-07,0.954845,0.00276408
6.98192,1.01204,0.945737,0.0663063,-0.00625948,-0,-3.65656e-06,-7.66302e-07,0.949232,0.00276861
6.98779,0.94812,0.940182,0.00793767,-0.00625102,-0,-3.65141e-06,-7.65504e-07,0.943665,0.00277313
6.99365,0.889903,0.934673,-0.0447703,-0.00624259,-0,-3.64627e-06,-7.64707e-07,0.938142,0.00277765
6.99951,0.868735,0.929208,-0.0604726,-0.00623418,-0,-3.64115e-06,-7.63911e-07,0.932664,0.00278216
7.00537,0.991835,0.923787,0.0680477,-0.00622579,-0,-3.63604e-06,-7.63118e-07,0.92723,0.00278666
7.01124,1.07817,0.918409,0.159757,-0.00621742,-0,-3.63094e-06,-7.62325e-07,0.92184,0.00279116
7.0171,1.08419,0.913075,0.171115,-0.00620907,-0,-3.62586e-06,-7.61535e-07,0.916493,0.00279566
7.02296,0.804238,0.907783,-0.103545,-0.00620074,-0,-3.62079e-06,-7.60746e-07,0.911188,0.00280014
7.02882,0.973403,0.902533,0.07087,-0.00619244,-0,-3.61573e-06,-7.59959e-07,0.905925,0.00280462
7.03468,0.809356,0.897325,-0.0879689,-0.00618415,-0,-3.61069e-06,-7.59173e-07,0.900705,0.0028091
7.04055,0.830879,0.892158,-0.0612793,-0.00617589,-0,-3.60566e-06,-7.58389e-07,0.895525,0.00281357
7.04641,0.922286,0.887033,0.035253,-0.00616765,-0,-3.60064e-06,-7.57606e-07,0.890387,0.00281803
7.05227,0.763004,0.881947,-0.118943,-0.00615942,-0,-3.59564e-06,-7.56825e-07,0.885288,0.00282249
7.05813,0.721905,0.876902,-0.154996,-0.00615122,-0,-3.59065e-06,-7.56046e-07,0.88023,0.00282694
7.064,0.751568,0.871896,-0.120328,-0.00614304,-0,-3.58567e-06,-7.55268e-07,0.875212,0.00283139
7.06986,0.98966,0.866929,0.122731,-0.00613488,-0,-3.5807e-06,-7.54492e-07,0.870233,0.00283583
7.07572,0.99932,0.862001,0.137318,-0.00612674,-0,-3.57575e-06,-7.53717e-07,0.865292,0.00284026
7.08158,0.8104,0.857112,-0.0467122,-0.00611862,-0,-3.57081e-06,-7.52944e-07,0.86039,0.00284469
7.08745,0.849257,0.852261,-0.00300423,-0.00611052,-0,-3.56588e-06,-7.52172e-07,0.855526,0.00284911
7.09331,0.857319,0.847447,0.00987199,-0.00610245,-0,-3.56097e-06,-7.51402e-07,0.8507,0.00285353
7.09917,0.873325,0.842671,0.0306542,-0.00609439,-0,-3.55607e-06,-7.50634e-07,0.845911,0.00285794
7.10503,0.777229,0.837931,-0.0607016,-0.00608635,-0,-3.55118e-06,-7.49867e-07,0.841159,0.00286234
7.11089,0.950384,0.833228,0.117156,-0.00607833,-0,-3.54631e-06,-7.49101e-07,0.836444,0.00286674
7.11676,0.825432,0.828561,-0.00312881,-0.00607034,-0,-3.54144e-06,-7.48337e-07,0.831765,0.00287113
7.12262,0.899093,0.82393,0.0751632,-0.00606236,-0,-3.53659e-06,-7.47575e-07,0.827121,0.00287552
7.12848,0.679177,0.819334,-0.140158,-0.0060544,-0,-3.53175e-06,-7.46814e-07,0.822513,0.0028799
7.13434,0.808069,0.814774,-0.00670528,-0.00604646,-0,-3.52693e-06,-7.46055e-07,0.81794,0.00288428
7.14021,0.820034,0.810248,0.00978631,-0.00603855,-0,-3.52212e-06,-7.45297e-07,0.813402,0.00288865
7.14607,0.936216,0.805756,0.13046,-0.00603065,-0,-3.51732e-06,-7.44541e-07,0.808898,0.00289301
7.15193,0.590696,0.801299,-0.210603,-0.00602277,-0,-3.51253e-06,-7.43786e-07,0.804429,0.00289737
7.15779,0.784682,0.796875,-0.0121929,-0.00601491,-0,-3.50775e-06,-7.43033e-07,0.799993,0.00290172
7.16365,0.864467,0.792485,0.0719819,-0.00600707,-0,-3.50299e-06,-7.42281e-07,0.79559,0.00290607
7.16952,0.782475,0.788128,-0.00565275,-0.00599925,-0,-3.49824e-06,-7.4153e-07,0.791221,0.00291041
7.17538,0.905694,0.783803,0.121891,-0.00599146,-0,-3.4935e-06,-7.40782e-07,0.786884,0.00291474
7.18124,1.0148,0.779511,0.235289,-0.00598368,-0,-3.48877e-06,-7.40034e-07,0.78258,0.00291907
7.1871,0.927984,0.775251,0.152733,-0.00597591,-0,-3.48405e-06,-7.39288e-07,0.778308,0.00292339
7.19297,0.892224,0.771023,0.121201,-0.00596817,-0,-3.47935e-06,-7.38544e-07,0.774068,0.00292771
7.19883,0.930075,0.766826,0.163249,-0.00596045,-0,-3.47466e-06,-7.37801e-07,0.769859,0.00293202
7.20469,0.851754,0.762661,0.0890934,-0.00595275,-0,-3.46998e-06,-7.37059e-07,0.765681,0.00293633
7.21055,0.900646,0.758526,0.14212,-0.00594506,-0,-3.46532e-06,-7.36319e-07,0.761535,0.00294063
7.21641,0.852505,0.754422,0.0980829,-0.0059374,-0,-3.46066e-06,-7.35581e-07,0.757419,0.00294492
7.22228,0.712717,0.750348,-0.0376316,-0.00592975,-0,-3.45602e-06,-7.34844e-07,0.753333,0.00294921
7.22814,0.633028,0.746304,-0.113276,-0.00592213,-0,-3.45139e-06,-7.34108e-07,0.749277,0.00295349
7.234,0.818761,0.74229,0.0764707,-0.00591452,-0,-3.44677e-06,-7.33374e-07,0.745251,0.00295777
7.23986,0.816712,0.738305,0.0784061,-0.00590693,-0,-3.44216e-06,-7.32641e-07,0.741255,0.00296204
7.24573,0.692296,0.73435,-0.042054,-0.00589936,-0,-3.43756e-06,-7.3191e-07,0.737287,0.0029663
7.25159,0.718729,0.730423,-0.0116943,-0.00589181,-0,-3.43298e-06,-7.3118e-07,0.733349,0.00297056
7.25745,0.861197,0.726525,0.134672,-0.00588428,-0,-3.4284e-06,-7.30451e-07,0.729439,0.00297481
7.26331,0.597892,0.722655,-0.124763,-0.00587676,-0,-3.42384e-06,-7.29724e-07,0.725557,0.00297906
7.26917,0.593722,0.718814,-0.125092,-0.00586927,-0,-3.41929e-06,-7.28999e-07,0.721704,0.0029833
7.27504,0.742562,0.715,0.027562,-0.00586179,-0,-3.41475e-06,-7.28274e-07,0.717878,0.00298753
7.2809,0.796582,0.711213,0.0853687,-0.00585433,-0,-3.41023e-06,-7.27552e-07,0.71408,0.00299176
7.28676,0.619743,0.707454,-0.0877113,-0.00584689,-0,-3.40571e-06,-7.2683e-07,0.710309,0.00299599
7.29262,0.580878,0.703722,-0.122844,-0.00583947,-0,-3.40121e-06,-7.2611e-07,0.706565,0.0030002
7.29849,0.677477,0.700017,-0.0225398,-0.00583207,-0,-3.39671e-06,-7.25391e-07,0.702848,0.00300441
7.30435,0.822238,0.696338,0.1259,-0.00582468,-0,-3.39223e-06,-7.24674e-07,0.699158,0.00300862
7.31021,0.730136,0.692685,0.0374505,-0.00581731,-0,-3.38776e-06,-7.23958e-07,0.695494,0.00301282
7.31607,0.477176,0.689059,-0.211883,-0.00580996,-0,-3.3833e-06,-7.23244e-07,0.691856,0.00301701
7.32193,0.718715,0.685458,0.0332575,-0.00580263,-0,-3.37885e-06,-7.22531e-07,0.688243,0.0030212
7.3278,0.68838,0.681883,0.00649727,-0.00579532,-0,-3.37442e-06,-7.21819e-07,0.684657,0.00302538
7.33366,0.635083,0.678333,-0.0432494,-0.00578802,-0,-3.36999e-06,-7.21109e-07,0.681095,0.00302956
7.33952,0.549615,0.674808,-0.125193,-0.00578075,-0,-3.36558e-06,-7.204e-07,0.677559,0.00303373
7.34538,0.74641,0.671308,0.0751021,-0.00577349,-0,-3.36117e-06,-7.19692e-07,0.674048,0.0030379
7.35125,0.714522,0.667833,0.046689,-0.00576624,-0,-3.35678e-06,-7.18986e-07,0.670561,0.00304205
7.35711,0.715625,0.664382,0.0512435,-0.00575902,-0,-3.3524e-06,-7.18281e-07,0.667099,0.00304621
7.36297,0.708427,0.660955,0.0474721,-0.00575181,-0,-3.34803e-06,-7.17578e-07,0.663661,0.00305035
7.36883,0.712089,0.657552,0.0545371,-0.00574462,-0,-3.34367e-06,-7.16876e-07,0.660246,0.0030545
7.37469,0.749106,0.654173,0.0949331,-0.00573745,-0,-3.33932e-06,-7.16175e-07,0.656856,0.00305863
7.38056,0.841617,0.650818,0.190799,-0.0057303,-0,-3.33498e-06,-7.15476e-07,0.653489,0.00306276
7.38642,0.601937,0.647485,-0.0455481,-0.00572316,-0,-3.33065e-06,-7.14777e-07,0.650146,0.00306688
7.39228,0.62203,0.644176,-0.0221462,-0.00571604,-0,-3.32633e-06,-7.14081e-07,0.646825,0.003071
7.39814,0.589678,0.64089,-0.0512124,-0.00570894,-0,-3.32203e-06,-7.13385e-07,0.643528,0.00307511
7.40401,0.781631,0.637626,0.144004,-0.00570185,-0,-3.31773e-06,-7.12691e-07,0.640253,0.00307922
7.40987,0.648808,0.634385,0.0144224,-0.00569478,-0,-3.31345e-06,-7.11998e-07,0.637001,0.00308332
7.41573,0.480397,0.631167,-0.150769,-0.00568773,-0,-3.30917e-06,-7.11307e-07,0.633771,0.00308742
7.42159,0.57888,0.62797,-0.0490897,-0.0056807,-0,-3.30491e-06,-7.10617e-07,0.630563,0.0030915
7.42745,0.53885,0.624795,-0.085945,-0.00567368,-0,-3.30065e-06,-7.09928e-07,0.627377,0.00309559
7.43332,0.523951,0.621642,-0.0976914,-0.00566668,-0,-3.29641e-06,-7.0924e-07,0.624213,0.00309966
7.43918,0.545302,0.618511,-0.0732088,-0.0056597,-0,-3.29218e-06,-7.08554e-07,0.62107,0.00310373
7.44504,0.467355,0.6154,-0.148045,-0.00565273,-0,-3.28796e-06,-7.07869e-07,0.617949,0.0031078
7.4509,0.382051,0.612311,-0.23026,-0.00564578,-0,-3.28374e-06,-7.07186e-07,0.614849,0.00311186
7.45677,0.725169,0.609243,0.115926,-0.00563885,-0,-3.27954e-06,-7.06503e-07,0.61177,0.00311591
7.46263,0.627663,0.606195,0.0214676,-0.00563193,-0,-3.27535e-06,-7.05822e-07,0.608711,0.00311996
7.46849,0.519049,0.603169,-0.0841196,-0.00562503,-0,-3.27117e-06,-7.05143e-07,0.605674,0.003124
7.47435,0.633217,0.600162,0.0330554,-0.00561815,-0,-3.267e-06,-7.04464e-07,0.602656,0.00312804
7.48021,0.733262,0.597176,0.136086,-0.00561128,-0,-3.26284e-06,-7.03787e-07,0.599659,0.00313207
7.48608,0.466931,0.59421,-0.127278,-0.00560443,-0,-3.25869e-06,-7.03111e-07,0.596682,0.00313609
7.49194,0.509207,0.591263,-0.0820563,-0.0055976,-0,-3.25455e-06,-7.02437e-07,0.593725,0.00314011
7.4978,0.589383,0.588337,0.00104641,-0.00559078,-0,-3.25042e-06,-7.01763e-07,0.590787,0.00314412
7.50366,0.503952,0.585429,-0.0814774,-0.00558398,-0,-3.2463e-06,-7.01091e-07,0.587869,0.00314813
7.50953,0.599972,0.582542,0.0174309,-0.0055772,-0,-3.24219e-06,-7.00421e-07,0.584971,0.00315213
7.51539,0.465572,0.579673,-0.114101,-0.00557043,-0,-3.23809e-06,-6.99751e-07,0.582091,0.00315613
7.52125,0.477808,0.576823,-0.099015,-0.00556368,-0,-3.23399e-06,-6.99083e-07,0.579231,0.00316011
7.52711,0.531537,0.573993,-0.0424557,-0.00555694,-0,-3.22991e-06,-6.98416e-07,0.576389,0.0031641
7.53298,0.598214,0.571181,0.0270338,-0.00555022,-0,-3.22584e-06,-6.9775e-07,0.573567,0.00316808
7.53884,0.579074,0.568387,0.010687,-0.00554351,-0,-3.22178e-06,-6.97085e-07,0.570763,0.00317205
7.5447,0.502603,0.565612,-0.0630088,-0.00553683,-0,-3.21773e-06,-6.96422e-07,0.567977,0.00317601
7.55056,0.507591,0.562855,-0.0552646,-0.00553015,-0,-3.21369e-06,-6.9576e-07,0.565209,0.00317997
7.55642,0.340395,0.560116,-0.219721,-0.0055235,-0,-3.20966e-06,-6.95099e-07,0.56246,0.00318393
7.56229,0.694204,0.557395,0.136809,-0.00551686,-0,-3.20564e-06,-6.9444e-07,0.559728,0.00318787
7.56815,0.555509,0.554692,0.000817056,-0.00551023,-0,-3.20162e-06,-6.93781e-07,0.557015,0.00319182
7.57401,0.522942,0.552007,-0.0290647,-0.00550362,-0,-3.19762e-06,-6.93124e-07,0.554318,0.00319575
7.57987,0.564819,0.549339,0.0154807,-0.00549703,-0,-3.19363e-06,-6.92468e-07,0.55164,0.00319968
7.58574,0.604761,0.546688,0.0580733,-0.00549045,-0,-3.18965e-06,-6.91814e-07,0.548979,0.00320361
7.5916,0.593123,0.544054,0.0490686,-0.00548388,-0,-3.18567e-06,-6.9116e-07,0.546335,0.00320753
7.59746,0.490287,0.541438,-0.0511511,-0.00547734,-0,-3.18171e-06,-6.90508e-07,0.543708,0.00321144
7.60332,0.36401,0.538838,-0.174828,-0.0054708,-0,-3.17775e-06,-6.89857e-07,0.541097,0.00321535
7.60918,0.466006,0.536255,-0.0702495,-0.00546429,-0,-3.17381e-06,-6.89207e-07,0.538504,0.00321925
7.61505,0.435235,0.533689,-0.0984535,-0.00545779,-0,-3.16987e-06,-6.88559e-07,0.535927,0.00322314
7.62091,0.447654,0.531139,-0.0834846,-0.0054513,-0,-3.16594e-06,-6.87911e-07,0.533367,0.00322703
7.62677,0.502221,0.528605,-0.0263843,-0.00544483,-0,-3.16203e-06,-6.87265e-07,0.530823,0.00323092
7.63263,0.540027,0.526088,0.0139388,-0.00543837,-0,-3.15812e-06,-6.8662e-07,0.528296,0.00323479
7.6385,0.650033,0.523587,0.126446,-0.00543193,-0,-3.15422e-06,-6.85976e-07,0.525784,0.00323867
7.64436,0.543806,0.521102,0.0227045,-0.0054255,-0,-3.15033e-06,-6.85334e-07,0.523288,0.00324253
7.65022,0.359346,0.518632,-0.159286,-0.00541909,-0,-3.14645e-06,-6.84692e-07,0.520808,0.00324639
7.65608,0.5231,0.516178,0.00692158,-0.0054127,-0,-3.14258e-06,-6.84052e-07,0.518344,0.00325025
7.66194,0.603209,0.51374,0.0894695,-0.00540632,-0,-3.13872e-06,-6.83413e-07,0.515896,0.0032541
7.66781,0.379865,0.511317,-0.131452,-0.00539995,-0,-3.13486e-06,-6.82775e-07,0.513463,0.00325794
7.67367,0.5262,0.508909,0.0172912,-0.0053936,-0,-3.13102e-06,-6.82138e-07,0.511045,0.00326178
7.67953,0.528388,0.506517,0.0218715,-0.00538726,-0,-3.12719e-06,-6.81502e-07,0.508642,0.00326561
7.68539,0.457622,0.504139,-0.0465176,-0.00538094,-0,-3.12336e-06,-6.80868e-07,0.506255,0.00326943
7.69126,0.502986,0.501777,0.00120946,-0.00537463,-0,-3.11954e-06,-6.80235e-07,0.503882,0.00327325
7.69712,0.535777,0.499429,0.0363476,-0.00536834,-0,-3.11574e-06,-6.79603e-07,0.501524,0.00327706
7.70298,0.563359,0.497096,0.0662636,-0.00536206,-0,-3.11194e-06,-6.78972e-07,0.499181,0.00328087
7.70884,0.623126,0.494777,0.128349,-0.0053558,-0,-3.10815e-06,-6.78342e-07,0.496852,0.00328467
7.7147,0.528565,0.492473,0.0360913,-0.00534955,-0,-3.10437e-06,-6.77713e-07,0.494538,0.00328847
7.72057,0.499234,0.490184,0.00905011,-0.00534331,-0,-3.1006e-06,-6.77086e-07,0.492238,0.00329226
7.72643,0.720202,0.487908,0.232294,-0.00533709,-0,-3.09683e-06,-6.76459e-07,0.489953,0.00329604
7.73229,0.451983,0.485647,-0.0336639,-0.00533089,-0,-3.09308e-06,-6.75834e-07,0.487681,0.00329982
7.73815,0.445941,0.483399,-0.0374578,-0.0053247,-0,-3.08933e-06,-6.7521e-07,0.485424,0.00330359
7.74402,0.434891,0.481165,-0.0462746,-0.00531852,-0,-3.0856e-06,-6.74587e-07,0.48318,0.00330736
7.74988,0.537304,0.478946,0.0583582,-0.00531236,-0,-3.08187e-06,-6.73965e-07,0.480951,0.00331112
7.75574,0.598897,0.476739,0.122157,-0.00530621,-0,-3.07815e-06,-6.73345e-07,0.478735,0.00331488
7.7616,0.383813,0.474547,-0.0907334,-0.00530007,-0,-3.07444e-06,-6.72725e-07,0.476532,0.00331863
7.76746,0.561685,0.472368,0.0893171,-0.00529395,-0,-3.07073e-06,-6.72107e-07,0.474343,0.00332237
7.77333,0.382317,0.470202,-0.087885,-0.00528784,-0,-3.06704e-06,-6.71489e-07,0.472167,0.00332611
7.77919,0.689922,0.468049,0.221873,-0.00528175,-0,-3.06336e-06,-6.70873e-07,0.470005,0.00332984
7.78505,0.467336,0.465909,0.00142707,-0.00527567,-0,-3.05968e-06,-6.70258e-07,0.467855,0.00333356
7.79091,0.568752,0.463783,0.104969,-0.00526961,-0,-3.05601e-06,-6.69644e-07,0.465719,0.00333728
7.79678,0.466566,0.461669,0.00489707,-0.00526356,-0,-3.05235e-06,-6.69031e-07,0.463595,0.003341
7.80264,0.527832,0.459568,0.0682641,-0.00525752,-0,-3.0487e-06,-6.6842e-07,0.461485,0.0033447
7.8085,0.405465,0.45748,-0.052015,-0.00525149,-0,-3.04506e-06,-6.67809e-07,0.459387,0.00334841
7.81436,0.451504,0.455405,-0.00390029,-0.00524548,-0,-3.04143e-06,-6.67199e-07,0.457302,0.0033521
7.82022,0.453422,0.453342,8.05026e-05,-0.00523949,-0,-3.0378e-06,-6.66591e-07,0.455229,0.00335579
7.82609,0.459247,0.451291,0.00795632,-0.0052335,-0,-3.03418e-06,-6.65984e-07,0.453169,0.00335948
7.83195,0.526657,0.449253,0.0774045,-0.00522754,-0,-3.03057e-06,-6.65377e-07,0.451121,0.00336316
7.83781,0.427433,0.447227,-0.0197934,-0.00522158,-0,-3.02697e-06,-6.64772e-07,0.449085,0.00336683
7.84367,0.407435,0.445213,-0.0377783,-0.00521564,-0,-3.02338e-06,-6.64168e-07,0.447062,0.0033705
7.84954,0.305293,0.443211,-0.137918,-0.00520971,-0,-3.0198e-06,-6.63565e-07,0.44505,0.00337416
7.8554,0.385718,0.441221,-0.0555032,-0.00520379,-0,-3.01622e-06,-6.62963e-07,0.443051,0.00337781
7.86126,0.374791,0.439243,-0.0644523,-0.00519789,-0,-3.01265e-06,-6.62362e-07,0.441063,0.00338146
7.86712,0.501573,0.437277,0.0642961,-0.005192,-0,-3.00909e-06,-6.61762e-07,0.439087,0.00338511
7.87298,0.517881,0.435322,0.0825595,-0.00518613,-0,-3.00554e-06,-6.61164e-07,0.437123,0.00338874
7.87885,0.388211,0.433379,-0.0451677,-0.00518026,-0,-3.002e-06,-6.60566e-07,0.43517,0.00339238
7.88471,0.459391,0.431447,0.0279438,-0.00517441,-0,-2.99846e-06,-6.59969e-07,0.433229,0.003396
7.89057,0.562699,0.429527,0.133172,-0.00516858,-0,-2.99493e-06,-6.59374e-07,0.4313,0.00339962
7.89643,0.446785,0.427618,0.0191663,-0.00516275,-0,-2.99141e-06,-6.58779e-07,0.429381,0.00340324
7.9023,0.318676,0.425721,-0.107045,-0.00515694,-0,-2.9879e-06,-6.58186e-07,0.427474,0.00340684
7.90816,0.626172,0.423834,0.202338,-0.00515115,-0,-2.9844e-06,-6.57593e-07,0.425578,0.00341045
7.91402,0.534866,0.421959,0.112907,-0.00514536,-0,-2.9809e-06,-6.57002e-07,0.423694,0.00341404
7.91988,0.520511,0.420094,0.100417,-0.00513959,-0,-2.97742e-06,-6.56412e-07,0.42182,0.00341764
7.92574,0.68698,0.418241,0.268739,-0.00513383,-0,-2.97394e-06,-6.55823e-07,0.419957,0.00342122
7.93161,0.420093,0.416398,0.00369507,-0.00512809,-0,-2.97047e-06,-6.55234e-07,0.418105,0.0034248
7.93747,0.444245,0.414566,0.029679,-0.00512236,-0,-2.967e-06,-6.54647e-07,0.416263,0.00342837
7.94333,0.239973,0.412744,-0.172772,-0.00511664,-0,-2.96355e-06,-6.54061e-07,0.414433,0.00343194
7.94919,0.405565,0.410934,-0.0053689,-0.00511093,-0,-2.9601e-06,-6.53476e-07,0.412613,0.0034355
7.95506,0.444723,0.409133,0.0355894,-0.00510524,-0,-2.95666e-06,-6.52892e-07,0.410803,0.00343906
7.96092,0.342641,0.407343,-0.0647025,-0.00509955,-0,-2.95322e-06,-6.52309e-07,0.409004,0.00344261
7.96678,0.304172,0.405564,-0.101392,-0.00509388,-0,-2.9498e-06,-6.51727e-07,0.407215,0.00344615
7.97264,0.356025,0.403794,-0.0477691,-0.00508823,-0,-2.94638e-06,-6.51146e-07,0.405436,0.00344969
7.97851,0.365129,0.402035,-0.0369065,-0.00508258,-0,-2.94297e-06,-6.50566e-07,0.403668,0.00345322
7.98437,0.539914,0.400286,0.139628,-0.00507695,-0,-2.93957e-06,-6.49987e-07,0.40191,0.00345675
7.99023,0.416568,0.398547,0.0180207,-0.00507133,-0,-2.93618e-06,-6.49409e-07,0.400162,0.00346027
7.99609,0.386554,0.396818,-0.010264,-0.00506573,-0,-2.93279e-06,-6.48832e-07,0.398424,0.00346378
8.00195,0.374658,0.395099,-0.0204411,-0.00506013,-0,-2.92941e-06,-6.48257e-07,0.396695,0.00346729
8.00782,0.233968,0.39339,-0.159421,-0.00505455,-0,-2.92604e-06,-6.47682e-07,0.394977,0.0034708
8.01368,0.296801,0.39169,-0.0948891,-0.00504898,-0,-2.92267e-06,-6.47108e-07,0.393268,0.00347429
8.01954,0.231861,0.39,-0.158139,-0.00504342,-0,-2.91932e-06,-6.46535e-07,0.391569,0.00347779
8.0254,0.352477,0.38832,-0.0358423,-0.00503788,-0,-2.91597e-06,-6.45963e-07,0.38988,0.00348127
8.03127,0.165824,0.386649,-0.220824,-0.00503234,-0,-2.91263e-06,-6.45392e-07,0.3882,0.00348475
8.03713,0.21076,0.384987,-0.174227,-0.00502682,-0,-2.90929e-06,-6.44822e-07,0.386529,0.00348822
8.04299,0.354846,0.383335,-0.0284896,-0.00502131,-0,-2.90597e-06,-6.44253e-07,0.384869,0.00349169
8.04885,0.171949,0.381693,-0.209743,-0.00501582,-0,-2.90265e-06,-6.43686e-07,0.383217,0.00349515
8.05471,0.167705,0.380059,-0.212354,-0.00501033,-0,-2.89933e-06,-6.43119e-07,0.381574,0.00349861
8.06058,0.409198,0.378435,0.0307632,-0.00500486,-0,-2.89603e-06,-6.42553e-07,0.379941,0.00350206
8.06644,0.258293,0.37682,-0.118527,-0.0049994,-0,-2.89273e-06,-6.41988e-07,0.378317,0.00350551
8.0723,0.338224,0.375214,-0.0369898,-0.00499395,-0,-2.88944e-06,-6.41424e-07,0.376702,0.00350894
8.07816,0.391321,0.373617,0.0177041,-0.00498851,-0,-2.88616e-06,-6.40861e-07,0.375096,0.00351238
8.08403,0.275441,0.372029,-0.0965878,-0.00498308,-0,-2.88288e-06,-6.40299e-07,0.373499,0.0035158
8.08989,0.179571,0.370449,-0.190878,-0.00497767,-0,-2.87961e-06,-6.39738e-07,0.371911,0.00351923
8.09575,0.456949,0.368879,0.0880698,-0.00497227,-0,-2.87635e-06,-6.39178e-07,0.370332,0.00352264
8.10161,0.339897,0.367317,-0.0274199,-0.00496688,-0,-2.8731e-06,-6.38619e-07,0.368761,0.00352605
8.10747,0.406351,0.365764,0.0405875,-0.0049615,-0,-2.86985e-06,-6.3806e-07,0.367199,0.00352945
8.11334,0.303251,0.364219,-0.0609684,-0.00495613,-0,-2.86661e-06,-6.37503e-07,0.365646,0.00353285
8.1192,0.378661,0.362683,0.0159782,-0.00495078,-0,-2.86338e-06,-6.36947e-07,0.364101,0.00353624
8.12506,0.23998,0.361156,-0.121176,-0.00494543,-0,-2.86015e-06,-6.36392e-07,0.362565,0.00353963
8.13092,0.191408,0.359637,-0.168229,-0.0049401,-0,-2.85693e-06,-6.35838e-07,0.361037,0.00354301
8.13679,0.207199,0.358126,-0.150927,-0.00493478,-0,-2.85372e-06,-6.35284e-07,0.359518,0.00354638
8.14265,0.250816,0.356624,-0.105808,-0.00492947,-0,-2.85052e-06,-6.34732e-07,0.358007,0.00354975
8.14851,0.262859,0.355129,-0.0922703,-0.00492417,-0,-2.84732e-06,-6.3418e-07,0.356504,0.00355311
8.15437,0.293881,0.353643,-0.0597621,-0.00491889,-0,-2.84413e-06,-6.3363e-07,0.355009,0.00355647
8.16023,0.375094,0.352166,0.0229288,-0.00491361,-0,-2.84095e-06,-6.3308e-07,0.353523,0.00355982
8.1661,0.305826,0.350696,-0.0448694,-0.00490835,-0,-2.83777e-06,-6.32532e-07,0.352045,0.00356317
8.17196,0.424546,0.349234,0.0753117,-0.00490309,-0,-2.8346e-06,-6.31984e-07,0.350574,0.00356651
8.17782,0.306532,0.34778,-0.0412482,-0.00489785,-0,-2.83144e-06,-6.31437e-07,0.349112,0.00356984
8.18368,0.396752,0.346334,0.0504177,-0.00489262,-0,-2.82828e-06,-6.30891e-07,0.347657,0.00357317
8.18955,0.484819,0.344896,0.139923,-0.0048874,-0,-2.82513e-06,-6.30347e-07,0.346211,0.00357649
8.19541,0.551261,0.343466,0.207795,-0.0048822,-0,-2.82199e-06,-6.29803e-07,0.344772,0.0035798
8.20127,0.214032,0.342044,-0.128012,-0.004877,-0,-2.81885e-06,-6.2926e-07,0.343341,0.00358311
8.20713,0.466587,0.340629,0.125959,-0.00487181,-0,-2.81573e-06,-6.28717e-07,0.341918,0.00358642
8.21299,0.207976,0.339222,-0.131245,-0.00486664,-0,-2.8126e-06,-6.28176e-07,0.340502,0.00358972
8.21886,0.433564,0.337822,0.0957421,-0.00486148,-0,-2.80949e-06,-6.27636e-07,0.339094,0.00359301
8.22472,0.363525,0.33643,0.0270953,-0.00485632,-0,-2.80638e-06,-6.27097e-07,0.337693,0.0035963
8.23058,0.376379,0.335045,0.0413333,-0.00485118,-0,-2.80328e-06,-6.26558e-07,0.3363,0.00359958
8.23644,0.255387,0.333668,-0.0782813,-0.00484605,-0,-2.80018e-06,-6.26021e-07,0.334915,0.00360285
8.24231,0.397792,0.332298,0.0654938,-0.00484093,-0,-2.79709e-06,-6.25484e-07,0.333536,0.00360612
8.24817,0.415803,0.330936,0.0848668,-0.00483582,-0,-2.79401e-06,-6.24948e-07,0.332166,0.00360938
8.25403,0.301882,0.329581,-0.0276987,-0.00483072,-0,-2.79094e-06,-6.24414e-07,0.330802,0.00361264
8.25989,0.260744,0.328232,-0.0674885,-0.00482563,-0,-2.78787e-06,-6.2388e-07,0.329446,0.00361589
8.26575,0.388236,0.326892,0.0613448,-0.00482056,-0,-2.78481e-06,-6.23347e-07,0.328096,0.00361914
8.27162,0.442307,0.325558,0.116749,-0.00481549,-0,-2.78175e-06,-6.22815e-07,0.326754,0.00362238
8.27748,0.43245,0.324231,0.108218,-0.00481044,-0,-2.7787e-06,-6.22283e-07,0.32542,0.00362561
8.28334,0.318808,0.322912,-0.00410406,-0.00480539,-0,-2.77566e-06,-6.21753e-07,0.324092,0.00362884
8.2892,0.320502,0.321599,-0.00109701,-0.00480036,-0,-2.77262e-06,-6.21224e-07,0.322771,0.00363206
8.29507,0.409437,0.320293,0.0891433,-0.00479533,-0,-2.76959e-06,-6.20695e-07,0.321457,0.00363528
8.30093,0.425578,0.318994,0.106584,-0.00479032,-0,-2.76657e-06,-6.20168e-07,0.32015,0.00363849
8.30679,0.457333,0.317702,0.139631,-0.00478532,-0,-2.76355e-06,-6.19641e-07,0.318849,0.00364169
8.31265,0.371811,0.316417,0.055394,-0.00478032,-0,-2.76054e-06,-6.19115e-07,0.317556,0.00364489
8.31851,0.264486,0.315139,-0.0506529,-0.00477534,-0,-2.75754e-06,-6.1859e-07,0.316269,0.00364808
8.32438,0.326233,0.313867,0.0123657,-0.00477037,-0,-2.75454e-06,-6.18066e-07,0.314989,0.00365127
8.33024,0.359512,0.312602,0.0469099,-0.00476541,-0,-2.75155e-06,-6.17543e-07,0.313716,0.00365445
8.3361,0.274581,0.311343,-0.0367622,-0.00476046,-0,-2.74856e-06,-6.1702e-07,0.31245,0.00365763
8.34196,0.341871,0.310091,0.0317796,-0.00475552,-0,-2.74559e-06,-6.16499e-07,0.31119,0.0036608
8.34783,0.238385,0.308846,-0.0704606,-0.00475059,-0,-2.74261e-06,-6.15978e-07,0.309936,0.00366396
8.35369,0.311039,0.307607,0.00343182,-0.00474567,-0,-2.73965e-06,-6.15458e-07,0.308689,0.00366712
8.35955,0.249681,0.306375,-0.0566935,-0.00474076,-0,-2.73669e-06,-6.1494e-07,0.307448,0.00367027
8.36541,0.490221,0.305148,0.185072,-0.00473586,-0,-2.73373e-06,-6.14422e-07,0.306214,0.00367341
8.37128,0.473203,0.303929,0.169274,-0.00473097,-0,-2.73079e-06,-6.13904e-07,0.304986,0.00367655
8.37714,0.378591,0.302715,0.0758757,-0.00472609,-0,-2.72785e-06,-6.13388e-07,0.303765,0.00367969
8.383,0.198917,0.301508,-0.102591,-0.00472122,-0,-2.72491e-06,-6.12873e-07,0.30255,0.00368282
8.38886,0.152286,0.300307,-0.148021,-0.00471636,-0,-2.72198e-06,-6.12358e-07,0.301341,0.00368594
8.39472,0.321422,0.299112,0.0223101,-0.00471151,-0,-2.71906e-06,-6.11844e-07,0.300138,0.00368906
8.40059,0.290274,0.297924,-0.00764981,-0.00470667,-0,-2.71614e-06,-6.11332e-07,0.298941,0.00369217
8.40645,0.323939,0.296741,0.0271979,-0.00470184,-0,-2.71323e-06,-6.1082e-07,0.297751,0.00369527
8.41231,0.153382,0.295565,-0.142182,-0.00469703,-0,-2.71033e-06,-6.10308e-07,0.296567,0.00369837
8.41817,0.108179,0.294394,-0.186215,-0.00469222,-0,-2.70743e-06,-6.09798e-07,0.295388,0.00370146
8.42404,0.24843,0.29323,-0.0448,-0.00468742,-0,-2.70454e-06,-6.09289e-07,0.294216,0.00370455
8.4299,0.258845,0.292071,-0.0332259,-0.00468263,-0,-2.70165e-06,-6.0878e-07,0.293049,0.00370763
8.43576,0.153842,0.290918,-0.137077,-0.00467785,-0,-2.69877e-06,-6.08272e-07,0.291889,0.00371071
8.44162,0.172384,0.289772,-0.117388,-0.00467308,-0,-2.6959e-06,-6.07765e-07,0.290734,0.00371378
8.44748,0.328405,0.288631,0.0397748,-0.00466832,-0,-2.69303e-06,-6.07259e-07,0.289585,0.00371684
8.45335,0.258046,0.287495,-0.0294496,-0.00466357,-0,-2.69017e-06,-6.06754e-07,0.288442,0.0037199
8.45921,0.332538,0.286366,0.0461721,-0.00465883,-0,-2.68731e-06,-6.06249e-07,0.287305,0.00372295
8.46507,0.456914,0.285242,0.171672,-0.00465409,-0,-2.68446e-06,-6.05746e-07,0.286174,0.003726
8.47093,0.367964,0.284124,0.0838396,-0.00464937,-0,-2.68162e-06,-6.05243e-07,0.285048,0.00372904
8.4768,0.320591,0.283012,0.0375788,-0.00464466,-0,-2.67878e-06,-6.04741e-07,0.283928,0.00373208
8.48266,0.236535,0.281905,-0.0453698,-0.00463996,-0,-2.67594e-06,-6.0424e-07,0.282813,0.0037351
8.48852,0.383553,0.280804,0.102749,-0.00463527,-0,-2.67312e-06,-6.03739e-07,0.281704,0.00373813
8.49438,0.17284,0.279708,-0.106868,-0.00463058,-0,-2.6703e-06,-6.0324e-07,0.280601,0.00374114
8.50024,0.141919,0.278618,-0.136699,-0.00462591,-0,-2.66748e-06,-6.02741e-07,0.279503,0.00374416
8.50611,0.234982,0.277533,-0.0425506,-0.00462125,-0,-2.66467e-06,-6.02243e-07,0.27841,0.00374716
8.51197,0.123281,0.276454,-0.153173,-0.00461659,-0,-2.66187e-06,-6.01746e-07,0.277323,0.00375016
8.51783,0.3232,0.27538,0.0478199,-0.00461195,-0,-2.65907e-06,-6.0125e-07,0.276242,0.00375315
8.52369,0.22923,0.274311,-0.0450807,-0.00460731,-0,-2.65628e-06,-6.00754e-07,0.275166,0.00375614
8.52956,0.310448,0.273248,0.0372,-0.00460268,-0,-2.65349e-06,-6.0026e-07,0.274095,0.00375912
8.53542,0.254035,0.27219,-0.0181545,-0.00459807,-0,-2.65071e-06,-5.99766e-07,0.273029,0.0037621
8.54128,0.241847,0.271137,-0.0292903,-0.00459346,-0,-2.64794e-06,-5.99273e-07,0.271969,0.00376507
8.54714,0.262837,0.27009,-0.00725292,-0.00458886,-0,-2.64517e-06,-5.98781e-07,0.270914,0.00376804
8.553,0.079781,0.269047,-0.189266,-0.00458427,-0,-2.6424e-06,-5.98289e-07,0.269864,0.00377099
8.55887,0.107594,0.26801,-0.160416,-0.00457969,-0,-2.63964e-06,-5.97799e-07,0.268819,0.00377395
8.56473,0.173928,0.266978,-0.0930499,-0.00457512,-0,-2.63689e-06,-5.97309e-07,0.26778,0.00377689
8.57059,0.450165,0.265951,0.184213,-0.00457056,-0,-2.63415e-06,-5.9682e-07,0.266745,0.00377983
8.57645,0.398102,0.264929,0.133173,-0.004566,-0,-2.6314e-06,-5.96331e-07,0.265716,0.00378277
8.58232,0.37315,0.263912,0.109238,-0.00456146,-0,-2.62867e-06,-5.95844e-07,0.264691,0.0037857
8.58818,0.196893,0.2629,-0.0660077,-0.00455693,-0,-2.62594e-06,-5.95357e-07,0.263672,0.00378862
8.59404,0.327516,0.261893,0.0656223,-0.0045524,-0,-2.62321e-06,-5.94871e-07,0.262658,0.00379154
8.5999,0.39966,0.260891,0.138768,-0.00454788,-0,-2.6205e-06,-5.94386e-07,0.261648,0.00379445
8.60576,0.37358,0.259894,0.113685,-0.00454338,-0,-2.61778e-06,-5.93902e-07,0.260644,0.00379736
8.61163,0.543685,0.258902,0.284783,-0.00453888,-0,-2.61507e-06,-5.93418e-07,0.259644,0.00380026
8.61749,0.215041,0.257915,-0.0428737,-0.00453439,-0,-2.61237e-06,-5.92936e-07,0.258649,0.00380315
8.62335,0.141677,0.256932,-0.115255,-0.00452991,-0,-2.60967e-06,-5.92454e-07,0.257659,0.00380604
8.62921,0.196517,0.255954,-0.0594376,-0.00452544,-0,-2.60698e-06,-5.91972e-07,0.256674,0.00380892
8.63508,0.144353,0.254981,-0.110628,-0.00452097,-0,-2.6043e-06,-5.91492e-07,0.255694,0.0038118
8.64094,0.226037,0.254013,-0.0279757,-0.00451652,-0,-2.60162e-06,-5.91012e-07,0.254718,0.00381467
8.6468,0.294594,0.253049,0.0415444,-0.00451207,-0,-2.59894e-06,-5.90533e-07,0.253747,0.00381754
8.65266,0.263587,0.25209,0.0114971,-0.00450764,-0,-2.59627e-06,-5.90055e-07,0.252781,0.00382039
8.65852,0.264499,0.251136,0.013363,-0.00450321,-0,-2.59361e-06,-5.89578e-07,0.251819,0.00382325
8.66439,0.293133,0.250186,0.0429468,-0.00449879,-0,-2.59095e-06,-5.89101e-07,0.250862,0.0038261
8.67025,0.336305,0.249241,0.0870644,-0.00449438,-0,-2.58829e-06,-5.88625e-07,0.24991,0.00382894
8.67611,0.211709,0.2483,-0.0365909,-0.00448998,-0,-2.58564e-06,-5.8815e-07,0.248962,0.00383177
8.68197,0.172791,0.247364,-0.0745736,-0.00448559,-0,-2.583e-06,-5.87676e-07,0.248018,0.0038346
8.68784,0.338109,0.246432,0.0916767,-0.0044812,-0,-2.58036e-06,-5.87202e-07,0.247079,0.00383743
8.6937,0.240857,0.245505,-0.00464805,-0.00447683,-0,-2.57773e-06,-5.86729e-07,0.246145,0.00384024
8.69956,0.163986,0.244583,-0.0805969,-0.00447246,-0,-2.5751e-06,-5.86257e-07,0.245215,0.00384306
8.70542,0.246788,0.243664,0.00312412,-0.0044681,-0,-2.57248e-06,-5.85786e-07,0.24429,0.00384586
8.71128,0.210329,0.24275,-0.0324215,-0.00446375,-0,-2.56986e-06,-5.85315e-07,0.243368,0.00384866
8.71715,0.243696,0.241841,0.00185537,-0.00445941,-0,-2.56725e-06,-5.84846e-07,0.242452,0.00385146
8.72301,0.235596,0.240935,-0.00533922,-0.00445508,-0,-2.56465e-06,-5.84377e-07,0.241539,0.00385425
8.72887,0.298927,0.240034,0.0588923,-0.00445075,-0,-2.56204e-06,-5.83908e-07,0.240631,0.00385703
8.73473,0.344267,0.239138,0.105129,-0.00444644,-0,-2.55945e-06,-5.83441e-07,0.239727,0.00385981
8.7406,0.190844,0.238245,-0.0474017,-0.00444213,-0,-2.55686e-06,-5.82974e-07,0.238828,0.00386258
8.74646,0.107403,0.237357,-0.129954,-0.00443783,-0,-2.55427e-06,-5.82508e-07,0.237933,0.00386534
8.75232,0.349947,0.236473,0.113474,-0.00443354,-0,-2.55169e-06,-5.82042e-07,0.237042,0.0038681
8.75818,0.204435,0.235593,-0.031158,-0.00442926,-0,-2.54911e-06,-5.81578e-07,0.236155,0.00387086
8.76404,0.0775215,0.234717,-0.157196,-0.00442498,-0,-2.54654e-06,-5.81114e-07,0.235272,0.0038736
8.76991,0.00586436,0.233846,-0.227981,-0.00442072,-0,-2.54398e-06,-5.80651e-07,0.234393,0.00387635
8.77577,0.161251,0.232978,-0.0717268,-0.00441646,-0,-2.54142e-06,-5.80188e-07,0.233519,0.00387908
8.78163,0.149256,0.232115,-0.0828586,-0.00441221,-0,-2.53886e-06,-5.79726e-07,0.232648,0.00388181
8.78749,0.0318024,0.231255,-0.199453,-0.00440797,-0,-2.53631e-06,-5.79266e-07,0.231782,0.00388454
8.79336,0.0802534,0.2304,-0.150147,-0.00440374,-0,-2.53377e-06,-5.78805e-07,0.23092,0.00388726
8.79922,0.0835276,0.229549,-0.146021,-0.00439951,-0,-2.53123e-06,-5.78346e-07,0.230061,0.00388997
8.80508,0.279967,0.228701,0.0512655,-0.00439529,-0,-2.52869e-06,-5.77887e-07,0.229207,0.00389268
8.81094,0.265679,0.227858,0.0378211,-0.00439109,-0,-2.52616e-06,-5.77429e-07,0.228357,0.00389538
8.81681,0.237213,0.227018,0.0101943,-0.00438689,-0,-2.52364e-06,-5.76971e-07,0.22751,0.00389807
8.82267,0.107973,0.226183,-0.11821,-0.00438269,-0,-2.52111e-06,-5.76515e-07,0.226668,0.00390076
8.82853,0.172565,0.225351,-0.0527864,-0.00437851,-0,-2.5186e-06,-5.76059e-07,0.225829,0.00390344
8.83439,0.271796,0.224523,0.0472731,-0.00437433,-0,-2.51609e-06,-5.75604e-07,0.224995,0.00390612
8.84025,0.252947,0.223699,0.0292481,-0.00437017,-0,-2.51358e-06,-5.75149e-07,0.224164,0.00390879
8.84612,0.332293,0.222879,0.109414,-0.00436601,-0,-2.51108e-06,-5.74695e-07,0.223337,0.00391146
8.85198,0.262185,0.222063,0.0401227,-0.00436185,-0,-2.50859e-06,-5.74242e-07,0.222514,0.00391412
8.85784,0.299195,0.22125,0.0779448,-0.00435771,-0,-2.5061e-06,-5.7379e-07,0.221694,0.00391677
8.8637,0.287279,0.220441,0.0668374,-0.00435357,-0,-2.50361e-06,-5.73338e-07,0.220878,0.00391942
8.86957,0.185458,0.219636,-0.0341785,-0.00434944,-0,-2.50113e-06,-5.72887e-07,0.220066,0.00392206
8.87543,0.335985,0.218835,0.11715,-0.00434532,-0,-2.49865e-06,-5.72437e-07,0.219258,0.0039247
8.88129,0.287557,0.218037,0.0695199,-0.00434121,-0,-2.49618e-06,-5.71987e-07,0.218454,0.00392733
8.88715,0.316594,0.217243,0.0993514,-0.00433711,-0,-2.49371e-06,-5.71538e-07,0.217653,0.00392996
8.89301,0.144576,0.216452,-0.0718757,-0.00433301,-0,-2.49125e-06,-5.7109e-07,0.216856,0.00393258
8.89888,0.0903937,0.215665,-0.125272,-0.00432892,-0,-2.48879e-06,-5.70643e-07,0.216062,0.00393519
8.90474,0.160005,0.214882,-0.054877,-0.00432484,-0,-2.48634e-06,-5.70196e-07,0.215272,0.0039378
8.9106,0.120694,0.214102,-0.0934082,-0.00432076,-0,-2.48389e-06,-5.6975e-07,0.214486,0.0039404
8.91646,0.244273,0.213326,0.0309465,-0.0043167,-0,-2.48145e-06,-5.69304e-07,0.213703,0.00394299
8.92233,0.26074,0.212553,0.0481862,-0.00431264,-0,-2.47901e-06,-5.6886e-07,0.212924,0.00394558
8.92819,0.343067,0.211784,0.131283,-0.00430859,-0,-2.47658e-06,-5.68416e-07,0.212148,0.00394817
8.93405,0.306452,0.211019,0.0954335,-0.00430455,-0,-2.47415e-06,-5.67972e-07,0.211376,0.00395074
8.93991,0.131042,0.210257,-0.079215,-0.00430051,-0,-2.47172e-06,-5.6753e-07,0.210607,0.00395332
8.94577,0.276077,0.209498,0.066579,-0.00429648,-0,-2.4693e-06,-5.67088e-07,0.209842,0.00395588
8.95164,0.166634,0.208743,-0.0421091,-0.00429246,-0,-2.46689e-06,-5.66646e-07,0.20908,0.00395844
8.9575,0.125302,0.207991,-0.0826892,-0.00428845,-0,-2.46448e-06,-5.66206e-07,0.208321,0.003961
8.96336,0.188281,0.207242,-0.0189618,-0.00428445,-0,-2.46207e-06,-5.65766e-07,0.207566,0.00396355
8.96922,0.199895,0.206497,-0.00660245,-0.00428045,-0,-2.45967e-06,-5.65327e-07,0.206815,0.00396609
8.97509,0.302626,0.205755,0.0968701,-0.00427646,-0,-2.45727e-06,-5.64888e-07,0.206066,0.00396863
8.98095,0.503633,0.205017,0.298615,-0.00427248,-0,-2.45488e-06,-5.6445e-07,0.205321,0.00397116
8.98681,0.334215,0.204282,0.129933,-0.0042685,-0,-2.4525e-06,-5.64013e-07,0.20458,0.00397368
8.99267,0.381207,0.20355,0.177657,-0.00426453,-0,-2.45011e-06,-5.63576e-07,0.203842,0.0039762
8.99853,0.235939,0.202822,0.0331173,-0.00426057,-0,-2.44773e-06,-5.6314e-07,0.203107,0.00397872
9.0044,0.24413,0.202096,0.0420334,-0.00425662,-0,-2.44536e-06,-5.62705e-07,0.202375,0.00398122
9.01026,0.164641,0.201374,-0.0367331,-0.00425268,-0,-2.44299e-06,-5.62271e-07,0.201646,0.00398373
9.01612,0.149307,0.200656,-0.0513484,-0.00424874,-0,-2.44063e-06,-5.61837e-07,0.200921,0.00398622
9.02198,0.312608,0.19994,0.112668,-0.00424481,-0,-2.43827e-06,-5.61403e-07,0.200199,0.00398871
9.02785,0.27623,0.199228,0.0770023,-0.00424088,-0,-2.43591e-06,-5.60971e-07,0.19948,0.0039912
9.03371,0.264144,0.198518,0.0656257,-0.00423697,-0,-2.43356e-06,-5.60539e-07,0.198765,0.00399368
9.03957,0.141191,0.197812,-0.0566208,-0.00423306,-0,-2.43121e-06,-5.60108e-07,0.198052,0.00399615
9.04543,0.343065,0.197109,0.145956,-0.00422916,-0,-2.42887e-06,-5.59677e-07,0.197343,0.00399861
9.05129,0.223318,0.196409,0.0269089,-0.00422526,-0,-2.42653e-06,-5.59247e-07,0.196637,0.00400108
9.05716,0.141848,0.195713,-0.0538644,-0.00422138,-0,-2.4242e-06,-5.58818e-07,0.195933,0.00400353
9.06302,0.177099,0.195019,-0.0179199,-0.0042175,-0,-2.42187e-06,-5.58389e-07,0.195233,0.00400598
9.06888,0.253246,0.194328,0.0589174,-0.00421362,-0,-2.41954e-06,-5.57961e-07,0.194536,0.00400842
9.07474,0.282794,0.193641,0.0891534,-0.00420976,-0,-2.41722e-06,-5.57534e-07,0.193843,0.00401086
9.08061,0.3599,0.192956,0.166944,-0.0042059,-0,-2.41491e-06,-5.57107e-07,0.193152,0.00401329
9.08647,0.141443,0.192275,-0.0508315,-0.00420205,-0,-2.4126e-06,-5.56681e-07,0.192464,0.00401572
9.09233,0.135517,0.191596,-0.0560788,-0.00419821,-0,-2.41029e-06,-5.56256e-07,0.191779,0.00401814
9.09819,0.322898,0.19092,0.131978,-0.00419437,-0,-2.40799e-06,-5.55831e-07,0.191097,0.00402055
9.10405,0.446599,0.190248,0.256351,-0.00419054,-0,-2.40569e-06,-5.55407e-07,0.190418,0.00402296
9.10992,0.206861,0.189578,0.017283,-0.00418672,-0,-2.40339e-06,-5.54983e-07,0.189742,0.00402536
9.11578,0.185182,0.188911,-0.00372956,-0.0041829,-0,-2.4011e-06,-5.54561e-07,0.18907,0.00402776
9.12164,0.0402293,0.188248,-0.148018,-0.00417909,-0,-2.39882e-06,-5.54138e-07,0.188399,0.00403015
9.1275,0.0650496,0.187587,-0.122537,-0.00417529,-0,-2.39654e-06,-5.53717e-07,0.187732,0.00403254
9.13337,0.0663208,0.186929,-0.120608,-0.00417149,-0,-2.39426e-06,-5.53296e-07,0.187068,0.00403491
9.13923,0.140604,0.186273,-0.0456697,-0.00416771,-0,-2.39199e-06,-5.52876e-07,0.186407,0.00403729
9.14509,0.0588493,0.185621,-0.126772,-0.00416393,-0,-2.38972e-06,-5.52456e-07,0.185748,0.00403965
9.15095,0.235918,0.184971,0.0509466,-0.00416015,-0,-2.38745e-06,-5.52037e-07,0.185093,0.00404202
9.15681,0.194535,0.184325,0.0102105,-0.00415638,-0,-2.38519e-06,-5.51619e-07,0.18444,0.00404437
9.16268,0.163042,0.183681,-0.0206391,-0.00415262,-0,-2.38294e-06,-5.51201e-07,0.18379,0.00404672
9.16854,0.265007,0.18304,0.0819678,-0.00414887,-0,-2.38068e-06,-5.50784e-07,0.183142,0.00404907
9.1744,0.182028,0.182401,-0.000373249,-0.00414512,-0,-2.37844e-06,-5.50367e-07,0.182498,0.0040514
9.18026,0.064027,0.181766,-0.117739,-0.00414138,-0,-2.37619e-06,-5.49951e-07,0.181856,0.00405374
9.18613,0.148903,0.181133,-0.0322301,-0.00413765,-0,-2.37395e-06,-5.49536e-07,0.181217,0.00405606
9.19199,0.377969,0.180503,0.197466,-0.00413392,-0,-2.37172e-06,-5.49121e-07,0.180581,0.00405838
9.19785,0.249141,0.179875,0.0692662,-0.00413021,-0,-2.36949e-06,-5.48707e-07,0.179948,0.0040607
9.20371,0.250389,0.17925,0.0711386,-0.00412649,-0,-2.36726e-06,-5.48294e-07,0.179317,0.00406301
9.20957,0.181777,0.178628,0.00314874,-0.00412279,-0,-2.36504e-06,-5.47881e-07,0.178689,0.00406531
9.21544,0.158622,0.178009,-0.019387,-0.00411909,-0,-2.36282e-06,-5.47469e-07,0.178063,0.00406761
9.2213,0.220183,0.177392,0.0427906,-0.00411539,-0,-2.3606e-06,-5.47057e-07,0.17744,0.0040699
9.22716,-0.0615498,0.176778,-0.238328,-0.00411171,-0,-2.35839e-06,-5.46646e-07,0.17682,0.00407218
9.23302,-0.0127828,0.176166,-0.188949,-0.00410803,-0,-2.35619e-06,-5.46236e-07,0.176203,0.00407446
9.23889,0.0628375,0.175557,-0.11272,-0.00410436,-0,-2.35398e-06,-5.45826e-07,0.175588,0.00407673
9.24475,0.116134,0.174951,-0.0588168,-0.00410069,-0,-2.35179e-06,-5.45417e-07,0.174976,0.004079
9.25061,0.295638,0.174347,0.12129,-0.00409703,-0,-2.34959e-06,-5.45009e-07,0.174366,0.00408126
9.25647,0.444242,0.173746,0.270495,-0.00409338,-0,-2.3474e-06,-5.44601e-07,0.173759,0.00408352
9.26234,0.314943,0.173148,0.141796,-0.00408973,-0,-2.34522e-06,-5.44194e-07,0.173154,0.00408577
9.2682,0.253629,0.172551,0.0810778,-0.00408609,-0,-2.34303e-06,-5.43787e-07,0.172552,0.00408801
9.27406,0.261861,0.171958,0.0899029,-0.00408246,-0,-2.34086e-06,-5.43381e-07,0.171953,0.00409025
9.27992,0.342389,0.171367,0.171022,-0.00407883,-0,-2.33868e-06,-5.42975e-07,0.171356,0.00409249
9.28578,0.129143,0.170778,-0.041635,-0.00407521,-0,-2.33651e-06,-5.4257e-07,0.170762,0.00409471
9.29165,0.111555,0.170192,-0.0586369,-0.0040716,-0,-2.33434e-06,-5.42166e-07,0.17017,0.00409693
9.29751,0.167476,0.169609,-0.00213266,-0.00406799,-0,-2.33218e-06,-5.41762e-07,0.16958,0.00409915
9.30337,0.19742,0.169027,0.0283926,-0.00406439,-0,-2.33002e-06,-5.41359e-07,0.168993,0.00410136
9.30923,-0.0030199,0.168449,-0.171469,-0.0040608,-0,-2.32787e-06,-5.40957e-07,0.168409,0.00410356
9.3151,0.158026,0.167872,-0.00984645,-0.00405721,-0,-2.32572e-06,-5.40555e-07,0.167827,0.00410576
9.32096,0.0138278,0.167298,-0.153471,-0.00405363,-0,-2.32357e-06,-5.40154e-07,0.167247,0.00410795
9.32682,0.194235,0.166727,0.027508,-0.00405005,-0,-2.32143e-06,-5.39753e-07,0.16667,0.00411014
9.33268,0.25562,0.166158,0.0894616,-0.00404648,-0,-2.31929e-06,-5.39353e-07,0.166095,0.00411232
9.33854,-0.022032,0.165591,-0.187623,-0.00404292,-0,-2.31715e-06,-5.38953e-07,0.165523,0.00411449
9.34441,0.157286,0.165027,-0.00774056,-0.00403936,-0,-2.31502e-06,-5.38554e-07,0.164952,0.00411666
9.35027,0.181518,0.164465,0.0170532,-0.00403581,-0,-2.3129e-06,-5.38156e-07,0.164385,0.00411882
9.35613,0.110925,0.163905,-0.0529802,-0.00403227,-0,-2.31077e-06,-5.37758e-07,0.163819,0.00412098
9.36199,0.23867,0.163348,0.0753216,-0.00402873,-0,-2.30865e-06,-5.37361e-07,0.163256,0.00412313
9.36786,0.376639,0.162793,0.213846,-0.0040252,-0,-2.30654e-06,-5.36964e-07,0.162696,0.00412527
9.37372,0.274341,0.16224,0.1121,-0.00402168,-0,-2.30443e-06,-5.36568e-07,0.162137,0.00412741
9.37958,0.0920202,0.16169,-0.0696695,-0.00401816,-0,-2.30232e-06,-5.36173e-07,0.161581,0.00412954
9.38544,0.00376074,0.161142,-0.157381,-0.00401464,-0,-2.30021e-06,-5.35778e-07,0.161027,0.00413167
9.3913,0.00281072,0.160596,-0.157785,-0.00401114,-0,-2.29811e-06,-5.35383e-07,0.160476,0.00413379
9.39717,0.0165967,0.160052,-0.143455,-0.00400764,-0,-2.29602e-06,-5.3499e-07,0.159927,0.00413591
9.40303,0.223989,0.159511,0.0644781,-0.00400414,-0,-2.29392e-06,-5.34597e-07,0.15938,0.00413802
9.40889,0.206348,0.158972,0.0473766,-0.00400066,-0,-2.29183e-06,-5.34204e-07,0.158835,0.00414012
9.41475,0.17073,0.158435,0.0122958,-0.00399717,-0,-2.28975e-06,-5.33812e-07,0.158292,0.00414222
9.42062,0.24527,0.1579,0.0873704,-0.0039937,-0,-2.28767e-06,-5.3342e-07,0.157752,0.00414431
9.42648,0.186009,0.157367,0.0286415,-0.00399023,-0,-2.28559e-06,-5.3303e-07,0.157214,0.0041464
9.43234,0.169408,0.156837,0.0125711,-0.00398677,-0,-2.28351e-06,-5.32639e-07,0.156678,0.00414848
9.4382,0.0807307,0.156309,-0.0755783,-0.00398331,-0,-2.28144e-06,-5.3225e-07,0.156145,0.00415055
9.44406,0.074548,0.155783,-0.081235,-0.00397986,-0,-2.27938e-06,-5.3186e-07,0.155613,0.00415262
9.44993,0.134467,0.155259,-0.0207917,-0.00397641,-0,-2.27731e-06,-5.31472e-07,0.155084,0.00415468
9.45579,0.0379967,0.154737,-0.116741,-0.00397297,-0,-2.27525e-06,-5.31084e-07,0.154556,0.00415674
9.46165,0.277808,0.154218,0.123591,-0.00396954,-0,-2.2732e-06,-5.30696e-07,0.154031,0.00415879
9.46751,0.203222,0.1537,0.0495213,-0.00396611,-0,-2.27115e-06,-5.30309e-07,0.153508,0.00416084
9.47338,0.116566,0.153185,-0.0366188,-0.00396269,-0,-2.2691e-06,-5.29923e-07,0.152988,0.00416288
9.47924,0.235153,0.152672,0.0824815,-0.00395928,-0,-2.26705e-06,-5.29537e-07,0.152469,0.00416491
9.4851,0.0769491,0.152161,-0.0752115,-0.00395587,-0,-2.26501e-06,-5.29152e-07,0.151952,0.00416694
9.49096,0.23042,0.151652,0.0787681,-0.00395246,-0,-2.26297e-06,-5.28767e-07,0.151438,0.00416896
9.49682,0.18356,0.151144,0.0324159,-0.00394907,-0,-2.26094e-06,-5.28383e-07,0.150925,0.00417098
9.50269,0.340052,0.150639,0.189412,-0.00394567,-0,-2.25891e-06,-5.27999e-07,0.150415,0.00417299
9.50855,0.155421,0.150137,0.00528396,-0.00394229,-0,-2.25688e-06,-5.27616e-07,0.149907,0.00417499
9.51441,0.114195,0.149636,-0.0354403,-0.00393891,-0,-2.25486e-06,-5.27234e-07,0.1494,0.00417699
9.52027,0.0589683,0.149137,-0.0901684,-0.00393553,-0,-2.25284e-06,-5.26852e-07,0.148896,0.00417898
9.52614,0.00368951,0.14864,-0.14495,-0.00393217,-0,-2.25082e-06,-5.2647e-07,0.148394,0.00418097
9.532,0.129233,0.148145,-0.0189122,-0.0039288,-0,-2.24881e-06,-5.2609e-07,0.147894,0.00418295
9.53786,0.0420362,0.147652,-0.105616,-0.00392545,-0,-2.2468e-06,-5.25709e-07,0.147395,0.00418492
9.54372,0.146526,0.147161,-0.000635326,-0.0039221,-0,-2.2448e-06,-5.2533e-07,0.146899,0.00418689
9.54958,0.0863862,0.146672,-0.0602861,-0.00391875,-0,-2.24279e-06,-5.2495e-07,0.146405,0.00418886
9.55545,0.229045,0.146185,0.0828597,-0.00391541,-0,-2.2408e-06,-5.24572e-07,0.145913,0.00419081
9.56131,-0.071387,0.1457,-0.217087,-0.00391208,-0,-2.2388e-06,-5.24194e-07,0.145422,0.00419277
9.56717,0.120387,0.145217,-0.0248297,-0.00390875,-0,-2.23681e-06,-5.23816e-07,0.144934,0.00419471
9.57303,0.142461,0.144736,-0.00227516,-0.00390543,-0,-2.23482e-06,-5.23439e-07,0.144448,0.00419665
9.5789,0.144339,0.144257,8.20291e-05,-0.00390211,-0,-2.23284e-06,-5.23062e-07,0.143963,0.00419858
9.58476,0.0842654,0.143779,-0.0595141,-0.0038988,-0,-2.23086e-06,-5.22686e-07,0.143481,0.00420051
9.59062,0.292267,0.143304,0.148963,-0.00389549,-0,-2.22888e-06,-5.22311e-07,0.143,0.00420244
9.59648,0.149156,0.142831,0.00632567,-0.00389219,-0,-2.2269e-06,-5.21936e-07,0.142521,0.00420435
9.60234,0.185386,0.142359,0.0430271,-0.0038889,-0,-2.22493e-06,-5.21562e-07,0.142044,0.00420626
9.60821,0.130442,0.141889,-0.0114472,-0.00388561,-0,-2.22297e-06,-5.21188e-07,0.141569,0.00420817
9.61407,0.104386,0.141421,-0.0370348,-0.00388233,-0,-2.221e-06,-5.20815e-07,0.141096,0.00421007
9.61993,0.13885,0.140955,-0.00210485,-0.00387905,-0,-2.21904e-06,-5.20442e-07,0.140625,0.00421196
9.62579,0.204708,0.140491,0.0642176,-0.00387578,-0,-2.21709e-06,-5.2007e-07,0.140156,0.00421385
9.63166,0.0537966,0.140029,-0.0862319,-0.00387252,-0,-2.21513e-06,-5.19698e-07,0.139688,0.00421573
9.63752,0.0695993,0.139568,-0.0699687,-0.00386925,-0,-2.21318e-06,-5.19327e-07,0.139222,0.0042176
9.64338,-0.0152027,0.139109,-0.154312,-0.003866,-0,-2.21123e-06,-5.18956e-07,0.138758,0.00421947
9.64924,0.130851,0.138652,-0.00780147,-0.00386275,-0,-2.20929e-06,-5.18586e-07,0.138296,0.00422134
9.65511,0.0553234,0.138197,-0.0828738,-0.00385951,-0,-2.20735e-06,-5.18216e-07,0.137836,0.00422319
9.66097,0.042629,0.137744,-0.0951149,-0.00385627,-0,-2.20541e-06,-5.17847e-07,0.137378,0.00422505
9.66683,0.17124,0.137292,0.0339477,-0.00385304,-0,-2.20348e-06,-5.17479e-07,0.136921,0.00422689
9.67269,0.146469,0.136842,0.00962669,-0.00384981,-0,-2.20155e-06,-5.17111e-07,0.136466,0.00422873
9.67855,0.178339,0.136394,0.0419449,-0.00384659,-0,-2.19963e-06,-5.16743e-07,0.136013,0.00423057
9.68442,0.135744,0.135948,-0.000203706,-0.00384337,-0,-2.1977e-06,-5.16376e-07,0.135562,0.0042324
9.69028,0.174921,0.135504,0.039417,-0.00384016,-0,-2.19578e-06,-5.1601e-07,0.135112,0.00423422
9.69614,0.155715,0.135061,0.0206542,-0.00383695,-0,-2.19387e-06,-5.15644e-07,0.134664,0.00423604
9.702,0.0353337,0.13462,-0.0992861,-0.00383375,-0,-2.19195e-06,-5.15278e-07,0.134218,0.00423785
9.70787,0.125134,0.13418,-0.00904625,-0.00383056,-0,-2.19004e-06,-5.14913e-07,0.133774,0.00423965
9.71373,0.0988828,0.133743,-0.0348601,-0.00382737,-0,-2.18814e-06,-5.14549e-07,0.133331,0.00424145
9.71959,0.100625,0.133307,-0.0326815,-0.00382418,-0,-2.18623e-06,-5.14185e-07,0.132891,0.00424324
9.72545,0.150247,0.132873,0.0173746,-0.00382101,-0,-2.18433e-06,-5.13821e-07,0.132451,0.00424503
9.73131,0.0859012,0.13244,-0.0465389,-0.00381783,-0,-2.18243e-06,-5.13459e-07,0.132014,0.00424681
9.73718,0.0178612,0.132009,-0.114148,-0.00381466,-0,-2.18054e-06,-5.13096e-07,0.131578,0.00424859
9.74304,0.21044,0.13158,0.0788596,-0.0038115,-0,-2.17865e-06,-5.12734e-07,0.131144,0.00425036
9.7489,0.330406,0.131152,0.199254,-0.00380834,-0,-2.17676e-06,-5.12373e-07,0.130711,0.00425212
9.75476,0.158356,0.130727,0.027629,-0.00380519,-0,-2.17488e-06,-5.12012e-07,0.130281,0.00425388
9.76063,0.248367,0.130302,0.118065,-0.00380204,-0,-2.173e-06,-5.11652e-07,0.129851,0.00425563
9.76649,0.202593,0.12988,0.0727137,-0.0037989,-0,-2.17112e-06,-5.11292e-07,0.129424,0.00425738
9.77235,0.0908313,0.129459,-0.0386274,-0.00379576,-0,-2.16925e-06,-5.10932e-07,0.128998,0.00425912
9.77821,0.0386225,0.129039,-0.0904169,-0.00379263,-0,-2.16737e-06,-5.10573e-07,0.128574,0.00426086
9.78407,0.0754713,0.128622,-0.0531504,-0.00378951,-0,-2.16551e-06,-5.10215e-07,0.128151,0.00426259
9.78994,0.0720806,0.128206,-0.056125,-0.00378639,-0,-2.16364e-06,-5.09857e-07,0.12773,0.00426431
9.7958,0.0799978,0.127791,-0.0477932,-0.00378327,-0,-2.16178e-06,-5.095e-07,0.127311,0.00426603
9.80166,0.10193,0.127378,-0.0254485,-0.00378016,-0,-2.15992e-06,-5.09143e-07,0.126893,0.00426774
9.80752,0.0124634,0.126967,-0.114503,-0.00377705,-0,-2.15807e-06,-5.08787e-07,0.126477,0.00426944
9.81339,0.175134,0.126557,0.0485769,-0.00377395,-0,-2.15621e-06,-5.08431e-07,0.126062,0.00427114
9.81925,0.0339586,0.126149,-0.0921901,-0.00377086,-0,-2.15437e-06,-5.08075e-07,0.125649,0.00427284
9.82511,-0.00287957,0.125742,-0.128622,-0.00376777,-0,-2.15252e-06,-5.07721e-07,0.125238,0.00427453
9.83097,0.17537,0.125337,0.0500331,-0.00376468,-0,-2.15068e-06,-5.07366e-07,0.124828,0.00427621
9.83683,0.213025,0.124933,0.0880919,-0.0037616,-0,-2.14884e-06,-5.07012e-07,0.12442,0.00427788
9.8427,0.290122,0.124531,0.16559,-0.00375853,-0,-2.147e-06,-5.06659e-07,0.124013,0.00427955
9.84856,0.187524,0.124131,0.0633935,-0.00375546,-0,-2.14517e-06,-5.06306e-07,0.123608,0.00428122
9.85442,0.0822769,0.123732,-0.0414549,-0.0037524,-0,-2.14334e-06,-5.05953e-07,0.123204,0.00428288
9.86028,0.220661,0.123334,0.0973266,-0.00374934,-0,-2.14151e-06,-5.05601e-07,0.122802,0.00428453
9.86615,0.143866,0.122938,0.0209274,-0.00374628,-0,-2.13968e-06,-5.0525e-07,0.122401,0.00428618
9.87201,0.117812,0.122544,-0.0047318,-0.00374323,-0,-2.13786e-06,-5.04899e-07,0.122002,0.00428782
9.87787,0.0409008,0.122151,-0.0812501,-0.00374019,-0,-2.13605e-06,-5.04549e-07,0.121604,0.00428946
9.88373,0.136561,0.121759,0.0148017,-0.00373715,-0,-2.13423e-06,-5.04198e-07,0.121208,0.00429108
9.88959,-0.0984858,0.121369,-0.219855,-0.00373411,-0,-2.13242e-06,-5.03849e-07,0.120813,0.00429271
9.89546,0.105939,0.120981,-0.015042,-0.00373108,-0,-2.13061e-06,-5.035e-07,0.12042,0.00429433
9.90132,-0.0735413,0.120594,-0.194135,-0.00372806,-0,-2.1288e-06,-5.03151e-07,0.120029,0.00429594
9.90718,0.145901,0.120208,0.0256929,-0.00372504,-0,-2.127e-06,-5.02803e-07,0.119638,0.00429754
9.91304,-0.0197645,0.119824,-0.139588,-0.00372202,-0,-2.1252e-06,-5.02456e-07,0.11925,0.00429914
9.91891,0.143217,0.119441,0.0237759,-0.00371901,-0,-2.1234e-06,-5.02108e-07,0.118862,0.00430074
9.92477,0.362451,0.11906,0.243391,-0.00371601,-0,-2.12161e-06,-5.01762e-07,0.118476,0.00430233
9.93063,0.166129,0.11868,0.0474484,-0.00371301,-0,-2.11982e-06,-5.01416e-07,0.118092,0.00430391
9.93649,0.0223981,0.118302,-0.0959036,-0.00371001,-0,-2.11803e-06,-5.0107e-07,0.117709,0.00430549
9.94235,0.275134,0.117925,0.15721,-0.00370702,-0,-2.11625e-06,-5.00725e-07,0.117327,0.00430706
9.94822,0.123633,0.117549,0.00608382,-0.00370404,-0,-2.11446e-06,-5.0038e-07,0.116947,0.00430862
9.95408,0.0138927,0.117175,-0.103282,-0.00370106,-0,-2.11269e-06,-5.00036e-07,0.116568,0.00431018
9.95994,0.206311,0.116802,0.0895087,-0.00369808,-0,-2.11091e-06,-4.99692e-07,0.116191,0.00431174
9.9658,-0.126669,0.116431,-0.2431,-0.00369511,-0,-2.10914e-06,-4.99348e-07,0.115815,0.00431328
9.97167,-0.097191,0.116061,-0.213252,-0.00369214,-0,-2.10737e-06,-4.99006e-07,0.115441,0.00431483
9.97753,-0.072634,0.115692,-0.188326,-0.00368918,-0,-2.1056e-06,-4.98663e-07,0.115067,0.00431636
9.98339,-0.00637352,0.115325,-0.121698,-0.00368623,-0,-2.10383e-06,-4.98321e-07,0.114696,0.00431789
9.98925,-0.113474,0.114959,-0.228433,-0.00368328,-0,-2.10207e-06,-4.9798e-07,0.114325,0.00431942
9.99511,0.125505,0.114594,0.0109113,-0.00368033,-0,-2.10031e-06,-4.97639e-07,0.113956,0.00432093
10.001,0.216021,0.114231,0.10179,-0.00367739,-0,-2.09856e-06,-4.97298e-07,0.113588,0.00432245
10.0068,0.14009,0.113869,0.026221,-0.00367445,-0,-2.09681e-06,-4.96958e-07,0.113222,0.00432395
10.0127,0.0829415,0.113509,-0.0305671,-0.00367152,-0,-2.09506e-06,-4.96618e-07,0.112857,0.00432545
10.0186,-0.0440506,0.113149,-0.1572,-0.00366859,-0,-2.09331e-06,-4.96279e-07,0.112494,0.00432695
10.0244,0.111284,0.112791,-0.00150784,-0.00366566,-0,-2.09157e-06,-4.9594e-07,0.112131,0.00432844
10.0303,0.0462225,0.112435,-0.0662124,-0.00366275,-0,-2.08982e-06,-4.95602e-07,0.11177,0.00432992
10.0362,0.151948,0.11208,0.0398686,-0.00365983,-0,-2.08809e-06,-4.95264e-07,0.111411,0.0043314
10.042,0.221994,0.111726,0.110268,-0.00365692,-0,-2.08635e-06,-4.94927e-07,0.111052,0.00433287
10.0479,0.149944,0.111373,0.0385711,-0.00365402,-0,-2.08462e-06,-4.9459e-07,0.110695,0.00433433
10.0537,-0.0778447,0.111022,-0.188866,-0.00365112,-0,-2.08289e-06,-4.94254e-07,0.11034,0.00433579
10.0596,-0.0341869,0.110672,-0.144859,-0.00364822,-0,-2.08116e-06,-4.93918e-07,0.109985,0.00433725
10.0655,0.198158,0.110323,0.0878354,-0.00364533,-0,-2.07944e-06,-4.93582e-07,0.109632,0.0043387
10.0713,0.163738,0.109975,0.053763,-0.00364245,-0,-2.07772e-06,-4.93247e-07,0.10928,0.00434014
10.0772,0.262449,0.109629,0.15282,-0.00363956,-0,-2.076e-06,-4.92913e-07,0.10893,0.00434158
10.083,-0.056807,0.109284,-0.166091,-0.00363669,-0,-2.07428e-06,-4.92578e-07,0.10858,0.00434301
10.0889,0.0496234,0.108941,-0.0593172,-0.00363382,-0,-2.07257e-06,-4.92245e-07,0.108232,0.00434443
10.0948,0.0752866,0.108598,-0.0333116,-0.00363095,-0,-2.07086e-06,-4.91911e-07,0.107886,0.00434585
10.1006,-0.0554356,0.108257,-0.163692,-0.00362809,-0,-2.06915e-06,-4.91579e-07,0.10754,0.00434726
10.1065,-0.00135567,0.107917,-0.109273,-0.00362523,-0,-2.06745e-06,-4.91246e-07,0.107196,0.00434867
10.1124,0.169406,0.107578,0.0618279,-0.00362237,-0,-2.06575e-06,-4.90914e-07,0.106853,0.00435007
10.1182,0.178791,0.107241,0.0715498,-0.00361952,-0,-2.06405e-06,-4.90583e-07,0.106511,0.00435147
10.1241,0.0786733,0.106904,-0.0282312,-0.00361668,-0,-2.06235e-06,-4.90252e-07,0.106171,0.00435285
10.1299,0.130628,0.106569,0.024059,-0.00361384,-0,-2.06066e-06,-4.89921e-07,0.105832,0.00435424
10.1358,0.228581,0.106236,0.122345,-0.003611,-0,-2.05897e-06,-4.89591e-07,0.105494,0.00435562
10.1417,0.0410703,0.105903,-0.0648327,-0.00360817,-0,-2.05728e-06,-4.89261e-07,0.105157,0.00435699
10.1475,0.115514,0.105572,0.00994222,-0.00360534,-0,-2.05559e-06,-4.88932e-07,0.104821,0.00435835
10.1534,0.209282,0.105241,0.104041,-0.00360252,-0,-2.05391e-06,-4.88603e-07,0.104487,0.00435971
10.1593,0.0719142,0.104912,-0.0329981,-0.0035997,-0,-2.05223e-06,-4.88275e-07,0.104154,0.00436107
10.1651,0.220441,0.104584,0.115856,-0.00359689,-0,-2.05056e-06,-4.87947e-07,0.103822,0.00436242
10.171,0.131989,0.104258,0.0277308,-0.00359408,-0,-2.04888e-06,-4.87619e-07,0.103491,0.00436376
10.1768,0.219707,0.103932,0.115774,-0.00359128,-0,-2.04721e-06,-4.87292e-07,0.103161,0.0043651
10.1827,0.228078,0.103608,0.12447,-0.00358847,-0,-2.04554e-06,-4.86966e-07,0.102833,0.00436643
10.1886,0.167505,0.103285,0.0642198,-0.00358568,-0,-2.04387e-06,-4.86639e-07,0.102505,0.00436775
10.1944,0.0960899,0.102963,-0.00687301,-0.00358289,-0,-2.04221e-06,-4.86314e-07,0.102179,0.00436907
10.2003,0.0397406,0.102642,-0.0629014,-0.0035801,-0,-2.04055e-06,-4.85988e-07,0.101854,0.00437039
10.2062,0.101406,0.102322,-0.000916039,-0.00357732,-0,-2.03889e-06,-4.85663e-07,0.101531,0.00437169
10.212,0.123615,0.102004,0.0216112,-0.00357454,-0,-2.03724e-06,-4.85339e-07,0.101208,0.00437299
10.2179,0.243935,0.101686,0.142249,-0.00357176,-0,-2.03558e-06,-4.85015e-07,0.100886,0.00437429
10.2237,0.137664,0.10137,0.0362937,-0.00356899,-0,-2.03393e-06,-4.84691e-07,0.100566,0.00437558
10.2296,0.147483,0.101055,0.0464282,-0.00356623,-0,-2.03229e-06,-4.84368e-07,0.100247,0.00437686
10.2355,0.27736,0.100741,0.176619,-0.00356347,-0,-2.03064e-06,-4.84045e-07,0.0999288,0.00437814
10.2413,0.186216,0.100428,0.0857879,-0.00356071,-0,-2.029e-06,-4.83723e-07,0.0996119,0.00437942
10.2472,0.171415,0.100116,0.0712984,-0.00355796,-0,-2.02736e-06,-4.83401e-07,0.0992961,0.00438068
10.2531,0.276671,0.0998056,0.176866,-0.00355521,-0,-2.02572e-06,-4.8308e-07,0.0989814,0.00438194
10.2589,0.163274,0.099496,0.0637775,-0.00355247,-0,-2.02409e-06,-4.82758e-07,0.0986678,0.0043832
10.2648,0.158453,0.0991876,0.0592656,-0.00354973,-0,-2.02246e-06,-4.82438e-07,0.0983553,0.00438445
10.2706,0.190782,0.0988802,0.0919022,-0.00354699,-0,-2.02083e-06,-4.82118e-07,0.098044,0.00438569
10.2765,0.117024,0.0985739,0.0184504,-0.00354426,-0,-2.0192e-06,-4.81798e-07,0.0977337,0.00438693
10.2824,-0.000343939,0.0982687,-0.0986126,-0.00354153,-0,-2.01758e-06,-4.81478e-07,0.0974245,0.00438816
10.2882,-0.0690941,0.0979645,-0.167059,-0.00353881,-0,-2.01596e-06,-4.8116e-07,0.0971165,0.00438938
10.2941,0.0303073,0.0976615,-0.0673542,-0.00353609,-0,-2.01434e-06,-4.80841e-07,0.0968095,0.0043906
10.3,0.186551,0.0973595,0.0891911,-0.00353338,-0,-2.01272e-06,-4.80523e-07,0.0965035,0.00439182
10.3058,0.220927,0.0970586,0.123868,-0.00353067,-0,-2.01111e-06,-4.80205e-07,0.0961987,0.00439303
10.3117,0.291501,0.0967587,0.194742,-0.00352796,-0,-2.0095e-06,-4.79888e-07,0.0958949,0.00439423
10.3175,0.243461,0.0964599,0.147001,-0.00352526,-0,-2.00789e-06,-4.79571e-07,0.0955922,0.00439542
10.3234,0.0805382,0.0961621,-0.0156239,-0.00352256,-0,-2.00628e-06,-4.79255e-07,0.0952906,0.00439661
10.3293,-0.0454744,0.0958654,-0.14134,-0.00351987,-0,-2.00468e-06,-4.78939e-07,0.09499,0.0043978
10.3351,0.00607005,0.0955697,-0.0894997,-0.00351718,-0,-2.00308e-06,-4.78623e-07,0.0946904,0.00439898
10.341,0.0452999,0.0952751,-0.0499751,-0.0035145,-0,-2.00148e-06,-4.78308e-07,0.0943919,0.00440015
10.3468,0.0113061,0.0949815,-0.0836754,-0.00351182,-0,-1.99988e-06,-4.77993e-07,0.0940945,0.00440132
10.3527,0.159722,0.0946889,0.0650333,-0.00350914,-0,-1.99829e-06,-4.77679e-07,0.093798,0.00440248
10.3586,0.0405176,0.0943973,-0.0538798,-0.00350647,-0,-1.9967e-06,-4.77365e-07,0.0935027,0.00440363
10.3644,0.135479,0.0941068,0.0413727,-0.0035038,-0,-1.99511e-06,-4.77051e-07,0.0932083,0.00440478
10.3703,0.183001,0.0938173,0.0891838,-0.00350113,-0,-1.99352e-06,-4.76738e-07,0.092915,0.00440593
10.3762,-0.0434984,0.0935288,-0.137027,-0.00349847,-0,-1.99194e-06,-4.76425e-07,0.0926226,0.00440706
10.382,0.0139952,0.0932413,-0.0792461,-0.00349582,-0,-1.99036e-06,-4.76113e-07,0.0923313,0.0044082
10.3879,0.191203,0.0929547,0.0982481,-0.00349316,-0,-1.98878e-06,-4.75801e-07,0.0920411,0.00440932
10.3937,0.204834,0.0926692,0.112165,-0.00349052,-0,-1.9872e-06,-4.7549e-07,0.0917518,0.00441044
10.3996,0.139883,0.0923847,0.0474986,-0.00348787,-0,-1.98563e-06,-4.75178e-07,0.0914635,0.00441156
10.4055,0.00294199,0.0921012,-0.0891592,-0.00348523,-0,-1.98406e-06,-4.74868e-07,0.0911762,0.00441267
10.4113,0.000315683,0.0918186,-0.0915029,-0.0034826,-0,-1.98249e-06,-4.74557e-07,0.0908899,0.00441377
10.4172,0.0746514,0.091537,-0.0168857,-0.00347996,-0,-1.98093e-06,-4.74248e-07,0.0906046,0.00441486
10.4231,0.208725,0.0912564,0.117468,-0.00347734,-0,-1.97936e-06,-4.73938e-07,0.0903203,0.00441596
10.4289,0.175465,0.0909768,0.0844879,-0.00347471,-0,-1.9778e-06,-4.73629e-07,0.0900369,0.00441704
10.4348,0.110019,0.0906982,0.0193206,-0.00347209,-0,-1.97624e-06,-4.7332e-07,0.0897546,0.00441812
10.4406,0.120755,0.0904205,0.0303343,-0.00346948,-0,-1.97469e-06,-4.73012e-07,0.0894732,0.00441919
10.4465,0.175722,0.0901437,0.0855784,-0.00346686,-0,-1.97313e-06,-4.72704e-07,0.0891928,0.00442026
10.4524,-0.0493435,0.0898679,-0.139211,-0.00346426,-0,-1.97158e-06,-4.72397e-07,0.0889133,0.00442132
10.4582,-0.0442947,0.0895931,-0.133888,-0.00346165,-0,-1.97003e-06,-4.72089e-07,0.0886348,0.00442238
10.4641,0.0543744,0.0893192,-0.0349448,-0.00345905,-0,-1.96849e-06,-4.71783e-07,0.0883572,0.00442343
10.47,0.196151,0.0890462,0.107105,-0.00345646,-0,-1.96694e-06,-4.71476e-07,0.0880806,0.00442447
10.4758,0.226119,0.0887742,0.137345,-0.00345386,-0,-1.9654e-06,-4.71171e-07,0.087805,0.00442551
10.4817,0.0576478,0.0885031,-0.0308553,-0.00345127,-0,-1.96386e-06,-4.70865e-07,0.0875303,0.00442654
10.4875,0.0835733,0.088233,-0.00465962,-0.00344869,-0,-1.96232e-06,-4.7056e-07,0.0872565,0.00442757
10.4934,0.0182108,0.0879637,-0.0697529,-0.00344611,-0,-1.96079e-06,-4.70255e-07,0.0869837,0.00442859
10.4993,0.0318119,0.0876954,-0.0558836,-0.00344353,-0,-1.95926e-06,-4.69951e-07,0.0867118,0.0044296
10.5051,0.086681,0.087428,-0.000746992,-0.00344096,-0,-1.95773e-06,-4.69647e-07,0.0864408,0.00443061
10.511,0.0546993,0.0871615,-0.0324622,-0.00343839,-0,-1.9562e-06,-4.69343e-07,0.0861707,0.00443162
10.5169,0.0262007,0.086896,-0.0606952,-0.00343583,-0,-1.95467e-06,-4.6904e-07,0.0859016,0.00443261
10.5227,-0.0403568,0.0866313,-0.126988,-0.00343326,-0,-1.95315e-06,-4.68737e-07,0.0856334,0.00443361
10.5286,-0.100551,0.0863675,-0.186918,-0.00343071,-0,-1.95163e-06,-4.68435e-07,0.085366,0.00443459
10.5344,0.0139334,0.0861046,-0.0721713,-0.00342815,-0,-1.95011e-06,-4.68133e-07,0.0850996,0.00443557
10.5403,0.0847079,0.0858427,-0.00113476,-0.0034256,-0,-1.9486e-06,-4.67831e-07,0.0848341,0.00443654
10.5462,0.146313,0.0855816,0.0607319,-0.00342306,-0,-1.94708e-06,-4.6753e-07,0.0845695,0.00443751
10.552,0.0278419,0.0853214,-0.0574795,-0.00342052,-0,-1.94557e-06,-4.67229e-07,0.0843058,0.00443847
10.5579,0.00113815,0.085062,-0.0839239,-0.00341798,-0,-1.94406e-06,-4.66929e-07,0.084043,0.00443943
10.5638,0.182162,0.0848036,0.0973589,-0.00341544,-0,-1.94256e-06,-4.66629e-07,0.0837811,0.00444038
10.5696,0.155609,0.084546,0.0710628,-0.00341291,-0,-1.94105e-06,-4.66329e-07,0.08352,0.00444133
10.5755,0.192142,0.0842893,0.107853,-0.00341039,-0,-1.93955e-06,-4.6603e-07,0.0832599,0.00444226
10.5813,0.0644719,0.0840335,-0.0195616,-0.00340786,-0,-1.93805e-06,-4.65731e-07,0.0830006,0.0044432
10.5872,0.0120439,0.0837785,-0.0717346,-0.00340534,-0,-1.93655e-06,-4.65432e-07,0.0827422,0.00444412
10.5931,-0.0454304,0.0835244,-0.128955,-0.00340283,-0,-1.93506e-06,-4.65134e-07,0.0824846,0.00444504
10.5989,0.141227,0.0832712,0.0579562,-0.00340032,-0,-1.93356e-06,-4.64836e-07,0.0822279,0.00444596
10.6048,-0.00552778,0.0830188,-0.0885466,-0.00339781,-0,-1.93207e-06,-4.64539e-07,0.0819721,0.00444687
10.6106,-0.106382,0.0827672,-0.189149,-0.0033953,-0,-1.93059e-06,-4.64242e-07,0.0817172,0.00444777
10.6165,-0.0432612,0.0825165,-0.125778,-0.0033928,-0,-1.9291e-06,-4.63945e-07,0.081463,0.00444867
10.6224,0.167354,0.0822667,0.0850873,-0.00339031,-0,-1.92762e-06,-4.63649e-07,0.0812098,0.00444956
10.6282,0.112457,0.0820176,0.0304389,-0.00338781,-0,-1.92613e-06,-4.63353e-07,0.0809574,0.00445045
10.6341,0.115483,0.0817694,0.0337133,-0.00338532,-0,-1.92466e-06,-4.63058e-07,0.0807058,0.00445133
10.64,0.105049,0.0815221,0.0235273,-0.00338284,-0,-1.92318e-06,-4.62762e-07,0.0804551,0.0044522
10.6458,0.0863064,0.0812755,0.00503083,-0.00338036,-0,-1.9217e-06,-4.62468e-07,0.0802052,0.00445307
10.6517,0.0689116,0.0810298,-0.0121182,-0.00337788,-0,-1.92023e-06,-4.62173e-07,0.0799562,0.00445393
10.6575,-0.0541038,0.0807849,-0.134889,-0.0033754,-0,-1.91876e-06,-4.61879e-07,0.0797079,0.00445479
10.6634,0.2008,0.0805409,0.120259,-0.00337293,-0,-1.91729e-06,-4.61586e-07,0.0794605,0.00445564
10.6693,0.104209,0.0802976,0.0239117,-0.00337046,-0,-1.91583e-06,-4.61292e-07,0.079214,0.00445649
10.6751,0.205025,0.0800551,0.12497,-0.003368,-0,-1.91436e-06,-4.60999e-07,0.0789682,0.00445733
10.681,-0.0290766,0.0798135,-0.10889,-0.00336554,-0,-1.9129e-06,-4.60707e-07,0.0787233,0.00445816
10.6869,0.100808,0.0795727,0.021235,-0.00336308,-0,-1.91144e-06,-4.60415e-07,0.0784791,0.00445899
10.6927,-0.0242615,0.0793326,-0.103594,-0.00336063,-0,-1.90999e-06,-4.60123e-07,0.0782358,0.00445981
10.6986,-0.0725897,0.0790934,-0.151683,-0.00335818,-0,-1.90853e-06,-4.59831e-07,0.0779933,0.00446062
10.7044,0.0610972,0.0788549,-0.0177577,-0.00335573,-0,-1.90708e-06,-4.5954e-07,0.0777516,0.00446143
10.7103,0.173794,0.0786173,0.0951771,-0.00335329,-0,-1.90563e-06,-4.5925e-07,0.0775107,0.00446224
10.7162,0.239533,0.0783804,0.161153,-0.00335085,-0,-1.90418e-06,-4.58959e-07,0.0772706,0.00446304
10.722,0.255606,0.0781443,0.177461,-0.00334842,-0,-1.90274e-06,-4.58669e-07,0.0770313,0.00446383
10.7279,0.107745,0.077909,0.0298363,-0.00334599,-0,-1.90129e-06,-4.5838e-07,0.0767927,0.00446461
10.7338,0.163785,0.0776745,0.0861101,-0.00334356,-0,-1.89985e-06,-4.5809e-07,0.076555,0.0044654
10.7396,0.0488399,0.0774407,-0.0286008,-0.00334113,-0,-1.89841e-06,-4.57801e-07,0.076318,0.00446617
10.7455,0.0196828,0.0772077,-0.0575249,-0.00333871,-0,-1.89697e-06,-4.57513e-07,0.0760818,0.00446694
10.7513,0.0854069,0.0769755,0.00843138,-0.0033363,-0,-1.89554e-06,-4.57225e-07,0.0758464,0.0044677
10.7572,0.0705627,0.076744,-0.0061813,-0.00333388,-0,-1.89411e-06,-4.56937e-07,0.0756118,0.00446846
10.7631,0.157974,0.0765133,0.0814607,-0.00333147,-0,-1.89268e-06,-4.5665e-07,0.0753779,0.00446921
10.7689,-0.0710654,0.0762834,-0.147349,-0.00332907,-0,-1.89125e-06,-4.56362e-07,0.0751448,0.00446996
10.7748,0.142551,0.0760542,0.0664968,-0.00332666,-0,-1.88982e-06,-4.56076e-07,0.0749125,0.0044707
10.7807,0.0430411,0.0758258,-0.0327847,-0.00332426,-0,-1.8884e-06,-4.55789e-07,0.0746809,0.00447143
10.7865,0.208938,0.0755981,0.13334,-0.00332187,-0,-1.88697e-06,-4.55503e-07,0.0744501,0.00447216
10.7924,0.226895,0.0753711,0.151524,-0.00331947,-0,-1.88555e-06,-4.55218e-07,0.0742201,0.00447288
10.7982,0.0137163,0.0751449,-0.0614286,-0.00331708,-0,-1.88414e-06,-4.54932e-07,0.0739908,0.0044736
10.8041,0.0544522,0.0749195,-0.0204672,-0.0033147,-0,-1.88272e-06,-4.54647e-07,0.0737622,0.00447431
10.81,0.135811,0.0746947,0.0611167,-0.00331232,-0,-1.88131e-06,-4.54363e-07,0.0735344,0.00447501
10.8158,0.0202081,0.0744707,-0.0542627,-0.00330994,-0,-1.87989e-06,-4.54079e-07,0.0733073,0.00447571
10.8217,-0.00973815,0.0742475,-0.0839856,-0.00330756,-0,-1.87848e-06,-4.53795e-07,0.073081,0.0044764
10.8276,0.0226807,0.074025,-0.0513443,-0.00330519,-0,-1.87708e-06,-4.53511e-07,0.0728554,0.00447709
10.8334,0.132132,0.0738031,0.0583285,-0.00330282,-0,-1.87567e-06,-4.53228e-07,0.0726305,0.00447777
10.8393,0.180315,0.073582,0.106733,-0.00330046,-0,-1.87427e-06,-4.52945e-07,0.0724064,0.00447844
10.8451,0.0681697,0.0733617,-0.00519202,-0.00329809,-0,-1.87287e-06,-4.52663e-07,0.072183,0.00447911
10.851,0.153328,0.073142,0.0801857,-0.00329574,-0,-1.87147e-06,-4.52381e-07,0.0719603,0.00447978
10.8569,0.240063,0.0729231,0.16714,-0.00329338,-0,-1.87007e-06,-4.52099e-07,0.0717383,0.00448043
10.8627,0.213357,0.0727048,0.140652,-0.00329103,-0,-1.86868e-06,-4.51818e-07,0.0715171,0.00448109
10.8686,0.0481316,0.0724873,-0.0243557,-0.00328868,-0,-1.86728e-06,-4.51536e-07,0.0712966,0.00448173
10.8745,-0.0118635,0.0722705,-0.0841339,-0.00328634,-0,-1.86589e-06,-4.51256e-07,0.0710768,0.00448237
10.8803,0.0770822,0.0720544,0.00502786,-0.003284,-0,-1.8645e-06,-4.50975e-07,0.0708577,0.00448301
10.8862,0.154599,0.0718389,0.08276,-0.00328166,-0,-1.86312e-06,-4.50695e-07,0.0706393,0.00448364
10.892,0.140433,0.0716242,0.0688084,-0.00327932,-0,-1.86173e-06,-4.50416e-07,0.0704216,0.00448426
10.8979,0.0587523,0.0714102,-0.0126578,-0.00327699,-0,-1.86035e-06,-4.50136e-07,0.0702046,0.00448487
10.9038,-0.0174594,0.0711968,-0.0886562,-0.00327466,-0,-1.85897e-06,-4.49857e-07,0.0699883,0.00448549
10.9096,0.168312,0.0709841,0.0973276,-0.00327234,-0,-1.85759e-06,-4.49579e-07,0.0697727,0.00448609
10.9155,0.0892131,0.0707722,0.018441,-0.00327002,-0,-1.85621e-06,-4.493e-07,0.0695578,0.00448669
10.9213,0.256665,0.0705609,0.186104,-0.0032677,-0,-1.85484e-06,-4.49022e-07,0.0693436,0.00448728
10.9272,0.0208183,0.0703502,-0.0495319,-0.00326538,-0,-1.85347e-06,-4.48745e-07,0.0691301,0.00448787
10.9331,0.0274028,0.0701403,-0.0427375,-0.00326307,-0,-1.85209e-06,-4.48467e-07,0.0689172,0.00448845
10.9389,-0.000169768,0.069931,-0.0701008,-0.00326077,-0,-1.85073e-06,-4.4819e-07,0.068705,0.00448903
10.9448,0.227267,0.0697224,0.157545,-0.00325846,-0,-1.84936e-06,-4.47914e-07,0.0684936,0.0044896
10.9507,0.237841,0.0695145,0.168327,-0.00325616,-0,-1.848e-06,-4.47638e-07,0.0682828,0.00449016
10.9565,0.0766232,0.0693072,0.00731603,-0.00325386,-0,-1.84663e-06,-4.47362e-07,0.0680726,0.00449072
10.9624,-0.107815,0.0691006,-0.176916,-0.00325157,-0,-1.84527e-06,-4.47086e-07,0.0678632,0.00449127
10.9682,0.12904,0.0688946,0.0601451,-0.00324927,-0,-1.84391e-06,-4.46811e-07,0.0676544,0.00449182
10.9741,0.103027,0.0686893,0.0343373,-0.00324699,-0,-1.84256e-06,-4.46536e-07,0.0674463,0.00449236
10.98,-0.0242695,0.0684847,-0.0927542,-0.0032447,-0,-1.8412e-06,-4.46261e-07,0.0672388,0.00449289
10.9858,-0.0980568,0.0682807,-0.166337,-0.00324242,-0,-1.83985e-06,-4.45987e-07,0.067032,0.00449342
10.9917,0.0601765,0.0680774,-0.0079009,-0.00324014,-0,-1.8385e-06,-4.45713e-07,0.0668258,0.00449394
10.9976,0.0500699,0.0678747,-0.0178047,-0.00323786,-0,-1.83715e-06,-4.4544e-07,0.0666204,0.00449446
11.0034,0.0801147,0.0676726,0.0124421,-0.00323559,-0,-1.8358e-06,-4.45166e-07,0.0664155,0.00449497
11.0093,0.112814,0.0674712,0.0453432,-0.00323332,-0,-1.83446e-06,-4.44894e-07,0.0662113,0.00449548
11.0151,0.0499332,0.0672704,-0.0173372,-0.00323106,-0,-1.83312e-06,-4.44621e-07,0.0660078,0.00449598
11.021,0.0401993,0.0670703,-0.026871,-0.00322879,-0,-1.83178e-06,-4.44349e-07,0.0658049,0.00449647
11.0269,0.125614,0.0668708,0.0587434,-0.00322653,-0,-1.83044e-06,-4.44077e-07,0.0656026,0.00449696
11.0327,0.0781241,0.0666719,0.0114521,-0.00322428,-0,-1.8291e-06,-4.43805e-07,0.065401,0.00449744
11.0386,0.0479124,0.0664737,-0.0185613,-0.00322203,-0,-1.82776e-06,-4.43534e-07,0.0652001,0.00449792
11.0445,0.12568,0.0662761,0.0594042,-0.00321978,-0,-1.82643e-06,-4.43263e-07,0.0649997,0.00449839
11.0503,-0.0992043,0.0660791,-0.165283,-0.00321753,-0,-1.8251e-06,-4.42992e-07,0.0648,0.00449885
11.0562,0.138503,0.0658827,0.0726199,-0.00321529,-0,-1.82377e-06,-4.42722e-07,0.0646009,0.00449931
11.062,0.134141,0.0656869,0.0684542,-0.00321304,-0,-1.82244e-06,-4.42452e-07,0.0644025,0.00449976
11.0679,0.0180397,0.0654918,-0.0474521,-0.00321081,-0,-1.82112e-06,-4.42183e-07,0.0642047,0.00450021
11.0738,0.038903,0.0652973,-0.0263943,-0.00320857,-0,-1.81979e-06,-4.41913e-07,0.0640074,0.00450065
11.0796,0.178209,0.0651033,0.113106,-0.00320634,-0,-1.81847e-06,-4.41644e-07,0.0638109,0.00450109
11.0855,0.15593,0.06491,0.0910196,-0.00320411,-0,-1.81715e-06,-4.41376e-07,0.0636149,0.00450152
11.0914,-0.0718666,0.0647173,-0.136584,-0.00320189,-0,-1.81583e-06,-4.41108e-07,0.0634195,0.00450194
11.0972,-0.0679024,0.0645252,-0.132428,-0.00319967,-0,-1.81452e-06,-4.4084e-07,0.0632248,0.00450236
11.1031,0.0467021,0.0643337,-0.0176316,-0.00319745,-0,-1.81321e-06,-4.40572e-07,0.0630307,0.00450277
11.1089,0.232828,0.0641428,0.168685,-0.00319523,-0,-1.81189e-06,-4.40305e-07,0.0628372,0.00450317
11.1148,0.191817,0.0639525,0.127865,-0.00319302,-0,-1.81058e-06,-4.40038e-07,0.0626442,0.00450357
11.1207,0.0883386,0.0637628,0.0245758,-0.00319081,-0,-1.80927e-06,-4.39771e-07,0.0624519,0.00450397
11.1265,0.130725,0.0635737,0.0671514,-0.00318861,-0,-1.80797e-06,-4.39505e-07,0.0622602,0.00450436
11.1324,0.0900874,0.0633852,0.0267022,-0.0031864,-0,-1.80666e-06,-4.39238e-07,0.0620691,0.00450474
11.1383,0.0476362,0.0631973,-0.0155611,-0.0031842,-0,-1.80536e-06,-4.38973e-07,0.0618786,0.00450512
11.1441,0.0995854,0.0630099,0.0365754,-0.00318201,-0,-1.80406e-06,-4.38707e-07,0.0616887,0.00450549
11.15,-0.123511,0.0628231,-0.186334,-0.00317981,-0,-1.80276e-06,-4.38442e-07,0.0614993,0.00450585
11.1558,0.107651,0.0626369,0.045014,-0.00317762,-0,-1.80146e-06,-4.38178e-07,0.0613106,0.00450621
11.1617,0.132016,0.0624513,0.0695651,-0.00317543,-0,-1.80017e-06,-4.37913e-07,0.0611224,0.00450656
11.1676,0.0467428,0.0622663,-0.0155235,-0.00317325,-0,-1.79887e-06,-4.37649e-07,0.0609349,0.00450691
11.1734,-0.0182476,0.0620818,-0.0803295,-0.00317107,-0,-1.79758e-06,-4.37385e-07,0.0607479,0.00450725
11.1793,-0.0710911,0.0618979,-0.132989,-0.00316889,-0,-1.79629e-06,-4.37122e-07,0.0605615,0.00450759
11.1851,0.0529471,0.0617146,-0.00876757,-0.00316671,-0,-1.795e-06,-4.36858e-07,0.0603756,0.00450792
11.191,0.0783413,0.0615319,0.0168095,-0.00316454,-0,-1.79372e-06,-4.36596e-07,0.0601904,0.00450824
11.1969,0.0885282,0.0613497,0.0271785,-0.00316237,-0,-1.79243e-06,-4.36333e-07,0.0600057,0.00450856
11.2027,0.236744,0.061168,0.175576,-0.0031602,-0,-1.79115e-06,-4.36071e-07,0.0598216,0.00450887
11.2086,-0.0892182,0.060987,-0.150205,-0.00315804,-0,-1.78987e-06,-4.35809e-07,0.0596381,0.00450918
11.2145,-0.0469906,0.0608065,-0.107797,-0.00315588,-0,-1.78859e-06,-4.35547e-07,0.0594551,0.00450948
11.2203,-0.039415,0.0606265,-0.100042,-0.00315372,-0,-1.78732e-06,-4.35286e-07,0.0592727,0.00450977
11.2262,0.125635,0.0604471,0.0651878,-0.00315157,-0,-1.78604e-06,-4.35025e-07,0.0590908,0.00451006
11.232,0.0615888,0.0602683,0.00132048,-0.00314941,-0,-1.78477e-06,-4.34764e-07,0.0589096,0.00451035
11.2379,-0.0231526,0.06009,-0.0832426,-0.00314726,-0,-1.7835e-06,-4.34504e-07,0.0587288,0.00451062
11.2438,0.0601935,0.0599122,0.000281256,-0.00314512,-0,-1.78223e-06,-4.34244e-07,0.0585487,0.00451089
11.2496,0.103862,0.059735,0.0441268,-0.00314298,-0,-1.78096e-06,-4.33984e-07,0.058369,0.00451116
11.2555,0.230941,0.0595584,0.171383,-0.00314084,-0,-1.77969e-06,-4.33725e-07,0.05819,0.00451142
11.2614,0.140524,0.0593822,0.0811418,-0.0031387,-0,-1.77843e-06,-4.33466e-07,0.0580115,0.00451167
11.2672,0.0476126,0.0592066,-0.011594,-0.00313656,-0,-1.77716e-06,-4.33207e-07,0.0578335,0.00451192
11.2731,0.0136952,0.0590316,-0.0453364,-0.00313443,-0,-1.7759e-06,-4.32948e-07,0.0576561,0.00451216
11.2789,-0.025915,0.0588571,-0.084772,-0.0031323,-0,-1.77464e-06,-4.3269e-07,0.0574792,0.0045124
11.2848,0.0851804,0.0586831,0.0264973,-0.00313018,-0,-1.77339e-06,-4.32432e-07,0.0573029,0.00451263
11.2907,0.149537,0.0585097,0.0910274,-0.00312806,-0,-1.77213e-06,-4.32175e-07,0.0571271,0.00451285
11.2965,0.0699901,0.0583367,0.0116533,-0.00312594,-0,-1.77088e-06,-4.31917e-07,0.0569518,0.00451307
11.3024,0.0546472,0.0581644,-0.00351711,-0.00312382,-0,-1.76962e-06,-4.3166e-07,0.0567771,0.00451328
11.3083,0.193206,0.0579925,0.135213,-0.00312171,-0,-1.76837e-06,-4.31404e-07,0.0566029,0.00451349
11.3141,0.113742,0.0578211,0.0559206,-0.0031196,-0,-1.76713e-06,-4.31147e-07,0.0564292,0.00451369
11.32,0.127408,0.0576503,0.0697573,-0.00311749,-0,-1.76588e-06,-4.30891e-07,0.0562561,0.00451389
11.3258,-0.0183974,0.05748,-0.0758774,-0.00311538,-0,-1.76463e-06,-4.30635e-07,0.0560835,0.00451408
11.3317,-0.0168361,0.0573102,-0.0741463,-0.00311328,-0,-1.76339e-06,-4.3038e-07,0.0559114,0.00451426
11.3376,-0.161355,0.0571409,-0.218496,-0.00311118,-0,-1.76215e-06,-4.30125e-07,0.0557399,0.00451444
11.3434,-0.132009,0.0569722,-0.188982,-0.00310908,-0,-1.76091e-06,-4.2987e-07,0.0555688,0.00451461
11.3493,0.0408659,0.0568039,-0.015938,-0.00310699,-0,-1.75967e-06,-4.29615e-07,0.0553983,0.00451477
11.3552,0.175741,0.0566362,0.119105,-0.0031049,-0,-1.75843e-06,-4.29361e-07,0.0552283,0.00451493
11.361,0.0728998,0.0564689,0.0164308,-0.00310281,-0,-1.7572e-06,-4.29107e-07,0.0550589,0.00451509
11.3669,-0.0457147,0.0563022,-0.102017,-0.00310073,-0,-1.75597e-06,-4.28854e-07,0.0548899,0.00451524
11.3727,0.0403181,0.056136,-0.0158179,-0.00309864,-0,-1.75474e-06,-4.286e-07,0.0547214,0.00451538
11.3786,0.165508,0.0559703,0.109538,-0.00309656,-0,-1.75351e-06,-4.28347e-07,0.0545535,0.00451552
11.3845,0.0792318,0.055805,0.0234268,-0.00309449,-0,-1.75228e-06,-4.28094e-07,0.0543861,0.00451565
11.3903,0.155674,0.0556403,0.100033,-0.00309241,-0,-1.75105e-06,-4.27842e-07,0.0542191,0.00451577
11.3962,0.0855853,0.0554761,0.0301092,-0.00309034,-0,-1.74983e-06,-4.2759e-07,0.0540527,0.00451589
11.4021,-0.0460521,0.0553123,-0.101364,-0.00308827,-0,-1.74861e-06,-4.27338e-07,0.0538868,0.004516
11.4079,-0.0549438,0.0551491,-0.110093,-0.00308621,-0,-1.74738e-06,-4.27086e-07,0.0537213,0.00451611
11.4138,0.00385612,0.0549863,-0.0511302,-0.00308415,-0,-1.74617e-06,-4.26835e-07,0.0535564,0.00451621
11.4196,0.261489,0.054824,0.206665,-0.00308209,-0,-1.74495e-06,-4.26584e-07,0.053392,0.00451631
11.4255,0.178148,0.0546622,0.123486,-0.00308003,-0,-1.74373e-06,-4.26333e-07,0.053228,0.0045164
11.4314,0.0751937,0.0545009,0.0206928,-0.00307797,-0,-1.74252e-06,-4.26083e-07,0.0530646,0.00451648
11.4372,0.0942177,0.0543401,0.0398775,-0.00307592,-0,-1.7413e-06,-4.25833e-07,0.0529017,0.00451656
11.4431,0.0924902,0.0541798,0.0383104,-0.00307387,-0,-1.74009e-06,-4.25583e-07,0.0527392,0.00451663
11.4489,0.0298782,0.0540199,-0.0241417,-0.00307183,-0,-1.73888e-06,-4.25333e-07,0.0525772,0.0045167
11.4548,0.0429414,0.0538605,-0.0109192,-0.00306978,-0,-1.73768e-06,-4.25084e-07,0.0524157,0.00451676
11.4607,0.0326492,0.0537016,-0.0210525,-0.00306774,-0,-1.73647e-06,-4.24835e-07,0.0522547,0.00451681
11.4665,0.123739,0.0535432,0.0701956,-0.0030657,-0,-1.73527e-06,-4.24586e-07,0.0520942,0.00451686
11.4724,0.228331,0.0533852,0.174946,-0.00306367,-0,-1.73406e-06,-4.24338e-07,0.0519342,0.0045169
11.4783,0.237689,0.0532277,0.184462,-0.00306164,-0,-1.73286e-06,-4.2409e-07,0.0517746,0.00451694
11.4841,0.084652,0.0530707,0.0315813,-0.00305961,-0,-1.73166e-06,-4.23842e-07,0.0516155,0.00451697
11.49,0.12116,0.0529141,0.0682454,-0.00305758,-0,-1.73047e-06,-4.23595e-07,0.0514569,0.004517
11.4958,0.0111237,0.052758,-0.0416343,-0.00305556,-0,-1.72927e-06,-4.23347e-07,0.0512987,0.00451702
11.5017,-0.0568042,0.0526024,-0.109407,-0.00305353,-0,-1.72808e-06,-4.23101e-07,0.0511411,0.00451703
11.5076,0.0332625,0.0524472,-0.0191847,-0.00305151,-0,-1.72688e-06,-4.22854e-07,0.0509839,0.00451704
11.5134,0.110642,0.0522925,0.0583492,-0.0030495,-0,-1.72569e-06,-4.22608e-07,0.0508271,0.00451704
11.5193,0.0702328,0.0521383,0.0180945,-0.00304748,-0,-1.7245e-06,-4.22361e-07,0.0506709,0.00451704
11.5252,0.142273,0.0519845,0.0902883,-0.00304547,-0,-1.72332e-06,-4.22116e-07,0.0505151,0.00451703
11.531,0.163835,0.0518311,0.112004,-0.00304346,-0,-1.72213e-06,-4.2187e-07,0.0503597,0.00451701
11.5369,0.163502,0.0516782,0.111824,-0.00304146,-0,-1.72094e-06,-4.21625e-07,0.0502049,0.00451699
11.5427,0.0771113,0.0515258,0.0255855,-0.00303946,-0,-1.71976e-06,-4.2138e-07,0.0500504,0.00451696
11.5486,-0.06303,0.0513738,-0.114404,-0.00303746,-0,-1.71858e-06,-4.21135e-07,0.0498965,0.00451693
11.5545,0.193934,0.0512223,0.142711,-0.00303546,-0,-1.7174e-06,-4.20891e-07,0.049743,0.00451689
11.5603,0.0555027,0.0510712,0.00443157,-0.00303346,-0,-1.71622e-06,-4.20647e-07,0.0495899,0.00451684
11.5662,0.12821,0.0509205,0.0772893,-0.00303147,-0,-1.71505e-06,-4.20403e-07,0.0494373,0.00451679
11.5721,0.126671,0.0507703,0.0759012,-0.00302948,-0,-1.71387e-06,-4.2016e-07,0.0492852,0.00451674
11.5779,0.0473468,0.0506205,-0.00327374,-0.00302749,-0,-1.7127e-06,-4.19916e-07,0.0491335,0.00451667
11.5838,0.229034,0.0504712,0.178563,-0.00302551,-0,-1.71153e-06,-4.19673e-07,0.0489822,0.00451661
11.5896,0.17444,0.0503223,0.124118,-0.00302353,-0,-1.71036e-06,-4.19431e-07,0.0488314,0.00451653
11.5955,0.092915,0.0501738,0.0427411,-0.00302155,-0,-1.70919e-06,-4.19188e-07,0.0486811,0.00451645
11.6014,0.0302038,0.0500258,-0.0198221,-0.00301957,-0,-1.70802e-06,-4.18946e-07,0.0485311,0.00451637
11.6072,-0.0407369,0.0498782,-0.0906152,-0.0030176,-0,-1.70685e-06,-4.18704e-07,0.0483817,0.00451627
11.6131,-0.0902875,0.0497311,-0.140019,-0.00301563,-0,-1.70569e-06,-4.18463e-07,0.0482326,0.00451618
11.619,0.0684589,0.0495843,0.0188746,-0.00301366,-0,-1.70453e-06,-4.18221e-07,0.048084,0.00451607
11.6248,0.0203165,0.049438,-0.0291215,-0.00301169,-0,-1.70337e-06,-4.1798e-07,0.0479359,0.00451596
11.6307,0.00462485,0.0492921,-0.0446673,-0.00300973,-0,-1.70221e-06,-4.1774e-07,0.0477881,0.00451585
11.6365,0.0904299,0.0491467,0.0412832,-0.00300777,-0,-1.70105e-06,-4.17499e-07,0.0476408,0.00451573
11.6424,0.035445,0.0490017,-0.0135566,-0.00300581,-0,-1.6999e-06,-4.17259e-07,0.047494,0.0045156
11.6483,0.113322,0.0488571,0.0644652,-0.00300385,-0,-1.69874e-06,-4.17019e-07,0.0473476,0.00451547
11.6541,0.0145398,0.0487129,-0.0341731,-0.0030019,-0,-1.69759e-06,-4.16779e-07,0.0472015,0.00451533
11.66,-0.00378351,0.0485691,-0.0523526,-0.00299995,-0,-1.69644e-06,-4.1654e-07,0.047056,0.00451518
11.6659,0.126438,0.0484257,0.0780126,-0.002998,-0,-1.69529e-06,-4.16301e-07,0.0469108,0.00451503
11.6717,0.0143548,0.0482828,-0.033928,-0.00299605,-0,-1.69414e-06,-4.16062e-07,0.0467661,0.00451488
11.6776,0.102695,0.0481403,0.0545547,-0.00299411,-0,-1.69299e-06,-4.15824e-07,0.0466218,0.00451472
11.6834,0.119187,0.0479982,0.0711884,-0.00299217,-0,-1.69185e-06,-4.15585e-07,0.0464779,0.00451455
11.6893,0.0770016,0.0478565,0.0291452,-0.00299023,-0,-1.6907e-06,-4.15347e-07,0.0463344,0.00451437
11.6952,-0.0926916,0.0477152,-0.140407,-0.0029883,-0,-1.68956e-06,-4.1511e-07,0.0461914,0.0045142
11.701,-0.111128,0.0475743,-0.158702,-0.00298636,-0,-1.68842e-06,-4.14872e-07,0.0460488,0.00451401
11.7069,-0.096405,0.0474338,-0.143839,-0.00298443,-0,-1.68728e-06,-4.14635e-07,0.0459066,0.00451382
11.7128,-0.110277,0.0472938,-0.15757,-0.0029825,-0,-1.68615e-06,-4.14398e-07,0.0457648,0.00451362
11.7186,0.0883582,0.0471541,0.0412041,-0.00298058,-0,-1.68501e-06,-4.14161e-07,0.0456234,0.00451342
11.7245,-0.0156802,0.0470148,-0.0626951,-0.00297866,-0,-1.68387e-06,-4.13925e-07,0.0454824,0.00451321
11.7303,-0.0818848,0.046876,-0.128761,-0.00297674,-0,-1.68274e-06,-4.13689e-07,0.0453418,0.00451299
11.7362,-0.0326024,0.0467375,-0.0793399,-0.00297482,-0,-1.68161e-06,-4.13453e-07,0.0452017,0.00451277
11.7421,0.0207207,0.0465994,-0.0258787,-0.0029729,-0,-1.68048e-06,-4.13218e-07,0.0450619,0.00451255
11.7479,-0.111567,0.0464618,-0.158029,-0.00297099,-0,-1.67935e-06,-4.12982e-07,0.0449225,0.00451232
11.7538,0.0630714,0.0463245,0.0167469,-0.00296908,-0,-1.67823e-06,-4.12747e-07,0.0447836,0.00451208
11.7596,0.126498,0.0461876,0.0803103,-0.00296717,-0,-1.6771e-06,-4.12512e-07,0.044645,0.00451183
11.7655,0.0211026,0.0460511,-0.0249485,-0.00296526,-0,-1.67598e-06,-4.12278e-07,0.0445069,0.00451158
11.7714,0.121722,0.045915,0.0758069,-0.00296336,-0,-1.67485e-06,-4.12044e-07,0.0443692,0.00451133
11.7772,-0.0708686,0.0457793,-0.116648,-0.00296146,-0,-1.67373e-06,-4.1181e-07,0.0442318,0.00451107
11.7831,-0.0342358,0.045644,-0.0798798,-0.00295956,-0,-1.67261e-06,-4.11576e-07,0.0440948,0.0045108
11.789,0.0132736,0.0455091,-0.0322355,-0.00295767,-0,-1.6715e-06,-4.11342e-07,0.0439583,0.00451053
11.7948,0.0494718,0.0453745,0.00409728,-0.00295577,-0,-1.67038e-06,-4.11109e-07,0.0438221,0.00451025
11.8007,0.161806,0.0452403,0.116566,-0.00295388,-0,-1.66926e-06,-4.10876e-07,0.0436863,0.00450996
11.8065,0.0561885,0.0451066,0.011082,-0.00295199,-0,-1.66815e-06,-4.10644e-07,0.043551,0.00450967
11.8124,-0.039662,0.0449732,-0.0846351,-0.00295011,-0,-1.66704e-06,-4.10411e-07,0.043416,0.00450937
11.8183,0.0468719,0.0448401,0.00203176,-0.00294822,-0,-1.66593e-06,-4.10179e-07,0.0432814,0.00450907
11.8241,0.0671395,0.0447075,0.022432,-0.00294634,-0,-1.66482e-06,-4.09947e-07,0.0431471,0.00450876
11.83,0.100654,0.0445752,0.056079,-0.00294446,-0,-1.66371e-06,-4.09716e-07,0.0430133,0.00450845
11.8359,0.0370844,0.0444433,-0.00735897,-0.00294259,-0,-1.66261e-06,-4.09484e-07,0.0428799,0.00450813
11.8417,0.0655867,0.0443118,0.0212749,-0.00294071,-0,-1.6615e-06,-4.09253e-07,0.0427468,0.0045078
11.8476,0.00412098,0.0441807,-0.0400597,-0.00293884,-0,-1.6604e-06,-4.09022e-07,0.0426141,0.00450747
11.8534,0.0922589,0.0440499,0.048209,-0.00293697,-0,-1.6593e-06,-4.08792e-07,0.0424818,0.00450713
11.8593,0.00342619,0.0439195,-0.0404933,-0.00293511,-0,-1.6582e-06,-4.08561e-07,0.0423499,0.00450679
11.8652,-0.019382,0.0437894,-0.0631714,-0.00293324,-0,-1.6571e-06,-4.08331e-07,0.0422183,0.00450644
11.871,0.141685,0.0436598,0.0980251,-0.00293138,-0,-1.656e-06,-4.08102e-07,0.0420871,0.00450608
11.8769,0.00873652,0.0435305,-0.0347939,-0.00292952,-0,-1.6549e-06,-4.07872e-07,0.0419563,0.00450572
11.8828,0.040618,0.0434015,-0.0027835,-0.00292766,-0,-1.65381e-06,-4.07643e-07,0.0418259,0.00450536
11.8886,0.103127,0.0432729,0.0598536,-0.00292581,-0,-1.65272e-06,-4.07414e-07,0.0416958,0.00450498
11.8945,0.0385686,0.0431447,-0.00457617,-0.00292396,-0,-1.65163e-06,-4.07185e-07,0.0415661,0.0045046
11.9003,0.134002,0.0430169,0.0909849,-0.00292211,-0,-1.65053e-06,-4.06956e-07,0.0414368,0.00450422
11.9062,0.0230178,0.0428894,-0.0198716,-0.00292026,-0,-1.64945e-06,-4.06728e-07,0.0413079,0.00450383
11.9121,0.140087,0.0427622,0.097325,-0.00291841,-0,-1.64836e-06,-4.065e-07,0.0411793,0.00450343
11.9179,-0.0670705,0.0426355,-0.109706,-0.00291657,-0,-1.64727e-06,-4.06272e-07,0.0410511,0.00450303
11.9238,-0.110022,0.042509,-0.152531,-0.00291473,-0,-1.64619e-06,-4.06045e-07,0.0409232,0.00450262
11.9297,0.0103205,0.042383,-0.0320625,-0.00291289,-0,-1.64511e-06,-4.05818e-07,0.0407957,0.00450221
11.9355,0.174318,0.0422572,0.132061,-0.00291106,-0,-1.64402e-06,-4.05591e-07,0.0406686,0.00450179
11.9414,0.240588,0.0421319,0.198456,-0.00290922,-0,-1.64294e-06,-4.05364e-07,0.0405418,0.00450136
11.9472,0.0283283,0.0420069,-0.0136786,-0.00290739,-0,-1.64186e-06,-4.05137e-07,0.0404154,0.00450093
11.9531,0.0424656,0.0418822,0.000583362,-0.00290556,-0,-1.64079e-06,-4.04911e-07,0.0402893,0.0045005
11.959,0.00326433,0.0417579,-0.0384936,-0.00290373,-0,-1.63971e-06,-4.04685e-07,0.0401636,0.00450005
11.9648,-0.163507,0.0416339,-0.205141,-0.00290191,-0,-1.63864e-06,-4.0446e-07,0.0400383,0.0044996
11.9707,0.0554718,0.0415103,0.0139615,-0.00290009,-0,-1.63756e-06,-4.04234e-07,0.0399133,0.00449915
11.9766,0.0178728,0.041387,-0.0235143,-0.00289827,-0,-1.63649e-06,-4.04009e-07,0.0397886,0.00449869
11.9824,0.170325,0.0412641,0.129061,-0.00289645,-0,-1.63542e-06,-4.03784e-07,0.0396644,0.00449822
11.9883,0.113559,0.0411415,0.0724175,-0.00289464,-0,-1.63435e-06,-4.03559e-07,0.0395404,0.00449775
11.9941,0.0204735,0.0410192,-0.0205457,-0.00289282,-0,-1.63328e-06,-4.03335e-07,0.0394168,0.00449727
12,-0.0225403,0.0408973,-0.0634377,-0.00289101,-0,-1.63222e-06,-4.0311e-07,0.0392936,0.00449679
