ppm,observed,fitted,residual,component_EGDA,component_EGMA,component_EG,component_AcOH,component_exchange_pool,component_baseline
0,0.405546,0.379506,0.0260398,0.0124898,0,4.58875e-06,1.12223e-05,0.374189,-0.00718836
0.00586224,0.216797,0.38034,-0.163543,0.012526,0,4.59708e-06,1.12607e-05,0.374973,-0.00717512
0.0117245,0.253283,0.381177,-0.127894,0.0125624,0,4.60544e-06,1.12994e-05,0.37576,-0.00716189
0.0175867,0.40184,0.382016,0.0198239,0.0125991,0,4.61383e-06,1.13383e-05,0.37655,-0.00714866
0.0234489,0.449316,0.382859,0.0664565,0.012636,0,4.62224e-06,1.13774e-05,0.377343,-0.00713544
0.0293112,0.443609,0.383705,0.0599046,0.0126731,0,4.63069e-06,1.14168e-05,0.378138,-0.00712223
0.0351734,0.44606,0.384554,0.0615068,0.0127104,0,4.63917e-06,1.14565e-05,0.378936,-0.00710903
0.0410357,0.337772,0.385405,-0.0476331,0.012748,0,4.64768e-06,1.14965e-05,0.379737,-0.00709584
0.0468979,0.381533,0.38626,-0.00472682,0.0127858,0,4.65622e-06,1.15367e-05,0.380541,-0.00708265
0.0527601,0.292018,0.387118,-0.0950998,0.0128238,0,4.66479e-06,1.15772e-05,0.381347,-0.00706947
0.0586224,0.298718,0.387979,-0.0892611,0.0128621,0,4.67339e-06,1.16179e-05,0.382157,-0.0070563
0.0644846,0.294092,0.388843,-0.0947511,0.0129006,0,4.68203e-06,1.1659e-05,0.382969,-0.00704313
0.0703468,0.29986,0.38971,-0.0898494,0.0129393,0,4.69069e-06,1.17003e-05,0.383784,-0.00702997
0.0762091,0.348915,0.39058,-0.0416653,0.0129783,0,4.69939e-06,1.17419e-05,0.384602,-0.00701682
0.0820713,0.37485,0.391453,-0.0166038,0.0130175,0,4.70812e-06,1.17839e-05,0.385423,-0.00700368
0.0879336,0.328952,0.39233,-0.063378,0.013057,0,4.71688e-06,1.1826e-05,0.386247,-0.00699054
0.0937958,0.492713,0.393209,0.0995035,0.0130967,0,4.72567e-06,1.18685e-05,0.387074,-0.00697741
0.099658,0.39772,0.394092,0.00362762,0.0131367,0,4.7345e-06,1.19113e-05,0.387903,-0.00696429
0.10552,0.55723,0.394978,0.162252,0.013177,0,4.74336e-06,1.19544e-05,0.388736,-0.00695118
0.111383,0.555116,0.395867,0.159249,0.0132174,0,4.75225e-06,1.19978e-05,0.389571,-0.00693807
0.117245,0.346547,0.39676,-0.0502129,0.0132582,0,4.76117e-06,1.20415e-05,0.39041,-0.00692497
0.123107,0.482048,0.397656,0.0843926,0.0132992,0,4.77013e-06,1.20855e-05,0.391251,-0.00691188
0.128969,0.308042,0.398555,-0.0905125,0.0133405,0,4.77912e-06,1.21298e-05,0.392096,-0.0068988
0.134831,0.524039,0.399457,0.124583,0.013382,0,4.78814e-06,1.21744e-05,0.392944,-0.00688572
0.140694,0.483953,0.400362,0.0835904,0.0134238,0,4.7972e-06,1.22194e-05,0.393794,-0.00687265
0.146556,0.348074,0.401271,-0.053197,0.0134659,0,4.80629e-06,1.22646e-05,0.394648,-0.00685959
0.152418,0.195042,0.402184,-0.207142,0.0135083,0,4.81542e-06,1.23102e-05,0.395505,-0.00684653
0.15828,0.318018,0.403099,-0.0850814,0.0135509,0,4.82458e-06,1.23562e-05,0.396365,-0.00683349
0.164143,0.265705,0.404018,-0.138313,0.0135938,0,4.83377e-06,1.24024e-05,0.397228,-0.00682045
0.170005,0.480732,0.40494,0.0757911,0.013637,0,4.843e-06,1.2449e-05,0.398094,-0.00680742
0.175867,0.32554,0.405866,-0.0803264,0.0136805,0,4.85226e-06,1.2496e-05,0.398963,-0.00679439
0.181729,0.374896,0.406795,-0.0318993,0.0137243,0,4.86156e-06,1.25432e-05,0.399835,-0.00678137
0.187592,0.45792,0.407728,0.0501916,0.0137683,0,4.87089e-06,1.25908e-05,0.400711,-0.00676836
0.193454,0.438206,0.408664,0.029542,0.0138127,0,4.88026e-06,1.26388e-05,0.401589,-0.00675536
0.199316,0.456323,0.409604,0.0467197,0.0138573,0,4.88966e-06,1.26871e-05,0.402471,-0.00674236
0.205178,0.414402,0.410547,0.00385484,0.0139023,0,4.8991e-06,1.27358e-05,0.403356,-0.00672938
0.211041,0.493609,0.411493,0.082116,0.0139476,0,4.90858e-06,1.27849e-05,0.404245,-0.0067164
0.216903,0.362354,0.412444,-0.0500897,0.0139931,0,4.91809e-06,1.28343e-05,0.405136,-0.00670342
0.222765,0.46475,0.413397,0.0513523,0.014039,0,4.92764e-06,1.28841e-05,0.406031,-0.00669046
0.228627,0.329365,0.414355,-0.0849893,0.0140852,0,4.93723e-06,1.29342e-05,0.406929,-0.0066775
0.234489,0.419211,0.415315,0.00389602,0.0141317,0,4.94685e-06,1.29848e-05,0.40783,-0.00666455
0.240352,0.323007,0.41628,-0.0932732,0.0141785,0,4.95651e-06,1.30357e-05,0.408735,-0.0066516
0.246214,0.382778,0.417248,-0.0344703,0.0142257,0,4.9662e-06,1.3087e-05,0.409643,-0.00663867
0.252076,0.475571,0.41822,0.0573514,0.0142731,0,4.97594e-06,1.31387e-05,0.410554,-0.00662574
0.257938,0.565067,0.419195,0.145871,0.014321,0,4.98571e-06,1.31908e-05,0.411469,-0.00661282
0.263801,0.307017,0.420175,-0.113157,0.0143691,0,4.99552e-06,1.32433e-05,0.412387,-0.0065999
0.269663,0.327348,0.421158,-0.0938095,0.0144176,0,5.00536e-06,1.32962e-05,0.413309,-0.006587
0.275525,0.314587,0.422144,-0.107557,0.0144664,0,5.01525e-06,1.33495e-05,0.414234,-0.0065741
0.281387,0.517037,0.423135,0.0939022,0.0145155,0,5.02517e-06,1.34032e-05,0.415162,-0.0065612
0.28725,0.382978,0.424129,-0.0411511,0.014565,0,5.03514e-06,1.34573e-05,0.416094,-0.00654832
0.293112,0.491113,0.425127,0.0659859,0.0146149,0,5.04514e-06,1.35119e-05,0.417029,-0.00653544
0.298974,0.409523,0.426129,-0.0166055,0.0146651,0,5.05518e-06,1.35669e-05,0.417968,-0.00652257
0.304836,0.298563,0.427134,-0.128571,0.0147157,0,5.06526e-06,1.36223e-05,0.41891,-0.00650971
0.310699,0.411999,0.428144,-0.016145,0.0147666,0,5.07538e-06,1.36781e-05,0.419855,-0.00649686
0.316561,0.329185,0.429157,-0.0999725,0.0148179,0,5.08554e-06,1.37344e-05,0.420805,-0.00648401
0.322423,0.480816,0.430175,0.0506412,0.0148696,0,5.09574e-06,1.37912e-05,0.421757,-0.00647117
0.328285,0.536152,0.431196,0.104956,0.0149217,0,5.10598e-06,1.38484e-05,0.422714,-0.00645834
0.334148,0.600876,0.432221,0.168655,0.0149741,0,5.11626e-06,1.3906e-05,0.423674,-0.00644551
0.34001,0.400309,0.433251,-0.0329412,0.0150269,0,5.12658e-06,1.39642e-05,0.424637,-0.00643269
0.345872,0.584291,0.434284,0.150008,0.0150801,0,5.13695e-06,1.40228e-05,0.425604,-0.00641988
0.351734,0.583082,0.435321,0.147761,0.0151337,0,5.14735e-06,1.40818e-05,0.426575,-0.00640708
0.357596,0.323849,0.436362,-0.112514,0.0151877,0,5.1578e-06,1.41414e-05,0.42755,-0.00639428
0.363459,0.623869,0.437408,0.186461,0.0152421,0,5.16828e-06,1.42014e-05,0.428528,-0.00638149
0.369321,0.66469,0.438457,0.226233,0.0152969,0,5.17881e-06,1.42619e-05,0.42951,-0.00636871
0.375183,0.421495,0.439511,-0.0180163,0.0153521,0,5.18939e-06,1.43229e-05,0.430495,-0.00635594
0.381045,0.477876,0.440569,0.0373074,0.0154077,0,5.2e-06,1.43845e-05,0.431485,-0.00634317
0.386908,0.338313,0.441631,-0.103317,0.0154637,0,5.21066e-06,1.44465e-05,0.432478,-0.00633041
0.39277,0.410825,0.442697,-0.0318719,0.0155202,0,5.22136e-06,1.45091e-05,0.433475,-0.00631766
0.398632,0.463445,0.443767,0.0196779,0.0155771,0,5.2321e-06,1.45721e-05,0.434475,-0.00630492
0.404494,0.520769,0.444842,0.0759268,0.0156344,0,5.24289e-06,1.46357e-05,0.43548,-0.00629218
0.410357,0.402907,0.445921,-0.0430131,0.0156922,0,5.25372e-06,1.46999e-05,0.436488,-0.00627945
0.416219,0.443349,0.447004,-0.00365473,0.0157504,0,5.2646e-06,1.47646e-05,0.4375,-0.00626673
0.422081,0.371107,0.448091,-0.0769837,0.015809,0,5.27551e-06,1.48298e-05,0.438516,-0.00625402
0.427943,0.473943,0.449183,0.0247598,0.0158681,0,5.28648e-06,1.48956e-05,0.439536,-0.00624131
0.433806,0.532073,0.450279,0.0817934,0.0159277,0,5.29749e-06,1.49619e-05,0.44056,-0.00622861
0.439668,0.494575,0.45138,0.0431949,0.0159877,0,5.30854e-06,1.50288e-05,0.441588,-0.00621592
0.44553,0.585506,0.452485,0.133021,0.0160482,0,5.31964e-06,1.50963e-05,0.442619,-0.00620323
0.451392,0.576525,0.453594,0.122931,0.0161092,0,5.33079e-06,1.51644e-05,0.443655,-0.00619055
0.457255,0.538478,0.454708,0.0837699,0.0161707,0,5.34198e-06,1.52331e-05,0.444695,-0.00617788
0.463117,0.602264,0.455827,0.146437,0.0162326,0,5.35322e-06,1.53024e-05,0.445739,-0.00616522
0.468979,0.395744,0.45695,-0.0612053,0.0162951,0,5.3645e-06,1.53722e-05,0.446786,-0.00615257
0.474841,0.448204,0.458077,-0.00987287,0.016358,0,5.37583e-06,1.54427e-05,0.447838,-0.00613992
0.480703,0.301185,0.459209,-0.158025,0.0164215,0,5.38721e-06,1.55138e-05,0.448894,-0.00612728
0.486566,0.423172,0.460346,-0.0371742,0.0164854,0,5.39864e-06,1.55856e-05,0.449954,-0.00611464
0.492428,0.417991,0.461487,-0.0434965,0.0165499,0,5.41011e-06,1.5658e-05,0.451018,-0.00610202
0.49829,0.539467,0.462633,0.076834,0.0166149,0,5.42164e-06,1.5731e-05,0.452087,-0.0060894
0.504152,0.457169,0.463784,-0.00661477,0.0166804,0,5.43321e-06,1.58047e-05,0.453159,-0.00607679
0.510015,0.414643,0.46494,-0.0502961,0.0167465,0,5.44482e-06,1.5879e-05,0.454236,-0.00606419
0.515877,0.454123,0.4661,-0.0119771,0.0168131,0,5.45649e-06,1.5954e-05,0.455317,-0.00605159
0.521739,0.463276,0.467265,-0.00398845,0.0168803,0,5.46821e-06,1.60297e-05,0.456402,-0.006039
0.527601,0.527856,0.468435,0.0594213,0.016948,0,5.47998e-06,1.61061e-05,0.457491,-0.00602642
0.533464,0.417179,0.469609,-0.0524304,0.0170163,0,5.49179e-06,1.61832e-05,0.458585,-0.00601385
0.539326,0.325812,0.470789,-0.144977,0.0170852,0,5.50366e-06,1.6261e-05,0.459683,-0.00600128
0.545188,0.290589,0.471973,-0.181384,0.0171546,0,5.51558e-06,1.63395e-05,0.460785,-0.00598872
0.55105,0.539444,0.473163,0.0662815,0.0172246,0,5.52754e-06,1.64188e-05,0.461892,-0.00597617
0.556913,0.387473,0.474357,-0.0868844,0.0172952,0,5.53956e-06,1.64987e-05,0.463003,-0.00596362
0.562775,0.41798,0.475556,-0.0575764,0.0173664,0,5.55163e-06,1.65795e-05,0.464119,-0.00595109
0.568637,0.367526,0.476761,-0.109235,0.0174383,0,5.56376e-06,1.6661e-05,0.465239,-0.00593856
0.574499,0.540561,0.47797,0.0625907,0.0175107,0,5.57593e-06,1.67432e-05,0.466363,-0.00592603
0.580362,0.457043,0.479185,-0.0221418,0.0175838,0,5.58816e-06,1.68262e-05,0.467492,-0.00591352
0.586224,0.601887,0.480404,0.121482,0.0176575,0,5.60044e-06,1.69101e-05,0.468625,-0.00590101
0.592086,0.463987,0.481629,-0.0176417,0.0177318,0,5.61277e-06,1.69947e-05,0.469763,-0.00588851
0.597948,0.517958,0.482859,0.0350987,0.0178068,0,5.62516e-06,1.70801e-05,0.470906,-0.00587602
0.60381,0.578527,0.484094,0.094433,0.0178824,0,5.6376e-06,1.71664e-05,0.472053,-0.00586353
0.609673,0.617366,0.485335,0.132031,0.0179587,0,5.65009e-06,1.72535e-05,0.473204,-0.00585106
0.615535,0.426146,0.486581,-0.0604347,0.0180357,0,5.66264e-06,1.73414e-05,0.474361,-0.00583859
0.621397,0.447601,0.487832,-0.0402304,0.0181134,0,5.67525e-06,1.74302e-05,0.475521,-0.00582612
0.627259,0.482042,0.489088,-0.00704614,0.0181918,0,5.68791e-06,1.75199e-05,0.476687,-0.00581367
0.633122,0.3283,0.49035,-0.16205,0.0182708,0,5.70062e-06,1.76105e-05,0.477857,-0.00580122
0.638984,0.522854,0.491618,0.0312362,0.0183506,0,5.71339e-06,1.77019e-05,0.479032,-0.00578878
0.644846,0.551817,0.49289,0.0589262,0.0184311,0,5.72622e-06,1.77943e-05,0.480212,-0.00577634
0.650708,0.572713,0.494169,0.0785445,0.0185123,0,5.7391e-06,1.78876e-05,0.481397,-0.00576392
0.656571,0.400362,0.495453,-0.0950904,0.0185943,0,5.75204e-06,1.79818e-05,0.482586,-0.0057515
0.662433,0.498452,0.496742,0.00171037,0.018677,0,5.76504e-06,1.8077e-05,0.48378,-0.00573909
0.668295,0.552649,0.498037,0.0546124,0.0187605,0,5.7781e-06,1.81731e-05,0.484979,-0.00572668
0.674157,0.625846,0.499338,0.126509,0.0188448,0,5.79121e-06,1.82702e-05,0.486183,-0.00571429
0.68002,0.502354,0.500644,0.00170941,0.0189298,0,5.80438e-06,1.83683e-05,0.487392,-0.0057019
0.685882,0.579428,0.501956,0.0774713,0.0190157,0,5.81761e-06,1.84674e-05,0.488606,-0.00568952
0.691744,0.724895,0.503274,0.22162,0.0191023,0,5.83091e-06,1.85676e-05,0.489825,-0.00567714
0.697606,0.543171,0.504598,0.038573,0.0191898,0,5.84426e-06,1.86688e-05,0.491048,-0.00566478
0.703468,0.491836,0.505927,-0.0140912,0.0192781,0,5.85767e-06,1.8771e-05,0.492277,-0.00565242
0.709331,0.485675,0.507263,-0.0215882,0.0193672,0,5.87114e-06,1.88743e-05,0.493511,-0.00564006
0.715193,0.3746,0.508604,-0.134004,0.0194572,0,5.88467e-06,1.89787e-05,0.49475,-0.00562772
0.721055,0.448768,0.509952,-0.0611832,0.019548,0,5.89826e-06,1.90841e-05,0.495994,-0.00561538
0.726917,0.659618,0.511305,0.148313,0.0196398,0,5.91192e-06,1.91907e-05,0.497243,-0.00560305
0.73278,0.482885,0.512664,-0.0297792,0.0197324,0,5.92564e-06,1.92985e-05,0.498498,-0.00559073
0.738642,0.500249,0.51403,-0.0137812,0.0198259,0,5.93942e-06,1.94074e-05,0.499757,-0.00557841
0.744504,0.637613,0.515402,0.122211,0.0199203,0,5.95326e-06,1.95174e-05,0.501022,-0.00556611
0.750366,0.620304,0.516779,0.103525,0.0200157,0,5.96717e-06,1.96287e-05,0.502292,-0.00555381
0.756229,0.584322,0.518163,0.0661585,0.020112,0,5.98114e-06,1.97411e-05,0.503567,-0.00554151
0.762091,0.521433,0.519554,0.00187894,0.0202093,0,5.99517e-06,1.98548e-05,0.504848,-0.00552923
0.767953,0.524293,0.52095,0.00334279,0.0203075,0,6.00927e-06,1.99698e-05,0.506134,-0.00551695
0.773815,0.538102,0.522353,0.0157489,0.0204068,0,6.02344e-06,2.0086e-05,0.507425,-0.00550468
0.779678,0.607078,0.523763,0.0833147,0.020507,0,6.03767e-06,2.02035e-05,0.508722,-0.00549241
0.78554,0.571307,0.525179,0.0461278,0.0206082,0,6.05196e-06,2.03223e-05,0.510024,-0.00548016
0.791402,0.64293,0.526601,0.116329,0.0207105,0,6.06633e-06,2.04424e-05,0.511332,-0.00546791
0.797264,0.400813,0.52803,-0.127217,0.0208138,0,6.08076e-06,2.05639e-05,0.512645,-0.00545567
0.803127,0.582512,0.529466,0.0530466,0.0209182,0,6.09526e-06,2.06867e-05,0.513964,-0.00544343
0.808989,0.510851,0.530908,-0.0200571,0.0210237,0,6.10982e-06,2.0811e-05,0.515288,-0.00543121
0.814851,0.541424,0.532357,0.0090674,0.0211302,0,6.12445e-06,2.09367e-05,0.516618,-0.00541899
0.820713,0.510577,0.533812,-0.0232353,0.0212379,0,6.13916e-06,2.10638e-05,0.517954,-0.00540678
0.826575,0.602893,0.535275,0.0676188,0.0213467,0,6.15393e-06,2.11924e-05,0.519295,-0.00539457
0.832438,0.559952,0.536744,0.0232085,0.0214567,0,6.16877e-06,2.13224e-05,0.520642,-0.00538238
0.8383,0.618243,0.53822,0.0800233,0.0215678,0,6.18368e-06,2.1454e-05,0.521995,-0.00537019
0.844162,0.501987,0.539703,-0.0377156,0.0216801,0,6.19867e-06,2.15872e-05,0.523353,-0.005358
0.850024,0.561941,0.541193,0.0207481,0.0217936,0,6.21372e-06,2.17219e-05,0.524717,-0.00534583
0.855887,0.678863,0.54269,0.136173,0.0219083,0,6.22885e-06,2.18582e-05,0.526087,-0.00533366
0.861749,0.704372,0.544194,0.160178,0.0220243,0,6.24405e-06,2.19961e-05,0.527463,-0.0053215
0.867611,0.574455,0.545706,0.0287497,0.0221416,0,6.25932e-06,2.21357e-05,0.528845,-0.00530935
0.873473,0.583634,0.547224,0.0364097,0.0222601,0,6.27466e-06,2.22769e-05,0.530233,-0.0052972
0.879336,0.539217,0.54875,-0.00953305,0.0223799,0,6.29008e-06,2.24199e-05,0.531626,-0.00528507
0.885198,0.550555,0.550283,0.000272152,0.0225011,0,6.30557e-06,2.25646e-05,0.533026,-0.00527294
0.89106,0.567961,0.551824,0.0161372,0.0226236,0,6.32114e-06,2.2711e-05,0.534432,-0.00526081
0.896922,0.686809,0.553372,0.133437,0.0227475,0,6.33679e-06,2.28593e-05,0.535844,-0.0052487
0.902785,0.664378,0.554927,0.109451,0.0228727,0,6.35251e-06,2.30094e-05,0.537262,-0.00523659
0.908647,0.741301,0.55649,0.18481,0.0229994,0,6.3683e-06,2.31614e-05,0.538686,-0.00522449
0.914509,0.772803,0.558061,0.214742,0.0231276,0,6.38418e-06,2.33153e-05,0.540116,-0.00521239
0.920371,0.519421,0.559639,-0.0402182,0.0232572,0,6.40013e-06,2.34711e-05,0.541553,-0.00520031
0.926234,0.592877,0.561226,0.0316513,0.0233883,0,6.41616e-06,2.36288e-05,0.542995,-0.00518823
0.932096,0.545024,0.562819,-0.0177955,0.0235209,0,6.43226e-06,2.37886e-05,0.544445,-0.00517616
0.937958,0.421651,0.564421,-0.14277,0.023655,0,6.44845e-06,2.39504e-05,0.5459,-0.00516409
0.94382,0.436301,0.566031,-0.12973,0.0237907,0,6.46472e-06,2.41143e-05,0.547362,-0.00515204
0.949682,0.496159,0.567649,-0.0714902,0.023928,0,6.48107e-06,2.42804e-05,0.54883,-0.00513999
0.955545,0.72,0.569274,0.150726,0.024067,0,6.4975e-06,2.44485e-05,0.550305,-0.00512795
0.961407,0.639129,0.570908,0.0682208,0.0242076,0,6.51401e-06,2.46189e-05,0.551786,-0.00511591
0.967269,0.590377,0.572551,0.0178264,0.0243498,0,6.5306e-06,2.47915e-05,0.553273,-0.00510389
0.973131,0.591717,0.574201,0.0175157,0.0244938,0,6.54728e-06,2.49664e-05,0.554767,-0.00509187
0.978994,0.525533,0.57586,-0.0503262,0.0246395,0,6.56404e-06,2.51437e-05,0.556268,-0.00507985
0.984856,0.593615,0.577527,0.0160886,0.024787,0,6.58088e-06,2.53233e-05,0.557776,-0.00506785
0.990718,0.590417,0.579202,0.0112148,0.0249363,0,6.59781e-06,2.55053e-05,0.55929,-0.00505585
0.99658,0.445997,0.580887,-0.13489,0.0250875,0,6.61482e-06,2.56898e-05,0.560811,-0.00504386
1.00244,0.507226,0.582579,-0.0753535,0.0252405,0,6.63192e-06,2.58768e-05,0.562338,-0.00503188
1.0083,0.892337,0.584281,0.308056,0.0253954,0,6.64911e-06,2.60664e-05,0.563873,-0.00501991
1.01417,0.752833,0.585991,0.166841,0.0255523,0,6.66638e-06,2.62586e-05,0.565414,-0.00500794
1.02003,0.643776,0.587711,0.0560656,0.0257111,0,6.68374e-06,2.64534e-05,0.566962,-0.00499598
1.02589,0.68401,0.589439,0.0945711,0.025872,0,6.7012e-06,2.6651e-05,0.568517,-0.00498402
1.03175,0.543442,0.591176,-0.0477338,0.0260349,0,6.71874e-06,2.68513e-05,0.570079,-0.00497208
1.03762,0.602308,0.592922,0.00938551,0.0261999,0,6.73637e-06,2.70545e-05,0.571649,-0.00496014
1.04348,0.695102,0.594678,0.100424,0.0263671,0,6.75409e-06,2.72606e-05,0.573225,-0.00494821
1.04934,0.491189,0.596442,-0.105253,0.0265364,0,6.7719e-06,2.74696e-05,0.574808,-0.00493629
1.0552,0.513054,0.598216,-0.0851625,0.0267079,0,6.7898e-06,2.76816e-05,0.576398,-0.00492437
1.06106,0.552268,0.6,-0.0477323,0.0268817,0,6.8078e-06,2.78967e-05,0.577996,-0.00491246
1.06693,0.576345,0.601793,-0.0254476,0.0270578,0,6.82589e-06,2.8115e-05,0.579601,-0.00490056
1.07279,0.563365,0.603596,-0.0402303,0.0272362,0,6.84408e-06,2.83364e-05,0.581213,-0.00488867
1.07865,0.634254,0.605408,0.0288461,0.0274171,0,6.86236e-06,2.85611e-05,0.582832,-0.00487678
1.08451,0.726828,0.60723,0.119598,0.0276003,0,6.88073e-06,2.87892e-05,0.584459,-0.0048649
1.09038,0.692682,0.609062,0.0836192,0.0277861,0,6.8992e-06,2.90207e-05,0.586093,-0.00485303
1.09624,0.747441,0.610905,0.136536,0.0279744,0,6.91777e-06,2.92556e-05,0.587735,-0.00484117
1.1021,0.767105,0.612757,0.154348,0.0281653,0,6.93644e-06,2.94941e-05,0.589384,-0.00482931
1.10796,0.620601,0.614619,0.00598198,0.0283588,0,6.95521e-06,2.97363e-05,0.591041,-0.00481746
1.11383,0.659316,0.616492,0.0428244,0.0285551,0,6.97407e-06,2.99822e-05,0.592706,-0.00480562
1.11969,0.611734,0.618375,-0.0066412,0.0287541,0,6.99304e-06,3.02318e-05,0.594378,-0.00479378
1.12555,0.695438,0.620269,0.0751696,0.0289559,0,7.0121e-06,3.04854e-05,0.596057,-0.00478196
1.13141,0.627634,0.622173,0.00546087,0.0291606,0,7.03127e-06,3.0743e-05,0.597745,-0.00477014
1.13727,0.623998,0.624088,-8.94839e-05,0.0293682,0,7.05054e-06,3.10046e-05,0.59944,-0.00475832
1.14314,0.800484,0.626014,0.17447,0.0295787,0,7.06992e-06,3.12703e-05,0.601143,-0.00474652
1.149,0.679394,0.627951,0.0514439,0.0297924,0,7.0894e-06,3.15404e-05,0.602854,-0.00473472
1.15486,0.515258,0.629898,-0.11464,0.0300092,0,7.10898e-06,3.18147e-05,0.604573,-0.00472293
1.16072,0.62443,0.631857,-0.00742715,0.0302291,0,7.12867e-06,3.20936e-05,0.6063,-0.00471115
1.16659,0.675109,0.633828,0.0412817,0.0304523,0,7.14847e-06,3.23769e-05,0.608035,-0.00469937
1.17245,0.616751,0.635809,-0.0190587,0.0306789,0,7.16837e-06,3.2665e-05,0.609778,-0.0046876
1.17831,0.654479,0.637803,0.0166765,0.0309088,0,7.18838e-06,3.29578e-05,0.611529,-0.00467584
1.18417,0.756042,0.639808,0.116235,0.0311423,0,7.20851e-06,3.32555e-05,0.613289,-0.00466409
1.19003,0.644202,0.641824,0.00237755,0.0313792,0,7.22874e-06,3.35582e-05,0.615057,-0.00465234
1.1959,0.642992,0.643853,-0.000860985,0.0316199,0,7.24908e-06,3.3866e-05,0.616833,-0.0046406
1.20176,0.595462,0.645894,-0.0504315,0.0318642,0,7.26954e-06,3.41791e-05,0.618617,-0.00462887
1.20762,0.679709,0.647947,0.0317626,0.0321123,0,7.29011e-06,3.44976e-05,0.62041,-0.00461715
1.21348,0.663864,0.650012,0.0138519,0.0323643,0,7.31079e-06,3.48216e-05,0.622211,-0.00460543
1.21935,0.586092,0.65209,-0.0659981,0.0326203,0,7.33159e-06,3.51512e-05,0.624021,-0.00459372
1.22521,0.635993,0.65418,-0.0181879,0.0328804,0,7.3525e-06,3.54867e-05,0.625839,-0.00458202
1.23107,0.83767,0.656284,0.181386,0.0331446,0,7.37353e-06,3.5828e-05,0.627666,-0.00457033
1.23693,0.569798,0.6584,-0.0886022,0.0334131,0,7.39467e-06,3.61755e-05,0.629502,-0.00455864
1.24279,0.521,0.660529,-0.13953,0.0336859,0,7.41594e-06,3.65292e-05,0.631346,-0.00454696
1.24866,0.668446,0.662672,0.00577366,0.0339632,0,7.43733e-06,3.68893e-05,0.6332,-0.00453529
1.25452,0.553484,0.664828,-0.111344,0.0342451,0,7.45883e-06,3.7256e-05,0.635062,-0.00452363
1.26038,0.831904,0.666998,0.164906,0.0345317,0,7.48046e-06,3.76294e-05,0.636933,-0.00451197
1.26624,0.595927,0.669181,-0.0732546,0.0348231,0,7.50221e-06,3.80098e-05,0.638813,-0.00450032
1.27211,0.544011,0.671378,-0.127368,0.0351193,0,7.52408e-06,3.83973e-05,0.640702,-0.00448868
1.27797,0.603751,0.67359,-0.0698391,0.0354207,0,7.54608e-06,3.8792e-05,0.6426,-0.00447704
1.28383,0.771819,0.675816,0.0960034,0.0357272,0,7.56821e-06,3.91943e-05,0.644507,-0.00446541
1.28969,0.797985,0.678056,0.119929,0.0360389,0,7.59046e-06,3.96043e-05,0.646424,-0.00445379
1.29555,0.78578,0.680311,0.105469,0.0363561,0,7.61284e-06,4.00222e-05,0.64835,-0.00444218
1.30142,0.758314,0.682581,0.0757333,0.0366789,0,7.63535e-06,4.04482e-05,0.650285,-0.00443058
1.30728,0.845198,0.684866,0.160331,0.0370074,0,7.65798e-06,4.08826e-05,0.652229,-0.00441898
1.31314,0.582192,0.687166,-0.104974,0.0373417,0,7.68075e-06,4.13256e-05,0.654183,-0.00440739
1.319,0.700207,0.689482,0.0107242,0.0376821,0,7.70366e-06,4.17774e-05,0.656147,-0.0043958
1.32487,0.844714,0.691814,0.1529,0.0380286,0,7.72669e-06,4.22383e-05,0.65812,-0.00438423
1.33073,0.656965,0.694162,-0.0371964,0.0383814,0,7.74986e-06,4.27086e-05,0.660102,-0.00437266
1.33659,0.731633,0.696525,0.0351077,0.0387407,0,7.77317e-06,4.31885e-05,0.662095,-0.0043611
1.34245,0.83986,0.698906,0.140954,0.0391067,0,7.79661e-06,4.36783e-05,0.664097,-0.00434954
1.34831,0.876578,0.701303,0.175275,0.0394796,0,7.82019e-06,4.41784e-05,0.666109,-0.004338
1.35418,0.760099,0.703717,0.0563826,0.0398595,0,7.84391e-06,4.46889e-05,0.668131,-0.00432646
1.36004,0.912941,0.706148,0.206793,0.0402466,0,7.86777e-06,4.52102e-05,0.670163,-0.00431493
1.3659,0.834182,0.708597,0.125586,0.0406412,0,7.89177e-06,4.57428e-05,0.672205,-0.0043034
1.37176,0.864971,0.711063,0.153908,0.0410434,0,7.91592e-06,4.62868e-05,0.674257,-0.00429189
1.37763,0.676443,0.713547,-0.0371048,0.0414534,0,7.9402e-06,4.68426e-05,0.67632,-0.00428038
1.38349,0.651079,0.71605,-0.0649711,0.0418716,0,7.96464e-06,4.74107e-05,0.678392,-0.00426888
1.38935,0.64479,0.718572,-0.073782,0.042298,0,7.98922e-06,4.79914e-05,0.680475,-0.00425738
1.39521,0.879869,0.721112,0.158757,0.042733,0,8.01395e-06,4.85851e-05,0.682568,-0.00424589
1.40107,0.570719,0.723672,-0.152953,0.0431768,0,8.03883e-06,4.91922e-05,0.684672,-0.00423441
1.40694,0.52598,0.726251,-0.200271,0.0436297,0,8.06386e-06,4.98131e-05,0.686786,-0.00422294
1.4128,0.759516,0.72885,0.0306656,0.0440919,0,8.08904e-06,5.04484e-05,0.688911,-0.00421148
1.41866,0.770794,0.73147,0.0393241,0.0445637,0,8.11437e-06,5.10985e-05,0.691047,-0.00420002
1.42452,0.487,0.73411,-0.247109,0.0450454,0,8.13986e-06,5.17638e-05,0.693193,-0.00418857
1.43039,0.642228,0.736771,-0.0945433,0.0455373,0,8.16551e-06,5.24449e-05,0.69535,-0.00417713
1.43625,0.699053,0.739453,-0.0404005,0.0460397,0,8.19131e-06,5.31423e-05,0.697518,-0.00416569
1.44211,0.858995,0.742158,0.116837,0.046553,0,8.21728e-06,5.38566e-05,0.699697,-0.00415426
1.44797,0.618456,0.744885,-0.126429,0.0470774,0,8.2434e-06,5.45883e-05,0.701887,-0.00414284
1.45383,0.676813,0.747634,-0.0708213,0.0476134,0,8.26969e-06,5.53381e-05,0.704088,-0.00413143
1.4597,0.844616,0.750406,0.0942097,0.0481613,0,8.29613e-06,5.61066e-05,0.706301,-0.00412002
1.46556,0.868794,0.753202,0.115591,0.0487214,0,8.32275e-06,5.68945e-05,0.708524,-0.00410862
1.47142,0.721674,0.756022,-0.0343487,0.0492942,0,8.34953e-06,5.77024e-05,0.710759,-0.00409723
1.47728,0.738363,0.758867,-0.0205044,0.0498802,0,8.37648e-06,5.85312e-05,0.713006,-0.00408585
1.48315,0.634834,0.761737,-0.126903,0.0504796,0,8.40359e-06,5.93815e-05,0.715264,-0.00407447
1.48901,0.869759,0.764632,0.105127,0.051093,0,8.43088e-06,6.02541e-05,0.717533,-0.0040631
1.49487,0.775667,0.767553,0.00811364,0.0517209,0,8.45834e-06,6.11499e-05,0.719814,-0.00405174
1.50073,0.907563,0.770501,0.137062,0.0523637,0,8.48598e-06,6.20698e-05,0.722107,-0.00404039
1.5066,0.905365,0.773477,0.131889,0.053022,0,8.51379e-06,6.30147e-05,0.724412,-0.00402904
1.51246,0.750286,0.77648,-0.0261946,0.0536963,0,8.54178e-06,6.39855e-05,0.726729,-0.0040177
1.51832,0.774622,0.779512,-0.00489,0.0543871,0,8.56995e-06,6.49833e-05,0.729058,-0.00400637
1.52418,0.857739,0.782573,0.0751658,0.0550951,0,8.5983e-06,6.60092e-05,0.731399,-0.00399505
1.53004,0.865714,0.785664,0.0800499,0.0558208,0,8.62683e-06,6.70642e-05,0.733752,-0.00398373
1.53591,0.970828,0.788786,0.182041,0.0565649,0,8.65555e-06,6.81495e-05,0.736117,-0.00397242
1.54177,0.96671,0.791939,0.17477,0.057328,0,8.68445e-06,6.92665e-05,0.738495,-0.00396112
1.54763,0.894241,0.795125,0.0991163,0.058111,0,8.71354e-06,7.04163e-05,0.740885,-0.00394982
1.55349,0.908639,0.798344,0.110295,0.0589144,0,8.74282e-06,7.16003e-05,0.743287,-0.00393853
1.55936,0.785371,0.801596,-0.0162252,0.0597391,0,8.77229e-06,7.28201e-05,0.745703,-0.00392725
1.56522,0.761308,0.804883,-0.0435759,0.0605859,0,8.80196e-06,7.40771e-05,0.748131,-0.00391598
1.57108,0.867536,0.808206,0.0593292,0.0614556,0,8.83182e-06,7.5373e-05,0.750571,-0.00390472
1.57694,0.877036,0.811566,0.0654699,0.0623492,0,8.86187e-06,7.67094e-05,0.753025,-0.00389346
1.5828,0.748494,0.814964,-0.0664696,0.0632675,0,8.89213e-06,7.80882e-05,0.755492,-0.00388221
1.58867,0.807576,0.818401,-0.0108249,0.0642116,0,8.92259e-06,7.95113e-05,0.757971,-0.00387097
1.59453,0.761084,0.821877,-0.0607935,0.0651825,0,8.95325e-06,8.09806e-05,0.760464,-0.00385973
1.60039,0.77218,0.825395,-0.0532147,0.0661812,0,8.98411e-06,8.24984e-05,0.762971,-0.0038485
1.60625,0.949128,0.828955,0.120173,0.067209,0,9.01519e-06,8.40669e-05,0.76549,-0.00383728
1.61212,0.797504,0.832559,-0.0350546,0.068267,0,9.04647e-06,8.56884e-05,0.768023,-0.00382607
1.61798,0.781455,0.836208,-0.0547532,0.0693566,0,9.07796e-06,8.73656e-05,0.77057,-0.00381486
1.62384,0.892265,0.839903,0.0523619,0.070479,0,9.10967e-06,8.91012e-05,0.77313,-0.00380366
1.6297,0.882632,0.843647,0.0389847,0.0716357,0,9.14159e-06,9.08979e-05,0.775704,-0.00379247
1.63556,0.890965,0.84744,0.0435241,0.0728281,0,9.17373e-06,9.2759e-05,0.778292,-0.00378129
1.64143,0.746999,0.851285,-0.104286,0.0740579,0,9.20608e-06,9.46875e-05,0.780894,-0.00377011
1.64729,0.837644,0.855183,-0.0175395,0.0753267,0,9.23866e-06,9.66871e-05,0.783509,-0.00375894
1.65315,0.835703,0.859136,-0.0234329,0.0766364,0,9.27147e-06,9.87614e-05,0.786139,-0.00374778
1.65901,0.797395,0.863146,-0.0657512,0.0779887,0,9.3045e-06,0.000100914,0.788784,-0.00373662
1.66488,0.811582,0.867215,-0.0556332,0.0793857,0,9.33776e-06,0.00010315,0.791443,-0.00372548
1.67074,0.843489,0.871346,-0.0278565,0.0808294,0,9.37125e-06,0.000105473,0.794116,-0.00371434
1.6766,0.960827,0.87554,0.0852875,0.0823222,0,9.40497e-06,0.000107889,0.796803,-0.0037032
1.68246,1.09516,0.8798,0.21536,0.0838663,0,9.43893e-06,0.000110402,0.799506,-0.00369208
1.68832,0.97484,0.884129,0.0907108,0.0854644,0,9.47313e-06,0.000113018,0.802223,-0.00368096
1.69419,1.06859,0.88853,0.180061,0.087119,0,9.50756e-06,0.000115742,0.804955,-0.00366985
1.70005,0.973198,0.893005,0.0801925,0.0888331,0,9.54224e-06,0.000118582,0.807703,-0.00365875
1.70591,0.800075,0.897558,-0.0974835,0.0906096,0,9.57717e-06,0.000121545,0.810465,-0.00364765
1.71177,0.893862,0.902192,-0.00833038,0.0924519,0,9.61235e-06,0.000124637,0.813243,-0.00363657
1.71764,1.03828,0.906911,0.131374,0.0943634,0,9.64777e-06,0.000127866,0.816036,-0.00362549
1.7235,1.09583,0.911719,0.184107,0.0963477,0,9.68345e-06,0.000131242,0.818844,-0.00361441
1.72936,0.905497,0.916618,-0.0111215,0.0984089,0,9.71938e-06,0.000134774,0.821668,-0.00360335
1.73522,1.13982,0.921615,0.218207,0.100551,0,9.75558e-06,0.000138472,0.824508,-0.00359229
1.74108,0.938971,0.926714,0.0122568,0.102779,0,9.79203e-06,0.000142346,0.827364,-0.00358124
1.74695,0.882854,0.931919,-0.0490649,0.105097,0,9.82875e-06,0.000146409,0.830236,-0.00357019
1.75281,0.888828,0.937236,-0.0484084,0.107511,0,9.86574e-06,0.000150674,0.833123,-0.00355916
1.75867,1.07643,0.942671,0.133764,0.110026,0,9.90299e-06,0.000155155,0.836027,-0.00354813
1.76453,1.03963,0.948229,0.0914046,0.112649,0,9.94052e-06,0.000159867,0.838948,-0.00353711
1.7704,1.07949,0.953918,0.125575,0.115385,0,9.97833e-06,0.000164827,0.841884,-0.00352609
1.77626,0.806149,0.959745,-0.153597,0.118243,0,1.00164e-05,0.000170053,0.844838,-0.00351509
1.78212,0.928421,0.965717,-0.0372968,0.121228,0,1.00548e-05,0.000175567,0.847808,-0.00350409
1.78798,0.963694,0.971843,-0.00814908,0.12435,0,1.00934e-05,0.000181389,0.850795,-0.0034931
1.79384,1.0533,0.978132,0.0751713,0.127618,0,1.01324e-05,0.000187545,0.853798,-0.00348211
1.79971,0.976809,0.984593,-0.00778337,0.13104,0,1.01716e-05,0.000194061,0.856819,-0.00347113
1.80557,1.11175,0.991237,0.120515,0.134628,0,1.02111e-05,0.000200966,0.859858,-0.00346017
1.81143,0.983022,0.998075,-0.0150528,0.138393,0,1.02509e-05,0.000208295,0.862913,-0.0034492
1.81729,0.883862,1.00512,-0.121258,0.142346,0,1.02911e-05,0.000216082,0.865986,-0.00343825
1.82316,0.836219,1.01239,-0.176168,0.146502,0,1.03315e-05,0.00022437,0.869077,-0.0034273
1.82902,1.0951,1.01989,0.0752147,0.150876,0,1.03722e-05,0.000233202,0.872185,-0.00341636
1.83488,1.13108,1.02764,0.103437,0.155482,0,1.04133e-05,0.00024263,0.875312,-0.00340543
1.84074,1.00505,1.03566,-0.0306091,0.160339,0,1.04546e-05,0.00025271,0.878456,-0.0033945
1.8466,1.14676,1.04398,0.102784,0.165466,0,1.04963e-05,0.000263505,0.881619,-0.00338358
1.85247,1.07727,1.0526,0.0246751,0.170885,0,1.05383e-05,0.000275087,0.8848,-0.00337267
1.85833,1.06688,1.06155,0.00533106,0.176618,0,1.05806e-05,0.000287537,0.887999,-0.00336177
1.86419,0.946067,1.07087,-0.124802,0.182691,0,1.06233e-05,0.000300947,0.891217,-0.00335088
1.87005,1.00043,1.08057,-0.0801426,0.189134,0,1.06662e-05,0.00031542,0.894454,-0.00333999
1.87592,1.08405,1.0907,-0.00664451,0.195977,0,1.07096e-05,0.000331076,0.89771,-0.00332911
1.88178,1.12477,1.10128,0.0234871,0.203255,0,1.07532e-05,0.000348051,0.900985,-0.00331823
1.88764,1.07347,1.11236,-0.038888,0.211009,0,1.07972e-05,0.000366502,0.904279,-0.00330737
1.8935,1.20916,1.12397,0.0851845,0.219281,0,1.08416e-05,0.000386609,0.907592,-0.00329651
1.89936,1.29883,1.13618,0.162649,0.228121,0,1.08863e-05,0.000408583,0.910925,-0.00328566
1.90523,1.12651,1.14903,-0.0225207,0.237584,0,1.09314e-05,0.000432668,0.914278,-0.00327481
1.91109,1.19522,1.16259,0.0326304,0.247731,0,1.09768e-05,0.00045915,0.917651,-0.00326398
1.91695,1.04734,1.17692,-0.129584,0.258633,0,1.10226e-05,0.000488366,0.921043,-0.00325315
1.92281,1.19146,1.19211,-0.000654536,0.270368,0,1.10687e-05,0.000520716,0.924456,-0.00324233
1.92868,1.11785,1.20825,-0.0904002,0.283026,0,1.11152e-05,0.000556675,0.927889,-0.00323151
1.93454,1.18148,1.22544,-0.0439618,0.29671,0,1.11622e-05,0.000596814,0.931343,-0.0032207
1.9404,1.24246,1.2438,-0.0013368,0.311537,0,1.12094e-05,0.000641819,0.934817,-0.0032099
1.94626,1.23497,1.26346,-0.0284879,0.327643,0,1.12571e-05,0.000692529,0.938312,-0.00319911
1.95213,1.36489,1.28458,0.080309,0.345182,0,1.13052e-05,0.000749971,0.941828,-0.00318833
1.95799,1.25033,1.30735,-0.0570181,0.364335,0,1.13536e-05,0.000815413,0.945365,-0.00317755
1.96385,1.26012,1.33197,-0.0718459,0.385311,0,1.14025e-05,0.000890443,0.948924,-0.00316678
1.96971,1.35309,1.35869,-0.00560587,0.408356,0,1.14518e-05,0.000977064,0.952504,-0.00315602
1.97557,1.36631,1.38781,-0.021499,0.433758,0,1.15015e-05,0.00107783,0.956106,-0.00314526
1.98144,1.417,1.41966,-0.002658,0.461859,0,1.15516e-05,0.00119606,0.95973,-0.00313451
1.9873,1.41161,1.45466,-0.043051,0.493064,0,1.16021e-05,0.00133608,0.963376,-0.00312377
1.99316,1.37963,1.4933,-0.113673,0.527858,0,1.1653e-05,0.00150369,0.967044,-0.00311304
1.99902,1.53277,1.53618,-0.00340346,0.566827,0,1.17044e-05,0.00170671,0.970734,-0.00310232
2.00489,1.5553,1.584,-0.0287004,0.610681,0,1.17562e-05,0.001956,0.974447,-0.0030916
2.01075,1.6722,1.63767,0.0345248,0.660291,0,1.18085e-05,0.0022669,0.978183,-0.00308089
2.01661,1.78612,1.69827,0.0878503,0.716729,0,1.18612e-05,0.00266166,0.981942,-0.00307018
2.02247,1.70973,1.76718,-0.0574514,0.781334,0,1.19143e-05,0.00317359,0.985724,-0.00305949
2.02833,1.70289,1.84614,-0.143251,0.85579,0,1.19679e-05,0.00385417,0.98953,-0.0030488
2.0342,1.78783,1.93736,-0.14953,0.942245,0,1.2022e-05,0.00478639,0.993359,-0.00303812
2.04006,1.86739,2.04377,-0.176385,1.04346,0,1.20765e-05,0.00611059,0.997212,-0.00302744
2.04592,1.85546,2.16922,-0.313768,1.16306,0,1.21316e-05,0.00807817,1.00109,-0.00301678
2.05178,2.29545,2.31901,-0.0235579,1.30584,0,1.21871e-05,0.0111721,1.00499,-0.00300612
2.05765,2.45831,2.50062,-0.0423073,1.47829,0,1.22431e-05,0.0164002,1.00891,-0.00299547
2.06351,2.89704,2.72527,0.171764,1.68932,0,1.22996e-05,0.0260653,1.01286,-0.00298482
2.06937,3.11779,3.0111,0.10669,1.95148,0,1.23566e-05,0.0457373,1.01684,-0.00297418
2.07523,3.84607,3.38651,0.459557,2.28288,0,1.24141e-05,0.0857435,1.02084,-0.00296356
2.08109,4.44988,3.8579,0.591979,2.71037,0,1.24721e-05,0.125614,1.02486,-0.00295293
2.08696,4.49548,4.39232,0.103161,3.27515,0,1.25306e-05,0.0911833,1.02891,-0.00294232
2.09282,4.81126,5.12086,-0.309598,4.04294,0,1.25897e-05,0.0478518,1.03299,-0.00293171
2.09868,5.42174,6.18405,-0.76231,5.12353,0,1.26493e-05,0.0263294,1.03709,-0.00292111
2.10454,6.58171,7.76513,-1.18342,6.71079,0,1.27094e-05,0.0160125,1.04122,-0.00291052
2.11041,8.53285,10.2237,-1.69085,9.17064,0,1.27701e-05,0.0105756,1.04538,-0.00289993
2.11627,11.6637,14.3052,-2.64152,13.2511,0,1.28314e-05,0.00743175,1.04956,-0.00288936
2.12213,18.2961,21.6822,-3.38614,20.6259,0,1.28932e-05,0.00547279,1.05376,-0.00287879
2.12799,32.7297,36.3857,-3.65592,35.3263,0,1.29556e-05,0.00417827,1.058,-0.00286822
2.13385,63.6451,67.0363,-3.3912,65.9736,0,1.30185e-05,0.00328206,1.06226,-0.00285767
2.13972,106.802,109.072,-2.26977,108.006,0,1.30821e-05,0.00263788,1.06655,-0.00284712
2.14558,100.345,93.2842,7.06129,92.214,0,1.31462e-05,0.00216041,1.07087,-0.00283658
2.15144,55.459,50.6882,4.77079,49.614,0,1.3211e-05,0.00179734,1.07521,-0.00282604
2.1573,27.3621,27.7863,-0.424212,26.708,0,1.32764e-05,0.00151526,1.07959,-0.00281552
2.16317,15.243,16.9653,-1.72226,15.8828,0,1.33423e-05,0.00129203,1.08399,-0.002805
2.16903,9.80633,11.3981,-1.59181,10.3114,0,1.3409e-05,0.00111254,1.08842,-0.00279449
2.17489,6.9222,8.24545,-1.32325,7.15437,0,1.34762e-05,0.000966217,1.09288,-0.00278399
2.18075,5.43336,6.31385,-0.880493,5.2184,0,1.35441e-05,0.000845467,1.09737,-0.00277349
2.18661,4.47345,5.05495,-0.581501,3.95507,0,1.36127e-05,0.000744745,1.10189,-0.002763
2.19248,3.68688,4.19353,-0.506649,3.08918,0,1.36819e-05,0.000659921,1.10644,-0.00275252
2.19834,3.18343,3.58071,-0.397277,2.47184,0,1.37518e-05,0.000587867,1.11101,-0.00274204
2.2042,2.86922,3.13076,-0.26154,2.01733,0,1.38223e-05,0.000526186,1.11562,-0.00273158
2.21006,2.66117,2.79169,-0.130514,1.67366,0,1.38936e-05,0.000473012,1.12026,-0.00272112
2.21593,2.38254,2.53058,-0.148041,1.40792,0,1.39656e-05,0.000426879,1.12493,-0.00271067
2.22179,2.2978,2.32581,-0.0280112,1.19848,0,1.40383e-05,0.000386619,1.12963,-0.00270022
2.22765,2.06288,2.16272,-0.0998392,1.03068,0,1.41117e-05,0.000351297,1.13437,-0.00268978
2.23351,2.09223,2.03109,0.0611438,0.894307,0,1.41858e-05,0.000320154,1.13913,-0.00267935
2.23937,1.72801,1.92364,-0.195634,0.782081,0,1.42607e-05,0.00029257,1.14393,-0.00266893
2.24524,1.78748,1.83508,-0.0476011,0.688699,0,1.43364e-05,0.000268036,1.14875,-0.00265852
2.2511,1.70793,1.76146,-0.0535292,0.610229,0,1.44128e-05,0.000246129,1.15361,-0.00264811
2.25696,1.63778,1.69982,-0.0620432,0.543706,0,1.449e-05,0.000226496,1.15851,-0.00263771
2.26282,1.46226,1.64789,-0.185633,0.486863,0,1.4568e-05,0.000208842,1.16344,-0.00262731
2.26869,1.60402,1.60393,9.39978e-05,0.43794,0,1.46468e-05,0.000192917,1.1684,-0.00261693
2.27455,1.51151,1.56654,-0.0550258,0.39556,0,1.47264e-05,0.000178508,1.17339,-0.00260655
2.28041,1.39485,1.53463,-0.139782,0.358628,0,1.48068e-05,0.000165435,1.17842,-0.00259618
2.28627,1.37986,1.50733,-0.127467,0.326268,0,1.48881e-05,0.000153542,1.18348,-0.00258582
2.29213,1.40088,1.48393,-0.0830496,0.297771,0,1.49702e-05,0.000142697,1.18858,-0.00257546
2.298,1.4284,1.46385,-0.0354505,0.27256,0,1.50532e-05,0.000132784,1.19371,-0.00256511
2.30386,1.33598,1.44663,-0.110644,0.250161,0,1.51371e-05,0.000123702,1.19888,-0.00255477
2.30972,1.30022,1.43185,-0.131634,0.230181,0,1.52218e-05,0.000115366,1.20408,-0.00254444
2.31558,1.40673,1.4192,-0.0124773,0.212293,0,1.53075e-05,0.000107698,1.20932,-0.00253411
2.32145,1.38939,1.40841,-0.0190209,0.196222,0,1.53941e-05,0.000100631,1.2146,-0.00252379
2.32731,1.56758,1.39925,0.16833,0.181738,0,1.54816e-05,9.41076e-05,1.21991,-0.00251348
2.33317,1.39873,1.39151,0.00722115,0.168645,0,1.557e-05,8.80749e-05,1.22526,-0.00250318
2.33903,1.4528,1.38503,0.0677709,0.156776,0,1.56595e-05,8.24872e-05,1.23065,-0.00249288
2.34489,1.55892,1.37967,0.179247,0.145988,0,1.57499e-05,7.73037e-05,1.23607,-0.00248259
2.35076,1.41131,1.37531,0.0359996,0.136158,0,1.58413e-05,7.2488e-05,1.24154,-0.00247231
2.35662,1.47513,1.37184,0.10329,0.127179,0,1.59337e-05,6.80079e-05,1.24704,-0.00246203
2.36248,1.43125,1.36917,0.0620811,0.118961,0,1.60271e-05,6.38344e-05,1.25258,-0.00245177
2.36834,1.39526,1.36722,0.0280445,0.111423,0,1.61216e-05,5.99414e-05,1.25816,-0.00244151
2.37421,1.52731,1.36591,0.161394,0.104494,0,1.62172e-05,5.63058e-05,1.26378,-0.00243125
2.38007,1.32936,1.3652,-0.0358437,0.0981141,0,1.63138e-05,5.29064e-05,1.26944,-0.00242101
2.38593,1.3066,1.36502,-0.0584251,0.0922289,0,1.64115e-05,4.97244e-05,1.27514,-0.00241077
2.39179,1.19406,1.36533,-0.171272,0.0867908,0,1.65103e-05,4.67427e-05,1.28088,-0.00240054
2.39766,1.3132,1.36609,-0.0528887,0.0817579,0,1.66103e-05,4.39457e-05,1.28666,-0.00239032
2.40352,1.45211,1.36725,0.084854,0.0770929,0,1.67114e-05,4.13195e-05,1.29248,-0.0023801
2.40938,1.38207,1.3688,0.0132688,0.0727625,0,1.68137e-05,3.88511e-05,1.29835,-0.00236989
2.41524,1.46186,1.37069,0.0911726,0.0687372,0,1.69171e-05,3.65291e-05,1.30426,-0.00235969
2.4211,1.34322,1.3729,-0.0296802,0.0649906,0,1.70218e-05,3.43428e-05,1.31021,-0.0023495
2.42697,1.4845,1.37541,0.109095,0.0614989,0,1.71277e-05,3.22824e-05,1.3162,-0.00233931
2.43283,1.41437,1.3782,0.0361693,0.0582411,0,1.72349e-05,3.03393e-05,1.32224,-0.00232914
2.43869,1.36269,1.38124,-0.0185523,0.0551978,0,1.73433e-05,2.85052e-05,1.32832,-0.00231897
2.44455,1.54422,1.38453,0.159688,0.0523518,0,1.7453e-05,2.67727e-05,1.33445,-0.0023088
2.45042,1.45042,1.38805,0.06237,0.0496876,0,1.75641e-05,2.51351e-05,1.34062,-0.00229865
2.45628,1.47892,1.39178,0.087146,0.0471911,0,1.76765e-05,2.35859e-05,1.34683,-0.0022885
2.46214,1.44929,1.39571,0.0535857,0.0448495,0,1.77902e-05,2.21195e-05,1.35309,-0.00227835
2.468,1.49721,1.39982,0.0973877,0.0426511,0,1.79053e-05,2.07304e-05,1.3594,-0.00226822
2.47386,1.46171,1.40412,0.0575904,0.0405855,0,1.80219e-05,1.94139e-05,1.36576,-0.00225809
2.47973,1.33333,1.40859,-0.0752584,0.0386429,0,1.81399e-05,1.81652e-05,1.37216,-0.00224797
2.48559,1.43457,1.41322,0.0213512,0.0368145,0,1.82593e-05,1.69804e-05,1.37861,-0.00223786
2.49145,1.48659,1.41801,0.0685833,0.0350924,0,1.83802e-05,1.58553e-05,1.38511,-0.00222776
2.49731,1.49781,1.42294,0.0748666,0.0334691,0,1.85027e-05,1.47865e-05,1.39166,-0.00221766
2.50318,1.44865,1.42801,0.0206361,0.031938,0,1.86267e-05,1.37705e-05,1.39825,-0.00220757
2.50904,1.62498,1.43322,0.191752,0.0304928,0,1.87523e-05,1.28043e-05,1.4049,-0.00219749
2.5149,1.44912,1.43857,0.0105573,0.0291278,0,1.88794e-05,1.18849e-05,1.41159,-0.00218741
2.52076,1.47849,1.44403,0.0344617,0.0278378,0,1.90082e-05,1.10098e-05,1.41834,-0.00217735
2.52662,1.49965,1.44962,0.0500353,0.026618,0,1.91387e-05,1.01762e-05,1.42514,-0.00216729
2.53249,1.39169,1.45532,-0.0636355,0.0254639,0,1.92708e-05,9.38205e-06,1.43199,-0.00215723
2.53835,1.35385,1.46114,-0.107293,0.0243714,0,1.94047e-05,8.62499e-06,1.43889,-0.00214719
2.54421,1.51685,1.46707,0.0497804,0.0233367,0,1.95403e-05,7.90303e-06,1.44585,-0.00213715
2.55007,1.57128,1.47311,0.0981713,0.0223562,0,1.96777e-05,7.21427e-06,1.45285,-0.00212712
2.55594,1.54316,1.47925,0.0639086,0.0214267,0,1.9817e-05,6.5569e-06,1.45992,-0.0021171
2.5618,1.37958,1.4855,-0.105919,0.0205452,0,1.99581e-05,5.92928e-06,1.46703,-0.00210708
2.56766,1.45558,1.49184,-0.0362586,0.0197089,0,2.01011e-05,5.32983e-06,1.4742,-0.00209707
2.57352,1.53169,1.49828,0.0334069,0.018915,0,2.0246e-05,4.75709e-06,1.48143,-0.00208707
2.57938,1.59426,1.50482,0.0894341,0.0181613,0,2.03929e-05,4.20968e-06,1.48871,-0.00207708
2.58525,1.66984,1.51146,0.158386,0.0174454,0,2.05418e-05,3.6863e-06,1.49605,-0.00206709
2.59111,1.63032,1.51818,0.112134,0.0167653,0,2.06927e-05,3.18575e-06,1.50345,-0.00205711
2.59697,1.66999,1.525,0.144989,0.0161189,0,2.08458e-05,2.70687e-06,1.51091,-0.00204714
2.60283,1.7508,1.53191,0.218891,0.0155044,0,2.10009e-05,2.24861e-06,1.51842,-0.00203718
2.6087,1.41422,1.53891,-0.124697,0.0149201,0,2.11583e-05,1.80993e-06,1.526,-0.00202722
2.61456,1.6231,1.546,0.0770972,0.0143644,0,2.13178e-05,1.3899e-06,1.53363,-0.00201727
2.62042,1.56013,1.55317,0.00695246,0.0138357,0,2.14796e-05,9.87618e-07,1.54132,-0.00200733
2.62628,1.63063,1.56044,0.0701922,0.0133328,0,2.16438e-05,6.02227e-07,1.54908,-0.00199739
2.63214,1.63216,1.56778,0.0643764,0.0128541,0,2.18102e-05,2.32933e-07,1.5569,-0.00198747
2.63801,1.52533,1.57522,-0.0498898,0.0123986,0,2.19791e-05,-1.21021e-07,1.56478,-0.00197755
2.64387,1.50954,1.58274,-0.0731927,0.0119651,0,2.21505e-05,-4.60347e-07,1.57272,-0.00196763
2.64973,1.63286,1.59034,0.0425209,0.0115524,0,2.23243e-05,-7.8572e-07,1.58072,-0.00195773
2.65559,1.61904,1.59803,0.0210068,0.0111595,0,2.25007e-05,-1.09778e-06,1.5888,-0.00194783
2.66146,1.7039,1.6058,0.0981005,0.0107855,0,2.26797e-05,-1.39713e-06,1.59693,-0.00193794
2.66732,1.63281,1.61366,0.0191488,0.0104294,0,2.28614e-05,-1.68433e-06,1.60513,-0.00192806
2.67318,1.84886,1.6216,0.227264,0.0100905,0,2.30459e-05,-1.95994e-06,1.6134,-0.00191818
2.67904,1.69971,1.62962,0.0700937,0.00976781,0,2.32331e-05,-2.22447e-06,1.62174,-0.00190832
2.6849,1.87388,1.63773,0.236151,0.00946068,0,2.34231e-05,-2.4784e-06,1.63015,-0.00189845
2.69077,1.67277,1.64592,0.0268461,0.00916836,0,2.36161e-05,-2.72219e-06,1.63862,-0.0018886
2.69663,1.73908,1.65419,0.0848812,0.00889018,0,2.3812e-05,-2.95629e-06,1.64716,-0.00187876
2.70249,1.81669,1.66255,0.154138,0.0086255,0,2.4011e-05,-3.1811e-06,1.65578,-0.00186892
2.70835,1.6232,1.671,-0.0477933,0.00837371,0,2.42131e-05,-3.39703e-06,1.66446,-0.00185909
2.71422,1.60268,1.67952,-0.0768422,0.00813426,0,2.44183e-05,-3.60445e-06,1.67322,-0.00184926
2.72008,1.72831,1.68814,0.0401723,0.00790658,0,2.46269e-05,-3.80372e-06,1.68205,-0.00183945
2.72594,1.84002,1.69683,0.143191,0.00769019,0,2.48387e-05,-3.99517e-06,1.69095,-0.00182964
2.7318,1.89978,1.70562,0.194159,0.00748458,0,2.50539e-05,-4.17913e-06,1.69993,-0.00181984
2.73766,1.84981,1.71448,0.135323,0.00728931,0,2.52727e-05,-4.35592e-06,1.70898,-0.00181004
2.74353,1.88639,1.72344,0.162948,0.00710394,0,2.54949e-05,-4.52581e-06,1.71811,-0.00180026
2.74939,1.70157,1.73248,-0.0309109,0.00692806,0,2.57209e-05,-4.6891e-06,1.72732,-0.00179048
2.75525,1.72029,1.74161,-0.0213178,0.00676128,0,2.59505e-05,-4.84604e-06,1.73661,-0.0017807
2.76111,1.90327,1.75082,0.152447,0.00660323,0,2.6184e-05,-4.9969e-06,1.74597,-0.00177094
2.76698,1.7822,1.76013,0.022075,0.00645356,0,2.64214e-05,-5.14191e-06,1.75541,-0.00176118
2.77284,1.78111,1.76952,0.0115946,0.00631194,0,2.66628e-05,-5.2813e-06,1.76494,-0.00175143
2.7787,1.6507,1.779,-0.128296,0.00617805,0,2.69083e-05,-5.4153e-06,1.77454,-0.00174169
2.78456,1.75991,1.78857,-0.0286607,0.00605159,0,2.7158e-05,-5.54412e-06,1.78423,-0.00173196
2.79043,1.67146,1.79823,-0.126777,0.00593227,0,2.7412e-05,-5.66795e-06,1.794,-0.00172223
2.79629,1.8302,1.80799,0.0222074,0.00581983,0,2.76704e-05,-5.78699e-06,1.80386,-0.00171251
2.80215,1.98641,1.81783,0.168573,0.005714,0,2.79333e-05,-5.90143e-06,1.8138,-0.0017028
2.80801,1.93451,1.82777,0.106736,0.00561454,0,2.82009e-05,-6.01143e-06,1.82383,-0.00169309
2.81387,1.91274,1.83781,0.0749333,0.00552121,0,2.84732e-05,-6.11717e-06,1.83395,-0.00168339
2.81974,1.86153,1.84793,0.013598,0.0054338,0,2.87505e-05,-6.2188e-06,1.84415,-0.0016737
2.8256,1.94024,1.85815,0.0820871,0.00535209,0,2.90327e-05,-6.31649e-06,1.85444,-0.00166402
2.83146,1.81955,1.86847,-0.0489261,0.00527588,0,2.932e-05,-6.41038e-06,1.86483,-0.00165434
2.83732,1.84998,1.87889,-0.0289109,0.00520497,0,2.96126e-05,-6.5006e-06,1.8753,-0.00164467
2.84319,2.10608,1.8894,0.216683,0.00513919,0,2.99106e-05,-6.5873e-06,1.88587,-0.00163501
2.84905,1.87382,1.90001,-0.0261933,0.00507837,0,3.02142e-05,-6.6706e-06,1.89654,-0.00162536
2.85491,1.87931,1.91072,-0.0314189,0.00502232,0,3.05235e-05,-6.75063e-06,1.90729,-0.00161571
2.86077,1.81273,1.92154,-0.108811,0.00497091,0,3.08386e-05,-6.82751e-06,1.91815,-0.00160608
2.86663,2.04051,1.93245,0.10806,0.00492396,0,3.11597e-05,-6.90135e-06,1.9291,-0.00159644
2.8725,1.98255,1.94347,0.0390795,0.00488135,0,3.1487e-05,-6.97225e-06,1.94015,-0.00158682
2.87836,1.87838,1.95459,-0.0762113,0.00484294,0,3.18206e-05,-7.04033e-06,1.9513,-0.0015772
2.88422,1.85675,1.96582,-0.109068,0.00480858,0,3.21608e-05,-7.10569e-06,1.96255,-0.00156759
2.89008,2.07411,1.97715,0.0969615,0.00477817,0,3.25077e-05,-7.16841e-06,1.9739,-0.00155799
2.89595,2.10767,1.98859,0.119076,0.00475157,0,3.28614e-05,-7.22861e-06,1.98536,-0.0015484
2.90181,2.13722,2.00014,0.137083,0.00472868,0,3.32222e-05,-7.28635e-06,1.99692,-0.00153881
2.90767,2.07559,2.0118,0.0637939,0.00470939,0,3.35904e-05,-7.34174e-06,2.00859,-0.00152923
2.91353,2.15339,2.02356,0.129826,0.00469359,0,3.3966e-05,-7.39484e-06,2.02036,-0.00151966
2.91939,2.22305,2.03544,0.18761,0.00468119,0,3.43494e-05,-7.44575e-06,2.03225,-0.00151009
2.92526,2.19324,2.04744,0.145798,0.00467209,0,3.47407e-05,-7.49453e-06,2.04424,-0.00150054
2.93112,1.98554,2.05955,-0.074007,0.0046662,0,3.51402e-05,-7.54126e-06,2.05634,-0.00149099
2.93698,1.8983,2.07177,-0.173474,0.00466343,0,3.55481e-05,-7.58602e-06,2.06856,-0.00148144
2.94284,1.92699,2.08411,-0.15712,0.00466371,0,3.59647e-05,-7.62886e-06,2.08089,-0.00147191
2.94871,2.10254,2.09657,0.00596468,0.00466696,0,3.63903e-05,-7.66985e-06,2.09334,-0.00146238
2.95457,2.00273,2.10915,-0.106427,0.0046731,0,3.68251e-05,-7.70906e-06,2.1059,-0.00145286
2.96043,2.01959,2.12186,-0.102262,0.00468206,0,3.72694e-05,-7.74654e-06,2.11859,-0.00144335
2.96629,2.13572,2.13468,0.00104022,0.00469378,0,3.77235e-05,-7.78235e-06,2.13139,-0.00143384
2.97215,2.09616,2.14763,-0.0514652,0.00470818,0,3.81878e-05,-7.81656e-06,2.14431,-0.00142434
2.97802,2.05677,2.1607,-0.10393,0.00472522,0,3.86624e-05,-7.84921e-06,2.15736,-0.00141485
2.98388,2.25903,2.17391,0.0851216,0.00474483,0,3.91479e-05,-7.88035e-06,2.17054,-0.00140537
2.98974,2.28627,2.18724,0.0990356,0.00476695,0,3.96445e-05,-7.91004e-06,2.18383,-0.00139589
2.9956,2.33093,2.2007,0.130231,0.00479154,0,4.01526e-05,-7.93832e-06,2.19726,-0.00138642
3.00147,2.36605,2.21429,0.151761,0.00481854,0,4.06725e-05,-7.96524e-06,2.21082,-0.00137696
3.00733,2.43392,2.22802,0.205896,0.0048479,0,4.12048e-05,-7.99084e-06,2.22451,-0.00136751
3.01319,2.32838,2.24188,0.0865029,0.00487959,0,4.17497e-05,-8.01517e-06,2.23833,-0.00135806
3.01905,2.29306,2.25588,0.0371797,0.00491356,0,4.23077e-05,-8.03827e-06,2.25228,-0.00134862
3.02491,2.14869,2.27002,-0.121332,0.00494976,0,4.28793e-05,-8.06018e-06,2.26638,-0.00133919
3.03078,2.25392,2.2843,-0.030384,0.00498817,0,4.34649e-05,-8.08093e-06,2.28061,-0.00132977
3.03664,2.26296,2.29872,-0.0357579,0.00502874,0,4.40651e-05,-8.10057e-06,2.29498,-0.00132035
3.0425,2.42646,2.31329,0.113175,0.00507143,0,4.46803e-05,-8.11913e-06,2.30949,-0.00131094
3.04836,2.45166,2.328,0.123663,0.00511623,0,4.53111e-05,-8.13665e-06,2.32415,-0.00130154
3.05423,2.54302,2.34286,0.200159,0.00516309,0,4.5958e-05,-8.15316e-06,2.33895,-0.00129214
3.06009,2.54596,2.35787,0.188093,0.00521199,0,4.66217e-05,-8.16868e-06,2.3539,-0.00128276
3.06595,2.56626,2.37303,0.193228,0.00526291,0,4.73027e-05,-8.18326e-06,2.369,-0.00127338
3.07181,2.523,2.38835,0.134654,0.00531581,0,4.80017e-05,-8.19693e-06,2.38426,-0.001264
3.07767,2.48528,2.40382,0.0814571,0.00537068,0,4.87194e-05,-8.20971e-06,2.39966,-0.00125464
3.08354,2.43725,2.41945,0.0178,0.00542748,0,4.94564e-05,-8.22162e-06,2.41523,-0.00124528
3.0894,2.4672,2.43524,0.0319618,0.00548622,0,5.02136e-05,-8.23271e-06,2.43095,-0.00123593
3.09526,2.40186,2.45119,-0.0493321,0.00554685,0,5.09917e-05,-8.24299e-06,2.44683,-0.00122659
3.10112,2.51663,2.46731,0.049319,0.00560937,0,5.17916e-05,-8.25249e-06,2.46287,-0.00121725
3.10699,2.51913,2.48359,0.0355387,0.00567376,0,5.2614e-05,-8.26124e-06,2.47908,-0.00120792
3.11285,2.35313,2.50005,-0.146917,0.00574002,0,5.34599e-05,-8.26925e-06,2.49546,-0.0011986
3.11871,2.25358,2.51667,-0.263092,0.00580811,0,5.43303e-05,-8.27655e-06,2.512,-0.00118929
3.12457,2.41624,2.53347,-0.11723,0.00587804,0,5.52262e-05,-8.28317e-06,2.52872,-0.00117998
3.13043,2.50087,2.55044,-0.0495673,0.00594979,0,5.61486e-05,-8.28913e-06,2.54561,-0.00117068
3.1363,2.55354,2.56759,-0.0140539,0.00602336,0,5.70986e-05,-8.29444e-06,2.56268,-0.00116139
3.14216,2.72766,2.58493,0.142734,0.00609873,0,5.80775e-05,-8.29913e-06,2.57993,-0.00115211
3.14802,2.61622,2.60244,0.0137759,0.00617591,0,5.90864e-05,-8.30321e-06,2.59736,-0.00114283
3.15388,2.53647,2.62015,-0.0836784,0.00625488,0,6.01267e-05,-8.30671e-06,2.61497,-0.00113356
3.15975,2.67646,2.63804,0.038421,0.00633564,0,6.11998e-05,-8.30964e-06,2.63277,-0.0011243
3.16561,2.78794,2.65612,0.131818,0.0064182,0,6.2307e-05,-8.31202e-06,2.65076,-0.00111505
3.17147,2.89327,2.6744,0.218873,0.00650254,0,6.34501e-05,-8.31387e-06,2.66894,-0.0011058
3.17733,2.69453,2.69287,0.00165818,0.00658867,0,6.46306e-05,-8.31521e-06,2.68732,-0.00109656
3.18319,2.71776,2.71154,0.00621744,0.00667659,0,6.58502e-05,-8.31605e-06,2.7059,-0.00108733
3.18906,2.72222,2.73042,-0.00820259,0.00676631,0,6.71108e-05,-8.3164e-06,2.72467,-0.0010781
3.19492,2.91413,2.7495,0.164634,0.00685782,0,6.84143e-05,-8.31628e-06,2.74365,-0.00106889
3.20078,2.91111,2.76879,0.142318,0.00695113,0,6.97629e-05,-8.31571e-06,2.76284,-0.00105968
3.20664,2.86226,2.78829,0.0739693,0.00704624,0,7.11587e-05,-8.31471e-06,2.78223,-0.00105047
3.21251,2.92564,2.80801,0.117631,0.00714317,0,7.26041e-05,-8.31327e-06,2.80184,-0.00104128
3.21837,2.85981,2.82794,0.0318672,0.00724192,0,7.41015e-05,-8.31142e-06,2.82166,-0.00103209
3.22423,2.86841,2.84809,0.0203189,0.00734249,0,7.56537e-05,-8.30918e-06,2.84171,-0.00102291
3.23009,2.90081,2.86847,0.0323363,0.00744491,0,7.72634e-05,-8.30654e-06,2.86197,-0.00101374
3.23596,2.88245,2.88908,-0.00662442,0.00754918,0,7.89336e-05,-8.30353e-06,2.88246,-0.00100457
3.24182,2.91441,2.90992,0.00449173,0.00765531,0,8.06677e-05,-8.30016e-06,2.90318,-0.000995414
3.24768,2.99426,2.93099,0.0632704,0.00776332,0,8.2469e-05,-8.29644e-06,2.92414,-0.000986263
3.25354,3.02302,2.9523,0.0707208,0.00787322,0,8.43412e-05,-8.29237e-06,2.94533,-0.00097712
3.2594,3.16028,2.97385,0.186434,0.00798503,0,8.62883e-05,-8.28797e-06,2.96675,-0.000967984
3.26527,3.16021,2.99565,0.164562,0.00809876,0,8.83145e-05,-8.28326e-06,2.98843,-0.000958855
3.27113,3.09021,3.01769,0.0725197,0.00821443,0,9.04244e-05,-8.27823e-06,3.01034,-0.000949734
3.27699,2.89135,3.03999,-0.148636,0.00833207,0,9.26229e-05,-8.27291e-06,3.03251,-0.00094062
3.28285,2.91265,3.06254,-0.149894,0.00845169,0,9.49151e-05,-8.26729e-06,3.05494,-0.000931514
3.28872,3.02447,3.08536,-0.0608891,0.00857331,0,9.73068e-05,-8.26139e-06,3.07762,-0.000922414
3.29458,3.08518,3.10844,-0.0232621,0.00869696,0,9.9804e-05,-8.25522e-06,3.10056,-0.000913323
3.30044,3.03527,3.13179,-0.0965156,0.00882266,0,0.000102413,-8.24879e-06,3.12378,-0.000904239
3.3063,3.12226,3.15541,-0.033153,0.00895043,0,0.000105142,-8.2421e-06,3.14726,-0.000895162
3.31216,3.20987,3.17931,0.0305578,0.00908031,0,0.000107998,-8.23516e-06,3.17101,-0.000886092
3.31803,3.18503,3.20349,-0.0184565,0.00921232,0,0.000110988,-8.22799e-06,3.19505,-0.00087703
3.32389,3.23966,3.22796,0.0117013,0.00934649,0,0.000114123,-8.22058e-06,3.21937,-0.000867975
3.32975,3.2779,3.25271,0.02519,0.00948285,0,0.000117413,-8.21295e-06,3.24398,-0.000858928
3.33561,3.25145,3.27777,-0.0263167,0.00962143,0,0.000120867,-8.2051e-06,3.26888,-0.000849888
3.34148,3.2468,3.30312,-0.056317,0.00976227,0,0.000124497,-8.19705e-06,3.29408,-0.000840856
3.34734,3.33054,3.32878,0.00176655,0.0099054,0,0.000128317,-8.18878e-06,3.31958,-0.000831831
3.3532,3.41011,3.35474,0.0553669,0.0100509,0,0.00013234,-8.18033e-06,3.34539,-0.000822813
3.35906,3.33323,3.38103,-0.0477988,0.0101987,0,0.000136581,-8.17168e-06,3.37151,-0.000813803
3.36492,3.23776,3.40763,-0.169871,0.0103489,0,0.000141057,-8.16285e-06,3.39795,-0.0008048
3.37079,3.3271,3.43455,-0.107456,0.0105016,0,0.000145786,-8.15384e-06,3.42471,-0.000795804
3.37665,3.50634,3.46181,0.0445264,0.0106567,0,0.000150789,-8.14466e-06,3.4518,-0.000786816
3.38251,3.38643,3.48941,-0.102977,0.0108144,0,0.000156088,-8.13531e-06,3.47922,-0.000777835
3.38837,3.60158,3.51734,0.0842447,0.0109747,0,0.000161707,-8.12581e-06,3.50698,-0.000768862
3.39424,3.54839,3.54562,0.00277105,0.0111375,0,0.000167675,-8.11615e-06,3.53509,-0.000759896
3.4001,3.61754,3.57426,0.0432819,0.0113031,0,0.00017402,-8.10633e-06,3.56354,-0.000750937
3.40596,3.57683,3.60325,-0.0264247,0.0114714,0,0.000180777,-8.09638e-06,3.59235,-0.000741986
3.41182,3.70877,3.63261,0.0761603,0.0116424,0,0.000187985,-8.08628e-06,3.62152,-0.000733042
3.41768,3.72094,3.66234,0.0586023,0.0118163,0,0.000195683,-8.07605e-06,3.65106,-0.000724106
3.42355,3.77502,3.69245,0.0825724,0.0119931,0,0.000203921,-8.06569e-06,3.68098,-0.000715177
3.42941,3.60205,3.72294,-0.120893,0.0121728,0,0.000212751,-8.0552e-06,3.71127,-0.000706255
3.43527,3.81476,3.75383,0.0609336,0.0123555,0,0.000222233,-8.0446e-06,3.74195,-0.000697341
3.44113,3.68205,3.78511,-0.103054,0.0125413,0,0.000232436,-8.03387e-06,3.77303,-0.000688434
3.447,3.78726,3.81679,-0.0295362,0.0127302,0,0.000243435,-8.02303e-06,3.80451,-0.000679535
3.45286,3.91895,3.84889,0.0700632,0.0129224,0,0.00025532,-8.01209e-06,3.83639,-0.000670643
3.45872,3.91685,3.8814,0.0354442,0.0131178,0,0.00026819,-8.00104e-06,3.86869,-0.000661758
3.46458,4.00242,3.91435,0.0880782,0.0133165,0,0.00028216,-7.98988e-06,3.90141,-0.000652881
3.47044,4.02161,3.94772,0.0738925,0.0135187,0,0.000297363,-7.97864e-06,3.93456,-0.000644011
3.47631,4.04429,3.98154,0.0627461,0.0137244,0,0.000313953,-7.96729e-06,3.96814,-0.000635149
3.48217,3.99355,4.01581,-0.0222598,0.0139336,0,0.000332109,-7.95586e-06,4.00217,-0.000626294
3.48803,4.16772,4.05053,0.117186,0.0141466,0,0.000352038,-7.94434e-06,4.03666,-0.000617446
3.49389,4.2556,4.08572,0.169877,0.0143632,0,0.000373985,-7.93274e-06,4.0716,-0.000608606
3.49976,4.15656,4.12139,0.0351721,0.0145838,0,0.000398241,-7.92106e-06,4.10701,-0.000599773
3.50562,4.11989,4.15753,-0.0376486,0.0148082,0,0.000425146,-7.9093e-06,4.1429,-0.000590947
3.51148,4.23459,4.19418,0.0404099,0.0150367,0,0.000455112,-7.89746e-06,4.17927,-0.000582129
3.51734,4.20822,4.23132,-0.0230978,0.0152693,0,0.000488632,-7.88556e-06,4.21614,-0.000573318
3.5232,4.30803,4.26898,0.0390508,0.0155061,0,0.000526302,-7.87359e-06,4.25352,-0.000564515
3.52907,4.42658,4.30715,0.119423,0.0157473,0,0.000568852,-7.86155e-06,4.2914,-0.000555719
3.53493,4.47564,4.34586,0.129779,0.0159929,0,0.00061718,-7.84945e-06,4.32981,-0.000546931
3.54079,4.59194,4.38512,0.206821,0.0162431,0,0.000672403,-7.83729e-06,4.36875,-0.00053815
3.54665,4.56289,4.42493,0.137968,0.016498,0,0.000735921,-7.82508e-06,4.40823,-0.000529376
3.55252,4.44658,4.4653,-0.0187222,0.0167577,0,0.000809513,-7.8128e-06,4.44826,-0.000520609
3.55838,4.4577,4.50625,-0.0485584,0.0170224,0,0.000895463,-7.80048e-06,4.48886,-0.00051185
3.56424,4.61616,4.5478,0.0683594,0.0172921,0,0.000996747,-7.78811e-06,4.53002,-0.000503099
3.5701,4.81778,4.58996,0.227825,0.017567,0,0.00111729,-7.77569e-06,4.57178,-0.000494355
3.57596,4.70378,4.63274,0.0710416,0.0178473,0,0.00126238,-7.76322e-06,4.61412,-0.000485618
3.58183,4.64958,4.67616,-0.0265817,0.0181331,0,0.00143924,-7.75071e-06,4.65707,-0.000476889
3.58769,4.87343,4.72025,0.153184,0.0184245,0,0.00165796,-7.73817e-06,4.70064,-0.000468167
3.59355,4.83478,4.76503,0.0697457,0.0187218,0,0.001933,-7.72558e-06,4.74484,-0.000459452
3.59941,4.92934,4.81054,0.118804,0.0190251,0,0.00228562,-7.71295e-06,4.78968,-0.000450745
3.60528,5.02498,4.85681,0.168171,0.0193345,0,0.00274812,-7.70029e-06,4.83518,-0.000442045
3.61114,4.90043,4.90392,-0.00349326,0.0196502,0,0.0033714,-7.6876e-06,4.88134,-0.000433353
3.617,4.95323,4.95196,0.00126551,0.0199725,0,0.0042393,-7.67488e-06,4.92818,-0.000424668
3.62286,4.98532,5.0011,-0.0157761,0.0203015,0,0.0054974,-7.66213e-06,4.97572,-0.00041599
3.62872,5.12761,5.0516,0.0760126,0.0206375,0,0.00741491,-7.64935e-06,5.02396,-0.00040732
3.63459,5.21681,5.10403,0.112783,0.0209806,0,0.010529,-7.63654e-06,5.07293,-0.000398657
3.64045,5.17591,5.15957,0.0163379,0.021331,0,0.0160104,-7.62371e-06,5.12263,-0.000390001
3.64631,5.29579,5.22102,0.0747716,0.0216891,0,0.0266367,-7.61086e-06,5.17308,-0.000381353
3.65217,5.15897,5.29484,-0.135878,0.0220549,0,0.0488727,-7.59798e-06,5.2243,-0.000372713
3.65804,5.35073,5.38558,-0.034857,0.0224289,0,0.0872325,-7.58509e-06,5.27629,-0.00036408
3.6639,5.44577,5.44407,0.00169888,0.0228111,0,0.0925359,-7.57218e-06,5.32909,-0.000355454
3.66976,5.47926,5.45886,0.020404,0.023202,0,0.0533081,-7.55925e-06,5.3827,-0.000346835
3.67562,5.397,5.48848,-0.0914884,0.0236018,0,0.0280894,-7.54631e-06,5.43714,-0.000338224
3.68149,5.53468,5.53233,0.00235733,0.0240107,0,0.0162274,-7.53336e-06,5.49243,-0.00032962
3.68735,5.53077,5.58297,-0.0522077,0.0244292,0,0.0102949,-7.52039e-06,5.54858,-0.000321024
3.69321,5.80129,5.63717,0.164115,0.0248574,0,0.00701986,-7.50741e-06,5.60562,-0.000312435
3.69907,5.77381,5.69359,0.0802191,0.0252958,0,0.00505278,-7.49442e-06,5.66355,-0.000303854
3.70493,5.82985,5.75164,0.0782024,0.0257446,0,0.00378992,-7.48143e-06,5.72241,-0.00029528
3.7108,5.93239,5.81106,0.121333,0.0262044,0,0.00293548,-7.46842e-06,5.78221,-0.000286713
3.71666,6.12574,5.8717,0.254042,0.0266753,0,0.00233265,-7.45541e-06,5.84297,-0.000278154
3.72252,6.20605,5.93349,0.272561,0.0271579,0,0.0018926,-7.4424e-06,5.90471,-0.000269602
3.72838,6.2391,5.99641,0.242697,0.0276526,0,0.00156224,-7.42938e-06,5.96746,-0.000261057
3.73425,6.12159,6.06044,0.0611522,0.0281597,0,0.00130833,-7.41635e-06,6.03123,-0.00025252
3.74011,6.30635,6.12558,0.18077,0.0286798,0,0.00110923,-7.40333e-06,6.09604,-0.00024399
3.74597,6.2657,6.19185,0.0738462,0.0292134,0,0.000950431,-7.3903e-06,6.16193,-0.000235468
3.75183,6.41733,6.25926,0.158075,0.0297608,0,0.000821868,-7.37728e-06,6.22891,-0.000226953
3.75769,6.47353,6.32782,0.145713,0.0303227,0,0.000716428,-7.36426e-06,6.297,-0.000218445
3.76356,6.63588,6.39755,0.238329,0.0308997,0,0.000628955,-7.35123e-06,6.36624,-0.000209945
3.76942,6.68369,6.46849,0.215202,0.0314922,0,0.000555645,-7.33822e-06,6.43665,-0.000201452
3.77528,6.72912,6.54064,0.188483,0.0321009,0,0.000493645,-7.3252e-06,6.50825,-0.000192967
3.78114,6.91806,6.61404,0.304015,0.0327265,0,0.000440778,-7.31219e-06,6.58107,-0.000184489
3.78701,6.9907,6.68872,0.301975,0.0333696,0,0.000395366,-7.29918e-06,6.65514,-0.000176018
3.79287,7.09028,6.7647,0.325584,0.034031,0,0.000356094,-7.28619e-06,6.73049,-0.000167555
3.79873,6.97872,6.84201,0.136715,0.0347113,0,0.000321925,-7.27319e-06,6.80714,-0.000159099
3.80459,7.03521,6.92068,0.114527,0.0354114,0,0.000292028,-7.26021e-06,6.88513,-0.000150651
3.81045,7.21382,7.00074,0.213073,0.0361321,0,0.000265735,-7.24724e-06,6.96449,-0.00014221
3.81632,7.16266,7.08223,0.0804276,0.0368742,0,0.000242501,-7.23427e-06,7.04526,-0.000133776
3.82218,7.28993,7.16518,0.124752,0.0376388,0,0.00022188,-7.22131e-06,7.12745,-0.00012535
3.82804,7.40372,7.24962,0.154103,0.0384267,0,0.000203504,-7.20837e-06,7.21111,-0.000116931
3.8339,7.46224,7.33558,0.12666,0.039239,0,0.000187067,-7.19544e-06,7.29627,-0.00010852
3.83977,7.67523,7.42312,0.252112,0.0400768,0,0.000172311,-7.18251e-06,7.38298,-0.000100116
3.84563,7.84983,7.51225,0.337578,0.0409413,0,0.000159022,-7.1696e-06,7.47125,-9.1719e-05
3.85149,7.89025,7.60303,0.287214,0.0418336,0,0.000147017,-7.15671e-06,7.56114,-8.33297e-05
3.85735,7.8162,7.69549,0.120706,0.0427551,0,0.000136141,-7.14383e-06,7.65268,-7.49478e-05
3.86321,8.14436,7.78968,0.354682,0.0437071,0,0.00012626,-7.13096e-06,7.74592,-6.65733e-05
3.86908,8.07786,7.88563,0.192236,0.044691,0,0.000117261,-7.1181e-06,7.84089,-5.82062e-05
3.87494,8.06884,7.98339,0.0854509,0.0457085,0,0.000109045,-7.10527e-06,7.93763,-4.98465e-05
3.8808,8.09515,8.08301,0.0121344,0.0467611,0,0.000101527,-7.09244e-06,8.0362,-4.14942e-05
3.88666,8.15028,8.18454,-0.0342643,0.0478505,0,9.46328e-05,-7.07964e-06,8.13664,-3.31493e-05
3.89253,8.40078,8.28802,0.112759,0.0489788,0,8.8298e-05,-7.06685e-06,8.23898,-2.48118e-05
3.89839,8.21832,8.3935,-0.175185,0.0501477,0,8.24658e-05,-7.05408e-06,8.3433,-1.64817e-05
3.90425,8.48397,8.50104,-0.0170763,0.0513594,0,7.70867e-05,-7.04132e-06,8.44962,-8.15895e-06
3.91011,8.53152,8.61069,-0.0791697,0.0526163,0,7.21166e-05,-7.02859e-06,8.55801,1.56394e-07
3.91597,8.73252,8.72251,0.0100151,0.0539205,0,6.7517e-05,-7.01587e-06,8.66852,8.46434e-06
3.92184,8.88558,8.83655,0.0490309,0.0552748,0,6.32535e-05,-7.00318e-06,8.7812,1.67649e-05
3.9277,8.89958,8.95287,-0.053287,0.0566818,0,5.92955e-05,-6.9905e-06,8.89611,2.5058e-05
3.93356,9.01642,9.07153,-0.0551145,0.0581445,0,5.5616e-05,-6.97784e-06,9.01331,3.33438e-05
3.93942,9.33914,9.1926,0.146534,0.059666,0,5.21906e-05,-6.9652e-06,9.13285,4.16222e-05
3.94529,9.3602,9.31615,0.0440513,0.0612497,0,4.89977e-05,-6.95259e-06,9.25481,4.98932e-05
3.95115,9.50464,9.44224,0.0624005,0.0628992,0,4.60176e-05,-6.93999e-06,9.37924,5.81567e-05
3.95701,9.61137,9.57093,0.0404331,0.0646184,0,4.3233e-05,-6.92742e-06,9.50621,6.64129e-05
3.96287,9.83895,9.70232,0.136634,0.0664116,0,4.06279e-05,-6.91486e-06,9.6358,7.46617e-05
3.96873,10.0371,9.83646,0.200648,0.0682831,0,3.81881e-05,-6.90233e-06,9.76806,8.29031e-05
3.9746,10.1665,9.97344,0.193012,0.070238,0,3.59007e-05,-6.88982e-06,9.90309,9.11372e-05
3.98046,10.2716,10.1133,0.158259,0.0722814,0,3.37541e-05,-6.87734e-06,10.0409,9.93638e-05
3.98632,10.4052,10.2563,0.148924,0.0744191,0,3.17375e-05,-6.86488e-06,10.1817,0.000107583
3.99218,10.3919,10.4023,-0.0103099,0.0766572,0,2.98413e-05,-6.85244e-06,10.3255,0.000115795
3.99805,10.7171,10.5514,0.165697,0.0790025,0,2.80568e-05,-6.84002e-06,10.4723,0.000123999
4.00391,10.7553,10.7039,0.0514502,0.0814621,0,2.63758e-05,-6.82763e-06,10.6223,0.000132196
4.00977,10.8477,10.8597,-0.0120578,0.0840442,0,2.47912e-05,-6.81526e-06,10.7755,0.000140386
4.01563,11.0341,11.019,0.0150256,0.0867571,0,2.3296e-05,-6.80292e-06,10.9321,0.000148568
4.02149,11.1679,11.1819,-0.0140722,0.0896105,0,2.18843e-05,-6.7906e-06,11.0922,0.000156743
4.02736,11.4341,11.3485,0.0855256,0.0926145,0,2.05503e-05,-6.7783e-06,11.2557,0.000164911
4.03322,11.6624,11.5189,0.143472,0.0957804,0,1.92889e-05,-6.76603e-06,11.423,0.000173071
4.03908,11.9043,11.6933,0.211077,0.0991205,0,1.80952e-05,-6.75379e-06,11.5939,0.000181223
4.04494,11.98,11.8716,0.10841,0.102649,0,1.6965e-05,-6.74157e-06,11.7688,0.000189369
4.05081,12.0872,12.0542,0.033017,0.106379,0,1.58941e-05,-6.72938e-06,11.9476,0.000197506
4.05667,12.28,12.2411,0.0389768,0.110329,0,1.48787e-05,-6.71721e-06,12.1305,0.000205637
4.06253,12.3934,12.4324,-0.0389795,0.114517,0,1.39155e-05,-6.70507e-06,12.3177,0.00021376
4.06839,12.6052,12.6284,-0.0231012,0.118962,0,1.30012e-05,-6.69295e-06,12.5092,0.000221876
4.07426,13.0558,12.8291,0.226703,0.123687,0,1.21328e-05,-6.68086e-06,12.7051,0.000229984
4.08012,13.0887,13.0347,0.0539539,0.128717,0,1.13076e-05,-6.6688e-06,12.9057,0.000238085
4.08598,13.2757,13.2454,0.0302302,0.13408,0,1.0523e-05,-6.65676e-06,13.1111,0.000246179
4.09184,13.5823,13.4615,0.120797,0.139807,0,9.77668e-06,-6.64475e-06,13.3214,0.000254265
4.0977,13.7977,13.6829,0.114707,0.145932,0,9.06639e-06,-6.63277e-06,13.5368,0.000262343
4.10357,14.0689,13.9101,0.158834,0.152496,0,8.39007e-06,-6.62081e-06,13.7573,0.000270415
4.10943,14.1691,14.1431,0.0259488,0.159541,0,7.7458e-06,-6.60889e-06,13.9833,0.000278479
4.11529,14.3507,14.3823,-0.031567,0.167118,0,7.1318e-06,-6.59698e-06,14.2149,0.000286535
4.12115,14.7929,14.6277,0.165122,0.175284,0,6.5464e-06,-6.58511e-06,14.4522,0.000294585
4.12702,14.9255,14.8798,0.0456474,0.184104,0,5.98802e-06,-6.57327e-06,14.6954,0.000302626
4.13288,15.2009,15.1387,0.0621557,0.19365,0,5.45521e-06,-6.56145e-06,14.9448,0.000310661
4.13874,15.5003,15.4048,0.095504,0.204009,0,4.94661e-06,-6.54966e-06,15.2005,0.000318688
4.1446,15.6001,15.6783,-0.0782134,0.215276,0,4.46093e-06,-6.53789e-06,15.4627,0.000326707
4.15046,15.9789,15.9596,0.0192484,0.227565,0,3.99697e-06,-6.52616e-06,15.7318,0.000334719
4.15633,16.2587,16.2491,0.00956968,0.241007,0,3.5536e-06,-6.51445e-06,16.0078,0.000342724
4.16219,16.6628,16.5471,0.115663,0.255755,0,3.12978e-06,-6.50277e-06,16.291,0.000350722
4.16805,16.9349,16.854,0.0808373,0.271987,0,2.72451e-06,-6.49112e-06,16.5817,0.000358712
4.17391,17.0871,17.1704,-0.0833251,0.289915,0,2.33685e-06,-6.4795e-06,16.8801,0.000366694
4.17978,17.6805,17.4967,0.183708,0.309791,0,1.96593e-06,-6.46791e-06,17.1866,0.00037467
4.18564,17.8564,17.8336,0.0228372,0.331912,0,1.61092e-06,-6.45634e-06,17.5013,0.000382637
4.1915,18.3179,18.1816,0.136274,0.35664,0,1.27105e-06,-6.44481e-06,17.8246,0.000390598
4.19736,18.6114,18.5416,0.0698552,0.384409,0,9.45576e-07,-6.4333e-06,18.1568,0.000398551
4.20322,18.9452,18.9143,0.0309236,0.415751,0,6.33815e-07,-6.42182e-06,18.4981,0.000406497
4.20909,19.3667,19.3007,0.0660213,0.451317,0,3.35113e-07,-6.41037e-06,18.849,0.000414435
4.21495,19.8631,19.7021,0.16103,0.49192,0,4.88531e-08,-6.39894e-06,19.2097,0.000422366
4.22081,20.1471,20.1197,0.0273917,0.538574,0,-2.25545e-07,-6.38755e-06,19.5807,0.000430289
4.22667,20.5732,20.5552,0.0179752,0.592567,0,-4.8863e-07,-6.37619e-06,19.9622,0.000438205
4.23254,21.1715,21.0108,0.160753,0.65555,0,-7.40922e-07,-6.36485e-06,20.3548,0.000446114
4.2384,21.7357,21.4888,0.246872,0.729667,0,-9.82914e-07,-6.35354e-06,20.7587,0.000454015
4.24426,22.3971,21.9926,0.404434,0.817745,0,-1.21507e-06,-6.34227e-06,21.1744,0.000461909
4.25012,22.9536,22.5265,0.427119,0.923575,0,-1.43783e-06,-6.33102e-06,21.6025,0.000469796
4.25598,23.3064,23.096,0.210447,1.05233,0,-1.65161e-06,-6.3198e-06,22.0432,0.000477675
4.26185,23.7391,23.7088,0.0302861,1.2112,0,-1.85681e-06,-6.3086e-06,22.4972,0.000485547
4.26771,24.3146,24.3758,-0.0612327,1.41047,0,-2.05381e-06,-6.29744e-06,22.9648,0.000493411
4.27357,25.1179,25.1125,0.00544453,1.6652,0,-2.24295e-06,-6.28631e-06,23.4468,0.000501268
4.27943,25.9877,25.9421,0.0455561,1.99811,0,-2.42459e-06,-6.27521e-06,23.9435,0.000509117
4.2853,26.9638,26.901,0.0628187,2.44487,0,-2.59903e-06,-6.26413e-06,24.4556,0.00051696
4.29116,27.8013,28.0481,-0.246789,3.0638,0,-2.76659e-06,-6.25308e-06,24.9837,0.000524794
4.29702,29.1714,29.4843,-0.312988,3.95533,0,-2.92755e-06,-6.24207e-06,25.5285,0.000532622
4.30288,31.0428,31.3944,-0.351689,5.30339,0,-3.0822e-06,-6.23108e-06,26.0905,0.000540442
4.30874,33.7163,34.1418,-0.425514,7.47069,0,-3.23078e-06,-6.22012e-06,26.6705,0.000548254
4.31461,38.1417,38.5072,-0.365517,11.2374,0,-3.37356e-06,-6.20919e-06,27.2693,0.000556059
4.32047,48.0477,46.3235,1.72415,18.4355,0,-3.51078e-06,-6.19829e-06,27.8875,0.000563857
4.32633,68.7947,61.947,6.84773,33.4204,0,-3.64265e-06,-6.18742e-06,28.526,0.000571648
4.33219,98.5665,90.3716,8.1949,61.1855,0,-3.76939e-06,-6.17657e-06,29.1855,0.000579431
4.33806,97.1081,102.093,-4.98463,72.2251,0,-3.89122e-06,-6.16576e-06,29.8671,0.000587206
4.34392,67.9395,74.4651,-6.52566,43.893,0,-4.00832e-06,-6.15498e-06,30.5715,0.000594974
4.34978,49.3209,54.2731,-4.9522,22.9727,0,-4.12089e-06,-6.14422e-06,31.2998,0.000602735
4.35564,41.6414,45.1282,-3.4868,13.0747,0,-4.22909e-06,-6.13349e-06,32.0529,0.000610489
4.3615,38.8831,41.025,-2.14194,8.19248,0,-4.33311e-06,-6.12279e-06,32.8319,0.000618235
4.36737,37.9376,39.1722,-1.23468,5.53371,0,-4.43311e-06,-6.11213e-06,33.6379,0.000625973
4.37323,37.6295,38.4269,-0.797362,3.95421,0,-4.52924e-06,-6.10149e-06,34.4721,0.000633705
4.37909,37.8061,38.285,-0.478899,2.94887,0,-4.62165e-06,-6.09087e-06,35.3355,0.000641429
4.38495,38.013,38.5035,-0.490523,2.2733,0,-4.71048e-06,-6.08029e-06,36.2296,0.000649145
4.39082,38.34,38.9554,-0.615478,1.79927,0,-4.79587e-06,-6.06974e-06,37.1555,0.000656854
4.39668,39.3873,39.5702,-0.182859,1.4548,0,-4.87795e-06,-6.05921e-06,38.1147,0.000664556
4.40254,40.1882,40.3065,-0.118288,1.19716,0,-4.95684e-06,-6.04872e-06,39.1087,0.00067225
4.4084,41.0491,41.1393,-0.090132,0.999755,0,-5.03266e-06,-6.03825e-06,40.1388,0.000679937
4.41426,42.1549,42.0528,0.102048,0.845389,0,-5.10554e-06,-6.02781e-06,41.2068,0.000687616
4.42013,42.9812,43.0373,-0.0561186,0.722547,0,-5.17556e-06,-6.0174e-06,42.3141,0.000695288
4.42599,44.0009,44.0865,-0.0856127,0.623301,0,-5.24285e-06,-6.00702e-06,43.4625,0.000702953
4.43185,45.1357,45.1966,-0.0608601,0.542049,0,-5.3075e-06,-5.99667e-06,44.6539,0.000710611
4.43771,46.5367,46.3654,0.171296,0.474749,0,-5.3696e-06,-5.98634e-06,45.8899,0.00071826
4.44358,47.7829,47.5918,0.191084,0.418426,0,-5.42925e-06,-5.97605e-06,47.1726,0.000725903
4.44944,48.8359,48.8756,-0.039716,0.370853,0,-5.48654e-06,-5.96578e-06,48.504,0.000733538
4.4553,50.426,50.2171,0.208842,0.330335,0,-5.54156e-06,-5.95554e-06,49.8861,0.000741166
4.46116,51.7597,51.6173,0.14233,0.295567,0,-5.59437e-06,-5.94533e-06,51.321,0.000748786
4.46702,53.2431,53.0773,0.165742,0.26553,0,-5.64507e-06,-5.93515e-06,52.811,0.000756399
4.47289,54.6686,54.5986,0.0700544,0.239418,0,-5.69372e-06,-5.92499e-06,54.3584,0.000764005
4.47875,56.4682,56.1828,0.285389,0.21659,0,-5.7404e-06,-5.91487e-06,55.9655,0.000771603
4.48461,58.0563,57.832,0.224311,0.196529,0,-5.78518e-06,-5.90477e-06,57.6347,0.000779194
4.49047,59.8373,59.5481,0.2892,0.178815,0,-5.82812e-06,-5.8947e-06,59.3685,0.000786777
4.49634,61.4365,61.3332,0.103238,0.163104,0,-5.86929e-06,-5.88466e-06,61.1693,0.000794353
4.5022,63.3934,63.1897,0.203662,0.149112,0,-5.90875e-06,-5.87465e-06,63.0398,0.000801922
4.50806,65.3015,65.1199,0.181562,0.136603,0,-5.94656e-06,-5.86466e-06,64.9825,0.000809483
4.51392,67.2749,67.1262,0.148723,0.125381,0,-5.98277e-06,-5.8547e-06,67,0.000817037
4.51979,69.2987,69.2109,0.0877676,0.11528,0,-6.01745e-06,-5.84477e-06,69.0948,0.000824583
4.52565,71.4578,71.3765,0.0813035,0.10616,0,-6.05063e-06,-5.83487e-06,71.2695,0.000832122
4.53151,73.6636,73.6253,0.0382823,0.0979008,0,-6.08238e-06,-5.825e-06,73.5266,0.000839654
4.53737,76.0315,75.9595,0.0720252,0.0904016,0,-6.11273e-06,-5.81515e-06,75.8683,0.000847178
4.54323,78.5218,78.3814,0.140471,0.0835747,0,-6.14175e-06,-5.80533e-06,78.2969,0.000854695
4.5491,81.1091,80.8928,0.216247,0.0773448,0,-6.16947e-06,-5.79554e-06,80.8146,0.000862204
4.55496,83.5407,83.4956,0.0450273,0.0716468,0,-6.19593e-06,-5.78578e-06,83.4231,0.000869706
4.56082,86.2319,86.1913,0.04055,0.0664239,0,-6.22118e-06,-5.77604e-06,86.1241,0.000877201
4.56668,89.0576,88.9811,0.0765299,0.0616268,0,-6.24526e-06,-5.76633e-06,88.9186,0.000884688
4.57255,91.8588,91.8656,-0.00682111,0.0572122,0,-6.26821e-06,-5.75665e-06,91.8075,0.000892168
4.57841,94.9336,94.8452,0.0884356,0.0531422,0,-6.29006e-06,-5.747e-06,94.7912,0.000899641
4.58427,98.0364,97.9195,0.116868,0.0493833,0,-6.31085e-06,-5.73737e-06,97.8692,0.000907106
4.59013,101.217,101.087,0.129239,0.0459061,0,-6.33062e-06,-5.72777e-06,101.041,0.000914563
4.59599,104.531,104.347,0.184207,0.0426842,0,-6.3494e-06,-5.71819e-06,104.304,0.000922014
4.60186,107.941,107.696,0.244872,0.0396945,0,-6.36722e-06,-5.70865e-06,107.655,0.000929456
4.60772,111.376,111.13,0.245796,0.0369163,0,-6.38411e-06,-5.69913e-06,111.092,0.000936892
4.61358,114.838,114.645,0.19376,0.0343311,0,-6.4001e-06,-5.68964e-06,114.609,0.00094432
4.61944,118.434,118.233,0.200775,0.0319222,0,-6.41523e-06,-5.68017e-06,118.2,0.000951741
4.62531,121.958,121.887,0.0709927,0.029675,0,-6.42951e-06,-5.67073e-06,121.857,0.000959154
4.63117,125.611,125.599,0.0119034,0.027576,0,-6.44298e-06,-5.66132e-06,125.57,0.00096656
4.63703,129.486,129.356,0.130646,0.0256131,0,-6.45567e-06,-5.65193e-06,129.329,0.000973959
4.64289,133.296,133.145,0.150801,0.0237757,0,-6.46759e-06,-5.64258e-06,133.12,0.00098135
4.64875,137.249,136.953,0.295973,0.0220538,0,-6.47877e-06,-5.63324e-06,136.93,0.000988734
4.65462,140.872,140.761,0.111011,0.0204386,0,-6.48924e-06,-5.62394e-06,140.74,0.00099611
4.66048,144.528,144.552,-0.0231764,0.0189219,0,-6.49902e-06,-5.61466e-06,144.532,0.00100348
4.66634,148.346,148.303,0.0425283,0.0174965,-0,-6.50813e-06,-5.6054e-06,148.285,0.00101084
4.6722,151.978,151.993,-0.0152318,0.0161556,-0,-6.5166e-06,-5.59617e-06,151.976,0.00101819
4.67807,155.513,155.596,-0.0831518,0.0148932,-0,-6.52443e-06,-5.58697e-06,155.58,0.00102554
4.68393,159.177,159.087,0.0903944,0.0137037,-0,-6.53166e-06,-5.5778e-06,159.072,0.00103288
4.68979,162.62,162.437,0.182861,0.012582,-0,-6.5383e-06,-5.56865e-06,162.423,0.00104021
4.69565,165.677,165.618,0.0591131,0.0115234,-0,-6.54437e-06,-5.55952e-06,165.605,0.00104754
4.70151,168.521,168.602,-0.0811251,0.0105237,-0,-6.54988e-06,-5.55043e-06,168.59,0.00105485
4.70738,171.308,171.359,-0.0503866,0.00957888,-0,-6.55487e-06,-5.54135e-06,171.348,0.00106216
4.71324,173.782,173.861,-0.0782961,0.00868533,-0,-6.55933e-06,-5.53231e-06,173.851,0.00106947
4.7191,175.865,176.081,-0.21615,0.00783973,-0,-6.56329e-06,-5.52329e-06,176.072,0.00107676
4.72496,177.931,177.994,-0.0630657,0.00703901,-0,-6.56677e-06,-5.51429e-06,177.986,0.00108405
4.73083,179.509,179.577,-0.0679314,0.00628031,-0,-6.56978e-06,-5.50532e-06,179.57,0.00109133
4.73669,180.819,180.811,0.00799706,0.00556101,-0,-6.57233e-06,-5.49638e-06,180.805,0.0010986
4.74255,181.544,181.681,-0.137586,0.00487869,-0,-6.57444e-06,-5.48746e-06,181.675,0.00110587
4.74841,182.04,182.175,-0.135139,0.00423109,-0,-6.57612e-06,-5.47856e-06,182.17,0.00111313
4.75427,182.142,182.287,-0.144921,0.00361612,-0,-6.57739e-06,-5.4697e-06,182.282,0.00112038
4.76014,181.719,182.013,-0.294052,0.00303185,-0,-6.57826e-06,-5.46085e-06,182.009,0.00112762
4.766,181.404,181.358,0.0467352,0.00247647,-0,-6.57873e-06,-5.45203e-06,181.354,0.00113486
4.77186,180.061,180.328,-0.266753,0.00194831,-0,-6.57883e-06,-5.44324e-06,180.325,0.00114208
4.77772,178.664,178.936,-0.271603,0.00144581,-0,-6.57857e-06,-5.43447e-06,178.933,0.00114931
4.78359,177.001,177.198,-0.19706,0.000967521,-0,-6.57795e-06,-5.42573e-06,177.196,0.00115652
4.78945,174.855,175.135,-0.279365,0.000512078,-0,-6.57699e-06,-5.41701e-06,175.133,0.00116373
4.79531,172.651,172.769,-0.117871,7.82195e-05,-0,-6.5757e-06,-5.40831e-06,172.767,0.00117092
4.80117,169.982,170.126,-0.143466,-0.000335236,-0,-6.57408e-06,-5.39964e-06,170.125,0.00117812
4.80703,167.138,167.233,-0.095304,-0.000729395,-0,-6.57216e-06,-5.391e-06,167.233,0.0011853
4.8129,164.061,164.12,-0.0592079,-0.00110529,-0,-6.56993e-06,-5.38237e-06,164.12,0.00119248
4.81876,160.76,160.815,-0.0554972,-0.00146389,-0,-6.56741e-06,-5.37378e-06,160.816,0.00119965
4.82462,157.304,157.349,-0.0449214,-0.00180611,-0,-6.56461e-06,-5.3652e-06,157.349,0.00120681
4.83048,153.691,153.748,-0.0571114,-0.00213279,-0,-6.56153e-06,-5.35665e-06,153.749,0.00121396
4.83635,150.041,150.042,-0.00112094,-0.00244473,-0,-6.55819e-06,-5.34813e-06,150.043,0.00122111
4.84221,146.313,146.256,0.0572953,-0.00274269,-0,-6.55459e-06,-5.33963e-06,146.257,0.00122825
4.84807,142.399,142.415,-0.0156017,-0.00302737,-0,-6.55074e-06,-5.33115e-06,142.417,0.00123538
4.85393,138.493,138.542,-0.0486949,-0.00329943,-0,-6.54665e-06,-5.3227e-06,138.544,0.00124251
4.85979,134.609,134.658,-0.0486796,-0.0035595,-0,-6.54233e-06,-5.31427e-06,134.66,0.00124962
4.86566,130.802,130.781,0.0211463,-0.00380816,-0,-6.53778e-06,-5.30587e-06,130.783,0.00125673
4.87152,126.913,126.928,-0.0146116,-0.00404598,-0,-6.53301e-06,-5.29748e-06,126.931,0.00126384
4.87738,123.092,123.114,-0.022191,-0.00427346,-0,-6.52803e-06,-5.28913e-06,123.117,0.00127093
4.88324,119.228,119.351,-0.123011,-0.00449111,-0,-6.52284e-06,-5.28079e-06,119.355,0.00127802
4.88911,115.815,115.651,0.163439,-0.00469939,-0,-6.51746e-06,-5.27248e-06,115.655,0.0012851
4.89497,111.987,112.022,-0.03571,-0.00489874,-0,-6.51188e-06,-5.26419e-06,112.026,0.00129217
4.90083,108.645,108.472,0.172901,-0.00508958,-0,-6.50611e-06,-5.25593e-06,108.476,0.00129924
4.90669,105.164,105.007,0.157381,-0.00527229,-0,-6.50017e-06,-5.24769e-06,105.011,0.0013063
4.91255,101.807,101.631,0.175517,-0.00544724,-0,-6.49405e-06,-5.23947e-06,101.635,0.00131335
4.91842,98.4615,98.3486,0.112897,-0.0056148,-0,-6.48776e-06,-5.23127e-06,98.3529,0.00132039
4.92428,95.278,95.1614,0.11664,-0.00577529,-0,-6.48131e-06,-5.2231e-06,95.1659,0.00132743
4.93014,92.1716,92.0712,0.100452,-0.00592903,-0,-6.4747e-06,-5.21495e-06,92.0758,0.00133446
4.936,89.2026,89.0787,0.123935,-0.00607631,-0,-6.46794e-06,-5.20683e-06,89.0834,0.00134148
4.94187,86.3381,86.1839,0.154181,-0.00621742,-0,-6.46103e-06,-5.19872e-06,86.1888,0.00134849
4.94773,83.6126,83.3865,0.226141,-0.00635264,-0,-6.45397e-06,-5.19064e-06,83.3915,0.0013555
4.95359,80.7033,80.6852,0.0181331,-0.0064822,-0,-6.44678e-06,-5.18258e-06,80.6903,0.0013625
4.95945,78.1698,78.0787,0.0911286,-0.00660637,-0,-6.43945e-06,-5.17455e-06,78.0839,0.00136949
4.96532,75.7812,75.5652,0.215952,-0.00672536,-0,-6.432e-06,-5.16653e-06,75.5706,0.00137648
4.97118,73.3758,73.1427,0.233031,-0.0068394,-0,-6.42442e-06,-5.15854e-06,73.1482,0.00138345
4.97704,70.8254,70.809,0.016417,-0.00694869,-0,-6.41672e-06,-5.15057e-06,70.8145,0.00139042
4.9829,68.6349,68.5615,0.0733666,-0.00705344,-0,-6.4089e-06,-5.14263e-06,68.5672,0.00139739
4.98876,66.4847,66.3979,0.0868833,-0.00715383,-0,-6.40097e-06,-5.1347e-06,66.4036,0.00140434
4.99463,64.4028,64.3154,0.0874529,-0.00725003,-0,-6.39294e-06,-5.1268e-06,64.3212,0.00141129
5.00049,62.1692,62.3114,-0.142167,-0.00734224,-0,-6.38479e-06,-5.11892e-06,62.3173,0.00141823
5.00635,60.4572,60.3833,0.0739196,-0.00743059,-0,-6.37655e-06,-5.11106e-06,60.3893,0.00142516
5.01221,58.4395,58.5283,-0.0888078,-0.00751526,-0,-6.36821e-06,-5.10322e-06,58.5344,0.00143209
5.01808,56.9535,56.7437,0.209794,-0.00759638,-0,-6.35977e-06,-5.09541e-06,56.7499,0.001439
5.02394,55.1851,55.027,0.158134,-0.00767411,-0,-6.35124e-06,-5.08761e-06,55.0332,0.00144592
5.0298,53.448,53.3755,0.072584,-0.00774857,-0,-6.34263e-06,-5.07984e-06,53.3818,0.00145282
5.03566,51.8998,51.7866,0.113214,-0.00781989,-0,-6.33393e-06,-5.07209e-06,51.793,0.00145971
5.04152,50.3375,50.2579,0.0795236,-0.0078882,-0,-6.32515e-06,-5.06436e-06,50.2644,0.0014666
5.04739,48.7935,48.787,0.00645528,-0.00795361,-0,-6.31629e-06,-5.05666e-06,48.7935,0.00147348
5.05325,47.3956,47.3715,0.0240849,-0.00801624,-0,-6.30735e-06,-5.04897e-06,47.3781,0.00148036
5.05911,46.0781,46.0092,0.0689359,-0.00807619,-0,-6.29835e-06,-5.04131e-06,46.0158,0.00148722
5.06497,44.6734,44.6978,-0.0243426,-0.00813357,-0,-6.28927e-06,-5.03366e-06,44.7044,0.00149408
5.07084,43.5215,43.4352,0.0863512,-0.00818847,-0,-6.28013e-06,-5.02604e-06,43.4419,0.00150093
5.0767,42.3751,42.2194,0.155703,-0.00824099,-0,-6.27092e-06,-5.01844e-06,42.2261,0.00150778
5.08256,41.2202,41.0484,0.171757,-0.00829122,-0,-6.26165e-06,-5.01086e-06,41.0552,0.00151461
5.08842,40.1059,39.9204,0.185474,-0.00833924,-0,-6.25232e-06,-5.0033e-06,39.9273,0.00152144
5.09428,39.0335,38.8336,0.199886,-0.00838513,-0,-6.24293e-06,-4.99576e-06,38.8405,0.00152827
5.10015,37.9349,37.7861,0.148774,-0.00842898,-0,-6.23348e-06,-4.98825e-06,37.793,0.00153508
5.10601,36.9647,36.7764,0.188291,-0.00847086,-0,-6.22399e-06,-4.98075e-06,36.7834,0.00154189
5.11187,35.8875,35.8029,0.0845748,-0.00851084,-0,-6.21444e-06,-4.97327e-06,35.8099,0.00154869
5.11773,34.9487,34.864,0.0846768,-0.00854899,-0,-6.20485e-06,-4.96582e-06,34.871,0.00155548
5.1236,34.1353,33.9583,0.177014,-0.00858539,-0,-6.19521e-06,-4.95838e-06,33.9653,0.00156226
5.12946,33.3363,33.0843,0.251933,-0.00862008,-0,-6.18552e-06,-4.95097e-06,33.0914,0.00156904
5.13532,32.3036,32.2409,0.0626639,-0.00865314,-0,-6.1758e-06,-4.94357e-06,32.248,0.00157581
5.14118,31.3304,31.4266,-0.0962468,-0.00868462,-0,-6.16603e-06,-4.9362e-06,31.4338,0.00158257
5.14704,30.8274,30.6404,0.18698,-0.00871457,-0,-6.15622e-06,-4.92884e-06,30.6475,0.00158933
5.15291,30.0612,29.8809,0.180237,-0.00874307,-0,-6.14638e-06,-4.92151e-06,29.8881,0.00159608
5.15877,29.3865,29.1472,0.239324,-0.00877014,-0,-6.1365e-06,-4.9142e-06,29.1544,0.00160282
5.16463,28.6096,28.4382,0.171421,-0.00879585,-0,-6.12659e-06,-4.9069e-06,28.4454,0.00160955
5.17049,27.8421,27.7528,0.0892793,-0.00882025,-0,-6.11665e-06,-4.89963e-06,27.76,0.00161628
5.17636,27.0732,27.0901,-0.0169044,-0.00884337,-0,-6.10668e-06,-4.89237e-06,27.0973,0.001623
5.18222,26.3698,26.4492,-0.0793641,-0.00886527,-0,-6.09668e-06,-4.88514e-06,26.4564,0.00162971
5.18808,25.9534,25.8292,0.124202,-0.00888598,-0,-6.08665e-06,-4.87792e-06,25.8364,0.00163641
5.19394,25.3708,25.2292,0.141555,-0.00890556,-0,-6.0766e-06,-4.87073e-06,25.2365,0.00164311
5.1998,24.7333,24.6486,0.0846935,-0.00892402,-0,-6.06652e-06,-4.86355e-06,24.6558,0.00164979
5.20567,24.0212,24.0864,-0.0652484,-0.00894143,-0,-6.05642e-06,-4.8564e-06,24.0937,0.00165648
5.21153,23.4858,23.542,-0.0561815,-0.0089578,-0,-6.0463e-06,-4.84926e-06,23.5493,0.00166315
5.21739,22.9518,23.0147,-0.062947,-0.00897319,-0,-6.03616e-06,-4.84214e-06,23.022,0.00166982
5.22325,22.4678,22.5038,-0.0360179,-0.00898761,-0,-6.02601e-06,-4.83505e-06,22.5111,0.00167648
5.22912,21.7414,22.0087,-0.267287,-0.0090011,-0,-6.01583e-06,-4.82797e-06,22.016,0.00168313
5.23498,21.4794,21.5288,-0.049366,-0.00901371,-0,-6.00564e-06,-4.82091e-06,21.5361,0.00168977
5.24084,21.2027,21.0635,0.139287,-0.00902544,-0,-5.99543e-06,-4.81387e-06,21.0708,0.00169641
5.2467,20.6125,20.6122,0.000363255,-0.00903634,-0,-5.98522e-06,-4.80685e-06,20.6195,0.00170304
5.25256,20.1856,20.1744,0.011206,-0.00904643,-0,-5.97498e-06,-4.79984e-06,20.1817,0.00170966
5.25843,19.7868,19.7496,0.0371293,-0.00905575,-0,-5.96474e-06,-4.79286e-06,19.757,0.00171628
5.26429,19.2638,19.3374,-0.0735334,-0.0090643,-0,-5.95449e-06,-4.7859e-06,19.3447,0.00172288
5.27015,18.9625,18.9372,0.0252978,-0.00907213,-0,-5.94422e-06,-4.77895e-06,18.9445,0.00172948
5.27601,18.488,18.5486,-0.0606477,-0.00907926,-0,-5.93395e-06,-4.77202e-06,18.556,0.00173608
5.28188,18.1191,18.1712,-0.0521582,-0.0090857,-0,-5.92368e-06,-4.76511e-06,18.1786,0.00174266
5.28774,17.8189,17.8046,0.0142269,-0.00909148,-0,-5.91339e-06,-4.75823e-06,17.812,0.00174924
5.2936,17.4537,17.4484,0.00523896,-0.00909663,-0,-5.9031e-06,-4.75135e-06,17.4558,0.00175581
5.29946,17.1185,17.1023,0.0162838,-0.00910116,-0,-5.89281e-06,-4.7445e-06,17.1096,0.00176237
5.30532,16.6908,16.7658,-0.0749819,-0.00910509,-0,-5.88251e-06,-4.73767e-06,16.7731,0.00176893
5.31119,16.4888,16.4386,0.0502503,-0.00910845,-0,-5.87221e-06,-4.73085e-06,16.4459,0.00177548
5.31705,16.0397,16.1204,-0.0806725,-0.00911126,-0,-5.86191e-06,-4.72405e-06,16.1277,0.00178202
5.32291,15.8698,15.8109,0.0589201,-0.00911352,-0,-5.8516e-06,-4.71727e-06,15.8182,0.00178855
5.32877,15.4872,15.5098,-0.0226421,-0.00911526,-0,-5.8413e-06,-4.71051e-06,15.5171,0.00179508
5.33464,15.104,15.2168,-0.112821,-0.0091165,-0,-5.831e-06,-4.70377e-06,15.2241,0.0018016
5.3405,14.8935,14.9316,-0.0381507,-0.00911725,-0,-5.82069e-06,-4.69704e-06,14.9389,0.00180811
5.34636,14.548,14.654,-0.10596,-0.00911753,-0,-5.81039e-06,-4.69033e-06,14.6613,0.00181461
5.35222,14.306,14.3836,-0.0776435,-0.00911736,-0,-5.8001e-06,-4.68364e-06,14.3909,0.00182111
5.35809,14.0862,14.1204,-0.0341067,-0.00911674,-0,-5.7898e-06,-4.67697e-06,14.1277,0.0018276
5.36395,13.9294,13.8639,0.06546,-0.00911569,-0,-5.77951e-06,-4.67032e-06,13.8712,0.00183408
5.36981,13.7104,13.614,0.0963983,-0.00911424,-0,-5.76923e-06,-4.66368e-06,13.6213,0.00184055
5.37567,13.4466,13.3706,0.0760085,-0.00911238,-0,-5.75895e-06,-4.65706e-06,13.3778,0.00184702
5.38153,13.1321,13.1332,-0.00114837,-0.00911014,-0,-5.74867e-06,-4.65046e-06,13.1405,0.00185348
5.3874,12.7621,12.9019,-0.139812,-0.00910752,-0,-5.73841e-06,-4.64388e-06,12.9092,0.00185993
5.39326,12.6156,12.6764,-0.0607653,-0.00910455,-0,-5.72814e-06,-4.63731e-06,12.6836,0.00186638
5.39912,12.4101,12.4564,-0.0462487,-0.00910122,-0,-5.71789e-06,-4.63076e-06,12.4636,0.00187281
5.40498,12.2176,12.2419,-0.0242911,-0.00909755,-0,-5.70765e-06,-4.62423e-06,12.2491,0.00187924
5.41085,11.9777,12.0326,-0.0548439,-0.00909356,-0,-5.69741e-06,-4.61771e-06,12.0398,0.00188567
5.41671,11.7645,11.8283,-0.0638434,-0.00908925,-0,-5.68718e-06,-4.61122e-06,11.8355,0.00189208
5.42257,11.6859,11.629,0.0568623,-0.00908463,-0,-5.67697e-06,-4.60474e-06,11.6362,0.00189849
5.42843,11.3285,11.4345,-0.106011,-0.00907972,-0,-5.66676e-06,-4.59827e-06,11.4417,0.00190489
5.43429,11.2146,11.2446,-0.0300748,-0.00907452,-0,-5.65656e-06,-4.59183e-06,11.2518,0.00191128
5.44016,11.1682,11.0592,0.108943,-0.00906905,-0,-5.64638e-06,-4.5854e-06,11.0664,0.00191767
5.44602,10.8398,10.8782,-0.0384011,-0.0090633,-0,-5.6362e-06,-4.57899e-06,10.8853,0.00192405
5.45188,10.5985,10.7013,-0.102849,-0.0090573,-0,-5.62604e-06,-4.57259e-06,10.7085,0.00193042
5.45774,10.4772,10.5286,-0.0513684,-0.00905104,-0,-5.61589e-06,-4.56621e-06,10.5357,0.00193678
5.46361,10.3127,10.3598,-0.0471127,-0.00904455,-0,-5.60575e-06,-4.55985e-06,10.3669,0.00194314
5.46947,10.2053,10.1949,0.0103993,-0.00903781,-0,-5.59563e-06,-4.5535e-06,10.202,0.00194949
5.47533,10.1628,10.0337,0.129182,-0.00903086,-0,-5.58552e-06,-4.54718e-06,10.0407,0.00195583
5.48119,9.90295,9.8761,0.0268497,-0.00902368,-0,-5.57542e-06,-4.54086e-06,9.88317,0.00196216
5.48705,9.78184,9.72206,0.0597829,-0.00901629,-0,-5.56534e-06,-4.53457e-06,9.72912,0.00196849
5.49292,9.53501,9.57144,-0.0364346,-0.00900869,-0,-5.55527e-06,-4.52829e-06,9.57849,0.00197481
5.49878,9.36731,9.42415,-0.0568428,-0.0090009,-0,-5.54522e-06,-4.52202e-06,9.43118,0.00198112
5.50464,9.28981,9.28009,0.00972221,-0.00899292,-0,-5.53518e-06,-4.51578e-06,9.28711,0.00198742
5.5105,9.07902,9.13917,-0.0601477,-0.00898475,-0,-5.52516e-06,-4.50955e-06,9.14617,0.00199372
5.51637,9.09429,9.0013,0.0929864,-0.0089764,-0,-5.51516e-06,-4.50333e-06,9.00829,0.00200001
5.52223,8.85573,8.86639,-0.0106635,-0.00896788,-0,-5.50517e-06,-4.49714e-06,8.87337,0.00200629
5.52809,8.71516,8.73437,-0.0192127,-0.00895919,-0,-5.4952e-06,-4.49095e-06,8.74133,0.00201257
5.53395,8.50132,8.60515,-0.103831,-0.00895034,-0,-5.48524e-06,-4.48479e-06,8.61209,0.00201883
5.53981,8.40585,8.47866,-0.0728069,-0.00894134,-0,-5.4753e-06,-4.47864e-06,8.48559,0.00202509
5.54568,8.23846,8.35482,-0.116361,-0.00893218,-0,-5.46538e-06,-4.4725e-06,8.36173,0.00203135
5.55154,8.15189,8.23356,-0.0816712,-0.00892288,-0,-5.45547e-06,-4.46638e-06,8.24045,0.00203759
5.5574,7.92342,8.11481,-0.191389,-0.00891344,-0,-5.44559e-06,-4.46028e-06,8.12169,0.00204383
5.56326,7.93867,7.99851,-0.0598386,-0.00890387,-0,-5.43572e-06,-4.4542e-06,8.00537,0.00205006
5.56913,8.02794,7.88458,0.143357,-0.00889416,-0,-5.42587e-06,-4.44812e-06,7.89143,0.00205628
5.57499,7.63942,7.77297,-0.133547,-0.00888433,-0,-5.41604e-06,-4.44207e-06,7.7798,0.0020625
5.58085,7.78404,7.66361,0.120432,-0.00887438,-0,-5.40623e-06,-4.43603e-06,7.67043,0.00206871
5.58671,7.57957,7.55645,0.0231138,-0.00886431,-0,-5.39643e-06,-4.43e-06,7.56325,0.00207491
5.59257,7.53925,7.45143,0.0878228,-0.00885412,-0,-5.38666e-06,-4.424e-06,7.45821,0.0020811
5.59844,7.27885,7.34849,-0.0696409,-0.00884383,-0,-5.3769e-06,-4.418e-06,7.35526,0.00208729
5.6043,7.41423,7.24758,0.16665,-0.00883343,-0,-5.36716e-06,-4.41202e-06,7.25433,0.00209346
5.61016,7.09605,7.14865,-0.0526007,-0.00882293,-0,-5.35745e-06,-4.40606e-06,7.15539,0.00209964
5.61602,7.02664,7.05165,-0.0250144,-0.00881234,-0,-5.34775e-06,-4.40011e-06,7.05837,0.0021058
5.62189,7.09233,6.95653,0.135804,-0.00880165,-0,-5.33807e-06,-4.39418e-06,6.96323,0.00211196
5.62775,6.78245,6.86324,-0.0807846,-0.00879087,-0,-5.32842e-06,-4.38826e-06,6.86992,0.0021181
5.63361,6.52689,6.77173,-0.244844,-0.00878,-0,-5.31878e-06,-4.38236e-06,6.7784,0.00212425
5.63947,6.59944,6.68197,-0.0825308,-0.00876905,-0,-5.30917e-06,-4.37648e-06,6.68862,0.00213038
5.64533,6.49489,6.59391,-0.0990146,-0.00875802,-0,-5.29957e-06,-4.3706e-06,6.60054,0.00213651
5.6512,6.38432,6.5075,-0.123182,-0.00874692,-0,-5.29e-06,-4.36475e-06,6.51411,0.00214263
5.65706,6.29763,6.42271,-0.125075,-0.00873574,-0,-5.28044e-06,-4.3589e-06,6.4293,0.00214874
5.66292,6.16219,6.33949,-0.177308,-0.00872448,-0,-5.27091e-06,-4.35308e-06,6.34607,0.00215484
5.66878,6.33338,6.25782,0.0755581,-0.00871316,-0,-5.2614e-06,-4.34726e-06,6.26438,0.00216094
5.67465,6.31203,6.17765,0.134383,-0.00870178,-0,-5.25191e-06,-4.34147e-06,6.18419,0.00216703
5.68051,6.00868,6.09894,-0.090263,-0.00869033,-0,-5.24244e-06,-4.33568e-06,6.10547,0.00217311
5.68637,5.98194,6.02167,-0.0397317,-0.00867882,-0,-5.23299e-06,-4.32991e-06,6.02818,0.00217919
5.69223,5.888,5.9458,-0.0577988,-0.00866725,-0,-5.22357e-06,-4.32416e-06,5.95229,0.00218526
5.69809,5.95462,5.87129,0.0833295,-0.00865563,-0,-5.21416e-06,-4.31842e-06,5.87776,0.00219132
5.70396,5.74164,5.79811,-0.0564725,-0.00864396,-0,-5.20478e-06,-4.3127e-06,5.80457,0.00219737
5.70982,5.85883,5.72623,0.132596,-0.00863223,-0,-5.19542e-06,-4.30698e-06,5.73267,0.00220341
5.71568,5.69287,5.65563,0.0372438,-0.00862046,-0,-5.18608e-06,-4.30129e-06,5.66205,0.00220945
5.72154,5.52047,5.58627,-0.0658022,-0.00860864,-0,-5.17677e-06,-4.29561e-06,5.59267,0.00221548
5.72741,5.48703,5.51812,-0.0310908,-0.00859678,-0,-5.16747e-06,-4.28994e-06,5.52451,0.00222151
5.73327,5.38391,5.45116,-0.0672526,-0.00858488,-0,-5.1582e-06,-4.28429e-06,5.45753,0.00222752
5.73913,5.57456,5.38537,0.189192,-0.00857293,-0,-5.14895e-06,-4.27865e-06,5.39171,0.00223353
5.74499,5.38833,5.3207,0.0676338,-0.00856095,-0,-5.13972e-06,-4.27302e-06,5.32703,0.00223953
5.75085,5.22895,5.25714,-0.0281938,-0.00854893,-0,-5.13051e-06,-4.26741e-06,5.26345,0.00224553
5.75672,5.19204,5.19467,-0.00262302,-0.00853688,-0,-5.12133e-06,-4.26181e-06,5.20096,0.00225151
5.76258,5.26824,5.13325,0.134987,-0.0085248,-0,-5.11217e-06,-4.25623e-06,5.13953,0.00225749
5.76844,5.01953,5.07287,-0.0533463,-0.00851269,-0,-5.10303e-06,-4.25066e-06,5.07913,0.00226346
5.7743,4.83553,5.01351,-0.177983,-0.00850054,-0,-5.09392e-06,-4.24511e-06,5.01975,0.00226943
5.78017,5.02215,4.95514,0.0670105,-0.00848837,-0,-5.08482e-06,-4.23956e-06,4.96136,0.00227538
5.78603,4.9724,4.89773,0.0746661,-0.00847618,-0,-5.07575e-06,-4.23404e-06,4.90394,0.00228133
5.79189,4.81787,4.84128,-0.0234023,-0.00846396,-0,-5.06671e-06,-4.22852e-06,4.84746,0.00228728
5.79775,4.76783,4.78575,-0.0179207,-0.00845172,-0,-5.05768e-06,-4.22302e-06,4.79192,0.00229321
5.80362,4.82685,4.73113,0.0957166,-0.00843946,-0,-5.04868e-06,-4.21754e-06,4.73728,0.00229914
5.80948,4.44553,4.6774,-0.231874,-0.00842718,-0,-5.0397e-06,-4.21206e-06,4.68353,0.00230506
5.81534,4.67178,4.62454,0.0472384,-0.00841488,-0,-5.03074e-06,-4.2066e-06,4.63066,0.00231097
5.8212,4.56663,4.57254,-0.00590387,-0.00840257,-0,-5.02181e-06,-4.20116e-06,4.57863,0.00231687
5.82706,4.58009,4.52136,0.0587252,-0.00839024,-0,-5.0129e-06,-4.19573e-06,4.52744,0.00232277
5.83293,4.48023,4.47101,0.00922038,-0.00837789,-0,-5.00401e-06,-4.19031e-06,4.47706,0.00232866
5.83879,4.7131,4.42145,0.291647,-0.00836554,-0,-4.99515e-06,-4.1849e-06,4.42749,0.00233455
5.84465,4.39802,4.37268,0.0253397,-0.00835317,-0,-4.9863e-06,-4.17951e-06,4.3787,0.00234042
5.85051,4.43282,4.32467,0.108151,-0.00834079,-0,-4.97749e-06,-4.17413e-06,4.33067,0.00234629
5.85638,4.05963,4.27741,-0.217781,-0.0083284,-0,-4.96869e-06,-4.16876e-06,4.2834,0.00235215
5.86224,4.16565,4.2309,-0.0652465,-0.008316,-0,-4.95992e-06,-4.16341e-06,4.23686,0.002358
5.8681,4.23653,4.1851,0.0514371,-0.0083036,-0,-4.95117e-06,-4.15807e-06,4.19105,0.00236385
5.87396,4.00535,4.14001,-0.134653,-0.00829119,-0,-4.94244e-06,-4.15275e-06,4.14594,0.00236969
5.87982,3.8591,4.09561,-0.236506,-0.00827878,-0,-4.93373e-06,-4.14743e-06,4.10152,0.00237552
5.88569,3.98638,4.05189,-0.0655036,-0.00826636,-0,-4.92505e-06,-4.14213e-06,4.05778,0.00238134
5.89155,4.08153,4.00883,0.0727053,-0.00825394,-0,-4.91639e-06,-4.13684e-06,4.01471,0.00238716
5.89741,4.09696,3.96643,0.130534,-0.00824151,-0,-4.90776e-06,-4.13157e-06,3.97228,0.00239297
5.90327,3.89509,3.92466,-0.0295731,-0.00822909,-0,-4.89915e-06,-4.12631e-06,3.9305,0.00239877
5.90914,3.90378,3.88352,0.0202613,-0.00821667,-0,-4.89056e-06,-4.12106e-06,3.88934,0.00240456
5.915,3.71122,3.843,-0.131773,-0.00820424,-0,-4.88199e-06,-4.11582e-06,3.8488,0.00241035
5.92086,3.92553,3.80307,0.122462,-0.00819182,-0,-4.87345e-06,-4.1106e-06,3.80886,0.00241613
5.92672,3.74232,3.76374,-0.0214206,-0.0081794,-0,-4.86493e-06,-4.10539e-06,3.76951,0.0024219
5.93258,3.83594,3.72499,0.110954,-0.00816698,-0,-4.85643e-06,-4.10019e-06,3.73074,0.00242767
5.93845,3.69067,3.6868,0.00387281,-0.00815457,-0,-4.84795e-06,-4.09501e-06,3.69253,0.00243342
5.94431,3.61518,3.64917,-0.0339949,-0.00814216,-0,-4.8395e-06,-4.08983e-06,3.65489,0.00243917
5.95017,3.75218,3.61209,0.140086,-0.00812976,-0,-4.83107e-06,-4.08467e-06,3.61779,0.00244492
5.95603,3.53095,3.57555,-0.0445947,-0.00811736,-0,-4.82267e-06,-4.07953e-06,3.58122,0.00245065
5.9619,3.64528,3.53953,0.105749,-0.00810497,-0,-4.81428e-06,-4.07439e-06,3.54518,0.00245638
5.96776,3.49799,3.50402,-0.00603426,-0.00809258,-0,-4.80592e-06,-4.06927e-06,3.50966,0.0024621
5.97362,3.37978,3.46903,-0.0892443,-0.00808021,-0,-4.79759e-06,-4.06416e-06,3.47465,0.00246781
5.97948,3.32419,3.43453,-0.110333,-0.00806784,-0,-4.78927e-06,-4.05906e-06,3.44013,0.00247352
5.98534,3.47078,3.40052,0.0702677,-0.00805548,-0,-4.78098e-06,-4.05397e-06,3.4061,0.00247921
5.99121,3.37654,3.36698,0.00955218,-0.00804313,-0,-4.77271e-06,-4.0489e-06,3.37255,0.00248491
5.99707,3.29915,3.33392,-0.0347686,-0.0080308,-0,-4.76446e-06,-4.04384e-06,3.33947,0.00249059
6.00293,3.14342,3.30132,-0.157895,-0.00801847,-0,-4.75624e-06,-4.03879e-06,3.30685,0.00249626
6.00879,3.32966,3.26917,0.0604841,-0.00800615,-0,-4.74804e-06,-4.03375e-06,3.27468,0.00250193
6.01466,3.35151,3.23747,0.114041,-0.00799385,-0,-4.73986e-06,-4.02873e-06,3.24296,0.00250759
6.02052,3.2672,3.2062,0.0610014,-0.00798156,-0,-4.7317e-06,-4.02371e-06,3.21168,0.00251325
6.02638,3.26375,3.17537,0.0883838,-0.00796928,-0,-4.72357e-06,-4.01871e-06,3.18082,0.00251889
6.03224,2.85807,3.14495,-0.286878,-0.00795702,-0,-4.71546e-06,-4.01372e-06,3.15039,0.00252453
6.0381,2.97424,3.11495,-0.140709,-0.00794476,-0,-4.70737e-06,-4.00874e-06,3.12037,0.00253016
6.04397,3.0545,3.08535,-0.0308555,-0.00793253,-0,-4.6993e-06,-4.00378e-06,3.09076,0.00253579
6.04983,3.0529,3.05616,-0.00325493,-0.00792031,-0,-4.69126e-06,-3.99883e-06,3.06154,0.0025414
6.05569,2.96818,3.02735,-0.0591685,-0.0079081,-0,-4.68323e-06,-3.99388e-06,3.03272,0.00254701
6.06155,2.99975,2.99893,0.000816443,-0.00789591,-0,-4.67524e-06,-3.98895e-06,3.00428,0.00255262
6.06742,2.89754,2.97089,-0.0733521,-0.00788373,-0,-4.66726e-06,-3.98403e-06,2.97623,0.00255821
6.07328,2.85476,2.94322,-0.0884673,-0.00787157,-0,-4.6593e-06,-3.97913e-06,2.94854,0.0025638
6.07914,2.76662,2.91592,-0.149306,-0.00785943,-0,-4.65137e-06,-3.97423e-06,2.92122,0.00256938
6.085,2.85326,2.88898,-0.0357174,-0.00784731,-0,-4.64346e-06,-3.96935e-06,2.89426,0.00257495
6.09086,2.77884,2.86239,-0.0835482,-0.0078352,-0,-4.63557e-06,-3.96448e-06,2.86765,0.00258051
6.09673,2.7591,2.83615,-0.0770428,-0.00782311,-0,-4.6277e-06,-3.95962e-06,2.84139,0.00258607
6.10259,2.9152,2.81025,0.104955,-0.00781104,-0,-4.61986e-06,-3.95477e-06,2.81547,0.00259162
6.10845,2.80804,2.78468,0.0233659,-0.00779899,-0,-4.61204e-06,-3.94993e-06,2.78989,0.00259717
6.11431,2.75905,2.75944,-0.000397133,-0.00778695,-0,-4.60424e-06,-3.9451e-06,2.76464,0.0026027
6.12018,2.584,2.73453,-0.150535,-0.00777494,-0,-4.59646e-06,-3.94029e-06,2.73971,0.00260823
6.12604,2.61087,2.70994,-0.0990708,-0.00776294,-0,-4.5887e-06,-3.93549e-06,2.71509,0.00261375
6.1319,2.74562,2.68566,0.0599595,-0.00775097,-0,-4.58097e-06,-3.93069e-06,2.6908,0.00261926
6.13776,2.72831,2.66169,0.0666284,-0.00773901,-0,-4.57325e-06,-3.92591e-06,2.66681,0.00262477
6.14362,2.65914,2.63802,0.0211253,-0.00772707,-0,-4.56556e-06,-3.92114e-06,2.64312,0.00263027
6.14949,2.60027,2.61465,-0.0143784,-0.00771516,-0,-4.55789e-06,-3.91638e-06,2.61973,0.00263576
6.15535,2.58966,2.59157,-0.00190641,-0.00770326,-0,-4.55024e-06,-3.91164e-06,2.59664,0.00264124
6.16121,2.60225,2.56878,0.0334675,-0.00769139,-0,-4.54261e-06,-3.9069e-06,2.57383,0.00264672
6.16707,2.52141,2.54627,-0.0248605,-0.00767953,-0,-4.53501e-06,-3.90217e-06,2.55131,0.00265219
6.17294,2.27547,2.52405,-0.248583,-0.0076677,-0,-4.52742e-06,-3.89746e-06,2.52907,0.00265765
6.1788,2.61115,2.5021,0.109053,-0.00765589,-0,-4.51986e-06,-3.89276e-06,2.5071,0.0026631
6.18466,2.61766,2.48042,0.13724,-0.0076441,-0,-4.51232e-06,-3.88806e-06,2.4854,0.00266855
6.19052,2.48161,2.459,0.0226112,-0.00763234,-0,-4.5048e-06,-3.88338e-06,2.46397,0.00267399
6.19638,2.57539,2.43785,0.137543,-0.00762059,-0,-4.4973e-06,-3.87871e-06,2.4428,0.00267942
6.20225,2.32984,2.41695,-0.0871099,-0.00760887,-0,-4.48982e-06,-3.87405e-06,2.42188,0.00268484
6.20811,2.48939,2.39631,0.0930867,-0.00759717,-0,-4.48237e-06,-3.8694e-06,2.40122,0.00269026
6.21397,2.41829,2.37591,0.0423783,-0.00758549,-0,-4.47493e-06,-3.86477e-06,2.38081,0.00269567
6.21983,2.44945,2.35576,0.0936906,-0.00757384,-0,-4.46752e-06,-3.86014e-06,2.36064,0.00270107
6.2257,2.32725,2.33586,-0.00860482,-0.00756221,-0,-4.46012e-06,-3.85552e-06,2.34072,0.00270647
6.23156,2.32426,2.31619,0.0080762,-0.0075506,-0,-4.45275e-06,-3.85092e-06,2.32103,0.00271186
6.23742,2.35119,2.29675,0.0544405,-0.00753902,-0,-4.4454e-06,-3.84632e-06,2.30158,0.00271724
6.24328,2.39017,2.27755,0.112621,-0.00752745,-0,-4.43807e-06,-3.84173e-06,2.28236,0.00272261
6.24915,2.33771,2.25857,0.0791404,-0.00751592,-0,-4.43076e-06,-3.83716e-06,2.26336,0.00272797
6.25501,2.30217,2.23981,0.0623564,-0.0075044,-0,-4.42347e-06,-3.8326e-06,2.24459,0.00273333
6.26087,2.17983,2.22128,-0.0414478,-0.00749291,-0,-4.4162e-06,-3.82804e-06,2.22604,0.00273868
6.26673,2.35063,2.20296,0.147674,-0.00748145,-0,-4.40895e-06,-3.8235e-06,2.20771,0.00274403
6.27259,2.24539,2.18486,0.0605318,-0.00747,-0,-4.40172e-06,-3.81897e-06,2.18958,0.00274936
6.27846,2.15996,2.16696,-0.00699874,-0.00745858,-0,-4.39451e-06,-3.81445e-06,2.17167,0.00275469
6.28432,2.11263,2.14927,-0.0366426,-0.00744719,-0,-4.38733e-06,-3.80993e-06,2.15397,0.00276001
6.29018,2.00247,2.13179,-0.129318,-0.00743582,-0,-4.38016e-06,-3.80543e-06,2.13647,0.00276532
6.29604,2.00165,2.1145,-0.11285,-0.00742448,-0,-4.37301e-06,-3.80094e-06,2.11917,0.00277063
6.30191,1.91469,2.09742,-0.182726,-0.00741315,-0,-4.36589e-06,-3.79646e-06,2.10206,0.00277593
6.30777,2.04159,2.08053,-0.0389356,-0.00740186,-0,-4.35878e-06,-3.79199e-06,2.08515,0.00278122
6.31363,2.04083,2.06383,-0.0229963,-0.00739059,-0,-4.35169e-06,-3.78753e-06,2.06844,0.0027865
6.31949,2.05774,2.04731,0.01043,-0.00737934,-0,-4.34463e-06,-3.78308e-06,2.05191,0.00279178
6.32535,1.91135,2.03099,-0.119638,-0.00736812,-0,-4.33758e-06,-3.77864e-06,2.03557,0.00279705
6.33122,1.93518,2.01485,-0.0796677,-0.00735692,-0,-4.33055e-06,-3.77421e-06,2.01941,0.00280231
6.33708,1.91029,1.99889,-0.0886009,-0.00734575,-0,-4.32355e-06,-3.76979e-06,2.00343,0.00280757
6.34294,2.04759,1.98311,0.0644851,-0.0073346,-0,-4.31656e-06,-3.76538e-06,1.98764,0.00281281
6.3488,1.8411,1.9675,-0.126396,-0.00732348,-0,-4.3096e-06,-3.76098e-06,1.97201,0.00281805
6.35467,1.76576,1.95206,-0.186306,-0.00731238,-0,-4.30265e-06,-3.75659e-06,1.95656,0.00282329
6.36053,1.99994,1.9368,0.0631417,-0.00730131,-0,-4.29572e-06,-3.75221e-06,1.94128,0.00282851
6.36639,1.97164,1.9217,0.0499334,-0.00729027,-0,-4.28881e-06,-3.74784e-06,1.92617,0.00283373
6.37225,1.76873,1.90677,-0.138047,-0.00727925,-0,-4.28192e-06,-3.74348e-06,1.91122,0.00283894
6.37811,1.97587,1.89201,0.0838593,-0.00726825,-0,-4.27506e-06,-3.73913e-06,1.89644,0.00284414
6.38398,2.04152,1.8774,0.164116,-0.00725728,-0,-4.26821e-06,-3.73479e-06,1.88182,0.00284934
6.38984,2.01771,1.86295,0.15476,-0.00724633,-0,-4.26138e-06,-3.73046e-06,1.86735,0.00285452
6.3957,1.69493,1.84866,-0.153733,-0.00723541,-0,-4.25456e-06,-3.72614e-06,1.85305,0.0028597
6.40156,1.79651,1.83453,-0.0380196,-0.00722452,-0,-4.24777e-06,-3.72182e-06,1.83889,0.00286488
6.40743,1.72326,1.82054,-0.0972772,-0.00721365,-0,-4.241e-06,-3.71752e-06,1.82489,0.00287004
6.41329,1.74879,1.80671,-0.0579175,-0.00720281,-0,-4.23425e-06,-3.71323e-06,1.81104,0.0028752
6.41915,1.62155,1.79302,-0.171465,-0.00719199,-0,-4.22751e-06,-3.70895e-06,1.79734,0.00288035
6.42501,1.89013,1.77948,0.110649,-0.0071812,-0,-4.2208e-06,-3.70467e-06,1.78378,0.0028855
6.43087,1.72989,1.76608,-0.0361931,-0.00717043,-0,-4.2141e-06,-3.70041e-06,1.77037,0.00289063
6.43674,1.7651,1.75282,0.0122806,-0.00715969,-0,-4.20742e-06,-3.69616e-06,1.75709,0.00289576
6.4426,1.81684,1.73971,0.0771388,-0.00714898,-0,-4.20076e-06,-3.69191e-06,1.74396,0.00290088
6.44846,1.8051,1.72673,0.0783686,-0.00713829,-0,-4.19412e-06,-3.68768e-06,1.73097,0.002906
6.45432,1.7734,1.71388,0.0595132,-0.00712762,-0,-4.1875e-06,-3.68345e-06,1.71811,0.0029111
6.46019,1.67848,1.70117,-0.022692,-0.00711699,-0,-4.1809e-06,-3.67923e-06,1.70538,0.0029162
6.46605,1.6996,1.6886,0.0110012,-0.00710637,-0,-4.17431e-06,-3.67503e-06,1.69279,0.00292129
6.47191,1.65515,1.67615,-0.0210007,-0.00709579,-0,-4.16775e-06,-3.67083e-06,1.68033,0.00292638
6.47777,1.43741,1.66383,-0.226425,-0.00708522,-0,-4.1612e-06,-3.66664e-06,1.668,0.00293145
6.48363,1.6759,1.65164,0.0242551,-0.00707469,-0,-4.15467e-06,-3.66246e-06,1.65579,0.00293652
6.4895,1.58375,1.63958,-0.0558258,-0.00706418,-0,-4.14816e-06,-3.65829e-06,1.64371,0.00294159
6.49536,1.5579,1.62764,-0.0697314,-0.00705369,-0,-4.14167e-06,-3.65413e-06,1.63175,0.00294664
6.50122,1.55234,1.61582,-0.063478,-0.00704323,-0,-4.13519e-06,-3.64998e-06,1.61992,0.00295169
6.50708,1.44931,1.60412,-0.154801,-0.0070328,-0,-4.12874e-06,-3.64584e-06,1.6082,0.00295673
6.51295,1.42725,1.59253,-0.165288,-0.00702239,-0,-4.1223e-06,-3.64171e-06,1.5966,0.00296176
6.51881,1.35622,1.58107,-0.224851,-0.00701201,-0,-4.11588e-06,-3.63758e-06,1.58512,0.00296679
6.52467,1.54377,1.56972,-0.0259488,-0.00700165,-0,-4.10948e-06,-3.63347e-06,1.57376,0.0029718
6.53053,1.66022,1.55849,0.10173,-0.00699132,-0,-4.10309e-06,-3.62936e-06,1.56251,0.00297681
6.53639,1.58183,1.54737,0.0344655,-0.00698102,-0,-4.09673e-06,-3.62526e-06,1.55137,0.00298182
6.54226,1.43423,1.53636,-0.102126,-0.00697073,-0,-4.09038e-06,-3.62118e-06,1.54035,0.00298681
6.54812,1.61631,1.52545,0.090855,-0.00696048,-0,-4.08405e-06,-3.6171e-06,1.52943,0.0029918
6.55398,1.50828,1.51466,-0.00638349,-0.00695025,-0,-4.07774e-06,-3.61303e-06,1.51862,0.00299678
6.55984,1.3468,1.50398,-0.157173,-0.00694005,-0,-4.07144e-06,-3.60897e-06,1.50792,0.00300176
6.56571,1.2635,1.49339,-0.229893,-0.00692987,-0,-4.06516e-06,-3.60491e-06,1.49733,0.00300672
6.57157,1.42812,1.48292,-0.0547999,-0.00691971,-0,-4.0589e-06,-3.60087e-06,1.48683,0.00301168
6.57743,1.59071,1.47254,0.118167,-0.00690959,-0,-4.05266e-06,-3.59684e-06,1.47644,0.00301663
6.58329,1.4579,1.46227,-0.00436833,-0.00689948,-0,-4.04643e-06,-3.59281e-06,1.46616,0.00302158
6.58915,1.38705,1.4521,-0.0650456,-0.00688941,-0,-4.04022e-06,-3.58879e-06,1.45597,0.00302651
6.59502,1.39323,1.44203,-0.0487993,-0.00687935,-0,-4.03403e-06,-3.58479e-06,1.44588,0.00303144
6.60088,1.33322,1.43205,-0.0988271,-0.00686933,-0,-4.02786e-06,-3.58079e-06,1.43589,0.00303636
6.60674,1.33722,1.42217,-0.084951,-0.00685932,-0,-4.0217e-06,-3.5768e-06,1.426,0.00304128
6.6126,1.40783,1.41239,-0.00455763,-0.00684935,-0,-4.01556e-06,-3.57281e-06,1.4162,0.00304618
6.61847,1.32916,1.4027,-0.0735374,-0.00683939,-0,-4.00944e-06,-3.56884e-06,1.40649,0.00305108
6.62433,1.45683,1.3931,0.0637351,-0.00682947,-0,-4.00334e-06,-3.56487e-06,1.39688,0.00305598
6.63019,1.3063,1.38359,-0.0772887,-0.00681957,-0,-3.99725e-06,-3.56092e-06,1.38736,0.00306086
6.63605,1.41545,1.37418,0.041272,-0.00680969,-0,-3.99117e-06,-3.55697e-06,1.37793,0.00306574
6.64191,1.40708,1.36485,0.0422271,-0.00679984,-0,-3.98512e-06,-3.55303e-06,1.36859,0.00307061
6.64778,1.32829,1.35561,-0.0273208,-0.00679001,-0,-3.97908e-06,-3.5491e-06,1.35933,0.00307547
6.65364,1.30676,1.34646,-0.0397023,-0.00678021,-0,-3.97306e-06,-3.54518e-06,1.35017,0.00308033
6.6595,1.29134,1.3374,-0.0460519,-0.00677043,-0,-3.96705e-06,-3.54126e-06,1.34109,0.00308517
6.66536,1.47164,1.32842,0.143223,-0.00676068,-0,-3.96107e-06,-3.53736e-06,1.3321,0.00309001
6.67123,1.28213,1.31952,-0.0373898,-0.00675095,-0,-3.95509e-06,-3.53346e-06,1.32319,0.00309485
6.67709,1.40974,1.31071,0.0990305,-0.00674125,-0,-3.94914e-06,-3.52957e-06,1.31436,0.00309967
6.68295,1.42488,1.30198,0.122903,-0.00673157,-0,-3.9432e-06,-3.52569e-06,1.30561,0.00310449
6.68881,1.29484,1.29333,0.00151578,-0.00672191,-0,-3.93728e-06,-3.52182e-06,1.29695,0.0031093
6.69468,1.43646,1.28476,0.151704,-0.00671228,-0,-3.93137e-06,-3.51796e-06,1.28836,0.00311411
6.70054,1.0918,1.27627,-0.184472,-0.00670268,-0,-3.92548e-06,-3.5141e-06,1.27986,0.0031189
6.7064,1.23287,1.26786,-0.0349857,-0.0066931,-0,-3.91961e-06,-3.51025e-06,1.27143,0.00312369
6.71226,1.25829,1.25952,-0.00123333,-0.00668354,-0,-3.91375e-06,-3.50641e-06,1.26308,0.00312847
6.71812,1.24977,1.25126,-0.00149087,-0.00667401,-0,-3.90791e-06,-3.50258e-06,1.25481,0.00313324
6.72399,1.31949,1.24308,0.0764098,-0.0066645,-0,-3.90208e-06,-3.49876e-06,1.24661,0.00313801
6.72985,1.21671,1.23497,-0.0182559,-0.00665502,-0,-3.89627e-06,-3.49495e-06,1.23849,0.00314277
6.73571,1.20069,1.22693,-0.0262444,-0.00664556,-0,-3.89048e-06,-3.49114e-06,1.23044,0.00314752
6.74157,1.31783,1.21897,0.0988572,-0.00663612,-0,-3.8847e-06,-3.48734e-06,1.22246,0.00315227
6.74744,1.2267,1.21108,0.0156248,-0.00662671,-0,-3.87893e-06,-3.48355e-06,1.21455,0.003157
6.7533,1.10635,1.20326,-0.0969062,-0.00661733,-0,-3.87319e-06,-3.47977e-06,1.20672,0.00316173
6.75916,1.21785,1.19551,0.0223476,-0.00660796,-0,-3.86746e-06,-3.47599e-06,1.19896,0.00316645
6.76502,1.18369,1.18783,-0.00413362,-0.00659862,-0,-3.86174e-06,-3.47223e-06,1.19126,0.00317117
6.77088,1.12222,1.18021,-0.0579931,-0.00658931,-0,-3.85604e-06,-3.46847e-06,1.18363,0.00317588
6.77675,1.20504,1.17267,0.0323726,-0.00658002,-0,-3.85036e-06,-3.46472e-06,1.17607,0.00318058
6.78261,1.09842,1.16519,-0.0667694,-0.00657075,-0,-3.84469e-06,-3.46098e-06,1.16858,0.00318527
6.78847,1.04126,1.15778,-0.116514,-0.0065615,-0,-3.83904e-06,-3.45724e-06,1.16116,0.00318995
6.79433,1.08766,1.15043,-0.0627674,-0.00655228,-0,-3.8334e-06,-3.45351e-06,1.1538,0.00319463
6.8002,1.10328,1.14315,-0.0398708,-0.00654309,-0,-3.82777e-06,-3.44979e-06,1.1465,0.0031993
6.80606,1.12614,1.13593,-0.00979377,-0.00653391,-0,-3.82217e-06,-3.44608e-06,1.13927,0.00320397
6.81192,1.00809,1.12878,-0.120683,-0.00652476,-0,-3.81657e-06,-3.44238e-06,1.1321,0.00320862
6.81778,1.2467,1.12169,0.125018,-0.00651564,-0,-3.811e-06,-3.43868e-06,1.125,0.00321327
6.82364,1.21379,1.11466,0.0991318,-0.00650653,-0,-3.80543e-06,-3.435e-06,1.11795,0.00321791
6.82951,1.14822,1.10769,0.0405343,-0.00649745,-0,-3.79989e-06,-3.43132e-06,1.11097,0.00322254
6.83537,1.13206,1.10078,0.0312864,-0.00648839,-0,-3.79436e-06,-3.42764e-06,1.10405,0.00322717
6.84123,0.861843,1.09393,-0.232084,-0.00647936,-0,-3.78884e-06,-3.42398e-06,1.09718,0.00323179
6.84709,1.10294,1.08714,0.0158003,-0.00647035,-0,-3.78334e-06,-3.42032e-06,1.09038,0.0032364
6.85296,0.984801,1.08041,-0.0956044,-0.00646136,-0,-3.77785e-06,-3.41667e-06,1.08363,0.003241
6.85882,1.09033,1.07373,0.016596,-0.0064524,-0,-3.77238e-06,-3.41303e-06,1.07694,0.0032456
6.86468,0.955377,1.06711,-0.111737,-0.00644346,-0,-3.76692e-06,-3.4094e-06,1.07031,0.00325019
6.87054,1.1183,1.06055,0.0577443,-0.00643454,-0,-3.76147e-06,-3.40577e-06,1.06374,0.00325477
6.8764,1.0176,1.05405,-0.0364432,-0.00642564,-0,-3.75605e-06,-3.40215e-06,1.05722,0.00325934
6.88227,1.0137,1.0476,-0.0338975,-0.00641677,-0,-3.75063e-06,-3.39854e-06,1.05076,0.00326391
6.88813,1.17418,1.0412,0.132981,-0.00640792,-0,-3.74523e-06,-3.39493e-06,1.04435,0.00326847
6.89399,1.16651,1.03486,0.13165,-0.00639909,-0,-3.73985e-06,-3.39134e-06,1.03799,0.00327302
6.89985,0.934185,1.02857,-0.0943882,-0.00639028,-0,-3.73448e-06,-3.38775e-06,1.03169,0.00327757
6.90572,0.924759,1.02234,-0.0975782,-0.0063815,-0,-3.72912e-06,-3.38417e-06,1.02544,0.0032821
6.91158,1.00277,1.01615,-0.0133871,-0.00637274,-0,-3.72378e-06,-3.38059e-06,1.01925,0.00328663
6.91744,0.981097,1.01002,-0.0289257,-0.006364,-0,-3.71845e-06,-3.37702e-06,1.0131,0.00329116
6.9233,1.06974,1.00394,0.0657953,-0.00635528,-0,-3.71314e-06,-3.37346e-06,1.00701,0.00329567
6.92916,0.949762,0.997913,-0.0481502,-0.00634659,-0,-3.70784e-06,-3.36991e-06,1.00097,0.00330018
6.93503,0.795906,0.991933,-0.196027,-0.00633792,-0,-3.70255e-06,-3.36637e-06,0.994973,0.00330468
6.94089,0.83761,0.986002,-0.148392,-0.00632927,-0,-3.69728e-06,-3.36283e-06,0.989029,0.00330917
6.94675,0.915399,0.980121,-0.0647217,-0.00632064,-0,-3.69202e-06,-3.3593e-06,0.983135,0.00331366
6.95261,1.0046,0.974288,0.0303158,-0.00631203,-0,-3.68678e-06,-3.35577e-06,0.977288,0.00331814
6.95848,1.04603,0.968502,0.0775281,-0.00630345,-0,-3.68155e-06,-3.35226e-06,0.97149,0.00332261
6.96434,1.10239,0.962764,0.139626,-0.00629489,-0,-3.67633e-06,-3.34875e-06,0.965739,0.00332707
6.9702,1.01891,0.957073,0.0618417,-0.00628635,-0,-3.67113e-06,-3.34525e-06,0.960035,0.00333153
6.97606,0.948139,0.951428,-0.00328915,-0.00627783,-0,-3.66594e-06,-3.34175e-06,0.954377,0.00333597
6.98192,1.01209,0.945829,0.0662651,-0.00626933,-0,-3.66077e-06,-3.33826e-06,0.948765,0.00334042
6.98779,0.948171,0.940276,0.00789532,-0.00626086,-0,-3.65561e-06,-3.33478e-06,0.943199,0.00334485
6.99365,0.889953,0.934767,-0.0448138,-0.0062524,-0,-3.65046e-06,-3.33131e-06,0.937677,0.00334928
6.99951,0.868786,0.929303,-0.0605172,-0.00624397,-0,-3.64533e-06,-3.32784e-06,0.9322,0.00335369
7.00537,0.991884,0.923882,0.068002,-0.00623556,-0,-3.64021e-06,-3.32439e-06,0.926767,0.00335811
7.01124,1.07822,0.918506,0.159711,-0.00622717,-0,-3.6351e-06,-3.32093e-06,0.921377,0.00336251
7.0171,1.08424,0.913172,0.171067,-0.0062188,-0,-3.63001e-06,-3.31749e-06,0.916031,0.00336691
7.02296,0.804286,0.907881,-0.103594,-0.00621046,-0,-3.62493e-06,-3.31405e-06,0.910727,0.0033713
7.02882,0.973451,0.902632,0.0708199,-0.00620213,-0,-3.61986e-06,-3.31062e-06,0.905465,0.00337568
7.03468,0.809404,0.897424,-0.08802,-0.00619383,-0,-3.61481e-06,-3.30719e-06,0.900245,0.00338005
7.04055,0.830927,0.892258,-0.0613315,-0.00618554,-0,-3.60977e-06,-3.30378e-06,0.895066,0.00338442
7.04641,0.922333,0.887133,0.0351997,-0.00617728,-0,-3.60475e-06,-3.30037e-06,0.889928,0.00338878
7.05227,0.763051,0.882048,-0.118997,-0.00616904,-0,-3.59973e-06,-3.29696e-06,0.884831,0.00339313
7.05813,0.721952,0.877003,-0.155052,-0.00616082,-0,-3.59473e-06,-3.29357e-06,0.879774,0.00339748
7.064,0.751614,0.871998,-0.120384,-0.00615262,-0,-3.58974e-06,-3.29018e-06,0.874756,0.00340181
7.06986,0.989706,0.867032,0.122673,-0.00614444,-0,-3.58477e-06,-3.28679e-06,0.869778,0.00340615
7.07572,0.999365,0.862105,0.13726,-0.00613628,-0,-3.57981e-06,-3.28342e-06,0.864838,0.00341047
7.08158,0.810445,0.857217,-0.0467717,-0.00612814,-0,-3.57486e-06,-3.28005e-06,0.859937,0.00341478
7.08745,0.849301,0.852366,-0.00306481,-0.00612002,-0,-3.56993e-06,-3.27669e-06,0.855074,0.00341909
7.09331,0.857363,0.847553,0.00981039,-0.00611193,-0,-3.565e-06,-3.27333e-06,0.850248,0.00342339
7.09917,0.873369,0.842777,0.0305916,-0.00610385,-0,-3.56009e-06,-3.26998e-06,0.84546,0.00342769
7.10503,0.777273,0.838038,-0.0607652,-0.00609579,-0,-3.5552e-06,-3.26664e-06,0.840709,0.00343197
7.11089,0.950428,0.833336,0.117092,-0.00608776,-0,-3.55031e-06,-3.2633e-06,0.835994,0.00343625
7.11676,0.825475,0.82867,-0.0031944,-0.00607974,-0,-3.54544e-06,-3.25997e-06,0.831316,0.00344052
7.12262,0.899136,0.824039,0.0750966,-0.00607174,-0,-3.54058e-06,-3.25665e-06,0.826673,0.00344478
7.12848,0.679219,0.819444,-0.140225,-0.00606377,-0,-3.53573e-06,-3.25334e-06,0.822066,0.00344904
7.13434,0.80811,0.814884,-0.0067738,-0.00605581,-0,-3.5309e-06,-3.25003e-06,0.817494,0.00345329
7.14021,0.820076,0.810359,0.00971683,-0.00604788,-0,-3.52608e-06,-3.24672e-06,0.812956,0.00345753
7.14607,0.936257,0.805868,0.130389,-0.00603996,-0,-3.52127e-06,-3.24343e-06,0.808453,0.00346177
7.15193,0.590737,0.801411,-0.210674,-0.00603206,-0,-3.51647e-06,-3.24014e-06,0.803984,0.00346599
7.15779,0.784723,0.796988,-0.0122652,-0.00602419,-0,-3.51169e-06,-3.23686e-06,0.799549,0.00347021
7.16365,0.864507,0.792599,0.0719086,-0.00601633,-0,-3.50692e-06,-3.23358e-06,0.795147,0.00347442
7.16952,0.782515,0.788242,-0.00572695,-0.00600849,-0,-3.50216e-06,-3.23031e-06,0.790779,0.00347863
7.17538,0.905734,0.783918,0.121816,-0.00600068,-0,-3.49741e-06,-3.22705e-06,0.786443,0.00348283
7.18124,1.01484,0.779627,0.235213,-0.00599288,-0,-3.49267e-06,-3.22379e-06,0.782139,0.00348701
7.1871,0.928024,0.775367,0.152656,-0.0059851,-0,-3.48795e-06,-3.22054e-06,0.777868,0.0034912
7.19297,0.892263,0.77114,0.121124,-0.00597734,-0,-3.48324e-06,-3.21729e-06,0.773628,0.00349537
7.19883,0.930114,0.766944,0.16317,-0.0059696,-0,-3.47854e-06,-3.21406e-06,0.76942,0.00349954
7.20469,0.851792,0.762779,0.0890137,-0.00596188,-0,-3.47385e-06,-3.21083e-06,0.765244,0.0035037
7.21055,0.900684,0.758645,0.142039,-0.00595418,-0,-3.46918e-06,-3.2076e-06,0.761098,0.00350785
7.21641,0.852543,0.754541,0.0980015,-0.0059465,-0,-3.46451e-06,-3.20438e-06,0.756982,0.003512
7.22228,0.712754,0.750468,-0.0377139,-0.00593884,-0,-3.45986e-06,-3.20117e-06,0.752897,0.00351614
7.22814,0.633065,0.746425,-0.113359,-0.00593119,-0,-3.45522e-06,-3.19796e-06,0.748842,0.00352027
7.234,0.818798,0.742411,0.0763866,-0.00592357,-0,-3.4506e-06,-3.19476e-06,0.744817,0.00352439
7.23986,0.816748,0.738427,0.0783212,-0.00591596,-0,-3.44598e-06,-3.19157e-06,0.740821,0.00352851
7.24573,0.692332,0.734472,-0.0421398,-0.00590837,-0,-3.44138e-06,-3.18838e-06,0.736854,0.00353261
7.25159,0.718765,0.730546,-0.011781,-0.00590081,-0,-3.43678e-06,-3.1852e-06,0.732917,0.00353672
7.25745,0.861233,0.726648,0.134584,-0.00589326,-0,-3.4322e-06,-3.18203e-06,0.729008,0.00354081
7.26331,0.597928,0.722779,-0.124852,-0.00588572,-0,-3.42763e-06,-3.17886e-06,0.725127,0.0035449
7.26917,0.593757,0.718938,-0.125181,-0.00587821,-0,-3.42307e-06,-3.1757e-06,0.721274,0.00354897
7.27504,0.742597,0.715125,0.027472,-0.00587072,-0,-3.41853e-06,-3.17254e-06,0.717449,0.00355305
7.2809,0.796617,0.711339,0.0852778,-0.00586324,-0,-3.41399e-06,-3.16939e-06,0.713652,0.00355711
7.28676,0.619777,0.70758,-0.087803,-0.00585579,-0,-3.40947e-06,-3.16625e-06,0.709882,0.00356117
7.29262,0.580912,0.703849,-0.122936,-0.00584835,-0,-3.40496e-06,-3.16311e-06,0.706138,0.00356522
7.29849,0.677511,0.700144,-0.022633,-0.00584093,-0,-3.40046e-06,-3.15998e-06,0.702422,0.00356926
7.30435,0.822272,0.696466,0.125806,-0.00583353,-0,-3.39597e-06,-3.15685e-06,0.698732,0.00357329
7.31021,0.730169,0.692814,0.0373556,-0.00582614,-0,-3.39149e-06,-3.15373e-06,0.695069,0.00357732
7.31607,0.477209,0.689188,-0.211979,-0.00581878,-0,-3.38702e-06,-3.15062e-06,0.691432,0.00358134
7.32193,0.718749,0.685587,0.0331611,-0.00581143,-0,-3.38257e-06,-3.14751e-06,0.68782,0.00358535
7.3278,0.688413,0.682013,0.00640007,-0.0058041,-0,-3.37812e-06,-3.14441e-06,0.684234,0.00358936
7.33366,0.635116,0.678463,-0.0433474,-0.00579679,-0,-3.37369e-06,-3.14132e-06,0.680673,0.00359335
7.33952,0.549647,0.674939,-0.125292,-0.00578949,-0,-3.36927e-06,-3.13823e-06,0.677138,0.00359734
7.34538,0.746442,0.67144,0.0750026,-0.00578222,-0,-3.36486e-06,-3.13514e-06,0.673627,0.00360133
7.35125,0.714554,0.667965,0.0465887,-0.00577496,-0,-3.36046e-06,-3.13207e-06,0.670141,0.0036053
7.35711,0.715657,0.664515,0.0511425,-0.00576772,-0,-3.35607e-06,-3.129e-06,0.66668,0.00360927
7.36297,0.708459,0.661088,0.0473703,-0.0057605,-0,-3.35169e-06,-3.12593e-06,0.663242,0.00361323
7.36883,0.712121,0.657686,0.0544346,-0.00575329,-0,-3.34732e-06,-3.12287e-06,0.659829,0.00361718
7.37469,0.749137,0.654308,0.0948299,-0.0057461,-0,-3.34296e-06,-3.11982e-06,0.656439,0.00362113
7.38056,0.841648,0.650952,0.190696,-0.00573893,-0,-3.33862e-06,-3.11677e-06,0.653073,0.00362507
7.38642,0.601968,0.647621,-0.0456528,-0.00573178,-0,-3.33428e-06,-3.11373e-06,0.64973,0.003629
7.39228,0.622061,0.644312,-0.0222516,-0.00572465,-0,-3.32996e-06,-3.11069e-06,0.64641,0.00363292
7.39814,0.589708,0.641026,-0.0513185,-0.00571753,-0,-3.32564e-06,-3.10766e-06,0.643114,0.00363684
7.40401,0.781661,0.637763,0.143897,-0.00571043,-0,-3.32134e-06,-3.10463e-06,0.63984,0.00364075
7.40987,0.648838,0.634523,0.0143148,-0.00570335,-0,-3.31705e-06,-3.10162e-06,0.636588,0.00364465
7.41573,0.480427,0.631305,-0.150878,-0.00569628,-0,-3.31277e-06,-3.0986e-06,0.633359,0.00364854
7.42159,0.57891,0.628108,-0.0491986,-0.00568923,-0,-3.3085e-06,-3.09559e-06,0.630152,0.00365243
7.42745,0.538879,0.624934,-0.0860546,-0.0056822,-0,-3.30424e-06,-3.09259e-06,0.626966,0.00365631
7.43332,0.52398,0.621781,-0.0978017,-0.00567518,-0,-3.29999e-06,-3.0896e-06,0.623803,0.00366018
7.43918,0.545331,0.61865,-0.0733198,-0.00566818,-0,-3.29575e-06,-3.08661e-06,0.620661,0.00366404
7.44504,0.467384,0.615541,-0.148157,-0.0056612,-0,-3.29152e-06,-3.08362e-06,0.61754,0.0036679
7.4509,0.382079,0.612452,-0.230372,-0.00565424,-0,-3.2873e-06,-3.08064e-06,0.614441,0.00367175
7.45677,0.725197,0.609384,0.115813,-0.00564729,-0,-3.28309e-06,-3.07767e-06,0.611362,0.00367559
7.46263,0.627691,0.606337,0.0213539,-0.00564036,-0,-3.27889e-06,-3.0747e-06,0.608304,0.00367943
7.46849,0.519077,0.603311,-0.084234,-0.00563345,-0,-3.2747e-06,-3.07174e-06,0.605267,0.00368326
7.47435,0.633245,0.600305,0.0329405,-0.00562655,-0,-3.27053e-06,-3.06878e-06,0.602251,0.00368708
7.48021,0.73329,0.597319,0.135971,-0.00561967,-0,-3.26636e-06,-3.06583e-06,0.599254,0.00369089
7.48608,0.466959,0.594353,-0.127395,-0.0056128,-0,-3.2622e-06,-3.06289e-06,0.596278,0.00369469
7.49194,0.509234,0.591407,-0.0821732,-0.00560595,-0,-3.25805e-06,-3.05995e-06,0.593321,0.00369849
7.4978,0.58941,0.588481,0.000928858,-0.00559912,-0,-3.25392e-06,-3.05701e-06,0.590384,0.00370228
7.50366,0.503979,0.585574,-0.0815956,-0.00559231,-0,-3.24979e-06,-3.05409e-06,0.587467,0.00370607
7.50953,0.599999,0.582687,0.0173121,-0.00558551,-0,-3.24567e-06,-3.05116e-06,0.584569,0.00370984
7.51539,0.465598,0.579819,-0.11422,-0.00557872,-0,-3.24156e-06,-3.04825e-06,0.58169,0.00371361
7.52125,0.477835,0.57697,-0.099135,-0.00557196,-0,-3.23747e-06,-3.04533e-06,0.578831,0.00371737
7.52711,0.531563,0.574139,-0.0425764,-0.00556521,-0,-3.23338e-06,-3.04243e-06,0.57599,0.00372112
7.53298,0.59824,0.571328,0.0269125,-0.00555847,-0,-3.2293e-06,-3.03953e-06,0.573168,0.00372487
7.53884,0.5791,0.568535,0.0105651,-0.00555175,-0,-3.22524e-06,-3.03663e-06,0.570364,0.00372861
7.5447,0.502629,0.56576,-0.0631312,-0.00554505,-0,-3.22118e-06,-3.03374e-06,0.567579,0.00373234
7.55056,0.507616,0.563004,-0.0553876,-0.00553836,-0,-3.21713e-06,-3.03085e-06,0.564812,0.00373606
7.55642,0.34042,0.560265,-0.219845,-0.00553169,-0,-3.21309e-06,-3.02798e-06,0.562063,0.00373978
7.56229,0.694229,0.557545,0.136685,-0.00552504,-0,-3.20906e-06,-3.0251e-06,0.559332,0.00374349
7.56815,0.555534,0.554842,0.00069228,-0.0055184,-0,-3.20504e-06,-3.02223e-06,0.556619,0.00374719
7.57401,0.522967,0.552157,-0.02919,-0.00551178,-0,-3.20104e-06,-3.01937e-06,0.553924,0.00375089
7.57987,0.564844,0.549489,0.0153548,-0.00550517,-0,-3.19704e-06,-3.01651e-06,0.551246,0.00375457
7.58574,0.604786,0.546839,0.0579469,-0.00549858,-0,-3.19305e-06,-3.01366e-06,0.548585,0.00375825
7.5916,0.593147,0.544206,0.0489416,-0.005492,-0,-3.18907e-06,-3.01081e-06,0.545942,0.00376192
7.59746,0.490311,0.541589,-0.0512787,-0.00548544,-0,-3.1851e-06,-3.00797e-06,0.543316,0.00376559
7.60332,0.364034,0.53899,-0.174956,-0.00547889,-0,-3.18113e-06,-3.00513e-06,0.540706,0.00376925
7.60918,0.466029,0.536408,-0.0703782,-0.00547236,-0,-3.17718e-06,-3.0023e-06,0.538113,0.0037729
7.61505,0.435259,0.533842,-0.0985827,-0.00546585,-0,-3.17324e-06,-2.99947e-06,0.535537,0.00377654
7.62091,0.447678,0.531292,-0.0836143,-0.00545935,-0,-3.16931e-06,-2.99665e-06,0.532978,0.00378017
7.62677,0.502245,0.528759,-0.0265146,-0.00545286,-0,-3.16538e-06,-2.99384e-06,0.530434,0.0037838
7.63263,0.54005,0.526242,0.013808,-0.00544639,-0,-3.16147e-06,-2.99103e-06,0.527907,0.00378742
7.6385,0.650056,0.523741,0.126315,-0.00543994,-0,-3.15756e-06,-2.98822e-06,0.525396,0.00379104
7.64436,0.543829,0.521256,0.0225727,-0.0054335,-0,-3.15367e-06,-2.98542e-06,0.522901,0.00379464
7.65022,0.359369,0.518787,-0.159418,-0.00542707,-0,-3.14978e-06,-2.98262e-06,0.520422,0.00379824
7.65608,0.523122,0.516334,0.0067887,-0.00542067,-0,-3.1459e-06,-2.97983e-06,0.517959,0.00380183
7.66194,0.603232,0.513896,0.0893362,-0.00541427,-0,-3.14204e-06,-2.97705e-06,0.515511,0.00380541
7.66781,0.379887,0.511473,-0.131586,-0.00540789,-0,-3.13818e-06,-2.97427e-06,0.513078,0.00380899
7.67367,0.526223,0.509066,0.0171568,-0.00540153,-0,-3.13433e-06,-2.9715e-06,0.510661,0.00381256
7.67953,0.52841,0.506674,0.0217366,-0.00539518,-0,-3.13049e-06,-2.96873e-06,0.508259,0.00381612
7.68539,0.457644,0.504297,-0.046653,-0.00538884,-0,-3.12666e-06,-2.96596e-06,0.505872,0.00381967
7.69126,0.503008,0.501934,0.00107362,-0.00538252,-0,-3.12283e-06,-2.9632e-06,0.5035,0.00382322
7.69712,0.535798,0.499587,0.0362113,-0.00537622,-0,-3.11902e-06,-2.96045e-06,0.501142,0.00382676
7.70298,0.563381,0.497254,0.0661268,-0.00536993,-0,-3.11522e-06,-2.9577e-06,0.4988,0.00383029
7.70884,0.623147,0.494936,0.128211,-0.00536365,-0,-3.11142e-06,-2.95495e-06,0.496472,0.00383382
7.7147,0.528586,0.492632,0.0359536,-0.00535739,-0,-3.10763e-06,-2.95221e-06,0.494158,0.00383733
7.72057,0.499255,0.490343,0.00891191,-0.00535114,-0,-3.10386e-06,-2.94948e-06,0.491859,0.00384084
7.72643,0.720223,0.488068,0.232155,-0.00534491,-0,-3.10009e-06,-2.94675e-06,0.489574,0.00384435
7.73229,0.452003,0.485807,-0.033803,-0.00533869,-0,-3.09633e-06,-2.94403e-06,0.487303,0.00384784
7.73815,0.445962,0.483559,-0.0375974,-0.00533249,-0,-3.09257e-06,-2.94131e-06,0.485047,0.00385133
7.74402,0.434912,0.481326,-0.0464146,-0.0053263,-0,-3.08883e-06,-2.93859e-06,0.482804,0.00385481
7.74988,0.537324,0.479107,0.0582178,-0.00532012,-0,-3.0851e-06,-2.93588e-06,0.480574,0.00385828
7.75574,0.598917,0.476901,0.122016,-0.00531396,-0,-3.08137e-06,-2.93318e-06,0.478359,0.00386174
7.7616,0.383834,0.474708,-0.0908747,-0.00530781,-0,-3.07766e-06,-2.93048e-06,0.476157,0.0038652
7.76746,0.561705,0.472529,0.0891754,-0.00530168,-0,-3.07395e-06,-2.92778e-06,0.473968,0.00386865
7.77333,0.382337,0.470364,-0.0880272,-0.00529556,-0,-3.07025e-06,-2.92509e-06,0.471793,0.0038721
7.77919,0.689942,0.468211,0.22173,-0.00528945,-0,-3.06656e-06,-2.92241e-06,0.469631,0.00387553
7.78505,0.467356,0.466072,0.00128406,-0.00528336,-0,-3.06288e-06,-2.91973e-06,0.467483,0.00387896
7.79091,0.568772,0.463946,0.104826,-0.00527728,-0,-3.0592e-06,-2.91705e-06,0.465347,0.00388238
7.79678,0.466586,0.461833,0.00475323,-0.00527122,-0,-3.05554e-06,-2.91438e-06,0.463224,0.00388579
7.80264,0.527852,0.459732,0.0681198,-0.00526517,-0,-3.05188e-06,-2.91172e-06,0.461114,0.0038892
7.8085,0.405485,0.457644,-0.0521596,-0.00525914,-0,-3.04823e-06,-2.90906e-06,0.459017,0.0038926
7.81436,0.451524,0.455569,-0.00404534,-0.00525311,-0,-3.04459e-06,-2.9064e-06,0.456932,0.00389599
7.82022,0.453441,0.453506,-6.49349e-05,-0.00524711,-0,-3.04096e-06,-2.90375e-06,0.45486,0.00389937
7.82609,0.459266,0.451456,0.0078105,-0.00524111,-0,-3.03734e-06,-2.9011e-06,0.4528,0.00390275
7.83195,0.526676,0.449418,0.0772583,-0.00523513,-0,-3.03372e-06,-2.89846e-06,0.450753,0.00390612
7.83781,0.427452,0.447392,-0.01994,-0.00522916,-0,-3.03012e-06,-2.89582e-06,0.448718,0.00390948
7.84367,0.407453,0.445378,-0.0379253,-0.00522321,-0,-3.02652e-06,-2.89319e-06,0.446695,0.00391284
7.84954,0.305311,0.443377,-0.138065,-0.00521727,-0,-3.02293e-06,-2.89056e-06,0.444684,0.00391618
7.8554,0.385736,0.441387,-0.0556509,-0.00521134,-0,-3.01935e-06,-2.88794e-06,0.442685,0.00391952
7.86126,0.374809,0.439409,-0.0646003,-0.00520543,-0,-3.01578e-06,-2.88532e-06,0.440698,0.00392285
7.86712,0.501591,0.437443,0.0641477,-0.00519953,-0,-3.01221e-06,-2.88271e-06,0.438722,0.00392618
7.87298,0.517899,0.435489,0.0824107,-0.00519364,-0,-3.00865e-06,-2.8801e-06,0.436759,0.0039295
7.87885,0.388229,0.433546,-0.0453168,-0.00518776,-0,-3.0051e-06,-2.87749e-06,0.434807,0.00393281
7.88471,0.459409,0.431615,0.0277943,-0.0051819,-0,-3.00156e-06,-2.87489e-06,0.432866,0.00393611
7.89057,0.562717,0.429695,0.133022,-0.00517606,-0,-2.99803e-06,-2.8723e-06,0.430937,0.0039394
7.89643,0.446802,0.427786,0.0190161,-0.00517022,-0,-2.99451e-06,-2.86971e-06,0.429019,0.00394269
7.9023,0.318693,0.425889,-0.107195,-0.0051644,-0,-2.99099e-06,-2.86712e-06,0.427113,0.00394597
7.90816,0.62619,0.424002,0.202188,-0.00515859,-0,-2.98748e-06,-2.86454e-06,0.425218,0.00394924
7.91402,0.534883,0.422127,0.112756,-0.0051528,-0,-2.98398e-06,-2.86197e-06,0.423333,0.00395251
7.91988,0.520528,0.420263,0.100265,-0.00514701,-0,-2.98049e-06,-2.85939e-06,0.42146,0.00395577
7.92574,0.686997,0.41841,0.268588,-0.00514124,-0,-2.977e-06,-2.85683e-06,0.419598,0.00395902
7.93161,0.42011,0.416567,0.0035429,-0.00513549,-0,-2.97353e-06,-2.85426e-06,0.417746,0.00396226
7.93747,0.444262,0.414735,0.0295265,-0.00512974,-0,-2.97006e-06,-2.8517e-06,0.415905,0.0039655
7.94333,0.239989,0.412914,-0.172924,-0.00512401,-0,-2.9666e-06,-2.84915e-06,0.414075,0.00396873
7.94919,0.405581,0.411103,-0.00552201,-0.00511829,-0,-2.96314e-06,-2.8466e-06,0.412255,0.00397195
7.95506,0.444739,0.409303,0.035436,-0.00511259,-0,-2.9597e-06,-2.84406e-06,0.410446,0.00397516
7.96092,0.342657,0.407514,-0.0648562,-0.0051069,-0,-2.95626e-06,-2.84152e-06,0.408648,0.00397837
7.96678,0.304189,0.405734,-0.101546,-0.00510122,-0,-2.95283e-06,-2.83898e-06,0.40686,0.00398157
7.97264,0.356042,0.403965,-0.0479234,-0.00509555,-0,-2.94941e-06,-2.83645e-06,0.405082,0.00398476
7.97851,0.365145,0.402206,-0.0370611,-0.00508989,-0,-2.94599e-06,-2.83392e-06,0.403314,0.00398794
7.98437,0.53993,0.400457,0.139473,-0.00508425,-0,-2.94258e-06,-2.8314e-06,0.401556,0.00399112
7.99023,0.416584,0.398718,0.0178655,-0.00507862,-0,-2.93918e-06,-2.82888e-06,0.399808,0.00399429
7.99609,0.38657,0.396989,-0.0104195,-0.005073,-0,-2.93579e-06,-2.82637e-06,0.398071,0.00399745
8.00195,0.374674,0.39527,-0.0205968,-0.0050674,-0,-2.93241e-06,-2.82386e-06,0.396343,0.00400061
8.00782,0.233984,0.393561,-0.159577,-0.0050618,-0,-2.92903e-06,-2.82135e-06,0.394625,0.00400375
8.01368,0.296816,0.391862,-0.0950454,-0.00505622,-0,-2.92566e-06,-2.81885e-06,0.392917,0.00400689
8.01954,0.231877,0.390172,-0.158295,-0.00505066,-0,-2.9223e-06,-2.81636e-06,0.391218,0.00401003
8.0254,0.352493,0.388492,-0.0359991,-0.0050451,-0,-2.91895e-06,-2.81386e-06,0.38953,0.00401315
8.03127,0.16584,0.386821,-0.220982,-0.00503956,-0,-2.9156e-06,-2.81138e-06,0.38785,0.00401627
8.03713,0.210776,0.38516,-0.174384,-0.00503402,-0,-2.91226e-06,-2.80889e-06,0.38618,0.00401938
8.04299,0.354861,0.383508,-0.0286471,-0.0050285,-0,-2.90893e-06,-2.80641e-06,0.38452,0.00402248
8.04885,0.171965,0.381866,-0.209901,-0.005023,-0,-2.9056e-06,-2.80394e-06,0.382869,0.00402558
8.05471,0.16772,0.380232,-0.212512,-0.0050175,-0,-2.90229e-06,-2.80147e-06,0.381227,0.00402867
8.06058,0.409213,0.378608,0.0306049,-0.00501202,-0,-2.89898e-06,-2.799e-06,0.379594,0.00403175
8.06644,0.258308,0.376993,-0.118685,-0.00500655,-0,-2.89568e-06,-2.79654e-06,0.377971,0.00403482
8.0723,0.338239,0.375387,-0.0371485,-0.00500109,-0,-2.89238e-06,-2.79409e-06,0.376356,0.00403789
8.07816,0.391336,0.37379,0.0175451,-0.00499564,-0,-2.88909e-06,-2.79163e-06,0.374751,0.00404094
8.08403,0.275455,0.372202,-0.096747,-0.0049902,-0,-2.88581e-06,-2.78918e-06,0.373154,0.004044
8.08989,0.179586,0.370623,-0.191038,-0.00498478,-0,-2.88254e-06,-2.78674e-06,0.371567,0.00404704
8.09575,0.456963,0.369053,0.0879102,-0.00497937,-0,-2.87927e-06,-2.7843e-06,0.369988,0.00405008
8.10161,0.339911,0.367491,-0.0275798,-0.00497397,-0,-2.87601e-06,-2.78186e-06,0.368418,0.0040531
8.10747,0.406366,0.365938,0.0404274,-0.00496858,-0,-2.87276e-06,-2.77943e-06,0.366856,0.00405613
8.11334,0.303265,0.364394,-0.0611287,-0.0049632,-0,-2.86952e-06,-2.777e-06,0.365304,0.00405914
8.1192,0.378676,0.362858,0.0158177,-0.00495783,-0,-2.86628e-06,-2.77458e-06,0.363759,0.00406215
8.12506,0.239994,0.361331,-0.121336,-0.00495248,-0,-2.86305e-06,-2.77216e-06,0.362224,0.00406515
8.13092,0.191422,0.359812,-0.16839,-0.00494714,-0,-2.85983e-06,-2.76974e-06,0.360696,0.00406814
8.13679,0.207213,0.358301,-0.151088,-0.00494181,-0,-2.85661e-06,-2.76733e-06,0.359177,0.00407112
8.14265,0.25083,0.356799,-0.105969,-0.00493649,-0,-2.8534e-06,-2.76493e-06,0.357667,0.0040741
8.14851,0.262873,0.355305,-0.0924318,-0.00493118,-0,-2.8502e-06,-2.76252e-06,0.356164,0.00407707
8.15437,0.293895,0.353819,-0.0599238,-0.00492588,-0,-2.847e-06,-2.76012e-06,0.35467,0.00408003
8.16023,0.375108,0.352341,0.0227669,-0.0049206,-0,-2.84382e-06,-2.75773e-06,0.353184,0.00408299
8.1661,0.30584,0.350871,-0.0450314,-0.00491532,-0,-2.84063e-06,-2.75534e-06,0.351706,0.00408594
8.17196,0.424559,0.34941,0.0751495,-0.00491006,-0,-2.83746e-06,-2.75295e-06,0.350237,0.00408888
8.17782,0.306546,0.347956,-0.0414105,-0.00490481,-0,-2.83429e-06,-2.75057e-06,0.348775,0.00409181
8.18368,0.396765,0.34651,0.0502551,-0.00489957,-0,-2.83113e-06,-2.74819e-06,0.347321,0.00409473
8.18955,0.484832,0.345072,0.13976,-0.00489434,-0,-2.82798e-06,-2.74582e-06,0.345875,0.00409765
8.19541,0.551274,0.343642,0.207632,-0.00488912,-0,-2.82483e-06,-2.74345e-06,0.344436,0.00410056
8.20127,0.214045,0.34222,-0.128175,-0.00488392,-0,-2.82169e-06,-2.74108e-06,0.343006,0.00410347
8.20713,0.4666,0.340805,0.125795,-0.00487872,-0,-2.81856e-06,-2.73872e-06,0.341583,0.00410636
8.21299,0.207989,0.339398,-0.131409,-0.00487354,-0,-2.81543e-06,-2.73636e-06,0.340168,0.00410925
8.21886,0.433577,0.337998,0.0955786,-0.00486836,-0,-2.81231e-06,-2.73401e-06,0.33876,0.00411213
8.22472,0.363538,0.336606,0.0269316,-0.0048632,-0,-2.8092e-06,-2.73166e-06,0.33736,0.00411501
8.23058,0.376391,0.335222,0.0411696,-0.00485805,-0,-2.80609e-06,-2.72931e-06,0.335968,0.00411787
8.23644,0.2554,0.333845,-0.0784452,-0.00485291,-0,-2.80299e-06,-2.72697e-06,0.334582,0.00412073
8.24231,0.397805,0.332475,0.0653298,-0.00484778,-0,-2.7999e-06,-2.72463e-06,0.333205,0.00412358
8.24817,0.415815,0.331113,0.0847026,-0.00484266,-0,-2.79681e-06,-2.7223e-06,0.331834,0.00412643
8.25403,0.301894,0.329757,-0.027863,-0.00483755,-0,-2.79373e-06,-2.71997e-06,0.330471,0.00412926
8.25989,0.260756,0.328409,-0.067653,-0.00483246,-0,-2.79066e-06,-2.71764e-06,0.329115,0.00413209
8.26575,0.388249,0.327069,0.0611803,-0.00482737,-0,-2.78759e-06,-2.71532e-06,0.327767,0.00413491
8.27162,0.44232,0.325735,0.116585,-0.00482229,-0,-2.78453e-06,-2.713e-06,0.326425,0.00413773
8.27748,0.432462,0.324408,0.108054,-0.00481723,-0,-2.78148e-06,-2.71068e-06,0.325091,0.00414054
8.28334,0.31882,0.323089,-0.00426897,-0.00481217,-0,-2.77843e-06,-2.70837e-06,0.323763,0.00414334
8.2892,0.320514,0.321776,-0.00126203,-0.00480713,-0,-2.77539e-06,-2.70607e-06,0.322443,0.00414613
8.29507,0.409449,0.320471,0.0889782,-0.0048021,-0,-2.77236e-06,-2.70376e-06,0.321129,0.00414891
8.30093,0.42559,0.319172,0.106419,-0.00479707,-0,-2.76933e-06,-2.70147e-06,0.319823,0.00415169
8.30679,0.457345,0.31788,0.139465,-0.00479206,-0,-2.76631e-06,-2.69917e-06,0.318523,0.00415446
8.31265,0.371823,0.316595,0.0552286,-0.00478706,-0,-2.7633e-06,-2.69688e-06,0.31723,0.00415722
8.31851,0.264498,0.315316,-0.0508184,-0.00478207,-0,-2.76029e-06,-2.69459e-06,0.315944,0.00415998
8.32438,0.326245,0.314044,0.0122001,-0.00477709,-0,-2.75729e-06,-2.69231e-06,0.314664,0.00416273
8.33024,0.359523,0.312779,0.0467442,-0.00477212,-0,-2.75429e-06,-2.69003e-06,0.313391,0.00416547
8.3361,0.274593,0.311521,-0.036928,-0.00476716,-0,-2.7513e-06,-2.68775e-06,0.312125,0.0041682
8.34196,0.341883,0.310269,0.0316137,-0.00476221,-0,-2.74832e-06,-2.68548e-06,0.310866,0.00417093
8.34783,0.238397,0.309024,-0.0706266,-0.00475727,-0,-2.74534e-06,-2.68321e-06,0.309613,0.00417365
8.35369,0.31105,0.307785,0.0032658,-0.00475234,-0,-2.74237e-06,-2.68095e-06,0.308366,0.00417636
8.35955,0.249693,0.306552,-0.0568596,-0.00474742,-0,-2.73941e-06,-2.67869e-06,0.307126,0.00417906
8.36541,0.490232,0.305326,0.184906,-0.00474251,-0,-2.73645e-06,-2.67643e-06,0.305892,0.00418176
8.37128,0.473214,0.304106,0.169108,-0.00473762,-0,-2.7335e-06,-2.67418e-06,0.304665,0.00418444
8.37714,0.378602,0.302893,0.0757094,-0.00473273,-0,-2.73055e-06,-2.67193e-06,0.303444,0.00418713
8.383,0.198928,0.301686,-0.102758,-0.00472785,-0,-2.72761e-06,-2.66968e-06,0.302229,0.0041898
8.38886,0.152297,0.300485,-0.148188,-0.00472298,-0,-2.72468e-06,-2.66744e-06,0.30102,0.00419247
8.39472,0.321433,0.29929,0.0221436,-0.00471812,-0,-2.72176e-06,-2.6652e-06,0.299818,0.00419513
8.40059,0.290285,0.298101,-0.00781632,-0.00471328,-0,-2.71883e-06,-2.66296e-06,0.298622,0.00419778
8.40645,0.32395,0.296919,0.0270313,-0.00470844,-0,-2.71592e-06,-2.66073e-06,0.297432,0.00420042
8.41231,0.153393,0.295742,-0.142349,-0.00470361,-0,-2.71301e-06,-2.65851e-06,0.296248,0.00420306
8.41817,0.10819,0.294572,-0.186381,-0.00469879,-0,-2.71011e-06,-2.65628e-06,0.29507,0.00420569
8.42404,0.24844,0.293407,-0.0449667,-0.00469398,-0,-2.70721e-06,-2.65406e-06,0.293898,0.00420831
8.4299,0.258856,0.292248,-0.0333926,-0.00468919,-0,-2.70432e-06,-2.65185e-06,0.292732,0.00421093
8.43576,0.153852,0.291096,-0.137243,-0.0046844,-0,-2.70144e-06,-2.64963e-06,0.291572,0.00421353
8.44162,0.172394,0.289949,-0.117555,-0.00467962,-0,-2.69856e-06,-2.64743e-06,0.290418,0.00421613
8.44748,0.328416,0.288808,0.0396079,-0.00467485,-0,-2.69569e-06,-2.64522e-06,0.289269,0.00421873
8.45335,0.258056,0.287673,-0.0296165,-0.00467009,-0,-2.69282e-06,-2.64302e-06,0.288127,0.00422131
8.45921,0.332548,0.286543,0.0460052,-0.00466534,-0,-2.68996e-06,-2.64082e-06,0.28699,0.00422389
8.46507,0.456925,0.285419,0.171505,-0.0046606,-0,-2.68711e-06,-2.63863e-06,0.285859,0.00422646
8.47093,0.367974,0.284301,0.0836727,-0.00465587,-0,-2.68426e-06,-2.63644e-06,0.284734,0.00422902
8.4768,0.320601,0.283189,0.0374119,-0.00465115,-0,-2.68142e-06,-2.63425e-06,0.283614,0.00423158
8.48266,0.236545,0.282082,-0.0455367,-0.00464644,-0,-2.67858e-06,-2.63206e-06,0.2825,0.00423413
8.48852,0.383563,0.280981,0.102582,-0.00464174,-0,-2.67575e-06,-2.62988e-06,0.281391,0.00423667
8.49438,0.17285,0.279885,-0.107035,-0.00463705,-0,-2.67292e-06,-2.62771e-06,0.280288,0.0042392
8.50024,0.141929,0.278795,-0.136866,-0.00463236,-0,-2.6701e-06,-2.62553e-06,0.279191,0.00424173
8.50611,0.234992,0.27771,-0.0427175,-0.00462769,-0,-2.66729e-06,-2.62337e-06,0.278099,0.00424425
8.51197,0.123291,0.276631,-0.15334,-0.00462303,-0,-2.66448e-06,-2.6212e-06,0.277012,0.00424676
8.51783,0.32321,0.275557,0.047653,-0.00461838,-0,-2.66168e-06,-2.61904e-06,0.275931,0.00424926
8.52369,0.22924,0.274488,-0.0452475,-0.00461373,-0,-2.65889e-06,-2.61688e-06,0.274855,0.00425176
8.52956,0.310458,0.273425,0.0370331,-0.0046091,-0,-2.6561e-06,-2.61472e-06,0.273785,0.00425425
8.53542,0.254045,0.272367,-0.0183214,-0.00460447,-0,-2.65331e-06,-2.61257e-06,0.27272,0.00425673
8.54128,0.241857,0.271314,-0.0294571,-0.00459985,-0,-2.65053e-06,-2.61042e-06,0.27166,0.00425921
8.54714,0.262846,0.270266,-0.00741972,-0.00459525,-0,-2.64776e-06,-2.60828e-06,0.270605,0.00426167
8.553,0.0797907,0.269224,-0.189433,-0.00459065,-0,-2.64499e-06,-2.60614e-06,0.269556,0.00426413
8.55887,0.107604,0.268187,-0.160583,-0.00458606,-0,-2.64223e-06,-2.604e-06,0.268511,0.00426659
8.56473,0.173938,0.267154,-0.0932166,-0.00458148,-0,-2.63947e-06,-2.60186e-06,0.267472,0.00426903
8.57059,0.450174,0.266127,0.184047,-0.00457691,-0,-2.63672e-06,-2.59973e-06,0.266438,0.00427147
8.57645,0.398112,0.265105,0.133006,-0.00457235,-0,-2.63398e-06,-2.59761e-06,0.265409,0.0042739
8.58232,0.37316,0.264088,0.109071,-0.0045678,-0,-2.63124e-06,-2.59548e-06,0.264385,0.00427632
8.58818,0.196902,0.263076,-0.0661742,-0.00456326,-0,-2.62851e-06,-2.59336e-06,0.263366,0.00427874
8.59404,0.327525,0.262069,0.0654558,-0.00455872,-0,-2.62578e-06,-2.59124e-06,0.262352,0.00428114
8.5999,0.399669,0.261067,0.138602,-0.0045542,-0,-2.62305e-06,-2.58913e-06,0.261343,0.00428354
8.60576,0.373589,0.26007,0.113519,-0.00454968,-0,-2.62034e-06,-2.58702e-06,0.260339,0.00428594
8.61163,0.543694,0.259078,0.284617,-0.00454518,-0,-2.61763e-06,-2.58491e-06,0.25934,0.00428832
8.61749,0.21505,0.25809,-0.04304,-0.00454068,-0,-2.61492e-06,-2.58281e-06,0.258345,0.0042907
8.62335,0.141687,0.257107,-0.115421,-0.00453619,-0,-2.61222e-06,-2.58071e-06,0.257356,0.00429307
8.62921,0.196526,0.25613,-0.0596038,-0.00453171,-0,-2.60952e-06,-2.57861e-06,0.256371,0.00429544
8.63508,0.144362,0.255156,-0.110795,-0.00452724,-0,-2.60683e-06,-2.57652e-06,0.255391,0.00429779
8.64094,0.226046,0.254188,-0.0281417,-0.00452278,-0,-2.60415e-06,-2.57443e-06,0.254416,0.00430014
8.6468,0.294603,0.253224,0.0413785,-0.00451832,-0,-2.60147e-06,-2.57234e-06,0.253445,0.00430248
8.65266,0.263596,0.252265,0.0113312,-0.00451388,-0,-2.5988e-06,-2.57026e-06,0.252479,0.00430482
8.65852,0.264508,0.251311,0.0131972,-0.00450944,-0,-2.59613e-06,-2.56818e-06,0.251518,0.00430714
8.66439,0.293142,0.250361,0.0427811,-0.00450502,-0,-2.59347e-06,-2.5661e-06,0.250561,0.00430946
8.67025,0.336314,0.249415,0.0868988,-0.0045006,-0,-2.59081e-06,-2.56403e-06,0.249609,0.00431177
8.67611,0.211718,0.248475,-0.0367565,-0.00449619,-0,-2.58816e-06,-2.56196e-06,0.248662,0.00431408
8.68197,0.172799,0.247538,-0.0747391,-0.00449179,-0,-2.58551e-06,-2.55989e-06,0.247719,0.00431637
8.68784,0.338118,0.246606,0.0915113,-0.0044874,-0,-2.58287e-06,-2.55783e-06,0.24678,0.00431866
8.6937,0.240866,0.245679,-0.00481333,-0.00448301,-0,-2.58023e-06,-2.55577e-06,0.245846,0.00432095
8.69956,0.163994,0.244756,-0.0807621,-0.00447864,-0,-2.5776e-06,-2.55371e-06,0.244917,0.00432322
8.70542,0.246797,0.243838,0.00295903,-0.00447427,-0,-2.57498e-06,-2.55166e-06,0.243992,0.00432549
8.71128,0.210337,0.242924,-0.0325865,-0.00446992,-0,-2.57236e-06,-2.54961e-06,0.243071,0.00432775
8.71715,0.243704,0.242014,0.00169049,-0.00446557,-0,-2.56974e-06,-2.54756e-06,0.242155,0.00433
8.72301,0.235605,0.241109,-0.00550398,-0.00446123,-0,-2.56713e-06,-2.54552e-06,0.241243,0.00433225
8.72887,0.298935,0.240207,0.0587276,-0.00445689,-0,-2.56452e-06,-2.54348e-06,0.240335,0.00433448
8.73473,0.344275,0.239311,0.104964,-0.00445257,-0,-2.56193e-06,-2.54144e-06,0.239431,0.00433672
8.7406,0.190852,0.238418,-0.0475661,-0.00444826,-0,-2.55933e-06,-2.53941e-06,0.238532,0.00433894
8.74646,0.107412,0.23753,-0.130118,-0.00444395,-0,-2.55674e-06,-2.53738e-06,0.237637,0.00434115
8.75232,0.349955,0.236645,0.113309,-0.00443965,-0,-2.55416e-06,-2.53535e-06,0.236747,0.00434336
8.75818,0.204443,0.235765,-0.0313221,-0.00443536,-0,-2.55158e-06,-2.53332e-06,0.23586,0.00434556
8.76404,0.0775296,0.234889,-0.15736,-0.00443108,-0,-2.549e-06,-2.5313e-06,0.234978,0.00434776
8.76991,0.00587244,0.234018,-0.228145,-0.00442681,-0,-2.54643e-06,-2.52928e-06,0.2341,0.00434994
8.77577,0.161259,0.23315,-0.0718905,-0.00442254,-0,-2.54387e-06,-2.52727e-06,0.233225,0.00435212
8.78163,0.149264,0.232286,-0.0830222,-0.00441828,-0,-2.54131e-06,-2.52526e-06,0.232355,0.00435429
8.78749,0.0318103,0.231427,-0.199617,-0.00441404,-0,-2.53876e-06,-2.52325e-06,0.231489,0.00435646
8.79336,0.0802614,0.230571,-0.15031,-0.0044098,-0,-2.53621e-06,-2.52124e-06,0.230628,0.00435861
8.79922,0.0835355,0.22972,-0.146184,-0.00440556,-0,-2.53367e-06,-2.51924e-06,0.22977,0.00436076
8.80508,0.279975,0.228872,0.0511025,-0.00440134,-0,-2.53113e-06,-2.51724e-06,0.228916,0.0043629
8.81094,0.265687,0.228029,0.0376583,-0.00439712,-0,-2.52859e-06,-2.51525e-06,0.228066,0.00436504
8.81681,0.237221,0.227189,0.0100316,-0.00439292,-0,-2.52606e-06,-2.51325e-06,0.22722,0.00436717
8.82267,0.10798,0.226353,-0.118373,-0.00438872,-0,-2.52354e-06,-2.51126e-06,0.226378,0.00436929
8.82853,0.172572,0.225521,-0.0529488,-0.00438453,-0,-2.52102e-06,-2.50928e-06,0.225539,0.0043714
8.83439,0.271804,0.224693,0.0471109,-0.00438034,-0,-2.51851e-06,-2.50729e-06,0.224705,0.0043735
8.84025,0.252955,0.223869,0.0290861,-0.00437617,-0,-2.516e-06,-2.50531e-06,0.223875,0.0043756
8.84612,0.332301,0.223049,0.109252,-0.004372,-0,-2.5135e-06,-2.50334e-06,0.223048,0.00437769
8.85198,0.262193,0.222232,0.039961,-0.00436784,-0,-2.511e-06,-2.50136e-06,0.222225,0.00437977
8.85784,0.299202,0.221419,0.0777832,-0.00436369,-0,-2.5085e-06,-2.49939e-06,0.221406,0.00438185
8.8637,0.287286,0.22061,0.0666761,-0.00435954,-0,-2.50601e-06,-2.49742e-06,0.220591,0.00438392
8.86957,0.185465,0.219805,-0.0343397,-0.00435541,-0,-2.50353e-06,-2.49546e-06,0.219779,0.00438598
8.87543,0.335992,0.219003,0.116989,-0.00435128,-0,-2.50105e-06,-2.4935e-06,0.218971,0.00438803
8.88129,0.287564,0.218205,0.0693591,-0.00434716,-0,-2.49857e-06,-2.49154e-06,0.218167,0.00439007
8.88715,0.316601,0.217411,0.0991907,-0.00434305,-0,-2.4961e-06,-2.48958e-06,0.217367,0.00439211
8.89301,0.144584,0.21662,-0.0720362,-0.00433895,-0,-2.49364e-06,-2.48763e-06,0.21657,0.00439414
8.89888,0.090401,0.215833,-0.125432,-0.00433485,-0,-2.49118e-06,-2.48568e-06,0.215776,0.00439617
8.90474,0.160012,0.215049,-0.0550371,-0.00433076,-0,-2.48872e-06,-2.48373e-06,0.214987,0.00439818
8.9106,0.120701,0.214269,-0.0935681,-0.00432668,-0,-2.48627e-06,-2.48179e-06,0.214201,0.00440019
8.91646,0.24428,0.213493,0.0307869,-0.00432261,-0,-2.48382e-06,-2.47985e-06,0.213418,0.00440219
8.92233,0.260747,0.21272,0.0480267,-0.00431854,-0,-2.48138e-06,-2.47791e-06,0.212639,0.00440419
8.92819,0.343075,0.211951,0.131124,-0.00431448,-0,-2.47894e-06,-2.47598e-06,0.211864,0.00440617
8.93405,0.306459,0.211185,0.0952744,-0.00431043,-0,-2.47651e-06,-2.47404e-06,0.211092,0.00440815
8.93991,0.131049,0.210423,-0.0793739,-0.00430639,-0,-2.47409e-06,-2.47212e-06,0.210324,0.00441012
8.94577,0.276084,0.209664,0.0664203,-0.00430236,-0,-2.47166e-06,-2.47019e-06,0.209559,0.00441209
8.95164,0.166641,0.208908,-0.0422676,-0.00429833,-0,-2.46924e-06,-2.46827e-06,0.208797,0.00441405
8.9575,0.125309,0.208156,-0.0828475,-0.00429431,-0,-2.46683e-06,-2.46635e-06,0.208039,0.00441599
8.96336,0.188288,0.207407,-0.0191198,-0.0042903,-0,-2.46442e-06,-2.46443e-06,0.207285,0.00441794
8.96922,0.199902,0.206662,-0.00676026,-0.00428629,-0,-2.46202e-06,-2.46252e-06,0.206533,0.00441987
8.97509,0.302632,0.20592,0.0967125,-0.0042823,-0,-2.45962e-06,-2.46061e-06,0.205785,0.0044218
8.98095,0.503639,0.205181,0.298458,-0.00427831,-0,-2.45722e-06,-2.4587e-06,0.205041,0.00442372
8.98681,0.334222,0.204446,0.129776,-0.00427433,-0,-2.45483e-06,-2.45679e-06,0.2043,0.00442563
8.99267,0.381214,0.203714,0.1775,-0.00427035,-0,-2.45245e-06,-2.45489e-06,0.203562,0.00442754
8.99853,0.235946,0.202985,0.0329606,-0.00426639,-0,-2.45006e-06,-2.45299e-06,0.202827,0.00442943
9.0044,0.244137,0.20226,0.041877,-0.00426243,-0,-2.44769e-06,-2.4511e-06,0.202096,0.00443132
9.01026,0.164648,0.201537,-0.0368893,-0.00425847,-0,-2.44532e-06,-2.4492e-06,0.201367,0.00443321
9.01612,0.149314,0.200818,-0.0515044,-0.00425453,-0,-2.44295e-06,-2.44731e-06,0.200643,0.00443508
9.02198,0.312615,0.200102,0.112512,-0.00425059,-0,-2.44058e-06,-2.44542e-06,0.199921,0.00443695
9.02785,0.276236,0.19939,0.0768468,-0.00424666,-0,-2.43823e-06,-2.44354e-06,0.199202,0.00443881
9.03371,0.264151,0.19868,0.0654705,-0.00424274,-0,-2.43587e-06,-2.44166e-06,0.198487,0.00444067
9.03957,0.141198,0.197974,-0.0567758,-0.00423882,-0,-2.43352e-06,-2.43978e-06,0.197775,0.00444251
9.04543,0.343072,0.197271,0.145801,-0.00423492,-0,-2.43118e-06,-2.4379e-06,0.197066,0.00444435
9.05129,0.223325,0.19657,0.0267544,-0.00423102,-0,-2.42883e-06,-2.43603e-06,0.19636,0.00444618
9.05716,0.141855,0.195873,-0.0540186,-0.00422712,-0,-2.4265e-06,-2.43416e-06,0.195657,0.00444801
9.06302,0.177106,0.195179,-0.0180738,-0.00422324,-0,-2.42417e-06,-2.43229e-06,0.194958,0.00444982
9.06888,0.253252,0.194488,0.0587637,-0.00421936,-0,-2.42184e-06,-2.43043e-06,0.194261,0.00445163
9.07474,0.282801,0.193801,0.089,-0.00421548,-0,-2.41951e-06,-2.42856e-06,0.193567,0.00445343
9.08061,0.359906,0.193116,0.16679,-0.00421162,-0,-2.4172e-06,-2.42671e-06,0.192877,0.00445523
9.08647,0.141449,0.192434,-0.0509844,-0.00420776,-0,-2.41488e-06,-2.42485e-06,0.192189,0.00445701
9.09233,0.135524,0.191755,-0.0562315,-0.00420391,-0,-2.41257e-06,-2.423e-06,0.191505,0.00445879
9.09819,0.322905,0.191079,0.131825,-0.00420007,-0,-2.41026e-06,-2.42115e-06,0.190823,0.00446057
9.10405,0.446605,0.190406,0.256199,-0.00419623,-0,-2.40796e-06,-2.4193e-06,0.190145,0.00446233
9.10992,0.206867,0.189736,0.0171312,-0.0041924,-0,-2.40567e-06,-2.41745e-06,0.189469,0.00446409
9.11578,0.185188,0.189069,-0.00388107,-0.00418858,-0,-2.40337e-06,-2.41561e-06,0.188797,0.00446584
9.12164,0.0402355,0.188405,-0.148169,-0.00418476,-0,-2.40108e-06,-2.41377e-06,0.188127,0.00446758
9.1275,0.0650558,0.187744,-0.122688,-0.00418096,-0,-2.3988e-06,-2.41193e-06,0.18746,0.00446931
9.13337,0.0663269,0.187085,-0.120758,-0.00417715,-0,-2.39652e-06,-2.4101e-06,0.186796,0.00447104
9.13923,0.14061,0.18643,-0.04582,-0.00417336,-0,-2.39424e-06,-2.40827e-06,0.186135,0.00447276
9.14509,0.0588554,0.185777,-0.126922,-0.00416957,-0,-2.39197e-06,-2.40644e-06,0.185477,0.00447448
9.15095,0.235924,0.185127,0.0507968,-0.00416579,-0,-2.38971e-06,-2.40461e-06,0.184822,0.00447618
9.15681,0.194541,0.18448,0.0100611,-0.00416202,-0,-2.38744e-06,-2.40279e-06,0.184169,0.00447788
9.16268,0.163048,0.183836,-0.0207883,-0.00415825,-0,-2.38518e-06,-2.40097e-06,0.183519,0.00447957
9.16854,0.265013,0.183194,0.0818189,-0.00415449,-0,-2.38293e-06,-2.39915e-06,0.182872,0.00448125
9.1744,0.182034,0.182556,-0.000521807,-0.00415074,-0,-2.38068e-06,-2.39734e-06,0.182228,0.00448293
9.18026,0.0640329,0.18192,-0.117887,-0.00414699,-0,-2.37843e-06,-2.39553e-06,0.181587,0.0044846
9.18613,0.148908,0.181287,-0.0323781,-0.00414325,-0,-2.37619e-06,-2.39372e-06,0.180948,0.00448626
9.19199,0.377975,0.180656,0.197319,-0.00413952,-0,-2.37395e-06,-2.39191e-06,0.180312,0.00448791
9.19785,0.249147,0.180028,0.0691188,-0.0041358,-0,-2.37172e-06,-2.39011e-06,0.179679,0.00448956
9.20371,0.250395,0.179403,0.0709916,-0.00413208,-0,-2.36949e-06,-2.38831e-06,0.179049,0.0044912
9.20957,0.181783,0.178781,0.00300207,-0.00412836,-0,-2.36726e-06,-2.38651e-06,0.178421,0.00449283
9.21544,0.158628,0.178161,-0.0195333,-0.00412466,-0,-2.36504e-06,-2.38471e-06,0.177796,0.00449445
9.2213,0.220188,0.177544,0.0426446,-0.00412096,-0,-2.36282e-06,-2.38292e-06,0.177173,0.00449607
9.22716,-0.0615441,0.176929,-0.238473,-0.00411727,-0,-2.36061e-06,-2.38113e-06,0.176554,0.00449768
9.23302,-0.0127771,0.176317,-0.189095,-0.00411358,-0,-2.3584e-06,-2.37934e-06,0.175936,0.00449928
9.23889,0.0628431,0.175708,-0.112865,-0.0041099,-0,-2.3562e-06,-2.37756e-06,0.175322,0.00450088
9.24475,0.11614,0.175101,-0.0589615,-0.00410623,-0,-2.35399e-06,-2.37577e-06,0.17471,0.00450246
9.25061,0.295643,0.174497,0.121146,-0.00410257,-0,-2.3518e-06,-2.37399e-06,0.174101,0.00450404
9.25647,0.444247,0.173896,0.270351,-0.00409891,-0,-2.3496e-06,-2.37222e-06,0.173494,0.00450562
9.26234,0.314949,0.173297,0.141652,-0.00409525,-0,-2.34742e-06,-2.37044e-06,0.17289,0.00450718
9.2682,0.253635,0.1727,0.0809345,-0.00409161,-0,-2.34523e-06,-2.36867e-06,0.172288,0.00450874
9.27406,0.261866,0.172106,0.0897599,-0.00408797,-0,-2.34305e-06,-2.3669e-06,0.171689,0.00451029
9.27992,0.342395,0.171515,0.17088,-0.00408434,-0,-2.34087e-06,-2.36513e-06,0.171092,0.00451183
9.28578,0.129149,0.170926,-0.0417772,-0.00408071,-0,-2.3387e-06,-2.36337e-06,0.170498,0.00451337
9.29165,0.111561,0.17034,-0.0587789,-0.00407709,-0,-2.33653e-06,-2.36161e-06,0.169906,0.0045149
9.29751,0.167481,0.169756,-0.00227423,-0.00407348,-0,-2.33436e-06,-2.35985e-06,0.169317,0.00451642
9.30337,0.197425,0.169174,0.0282514,-0.00406987,-0,-2.3322e-06,-2.35809e-06,0.168731,0.00451793
9.30923,-0.00301453,0.168595,-0.171609,-0.00406627,-0,-2.33005e-06,-2.35634e-06,0.168146,0.00451944
9.3151,0.158031,0.168018,-0.00998694,-0.00406268,-0,-2.32789e-06,-2.35459e-06,0.167565,0.00452093
9.32096,0.0138331,0.167444,-0.153611,-0.00405909,-0,-2.32574e-06,-2.35284e-06,0.166985,0.00452243
9.32682,0.19424,0.166872,0.0273683,-0.00405551,-0,-2.3236e-06,-2.35109e-06,0.166408,0.00452391
9.33268,0.255625,0.166303,0.0893223,-0.00405193,-0,-2.32146e-06,-2.34935e-06,0.165834,0.00452539
9.33854,-0.0220268,0.165735,-0.187762,-0.00404836,-0,-2.31932e-06,-2.34761e-06,0.165262,0.00452685
9.34441,0.157292,0.165171,-0.00787919,-0.0040448,-0,-2.31719e-06,-2.34587e-06,0.164692,0.00452832
9.35027,0.181523,0.164608,0.016915,-0.00404124,-0,-2.31506e-06,-2.34414e-06,0.164124,0.00452977
9.35613,0.11093,0.164048,-0.053118,-0.0040377,-0,-2.31293e-06,-2.3424e-06,0.163559,0.00453122
9.36199,0.238675,0.163491,0.0751841,-0.00403415,-0,-2.31081e-06,-2.34067e-06,0.162997,0.00453266
9.36786,0.376644,0.162935,0.213708,-0.00403062,-0,-2.30869e-06,-2.33894e-06,0.162436,0.00453409
9.37372,0.274346,0.162382,0.111964,-0.00402708,-0,-2.30657e-06,-2.33722e-06,0.161878,0.00453551
9.37958,0.0920254,0.161831,-0.0698059,-0.00402356,-0,-2.30446e-06,-2.3355e-06,0.161322,0.00453693
9.38544,0.00376584,0.161283,-0.157517,-0.00402004,-0,-2.30236e-06,-2.33378e-06,0.160769,0.00453834
9.3913,0.00281579,0.160736,-0.157921,-0.00401653,-0,-2.30025e-06,-2.33206e-06,0.160218,0.00453974
9.39717,0.0166017,0.160192,-0.143591,-0.00401302,-0,-2.29815e-06,-2.33034e-06,0.159669,0.00454114
9.40303,0.223994,0.159651,0.0643434,-0.00400952,-0,-2.29606e-06,-2.32863e-06,0.159122,0.00454252
9.40889,0.206353,0.159111,0.0472422,-0.00400603,-0,-2.29397e-06,-2.32692e-06,0.158578,0.0045439
9.41475,0.170735,0.158574,0.0121618,-0.00400254,-0,-2.29188e-06,-2.32521e-06,0.158036,0.00454528
9.42062,0.245275,0.158039,0.0872369,-0.00399906,-0,-2.28979e-06,-2.3235e-06,0.157496,0.00454664
9.42648,0.186014,0.157506,0.0285083,-0.00399559,-0,-2.28771e-06,-2.3218e-06,0.156958,0.004548
9.43234,0.169413,0.156975,0.0124383,-0.00399212,-0,-2.28564e-06,-2.3201e-06,0.156422,0.00454935
9.4382,0.0807356,0.156446,-0.0757106,-0.00398865,-0,-2.28356e-06,-2.3184e-06,0.155889,0.0045507
9.44406,0.0745529,0.15592,-0.0813669,-0.0039852,-0,-2.28149e-06,-2.31671e-06,0.155358,0.00455203
9.44993,0.134472,0.155395,-0.0209232,-0.00398175,-0,-2.27943e-06,-2.31501e-06,0.154828,0.00455336
9.45579,0.0380016,0.154873,-0.116872,-0.0039783,-0,-2.27737e-06,-2.31332e-06,0.154302,0.00455468
9.46165,0.277813,0.154353,0.12346,-0.00397486,-0,-2.27531e-06,-2.31164e-06,0.153777,0.00455599
9.46751,0.203227,0.153835,0.0493911,-0.00397143,-0,-2.27325e-06,-2.30995e-06,0.153254,0.0045573
9.47338,0.116571,0.15332,-0.0367486,-0.003968,-0,-2.2712e-06,-2.30827e-06,0.152734,0.0045586
9.47924,0.235158,0.152806,0.0823521,-0.00396458,-0,-2.26915e-06,-2.30659e-06,0.152215,0.00455989
9.4851,0.0769538,0.152294,-0.0753405,-0.00396117,-0,-2.26711e-06,-2.30491e-06,0.151699,0.00456117
9.49096,0.230424,0.151785,0.0786396,-0.00395776,-0,-2.26507e-06,-2.30323e-06,0.151185,0.00456245
9.49682,0.183565,0.151277,0.0322878,-0.00395435,-0,-2.26303e-06,-2.30156e-06,0.150672,0.00456372
9.50269,0.340057,0.150772,0.189285,-0.00395096,-0,-2.261e-06,-2.29989e-06,0.150162,0.00456498
9.50855,0.155425,0.150268,0.00515677,-0.00394757,-0,-2.25897e-06,-2.29822e-06,0.149654,0.00456624
9.51441,0.1142,0.149767,-0.035567,-0.00394418,-0,-2.25695e-06,-2.29655e-06,0.149148,0.00456748
9.52027,0.058973,0.149268,-0.0902947,-0.0039408,-0,-2.25492e-06,-2.29489e-06,0.148644,0.00456872
9.52614,0.00369413,0.14877,-0.145076,-0.00393743,-0,-2.25291e-06,-2.29322e-06,0.148142,0.00456996
9.532,0.129237,0.148275,-0.0190376,-0.00393406,-0,-2.25089e-06,-2.29157e-06,0.147642,0.00457118
9.53786,0.0420407,0.147782,-0.105741,-0.0039307,-0,-2.24888e-06,-2.28991e-06,0.147144,0.0045724
9.54372,0.14653,0.14729,-0.000759823,-0.00392734,-0,-2.24687e-06,-2.28825e-06,0.146649,0.00457361
9.54958,0.0863907,0.146801,-0.0604102,-0.00392399,-0,-2.24487e-06,-2.2866e-06,0.146155,0.00457481
9.55545,0.22905,0.146313,0.0827362,-0.00392064,-0,-2.24287e-06,-2.28495e-06,0.145663,0.00457601
9.56131,-0.0713825,0.145828,-0.21721,-0.0039173,-0,-2.24087e-06,-2.2833e-06,0.145173,0.0045772
9.56717,0.120392,0.145344,-0.0249524,-0.00391397,-0,-2.23887e-06,-2.28166e-06,0.144684,0.00457838
9.57303,0.142465,0.144863,-0.00239736,-0.00391064,-0,-2.23688e-06,-2.28002e-06,0.144198,0.00457955
9.5789,0.144343,0.144383,-3.97017e-05,-0.00390732,-0,-2.2349e-06,-2.27838e-06,0.143714,0.00458072
9.58476,0.0842698,0.143905,-0.0596353,-0.00390401,-0,-2.23291e-06,-2.27674e-06,0.143232,0.00458187
9.59062,0.292272,0.143429,0.148843,-0.00390069,-0,-2.23093e-06,-2.2751e-06,0.142751,0.00458302
9.59648,0.149161,0.142955,0.00620535,-0.00389739,-0,-2.22896e-06,-2.27347e-06,0.142273,0.00458417
9.60234,0.18539,0.142483,0.0429073,-0.00389409,-0,-2.22698e-06,-2.27184e-06,0.141796,0.0045853
9.60821,0.130446,0.142013,-0.0115665,-0.0038908,-0,-2.22501e-06,-2.27021e-06,0.141322,0.00458643
9.61407,0.104391,0.141544,-0.0371537,-0.00388751,-0,-2.22305e-06,-2.26858e-06,0.140849,0.00458755
9.61993,0.138855,0.141078,-0.00222325,-0.00388423,-0,-2.22109e-06,-2.26696e-06,0.140378,0.00458867
9.62579,0.204713,0.140613,0.0640997,-0.00388095,-0,-2.21913e-06,-2.26534e-06,0.139909,0.00458978
9.63166,0.0538009,0.14015,-0.0863494,-0.00387768,-0,-2.21717e-06,-2.26372e-06,0.139442,0.00459087
9.63752,0.0696036,0.139689,-0.0700856,-0.00387441,-0,-2.21522e-06,-2.2621e-06,0.138976,0.00459197
9.64338,-0.0151985,0.13923,-0.154428,-0.00387115,-0,-2.21327e-06,-2.26049e-06,0.138513,0.00459305
9.64924,0.130855,0.138773,-0.00791743,-0.0038679,-0,-2.21132e-06,-2.25887e-06,0.138051,0.00459413
9.65511,0.0553276,0.138317,-0.0829892,-0.00386465,-0,-2.20938e-06,-2.25726e-06,0.137591,0.0045952
9.66097,0.0426332,0.137863,-0.0952298,-0.0038614,-0,-2.20744e-06,-2.25566e-06,0.137133,0.00459626
9.66683,0.171244,0.137411,0.0338332,-0.00385817,-0,-2.20551e-06,-2.25405e-06,0.136676,0.00459731
9.67269,0.146473,0.136961,0.00951272,-0.00385493,-0,-2.20357e-06,-2.25245e-06,0.136222,0.00459836
9.67855,0.178344,0.136512,0.0418315,-0.00385171,-0,-2.20164e-06,-2.25084e-06,0.135769,0.0045994
9.68442,0.135749,0.136065,-0.000316656,-0.00384849,-0,-2.19972e-06,-2.24925e-06,0.135318,0.00460044
9.69028,0.174925,0.13562,0.0393045,-0.00384527,-0,-2.1978e-06,-2.24765e-06,0.134868,0.00460146
9.69614,0.155719,0.135177,0.0205423,-0.00384206,-0,-2.19588e-06,-2.24605e-06,0.134421,0.00460248
9.702,0.0353378,0.134735,-0.0993976,-0.00383885,-0,-2.19396e-06,-2.24446e-06,0.133975,0.00460349
9.70787,0.125138,0.134295,-0.00915715,-0.00383565,-0,-2.19205e-06,-2.24287e-06,0.133531,0.00460449
9.71373,0.0988868,0.133857,-0.0349705,-0.00383246,-0,-2.19014e-06,-2.24128e-06,0.133089,0.00460549
9.71959,0.100629,0.133421,-0.0327913,-0.00382927,-0,-2.18824e-06,-2.2397e-06,0.132648,0.00460648
9.72545,0.150251,0.132986,0.0172652,-0.00382608,-0,-2.18633e-06,-2.23812e-06,0.132209,0.00460746
9.73131,0.0859053,0.132553,-0.0466477,-0.00382291,-0,-2.18443e-06,-2.23653e-06,0.131772,0.00460843
9.73718,0.0178652,0.132122,-0.114256,-0.00381973,-0,-2.18254e-06,-2.23496e-06,0.131336,0.0046094
9.74304,0.210444,0.131692,0.0787518,-0.00381656,-0,-2.18064e-06,-2.23338e-06,0.130902,0.00461036
9.7489,0.33041,0.131264,0.199146,-0.0038134,-0,-2.17876e-06,-2.2318e-06,0.13047,0.00461131
9.75476,0.15836,0.130837,0.0275223,-0.00381024,-0,-2.17687e-06,-2.23023e-06,0.13004,0.00461225
9.76063,0.248371,0.130412,0.117958,-0.00380709,-0,-2.17499e-06,-2.22866e-06,0.129611,0.00461319
9.76649,0.202597,0.129989,0.072608,-0.00380395,-0,-2.17311e-06,-2.22709e-06,0.129184,0.00461412
9.77235,0.0908353,0.129568,-0.0387325,-0.0038008,-0,-2.17123e-06,-2.22553e-06,0.128758,0.00461504
9.77821,0.0386264,0.129148,-0.0905214,-0.00379767,-0,-2.16936e-06,-2.22397e-06,0.128334,0.00461595
9.78407,0.0754752,0.12873,-0.0532544,-0.00379454,-0,-2.16749e-06,-2.2224e-06,0.127912,0.00461686
9.78994,0.0720844,0.128313,-0.0562284,-0.00379141,-0,-2.16562e-06,-2.22084e-06,0.127491,0.00461776
9.7958,0.0800016,0.127898,-0.0478961,-0.00378829,-0,-2.16375e-06,-2.21929e-06,0.127072,0.00461865
9.80166,0.101933,0.127484,-0.0255508,-0.00378517,-0,-2.16189e-06,-2.21773e-06,0.126654,0.00461954
9.80752,0.0124672,0.127072,-0.114605,-0.00378206,-0,-2.16004e-06,-2.21618e-06,0.126238,0.00462041
9.81339,0.175138,0.126662,0.0484756,-0.00377896,-0,-2.15818e-06,-2.21463e-06,0.125824,0.00462128
9.81925,0.0339624,0.126253,-0.0922908,-0.00377586,-0,-2.15633e-06,-2.21308e-06,0.125411,0.00462215
9.82511,-0.00287579,0.125846,-0.128722,-0.00377276,-0,-2.15448e-06,-2.21154e-06,0.125,0.004623
9.83097,0.175374,0.12544,0.0499335,-0.00376967,-0,-2.15264e-06,-2.20999e-06,0.12459,0.00462385
9.83683,0.213029,0.125036,0.0879929,-0.00376659,-0,-2.1508e-06,-2.20845e-06,0.124182,0.00462469
9.8427,0.290125,0.124633,0.165492,-0.00376351,-0,-2.14896e-06,-2.20691e-06,0.123776,0.00462552
9.84856,0.187528,0.124232,0.0632956,-0.00376043,-0,-2.14712e-06,-2.20537e-06,0.123371,0.00462635
9.85442,0.0822806,0.123833,-0.0415522,-0.00375736,-0,-2.14529e-06,-2.20384e-06,0.122967,0.00462717
9.86028,0.220665,0.123435,0.0972298,-0.0037543,-0,-2.14346e-06,-2.2023e-06,0.122565,0.00462798
9.86615,0.143869,0.123038,0.0208312,-0.00375124,-0,-2.14163e-06,-2.20077e-06,0.122165,0.00462878
9.87201,0.117816,0.122643,-0.00482739,-0.00374819,-0,-2.13981e-06,-2.19924e-06,0.121766,0.00462958
9.87787,0.0409045,0.12225,-0.0813451,-0.00374514,-0,-2.13799e-06,-2.19772e-06,0.121369,0.00463037
9.88373,0.136565,0.121857,0.0147073,-0.00374209,-0,-2.13617e-06,-2.19619e-06,0.120973,0.00463115
9.88959,-0.0984822,0.121467,-0.219949,-0.00373905,-0,-2.13436e-06,-2.19467e-06,0.120578,0.00463192
9.89546,0.105942,0.121078,-0.0151353,-0.00373602,-0,-2.13255e-06,-2.19315e-06,0.120185,0.00463269
9.90132,-0.0735377,0.12069,-0.194228,-0.00373299,-0,-2.13074e-06,-2.19163e-06,0.119794,0.00463345
9.90718,0.145905,0.120304,0.0256008,-0.00372996,-0,-2.12893e-06,-2.19011e-06,0.119404,0.0046342
9.91304,-0.0197609,0.119919,-0.13968,-0.00372694,-0,-2.12713e-06,-2.1886e-06,0.119015,0.00463494
9.91891,0.143221,0.119536,0.023685,-0.00372393,-0,-2.12533e-06,-2.18709e-06,0.118628,0.00463568
9.92477,0.362455,0.119154,0.243301,-0.00372092,-0,-2.12354e-06,-2.18558e-06,0.118243,0.00463641
9.93063,0.166132,0.118773,0.0473587,-0.00371791,-0,-2.12174e-06,-2.18407e-06,0.117858,0.00463713
9.93649,0.0224016,0.118394,-0.0959928,-0.00371491,-0,-2.11995e-06,-2.18256e-06,0.117476,0.00463785
9.94235,0.275138,0.118017,0.157121,-0.00371192,-0,-2.11817e-06,-2.18106e-06,0.117094,0.00463856
9.94822,0.123636,0.117641,0.0059959,-0.00370893,-0,-2.11638e-06,-2.17955e-06,0.116714,0.00463926
9.95408,0.0138962,0.117266,-0.10337,-0.00370594,-0,-2.1146e-06,-2.17805e-06,0.116336,0.00463995
9.95994,0.206314,0.116892,0.089422,-0.00370296,-0,-2.11282e-06,-2.17656e-06,0.115959,0.00464063
9.9658,-0.126666,0.11652,-0.243186,-0.00369999,-0,-2.11105e-06,-2.17506e-06,0.115583,0.00464131
9.97167,-0.0971875,0.11615,-0.213337,-0.00369702,-0,-2.10928e-06,-2.17357e-06,0.115209,0.00464198
9.97753,-0.0726306,0.11578,-0.188411,-0.00369405,-0,-2.10751e-06,-2.17207e-06,0.114836,0.00464264
9.98339,-0.0063701,0.115412,-0.121782,-0.00369109,-0,-2.10574e-06,-2.17059e-06,0.114464,0.0046433
9.98925,-0.113471,0.115046,-0.228517,-0.00368813,-0,-2.10398e-06,-2.1691e-06,0.114094,0.00464395
9.99511,0.125509,0.114681,0.0108282,-0.00368518,-0,-2.10222e-06,-2.16761e-06,0.113725,0.00464459
10.001,0.216024,0.114317,0.101708,-0.00368223,-0,-2.10046e-06,-2.16613e-06,0.113358,0.00464522
10.0068,0.140093,0.113954,0.0261392,-0.00367929,-0,-2.0987e-06,-2.16465e-06,0.112992,0.00464585
10.0127,0.0829448,0.113593,-0.0306482,-0.00367636,-0,-2.09695e-06,-2.16317e-06,0.112627,0.00464647
10.0186,-0.0440473,0.113233,-0.15728,-0.00367342,-0,-2.0952e-06,-2.16169e-06,0.112264,0.00464708
10.0244,0.111287,0.112875,-0.00158773,-0.00367049,-0,-2.09346e-06,-2.16021e-06,0.111902,0.00464768
10.0303,0.0462258,0.112517,-0.0662917,-0.00366757,-0,-2.09171e-06,-2.15874e-06,0.111541,0.00464828
10.0362,0.151952,0.112162,0.03979,-0.00366465,-0,-2.08997e-06,-2.15727e-06,0.111182,0.00464887
10.042,0.221997,0.111807,0.11019,-0.00366174,-0,-2.08824e-06,-2.1558e-06,0.110824,0.00464945
10.0479,0.149947,0.111454,0.0384937,-0.00365883,-0,-2.0865e-06,-2.15433e-06,0.110467,0.00465002
10.0537,-0.0778415,0.111102,-0.188943,-0.00365593,-0,-2.08477e-06,-2.15286e-06,0.110111,0.00465059
10.0596,-0.0341836,0.110751,-0.144935,-0.00365303,-0,-2.08304e-06,-2.1514e-06,0.109757,0.00465115
10.0655,0.198162,0.110402,0.0877599,-0.00365013,-0,-2.08131e-06,-2.14994e-06,0.109404,0.0046517
10.0713,0.163742,0.110053,0.0536883,-0.00364724,-0,-2.07959e-06,-2.14848e-06,0.109053,0.00465225
10.0772,0.262452,0.109707,0.152746,-0.00364435,-0,-2.07787e-06,-2.14702e-06,0.108702,0.00465279
10.083,-0.0568038,0.109361,-0.166165,-0.00364147,-0,-2.07615e-06,-2.14557e-06,0.108353,0.00465332
10.0889,0.0496266,0.109017,-0.05939,-0.0036386,-0,-2.07444e-06,-2.14411e-06,0.108006,0.00465384
10.0948,0.0752897,0.108673,-0.0333837,-0.00363572,-0,-2.07273e-06,-2.14266e-06,0.107659,0.00465435
10.1006,-0.0554324,0.108332,-0.163764,-0.00363286,-0,-2.07102e-06,-2.14121e-06,0.107314,0.00465486
10.1065,-0.00135251,0.107991,-0.109343,-0.00362999,-0,-2.06931e-06,-2.13976e-06,0.10697,0.00465536
10.1124,0.169409,0.107652,0.0617577,-0.00362713,-0,-2.06761e-06,-2.13832e-06,0.106627,0.00465585
10.1182,0.178794,0.107313,0.0714803,-0.00362428,-0,-2.06591e-06,-2.13687e-06,0.106286,0.00465634
10.1241,0.0786764,0.106976,-0.0283001,-0.00362143,-0,-2.06421e-06,-2.13543e-06,0.105945,0.00465682
10.1299,0.130632,0.106641,0.0239908,-0.00361859,-0,-2.06251e-06,-2.13399e-06,0.105606,0.00465729
10.1358,0.228584,0.106306,0.122278,-0.00361575,-0,-2.06082e-06,-2.13255e-06,0.105268,0.00465775
10.1417,0.0410734,0.105973,-0.0648995,-0.00361291,-0,-2.05913e-06,-2.13111e-06,0.104932,0.00465821
10.1475,0.115517,0.105641,0.00987605,-0.00361008,-0,-2.05744e-06,-2.12968e-06,0.104596,0.00465866
10.1534,0.209285,0.10531,0.103975,-0.00360725,-0,-2.05576e-06,-2.12825e-06,0.104262,0.0046591
10.1593,0.0719173,0.10498,-0.0330629,-0.00360443,-0,-2.05408e-06,-2.12682e-06,0.103929,0.00465953
10.1651,0.220444,0.104652,0.115792,-0.00360161,-0,-2.0524e-06,-2.12539e-06,0.103598,0.00465996
10.171,0.131992,0.104324,0.0276674,-0.0035988,-0,-2.05072e-06,-2.12396e-06,0.103267,0.00466038
10.1768,0.21971,0.103998,0.115712,-0.00359599,-0,-2.04905e-06,-2.12254e-06,0.102938,0.00466079
10.1827,0.228081,0.103673,0.124407,-0.00359318,-0,-2.04738e-06,-2.12111e-06,0.102609,0.00466119
10.1886,0.167508,0.103349,0.0641584,-0.00359038,-0,-2.04571e-06,-2.11969e-06,0.102282,0.00466159
10.1944,0.0960929,0.103027,-0.00693372,-0.00358759,-0,-2.04404e-06,-2.11827e-06,0.101956,0.00466198
10.2003,0.0397436,0.102705,-0.0629614,-0.00358479,-0,-2.04238e-06,-2.11685e-06,0.101632,0.00466236
10.2062,0.101409,0.102385,-0.000975367,-0.00358201,-0,-2.04072e-06,-2.11544e-06,0.101308,0.00466274
10.212,0.123618,0.102065,0.0215526,-0.00357922,-0,-2.03906e-06,-2.11403e-06,0.100986,0.0046631
10.2179,0.243938,0.101747,0.142191,-0.00357645,-0,-2.03741e-06,-2.11261e-06,0.100664,0.00466346
10.2237,0.137667,0.10143,0.0362365,-0.00357367,-0,-2.03576e-06,-2.1112e-06,0.100344,0.00466382
10.2296,0.147486,0.101114,0.0463716,-0.0035709,-0,-2.03411e-06,-2.1098e-06,0.100025,0.00466416
10.2355,0.277363,0.1008,0.176563,-0.00356814,-0,-2.03246e-06,-2.10839e-06,0.0997075,0.0046645
10.2413,0.186219,0.100486,0.0857327,-0.00356538,-0,-2.03082e-06,-2.10699e-06,0.0993908,0.00466483
10.2472,0.171418,0.100174,0.071244,-0.00356262,-0,-2.02918e-06,-2.10558e-06,0.0990752,0.00466515
10.2531,0.276674,0.0998622,0.176812,-0.00355987,-0,-2.02754e-06,-2.10418e-06,0.0987607,0.00466547
10.2589,0.163276,0.0995519,0.0637245,-0.00355712,-0,-2.0259e-06,-2.10278e-06,0.0984474,0.00466578
10.2648,0.158456,0.0992427,0.0592134,-0.00355437,-0,-2.02427e-06,-2.10139e-06,0.0981351,0.00466608
10.2706,0.190785,0.0989346,0.0918506,-0.00355163,-0,-2.02264e-06,-2.09999e-06,0.097824,0.00466637
10.2765,0.117027,0.0986276,0.0183996,-0.0035489,-0,-2.02101e-06,-2.0986e-06,0.0975139,0.00466666
10.2824,-0.000341101,0.0983216,-0.0986627,-0.00354617,-0,-2.01938e-06,-2.09721e-06,0.097205,0.00466693
10.2882,-0.0690913,0.0980168,-0.167108,-0.00354344,-0,-2.01776e-06,-2.09582e-06,0.0968971,0.00466721
10.2941,0.0303101,0.097713,-0.0674028,-0.00354072,-0,-2.01614e-06,-2.09443e-06,0.0965903,0.00466747
10.3,0.186553,0.0974102,0.0891431,-0.003538,-0,-2.01452e-06,-2.09304e-06,0.0962846,0.00466773
10.3058,0.220929,0.0971086,0.123821,-0.00353529,-0,-2.0129e-06,-2.09166e-06,0.09598,0.00466798
10.3117,0.291503,0.096808,0.194695,-0.00353258,-0,-2.01129e-06,-2.09028e-06,0.0956764,0.00466822
10.3175,0.243463,0.0965084,0.146955,-0.00352987,-0,-2.00968e-06,-2.0889e-06,0.0953739,0.00466845
10.3234,0.080541,0.0962099,-0.0156689,-0.00352717,-0,-2.00807e-06,-2.08752e-06,0.0950725,0.00466868
10.3293,-0.0454717,0.0959125,-0.141384,-0.00352447,-0,-2.00647e-06,-2.08614e-06,0.0947721,0.0046689
10.3351,0.0060728,0.095616,-0.0895432,-0.00352178,-0,-2.00486e-06,-2.08477e-06,0.0944728,0.00466911
10.341,0.0453027,0.0953206,-0.050018,-0.00351909,-0,-2.00326e-06,-2.08339e-06,0.0941745,0.00466931
10.3468,0.0113088,0.0950263,-0.0837174,-0.0035164,-0,-2.00167e-06,-2.08202e-06,0.0938773,0.00466951
10.3527,0.159725,0.0947329,0.0649919,-0.00351372,-0,-2.00007e-06,-2.08065e-06,0.0935811,0.0046697
10.3586,0.0405203,0.0944406,-0.0539203,-0.00351105,-0,-1.99848e-06,-2.07929e-06,0.0932859,0.00466988
10.3644,0.135482,0.0941493,0.0413329,-0.00350837,-0,-1.99689e-06,-2.07792e-06,0.0929917,0.00467006
10.3703,0.183004,0.0938591,0.0891448,-0.0035057,-0,-1.9953e-06,-2.07656e-06,0.0926986,0.00467023
10.3762,-0.0434957,0.0935698,-0.137065,-0.00350304,-0,-1.99372e-06,-2.07519e-06,0.0924065,0.00467039
10.382,0.0139979,0.0932815,-0.0792836,-0.00350038,-0,-1.99213e-06,-2.07383e-06,0.0921154,0.00467054
10.3879,0.191205,0.0929942,0.0982113,-0.00349772,-0,-1.99055e-06,-2.07247e-06,0.0918253,0.00467069
10.3937,0.204837,0.0927079,0.112129,-0.00349507,-0,-1.98897e-06,-2.07112e-06,0.0915363,0.00467082
10.3996,0.139886,0.0924227,0.0474633,-0.00349242,-0,-1.9874e-06,-2.06976e-06,0.0912482,0.00467095
10.4055,0.00294463,0.0921383,-0.0891937,-0.00348978,-0,-1.98583e-06,-2.06841e-06,0.0909611,0.00467108
10.4113,0.00031831,0.091855,-0.0915367,-0.00348714,-0,-1.98426e-06,-2.06706e-06,0.090675,0.00467119
10.4172,0.074654,0.0915727,-0.0169187,-0.0034845,-0,-1.98269e-06,-2.0657e-06,0.0903899,0.0046713
10.4231,0.208727,0.0912913,0.117436,-0.00348187,-0,-1.98112e-06,-2.06436e-06,0.0901058,0.0046714
10.4289,0.175467,0.0910109,0.0844564,-0.00347924,-0,-1.97956e-06,-2.06301e-06,0.0898227,0.0046715
10.4348,0.110021,0.0907314,0.0192899,-0.00347662,-0,-1.978e-06,-2.06167e-06,0.0895405,0.00467158
10.4406,0.120757,0.090453,0.0303044,-0.003474,-0,-1.97644e-06,-2.06032e-06,0.0892593,0.00467166
10.4465,0.175725,0.0901754,0.0855493,-0.00347138,-0,-1.97489e-06,-2.05898e-06,0.0889791,0.00467173
10.4524,-0.0493409,0.0898988,-0.13924,-0.00346877,-0,-1.97333e-06,-2.05764e-06,0.0886999,0.0046718
10.4582,-0.0442922,0.0896232,-0.133915,-0.00346616,-0,-1.97178e-06,-2.0563e-06,0.0884216,0.00467185
10.4641,0.0543769,0.0893485,-0.0349716,-0.00346356,-0,-1.97023e-06,-2.05497e-06,0.0881442,0.0046719
10.47,0.196153,0.0890748,0.107079,-0.00346096,-0,-1.96869e-06,-2.05363e-06,0.0878678,0.00467195
10.4758,0.226121,0.088802,0.137319,-0.00345836,-0,-1.96714e-06,-2.0523e-06,0.0875924,0.00467198
10.4817,0.0576503,0.0885301,-0.0308797,-0.00345577,-0,-1.9656e-06,-2.05097e-06,0.0873179,0.00467201
10.4875,0.0835758,0.0882591,-0.00468328,-0.00345318,-0,-1.96406e-06,-2.04964e-06,0.0870443,0.00467203
10.4934,0.0182133,0.0879891,-0.0697758,-0.0034506,-0,-1.96253e-06,-2.04831e-06,0.0867717,0.00467204
10.4993,0.0318143,0.08772,-0.0559056,-0.00344801,-0,-1.96099e-06,-2.04699e-06,0.0865,0.00467204
10.5051,0.0866835,0.0874518,-0.000768271,-0.00344544,-0,-1.95946e-06,-2.04566e-06,0.0862292,0.00467204
10.511,0.0547018,0.0871845,-0.0324827,-0.00344286,-0,-1.95793e-06,-2.04434e-06,0.0859593,0.00467203
10.5169,0.0262032,0.0869181,-0.0607149,-0.0034403,-0,-1.95641e-06,-2.04302e-06,0.0856904,0.00467202
10.5227,-0.0403543,0.0866526,-0.127007,-0.00343773,-0,-1.95488e-06,-2.0417e-06,0.0854224,0.00467199
10.5286,-0.100548,0.086388,-0.186936,-0.00343517,-0,-1.95336e-06,-2.04038e-06,0.0851552,0.00467196
10.5344,0.0139358,0.0861244,-0.0721886,-0.00343261,-0,-1.95184e-06,-2.03907e-06,0.084889,0.00467192
10.5403,0.0847103,0.0858616,-0.00115122,-0.00343006,-0,-1.95032e-06,-2.03775e-06,0.0846237,0.00467187
10.5462,0.146316,0.0855997,0.0607162,-0.00342751,-0,-1.94881e-06,-2.03644e-06,0.0843593,0.00467182
10.552,0.0278443,0.0853386,-0.0574944,-0.00342496,-0,-1.94729e-06,-2.03513e-06,0.0840958,0.00467176
10.5579,0.00114056,0.0850785,-0.0839379,-0.00342242,-0,-1.94578e-06,-2.03382e-06,0.0838332,0.00467169
10.5638,0.182165,0.0848192,0.0973457,-0.00341988,-0,-1.94427e-06,-2.03251e-06,0.0835715,0.00467161
10.5696,0.155611,0.0845608,0.0710504,-0.00341735,-0,-1.94277e-06,-2.03121e-06,0.0833106,0.00467153
10.5755,0.192145,0.0843033,0.107841,-0.00341482,-0,-1.94127e-06,-2.0299e-06,0.0830507,0.00467144
10.5813,0.0644742,0.0840466,-0.0195724,-0.00341229,-0,-1.93976e-06,-2.0286e-06,0.0827916,0.00467134
10.5872,0.0120463,0.0837908,-0.0717446,-0.00340977,-0,-1.93826e-06,-2.0273e-06,0.0825333,0.00467123
10.5931,-0.045428,0.0835359,-0.128964,-0.00340725,-0,-1.93677e-06,-2.026e-06,0.082276,0.00467112
10.5989,0.14123,0.0832818,0.0579479,-0.00340473,-0,-1.93527e-06,-2.0247e-06,0.0820195,0.004671
10.6048,-0.00552543,0.0830286,-0.088554,-0.00340222,-0,-1.93378e-06,-2.02341e-06,0.0817639,0.00467087
10.6106,-0.10638,0.0827762,-0.189156,-0.00339971,-0,-1.93229e-06,-2.02211e-06,0.0815091,0.00467074
10.6165,-0.0432589,0.0825246,-0.125784,-0.00339721,-0,-1.9308e-06,-2.02082e-06,0.0812552,0.00467059
10.6224,0.167356,0.0822739,0.0850823,-0.00339471,-0,-1.92932e-06,-2.01953e-06,0.0810021,0.00467044
10.6282,0.112459,0.0820241,0.0304348,-0.00339221,-0,-1.92784e-06,-2.01824e-06,0.0807499,0.00467028
10.6341,0.115485,0.081775,0.03371,-0.00338972,-0,-1.92635e-06,-2.01696e-06,0.0804986,0.00467012
10.64,0.105052,0.0815268,0.0235249,-0.00338723,-0,-1.92488e-06,-2.01567e-06,0.080248,0.00466995
10.6458,0.0863087,0.0812794,0.00502923,-0.00338474,-0,-1.9234e-06,-2.01439e-06,0.0799983,0.00466977
10.6517,0.0689139,0.0810329,-0.0121189,-0.00338226,-0,-1.92193e-06,-2.0131e-06,0.0797495,0.00466958
10.6575,-0.0541016,0.0807871,-0.134889,-0.00337978,-0,-1.92045e-06,-2.01182e-06,0.0795014,0.00466939
10.6634,0.200802,0.0805422,0.12026,-0.0033773,-0,-1.91898e-06,-2.01054e-06,0.0792542,0.00466918
10.6693,0.104212,0.0802981,0.0239134,-0.00337483,-0,-1.91752e-06,-2.00926e-06,0.0790079,0.00466897
10.6751,0.205028,0.0800548,0.124973,-0.00337237,-0,-1.91605e-06,-2.00799e-06,0.0787623,0.00466876
10.681,-0.0290743,0.0798123,-0.108887,-0.0033699,-0,-1.91459e-06,-2.00671e-06,0.0785175,0.00466853
10.6869,0.10081,0.0795706,0.0212394,-0.00336744,-0,-1.91313e-06,-2.00544e-06,0.0782736,0.0046683
10.6927,-0.0242593,0.0793296,-0.103589,-0.00336498,-0,-1.91167e-06,-2.00417e-06,0.0780305,0.00466806
10.6986,-0.0725875,0.0790895,-0.151677,-0.00336253,-0,-1.91021e-06,-2.0029e-06,0.0777882,0.00466782
10.7044,0.0610994,0.0788502,-0.0177508,-0.00336008,-0,-1.90876e-06,-2.00163e-06,0.0775466,0.00466756
10.7103,0.173797,0.0786117,0.0951849,-0.00335764,-0,-1.90731e-06,-2.00037e-06,0.0773059,0.0046673
10.7162,0.239535,0.0783739,0.161161,-0.00335519,-0,-1.90586e-06,-1.9991e-06,0.077066,0.00466703
10.722,0.255608,0.078137,0.177471,-0.00335275,-0,-1.90441e-06,-1.99784e-06,0.0768269,0.00466676
10.7279,0.107747,0.0779008,0.0298467,-0.00335032,-0,-1.90297e-06,-1.99658e-06,0.0765885,0.00466647
10.7338,0.163787,0.0776654,0.0861214,-0.00334789,-0,-1.90152e-06,-1.99532e-06,0.076351,0.00466618
10.7396,0.0488421,0.0774307,-0.0285886,-0.00334546,-0,-1.90008e-06,-1.99406e-06,0.0761142,0.00466588
10.7455,0.019685,0.0771969,-0.0575119,-0.00334303,-0,-1.89864e-06,-1.9928e-06,0.0758782,0.00466558
10.7513,0.085409,0.0769637,0.00844527,-0.00334061,-0,-1.89721e-06,-1.99154e-06,0.075643,0.00466527
10.7572,0.0705649,0.0767314,-0.00616653,-0.0033382,-0,-1.89577e-06,-1.99029e-06,0.0754085,0.00466495
10.7631,0.157976,0.0764998,0.0814764,-0.00333578,-0,-1.89434e-06,-1.98904e-06,0.0751749,0.00466462
10.7689,-0.0710632,0.076269,-0.147332,-0.00333337,-0,-1.89291e-06,-1.98779e-06,0.074942,0.00466428
10.7748,0.142553,0.0760389,0.0665142,-0.00333097,-0,-1.89148e-06,-1.98654e-06,0.0747098,0.00466394
10.7807,0.0430432,0.0758096,-0.0327664,-0.00332856,-0,-1.89005e-06,-1.98529e-06,0.0744784,0.00466359
10.7865,0.20894,0.075581,0.133359,-0.00332616,-0,-1.88863e-06,-1.98405e-06,0.0742478,0.00466323
10.7924,0.226897,0.0753532,0.151544,-0.00332377,-0,-1.88721e-06,-1.9828e-06,0.0740179,0.00466287
10.7982,0.0137184,0.0751261,-0.0614076,-0.00332137,-0,-1.88579e-06,-1.98156e-06,0.0737888,0.0046625
10.8041,0.0544543,0.0748997,-0.0204454,-0.00331898,-0,-1.88437e-06,-1.98032e-06,0.0735604,0.00466212
10.81,0.135813,0.0746741,0.0611394,-0.0033166,-0,-1.88296e-06,-1.97908e-06,0.0733328,0.00466173
10.8158,0.0202102,0.0744492,-0.054239,-0.00331421,-0,-1.88154e-06,-1.97784e-06,0.0731059,0.00466134
10.8217,-0.00973608,0.074225,-0.0839611,-0.00331184,-0,-1.88013e-06,-1.9766e-06,0.0728798,0.00466094
10.8276,0.0226827,0.0740016,-0.0513188,-0.00330946,-0,-1.87872e-06,-1.97537e-06,0.0726543,0.00466053
10.8334,0.132134,0.0737788,0.0583549,-0.00330709,-0,-1.87732e-06,-1.97413e-06,0.0724297,0.00466011
10.8393,0.180317,0.0735568,0.10676,-0.00330472,-0,-1.87591e-06,-1.9729e-06,0.0722057,0.00465969
10.8451,0.0681717,0.0733355,-0.00516384,-0.00330235,-0,-1.87451e-06,-1.97167e-06,0.0719825,0.00465925
10.851,0.15333,0.073115,0.0802148,-0.00329999,-0,-1.87311e-06,-1.97044e-06,0.07176,0.00465882
10.8569,0.240065,0.0728951,0.16717,-0.00329763,-0,-1.87171e-06,-1.96921e-06,0.0715382,0.00465837
10.8627,0.213359,0.072676,0.140683,-0.00329528,-0,-1.87031e-06,-1.96799e-06,0.0713172,0.00465792
10.8686,0.0481337,0.0724575,-0.0243238,-0.00329293,-0,-1.86892e-06,-1.96676e-06,0.0710968,0.00465746
10.8745,-0.0118615,0.0722397,-0.0841012,-0.00329058,-0,-1.86753e-06,-1.96554e-06,0.0708772,0.00465699
10.8803,0.0770842,0.0720227,0.00506152,-0.00328823,-0,-1.86613e-06,-1.96432e-06,0.0706583,0.00465651
10.8862,0.154601,0.0718063,0.0827946,-0.00328589,-0,-1.86475e-06,-1.9631e-06,0.07044,0.00465603
10.892,0.140435,0.0715907,0.0688439,-0.00328355,-0,-1.86336e-06,-1.96188e-06,0.0702225,0.00465554
10.8979,0.0587543,0.0713757,-0.0126214,-0.00328122,-0,-1.86198e-06,-1.96066e-06,0.0700057,0.00465504
10.9038,-0.0174574,0.0711614,-0.0886189,-0.00327889,-0,-1.86059e-06,-1.95945e-06,0.0697896,0.00465454
10.9096,0.168314,0.0709478,0.0973659,-0.00327656,-0,-1.85921e-06,-1.95823e-06,0.0695742,0.00465402
10.9155,0.0892151,0.0707349,0.0184802,-0.00327423,-0,-1.85784e-06,-1.95702e-06,0.0693595,0.0046535
10.9213,0.256667,0.0705227,0.186145,-0.00327191,-0,-1.85646e-06,-1.95581e-06,0.0691454,0.00465298
10.9272,0.0208203,0.0703111,-0.0494909,-0.00326959,-0,-1.85509e-06,-1.9546e-06,0.0689321,0.00465244
10.9331,0.0274047,0.0701002,-0.0426955,-0.00326728,-0,-1.85371e-06,-1.95339e-06,0.0687194,0.0046519
10.9389,-0.000167826,0.06989,-0.0700578,-0.00326497,-0,-1.85234e-06,-1.95219e-06,0.0685074,0.00465135
10.9448,0.227269,0.0696804,0.157589,-0.00326266,-0,-1.85098e-06,-1.95098e-06,0.0682961,0.00465079
10.9507,0.237843,0.0694716,0.168372,-0.00326035,-0,-1.84961e-06,-1.94978e-06,0.0680855,0.00465023
10.9565,0.0766252,0.0692633,0.00736181,-0.00325805,-0,-1.84825e-06,-1.94858e-06,0.0678755,0.00464966
10.9624,-0.107813,0.0690558,-0.176869,-0.00325575,-0,-1.84688e-06,-1.94738e-06,0.0676662,0.00464908
10.9682,0.129042,0.0688489,0.0601928,-0.00325346,-0,-1.84552e-06,-1.94618e-06,0.0674576,0.00464849
10.9741,0.103029,0.0686426,0.0343859,-0.00325117,-0,-1.84416e-06,-1.94498e-06,0.0672497,0.0046479
10.98,-0.0242676,0.068437,-0.0927047,-0.00324888,-0,-1.84281e-06,-1.94378e-06,0.0670424,0.0046473
10.9858,-0.0980549,0.0682321,-0.166287,-0.00324659,-0,-1.84145e-06,-1.94259e-06,0.0668358,0.00464669
10.9917,0.0601784,0.0680278,-0.00784942,-0.00324431,-0,-1.8401e-06,-1.94139e-06,0.0666298,0.00464607
10.9976,0.0500718,0.0678241,-0.0177523,-0.00324203,-0,-1.83875e-06,-1.9402e-06,0.0664245,0.00464545
11.0034,0.0801166,0.0676211,0.0124955,-0.00323976,-0,-1.8374e-06,-1.93901e-06,0.0662198,0.00464482
11.0093,0.112816,0.0674187,0.0453976,-0.00323748,-0,-1.83606e-06,-1.93782e-06,0.0660158,0.00464418
11.0151,0.0499351,0.067217,-0.0172819,-0.00323521,-0,-1.83471e-06,-1.93664e-06,0.0658124,0.00464353
11.021,0.0402012,0.0670159,-0.0268147,-0.00323295,-0,-1.83337e-06,-1.93545e-06,0.0656097,0.00464288
11.0269,0.125616,0.0668154,0.0588007,-0.00323068,-0,-1.83203e-06,-1.93427e-06,0.0654076,0.00464222
11.0327,0.0781259,0.0666156,0.0115104,-0.00322843,-0,-1.83069e-06,-1.93308e-06,0.0652062,0.00464155
11.0386,0.0479142,0.0664163,-0.0185021,-0.00322617,-0,-1.82936e-06,-1.9319e-06,0.0650054,0.00464088
11.0445,0.125682,0.0662177,0.0594644,-0.00322392,-0,-1.82802e-06,-1.93072e-06,0.0648052,0.00464019
11.0503,-0.0992024,0.0660198,-0.165222,-0.00322167,-0,-1.82669e-06,-1.92954e-06,0.0646057,0.0046395
11.0562,0.138504,0.0658224,0.072682,-0.00321942,-0,-1.82536e-06,-1.92836e-06,0.0644068,0.00463881
11.062,0.134143,0.0656257,0.0685173,-0.00321717,-0,-1.82403e-06,-1.92719e-06,0.0642085,0.0046381
11.0679,0.0180415,0.0654295,-0.047388,-0.00321493,-0,-1.8227e-06,-1.92601e-06,0.0640108,0.00463739
11.0738,0.0389048,0.065234,-0.0263293,-0.0032127,-0,-1.82138e-06,-1.92484e-06,0.0638138,0.00463667
11.0796,0.178211,0.0650391,0.113172,-0.00321046,-0,-1.82005e-06,-1.92367e-06,0.0636174,0.00463594
11.0855,0.155931,0.0648448,0.0910866,-0.00320823,-0,-1.81873e-06,-1.9225e-06,0.0634216,0.00463521
11.0914,-0.0718648,0.0646511,-0.136516,-0.003206,-0,-1.81741e-06,-1.92133e-06,0.0632264,0.00463447
11.0972,-0.0679006,0.064458,-0.132359,-0.00320378,-0,-1.8161e-06,-1.92016e-06,0.0630318,0.00463372
11.1031,0.0467039,0.0642656,-0.0175616,-0.00320156,-0,-1.81478e-06,-1.919e-06,0.0628379,0.00463296
11.1089,0.23283,0.0640737,0.168756,-0.00319934,-0,-1.81347e-06,-1.91783e-06,0.0626445,0.0046322
11.1148,0.191819,0.0638824,0.127937,-0.00319712,-0,-1.81216e-06,-1.91667e-06,0.0624518,0.00463143
11.1207,0.0883404,0.0636917,0.0246487,-0.00319491,-0,-1.81085e-06,-1.91551e-06,0.0622596,0.00463065
11.1265,0.130727,0.0635015,0.0672253,-0.0031927,-0,-1.80954e-06,-1.91435e-06,0.0620681,0.00462986
11.1324,0.0900891,0.063312,0.0267771,-0.00319049,-0,-1.80823e-06,-1.91319e-06,0.0618771,0.00462907
11.1383,0.0476379,0.0631231,-0.0154851,-0.00318829,-0,-1.80693e-06,-1.91203e-06,0.0616868,0.00462827
11.1441,0.0995871,0.0629347,0.0366524,-0.00318609,-0,-1.80563e-06,-1.91087e-06,0.061497,0.00462746
11.15,-0.123509,0.0627469,-0.186256,-0.00318389,-0,-1.80432e-06,-1.90972e-06,0.0613079,0.00462664
11.1558,0.107653,0.0625597,0.045093,-0.0031817,-0,-1.80303e-06,-1.90857e-06,0.0611193,0.00462582
11.1617,0.132018,0.0623731,0.069645,-0.00317951,-0,-1.80173e-06,-1.90741e-06,0.0609313,0.00462499
11.1676,0.0467445,0.062187,-0.0154425,-0.00317732,-0,-1.80043e-06,-1.90626e-06,0.0607439,0.00462415
11.1734,-0.0182459,0.0620016,-0.0802475,-0.00317513,-0,-1.79914e-06,-1.90511e-06,0.0605571,0.00462331
11.1793,-0.0710894,0.0618166,-0.132906,-0.00317295,-0,-1.79785e-06,-1.90397e-06,0.0603708,0.00462246
11.1851,0.0529488,0.0616323,-0.00868355,-0.00317077,-0,-1.79656e-06,-1.90282e-06,0.0601852,0.00462159
11.191,0.078343,0.0614485,0.0168945,-0.0031686,-0,-1.79527e-06,-1.90167e-06,0.0600001,0.00462073
11.1969,0.0885299,0.0612653,0.0272646,-0.00316642,-0,-1.79399e-06,-1.90053e-06,0.0598156,0.00461985
11.2027,0.236746,0.0610827,0.175663,-0.00316425,-0,-1.7927e-06,-1.89939e-06,0.0596316,0.00461897
11.2086,-0.0892165,0.0609006,-0.150117,-0.00316209,-0,-1.79142e-06,-1.89825e-06,0.0594483,0.00461808
11.2145,-0.0469889,0.060719,-0.107708,-0.00315992,-0,-1.79014e-06,-1.89711e-06,0.0592654,0.00461718
11.2203,-0.0394133,0.060538,-0.0999514,-0.00315776,-0,-1.78886e-06,-1.89597e-06,0.0590832,0.00461628
11.2262,0.125637,0.0603576,0.065279,-0.0031556,-0,-1.78759e-06,-1.89483e-06,0.0589015,0.00461537
11.232,0.0615904,0.0601777,0.0014127,-0.00315345,-0,-1.78631e-06,-1.8937e-06,0.0587204,0.00461445
11.2379,-0.0231509,0.0599984,-0.0831493,-0.0031513,-0,-1.78504e-06,-1.89256e-06,0.0585398,0.00461352
11.2438,0.0601951,0.0598196,0.000375535,-0.00314915,-0,-1.78377e-06,-1.89143e-06,0.0583598,0.00461259
11.2496,0.103863,0.0596413,0.0442221,-0.003147,-0,-1.7825e-06,-1.8903e-06,0.0581804,0.00461165
11.2555,0.230943,0.0594636,0.171479,-0.00314486,-0,-1.78123e-06,-1.88917e-06,0.0580015,0.0046107
11.2614,0.140526,0.0592865,0.0812392,-0.00314272,-0,-1.77996e-06,-1.88804e-06,0.0578231,0.00460974
11.2672,0.0476143,0.0591098,-0.0114956,-0.00314058,-0,-1.7787e-06,-1.88691e-06,0.0576453,0.00460878
11.2731,0.0136968,0.0589337,-0.0452369,-0.00313845,-0,-1.77744e-06,-1.88578e-06,0.057468,0.00460781
11.2789,-0.0259133,0.0587582,-0.0846715,-0.00313631,-0,-1.77618e-06,-1.88466e-06,0.0572913,0.00460683
11.2848,0.085182,0.0585832,0.0265989,-0.00313419,-0,-1.77492e-06,-1.88354e-06,0.0571152,0.00460584
11.2907,0.149539,0.0584087,0.09113,-0.00313206,-0,-1.77366e-06,-1.88241e-06,0.0569395,0.00460485
11.2965,0.0699917,0.0582347,0.011757,-0.00312994,-0,-1.77241e-06,-1.88129e-06,0.0567644,0.00460385
11.3024,0.0546488,0.0580612,-0.00341239,-0.00312782,-0,-1.77115e-06,-1.88017e-06,0.0565899,0.00460284
11.3083,0.193207,0.0578883,0.135319,-0.0031257,-0,-1.7699e-06,-1.87906e-06,0.0564158,0.00460183
11.3141,0.113743,0.0577159,0.0560275,-0.00312359,-0,-1.76865e-06,-1.87794e-06,0.0562423,0.0046008
11.32,0.127409,0.057544,0.0698652,-0.00312147,-0,-1.7674e-06,-1.87682e-06,0.0560693,0.00459977
11.3258,-0.0183959,0.0573726,-0.0757685,-0.00311937,-0,-1.76616e-06,-1.87571e-06,0.0558969,0.00459874
11.3317,-0.0168346,0.0572018,-0.0740363,-0.00311726,-0,-1.76491e-06,-1.8746e-06,0.055725,0.00459769
11.3376,-0.161353,0.0570314,-0.218385,-0.00311516,-0,-1.76367e-06,-1.87348e-06,0.0555536,0.00459664
11.3434,-0.132008,0.0568616,-0.188869,-0.00311306,-0,-1.76243e-06,-1.87237e-06,0.0553827,0.00459558
11.3493,0.0408674,0.0566923,-0.0158248,-0.00311096,-0,-1.76119e-06,-1.87127e-06,0.0552124,0.00459451
11.3552,0.175743,0.0565235,0.119219,-0.00310887,-0,-1.75995e-06,-1.87016e-06,0.0550425,0.00459344
11.361,0.0729013,0.0563551,0.0165462,-0.00310678,-0,-1.75872e-06,-1.86905e-06,0.0548732,0.00459236
11.3669,-0.0457131,0.0561873,-0.1019,-0.00310469,-0,-1.75748e-06,-1.86795e-06,0.0547044,0.00459127
11.3727,0.0403197,0.05602,-0.0157004,-0.0031026,-0,-1.75625e-06,-1.86684e-06,0.0545361,0.00459017
11.3786,0.16551,0.0558532,0.109656,-0.00310052,-0,-1.75502e-06,-1.86574e-06,0.0543683,0.00458907
11.3845,0.0792334,0.0556869,0.0235465,-0.00309844,-0,-1.75379e-06,-1.86464e-06,0.054201,0.00458796
11.3903,0.155675,0.0555211,0.100154,-0.00309636,-0,-1.75256e-06,-1.86354e-06,0.0540342,0.00458684
11.3962,0.0855868,0.0553558,0.030231,-0.00309429,-0,-1.75134e-06,-1.86244e-06,0.053868,0.00458571
11.4021,-0.0460506,0.0551909,-0.101241,-0.00309222,-0,-1.75011e-06,-1.86134e-06,0.0537022,0.00458458
11.4079,-0.0549423,0.0550266,-0.109969,-0.00309015,-0,-1.74889e-06,-1.86025e-06,0.0535369,0.00458344
11.4138,0.00385763,0.0548627,-0.0510051,-0.00308808,-0,-1.74767e-06,-1.85915e-06,0.0533722,0.00458229
11.4196,0.261491,0.0546994,0.206791,-0.00308602,-0,-1.74645e-06,-1.85806e-06,0.0532079,0.00458113
11.4255,0.178149,0.0545365,0.123613,-0.00308396,-0,-1.74523e-06,-1.85697e-06,0.0530441,0.00457997
11.4314,0.0751952,0.0543741,0.0208211,-0.0030819,-0,-1.74402e-06,-1.85588e-06,0.0528808,0.0045788
11.4372,0.0942191,0.0542122,0.040007,-0.00307985,-0,-1.7428e-06,-1.85479e-06,0.052718,0.00457762
11.4431,0.0924917,0.0540507,0.0384409,-0.00307779,-0,-1.74159e-06,-1.8537e-06,0.0525557,0.00457643
11.4489,0.0298797,0.0538898,-0.0240101,-0.00307575,-0,-1.74038e-06,-1.85261e-06,0.0523939,0.00457524
11.4548,0.0429428,0.0537293,-0.0107864,-0.0030737,-0,-1.73917e-06,-1.85152e-06,0.0522325,0.00457404
11.4607,0.0326506,0.0535693,-0.0209186,-0.00307166,-0,-1.73796e-06,-1.85044e-06,0.0520717,0.00457283
11.4665,0.12374,0.0534097,0.0703305,-0.00306961,-0,-1.73676e-06,-1.84936e-06,0.0519113,0.00457162
11.4724,0.228333,0.0532507,0.175082,-0.00306758,-0,-1.73555e-06,-1.84827e-06,0.0517514,0.0045704
11.4783,0.237691,0.053092,0.184599,-0.00306554,-0,-1.73435e-06,-1.84719e-06,0.051592,0.00456917
11.4841,0.0846535,0.0529339,0.0317196,-0.00306351,-0,-1.73315e-06,-1.84611e-06,0.0514331,0.00456793
11.49,0.121161,0.0527762,0.0683848,-0.00306148,-0,-1.73195e-06,-1.84504e-06,0.0512746,0.00456669
11.4958,0.0111252,0.052619,-0.0414938,-0.00305945,-0,-1.73076e-06,-1.84396e-06,0.0511166,0.00456543
11.5017,-0.0568027,0.0524623,-0.109265,-0.00305743,-0,-1.72956e-06,-1.84288e-06,0.0509591,0.00456417
11.5076,0.0332639,0.052306,-0.019042,-0.0030554,-0,-1.72837e-06,-1.84181e-06,0.050802,0.00456291
11.5134,0.110643,0.0521501,0.058493,-0.00305338,-0,-1.72717e-06,-1.84074e-06,0.0506455,0.00456163
11.5193,0.0702342,0.0519948,0.0182395,-0.00305137,-0,-1.72598e-06,-1.83966e-06,0.0504893,0.00456035
11.5252,0.142274,0.0518398,0.0904343,-0.00304935,-0,-1.72479e-06,-1.83859e-06,0.0503337,0.00455906
11.531,0.163837,0.0516854,0.112151,-0.00304734,-0,-1.72361e-06,-1.83752e-06,0.0501785,0.00455777
11.5369,0.163504,0.0515313,0.111972,-0.00304533,-0,-1.72242e-06,-1.83646e-06,0.0500238,0.00455646
11.5427,0.0771127,0.0513778,0.0257349,-0.00304333,-0,-1.72124e-06,-1.83539e-06,0.0498695,0.00455515
11.5486,-0.0630286,0.0512246,-0.114253,-0.00304132,-0,-1.72005e-06,-1.83432e-06,0.0497157,0.00455383
11.5545,0.193935,0.051072,0.142863,-0.00303932,-0,-1.71887e-06,-1.83326e-06,0.0495623,0.00455251
11.5603,0.0555041,0.0509197,0.0045844,-0.00303733,-0,-1.71769e-06,-1.83219e-06,0.0494094,0.00455118
11.5662,0.128211,0.0507679,0.0774432,-0.00303533,-0,-1.71652e-06,-1.83113e-06,0.049257,0.00454983
11.5721,0.126673,0.0506166,0.0760563,-0.00303334,-0,-1.71534e-06,-1.83007e-06,0.049105,0.00454849
11.5779,0.0473482,0.0504657,-0.0031175,-0.00303135,-0,-1.71417e-06,-1.82901e-06,0.0489534,0.00454713
11.5838,0.229036,0.0503152,0.17872,-0.00302936,-0,-1.71299e-06,-1.82795e-06,0.0488023,0.00454577
11.5896,0.174441,0.0501651,0.124276,-0.00302738,-0,-1.71182e-06,-1.8269e-06,0.0486517,0.0045444
11.5955,0.0929163,0.0500155,0.0429008,-0.00302539,-0,-1.71065e-06,-1.82584e-06,0.0485014,0.00454302
11.6014,0.0302051,0.0498664,-0.0196613,-0.00302341,-0,-1.70948e-06,-1.82479e-06,0.0483517,0.00454164
11.6072,-0.0407356,0.0497176,-0.0904532,-0.00302144,-0,-1.70832e-06,-1.82373e-06,0.0482023,0.00454024
11.6131,-0.0902861,0.0495693,-0.139855,-0.00301946,-0,-1.70715e-06,-1.82268e-06,0.0480535,0.00453884
11.619,0.0684603,0.0494214,0.0190388,-0.00301749,-0,-1.70599e-06,-1.82163e-06,0.047905,0.00453744
11.6248,0.0203178,0.049274,-0.0289561,-0.00301552,-0,-1.70483e-06,-1.82058e-06,0.047757,0.00453602
11.6307,0.0046262,0.0491269,-0.0445007,-0.00301355,-0,-1.70367e-06,-1.81953e-06,0.0476094,0.0045346
11.6365,0.0904313,0.0489803,0.0414509,-0.00301159,-0,-1.70251e-06,-1.81848e-06,0.0474623,0.00453317
11.6424,0.0354464,0.0488341,-0.0133877,-0.00300963,-0,-1.70135e-06,-1.81744e-06,0.0473155,0.00453173
11.6483,0.113324,0.0486884,0.0646352,-0.00300767,-0,-1.70019e-06,-1.81639e-06,0.0471693,0.00453029
11.6541,0.0145411,0.048543,-0.0340019,-0.00300571,-0,-1.69904e-06,-1.81535e-06,0.0470234,0.00452884
11.66,-0.00378218,0.0483981,-0.0521803,-0.00300376,-0,-1.69789e-06,-1.8143e-06,0.046878,0.00452738
11.6659,0.12644,0.0482536,0.0781861,-0.00300181,-0,-1.69674e-06,-1.81326e-06,0.046733,0.00452591
11.6717,0.0143562,0.0481094,-0.0337533,-0.00299986,-0,-1.69559e-06,-1.81222e-06,0.0465884,0.00452444
11.6776,0.102696,0.0479658,0.0547306,-0.00299791,-0,-1.69444e-06,-1.81118e-06,0.0464442,0.00452296
11.6834,0.119188,0.0478225,0.0713654,-0.00299597,-0,-1.69329e-06,-1.81014e-06,0.0463005,0.00452147
11.6893,0.0770029,0.0476796,0.0293233,-0.00299403,-0,-1.69215e-06,-1.80911e-06,0.0461572,0.00451997
11.6952,-0.0926903,0.0475371,-0.140227,-0.00299209,-0,-1.691e-06,-1.80807e-06,0.0460142,0.00451847
11.701,-0.111126,0.0473951,-0.158521,-0.00299016,-0,-1.68986e-06,-1.80704e-06,0.0458718,0.00451696
11.7069,-0.0964037,0.0472534,-0.143657,-0.00298822,-0,-1.68872e-06,-1.806e-06,0.0457297,0.00451544
11.7128,-0.110275,0.0471122,-0.157387,-0.00298629,-0,-1.68758e-06,-1.80497e-06,0.045588,0.00451392
11.7186,0.0883595,0.0469713,0.0413882,-0.00298436,-0,-1.68645e-06,-1.80394e-06,0.0454468,0.00451238
11.7245,-0.015679,0.0468309,-0.0625098,-0.00298244,-0,-1.68531e-06,-1.80291e-06,0.0453059,0.00451084
11.7303,-0.0818836,0.0466908,-0.128574,-0.00298051,-0,-1.68418e-06,-1.80188e-06,0.0451655,0.0045093
11.7362,-0.0326011,0.0465512,-0.0791522,-0.00297859,-0,-1.68305e-06,-1.80086e-06,0.0450255,0.00450774
11.7421,0.020722,0.0464119,-0.0256899,-0.00297668,-0,-1.68191e-06,-1.79983e-06,0.0448859,0.00450618
11.7479,-0.111566,0.046273,-0.157839,-0.00297476,-0,-1.68078e-06,-1.7988e-06,0.0447467,0.00450461
11.7538,0.0630727,0.0461346,0.0169381,-0.00297285,-0,-1.67966e-06,-1.79778e-06,0.0446079,0.00450303
11.7596,0.126499,0.0459965,0.0805027,-0.00297094,-0,-1.67853e-06,-1.79676e-06,0.0444695,0.00450145
11.7655,0.0211039,0.0458588,-0.0247549,-0.00296903,-0,-1.67741e-06,-1.79574e-06,0.0443314,0.00449986
11.7714,0.121723,0.0457215,0.0760017,-0.00296712,-0,-1.67628e-06,-1.79472e-06,0.0441938,0.00449826
11.7772,-0.0708673,0.0455846,-0.116452,-0.00296522,-0,-1.67516e-06,-1.7937e-06,0.0440566,0.00449665
11.7831,-0.0342345,0.0454481,-0.0796826,-0.00296332,-0,-1.67404e-06,-1.79268e-06,0.0439198,0.00449503
11.789,0.0132748,0.0453119,-0.0320371,-0.00296142,-0,-1.67292e-06,-1.79166e-06,0.0437834,0.00449341
11.7948,0.049473,0.0451762,0.00429687,-0.00295952,-0,-1.6718e-06,-1.79065e-06,0.0436474,0.00449178
11.8007,0.161807,0.0450408,0.116767,-0.00295763,-0,-1.67069e-06,-1.78963e-06,0.0435117,0.00449015
11.8065,0.0561898,0.0449058,0.011284,-0.00295574,-0,-1.66957e-06,-1.78862e-06,0.0433765,0.0044885
11.8124,-0.0396608,0.0447712,-0.0844319,-0.00295385,-0,-1.66846e-06,-1.7876e-06,0.0432416,0.00448685
11.8183,0.0468731,0.0446369,0.00223618,-0.00295196,-0,-1.66735e-06,-1.78659e-06,0.0431072,0.00448519
11.8241,0.0671407,0.0445031,0.0226377,-0.00295008,-0,-1.66624e-06,-1.78558e-06,0.0429731,0.00448353
11.83,0.100655,0.0443696,0.0562858,-0.0029482,-0,-1.66513e-06,-1.78457e-06,0.0428394,0.00448186
11.8359,0.0370856,0.0442365,-0.00715091,-0.00294632,-0,-1.66402e-06,-1.78357e-06,0.0427061,0.00448017
11.8417,0.0655879,0.0441037,0.0214842,-0.00294444,-0,-1.66291e-06,-1.78256e-06,0.0425731,0.00447849
11.8476,0.00412219,0.0439714,-0.0398492,-0.00294257,-0,-1.66181e-06,-1.78155e-06,0.0424406,0.00447679
11.8534,0.0922601,0.0438394,0.0484207,-0.00294069,-0,-1.66071e-06,-1.78055e-06,0.0423084,0.00447509
11.8593,0.00342739,0.0437077,-0.0402803,-0.00293882,-0,-1.65961e-06,-1.77955e-06,0.0421766,0.00447338
11.8652,-0.0193808,0.0435765,-0.0629573,-0.00293696,-0,-1.65851e-06,-1.77854e-06,0.0420452,0.00447166
11.871,0.141686,0.0434456,0.0982405,-0.00293509,-0,-1.65741e-06,-1.77754e-06,0.0419141,0.00446994
11.8769,0.00873771,0.043315,-0.0345773,-0.00293323,-0,-1.65631e-06,-1.77654e-06,0.0417835,0.0044682
11.8828,0.0406192,0.0431848,-0.00256565,-0.00293137,-0,-1.65522e-06,-1.77554e-06,0.0416532,0.00446646
11.8886,0.103128,0.043055,0.0600727,-0.00292951,-0,-1.65412e-06,-1.77455e-06,0.0415233,0.00446472
11.8945,0.0385697,0.0429256,-0.00435585,-0.00292766,-0,-1.65303e-06,-1.77355e-06,0.0413937,0.00446296
11.9003,0.134003,0.0427965,0.0912065,-0.00292581,-0,-1.65194e-06,-1.77255e-06,0.0412645,0.0044612
11.9062,0.0230189,0.0426678,-0.0196488,-0.00292395,-0,-1.65085e-06,-1.77156e-06,0.0411357,0.00445943
11.9121,0.140088,0.0425394,0.097549,-0.00292211,-0,-1.64976e-06,-1.77057e-06,0.0410072,0.00445765
11.9179,-0.0670693,0.0424113,-0.109481,-0.00292026,-0,-1.64867e-06,-1.76957e-06,0.0408792,0.00445587
11.9238,-0.110021,0.0422837,-0.152304,-0.00291842,-0,-1.64759e-06,-1.76858e-06,0.0407514,0.00445408
11.9297,0.0103217,0.0421564,-0.0318347,-0.00291658,-0,-1.6465e-06,-1.76759e-06,0.0406241,0.00445228
11.9355,0.174319,0.0420294,0.13229,-0.00291474,-0,-1.64542e-06,-1.7666e-06,0.0404971,0.00445047
11.9414,0.240589,0.0419028,0.198686,-0.0029129,-0,-1.64434e-06,-1.76562e-06,0.0403704,0.00444866
11.9472,0.0283294,0.0417765,-0.0134471,-0.00291107,-0,-1.64326e-06,-1.76463e-06,0.0402442,0.00444684
11.9531,0.0424667,0.0416506,0.000816118,-0.00290924,-0,-1.64218e-06,-1.76364e-06,0.0401182,0.00444501
11.959,0.00326547,0.041525,-0.0382596,-0.00290741,-0,-1.6411e-06,-1.76266e-06,0.0399927,0.00444317
11.9648,-0.163506,0.0413998,-0.204905,-0.00290558,-0,-1.64003e-06,-1.76168e-06,0.0398675,0.00444133
11.9707,0.0554729,0.0412749,0.014198,-0.00290375,-0,-1.63895e-06,-1.76069e-06,0.0397426,0.00443948
11.9766,0.0178739,0.0411504,-0.0232765,-0.00290193,-0,-1.63788e-06,-1.75971e-06,0.0396181,0.00443762
11.9824,0.170326,0.0410262,0.1293,-0.00290011,-0,-1.63681e-06,-1.75873e-06,0.0394939,0.00443575
11.9883,0.11356,0.0409023,0.0726578,-0.00289829,-0,-1.63574e-06,-1.75775e-06,0.0393701,0.00443388
11.9941,0.0204747,0.0407788,-0.0203041,-0.00289648,-0,-1.63467e-06,-1.75678e-06,0.0392467,0.004432
12,-0.0225392,0.0406556,-0.0631948,-0.00289467,-0,-1.6336e-06,-1.7558e-06,0.0391236,0.00443011
