ppm,observed,fitted,residual,component_EGDA,component_EGMA,component_EG,component_AcOH,component_exchange_pool,component_baseline
0,0.040274,-0.0122237,0.0524976,-0.00980383,-0.00113763,-0.000152439,-0.00126719,0.0966939,-0.0965565
0.00586224,0.0539718,-0.0116942,0.065666,-0.00982248,-0.00113967,-0.000152655,-0.00126997,0.0971324,-0.0964418
0.0117245,0.113013,-0.011163,0.124176,-0.00984121,-0.00114171,-0.000152872,-0.00127276,0.0975727,-0.0963271
0.0175867,-0.0503287,-0.0106302,-0.0396985,-0.00986001,-0.00114376,-0.000153089,-0.00127556,0.0980149,-0.0962126
0.0234489,-0.0487406,-0.0100956,-0.038645,-0.00987888,-0.00114582,-0.000153307,-0.00127837,0.098459,-0.0960983
0.0293112,-0.0136574,-0.00955941,-0.00409798,-0.00989782,-0.00114789,-0.000153526,-0.00128119,0.098905,-0.095984
0.0351734,0.0269559,-0.00902148,0.0359774,-0.00991683,-0.00114996,-0.000153745,-0.00128403,0.0993529,-0.0958698
0.0410357,-0.0534305,-0.00848182,-0.0449487,-0.00993591,-0.00115204,-0.000153965,-0.00128687,0.0998027,-0.0957558
0.0468979,0.0407472,-0.00794044,0.0486876,-0.00995506,-0.00115413,-0.000154185,-0.00128973,0.100254,-0.0956418
0.0527601,-0.00318754,-0.00739733,0.00420979,-0.00997428,-0.00115623,-0.000154406,-0.0012926,0.100708,-0.095528
0.0586224,0.0902595,-0.00685246,0.097112,-0.00999357,-0.00115833,-0.000154628,-0.00129548,0.101164,-0.0954142
0.0644846,0.0595577,-0.00630584,0.0658635,-0.0100129,-0.00116044,-0.00015485,-0.00129837,0.101621,-0.0953006
0.0703468,0.0953888,-0.00575746,0.101146,-0.0100324,-0.00116256,-0.000155073,-0.00130127,0.102081,-0.0951871
0.0762091,0.142366,-0.00520729,0.147573,-0.0100519,-0.00116469,-0.000155296,-0.00130419,0.102543,-0.0950737
0.0820713,0.178694,-0.00465534,0.183349,-0.0100715,-0.00116682,-0.000155521,-0.00130712,0.103006,-0.0949604
0.0879336,0.0644045,-0.00410159,0.0685061,-0.0100911,-0.00116896,-0.000155745,-0.00131006,0.103472,-0.0948473
0.0937958,0.102054,-0.00354604,0.1056,-0.0101109,-0.00117111,-0.000155971,-0.00131301,0.103939,-0.0947342
0.099658,-0.188477,-0.00298867,-0.185488,-0.0101307,-0.00117327,-0.000156197,-0.00131597,0.104409,-0.0946212
0.10552,-0.0348686,-0.00242947,-0.0324391,-0.0101506,-0.00117544,-0.000156424,-0.00131895,0.10488,-0.0945084
0.111383,-0.106908,-0.00186843,-0.10504,-0.0101705,-0.00117761,-0.000156651,-0.00132193,0.105354,-0.0943956
0.117245,-0.0723236,-0.00130554,-0.071018,-0.0101906,-0.00117979,-0.000156879,-0.00132493,0.10583,-0.094283
0.123107,-0.0471362,-0.000740794,-0.0463954,-0.0102107,-0.00118198,-0.000157108,-0.00132795,0.106307,-0.0941705
0.128969,-0.0570595,-0.000174178,-0.0568853,-0.0102309,-0.00118418,-0.000157337,-0.00133097,0.106787,-0.0940581
0.134831,0.125713,0.000394319,0.125319,-0.0102511,-0.00118638,-0.000157567,-0.00133401,0.107269,-0.0939458
0.140694,0.0258654,0.000964708,0.0249007,-0.0102715,-0.00118859,-0.000157798,-0.00133706,0.107753,-0.0938336
0.146556,-0.0902488,0.001537,-0.0917858,-0.0102919,-0.00119081,-0.000158029,-0.00134012,0.108239,-0.0937215
0.152418,0.134414,0.0021112,0.132303,-0.0103124,-0.00119304,-0.000158261,-0.00134319,0.108728,-0.0936095
0.15828,0.121003,0.00268733,0.118315,-0.010333,-0.00119528,-0.000158494,-0.00134628,0.109218,-0.0934977
0.164143,0.203064,0.00326539,0.199798,-0.0103536,-0.00119752,-0.000158727,-0.00134938,0.109711,-0.0933859
0.170005,0.0911133,0.0038454,0.0872679,-0.0103743,-0.00119978,-0.000158961,-0.00135249,0.110205,-0.0932743
0.175867,0.0280754,0.00442737,0.023648,-0.0103952,-0.00120204,-0.000159195,-0.00135562,0.110702,-0.0931627
0.181729,-0.0765843,0.00501131,-0.0815956,-0.0104161,-0.00120431,-0.000159431,-0.00135876,0.111201,-0.0930513
0.187592,0.133703,0.00559723,0.128106,-0.010437,-0.00120659,-0.000159667,-0.00136191,0.111702,-0.09294
0.193454,0.02909,0.00618514,0.0229049,-0.0104581,-0.00120887,-0.000159904,-0.00136507,0.112206,-0.0928288
0.199316,0.0764987,0.00677505,0.0697237,-0.0104792,-0.00121117,-0.000160141,-0.00136825,0.112712,-0.0927177
0.205178,0.0419793,0.00736698,0.0346124,-0.0105004,-0.00121347,-0.000160379,-0.00137144,0.113219,-0.0926067
0.211041,-0.05026,0.00796093,-0.0582209,-0.0105217,-0.00121578,-0.000160618,-0.00137464,0.11373,-0.0924958
0.216903,-0.128225,0.00855692,-0.136782,-0.0105431,-0.0012181,-0.000160857,-0.00137786,0.114242,-0.0923851
0.222765,0.0498549,0.00915497,0.0406999,-0.0105646,-0.00122043,-0.000161098,-0.00138109,0.114757,-0.0922744
0.228627,0.28499,0.00975507,0.275235,-0.0105861,-0.00122277,-0.000161338,-0.00138433,0.115273,-0.0921639
0.234489,0.177159,0.0103573,0.166801,-0.0106077,-0.00122512,-0.00016158,-0.00138759,0.115793,-0.0920534
0.240352,0.119734,0.0109615,0.108773,-0.0106294,-0.00122747,-0.000161822,-0.00139086,0.116314,-0.0919431
0.246214,0.0725888,0.0115679,0.0610209,-0.0106512,-0.00122983,-0.000162065,-0.00139414,0.116838,-0.0918329
0.252076,0.0232129,0.0121764,0.0110365,-0.0106731,-0.00123221,-0.000162309,-0.00139744,0.117364,-0.0917228
0.257938,0.0960112,0.012787,0.0832242,-0.0106951,-0.00123459,-0.000162554,-0.00140075,0.117893,-0.0916128
0.263801,0.232631,0.0133997,0.219232,-0.0107171,-0.00123698,-0.000162799,-0.00140408,0.118424,-0.0915029
0.269663,-0.035468,0.0140146,-0.0494825,-0.0107392,-0.00123938,-0.000163045,-0.00140742,0.118957,-0.0913931
0.275525,0.118975,0.0146316,0.104343,-0.0107615,-0.00124178,-0.000163291,-0.00141077,0.119492,-0.0912835
0.281387,0.0446229,0.0152508,0.0293721,-0.0107838,-0.0012442,-0.000163539,-0.00141414,0.12003,-0.0911739
0.28725,0.11232,0.0158722,0.0964481,-0.0108062,-0.00124663,-0.000163787,-0.00141752,0.120571,-0.0910645
0.293112,0.154326,0.0164958,0.13783,-0.0108286,-0.00124906,-0.000164036,-0.00142091,0.121114,-0.0909551
0.298974,0.293425,0.0171217,0.276304,-0.0108512,-0.0012515,-0.000164285,-0.00142432,0.121659,-0.0908459
0.304836,-0.0936503,0.0177497,-0.1114,-0.0108739,-0.00125396,-0.000164535,-0.00142774,0.122207,-0.0907368
0.310699,0.143447,0.01838,0.125067,-0.0108966,-0.00125642,-0.000164786,-0.00143118,0.122757,-0.0906278
0.316561,0.261836,0.0190125,0.242824,-0.0109194,-0.00125889,-0.000165038,-0.00143463,0.123309,-0.0905189
0.322423,0.120348,0.0196473,0.100701,-0.0109423,-0.00126137,-0.000165291,-0.00143809,0.123864,-0.0904101
0.328285,0.265878,0.0202844,0.245594,-0.0109654,-0.00126386,-0.000165544,-0.00144157,0.124422,-0.0903014
0.334148,0.185989,0.0209237,0.165066,-0.0109885,-0.00126636,-0.000165798,-0.00144507,0.124982,-0.0901928
0.34001,0.0790945,0.0215654,0.057529,-0.0110116,-0.00126887,-0.000166053,-0.00144857,0.125545,-0.0900844
0.345872,0.158694,0.0222094,0.136484,-0.0110349,-0.00127138,-0.000166309,-0.0014521,0.12611,-0.089976
0.351734,0.0331503,0.0228557,0.0102945,-0.0110583,-0.00127391,-0.000166565,-0.00145563,0.126678,-0.0898678
0.357596,0.116604,0.0235044,0.0930997,-0.0110817,-0.00127645,-0.000166822,-0.00145919,0.127248,-0.0897596
0.363459,0.12384,0.0241554,0.0996842,-0.0111053,-0.00127899,-0.00016708,-0.00146275,0.127821,-0.0896516
0.369321,0.103872,0.0248088,0.0790632,-0.0111289,-0.00128155,-0.000167339,-0.00146633,0.128397,-0.0895437
0.375183,-0.0258327,0.0254646,-0.0512974,-0.0111527,-0.00128411,-0.000167599,-0.00146993,0.128975,-0.0894359
0.381045,-0.0934754,0.0261228,-0.119598,-0.0111765,-0.00128669,-0.000167859,-0.00147354,0.129556,-0.0893282
0.386908,-0.103692,0.0267835,-0.130475,-0.0112004,-0.00128927,-0.00016812,-0.00147717,0.130139,-0.0892206
0.39277,0.0218006,0.0274465,-0.00564588,-0.0112244,-0.00129186,-0.000168382,-0.00148081,0.130725,-0.0891132
0.398632,0.100695,0.028112,0.0725828,-0.0112485,-0.00129447,-0.000168644,-0.00148446,0.131314,-0.0890058
0.404494,-0.0127796,0.02878,-0.0415596,-0.0112727,-0.00129708,-0.000168908,-0.00148813,0.131905,-0.0888986
0.410357,0.0203854,0.0294504,-0.009065,-0.011297,-0.0012997,-0.000169172,-0.00149182,0.1325,-0.0887914
0.416219,-0.0541131,0.0301234,-0.0842365,-0.0113214,-0.00130233,-0.000169437,-0.00149552,0.133096,-0.0886844
0.422081,-0.0314717,0.0307988,-0.0622705,-0.0113459,-0.00130498,-0.000169703,-0.00149924,0.133696,-0.0885775
0.427943,-0.0198624,0.0314768,-0.0513392,-0.0113705,-0.00130763,-0.00016997,-0.00150297,0.134298,-0.0884706
0.433806,-0.0207008,0.0321573,-0.0528581,-0.0113952,-0.00131029,-0.000170238,-0.00150671,0.134904,-0.0883639
0.439668,-0.0767387,0.0328403,-0.109579,-0.0114199,-0.00131296,-0.000170506,-0.00151048,0.135512,-0.0882573
0.44553,0.156345,0.033526,0.122819,-0.0114448,-0.00131565,-0.000170775,-0.00151425,0.136122,-0.0881509
0.451392,0.0290209,0.0342142,-0.00519328,-0.0114698,-0.00131834,-0.000171045,-0.00151805,0.136736,-0.0880445
0.457255,0.0307963,0.034905,-0.00410867,-0.0114948,-0.00132104,-0.000171316,-0.00152185,0.137352,-0.0879382
0.463117,0.047905,0.0355984,0.0123066,-0.01152,-0.00132375,-0.000171588,-0.00152568,0.137971,-0.0878321
0.468979,0.119888,0.0362945,0.0835932,-0.0115452,-0.00132647,-0.00017186,-0.00152952,0.138594,-0.087726
0.474841,0.247606,0.0369932,0.210613,-0.0115706,-0.00132921,-0.000172134,-0.00153337,0.139219,-0.0876201
0.480703,0.0615603,0.0376946,0.0238657,-0.011596,-0.00133195,-0.000172408,-0.00153724,0.139846,-0.0875143
0.486566,0.0235814,0.0383986,-0.0148172,-0.0116216,-0.0013347,-0.000172683,-0.00154112,0.140477,-0.0874085
0.492428,0.0481332,0.0391054,0.00902782,-0.0116472,-0.00133747,-0.000172959,-0.00154502,0.141111,-0.0873029
0.49829,-0.0236522,0.0398149,-0.0634671,-0.011673,-0.00134024,-0.000173236,-0.00154894,0.141748,-0.0871974
0.504152,0.12872,0.0405271,0.0881924,-0.0116988,-0.00134302,-0.000173513,-0.00155287,0.142387,-0.087092
0.510015,0.0212061,0.041242,-0.0200359,-0.0117248,-0.00134582,-0.000173792,-0.00155682,0.14303,-0.0869868
0.515877,0.0450439,0.0419597,0.00308419,-0.0117508,-0.00134862,-0.000174071,-0.00156078,0.143676,-0.0868816
0.521739,0.149557,0.0426802,0.106876,-0.011777,-0.00135144,-0.000174352,-0.00156476,0.144324,-0.0867765
0.527601,0.0831505,0.0434035,0.0397469,-0.0118032,-0.00135426,-0.000174633,-0.00156876,0.144976,-0.0866716
0.533464,0.162848,0.0441297,0.118719,-0.0118296,-0.0013571,-0.000174915,-0.00157277,0.145631,-0.0865668
0.539326,0.0841947,0.0448586,0.0393361,-0.011856,-0.00135994,-0.000175198,-0.0015768,0.146289,-0.086462
0.545188,0.0354494,0.0455904,-0.010141,-0.0118826,-0.0013628,-0.000175482,-0.00158084,0.14695,-0.0863574
0.55105,0.0250944,0.0463251,-0.0212307,-0.0119092,-0.00136567,-0.000175766,-0.0015849,0.147614,-0.0862529
0.556913,0.0504143,0.0470627,0.00335165,-0.011936,-0.00136854,-0.000176052,-0.00158897,0.148281,-0.0861485
0.562775,-0.0191067,0.0478031,-0.0669098,-0.0119628,-0.00137143,-0.000176339,-0.00159306,0.148951,-0.0860442
0.568637,0.122929,0.0485465,0.0743823,-0.0119898,-0.00137433,-0.000176626,-0.00159716,0.149624,-0.08594
0.574499,0.215227,0.0492929,0.165934,-0.0120169,-0.00137724,-0.000176914,-0.00160128,0.150301,-0.085836
0.580362,0.0574296,0.0500422,0.00738739,-0.012044,-0.00138016,-0.000177204,-0.00160542,0.150981,-0.085732
0.586224,0.0682169,0.0507945,0.0174225,-0.0120713,-0.00138309,-0.000177494,-0.00160957,0.151664,-0.0856281
0.592086,0.0691158,0.0515498,0.017566,-0.0120986,-0.00138603,-0.000177785,-0.00161374,0.15235,-0.0855244
0.597948,0.0866696,0.0523081,0.0343615,-0.0121261,-0.00138898,-0.000178077,-0.00161793,0.15304,-0.0854208
0.60381,-0.0567462,0.0530694,-0.109816,-0.0121537,-0.00139195,-0.00017837,-0.00162213,0.153733,-0.0853173
0.609673,0.117088,0.0538338,0.0632543,-0.0121814,-0.00139492,-0.000178664,-0.00162634,0.154429,-0.0852138
0.615535,0.109634,0.0546013,0.0550329,-0.0122091,-0.0013979,-0.000178959,-0.00163057,0.155128,-0.0851105
0.621397,0.031658,0.0553719,-0.0237139,-0.012237,-0.0014009,-0.000179255,-0.00163482,0.155831,-0.0850073
0.627259,0.0600291,0.0561456,0.00388351,-0.012265,-0.0014039,-0.000179552,-0.00163908,0.156537,-0.0849043
0.633122,0.173687,0.0569224,0.116765,-0.0122931,-0.00140692,-0.000179849,-0.00164336,0.157247,-0.0848013
0.638984,-0.0651322,0.0577024,-0.122835,-0.0123213,-0.00140995,-0.000180148,-0.00164765,0.15796,-0.0846984
0.644846,0.0339692,0.0584856,-0.0245164,-0.0123496,-0.00141298,-0.000180448,-0.00165196,0.158676,-0.0845957
0.650708,0.0475931,0.059272,-0.0116788,-0.012378,-0.00141603,-0.000180748,-0.00165629,0.159396,-0.084493
0.656571,0.0947933,0.0600616,0.0347318,-0.0124065,-0.00141909,-0.00018105,-0.00166063,0.160119,-0.0843905
0.662433,0.120057,0.0608544,0.0592031,-0.0124351,-0.00142216,-0.000181353,-0.00166498,0.160846,-0.0842881
0.668295,0.0592897,0.0616505,-0.00236074,-0.0124638,-0.00142524,-0.000181656,-0.00166935,0.161576,-0.0841858
0.674157,0.0186689,0.0624499,-0.0437809,-0.0124926,-0.00142833,-0.000181961,-0.00167374,0.16231,-0.0840836
0.68002,-0.158755,0.0632525,-0.222007,-0.0125215,-0.00143144,-0.000182266,-0.00167814,0.163047,-0.0839815
0.685882,0.280219,0.0640585,0.21616,-0.0125505,-0.00143455,-0.000182573,-0.00168255,0.163788,-0.0838795
0.691744,0.0233832,0.0648679,-0.0414847,-0.0125796,-0.00143767,-0.00018288,-0.00168698,0.164533,-0.0837776
0.697606,0.182247,0.0656806,0.116567,-0.0126088,-0.0014408,-0.000183189,-0.00169143,0.165281,-0.0836758
0.703468,0.00556181,0.0664967,-0.0609349,-0.0126381,-0.00144395,-0.000183499,-0.00169589,0.166032,-0.0835742
0.709331,-0.0341361,0.0673163,-0.101452,-0.0126676,-0.0014471,-0.000183809,-0.00170036,0.166788,-0.0834726
0.715193,0.227253,0.0681392,0.159114,-0.0126971,-0.00145027,-0.000184121,-0.00170485,0.167547,-0.0833712
0.721055,0.170913,0.0689656,0.101948,-0.0127267,-0.00145345,-0.000184433,-0.00170936,0.168309,-0.0832699
0.726917,0.200243,0.0697956,0.130448,-0.0127564,-0.00145663,-0.000184747,-0.00171387,0.169076,-0.0831687
0.73278,0.0562358,0.070629,-0.0143931,-0.0127863,-0.00145983,-0.000185062,-0.00171841,0.169846,-0.0830675
0.738642,0.126891,0.0714659,0.0554247,-0.0128162,-0.00146304,-0.000185378,-0.00172295,0.17062,-0.0829665
0.744504,0.158785,0.0723064,0.086479,-0.0128462,-0.00146626,-0.000185694,-0.00172751,0.171398,-0.0828657
0.750366,-0.0023645,0.0731505,-0.075515,-0.0128763,-0.00146949,-0.000186012,-0.00173209,0.172179,-0.0827649
0.756229,0.100615,0.0739982,0.0266166,-0.0129066,-0.00147273,-0.000186331,-0.00173667,0.172965,-0.0826642
0.762091,0.00960662,0.0748495,-0.0652429,-0.0129369,-0.00147598,-0.000186651,-0.00174127,0.173754,-0.0825637
0.767953,0.042007,0.0757044,-0.0336975,-0.0129673,-0.00147924,-0.000186972,-0.00174589,0.174547,-0.0824632
0.773815,-0.0809123,0.0765631,-0.157475,-0.0129978,-0.00148251,-0.000187294,-0.00175051,0.175344,-0.0823629
0.779678,0.0966498,0.0774254,0.0192244,-0.0130284,-0.00148579,-0.000187617,-0.00175515,0.176145,-0.0822626
0.78554,-0.0114197,0.0782915,-0.0897111,-0.0130591,-0.00148908,-0.000187942,-0.0017598,0.17695,-0.0821625
0.791402,0.102852,0.0791613,0.0236909,-0.0130899,-0.00149238,-0.000188267,-0.00176447,0.177759,-0.0820625
0.797264,0.0365025,0.0800349,-0.0435323,-0.0131208,-0.00149569,-0.000188593,-0.00176914,0.178572,-0.0819626
0.803127,-0.0328358,0.0809123,-0.113748,-0.0131518,-0.00149901,-0.000188921,-0.00177383,0.179389,-0.0818628
0.808989,-0.0367479,0.0817935,-0.118541,-0.0131829,-0.00150234,-0.00018925,-0.00177853,0.18021,-0.0817631
0.814851,-0.141766,0.0826786,-0.224445,-0.0132141,-0.00150568,-0.000189579,-0.00178324,0.181035,-0.0816636
0.820713,0.082997,0.0835675,-0.000570545,-0.0132453,-0.00150903,-0.00018991,-0.00178796,0.181864,-0.0815641
0.826575,0.0960516,0.0844604,0.0115912,-0.0132767,-0.00151238,-0.000190242,-0.00179269,0.182697,-0.0814648
0.832438,0.0876817,0.0853572,0.00232451,-0.0133081,-0.00151575,-0.000190575,-0.00179743,0.183535,-0.0813655
0.8383,0.00281961,0.086258,-0.0834384,-0.0133397,-0.00151913,-0.00019091,-0.00180218,0.184376,-0.0812664
0.844162,-0.00621431,0.0871627,-0.093377,-0.0133713,-0.00152252,-0.000191245,-0.00180694,0.185222,-0.0811674
0.850024,0.080805,0.0880715,-0.00726657,-0.013403,-0.00152591,-0.000191581,-0.00181172,0.186072,-0.0810684
0.855887,0.178176,0.0889844,0.0891912,-0.0134348,-0.00152932,-0.000191919,-0.00181649,0.186927,-0.0809696
0.861749,0.21226,0.0899013,0.122359,-0.0134666,-0.00153273,-0.000192258,-0.00182128,0.187785,-0.080871
0.867611,0.088868,0.0908223,-0.00195429,-0.0134986,-0.00153615,-0.000192598,-0.00182608,0.188648,-0.0807724
0.873473,0.238984,0.0917475,0.147237,-0.0135306,-0.00153958,-0.000192939,-0.00183088,0.189515,-0.0806739
0.879336,0.0646544,0.0926768,-0.0280224,-0.0135627,-0.00154302,-0.000193281,-0.00183569,0.190387,-0.0805755
0.885198,0.0814366,0.0936103,-0.0121738,-0.0135949,-0.00154647,-0.000193625,-0.00184051,0.191263,-0.0804773
0.89106,0.181476,0.0945481,0.0869276,-0.0136271,-0.00154993,-0.000193969,-0.00184533,0.192144,-0.0803791
0.896922,0.0130771,0.0954901,-0.0824131,-0.0136595,-0.00155339,-0.000194315,-0.00185016,0.193029,-0.0802811
0.902785,-0.00401491,0.0964364,-0.100451,-0.0136919,-0.00155686,-0.000194662,-0.00185499,0.193918,-0.0801832
0.908647,0.00496397,0.097387,-0.0924231,-0.0137243,-0.00156034,-0.00019501,-0.00185983,0.194812,-0.0800854
0.914509,0.0890735,0.098342,-0.00926854,-0.0137568,-0.00156383,-0.00019536,-0.00186467,0.19571,-0.0799877
0.920371,0.13454,0.0993014,0.0352388,-0.0137894,-0.00156732,-0.00019571,-0.00186951,0.196613,-0.0798901
0.926234,0.0131837,0.100265,-0.0870814,-0.0138221,-0.00157082,-0.000196062,-0.00187436,0.197521,-0.0797926
0.932096,0.00709323,0.101233,-0.0941402,-0.0138548,-0.00157432,-0.000196415,-0.00187921,0.198433,-0.0796952
0.937958,0.190896,0.102206,0.0886895,-0.0138876,-0.00157784,-0.00019677,-0.00188406,0.19935,-0.0795979
0.94382,0.261216,0.103183,0.158033,-0.0139204,-0.00158136,-0.000197125,-0.00188891,0.200272,-0.0795008
0.949682,0.1843,0.104165,0.080135,-0.0139533,-0.00158488,-0.000197482,-0.00189376,0.201198,-0.0794037
0.955545,0.317704,0.105151,0.212553,-0.0139862,-0.00158841,-0.00019784,-0.00189861,0.202129,-0.0793068
0.961407,0.22168,0.106142,0.115538,-0.0140191,-0.00159195,-0.000198199,-0.00190345,0.203065,-0.07921
0.967269,0.215905,0.107138,0.108767,-0.0140521,-0.00159549,-0.00019856,-0.0019083,0.204006,-0.0791133
0.973131,0.227948,0.108138,0.11981,-0.0140852,-0.00159903,-0.000198921,-0.00191314,0.204951,-0.0790166
0.978994,-0.0245987,0.109144,-0.133742,-0.0141182,-0.00160258,-0.000199284,-0.00191797,0.205902,-0.0789201
0.984856,0.0653405,0.110153,-0.0448129,-0.0141513,-0.00160613,-0.000199649,-0.0019228,0.206857,-0.0788238
0.990718,0.231844,0.111168,0.120676,-0.0141845,-0.00160969,-0.000200014,-0.00192763,0.207817,-0.0787275
0.99658,0.123656,0.112187,0.0114681,-0.0142176,-0.00161325,-0.000200381,-0.00193244,0.208782,-0.0786313
1.00244,0.117428,0.113212,0.00421635,-0.0142508,-0.00161681,-0.000200749,-0.00193725,0.209753,-0.0785353
1.0083,0.11406,0.114241,-0.000180722,-0.014284,-0.00162038,-0.000201119,-0.00194204,0.210728,-0.0784393
1.01417,0.0814423,0.115275,-0.033833,-0.0143172,-0.00162394,-0.00020149,-0.00194683,0.211708,-0.0783435
1.02003,0.0264432,0.116315,-0.0898714,-0.0143504,-0.00162751,-0.000201862,-0.0019516,0.212694,-0.0782477
1.02589,0.0602191,0.117359,-0.0571397,-0.0143836,-0.00163108,-0.000202235,-0.00195636,0.213684,-0.0781521
1.03175,0.041835,0.118408,-0.0765731,-0.0144168,-0.00163465,-0.00020261,-0.0019611,0.21468,-0.0780566
1.03762,0.242433,0.119463,0.12297,-0.01445,-0.00163822,-0.000202986,-0.00196583,0.215681,-0.0779612
1.04348,0.158832,0.120522,0.0383095,-0.0144831,-0.00164179,-0.000203363,-0.00197054,0.216687,-0.0778659
1.04934,0.134994,0.121587,0.0134073,-0.0145163,-0.00164536,-0.000203742,-0.00197523,0.217698,-0.0777707
1.0552,0.194178,0.122657,0.0715206,-0.0145494,-0.00164892,-0.000204122,-0.00197989,0.218715,-0.0776757
1.06106,0.097445,0.123732,-0.0262873,-0.0145825,-0.00165249,-0.000204504,-0.00198454,0.219737,-0.0775807
1.06693,0.221172,0.124813,0.0963592,-0.0146155,-0.00165605,-0.000204887,-0.00198916,0.220764,-0.0774858
1.07279,0.0869175,0.125899,-0.0389816,-0.0146485,-0.00165961,-0.000205271,-0.00199375,0.221797,-0.0773911
1.07865,0.191443,0.126991,0.064452,-0.0146815,-0.00166316,-0.000205656,-0.00199832,0.222836,-0.0772965
1.08451,0.148337,0.128087,0.0202492,-0.0147143,-0.00166671,-0.000206043,-0.00200286,0.223879,-0.077202
1.09038,0.267084,0.12919,0.137894,-0.0147472,-0.00167025,-0.000206432,-0.00200736,0.224929,-0.0771075
1.09624,0.0577747,0.130298,-0.0725233,-0.0147799,-0.00167379,-0.000206822,-0.00201183,0.225984,-0.0770132
1.1021,0.0650891,0.131412,-0.0663225,-0.0148125,-0.00167732,-0.000207213,-0.00201626,0.227044,-0.076919
1.10796,0.197154,0.132531,0.064623,-0.0148451,-0.00168084,-0.000207605,-0.00202065,0.22811,-0.076825
1.11383,0.00272858,0.133656,-0.130927,-0.0148775,-0.00168435,-0.000207999,-0.00202501,0.229182,-0.076731
1.11969,0.0243778,0.134787,-0.110409,-0.0149099,-0.00168785,-0.000208395,-0.00202931,0.230259,-0.0766371
1.12555,0.153179,0.135923,0.0172562,-0.0149421,-0.00169134,-0.000208792,-0.00203358,0.231342,-0.0765434
1.13141,0.132167,0.137066,-0.00489918,-0.0149741,-0.00169482,-0.00020919,-0.00203779,0.232431,-0.0764497
1.13727,0.0284144,0.138214,-0.1098,-0.0150061,-0.00169828,-0.00020959,-0.00204195,0.233526,-0.0763562
1.14314,0.0853036,0.139368,-0.0540649,-0.0150378,-0.00170174,-0.000209991,-0.00204606,0.234627,-0.0762628
1.149,0.114593,0.140529,-0.025936,-0.0150695,-0.00170517,-0.000210394,-0.0020501,0.235733,-0.0761694
1.15486,0.125382,0.141695,-0.0163132,-0.0151009,-0.00170859,-0.000210798,-0.00205409,0.236846,-0.0760762
1.16072,0.215275,0.142868,0.0724065,-0.0151321,-0.00171199,-0.000211204,-0.00205801,0.237964,-0.0759831
1.16659,0.201923,0.144047,0.0578762,-0.0151632,-0.00171538,-0.000211611,-0.00206187,0.239089,-0.0758902
1.17245,0.00444817,0.145232,-0.140784,-0.015194,-0.00171874,-0.00021202,-0.00206565,0.24022,-0.0757973
1.17831,0.195007,0.146423,0.0485834,-0.0152245,-0.00172208,-0.00021243,-0.00206936,0.241356,-0.0757045
1.18417,0.126095,0.147621,-0.0215259,-0.0152549,-0.0017254,-0.000212841,-0.00207299,0.242499,-0.0756119
1.19003,0.111333,0.148825,-0.0374921,-0.0152849,-0.0017287,-0.000213255,-0.00207653,0.243648,-0.0755193
1.1959,0.122871,0.150036,-0.0271655,-0.0153147,-0.00173196,-0.000213669,-0.00207999,0.244803,-0.0754269
1.20176,0.031607,0.151254,-0.119647,-0.0153442,-0.0017352,-0.000214086,-0.00208336,0.245965,-0.0753346
1.20762,0.108036,0.152478,-0.0444417,-0.0153734,-0.00173842,-0.000214504,-0.00208663,0.247133,-0.0752423
1.21348,0.22688,0.153708,0.0731714,-0.0154023,-0.0017416,-0.000214923,-0.00208979,0.248307,-0.0751502
1.21935,0.185167,0.154946,0.0302216,-0.0154308,-0.00174474,-0.000215344,-0.00209285,0.249488,-0.0750582
1.22521,0.134336,0.15619,-0.0218543,-0.0154589,-0.00174785,-0.000215766,-0.0020958,0.250675,-0.0749663
1.23107,0.0493198,0.157441,-0.108122,-0.0154866,-0.00175093,-0.00021619,-0.00209863,0.251868,-0.0748746
1.23693,0.0829999,0.1587,-0.0756997,-0.0155139,-0.00175396,-0.000216616,-0.00210134,0.253068,-0.0747829
1.24279,0.228232,0.159965,0.0682671,-0.0155408,-0.00175696,-0.000217043,-0.00210392,0.254275,-0.0746913
1.24866,0.194681,0.161238,0.0334434,-0.0155672,-0.00175991,-0.000217472,-0.00210637,0.255488,-0.0745999
1.25452,0.229079,0.162517,0.0665615,-0.0155932,-0.00176281,-0.000217903,-0.00210867,0.256708,-0.0745085
1.26038,0.0943897,0.163804,-0.0694147,-0.0156186,-0.00176567,-0.000218335,-0.00211082,0.257935,-0.0744173
1.26624,0.116972,0.165099,-0.0481274,-0.0156435,-0.00176847,-0.000218768,-0.00211282,0.259169,-0.0743262
1.27211,0.191188,0.166401,0.0247866,-0.0156679,-0.00177122,-0.000219204,-0.00211465,0.260409,-0.0742352
1.27797,0.156826,0.16771,-0.0108848,-0.0156916,-0.00177392,-0.000219641,-0.00211631,0.261656,-0.0741443
1.28383,0.137775,0.169028,-0.0312531,-0.0157147,-0.00177655,-0.000220079,-0.00211779,0.26291,-0.0740535
1.28969,0.173374,0.170353,0.00302184,-0.0157372,-0.00177912,-0.00022052,-0.00211909,0.264171,-0.0739628
1.29555,0.0250406,0.171685,-0.146645,-0.015759,-0.00178163,-0.000220961,-0.00212018,0.265439,-0.0738722
1.30142,0.145566,0.173026,-0.0274601,-0.01578,-0.00178406,-0.000221405,-0.00212107,0.266715,-0.0737818
1.30728,0.173543,0.174375,-0.000832468,-0.0158003,-0.00178643,-0.00022185,-0.00212175,0.267997,-0.0736914
1.31314,0.255168,0.175732,0.0794359,-0.0158199,-0.00178871,-0.000222297,-0.0021222,0.269286,-0.0736012
1.319,0.271431,0.177097,0.0943335,-0.0158385,-0.00179092,-0.000222746,-0.00212241,0.270583,-0.073511
1.32487,0.350363,0.178471,0.171892,-0.0158563,-0.00179304,-0.000223196,-0.00212237,0.271887,-0.073421
1.33073,0.173424,0.179853,-0.00642928,-0.0158732,-0.00179507,-0.000223649,-0.00212207,0.273198,-0.0733311
1.33659,0.18195,0.181244,0.000706922,-0.0158891,-0.00179701,-0.000224102,-0.0021215,0.274517,-0.0732413
1.34245,-0.00325844,0.182643,-0.185901,-0.015904,-0.00179885,-0.000224558,-0.00212064,0.275843,-0.0731516
1.34831,-0.035484,0.184051,-0.219535,-0.0159179,-0.00180059,-0.000225015,-0.00211949,0.277176,-0.073062
1.35418,0.0036783,0.185468,-0.18179,-0.0159306,-0.00180222,-0.000225474,-0.00211802,0.278517,-0.0729726
1.36004,0.205991,0.186894,0.0190962,-0.0159422,-0.00180374,-0.000225935,-0.00211622,0.279866,-0.0728832
1.3659,0.221155,0.18833,0.0328253,-0.0159526,-0.00180513,-0.000226398,-0.00211408,0.281222,-0.0727939
1.37176,0.355419,0.189774,0.165644,-0.0159616,-0.00180641,-0.000226862,-0.00211158,0.282586,-0.0727048
1.37763,0.307345,0.191229,0.116116,-0.0159694,-0.00180755,-0.000227329,-0.0021087,0.283957,-0.0726158
1.38349,0.264167,0.192693,0.0714748,-0.0159757,-0.00180856,-0.000227797,-0.00210543,0.285337,-0.0725268
1.38935,0.142641,0.194166,-0.0515254,-0.0159806,-0.00180942,-0.000228266,-0.00210174,0.286724,-0.072438
1.39521,0.341503,0.19565,0.145853,-0.0159839,-0.00181013,-0.000228738,-0.00209762,0.288119,-0.0723493
1.40107,0.326655,0.197143,0.129512,-0.0159856,-0.00181069,-0.000229211,-0.00209304,0.289523,-0.0722607
1.40694,0.305397,0.198647,0.10675,-0.0159856,-0.00181107,-0.000229687,-0.00208799,0.290934,-0.0721722
1.4128,0.322763,0.200162,0.122602,-0.0159839,-0.00181129,-0.000230164,-0.00208244,0.292353,-0.0720839
1.41866,0.309605,0.201686,0.107919,-0.0159802,-0.00181132,-0.000230643,-0.00207636,0.293781,-0.0719956
1.42452,0.337343,0.203222,0.134121,-0.0159747,-0.00181116,-0.000231124,-0.00206973,0.295216,-0.0719074
1.43039,0.172734,0.204769,-0.0320346,-0.0159671,-0.0018108,-0.000231606,-0.00206253,0.29666,-0.0718194
1.43625,0.280173,0.206327,0.0738465,-0.0159573,-0.00181023,-0.000232091,-0.00205472,0.298112,-0.0717314
1.44211,0.180025,0.207896,-0.0278712,-0.0159453,-0.00180943,-0.000232578,-0.00204627,0.299573,-0.0716436
1.44797,0.302792,0.209477,0.093315,-0.015931,-0.00180841,-0.000233066,-0.00203716,0.301042,-0.0715559
1.45383,0.257617,0.211069,0.0465476,-0.0159142,-0.00180714,-0.000233556,-0.00202735,0.30252,-0.0714683
1.4597,0.0492962,0.212674,-0.163378,-0.0158948,-0.00180562,-0.000234049,-0.00201681,0.304006,-0.0713808
1.46556,0.274613,0.214291,0.0603225,-0.0158726,-0.00180383,-0.000234543,-0.00200549,0.305501,-0.0712934
1.47142,0.232795,0.21592,0.0168748,-0.0158477,-0.00180176,-0.000235039,-0.00199336,0.307004,-0.0712061
1.47728,0.401818,0.217563,0.184256,-0.0158198,-0.00179939,-0.000235537,-0.00198038,0.308517,-0.071119
1.48315,0.248873,0.219218,0.0296555,-0.0157887,-0.00179672,-0.000236037,-0.00196651,0.310038,-0.0710319
1.48901,0.151736,0.220887,-0.0691503,-0.0157543,-0.00179372,-0.000236539,-0.0019517,0.311568,-0.0709449
1.49487,0.444524,0.222569,0.221956,-0.0157165,-0.00179037,-0.000237043,-0.0019359,0.313107,-0.0708581
1.50073,0.314464,0.224265,0.0901991,-0.0156751,-0.00178667,-0.000237549,-0.00191906,0.314655,-0.0707714
1.5066,0.23777,0.225976,0.0117942,-0.0156299,-0.00178259,-0.000238057,-0.00190113,0.316212,-0.0706848
1.51246,0.278881,0.227701,0.0511806,-0.0155807,-0.00177812,-0.000238567,-0.00188204,0.317778,-0.0705982
1.51832,0.265179,0.229441,0.0357385,-0.0155274,-0.00177322,-0.000239079,-0.00186175,0.319354,-0.0705118
1.52418,0.176054,0.231196,-0.0551417,-0.0154696,-0.00176789,-0.000239593,-0.00184017,0.320939,-0.0704255
1.53004,0.140839,0.232967,-0.0921282,-0.0154072,-0.0017621,-0.000240109,-0.00181726,0.322533,-0.0703394
1.53591,0.151525,0.234754,-0.0832285,-0.01534,-0.00175583,-0.000240628,-0.00179293,0.324136,-0.0702533
1.54177,0.343352,0.236557,0.106795,-0.0152676,-0.00174904,-0.000241148,-0.0017671,0.32575,-0.0701673
1.54763,0.149317,0.238378,-0.0890613,-0.0151899,-0.00174172,-0.00024167,-0.0017397,0.327372,-0.0700815
1.55349,0.122227,0.240216,-0.117989,-0.0151066,-0.00173384,-0.000242195,-0.00171064,0.329005,-0.0699957
1.55936,0.0830078,0.242072,-0.159064,-0.0150173,-0.00172536,-0.000242721,-0.00167983,0.330647,-0.0699101
1.56522,0.331375,0.243946,0.0874289,-0.0149218,-0.00171625,-0.00024325,-0.00164717,0.332299,-0.0698246
1.57108,0.417056,0.245839,0.171217,-0.0148198,-0.00170649,-0.000243781,-0.00161256,0.333961,-0.0697392
1.57694,0.267586,0.247752,0.0198347,-0.0147108,-0.00169603,-0.000244313,-0.00157588,0.335633,-0.0696539
1.5828,0.269025,0.249685,0.01934,-0.0145945,-0.00168483,-0.000244848,-0.00153702,0.337314,-0.0695687
1.58867,0.239927,0.251638,-0.0117115,-0.0144706,-0.00167287,-0.000245386,-0.00149585,0.339006,-0.0694836
1.59453,0.382866,0.253613,0.129253,-0.0143386,-0.00166009,-0.000245925,-0.00145225,0.340709,-0.0693986
1.60039,0.164507,0.25561,-0.0911033,-0.0141981,-0.00164645,-0.000246466,-0.00140605,0.342421,-0.0693137
1.60625,0.211045,0.25763,-0.046585,-0.0140485,-0.0016319,-0.00024701,-0.00135712,0.344144,-0.069229
1.61212,0.146524,0.259674,-0.11315,-0.0138896,-0.00161639,-0.000247556,-0.00130529,0.345877,-0.0691443
1.61798,0.476332,0.261742,0.21459,-0.0137206,-0.00159987,-0.000248104,-0.00125039,0.347621,-0.0690598
1.62384,0.305301,0.263835,0.0414654,-0.013541,-0.00158228,-0.000248654,-0.00119223,0.349375,-0.0689754
1.6297,0.135936,0.265955,-0.130019,-0.0133503,-0.00156355,-0.000249207,-0.0011306,0.35114,-0.0688911
1.63556,0.100777,0.268102,-0.167325,-0.0131479,-0.00154363,-0.000249762,-0.0010653,0.352915,-0.0688069
1.64143,0.151026,0.270277,-0.119252,-0.012933,-0.00152244,-0.000250319,-0.000996088,0.354702,-0.0687228
1.64729,0.406971,0.272482,0.134488,-0.0127049,-0.0014999,-0.000250878,-0.000922725,0.356499,-0.0686388
1.65315,0.201827,0.274718,-0.072891,-0.0124628,-0.00147594,-0.00025144,-0.000844943,0.358308,-0.0685549
1.65901,0.301675,0.276985,0.0246899,-0.0122061,-0.00145047,-0.000252004,-0.000762457,0.360127,-0.0684711
1.66488,0.238879,0.279286,-0.0404069,-0.0119337,-0.0014234,-0.00025257,-0.000674958,0.361958,-0.0683875
1.67074,0.181005,0.281622,-0.100616,-0.0116447,-0.00139464,-0.000253138,-0.000582114,0.3638,-0.0683039
1.6766,0.248778,0.283993,-0.0352159,-0.0113382,-0.00136407,-0.000253709,-0.000483569,0.365654,-0.0682205
1.68246,0.277126,0.286403,-0.0092771,-0.0110131,-0.00133158,-0.000254282,-0.000378937,0.367518,-0.0681372
1.68832,0.238148,0.288853,-0.0507046,-0.0106683,-0.00129706,-0.000254858,-0.000267798,0.369395,-0.0680539
1.69419,0.15302,0.291344,-0.138323,-0.0103025,-0.00126037,-0.000255435,-0.000149704,0.371283,-0.0679708
1.70005,0.260607,0.293879,-0.0332719,-0.00991436,-0.00122138,-0.000256016,-2.41632e-05,0.373182,-0.0678878
1.70591,0.534597,0.296459,0.238138,-0.00950255,-0.00117993,-0.000256598,0.000109353,0.375094,-0.0678049
1.71177,0.398832,0.299088,0.0997444,-0.00906554,-0.00113587,-0.000257183,0.000251421,0.377017,-0.0677222
1.71764,0.382784,0.301767,0.0810168,-0.00860169,-0.00108901,-0.00025777,0.000402665,0.378953,-0.0676395
1.7235,0.233303,0.3045,-0.0711975,-0.00810926,-0.00103917,-0.00025836,0.000563766,0.3809,-0.0675569
1.72936,0.376296,0.307289,0.0690072,-0.00758635,-0.000986158,-0.000258952,0.000735467,0.38286,-0.0674745
1.73522,0.266019,0.310138,-0.0441193,-0.00703093,-0.00092974,-0.000259547,0.000918574,0.384832,-0.0673921
1.74108,0.439011,0.31305,0.125961,-0.0064408,-0.000869684,-0.000260144,0.00111397,0.386816,-0.0673099
1.74695,0.289319,0.316028,-0.0267087,-0.0058136,-0.000805731,-0.000260743,0.00132263,0.388813,-0.0672278
1.75281,0.151194,0.319077,-0.167882,-0.00514674,-0.000737604,-0.000261345,0.0015456,0.390822,-0.0671458
1.75867,0.315987,0.3222,-0.00621377,-0.00443746,-0.000664998,-0.00026195,0.00178404,0.392845,-0.0670639
1.76453,0.269637,0.325404,-0.0557665,-0.00368273,-0.000587586,-0.000262557,0.00203924,0.39488,-0.0669821
1.7704,0.434744,0.328692,0.106052,-0.00287929,-0.000505007,-0.000263166,0.0023126,0.396927,-0.0669004
1.77626,0.305818,0.332071,-0.0262532,-0.00202359,-0.000416872,-0.000263778,0.00260565,0.398988,-0.0668188
1.78212,0.392038,0.335546,0.0564917,-0.00111175,-0.000322754,-0.000264393,0.00292012,0.401062,-0.0667374
1.78798,0.386716,0.339124,0.0475914,-0.000139571,-0.000222186,-0.00026501,0.00325789,0.403149,-0.066656
1.79384,0.358167,0.342813,0.0153539,0.000897538,-0.000114659,-0.000265629,0.00362106,0.40525,-0.0665748
1.79971,0.349865,0.346621,0.0032446,0.00200459,3.85561e-07,-0.000266251,0.00401195,0.407364,-0.0664936
1.80557,0.269721,0.350555,-0.0808346,0.00318707,0.000123562,-0.000266876,0.00443314,0.409491,-0.0664126
1.81143,0.409026,0.354627,0.0543985,0.00445097,0.000255545,-0.000267503,0.00488753,0.411632,-0.0663317
1.81729,0.505773,0.358846,0.146926,0.00580289,0.000397076,-0.000268133,0.00537834,0.413787,-0.0662509
1.82316,0.270549,0.363225,-0.092676,0.00725004,0.000548975,-0.000268766,0.00590917,0.415956,-0.0661702
1.82902,0.394457,0.367776,0.0266808,0.00880038,0.000712146,-0.000269401,0.00648408,0.418138,-0.0660896
1.83488,0.320414,0.372514,-0.0521,0.0104627,0.00088759,-0.000270039,0.00710763,0.420335,-0.0660092
1.84074,0.320246,0.377455,-0.0572087,0.0122466,0.00107642,-0.000270679,0.00778496,0.422546,-0.0659288
1.8466,0.320909,0.382616,-0.061707,0.0141628,0.00127986,-0.000271322,0.0085219,0.424772,-0.0658485
1.85247,0.262868,0.388019,-0.125151,0.0162232,0.0014993,-0.000271968,0.00932504,0.427012,-0.0657684
1.85833,0.264823,0.393684,-0.128861,0.0184409,0.00173626,-0.000272616,0.0102019,0.429266,-0.0656883
1.86419,0.295487,0.399638,-0.10415,0.0208305,0.00199246,-0.000273267,0.0111611,0.431535,-0.0656084
1.87005,0.370096,0.405907,-0.035811,0.0234083,0.00226981,-0.000273921,0.0122124,0.433819,-0.0655286
1.87592,0.371137,0.412525,-0.0413882,0.0261925,0.00257048,-0.000274577,0.0133672,0.436118,-0.0654489
1.88178,0.314681,0.419526,-0.104845,0.0292035,0.0028969,-0.000275237,0.0146384,0.438432,-0.0653693
1.88764,0.283484,0.426953,-0.143469,0.0324641,0.0032518,-0.000275898,0.0160412,0.440761,-0.0652898
1.8935,0.338728,0.43485,-0.0961224,0.036,0.0036383,-0.000276563,0.0175932,0.443106,-0.0652104
1.89936,0.515859,0.443272,0.0725866,0.0398401,0.00405993,-0.00027723,0.0193148,0.445466,-0.0651312
1.90523,0.361698,0.45228,-0.0905819,0.0440173,0.0045207,-0.000277901,0.0212302,0.447841,-0.065052
1.91109,0.440864,0.461943,-0.0210782,0.0485687,0.00502522,-0.000278574,0.0233677,0.450233,-0.064973
1.91695,0.344165,0.472343,-0.128177,0.0535364,0.00557874,-0.000279249,0.0257611,0.45264,-0.064894
1.92281,0.249785,0.483574,-0.233789,0.0589688,0.00618735,-0.000279928,0.0284506,0.455063,-0.0648152
1.92868,0.491475,0.495748,-0.00427378,0.0649209,0.00685803,-0.000280609,0.0314843,0.457502,-0.0647365
1.93454,0.393247,0.508994,-0.115747,0.0714561,0.00759893,-0.000281293,0.0349205,0.459958,-0.0646579
1.9404,0.518683,0.523465,-0.00478211,0.0786475,0.0084195,-0.00028198,0.0388301,0.46243,-0.0645794
1.94626,0.428218,0.539344,-0.111127,0.0865794,0.00933083,-0.00028267,0.0432997,0.464918,-0.064501
1.95213,0.543241,0.55685,-0.0136087,0.0953502,0.0103459,-0.000283363,0.0484367,0.467423,-0.0644227
1.95799,0.5349,0.576246,-0.0413456,0.105074,0.0114802,-0.000284058,0.0543747,0.469945,-0.0643445
1.96385,0.406869,0.597853,-0.190984,0.115886,0.0127518,-0.000284756,0.061282,0.472484,-0.0642665
1.96971,0.468644,0.622066,-0.153422,0.127945,0.0141828,-0.000285458,0.0693724,0.47504,-0.0641885
1.97557,0.666476,0.649374,0.0171023,0.141436,0.0157992,-0.000286162,0.0789216,0.477614,-0.0641107
1.98144,0.516813,0.680391,-0.163578,0.156585,0.017633,-0.000286869,0.0902883,0.480204,-0.0640329
1.9873,0.595003,0.715898,-0.120895,0.173658,0.0197227,-0.000287579,0.103947,0.482813,-0.0639553
1.99316,0.573684,0.756903,-0.183219,0.192978,0.0221162,-0.000288291,0.120536,0.485439,-0.0638778
1.99902,0.62012,0.804728,-0.184608,0.214936,0.0248722,-0.000289007,0.140926,0.488083,-0.0638004
2.00489,0.698715,0.861143,-0.162427,0.240012,0.0280646,-0.000289726,0.166334,0.490745,-0.0637231
2.01075,0.902413,0.928565,-0.0261517,0.268797,0.0317865,-0.000290447,0.198492,0.493425,-0.0636459
2.01661,0.943443,1.01039,-0.0669447,0.302025,0.0361567,-0.000291172,0.239942,0.496124,-0.0635689
2.02247,1.05209,1.11152,-0.0594263,0.340619,0.0413288,-0.000291899,0.294515,0.498841,-0.0634919
2.02833,1.13943,1.23932,-0.0998868,0.385749,0.0475041,-0.00029263,0.368197,0.501576,-0.063415
2.0342,1.20434,1.4053,-0.200964,0.438919,0.0549496,-0.000293363,0.470733,0.504331,-0.0633383
2.04006,1.45071,1.62843,-0.177721,0.502079,0.0640263,-0.0002941,0.618781,0.507105,-0.0632617
2.04592,1.6121,1.94199,-0.32989,0.577803,0.0752306,-0.000294839,0.842539,0.509897,-0.0631851
2.05178,2.11003,2.40886,-0.298829,0.66953,0.08926,-0.000295581,1.20077,0.51271,-0.0631087
2.05765,2.8706,3.15907,-0.288473,0.781947,0.107117,-0.000296327,1.8178,0.515541,-0.0630324
2.06351,4.5557,4.48877,0.0669279,0.921555,0.130285,-0.000297075,2.98179,0.518392,-0.0629562
2.06937,7.75844,7.11298,0.645456,1.09758,0.161022,-0.000297827,5.39629,0.521264,-0.0628801
2.07523,14.0547,12.3066,1.74812,1.32344,0.202906,-0.000298581,10.3192,0.524155,-0.0628042
2.08109,17.6551,17.2043,0.450825,1.61923,0.261844,-0.000299338,14.8592,0.527066,-0.0627283
2.08696,12.9028,13.4914,-0.588616,2.01608,0.348117,-0.000300099,10.6602,0.529998,-0.0626526
2.09282,8.17119,9.26498,-1.0938,2.56414,0.48077,-0.000300862,5.75,0.532951,-0.0625769
2.09868,6.30351,7.79509,-1.49158,3.3481,0.69782,-0.000301629,3.27605,0.535924,-0.0625014
2.10454,6.54814,8.13696,-1.58882,4.51921,1.08213,-0.000302398,2.05943,0.538918,-0.0624259
2.11041,8.22432,10.0796,-1.85532,6.36659,1.83082,-0.000303171,1.40295,0.541934,-0.0623506
2.11627,11.9814,14.4018,-2.42044,9.48942,3.41469,-0.000303946,1.01533,0.544971,-0.0622754
2.12213,20.7196,22.8288,-2.10919,15.2476,6.32645,-0.000304725,0.769208,0.548029,-0.0622003
2.12799,35.6369,35.3846,0.252356,26.9554,7.33676,-0.000305506,0.603708,0.551109,-0.0621253
2.13385,57.0133,57.0706,-0.0573109,51.5953,4.49614,-0.000306291,0.487234,0.554211,-0.0620505
2.13972,85.6333,87.1579,-1.52462,83.8313,2.42933,-0.000307079,0.402195,0.557335,-0.0619757
2.14558,77.06,72.3526,4.70738,70.0866,1.42951,-0.00030787,0.338203,0.560482,-0.061901
2.15144,43.0958,40.2368,2.85894,38.5223,0.924213,-0.000308664,0.288825,0.563651,-0.0618265
2.1573,22.1636,22.8618,-0.698201,21.4641,0.643008,-0.00030946,0.249905,0.566843,-0.061752
2.16317,12.989,14.3967,-1.4077,13.1972,0.472693,-0.00031026,0.218667,0.570057,-0.0616777
2.16903,8.5803,9.9048,-1.32449,8.83786,0.362356,-0.000311063,0.193199,0.573295,-0.0616035
2.17489,6.26519,7.28783,-1.02264,6.31399,0.286975,-0.000311869,0.172149,0.576557,-0.0615294
2.18075,4.83033,5.64202,-0.811684,4.73616,0.233244,-0.000312678,0.154541,0.579842,-0.0614554
2.18661,3.94396,4.54284,-0.59888,3.68813,0.193602,-0.00031349,0.139655,0.583151,-0.0613815
2.19248,3.32447,3.7731,-0.448623,2.95777,0.163513,-0.000314306,0.12695,0.586484,-0.0613077
2.19834,2.84969,3.21319,-0.363493,2.42876,0.140126,-0.000315124,0.116013,0.589841,-0.061234
2.2042,2.39132,2.79314,-0.401817,2.03329,0.121577,-0.000315945,0.106526,0.593222,-0.0611605
2.21006,2.12305,2.46988,-0.346828,1.72981,0.10661,-0.000316769,0.0982397,0.596629,-0.061087
2.21593,2.02254,2.21575,-0.193213,1.49172,0.0943503,-0.000317596,0.0909559,0.60006,-0.0610137
2.22179,2.00355,2.01234,-0.00879156,1.30139,0.084176,-0.000318426,0.0845161,0.603517,-0.0609405
2.22765,1.71869,1.84699,-0.128302,1.14675,0.0756343,-0.000319259,0.0787923,0.606999,-0.0608673
2.23351,1.65668,1.71079,-0.0541196,1.01933,0.0683894,-0.000320096,0.07368,0.610507,-0.0607943
2.23937,1.52016,1.59731,-0.0771456,0.91303,0.0621879,-0.000320935,0.0690931,0.614041,-0.0607214
2.24524,1.36578,1.5018,-0.136022,0.823371,0.0568357,-0.000321777,0.0649605,0.617601,-0.0606486
2.2511,1.34231,1.4207,-0.0783944,0.747008,0.0521819,-0.000322622,0.0612226,0.621187,-0.0605759
2.25696,1.21694,1.35131,-0.134372,0.681401,0.0481081,-0.000323469,0.0578295,0.6248,-0.0605034
2.26282,1.11608,1.29153,-0.175448,0.624589,0.0445199,-0.00032432,0.0547391,0.62844,-0.0604309
2.26869,1.16185,1.23972,-0.0778694,0.575042,0.0413416,-0.000325174,0.0519153,0.632108,-0.0603586
2.27455,1.1353,1.19458,-0.059277,0.531551,0.0385119,-0.000326031,0.0493276,0.635802,-0.0602863
2.28041,1.21549,1.15506,0.0604297,0.493148,0.0359803,-0.00032689,0.0469496,0.639525,-0.0602142
2.28627,1.07946,1.12033,-0.0408607,0.459056,0.0337056,-0.000327752,0.0447585,0.643275,-0.0601422
2.29213,1.1933,1.08968,0.103619,0.428638,0.0316532,-0.000328617,0.0427348,0.647054,-0.0600702
2.298,0.910575,1.06256,-0.151987,0.401373,0.0297944,-0.000329485,0.0408613,0.650861,-0.0599984
2.30386,0.926076,1.0385,-0.112423,0.37683,0.028105,-0.000330356,0.039123,0.654697,-0.0599267
2.30972,1.10537,1.0171,0.0882757,0.354651,0.0265643,-0.000331229,0.0375067,0.658563,-0.0598552
2.31558,1.00275,0.998031,0.0047155,0.334533,0.0251551,-0.000332105,0.036001,0.662457,-0.0597837
2.32145,0.868942,0.981017,-0.112075,0.316222,0.0238622,-0.000332984,0.0345956,0.666382,-0.0597123
2.32731,0.981401,0.965819,0.0155824,0.299503,0.0226729,-0.000333865,0.0332816,0.670336,-0.0596411
2.33317,1.01767,0.952233,0.0654368,0.284191,0.021576,-0.000334749,0.0320508,0.674321,-0.0595699
2.33903,0.91496,0.940086,-0.0251262,0.270127,0.0205619,-0.000335636,0.0308962,0.678336,-0.0594989
2.34489,0.910485,0.929227,-0.0187424,0.257176,0.0196221,-0.000336525,0.0298113,0.682382,-0.0594279
2.35076,1.01804,0.919525,0.0985151,0.24522,0.0187494,-0.000337417,0.0287905,0.686459,-0.0593571
2.35662,0.847468,0.910866,-0.063398,0.234157,0.0179373,-0.000338311,0.0278285,0.690568,-0.0592864
2.36248,0.791671,0.90315,-0.111479,0.223896,0.01718,-0.000339207,0.0269209,0.694708,-0.0592158
2.36834,0.978696,0.896291,0.0824058,0.214359,0.0164726,-0.000340106,0.0260633,0.698881,-0.0591453
2.37421,0.892221,0.890211,0.00201029,0.205478,0.0158107,-0.000341008,0.0252521,0.703086,-0.059075
2.38007,0.879912,0.884843,-0.00493088,0.197191,0.0151902,-0.000341911,0.0244839,0.707324,-0.0590047
2.38593,0.945811,0.880126,0.0656852,0.189445,0.0146076,-0.000342817,0.0237554,0.711595,-0.0589345
2.39179,1.0547,0.876007,0.178697,0.182193,0.0140597,-0.000343725,0.0230639,0.715899,-0.0588645
2.39766,0.993647,0.872439,0.121208,0.17539,0.0135439,-0.000344635,0.0224069,0.720238,-0.0587945
2.40352,0.906722,0.869379,0.0373423,0.169,0.0130574,-0.000345547,0.0217819,0.72461,-0.0587247
2.40938,0.826333,0.866789,-0.0404562,0.162989,0.012598,-0.000346461,0.0211868,0.729017,-0.058655
2.41524,0.947607,0.864635,0.0829724,0.157326,0.0121636,-0.000347378,0.0206198,0.733458,-0.0585854
2.4211,0.935257,0.862885,0.0723725,0.151983,0.0117524,-0.000348296,0.0200788,0.737935,-0.0585159
2.42697,0.932574,0.861512,0.0710612,0.146935,0.0113626,-0.000349216,0.0195624,0.742448,-0.0584465
2.43283,0.672225,0.860492,-0.188267,0.142162,0.0109928,-0.000350137,0.019069,0.746996,-0.0583772
2.43869,0.71462,0.859801,-0.145181,0.137641,0.0106415,-0.00035106,0.0185971,0.75158,-0.058308
2.44455,0.935076,0.859419,0.0756576,0.133355,0.0103074,-0.000351985,0.0181455,0.756202,-0.058239
2.45042,0.758033,0.859326,-0.101293,0.129287,0.00998939,-0.000352911,0.0177129,0.76086,-0.05817
2.45628,0.786528,0.859507,-0.0729789,0.125422,0.00968637,-0.000353839,0.0172983,0.765555,-0.0581012
2.46214,0.859174,0.859945,-0.000771381,0.121746,0.00939738,-0.000354768,0.0169006,0.770289,-0.0580325
2.468,0.923029,0.860627,0.0624015,0.118246,0.0091215,-0.000355698,0.0165189,0.77506,-0.0579638
2.47386,0.968601,0.861539,0.107062,0.11491,0.0088579,-0.00035663,0.0161523,0.779871,-0.0578953
2.47973,0.76855,0.86267,-0.0941203,0.111729,0.00860584,-0.000357562,0.0157999,0.78472,-0.0578269
2.48559,0.812602,0.864008,-0.0514057,0.108691,0.0083646,-0.000358496,0.015461,0.789608,-0.0577586
2.49145,0.795151,0.865544,-0.0703932,0.105789,0.00813353,-0.00035943,0.0151349,0.794537,-0.0576904
2.49731,0.906153,0.867269,0.0388841,0.103013,0.00791204,-0.000360364,0.0148209,0.799505,-0.0576224
2.50318,0.915723,0.869174,0.0465493,0.100357,0.00769957,-0.0003613,0.0145183,0.804515,-0.0575544
2.50904,0.958655,0.871251,0.0874042,0.0978124,0.0074956,-0.000362235,0.0142267,0.809565,-0.0574865
2.5149,0.953831,0.873493,0.0803378,0.0953733,0.00729966,-0.000363171,0.0139454,0.814657,-0.0574188
2.52076,0.855205,0.875894,-0.0206889,0.0930336,0.0071113,-0.000364108,0.013674,0.819791,-0.0573512
2.52662,0.909573,0.878448,0.0311252,0.0907876,0.00693011,-0.000365044,0.0134119,0.824967,-0.0572836
2.53249,0.865483,0.881149,-0.0156651,0.0886302,0.0067557,-0.00036598,0.0131587,0.830186,-0.0572162
2.53835,0.957573,0.883991,0.0735824,0.0865563,0.00658772,-0.000366916,0.012914,0.835449,-0.0571489
2.54421,0.750006,0.88697,-0.136964,0.0845616,0.00642583,-0.000367851,0.0126774,0.840755,-0.0570817
2.55007,0.925007,0.890082,0.0349252,0.0826418,0.00626972,-0.000368785,0.0124485,0.846106,-0.0570146
2.55594,0.972363,0.893323,0.0790404,0.080793,0.00611909,-0.000369719,0.012227,0.851501,-0.0569477
2.5618,0.958936,0.896688,0.0622483,0.0790114,0.00597368,-0.000370652,0.0120125,0.856941,-0.0568808
2.56766,0.813524,0.900174,-0.0866499,0.0772937,0.00583322,-0.000371584,0.0118048,0.862428,-0.056814
2.57352,0.90654,0.903778,0.00276262,0.0756366,0.00569747,-0.000372514,0.0116035,0.86796,-0.0567474
2.57938,1.05597,0.907497,0.148473,0.0740372,0.00556622,-0.000373443,0.0114083,0.873539,-0.0566809
2.58525,0.999544,0.911328,0.0882162,0.0724926,0.00543923,-0.000374369,0.011219,0.879166,-0.0566144
2.59111,0.908704,0.915269,-0.00656451,0.0710002,0.00531633,-0.000375294,0.0110353,0.88484,-0.0565481
2.59697,0.970878,0.919316,0.0515614,0.0695575,0.00519732,-0.000376217,0.0108571,0.890563,-0.0564819
2.60283,1.04442,0.923469,0.12095,0.0681621,0.00508202,-0.000377136,0.010684,0.896334,-0.0564158
2.6087,0.97463,0.927725,0.046905,0.0668119,0.00497026,-0.000378054,0.0105159,0.902155,-0.0563498
2.61456,1.00359,0.932082,0.071504,0.0655047,0.0048619,-0.000378968,0.0103525,0.908025,-0.0562839
2.62042,0.878414,0.936538,-0.0581235,0.0642387,0.00475678,-0.000379878,0.0101938,0.913946,-0.0562182
2.62628,0.829935,0.941091,-0.111156,0.0630121,0.00465476,-0.000380785,0.0100394,0.919918,-0.0561525
2.63214,1.00028,0.945741,0.054535,0.061823,0.00455571,-0.000381689,0.00988925,0.925942,-0.056087
2.63801,1.005,0.950486,0.0545096,0.0606698,0.0044595,-0.000382587,0.00974317,0.932018,-0.0560215
2.64387,1.15404,0.955325,0.198711,0.059551,0.00436602,-0.000383482,0.009601,0.938147,-0.0559562
2.64973,1.14463,0.960256,0.184375,0.0584652,0.00427516,-0.000384371,0.00946258,0.944328,-0.055891
2.65559,1.10885,0.965279,0.143573,0.057411,0.0041868,-0.000385255,0.00932779,0.950564,-0.0558259
2.66146,1.1014,0.970392,0.131009,0.0563869,0.00410085,-0.000386134,0.00919649,0.956855,-0.0557609
2.66732,1.04786,0.975595,0.0722679,0.0553919,0.00401721,-0.000387006,0.00906854,0.963201,-0.055696
2.67318,0.911264,0.980887,-0.0696234,0.0544247,0.00393579,-0.000387873,0.00894383,0.969602,-0.0556312
2.67904,1.0184,0.986268,0.0321368,0.0534843,0.00385651,-0.000388732,0.00882225,0.97606,-0.0555665
2.6849,0.956023,0.991736,-0.0357132,0.0525695,0.00377928,-0.000389584,0.00870367,0.982575,-0.055502
2.69077,0.838546,0.997291,-0.158746,0.0516793,0.00370403,-0.000390428,0.00858801,0.989148,-0.0554375
2.69663,1.14467,1.00293,0.141738,0.0508129,0.00363068,-0.000391264,0.00847515,0.995779,-0.0553732
2.70249,1.177,1.00866,0.16834,0.0499692,0.00355916,-0.000392091,0.008365,1.00247,-0.0553089
2.70835,1.09986,1.01448,0.0853862,0.0491475,0.0034894,-0.00039291,0.00825746,1.00922,-0.0552448
2.71422,1.05303,1.02038,0.0326492,0.0483468,0.00342135,-0.000393718,0.00815246,1.01603,-0.0551808
2.72008,1.02479,1.02636,-0.0015685,0.0475665,0.00335493,-0.000394516,0.0080499,1.0229,-0.0551169
2.72594,0.933245,1.03243,-0.0991869,0.0468058,0.0032901,-0.000395303,0.00794971,1.02983,-0.0550531
2.7318,1.12701,1.03859,0.0884244,0.0460639,0.00322679,-0.000396079,0.0078518,1.03683,-0.0549894
2.73766,1.09846,1.04483,0.0536352,0.0453403,0.00316496,-0.000396843,0.0077561,1.04389,-0.0549258
2.74353,1.05153,1.05116,0.000374117,0.0446341,0.00310455,-0.000397594,0.00766255,1.05101,-0.0548624
2.74939,1.10701,1.05757,0.0494471,0.0439449,0.00304552,-0.000398331,0.00757108,1.0582,-0.054799
2.75525,1.0177,1.06406,-0.0463603,0.043272,0.00298782,-0.000399055,0.00748161,1.06546,-0.0547358
2.76111,0.841518,1.07065,-0.229127,0.0426149,0.0029314,-0.000399763,0.00739408,1.07278,-0.0546726
2.76698,0.930859,1.07731,-0.146454,0.0419731,0.00287622,-0.000400456,0.00730845,1.08016,-0.0546096
2.77284,1.02482,1.08407,-0.0592499,0.0413459,0.00282225,-0.000401132,0.00722464,1.08762,-0.0545467
2.7787,1.04652,1.0909,-0.0443847,0.0407329,0.00276945,-0.000401792,0.0071426,1.09514,-0.0544839
2.78456,1.20408,1.09783,0.106248,0.0401337,0.00271777,-0.000402432,0.00706229,1.10274,-0.0544212
2.79043,1.32072,1.10484,0.21588,0.0395478,0.00266718,-0.000403054,0.00698364,1.1104,-0.0543586
2.79629,1.22358,1.11194,0.111641,0.0389748,0.00261766,-0.000403656,0.00690661,1.11814,-0.0542961
2.80215,1.08855,1.11912,-0.0305701,0.0384142,0.00256916,-0.000404236,0.00683115,1.12595,-0.0542338
2.80801,1.08329,1.1264,-0.0431092,0.0378657,0.00252166,-0.000404795,0.00675722,1.13383,-0.0541715
2.81387,1.05433,1.13376,-0.0794288,0.0373288,0.00247513,-0.00040533,0.00668477,1.14178,-0.0541094
2.81974,1.16087,1.14121,0.0196621,0.0368032,0.00242953,-0.000405841,0.00661376,1.14981,-0.0540473
2.8256,1.10725,1.14874,-0.041497,0.0362886,0.00238484,-0.000406327,0.00654415,1.15792,-0.0539854
2.83146,1.07879,1.15637,-0.077584,0.0357846,0.00234105,-0.000406785,0.00647589,1.1661,-0.0539236
2.83732,1.13619,1.16409,-0.0278966,0.0352908,0.00229811,-0.000407216,0.00640896,1.17436,-0.0538619
2.84319,1.15532,1.1719,-0.0165798,0.0348071,0.002256,-0.000407617,0.00634332,1.1827,-0.0538003
2.84905,1.221,1.1798,0.0412034,0.034333,0.00221472,-0.000407988,0.00627892,1.19112,-0.0537388
2.85491,1.21043,1.18779,0.0226472,0.0338683,0.00217422,-0.000408326,0.00621574,1.19961,-0.0536774
2.86077,1.12708,1.19587,-0.0687935,0.0334127,0.00213449,-0.00040863,0.00615374,1.20819,-0.0536161
2.86663,1.1066,1.20405,-0.0974445,0.032966,0.00209552,-0.000408899,0.00609289,1.21686,-0.053555
2.8725,1.08412,1.21232,-0.128199,0.0325278,0.00205727,-0.000409131,0.00603317,1.2256,-0.0534939
2.87836,1.08594,1.22068,-0.134743,0.032098,0.00201974,-0.000409324,0.00597453,1.23443,-0.053433
2.88422,1.12715,1.22915,-0.101991,0.0316762,0.00198291,-0.000409476,0.00591696,1.24335,-0.0533722
2.89008,1.23241,1.2377,-0.00529169,0.0312624,0.00194675,-0.000409585,0.00586042,1.25235,-0.0533114
2.89595,1.33205,1.24636,0.0856896,0.0308562,0.00191125,-0.00040965,0.0058049,1.26145,-0.0532508
2.90181,1.30279,1.25511,0.0476832,0.0304574,0.0018764,-0.000409668,0.00575035,1.27063,-0.0531903
2.90767,1.20419,1.26396,-0.0597736,0.0300658,0.00184218,-0.000409637,0.00569676,1.2799,-0.0531299
2.91353,1.19359,1.27291,-0.079327,0.0296813,0.00180858,-0.000409554,0.00564411,1.28926,-0.0530697
2.91939,1.38633,1.28196,0.104371,0.0293036,0.00177558,-0.000409418,0.00559236,1.29871,-0.0530095
2.92526,1.41043,1.29112,0.11931,0.0289326,0.00174317,-0.000409226,0.00554151,1.30826,-0.0529494
2.93112,1.15351,1.30037,-0.146865,0.0285681,0.00171134,-0.000408974,0.00549152,1.3179,-0.0528895
2.93698,1.2706,1.30973,-0.0391369,0.0282098,0.00168007,-0.000408661,0.00544237,1.32764,-0.0528296
2.94284,1.31161,1.3192,-0.00758846,0.0278577,0.00164937,-0.000408282,0.00539405,1.33748,-0.0527699
2.94871,1.22543,1.32877,-0.103345,0.0275116,0.0016192,-0.000407836,0.00534654,1.34741,-0.0527103
2.95457,1.43223,1.33845,0.0937783,0.0271713,0.00158957,-0.000407319,0.00529981,1.35745,-0.0526508
2.96043,1.21821,1.34823,-0.130026,0.0268367,0.00156046,-0.000406728,0.00525384,1.36758,-0.0525913
2.96629,1.15814,1.35813,-0.199992,0.0265076,0.00153187,-0.000406058,0.00520863,1.37782,-0.0525321
2.97215,1.26194,1.36814,-0.106191,0.0261838,0.00150378,-0.000405307,0.00516414,1.38816,-0.0524729
2.97802,1.47722,1.37825,0.0989664,0.0258654,0.0014762,-0.00040447,0.00512037,1.39861,-0.0524138
2.98388,1.4193,1.38848,0.0308183,0.025552,0.0014491,-0.000403543,0.0050773,1.40916,-0.0523548
2.98974,1.37921,1.39883,-0.0196157,0.0252437,0.00142249,-0.000402522,0.00503491,1.41983,-0.052296
2.9956,1.24226,1.40929,-0.167028,0.0249402,0.00139635,-0.000401402,0.00499318,1.4306,-0.0522372
3.00147,1.23384,1.41987,-0.186025,0.0246415,0.00137069,-0.000400179,0.00495211,1.44148,-0.0521786
3.00733,1.39973,1.43056,-0.0308269,0.0243474,0.00134549,-0.000398847,0.00491167,1.45247,-0.0521201
3.01319,1.37859,1.44138,-0.0627861,0.0240578,0.00132075,-0.000397401,0.00487186,1.46358,-0.0520617
3.01905,1.20791,1.45231,-0.2444,0.0237726,0.00129646,-0.000395836,0.00483265,1.47481,-0.0520033
3.02491,1.19062,1.46337,-0.272744,0.0234918,0.00127262,-0.000394145,0.00479404,1.48615,-0.0519452
3.03078,1.51784,1.47455,0.0432864,0.0232152,0.00124923,-0.000392323,0.00475601,1.49761,-0.0518871
3.03664,1.45842,1.48586,-0.0274351,0.0229426,0.00122628,-0.000390362,0.00471855,1.50919,-0.0518291
3.0425,1.3404,1.49729,-0.156891,0.0226741,0.00120378,-0.000388257,0.00468165,1.52089,-0.0517712
3.04836,1.51213,1.50886,0.00327756,0.0224096,0.00118171,-0.000385998,0.00464529,1.53272,-0.0517135
3.05423,1.68555,1.52055,0.165,0.0221488,0.00116007,-0.00038358,0.00460947,1.54467,-0.0516558
3.06009,1.61214,1.53238,0.0797684,0.0218918,0.00113887,-0.000380994,0.00457416,1.55675,-0.0515983
3.06595,1.61696,1.54433,0.0726262,0.0216385,0.0011181,-0.000378231,0.00453937,1.56896,-0.0515408
3.07181,1.78462,1.55643,0.228196,0.0213887,0.00109776,-0.000375282,0.00450508,1.5813,-0.0514835
3.07767,1.47486,1.56866,-0.0937953,0.0211425,0.00107785,-0.000372137,0.00447128,1.59377,-0.0514263
3.08354,1.58349,1.58103,0.00245964,0.0208996,0.00105838,-0.000368787,0.00443797,1.60637,-0.0513692
3.0894,1.59683,1.59354,0.00329392,0.0206602,0.00103934,-0.000365221,0.00440512,1.61911,-0.0513122
3.09526,1.71897,1.60619,0.112774,0.020424,0.00102073,-0.000361427,0.00437273,1.63199,-0.0512554
3.10112,1.61876,1.61899,-0.00022566,0.020191,0.00100256,-0.000357393,0.00434079,1.64501,-0.0511986
3.10699,1.62,1.63193,-0.0119346,0.0199612,0.000984829,-0.000353107,0.0043093,1.65817,-0.0511419
3.11285,1.61251,1.64502,-0.0325105,0.0197344,0.00096754,-0.000348554,0.00427824,1.67148,-0.0510854
3.11871,1.71276,1.65826,0.0545,0.0195106,0.000950696,-0.000343722,0.0042476,1.68493,-0.0510289
3.12457,1.57246,1.67166,-0.0991993,0.0192898,0.000934303,-0.000338594,0.00421738,1.69853,-0.0509726
3.13043,1.68596,1.68521,0.000759419,0.0190719,0.000918365,-0.000333154,0.00418757,1.71228,-0.0509164
3.1363,1.77913,1.69891,0.0802155,0.0188568,0.000902889,-0.000327386,0.00415816,1.72618,-0.0508603
3.14216,1.7677,1.71277,0.0549319,0.0186445,0.00088788,-0.000321271,0.00412914,1.74024,-0.0508043
3.14802,1.87491,1.7268,0.148117,0.0184348,0.000873346,-0.000314789,0.0041005,1.75445,-0.0507484
3.15388,1.74911,1.74098,0.00812911,0.0182279,0.000859295,-0.00030792,0.00407225,1.76882,-0.0506926
3.15975,1.76295,1.75533,0.00761188,0.0180236,0.000845735,-0.000300642,0.00404436,1.78336,-0.0506369
3.16561,1.6649,1.76985,-0.104951,0.0178218,0.000832677,-0.000292931,0.00401684,1.79806,-0.0505814
3.17147,1.81228,1.78454,0.0277341,0.0176225,0.000820131,-0.000284763,0.00398967,1.81292,-0.0505259
3.17733,1.81498,1.79941,0.0155722,0.0174257,0.000808108,-0.000276111,0.00396286,1.82796,-0.0504706
3.18319,1.86422,1.81444,0.0497726,0.0172313,0.000796621,-0.000266946,0.00393638,1.84316,-0.0504153
3.18906,1.91327,1.82966,0.0836089,0.0170393,0.000785684,-0.000257238,0.00391025,1.85854,-0.0503602
3.19492,1.82747,1.84505,-0.0175823,0.0168496,0.000775311,-0.000246954,0.00388444,1.8741,-0.0503052
3.20078,1.81935,1.86063,-0.041286,0.0166622,0.000765518,-0.00023606,0.00385896,1.88983,-0.0502503
3.20664,1.88669,1.8764,0.0102986,0.016477,0.000756323,-0.000224519,0.0038338,1.90575,-0.0501955
3.21251,1.91938,1.89235,0.027034,0.016294,0.000747743,-0.000212289,0.00380895,1.92185,-0.0501408
3.21837,1.93436,1.90849,0.0258659,0.0161132,0.000739798,-0.00019933,0.00378441,1.93814,-0.0500862
3.22423,2.01953,1.92483,0.0947057,0.0159346,0.000732511,-0.000185594,0.00376017,1.95462,-0.0500318
3.23009,1.81577,1.94136,-0.125589,0.015758,0.000725903,-0.000171032,0.00373622,1.97129,-0.0499774
3.23596,1.84755,1.9581,-0.110544,0.0155834,0.00072,-0.000155592,0.00371257,1.98816,-0.0499232
3.24182,1.97579,1.97503,0.000755016,0.0154109,0.000714829,-0.000139215,0.0036892,2.00523,-0.049869
3.24768,2.06718,1.99217,0.0750012,0.0152404,0.000710416,-0.000121841,0.00366612,2.02249,-0.049815
3.25354,2.15594,2.00953,0.146411,0.0150718,0.000706794,-0.000103403,0.00364331,2.03997,-0.0497611
3.2594,2.01729,2.02709,-0.00980509,0.0149052,0.000703995,-8.38292e-05,0.00362077,2.05765,-0.0497073
3.26527,2.04783,2.04487,0.00296262,0.0147405,0.000702054,-6.30428e-05,0.0035985,2.07555,-0.0496536
3.27113,2.04736,2.06287,-0.0155156,0.0145776,0.000701009,-4.096e-05,0.00357649,2.09366,-0.0496
3.27699,2.10651,2.08109,0.0254141,0.0144165,0.000700901,-1.74903e-05,0.00355474,2.11199,-0.0495465
3.28285,2.07657,2.09954,-0.0229685,0.0142573,0.000701772,7.46458e-06,0.00353324,2.13054,-0.0494932
3.28872,2.03208,2.11822,-0.0861448,0.0140999,0.00070367,3.40109e-05,0.00351199,2.14931,-0.0494399
3.29458,2.12709,2.13713,-0.0100476,0.0139442,0.000706645,6.22642e-05,0.00349098,2.16832,-0.0493868
3.30044,2.35562,2.15628,0.199337,0.0137902,0.000710751,9.23503e-05,0.00347022,2.18755,-0.0493337
3.3063,2.13029,2.17567,-0.0453869,0.013638,0.000716045,0.000124406,0.00344969,2.20703,-0.0492808
3.31216,2.38874,2.19531,0.193431,0.0134875,0.00072259,0.00015858,0.00342939,2.22674,-0.049228
3.31803,2.47876,2.2152,0.263568,0.0133386,0.000730454,0.000195036,0.00340933,2.2467,-0.0491753
3.32389,2.17578,2.23534,-0.0595511,0.0131914,0.000739707,0.000233951,0.00338949,2.2669,-0.0491227
3.32975,2.45428,2.25573,0.198547,0.0130458,0.000750429,0.000275521,0.00336987,2.28736,-0.0490702
3.33561,2.16832,2.27639,-0.108075,0.0129018,0.000762703,0.000319958,0.00335046,2.30807,-0.0490178
3.34148,2.06406,2.29732,-0.233255,0.0127594,0.000776618,0.000367497,0.00333128,2.32905,-0.0489655
3.34734,2.2564,2.31852,-0.0621185,0.0126186,0.000792274,0.000418396,0.0033123,2.35029,-0.0489134
3.3532,2.46571,2.33999,0.125722,0.0124793,0.000809776,0.000472939,0.00329353,2.37179,-0.0488613
3.35906,2.36207,2.36174,0.000329503,0.0123416,0.000829236,0.000531438,0.00327496,2.39358,-0.0488094
3.36492,2.52864,2.38378,0.144854,0.0122054,0.00085078,0.000594241,0.0032566,2.41563,-0.0487575
3.37079,2.51534,2.40611,0.109225,0.0120707,0.000874541,0.000661729,0.00323843,2.43798,-0.0487058
3.37665,2.49711,2.42874,0.0683707,0.0119376,0.000900663,0.000734327,0.00322046,2.4606,-0.0486542
3.38251,2.5857,2.45167,0.134023,0.0118059,0.000929305,0.000812509,0.00320268,2.48352,-0.0486027
3.38837,2.42821,2.47491,-0.0466985,0.0116757,0.000960637,0.000896799,0.00318509,2.50674,-0.0485513
3.39424,2.71313,2.49846,0.214667,0.011547,0.000994846,0.000987786,0.00316768,2.53026,-0.0485
3.4001,2.65526,2.52233,0.132931,0.0114197,0.00103213,0.00108612,0.00315046,2.55409,-0.0484489
3.40596,2.41962,2.54652,-0.126908,0.0112939,0.00107272,0.00119255,0.00313342,2.57823,-0.0483978
3.41182,2.4985,2.57105,-0.0725527,0.0111695,0.00111686,0.00130789,0.00311655,2.60269,-0.0483468
3.41768,2.57842,2.59592,-0.0174973,0.0110466,0.00116479,0.00143309,0.00309986,2.62747,-0.048296
3.42355,2.51697,2.62113,-0.104159,0.0109251,0.00121683,0.00156918,0.00308334,2.65258,-0.0482453
3.42941,2.75026,2.64669,0.103572,0.0108051,0.00127328,0.00171736,0.00306699,2.67802,-0.0481946
3.43527,2.75147,2.67261,0.0788562,0.0106865,0.0013345,0.001879,0.00305081,2.70381,-0.0481441
3.44113,2.5918,2.69891,-0.107107,0.0105693,0.00140086,0.00205563,0.00303479,2.72994,-0.0480937
3.447,2.76095,2.72557,0.035374,0.0104535,0.00147279,0.00224903,0.00301894,2.75642,-0.0480434
3.45286,2.93464,2.75263,0.18201,0.0103392,0.00155076,0.00246121,0.00300324,2.78326,-0.0479932
3.45872,2.96583,2.78007,0.185755,0.0102262,0.00163529,0.00269452,0.0029877,2.81047,-0.0479432
3.46458,2.96827,2.80792,0.160349,0.0101147,0.00172695,0.00295165,0.00297232,2.83805,-0.0478932
3.47044,2.93093,2.83619,0.0947399,0.0100047,0.00182638,0.00323573,0.00295709,2.86601,-0.0478433
3.47631,2.85613,2.86488,-0.00875633,0.00989604,0.00193429,0.00355042,0.00294201,2.89435,-0.0477936
3.48217,2.99645,2.89401,0.102437,0.00978885,0.00205148,0.00389999,0.00292707,2.92309,-0.047744
3.48803,2.919,2.92359,-0.00459376,0.00968311,0.00217882,0.00428946,0.00291229,2.95222,-0.0476944
3.49389,2.98475,2.95364,0.0311135,0.00957882,0.00231732,0.00472479,0.00289765,2.98176,-0.047645
3.49976,2.9344,2.98416,-0.0497587,0.00947599,0.00246809,0.00521304,0.00288315,3.01172,-0.0475957
3.50562,3.00665,3.01518,-0.0085358,0.00937464,0.0026324,0.00576268,0.00286879,3.04209,-0.0475465
3.51148,2.99092,3.04672,-0.0558062,0.00927477,0.00281168,0.00638387,0.00285456,3.0729,-0.0474974
3.51734,3.03471,3.0788,-0.0440957,0.0091764,0.00300754,0.00708895,0.00284048,3.10414,-0.0474484
3.5232,3.27333,3.11145,0.16188,0.00907955,0.00322184,0.00789297,0.00282653,3.13583,-0.0473996
3.52907,3.16209,3.14468,0.0174017,0.00898422,0.00345667,0.00881445,0.00281271,3.16797,-0.0473508
3.53493,2.99371,3.17855,-0.184835,0.00889044,0.00371448,0.00987636,0.00279902,3.20057,-0.0473022
3.54079,3.0142,3.21308,-0.198879,0.00879823,0.00399803,0.0111075,0.00278546,3.23364,-0.0472536
3.54665,3.17712,3.24833,-0.0712043,0.00870761,0.00431055,0.0125441,0.00277202,3.2672,-0.0472052
3.55252,3.20875,3.28435,-0.0755965,0.0086186,0.0046558,0.0142329,0.00275872,3.30124,-0.0471569
3.55838,3.18919,3.32122,-0.132025,0.00853122,0.00503814,0.0162341,0.00274553,3.33578,-0.0471087
3.56424,3.20001,3.35903,-0.159021,0.00844551,0.0054627,0.0186266,0.00273247,3.37083,-0.0470606
3.5701,3.44898,3.39791,0.0510722,0.00836149,0.00593556,0.0215158,0.00271953,3.40639,-0.0470126
3.57596,3.50376,3.43801,0.0657453,0.00827919,0.00646391,0.0250443,0.0027067,3.44248,-0.0469647
3.58183,3.349,3.47955,-0.130553,0.00819864,0.00705636,0.0294087,0.002694,3.47911,-0.0469169
3.58769,3.63061,3.52283,0.107775,0.00811989,0.00772328,0.0348865,0.00268141,3.51629,-0.0468693
3.59355,3.45514,3.56827,-0.113129,0.00804296,0.00847725,0.0418779,0.00266893,3.55403,-0.0468217
3.59941,3.57739,3.61649,-0.0391051,0.00796791,0.00933367,0.0509774,0.00265656,3.59233,-0.0467743
3.60528,3.8778,3.66844,0.209355,0.00789476,0.0103116,0.0630962,0.00264431,3.63122,-0.0467269
3.61114,3.71022,3.7256,-0.0153824,0.00782357,0.0114348,0.0796848,0.00263216,3.6707,-0.0466797
3.617,3.7782,3.79042,-0.0122171,0.00775439,0.0127332,0.103158,0.00262013,3.71079,-0.0466326
3.62286,3.9463,3.8672,0.0790978,0.00768726,0.0142452,0.137756,0.0026082,3.75149,-0.0465856
3.62872,4.17752,3.96394,0.213586,0.00762224,0.0160207,0.191415,0.00259637,3.79282,-0.0465387
3.63459,4.06553,4.09676,-0.0312227,0.00755939,0.0181251,0.280187,0.00258465,3.83479,-0.0464919
3.64045,4.14745,4.30125,-0.153802,0.00749878,0.0206464,0.439556,0.00257303,3.87742,-0.0464453
3.64631,4.5793,4.66285,-0.0835534,0.00744046,0.0237049,0.754831,0.00256152,3.92072,-0.0463987
3.65217,5.46639,5.38011,0.0862792,0.0073845,0.0274693,1.42436,0.0025501,3.96469,-0.0463522
3.65804,6.52689,6.55905,-0.0321655,0.00733099,0.0321819,2.55394,0.00253878,4.00937,-0.0463059
3.6639,6.61466,6.6957,-0.0810467,0.00727999,0.0382022,2.6392,0.00252756,4.05475,-0.0462597
3.66976,5.64918,5.64742,0.00176167,0.00723159,0.046083,1.53694,0.00251643,4.10086,-0.0462135
3.67562,4.97815,5.0054,-0.0272551,0.00718588,0.0567108,0.837456,0.0025054,4.14771,-0.0461675
3.68149,4.56825,4.73108,-0.162836,0.00714294,0.0715812,0.500672,0.00249447,4.19532,-0.0461216
3.68735,4.50845,4.62855,-0.120099,0.00710288,0.0933745,0.327969,0.00248362,4.24369,-0.0460758
3.69321,4.81324,4.61411,0.199131,0.0070658,0.127257,0.230482,0.00247287,4.29286,-0.0460301
3.69907,4.77538,4.66118,0.1142,0.00703181,0.184085,0.170756,0.00246221,4.34283,-0.0459846
3.70493,4.87588,4.77774,0.0981382,0.00700102,0.288893,0.131711,0.00245164,4.39363,-0.0459391
3.7108,5.27213,5.0162,0.255936,0.00697356,0.502571,0.104845,0.00244115,4.44526,-0.0458937
3.71666,6.14112,5.47981,0.661312,0.00694956,0.93294,0.0855836,0.00243075,4.49775,-0.0458485
3.72252,6.55325,5.91204,0.641207,0.00692915,1.32607,0.0713057,0.00242044,4.55112,-0.0458034
3.72838,5.89193,5.60512,0.286809,0.00691248,0.975742,0.0604259,0.00241022,4.60539,-0.0457583
3.73425,5.49338,5.25274,0.240635,0.00689971,0.576646,0.0519412,0.00240007,4.66057,-0.0457134
3.74011,5.32319,5.11855,0.204641,0.00689099,0.393056,0.0451931,0.00239001,4.71669,-0.0456686
3.74597,5.1092,5.10643,0.00277101,0.00688651,0.329291,0.0397346,0.00238004,4.77377,-0.0456239
3.75183,5.18325,5.16714,0.0161116,0.00688644,0.336391,0.0352542,0.00237014,4.83182,-0.0455793
3.75769,5.46103,5.29725,0.163776,0.00689098,0.411129,0.0315291,0.00236032,4.89087,-0.0455348
3.76356,5.69812,5.53552,0.162601,0.00690033,0.592406,0.0283966,0.00235058,4.95095,-0.0454905
3.76942,6.46842,5.99791,0.470504,0.00691472,0.99629,0.0257359,0.00234092,5.01208,-0.0454462
3.77528,7.92018,6.89667,1.02351,0.00693438,1.83508,0.0234555,0.00233134,5.07427,-0.0454021
3.78114,9.21724,7.72266,1.49458,0.00695955,2.5997,0.0214851,0.00232184,5.13756,-0.045358
3.78701,8.24468,7.05982,1.18486,0.0069905,1.87409,0.0197702,0.0023124,5.20197,-0.0453141
3.79287,6.89978,6.29321,0.60657,0.00702751,1.04336,0.0182676,0.00230305,5.26752,-0.0452703
3.79873,6.13161,5.94794,0.18367,0.00707086,0.632605,0.016943,0.00229377,5.33425,-0.0452266
3.80459,6.0064,5.82457,0.181827,0.00712088,0.442401,0.0157689,0.00228456,5.40218,-0.045183
3.81045,5.98004,5.8097,0.170343,0.0071779,0.359327,0.0147228,0.00227542,5.47133,-0.0451395
3.81632,6.11548,5.86449,0.251,0.00724228,0.344542,0.0137864,0.00226635,5.54174,-0.0450961
3.82218,6.15404,5.99203,0.162013,0.00731439,0.401123,0.0129446,0.00225735,5.61344,-0.0450528
3.82804,6.37361,6.24245,0.131156,0.00739464,0.579172,0.0121846,0.00224843,5.68646,-0.0450097
3.8339,6.94309,6.71775,0.225345,0.00748346,0.980664,0.0114961,0.00223957,5.76083,-0.0449666
3.83977,7.72412,7.16159,0.562534,0.00758131,1.34925,0.01087,0.00223078,5.83658,-0.0449237
3.84563,7.6121,6.86381,0.748283,0.00768869,0.97474,0.0102989,0.00222205,5.91374,-0.0448808
3.85149,6.9421,6.51513,0.426971,0.0078061,0.547815,0.00977638,0.0022134,5.99236,-0.0448381
3.85735,6.50498,6.37751,0.127476,0.00793412,0.330405,0.00929685,0.00220481,6.07246,-0.0447955
3.86321,6.45999,6.34961,0.110381,0.00807334,0.221146,0.00885562,0.00219628,6.15409,-0.044753
3.86908,6.49125,6.37194,0.119315,0.00822441,0.16051,0.0084486,0.00218782,6.23728,-0.0447106
3.87494,6.60479,6.41957,0.185224,0.00838799,0.123535,0.00807224,0.00217942,6.32206,-0.0446683
3.8808,6.52653,6.48155,0.0449742,0.00856484,0.0992302,0.00772343,0.00217108,6.40849,-0.0446262
3.88666,6.45873,6.55262,-0.093892,0.00875574,0.082293,0.00739947,0.00216281,6.4966,-0.0445841
3.89253,6.65201,6.63004,0.0219729,0.00896152,0.0699396,0.00709797,0.0021546,6.58643,-0.0445421
3.89839,6.67112,6.71228,-0.0411599,0.0091831,0.0605989,0.00681683,0.00214645,6.67803,-0.0445003
3.90425,6.72765,6.79843,-0.0707868,0.00942145,0.0533295,0.0065542,0.00213836,6.77145,-0.0444586
3.91011,6.79492,6.88796,-0.0930392,0.00967762,0.0475382,0.00630844,0.00213032,6.86672,-0.0444169
3.91597,6.99553,6.98052,0.0150091,0.00995273,0.0428352,0.00607807,0.00212235,6.96391,-0.0443754
3.92184,7.0798,7.0759,0.00389605,0.010248,0.0389553,0.00586179,0.00211444,7.06306,-0.044334
3.9277,7.16302,7.17396,-0.0109417,0.0105647,0.0357123,0.00565843,0.00210658,7.16422,-0.0442927
3.93356,7.16447,7.27463,-0.110161,0.0109044,0.0329721,0.00546694,0.00209878,7.26744,-0.0442515
3.93942,7.32249,7.37785,-0.0553576,0.0112684,0.030636,0.00528639,0.00209104,7.37278,-0.0442105
3.94529,7.41329,7.48362,-0.07033,0.0116585,0.02863,0.00511592,0.00208335,7.4803,-0.0441695
3.95115,7.76292,7.59193,0.170996,0.0120764,0.0268975,0.00495476,0.00207572,7.59005,-0.0441286
3.95701,7.73348,7.7028,0.0306763,0.0125241,0.0253949,0.00480222,0.00206814,7.7021,-0.0440879
3.96287,7.90378,7.81627,0.0875114,0.0130037,0.024088,0.00465767,0.00206061,7.81651,-0.0440473
3.96873,8.02703,7.93237,0.0946545,0.0135175,0.0229497,0.00452055,0.00205314,7.93334,-0.0440067
3.9746,8.06778,8.05116,0.0166227,0.0140679,0.0219588,0.00439032,0.00204572,8.05266,-0.0439663
3.98046,8.28501,8.17268,0.112329,0.0146576,0.021098,0.00426651,0.00203836,8.17454,-0.043926
3.98632,8.24809,8.29699,-0.0488988,0.0152897,0.0203539,0.00414869,0.00203104,8.29906,-0.0438858
3.99218,8.18511,8.42417,-0.239065,0.0159672,0.0197156,0.00403646,0.00202378,8.42627,-0.0438457
3.99805,8.48734,8.55428,-0.0669386,0.0166938,0.0191749,0.00392946,0.00201657,8.55627,-0.0438057
4.00391,8.54455,8.6874,-0.142857,0.0174732,0.0187252,0.00382735,0.00200941,8.68913,-0.0437659
4.00977,8.69664,8.82362,-0.126976,0.0183097,0.0183621,0.00372983,0.0020023,8.82494,-0.0437261
4.01563,8.85715,8.96301,-0.105858,0.0192079,0.0180825,0.00363661,0.00199523,8.96377,-0.0436865
4.02149,9.22152,9.10567,0.115854,0.0201729,0.0178849,0.00354743,0.00198822,9.10572,-0.0436469
4.02736,9.3715,9.2517,0.119806,0.0212102,0.0177694,0.00346204,0.00198125,9.25088,-0.0436075
4.03322,9.47059,9.40119,0.0694027,0.0223261,0.0177374,0.00338023,0.00197433,9.39934,-0.0435682
4.03908,9.59505,9.55426,0.0407874,0.0235274,0.0177921,0.00330179,0.00196746,9.5512,-0.043529
4.04494,9.65363,9.71102,-0.0573891,0.0248216,0.0179383,0.00322653,0.00196064,9.70656,-0.0434899
4.05081,9.98054,9.87158,0.108958,0.0262171,0.018183,0.00315426,0.00195386,9.86553,-0.0434509
4.05667,9.94311,10.0361,-0.0929789,0.0277233,0.0185354,0.00308483,0.00194713,10.0282,-0.043412
4.06253,10.0658,10.2047,-0.13887,0.0293504,0.0190078,0.00301808,0.00194044,10.1947,-0.0433732
4.06839,10.2731,10.3774,-0.104363,0.03111,0.0196159,0.00295386,0.0019338,10.3652,-0.0433345
4.07426,10.57,10.5546,0.0154357,0.033015,0.0203801,0.00289205,0.0019272,10.5397,-0.043296
4.08012,10.7496,10.7363,0.0132702,0.03508,0.0213266,0.00283251,0.00192065,10.7184,-0.0432576
4.08598,10.9775,10.9227,0.0548163,0.0373212,0.0224893,0.00277514,0.00191414,10.9014,-0.0432192
4.09184,11.0313,11.1141,-0.0827247,0.039757,0.0239127,0.00271982,0.00190767,11.0889,-0.043181
4.0977,11.3843,11.3105,0.0738062,0.042408,0.0256555,0.00266644,0.00190125,11.281,-0.0431429
4.10357,11.6037,11.5124,0.0913414,0.0452977,0.0277965,0.00261492,0.00189486,11.4779,-0.0431049
4.10943,11.7294,11.7199,0.00951504,0.0484527,0.0304434,0.00256517,0.00188852,11.6796,-0.043067
4.11529,12.01,11.9334,0.0765819,0.0519033,0.0337461,0.00251709,0.00188223,11.8864,-0.0430292
4.12115,12.2846,12.1534,0.131246,0.0556844,0.0379188,0.00247062,0.00187597,12.0984,-0.0429915
4.12702,12.4848,12.3803,0.104546,0.0598355,0.0432766,0.00242567,0.00186975,12.3158,-0.042954
4.13288,12.5252,12.6148,-0.0896243,0.0644025,0.0502979,0.00238218,0.00186358,12.5388,-0.0429165
4.13874,12.7638,12.858,-0.0942088,0.0694383,0.0597402,0.00234008,0.00185744,12.7675,-0.0428792
4.1446,13.2509,13.1114,0.139521,0.0750041,0.0728593,0.00229931,0.00185134,13.0022,-0.0428419
4.15046,13.5223,13.3774,0.144911,0.0811715,0.0918609,0.00225981,0.00184528,13.243,-0.0428048
4.15633,13.7335,13.6604,0.0730777,0.0880241,0.120893,0.00222153,0.00183927,13.4902,-0.0427678
4.16219,14.116,13.9693,0.146633,0.09566,0.16842,0.0021844,0.00183329,13.744,-0.0427309
4.16805,14.604,14.3234,0.280646,0.104195,0.253399,0.00214839,0.00182734,14.0045,-0.0426941
4.17391,15.0166,14.7688,0.247807,0.113768,0.421709,0.00211345,0.00182144,14.2721,-0.0426574
4.17978,15.9712,15.406,0.565217,0.124544,0.773217,0.00207952,0.00181557,14.5469,-0.0426208
4.18564,16.9055,16.1995,0.705963,0.13672,1.27222,0.00204658,0.00180974,14.8293,-0.0425844
4.1915,16.9369,16.3742,0.56264,0.150536,1.14296,0.00201457,0.00180395,15.1195,-0.042548
4.19736,16.5934,16.2283,0.365086,0.166286,0.683085,0.00198347,0.00179819,15.4177,-0.0425118
4.20322,16.4172,16.31,0.107155,0.184329,0.440144,0.00195324,0.00179247,15.7243,-0.0424756
4.20909,16.8469,16.5519,0.295042,0.205109,0.345963,0.00192384,0.00178678,16.0395,-0.0424396
4.21495,17.0167,16.8866,0.130082,0.229185,0.332355,0.00189523,0.00178113,16.3638,-0.0424037
4.22081,17.2452,17.2991,-0.0539914,0.257259,0.38333,0.0018674,0.00177552,16.6973,-0.0423679
4.22667,17.8365,17.8145,0.0220297,0.290231,0.522526,0.00184031,0.00176994,17.0404,-0.0423322
4.23254,18.7432,18.5189,0.224325,0.32926,0.834734,0.00181393,0.00176439,17.3936,-0.0422966
4.2384,20.0761,19.61,0.46606,0.375867,1.51573,0.00178824,0.00175888,17.7571,-0.0422611
4.24426,22.0253,21.017,1.00824,0.432071,2.49222,0.00176321,0.0017534,18.1314,-0.0422257
4.25012,22.8414,21.1895,1.65195,0.500602,2.2107,0.00173881,0.00174796,18.5169,-0.0421905
4.25598,21.6773,20.7217,0.955652,0.585214,1.26119,0.00171503,0.00174254,18.914,-0.0421553
4.26185,21.0168,20.7116,0.305254,0.691182,0.736058,0.00169185,0.00173717,19.323,-0.0421203
4.26771,20.9669,21.0245,-0.0576616,0.826094,0.492518,0.00166923,0.00173182,19.7446,-0.0420854
4.27357,21.5051,21.5234,-0.0182488,1.00117,0.381694,0.00164717,0.0017265,20.1792,-0.0420505
4.27943,22.0405,22.1684,-0.127882,1.23352,0.346336,0.00162563,0.00172122,20.6272,-0.0420158
4.2853,22.6908,22.978,-0.287263,1.55023,0.377155,0.00160462,0.00171597,21.0893,-0.0419812
4.29116,23.6601,24.03,-0.369878,1.99607,0.506644,0.0015841,0.00171075,21.5659,-0.0419467
4.29702,24.8375,25.4957,-0.658168,2.64903,0.827576,0.00156406,0.00170557,22.0577,-0.0419123
4.30288,27.0912,27.4811,-0.389881,3.6536,1.30082,0.00154448,0.00170041,22.5653,-0.0418781
4.30874,29.5418,29.4972,0.0445849,5.29857,1.14803,0.00152535,0.00169528,23.0892,-0.0418439
4.31461,32.1768,32.4672,-0.290361,8.21395,0.661637,0.00150666,0.00169019,23.6302,-0.0418099
4.32047,38.6334,38.4374,0.19599,13.8997,0.387283,0.00148839,0.00168512,24.189,-0.0417759
4.32633,53.4641,50.9129,2.55117,25.933,0.252222,0.00147053,0.00168008,24.7662,-0.0417421
4.33219,76.0725,73.4461,2.62643,47.9423,0.17967,0.00145306,0.00167508,25.3627,-0.0417084
4.33806,78.3702,81.2334,-2.86327,55.1561,0.136618,0.00143597,0.0016701,25.9793,-0.0416747
4.34392,57.1837,60.3569,-3.1732,33.6699,0.108899,0.00141925,0.00166515,26.6167,-0.0416412
4.34978,42.6214,45.5357,-2.91426,18.2085,0.0898767,0.00140289,0.00166023,27.2758,-0.0416079
4.35564,36.4142,38.7286,-2.31442,10.7333,0.0761555,0.00138688,0.00165534,27.9577,-0.0415746
4.3615,34.0722,35.6422,-1.56995,6.95166,0.0658605,0.0013712,0.00165048,28.6632,-0.0415414
4.36737,33.145,34.2577,-1.11271,4.84498,0.0578878,0.00135586,0.00164564,29.3933,-0.0415083
4.37323,32.9997,33.7302,-0.730478,3.56801,0.0515524,0.00134083,0.00164084,30.1491,-0.0414754
4.37909,33.3144,33.6799,-0.365432,2.74019,0.0464096,0.00132611,0.00163606,30.9318,-0.0414425
4.38495,33.4933,33.9204,-0.42704,2.17434,0.0421597,0.00131168,0.0016313,31.7423,-0.0414098
4.39082,33.996,34.3531,-0.357122,1.77084,0.0385943,0.00129755,0.00162658,32.5821,-0.0413772
4.39668,34.6934,34.9224,-0.22908,1.47304,0.035564,0.0012837,0.00162188,33.4523,-0.0413447
4.40254,35.4386,35.5957,-0.157106,1.24694,0.0329595,0.00127012,0.00161721,34.3542,-0.0413122
4.4084,36.3358,36.3528,-0.0169221,1.07115,0.030699,0.00125681,0.00161257,35.2893,-0.04128
4.41426,37.1351,37.181,-0.0458937,0.931705,0.0287201,0.00124376,0.00160795,36.259,-0.0412478
4.42013,37.9781,38.0725,-0.0944598,0.819161,0.0269745,0.00123096,0.00160335,37.2648,-0.0412157
4.42599,39.2325,39.0223,0.210187,0.72696,0.025424,0.00121841,0.00159879,38.3083,-0.0411837
4.43185,40.0701,40.0272,0.0429298,0.650431,0.0240386,0.00120609,0.00159424,39.3911,-0.0411519
4.43771,41.04,41.0856,-0.0455729,0.586173,0.0227937,0.00119401,0.00158973,40.515,-0.0411201
4.44358,42.3226,42.1967,0.125811,0.531664,0.0216694,0.00118215,0.00158524,41.6817,-0.0410885
4.44944,43.3132,43.3606,-0.0473299,0.485,0.0206495,0.00117051,0.00158077,42.8932,-0.0410569
4.4553,44.7376,44.5775,0.160102,0.444721,0.0197204,0.00115908,0.00157633,44.1514,-0.0410255
4.46116,45.7711,45.8485,-0.0774347,0.409695,0.0188708,0.00114786,0.00157191,45.4582,-0.0409942
4.46702,47.1628,47.1747,-0.011955,0.379031,0.018091,0.00113684,0.00156752,46.8159,-0.040963
4.47289,48.5941,48.5576,0.0364531,0.35202,0.0173731,0.00112602,0.00156315,48.2265,-0.0409319
4.47875,49.9963,49.9988,-0.00254387,0.328092,0.01671,0.0011154,0.00155881,49.6923,-0.040901
4.48461,51.3886,51.5003,-0.111628,0.306786,0.0160959,0.00110496,0.00155449,51.2156,-0.0408701
4.49047,53.0532,53.0639,-0.0106819,0.287725,0.0155257,0.0010947,0.00155019,52.7988,-0.0408393
4.49634,54.5536,54.6918,-0.138162,0.270595,0.0149948,0.00108462,0.00154592,54.4444,-0.0408087
4.5022,56.3895,56.3863,0.00322618,0.255139,0.0144995,0.00107472,0.00154167,56.1548,-0.0407781
4.50806,58.2415,58.1496,0.091909,0.241139,0.0140364,0.00106498,0.00153744,57.9326,-0.0407477
4.51392,60.1009,59.9842,0.116723,0.228414,0.0136024,0.00105541,0.00153323,59.7803,-0.0407174
4.51979,61.898,61.8925,0.00550551,0.216809,0.013195,0.001046,0.00152905,61.7006,-0.0406872
4.52565,63.9652,63.877,0.0882178,0.206193,0.0128118,0.00103675,0.00152489,63.6961,-0.0406571
4.53151,65.9734,65.9402,0.0332105,0.196453,0.0124508,0.00102765,0.00152075,65.7693,-0.0406271
4.53737,68.2508,68.0844,0.166342,0.187493,0.0121101,0.0010187,0.00151664,67.9229,-0.0405972
4.54323,70.2891,70.3122,-0.0231254,0.179228,0.0117881,0.0010099,0.00151254,70.1592,-0.0405674
4.5491,72.8257,72.6258,0.199868,0.171587,0.0114833,0.00100124,0.00150847,72.4808,-0.0405378
4.55496,75.2571,75.0275,0.229584,0.164505,0.0111944,0.000992721,0.00150442,74.8898,-0.0405082
4.56082,77.6324,77.5192,0.113241,0.157929,0.0109202,0.000984337,0.00150039,77.3883,-0.0404788
4.56668,80.1443,80.1027,0.0416202,0.151808,0.0106597,0.000976087,0.00149639,79.9782,-0.0404494
4.57255,83.032,82.7796,0.252395,0.146101,0.0104117,0.000967966,0.0014924,82.661,-0.0404202
4.57841,85.6773,85.5509,0.126339,0.14077,0.0101755,0.000959973,0.00148843,85.4379,-0.0403911
4.58427,88.4986,88.4175,0.0810957,0.135781,0.00995025,0.000952104,0.00148449,88.3097,-0.0403621
4.59013,91.5545,91.3796,0.174945,0.131104,0.0097352,0.000944357,0.00148056,91.2766,-0.0403332
4.59599,94.529,94.4367,0.0923657,0.126712,0.00952969,0.000936728,0.00147666,94.3383,-0.0403044
4.60186,97.6895,97.5877,0.1018,0.122583,0.00933309,0.000929216,0.00147278,97.4937,-0.0402757
4.60772,101,100.831,0.169549,0.118694,0.00914485,0.000921817,0.00146891,100.741,-0.0402472
4.61358,104.373,104.163,0.20996,0.115027,0.00896445,0.00091453,0.00146507,104.077,-0.0402187
4.61944,107.891,107.581,0.309975,0.111564,0.0087914,0.000907351,0.00146125,107.498,-0.0401904
4.62531,111.289,111.078,0.211227,0.108289,0.00862528,0.000900279,0.00145744,110.999,-0.0401621
4.63117,114.915,114.65,0.265506,0.105189,0.00846567,0.00089331,0.00145366,114.574,-0.040134
4.63703,118.433,118.287,0.146261,0.102251,0.00831221,0.000886444,0.00144989,118.214,-0.040106
4.64289,122.009,121.98,0.0295287,0.0994633,0.00816454,0.000879678,0.00144615,121.91,-0.0400781
4.64875,125.797,125.718,0.0783157,0.0968149,0.00802234,0.000873009,0.00144242,125.651,-0.0400503
4.65462,129.385,129.488,-0.103901,0.0942966,0.00788532,0.000866436,0.00143871,129.424,-0.0400226
4.66048,133.099,133.276,-0.176458,0.0918994,0.0077532,0.000859957,0.00143502,133.214,-0.039995
4.66634,137.075,137.063,0.0124259,0.0896154,0.00762571,0.000853569,0.00143135,137.003,-0.0399676
4.6722,140.941,140.831,0.110372,0.087437,0.00750263,0.000847271,0.0014277,140.773,-0.0399402
4.67807,144.475,144.559,-0.0843628,0.0853577,0.00738372,0.000841062,0.00142406,144.504,-0.039913
4.68393,148.189,148.225,-0.0360808,0.083371,0.00726877,0.000834938,0.00142045,148.172,-0.0398858
4.68979,151.756,151.804,-0.047705,0.0814713,0.0071576,0.000828899,0.00141685,151.752,-0.0398588
4.69565,155.24,155.269,-0.0294881,0.0796533,0.00705001,0.000822944,0.00141327,155.22,-0.0398319
4.70151,158.551,158.595,-0.0441334,0.0779122,0.00694584,0.000817069,0.00140971,158.548,-0.0398051
4.70738,161.595,161.754,-0.158291,0.0762433,0.00684493,0.000811274,0.00140616,161.708,-0.0397784
4.71324,164.597,164.716,-0.119501,0.0746425,0.00674712,0.000805557,0.00140264,164.672,-0.0397518
4.7191,167.478,167.455,0.0233654,0.0731059,0.00665227,0.000799916,0.00139913,167.412,-0.0397253
4.72496,169.984,169.942,0.0423527,0.0716299,0.00656025,0.000794351,0.00139564,169.901,-0.0396989
4.73083,172.18,172.153,0.0273248,0.0702112,0.00647093,0.000788859,0.00139216,172.113,-0.0396727
4.73669,174.123,174.063,0.0605454,0.0688467,0.0063842,0.000783439,0.0013887,174.025,-0.0396465
4.74255,175.763,175.651,0.112137,0.0675334,0.00629994,0.00077809,0.00138526,175.615,-0.0396205
4.74841,176.832,176.899,-0.0672825,0.0662687,0.00621805,0.000772811,0.00138184,176.864,-0.0395945
4.75427,177.634,177.794,-0.159119,0.06505,0.00613842,0.0007676,0.00137843,177.76,-0.0395687
4.76014,178.424,178.324,0.100166,0.063875,0.00606097,0.000762456,0.00137504,178.291,-0.039543
4.766,178.426,178.484,-0.0574276,0.0627415,0.00598561,0.000757377,0.00137167,178.452,-0.0395174
4.77186,178.255,178.273,-0.0171908,0.0616474,0.00591225,0.000752363,0.00136831,178.242,-0.0394919
4.77772,177.637,177.694,-0.0566589,0.0605907,0.00584081,0.000747412,0.00136497,177.665,-0.0394665
4.78359,176.59,176.755,-0.164949,0.0595698,0.00577122,0.000742523,0.00136164,176.727,-0.0394413
4.78945,175.335,175.469,-0.13434,0.0585827,0.00570341,0.000737696,0.00135833,175.442,-0.0394161
4.79531,173.739,173.852,-0.113134,0.0576281,0.0056373,0.000732928,0.00135504,173.826,-0.039391
4.80117,171.822,171.923,-0.100471,0.0567043,0.00557283,0.000728219,0.00135176,171.898,-0.0393661
4.80703,169.549,169.704,-0.154061,0.05581,0.00550994,0.000723567,0.0013485,169.68,-0.0393413
4.8129,167.043,167.22,-0.176778,0.0549437,0.00544858,0.000718973,0.00134525,167.196,-0.0393165
4.81876,164.331,164.497,-0.165968,0.0541044,0.00538869,0.000714434,0.00134202,164.474,-0.0392919
4.82462,161.591,161.562,0.0284999,0.0532907,0.00533021,0.00070995,0.0013388,161.541,-0.0392674
4.83048,158.464,158.444,0.0195623,0.0525015,0.00527309,0.000705519,0.0013356,158.423,-0.039243
4.83635,155.092,155.169,-0.0772117,0.0517359,0.00521729,0.000701142,0.00133242,155.15,-0.0392187
4.84221,151.619,151.766,-0.147068,0.0509928,0.00516277,0.000696816,0.00132924,151.747,-0.0391946
4.84807,148.169,148.259,-0.0901997,0.0502712,0.00510947,0.000692541,0.00132609,148.241,-0.0391705
4.85393,144.639,144.673,-0.0339589,0.0495703,0.00505735,0.000688317,0.00132295,144.656,-0.0391465
4.85979,141.136,141.033,0.102871,0.0488892,0.00500638,0.000684142,0.00131982,141.016,-0.0391227
4.86566,137.516,137.358,0.157628,0.0482271,0.00495652,0.000680015,0.00131671,137.342,-0.039099
4.87152,133.698,133.67,0.0284432,0.0475833,0.00490772,0.000675936,0.00131361,133.654,-0.0390753
4.87738,130,129.985,0.0151828,0.046957,0.00485997,0.000671904,0.00131053,129.97,-0.0390518
4.88324,126.164,126.319,-0.155013,0.0463475,0.00481322,0.000667918,0.00130746,126.305,-0.0390284
4.88911,122.768,122.686,0.0819346,0.0457543,0.00476744,0.000663977,0.0013044,122.673,-0.0390051
4.89497,119.083,119.099,-0.0160564,0.0451766,0.00472259,0.000660081,0.00130136,119.086,-0.0389819
4.90083,115.59,115.567,0.0231171,0.0446139,0.00467867,0.000656229,0.00129834,115.555,-0.0389588
4.90669,112.05,112.099,-0.0494823,0.0440657,0.00463562,0.00065242,0.00129532,112.087,-0.0389359
4.91255,108.628,108.703,-0.0745826,0.0435313,0.00459343,0.000648653,0.00129232,108.691,-0.038913
4.91842,105.516,105.383,0.132361,0.0430104,0.00455207,0.000644928,0.00128934,105.373,-0.0388903
4.92428,102.213,102.146,0.0673048,0.0425023,0.00451151,0.000641244,0.00128637,102.136,-0.0388676
4.93014,99.1473,98.9941,0.153244,0.0420067,0.00447174,0.0006376,0.00128341,98.9845,-0.0388451
4.936,96.0597,95.93,0.129733,0.0415231,0.00443273,0.000633996,0.00128046,95.9209,-0.0388227
4.94187,93.1312,92.9554,0.175783,0.041051,0.00439445,0.000630431,0.00127753,92.9469,-0.0388004
4.94773,90.2381,90.0713,0.16685,0.0405902,0.00435689,0.000626905,0.00127461,90.0632,-0.0387782
4.95359,87.3072,87.2778,0.0293353,0.0401401,0.00432003,0.000623416,0.00127171,87.2702,-0.0387561
4.95945,84.5789,84.5748,0.00416933,0.0397005,0.00428384,0.000619965,0.00126882,84.5676,-0.0387341
4.96532,81.9241,81.9613,-0.0372501,0.0392709,0.0042483,0.000616551,0.00126594,81.9547,-0.0387122
4.97118,79.5257,79.4364,0.0892908,0.0388511,0.00421341,0.000613172,0.00126307,79.4301,-0.0386905
4.97704,76.8494,76.9984,-0.148976,0.0384407,0.00417913,0.00060983,0.00126022,76.9926,-0.0386688
4.9829,74.6515,74.6457,0.00587811,0.0380394,0.00414547,0.000606522,0.00125738,74.6403,-0.0386473
4.98876,72.4166,72.3762,0.0403781,0.0376469,0.00411238,0.000603249,0.00125455,72.3712,-0.0386259
4.99463,70.3265,70.1879,0.138607,0.037263,0.00407988,0.00060001,0.00125174,70.1833,-0.0386045
5.00049,68.1961,68.0785,0.117632,0.0368873,0.00404793,0.000596804,0.00124893,68.0743,-0.0385833
5.00635,66.0808,66.0456,0.0351848,0.0365196,0.00401652,0.000593631,0.00124614,66.0418,-0.0385622
5.01221,64.2114,64.087,0.124432,0.0361597,0.00398564,0.000590491,0.00124336,64.0835,-0.0385412
5.01808,62.3383,62.2001,0.13822,0.0358073,0.00395527,0.000587383,0.0012406,62.197,-0.0385203
5.02394,60.5962,60.3825,0.213754,0.0354622,0.00392541,0.000584306,0.00123784,60.3798,-0.0384996
5.0298,58.7073,58.6317,0.0755423,0.0351241,0.00389604,0.00058126,0.0012351,58.6294,-0.0384789
5.03566,56.837,56.9455,-0.108476,0.0347929,0.00386714,0.000578245,0.00123237,56.9435,-0.0384584
5.04152,55.1816,55.3213,-0.139712,0.0344683,0.00383871,0.00057526,0.00122966,55.3196,-0.0384379
5.04739,53.7423,53.7568,-0.0145566,0.0341502,0.00381073,0.000572305,0.00122695,53.7555,-0.0384176
5.05325,52.3079,52.2498,0.0581259,0.0338384,0.0037832,0.000569379,0.00122425,52.2488,-0.0383973
5.05911,50.7377,50.798,-0.0602759,0.0335327,0.00375609,0.000566482,0.00122157,50.7973,-0.0383772
5.06497,49.3932,49.3992,-0.00607633,0.0332328,0.00372941,0.000563613,0.0012189,49.3989,-0.0383572
5.07084,47.9383,48.0514,-0.113106,0.0329387,0.00370314,0.000560773,0.00121624,48.0513,-0.0383373
5.0767,46.663,46.7525,-0.0894577,0.0326502,0.00367727,0.000557959,0.00121359,46.7527,-0.0383175
5.08256,45.4528,45.5005,-0.0476322,0.0323671,0.0036518,0.000555174,0.00121096,45.501,-0.0382979
5.08842,44.3529,44.2935,0.0594258,0.0320892,0.00362671,0.000552415,0.00120833,44.2943,-0.0382783
5.09428,43.0661,43.1297,-0.0635782,0.0318165,0.00360199,0.000549682,0.00120572,43.1307,-0.0382589
5.10015,42.0985,42.0073,0.0912837,0.0315488,0.00357764,0.000546976,0.00120312,42.0086,-0.0382395
5.10601,40.9917,40.9246,0.0670571,0.0312859,0.00355364,0.000544295,0.00120052,40.9262,-0.0382203
5.11187,39.8879,39.88,0.00786495,0.0310278,0.00352999,0.00054164,0.00119794,39.8819,-0.0382011
5.11773,39.0738,38.872,0.20176,0.0307742,0.00350669,0.00053901,0.00119537,38.8742,-0.0381821
5.1236,37.9614,37.899,0.0623392,0.0305252,0.00348372,0.000536404,0.00119281,37.9014,-0.0381632
5.12946,37.0625,36.9596,0.102893,0.0302804,0.00346108,0.000533823,0.00119027,36.9623,-0.0381444
5.13532,36.1783,36.0525,0.125855,0.03004,0.00343876,0.000531265,0.00118773,36.0554,-0.0381257
5.14118,35.4255,35.1762,0.249277,0.0298036,0.00341674,0.000528732,0.0011852,35.1794,-0.0381072
5.14704,34.3857,34.3296,0.0561087,0.0295713,0.00339504,0.000526222,0.00118269,34.3331,-0.0380887
5.15291,33.5562,33.5115,0.0446593,0.0293429,0.00337364,0.000523735,0.00118018,33.5151,-0.0380703
5.15877,32.8826,32.7207,0.161971,0.0291184,0.00335252,0.00052127,0.00117769,32.7245,-0.0380521
5.16463,31.9786,31.956,0.0226299,0.0288975,0.0033317,0.000518828,0.0011752,31.9601,-0.0380339
5.17049,31.1227,31.2165,-0.0937522,0.0286804,0.00331115,0.000516408,0.00117273,31.2208,-0.0380159
5.17636,30.5901,30.5011,0.088972,0.0284667,0.00329088,0.00051401,0.00117026,30.5057,-0.037998
5.18222,29.812,29.8089,0.00308922,0.0282566,0.00327088,0.000511634,0.00116781,29.8137,-0.0379802
5.18808,29.0878,29.139,-0.0511824,0.0280498,0.00325115,0.000509279,0.00116537,29.144,-0.0379625
5.19394,28.5047,28.4904,0.014291,0.0278463,0.00323167,0.000506945,0.00116293,28.4956,-0.0379449
5.1998,27.9641,27.8624,0.101745,0.027646,0.00321245,0.000504631,0.00116051,27.8678,-0.0379274
5.20567,27.1606,27.254,-0.0934224,0.0274489,0.00319347,0.000502338,0.0011581,27.2596,-0.03791
5.21153,26.7756,26.6647,0.110913,0.0272549,0.00317474,0.000500065,0.00115569,26.6705,-0.0378928
5.21739,26.1467,26.0936,0.0531133,0.0270638,0.00315624,0.000497813,0.0011533,26.0996,-0.0378756
5.22325,25.6074,25.54,0.0674343,0.0268757,0.00313798,0.000495579,0.00115092,25.5462,-0.0378586
5.22912,25.0694,25.0032,0.0662075,0.0266904,0.00311995,0.000493365,0.00114854,25.0096,-0.0378417
5.23498,24.534,24.4827,0.0512404,0.026508,0.00310215,0.000491171,0.00114618,24.4893,-0.0378248
5.24084,24.0516,23.9778,0.0737727,0.0263282,0.00308456,0.000488995,0.00114382,23.9846,-0.0378081
5.2467,23.5787,23.4879,0.0907623,0.0261512,0.00306719,0.000486838,0.00114148,23.4948,-0.0377915
5.25256,23.0431,23.0125,0.0305991,0.0259767,0.00305003,0.0004847,0.00113914,23.0196,-0.037775
5.25843,22.63,22.5509,0.0791023,0.0258048,0.00303308,0.000482579,0.00113682,22.5582,-0.0377586
5.26429,21.9324,22.1028,-0.170359,0.0256355,0.00301634,0.000480477,0.0011345,22.1103,-0.0377424
5.27015,21.5442,21.6676,-0.123444,0.0254685,0.0029998,0.000478392,0.00113219,21.6752,-0.0377262
5.27601,21.2822,21.2448,0.037344,0.0253039,0.00298345,0.000476325,0.00112989,21.2526,-0.0377101
5.28188,20.8595,20.8341,0.0253901,0.0251417,0.00296729,0.000474276,0.00112761,20.842,-0.0376942
5.28774,20.6692,20.4349,0.234343,0.0249818,0.00295133,0.000472243,0.00112533,20.443,-0.0376784
5.2936,20.1467,20.0468,0.0999427,0.0248241,0.00293555,0.000470227,0.00112305,20.0551,-0.0376626
5.29946,19.7835,19.6695,0.113975,0.0246686,0.00291996,0.000468228,0.00112079,19.678,-0.037647
5.30532,19.4232,19.3026,0.120642,0.0245152,0.00290454,0.000466246,0.00111854,19.3112,-0.0376315
5.31119,19.1107,18.9456,0.165015,0.024364,0.0028893,0.00046428,0.0011163,18.9544,-0.0376161
5.31705,18.4079,18.5984,-0.190526,0.0242148,0.00287424,0.00046233,0.00111406,18.6073,-0.0376008
5.32291,18.2989,18.2605,0.0384265,0.0240676,0.00285934,0.000460396,0.00111184,18.2695,-0.0375857
5.32877,18.0359,17.9315,0.104391,0.0239224,0.00284461,0.000458477,0.00110962,17.9408,-0.0375706
5.33464,17.5728,17.6113,-0.0385209,0.0237791,0.00283005,0.000456574,0.00110741,17.6207,-0.0375556
5.3405,17.3006,17.2995,0.00111306,0.0236378,0.00281565,0.000454687,0.00110521,17.309,-0.0375408
5.34636,16.9472,16.9958,-0.0485954,0.0234983,0.0028014,0.000452814,0.00110302,17.0055,-0.0375261
5.35222,16.67,16.7,-0.0299463,0.0233606,0.00278732,0.000450957,0.00110084,16.7098,-0.0375114
5.35809,16.5265,16.4117,0.114761,0.0232247,0.00277338,0.000449114,0.00109866,16.4217,-0.0374969
5.36395,16.2337,16.1308,0.102923,0.0230905,0.0027596,0.000447287,0.0010965,16.1409,-0.0374825
5.36981,15.9323,15.857,0.0752452,0.022958,0.00274596,0.000445473,0.00109434,15.8672,-0.0374682
5.37567,15.5201,15.5901,-0.0699248,0.0228273,0.00273247,0.000443674,0.00109219,15.6004,-0.037454
5.38153,15.1828,15.3298,-0.147025,0.0226982,0.00271913,0.000441889,0.00109005,15.3403,-0.0374399
5.3874,15.1378,15.0759,0.0619119,0.0225707,0.00270592,0.000440118,0.00108792,15.0865,-0.037426
5.39326,14.8917,14.8283,0.0634276,0.0224448,0.00269286,0.000438361,0.0010858,14.839,-0.0374121
5.39912,14.6023,14.5867,0.0156382,0.0223204,0.00267993,0.000436617,0.00108368,14.5976,-0.0373984
5.40498,14.2392,14.3509,-0.111733,0.0221976,0.00266713,0.000434887,0.00108158,14.3619,-0.0373847
5.41085,13.9085,14.1208,-0.212365,0.0220762,0.00265447,0.00043317,0.00107948,14.132,-0.0373712
5.41671,13.7108,13.8962,-0.185405,0.0219564,0.00264194,0.000431467,0.00107738,13.9075,-0.0373578
5.42257,13.6525,13.6769,-0.0244161,0.021838,0.00262953,0.000429776,0.0010753,13.6883,-0.0373445
5.42843,13.4948,13.4628,0.032021,0.021721,0.00261726,0.000428099,0.00107323,13.4743,-0.0373313
5.43429,13.3943,13.2536,0.140641,0.0216054,0.0026051,0.000426434,0.00107116,13.2652,-0.0373182
5.44016,13.1199,13.0493,0.0706305,0.0214911,0.00259307,0.000424782,0.0010691,13.061,-0.0373052
5.44602,12.7836,12.8497,-0.0660771,0.0213782,0.00258116,0.000423142,0.00106705,12.8615,-0.0372923
5.45188,12.6722,12.6546,0.0175626,0.0212667,0.00256936,0.000421514,0.001065,12.6666,-0.0372796
5.45774,12.3815,12.464,-0.0824698,0.0211564,0.00255768,0.000419899,0.00106297,12.476,-0.0372669
5.46361,12.2392,12.2776,-0.0384031,0.0210474,0.00254612,0.000418296,0.00106094,12.2898,-0.0372544
5.46947,12.0403,12.0954,-0.0550914,0.0209396,0.00253467,0.000416705,0.00105892,12.1077,-0.0372419
5.47533,12.0901,11.9173,0.172824,0.0208331,0.00252333,0.000415125,0.00105691,11.9297,-0.0372296
5.48119,11.8888,11.7431,0.145731,0.0207277,0.0025121,0.000413557,0.0010549,11.7556,-0.0372174
5.48705,11.6509,11.5727,0.0782157,0.0206236,0.00250098,0.000412001,0.0010529,11.5853,-0.0372053
5.49292,11.5467,11.406,0.140725,0.0205206,0.00248997,0.000410456,0.00105091,11.4187,-0.0371933
5.49878,11.1906,11.2429,-0.0522362,0.0204188,0.00247906,0.000408923,0.00104893,11.2557,-0.0371814
5.50464,11.0456,11.0833,-0.0377096,0.020318,0.00246825,0.0004074,0.00104696,11.0962,-0.0371696
5.5105,11.0075,10.9271,0.0803643,0.0202184,0.00245754,0.000405889,0.00104499,10.9401,-0.037158
5.51637,10.6577,10.7742,-0.116478,0.0201199,0.00244694,0.000404389,0.00104303,10.7873,-0.0371464
5.52223,10.4623,10.6245,-0.162192,0.0200224,0.00243643,0.000402899,0.00104107,10.6378,-0.037135
5.52809,10.6703,10.478,0.19237,0.019926,0.00242602,0.00040142,0.00103913,10.4913,-0.0371236
5.53395,10.5364,10.3345,0.201932,0.0198307,0.00241571,0.000399952,0.00103719,10.3479,-0.0371124
5.53981,10.2784,10.1939,0.0844708,0.0197363,0.00240549,0.000398494,0.00103526,10.2074,-0.0371013
5.54568,10.0274,10.0562,-0.0288338,0.019643,0.00239537,0.000397047,0.00103333,10.0699,-0.0370903
5.55154,9.8011,9.92137,-0.120269,0.0195506,0.00238533,0.00039561,0.00103141,9.93508,-0.0370794
5.5574,9.83773,9.78922,0.0485046,0.0194592,0.00237539,0.000394183,0.0010295,9.80303,-0.0370686
5.56326,9.67561,9.65973,0.0158779,0.0193687,0.00236554,0.000392766,0.0010276,9.67363,-0.0370579
5.56913,9.64373,9.53282,0.110907,0.0192792,0.00235577,0.000391359,0.0010257,9.54682,-0.0370474
5.57499,9.36702,9.40843,-0.0414037,0.0191906,0.00234609,0.000389962,0.00102381,9.42251,-0.0370369
5.58085,9.34977,9.28649,0.0632883,0.0191029,0.0023365,0.000388574,0.00102193,9.30066,-0.0370266
5.58671,9.24979,9.16693,0.0828557,0.0190161,0.00232699,0.000387197,0.00102005,9.1812,-0.0370163
5.59257,8.94666,9.0497,-0.103042,0.0189302,0.00231757,0.000385829,0.00101818,9.06406,-0.0370062
5.59844,8.77641,8.93474,-0.158335,0.0188452,0.00230823,0.00038447,0.00101632,8.94919,-0.0369962
5.6043,8.8356,8.82199,0.0136041,0.018761,0.00229896,0.00038312,0.00101447,8.83652,-0.0369863
5.61016,8.6193,8.71139,-0.0920929,0.0186776,0.00228978,0.00038178,0.00101262,8.72601,-0.0369765
5.61602,8.49851,8.60289,-0.104384,0.0185951,0.00228068,0.000380449,0.00101078,8.61759,-0.0369668
5.62189,8.50525,8.49644,0.00880991,0.0185133,0.00227166,0.000379127,0.00100894,8.51122,-0.0369572
5.62775,8.32673,8.39198,-0.0652552,0.0184324,0.00226271,0.000377814,0.00100711,8.40685,-0.0369477
5.63361,8.35738,8.28947,0.0679117,0.0183523,0.00225384,0.00037651,0.00100529,8.30442,-0.0369384
5.63947,8.11636,8.18886,-0.0724975,0.0182729,0.00224504,0.000375215,0.00100347,8.20389,-0.0369291
5.64533,8.1506,8.0901,0.0605061,0.0181943,0.00223632,0.000373928,0.00100166,8.10521,-0.03692
5.6512,7.93055,7.99315,-0.0625996,0.0181165,0.00222767,0.00037265,0.00099986,8.00834,-0.036911
5.65706,7.87571,7.89796,-0.0222458,0.0180394,0.00221909,0.000371381,0.000998064,7.91323,-0.036902
5.66292,7.84539,7.80449,0.0408989,0.017963,0.00221058,0.00037012,0.000996273,7.81984,-0.0368932
5.66878,7.71184,7.7127,-0.000863524,0.0178874,0.00220214,0.000368867,0.00099449,7.72814,-0.0368845
5.67465,7.55758,7.62256,-0.0649786,0.0178124,0.00219377,0.000367623,0.000992712,7.63807,-0.0368759
5.68051,7.36657,7.53401,-0.167448,0.0177382,0.00218547,0.000366387,0.000990941,7.5496,-0.0368675
5.68637,7.30654,7.44703,-0.140492,0.0176647,0.00217724,0.000365159,0.000989176,7.4627,-0.0368591
5.69223,7.51453,7.36158,0.152951,0.0175918,0.00216908,0.000363939,0.000987418,7.37732,-0.0368508
5.69809,7.43104,7.27762,0.153416,0.0175196,0.00216098,0.000362727,0.000985665,7.29344,-0.0368427
5.70396,7.13205,7.19512,-0.063075,0.0174481,0.00215294,0.000361523,0.000983919,7.21101,-0.0368346
5.70982,7.20113,7.11404,0.0870888,0.0173772,0.00214497,0.000360327,0.000982179,7.13001,-0.0368267
5.71568,7.22816,7.03436,0.193803,0.0173069,0.00213706,0.000359139,0.000980445,7.05039,-0.0368189
5.72154,7.0312,6.95603,0.075163,0.0172373,0.00212922,0.000357958,0.000978717,6.97214,-0.0368112
5.72741,6.99723,6.87904,0.118195,0.0171683,0.00212144,0.000356785,0.000976995,6.89522,-0.0368036
5.73327,6.87114,6.80334,0.0677914,0.0171,0.00211371,0.000355619,0.000975279,6.8196,-0.0367961
5.73913,6.71272,6.72892,-0.016201,0.0170322,0.00210605,0.000354461,0.000973569,6.74524,-0.0367887
5.74499,6.77884,6.65574,0.123107,0.016965,0.00209845,0.00035331,0.000971865,6.67213,-0.0367814
5.75085,6.76951,6.58377,0.185743,0.0168985,0.00209091,0.000352167,0.000970167,6.60023,-0.0367742
5.75672,6.56473,6.51299,0.0517346,0.0168325,0.00208342,0.00035103,0.000968474,6.52952,-0.0367672
5.76258,6.44334,6.44338,-3.87093e-05,0.0167671,0.002076,0.000349901,0.000966788,6.45998,-0.0367602
5.76844,6.30347,6.3749,-0.0714264,0.0167022,0.00206862,0.000348779,0.000965107,6.39156,-0.0367534
5.7743,6.32611,6.30753,0.0185765,0.0166379,0.00206131,0.000347664,0.000963433,6.32427,-0.0367467
5.78017,6.1628,6.24125,-0.0784486,0.0165742,0.00205405,0.000346556,0.000961764,6.25805,-0.0367401
5.78603,5.99114,6.17604,-0.184898,0.016511,0.00204685,0.000345455,0.0009601,6.19291,-0.0367336
5.79189,5.89564,6.11187,-0.216226,0.0164483,0.0020397,0.000344361,0.000958443,6.1288,-0.0367272
5.79775,6.02782,6.04872,-0.0209007,0.0163862,0.0020326,0.000343274,0.000956791,6.06572,-0.0367209
5.80362,6.10336,5.98656,0.1168,0.0163246,0.00202556,0.000342193,0.000955145,6.00363,-0.0367147
5.80948,5.965,5.92539,0.0396121,0.0162635,0.00201856,0.000341119,0.000953504,5.94252,-0.0367086
5.81534,5.61049,5.86517,-0.254685,0.0162029,0.00201162,0.000340052,0.000951869,5.88237,-0.0367027
5.8212,5.82559,5.8059,0.0196916,0.0161428,0.00200474,0.000338991,0.000950239,5.82316,-0.0366968
5.82706,5.81692,5.74753,0.0693852,0.0160832,0.0019979,0.000337937,0.000948615,5.76486,-0.0366911
5.83293,5.75348,5.69007,0.0634083,0.0160241,0.00199111,0.000336889,0.000946997,5.70746,-0.0366855
5.83879,5.55079,5.63349,-0.0827011,0.0159655,0.00198437,0.000335847,0.000945384,5.65094,-0.0366799
5.84465,5.59427,5.57778,0.0164923,0.0159074,0.00197768,0.000334812,0.000943776,5.59529,-0.0366745
5.85051,5.54255,5.5229,0.0196478,0.0158497,0.00197104,0.000333783,0.000942174,5.54048,-0.0366692
5.85638,5.51901,5.46886,0.0501528,0.0157925,0.00196444,0.00033276,0.000940577,5.48649,-0.036664
5.86224,5.37036,5.41563,-0.0452634,0.0157357,0.0019579,0.000331744,0.000938986,5.43332,-0.036659
5.8681,5.33283,5.36319,-0.0303579,0.0156795,0.0019514,0.000330733,0.0009374,5.38095,-0.036654
5.87396,5.37072,5.31153,0.0591806,0.0156236,0.00194494,0.000329729,0.000935819,5.32935,-0.0366491
5.87982,5.30371,5.26064,0.0430665,0.0155682,0.00193853,0.00032873,0.000934244,5.27852,-0.0366444
5.88569,5.05043,5.2105,-0.160067,0.0155133,0.00193217,0.000327738,0.000932674,5.22843,-0.0366397
5.89155,5.17195,5.16109,0.0108587,0.0154587,0.00192585,0.000326751,0.000931109,5.17908,-0.0366352
5.89741,5.18929,5.1124,0.0768844,0.0154046,0.00191958,0.00032577,0.000929549,5.13045,-0.0366308
5.90327,5.08564,5.06442,0.021223,0.0153509,0.00191335,0.000324795,0.000927994,5.08253,-0.0366265
5.90914,4.97891,5.01713,-0.0382227,0.0152977,0.00190716,0.000323826,0.000926445,5.0353,-0.0366223
5.915,5.11534,4.97052,0.144819,0.0152448,0.00190101,0.000322862,0.000924901,4.98875,-0.0366182
5.92086,4.86242,4.92458,-0.0621585,0.0151924,0.00189491,0.000321904,0.000923361,4.94286,-0.0366142
5.92672,4.76957,4.87929,-0.109715,0.0151403,0.00188885,0.000320951,0.000921827,4.89763,-0.0366103
5.93258,4.75331,4.83464,-0.0813317,0.0150887,0.00188283,0.000320005,0.000920298,4.85303,-0.0366066
5.93845,4.77717,4.79062,-0.0134461,0.0150374,0.00187685,0.000319063,0.000918774,4.80907,-0.0366029
5.94431,4.72539,4.74722,-0.0218256,0.0149865,0.00187091,0.000318127,0.000917255,4.76573,-0.0365994
5.95017,4.69065,4.70442,-0.013776,0.014936,0.00186501,0.000317196,0.000915741,4.72298,-0.0365959
5.95603,4.72397,4.66222,0.0617446,0.0148859,0.00185916,0.000316271,0.000914232,4.68084,-0.0365926
5.9619,4.82024,4.6206,0.199642,0.0148362,0.00185334,0.000315351,0.000912728,4.63927,-0.0365894
5.96776,4.70545,4.57956,0.125894,0.0147868,0.00184756,0.000314436,0.000911229,4.59828,-0.0365863
5.97362,4.59572,4.53907,0.0566467,0.0147378,0.00184182,0.000313527,0.000909734,4.55785,-0.0365833
5.97948,4.41117,4.49914,-0.0879738,0.0146891,0.00183611,0.000312623,0.000908245,4.51798,-0.0365804
5.98534,4.45334,4.45975,-0.0064181,0.0146409,0.00183045,0.000311723,0.00090676,4.47864,-0.0365777
5.99121,4.57824,4.4209,0.157344,0.0145929,0.00182482,0.000310829,0.00090528,4.43984,-0.036575
5.99707,4.48149,4.38256,0.0989263,0.0145453,0.00181922,0.00030994,0.000903805,4.40156,-0.0365724
6.00293,4.50426,4.34474,0.159523,0.0144981,0.00181367,0.000309056,0.000902335,4.36379,-0.03657
6.00879,4.28827,4.30742,-0.0191576,0.0144512,0.00180815,0.000308177,0.00090087,4.32652,-0.0365677
6.01466,4.4382,4.2706,0.167604,0.0144046,0.00180267,0.000307303,0.000899409,4.28975,-0.0365654
6.02052,4.43736,4.23426,0.203091,0.0143584,0.00179722,0.000306433,0.000897953,4.25347,-0.0365633
6.02638,4.35309,4.19841,0.154679,0.0143125,0.00179181,0.000305569,0.000896501,4.21766,-0.0365613
6.03224,4.34356,4.16302,0.180539,0.0142669,0.00178643,0.000304709,0.000895054,4.18232,-0.0365594
6.0381,4.13862,4.12809,0.0105302,0.0142216,0.00178108,0.000303854,0.000893612,4.14745,-0.0365576
6.04397,4.04206,4.09361,-0.0515562,0.0141767,0.00177577,0.000303004,0.000892175,4.11302,-0.0365559
6.04983,4.11792,4.05958,0.0583367,0.014132,0.0017705,0.000302158,0.000890742,4.07904,-0.0365544
6.05569,3.87954,4.02599,-0.146447,0.0140877,0.00176525,0.000301317,0.000889313,4.0455,-0.0365529
6.06155,4.06357,3.99283,0.070745,0.0140437,0.00176004,0.000300481,0.000887889,4.01239,-0.0365516
6.06742,4.12249,3.96009,0.162399,0.014,0.00175487,0.000299649,0.00088647,3.9797,-0.0365503
6.07328,3.92772,3.92776,-4.49479e-05,0.0139566,0.00174972,0.000298822,0.000885055,3.94742,-0.0365492
6.07914,4.06319,3.89585,0.167343,0.0139135,0.00174461,0.000297999,0.000883645,3.91556,-0.0365482
6.085,3.80184,3.86433,-0.0624939,0.0138707,0.00173953,0.00029718,0.000882239,3.88409,-0.0365473
6.09086,3.81904,3.83321,-0.0141742,0.0138282,0.00173448,0.000296367,0.000880838,3.85302,-0.0365465
6.09673,3.77065,3.80248,-0.0318266,0.0137859,0.00172946,0.000295557,0.000879441,3.82234,-0.0365458
6.10259,3.58629,3.77213,-0.185841,0.013744,0.00172447,0.000294752,0.000878048,3.79204,-0.0365452
6.10845,3.56556,3.74216,-0.176594,0.0137023,0.00171952,0.000293951,0.00087666,3.76211,-0.0365447
6.11431,3.58589,3.71255,-0.126665,0.0136609,0.00171459,0.000293154,0.000875276,3.73255,-0.0365444
6.12018,3.64542,3.68331,-0.0378836,0.0136198,0.00170969,0.000292362,0.000873896,3.70336,-0.0365441
6.12604,3.80528,3.65442,0.150861,0.013579,0.00170483,0.000291574,0.000872521,3.67452,-0.036544
6.1319,3.84139,3.62589,0.215504,0.0135384,0.00169999,0.00029079,0.00087115,3.64603,-0.036544
6.13776,3.64174,3.5977,0.0440392,0.0134981,0.00169518,0.00029001,0.000869783,3.61789,-0.036544
6.14362,3.49605,3.56985,-0.0737967,0.0134581,0.0016904,0.000289235,0.000868421,3.59009,-0.0365442
6.14949,3.33784,3.54233,-0.204494,0.0134183,0.00168565,0.000288463,0.000867063,3.56262,-0.0365445
6.15535,3.45567,3.51515,-0.0594752,0.0133788,0.00168093,0.000287695,0.000865709,3.53548,-0.0365449
6.16121,3.22958,3.48829,-0.258703,0.0133396,0.00167623,0.000286932,0.000864359,3.50866,-0.0365454
6.16707,3.32813,3.46174,-0.133607,0.0133006,0.00167157,0.000286172,0.000863013,3.48217,-0.0365461
6.17294,3.31205,3.43551,-0.123458,0.0132618,0.00166693,0.000285417,0.000861672,3.45598,-0.0365468
6.1788,3.32469,3.40959,-0.0848958,0.0132233,0.00166232,0.000284665,0.000860335,3.43011,-0.0365477
6.18466,3.28849,3.38397,-0.0954826,0.0131851,0.00165773,0.000283917,0.000859002,3.40453,-0.0365486
6.19052,3.22558,3.35865,-0.133069,0.013147,0.00165317,0.000283173,0.000857672,3.37926,-0.0365497
6.19638,3.37653,3.33363,0.0429061,0.0131093,0.00164864,0.000282433,0.000856347,3.35428,-0.0365509
6.20225,3.25241,3.30889,-0.0564797,0.0130718,0.00164414,0.000281697,0.000855026,3.32959,-0.0365521
6.20811,3.29501,3.28444,0.0105686,0.0130345,0.00163966,0.000280964,0.00085371,3.30519,-0.0365535
6.21397,3.14202,3.26027,-0.118257,0.0129974,0.00163521,0.000280236,0.000852397,3.28106,-0.036555
6.21983,3.10123,3.23638,-0.135152,0.0129606,0.00163078,0.000279511,0.000851088,3.25721,-0.0365567
6.2257,3.09814,3.21276,-0.114616,0.012924,0.00162638,0.000278789,0.000849783,3.23364,-0.0365584
6.23156,3.23951,3.18941,0.0501032,0.0128876,0.001622,0.000278072,0.000848482,3.21033,-0.0365602
6.23742,3.14916,3.16632,-0.017159,0.0128515,0.00161765,0.000277358,0.000847185,3.18729,-0.0365622
6.24328,3.13613,3.14349,-0.00735499,0.0128156,0.00161332,0.000276647,0.000845892,3.1645,-0.0365642
6.24915,3.02079,3.12091,-0.100128,0.0127799,0.00160902,0.000275941,0.000844603,3.14197,-0.0365664
6.25501,3.0558,3.09859,-0.0427889,0.0127444,0.00160474,0.000275237,0.000843318,3.11969,-0.0365687
6.26087,3.02722,3.07652,-0.0493049,0.0127091,0.00160049,0.000274538,0.000842037,3.09767,-0.036571
6.26673,3.12924,3.05469,0.0745475,0.0126741,0.00159626,0.000273841,0.000840759,3.07588,-0.0365735
6.27259,2.98933,3.03311,-0.0437769,0.0126393,0.00159205,0.000273149,0.000839485,3.05434,-0.0365761
6.27846,2.99468,3.01176,-0.0170746,0.0126046,0.00158787,0.000272459,0.000838216,3.03303,-0.0365788
6.28432,3.05725,2.99064,0.0666102,0.0125702,0.00158371,0.000271773,0.00083695,3.01196,-0.0365817
6.29018,2.96343,2.96975,-0.00632582,0.012536,0.00157957,0.000271091,0.000835688,2.99112,-0.0365846
6.29604,2.91119,2.9491,-0.0379064,0.012502,0.00157546,0.000270412,0.000834429,2.9705,-0.0365876
6.30191,2.86567,2.92866,-0.0629876,0.0124682,0.00157136,0.000269736,0.000833175,2.95011,-0.0365908
6.30777,2.97987,2.90845,0.0714254,0.0124346,0.00156729,0.000269064,0.000831924,2.92994,-0.0365941
6.31363,2.93069,2.88845,0.042234,0.0124012,0.00156325,0.000268394,0.000830677,2.90999,-0.0365974
6.31949,2.90301,2.86867,0.0343407,0.012368,0.00155922,0.000267729,0.000829433,2.89025,-0.0366009
6.32535,2.93654,2.8491,0.0874457,0.012335,0.00155522,0.000267066,0.000828193,2.87072,-0.0366045
6.33122,2.95903,2.82973,0.129296,0.0123022,0.00155124,0.000266407,0.000826957,2.8514,-0.0366082
6.33708,2.89728,2.81058,0.086706,0.0122696,0.00154728,0.000265751,0.000825725,2.83228,-0.036612
6.34294,2.75923,2.79162,-0.0323925,0.0122371,0.00154334,0.000265098,0.000824496,2.81337,-0.0366159
6.3488,2.93345,2.77286,0.160587,0.0122049,0.00153943,0.000264448,0.000823271,2.79465,-0.03662
6.35467,2.7561,2.7543,0.00179392,0.0121728,0.00153553,0.000263801,0.00082205,2.77613,-0.0366241
6.36053,2.6357,2.73594,-0.100233,0.012141,0.00153165,0.000263158,0.000820832,2.75781,-0.0366283
6.36639,2.78011,2.71776,0.0623486,0.0121093,0.0015278,0.000262517,0.000819617,2.73967,-0.0366327
6.37225,2.75096,2.69977,0.0511868,0.0120778,0.00152397,0.00026188,0.000818407,2.72173,-0.0366372
6.37811,2.75244,2.68197,0.0704647,0.0120464,0.00152015,0.000261245,0.000817199,2.70397,-0.0366417
6.38398,2.58172,2.66435,-0.0826283,0.0120153,0.00151636,0.000260614,0.000815996,2.68639,-0.0366464
6.38984,2.6562,2.64691,0.009289,0.0119843,0.00151259,0.000259986,0.000814795,2.66899,-0.0366512
6.3957,2.61147,2.62965,-0.0181808,0.0119535,0.00150883,0.000259361,0.000813599,2.65177,-0.0366561
6.40156,2.70299,2.61257,0.0904216,0.0119229,0.0015051,0.000258738,0.000812406,2.63473,-0.0366612
6.40743,2.49529,2.59566,-0.100371,0.0118924,0.00150138,0.000258119,0.000811216,2.61786,-0.0366663
6.41329,2.62122,2.57892,0.0423007,0.0118621,0.00149769,0.000257502,0.00081003,2.60116,-0.0366715
6.41915,2.65422,2.56235,0.0918768,0.011832,0.00149401,0.000256889,0.000808847,2.58463,-0.0366769
6.42501,2.49615,2.54594,-0.0497894,0.0118021,0.00149036,0.000256278,0.000807668,2.56827,-0.0366823
6.43087,2.41853,2.5297,-0.111167,0.0117723,0.00148672,0.00025567,0.000806492,2.55207,-0.0366879
6.43674,2.36666,2.51362,-0.146958,0.0117427,0.0014831,0.000255065,0.000805319,2.53603,-0.0366936
6.4426,2.52673,2.4977,0.0290326,0.0117132,0.0014795,0.000254463,0.00080415,2.52015,-0.0366994
6.44846,2.57316,2.48193,0.0912281,0.0116839,0.00147592,0.000253864,0.000802984,2.50442,-0.0367052
6.45432,2.34604,2.46633,-0.120291,0.0116548,0.00147235,0.000253267,0.000801822,2.48886,-0.0367113
6.46019,2.43447,2.45087,-0.0164056,0.0116258,0.00146881,0.000252673,0.000800663,2.47344,-0.0367174
6.46605,2.48744,2.43557,0.0518715,0.011597,0.00146528,0.000252082,0.000799507,2.45818,-0.0367236
6.47191,2.46854,2.42042,0.0481244,0.0115684,0.00146177,0.000251494,0.000798355,2.44307,-0.0367299
6.47777,2.44241,2.40541,0.037001,0.0115399,0.00145827,0.000250908,0.000797205,2.4281,-0.0367364
6.48363,2.30459,2.39055,-0.085957,0.0115115,0.0014548,0.000250326,0.00079606,2.41328,-0.0367429
6.4895,2.2334,2.37583,-0.142433,0.0114833,0.00145134,0.000249745,0.000794917,2.3986,-0.0367496
6.49536,2.25557,2.36126,-0.105683,0.0114553,0.0014479,0.000249168,0.000793778,2.38407,-0.0367564
6.50122,2.45278,2.34682,0.105961,0.0114274,0.00144448,0.000248593,0.000792642,2.36967,-0.0367632
6.50708,2.36193,2.33252,0.0294052,0.0113996,0.00144107,0.00024802,0.000791509,2.35541,-0.0367702
6.51295,2.34493,2.31836,0.0265671,0.011372,0.00143768,0.000247451,0.000790379,2.34129,-0.0367773
6.51881,2.34308,2.30433,0.0387516,0.0113445,0.00143431,0.000246883,0.000789253,2.3273,-0.0367846
6.52467,2.36302,2.29044,0.0725803,0.0113172,0.00143096,0.000246319,0.00078813,2.31344,-0.0367919
6.53053,2.32615,2.27667,0.049475,0.0112901,0.00142762,0.000245757,0.000787009,2.29972,-0.0367993
6.53639,2.1877,2.26304,-0.0753356,0.011263,0.0014243,0.000245197,0.000785893,2.28613,-0.0368068
6.54226,2.03472,2.24953,-0.214811,0.0112362,0.00142099,0.00024464,0.000784779,2.27266,-0.0368145
6.54812,2.17611,2.23615,-0.0600392,0.0112094,0.0014177,0.000244086,0.000783668,2.25932,-0.0368223
6.55398,2.13741,2.22289,-0.0854868,0.0111828,0.00141442,0.000243534,0.000782561,2.2461,-0.0368301
6.55984,2.15165,2.20976,-0.0581136,0.0111563,0.00141117,0.000242984,0.000781456,2.233,-0.0368381
6.56571,2.149,2.19675,-0.0477482,0.01113,0.00140792,0.000242437,0.000780355,2.22003,-0.0368462
6.57157,2.16247,2.18385,-0.0213816,0.0111038,0.0014047,0.000241892,0.000779257,2.20718,-0.0368544
6.57743,2.01653,2.17108,-0.154549,0.0110777,0.00140149,0.00024135,0.000778162,2.19444,-0.0368627
6.58329,2.04297,2.15842,-0.115451,0.0110518,0.00139829,0.00024081,0.00077707,2.18183,-0.0368711
6.58915,2.17537,2.14588,0.029493,0.011026,0.00139511,0.000240273,0.000775981,2.16932,-0.0368797
6.59502,2.17619,2.13345,0.0427335,0.0110004,0.00139194,0.000239738,0.000774895,2.15694,-0.0368883
6.60088,2.1656,2.12114,0.0444651,0.0109748,0.00138879,0.000239205,0.000773812,2.14466,-0.036897
6.60674,2.0643,2.10894,-0.0446315,0.0109494,0.00138566,0.000238674,0.000772732,2.13249,-0.0369059
6.6126,2.17694,2.09684,0.0801019,0.0109241,0.00138254,0.000238146,0.000771655,2.12044,-0.0369149
6.61847,2.00815,2.08486,-0.0767101,0.010899,0.00137943,0.000237621,0.000770581,2.10849,-0.036924
6.62433,2.02581,2.07298,-0.0471709,0.010874,0.00137634,0.000237097,0.00076951,2.09665,-0.0369331
6.63019,1.90114,2.06121,-0.160064,0.0108491,0.00137326,0.000236576,0.000768442,2.08492,-0.0369424
6.63605,1.92334,2.04954,-0.126203,0.0108243,0.0013702,0.000236057,0.000767377,2.07329,-0.0369518
6.64191,2.00167,2.03797,-0.0362999,0.0107996,0.00136715,0.00023554,0.000766314,2.06177,-0.0369614
6.64778,1.92225,2.02651,-0.104259,0.0107751,0.00136412,0.000235026,0.000765255,2.05034,-0.036971
6.65364,2.00212,2.01515,-0.0130341,0.0107507,0.0013611,0.000234513,0.000764199,2.03902,-0.0369807
6.6595,2.04902,2.00389,0.0451328,0.0107264,0.0013581,0.000234003,0.000763145,2.0278,-0.0369906
6.66536,2.04126,1.99273,0.0485347,0.0107022,0.00135511,0.000233496,0.000762095,2.01668,-0.0370005
6.67123,2.09993,1.98166,0.11827,0.0106782,0.00135213,0.00023299,0.000761047,2.00565,-0.0370106
6.67709,2.02925,1.97069,0.0585608,0.0106542,0.00134916,0.000232486,0.000760002,1.99472,-0.0370208
6.68295,2.048,1.95982,0.0881848,0.0106304,0.00134621,0.000231985,0.00075896,1.98388,-0.0370311
6.68881,1.99828,1.94904,0.0492449,0.0106067,0.00134328,0.000231486,0.000757921,1.97314,-0.0370414
6.69468,1.98058,1.93835,0.042227,0.0105831,0.00134035,0.000230989,0.000756885,1.96249,-0.037052
6.70054,1.86406,1.92776,-0.0637013,0.0105596,0.00133744,0.000230494,0.000755851,1.95194,-0.0370626
6.7064,1.91508,1.91725,-0.00217354,0.0105363,0.00133455,0.000230001,0.00075482,1.94147,-0.0370733
6.71226,1.87161,1.90684,-0.0352221,0.010513,0.00133166,0.00022951,0.000753793,1.93109,-0.0370841
6.71812,1.88197,1.89651,-0.0145382,0.0104899,0.00132879,0.000229021,0.000752767,1.9208,-0.0370951
6.72399,1.86223,1.88627,-0.024041,0.0104669,0.00132594,0.000228534,0.000751745,1.9106,-0.0371061
6.72985,1.82937,1.87612,-0.0467446,0.0104439,0.00132309,0.00022805,0.000750726,1.90049,-0.0371173
6.73571,1.99337,1.86605,0.12732,0.0104211,0.00132026,0.000227567,0.000749709,1.89046,-0.0371286
6.74157,1.80298,1.85607,-0.0530893,0.0103984,0.00131744,0.000227087,0.000748695,1.88052,-0.0371399
6.74744,1.92473,1.84617,0.0785581,0.0103758,0.00131463,0.000226608,0.000747683,1.87066,-0.0371514
6.7533,1.87291,1.83636,0.0365502,0.0103534,0.00131184,0.000226131,0.000746675,1.86088,-0.037163
6.75916,2.02622,1.82662,0.199598,0.010331,0.00130906,0.000225657,0.000745669,1.85119,-0.0371747
6.76502,1.89954,1.81697,0.0825712,0.0103087,0.00130629,0.000225184,0.000744665,1.84157,-0.0371866
6.77088,1.82842,1.8074,0.0210254,0.0102865,0.00130353,0.000224713,0.000743665,1.83204,-0.0371985
6.77675,1.71159,1.7979,-0.0863139,0.0102645,0.00130079,0.000224245,0.000742667,1.82258,-0.0372105
6.78261,1.78618,1.78849,-0.0023021,0.0102425,0.00129805,0.000223778,0.000741672,1.8132,-0.0372227
6.78847,1.81282,1.77915,0.0336739,0.0102206,0.00129533,0.000223313,0.000740679,1.8039,-0.0372349
6.79433,1.69369,1.76988,-0.0761917,0.0101989,0.00129262,0.00022285,0.000739689,1.79468,-0.0372473
6.8002,1.80059,1.7607,0.0398959,0.0101772,0.00128993,0.000222389,0.000738702,1.78553,-0.0372598
6.80606,1.80692,1.75159,0.0553306,0.0101556,0.00128724,0.00022193,0.000737717,1.77646,-0.0372724
6.81192,1.90545,1.74255,0.162897,0.0101342,0.00128457,0.000221472,0.000736735,1.76746,-0.0372851
6.81778,1.66723,1.73358,-0.0663494,0.0101128,0.00128191,0.000221017,0.000735755,1.75853,-0.0372979
6.82364,1.59887,1.72469,-0.125819,0.0100915,0.00127926,0.000220563,0.000734778,1.74967,-0.0373108
6.82951,1.78802,1.71587,0.0721473,0.0100703,0.00127662,0.000220112,0.000733804,1.74089,-0.0373238
6.83537,1.73649,1.70712,0.0293687,0.0100493,0.00127399,0.000219662,0.000732832,1.73218,-0.037337
6.84123,1.64234,1.69844,-0.0560958,0.0100283,0.00127138,0.000219213,0.000731863,1.72354,-0.0373502
6.84709,1.58776,1.68983,-0.102063,0.0100074,0.00126877,0.000218767,0.000730896,1.71496,-0.0373636
6.85296,1.49185,1.68128,-0.189433,0.0099866,0.00126618,0.000218323,0.000729932,1.70646,-0.0373771
6.85882,1.55924,1.67281,-0.113573,0.0099659,0.00126359,0.00021788,0.000728971,1.69802,-0.0373906
6.86468,1.64208,1.6644,-0.0223238,0.00994529,0.00126102,0.000217439,0.000728012,1.68965,-0.0374043
6.87054,1.76811,1.65606,0.112057,0.00992477,0.00125846,0.000217,0.000727055,1.68135,-0.0374181
6.8764,1.82859,1.64778,0.180812,0.00990435,0.00125591,0.000216562,0.000726101,1.67311,-0.037432
6.88227,1.90233,1.63957,0.26276,0.00988401,0.00125337,0.000216127,0.000725149,1.66494,-0.037446
6.88813,1.47611,1.63142,-0.155307,0.00986377,0.00125084,0.000215693,0.0007242,1.65683,-0.0374602
6.89399,1.48511,1.62334,-0.138229,0.00984361,0.00124833,0.00021526,0.000723254,1.64878,-0.0374744
6.89985,1.626,1.61532,0.0106889,0.00982355,0.00124582,0.00021483,0.00072231,1.6408,-0.0374888
6.90572,1.68784,1.60736,0.0804804,0.00980357,0.00124332,0.000214401,0.000721368,1.63288,-0.0375032
6.91158,1.61817,1.59946,0.0187096,0.00978368,0.00124084,0.000213974,0.000720429,1.62502,-0.0375178
6.91744,1.76844,1.59162,0.176816,0.00976388,0.00123836,0.000213548,0.000719492,1.61722,-0.0375324
6.9233,1.36889,1.58384,-0.214957,0.00974416,0.0012359,0.000213125,0.000718557,1.60948,-0.0375472
6.92916,1.52814,1.57613,-0.047986,0.00972453,0.00123344,0.000212703,0.000717625,1.6018,-0.0375621
6.93503,1.57735,1.56847,0.00888281,0.00970498,0.001231,0.000212282,0.000716696,1.59418,-0.0375771
6.94089,1.69363,1.56087,0.132757,0.00968552,0.00122856,0.000211863,0.000715769,1.58662,-0.0375922
6.94675,1.49974,1.55333,-0.0535839,0.00966614,0.00122614,0.000211446,0.000714844,1.57912,-0.0376075
6.95261,1.4814,1.54584,-0.064437,0.00964685,0.00122372,0.000211031,0.000713921,1.57167,-0.0376228
6.95848,1.44846,1.53841,-0.0899566,0.00962764,0.00122132,0.000210617,0.000713001,1.56428,-0.0376382
6.96434,1.49734,1.53104,-0.0337018,0.00960851,0.00121892,0.000210204,0.000712083,1.55694,-0.0376538
6.9702,1.45145,1.52372,-0.0722698,0.00958947,0.00121654,0.000209794,0.000711168,1.54966,-0.0376695
6.97606,1.44424,1.51646,-0.0722191,0.0095705,0.00121416,0.000209384,0.000710255,1.54244,-0.0376852
6.98192,1.47491,1.50925,-0.0343413,0.00955162,0.0012118,0.000208977,0.000709344,1.53527,-0.0377011
6.98779,1.47206,1.5021,-0.0300354,0.00953281,0.00120944,0.000208571,0.000708436,1.52815,-0.0377171
6.99365,1.77596,1.495,0.280964,0.00951409,0.00120709,0.000208166,0.00070753,1.52109,-0.0377332
6.99951,1.65649,1.48795,0.168545,0.00949544,0.00120476,0.000207764,0.000706626,1.51408,-0.0377494
7.00537,1.59228,1.48095,0.111332,0.00947687,0.00120243,0.000207362,0.000705725,1.50712,-0.0377657
7.01124,1.4241,1.474,-0.0499052,0.00945839,0.00120011,0.000206962,0.000704825,1.50022,-0.0377822
7.0171,1.50003,1.46711,0.0329205,0.00943997,0.0011978,0.000206564,0.000703928,1.49336,-0.0377987
7.02296,1.64839,1.46027,0.188122,0.00942164,0.0011955,0.000206167,0.000703034,1.48655,-0.0378154
7.02882,1.51694,1.45347,0.063465,0.00940338,0.00119321,0.000205772,0.000702141,1.4798,-0.0378321
7.03468,1.45114,1.44673,0.00441123,0.0093852,0.00119093,0.000205378,0.000701251,1.47309,-0.037849
7.04055,1.45687,1.44003,0.0168347,0.00936709,0.00118866,0.000204986,0.000700363,1.46644,-0.037866
7.04641,1.44587,1.43339,0.012485,0.00934906,0.00118639,0.000204595,0.000699478,1.45983,-0.0378831
7.05227,1.44764,1.42679,0.0208522,0.0093311,0.00118414,0.000204206,0.000698594,1.45327,-0.0379003
7.05813,1.37191,1.42024,-0.0483302,0.00931322,0.00118189,0.000203818,0.000697713,1.44676,-0.0379176
7.064,1.59476,1.41373,0.181024,0.00929541,0.00117966,0.000203432,0.000696834,1.44029,-0.037935
7.06986,1.46245,1.40727,0.0551713,0.00927768,0.00117743,0.000203047,0.000695957,1.43387,-0.0379525
7.07572,1.53574,1.40086,0.13488,0.00926001,0.00117521,0.000202663,0.000695083,1.4275,-0.0379702
7.08158,1.50495,1.3945,0.110454,0.00924242,0.001173,0.000202281,0.00069421,1.42117,-0.0379879
7.08745,1.4853,1.38818,0.0971229,0.0092249,0.0011708,0.000201901,0.00069334,1.41489,-0.0380058
7.09331,1.36163,1.3819,-0.0202745,0.00920745,0.00116861,0.000201522,0.000692472,1.40866,-0.0380237
7.09917,1.30833,1.37567,-0.0673438,0.00919008,0.00116642,0.000201144,0.000691606,1.40246,-0.0380418
7.10503,1.29974,1.36948,-0.069744,0.00917277,0.00116424,0.000200767,0.000690743,1.39632,-0.03806
7.11089,1.30075,1.36334,-0.0625886,0.00915553,0.00116208,0.000200392,0.000689881,1.39021,-0.0380783
7.11676,1.2313,1.35724,-0.125943,0.00913836,0.00115992,0.000200019,0.000689021,1.38415,-0.0380967
7.12262,1.31811,1.35118,-0.0330727,0.00912126,0.00115777,0.000199646,0.000688164,1.37813,-0.0381152
7.12848,1.32369,1.34517,-0.0214728,0.00910423,0.00115563,0.000199276,0.000687309,1.37215,-0.0381338
7.13434,1.35539,1.33919,0.0161981,0.00908727,0.00115349,0.000198906,0.000686456,1.36622,-0.0381526
7.14021,1.3169,1.33326,-0.016362,0.00907038,0.00115137,0.000198538,0.000685605,1.36033,-0.0381714
7.14607,1.42234,1.32737,0.0949718,0.00905355,0.00114925,0.000198171,0.000684756,1.35448,-0.0381904
7.15193,1.36072,1.32152,0.0392007,0.00903679,0.00114714,0.000197806,0.000683909,1.34867,-0.0382094
7.15779,1.38204,1.31571,0.0663296,0.00902009,0.00114504,0.000197442,0.000683064,1.3429,-0.0382286
7.16365,1.23812,1.30994,-0.0718198,0.00900346,0.00114294,0.000197079,0.000682222,1.33716,-0.0382479
7.16952,1.25199,1.30421,-0.0522185,0.0089869,0.00114086,0.000196717,0.000681381,1.33147,-0.0382673
7.17538,1.19467,1.29852,-0.103854,0.0089704,0.00113878,0.000196357,0.000680543,1.32582,-0.0382868
7.18124,1.28863,1.29287,-0.00424001,0.00895397,0.00113671,0.000195998,0.000679706,1.32021,-0.0383064
7.1871,1.44939,1.28726,0.162132,0.0089376,0.00113465,0.000195641,0.000678872,1.31464,-0.0383261
7.19297,1.27253,1.28168,-0.00914798,0.0089213,0.00113259,0.000195285,0.000678039,1.3091,-0.038346
7.19883,1.34419,1.27614,0.068047,0.00890506,0.00113055,0.00019493,0.000677209,1.3036,-0.0383659
7.20469,1.17686,1.27064,-0.0937795,0.00888888,0.00112851,0.000194576,0.000676381,1.29814,-0.038386
7.21055,1.33426,1.26518,0.0690833,0.00887277,0.00112648,0.000194223,0.000675554,1.29272,-0.0384061
7.21641,1.28824,1.25975,0.02849,0.00885672,0.00112445,0.000193872,0.00067473,1.28733,-0.0384264
7.22228,1.14976,1.25436,-0.104599,0.00884073,0.00112244,0.000193522,0.000673908,1.28198,-0.0384468
7.22814,1.09957,1.24901,-0.14944,0.0088248,0.00112043,0.000193174,0.000673088,1.27666,-0.0384673
7.234,1.0338,1.24369,-0.20989,0.00880893,0.00111843,0.000192826,0.000672269,1.27139,-0.0384879
7.23986,0.985112,1.23841,-0.253295,0.00879312,0.00111643,0.00019248,0.000671453,1.26614,-0.0385086
7.24573,1.26887,1.23316,0.035713,0.00877738,0.00111445,0.000192135,0.000670639,1.26093,-0.0385294
7.25159,1.19448,1.22795,-0.0334656,0.00876169,0.00111247,0.000191791,0.000669826,1.25576,-0.0385503
7.25745,1.31711,1.22277,0.0943428,0.00874607,0.0011105,0.000191449,0.000669016,1.25062,-0.0385714
7.26331,1.3746,1.21762,0.156973,0.0087305,0.00110853,0.000191108,0.000668207,1.24552,-0.0385925
7.26917,1.332,1.21251,0.119486,0.008715,0.00110657,0.000190768,0.000667401,1.24045,-0.0386138
7.27504,1.37457,1.20743,0.167134,0.00869955,0.00110462,0.000190429,0.000666596,1.23541,-0.0386351
7.2809,1.31596,1.20239,0.113574,0.00868416,0.00110268,0.000190091,0.000665793,1.2304,-0.0386566
7.28676,1.04954,1.19738,-0.147834,0.00866883,0.00110074,0.000189755,0.000664993,1.22543,-0.0386782
7.29262,1.1491,1.1924,-0.043298,0.00865355,0.00109882,0.000189419,0.000664194,1.22049,-0.0386999
7.29849,1.0796,1.18745,-0.107856,0.00863834,0.00109689,0.000189085,0.000663397,1.21559,-0.0387217
7.30435,1.1483,1.18254,-0.0342364,0.00862318,0.00109498,0.000188752,0.000662602,1.21071,-0.0387436
7.31021,1.18456,1.17766,0.00690666,0.00860807,0.00109307,0.00018842,0.000661809,1.20587,-0.0387657
7.31607,1.16796,1.17281,-0.00484281,0.00859303,0.00109117,0.00018809,0.000661017,1.20106,-0.0387878
7.32193,1.14377,1.16799,-0.024218,0.00857804,0.00108928,0.00018776,0.000660228,1.19628,-0.0388101
7.3278,1.01874,1.1632,-0.144455,0.0085631,0.00108739,0.000187432,0.00065944,1.19153,-0.0388324
7.33366,1.22937,1.15844,0.0709306,0.00854822,0.00108551,0.000187105,0.000658655,1.18681,-0.0388549
7.33952,1.19582,1.15371,0.042107,0.0085334,0.00108364,0.000186778,0.000657871,1.18213,-0.0388775
7.34538,1.47921,1.14901,0.3302,0.00851863,0.00108177,0.000186453,0.000657089,1.17747,-0.0389001
7.35125,1.33727,1.14434,0.192926,0.00850392,0.00107991,0.00018613,0.000656309,1.17284,-0.0389229
7.35711,1.24874,1.13971,0.109039,0.00848926,0.00107805,0.000185807,0.000655531,1.16824,-0.0389458
7.36297,1.04496,1.1351,-0.0901371,0.00847465,0.00107621,0.000185485,0.000654755,1.16367,-0.0389689
7.36883,1.08781,1.13052,-0.0427107,0.0084601,0.00107437,0.000185165,0.00065398,1.15913,-0.038992
7.37469,0.988384,1.12596,-0.137581,0.0084456,0.00107253,0.000184845,0.000653207,1.15462,-0.0390152
7.38056,0.952484,1.12144,-0.168958,0.00843115,0.00107071,0.000184527,0.000652436,1.15014,-0.0390386
7.38642,1.08307,1.11695,-0.0338739,0.00841676,0.00106888,0.00018421,0.000651667,1.14569,-0.039062
7.39228,1.19664,1.11248,0.0841544,0.00840241,0.00106707,0.000183894,0.0006509,1.14126,-0.0390856
7.39814,1.19022,1.10804,0.0821725,0.00838812,0.00106526,0.000183579,0.000650134,1.13686,-0.0391093
7.40401,1.08235,1.10363,-0.0212829,0.00837388,0.00106346,0.000183264,0.000649371,1.13249,-0.039133
7.40987,1.12413,1.09925,0.0248829,0.0083597,0.00106166,0.000182952,0.000648609,1.12815,-0.0391569
7.41573,1.01496,1.09489,-0.0799301,0.00834556,0.00105987,0.00018264,0.000647849,1.12384,-0.0391809
7.42159,0.981055,1.09056,-0.109506,0.00833148,0.00105809,0.000182329,0.00064709,1.11955,-0.039205
7.42745,0.997074,1.08626,-0.0891849,0.00831744,0.00105631,0.000182019,0.000646334,1.11529,-0.0392293
7.43332,1.05177,1.08198,-0.0302147,0.00830346,0.00105454,0.00018171,0.000645579,1.11105,-0.0392536
7.43918,1.02008,1.07773,-0.0576476,0.00828952,0.00105278,0.000181403,0.000644826,1.10684,-0.039278
7.44504,1.08745,1.07351,0.0139395,0.00827564,0.00105102,0.000181096,0.000644074,1.10266,-0.0393026
7.4509,1.09885,1.06931,0.0295447,0.0082618,0.00104927,0.00018079,0.000643325,1.0985,-0.0393273
7.45677,1.03573,1.06514,-0.0294029,0.00824802,0.00104752,0.000180486,0.000642577,1.09437,-0.039352
7.46263,1.17616,1.06099,0.115173,0.00823428,0.00104578,0.000180182,0.000641831,1.09026,-0.0393769
7.46849,1.11284,1.05686,0.0559731,0.00822059,0.00104405,0.000179879,0.000641086,1.08618,-0.0394019
7.47435,1.21539,1.05277,0.162625,0.00820695,0.00104232,0.000179578,0.000640344,1.08212,-0.039427
7.48021,1.31992,1.04869,0.27123,0.00819336,0.0010406,0.000179277,0.000639603,1.07809,-0.0394522
7.48608,0.998534,1.04464,-0.0461106,0.00817981,0.00103888,0.000178978,0.000638864,1.07409,-0.0394775
7.49194,1.05419,1.04062,0.0135649,0.00816632,0.00103717,0.000178679,0.000638126,1.0701,-0.039503
7.4978,0.964196,1.03662,-0.0724241,0.00815287,0.00103546,0.000178381,0.00063739,1.06614,-0.0395285
7.50366,0.899684,1.03264,-0.13296,0.00813947,0.00103377,0.000178085,0.000636656,1.06221,-0.0395542
7.50953,1.0161,1.02869,-0.0125915,0.00812611,0.00103207,0.000177789,0.000635923,1.0583,-0.0395799
7.51539,0.991835,1.02476,-0.0329275,0.0081128,0.00103038,0.000177495,0.000635193,1.05441,-0.0396058
7.52125,0.835859,1.02086,-0.184997,0.00809954,0.0010287,0.000177201,0.000634463,1.05055,-0.0396318
7.52711,1.12653,1.01697,0.109557,0.00808632,0.00102703,0.000176908,0.000633736,1.04671,-0.0396579
7.53298,1.12148,1.01311,0.108367,0.00807315,0.00102536,0.000176616,0.00063301,1.04289,-0.0396841
7.53884,0.749784,1.00928,-0.259492,0.00806002,0.00102369,0.000176325,0.000632286,1.03909,-0.0397104
7.5447,0.878984,1.00546,-0.126478,0.00804694,0.00102203,0.000176036,0.000631563,1.03532,-0.0397368
7.55056,0.987108,1.00167,-0.0145611,0.00803391,0.00102038,0.000175747,0.000630842,1.03157,-0.0397633
7.55642,1.00365,0.997899,0.00575387,0.00802091,0.00101873,0.000175459,0.000630123,1.02784,-0.0397899
7.56229,1.04472,0.994151,0.0505671,0.00800797,0.00101709,0.000175172,0.000629406,1.02414,-0.0398167
7.56815,0.943288,0.990425,-0.0471369,0.00799507,0.00101545,0.000174886,0.00062869,1.02045,-0.0398435
7.57401,0.999595,0.98672,0.0128747,0.00798221,0.00101382,0.0001746,0.000627975,1.01679,-0.0398705
7.57987,0.996309,0.983037,0.0132722,0.00796939,0.00101219,0.000174316,0.000627263,1.01315,-0.0398976
7.58574,1.10516,0.979375,0.125786,0.00795662,0.00101057,0.000174033,0.000626551,1.00953,-0.0399248
7.5916,0.98849,0.975735,0.0127551,0.0079439,0.00100896,0.00017375,0.000625842,1.00593,-0.0399521
7.59746,0.990297,0.972115,0.0181819,0.00793121,0.00100735,0.000173469,0.000625134,1.00236,-0.0399795
7.60332,0.957364,0.968516,-0.0111515,0.00791857,0.00100574,0.000173188,0.000624428,0.998801,-0.040007
7.60918,0.955195,0.964937,-0.0097426,0.00790597,0.00100414,0.000172908,0.000623723,0.995265,-0.0400346
7.61505,0.917428,0.96138,-0.0439511,0.00789342,0.00100255,0.00017263,0.00062302,0.99175,-0.0400623
7.62091,0.822143,0.957842,-0.135699,0.0078809,0.00100096,0.000172352,0.000622318,0.988256,-0.0400902
7.62677,0.834242,0.954324,-0.120082,0.00786843,0.000999374,0.000172075,0.000621618,0.984781,-0.0401181
7.63263,0.947773,0.950827,-0.00305374,0.007856,0.000997795,0.000171798,0.00062092,0.981327,-0.0401462
7.6385,0.961809,0.947349,0.0144598,0.00784361,0.000996221,0.000171523,0.000620223,0.977892,-0.0401744
7.64436,1.01098,0.943891,0.0670886,0.00783126,0.000994653,0.000171249,0.000619527,0.974477,-0.0402027
7.65022,1.05371,0.940453,0.113256,0.00781896,0.000993089,0.000170975,0.000618834,0.971082,-0.0402311
7.65608,1.04579,0.937034,0.108754,0.00780669,0.000991531,0.000170702,0.000618141,0.967706,-0.0402596
7.66194,0.984864,0.933634,0.0512299,0.00779447,0.000989978,0.000170431,0.000617451,0.964349,-0.0402882
7.66781,0.932045,0.930253,0.0017925,0.00778228,0.00098843,0.00017016,0.000616762,0.961012,-0.0403169
7.67367,0.838683,0.926891,-0.088208,0.00777014,0.000986886,0.00016989,0.000616074,0.957693,-0.0403457
7.67953,0.926272,0.923547,0.0027241,0.00775803,0.000985348,0.00016962,0.000615388,0.954394,-0.0403747
7.68539,0.903816,0.920223,-0.0164068,0.00774597,0.000983815,0.000169352,0.000614703,0.951113,-0.0404037
7.69126,0.84099,0.916917,-0.0759266,0.00773395,0.000982286,0.000169084,0.00061402,0.94785,-0.0404329
7.69712,1.13468,0.913629,0.221049,0.00772196,0.000980763,0.000168818,0.000613339,0.944606,-0.0404622
7.70298,1.04022,0.910359,0.129863,0.00771002,0.000979244,0.000168552,0.000612659,0.94138,-0.0404915
7.70884,0.772974,0.907107,-0.134133,0.00769811,0.000977731,0.000168287,0.00061198,0.938172,-0.040521
7.7147,0.831946,0.903874,-0.0719277,0.00768624,0.000976222,0.000168023,0.000611303,0.934983,-0.0405506
7.72057,1.00577,0.900658,0.105115,0.00767441,0.000974718,0.000167759,0.000610627,0.931811,-0.0405803
7.72643,0.930423,0.897459,0.0329634,0.00766262,0.000973218,0.000167497,0.000609953,0.928656,-0.0406102
7.73229,1.05247,0.894279,0.158188,0.00765087,0.000971724,0.000167235,0.000609281,0.92552,-0.0406401
7.73815,0.937961,0.891115,0.0468464,0.00763915,0.000970234,0.000166974,0.00060861,0.9224,-0.0406701
7.74402,1.04164,0.887969,0.153673,0.00762748,0.000968749,0.000166714,0.00060794,0.919298,-0.0407003
7.74988,1.13127,0.88484,0.246432,0.00761584,0.000967268,0.000166454,0.000607272,0.916213,-0.0407305
7.75574,0.782006,0.881727,-0.0997213,0.00760424,0.000965793,0.000166196,0.000606605,0.913146,-0.0407609
7.7616,0.961986,0.878632,0.0833539,0.00759267,0.000964321,0.000165938,0.00060594,0.910095,-0.0407914
7.76746,0.916757,0.875553,0.0412035,0.00758115,0.000962855,0.000165681,0.000605276,0.90706,-0.040822
7.77333,0.868666,0.872491,-0.00382489,0.00756966,0.000961393,0.000165425,0.000604614,0.904043,-0.0408527
7.77919,0.70183,0.869446,-0.167616,0.0075582,0.000959936,0.00016517,0.000603953,0.901042,-0.0408835
7.78505,0.674228,0.866416,-0.192188,0.00754679,0.000958483,0.000164915,0.000603293,0.898057,-0.0409144
7.79091,0.672053,0.863403,-0.191351,0.00753541,0.000957035,0.000164661,0.000602635,0.895089,-0.0409454
7.79678,0.85906,0.860406,-0.00134666,0.00752406,0.000955591,0.000164408,0.000601979,0.892137,-0.0409766
7.80264,1.02905,0.857425,0.171621,0.00751275,0.000954152,0.000164156,0.000601323,0.889201,-0.0410078
7.8085,1.02923,0.85446,0.174771,0.00750148,0.000952717,0.000163904,0.00060067,0.886281,-0.0410392
7.81436,1.00792,0.851511,0.156405,0.00749024,0.000951287,0.000163654,0.000600017,0.883376,-0.0410706
7.82022,0.963757,0.848577,0.11518,0.00747904,0.000949861,0.000163404,0.000599366,0.880488,-0.0411022
7.82609,0.736642,0.845659,-0.109016,0.00746788,0.000948439,0.000163154,0.000598717,0.877614,-0.0411339
7.83195,0.719031,0.842756,-0.123725,0.00745675,0.000947022,0.000162906,0.000598069,0.874757,-0.0411657
7.83781,0.82478,0.839868,-0.0150879,0.00744565,0.00094561,0.000162658,0.000597422,0.871914,-0.0411976
7.84367,0.926196,0.836996,0.0891999,0.00743459,0.000944201,0.000162411,0.000596777,0.869087,-0.0412296
7.84954,0.841077,0.834138,0.0069383,0.00742356,0.000942797,0.000162165,0.000596133,0.866275,-0.0412617
7.8554,0.934147,0.831296,0.102851,0.00741257,0.000941397,0.00016192,0.00059549,0.863478,-0.041294
7.86126,0.919414,0.828468,0.0909455,0.00740161,0.000940002,0.000161675,0.000594849,0.860696,-0.0413263
7.86712,1.10186,0.825655,0.27621,0.00739069,0.000938611,0.000161431,0.000594209,0.857929,-0.0413588
7.87298,0.841189,0.822857,0.0183317,0.0073798,0.000937224,0.000161188,0.000593571,0.855176,-0.0413913
7.87885,0.815904,0.820073,-0.0041692,0.00736894,0.000935841,0.000160945,0.000592934,0.852438,-0.041424
7.88471,0.699669,0.817304,-0.117634,0.00735812,0.000934463,0.000160703,0.000592298,0.849715,-0.0414568
7.89057,0.632214,0.814548,-0.182335,0.00734733,0.000933088,0.000160462,0.000591664,0.847005,-0.0414897
7.89643,0.726232,0.811807,-0.085575,0.00733658,0.000931718,0.000160222,0.000591031,0.844311,-0.0415227
7.9023,0.896494,0.809081,0.0874138,0.00732585,0.000930352,0.000159982,0.000590399,0.84163,-0.0415558
7.90816,0.890895,0.806368,0.0845278,0.00731516,0.00092899,0.000159743,0.000589769,0.838963,-0.041589
7.91402,0.839004,0.803669,0.0353355,0.00730451,0.000927632,0.000159505,0.00058914,0.83631,-0.0416223
7.91988,0.809566,0.800983,0.00858289,0.00729388,0.000926278,0.000159267,0.000588512,0.833671,-0.0416558
7.92574,0.761532,0.798312,-0.0367801,0.00728329,0.000924929,0.00015903,0.000587886,0.831046,-0.0416893
7.93161,0.853436,0.795654,0.0577819,0.00727273,0.000923583,0.000158794,0.000587261,0.828435,-0.041723
7.93747,0.718121,0.79301,-0.0748883,0.00726221,0.000922242,0.000158559,0.000586637,0.825837,-0.0417568
7.94333,0.849486,0.790378,0.0591072,0.00725171,0.000920904,0.000158324,0.000586015,0.823252,-0.0417906
7.94919,0.921374,0.787761,0.133613,0.00724125,0.00091957,0.00015809,0.000585394,0.820681,-0.0418246
7.95506,0.8641,0.785156,0.0789441,0.00723082,0.000918241,0.000157857,0.000584774,0.818123,-0.0418587
7.96092,0.735162,0.782565,-0.0474027,0.00722042,0.000916915,0.000157624,0.000584155,0.815579,-0.0418929
7.96678,0.763229,0.779986,-0.0167568,0.00721005,0.000915594,0.000157392,0.000583538,0.813047,-0.0419273
7.97264,0.835015,0.777421,0.0575941,0.00719971,0.000914276,0.000157161,0.000582923,0.810528,-0.0419617
7.97851,0.695456,0.774868,-0.0794116,0.0071894,0.000912962,0.00015693,0.000582308,0.808023,-0.0419962
7.98437,0.723146,0.772328,-0.0491816,0.00717913,0.000911652,0.0001567,0.000581695,0.80553,-0.0420309
7.99023,0.808428,0.769801,0.0386274,0.00716889,0.000910346,0.000156471,0.000581083,0.80305,-0.0420656
7.99609,0.805585,0.767286,0.0382984,0.00715867,0.000909043,0.000156242,0.000580472,0.800582,-0.0421005
8.00195,0.840083,0.764784,0.075299,0.00714849,0.000907745,0.000156014,0.000579863,0.798127,-0.0421355
8.00782,0.907667,0.762294,0.145373,0.00713834,0.00090645,0.000155787,0.000579255,0.795685,-0.0421706
8.01368,0.666797,0.759816,-0.0930196,0.00712821,0.00090516,0.00015556,0.000578648,0.793255,-0.0422058
8.01954,0.712064,0.757351,-0.0452869,0.00711812,0.000903873,0.000155334,0.000578042,0.790837,-0.0422411
8.0254,0.654877,0.754898,-0.100021,0.00710806,0.000902589,0.000155109,0.000577438,0.788431,-0.0422765
8.03127,0.75656,0.752457,0.00410288,0.00709803,0.00090131,0.000154884,0.000576835,0.786038,-0.042312
8.03713,0.771416,0.750027,0.0213886,0.00708803,0.000900034,0.00015466,0.000576233,0.783656,-0.0423477
8.04299,0.719086,0.74761,-0.0285243,0.00707805,0.000898762,0.000154437,0.000575633,0.781287,-0.0423834
8.04885,0.822972,0.745205,0.0777671,0.00706811,0.000897493,0.000154214,0.000575033,0.778929,-0.0424193
8.05471,0.51006,0.742811,-0.232751,0.0070582,0.000896229,0.000153992,0.000574435,0.776583,-0.0424552
8.06058,0.723993,0.740429,-0.0164354,0.00704831,0.000894968,0.00015377,0.000573838,0.774249,-0.0424913
8.06644,0.709795,0.738058,-0.0282633,0.00703846,0.00089371,0.000153549,0.000573243,0.771926,-0.0425275
8.0723,0.764613,0.735699,0.0289139,0.00702863,0.000892456,0.000153329,0.000572649,0.769616,-0.0425638
8.07816,0.797805,0.733351,0.0644544,0.00701883,0.000891206,0.000153109,0.000572055,0.767316,-0.0426002
8.08403,0.649655,0.731015,-0.0813596,0.00700906,0.00088996,0.000152891,0.000571463,0.765028,-0.0426367
8.08989,0.676713,0.728689,-0.0519767,0.00699932,0.000888717,0.000152672,0.000570873,0.762751,-0.0426733
8.09575,0.821929,0.726375,0.0955533,0.00698961,0.000887477,0.000152454,0.000570283,0.760486,-0.0427101
8.10161,0.599619,0.724072,-0.124454,0.00697992,0.000886242,0.000152237,0.000569695,0.758231,-0.0427469
8.10747,0.668422,0.72178,-0.0533583,0.00697027,0.000885009,0.000152021,0.000569108,0.755988,-0.0427839
8.11334,0.698684,0.719499,-0.0208154,0.00696064,0.00088378,0.000151805,0.000568522,0.753756,-0.0428209
8.1192,0.734424,0.717229,0.0171948,0.00695104,0.000882555,0.00015159,0.000567938,0.751534,-0.0428581
8.12506,0.793398,0.71497,0.0784278,0.00694147,0.000881333,0.000151375,0.000567354,0.749324,-0.0428954
8.13092,0.54188,0.712721,-0.170841,0.00693192,0.000880115,0.000151161,0.000566772,0.747124,-0.0429328
8.13679,0.756068,0.710483,0.0455851,0.0069224,0.0008789,0.000150947,0.000566191,0.744935,-0.0429703
8.14265,0.584257,0.708256,-0.123999,0.00691291,0.000877689,0.000150734,0.000565611,0.742757,-0.0430079
8.14851,0.589842,0.706039,-0.116197,0.00690345,0.000876481,0.000150522,0.000565032,0.740589,-0.0430456
8.15437,0.554628,0.703832,-0.149204,0.00689401,0.000875276,0.00015031,0.000564455,0.738432,-0.0430834
8.16023,0.74964,0.701636,0.0480035,0.00688461,0.000874075,0.000150099,0.000563878,0.736285,-0.0431214
8.1661,0.625631,0.69945,-0.0738192,0.00687522,0.000872877,0.000149889,0.000563303,0.734148,-0.0431594
8.17196,0.682902,0.697275,-0.0143723,0.00686587,0.000871683,0.000149679,0.000562729,0.732022,-0.0431976
8.17782,0.607743,0.695109,-0.0873662,0.00685654,0.000870492,0.00014947,0.000562156,0.729906,-0.0432359
8.18368,0.637366,0.692954,-0.0555879,0.00684724,0.000869304,0.000149261,0.000561585,0.727801,-0.0432742
8.18955,0.617829,0.690808,-0.0729796,0.00683796,0.00086812,0.000149053,0.000561014,0.725705,-0.0433127
8.19541,0.553481,0.688673,-0.135192,0.00682871,0.000866939,0.000148845,0.000560445,0.723619,-0.0433513
8.20127,0.732691,0.686548,0.0461432,0.00681949,0.000865761,0.000148638,0.000559877,0.721544,-0.04339
8.20713,0.726136,0.684432,0.0417044,0.00681029,0.000864587,0.000148432,0.00055931,0.719478,-0.0434289
8.21299,0.624142,0.682326,-0.0581839,0.00680112,0.000863415,0.000148226,0.000558744,0.717422,-0.0434678
8.21886,0.616535,0.68023,-0.0636944,0.00679198,0.000862247,0.00014802,0.000558179,0.715376,-0.0435068
8.22472,0.757373,0.678143,0.0792302,0.00678286,0.000861083,0.000147816,0.000557615,0.71334,-0.043546
8.23058,0.69682,0.676066,0.0207541,0.00677376,0.000859921,0.000147611,0.000557053,0.711313,-0.0435852
8.23644,0.718254,0.673998,0.0442557,0.0067647,0.000858763,0.000147408,0.000556491,0.709296,-0.0436246
8.24231,0.581997,0.67194,-0.0899434,0.00675565,0.000857608,0.000147205,0.000555931,0.707288,-0.0436641
8.24817,0.647193,0.669891,-0.0226987,0.00674664,0.000856456,0.000147002,0.000555372,0.70529,-0.0437037
8.25403,0.539401,0.667852,-0.128452,0.00673764,0.000855307,0.0001468,0.000554814,0.703301,-0.0437434
8.25989,0.58382,0.665822,-0.0820015,0.00672868,0.000854162,0.000146599,0.000554257,0.701321,-0.0437832
8.26575,0.620035,0.663801,-0.0437662,0.00671973,0.000853019,0.000146398,0.000553701,0.699351,-0.0438231
8.27162,0.648352,0.661789,-0.0134374,0.00671082,0.00085188,0.000146198,0.000553147,0.69739,-0.0438631
8.27748,0.619804,0.659786,-0.0399826,0.00670192,0.000850744,0.000145998,0.000552593,0.695438,-0.0439032
8.28334,0.804809,0.657793,0.147016,0.00669305,0.000849611,0.000145799,0.000552041,0.693496,-0.0439435
8.2892,0.884916,0.655808,0.229108,0.00668421,0.000848481,0.0001456,0.000551489,0.691562,-0.0439838
8.29507,0.732447,0.653832,0.0786148,0.00667539,0.000847354,0.000145402,0.000550939,0.689637,-0.0440243
8.30093,0.78323,0.651865,0.131365,0.0066666,0.000846231,0.000145204,0.00055039,0.687721,-0.0440649
8.30679,0.602664,0.649907,-0.0472426,0.00665783,0.00084511,0.000145007,0.000549842,0.685814,-0.0441056
8.31265,0.565708,0.647957,-0.0822495,0.00664908,0.000843992,0.000144811,0.000549295,0.683916,-0.0441464
8.31851,0.698453,0.646016,0.0524368,0.00664036,0.000842878,0.000144615,0.000548749,0.682027,-0.0441873
8.32438,0.614916,0.644084,-0.0291679,0.00663166,0.000841766,0.000144419,0.000548204,0.680146,-0.0442283
8.33024,0.498946,0.64216,-0.143215,0.00662298,0.000840657,0.000144224,0.000547661,0.678274,-0.0442694
8.3361,0.673426,0.640245,0.0331809,0.00661433,0.000839552,0.00014403,0.000547118,0.676411,-0.0443106
8.34196,0.725227,0.638339,0.086888,0.0066057,0.000838449,0.000143836,0.000546576,0.674556,-0.044352
8.34783,0.490238,0.63644,-0.146202,0.0065971,0.000837349,0.000143642,0.000546036,0.67271,-0.0443934
8.35369,0.526261,0.63455,-0.108289,0.00658852,0.000836253,0.000143449,0.000545496,0.670872,-0.044435
8.35955,0.637929,0.632669,0.0052603,0.00657996,0.000835159,0.000143257,0.000544958,0.669042,-0.0444767
8.36541,0.681536,0.630795,0.0507407,0.00657143,0.000834068,0.000143065,0.000544421,0.667221,-0.0445185
8.37128,0.541137,0.62893,-0.0877927,0.00656292,0.00083298,0.000142874,0.000543884,0.665408,-0.0445603
8.37714,0.469913,0.627073,-0.15716,0.00655443,0.000831895,0.000142683,0.000543349,0.663603,-0.0446023
8.383,0.486316,0.625224,-0.138908,0.00654596,0.000830813,0.000142493,0.000542815,0.661806,-0.0446445
8.38886,0.546547,0.623383,-0.0768359,0.00653752,0.000829734,0.000142303,0.000542282,0.660018,-0.0446867
8.39472,0.555021,0.62155,-0.066529,0.0065291,0.000828658,0.000142114,0.00054175,0.658238,-0.044729
8.40059,0.570941,0.619725,-0.0487846,0.0065207,0.000827584,0.000141925,0.000541219,0.656465,-0.0447715
8.40645,0.649204,0.617908,0.0312959,0.00651233,0.000826514,0.000141736,0.000540689,0.654701,-0.044814
8.41231,0.662312,0.616099,0.0462134,0.00650398,0.000825446,0.000141549,0.00054016,0.652944,-0.0448567
8.41817,0.683134,0.614297,0.0688365,0.00649565,0.000824381,0.000141361,0.000539632,0.651196,-0.0448994
8.42404,0.604643,0.612504,-0.00786092,0.00648734,0.000823319,0.000141174,0.000539105,0.649455,-0.0449423
8.4299,0.713762,0.610717,0.103045,0.00647905,0.000822259,0.000140988,0.000538579,0.647722,-0.0449853
8.43576,0.740391,0.608939,0.131452,0.00647079,0.000821203,0.000140802,0.000538054,0.645997,-0.0450284
8.44162,0.508171,0.607168,-0.0989969,0.00646255,0.000820149,0.000140617,0.00053753,0.644279,-0.0450716
8.44748,0.465345,0.605405,-0.14006,0.00645433,0.000819098,0.000140432,0.000537007,0.642569,-0.0451149
8.45335,0.636706,0.603649,0.0330565,0.00644613,0.00081805,0.000140248,0.000536486,0.640867,-0.0451584
8.45921,0.646712,0.601901,0.0448109,0.00643796,0.000817004,0.000140064,0.000535965,0.639172,-0.0452019
8.46507,0.613591,0.60016,0.0134313,0.0064298,0.000815962,0.00013988,0.000535445,0.637484,-0.0452455
8.47093,0.540007,0.598426,-0.058419,0.00642167,0.000814922,0.000139697,0.000534926,0.635805,-0.0452893
8.4768,0.536785,0.5967,-0.0599153,0.00641356,0.000813884,0.000139515,0.000534408,0.634132,-0.0453332
8.48266,0.625694,0.594981,0.0307124,0.00640547,0.00081285,0.000139333,0.000533891,0.632467,-0.0453771
8.48852,0.56005,0.59327,-0.0332199,0.0063974,0.000811818,0.000139151,0.000533376,0.630809,-0.0454212
8.49438,0.671242,0.591565,0.0796769,0.00638935,0.000810789,0.00013897,0.000532861,0.629159,-0.0454654
8.50024,0.541994,0.589868,-0.0478733,0.00638132,0.000809762,0.000138789,0.000532347,0.627515,-0.0455097
8.50611,0.621438,0.588177,0.0332604,0.00637332,0.000808738,0.000138609,0.000531834,0.625879,-0.0455542
8.51197,0.637875,0.586494,0.0513806,0.00636533,0.000807717,0.00013843,0.000531322,0.62425,-0.0455987
8.51783,0.49642,0.584818,-0.0883984,0.00635737,0.000806698,0.00013825,0.000530811,0.622628,-0.0456433
8.52369,0.536814,0.583149,-0.0463345,0.00634943,0.000805682,0.000138072,0.000530302,0.621013,-0.0456881
8.52956,0.596857,0.581486,0.0153701,0.0063415,0.000804669,0.000137893,0.000529793,0.619406,-0.0457329
8.53542,0.58933,0.579831,0.00949912,0.0063336,0.000803658,0.000137716,0.000529285,0.617805,-0.0457779
8.54128,0.571357,0.578182,-0.00682567,0.00632572,0.00080265,0.000137538,0.000528778,0.616211,-0.045823
8.54714,0.776674,0.576541,0.200133,0.00631786,0.000801645,0.000137361,0.000528272,0.614624,-0.0458681
8.553,0.412245,0.574906,-0.162661,0.00631002,0.000800642,0.000137185,0.000527767,0.613043,-0.0459134
8.55887,0.553944,0.573277,-0.0193336,0.0063022,0.000799641,0.000137009,0.000527263,0.61147,-0.0459588
8.56473,0.539652,0.571656,-0.0320039,0.0062944,0.000798643,0.000136833,0.00052676,0.609903,-0.0460043
8.57059,0.588105,0.570041,0.0180642,0.00628662,0.000797648,0.000136658,0.000526257,0.608344,-0.04605
8.57645,0.570716,0.568432,0.00228333,0.00627886,0.000796655,0.000136483,0.000525756,0.60679,-0.0460957
8.58232,0.604097,0.566831,0.0372662,0.00627112,0.000795665,0.000136309,0.000525256,0.605244,-0.0461415
8.58818,0.539658,0.565235,-0.0255776,0.0062634,0.000794678,0.000136135,0.000524757,0.603704,-0.0461875
8.59404,0.508043,0.563647,-0.0556035,0.0062557,0.000793692,0.000135962,0.000524258,0.60217,-0.0462336
8.5999,0.544147,0.562064,-0.0179176,0.00624802,0.00079271,0.000135789,0.000523761,0.600644,-0.0462797
8.60576,0.558258,0.560488,-0.00223023,0.00624036,0.000791729,0.000135617,0.000523264,0.599123,-0.046326
8.61163,0.691551,0.558919,0.132633,0.00623272,0.000790752,0.000135445,0.000522769,0.597609,-0.0463724
8.61749,0.65372,0.557355,0.0963646,0.00622509,0.000789776,0.000135273,0.000522274,0.596102,-0.0464189
8.62335,0.511078,0.555798,-0.0447209,0.00621749,0.000788804,0.000135102,0.000521781,0.594601,-0.0464655
8.62921,0.567334,0.554248,0.0130863,0.00620991,0.000787833,0.000134931,0.000521288,0.593106,-0.0465122
8.63508,0.404459,0.552703,-0.148245,0.00620234,0.000786865,0.000134761,0.000520796,0.591618,-0.0465591
8.64094,0.62597,0.551165,0.0748049,0.0061948,0.0007859,0.000134591,0.000520305,0.590135,-0.046606
8.6468,0.545296,0.549633,-0.00433727,0.00618727,0.000784937,0.000134421,0.000519815,0.588659,-0.0466531
8.65266,0.700301,0.548107,0.152194,0.00617976,0.000783976,0.000134252,0.000519326,0.58719,-0.0467002
8.65852,0.441523,0.546587,-0.105064,0.00617228,0.000783018,0.000134084,0.000518838,0.585726,-0.0467475
8.66439,0.591312,0.545073,0.0462387,0.00616481,0.000782062,0.000133916,0.000518351,0.584269,-0.0467949
8.67025,0.599704,0.543565,0.0561395,0.00615736,0.000781109,0.000133748,0.000517864,0.582817,-0.0468424
8.67611,0.594284,0.542063,0.0522207,0.00614992,0.000780158,0.000133581,0.000517379,0.581372,-0.04689
8.68197,0.643301,0.540567,0.102734,0.00614251,0.000779209,0.000133414,0.000516894,0.579933,-0.0469377
8.68784,0.642766,0.539077,0.103689,0.00613512,0.000778263,0.000133247,0.000516411,0.578499,-0.0469855
8.6937,0.610882,0.537593,0.0732892,0.00612774,0.000777319,0.000133081,0.000515928,0.577072,-0.0470334
8.69956,0.432133,0.536114,-0.103982,0.00612038,0.000776377,0.000132915,0.000515446,0.57565,-0.0470814
8.70542,0.526011,0.534642,-0.00863096,0.00611304,0.000775438,0.00013275,0.000514966,0.574235,-0.0471296
8.71128,0.603986,0.533175,0.0708109,0.00610572,0.000774501,0.000132585,0.000514486,0.572825,-0.0471779
8.71715,0.62026,0.531714,0.0885463,0.00609842,0.000773566,0.000132421,0.000514006,0.571421,-0.0472262
8.72301,0.501412,0.530258,-0.0288464,0.00609114,0.000772634,0.000132257,0.000513528,0.570023,-0.0472747
8.72887,0.44682,0.528808,-0.0819882,0.00608387,0.000771704,0.000132093,0.000513051,0.568631,-0.0473233
8.73473,0.583578,0.527364,0.0562135,0.00607662,0.000770776,0.00013193,0.000512574,0.567244,-0.047372
8.7406,0.443093,0.525926,-0.0828329,0.00606939,0.000769851,0.000131767,0.000512099,0.565863,-0.0474208
8.74646,0.281507,0.524493,-0.242986,0.00606218,0.000768927,0.000131604,0.000511624,0.564488,-0.0474697
8.75232,0.491744,0.523065,-0.0313209,0.00605498,0.000768006,0.000131442,0.00051115,0.563118,-0.0475187
8.75818,0.609704,0.521643,0.0880612,0.0060478,0.000767088,0.000131281,0.000510677,0.561754,-0.0475679
8.76404,0.441733,0.520227,-0.0784941,0.00604065,0.000766171,0.000131119,0.000510205,0.560396,-0.0476171
8.76991,0.420119,0.518816,-0.0986966,0.0060335,0.000765257,0.000130958,0.000509734,0.559043,-0.0476665
8.77577,0.584134,0.51741,0.0667237,0.00602638,0.000764345,0.000130798,0.000509264,0.557695,-0.0477159
8.78163,0.636465,0.51601,0.120455,0.00601927,0.000763435,0.000130638,0.000508794,0.556353,-0.0477655
8.78749,0.389049,0.514615,-0.125566,0.00601218,0.000762528,0.000130478,0.000508326,0.555017,-0.0478152
8.79336,0.438248,0.513225,-0.074977,0.00600511,0.000761622,0.000130319,0.000507858,0.553685,-0.047865
8.79922,0.410638,0.511841,-0.101203,0.00599805,0.000760719,0.00013016,0.000507391,0.55236,-0.0479149
8.80508,0.571013,0.510462,0.0605509,0.00599102,0.000759818,0.000130001,0.000506925,0.551039,-0.0479649
8.81094,0.541159,0.509088,0.0320705,0.005984,0.000758919,0.000129843,0.00050646,0.549724,-0.048015
8.81681,0.479134,0.50772,-0.028586,0.00597699,0.000758023,0.000129686,0.000505996,0.548414,-0.0480653
8.82267,0.451143,0.506356,-0.0552134,0.00597001,0.000757128,0.000129528,0.000505532,0.54711,-0.0481156
8.82853,0.431505,0.504998,-0.0734931,0.00596304,0.000756236,0.000129371,0.00050507,0.54581,-0.048166
8.83439,0.488502,0.503645,-0.0151425,0.00595608,0.000755346,0.000129215,0.000504608,0.544516,-0.0482166
8.84025,0.551401,0.502296,0.0491048,0.00594915,0.000754458,0.000129058,0.000504147,0.543227,-0.0482673
8.84612,0.464454,0.500953,-0.0364995,0.00594223,0.000753572,0.000128902,0.000503687,0.541943,-0.0483181
8.85198,0.378022,0.499615,-0.121593,0.00593532,0.000752688,0.000128747,0.000503228,0.540664,-0.048369
8.85784,0.471957,0.498282,-0.0263255,0.00592844,0.000751807,0.000128592,0.000502769,0.539391,-0.04842
8.8637,0.515441,0.496954,0.0184872,0.00592157,0.000750927,0.000128437,0.000502312,0.538122,-0.0484711
8.86957,0.518206,0.495631,0.0225752,0.00591472,0.00075005,0.000128283,0.000501855,0.536859,-0.0485223
8.87543,0.446284,0.494313,-0.0480293,0.00590788,0.000749174,0.000128129,0.000501399,0.5356,-0.0485736
8.88129,0.450382,0.493,-0.0426177,0.00590106,0.000748301,0.000127975,0.000500944,0.534346,-0.0486251
8.88715,0.597804,0.491691,0.106113,0.00589426,0.00074743,0.000127822,0.000500489,0.533098,-0.0486766
8.89301,0.50835,0.490387,0.0179629,0.00588747,0.000746561,0.000127669,0.000500036,0.531854,-0.0487283
8.89888,0.548113,0.489089,0.0590244,0.0058807,0.000745694,0.000127516,0.000499583,0.530615,-0.04878
8.90474,0.588959,0.487795,0.101165,0.00587394,0.000744829,0.000127364,0.000499131,0.529381,-0.0488319
8.9106,0.444902,0.486505,-0.0416033,0.0058672,0.000743966,0.000127212,0.00049868,0.528152,-0.0488839
8.91646,0.465723,0.485221,-0.0194974,0.00586048,0.000743105,0.000127061,0.00049823,0.526928,-0.048936
8.92233,0.457672,0.483941,-0.0262691,0.00585377,0.000742246,0.00012691,0.000497781,0.525708,-0.0489882
8.92819,0.586305,0.482666,0.103639,0.00584708,0.000741389,0.000126759,0.000497332,0.524494,-0.0490405
8.93405,0.371426,0.481395,-0.109969,0.00584041,0.000740535,0.000126608,0.000496884,0.523284,-0.049093
8.93991,0.372396,0.480129,-0.107733,0.00583375,0.000739682,0.000126458,0.000496438,0.522078,-0.0491455
8.94577,0.49214,0.478868,0.0132718,0.0058271,0.000738831,0.000126309,0.000495991,0.520878,-0.0491981
8.95164,0.575191,0.477611,0.0975802,0.00582047,0.000737982,0.000126159,0.000495546,0.519682,-0.0492509
8.9575,0.513873,0.476359,0.0375144,0.00581386,0.000737136,0.00012601,0.000495101,0.51849,-0.0493038
8.96336,0.521541,0.475111,0.0464295,0.00580726,0.000736291,0.000125862,0.000494658,0.517304,-0.0493567
8.96922,0.464774,0.473868,-0.00909369,0.00580068,0.000735448,0.000125713,0.000494215,0.516122,-0.0494098
8.97509,0.332276,0.472629,-0.140353,0.00579412,0.000734607,0.000125566,0.000493772,0.514944,-0.049463
8.98095,0.435084,0.471395,-0.0363111,0.00578757,0.000733768,0.000125418,0.000493331,0.513771,-0.0495163
8.98681,0.427407,0.470165,-0.0427584,0.00578103,0.000732931,0.000125271,0.00049289,0.512603,-0.0495697
8.99267,0.507411,0.46894,0.0384716,0.00577451,0.000732096,0.000125124,0.000492451,0.511439,-0.0496233
8.99853,0.492496,0.467718,0.0247774,0.00576801,0.000731263,0.000124977,0.000492011,0.510279,-0.0496769
9.0044,0.382038,0.466502,-0.0844637,0.00576152,0.000730432,0.000124831,0.000491573,0.509124,-0.0497306
9.01026,0.31599,0.465289,-0.1493,0.00575504,0.000729603,0.000124685,0.000491136,0.507973,-0.0497845
9.01612,0.375913,0.464081,-0.0881678,0.00574858,0.000728776,0.00012454,0.000490699,0.506827,-0.0498385
9.02198,0.392418,0.462877,-0.0704593,0.00574214,0.00072795,0.000124394,0.000490263,0.505685,-0.0498925
9.02785,0.485611,0.461678,0.0239334,0.00573571,0.000727127,0.00012425,0.000489828,0.504548,-0.0499467
9.03371,0.485378,0.460483,0.0248958,0.00572929,0.000726305,0.000124105,0.000489393,0.503414,-0.050001
9.03957,0.549906,0.459291,0.0906146,0.00572289,0.000725486,0.000123961,0.00048896,0.502286,-0.0500554
9.04543,0.543583,0.458104,0.0854785,0.00571651,0.000724668,0.000123817,0.000488527,0.501161,-0.0501099
9.05129,0.387517,0.456922,-0.0694052,0.00571014,0.000723852,0.000123673,0.000488095,0.500041,-0.0501645
9.05716,0.608058,0.455743,0.152315,0.00570378,0.000723038,0.00012353,0.000487663,0.498924,-0.0502193
9.06302,0.588268,0.454569,0.133699,0.00569744,0.000722226,0.000123387,0.000487233,0.497813,-0.0502741
9.06888,0.506083,0.453398,0.0526845,0.00569111,0.000721415,0.000123245,0.000486803,0.496705,-0.0503291
9.07474,0.456347,0.452232,0.00411505,0.0056848,0.000720607,0.000123103,0.000486374,0.495601,-0.0503841
9.08061,0.546837,0.45107,0.0957675,0.0056785,0.0007198,0.000122961,0.000485946,0.494502,-0.0504393
9.08647,0.57918,0.449912,0.129268,0.00567222,0.000718996,0.000122819,0.000485518,0.493407,-0.0504946
9.09233,0.404475,0.448757,-0.0442821,0.00566595,0.000718193,0.000122678,0.000485091,0.492315,-0.05055
9.09819,0.426445,0.447607,-0.0211621,0.0056597,0.000717392,0.000122537,0.000484665,0.491228,-0.0506055
9.10405,0.472643,0.446461,0.026182,0.00565346,0.000716592,0.000122396,0.00048424,0.490145,-0.0506611
9.10992,0.523372,0.445319,0.0780536,0.00564723,0.000715795,0.000122256,0.000483815,0.489066,-0.0507168
9.11578,0.402833,0.44418,-0.041347,0.00564102,0.000714999,0.000122116,0.000483391,0.487992,-0.0507726
9.12164,0.290419,0.443046,-0.152627,0.00563482,0.000714206,0.000121977,0.000482968,0.486921,-0.0508286
9.1275,0.407328,0.441915,-0.0345872,0.00562864,0.000713414,0.000121837,0.000482546,0.485854,-0.0508846
9.13337,0.274874,0.440789,-0.165915,0.00562247,0.000712623,0.000121698,0.000482124,0.484791,-0.0509408
9.13923,0.191735,0.439666,-0.247931,0.00561631,0.000711835,0.00012156,0.000481703,0.483732,-0.0509971
9.14509,0.377203,0.438547,-0.061344,0.00561017,0.000711048,0.000121421,0.000481283,0.482677,-0.0510534
9.15095,0.390944,0.437432,-0.0464875,0.00560404,0.000710263,0.000121283,0.000480864,0.481625,-0.0511099
9.15681,0.439169,0.43632,0.00284847,0.00559793,0.00070948,0.000121146,0.000480445,0.480578,-0.0511665
9.16268,0.53397,0.435213,0.0987573,0.00559183,0.000708699,0.000121008,0.000480027,0.479535,-0.0512232
9.16854,0.494251,0.434109,0.0601417,0.00558574,0.000707919,0.000120871,0.00047961,0.478495,-0.05128
9.1744,0.263565,0.433009,-0.169444,0.00557967,0.000707141,0.000120734,0.000479193,0.477459,-0.051337
9.18026,0.500047,0.431912,0.0681346,0.00557361,0.000706365,0.000120598,0.000478778,0.476427,-0.051394
9.18613,0.426744,0.43082,-0.00407585,0.00556757,0.000705591,0.000120461,0.000478363,0.475399,-0.0514512
9.19199,0.504522,0.429731,0.0747917,0.00556153,0.000704818,0.000120326,0.000477948,0.474374,-0.0515084
9.19785,0.41854,0.428645,-0.0101053,0.00555552,0.000704047,0.00012019,0.000477535,0.473354,-0.0515658
9.20371,0.447932,0.427563,0.0203689,0.00554951,0.000703278,0.000120055,0.000477122,0.472337,-0.0516233
9.20957,0.415209,0.426485,-0.0112765,0.00554352,0.00070251,0.00011992,0.000476709,0.471323,-0.0516808
9.21544,0.360038,0.425411,-0.0653722,0.00553754,0.000701745,0.000119785,0.000476298,0.470314,-0.0517385
9.2213,0.439934,0.42434,0.0155941,0.00553158,0.000700981,0.000119651,0.000475887,0.469308,-0.0517963
9.22716,0.225369,0.423272,-0.197903,0.00552562,0.000700218,0.000119517,0.000475477,0.468306,-0.0518543
9.23302,0.335652,0.422208,-0.0865567,0.00551969,0.000699457,0.000119383,0.000475068,0.467307,-0.0519123
9.23889,0.370769,0.421148,-0.0503792,0.00551376,0.000698698,0.000119249,0.000474659,0.466312,-0.0519704
9.24475,0.400415,0.420091,-0.0196759,0.00550785,0.000697941,0.000119116,0.000474251,0.465321,-0.0520287
9.25061,0.420805,0.419038,0.00176722,0.00550195,0.000697185,0.000118983,0.000473844,0.464333,-0.052087
9.25647,0.237113,0.417988,-0.180874,0.00549606,0.000696431,0.000118851,0.000473437,0.463348,-0.0521455
9.26234,0.231959,0.416941,-0.184982,0.00549019,0.000695679,0.000118719,0.000473031,0.462368,-0.052204
9.2682,0.238296,0.415898,-0.177602,0.00548433,0.000694928,0.000118587,0.000472626,0.461391,-0.0522627
9.27406,0.531435,0.414859,0.116577,0.00547848,0.000694179,0.000118455,0.000472221,0.460417,-0.0523215
9.27992,0.336087,0.413822,-0.077735,0.00547265,0.000693432,0.000118323,0.000471818,0.459447,-0.0523804
9.28578,0.235789,0.41279,-0.177,0.00546683,0.000692686,0.000118192,0.000471414,0.45848,-0.0524394
9.29165,0.262676,0.41176,-0.149084,0.00546102,0.000691942,0.000118061,0.000471012,0.457517,-0.0524986
9.29751,0.350719,0.410734,-0.0600147,0.00545522,0.000691199,0.000117931,0.00047061,0.456557,-0.0525578
9.30337,0.368747,0.409711,-0.0409638,0.00544944,0.000690459,0.000117801,0.000470209,0.4556,-0.0526171
9.30923,0.571383,0.408692,0.162691,0.00544367,0.000689719,0.000117671,0.000469809,0.454647,-0.0526766
9.3151,0.262757,0.407675,-0.144919,0.00543791,0.000688982,0.000117541,0.000469409,0.453698,-0.0527361
9.32096,0.420247,0.406663,0.0135841,0.00543216,0.000688246,0.000117412,0.00046901,0.452752,-0.0527958
9.32682,0.422474,0.405653,0.0168215,0.00542643,0.000687511,0.000117282,0.000468612,0.451809,-0.0528556
9.33268,0.448474,0.404647,0.0438277,0.00542071,0.000686778,0.000117154,0.000468214,0.450869,-0.0529155
9.33854,0.394812,0.403643,-0.00883085,0.005415,0.000686047,0.000117025,0.000467817,0.449933,-0.0529755
9.34441,0.480931,0.402643,0.0782879,0.00540931,0.000685317,0.000116897,0.000467421,0.449,-0.0530356
9.35027,0.276324,0.401647,-0.125323,0.00540362,0.000684589,0.000116769,0.000467025,0.44807,-0.0530958
9.35613,0.370109,0.400653,-0.0305442,0.00539795,0.000683863,0.000116641,0.00046663,0.447144,-0.0531561
9.36199,0.384837,0.399663,-0.0148258,0.00539229,0.000683138,0.000116514,0.000466236,0.446221,-0.0532166
9.36786,0.368372,0.398675,-0.0303036,0.00538665,0.000682415,0.000116386,0.000465842,0.445301,-0.0532771
9.37372,0.322724,0.397691,-0.074967,0.00538101,0.000681693,0.00011626,0.000465449,0.444384,-0.0533378
9.37958,0.322206,0.39671,-0.0745044,0.00537539,0.000680973,0.000116133,0.000465056,0.443471,-0.0533986
9.38544,0.371009,0.395732,-0.0247229,0.00536978,0.000680254,0.000116007,0.000464665,0.442561,-0.0534594
9.3913,0.461705,0.394757,0.0669481,0.00536418,0.000679537,0.000115881,0.000464274,0.441654,-0.0535204
9.39717,0.344072,0.393786,-0.0497138,0.0053586,0.000678821,0.000115755,0.000463883,0.44075,-0.0535815
9.40303,0.355956,0.392817,-0.0368603,0.00535302,0.000678107,0.000115629,0.000463494,0.439849,-0.0536427
9.40889,0.232062,0.391851,-0.159789,0.00534746,0.000677394,0.000115504,0.000463105,0.438952,-0.053704
9.41475,0.133102,0.390888,-0.257787,0.00534191,0.000676683,0.000115379,0.000462716,0.438057,-0.0537655
9.42062,0.153832,0.389929,-0.236097,0.00533637,0.000675974,0.000115254,0.000462328,0.437166,-0.053827
9.42648,0.435334,0.388972,0.0463617,0.00533085,0.000675266,0.00011513,0.000461941,0.436278,-0.0538887
9.43234,0.374685,0.388019,-0.0133336,0.00532533,0.000674559,0.000115006,0.000461555,0.435392,-0.0539504
9.4382,0.429482,0.387068,0.0424139,0.00531983,0.000673854,0.000114882,0.000461169,0.43451,-0.0540123
9.44406,0.369083,0.38612,-0.0170367,0.00531434,0.000673151,0.000114758,0.000460784,0.433631,-0.0540743
9.44993,0.353547,0.385175,-0.0316284,0.00530886,0.000672449,0.000114635,0.000460399,0.432755,-0.0541363
9.45579,0.481316,0.384233,0.0970828,0.00530339,0.000671748,0.000114512,0.000460015,0.431882,-0.0541985
9.46165,0.429914,0.383294,0.0466195,0.00529793,0.000671049,0.000114389,0.000459632,0.431012,-0.0542608
9.46751,0.348934,0.382358,-0.0334243,0.00529249,0.000670352,0.000114266,0.000459249,0.430145,-0.0543233
9.47338,0.276305,0.381425,-0.10512,0.00528706,0.000669656,0.000114144,0.000458867,0.429281,-0.0543858
9.47924,0.508022,0.380495,0.127527,0.00528163,0.000668961,0.000114022,0.000458486,0.42842,-0.0544484
9.4851,0.492074,0.379567,0.112507,0.00527622,0.000668268,0.0001139,0.000458105,0.427562,-0.0545112
9.49096,0.456666,0.378642,0.0780231,0.00527083,0.000667576,0.000113779,0.000457725,0.426707,-0.054574
9.49682,0.322906,0.377721,-0.0548142,0.00526544,0.000666886,0.000113657,0.000457346,0.425854,-0.054637
9.50269,0.300349,0.376802,-0.0764522,0.00526006,0.000666197,0.000113536,0.000456967,0.425005,-0.0547
9.50855,0.180356,0.375885,-0.19553,0.0052547,0.00066551,0.000113416,0.000456589,0.424158,-0.0547632
9.51441,0.280022,0.374972,-0.0949496,0.00524934,0.000664824,0.000113295,0.000456211,0.423315,-0.0548265
9.52027,0.344196,0.374061,-0.0298653,0.005244,0.00066414,0.000113175,0.000455834,0.422474,-0.0548899
9.52614,0.345103,0.373153,-0.0280498,0.00523867,0.000663457,0.000113055,0.000455458,0.421636,-0.0549534
9.532,0.446201,0.372248,0.0739528,0.00523335,0.000662775,0.000112935,0.000455082,0.420801,-0.0550171
9.53786,0.421768,0.371346,0.0504223,0.00522804,0.000662095,0.000112816,0.000454707,0.419969,-0.0550808
9.54372,0.514039,0.370446,0.143593,0.00522274,0.000661416,0.000112696,0.000454332,0.419139,-0.0551446
9.54958,0.383387,0.369549,0.0138379,0.00521746,0.000660739,0.000112577,0.000453959,0.418313,-0.0552086
9.55545,0.416251,0.368654,0.0475962,0.00521218,0.000660063,0.000112459,0.000453585,0.417489,-0.0552726
9.56131,0.288447,0.367763,-0.0793161,0.00520692,0.000659389,0.00011234,0.000453213,0.416668,-0.0553368
9.56717,0.287383,0.366874,-0.0794908,0.00520166,0.000658716,0.000112222,0.000452841,0.415849,-0.0554011
9.57303,0.342071,0.365987,-0.0239161,0.00519642,0.000658044,0.000112104,0.000452469,0.415034,-0.0554655
9.5789,0.444121,0.365103,0.0790175,0.00519119,0.000657374,0.000111986,0.000452098,0.414221,-0.05553
9.58476,0.460936,0.364222,0.0967136,0.00518597,0.000656705,0.000111869,0.000451728,0.413411,-0.0555946
9.59062,0.445061,0.363344,0.0817167,0.00518076,0.000656037,0.000111751,0.000451358,0.412603,-0.0556593
9.59648,0.467359,0.362468,0.104891,0.00517556,0.000655371,0.000111634,0.000450989,0.411798,-0.0557241
9.60234,0.236541,0.361595,-0.125053,0.00517037,0.000654706,0.000111518,0.000450621,0.410996,-0.0557891
9.60821,0.294139,0.360724,-0.0665844,0.00516519,0.000654043,0.000111401,0.000450253,0.410197,-0.0558541
9.61407,0.507728,0.359856,0.147872,0.00516002,0.000653381,0.000111285,0.000449886,0.4094,-0.0559193
9.61993,0.465514,0.35899,0.106524,0.00515486,0.00065272,0.000111169,0.000449519,0.408606,-0.0559846
9.62579,0.371332,0.358127,0.013205,0.00514972,0.000652061,0.000111053,0.000449153,0.407815,-0.0560499
9.63166,0.418908,0.357266,0.0616417,0.00514458,0.000651403,0.000110937,0.000448788,0.407026,-0.0561154
9.63752,0.316061,0.356408,-0.0403471,0.00513946,0.000650746,0.000110822,0.000448423,0.40624,-0.056181
9.64338,0.509409,0.355553,0.153856,0.00513434,0.000650091,0.000110707,0.000448059,0.405456,-0.0562467
9.64924,0.35126,0.354699,-0.00343938,0.00512924,0.000649437,0.000110592,0.000447695,0.404675,-0.0563125
9.65511,0.432009,0.353849,0.0781606,0.00512415,0.000648785,0.000110477,0.000447332,0.403897,-0.0563785
9.66097,0.343706,0.353001,-0.00929484,0.00511906,0.000648134,0.000110363,0.00044697,0.403121,-0.0564445
9.66683,0.36013,0.352155,0.00797504,0.00511399,0.000647484,0.000110249,0.000446608,0.402347,-0.0565106
9.67269,0.366202,0.351312,0.0148901,0.00510893,0.000646835,0.000110135,0.000446246,0.401577,-0.0565769
9.67855,0.398985,0.350471,0.0485136,0.00510387,0.000646188,0.000110021,0.000445886,0.400808,-0.0566433
9.68442,0.286809,0.349633,-0.0628231,0.00509883,0.000645542,0.000109908,0.000445526,0.400042,-0.0567097
9.69028,0.355434,0.348797,0.00663733,0.0050938,0.000644897,0.000109795,0.000445166,0.399279,-0.0567763
9.69614,0.394462,0.347963,0.0464991,0.00508878,0.000644254,0.000109682,0.000444807,0.398518,-0.056843
9.702,0.407121,0.347132,0.0599897,0.00508377,0.000643612,0.000109569,0.000444449,0.39776,-0.0569098
9.70787,0.162951,0.346303,-0.183352,0.00507877,0.000642971,0.000109457,0.000444091,0.397004,-0.0569767
9.71373,0.478541,0.345476,0.133065,0.00507377,0.000642332,0.000109344,0.000443734,0.396251,-0.0570438
9.71959,0.41414,0.344652,0.0694881,0.00506879,0.000641694,0.000109232,0.000443377,0.3955,-0.0571109
9.72545,0.366417,0.34383,0.0225861,0.00506382,0.000641057,0.00010912,0.000443021,0.394752,-0.0571781
9.73131,0.261009,0.343011,-0.082002,0.00505886,0.000640421,0.000109009,0.000442665,0.394006,-0.0572455
9.73718,0.262773,0.342194,-0.0794209,0.00505391,0.000639787,0.000108897,0.00044231,0.393262,-0.057313
9.74304,0.155261,0.341379,-0.186118,0.00504897,0.000639154,0.000108786,0.000441956,0.392521,-0.0573805
9.7489,0.23162,0.340566,-0.108946,0.00504404,0.000638522,0.000108675,0.000441602,0.391782,-0.0574482
9.75476,0.26948,0.339756,-0.0702757,0.00503912,0.000637892,0.000108565,0.000441249,0.391045,-0.057516
9.76063,0.324142,0.338948,-0.0148062,0.0050342,0.000637262,0.000108454,0.000440896,0.390311,-0.0575839
9.76649,0.194717,0.338142,-0.143425,0.0050293,0.000636635,0.000108344,0.000440544,0.38958,-0.0576519
9.77235,0.312753,0.337339,-0.0245858,0.00502441,0.000636008,0.000108234,0.000440192,0.38885,-0.05772
9.77821,0.275877,0.336538,-0.060661,0.00501953,0.000635382,0.000108124,0.000439841,0.388123,-0.0577883
9.78407,0.202813,0.335739,-0.132926,0.00501466,0.000634758,0.000108015,0.000439491,0.387398,-0.0578566
9.78994,0.30802,0.334942,-0.0269219,0.00500979,0.000634135,0.000107905,0.000439141,0.386676,-0.0579251
9.7958,0.35695,0.334147,0.0228029,0.00500494,0.000633514,0.000107796,0.000438791,0.385956,-0.0579936
9.80166,0.363292,0.333355,0.0299374,0.0050001,0.000632893,0.000107687,0.000438443,0.385238,-0.0580623
9.80752,0.183197,0.332565,-0.149368,0.00499526,0.000632274,0.000107579,0.000438094,0.384523,-0.0581311
9.81339,0.0450029,0.331777,-0.286774,0.00499044,0.000631656,0.00010747,0.000437747,0.38381,-0.0582
9.81925,0.145265,0.330991,-0.185726,0.00498563,0.000631039,0.000107362,0.0004374,0.383099,-0.058269
9.82511,0.256934,0.330207,-0.0732731,0.00498082,0.000630424,0.000107254,0.000437053,0.38239,-0.0583381
9.83097,0.281231,0.329426,-0.0481953,0.00497602,0.000629809,0.000107146,0.000436707,0.381684,-0.0584073
9.83683,0.286694,0.328647,-0.0419524,0.00497124,0.000629196,0.000107038,0.000436361,0.380979,-0.0584766
9.8427,0.134242,0.327869,-0.193628,0.00496646,0.000628584,0.000106931,0.000436016,0.380277,-0.0585461
9.84856,0.289292,0.327094,-0.0378023,0.0049617,0.000627974,0.000106824,0.000435672,0.379578,-0.0586156
9.85442,0.427031,0.326321,0.10071,0.00495694,0.000627364,0.000106717,0.000435328,0.37888,-0.0586853
9.86028,0.46742,0.32555,0.14187,0.00495219,0.000626756,0.00010661,0.000434985,0.378185,-0.058755
9.86615,0.259515,0.324781,-0.0652667,0.00494745,0.000626149,0.000106504,0.000434642,0.377492,-0.0588249
9.87201,0.273737,0.324015,-0.0502775,0.00494272,0.000625543,0.000106397,0.0004343,0.376801,-0.0588949
9.87787,0.418832,0.32325,0.0955821,0.004938,0.000624938,0.000106291,0.000433958,0.376112,-0.058965
9.88373,0.338169,0.322488,0.0156811,0.00493329,0.000624335,0.000106185,0.000433617,0.375425,-0.0590352
9.88959,0.345543,0.321727,0.023816,0.00492859,0.000623733,0.00010608,0.000433276,0.374741,-0.0591055
9.89546,0.44605,0.320968,0.125081,0.00492389,0.000623131,0.000105974,0.000432936,0.374058,-0.0591759
9.90132,0.374394,0.320212,0.054182,0.00491921,0.000622532,0.000105869,0.000432597,0.373378,-0.0592465
9.90718,0.302176,0.319458,-0.0172821,0.00491454,0.000621933,0.000105764,0.000432258,0.3727,-0.0593171
9.91304,0.173961,0.318705,-0.144744,0.00490987,0.000621335,0.000105659,0.000431919,0.372024,-0.0593879
9.91891,0.0910685,0.317955,-0.226886,0.00490521,0.000620739,0.000105554,0.000431581,0.37135,-0.0594587
9.92477,0.234116,0.317206,-0.0830905,0.00490057,0.000620143,0.00010545,0.000431244,0.370679,-0.0595297
9.93063,0.342819,0.31646,0.0263587,0.00489593,0.000619549,0.000105346,0.000430907,0.370009,-0.0596008
9.93649,0.242241,0.315716,-0.0734748,0.0048913,0.000618956,0.000105242,0.00043057,0.369341,-0.059672
9.94235,0.2701,0.314973,-0.0448728,0.00488668,0.000618365,0.000105138,0.000430234,0.368676,-0.0597433
9.94822,0.234709,0.314233,-0.0795238,0.00488207,0.000617774,0.000105034,0.000429899,0.368012,-0.0598147
9.95408,0.23431,0.313494,-0.0791838,0.00487747,0.000617184,0.000104931,0.000429564,0.367351,-0.0598862
9.95994,0.130295,0.312757,-0.182463,0.00487287,0.000616596,0.000104828,0.00042923,0.366692,-0.0599579
9.9658,0.174273,0.312023,-0.137749,0.00486829,0.000616009,0.000104725,0.000428896,0.366034,-0.0600296
9.97167,0.285554,0.31129,-0.0257362,0.00486371,0.000615423,0.000104622,0.000428563,0.365379,-0.0601015
9.97753,0.340167,0.310559,0.0296076,0.00485915,0.000614838,0.000104519,0.00042823,0.364726,-0.0601734
9.98339,0.202409,0.30983,-0.107421,0.00485459,0.000614254,0.000104417,0.000427898,0.364075,-0.0602455
9.98925,0.327132,0.309103,0.0180288,0.00485004,0.000613671,0.000104315,0.000427566,0.363425,-0.0603177
9.99511,0.412441,0.308378,0.104063,0.0048455,0.000613089,0.000104212,0.000427235,0.362778,-0.06039
10.001,0.213248,0.307655,-0.094407,0.00484097,0.000612509,0.000104111,0.000426904,0.362133,-0.0604624
10.0068,0.481114,0.306934,0.174181,0.00483644,0.00061193,0.000104009,0.000426574,0.361489,-0.0605349
10.0127,0.391157,0.306214,0.0849433,0.00483193,0.000611351,0.000103908,0.000426244,0.360848,-0.0606075
10.0186,0.345558,0.305496,0.0400612,0.00482742,0.000610774,0.000103806,0.000425915,0.360209,-0.0606802
10.0244,0.271397,0.304781,-0.033384,0.00482293,0.000610198,0.000103705,0.000425586,0.359571,-0.0607531
10.0303,0.38588,0.304067,0.0818132,0.00481844,0.000609623,0.000103605,0.000425258,0.358936,-0.060826
10.0362,0.133497,0.303355,-0.169857,0.00481396,0.000609049,0.000103504,0.00042493,0.358302,-0.0608991
10.042,0.203415,0.302644,-0.0992297,0.00480949,0.000608477,0.000103404,0.000424603,0.357671,-0.0609722
10.0479,0.188449,0.301936,-0.113487,0.00480502,0.000607905,0.000103303,0.000424277,0.357041,-0.0610455
10.0537,0.298827,0.301229,-0.00240257,0.00480057,0.000607335,0.000103203,0.000423951,0.356413,-0.0611189
10.0596,0.273104,0.300524,-0.0274203,0.00479612,0.000606765,0.000103103,0.000423625,0.355787,-0.0611924
10.0655,0.360047,0.299821,0.060226,0.00479168,0.000606197,0.000103004,0.0004233,0.355163,-0.061266
10.0713,0.379253,0.29912,0.0801334,0.00478726,0.000605629,0.000102904,0.000422975,0.354541,-0.0613397
10.0772,0.244705,0.29842,-0.053715,0.00478283,0.000605063,0.000102805,0.000422651,0.353921,-0.0614136
10.083,0.276832,0.297723,-0.0208909,0.00477842,0.000604498,0.000102706,0.000422327,0.353302,-0.0614875
10.0889,0.335339,0.297027,0.0383125,0.00477402,0.000603934,0.000102607,0.000422004,0.352686,-0.0615616
10.0948,0.353066,0.296333,0.0567334,0.00476962,0.000603371,0.000102508,0.000421681,0.352071,-0.0616357
10.1006,0.217246,0.29564,-0.0783945,0.00476523,0.000602809,0.00010241,0.000421359,0.351458,-0.06171
10.1065,0.190945,0.294949,-0.104004,0.00476086,0.000602248,0.000102311,0.000421037,0.350847,-0.0617844
10.1124,0.25042,0.29426,-0.0438402,0.00475648,0.000601688,0.000102213,0.000420716,0.350238,-0.0618588
10.1182,0.153014,0.293573,-0.140559,0.00475212,0.00060113,0.000102115,0.000420396,0.349631,-0.0619334
10.1241,0.302281,0.292888,0.00939332,0.00474777,0.000600572,0.000102018,0.000420075,0.349025,-0.0620081
10.1299,0.277114,0.292204,-0.0150893,0.00474342,0.000600015,0.00010192,0.000419756,0.348422,-0.062083
10.1358,0.334435,0.291522,0.0429138,0.00473908,0.00059946,0.000101823,0.000419436,0.34782,-0.0621579
10.1417,0.348888,0.290841,0.0580472,0.00473475,0.000598905,0.000101725,0.000419118,0.34722,-0.0622329
10.1475,0.320438,0.290162,0.0302756,0.00473043,0.000598351,0.000101628,0.000418799,0.346621,-0.0623081
10.1534,0.374347,0.289485,0.0848615,0.00472612,0.000597799,0.000101532,0.000418481,0.346025,-0.0623833
10.1593,0.376253,0.28881,0.0874436,0.00472181,0.000597248,0.000101435,0.000418164,0.34543,-0.0624587
10.1651,0.348256,0.288136,0.0601203,0.00471751,0.000596697,0.000101338,0.000417847,0.344837,-0.0625342
10.171,0.167375,0.287464,-0.120089,0.00471322,0.000596148,0.000101242,0.000417531,0.344246,-0.0626097
10.1768,0.0755501,0.286794,-0.211243,0.00470894,0.000595599,0.000101146,0.000417215,0.343656,-0.0626854
10.1827,0.146598,0.286125,-0.139527,0.00470467,0.000595052,0.00010105,0.0004169,0.343068,-0.0627612
10.1886,0.317079,0.285458,0.031622,0.0047004,0.000594506,0.000100954,0.000416585,0.342482,-0.0628372
10.1944,0.34751,0.284792,0.0627176,0.00469614,0.00059396,0.000100859,0.00041627,0.341898,-0.0629132
10.2003,0.286786,0.284128,0.00265801,0.00469189,0.000593416,0.000100763,0.000415956,0.341315,-0.0629893
10.2062,0.334515,0.283466,0.0510489,0.00468765,0.000592873,0.000100668,0.000415643,0.340734,-0.0630656
10.212,0.148393,0.282805,-0.134412,0.00468342,0.00059233,0.000100573,0.00041533,0.340155,-0.0631419
10.2179,0.0451866,0.282146,-0.236959,0.00467919,0.000591789,0.000100478,0.000415017,0.339578,-0.0632184
10.2237,0.260999,0.281488,-0.0204894,0.00467497,0.000591249,0.000100384,0.000414705,0.339002,-0.0632949
10.2296,0.255249,0.280832,-0.0255831,0.00467076,0.00059071,0.000100289,0.000414393,0.338428,-0.0633716
10.2355,0.197897,0.280178,-0.0822811,0.00466656,0.000590171,0.000100195,0.000414082,0.337856,-0.0634484
10.2413,0.240603,0.279525,-0.0389219,0.00466236,0.000589634,0.000100101,0.000413771,0.337285,-0.0635253
10.2472,0.433921,0.278874,0.155047,0.00465817,0.000589098,0.000100007,0.000413461,0.336716,-0.0636023
10.2531,0.290717,0.278224,0.0124929,0.00465399,0.000588563,9.9913e-05,0.000413151,0.336148,-0.0636794
10.2589,0.232081,0.277576,-0.0454956,0.00464982,0.000588028,9.98194e-05,0.000412842,0.335583,-0.0637567
10.2648,0.280097,0.27693,0.00316681,0.00464566,0.000587495,9.9726e-05,0.000412533,0.335018,-0.063834
10.2706,0.382256,0.276285,0.105971,0.0046415,0.000586963,9.96327e-05,0.000412225,0.334456,-0.0639115
10.2765,0.121986,0.275641,-0.153655,0.00463735,0.000586431,9.95396e-05,0.000411917,0.333895,-0.063989
10.2824,0.254104,0.274999,-0.0208951,0.00463321,0.000585901,9.94467e-05,0.000411609,0.333336,-0.0640667
10.2882,0.291729,0.274359,0.0173702,0.00462907,0.000585371,9.9354e-05,0.000411302,0.332778,-0.0641445
10.2941,0.675095,0.27372,0.401375,0.00462495,0.000584843,9.92614e-05,0.000410996,0.332222,-0.0642224
10.3,0.598919,0.273082,0.325837,0.00462083,0.000584316,9.9169e-05,0.00041069,0.331668,-0.0643004
10.3058,0.326626,0.272447,0.0541797,0.00461672,0.000583789,9.90768e-05,0.000410384,0.331115,-0.0643785
10.3117,0.433733,0.271812,0.161921,0.00461261,0.000583263,9.89847e-05,0.000410079,0.330564,-0.0644567
10.3175,0.318297,0.271179,0.0471183,0.00460851,0.000582739,9.88929e-05,0.000409774,0.330014,-0.064535
10.3234,0.32466,0.270548,0.0541122,0.00460443,0.000582215,9.88011e-05,0.00040947,0.329466,-0.0646134
10.3293,0.408784,0.269918,0.138866,0.00460034,0.000581693,9.87096e-05,0.000409166,0.32892,-0.064692
10.3351,0.313236,0.269289,0.0439468,0.00459627,0.000581171,9.86182e-05,0.000408863,0.328375,-0.0647707
10.341,0.349182,0.268662,0.0805195,0.0045922,0.00058065,9.8527e-05,0.00040856,0.327832,-0.0648494
10.3468,0.149116,0.268036,-0.11892,0.00458814,0.00058013,9.8436e-05,0.000408257,0.32729,-0.0649283
10.3527,0.351981,0.267412,0.0845685,0.00458409,0.000579611,9.83451e-05,0.000407955,0.32675,-0.0650073
10.3586,0.276498,0.26679,0.00970816,0.00458004,0.000579093,9.82544e-05,0.000407654,0.326211,-0.0650864
10.3644,0.433749,0.266168,0.167581,0.00457601,0.000578576,9.81639e-05,0.000407352,0.325674,-0.0651656
10.3703,0.324321,0.265548,0.0587727,0.00457198,0.00057806,9.80735e-05,0.000407052,0.325138,-0.0652449
10.3762,0.315136,0.26493,0.0502066,0.00456795,0.000577545,9.79833e-05,0.000406751,0.324604,-0.0653243
10.382,0.208679,0.264313,-0.0556342,0.00456394,0.000577031,9.78933e-05,0.000406452,0.324071,-0.0654039
10.3879,0.306198,0.263697,0.0425003,0.00455993,0.000576518,9.78034e-05,0.000406152,0.32354,-0.0654835
10.3937,0.207638,0.263083,-0.0554449,0.00455593,0.000576005,9.77137e-05,0.000405853,0.323011,-0.0655633
10.3996,0.233204,0.26247,-0.029266,0.00455193,0.000575494,9.76241e-05,0.000405555,0.322483,-0.0656431
10.4055,0.191556,0.261859,-0.0703028,0.00454794,0.000574983,9.75348e-05,0.000405257,0.321956,-0.0657231
10.4113,0.252794,0.261249,-0.00845435,0.00454396,0.000574474,9.74456e-05,0.000404959,0.321431,-0.0658032
10.4172,0.308371,0.26064,0.0477306,0.00453999,0.000573965,9.73565e-05,0.000404662,0.320908,-0.0658834
10.4231,0.359238,0.260033,0.0992049,0.00453603,0.000573457,9.72676e-05,0.000404365,0.320385,-0.0659637
10.4289,0.264824,0.259427,0.00539753,0.00453207,0.000572951,9.71789e-05,0.000404069,0.319865,-0.0660441
10.4348,0.154044,0.258822,-0.104778,0.00452811,0.000572445,9.70903e-05,0.000403773,0.319346,-0.0661246
10.4406,0.182539,0.258219,-0.0756798,0.00452417,0.00057194,9.70019e-05,0.000403477,0.318828,-0.0662052
10.4465,0.266738,0.257617,0.00912015,0.00452023,0.000571435,9.69136e-05,0.000403182,0.318312,-0.066286
10.4524,0.278273,0.257017,0.0212559,0.0045163,0.000570932,9.68256e-05,0.000402888,0.317797,-0.0663668
10.4582,0.155105,0.256418,-0.101312,0.00451238,0.00057043,9.67376e-05,0.000402594,0.317283,-0.0664478
10.4641,0.213024,0.25582,-0.0427965,0.00450846,0.000569928,9.66499e-05,0.0004023,0.316772,-0.0665289
10.47,0.202476,0.255224,-0.052747,0.00450455,0.000569428,9.65623e-05,0.000402007,0.316261,-0.0666101
10.4758,0.266312,0.254628,0.0116835,0.00450065,0.000568928,9.64748e-05,0.000401714,0.315752,-0.0666913
10.4817,0.379549,0.254035,0.125515,0.00449675,0.000568429,9.63875e-05,0.000401421,0.315244,-0.0667727
10.4875,0.244694,0.253442,-0.00874791,0.00449286,0.000567931,9.63004e-05,0.000401129,0.314738,-0.0668543
10.4934,0.159816,0.252851,-0.093035,0.00448898,0.000567434,9.62134e-05,0.000400838,0.314233,-0.0669359
10.4993,0.218459,0.252261,-0.0338014,0.00448511,0.000566938,9.61266e-05,0.000400546,0.31373,-0.0670176
10.5051,0.220238,0.251672,-0.0314345,0.00448124,0.000566443,9.60399e-05,0.000400256,0.313228,-0.0670994
10.511,0.0757326,0.251085,-0.175352,0.00447738,0.000565949,9.59534e-05,0.000399965,0.312727,-0.0671814
10.5169,0.161867,0.250499,-0.088632,0.00447352,0.000565455,9.5867e-05,0.000399675,0.312228,-0.0672635
10.5227,0.224041,0.249914,-0.0258733,0.00446967,0.000564963,9.57808e-05,0.000399386,0.31173,-0.0673456
10.5286,0.310093,0.249331,0.0607622,0.00446583,0.000564471,9.56948e-05,0.000399097,0.311234,-0.0674279
10.5344,0.117879,0.248748,-0.130869,0.004462,0.00056398,9.56089e-05,0.000398808,0.310738,-0.0675103
10.5403,0.193532,0.248168,-0.0546359,0.00445817,0.00056349,9.55231e-05,0.00039852,0.310245,-0.0675928
10.5462,0.171879,0.247588,-0.0757092,0.00445435,0.000563001,9.54376e-05,0.000398232,0.309752,-0.0676754
10.552,0.24146,0.247009,-0.00554957,0.00445053,0.000562513,9.53521e-05,0.000397945,0.309261,-0.0677581
10.5579,0.320501,0.246432,0.0740682,0.00444673,0.000562025,9.52668e-05,0.000397658,0.308772,-0.0678409
10.5638,0.253377,0.245856,0.00752018,0.00444293,0.000561539,9.51817e-05,0.000397371,0.308283,-0.0679239
10.5696,0.279882,0.245282,0.0346006,0.00443913,0.000561053,9.50967e-05,0.000397085,0.307796,-0.0680069
10.5755,0.323466,0.244708,0.0787582,0.00443534,0.000560568,9.50119e-05,0.000396799,0.307311,-0.0680901
10.5813,0.237818,0.244136,-0.00631751,0.00443156,0.000560084,9.49272e-05,0.000396514,0.306826,-0.0681733
10.5872,0.143889,0.243565,-0.0996763,0.00442779,0.000559601,9.48427e-05,0.000396229,0.306343,-0.0682567
10.5931,0.290674,0.242995,0.0476793,0.00442402,0.000559118,9.47583e-05,0.000395944,0.305862,-0.0683402
10.5989,0.218421,0.242427,-0.0240057,0.00442026,0.000558637,9.46741e-05,0.00039566,0.305381,-0.0684238
10.6048,0.398713,0.241859,0.156854,0.0044165,0.000558156,9.459e-05,0.000395376,0.304902,-0.0685075
10.6106,0.292398,0.241293,0.0511048,0.00441275,0.000557676,9.45061e-05,0.000395093,0.304424,-0.0685913
10.6165,0.34049,0.240728,0.0997624,0.00440901,0.000557197,9.44223e-05,0.00039481,0.303948,-0.0686752
10.6224,0.176979,0.240164,-0.063185,0.00440528,0.000556719,9.43387e-05,0.000394528,0.303473,-0.0687593
10.6282,0.249553,0.239602,0.00995085,0.00440155,0.000556242,9.42552e-05,0.000394245,0.302999,-0.0688434
10.6341,0.272028,0.23904,0.0329873,0.00439782,0.000555765,9.41719e-05,0.000393964,0.302526,-0.0689277
10.64,0.323149,0.23848,0.0846687,0.00439411,0.00055529,9.40887e-05,0.000393682,0.302055,-0.069012
10.6458,0.238161,0.237921,0.00024007,0.0043904,0.000554815,9.40057e-05,0.000393401,0.301585,-0.0690965
10.6517,0.326436,0.237363,0.089073,0.00438669,0.000554341,9.39228e-05,0.000393121,0.301116,-0.0691811
10.6575,0.190422,0.236806,-0.0463843,0.004383,0.000553868,9.384e-05,0.000392841,0.300649,-0.0692658
10.6634,0.166995,0.236251,-0.0692554,0.00437931,0.000553395,9.37574e-05,0.000392561,0.300182,-0.0693506
10.6693,0.0953423,0.235696,-0.140354,0.00437562,0.000552924,9.3675e-05,0.000392282,0.299717,-0.0694355
10.6751,0.163225,0.235143,-0.0719178,0.00437194,0.000552453,9.35926e-05,0.000392003,0.299254,-0.0695205
10.681,0.212319,0.234591,-0.0222722,0.00436827,0.000551983,9.35105e-05,0.000391724,0.298791,-0.0696057
10.6869,0.349198,0.23404,0.115158,0.00436461,0.000551514,9.34284e-05,0.000391446,0.29833,-0.0696909
10.6927,0.171677,0.23349,-0.0618133,0.00436095,0.000551046,9.33466e-05,0.000391169,0.29787,-0.0697763
10.6986,0.114589,0.232942,-0.118352,0.0043573,0.000550578,9.32648e-05,0.000390891,0.297411,-0.0698617
10.7044,0.275037,0.232394,0.0426432,0.00435365,0.000550111,9.31832e-05,0.000390614,0.296954,-0.0699473
10.7103,0.177399,0.231848,-0.054449,0.00435001,0.000549646,9.31018e-05,0.000390338,0.296497,-0.070033
10.7162,0.270766,0.231302,0.0394642,0.00434637,0.00054918,9.30204e-05,0.000390062,0.296042,-0.0701188
10.722,0.205172,0.230758,-0.0255862,0.00434275,0.000548716,9.29393e-05,0.000389786,0.295588,-0.0702047
10.7279,0.317582,0.230215,0.0873667,0.00433912,0.000548253,9.28582e-05,0.00038951,0.295136,-0.0702907
10.7338,0.343574,0.229673,0.113901,0.00433551,0.00054779,9.27774e-05,0.000389235,0.294684,-0.0703768
10.7396,0.167012,0.229132,-0.0621202,0.0043319,0.000547328,9.26966e-05,0.000388961,0.294234,-0.070463
10.7455,0.161279,0.228592,-0.0673135,0.0043283,0.000546867,9.2616e-05,0.000388687,0.293785,-0.0705494
10.7513,0.279933,0.228053,0.05188,0.0043247,0.000546406,9.25355e-05,0.000388413,0.293337,-0.0706358
10.7572,0.319331,0.227516,0.0918148,0.00432111,0.000545947,9.24552e-05,0.000388139,0.29289,-0.0707224
10.7631,0.200052,0.226979,-0.0269271,0.00431752,0.000545488,9.2375e-05,0.000387866,0.292445,-0.070809
10.7689,0.236301,0.226444,0.00985735,0.00431394,0.00054503,9.22949e-05,0.000387594,0.292001,-0.0708958
10.7748,0.324188,0.225909,0.0982792,0.00431037,0.000544573,9.2215e-05,0.000387321,0.291558,-0.0709827
10.7807,0.128049,0.225376,-0.0973265,0.0043068,0.000544116,9.21353e-05,0.000387049,0.291116,-0.0710697
10.7865,0.123738,0.224844,-0.101105,0.00430324,0.000543661,9.20556e-05,0.000386778,0.290675,-0.0711568
10.7924,0.302548,0.224312,0.0782359,0.00429969,0.000543206,9.19761e-05,0.000386507,0.290235,-0.071244
10.7982,0.244197,0.223782,0.0204146,0.00429614,0.000542752,9.18968e-05,0.000386236,0.289797,-0.0713313
10.8041,0.19963,0.223253,-0.0236228,0.0042926,0.000542298,9.18175e-05,0.000385965,0.289359,-0.0714188
10.81,0.30841,0.222725,0.085685,0.00428906,0.000541846,9.17384e-05,0.000385695,0.288923,-0.0715063
10.8158,0.183255,0.222198,-0.0389434,0.00428553,0.000541394,9.16595e-05,0.000385426,0.288488,-0.071594
10.8217,0.202888,0.221672,-0.0187845,0.004282,0.000540943,9.15807e-05,0.000385156,0.288054,-0.0716817
10.8276,0.0166101,0.221147,-0.204537,0.00427848,0.000540492,9.1502e-05,0.000384888,0.287621,-0.0717696
10.8334,0.202589,0.220623,-0.0180341,0.00427497,0.000540043,9.14234e-05,0.000384619,0.28719,-0.0718576
10.8393,0.400781,0.2201,0.18068,0.00427146,0.000539594,9.1345e-05,0.000384351,0.286759,-0.0719457
10.8451,0.113046,0.219578,-0.106532,0.00426796,0.000539146,9.12667e-05,0.000384083,0.28633,-0.0720339
10.851,0.0114162,0.219058,-0.207641,0.00426447,0.000538699,9.11886e-05,0.000383816,0.285902,-0.0721222
10.8569,0.178867,0.218538,-0.0396707,0.00426098,0.000538252,9.11106e-05,0.000383549,0.285475,-0.0722106
10.8627,0.160742,0.218019,-0.057277,0.00425749,0.000537806,9.10327e-05,0.000383282,0.285048,-0.0722992
10.8686,0.302617,0.217501,0.0851162,0.00425402,0.000537361,9.09549e-05,0.000383016,0.284624,-0.0723878
10.8745,0.24782,0.216984,0.0308361,0.00425054,0.000536917,9.08773e-05,0.00038275,0.2842,-0.0724766
10.8803,0.319867,0.216468,0.103399,0.00424708,0.000536473,9.07998e-05,0.000382484,0.283777,-0.0725654
10.8862,0.151489,0.215954,-0.0644645,0.00424362,0.000536031,9.07225e-05,0.000382219,0.283355,-0.0726544
10.892,0.137883,0.21544,-0.0775565,0.00424016,0.000535589,9.06452e-05,0.000381954,0.282935,-0.0727435
10.8979,0.264871,0.214927,0.049944,0.00423671,0.000535147,9.05682e-05,0.00038169,0.282515,-0.0728327
10.9038,0.051193,0.214415,-0.163222,0.00423327,0.000534707,9.04912e-05,0.000381426,0.282097,-0.072922
10.9096,0.182871,0.213904,-0.0310334,0.00422983,0.000534267,9.04144e-05,0.000381162,0.28168,-0.0730114
10.9155,0.164381,0.213394,-0.0490136,0.0042264,0.000533828,9.03377e-05,0.000380899,0.281264,-0.0731009
10.9213,0.218088,0.212885,0.00520247,0.00422297,0.000533389,9.02611e-05,0.000380636,0.280849,-0.0731906
10.9272,0.315694,0.212377,0.103317,0.00421955,0.000532952,9.01847e-05,0.000380373,0.280434,-0.0732803
10.9331,0.295464,0.21187,0.0835937,0.00421613,0.000532515,9.01083e-05,0.000380111,0.280021,-0.0733701
10.9389,0.208907,0.211364,-0.00245671,0.00421272,0.000532078,9.00322e-05,0.000379849,0.27961,-0.0734601
10.9448,0.0688748,0.210859,-0.141984,0.00420932,0.000531643,8.99561e-05,0.000379587,0.279199,-0.0735502
10.9507,0.128516,0.210355,-0.0818388,0.00420592,0.000531208,8.98802e-05,0.000379326,0.278789,-0.0736404
10.9565,0.255103,0.209852,0.0452517,0.00420253,0.000530774,8.98044e-05,0.000379065,0.27838,-0.0737307
10.9624,0.118296,0.209349,-0.0910538,0.00419914,0.000530341,8.97287e-05,0.000378805,0.277972,-0.073821
10.9682,0.215174,0.208848,0.00632623,0.00419576,0.000529908,8.96532e-05,0.000378545,0.277566,-0.0739116
10.9741,0.234637,0.208348,0.0262894,0.00419238,0.000529476,8.95778e-05,0.000378285,0.27716,-0.0740022
10.98,0.153093,0.207848,-0.0547551,0.00418901,0.000529045,8.95025e-05,0.000378026,0.276755,-0.0740929
10.9858,0.112683,0.20735,-0.0946661,0.00418565,0.000528614,8.94273e-05,0.000377766,0.276352,-0.0741837
10.9917,0.191765,0.206852,-0.0150875,0.00418229,0.000528185,8.93523e-05,0.000377508,0.275949,-0.0742747
10.9976,0.204809,0.206355,-0.00154628,0.00417894,0.000527756,8.92774e-05,0.000377249,0.275548,-0.0743658
11.0034,0.345173,0.20586,0.139313,0.00417559,0.000527327,8.92026e-05,0.000376991,0.275147,-0.0744569
11.0093,0.0816872,0.205365,-0.123677,0.00417224,0.0005269,8.91279e-05,0.000376734,0.274748,-0.0745482
11.0151,0.165819,0.204871,-0.0390519,0.00416891,0.000526473,8.90534e-05,0.000376477,0.274349,-0.0746396
11.021,0.236338,0.204378,0.03196,0.00416557,0.000526046,8.89789e-05,0.00037622,0.273952,-0.0747311
11.0269,0.255272,0.203885,0.0513866,0.00416225,0.000525621,8.89047e-05,0.000375963,0.273555,-0.0748227
11.0327,0.102258,0.203394,-0.101137,0.00415893,0.000525196,8.88305e-05,0.000375707,0.27316,-0.0749144
11.0386,0.367752,0.202904,0.164848,0.00415561,0.000524772,8.87565e-05,0.000375451,0.272766,-0.0750062
11.0445,0.337296,0.202414,0.134881,0.0041523,0.000524348,8.86825e-05,0.000375195,0.272372,-0.0750982
11.0503,0.18823,0.201926,-0.0136957,0.00414899,0.000523925,8.86087e-05,0.00037494,0.27198,-0.0751902
11.0562,0.182783,0.201438,-0.0186547,0.00414569,0.000523503,8.85351e-05,0.000374685,0.271588,-0.0752824
11.062,0.161263,0.200951,-0.0396884,0.0041424,0.000523082,8.84615e-05,0.000374431,0.271198,-0.0753746
11.0679,0.305497,0.200465,0.105032,0.00413911,0.000522661,8.83881e-05,0.000374177,0.270808,-0.075467
11.0738,0.0989068,0.19998,-0.101074,0.00413583,0.000522241,8.83148e-05,0.000373923,0.27042,-0.0755595
11.0796,0.243773,0.199496,0.0442765,0.00413255,0.000521822,8.82416e-05,0.000373669,0.270032,-0.0756521
11.0855,0.263667,0.199013,0.0646546,0.00412928,0.000521403,8.81685e-05,0.000373416,0.269645,-0.0757448
11.0914,0.311688,0.19853,0.113158,0.00412601,0.000520985,8.80956e-05,0.000373164,0.26926,-0.0758376
11.0972,0.302908,0.198049,0.10486,0.00412275,0.000520568,8.80227e-05,0.000372911,0.268875,-0.0759305
11.1031,0.283255,0.197568,0.0856865,0.00411949,0.000520151,8.795e-05,0.000372659,0.268491,-0.0760236
11.1089,0.112938,0.197088,-0.0841502,0.00411624,0.000519735,8.78774e-05,0.000372407,0.268109,-0.0761167
11.1148,0.104649,0.196609,-0.0919601,0.00411299,0.00051932,8.7805e-05,0.000372156,0.267727,-0.07621
11.1207,0.244443,0.196131,0.0483124,0.00410975,0.000518905,8.77326e-05,0.000371905,0.267346,-0.0763033
11.1265,0.259963,0.195654,0.0643097,0.00410651,0.000518491,8.76604e-05,0.000371654,0.266966,-0.0763968
11.1324,0.168995,0.195177,-0.0261821,0.00410328,0.000518078,8.75883e-05,0.000371404,0.266587,-0.0764904
11.1383,0.150556,0.194702,-0.0441452,0.00410005,0.000517665,8.75163e-05,0.000371153,0.266209,-0.0765841
11.1441,0.269123,0.194227,0.0748959,0.00409683,0.000517253,8.74444e-05,0.000370904,0.265832,-0.0766779
11.15,0.171785,0.193753,-0.0219674,0.00409362,0.000516842,8.73727e-05,0.000370654,0.265456,-0.0767718
11.1558,0.121095,0.19328,-0.0721846,0.00409041,0.000516431,8.7301e-05,0.000370405,0.265081,-0.0768658
11.1617,0.307664,0.192807,0.114857,0.0040872,0.000516022,8.72295e-05,0.000370157,0.264707,-0.0769599
11.1676,0.364439,0.192336,0.172103,0.004084,0.000515612,8.71581e-05,0.000369908,0.264333,-0.0770542
11.1734,0.406693,0.191865,0.214828,0.0040808,0.000515204,8.70868e-05,0.00036966,0.263961,-0.0771485
11.1793,0.314347,0.191395,0.122952,0.00407761,0.000514796,8.70157e-05,0.000369412,0.263589,-0.077243
11.1851,0.210372,0.190926,0.0194463,0.00407443,0.000514388,8.69446e-05,0.000369165,0.263219,-0.0773376
11.191,0.355965,0.190458,0.165507,0.00407125,0.000513981,8.68737e-05,0.000368918,0.262849,-0.0774322
11.1969,0.180942,0.18999,-0.00904832,0.00406807,0.000513575,8.68028e-05,0.000368671,0.26248,-0.077527
11.2027,0.248846,0.189524,0.0593223,0.0040649,0.00051317,8.67321e-05,0.000368425,0.262112,-0.0776219
11.2086,0.243146,0.189058,0.0540884,0.00406174,0.000512765,8.66615e-05,0.000368179,0.261745,-0.0777169
11.2145,0.140667,0.188593,-0.0479261,0.00405858,0.000512361,8.6591e-05,0.000367933,0.261379,-0.0778121
11.2203,0.182469,0.188128,-0.00565995,0.00405542,0.000511958,8.65207e-05,0.000367687,0.261014,-0.0779073
11.2262,0.135214,0.187665,-0.0524515,0.00405227,0.000511555,8.64504e-05,0.000367442,0.26065,-0.0780026
11.232,0.251221,0.187202,0.0640191,0.00404913,0.000511153,8.63803e-05,0.000367198,0.260287,-0.0780981
11.2379,0.220988,0.18674,0.0342475,0.00404599,0.000510751,8.63103e-05,0.000366953,0.259924,-0.0781936
11.2438,0.26888,0.186279,0.0826007,0.00404285,0.00051035,8.62404e-05,0.000366709,0.259562,-0.0782893
11.2496,0.220905,0.185819,0.0350862,0.00403972,0.00050995,8.61706e-05,0.000366465,0.259202,-0.0783851
11.2555,0.247169,0.185359,0.0618097,0.0040366,0.00050955,8.61009e-05,0.000366222,0.258842,-0.078481
11.2614,0.229531,0.184901,0.0446305,0.00403348,0.000509151,8.60313e-05,0.000365979,0.258483,-0.078577
11.2672,0.0941036,0.184442,-0.0903389,0.00403036,0.000508753,8.59618e-05,0.000365736,0.258125,-0.0786731
11.2731,-0.0363625,0.183985,-0.220348,0.00402725,0.000508355,8.58925e-05,0.000365493,0.257767,-0.0787693
11.2789,0.308029,0.183529,0.124501,0.00402415,0.000507958,8.58233e-05,0.000365251,0.257411,-0.0788656
11.2848,0.257321,0.183073,0.0742476,0.00402105,0.000507562,8.57541e-05,0.000365009,0.257056,-0.078962
11.2907,0.32568,0.182618,0.143062,0.00401795,0.000507166,8.56851e-05,0.000364768,0.256701,-0.0790586
11.2965,0.253525,0.182164,0.0713609,0.00401486,0.000506771,8.56162e-05,0.000364526,0.256347,-0.0791552
11.3024,0.342626,0.18171,0.160916,0.00401177,0.000506376,8.55474e-05,0.000364286,0.255994,-0.079252
11.3083,0.283461,0.181258,0.102204,0.00400869,0.000505982,8.54787e-05,0.000364045,0.255642,-0.0793489
11.3141,0.165583,0.180806,-0.0152221,0.00400561,0.000505589,8.54102e-05,0.000363805,0.255291,-0.0794459
11.32,0.310765,0.180354,0.130411,0.00400254,0.000505196,8.53417e-05,0.000363565,0.254941,-0.079543
11.3258,0.207975,0.179904,0.028071,0.00399948,0.000504804,8.52733e-05,0.000363325,0.254591,-0.0796402
11.3317,0.270736,0.179454,0.091282,0.00399641,0.000504412,8.52051e-05,0.000363086,0.254242,-0.0797375
11.3376,0.293869,0.179005,0.114864,0.00399336,0.000504021,8.5137e-05,0.000362847,0.253894,-0.0798349
11.3434,0.212003,0.178557,0.0334465,0.0039903,0.000503631,8.50689e-05,0.000362608,0.253547,-0.0799324
11.3493,0.295411,0.178109,0.117302,0.00398726,0.000503241,8.5001e-05,0.00036237,0.253201,-0.0800301
11.3552,0.309492,0.177662,0.131829,0.00398421,0.000502852,8.49332e-05,0.000362132,0.252856,-0.0801278
11.361,0.373158,0.177216,0.195942,0.00398117,0.000502464,8.48655e-05,0.000361894,0.252511,-0.0802257
11.3669,0.157551,0.176771,-0.0192198,0.00397814,0.000502076,8.47979e-05,0.000361656,0.252168,-0.0803237
11.3727,0.18373,0.176326,0.00740412,0.00397511,0.000501689,8.47304e-05,0.000361419,0.251825,-0.0804217
11.3786,0.144769,0.175882,-0.0311127,0.00397209,0.000501302,8.4663e-05,0.000361182,0.251483,-0.0805199
11.3845,0.131923,0.175439,-0.0435158,0.00396907,0.000500916,8.45958e-05,0.000360946,0.251141,-0.0806182
11.3903,0.249855,0.174996,0.074859,0.00396605,0.00050053,8.45286e-05,0.00036071,0.250801,-0.0807167
11.3962,0.138604,0.174554,-0.03595,0.00396304,0.000500146,8.44615e-05,0.000360474,0.250461,-0.0808152
11.4021,0.177652,0.174113,0.00353919,0.00396004,0.000499761,8.43946e-05,0.000360238,0.250122,-0.0809138
11.4079,0.16476,0.173673,-0.00891235,0.00395704,0.000499378,8.43277e-05,0.000360003,0.249784,-0.0810125
11.4138,0.295937,0.173233,0.122704,0.00395404,0.000498995,8.4261e-05,0.000359768,0.249447,-0.0811114
11.4196,0.0464574,0.172794,-0.126336,0.00395105,0.000498612,8.41943e-05,0.000359533,0.249111,-0.0812104
11.4255,0.0402139,0.172355,-0.132142,0.00394806,0.00049823,8.41278e-05,0.000359299,0.248775,-0.0813094
11.4314,0.21562,0.171918,0.0437023,0.00394508,0.000497849,8.40614e-05,0.000359065,0.24844,-0.0814086
11.4372,0.0497847,0.171481,-0.121696,0.0039421,0.000497468,8.39951e-05,0.000358831,0.248106,-0.0815079
11.4431,0.227984,0.171045,0.0569399,0.00393913,0.000497088,8.39288e-05,0.000358598,0.247773,-0.0816073
11.4489,0.275788,0.170609,0.105179,0.00393616,0.000496709,8.38627e-05,0.000358364,0.247441,-0.0817068
11.4548,0.19098,0.170174,0.0208057,0.00393319,0.00049633,8.37967e-05,0.000358132,0.247109,-0.0818064
11.4607,0.0662341,0.16974,-0.103506,0.00393023,0.000495951,8.37308e-05,0.000357899,0.246778,-0.0819061
11.4665,0.131728,0.169306,-0.0375781,0.00392728,0.000495574,8.3665e-05,0.000357667,0.246448,-0.082006
11.4724,0.200072,0.168873,0.0311992,0.00392433,0.000495197,8.35993e-05,0.000357435,0.246119,-0.0821059
11.4783,0.144776,0.168441,-0.023665,0.00392138,0.00049482,8.35337e-05,0.000357203,0.24579,-0.082206
11.4841,0.292992,0.168009,0.124983,0.00391844,0.000494444,8.34682e-05,0.000356972,0.245462,-0.0823062
11.49,0.0403815,0.167578,-0.127197,0.0039155,0.000494068,8.34028e-05,0.000356741,0.245135,-0.0824064
11.4958,0.216127,0.167148,0.0489785,0.00391257,0.000493694,8.33375e-05,0.00035651,0.244809,-0.0825068
11.5017,0.173209,0.166719,0.00649036,0.00390964,0.000493319,8.32723e-05,0.00035628,0.244483,-0.0826073
11.5076,0.0710684,0.16629,-0.0952212,0.00390672,0.000492946,8.32072e-05,0.000356049,0.244159,-0.0827079
11.5134,0.233494,0.165861,0.0676327,0.0039038,0.000492572,8.31422e-05,0.00035582,0.243835,-0.0828086
11.5193,0.254129,0.165434,0.088695,0.00390088,0.0004922,8.30774e-05,0.00035559,0.243511,-0.0829095
11.5252,-0.000193302,0.165007,-0.1652,0.00389797,0.000491828,8.30126e-05,0.000355361,0.243189,-0.0830104
11.531,0.116603,0.16458,-0.0479775,0.00389507,0.000491456,8.29479e-05,0.000355132,0.242867,-0.0831114
11.5369,0.101784,0.164155,-0.062371,0.00389217,0.000491085,8.28833e-05,0.000354903,0.242546,-0.0832126
11.5427,0.0984987,0.16373,-0.0652308,0.00388927,0.000490715,8.28188e-05,0.000354675,0.242226,-0.0833139
11.5486,0.00529646,0.163305,-0.158009,0.00388638,0.000490345,8.27544e-05,0.000354447,0.241906,-0.0834152
11.5545,0.00516817,0.162881,-0.157713,0.00388349,0.000489976,8.26902e-05,0.000354219,0.241588,-0.0835167
11.5603,0.104401,0.162458,-0.0580577,0.0038806,0.000489608,8.2626e-05,0.000353991,0.24127,-0.0836183
11.5662,0.181957,0.162036,0.0199208,0.00387772,0.00048924,8.25619e-05,0.000353764,0.240952,-0.08372
11.5721,0.21598,0.161614,0.0543657,0.00387485,0.000488872,8.24979e-05,0.000353537,0.240636,-0.0838218
11.5779,0.0337331,0.161193,-0.127459,0.00387198,0.000488505,8.2434e-05,0.000353311,0.24032,-0.0839238
11.5838,0.0976431,0.160772,-0.0631289,0.00386911,0.000488139,8.23702e-05,0.000353084,0.240005,-0.0840258
11.5896,0.232512,0.160352,0.0721603,0.00386625,0.000487773,8.23066e-05,0.000352858,0.239691,-0.0841279
11.5955,0.332208,0.159933,0.172275,0.00386339,0.000487408,8.2243e-05,0.000352633,0.239377,-0.0842302
11.6014,0.217671,0.159514,0.058157,0.00386053,0.000487043,8.21795e-05,0.000352407,0.239064,-0.0843325
11.6072,0.29278,0.159096,0.133684,0.00385769,0.000486679,8.21161e-05,0.000352182,0.238752,-0.084435
11.6131,0.397986,0.158678,0.239308,0.00385484,0.000486315,8.20528e-05,0.000351957,0.23844,-0.0845376
11.619,0.373118,0.158261,0.214857,0.003852,0.000485952,8.19896e-05,0.000351732,0.23813,-0.0846403
11.6248,0.299211,0.157845,0.141367,0.00384916,0.000485589,8.19265e-05,0.000351508,0.23782,-0.0847431
11.6307,0.0617571,0.157429,-0.095672,0.00384633,0.000485227,8.18635e-05,0.000351284,0.23751,-0.084846
11.6365,-0.0463494,0.157014,-0.203363,0.0038435,0.000484866,8.18006e-05,0.00035106,0.237202,-0.084949
11.6424,0.143443,0.156599,-0.0131563,0.00384068,0.000484505,8.17378e-05,0.000350837,0.236894,-0.0850522
11.6483,0.136733,0.156186,-0.0194521,0.00383786,0.000484145,8.1675e-05,0.000350614,0.236587,-0.0851554
11.6541,0.143684,0.155772,-0.0120882,0.00383504,0.000483785,8.16124e-05,0.000350391,0.23628,-0.0852587
11.66,0.065135,0.155359,-0.0902245,0.00383223,0.000483426,8.15499e-05,0.000350168,0.235974,-0.0853622
11.6659,0.098995,0.154947,-0.0559523,0.00382942,0.000483067,8.14875e-05,0.000349946,0.235669,-0.0854658
11.6717,0.0980455,0.154536,-0.0564903,0.00382662,0.000482709,8.14251e-05,0.000349724,0.235365,-0.0855694
11.6776,0.248793,0.154125,0.094668,0.00382382,0.000482351,8.13629e-05,0.000349502,0.235061,-0.0856732
11.6834,0.245811,0.153714,0.0920961,0.00382103,0.000481994,8.13008e-05,0.00034928,0.234758,-0.0857771
11.6893,0.257599,0.153305,0.104294,0.00381823,0.000481637,8.12387e-05,0.000349059,0.234456,-0.0858811
11.6952,0.23434,0.152895,0.0814446,0.00381545,0.000481281,8.11767e-05,0.000348838,0.234154,-0.0859853
11.701,0.175368,0.152487,0.0228815,0.00381267,0.000480926,8.11149e-05,0.000348618,0.233853,-0.0860895
11.7069,0.0850495,0.152079,-0.0670294,0.00380989,0.000480571,8.10531e-05,0.000348397,0.233553,-0.0861938
11.7128,0.139092,0.151671,-0.012579,0.00380711,0.000480216,8.09914e-05,0.000348177,0.233253,-0.0862983
11.7186,0.131556,0.151264,-0.0197081,0.00380434,0.000479862,8.09299e-05,0.000347957,0.232954,-0.0864028
11.7245,0.175273,0.150858,0.0244148,0.00380158,0.000479509,8.08684e-05,0.000347738,0.232656,-0.0865075
11.7303,0.129849,0.150452,-0.0206037,0.00379882,0.000479156,8.0807e-05,0.000347519,0.232358,-0.0866123
11.7362,0.228351,0.150047,0.0783038,0.00379606,0.000478804,8.07457e-05,0.0003473,0.232061,-0.0867172
11.7421,-0.0162814,0.149643,-0.165924,0.0037933,0.000478452,8.06845e-05,0.000347081,0.231765,-0.0868222
11.7479,0.156424,0.149238,0.00718515,0.00379055,0.000478101,8.06234e-05,0.000346862,0.23147,-0.0869273
11.7538,0.219713,0.148835,0.0708777,0.00378781,0.00047775,8.05624e-05,0.000346644,0.231175,-0.0870325
11.7596,0.121074,0.148432,-0.0273577,0.00378507,0.0004774,8.05014e-05,0.000346426,0.23088,-0.0871378
11.7655,0.13165,0.14803,-0.0163799,0.00378233,0.00047705,8.04406e-05,0.000346209,0.230587,-0.0872432
11.7714,0.16369,0.147628,0.0160627,0.0037796,0.000476701,8.03798e-05,0.000345991,0.230294,-0.0873488
11.7772,0.181021,0.147226,0.0337945,0.00377687,0.000476352,8.03192e-05,0.000345774,0.230002,-0.0874544
11.7831,0.228785,0.146826,0.0819593,0.00377414,0.000476004,8.02586e-05,0.000345557,0.22971,-0.0875602
11.789,0.336137,0.146426,0.189712,0.00377142,0.000475656,8.01982e-05,0.000345341,0.229419,-0.0876661
11.7948,0.0147081,0.146026,-0.131318,0.0037687,0.000475309,8.01378e-05,0.000345125,0.229129,-0.0877721
11.8007,0.089436,0.145627,-0.0561908,0.00376599,0.000474962,8.00775e-05,0.000344909,0.228839,-0.0878782
11.8065,-0.102586,0.145228,-0.247814,0.00376328,0.000474616,8.00173e-05,0.000344693,0.22855,-0.0879844
11.8124,0.0827126,0.14483,-0.0621176,0.00376057,0.00047427,7.99572e-05,0.000344478,0.228262,-0.0880907
11.8183,-0.0256282,0.144433,-0.170061,0.00375787,0.000473925,7.98972e-05,0.000344262,0.227974,-0.0881971
11.8241,0.111011,0.144036,-0.0330251,0.00375517,0.00047358,7.98372e-05,0.000344047,0.227687,-0.0883036
11.83,-0.0185855,0.143639,-0.162225,0.00375248,0.000473236,7.97774e-05,0.000343833,0.2274,-0.0884103
11.8359,0.100991,0.143243,-0.0422529,0.00374979,0.000472893,7.97176e-05,0.000343618,0.227114,-0.088517
11.8417,0.154277,0.142848,0.0114284,0.0037471,0.00047255,7.9658e-05,0.000343404,0.226829,-0.0886239
11.8476,0.193783,0.142453,0.0513296,0.00374442,0.000472207,7.95984e-05,0.00034319,0.226545,-0.0887308
11.8534,0.261816,0.142059,0.119757,0.00374174,0.000471865,7.95389e-05,0.000342977,0.226261,-0.0888379
11.8593,0.143939,0.141665,0.00227347,0.00373907,0.000471523,7.94795e-05,0.000342764,0.225977,-0.0889451
11.8652,0.184373,0.141272,0.0431014,0.0037364,0.000471182,7.94202e-05,0.000342551,0.225695,-0.0890524
11.871,0.127437,0.140879,-0.0134422,0.00373373,0.000470842,7.9361e-05,0.000342338,0.225413,-0.0891598
11.8769,0.184709,0.140487,0.0442225,0.00373107,0.000470501,7.93019e-05,0.000342125,0.225131,-0.0892674
11.8828,0.10166,0.140095,-0.038435,0.00372841,0.000470162,7.92428e-05,0.000341913,0.224851,-0.089375
11.8886,0.303748,0.139704,0.164044,0.00372576,0.000469823,7.91839e-05,0.000341701,0.22457,-0.0894827
11.8945,0.315239,0.139313,0.175926,0.00372311,0.000469484,7.9125e-05,0.000341489,0.224291,-0.0895906
11.9003,0.0792425,0.138923,-0.0596807,0.00372046,0.000469146,7.90662e-05,0.000341278,0.224012,-0.0896985
11.9062,-0.00846742,0.138534,-0.147001,0.00371781,0.000468808,7.90075e-05,0.000341067,0.223733,-0.0898066
11.9121,0.0714592,0.138144,-0.0666852,0.00371518,0.000468471,7.89489e-05,0.000340856,0.223456,-0.0899148
11.9179,0.123584,0.137756,-0.0141717,0.00371254,0.000468134,7.88904e-05,0.000340645,0.223179,-0.0900231
11.9238,0.0681961,0.137368,-0.0691715,0.00370991,0.000467798,7.8832e-05,0.000340435,0.222902,-0.0901315
11.9297,0.272077,0.13698,0.135097,0.00370728,0.000467463,7.87736e-05,0.000340224,0.222626,-0.09024
11.9355,0.238108,0.136593,0.101515,0.00370465,0.000467127,7.87154e-05,0.000340014,0.222351,-0.0903486
11.9414,0.264999,0.136206,0.128793,0.00370203,0.000466793,7.86572e-05,0.000339805,0.222076,-0.0904573
11.9472,0.161485,0.13582,0.0256648,0.00369942,0.000466458,7.85991e-05,0.000339595,0.221802,-0.0905662
11.9531,0.142009,0.135434,0.00657452,0.0036968,0.000466125,7.85411e-05,0.000339386,0.221528,-0.0906751
11.959,0.0565272,0.135049,-0.0785219,0.00369419,0.000465791,7.84832e-05,0.000339177,0.221256,-0.0907842
11.9648,0.126326,0.134664,-0.00833875,0.00369159,0.000465459,7.84254e-05,0.000338969,0.220983,-0.0908933
11.9707,0.248961,0.13428,0.11468,0.00368899,0.000465126,7.83676e-05,0.00033876,0.220712,-0.0910026
11.9766,0.222198,0.133896,0.0883018,0.00368639,0.000464794,7.831e-05,0.000338552,0.22044,-0.091112
11.9824,0.144768,0.133513,0.0112545,0.00368379,0.000464463,7.82524e-05,0.000338344,0.22017,-0.0912215
11.9883,0.239053,0.13313,0.105922,0.0036812,0.000464132,7.81949e-05,0.000338137,0.2199,-0.0913311
11.9941,0.192635,0.132748,0.0598863,0.00367862,0.000463802,7.81375e-05,0.000337929,0.219631,-0.0914408
12,0.173154,0.132366,0.040788,0.00367603,0.000463472,7.80802e-05,0.000337722,0.219362,-0.0915506
